path,directory_platform,platform,size,mtime,sha256,channel_count
E:\压裂窜扰项目\02 规范化\不重要的\泸206H10\泸206H10 邻井压力监测\新建文件夹_4井_4井第11段压裂期间-2.、3井压力.xlsx,泸206H10,泸206H10,246134,1743650693419605100,db8dbfb9b29da26651da8a24532be34ddfcf18fd65e106d5a097b32dfb2d5ad2,2
E:\压裂窜扰项目\02 规范化\不重要的\泸206H10\泸206H10 邻井压力监测\新建文件夹_4井_4井第7段压裂期间-3井压力.xlsx,泸206H10,泸206H10,185359,1743317018463014500,59ab5a7ec99bfa46e0cb13b897b02aefb639e85866c1b247f023f9644c59f9fc,1
E:\压裂窜扰项目\02 规范化\不重要的\泸206H10\泸206H10 邻井压力监测\新建文件夹_4井_4井第9段压裂期间-3井压力.xlsx,泸206H10,泸206H10,183392,1743494139864531700,baa31e2e49ebd1ee6a866d948b57bdf5ba08da016d0a5411134086e4672adbad,1
E:\压裂窜扰项目\02 规范化\不重要的\泸206H10\泸206H10 邻井压力监测\泸206H10-2-10段压裂施工-3、5井压力监测.xlsx,泸206H10,泸206H10,203975,1743494350902264000,c99c71e1900b9015b0c6c6cfa1b8bcb8806586ff62b7581ce61727c8d5a94cc9,2
E:\压裂窜扰项目\02 规范化\不重要的\泸206H10\泸206H10 邻井压力监测\泸206H10-2-15段压裂施工-1、3、4、5井压力监测.xlsx,泸206H10,泸206H10,113947,1744603296177923500,d3c38cf9de6b9ec19fb30f27eccc6533620fb55958fb96b294a925a7abe9a3c5,4
E:\压裂窜扰项目\02 规范化\不重要的\泸206H10\泸206H10 邻井压力监测\泸206H10-2-7段压裂施工-3、4井压力监测.xlsx,泸206H10,泸206H10,204143,1743238466119098300,4e7ee217e8e752c074dbdb6df9132d0641e4cc65d8ff4514c629950b6346a928,2
E:\压裂窜扰项目\02 规范化\不重要的\泸206H10\泸206H10 邻井压力监测\泸206H10-2-8段压裂施工-3、4井压力监测.xlsx,泸206H10,泸206H10,178726,1743302379834646600,55cf3f6801c5d5750b7b4f9ae7ddf998a69cf78b90c1304706a84a9efe170d9c,2
E:\压裂窜扰项目\02 规范化\不重要的\泸206H10\泸206H10 邻井压力监测\泸206H10-3-10段压裂施工-1、2、4、5井压力监测.xlsx,泸206H10,泸206H10,312961,1744283691241556900,34b1ecea768fd4e4f9d2ec6dbb69584f943c74c5913457570809eabb5ff80efc,3
E:\压裂窜扰项目\02 规范化\不重要的\泸206H10\泸206H10 邻井压力监测\泸206H10-3-11段压裂施工-1、2、4、5井压力监测.xlsx,泸206H10,泸206H10,473170,1744283690843215400,51691bdc04cdf86e4bbf57d1e9b501076b390563839e5237305d32546faf7b5e,3
E:\压裂窜扰项目\02 规范化\不重要的\泸206H10\泸206H10 邻井压力监测\泸206H10-3-12段压裂施工-1、2、4、5井压力监测.xlsx,泸206H10,泸206H10,288274,1744603313520966100,01ae7cda5b57f84e7da967f33aef6f3cb396e5981f7a8432858f07183256f301,4
E:\压裂窜扰项目\02 规范化\不重要的\泸206H10\泸206H10 邻井压力监测\泸206H10-3-2段压裂施工-2、4井压力监测.xlsx,泸206H10,泸206H10,1035432,1742463212609393500,f6cfcc4178e9a4516d100082cb4508aad18f5a74b777c9773ddbd5503d122fd8,2
E:\压裂窜扰项目\02 规范化\不重要的\泸206H10\泸206H10 邻井压力监测\泸206H10-3-3段压裂施工-2、4井压力监测.xlsx,泸206H10,泸206H10,829723,1742628932065112500,2e586f00b290b927d8f6eba63fbcea96d2d47ccd248e2cb2afd0b5bc7ba5845d,2
E:\压裂窜扰项目\02 规范化\不重要的\泸206H10\泸206H10 邻井压力监测\泸206H10-3-4段压裂施工-2、4井压力监测.xlsx,泸206H10,泸206H10,192905,1742793250074474800,17482763f347a5170c353b230ce20ef7ab51ab767dcede27cce3b5e5710af0fe,2
E:\压裂窜扰项目\02 规范化\不重要的\泸206H10\泸206H10 邻井压力监测\泸206H10-3-5段压裂施工-2、4井压力监测.xlsx,泸206H10,泸206H10,184347,1742876710614574500,ae402dfb642c0a8b847d08dd8238c355e6328e2640332653ca67bd9597492971,2
E:\压裂窜扰项目\02 规范化\不重要的\泸206H10\泸206H10 邻井压力监测\泸206H10-3-7段压裂施工-1、2、4、5井压力监测.xlsx,泸206H10,泸206H10,364822,1744175771851152100,8b34b4d3792282fba4d691bc631458fcaf9167ae34bc879c5436384d36bbbb14,4
E:\压裂窜扰项目\02 规范化\不重要的\泸206H10\泸206H10 邻井压力监测\泸206H10-3-9段压裂施工-1、2、4、5井压力监测.xlsx,泸206H10,泸206H10,400240,1744175759228898900,b3fd759193d73669e1eac3b491193130f83962172dc7e1534070d0804f9e0db2,4
E:\压裂窜扰项目\02 规范化\不重要的\泸206H10\泸206H10 邻井压力监测\泸206H10-4-10段压裂施工-2、3井压力监测.xlsx,泸206H10,泸206H10,221479,1743564711953956400,7dfb489f37179e61515774c3c627ee904d609a364abcff99ccbb854df7fbb224,2
E:\压裂窜扰项目\02 规范化\不重要的\泸206H10\泸206H10 邻井压力监测\泸206H10-4-14段压裂施工-1、2、3、5井压力监测.xlsx,泸206H10,泸206H10,307781,1744603301843632500,c012f588d4150cdadfb79d7ee6acb74a28177bf863be8b073ac00611b8ce3f53,4
E:\压裂窜扰项目\02 规范化\不重要的\泸206H10\泸206H10 邻井压力监测\泸206H10-4-8段压裂施工-2、3井压力监测.xlsx,泸206H10,泸206H10,248489,1743399798509020300,69922df8365797fbadd21d2015a352308b87415df7f720445708490f7bbc8cb5,2
E:\压裂窜扰项目\02 规范化\不重要的\自205H1\自205H1 邻井压力监测\自205H1平台5-8井监测数据-2.xlsx,自205H1,自205H15,36461,1745370036000000000,7de2eea906a7534bf371c15e7a31ff33225124d9a304bd47ffd7daee4dac6bbb,0
E:\压裂窜扰项目\02 规范化\不重要的\自205H1\自205H1 邻井压力监测\自205H1平台5-8井监测数据.xlsx,自205H1,自205H15,36462,1745291632000000000,9da4d3c118fa2f75a4acd33d59bceb42fa09ce7bf36cc753b5464a8d4484e4d0,0
E:\压裂窜扰项目\02 规范化\不重要的\阳101H2\补充来源_常规汇总\2_邻井压力监测\阳101H26平台各井压裂分数据   叠合图.12.14.xlsx,阳101H2,阳101H26,79272,1765692370000000000,6a343496931ebe225172da745fb7097b2595b46a5740414e079b7c7a0a9761b2,3
E:\压裂窜扰项目\02 规范化\不重要的\阳101H2\补充来源_常规汇总\2_邻井压力监测\阳101H26平台各井压裂分数据.   叠合图12.13(2).xlsx,阳101H2,阳101H26,74588,1765628706000000000,5e964f1da6ad786d1f1d7a9a42d6cc46806b64922f1540d080d8a326064e23c1,4
E:\压裂窜扰项目\02 规范化\不重要的\阳101H2\补充来源_常规汇总\2_邻井压力监测\阳101H26平台各井压裂分数据.12.12(1).xlsx,阳101H2,阳101H26,55459,1765539203000000000,723c7dae7e932b5ca068c90a6b336b3856a89b65859ccfcafa37df9236ed00a5,4
E:\压裂窜扰项目\02 规范化\不重要的\阳101H2\补充来源_常规汇总\2_邻井压力监测\阳101H26平台各井压裂分数据.12.12.xlsx,阳101H2,阳101H26,51881,1765525445000000000,dd35d402a473d30e50e5e8a14e4f787c5347ed5118e2ad02da25644f1cf5fe7a,4
E:\压裂窜扰项目\02 规范化\不重要的\阳101H2\补充来源_常规汇总\2_邻井压力监测\阳101H26平台各井压裂分数据.12.13(1).xlsx,阳101H2,阳101H26,52104,1765602532000000000,bfd603829fc2f958c179cf3ee0401d24850e4b777489dba56e173b7e5b4c40a2,4
E:\压裂窜扰项目\02 规范化\不重要的\阳101H2\补充来源_常规汇总\2_邻井压力监测\阳101H26平台各井压裂分数据.12.13(2).xlsx,阳101H2,阳101H26,54457,1765624078000000000,8db9d699b6e65b483c16bf3790681adf1660d12c311edacb4e0ddcdd62c60408,4
E:\压裂窜扰项目\02 规范化\不重要的\阳101H2\补充来源_常规汇总\2_邻井压力监测\阳101H26平台各井压裂分数据.12.14(1).xlsx,阳101H2,阳101H26,54355,1765693067000000000,3b2d9552a70b43a7fccf3c538838caf24318064ee07c6a3090502b06acb0e445,4
E:\压裂窜扰项目\02 规范化\不重要的\阳101H2\补充来源_常规汇总\2_邻井压力监测\阳101H26平台各井压裂分数据.12.16(1).xlsx,阳101H2,阳101H26,53377,1765870712000000000,9425e17a7445c7e30ba020b8d1fc5812077bd73f851936f14c670eb0a9370484,4
E:\压裂窜扰项目\02 规范化\不重要的\阳101H2\补充来源_常规汇总\2_邻井压力监测\阳101H26平台各井压裂分数据.12.17.xlsx,阳101H2,阳101H26,50578,1765940916000000000,de58c5e56ccb5dc0063c23355257a6c7f465eac256bdc3f4f8eaaa408af1e146,4
E:\压裂窜扰项目\02 规范化\不重要的\阳101H2\补充来源_常规汇总\2_邻井压力监测\阳101H26平台各井压裂分数据.12.19(1).xlsx,阳101H2,阳101H26,49747,1766207774000000000,a023b0b81ae00732cee5a48d97a6b7ce15929f1b88141dffb0c4c1a3d30da1e9,4
E:\压裂窜扰项目\02 规范化\不重要的\阳101H2\补充来源_常规汇总\2_邻井压力监测\阳101H26平台各井压裂分数据.12.26(1).xlsx,阳101H2,阳101H26,52733,1766751650000000000,826bd6bf82514dcaa20a36d9b1b915e83297be0976fb2d22ad4dece04cc33645,4
E:\压裂窜扰项目\02 规范化\不重要的\阳101H2\补充来源_常规汇总\2_邻井压力监测\阳101H26平台各井压裂分数据.12.27.xlsx,阳101H2,阳101H26,57288,1766811202000000000,5357644c2109053ab94caf005e6735abf7f56bcd8f350fb95dbb46570b99c192,4
E:\压裂窜扰项目\02 规范化\不重要的\阳101H2\补充来源_常规汇总\2_邻井压力监测\阳101H26平台各井压裂分数据.12.29.xlsx,阳101H2,阳101H26,52429,1766981591000000000,09adb2632ca316b2c895ff56b6b1d62acd6747d0b1d3be289e1d7880e27719de,4
E:\压裂窜扰项目\02 规范化\不重要的\阳101H2\补充来源_常规汇总\2_邻井压力监测\阳101H26平台各井压裂分数据.12.29__B1DD799A.xlsx,阳101H2,阳101H26,47902,1783994929565364500,b1dd799a1828a5b447abe4fae4563dfb0e000e741a0d69513ffd4025c1b5680d,4
E:\压裂窜扰项目\02 规范化\不重要的\阳101H2\阳101H2 邻井压力监测\4井3段 施工邻井压力叠合图  (1).xlsx,阳101H2,阳101H2,27850,1763704368000000000,f7fe5c590fb6288519977719dbfdcb9868177909aef162192aa20473136168c8,12
E:\压裂窜扰项目\02 规范化\不重要的\阳101H2\阳101H2 邻井压力监测\4井8：00到13：40套压数据.xls,阳101H2,阳101H2,9930,1783994933137409400,47796b0aa732644bc326900e031ee6e472ae231a4b4376eac463dbb0bfabfcd7,1
E:\压裂窜扰项目\02 规范化\不重要的\阳101H2\阳101H2 邻井压力监测\4井第5段（6井套压秒点数据）.xls,阳101H2,阳101H2,241659,1763899112000000000,57cdc86912e5ced94265a79676967c482c2eb2b178dd99ea5a318240713b1764,1
E:\压裂窜扰项目\02 规范化\不重要的\阳101H2\阳101H2 邻井压力监测\5井套压分点数据11.6.xls,阳101H2,阳101H2,13287,1783994933819298500,64295872349d0cb64c787cf1a9c2eaae82837bca4228d1351a9c404f290dc8f3,1
E:\压裂窜扰项目\02 规范化\不重要的\阳101H2\阳101H2 邻井压力监测\5井套压秒点.xlsx,阳101H2,阳101H2,1068226,1783994933823924300,82535c5b6a4b228aa4e8e9150f9e77110e164969fe8db6626af09603ca383271,1
E:\压裂窜扰项目\02 规范化\不重要的\阳101H2\阳101H2 邻井压力监测\压裂质量数量监控表1.2 2井19段   叠合图  ..xlsx,阳101H2,阳101H2,35367,1767343644000000000,b62d9e85acc509f7f7a73fb0c689bf8432a4d5b240113db7811363bd95bb81e8,2
E:\压裂窜扰项目\02 规范化\不重要的\阳101H2\阳101H2 邻井压力监测\压裂质量数量监控表1.4 2井21段 ..xlsx,阳101H2,阳101H2,26977,1767512616000000000,d012fd5a2669800c701e21a504ec2cb5eb890867d4cc32438c1acda09c49be71,2
E:\压裂窜扰项目\02 规范化\不重要的\阳101H2\阳101H2 邻井压力监测\压裂质量数量监控表1.5 2井22段 ..xlsx,阳101H2,阳101H2,27659,1767600784000000000,0ed74aa3ce22f2861965bf42a36d313c91b263d40541cac0df71c57722529117,2
E:\压裂窜扰项目\02 规范化\不重要的\阳101H2\阳101H2 邻井压力监测\压裂质量数量监控表12.10 2井1段.xlsx,阳101H2,阳101H2,29091,1765359664000000000,d8b33c212c988bcb3bf5a48b82790984c73fe017e8e7e41e52d5962dea219efb,2
E:\压裂窜扰项目\02 规范化\不重要的\阳101H2\阳101H2 邻井压力监测\压裂质量数量监控表12.10 4井17段.xlsx,阳101H2,阳101H2,29360,1765342253000000000,e6591bbff169f2374ad3085fbf6cdc1df702e2d167326363874a1758c6fc3b44,2
E:\压裂窜扰项目\02 规范化\不重要的\阳101H2\阳101H2 邻井压力监测\压裂质量数量监控表12.11    邻井叠合图 2井2段.xlsx,阳101H2,阳101H2,44382,1765453804000000000,9185230f036faa648624639bc1d6572ab74e8153eec55c13e726d28c8cf45bfd,2
E:\压裂窜扰项目\02 规范化\不重要的\阳101H2\阳101H2 邻井压力监测\压裂质量数量监控表12.11 4井18段.xlsx,阳101H2,阳101H2,29297,1765428710000000000,fb7f3604e274b5a9dd321e793da1a08111a475fdeaa9ac1b7a45cd358041da30,2
E:\压裂窜扰项目\02 规范化\不重要的\阳101H2\阳101H2 邻井压力监测\压裂质量数量监控表12.12 2井3段.xlsx,阳101H2,阳101H2,29335,1765536202000000000,63125d8a8f27fd480eb8a44ad53ec2e2aeafdeb13ba3145b4bef8e36c23a7329,2
E:\压裂窜扰项目\02 规范化\不重要的\阳101H2\阳101H2 邻井压力监测\压裂质量数量监控表12.13 4井20段.xlsx,阳101H2,阳101H2,29322,1765601097000000000,a74eba553e2f94f37d54485b51bab410033aaba726f29de8a9bdbe7c38f3bd37,2
E:\压裂窜扰项目\02 规范化\不重要的\阳101H2\阳101H2 邻井压力监测\压裂质量数量监控表12.22 2井9段.xlsx,阳101H2,阳101H2,26944,1766375373000000000,6f2de0995243a117d748d54ac89ea769de3b2d87482b10f5a0520f22e2847499,2
E:\压裂窜扰项目\02 规范化\不重要的\阳101H2\阳101H2 邻井压力监测\压裂质量数量监控表12.26 2井12段.xlsx,阳101H2,阳101H2,26906,1766751650000000000,036ecb61cd1e2a8f7cd211f791987febd2f30c0d59024fa671fd498d2739fbfd,2
E:\压裂窜扰项目\02 规范化\不重要的\阳101H2\阳101H2 邻井压力监测\压裂质量数量监控表12.27 2井13段.xlsx,阳101H2,阳101H2,27024,1766810951000000000,0b86bb2fc94bc5f37243635cfe7ceb28b8e372b15fb27d5922df70ddb2247c03,2
E:\压裂窜扰项目\02 规范化\不重要的\阳101H2\阳101H2 邻井压力监测\压裂质量数量监控表12.28 2井15段.xlsx,阳101H2,阳101H2,26940,1766981592000000000,b6a570ec795ff8a41ca974af93764b737642f52562d93985fc04a88f05d67a8e,2
E:\压裂窜扰项目\02 规范化\不重要的\阳101H2\阳101H2 邻井压力监测\压裂质量数量监控表12.30 2井16段.xlsx,阳101H2,阳101H2,26925,1767069784000000000,4d58bee523aac4e118414c0badc07129f03c6f83e01570074fa43b311ef8f284,2
E:\压裂窜扰项目\02 规范化\不重要的\阳101H2\阳101H2 邻井压力监测\压裂质量数量监控表12.30 5井23段.xlsx,阳101H2,阳101H2,26736,1783994929563817600,6b612f669f8b7d2cef446ab3b4bdc963ffc2eb4c32407378d53ff410e60f4a48,2
E:\压裂窜扰项目\02 规范化\不重要的\阳101H2\阳101H2 邻井压力监测\压裂质量数量监控表12.6 6井19段.xlsx,阳101H2,阳101H2,29494,1783994933817772800,025ca5f89ee8e0632605606311cfefc9edd8ad9c096cd74eb72daf52a1915c7a,2
E:\压裂窜扰项目\02 规范化\不重要的\阳101H2\阳101H2 邻井压力监测\压裂质量数量监控表12.6 6井19段叠合图.xlsx,阳101H2,阳101H2,37523,1783994933251137000,e140287bbfef34ebede170b5327c5f6ed11d7724613bc5e6253ebf6a4bae9792,2
E:\压裂窜扰项目\02 规范化\不重要的\阳101H2\阳101H2 邻井压力监测\压裂质量数量监控表12.7 4井15段.xlsx,阳101H2,阳101H2,29089,1765108128000000000,1b1c71c6f2ec7ce76e789ccc844101833ae1ea8ec64b06b4ac8d2e418a2bbdc8,2
E:\压裂窜扰项目\02 规范化\不重要的\阳101H2\阳101H2 邻井压力监测\压裂质量数量监控表12.8 4井16段.xlsx,阳101H2,阳101H2,29144,1765191456000000000,f35e7dab1a2073225c65f803dc4875856995348cd4b7a76d3dfabfa63feca4fc,2
E:\压裂窜扰项目\02 规范化\不重要的\阳101H2\阳101H2 邻井压力监测\压裂质量数量监控表12.9 6井21段.xlsx,阳101H2,阳101H2,29612,1783994933829762600,8b1ba960efb85b764e50352e773bda1c87318e11e2ecfb324416b206d7230325,2
E:\压裂窜扰项目\02 规范化\不重要的\阳101H2\阳101H2 邻井压力监测\阳10132-6井第4段     H2平台邻井井涨压施工叠合图20251112.xlsx,阳101H2,阳101H2,543904,1783994935623156600,0a8c9ff247666219a5d2eff17c2d0b65d73cabdf4c1348fc35fa45c43fde9f35,6
E:\压裂窜扰项目\02 规范化\不重要的\阳101H2\阳101H2 邻井压力监测\阳101H2-1、2、3、4、5、6井油压、环空压力监测6井第8段施工   20251119.xlsx,阳101H2,阳101H2,21765,1763526631000000000,0253b33e45ec7e97b522e4fa610f383a474e7d4a61fc3defefe29eb169ec4a42,6
E:\压裂窜扰项目\02 规范化\不重要的\阳101H2\阳101H2 邻井压力监测\阳101H2-2-11段压裂施工-3、4、6井分点压力监测.xlsx,阳101H2,阳101H2,34086,1766639233000000000,214093472e19f1f52de093059ec497af93c1ededa4dba4a051c53da115355cf1,3
E:\压裂窜扰项目\02 规范化\不重要的\阳101H2\阳101H2 邻井压力监测\阳101H2-2-11段压裂施工-4、6井分点压力监测.xls,阳101H2,阳101H2,15924,1766633773000000000,01f78858afe2b2aefd25bbb60cafdedd1292f835fbac44936ba1db2a738b078c,2
E:\压裂窜扰项目\02 规范化\不重要的\阳101H2\阳101H2 邻井压力监测\阳101H2-2-11段压裂施工-4、6井秒点压力监测.xls,阳101H2,阳101H2,344815,1766633774000000000,27ab97118d23ad4b4d2342c45c6b87dde353ec2a5a7cee0bf50585a89c1ccf71,2
E:\压裂窜扰项目\02 规范化\不重要的\阳101H2\阳101H2 邻井压力监测\阳101H2-2-12段压裂施工-3、4、6井分点压力监测.xlsx,阳101H2,阳101H2,37133,1766755366000000000,0a410e82688fbb1351401900e49fd20250a320912752c6d0dfada35ae857dcd9,3
E:\压裂窜扰项目\02 规范化\不重要的\阳101H2\阳101H2 邻井压力监测\阳101H2-2-12段压裂施工-4、6井分点压力监测.xls,阳101H2,阳101H2,17068,1766751650000000000,71c97d31b35230abc1a38a24c120478b98567dd8d9cdc39317f02c54a63200f3,2
E:\压裂窜扰项目\02 规范化\不重要的\阳101H2\阳101H2 邻井压力监测\阳101H2-2-12段压裂施工-4、6井秒点压力监测.xls,阳101H2,阳101H2,404304,1766751651000000000,aeb1931f8c9b0c6a6442891a51edb956f4b58d0cb756c35165257ff056d524de,2
E:\压裂窜扰项目\02 规范化\不重要的\阳101H2\阳101H2 邻井压力监测\阳101H2-2-13段压裂施工-4、6井分点压力监测.xls,阳101H2,阳101H2,17868,1766811224000000000,7564a79f84ce51992537b2761e27f32f0c5e6ddaaa2349bfa57c587412604566,2
E:\压裂窜扰项目\02 规范化\不重要的\阳101H2\阳101H2 邻井压力监测\阳101H2-2-13段压裂施工-4、6井秒点压力监测.xls,阳101H2,阳101H2,454585,1766811226000000000,aa8f6769b6d2201af453a8b404d7d8c1c9ae4f2d79f122ee000b5c8678f5a9e2,2
E:\压裂窜扰项目\02 规范化\不重要的\阳101H2\阳101H2 邻井压力监测\阳101H2-2-15段压裂施工-4、6井分点压力监测.xls,阳101H2,阳101H2,16551,1766981590000000000,de609c958a91f066325692b13312d769550b49b98ef496ddf255c21c53ca7463,2
E:\压裂窜扰项目\02 规范化\不重要的\阳101H2\阳101H2 邻井压力监测\阳101H2-2-15段压裂施工-4、6井秒点压力监测.xls,阳101H2,阳101H2,381050,1766981590000000000,83edbf004b8f5e2e1104d9af0e9518e93aa0f41c88507f496d7ec87e9ee701c7,2
E:\压裂窜扰项目\02 规范化\不重要的\阳101H2\阳101H2 邻井压力监测\阳101H2-2-16段压裂施工-4、6井分点压力监测.xls,阳101H2,阳101H2,17051,1767070181000000000,5387dd94075d4784b2a69e2295ec9f41d0957245d9ee5aa05cfcd986c2b46671,2
E:\压裂窜扰项目\02 规范化\不重要的\阳101H2\阳101H2 邻井压力监测\阳101H2-2-16段压裂施工-4、6井秒点压力监测.xls,阳101H2,阳101H2,429490,1767070182000000000,916938c751fd90091ab50c9ad41922eb12e417a99fb3b84ca6d5ca6371701466,2
E:\压裂窜扰项目\02 规范化\不重要的\阳101H2\阳101H2 邻井压力监测\阳101H2-2-21段压裂施工-4、6井分点压力监测.xls,阳101H2,阳101H2,16736,1767513243000000000,5f882edffad515a67ed1595ebdb5dc4282fff9298a227cd918add30da4c2ca2d,2
E:\压裂窜扰项目\02 规范化\不重要的\阳101H2\阳101H2 邻井压力监测\阳101H2-2-22段压裂施工-4、6井分点压力监测.xls,阳101H2,阳101H2,21762,1767601471000000000,9f6ea424a42752c8fd1d6fdeef293366d288a55d469ecf5e59d1ba51e7eaa121,2
E:\压裂窜扰项目\02 规范化\不重要的\阳101H2\阳101H2 邻井压力监测\阳101H2-2-22段压裂施工-4、6井秒点压力监测.xls,阳101H2,阳101H2,695890,1767601473000000000,473e4c35bf3cbabbe063b563e232d0d11c07b595fa5fb364f180df461f47212e,2
E:\压裂窜扰项目\02 规范化\不重要的\阳101H2\阳101H2 邻井压力监测\阳101H2-2-6段压裂施工-4、6井分点压力监测.xls,阳101H2,阳101H2,14765,1765941266000000000,4b94874c89c0533ec74683fd529f2591c9a0639163fc98a976f89d6ba0c72e5a,2
E:\压裂窜扰项目\02 规范化\不重要的\阳101H2\阳101H2 邻井压力监测\阳101H2-2-6段压裂施工-4、6井秒点压力监测.xls,阳101H2,阳101H2,294551,1765941266000000000,b4457973defd95ba4d5c7e0a4235b38445ffc0682271182a2de67e47e7b9c7fa,2
E:\压裂窜扰项目\02 规范化\不重要的\阳101H2\阳101H2 邻井压力监测\阳101H2-2-8段压裂施工-3、4、6井分点压力监测.xlsx,阳101H2,阳101H2,35728,1766208213000000000,ad26ac587f396a1eeb1f78581d5558241a763658283eca436dc358608da0d1e6,3
E:\压裂窜扰项目\02 规范化\不重要的\阳101H2\阳101H2 邻井压力监测\阳101H2-2-9段压裂施工-4、6井秒点压力监测.xls,阳101H2,阳101H2,342576,1766374775000000000,930282ac77b4028bf4749c117212b01a4471aad91da58e3f89ef8cadf5bb10dc,2
E:\压裂窜扰项目\02 规范化\不重要的\阳101H2\阳101H2 邻井压力监测\阳101H2-4-11段压裂施工-6井分点压力监测.xls,阳101H2,阳101H2,13794,1764496466000000000,97df122bff85a3c6b997d7699735fa6c2a010c6196e970a7da20b6bbc8ad1c9e,1
E:\压裂窜扰项目\02 规范化\不重要的\阳101H2\阳101H2 邻井压力监测\阳101H2-4-11段压裂施工-6井秒点压力监测.xls,阳101H2,阳101H2,242771,1764496467000000000,c6aa49266bfd5a80a85f062e99c252d32e2dcb71e5d0182af0cad6aa35e70559,1
E:\压裂窜扰项目\02 规范化\不重要的\阳101H2\阳101H2 邻井压力监测\阳101H2-4-13段压裂施工-6井分点压力监测.xls,阳101H2,阳101H2,15668,1764654417000000000,9f376589c7e43ab969a288ca0068d60108f4d0568bd07a66cb1634db884a5902,1
E:\压裂窜扰项目\02 规范化\不重要的\阳101H2\阳101H2 邻井压力监测\阳101H2-4-13段压裂施工-6井秒点压力监测.xls,阳101H2,阳101H2,341571,1764654418000000000,1e58e2b936844d17f5e2c8b8c8093b5b2665a0510d390931ff6f3bee16170be9,1
E:\压裂窜扰项目\02 规范化\不重要的\阳101H2\阳101H2 邻井压力监测\阳101H2-4-15段压裂施工-6井分点压力监测.xls,阳101H2,阳101H2,13783,1765104704000000000,033e395f8aae1c5495119b17d2b1119e4499cbaa055f7d2416fcbb3419f081b6,1
E:\压裂窜扰项目\02 规范化\不重要的\阳101H2\阳101H2 邻井压力监测\阳101H2-4-15段压裂施工-6井秒点压力监测.xls,阳101H2,阳101H2,246213,1765104705000000000,bff0b371e11dc55d81e32cf378bc5a9fd8555a7ee30cd0c682845df65bca7b97,1
E:\压裂窜扰项目\02 规范化\不重要的\阳101H2\阳101H2 邻井压力监测\阳101H2-4-17段压裂施工-6井分点压力监测.xls,阳101H2,阳101H2,15488,1765342253000000000,0d8210c203a926f169a7cc2c6988649382f3907a94aead84452880cc334eb0c4,1
E:\压裂窜扰项目\02 规范化\不重要的\阳101H2\阳101H2 邻井压力监测\阳101H2-4-17段压裂施工-6井秒点压力监测.xls,阳101H2,阳101H2,334537,1765342253000000000,be04746f7ca3951fb0c8fb977f2ac250c5b8e884440fec5f221470e3d4481b16,1
E:\压裂窜扰项目\02 规范化\不重要的\阳101H2\阳101H2 邻井压力监测\阳101H2-4-19段压裂施工-6井分点压力监测.xls,阳101H2,阳101H2,15359,1765514776000000000,8acf312bb8537998cdec0fe4adc3fadd3051c53a8ae849ec469f4b2a0abe6456,1
E:\压裂窜扰项目\02 规范化\不重要的\阳101H2\阳101H2 邻井压力监测\阳101H2-4-19段压裂施工-6井秒点压力监测.xls,阳101H2,阳101H2,323945,1765514776000000000,12491644709fd8ed3a00a3ad880d0d4cdcf681ec9a9bf95c30acb1449c815baf,1
E:\压裂窜扰项目\02 规范化\不重要的\阳101H2\阳101H2 邻井压力监测\阳101H2-4-20段压裂施工-6井分点压力监测.xls,阳101H2,阳101H2,15156,1765601097000000000,e8ae7c381c2be55132833957dd76ed36e79dc33f2313781d4214c99f192e3f0f,1
E:\压裂窜扰项目\02 规范化\不重要的\阳101H2\阳101H2 邻井压力监测\阳101H2-4-20段压裂施工-6井秒点压力监测.xls,阳101H2,阳101H2,313091,1765601097000000000,b6f18d7b1939c4da7fbba235edc58a6d379856e9db61edd8a1d6d2394acd85ca,1
E:\压裂窜扰项目\02 规范化\不重要的\阳101H2\阳101H2 邻井压力监测\阳101H2-4-22段压裂施工-6井分点压力监测.xls,阳101H2,阳101H2,10872,1765793837000000000,c5de361dca8a7b5f6998ce1c4c3dede15c412898f296063f7a2fbf461446a407,1
E:\压裂窜扰项目\02 规范化\不重要的\阳101H2\阳101H2 邻井压力监测\阳101H2-4-22段压裂施工-6井秒点压力监测.xls,阳101H2,阳101H2,83715,1765793836000000000,deb63f46c16dfc95f90cd4c3f7060127a209ff654add7a3d43248f8845f23151,1
E:\压裂窜扰项目\02 规范化\不重要的\阳101H2\阳101H2 邻井压力监测\阳101H2-4-2段压裂施工-5井分点压力监测.xls,阳101H2,阳101H2,14454,1763611131000000000,b135cd5472de1299fbcd752ca1e771bc738041570623648f6933ec02ba597be6,1
E:\压裂窜扰项目\02 规范化\不重要的\阳101H2\阳101H2 邻井压力监测\阳101H2-4-2段压裂施工-5井秒点压力监测.xls,阳101H2,阳101H2,278833,1763611131000000000,3cdb5f576e3a0e6f38350137468e9fa1a567e92690b0c295c95828ed1756e9c6,1
E:\压裂窜扰项目\02 规范化\不重要的\阳101H2\阳101H2 邻井压力监测\阳101H2-4-2段压裂施工-6井分点压力监测.xls,阳101H2,阳101H2,14506,1763611131000000000,02e21042982af2427c364d00b982206a33902aa6403581f365bd597fbaf84e0d,1
E:\压裂窜扰项目\02 规范化\不重要的\阳101H2\阳101H2 邻井压力监测\阳101H2-4-2段压裂施工-6井秒点压力监测.xls,阳101H2,阳101H2,279399,1763611131000000000,b002d055313b7cdab226bc55ba039f391f121b62fefaeaaf2d8b0bd2a51359e7,1
E:\压裂窜扰项目\02 规范化\不重要的\阳101H2\阳101H2 邻井压力监测\阳101H2-4-3段压裂施工-2井分点压力监测.xls,阳101H2,阳101H2,14533,1763698583000000000,d787c2b181bc0fbccab0cc8041b4dcb9ff3277ebb495f35c13dbceb97a89ec8f,1
E:\压裂窜扰项目\02 规范化\不重要的\阳101H2\阳101H2 邻井压力监测\阳101H2-4-3段压裂施工-2井秒点压力监测.xls,阳101H2,阳101H2,293514,1763698585000000000,627bd94ad5c01e8823535be7ed27924494957d3e68adab70860347537bcd0826,1
E:\压裂窜扰项目\02 规范化\不重要的\阳101H2\阳101H2 邻井压力监测\阳101H2-4-3段压裂施工-5井分点压力监测.xls,阳101H2,阳101H2,14547,1763698586000000000,173ff7eac6102ca0796235c90601c5f5158e2f65f94ab07b9d8c2d1d868cc158,1
E:\压裂窜扰项目\02 规范化\不重要的\阳101H2\阳101H2 邻井压力监测\阳101H2-4-3段压裂施工-5井秒点压力监测.xls,阳101H2,阳101H2,295164,1763698581000000000,26173632755863357a1ece94a00f28c9e83643cad65b228afecb8e5c4f90c94f,1
E:\压裂窜扰项目\02 规范化\不重要的\阳101H2\阳101H2 邻井压力监测\阳101H2-4-3段压裂施工-6井分点压力监测.xls,阳101H2,阳101H2,14832,1763698582000000000,531d2b9ef609141298f807b0d77409446757f4a1c5aba3d240cd6fa0ac01510e,1
E:\压裂窜扰项目\02 规范化\不重要的\阳101H2\阳101H2 邻井压力监测\阳101H2-4-3段压裂施工-6井秒点压力监测.xls,阳101H2,阳101H2,295794,1763698583000000000,3e78ca330215944247eed9bbff350bc08928a379b64645d7a15458a2adf5cc26,1
E:\压裂窜扰项目\02 规范化\不重要的\阳101H2\阳101H2 邻井压力监测\阳101H2-4-4段压裂施工-2井分点压力监测.xls,阳101H2,阳101H2,12586,1763810603000000000,0418bd10e35409efbfc5158fad845e6ccbf95c5e1572a68033366949e034c2b7,1
E:\压裂窜扰项目\02 规范化\不重要的\阳101H2\阳101H2 邻井压力监测\阳101H2-4-4段压裂施工-2井秒点压力监测.xls,阳101H2,阳101H2,179419,1763810603000000000,a77c756d4c3239c19865580829ecc0e9a62974a5e21dd59c351664f949962a31,1
E:\压裂窜扰项目\02 规范化\不重要的\阳101H2\阳101H2 邻井压力监测\阳101H2-4-4段压裂施工-5井分点压力监测.xls,阳101H2,阳101H2,12585,1763810604000000000,56d5a3d5348441e6cf55be65f25fc0204fb6f5dbf4c8f47467c1f35114f76e2d,1
E:\压裂窜扰项目\02 规范化\不重要的\阳101H2\阳101H2 邻井压力监测\阳101H2-4-4段压裂施工-5井秒点压力监测.xls,阳101H2,阳101H2,179198,1763810602000000000,58673af5fd783c5e30ea98cc736e14314757e3bcd0b81baf805ee5aacae7fe13,1
E:\压裂窜扰项目\02 规范化\不重要的\阳101H2\阳101H2 邻井压力监测\阳101H2-4-5段压裂施工-2井分点压力监测.xls,阳101H2,阳101H2,13874,1763899112000000000,41fcd0a60ecc0fb8895191ef8da3605ebb338864e5d1f10977771b8c3174b2cb,1
E:\压裂窜扰项目\02 规范化\不重要的\阳101H2\阳101H2 邻井压力监测\阳101H2-4-5段压裂施工-2井秒点压力监测.xls,阳101H2,阳101H2,249935,1763899112000000000,468b1b3d4d1a45903a04aa60cb73802799ada28008264e07c935eaae5a18857e,1
E:\压裂窜扰项目\02 规范化\不重要的\阳101H2\阳101H2 邻井压力监测\阳101H2-4-5段压裂施工-6井分点压力监测.xls,阳101H2,阳101H2,13801,1763900044000000000,e5987b7da9123508247292f08df391fed60d65a326fcdb73e477c2fdd4e3a357,1
E:\压裂窜扰项目\02 规范化\不重要的\阳101H2\阳101H2 邻井压力监测\阳101H2-4-6段压裂施工-2井分点压力监测.xls,阳101H2,阳101H2,13950,1763980961000000000,554a9d37fd9852361b6487060b0bc2d5fd01a7f1b25a9581c9b58bcfc648de47,1
E:\压裂窜扰项目\02 规范化\不重要的\阳101H2\阳101H2 邻井压力监测\阳101H2-4-6段压裂施工-2井秒点压力监测.xls,阳101H2,阳101H2,257522,1763980961000000000,13376f0695c54309be292f305109e4a98edf7a1f2dac33bb1cd58851847f2b75,1
E:\压裂窜扰项目\02 规范化\不重要的\阳101H2\阳101H2 邻井压力监测\阳101H2-4-6段压裂施工-5井分点压力监测.xls,阳101H2,阳101H2,13823,1763980962000000000,69e7ceb0335aa71adad9e92280ea71edce50f80bf3a26f03570910cd3893a367,1
E:\压裂窜扰项目\02 规范化\不重要的\阳101H2\阳101H2 邻井压力监测\阳101H2-4-6段压裂施工-5井秒点压力监测.xls,阳101H2,阳101H2,254297,1763980963000000000,d303799c36ac49ab178dd3ba893cfe48b22d74dbca10b3d8aa79f4e875ccfa38,1
E:\压裂窜扰项目\02 规范化\不重要的\阳101H2\阳101H2 邻井压力监测\阳101H2-4-8段压裂施工-2井分点压力监测.xls,阳101H2,阳101H2,14164,1764158228000000000,5cc56318d8089116a7080a7ea1815ffff1a57fabe29e6798f75626a148c40d66,1
E:\压裂窜扰项目\02 规范化\不重要的\阳101H2\阳101H2 邻井压力监测\阳101H2-4-8段压裂施工-2井秒点压力监测.xls,阳101H2,阳101H2,277343,1764158228000000000,3b72036d0767f061443e9cb6314767087ecec47371455b46c59f77eac09f1802,1
E:\压裂窜扰项目\02 规范化\不重要的\阳101H2\阳101H2 邻井压力监测\阳101H2-4-8段压裂施工-6井分点压力监测.xls,阳101H2,阳101H2,14467,1764158228000000000,956fb7669b79618b8c4e9bcec0e94df42ac979b90116de2ce4fd52adfcb3361c,1
E:\压裂窜扰项目\02 规范化\不重要的\阳101H2\阳101H2 邻井压力监测\阳101H2-5-23段压裂施工-6井分点压力监测.xls,阳101H2,阳101H2,12336,1783994929559472800,840836289a43082a40c31c2c8c3b015bfcbfb02d372e7eeee3db3ec31a9998d6,1
E:\压裂窜扰项目\02 规范化\不重要的\阳101H2\阳101H2 邻井压力监测\阳101H2-5-23段压裂施工-6井秒点压力监测.xls,阳101H2,阳101H2,172780,1783994929560770500,75cfca7d48d35c0ce858bcd3244ccbd154e3cd0568157fc4e268bd11dfac3b3a,1
E:\压裂窜扰项目\02 规范化\不重要的\阳101H2\阳101H2 邻井压力监测\阳101H2-5-4段压裂施工-4井分点压力监测.xls,阳101H2,阳101H2,15460,1783994932177339800,b01ac5a96bb4301423c27939c078a14eb606102133dda6355730fa9895a16e2c,1
E:\压裂窜扰项目\02 规范化\不重要的\阳101H2\阳101H2 邻井压力监测\阳101H2-5-4段压裂施工-4井秒点压力监测.xls,阳101H2,阳101H2,330357,1783994932178865700,c630787c8d3f017abd573208083e1e0c721241ec169db9813707cf9cf2448f02,1
E:\压裂窜扰项目\02 规范化\不重要的\阳101H2\阳101H2 邻井压力监测\阳101H2-5-8段压裂施工-4井分点压力监测.xls,阳101H2,阳101H2,14633,1783994932178865700,43f8a03832de138cec1f2d494e1875cd65ab9ec195979c2b29fe88692db752a9,1
E:\压裂窜扰项目\02 规范化\不重要的\阳101H2\阳101H2 邻井压力监测\阳101H2-5-8段压裂施工-4井秒点压力监测.xls,阳101H2,阳101H2,285677,1783994932180391500,a6b0a15e1fafcaef965fdce34575ef122d7d018c98bfc530362a36c2a0e0719a,1
E:\压裂窜扰项目\02 规范化\不重要的\阳101H2\阳101H2 邻井压力监测\阳101H2-6-10段压裂施工-4井分点压力监测.xls,阳101H2,阳101H2,12595,1783994932795126900,e827db62b4b01c86db9150acb022f38f25454757a21710b37fb1bb46cb495d84,1
E:\压裂窜扰项目\02 规范化\不重要的\阳101H2\阳101H2 邻井压力监测\阳101H2-6-10段压裂施工-4井秒点压力监测.xls,阳101H2,阳101H2,174832,1783994932796658600,31f39a665adc5fec3ac9399987c9536a358f77468bd26c799f6d90a36bbb37b0,1
E:\压裂窜扰项目\02 规范化\不重要的\阳101H2\阳101H2 邻井压力监测\阳101H2-6-11段压裂施工-4井分点压力监测.xls,阳101H2,阳101H2,14120,1783994932897609100,703acd3587e35251ea665f3e5e4c6ab207d45d69a352dfe6b7ed21bd034de3a7,1
E:\压裂窜扰项目\02 规范化\不重要的\阳101H2\阳101H2 邻井压力监测\阳101H2-6-11段压裂施工-4井秒点压力监测.xls,阳101H2,阳101H2,273280,1783994932899146100,aa0142c13bec2f9fcc5c64d33f7e447b6a5dfae53f00a745dd1b333aac66e973,1
E:\压裂窜扰项目\02 规范化\不重要的\阳101H2\阳101H2 邻井压力监测\阳101H2-6-12段压裂施工-4井分点压力监测.xls,阳101H2,阳101H2,14158,1783994932900680400,70fca94edca0dd3f0fcb21bea2546f862c9f14652762f113a9fb2bf7d1771f46,1
E:\压裂窜扰项目\02 规范化\不重要的\阳101H2\阳101H2 邻井压力监测\阳101H2-6-12段压裂施工-4井秒点压力监测.xls,阳101H2,阳101H2,270480,1783994932902210000,972a72d29bc9985b99c1468da7f0a0aa898f3b7acafefdd2baa1a11020f84fe6,1
E:\压裂窜扰项目\02 规范化\不重要的\阳101H2\阳101H2 邻井压力监测\阳101H2-6-13段压裂施工-4井分点压力监测.xls,阳101H2,阳101H2,14491,1783994932476152700,d2c81170b0946cba3006b71fb66f69b5419b3717ad550e34c0537e23273b7ba6,1
E:\压裂窜扰项目\02 规范化\不重要的\阳101H2\阳101H2 邻井压力监测\阳101H2-6-13段压裂施工-4井秒点压力监测.xls,阳101H2,阳101H2,276798,1783994932476152700,8aea289b7c31ef0718e6334111d1681d323d06e92d68dbff1edad3c1cbc317cb,1
E:\压裂窜扰项目\02 规范化\不重要的\阳101H2\阳101H2 邻井压力监测\阳101H2-6-14段压裂施工-4井分点压力监测.xls,阳101H2,阳101H2,15401,1783994933137409400,76a3b4492640be8d1d771bf0b9a0cbe7184e22e5df98d59327b99ca89a5b119a,1
E:\压裂窜扰项目\02 规范化\不重要的\阳101H2\阳101H2 邻井压力监测\阳101H2-6-15段压裂施工-4井分点压力监测.xls,阳101H2,阳101H2,16324,1783994933137409400,520ce3fcde34b001dc9509fbff3f24fbbad0697bf37fb0a0cc3291bf6984cd0a,1
E:\压裂窜扰项目\02 规范化\不重要的\阳101H2\阳101H2 邻井压力监测\阳101H2-6-15段压裂施工-4井秒点压力监测.xls,阳101H2,阳101H2,380970,1783994933140474200,4c1b35e548c1461213108675827dd30d4d0d946b1b82b484a9562ba94c744559,1
E:\压裂窜扰项目\02 规范化\不重要的\阳101H2\阳101H2 邻井压力监测\阳101H2-6-18段压裂施工-4井分点压力监测.xls,阳101H2,阳101H2,15835,1783994933246577200,ae20d4e2e4757aba7270d6638e00920326cab17908cf97bd2663bae295c27f17,1
E:\压裂窜扰项目\02 规范化\不重要的\阳101H2\阳101H2 邻井压力监测\阳101H2-6-18段压裂施工-4井秒点压力监测.xls,阳101H2,阳101H2,348993,1783994933248618000,7c46881bde393c5f1890c946d5fda8b77b29cdd5ce954558aef7c1a291a1842a,1
E:\压裂窜扰项目\02 规范化\不重要的\阳101H2\阳101H2 邻井压力监测\阳101H2-6-19段压裂施工-4井分点压力监测.xls,阳101H2,阳101H2,15561,1783994933257227900,4f6ec0af02576e1601b5f7acbf46ccc743a9fd245e41d80b895f5f566d3edd49,1
E:\压裂窜扰项目\02 规范化\不重要的\阳101H2\阳101H2 邻井压力监测\阳101H2-6-19段压裂施工-4井秒点压力监测.xls,阳101H2,阳101H2,332200,1783994933258800000,9a4b65feafc2424681466b183826e49b36b29d9fbbc73a52359c7501eb44152a,1
E:\压裂窜扰项目\02 规范化\不重要的\阳101H2\阳101H2 邻井压力监测\阳101H2-6-20段压裂施工-4井分点压力监测.xls,阳101H2,阳101H2,15928,1783994933823924300,6c5321c59b83958d56258e37f44339cd0752fe5c48fe84a04515bd82798e665c,1
E:\压裂窜扰项目\02 规范化\不重要的\阳101H2\阳101H2 邻井压力监测\阳101H2-6-20段压裂施工-4井秒点压力监测.xls,阳101H2,阳101H2,354282,1783994933825485300,b8ed430e80b8e92e6741b266fef578600eb1697dbe5dfadc262cb0a4159ee793,1
E:\压裂窜扰项目\02 规范化\不重要的\阳101H2\阳101H2 邻井压力监测\阳101H2-6-4段压裂施工-4井分点压力监测.xls,阳101H2,阳101H2,18181,1783994933840703400,16a56d817153cb6247a7a6d02d1104cb54ce8af4246b1f043214720dcb23f096,1
E:\压裂窜扰项目\02 规范化\不重要的\阳101H2\阳101H2 邻井压力监测\阳101H2-6-4段压裂施工-4井秒点压力监测.xls,阳101H2,阳101H2,501491,1783994933843432500,b6194b20140e804e4c554a2084a3d70f30e013be48614e2e826863f28e71099b,1
E:\压裂窜扰项目\02 规范化\不重要的\阳101H2\阳101H2 邻井压力监测\阳101H2-6-9段压裂施工-2井分点压力监测.xls,阳101H2,阳101H2,13772,1783994933843432500,6ee4fa2e0656ffc5927bb1277f2e4b35ff103f5b781edeb3016b5d9f05c7740f,1
E:\压裂窜扰项目\02 规范化\不重要的\阳101H2\阳101H2 邻井压力监测\阳101H2-6-9段压裂施工-2井秒点压力监测.xls,阳101H2,阳101H2,245530,1783994933844965900,2cb383fb60e187540e3f7454eb106a2d8a7904c258dd6c8669ffc1b4e017ae4d,1
E:\压裂窜扰项目\02 规范化\不重要的\阳101H2\阳101H2 邻井压力监测\阳101H2-8井压力监测数据表.xlsx,阳101H2,阳101H2,19719,1764916022000000000,b721215c69b9090f1f8fdbcf8fd8738c90572b1917aae4220ada6943f5987f4c,1
E:\压裂窜扰项目\02 规范化\不重要的\阳101H2\阳101H2 邻井压力监测\阳101H2-8井压力监测数据表2井11段.xlsx,阳101H2,阳101H2,16839,1766638325000000000,93649ceac4f2436dba1fff5edf4245f9aea19e248f65972b36a073634e6d0aa2,1
E:\压裂窜扰项目\02 规范化\不重要的\阳101H2\阳101H2 邻井压力监测\阳101H2-8井压力监测数据表2井12段.xlsx,阳101H2,阳101H2,18230,1766751650000000000,ab2896f49eb2a75278d87de8295876fc34fd679360e2e562f4828586f634da4d,1
E:\压裂窜扰项目\02 规范化\不重要的\阳101H2\阳101H2 邻井压力监测\阳101H2-8井压力监测数据表2井13段.xlsx,阳101H2,阳101H2,19207,1766814578000000000,ed155eb4d41fc7ec35a664e1a7f5a0926cbcb8133bbbea21d1b6a1f777706fd0,1
E:\压裂窜扰项目\02 规范化\不重要的\阳101H2\阳101H2 邻井压力监测\阳101H2-8井压力监测数据表2井15段.xlsx,阳101H2,阳101H2,17660,1766981590000000000,121c609c11b9532f863864dabedeeac6ba8d35dd60afeec863b3095ae91446ea,1
E:\压裂窜扰项目\02 规范化\不重要的\阳101H2\阳101H2 邻井压力监测\阳101H2-8井压力监测数据表2井16段.xlsx,阳101H2,阳101H2,18423,1767070129000000000,308a1eefd431442c2aa8361dcc3cfd2f6db1cfc5493085ba7c5b2c495561b4ff,1
E:\压裂窜扰项目\02 规范化\不重要的\阳101H2\阳101H2 邻井压力监测\阳101H2-8井压力监测数据表2井19段.xlsx,阳101H2,阳101H2,18075,1767341010000000000,6cb3308bb65a6f9fa9065a5f30b9552281c030b9ff6595d6b194b9816dff6130,1
E:\压裂窜扰项目\02 规范化\不重要的\阳101H2\阳101H2 邻井压力监测\阳101H2-8井压力监测数据表2井21段.xlsx,阳101H2,阳101H2,18749,1767512893000000000,c6768f4342d2df631c3935149539c0c2784a9a9adfa0093441e2d53f6be6e540,1
E:\压裂窜扰项目\02 规范化\不重要的\阳101H2\阳101H2 邻井压力监测\阳101H2-8井压力监测数据表2井22段.xlsx,阳101H2,阳101H2,25179,1767601115000000000,c383f7ebe76cbba3bd9e33a9935b31aee81efda307c67c2f6bf5d168529f5fa7,1
E:\压裂窜扰项目\02 规范化\不重要的\阳101H2\阳101H2 邻井压力监测\阳101H2-8井压力监测数据表5井23段.xlsx,阳101H2,阳101H2,14471,1767084265000000000,75f00d30c94b0b71d3a6d0c8122971c26557a905422a56051008f7989323d424,1
E:\压裂窜扰项目\02 规范化\不重要的\阳101H2\阳101H2 邻井压力监测\阳101H2-8井压力监测数据表H32 2井1段.xlsx,阳101H2,阳101H2,17629,1765359880000000000,d4b531a7e753f74df4cbe50eab7f633ea5eb600953ddc33dae9482ea37a2acff,1
E:\压裂窜扰项目\02 规范化\不重要的\阳101H2\阳101H2 邻井压力监测\阳101H2-8井压力监测数据表H32 2井2段.xlsx,阳101H2,阳101H2,17155,1765453771000000000,cab4e45374c716382efa3197df31cfa90f13dc20eec9ab02b785c8d480062722,1
E:\压裂窜扰项目\02 规范化\不重要的\阳101H2\阳101H2 邻井压力监测\阳101H2-8井压力监测数据表H32 2井3段.xlsx,阳101H2,阳101H2,18071,1765536381000000000,62edfe073a936eaef080d5413975397f149eb6fffcf8b3d4b154f0465cac29dc,1
E:\压裂窜扰项目\02 规范化\不重要的\阳101H2\阳101H2 邻井压力监测\阳101H2-8井压力监测数据表H32 2井4段.xlsx,阳101H2,阳101H2,18937,1765624231000000000,8d01401333c9acf44b964b7f17db2dd245dc310bd6e4c9aa3135c3cefd0aecda,1
E:\压裂窜扰项目\02 规范化\不重要的\阳101H2\阳101H2 邻井压力监测\阳101H2-8井压力监测数据表H32 2井6段.xlsx,阳101H2,阳101H2,15739,1765940821000000000,aaf28dc40a07b17148bfb7767b689b414f37944843bab04fc383f23026a78b62,1
E:\压裂窜扰项目\02 规范化\不重要的\阳101H2\阳101H2 邻井压力监测\阳101H2-8井压力监测数据表H32 2井8段.xlsx,阳101H2,阳101H2,17494,1766207305000000000,7cca9e4b54df092d99e4dc527789105e7e29ff087aa0cbd9371dd2bfe36f8426,1
E:\压裂窜扰项目\02 规范化\不重要的\阳101H2\阳101H2 邻井压力监测\阳101H2-8井压力监测数据表H32 4井16段.xlsx,阳101H2,阳101H2,20048,1765191702000000000,dd8a8b313dd6bac55620a941a7cbd32a6ac5ad8ec9295e5f40b0e675b89e1c3f,1
E:\压裂窜扰项目\02 规范化\不重要的\阳101H2\阳101H2 邻井压力监测\阳101H2-8井压力监测数据表H32 4井19段.xlsx,阳101H2,阳101H2,18814,1765536130000000000,96d2112b4673e4961453ab2e70b9a3c4fc15a14f36951a3a7c24fbe961170d2b,1
E:\压裂窜扰项目\02 规范化\不重要的\阳101H2\阳101H2 邻井压力监测\阳101H2-8井压力监测数据表H32 4井20段.xlsx,阳101H2,阳101H2,18459,1765624232000000000,3531451396b1de591084ef19207a8e0424fcdd6e3e76f22ab1a773cfe471d96c,1
E:\压裂窜扰项目\02 规范化\不重要的\阳101H2\阳101H2 邻井压力监测\阳101H2-8井压力监测数据表H32 4井21段.xlsx,阳101H2,阳101H2,19102,1765690472000000000,8eda1b791d65bf9cedc83eb3fce748918bf2837555fcf8dc7bb50325a9b9d243,1
E:\压裂窜扰项目\02 规范化\不重要的\阳101H2\阳101H2 邻井压力监测\阳101H2-8井压力监测数据表H32 6井20段.xlsx,阳101H2,阳101H2,17333,1765085533000000000,c192765169dff80d670fa6e31a24f725c502ca706448e8b51c678a4feeced712,1
E:\压裂窜扰项目\02 规范化\不重要的\阳101H2\阳101H2 邻井压力监测\阳101H2-8井压力监测数据表H32 6井21段、5井15段.xlsx,阳101H2,阳101H2,28932,1765274585000000000,53a572254bdd1ff56f5e508231c32e72cc3c8f5945c920c0c14c9eba1d375527,1
E:\压裂窜扰项目\02 规范化\不重要的\阳101H2\阳101H2 邻井压力监测\阳101H2平台井口压力监测记录表          叠合图 1.5.xlsx,阳101H2,阳101H2,38580,1767605508000000000,eb8d394f1b50f262334ecc409a4f0088ebc2fb76264c3b9b67a32c1dad9bcd2b,6
E:\压裂窜扰项目\02 规范化\不重要的\阳101H2\阳101H2 邻井压力监测\阳101H2平台井口压力监测记录表   叠合图  1.4.xlsx,阳101H2,阳101H2,35645,1767522440000000000,4d3ffdbf1a10eb0efd400836ffe510653399f65b6a4fc700285ab423101d5fad,6
E:\压裂窜扰项目\02 规范化\不重要的\阳101H2\阳101H2 邻井压力监测\阳101H2平台井口压力监测记录表1.4.xlsx,阳101H2,阳101H2,27590,1767512858000000000,9e51e46daf94efa9e3eb4579a9429ff5268513fc865a9ab5ce98b4af8d5ff048,6
E:\压裂窜扰项目\02 规范化\不重要的\阳101H2\阳101H2 邻井压力监测\阳101H2平台井口压力监测记录表1.5.xlsx,阳101H2,阳101H2,29680,1767601153000000000,43ab8efdeb105534d69a819f8825d3006ba5bba95d36494cbcb370ef5e7a2535,6
E:\压裂窜扰项目\02 规范化\不重要的\阳101H2\阳101H2 邻井压力监测\阳101H2平台压力监测          叠合图   12.29.xlsx,阳101H2,阳101H2,45557,1766983309000000000,7e0fa6a80f1a6ef4e25da9a4e14c97fb381c22323730f433a245530813c9232a,6
E:\压裂窜扰项目\02 规范化\不重要的\阳101H2\阳101H2 邻井压力监测\阳101H2平台压力监测    叠合图12.13.xlsx,阳101H2,阳101H2,47266,1765602657000000000,e798590b68587848d4f71aac0491c8dc48a7b116886752aa1ad538594aa76537,6
E:\压裂窜扰项目\02 规范化\不重要的\阳101H2\阳101H2 邻井压力监测\阳101H2平台压力监测   叠合图  12.12(1).xlsx,阳101H2,阳101H2,50280,1765539541000000000,0f758c89d9c4735a2be59de876d697d01f5beb1b72ea8420af5143be7076c243,12
E:\压裂窜扰项目\02 规范化\不重要的\阳101H2\阳101H2 邻井压力监测\阳101H2平台压力监测   叠合图  12.15.xlsx,阳101H2,阳101H2,44766,1765773647000000000,91fa4c39f13dd81769f54335f5c36bccadf763f28fde2391bc5da35de0595c15,6
E:\压裂窜扰项目\02 规范化\不重要的\阳101H2\阳101H2 邻井压力监测\阳101H2平台压力监测   叠合图12.12.xlsx,阳101H2,阳101H2,50102,1765517775000000000,4842f46f7c95ab172ef7cd22634dc5d6edfef4ba66358290269ce26bc23d3bb8,6
E:\压裂窜扰项目\02 规范化\不重要的\阳101H2\阳101H2 邻井压力监测\阳101H2平台压力监测  邻井叠合图12.07(2).xlsx,阳101H2,阳101H2,48444,1765088659000000000,f50dd8d07379078b8414cfb2b71ef4bee7a364998e7ec04609a30c0d8ec3d673,8
E:\压裂窜扰项目\02 规范化\不重要的\阳101H2\阳101H2 邻井压力监测\阳101H2平台压力监测11.25.xlsx,阳101H2,阳101H2,25684,1764054514000000000,c6c91204eda0c4f9b60da983f5a8ff9096db6d1e87808986885720e114cf6d00,6
E:\压裂窜扰项目\02 规范化\不重要的\阳101H2\阳101H2 邻井压力监测\阳101H2平台压力监测11.26.xlsx,阳101H2,阳101H2,17816,1764132482000000000,e4b53c423d0afaad6fcb419a933c9130659de1752f629f0e4a1cac2a437c5ea5,6
E:\压裂窜扰项目\02 规范化\不重要的\阳101H2\阳101H2 邻井压力监测\阳101H2平台压力监测11.27(2).xlsx,阳101H2,阳101H2,27504,1764242618000000000,cc60b1a6e0d68a0255aa5c025ebd41c43b70530b7ce639271d3f6e9dc5ec3351,13
E:\压裂窜扰项目\02 规范化\不重要的\阳101H2\阳101H2 邻井压力监测\阳101H2平台压力监测11.27.xlsx,阳101H2,阳101H2,25143,1764219280000000000,e0ea52dc028a38529e4ef78a2724e430c737f6331c4d5989891b91edb89a42e7,6
E:\压裂窜扰项目\02 规范化\不重要的\阳101H2\阳101H2 邻井压力监测\阳101H2平台压力监测11.28.xlsx,阳101H2,阳101H2,27926,1764307544000000000,c3dd999d09844fbefb26b29683d4d4872cc05eb32f8b326a71b08f2a8dc20470,7
E:\压裂窜扰项目\02 规范化\不重要的\阳101H2\阳101H2 邻井压力监测\阳101H2平台压力监测11.6(1).xlsx,阳101H2,阳101H2,13398,1763975644000000000,dcd0ed9ce4ee591fabc72bb7cf95a7bd78acfc44c0a0d63a24d282613d29f8b4,6
E:\压裂窜扰项目\02 规范化\不重要的\阳101H2\阳101H2 邻井压力监测\阳101H2平台压力监测11.7.xlsx,阳101H2,阳101H2,18122,1763966503000000000,02c799be5fe62e7724493494b05b39b10cb21197387f6d340854729d952de58e,12
E:\压裂窜扰项目\02 规范化\不重要的\阳101H2\阳101H2 邻井压力监测\阳101H2平台压力监测12.02(2).xlsx,阳101H2,阳101H2,48597,1764680258000000000,eee4d13f4ca314ce0f3f70353fe2d430731f34c8640ddf54846dd469bc08c3c6,12
E:\压裂窜扰项目\02 规范化\不重要的\阳101H2\阳101H2 邻井压力监测\阳101H2平台压力监测12.02.xlsx,阳101H2,阳101H2,39809,1764656184000000000,572474b28aa6390d72e50725e26898831ed439af1746825303c458f82ac9c537,6
E:\压裂窜扰项目\02 规范化\不重要的\阳101H2\阳101H2 邻井压力监测\阳101H2平台压力监测12.04.xlsx,阳101H2,阳101H2,47746,1764851530000000000,3ca6590b875ca2b8f1681870c434cd7be3cfbd5c2b9020ee572a6f2f90fb23eb,12
E:\压裂窜扰项目\02 规范化\不重要的\阳101H2\阳101H2 邻井压力监测\阳101H2平台压力监测12.05(1).xlsx,阳101H2,阳101H2,42822,1764933342000000000,216e9aa01e1ce791c24a4a3fa4e37541f15915ff732ad152d569dc9ef4f53135,12
E:\压裂窜扰项目\02 规范化\不重要的\阳101H2\阳101H2 邻井压力监测\阳101H2平台压力监测12.05.xlsx,阳101H2,阳101H2,37954,1764917024000000000,780e2feca554f2ee74e26b0d86d231c5d0e91d12721e18607b5ddd58fb04b03a,6
E:\压裂窜扰项目\02 规范化\不重要的\阳101H2\阳101H2 邻井压力监测\阳101H2平台压力监测12.06.xlsx,阳101H2,阳101H2,51697,1765020209000000000,0ece0ce8a5dc49532b7a2b9fdd660663e1a5a67ad9ef2df9368b2868a5ad81ef,12
E:\压裂窜扰项目\02 规范化\不重要的\阳101H2\阳101H2 邻井压力监测\阳101H2平台压力监测12.07(3).xlsx,阳101H2,阳101H2,51690,1765108860000000000,0f4a46c1dd05097ce57b765ee15e284310906f12ad41f25e9eb113a1bb329af1,12
E:\压裂窜扰项目\02 规范化\不重要的\阳101H2\阳101H2 邻井压力监测\阳101H2平台压力监测12.08.xlsx,阳101H2,阳101H2,41640,1765191781000000000,8ce8a36035cacf028ba6312885ab9c6f4afcbc8c3a8cb76d7ff671323813f354,6
E:\压裂窜扰项目\02 规范化\不重要的\阳101H2\阳101H2 邻井压力监测\阳101H2平台压力监测12.09   叠合图.xlsx,阳101H2,阳101H2,54653,1765279732000000000,c05325f1b116d0f91d5ec065b3ff35277a966e17b3bfdd67bcdb6fbbe9e6b9d0,12
E:\压裂窜扰项目\02 规范化\不重要的\阳101H2\阳101H2 邻井压力监测\阳101H2平台压力监测12.09(1).xlsx,阳101H2,阳101H2,43375,1765274478000000000,b622066ba0cb86853d8ab7ddcf697bd30a27d48f144f2968db763e9e0c0fc25e,12
E:\压裂窜扰项目\02 规范化\不重要的\阳101H2\阳101H2 邻井压力监测\阳101H2平台压力监测12.10   叠合图.xlsx,阳101H2,阳101H2,50872,1765343035000000000,b34cf26676aad03244c8309fb08ae084a9c75ff534f4cf55c45f7e2c374554b1,6
E:\压裂窜扰项目\02 规范化\不重要的\阳101H2\阳101H2 邻井压力监测\阳101H2平台压力监测12.11  叠合图.xlsx,阳101H2,阳101H2,49854,1765434183000000000,99b6bdf8eeda5d1ea9a29c5a3eeea297459ae0e41ff627a4c7b90b6e57810cba,6
E:\压裂窜扰项目\02 规范化\不重要的\阳101H2\阳101H2 邻井压力监测\阳101H2平台压力监测12.11(1).xlsx,阳101H2,阳101H2,43048,1765453784000000000,2e03529500317191fa2175e6ae5f3c910a3c8c9d582a33006f238323528de261,12
E:\压裂窜扰项目\02 规范化\不重要的\阳101H2\阳101H2 邻井压力监测\阳101H2平台压力监测12.14.xlsx,阳101H2,阳101H2,40635,1765690004000000000,b1c8094503fceb708b3d3dbd301421ce41501960b940bc848eb219dd8507ae98,6
E:\压裂窜扰项目\02 规范化\不重要的\阳101H2\阳101H2 邻井压力监测\阳101H2平台压力监测12.17.xlsx,阳101H2,阳101H2,40273,1765940861000000000,aa17e78765713895a59d3975a43f106b145f40f5c607d88375006824139bf082,6
E:\压裂窜扰项目\02 规范化\不重要的\阳101H2\阳101H2 邻井压力监测\阳101H2平台压力监测12.18.xlsx,阳101H2,阳101H2,40260,1766029491000000000,3a348ab927788fcee6ca3037053bb614079ea499e547048cfab0a4ed4a5ec6de,6
E:\压裂窜扰项目\02 规范化\不重要的\阳101H2\阳101H2 邻井压力监测\阳101H2平台压力监测12.20.xlsx,阳101H2,阳101H2,32107,1766207289000000000,7c7f8a8428061b151b4b5729e1e5e8ac88f59c056fb001f6be2f93c351b2a275,6
E:\压裂窜扰项目\02 规范化\不重要的\阳101H2\阳101H2 邻井压力监测\阳101H2平台压力监测12.22.xlsx,阳101H2,阳101H2,40811,1766374824000000000,2134cbddbc2e4ca604ebae792e9be73315de5381aa0c87cadbb8e6878690bcfe,7
E:\压裂窜扰项目\02 规范化\不重要的\阳101H2\阳101H2 邻井压力监测\阳101H2平台压力监测12.23.xlsx,阳101H2,阳101H2,45904,1766533209000000000,937557ef24c1b17a822671c3645fb3e6d2fa9936b8aac7da591a642439f9f9f3,6
E:\压裂窜扰项目\02 规范化\不重要的\阳101H2\阳101H2 邻井压力监测\阳101H2平台压力监测12.25.xlsx,阳101H2,阳101H2,40743,1766633448000000000,6b8e3a393df7a0fb09a3ba54d91ffce1ce129e54a2c32c5af5951d856978bffa,7
E:\压裂窜扰项目\02 规范化\不重要的\阳101H2\阳101H2 邻井压力监测\阳101H2平台压力监测12.26.xlsx,阳101H2,阳101H2,41113,1766751651000000000,288f7af1e98a2c03d22efb8af2bdf67e4049e92a0ac5f888eab2c643f4d70cb7,12
E:\压裂窜扰项目\02 规范化\不重要的\阳101H2\阳101H2 邻井压力监测\阳101H2平台压力监测12.27   叠合图.xlsx,阳101H2,阳101H2,48297,1766818995000000000,299f776e1eea672fc7e23c66ba125858d9f4ae7f8f42ec859ff533bb81832db8,7
E:\压裂窜扰项目\02 规范化\不重要的\阳101H2\阳101H2 邻井压力监测\阳101H2平台压力监测12.28  叠合图.xlsx,阳101H2,阳101H2,47652,1766900928000000000,d1df152f4b0c1ec04b66d9dcf8f8d61911379b145a3ae3e409890debd73bd2c2,7
E:\压裂窜扰项目\02 规范化\不重要的\阳101H2\阳101H2 邻井压力监测\阳101H2平台压力监测12.30.xlsx,阳101H2,阳101H2,40543,1767069930000000000,a992d0a948cba140ebe0d2c90b88fa49d68c21495c8d5eb112d2e5a5237f042a,6
E:\压裂窜扰项目\02 规范化\不重要的\阳101H2\阳101H2 邻井压力监测\阳101H2平台压力监测21.01(1).xlsx,阳101H2,阳101H2,26250,1764572218000000000,a4552abf7077bed88701069d027b39684b749aa53a8dc2d3296f5e77fdcde939,6
E:\压裂窜扰项目\02 规范化\不重要的\阳101H2\阳101H2 邻井压力监测\阳101H2平台压力监测21.01(2).xlsx,阳101H2,阳101H2,29105,1764588780000000000,f2a20a93306c89514f12f9fe47b8e2f54de02a46e8671120013b312806b92867,12
E:\压裂窜扰项目\02 规范化\不重要的\阳101H2\阳101H2 邻井压力监测\阳101H2平台及32平台压力监测（ 11.24.xlsx,阳101H2,阳101H2,26379,1763959980000000000,a369e42d6e2f2206edb9dd77c81099ecec24cce53ff6e16e7e34e3f6bc4c65a9,6
E:\压裂窜扰项目\02 规范化\不重要的\阳101H2\阳101H2 邻井压力监测\阳101H2平台）.xlsx,阳101H2,阳101H2,50841,1763956721000000000,aae0f18a56452a245212123fc906e052f1102846fa4868cfc02a34066029484a,0
E:\压裂窜扰项目\02 规范化\不重要的\阳101H2\阳101H2 邻井压力监测\阳101h26平台临井压裂监测数据   叠合图1.1.xlsx,阳101H2,阳101H2,176274,1767259096000000000,e557e9cd695b84de478e81c6b0a8ed4e870a11a4b71953f266364b8a81998f62,152
E:\压裂窜扰项目\02 规范化\不重要的\阳101H2\阳101H2 邻井压力监测\阳101h26平台临井压裂监测数据(10).xlsx,阳101H2,阳101H2,13225,1767674945000000000,8989d29502c962b230f2adf0cb7f64bd7e3583b67967997bc32a9d8b93d0637d,4
E:\压裂窜扰项目\02 规范化\不重要的\阳101H2\阳101H2 邻井压力监测\阳101h26平台临井压裂监测数据(11).xlsx,阳101H2,阳101H2,86143,1765453813000000000,147bac1438241c823a1a198e45d1936fa217662429537bdf66ca545f74aafcff,72
E:\压裂窜扰项目\02 规范化\不重要的\阳101H2\阳101H2 邻井压力监测\阳101h26平台临井压裂监测数据(14).xlsx,阳101H2,阳101H2,91242,1765539203000000000,2ae41352ae719f18ff6ff2873797094a7d9516b5740c1a58c937e9770dd0396b,76
E:\压裂窜扰项目\02 规范化\不重要的\阳101H2\阳101H2 邻井压力监测\阳101h26平台临井压裂监测数据(16).xlsx,阳101H2,阳101H2,95531,1765602536000000000,113db2e18bcaad66f85a6264f5fd9795a9494a12a1ce6480b0fcac34b828d49c,80
E:\压裂窜扰项目\02 规范化\不重要的\阳101H2\阳101H2 邻井压力监测\阳101h26平台临井压裂监测数据(17).xlsx,阳101H2,阳101H2,96300,1765623595000000000,5374adbb1822408099397bbb28501727f4b471950d4026d2c33dcd65f5844662,80
E:\压裂窜扰项目\02 规范化\不重要的\阳101H2\阳101H2 邻井压力监测\阳101h26平台临井压裂监测数据(2).xlsx,阳101H2,阳101H2,61984,1783994933817772800,47b08048a7352dad0fb38a12236a00d3bce4b0391bedd29d614f81b9c21bf5e7,52
E:\压裂窜扰项目\02 规范化\不重要的\阳101H2\阳101H2 邻井压力监测\阳101h26平台临井压裂监测数据(22).xlsx,阳101H2,阳101H2,119142,1765876276000000000,fd2b044e1e9ebddf35fe5f53ae85ce89da8168e512960e25002498e3c43a7d0a,92
E:\压裂窜扰项目\02 规范化\不重要的\阳101H2\阳101H2 邻井压力监测\阳101h26平台临井压裂监测数据(23).xlsx,阳101H2,阳101H2,112939,1765870687000000000,116ed8047dfd0d62986b9ba2826a949af5d17dcb0210b9d72bbca2677c038ac4,92
E:\压裂窜扰项目\02 规范化\不重要的\阳101H2\阳101H2 邻井压力监测\阳101h26平台临井压裂监测数据(4).xlsx,阳101H2,阳101H2,62771,1783994929558969900,1caee0bde080a9b91f1d0385dd446d045130b365f47625caccae3bbc70211938,52
E:\压裂窜扰项目\02 规范化\不重要的\阳101H2\阳101H2 邻井压力监测\阳101h26平台临井压裂监测数据(5).xlsx,阳101H2,阳101H2,66837,1783994933829762600,8b04606565759e7b1c623356af0c6dff8055e2adc00384c369ba0442b86d7f53,56
E:\压裂窜扰项目\02 规范化\不重要的\阳101H2\阳101H2 邻井压力监测\阳101h26平台临井压裂监测数据(6).xlsx,阳101H2,阳101H2,67485,1765104326000000000,ab0af0c6b89b93d8c575440bedd59a4c346061a3dfec801f5abf486bdd5c52e4,56
E:\压裂窜扰项目\02 规范化\不重要的\阳101H2\阳101H2 邻井压力监测\阳101h26平台临井压裂监测数据(7).xlsx,阳101H2,阳101H2,71436,1765191386000000000,2cae6e125aaa9bfbd4cff1f2770f87a56c0b3504ff780d9583b9f3b765056699,60
E:\压裂窜扰项目\02 规范化\不重要的\阳101H2\阳101H2 邻井压力监测\阳101h26平台临井压裂监测数据(8).xlsx,阳101H2,阳101H2,76313,1783994933840703400,5c70dbea487e60e33d970e174ebe113de455865a3d30bb1801b09da8e9e1a68c,64
E:\压裂窜扰项目\02 规范化\不重要的\阳101H2\阳101H2 邻井压力监测\阳101h26平台临井压裂监测数据.xlsx,阳101H2,阳101H2,56026,1783994933255704100,703432f1e8f9e36d0dbe4c6b49aa1a52f8eddbb9e3fc382bac4c23f7a0aca7b3,44
E:\压裂窜扰项目\02 规范化\不重要的\阳101H2\阳101H2 邻井压力监测\阳101h26平台临井压裂监测数据10.17.xlsx,阳101H2,阳101H2,117160,1765940908000000000,f18977f94f55cd5f3533349e193a203ba7c0b4168a02f5093251233cd0797a70,96
E:\压裂窜扰项目\02 规范化\不重要的\阳101H2\阳101H2 邻井压力监测\阳101h26平台临井压裂监测数据10.25.xlsx,阳101H2,阳101H2,143273,1766634350000000000,792a5403f96578afe2cf4f80ade00e8ec4926987ef93e0fbece2f3b112e8acd3,128
E:\压裂窜扰项目\02 规范化\不重要的\阳101H2\阳101H2 邻井压力监测\阳101h26平台临井压裂监测数据10.26(2).xlsx,阳101H2,阳101H2,148131,1766751651000000000,2b88e7e849a6b5f710f0a36f5457c5e36a11fb94568a1c47271aa7b2ffe54da4,132
E:\压裂窜扰项目\02 规范化\不重要的\阳101H2\阳101H2 邻井压力监测\阳101h26平台临井压裂监测数据10.26(3).xlsx,阳101H2,阳101H2,156268,1766900889000000000,adee52f9b064db0b251e9dce0242636bc6e31816797259749d45d3007589b4a6,140
E:\压裂窜扰项目\02 规范化\不重要的\阳101H2\阳101H2 邻井压力监测\阳101h26平台临井压裂监测数据10.26.xlsx,阳101H2,阳101H2,152376,1766811206000000000,14c95f740e1dcdc8399883f5d2a60afbedc8a7a3a548ad9f7a7d0e7a332f6670,136
E:\压裂窜扰项目\02 规范化\不重要的\阳101H2\阳101H2 邻井压力监测\阳101h26平台临井压裂监测数据10.29.xlsx,阳101H2,阳101H2,160010,1766981591000000000,bc2aa21b04d7488763860dcbb4772bc60750412c3c90d901f7466bb11337e2fa,144
E:\压裂窜扰项目\02 规范化\不重要的\阳101H2\阳101H2 邻井压力监测\阳101h26平台临井压裂监测数据10.30.xlsx,阳101H2,阳101H2,161926,1783994929565364500,c9c5e24e0ab98a147fce80a80804b150cdf109f32d6d7178220c1f377fe55b4f,148
E:\压裂窜扰项目\02 规范化\不重要的\阳101H2\阳101H2 邻井压力监测\阳101h26平台压力.xlsx,阳101H2,阳101H2,31054,1783994932469976400,bf969423454c6baeb0dd285db9dc40b4efef80b9b113ce0853dbccdec07b223d,24
E:\压裂窜扰项目\02 规范化\不重要的\阳101H2\阳101H2 邻井压力监测\阳H32 2井1段    邻井叠合图12.10  .xlsx,阳101H2,阳101H2,37508,1765366128000000000,0c845b899d6c959962fc1f32b47ea05a7e99383d1726eca67e23b63fb6dd3ca2,6
E:\压裂窜扰项目\02 规范化\不重要的\阳101H37\阳101H37 邻井压力监测\阳101H37-1井压窜分析材料8.12-8.19_阳101H4-6井17-19号秒点数据.xls,阳101H37,阳101H37,4070847,1661235493485715600,e0b330564d0c224f3b0da658c1981869a18b6b7f07499af4dd3e9300ca83ec81,1
E:\压裂窜扰项目\02 规范化\不重要的\阳101H37\阳101H37 邻井压力监测\阳101H37-3井压窜分析材料2.3-2.9_3井12段（1-3）压裂2井套压秒点.xls,阳101H37,阳101H37,485648,1675846376226692400,45d704522b2ec9af16befa5d8c8287e55c87fb87323844a12cabcad1153cbdd6,1
E:\压裂窜扰项目\02 规范化\不重要的\阳101H37\阳101H37 邻井压力监测\阳101H37-3井压窜分析材料2.3-2.9_3井12段（4-6）压裂2井套压秒点.xls,阳101H37,阳101H37,499900,1675846375921131100,fa2a99fbe41394824e66dbdc5f7e42686ee33f5b1a9fbbb807231d73a869ca61,1
E:\压裂窜扰项目\02 规范化\不重要的\阳101H37\阳101H37 邻井压力监测\阳101H37-3井套变压窜分析材料12.16-12.22_第8段.xls,阳101H37,阳101H37,273689,1671685856591831900,cb9712efa8b22c458b2fb638e85d34d807c42dbd18dfad7524aa6bed25db1c65,1
E:\压裂窜扰项目\02 规范化\不重要的\阳101H37\阳101H37 邻井压力监测\阳101H37-3井套变压窜分析材料12.16-12.22_第9段(1).xls,阳101H37,阳101H37,306298,1671692291929934200,2bc81faa07e312a0cbc9282ef7669ae9cf57250d13816186af7f3c7a12648000,1
E:\压裂窜扰项目\02 规范化\不重要的\阳101H37\阳101H37 邻井压力监测\阳101H37-5井压窜分析材料11.11-11.17_5井27段压裂期间4井套压.xls,阳101H37,阳101H37,153426,1668574418163740300,e2351978520133547e8a8b060e227730a77ebb3b68257b563a8b0357ba39f7cf,1
E:\压裂窜扰项目\02 规范化\不重要的\阳101H37\阳101H37 邻井压力监测\阳101H37-5井压窜分析材料11.11-11.17_5井第28段压裂期间4井套压.xls,阳101H37,阳101H37,231137,1668574411248922900,bffd7d8179cff6d9f3a0f4a5bfb100a5bdcb3882e85165db201e43dde760f8f7,1
E:\压裂窜扰项目\02 规范化\泸201H5\泸201H5 邻井压力监测\泸201H5-1-10段压裂施工-2、3、4井压力监测.xls,泸201H5,泸201H5,517053,1767973771840445300,e488ef6c93b3d7a20be035725ef3a802d2985dd332c7b605aa2cdf084d329f9e,3
E:\压裂窜扰项目\02 规范化\泸201H5\泸201H5 邻井压力监测\泸201H5-1-11段压裂施工-2、3、4井压力监测.xls,泸201H5,泸201H5,567792,1767973854707790800,58e69d06d705bad8ac2f0e46495cbc7b3f3d4a9e631039ce5403338f1d260159,3
E:\压裂窜扰项目\02 规范化\泸201H5\泸201H5 邻井压力监测\泸201H5-1-12段压裂施工-2、3、4井压力监测.xls,泸201H5,泸201H5,1271579,1767973956856770200,d76724eec8ccb0defc632cf863bb1d7199ae087a55729492f9eadc4f9f6b4857,3
E:\压裂窜扰项目\02 规范化\泸201H5\泸201H5 邻井压力监测\泸201H5-1-13段压裂施工-2、3、4井压力监测.xls,泸201H5,泸201H5,474858,1767974038039312800,107149d7e85d80897e6c98748db4c0283aa7156c7af242fd50a9fb14f71d0834,3
E:\压裂窜扰项目\02 规范化\泸201H5\泸201H5 邻井压力监测\泸201H5-1-14段压裂施工-2、3、4井压力监测.xls,泸201H5,泸201H5,730060,1767980456797386900,1508d778b4b30f48b2c902f49ec44a87388c2b8fd7ed49fa7759845fcabc6ed8,3
E:\压裂窜扰项目\02 规范化\泸201H5\泸201H5 邻井压力监测\泸201H5-1-15段压裂施工-2、3、4井压力监测.xls,泸201H5,泸201H5,1251822,1767980551505153200,ed144aee704c2ef54d153452202a4a3f4f8657e8da28af2694e64a62519bf6cb,3
E:\压裂窜扰项目\02 规范化\泸201H5\泸201H5 邻井压力监测\泸201H5-1-16段压裂施工-2、3、4井压力监测.xls,泸201H5,泸201H5,409559,1767980635682901100,7f6000239227036f9e1cf3bf4c51757b924a59f29fe8b415f0daea5550c6c57e,3
E:\压裂窜扰项目\02 规范化\泸201H5\泸201H5 邻井压力监测\泸201H5-1-17段压裂施工-2、3、4井压力监测.xls,泸201H5,泸201H5,495097,1767980705118623000,2736549893bffde241eb4709e36f7710ce590299d72eb3764b3d0e11354fc441,3
E:\压裂窜扰项目\02 规范化\泸201H5\泸201H5 邻井压力监测\泸201H5-1-18段压裂施工-2、3、4井压力监测.xls,泸201H5,泸201H5,435905,1767980786238765500,52dcc0cb49c2a904d248c51921abcc51d72d26d92e2df7e262cfd6276895b5b0,3
E:\压裂窜扰项目\02 规范化\泸201H5\泸201H5 邻井压力监测\泸201H5-1-19段压裂施工-2、3、4井压力监测.xls,泸201H5,泸201H5,442355,1767980849278476200,f2cf79bc8662f4da03b496c060a58a5585ba0a6e31f3687576887d87128f7b0b,3
E:\压裂窜扰项目\02 规范化\泸201H5\泸201H5 邻井压力监测\泸201H5-1-1段压裂施工-2、3、4井压力监测.xls,泸201H5,泸201H5,605794,1767959366713945900,d2118d55abeb3e6a8eff3c4db71ab3d1187891b86a181b8fc8cce1a7efc3918d,3
E:\压裂窜扰项目\02 规范化\泸201H5\泸201H5 邻井压力监测\泸201H5-1-20段压裂施工-2、3、4井压力监测.xls,泸201H5,泸201H5,389168,1767980907419778400,4a04e9881e5125638d8dc0e9fcb760d915857c651a3156a2549b5744677b4c2d,3
E:\压裂窜扰项目\02 规范化\泸201H5\泸201H5 邻井压力监测\泸201H5-1-22段压裂施工-2、3、4井压力监测.xls,泸201H5,泸201H5,448897,1767980989023521700,da2a8806a4c451744a0d293155d2df4b1d6d7c90951a4896d3fb23321f5c752e,3
E:\压裂窜扰项目\02 规范化\泸201H5\泸201H5 邻井压力监测\泸201H5-1-23段压裂施工-2、3、4井压力监测.xls,泸201H5,泸201H5,343721,1767981066820858300,36dac3b344ced1d24c8821c9eed981a6dc9ad5f5f28766e3de7a7730233b7d8e,3
E:\压裂窜扰项目\02 规范化\泸201H5\泸201H5 邻井压力监测\泸201H5-1-2段压裂施工-2、3、4井压力监测.xls,泸201H5,泸201H5,575438,1767960668039432700,bb7117dd3b1940a37137e6241526490452d64333f476a1683db66333dd0d4474,3
E:\压裂窜扰项目\02 规范化\泸201H5\泸201H5 邻井压力监测\泸201H5-1-3段压裂施工-2、3、4井压力监测.xls,泸201H5,泸201H5,450893,1767973113124887600,f580cc626c8ea9dca3a7e376b61c65bada296e0c77bd88a603ea0e3de6ee091a,3
E:\压裂窜扰项目\02 规范化\泸201H5\泸201H5 邻井压力监测\泸201H5-1-4段压裂施工-2、3、4井压力监测.xls,泸201H5,泸201H5,469747,1767973234887502200,8a03945a1e02e348e0dc1806873d19ce3e2322760c9d4ad50c8c0430b22dff46,3
E:\压裂窜扰项目\02 规范化\泸201H5\泸201H5 邻井压力监测\泸201H5-1-5段压裂施工-2、3、4井压力监测.xls,泸201H5,泸201H5,538517,1767973315258843300,1139193e1ecc414bfb04569fef522ec5a6f4c8c6104c1cc8d47ae7d2b2536c04,3
E:\压裂窜扰项目\02 规范化\泸201H5\泸201H5 邻井压力监测\泸201H5-1-6段压裂施工-2、3、4井压力监测.xls,泸201H5,泸201H5,464525,1767973421931830700,6d6d86f8278279f75c7270fd4f7ca77b240af87f6cb6c14f89fc48a7f33e93f9,3
E:\压裂窜扰项目\02 规范化\泸201H5\泸201H5 邻井压力监测\泸201H5-1-7段压裂施工-2、3、4井压力监测.xls,泸201H5,泸201H5,486353,1767973507326380700,76f66ad58c68fdf5a17e1e31a3b204e3faa420c655bc1510b9c80686c4e68dbe,3
E:\压裂窜扰项目\02 规范化\泸201H5\泸201H5 邻井压力监测\泸201H5-1-8段压裂施工-2、3、4井压力监测.xls,泸201H5,泸201H5,446369,1767973613593767300,275d509104b23d01f568778e9b4b6cb3b2f1f01f49d0d1650dfb442224623b19,3
E:\压裂窜扰项目\02 规范化\泸201H5\泸201H5 邻井压力监测\泸201H5-1-9段压裂施工-2、3、4井压力监测.xls,泸201H5,泸201H5,495844,1767973692280305500,cf4ac16a8262f765165bfb786e910ead13345aef9376925da58a6122d1ebf8cf,3
E:\压裂窜扰项目\02 规范化\泸201H5\泸201H5 邻井压力监测\泸201H5-2-10段压裂施工-1、3、4井压力监测.xls,泸201H5,泸201H5,436863,1767986281209218100,d95861c0e6ec0c21af85ff06f8ebad3fd730d852877738f652c6267b34a7e9f6,3
E:\压裂窜扰项目\02 规范化\泸201H5\泸201H5 邻井压力监测\泸201H5-2-11段压裂施工-1、3、4井压力监测.xls,泸201H5,泸201H5,467069,1767986341752924400,2b996d81e6e347cfc8beb43185da8d4cec8acec68d53848ccaf4cbe6c61902b5,3
E:\压裂窜扰项目\02 规范化\泸201H5\泸201H5 邻井压力监测\泸201H5-2-12段压裂施工-1、3、4井压力监测.xls,泸201H5,泸201H5,413984,1767986396228220100,55483db40d5c609ca7fb41de4e0712db80493af40a50e93f341fcb9d1dc2f54e,3
E:\压裂窜扰项目\02 规范化\泸201H5\泸201H5 邻井压力监测\泸201H5-2-13段压裂施工-1、3、4井压力监测.xls,泸201H5,泸201H5,437330,1767986450953116200,9a215d4e26f5aa148fdcfc191e6b03a3e4bb80607d1cdfba74ece85efcdeee81,3
E:\压裂窜扰项目\02 规范化\泸201H5\泸201H5 邻井压力监测\泸201H5-2-14段压裂施工-1、3、4井压力监测.xls,泸201H5,泸201H5,438791,1767986500452003100,f34a8eba83ce248575ac1c6e0cac73c0f2c5e782e1d346bda27dd60a04f5634b,3
E:\压裂窜扰项目\02 规范化\泸201H5\泸201H5 邻井压力监测\泸201H5-2-15段压裂施工-1、3、4井压力监测.xls,泸201H5,泸201H5,430589,1767986546893284700,d45bea693936ecd681c45b2a3f38eab0f3f615b5d0c67f675383196ef65b200e,3
E:\压裂窜扰项目\02 规范化\泸201H5\泸201H5 邻井压力监测\泸201H5-2-16段压裂施工-1、3、4井压力监测.xls,泸201H5,泸201H5,505185,1767986601930181400,bb869db284067cd400ed91e12cd4173da73b7b803754e50b560a7742f9097d1a,3
E:\压裂窜扰项目\02 规范化\泸201H5\泸201H5 邻井压力监测\泸201H5-2-17段压裂施工-1、3、4井压力监测.xls,泸201H5,泸201H5,410024,1767986651585068600,3d7915b49732c1eeb3bea488b6185441d9d593507a7b89af78e4cebe025bb7ff,3
E:\压裂窜扰项目\02 规范化\泸201H5\泸201H5 邻井压力监测\泸201H5-2-18段压裂施工-1、3、4井压力监测.xls,泸201H5,泸201H5,435351,1767986726012799300,5366f1df55288217ab88ab223e64286cd5134ac030907bcdf41dbf73776f51b9,3
E:\压裂窜扰项目\02 规范化\泸201H5\泸201H5 邻井压力监测\泸201H5-2-19段压裂施工-1、3、4井压力监测.xls,泸201H5,泸201H5,467419,1767986790300512200,d8200af71eab62744f7a2fc93748ee4ad2a8188abfaf59990bbaf003e5d1adce,3
E:\压裂窜扰项目\02 规范化\泸201H5\泸201H5 邻井压力监测\泸201H5-2-1段压裂施工-1、3、4井压力监测.xls,泸201H5,泸201H5,458603,1767985676911755600,d9635afd7af7d2c57198bf56fc708ba95764d0a8414494adc65a7c64286472ac,3
E:\压裂窜扰项目\02 规范化\泸201H5\泸201H5 邻井压力监测\泸201H5-2-20段压裂施工-1、3、4井压力监测.xls,泸201H5,泸201H5,413393,1767986857318229900,be95ddf023266d20e58d79358babd87c4ef2d83a72abdd2027de51d3c2fbc9f4,3
E:\压裂窜扰项目\02 规范化\泸201H5\泸201H5 邻井压力监测\泸201H5-2-21段压裂施工-1、3、4井压力监测.xls,泸201H5,泸201H5,514575,1767986954428400500,2cca037679818957bff2c1f3e1c495fc4b72263fc56dd95994fa7e69d9754dd5,3
E:\压裂窜扰项目\02 规范化\泸201H5\泸201H5 邻井压力监测\泸201H5-2-22段压裂施工-1、3、4井压力监测.xls,泸201H5,泸201H5,440260,1767987025782925800,1a181056e0fb7eeeaa6d8bd51be16c25826c6c56046c51f6b9809840dde71bbb,3
E:\压裂窜扰项目\02 规范化\泸201H5\泸201H5 邻井压力监测\泸201H5-2-23段压裂施工-1、3、4井压力监测.xls,泸201H5,泸201H5,411466,1767987097184251200,475a41ab0446c616688d3c2422301a646e3eaa2024e6a60e91f16914d696e933,3
E:\压裂窜扰项目\02 规范化\泸201H5\泸201H5 邻井压力监测\泸201H5-2-24段压裂施工-1、3、4井压力监测.xls,泸201H5,泸201H5,561631,1767987160660762700,9abdb5e5343841649c50811e61f7b582007a50b02aa3eb9ad297b0aad4c754de,3
E:\压裂窜扰项目\02 规范化\泸201H5\泸201H5 邻井压力监测\泸201H5-2-2段压裂施工-1、3、4井压力监测.xls,泸201H5,泸201H5,471848,1767985796968767500,82cddbdb4bb79ef3cf3684ebf631655dcc5170c9122e66df92420cf9125994ec,3
E:\压裂窜扰项目\02 规范化\泸201H5\泸201H5 邻井压力监测\泸201H5-2-3段压裂施工-1、3、4井压力监测.xls,泸201H5,泸201H5,464279,1767985852270864700,ced761a03e67f69037d6aa06df8963a158a27642112351754d58103ae78bfecc,3
E:\压裂窜扰项目\02 规范化\泸201H5\泸201H5 邻井压力监测\泸201H5-2-4段压裂施工-1、3、4井压力监测.xls,泸201H5,泸201H5,394875,1767985915887776400,41c4be7e15de77e57aa6440b8e4a5220b26efa481c0a1de4d5382a47ee447de2,3
E:\压裂窜扰项目\02 规范化\泸201H5\泸201H5 邻井压力监测\泸201H5-2-5段压裂施工-1、3、4井压力监测.xls,泸201H5,泸201H5,443148,1767985975807481600,e32fe1af40476e8eab8f1d91bd9233139406643995f43c0b7a30acb6c6112c67,3
E:\压裂窜扰项目\02 规范化\泸201H5\泸201H5 邻井压力监测\泸201H5-2-6段压裂施工-1、3、4井压力监测.xls,泸201H5,泸201H5,440643,1767986030516777700,37a2e02e652a66316c4002c156e16653189320411ce32233c757faeb5c793bc2,3
E:\压裂窜扰项目\02 规范化\泸201H5\泸201H5 邻井压力监测\泸201H5-2-7段压裂施工-1、3、4井压力监测.xls,泸201H5,泸201H5,463916,1767986088174479000,27591c2aa85746363e8f5eb467a3b84ed81aa11d90c796dc1e69391ac79f2c61,3
E:\压裂窜扰项目\02 规范化\泸201H5\泸201H5 邻井压力监测\泸201H5-2-8段压裂施工-1、3、4井压力监测.xls,泸201H5,泸201H5,411057,1767986163600611500,4057fcbe58e596e29b8a4a548ee391653a2b2a86e079c068764f81cd6d1b8d95,3
E:\压裂窜扰项目\02 规范化\泸201H5\泸201H5 邻井压力监测\泸201H5-2-9段压裂施工-1、3、4井压力监测.xls,泸201H5,泸201H5,479131,1767986214721901300,9b6bd6a6fc677c17a243b91d42ea19c14b3b5fad54bbb281df9958041a42b6c3,3
E:\压裂窜扰项目\02 规范化\泸201H5\泸201H5 邻井压力监测\泸201H5-3-10段压裂施工-1、2、4井压力监测.xls,泸201H5,泸201H5,501171,1767987874695218100,2ddb06b9779643bc95be894419f6743432dc2fbb4efaf9a0f619ca3f62483a76,3
E:\压裂窜扰项目\02 规范化\泸201H5\泸201H5 邻井压力监测\泸201H5-3-11段压裂施工-1、2、4井压力监测.xls,泸201H5,泸201H5,671826,1767987941712935800,c054b60f3c602e09831b3871a5c21f6d61e08735f4b8a9f01fe8a5487d6cf6d7,3
E:\压裂窜扰项目\02 规范化\泸201H5\泸201H5 邻井压力监测\泸201H5-3-12段压裂施工-1、2、4井压力监测.xls,泸201H5,泸201H5,1044713,1767987989573819900,55744f8807f94d1ebaff9278c03e7afb82a46d98dda0899ca099a895c3329638,3
E:\压裂窜扰项目\02 规范化\泸201H5\泸201H5 邻井压力监测\泸201H5-3-13段压裂施工-1、2、4井压力监测.xls,泸201H5,泸201H5,473637,1767988043206714100,de97580b67c5aed5542ddf54b59ccc906d053cefc16eae365bf9e0cd24740e22,3
E:\压裂窜扰项目\02 规范化\泸201H5\泸201H5 邻井压力监测\泸201H5-3-14段压裂施工-1、2、4井压力监测.xls,泸201H5,泸201H5,507894,1767988101379216300,0bb98bef9d9f27265033506a3337891ab794522c6285c6cfadf03bffdba9dc42,3
E:\压裂窜扰项目\02 规范化\泸201H5\泸201H5 邻井压力监测\泸201H5-3-15段压裂施工-1、2、4井压力监测.xls,泸201H5,泸201H5,503066,1767988145917294500,75e74d5fdde192ef3723e0e819489b630185a0aed4a1d1e6ee7cb1ba4b46af6c,3
E:\压裂窜扰项目\02 规范化\泸201H5\泸201H5 邻井压力监测\泸201H5-3-16段压裂施工-1、2、4井压力监测.xls,泸201H5,泸201H5,581247,1767988201749792600,15c4d75ba6935a00800f8b847cbab3b860e7991b555053bb3cb6d137997fa5c5,3
E:\压裂窜扰项目\02 规范化\泸201H5\泸201H5 邻井压力监测\泸201H5-3-17段压裂施工-1、2、4井压力监测（第1次压裂）.xls,泸201H5,泸201H5,266520,1767988308609980300,351952539929d9f961e88e3345d7ccd96d4274e84d66ad272e97ab83850ea395,3
E:\压裂窜扰项目\02 规范化\泸201H5\泸201H5 邻井压力监测\泸201H5-3-17段压裂施工-1、2、4井压力监测（第2次压裂）.xls,泸201H5,泸201H5,326387,1767988379496504800,bb09176cec4fa8edf731d710137ab86d17631fbe29a30559c34f8e90ccc3dbc1,3
E:\压裂窜扰项目\02 规范化\泸201H5\泸201H5 邻井压力监测\泸201H5-3-18段压裂施工-1、2、4井压力监测.xls,泸201H5,泸201H5,509071,1767988435438203000,8f2a35561fdb115788257ba8eb21fa076b7854201a08e5b954f7edd908540a73,3
E:\压裂窜扰项目\02 规范化\泸201H5\泸201H5 邻井压力监测\泸201H5-3-19段压裂施工-1、2、4井压力监测.xls,泸201H5,泸201H5,496327,1767988491270701100,944bd9aec9ea04ab7654bd59d99d9427e8112820d8804173eb52bcd7dfec1bdc,3
E:\压裂窜扰项目\02 规范化\泸201H5\泸201H5 邻井压力监测\泸201H5-3-1段压裂施工-1、2、4井压力监测.xls,泸201H5,泸201H5,553133,1767987320915844800,0b20e5b93a3e765cc232112ca1f8d21bbe54617e5ff7eaccdd766b302ebebfa0,3
E:\压裂窜扰项目\02 规范化\泸201H5\泸201H5 邻井压力监测\泸201H5-3-20段压裂施工-1、2、4井压力监测.xls,泸201H5,泸201H5,446319,1767988550363604900,3df00fc52b54986dac7388626006f832e96e6591d4494da8822237570633ba28,3
E:\压裂窜扰项目\02 规范化\泸201H5\泸201H5 邻井压力监测\泸201H5-3-21段压裂施工-1、2、4井压力监测.xls,泸201H5,泸201H5,524228,1767988620376527800,4d867775bf9c82842cbd3130a6fe95954e6d587a560410782ce23d1c601af722,3
E:\压裂窜扰项目\02 规范化\泸201H5\泸201H5 邻井压力监测\泸201H5-3-22段压裂施工-1、2、4井压力监测.xls,泸201H5,泸201H5,447669,1767988674477422900,ce4cd7142a5f735413ffbe1cb9d11329ff6f6a412613c388c18fdb2c19ce4bce,3
E:\压裂窜扰项目\02 规范化\泸201H5\泸201H5 邻井压力监测\泸201H5-3-23段压裂施工-1、2、4井压力监测.xls,泸201H5,泸201H5,524889,1767988736113131100,706e287f93e9af019706c0283134adc04b23283add5ec8dc64be66260b5d23a4,3
E:\压裂窜扰项目\02 规范化\泸201H5\泸201H5 邻井压力监测\泸201H5-3-24段压裂施工-1、2、4井压力监测.xls,泸201H5,泸201H5,471402,1767988820462479300,e3af89920e9a3a7b0e7aaad4f69fb13e4346377e2cd5af7e20fc9f2db2bfe6c1,3
E:\压裂窜扰项目\02 规范化\泸201H5\泸201H5 邻井压力监测\泸201H5-3-2段压裂施工-1、2、4井压力监测.xls,泸201H5,泸201H5,454013,1767987407677197800,883cebda1cfe3cbdfb1ee9044944908bcf7996fc7a23272d8ab86a9948f317d9,3
E:\压裂窜扰项目\02 规范化\泸201H5\泸201H5 邻井压力监测\泸201H5-3-3段压裂施工-1、2、4井压力监测.xls,泸201H5,泸201H5,474647,1767987466239700700,7d00067aacf6395f5ec53c18ea9d9ed7f332a75a1a27ab1c106b44ca58a4d1a3,3
E:\压裂窜扰项目\02 规范化\泸201H5\泸201H5 邻井压力监测\泸201H5-3-4段压裂施工-1、2、4井压力监测.xls,泸201H5,泸201H5,527387,1767987528608610300,41ee2c810042ea3e9e8fdefde31e5126ee194c429a156639f3a1a727032d1b0f,3
E:\压裂窜扰项目\02 规范化\泸201H5\泸201H5 邻井压力监测\泸201H5-3-5段压裂施工-1、2、4井压力监测.xls,泸201H5,泸201H5,507039,1767987588481515400,1511685a783b5fe0280ebad95ff8910cc348479ee5b329788e60ad3ccb554710,3
E:\压裂窜扰项目\02 规范化\泸201H5\泸201H5 邻井压力监测\泸201H5-3-6段压裂施工-1、2、4井压力监测.xls,泸201H5,泸201H5,481888,1767987664391248700,c83c2a9173107b47d1d7e137b36b1ba6d38acc57860d8716dbcd88bce1ce1327,3
E:\压裂窜扰项目\02 规范化\泸201H5\泸201H5 邻井压力监测\泸201H5-3-7段压裂施工-1、2、4井压力监测.xls,泸201H5,泸201H5,477068,1767987721471749000,56fbbc3650a396cb5b03df215b7b5bcc0795f4f1eb6e343ad589003f3f77248f,3
E:\压裂窜扰项目\02 规范化\泸201H5\泸201H5 邻井压力监测\泸201H5-3-8段压裂施工-1、2、4井压力监测.xls,泸201H5,泸201H5,645478,1767987771345036600,141f56b7e3acb82b03bb53b961664926d73359be51edf6b13ba218f0537c5831,3
E:\压裂窜扰项目\02 规范化\泸201H5\泸201H5 邻井压力监测\泸201H5-3-9段压裂施工-1、2、4井压力监测.xls,泸201H5,泸201H5,579661,1767987819221520700,58e4ae3f25dd5202c8694a72f21459c5b3617996149856c158e3d2461f9ca92d,3
E:\压裂窜扰项目\02 规范化\泸201H5\泸201H5 邻井压力监测\泸201H5-4-10段压裂施工-1、2、3井压力监测.xls,泸201H5,泸201H5,414576,1767992378734329700,baca5dc58c0cc9c6c01d10f7ec5f63091eab9a4a9e6310a8bd51130aa2f5d14c,3
E:\压裂窜扰项目\02 规范化\泸201H5\泸201H5 邻井压力监测\泸201H5-4-11段压裂施工-1、2、3井压力监测.xls,泸201H5,泸201H5,474744,1767992441150039300,2ee4b97b4120049325bd95b74c6b40bc363d4b03aba0dc61d00c2c649037d831,3
E:\压裂窜扰项目\02 规范化\泸201H5\泸201H5 邻井压力监测\泸201H5-4-12段压裂施工-1、2、3井压力监测.xls,泸201H5,泸201H5,427525,1767992489962525000,5fb17fe12dee329a181c8268e4f9546039021cfabc804f8ed8443fa30c9d5262,3
E:\压裂窜扰项目\02 规范化\泸201H5\泸201H5 邻井压力监测\泸201H5-4-13段压裂施工-1、2、3井压力监测.xls,泸201H5,泸201H5,407629,1767992546684224600,2c6524a5d94d7a3b16115c0467bb16ac7ea11a8a1fd0b44f78283d9b08beb4ee,3
E:\压裂窜扰项目\02 规范化\泸201H5\泸201H5 邻井压力监测\泸201H5-4-14段压裂施工-1、2、3井压力监测.xls,泸201H5,泸201H5,526266,1767992600972320000,d273dad4d5ce44db67de6927bdd64927b58e7e951aef3c983d5015890c17ca66,3
E:\压裂窜扰项目\02 规范化\泸201H5\泸201H5 邻井压力监测\泸201H5-4-15段压裂施工-1、2、3井压力监测.xls,泸201H5,泸201H5,421253,1767992659238422300,92f8ad8b8bfbcb3fe3d682813668d43df5a5266238176a3afddae5730c8ee272,3
E:\压裂窜扰项目\02 规范化\泸201H5\泸201H5 邻井压力监测\泸201H5-4-16段压裂施工-1、2、3井压力监测.xls,泸201H5,泸201H5,320900,1767992716552923000,3c16ae297a75c4d53dbf08165a8e2965f6a9ab67cb095a461f1fc719719203e7,3
E:\压裂窜扰项目\02 规范化\泸201H5\泸201H5 邻井压力监测\泸201H5-4-17段压裂施工-1、2、3井压力监测.xls,泸201H5,泸201H5,430720,1767992768360614000,33a22f2d2d645181f0193cab9ba66d3805892a37ab8d8f8a4ad39d6de09dfde8,3
E:\压裂窜扰项目\02 规范化\泸201H5\泸201H5 邻井压力监测\泸201H5-4-18段压裂施工-1、2、3井压力监测.xls,泸201H5,泸201H5,409912,1767993209981789700,bb9b39014d2f6e0c35e399baca6fd5040651d834647f76696e1a141e2d5026ee,3
E:\压裂窜扰项目\02 规范化\泸201H5\泸201H5 邻井压力监测\泸201H5-4-19段压裂施工-1、2、3井压力监测.xls,泸201H5,泸201H5,1053628,1767993300586748800,e68c73183b8ca97db1560a5b0b68b18b01e680409ac008630d0ed5ba5cb969c6,3
E:\压裂窜扰项目\02 规范化\泸201H5\泸201H5 邻井压力监测\泸201H5-4-1段压裂施工-1、2、3井压力监测.xls,泸201H5,泸201H5,627664,1767991623427402400,7d0075df81658f59971b33bdd46d02c7e6201e1f0bbfc149ea64c42f2cacfb71,3
E:\压裂窜扰项目\02 规范化\泸201H5\泸201H5 邻井压力监测\泸201H5-4-20段压裂施工-1、2、3井压力监测.xls,泸201H5,泸201H5,944631,1767993361614056000,00374643e8a41bd906dc3e451cdd4caff6bdecc53d85d428c2e055985780f70d,3
E:\压裂窜扰项目\02 规范化\泸201H5\泸201H5 邻井压力监测\泸201H5-4-21段压裂施工-1、2、3井压力监测.xls,泸201H5,泸201H5,445885,1767993406588935000,59e641161ac515138413fb9c518a923a6489400f7f40e167415126bdc7e760ac,3
E:\压裂窜扰项目\02 规范化\泸201H5\泸201H5 邻井压力监测\泸201H5-4-22段压裂施工-1、2、3井压力监测.xls,泸201H5,泸201H5,531198,1767993462795833700,2a2808a4615e9b416b505f9ef2adf22a9bb327d8c205b6ee7a53f3cadfcddb7d,3
E:\压裂窜扰项目\02 规范化\泸201H5\泸201H5 邻井压力监测\泸201H5-4-24段压裂施工-1、2、3井压力监测.xls,泸201H5,泸201H5,475535,1767993515617526500,438e6bed76b97396c2c4141f72b039461bc678771924c5d5600d25f984cfc26b,3
E:\压裂窜扰项目\02 规范化\泸201H5\泸201H5 邻井压力监测\泸201H5-4-25段压裂施工-1、2、3井压力监测.xls,泸201H5,泸201H5,499063,1767993559625203800,4c6f83fd5706fffef7e81c2469979886e6f24e19de3fc0429c9d500666ef1ee3,3
E:\压裂窜扰项目\02 规范化\泸201H5\泸201H5 邻井压力监测\泸201H5-4-26段压裂施工-1、2、3井压力监测.xls,泸201H5,泸201H5,478805,1767993615941302700,6c7b77cd0ef8427817c89c5048eec297a18686eaaf8d9935a73429a1a39dc391,3
E:\压裂窜扰项目\02 规范化\泸201H5\泸201H5 邻井压力监测\泸201H5-4-27段压裂施工-1、2、3井压力监测.xls,泸201H5,泸201H5,475516,1767993671071799500,3b4b255bb77e13973cdc7753f75865c9500f14b664ddfbec7217a35c24210f96,3
E:\压裂窜扰项目\02 规范化\泸201H5\泸201H5 邻井压力监测\泸201H5-4-2段压裂施工-1、2、3井压力监测.xls,泸201H5,泸201H5,580931,1767991708213951900,196b9b6c4025c585b01f56fe349d7054e1f1705d52187c90a59e0f87ce185705,3
E:\压裂窜扰项目\02 规范化\泸201H5\泸201H5 邻井压力监测\泸201H5-4-3段压裂施工-1、2、3井压力监测.xls,泸201H5,泸201H5,628265,1767991768476857800,5ec94cedd52901fbaecd24314a5a2b96019c1d676e27bfb8f331ba27ae391adf,3
E:\压裂窜扰项目\02 规范化\泸201H5\泸201H5 邻井压力监测\泸201H5-4-4段压裂施工-1、2、3井压力监测.xls,泸201H5,泸201H5,680821,1767991824933357000,1b283c018994f8c0e3dc8c2886a876498e1c34e6902db7aa63a2be56f961f10b,3
E:\压裂窜扰项目\02 规范化\泸201H5\泸201H5 邻井压力监测\泸201H5-4-5段压裂施工-1、2、3井压力监测.xls,泸201H5,泸201H5,605872,1767991889938671100,f3160bff8c500ecdd16dd2d966a3c75a7e7218eece67c82b0c684e2801085081,3
E:\压裂窜扰项目\02 规范化\泸201H5\泸201H5 邻井压力监测\泸201H5-4-6段压裂施工-1、2、3井压力监测.xls,泸201H5,泸201H5,626057,1767991951433979100,e7cbba1da866e6b3f9533ba9307acc886b481fb528b1b59dbdd15398820134f0,3
E:\压裂窜扰项目\02 规范化\泸201H5\泸201H5 邻井压力监测\泸201H5-4-7段压裂施工-1、2、3井压力监测（第1次压裂）.xls,泸201H5,泸201H5,547043,1767992041586537500,be29781f8adf106a77cbd5fa3aedfbc82867de7d64b089269a078c45ebf4b74c,3
E:\压裂窜扰项目\02 规范化\泸201H5\泸201H5 邻井压力监测\泸201H5-4-7段压裂施工-1、2、3井压力监测（第2次压裂）.xls,泸201H5,泸201H5,478062,1767992104298647600,7196023bf0d95729b064dbe4c2015598d7cd5a8dbf6973ea0c17d37f87a86f10,3
E:\压裂窜扰项目\02 规范化\泸201H5\泸201H5 邻井压力监测\泸201H5-4-8段压裂施工-1、2、3井压力监测（第1次压裂）.xls,泸201H5,泸201H5,398601,1767992179459579600,10d970b10fd09d083f07a9d98d4719bd7e30551362c522d5856de5e2102a660a,3
E:\压裂窜扰项目\02 规范化\泸201H5\泸201H5 邻井压力监测\泸201H5-4-8段压裂施工-1、2、3井压力监测（第2次压裂）.xls,泸201H5,泸201H5,367527,1767992242062489600,c2a4b678990899e0fd4a737c02c84362c8360da2c0df231825e358907aa5a104,3
E:\压裂窜扰项目\02 规范化\泸201H5\泸201H5 邻井压力监测\泸201H5-4-9段压裂施工-1、2、3井压力监测.xls,泸201H5,泸201H5,435770,1767992320717827700,21a5c314968926abc603adc5cce57ab86915b2ba04aa4f824cf6636b84551587,3
E:\压裂窜扰项目\02 规范化\泸203H10\泸203H10 邻井压力监测\泸203H10-1-10段压裂施工-2井分点压力监测.xls,泸203H10,泸203H10,24576,1717899256000000000,82678bc9a64d95dd20f53e06515aa3dcf81d3b9dcf353ba2ea8957e5a586b3f6,1
E:\压裂窜扰项目\02 规范化\泸203H10\泸203H10 邻井压力监测\泸203H10-1-14段压裂施工-2井分点压力监测.xls,泸203H10,泸203H10,29184,1719377912000000000,f14ddc5fcc28c0bbf2662dd808fd6205078caf49a4ed9f285bb0042b4e97cb01,1
E:\压裂窜扰项目\02 规范化\泸203H10\泸203H10 邻井压力监测\泸203H10-1井套压分点-2.xls,泸203H10,泸203H10,26624,1717471692863737400,cfc12b7a626340d3686f26dc2b99bc8c0e9f923b1adfe9e4ee9d6c3056aaf093,1
E:\压裂窜扰项目\02 规范化\泸203H10\泸203H10 邻井压力监测\泸203H10-1井套压分点.xls,泸203H10,泸203H10,26624,1717471692863737400,4ac1957796c27ccfc7e1b0a74a29fb08c542cb5602c1d062b18faab6ad5919de,1
E:\压裂窜扰项目\02 规范化\泸203H10\泸203H10 邻井压力监测\泸203H10-2-13段压裂施工-1井分点压力监测.xls,泸203H10,泸203H10,24576,1718329890000000000,af8ad1d58074d530b2001675a69805af71f860ec3f06272e456f5ec2cbd60e61,1
E:\压裂窜扰项目\02 规范化\泸203H10\泸203H10 邻井压力监测\泸203H10-2-14段压裂施工-1、3井套压压力监测.xls,泸203H10,泸203H10,29184,1718590174000000000,801e1342670cdf3816c06405a1a3d78c5e80725029851352b2424039cbe3d73d,2
E:\压裂窜扰项目\02 规范化\泸203H10\泸203H10 邻井压力监测\泸203H10-2-15段压裂施工-1、3井分点压力监测.xls,泸203H10,泸203H10,32256,1718766238000000000,0f61e40579e47af5fa49347054983c3f3b18b64950d6107796ac4f1ed29841f0,2
E:\压裂窜扰项目\02 规范化\泸203H10\泸203H10 邻井压力监测\泸203H10-2-16段压裂施工-1井套压压力监测.xls,泸203H10,泸203H10,29184,1719028768000000000,007614a44eaaf59fef470dfa1ab3f6e13c8b3806130d4bb0a87a3910b67f3183,1
E:\压裂窜扰项目\02 规范化\泸203H10\泸203H10 邻井压力监测\泸203H10-2-17段压裂施工-1井分点压力监测.xls,泸203H10,泸203H10,36352,1719463858000000000,ac84be8a8bde8c388e3a92e03f7ae8131909904b64e8f8b991a1571bbc2c35ed,1
E:\压裂窜扰项目\02 规范化\泸203H10\泸203H10 邻井压力监测\泸203H10-2-3段压裂施工-3井套压压力监测-2.xls,泸203H10,泸203H10,27136,1716452558718406500,d999216b826c1c4e36f5cccc06b0786fee13938b3f02ebc59607e2f814762b9a,1
E:\压裂窜扰项目\02 规范化\泸203H10\泸203H10 邻井压力监测\泸203H10-2-3段压裂施工-3井套压压力监测.xls,泸203H10,泸203H10,27136,1716452558718406500,29f2413a23cedb744a6b9e1f359f35cf823bd9f1ba851715794f9165c6df8788,1
E:\压裂窜扰项目\02 规范化\泸203H10\泸203H10 邻井压力监测\泸203H10-2-4段压裂施工-1井套压压力监测.xls,泸203H10,泸203H10,25088,1716452558107936300,912d512164787cfaa9619bdcfbd5ae651df013c06922bee532b3f0a60f11c0ed,1
E:\压裂窜扰项目\02 规范化\泸203H10\泸203H10 邻井压力监测\泸203H10-2-9段压裂施工-1井分点压力监测.xls,泸203H10,泸203H10,31744,1717036200388570100,62278880f1b717a118340eb123962f19d58bf7831e680e5858c05375732788c2,1
E:\压裂窜扰项目\02 规范化\泸203H10\泸203H10 邻井压力监测\泸203H10-3-12段压裂施工-1井套压压力监测.xls,泸203H10,泸203H10,28160,1717822036000000000,219e9f2fa5c96dc7dac5b456ad756591f841ee3bd4617f6550748e1d8805adf7,1
E:\压裂窜扰项目\02 规范化\泸203H10\泸203H10 邻井压力监测\泸203H10-3-3段压裂施工-1、2井压力监测.xls,泸203H10,泸203H10,39936,1715782793526849400,d1516abdbd53f35e046b65d0b87c97f667d0908c345f4d2a5aae6ad4555530eb,2
E:\压裂窜扰项目\02 规范化\泸203H10\泸203H10 邻井压力监测\泸203H10-3-8段压裂施工-4井秒点压力监测.xls,泸203H10,泸203H10,30208,1717035830743866100,205ed85a1bd26893d1ab7ec81f216074b3a7c36ce586d343421c69b5838f20d7,1
E:\压裂窜扰项目\02 规范化\泸203H10\泸203H10 邻井压力监测\泸203H10-4-8段压裂施工-3井秒点压力监测.xls,泸203H10,泸203H10,43520,1716791060519661800,6680dc48fe3113678ec40523be610829592835235cd910be4cfa836ca2617ce3,1
E:\压裂窜扰项目\02 规范化\泸203H10\泸203H10 邻井压力监测\泸203H10-4-9段压裂施工-3井分点压力监测-2.xls,泸203H10,泸203H10,35328,1716885209795624400,829d0b2094e617288908a5b771dfb710df4cd36d4220e9c4027fa9b2a20c2c68,1
E:\压裂窜扰项目\02 规范化\泸203H10\泸203H10 邻井压力监测\泸203H10-4-9段压裂施工-3井分点压力监测.xls,泸203H10,泸203H10,35328,1716885209795624400,8f9cc6dd892b3af254d7db62ea1faf51e1e0a9bff2cd2f7051c87042f4f578e1,1
E:\压裂窜扰项目\02 规范化\泸203H10\泸203H10 邻井压力监测\泸203H10-4-9段压裂施工-3井秒点压力监测-2.xls,泸203H10,泸203H10,219136,1716883136577778200,cc3e49431ffc8eccdd254723d38304ba4c2d8500f236cee2aa042bfda318928d,1
E:\压裂窜扰项目\02 规范化\泸203H10\泸203H10 邻井压力监测\泸203H10-4-9段压裂施工-3井秒点压力监测.xls,泸203H10,泸203H10,219136,1716883136577778200,0c3e791807aaf60b2c005d078d022559ad0e0322ed34f420ec4fa954ac09c1fb,1
E:\压裂窜扰项目\02 规范化\泸203H10\泸203H10 邻井压力监测\泸203H10-4井2井套压  6.16.xls,泸203H10,泸203H10,29696,1718520738000000000,3ad5f33ceae818614ad661d907a6596b07f0dbaa48228d6d6511cf42f394de1b,2
E:\压裂窜扰项目\02 规范化\泸203H10\泸203H10 邻井压力监测\泸203H10平台压窜情况（5.10-5.16）_3井压力(2).xls,泸203H10,泸203H10,25088,1715503171028241100,01228584eeb964b113b8263301c243db539537d288252689ec972037e8c69710,1
E:\压裂窜扰项目\02 规范化\泸203H11\泸203H11 邻井压力监测\泸203H11-1-3段压裂施工-8井套压压力监测.xls,泸203H11,泸203H11,173210,1710922140000000000,e5a42b8dca43a7a34b93dee8133e497e35dcbb4d601de0d0289d8fc31d1a31d6,1
E:\压裂窜扰项目\02 规范化\泸203H11\泸203H11 邻井压力监测\泸203H11-1-6段压裂施工-2井套压压力监测.xls,泸203H11,泸203H11,243721,1713343282000000000,e558dc1eac2999a23057b9fae0b8222cff602925d1045944cbe5562b72a61a6f,1
E:\压裂窜扰项目\02 规范化\泸203H11\泸203H11 邻井压力监测\泸203H11-2-10段压裂施工-1井套压压力监测.xls,泸203H11,泸203H11,250419,1717914204000000000,47d90f308d0e7745462aec63b90b2146df25ddc13473cc2d4d6f2668cdccbe01,1
E:\压裂窜扰项目\02 规范化\泸203H11\泸203H11 邻井压力监测\泸203H11-2-10段压裂施工-3井套压压力监测.xls,泸203H11,泸203H11,269390,1717914204000000000,399398130941e51781ded210cd8e1ae3038c9aaf832adca994e59d8d6a7906aa,1
E:\压裂窜扰项目\02 规范化\泸203H11\泸203H11 邻井压力监测\泸203H11-2-12段压裂施工-1井套压压力监测.xls,泸203H11,泸203H11,228684,1718271418000000000,3c6af87e03e9f70c2d6b53760614e167d0785e6794e037d331a3c4d7e796b2cb,1
E:\压裂窜扰项目\02 规范化\泸203H11\泸203H11 邻井压力监测\泸203H11-2-6段压裂施工-3井套压压力监测.xls,泸203H11,泸203H11,222880,1713088894000000000,e01ee22cf759a7b9feec5a0b2ca457710da2efbf7afb53b51c07db6c757a15ea,1
E:\压裂窜扰项目\02 规范化\泸203H11\泸203H11 邻井压力监测\泸203H11-2-7段压裂施工-3井套压压力监测.xls,泸203H11,泸203H11,281085,1713169764000000000,a652d13ebeb4d9b174f555fe85c971227eeb522ed27abe4ca809ca14592c0d0c,1
E:\压裂窜扰项目\02 规范化\泸203H11\泸203H11 邻井压力监测\泸203H11-2-8段压裂施工-3井套压压力监测.xls,泸203H11,泸203H11,152369,1713240978000000000,b680f848a762635933642d0c0c87facb83072b8960f1d92278d5ae420450cf05,1
E:\压裂窜扰项目\02 规范化\泸203H11\泸203H11 邻井压力监测\泸203H11-2-9段压裂施工-1井套压压力监测.xls,泸203H11,泸203H11,274486,1717484668000000000,abc53b9f68de32d943348cb3d11c3424e0572c2b366466da8797a2820a929e96,1
E:\压裂窜扰项目\02 规范化\泸203H11\泸203H11 邻井压力监测\泸203H11-3-12段压裂施工-1井套压压力监测.xls,泸203H11,泸203H11,1170432,1717825522000000000,a13f0c3b7a8f5afe6f0283d16a7ae30f988f3a1ffa5c5df4f00a71ed974ee0a9,2
E:\压裂窜扰项目\02 规范化\泸203H11\泸203H11 邻井压力监测\泸203H11-4-3段压裂施工-3井套压压力监测.xls,泸203H11,泸203H11,254848,1711011220000000000,7016d0d55855d221cf708e5f8093ea2ff9d85505c3be5a4d0f6ae23d552d8a8a,1
E:\压裂窜扰项目\02 规范化\泸203H11\泸203H11 邻井压力监测\泸203H11-5-3段压裂施工-6井套压压力监测.xls,泸203H11,泸203H11,325982,1745293720000000000,881a319d5e72b6c0542154c5254cbf5000ac9af40e240d86cc25ac98c47a0727,1
E:\压裂窜扰项目\02 规范化\泸203H11\泸203H11 邻井压力监测\泸203H11-5-4段压裂施工-6井套压压力监测.xls,泸203H11,泸203H11,621582,1745572194000000000,e9500ce2f69fad5c4ee77dedfbcc50fdb7e253244721ffe79b6c77476210d761,1
E:\压裂窜扰项目\02 规范化\泸203H11\泸203H11 邻井压力监测\泸203H11-5-6段压裂施工-6井套压压力监测.xlsx,泸203H11,泸203H11,550228,1746348438000000000,135f4d107cd1cc60df7c8dcf1659f33b4e104d75dca7226505b13193c1f9f749,1
E:\压裂窜扰项目\02 规范化\泸203H11\泸203H11 邻井压力监测\泸203H11-5-7段压裂施工-6井套压压力监测.xls,泸203H11,泸203H11,160674,1746521080000000000,afb8fd7d72ff9ae1db23eedec811761396959206ee434f5b0e535d7aefd58a8e,1
E:\压裂窜扰项目\02 规范化\泸203H11\泸203H11 邻井压力监测\泸203H11-5-8段压裂施工-6井套压压力监测.xls,泸203H11,泸203H11,318927,1746694464000000000,3b4257b9db23fd3436fa159bd630b213f69baced1d31c7d0898539fe48530b4b,1
E:\压裂窜扰项目\02 规范化\泸203H11\泸203H11 邻井压力监测\泸203H11-5-9段压裂施工-6井压力监测.xls,泸203H11,泸203H11,1026781,1746780318000000000,2c6583c6588790577a109fb0bd8308ba3524f4dbb13d73d6a3f836cc505984f0,1
E:\压裂窜扰项目\02 规范化\泸203H11\泸203H11 邻井压力监测\泸203H11-6-13段压裂施工-5井压力监测.xls,泸203H11,泸203H11,329537,1747460050000000000,c9865d5971c4de42aafe4df41d01d341665a440f66511aa51ac3998b926b254a,3
E:\压裂窜扰项目\02 规范化\泸203H11\泸203H11 邻井压力监测\泸203H11-6-16段压裂施工-5井秒点压力监测.xls,泸203H11,泸203H11,526761,1747711630000000000,757b938dcfdc0c594cb0e5acfd4a3156417d2b391516850209a61e35711f6ff4,1
E:\压裂窜扰项目\02 规范化\泸203H11\泸203H11 邻井压力监测\泸203H11-6-17段压裂施工-5、7井秒点压力监测.xls,泸203H11,泸203H11,593972,1747796922000000000,5c1a2c98a07a3eeb3fde58992a860cb5bf26e3a0283dffb5d4fbf012c7f0f07e,2
E:\压裂窜扰项目\02 规范化\泸203H11\泸203H11 邻井压力监测\泸203H11-6-22段压裂施工-5井秒点压力监测.xls,泸203H11,泸203H11,410545,1748058972000000000,dfb2204490acb4e069b04a9f239a6d6cd1fb227b67d5e9059c1d62f5db40d038,1
E:\压裂窜扰项目\02 规范化\泸203H11\泸203H11 邻井压力监测\泸203H11-6-5段压裂施工-7井套压压力监测.xlsx,泸203H11,泸203H11,346532,1745123588000000000,7073aad5814c32d326b2d248dcb604f4f52b23a7877d0582c6ebd76e5d2bee43,1
E:\压裂窜扰项目\02 规范化\泸203H11\泸203H11 邻井压力监测\泸203H11-6-6段压裂施工-5井压力监测.xls,泸203H11,泸203H11,407262,1745396636000000000,97a729abab6dd889558430169a8bb085fa6605f172b96675cd0fc6de685d1fcb,1
E:\压裂窜扰项目\02 规范化\泸203H11\泸203H11 邻井压力监测\泸203H11-7-13段压裂施工-6井套压压力监测.xlsx,泸203H11,泸203H11,263677,1745812336000000000,ae9e5ab2d03af47aea6f6bf4c2a7d6cb0917f309c375a0fb62f2e7b1994cd544,1
E:\压裂窜扰项目\02 规范化\泸203H11\泸203H11 邻井压力监测\泸203H11-7-9段压裂施工-5、6井压力监测.xls,泸203H11,泸203H11,419433,1745466814000000000,36003a797cfaede1308d239a7f6f25f128265dbf4c15cf41543655328ef1dd95,2
E:\压裂窜扰项目\02 规范化\泸203H153\泸203H153 邻井压力监测\泸203H153-2-25段压裂施工-7井套压压力监测.xls,泸203H153,泸203H153,189666,1724458756000000000,17696989c28daadcc569f019ed55689a83e5eb937c0e20954184cfb0cc1bd37f,1
E:\压裂窜扰项目\02 规范化\泸203H153\泸203H153 邻井压力监测\泸203H153-2-6段压裂施工-7井套压压力监测.xls,泸203H153,泸203H153,79657,1722816510000000000,5efc9f87eb50ef07de38ff10040c3a4c4e51877ca821cd026a1e0c13cdd93640,1
E:\压裂窜扰项目\02 规范化\泸203H153\泸203H153 邻井压力监测\泸203H153-4-16段压裂施工-6井套压压力监测.xls,泸203H153,泸203H153,520280,1716640668000000000,b4e302d274a19b802576b620d0b2fa74c8e8049f0c4ed515cb83cd4a7073d340,1
E:\压裂窜扰项目\02 规范化\泸203H153\泸203H153 邻井压力监测\泸203H153-5-10段压裂施工-6井套压压力监测.xls,泸203H153,泸203H153,249189,1713359112000000000,5704b3fba9b802536e43f878178c4e1ac1e9018c10ff9137b6f05aba0e0df1b8,1
E:\压裂窜扰项目\02 规范化\泸203H153\泸203H153 邻井压力监测\泸203H153-5-17段压裂施工-6井套压压力监测.xls,泸203H153,泸203H153,228329,1717050608000000000,5cb982ca00e429a1a1474b270a7c59bcbe2aafed3dbaf66442837dad72614b73,1
E:\压裂窜扰项目\02 规范化\泸203H153\泸203H153 邻井压力监测\泸203H153-5-18段压裂施工-6井套压压力监测.xls,泸203H153,泸203H153,240688,1717133612000000000,50d256fd9c9d0c1cb7d01400ef47946054dd98f6b5583bd0d41cfa2a4dc770b9,1
E:\压裂窜扰项目\02 规范化\泸203H153\泸203H153 邻井压力监测\泸203H153-5-19段压裂施工-6井套压压力监测.xls,泸203H153,泸203H153,284404,1717225220000000000,6cb088084bc683db0a77e90899b04f3b157adce3bccc6ba0b600f516a7086c1c,1
E:\压裂窜扰项目\02 规范化\泸203H153\泸203H153 邻井压力监测\泸203H153-5-20段压裂施工-6井套压压力监测.xls,泸203H153,泸203H153,215615,1717406668000000000,44b18f928173a7cb4db24bac344e59bda4bdd38523d98b9b1a045c90e4d3db69,1
E:\压裂窜扰项目\02 规范化\泸203H153\泸203H153 邻井压力监测\泸203H153-5-21段压裂施工-6井套压压力监测.xls,泸203H153,泸203H153,257077,1719126172000000000,e00964309e81879c273fac8e140e97307188844c47fb45697baad12894f32495,1
E:\压裂窜扰项目\02 规范化\泸203H153\泸203H153 邻井压力监测\泸203H153-5-22段压裂施工-6井套压压力监测.xls,泸203H153,泸203H153,316926,1719481156000000000,dda62d6430536ca8b460f4307a1ac9cd36a50662e586291b68ee1dcc0e8f7f8f,1
E:\压裂窜扰项目\02 规范化\泸203H153\泸203H153 邻井压力监测\泸203H153-5-2段压裂施工-6井套压压力监测.xls,泸203H153,泸203H153,705171,1706701742000000000,67c8f75a7ddef51543e922a95f66d114f29703495f342ea4afb62a3235c234cb,1
E:\压裂窜扰项目\02 规范化\泸203H153\泸203H153 邻井压力监测\泸203H153-5-3段压裂施工-6井套压压力监测.xlsx,泸203H153,泸203H153,622298,1706866104000000000,294a52ae60e705708eb22543eb12d48d7aa6931a7cbda31d3b2482606b2adaf7,1
E:\压裂窜扰项目\02 规范化\泸203H153\泸203H153 邻井压力监测\泸203H153-5-4段压裂施工-6井套压压力监测.xls,泸203H153,泸203H153,347064,1708425620000000000,ce5c52596bf93bd1f9653400e6ad9ce1df9fd2509cce32cbe438f8d835cefe99,1
E:\压裂窜扰项目\02 规范化\泸203H153\泸203H153 邻井压力监测\泸203H153-6-13段压裂施工-4井套压压力监测.xls,泸203H153,泸203H153,110999,1713837192000000000,77d87bb05c8705dec0a10011d114c3e70bf1e9e06ce7b3e951c6419f767a326f,1
E:\压裂窜扰项目\02 规范化\泸203H153\泸203H153 邻井压力监测\泸203H153-6-17段压裂施工-5井套压压力监测.xls,泸203H153,泸203H153,226364,1719374128000000000,a186cdd3f2ba5ee63201aa5da1013194c6acfb696165c5f259c6a567a63124d9,1
E:\压裂窜扰项目\02 规范化\泸203H153\泸203H153 邻井压力监测\泸203H153-6-18段压裂施工-5井套压压力监测.xls,泸203H153,泸203H153,284946,1720245938000000000,2d8d9f51509fa021dc5eea6359cc31da45b1fb39ac396590dcfba93648104b59,1
E:\压裂窜扰项目\02 规范化\泸203H153\泸203H153 邻井压力监测\泸203H153-6-20段压裂施工-5井套压压力监测.xls,泸203H153,泸203H153,156457,1720615968000000000,383529f06601a6ceab37cfc88ff24166d7760d49683dc1c2de86040bd31243d5,1
E:\压裂窜扰项目\02 规范化\泸203H153\泸203H153 邻井压力监测\泸203H153-6-21段压裂施工-5井套压压力监测.xls,泸203H153,泸203H153,208806,1720615974000000000,3de3d48704175cef7ca059d8a820d7300000b599e890d2dda1b9c58de81dac23,1
E:\压裂窜扰项目\02 规范化\泸203H153\泸203H153 邻井压力监测\泸203H153-6-2段压裂施工-5井套压压力监测.xls,泸203H153,泸203H153,530773,1709030284000000000,aef465dc851513e205684a0ae17590bb68e21583fd51a4501a82dd0ffc31cadf,1
E:\压裂窜扰项目\02 规范化\泸203H153\泸203H153 邻井压力监测\泸203H153-7-27段压裂施工-2井套压压力监测.xls,泸203H153,泸203H153,116242,1724458758000000000,414b76b980ba07711036c6253c0f5ea61e8e883e1829619036079a4ab2ff329f,1
E:\压裂窜扰项目\02 规范化\泸203H153\泸203H153 邻井压力监测\泸203H153-7-5段压裂施工-2井套压压力监测.xls,泸203H153,泸203H153,160011,1722323742000000000,2593c0c569a1a4d689a37dc4c6cac77db7281496789ee62aeb27faf341505bbd,1
E:\压裂窜扰项目\02 规范化\泸203H153\泸203H153 邻井压力监测\泸203H153_2024.5.25压裂期间检测-6井压力.xls,泸203H153,泸203H153,668346,1717048238000000000,907c55cfd06c5a8c17a3c445ddd46571c3ea13f3b14bc1ca784ab1e3481d2eaf,1
E:\压裂窜扰项目\02 规范化\泸203H153\泸203H153 邻井压力监测\泸203H153_5-5段压裂期间5井套压数据.xls,泸203H153,泸203H153,274027,1708751942000000000,da97e1b484807bf27e3efa2ac3f7006d5e2135aead364eb30c4297e5e8b1c98b,1
E:\压裂窜扰项目\02 规范化\泸203H64\泸203H64 邻井压力监测\泸203H64-1-15段压裂施工-2、3、4、5井秒点压力监测.xls,泸203H64,泸203H64,352680,1668246444000000000,d6eab0f568647dc7c737b3c74d43af4fa636a2baaaa2a9f706a19790ed11faaa,4
E:\压裂窜扰项目\02 规范化\泸203H64\泸203H64 邻井压力监测\泸203H64-1-16段压裂施工-2、3、4、5井秒点压力监测.xls,泸203H64,泸203H64,434194,1668341070000000000,cc05a7146998f6e90a982e8f5fd949022bea9e03f9a5b260b4f2241fbda333ef,4
E:\压裂窜扰项目\02 规范化\泸203H64\泸203H64 邻井压力监测\泸203H64-1-17段压裂施工-2、3、4、5井秒点压力监测.xls,泸203H64,泸203H64,219738,1668341132000000000,93e18e69e419cd649b65596913c3399b6439e09ba5b2e9ae8ee1db86c28b8f80,4
E:\压裂窜扰项目\02 规范化\泸203H64\泸203H64 邻井压力监测\泸203H64-3-10段压裂施工-1、2、4、5井秒点压力监测.xls,泸203H64,泸203H64,535373,1672217334000000000,e8cbba743ae05e675bcef4399e0d92d19f07ac1b4bac9de49f0e79a9710ea77f,4
E:\压裂窜扰项目\02 规范化\泸203H64\泸203H64 邻井压力监测\泸203H64-3-11段压裂施工-1、2、4、5井秒点压力监测.xls,泸203H64,泸203H64,352795,1672310194000000000,a52c48f2ed8bce935483e488af9ef4d24ccfdc0672ad93650422bd416714515f,4
E:\压裂窜扰项目\02 规范化\泸203H64\泸203H64 邻井压力监测\泸203H64-3-11段压裂施工-2井压力监测.xlsx,泸203H64,泸203H64,173087,1672281364000000000,5093fcebac8fe79adb1512b4b5161a996fea1e22bb0625f71558a0d315c94220,1
E:\压裂窜扰项目\02 规范化\泸203H64\泸203H64 邻井压力监测\泸203H64-3-12段压裂施工-1、2、4、5井秒点压力监测.xls,泸203H64,泸203H64,528081,1672310194000000000,2a3394b1011f8f0cd319cf69593d44926f9b339fec25b83d01004ffb5e0a17df,4
E:\压裂窜扰项目\02 规范化\泸203H64\泸203H64 邻井压力监测\泸203H64-3-13段压裂施工-1、2、4、5井秒点压力监测.xls,泸203H64,泸203H64,329529,1672364320000000000,b8ded8e9c0d0cbe8086a18f257aa681bbe2d7e46e6b40c91714dbb9d927ef24b,4
E:\压裂窜扰项目\02 规范化\泸203H64\泸203H64 邻井压力监测\泸203H64-3-13段压裂施工-2井压力监测.xls,泸203H64,泸203H64,180905,1672378582000000000,13414b1ba53ca72457d2d5e1e761c4a4b362036f8ca824e09adaa1e7078673a1,1
E:\压裂窜扰项目\02 规范化\泸203H64\泸203H64 邻井压力监测\泸203H64-3-14段压裂施工-1、2、4、5井秒点压力监测.xls,泸203H64,泸203H64,462278,1672390744000000000,ba3a2328c307079893468629e70866896a1db0a37330bc46c94b4561705fede0,4
E:\压裂窜扰项目\02 规范化\泸203H64\泸203H64 邻井压力监测\泸203H64-3-1段压裂施工-1、2、4、5井秒点压力监测.xls,泸203H64,泸203H64,316359,1669087882000000000,f8ca50216c665b1923b59818c236e7d73c2fc8bdaf80376a5a130d3ebfe54500,4
E:\压裂窜扰项目\02 规范化\泸203H64\泸203H64 邻井压力监测\泸203H64-3-2段压裂施工-1、2、4、5井秒点压力监测.xls,泸203H64,泸203H64,359644,1669170070000000000,e61179204f9fc5c02226e9d538a375bdd8029cc57f2c4063a9e4043f85c551b1,4
E:\压裂窜扰项目\02 规范化\泸203H64\泸203H64 邻井压力监测\泸203H64-3-3段压裂施工-1、2、4、5井秒点压力监测.xls,泸203H64,泸203H64,535039,1669267852000000000,5d2fbec0d4eb81ec104fb471e54605f5ea68a7cd2c24b9a25ad22fc61e1cbeee,4
E:\压裂窜扰项目\02 规范化\泸203H64\泸203H64 邻井压力监测\泸203H64-3-4段压裂施工-1、2、4、5井秒点压力监测.xls,泸203H64,泸203H64,400925,1669342396000000000,c6c368eccc63d68a7d5de236d0eecd4bd28e88d0fc5bf1a291758afaae71a8ee,4
E:\压裂窜扰项目\02 规范化\泸203H64\泸203H64 邻井压力监测\泸203H64-3-5段压裂施工-1、2、4、5井秒点压力监测.xls,泸203H64,泸203H64,418400,1671884212000000000,de8f2f5e3db9dd7db0e5a080b780cdeae883022cd7834aa60d53ba546a1fa136,4
E:\压裂窜扰项目\02 规范化\泸203H64\泸203H64 邻井压力监测\泸203H64-3-6段压裂施工-1、2、4、5井秒点压力监测.xls,泸203H64,泸203H64,311479,1671884214000000000,a8def4b474f9762c6340c031a8a698140b9d4b2778e3d764b559a5cb88b29ef4,4
E:\压裂窜扰项目\02 规范化\泸203H64\泸203H64 邻井压力监测\泸203H64-3-7段压裂施工-1、2、4、5井秒点压力监测.xls,泸203H64,泸203H64,309142,1671958562000000000,078c2a129461bd54685244bc41b4aa072351f8fade1b729599cf3dae5ac87c94,4
E:\压裂窜扰项目\02 规范化\泸203H64\泸203H64 邻井压力监测\泸203H64-3-8段压裂施工-1、2、4、5井秒点压力监测.xls,泸203H64,泸203H64,378578,1672108028000000000,9289185efd7a4558e205e760e799c4fd627dfdfb41ff2d4a19331b2181f491b5,4
E:\压裂窜扰项目\02 规范化\泸203H64\泸203H64 邻井压力监测\泸203H64-3-9段压裂施工-1、2、4、5井秒点压力监测.xls,泸203H64,泸203H64,465818,1672137066000000000,e9b3122fdbf44013b6d70a894d37688eb55c7825f5c5b4bb5daa87f91a9c149c,4
E:\压裂窜扰项目\02 规范化\泸203H64\泸203H64 邻井压力监测\泸203H64-3-9段压裂施工-2井秒点压力监测.xlsx,泸203H64,泸203H64,212079,1672203842000000000,a88d7d294ddbeffc2b05de4183ec0e47b767d7e126193a39e59242bd443caa6a,1
E:\压裂窜扰项目\02 规范化\泸203H64\泸203H64 邻井压力监测\泸203H64-4-10段压裂施工-1、2、3、5井秒点压力监测.xls,泸203H64,泸203H64,393950,1671502162000000000,b868fff0f2c2f5df5928ab822f7f8a8e434537aab06d402a9e4514646072cab5,4
E:\压裂窜扰项目\02 规范化\泸203H64\泸203H64 邻井压力监测\泸203H64-4-11段压裂施工-1、2、3、5井秒点压力监测.xls,泸203H64,泸203H64,388577,1671528794000000000,8f745b15d88a493d2385a3b8e7ae03eb65408441ef699ac27e1a6e781c2e39c2,4
E:\压裂窜扰项目\02 规范化\泸203H64\泸203H64 邻井压力监测\泸203H64-4-12段压裂施工-1、2、3、5井秒点压力监测.xls,泸203H64,泸203H64,404703,1671622350000000000,d4272aea77c3a3ee1813e60234a4172ada9ecda2596e9534cf1639da0107b96c,4
E:\压裂窜扰项目\02 规范化\泸203H64\泸203H64 邻井压力监测\泸203H64-4-13段压裂施工-1、2、3、5井秒点压力监测.xls,泸203H64,泸203H64,433805,1671622348000000000,6f94667cc149156c14699008a687e9b3e47026e1f7c3edeab1d431104897275c,4
E:\压裂窜扰项目\02 规范化\泸203H64\泸203H64 邻井压力监测\泸203H64-4-14段压裂施工-1、2、3、5井秒点压力监测.xls,泸203H64,泸203H64,194678,1671708676000000000,1697ee0df6ee9b20a300a7e7a111beb399477b29a06e464c392f2880e4aac0de,4
E:\压裂窜扰项目\02 规范化\泸203H64\泸203H64 邻井压力监测\泸203H64-4-15段压裂施工-1、2、3、5井秒点压力监测.xls,泸203H64,泸203H64,333953,1671708674000000000,9e29f9cd2958bf2a5e122200503f75747e6f1398c5c37e157e026515a3767adc,4
E:\压裂窜扰项目\02 规范化\泸203H64\泸203H64 邻井压力监测\泸203H64-4-2段压裂施工-1、2、3、5井秒点压力监测.xls,泸203H64,泸203H64,408517,1671156450000000000,c17235b16174ead862f6701e48b852c818190419906b1c2888ad289b3151f223,4
E:\压裂窜扰项目\02 规范化\泸203H64\泸203H64 邻井压力监测\泸203H64-4-3段压裂施工-1、2、3、5井秒点压力监测.xls,泸203H64,泸203H64,354884,1671182034000000000,8654f1461c61c8fac9084720138690eecb07f0eb5c1632a243fbdc862c478cd3,4
E:\压裂窜扰项目\02 规范化\泸203H64\泸203H64 邻井压力监测\泸203H64-4-4段压裂施工-1、2、3、5井秒点压力监测.xls,泸203H64,泸203H64,193633,1671237792000000000,0349c1ad89f1526610c6e72b4eea802adf8a0b8d408efef82c00f897f3e9f539,4
E:\压裂窜扰项目\02 规范化\泸203H64\泸203H64 邻井压力监测\泸203H64-4-5段压裂施工-1、2、3、5井秒点压力监测.xls,泸203H64,泸203H64,316139,1671262140000000000,79aa4054c025e3c620be390106fc758c39c53493cf0f02be3456129996e77139,4
E:\压裂窜扰项目\02 规范化\泸203H64\泸203H64 邻井压力监测\泸203H64-4-6段压裂施工-1、2、3、5井秒点压力监测.xls,泸203H64,泸203H64,284099,1671350646000000000,b51fd0efb22e73417720f4d424669acbe6936fae1c45f4d6cc28fba285c6b5d3,4
E:\压裂窜扰项目\02 规范化\泸203H64\泸203H64 邻井压力监测\泸203H64-4-7段压裂施工-1、2、3、5井秒点压力监测.xls,泸203H64,泸203H64,185597,1671350648000000000,b9760238b1a88e2b43dae174959764bbae823f5661bb478e60cf67316888bd18,4
E:\压裂窜扰项目\02 规范化\泸203H64\泸203H64 邻井压力监测\泸203H64-4-8段压裂施工-1、2、3、5井秒点压力监测.xls,泸203H64,泸203H64,355362,1671439972000000000,85cf516598e20d4b8e3ff14e11876afa65ecf4a3b08b95d681775c5320771413,4
E:\压裂窜扰项目\02 规范化\泸203H64\泸203H64 邻井压力监测\泸203H64-4-9段压裂施工-1、2、3、5井秒点压力监测.xls,泸203H64,泸203H64,352337,1671439970000000000,6bf1d0ed5192582e7e59a4a9e57d1afb78f0a8c7760ef9ff3d7cfd58df4db38e,4
E:\压裂窜扰项目\02 规范化\泸203H64\泸203H64 邻井压力监测\泸203H64-5-10段压裂施工-1、2、3、4井秒点压力监测.xls,泸203H64,泸203H64,306372,1670840070000000000,917b18242a8bbd2cecc226525576937d329d433e10218fefb1eca4079bd6a2e5,4
E:\压裂窜扰项目\02 规范化\泸203H64\泸203H64 邻井压力监测\泸203H64-5-11段压裂施工-1、2、3、4井秒点压力监测.xls,泸203H64,泸203H64,367241,1670914186000000000,ab93544001a24df0adf3a93a39e54d57d3f12379319e712dcaf5e4a9c2cd4a93,4
E:\压裂窜扰项目\02 规范化\泸203H64\泸203H64 邻井压力监测\泸203H64-5-12段压裂施工-1、2、3、4井秒点压力监测.xls,泸203H64,泸203H64,410148,1670926964000000000,c1ace09e094b90b70538e5ee04edea11e4c94274f0759027d58ed9afa66c55d9,4
E:\压裂窜扰项目\02 规范化\泸203H64\泸203H64 邻井压力监测\泸203H64-5-13段压裂施工-1、2、3、4井秒点压力监测.xls,泸203H64,泸203H64,284982,1670982070000000000,ccb7027fc8820c2ad1b4fe260aab38a33afadef1233914b489ac1566790603ab,4
E:\压裂窜扰项目\02 规范化\泸203H64\泸203H64 邻井压力监测\泸203H64-5-14段压裂施工-1、2、3、4井秒点压力监测.xls,泸203H64,泸203H64,450101,1671010056000000000,03e90a589c19ab57964e0f20aebcc922ff10aa62898771e5fbeeb59cf71dafca,4
E:\压裂窜扰项目\02 规范化\泸203H64\泸203H64 邻井压力监测\泸203H64-5-15段压裂施工-1、2、3、4井秒点压力监测.xls,泸203H64,泸203H64,399476,1671072322000000000,321592880a1a0b5282cee8ef142ba277b9734e50895bf7c07245bfe89ea30861,4
E:\压裂窜扰项目\02 规范化\泸203H64\泸203H64 邻井压力监测\泸203H64-5-3段压裂施工-1、4、6、7井秒点压力监测.xls,泸203H64,泸203H64,940335,1667463828000000000,239adf136f1cf5035ea42333eba6f410fecb7375a1625e2d3e951a8201a0662a,5
E:\压裂窜扰项目\02 规范化\泸203H64\泸203H64 邻井压力监测\泸203H64-5-4段压裂施工-1、4、6、7井秒点压力监测.xls,泸203H64,泸203H64,409767,1667634770000000000,514d9526bfc49b60ee14c07e13e18041a421634d19ddc4dfd9da91bbbbe1def4,5
E:\压裂窜扰项目\02 规范化\泸203H64\泸203H64 邻井压力监测\泸203H64-5-5段压裂施工-1、2、3、4井秒点压力监测.xls,泸203H64,泸203H64,221537,1670571776000000000,e4312b258575897971f276bbc84aa819b78ef22e335b82450b39723794e11562,4
E:\压裂窜扰项目\02 规范化\泸203H64\泸203H64 邻井压力监测\泸203H64-5-6段压裂施工-1、2、3、4井秒点压力监测.xls,泸203H64,泸203H64,348922,1670656398000000000,d5940d5de3b7a35970be7ed1e4db51f5dbe21d179697d9ab005c0022a070180c,4
E:\压裂窜扰项目\02 规范化\泸203H64\泸203H64 邻井压力监测\泸203H64-5-7段压裂施工-1、2、3、4井秒点压力监测.xls,泸203H64,泸203H64,320038,1670723460000000000,3f35efa89273df3f1a0d29680289116c672f7f76f7c0dee07260b48a95456e8b,4
E:\压裂窜扰项目\02 规范化\泸203H64\泸203H64 邻井压力监测\泸203H64-5-8段压裂施工-1、2、3、4井秒点压力监测.xls,泸203H64,泸203H64,360100,1670759066000000000,a2a272e9f44ea20c92dca0db0351dc574ca82788ef30032d359406c3d259ddb7,4
E:\压裂窜扰项目\02 规范化\泸203H64\泸203H64 邻井压力监测\泸203H64-5-9段压裂施工-1、2、3、4井秒点压力监测.xls,泸203H64,泸203H64,383735,1670811356000000000,2992e0fa6ac2f5d37ab8908d8d30077beac10981b908cffc364618d3be2ffb1f,4
E:\压裂窜扰项目\02 规范化\泸203H64\泸203H64 邻井压力监测\泸203H64平台 -   1 井第20段压裂期间 泸203H75   平台监测数据.xlsx,泸203H64,泸203H64,16603,1668476238000000000,6708ea9b9107a521106af243f72b8cd23bfcbd4f8a3d666ccd4842d333aea0f4,4
E:\压裂窜扰项目\02 规范化\泸203H64\泸203H64 邻井压力监测\泸203H64平台压裂期间l泸203H75平台压力、液、气监测表.xlsx,泸203H64,泸203H64,143524,1667830136000000000,c0e444571cc88375b27d404ec1bba78be8df0aeda2aa392a6a3f7835dc54441c,86
E:\压裂窜扰项目\02 规范化\泸203H64\泸203H64 邻井压力监测\泸203H64平台压裂期间泸203H58平台邻井压力、液、气监测表 - 10.29(1).xlsx,泸203H64,泸203H64,15472,1667008888000000000,cf34e6a2634e1ef06c5d025a10866f7f4909a005af079a8857550dd9aba9da40,7
E:\压裂窜扰项目\02 规范化\泸203H64\泸203H64 邻井压力监测\邻井压力上涨数据_1井施工期间_75平台_11.13.2.xlsx,泸203H64,泸203H64,16622,1668477882000000000,affcf359d5de0f7843db9593a3f010fab6865d3e22026ad5bd096c6428337cac,4
E:\压裂窜扰项目\02 规范化\泸203H64\泸203H64 邻井压力监测\邻井压力上涨数据_1井施工期间_75平台_11.14.2.xlsx,泸203H64,泸203H64,16747,1668477882000000000,4bf5171ef2d760f5808ab8b005f7e8ca68ae17f76613bfb167fc6ec9170d5ba5,4
E:\压裂窜扰项目\02 规范化\泸203H64\泸203H64 邻井压力监测\邻井压力上涨数据_1井施工期间_75平台_11.14.xlsx,泸203H64,泸203H64,16707,1668477880000000000,13f6e5bcb272d19d74f177cff97de390fca1d2456b67aa5f54bad540a01e3172,4
E:\压裂窜扰项目\02 规范化\泸203H64\泸203H64 邻井压力监测\邻井压力上涨数据_1井施工期间_75平台_2022.11.13.xlsx,泸203H64,泸203H64,16816,1668477880000000000,199f248ac0df3d8b6ad4a2d784f9a2ec765fd5aac5206d6279718b6010806a8b,4
E:\压裂窜扰项目\02 规范化\泸203H64\泸203H64 邻井压力监测\邻井压力上涨数据_2井施工期间_2井压窜邻井压力上涨液量.xls,泸203H64,泸203H64,6656,1665574032000000000,0a8e0c29780c23063971dc6f6e128d921a3b2e467c63cacb06302e503f6337b6,0
E:\压裂窜扰项目\02 规范化\泸203H64\泸203H64 邻井压力监测\邻井压力上涨数据_3井施工期间_第10段_液体暂堵过程记录.xlsx,泸203H64,泸203H64,25214,1672302430000000000,3a893a2cfb1c0248c774f2bcc2cb9369bbbaad5fd5aa7c2f2c26924f9a48d2cc,0
E:\压裂窜扰项目\02 规范化\泸203H66\泸203H66 邻井压力监测\泸203H66平台-1井-13段压裂施工-1、3、4井分点压力监测.xls,泸203H66,泸203H66,41472,1679223794000000000,a48d1d5ce927d1d50c920c15692d870a09df044fea4d059f182829337f2c282a,3
E:\压裂窜扰项目\02 规范化\泸203H66\泸203H66 邻井压力监测\泸203H66平台-1井-13段压裂施工-1、3、4井秒点压力监测.xls,泸203H66,泸203H66,1281024,1679223796000000000,dc7dddbaa51befdc83f32f2ccfb94c38f00f643cad11831709b617249871e66d,3
E:\压裂窜扰项目\02 规范化\泸203H66\泸203H66 邻井压力监测\泸203H66平台-1井-13段压裂施工-1井秒点压力监测-2.xls,泸203H66,泸203H66,49152,1679247416000000000,452a3473217d3b3e4c7eb9c64cbf9bbc65a8242fc5d06d96b2811fc8528aa559,1
E:\压裂窜扰项目\02 规范化\泸203H66\泸203H66 邻井压力监测\泸203H66平台-1井-13段压裂施工-1井秒点压力监测-3.xls,泸203H66,泸203H66,1835008,1679246562000000000,626bb66b0038fc4d4a636849a7c5e3a7599eb01e0115deaebcd324fdcc942c3f,1
E:\压裂窜扰项目\02 规范化\泸203H66\泸203H66 邻井压力监测\泸203H66平台-1井-13段压裂施工-1井秒点压力监测-4.xls,泸203H66,泸203H66,49152,1679244246000000000,859dc69f3719bff570c652ad9f0760ed2cc7a2e002c188ad07440ba31506bc39,1
E:\压裂窜扰项目\02 规范化\泸203H66\泸203H66 邻井压力监测\泸203H66平台-1井-13段压裂施工-1井秒点压力监测-5.xls,泸203H66,泸203H66,1835008,1679235480000000000,44c1e80beccd517805c9369f375603ba4d2da2e774fff90b8c3e33013016bfe9,1
E:\压裂窜扰项目\02 规范化\泸203H66\泸203H66 邻井压力监测\泸203H66平台-1井-13段压裂施工-2井秒点压力监测-2.xls,泸203H66,泸203H66,1835008,1679234018000000000,552bebcfeb647ff9ce5db91dbe22ea016b4945a5ebf629a490fec54b8b205078,1
E:\压裂窜扰项目\02 规范化\泸203H66\泸203H66 邻井压力监测\泸203H66平台-1井-13段压裂施工-2井秒点压力监测-3.xls,泸203H66,泸203H66,49152,1679247416000000000,575844bdd22d280133673ee0638bc3c0b4eca04223e27af83d1b78ae29d912b7,1
E:\压裂窜扰项目\02 规范化\泸203H66\泸203H66 邻井压力监测\泸203H66平台-1井-13段压裂施工-2井秒点压力监测-4.xls,泸203H66,泸203H66,1835008,1679246560000000000,8741172d207cfd86605d0816cc57271cb72b79ed05d9e863b9b8ade2d130432d,1
E:\压裂窜扰项目\02 规范化\泸203H66\泸203H66 邻井压力监测\泸203H66平台-1井-13段压裂施工-2井秒点压力监测.xls,泸203H66,泸203H66,49152,1679244252000000000,10c843b267abdc89c3cce14220a3226bf410e6a798eb93e2c18338bbb1087d71,1
E:\压裂窜扰项目\02 规范化\泸203H66\泸203H66 邻井压力监测\泸203H66平台-1井-13段压裂施工-3井秒点压力监测-2.xls,泸203H66,泸203H66,1835008,1679234020000000000,cb0f968f03ded447cdb762c64dc23bb6881b9bbdb173981c759681db63538e08,1
E:\压裂窜扰项目\02 规范化\泸203H66\泸203H66 邻井压力监测\泸203H66平台-1井-13段压裂施工-3井秒点压力监测-3.xls,泸203H66,泸203H66,49664,1679247424000000000,af1a766f60e1642611fdde2d1b556979d58600577fc6c76da9c91cf3ed0dc74c,1
E:\压裂窜扰项目\02 规范化\泸203H66\泸203H66 邻井压力监测\泸203H66平台-1井-13段压裂施工-3井秒点压力监测-4.xls,泸203H66,泸203H66,1848832,1679247070000000000,b46d2d9c012200cf93ef2fa0381950acac1f571edae6072aa4fe2ce1b167a76f,1
E:\压裂窜扰项目\02 规范化\泸203H66\泸203H66 邻井压力监测\泸203H66平台-1井-13段压裂施工-3井秒点压力监测.xls,泸203H66,泸203H66,49152,1679244264000000000,10660a8e548a0f3e5ac5854a3f8a5f55e2d0ab77b7f15b21f1e98485c3e92ee2,1
E:\压裂窜扰项目\02 规范化\泸203H66\泸203H66 邻井压力监测\泸203H66平台-1井-14段压裂施工-1、2、4井分点压力监测.xls,泸203H66,泸203H66,31744,1679812818000000000,b95480c3fd86e799191b5114743566f93c698938c79c208c25a1ec85940c6b10,3
E:\压裂窜扰项目\02 规范化\泸203H66\泸203H66 邻井压力监测\泸203H66平台-1井-14段压裂施工-1、2、4井秒点压力监测.xls,泸203H66,泸203H66,656896,1679812818000000000,ccee3023c6bdfb0530e930c7a606dee1c90575fcce1fd88fe798e4985230fe22,3
E:\压裂窜扰项目\02 规范化\泸203H66\泸203H66 邻井压力监测\泸203H66平台-1井-15段压裂施工-2井分点压力监测.xls,泸203H66,泸203H66,13191,1680240582000000000,6a55bec9b279a4f902d41eeb92484c5e3e5764fb1daeac338d06fc41fb5783b6,1
E:\压裂窜扰项目\02 规范化\泸203H66\泸203H66 邻井压力监测\泸203H66平台-1井-15段压裂施工-2井秒点压力监测.xls,泸203H66,泸203H66,142673,1680240582000000000,c353169e10b69871bcea9581cf0d726c4edc13c95803d594f6a10011c74e6492,1
E:\压裂窜扰项目\02 规范化\泸203H66\泸203H66 邻井压力监测\泸203H66平台-1井-16段压裂施工-2、3井分点压力监测.xls,泸203H66,泸203H66,14668,1680532794000000000,7047ca8e60ea8d242852909d14c0392b58cdf7b1dd56181939e344618c1c2938,2
E:\压裂窜扰项目\02 规范化\泸203H66\泸203H66 邻井压力监测\泸203H66平台-1井-16段压裂施工-2、3井秒点压力监测.xls,泸203H66,泸203H66,219522,1680507662000000000,c9b6884b94edd71b22c6fa5c22e09e14a358be7ce4c51202d6d2451ea981f9cd,2
E:\压裂窜扰项目\02 规范化\泸203H66\泸203H66 邻井压力监测\泸203H66平台-1井-17段压裂施工-1、2、3、4井分点压力监测.xls,泸203H66,泸203H66,35840,1680997346000000000,c32a22f97fbf1b2df60f4dd2f1c1ddfbb0a258b00a15c3ade1a48cf2ed2b36c0,4
E:\压裂窜扰项目\02 规范化\泸203H66\泸203H66 邻井压力监测\泸203H66平台-1井-17段压裂施工-1、2、3、4井秒点压力监测.xls,泸203H66,泸203H66,924160,1680997346000000000,ea175d11566e40ee2f56b4908ca0edae55746427165cad11f47493556f232c18,4
E:\压裂窜扰项目\02 规范化\泸203H66\泸203H66 邻井压力监测\泸203H66平台-1井-17段压裂施工-2、3井分点压力监测.xls,泸203H66,泸203H66,14344,1680578042000000000,3c1ee2ccd624e0eeb290e035865924a3895defd1bc68c643cb7fbd6a934c7857,2
E:\压裂窜扰项目\02 规范化\泸203H66\泸203H66 邻井压力监测\泸203H66平台-1井-17段压裂施工-2、3井秒点压力监测.xls,泸203H66,泸203H66,205278,1680578042000000000,c13ae9b42468f8a6148331edb1d6fe7a45db5c27333b515858ac9e97abd3da63,2
E:\压裂窜扰项目\02 规范化\泸203H66\泸203H66 邻井压力监测\泸203H66平台-1井-18段压裂施工-1、2、3、4井分点压力监测.xls,泸203H66,泸203H66,46592,1680997346000000000,5cbf08f0fd5a6a211d834061cd877788df472599a08c3b598ed53fb6f849ecc1,4
E:\压裂窜扰项目\02 规范化\泸203H66\泸203H66 邻井压力监测\泸203H66平台-1井-18段压裂施工-1、2、3、4井秒点压力监测.xls,泸203H66,泸203H66,1382400,1680997348000000000,21e3b59bc4f5ae2ec49c22e6bd6853ea7ed47d4c4ebd98431b5e0192cd4c3767,4
E:\压裂窜扰项目\02 规范化\泸203H66\泸203H66 邻井压力监测\泸203H66平台-1井-18段压裂施工-2、3井分点压力监测.xls,泸203H66,泸203H66,14903,1680785838000000000,20bac0120013611b9809dbb888ed5987eac5ec65dac1c954e57b811ca31c0120,2
E:\压裂窜扰项目\02 规范化\泸203H66\泸203H66 邻井压力监测\泸203H66平台-1井-18段压裂施工-2、3井秒点压力监测.xls,泸203H66,泸203H66,219738,1680778510000000000,85a7fb8df80fa6a2ca24874583df1cd03af322ecd45b637feef378139c2d15f5,2
E:\压裂窜扰项目\02 规范化\泸203H66\泸203H66 邻井压力监测\泸203H66平台-1井-19段压裂施工-2、3井分点压力监测.xls,泸203H66,泸203H66,15128,1681041464000000000,a3d9ffb62760c798a332fe2b7cb114f84f4495862a30da87dd3121a793234105,2
E:\压裂窜扰项目\02 规范化\泸203H66\泸203H66 邻井压力监测\泸203H66平台-1井-19段压裂施工-邻井待核实秒点压力监测.xls,泸203H66,泸203H66,228779,1681033126000000000,d2cc196f44ed7b9ad38e8465da9c4bf16828cd4adfb64b28209e8b9335dbf2a9,2
E:\压裂窜扰项目\02 规范化\泸203H66\泸203H66 邻井压力监测\泸203H66平台-1井-20段压裂施工-2、3井分点压力监测.xls,泸203H66,泸203H66,16034,1681216246000000000,be33c57598dc6942777f3fc4ceab9a787ce943bd9c0b4143882c47a44e020432,2
E:\压裂窜扰项目\02 规范化\泸203H66\泸203H66 邻井压力监测\泸203H66平台-1井-20段压裂施工-2、3井秒点压力监测.xls,泸203H66,泸203H66,270447,1681207938000000000,e4d612eea65b50c0364bb545611d4786ac7dd7bb2da406723fa54b85c4f2f256,2
E:\压裂窜扰项目\02 规范化\泸203H66\泸203H66 邻井压力监测\泸203H66平台-1井-5段压裂施工-4井秒点压力监测.xls,泸203H66,泸203H66,830976,1677382882000000000,4101b0c04a87a9b3e0d871e5f97c114ec93409c7b8c52206f211401c2d43b432,1
E:\压裂窜扰项目\02 规范化\泸203H66\泸203H66 邻井压力监测\泸203H66平台-1井-7段压裂施工-2、3井秒点压力监测-2.xls,泸203H66,泸203H66,254790,1678617638000000000,e57b1e5d37f0e8d8cb4e408b66739433b6f3e4f6e97b7f293c2094045dcaaa2f,2
E:\压裂窜扰项目\02 规范化\泸203H66\泸203H66 邻井压力监测\泸203H66平台-1井-7段压裂施工-2、3井秒点压力监测.xls,泸203H66,泸203H66,240757,1678431094000000000,81a661209540616ec4d34b09ca8f43bf139036d63dc78293bc4ba03bd6c62e96,2
E:\压裂窜扰项目\02 规范化\泸203H66\泸203H66 邻井压力监测\泸203H66平台-1井-7段压裂施工-4井分点压力监测.xls,泸203H66,泸203H66,38400,1678626192000000000,2ebad7685749ce29ee402541e37276a61dc3836f05325fd028ebfeb694d7d0c6,1
E:\压裂窜扰项目\02 规范化\泸203H66\泸203H66 邻井压力监测\泸203H66平台-1井-7段压裂施工-4井压力监测.xls,泸203H66,泸203H66,35328,1678451130000000000,92911e268f1d9216e27cbb9092beb60fdb2b3201d185f0d8d7d89b71e1f77b91,1
E:\压裂窜扰项目\02 规范化\泸203H66\泸203H66 邻井压力监测\泸203H66平台-1井-7段压裂施工-4井秒点压力监测.xls,泸203H66,泸203H66,1090048,1678626192000000000,c204bbaef0caeedb9b78f87b9d6bcb1359c9113d593921463e1478fe4cfc2213,1
E:\压裂窜扰项目\02 规范化\泸203H66\泸203H66 邻井压力监测\泸203H66平台-1井-8段压裂施工-2、3井分点压力监测.xls,泸203H66,泸203H66,14524,1679057556000000000,ea691ced6859706289feb767eddd9f6d401c0c9632f463fa898b6552735509e0,2
E:\压裂窜扰项目\02 规范化\泸203H66\泸203H66 邻井压力监测\泸203H66平台-1井-8段压裂施工-2井秒点压力监测.xls,泸203H66,泸203H66,187914,1678605752000000000,9efea13528ffe692e7d9c7cf940ad46e06ac89d259f9e56a20e82f49e2f9efc5,1
E:\压裂窜扰项目\02 规范化\泸203H66\泸203H66 邻井压力监测\泸203H66平台-1井-8段压裂施工-3、4井分点压力监测-2.xls,泸203H66,泸203H66,43520,1679040278000000000,2aac0fb3090310a6a6f26764c1ac854035c61b02645f54d7407e219e7d3e230a,2
E:\压裂窜扰项目\02 规范化\泸203H66\泸203H66 邻井压力监测\泸203H66平台-1井-8段压裂施工-3、4井分点压力监测.xls,泸203H66,泸203H66,36352,1679057560000000000,16ff657a29e6ff57403754d390d03151cb703112cac1dca5f68a1c05d1b85ad1,2
E:\压裂窜扰项目\02 规范化\泸203H66\泸203H66 邻井压力监测\泸203H66平台-1井-8段压裂施工-3、4井秒点压力监测.xls,泸203H66,泸203H66,978432,1679040278000000000,48100948f7361e0466679fc08b22663a286ca96e0dd88b6c3e4f53a009c0974d,2
E:\压裂窜扰项目\02 规范化\泸203H66\泸203H66 邻井压力监测\泸203H66平台-1井-段号待核实压裂施工-2、3井分点压力监测.xls,泸203H66,泸203H66,15417,1678618856000000000,8cb397a52fc4e6c756da6c39a2c861cf3d9405dab4af329fd0207791a4537a20,2
E:\压裂窜扰项目\02 规范化\泸203H66\泸203H66 邻井压力监测\泸203H66平台-1井-段号待核实压裂施工-2井分点压力监测.xls,泸203H66,泸203H66,38400,1679227140000000000,3ae28e3749305898bb69ef00070916d941b437ba2e1448c2ff87c6ac1a6232dc,1
E:\压裂窜扰项目\02 规范化\泸203H66\泸203H66 邻井压力监测\泸203H66平台-1井-段号待核实压裂施工-2井秒点压力监测-2.xls,泸203H66,泸203H66,1177088,1679228132000000000,fcfbda67061cdc4203aa95625056ea79b829cc23213c0fdda7625dec92eaa8e2,1
E:\压裂窜扰项目\02 规范化\泸203H66\泸203H66 邻井压力监测\泸203H66平台-1井-段号待核实压裂施工-2井秒点压力监测-3.xls,泸203H66,泸203H66,38400,1783995159908274600,2f40b8e0d611bd0f6fee8a6428c226525fb9a678762b7459ea60488201a74413,1
E:\压裂窜扰项目\02 规范化\泸203H66\泸203H66 邻井压力监测\泸203H66平台-1井-段号待核实压裂施工-2井秒点压力监测.xls,泸203H66,泸203H66,38400,1679227140000000000,ea1b247afff9d17f44393978571805af2895b56125e55ac81c3bedff4e029a0c,1
E:\压裂窜扰项目\02 规范化\泸203H66\泸203H66 邻井压力监测\泸203H66平台-1井-段号待核实压裂施工-3井分点压力监测.xls,泸203H66,泸203H66,37888,1679227402000000000,84e25fe0c12c6ae56bdf70d20292cf4e457ee8e797c09776ab41cb593ab24e3b,1
E:\压裂窜扰项目\02 规范化\泸203H66\泸203H66 邻井压力监测\泸203H66平台-1井-段号待核实压裂施工-3井秒点压力监测-2.xls,泸203H66,泸203H66,1174016,1679228018000000000,8cd50ad03a1335af5423aaf891ad7e24c50fc2caa8ce11ceac96ba1f04c11246,1
E:\压裂窜扰项目\02 规范化\泸203H66\泸203H66 邻井压力监测\泸203H66平台-1井-段号待核实压裂施工-3井秒点压力监测.xls,泸203H66,泸203H66,37888,1783995159943675200,ccb00fbd34dbe11693b6899c16ab0b84bca511c345044d4e8f8a20b60ce5c6b9,1
E:\压裂窜扰项目\02 规范化\泸203H66\泸203H66 邻井压力监测\泸203H66平台-2井-12段压裂施工-邻井待核实分点压力监测.xls,泸203H66,泸203H66,13380,1678407194000000000,9bb9876578571a192678eaf83d065ee69aa2dd72b74f131a606e60dea25b7a60,1
E:\压裂窜扰项目\02 规范化\泸203H66\泸203H66 邻井压力监测\泸203H66平台-2井-15段压裂施工-邻井待核实分点压力监测.xls,泸203H66,泸203H66,17144,1678959142000000000,5bd408461bfe3fa455e5f27045215bb7ecaf6041c1291a9323f7aa9ef5a964c8,1
E:\压裂窜扰项目\02 规范化\泸203H66\泸203H66 邻井压力监测\泸203H66平台-2井-16段压裂施工-1、3井秒点压力监测.xls,泸203H66,泸203H66,30349,1679407376000000000,d89eeab01c40249595c258d3cada674b7f11e74669c94714e8b81e35aeeef018,2
E:\压裂窜扰项目\02 规范化\泸203H66\泸203H66 邻井压力监测\泸203H66平台-2井-16段压裂施工-1井秒点压力监测-2.xls,泸203H66,泸203H66,36864,1679399566000000000,31b9ff1d281e586fe8b9dea04cb384016d3bd203f6ac9824e1dd0504c0c6daf5,1
E:\压裂窜扰项目\02 规范化\泸203H66\泸203H66 邻井压力监测\泸203H66平台-2井-16段压裂施工-1井秒点压力监测.xls,泸203H66,泸203H66,315248,1679399124000000000,f4acad4ad4905f9c63874eb87b7befd1deada3e4f1f470d3ea900f6eca9f2afb,1
E:\压裂窜扰项目\02 规范化\泸203H66\泸203H66 邻井压力监测\泸203H66平台-2井-16段压裂施工-3井秒点压力监测.xls,泸203H66,泸203H66,254900,1679400342000000000,5ec5005d7987fc076637b74a5e40266322193895b8dca506ea45ed2cabc4b330,1
E:\压裂窜扰项目\02 规范化\泸203H66\泸203H66 邻井压力监测\泸203H66平台-2井-17段压裂施工-1、2、3、4井分点压力监测.xlsx,泸203H66,泸203H66,19247,1679744704000000000,a39a600c6d04250b0407afaef5fcaac3846437cf526a903d066c2999c5845f22,4
E:\压裂窜扰项目\02 规范化\泸203H66\泸203H66 邻井压力监测\泸203H66平台-2井-17段压裂施工-1、2、3、4井秒点压力监测.xlsx,泸203H66,泸203H66,390993,1679744704000000000,4c653e8efac70126aa56789fabae3918edc87364e876e0ab1e103a830bd37ae1,4
E:\压裂窜扰项目\02 规范化\泸203H66\泸203H66 邻井压力监测\泸203H66平台-2井-17段压裂施工-1、3井分点压力监测.xls,泸203H66,泸203H66,14886,1679744888000000000,1321d8804de62ffcb96155982476b25d8de769519a180d6f442f616a112469bd,2
E:\压裂窜扰项目\02 规范化\泸203H66\泸203H66 邻井压力监测\泸203H66平台-2井-18段压裂施工-1、3井分点压力监测.xls,泸203H66,泸203H66,14579,1679999496000000000,5042c25e4ad81865f964deb6160791b60c02c6775f36d85ebf29be044a7bf81d,2
E:\压裂窜扰项目\02 规范化\泸203H66\泸203H66 邻井压力监测\泸203H66平台-2井-18段压裂施工-邻井待核实秒点压力监测.xls,泸203H66,泸203H66,115699,1679989496000000000,eed9017e5bd50060a7b644064788a22640789a6e720a273a423aa33c31c1856a,2
E:\压裂窜扰项目\02 规范化\泸203H66\泸203H66 邻井压力监测\泸203H66平台-2井-19段压裂施工-邻井待核实分点压力监测.xls,泸203H66,泸203H66,14419,1680439278000000000,72245fae6ab7c127bb6858771d03fdcec8b845e299d25e83b84411ab233d1f3b,1
E:\压裂窜扰项目\02 规范化\泸203H66\泸203H66 邻井压力监测\泸203H66平台-2井-19段压裂施工-邻井待核实秒点压力监测.xls,泸203H66,泸203H66,208972,1680436778000000000,697050a15a6d4e2bf0245071b550b73a5b44f58584dc5452e43f0791c57ae56b,1
E:\压裂窜扰项目\02 规范化\泸203H66\泸203H66 邻井压力监测\泸203H66平台-2井-22段压裂施工-1、3井分点压力监测.xls,泸203H66,泸203H66,15201,1680691460000000000,732432a82dab7388b6f8582b9e0477805442c7f67bbe7388aa6dd998c4530570,2
E:\压裂窜扰项目\02 规范化\泸203H66\泸203H66 邻井压力监测\泸203H66平台-2井-22段压裂施工-1、3井秒点压力监测.xls,泸203H66,泸203H66,238505,1680685064000000000,f85199ef6a4aac92e349c5eaef5476c84a6a109e422e4c5fe218e2c7f94e4c78,2
E:\压裂窜扰项目\02 规范化\泸203H66\泸203H66 邻井压力监测\泸203H66平台-2井-23段压裂施工-1、3井分点压力监测.xls,泸203H66,泸203H66,14533,1680861634000000000,1aa8b79db50e38c7e78e7451e4322f5c4db11f4c7fcc78bed6991642300d87c1,2
E:\压裂窜扰项目\02 规范化\泸203H66\泸203H66 邻井压力监测\泸203H66平台-2井-23段压裂施工-1、3井秒点压力监测.xls,泸203H66,泸203H66,206054,1680854450000000000,beaf15af31e0a5bec3610ea5cf396a333bb559031b9c726aa86171611294228c,2
E:\压裂窜扰项目\02 规范化\泸203H66\泸203H66 邻井压力监测\泸203H66平台-2井-24段压裂施工-1、3井分点压力监测.xls,泸203H66,泸203H66,18427,1681375548000000000,e967ba15d02a1deb6f38adb56a6eb380286ca99d5a1c110a9a9036b161e5ad13,2
E:\压裂窜扰项目\02 规范化\泸203H66\泸203H66 邻井压力监测\泸203H66平台-2井-24段压裂施工-1、3井秒点压力监测.xls,泸203H66,泸203H66,385239,1681373930000000000,a9b4dba4b77c6e913c50a97ea64becc40efd1482dbaf22de25c41205cad0cfb8,2
E:\压裂窜扰项目\02 规范化\泸203H66\泸203H66 邻井压力监测\泸203H66平台-2井-段号待核实压裂施工-1、3井秒点压力监测.xls,泸203H66,泸203H66,219038,1679748208000000000,42cdd8ce567e46588e3747d9f936e35bdb3e7188da1684c9307c764bc3313a83,2
E:\压裂窜扰项目\02 规范化\泸203H66\泸203H66 邻井压力监测\泸203H66平台-2井-段号待核实压裂施工-邻井待核实分点压力监测.xls,泸203H66,泸203H66,14017,1678180562000000000,c0267dff4fb8969c6588c215a12b76180c72c0840b5f54c5fd19330340b5d126,2
E:\压裂窜扰项目\02 规范化\泸203H66\泸203H66 邻井压力监测\泸203H66平台-2井-段号待核实压裂施工-邻井待核实秒点压力监测-2.xls,泸203H66,泸203H66,225988,1678180564000000000,a918baa82662065fb0dee1f24cd4040318c2148d0a34eb124d71f8d3b3dba83e,2
E:\压裂窜扰项目\02 规范化\泸203H66\泸203H66 邻井压力监测\泸203H66平台-2井-段号待核实压裂施工-邻井待核实秒点压力监测.xls,泸203H66,泸203H66,165564,1678413510000000000,598c2bdbf43331032dbb0d27242eda0fac853f79aa0e7623813d95cddfba8823,1
E:\压裂窜扰项目\02 规范化\泸203H66\泸203H66 邻井压力监测\泸203H66平台-2井-段号待核实压裂施工-邻井待核实综合压力监测-2.xlsx,泸203H66,泸203H66,605347,1677552376000000000,c8db760fc78cbb261fc254a7b8d3d705f51e3f9f933de1ac2ebce3c5dc2a8882,1
E:\压裂窜扰项目\02 规范化\泸203H66\泸203H66 邻井压力监测\泸203H66平台-2井-段号待核实压裂施工-邻井待核实综合压力监测.xlsx,泸203H66,泸203H66,617843,1677552378000000000,447f2b77ee3d3c562c5afa1fb18722da79308dc7238c276cd2fbf2c8274ee0f6,1
E:\压裂窜扰项目\02 规范化\泸203H66\泸203H66 邻井压力监测\泸203H66平台-3井-11段压裂施工-1、2、4井压力监测.xlsx,泸203H66,泸203H66,695102,1678284200000000000,eafa5a36e3ccac40cd6f3e24ae85e3e41dc1c167f90a8d304626b327c187c693,3
E:\压裂窜扰项目\02 规范化\泸203H66\泸203H66 邻井压力监测\泸203H66平台-3井-11段压裂施工-1、2井分点压力监测.xlsx,泸203H66,泸203H66,14596,1678267082000000000,e204b12078bc947d45dfbc020ac0c30f4905e4d3cc183c136c3c805f94c45694,2
E:\压裂窜扰项目\02 规范化\泸203H66\泸203H66 邻井压力监测\泸203H66平台-3井-12段压裂施工-1、2井分点压力监测.xls,泸203H66,泸203H66,16226,1678581984000000000,8f076471cc03237e9477c13d9d7ec8e33563575c768554b9c93b122617bc3a58,2
E:\压裂窜扰项目\02 规范化\泸203H66\泸203H66 邻井压力监测\泸203H66平台-3井-12段压裂施工-1、2井秒点压力监测.xls,泸203H66,泸203H66,314492,1678582018000000000,6df3736025432226057addd63690632669dd8783bec46b339616942927d0ec7a,2
E:\压裂窜扰项目\02 规范化\泸203H66\泸203H66 邻井压力监测\泸203H66平台-3井-13段压裂施工-1、2井分点压力监测.xls,泸203H66,泸203H66,14119,1678695182000000000,17f2d6d55ba6e4b74b8b774220041a409a809675cbc9ec336a6a1054f8d958e9,2
E:\压裂窜扰项目\02 规范化\泸203H66\泸203H66 邻井压力监测\泸203H66平台-3井-13段压裂施工-1、2井秒点压力监测.xls,泸203H66,泸203H66,190920,1678695180000000000,066e84a1b5cefce3202268638e87d42b00cb6b0cdbdb3ca6dff8d5ce04ca70bf,2
E:\压裂窜扰项目\02 规范化\泸203H66\泸203H66 邻井压力监测\泸203H66平台-3井-15段压裂施工-2井分点压力监测.xls,泸203H66,泸203H66,14630,1678928578000000000,6139dae6006bf129da033dba57b0a93c603975b566ecc16d6bb103565a9b2bc3,1
E:\压裂窜扰项目\02 规范化\泸203H66\泸203H66 邻井压力监测\泸203H66平台-3井-15段压裂施工-2井分点压力监测.xlsx,泸203H66,泸203H66,23507,1679580720000000000,703e22aceef65b5f4f9b824db33839b6a476e5a6ee94782497c18deb2ac2dd4a,1
E:\压裂窜扰项目\02 规范化\泸203H66\泸203H66 邻井压力监测\泸203H66平台-3井-15段压裂施工-2井秒点压力监测.xls,泸203H66,泸203H66,214306,1678928750000000000,0e11acfd3112cd528760fefd9e2310891035813253b5f185ede941f9e5fe018b,1
E:\压裂窜扰项目\02 规范化\泸203H66\泸203H66 邻井压力监测\泸203H66平台-3井-17段压裂施工-1、2井分点压力监测.xls,泸203H66,泸203H66,14788,1679491082000000000,3aead35696f423b9bbc641eb65d0228cebdc10ed8ef28df127646b28ec52ba31,2
E:\压裂窜扰项目\02 规范化\泸203H66\泸203H66 邻井压力监测\泸203H66平台-3井-17段压裂施工-1、2井秒点压力监测.xls,泸203H66,泸203H66,231224,1679466506000000000,2f329f5bd759c68fed5e455aef73fbd338be3b21dfe7d985e6503c745c32833b,2
E:\压裂窜扰项目\02 规范化\泸203H66\泸203H66 邻井压力监测\泸203H66平台-3井-18段压裂施工-1、2井分点压力监测.xls,泸203H66,泸203H66,15361,1679743966000000000,ba33c2fca330e477efb398d3728a8c447b5f1dc738efe30fa7e101224d9c9b55,2
E:\压裂窜扰项目\02 规范化\泸203H66\泸203H66 邻井压力监测\泸203H66平台-3井-18段压裂施工-1、2井秒点压力监测.xls,泸203H66,泸203H66,266153,1679748208000000000,cdf814b772625487855810a94bf4f19211759751d972bed7ed3e548539c8000a,2
E:\压裂窜扰项目\02 规范化\泸203H66\泸203H66 邻井压力监测\泸203H66平台-3井-19段压裂施工-1、2井分点压力监测.xls,泸203H66,泸203H66,13798,1679885238000000000,1e59ab0f14b5058cfa261d1762d9130bb3eccb9242caccb8c54ed0112017be27,2
E:\压裂窜扰项目\02 规范化\泸203H66\泸203H66 邻井压力监测\泸203H66平台-3井-19段压裂施工-1、2井秒点压力监测.xls,泸203H66,泸203H66,171293,1679885238000000000,506cdacc0455e3a537a458ae3f8921d72ec362bc943a4393f1db0fd873378684,2
E:\压裂窜扰项目\02 规范化\泸203H66\泸203H66 邻井压力监测\泸203H66平台-3井-20段压裂施工-1、2井分点压力监测.xls,泸203H66,泸203H66,14711,1680063882000000000,1bf30a023d2ca62ab84a2dd7e98ba622ecb356f9253de2875c9c4ca5c29cd9f1,2
E:\压裂窜扰项目\02 规范化\泸203H66\泸203H66 邻井压力监测\泸203H66平台-3井-20段压裂施工-1、2井秒点压力监测.xls,泸203H66,泸203H66,213246,1680061898000000000,ce4b5909f80634e61b64d5ec0e567a1c1853a1fda9782bd26e0c423b9d16bb99,2
E:\压裂窜扰项目\02 规范化\泸203H66\泸203H66 邻井压力监测\泸203H66平台-3井-25段压裂施工-1、2井分点压力监测.xls,泸203H66,泸203H66,14651,1680945208000000000,815290ac33b28a30046e17a7d9cf7fc3b005163ed5e0acab1ce205d6046e56f2,2
E:\压裂窜扰项目\02 规范化\泸203H66\泸203H66 邻井压力监测\泸203H66平台-3井-25段压裂施工-1、2井秒点压力监测.xls,泸203H66,泸203H66,216495,1680945208000000000,8d715d634d8a1563693bb5d4b585217b3cff31f6dbb1d36bf4a123932343355e,2
E:\压裂窜扰项目\02 规范化\泸203H66\泸203H66 邻井压力监测\泸203H66平台-3井-9段压裂施工-4井压力上升图.xls,泸203H66,泸203H66,34816,1677721276000000000,b9f84c1b7ff6797348709b1c9f8a863f2991e2bfffce434caee4882e535d7b0f,1
E:\压裂窜扰项目\02 规范化\泸203H66\泸203H66 邻井压力监测\泸203H66平台-3井-9段压裂施工-4井秒点压力监测.xls,泸203H66,泸203H66,908288,1677723676000000000,3b487a000fa573f2c3343a97f80deb0432cfefff66a7fe8c1c876a0aa449ff0b,1
E:\压裂窜扰项目\02 规范化\泸203H66\泸203H66 邻井压力监测\泸203H66平台-3井-段号待核实压裂施工-1、2井分点压力监测.xls,泸203H66,泸203H66,15835,1679316850000000000,9c09a7b8b5128f0a4f57bc80689576b7705f0d580c3f5a23091481195bcaa61d,2
E:\压裂窜扰项目\02 规范化\泸203H66\泸203H66 邻井压力监测\泸203H66平台-3井-段号待核实压裂施工-1、2井秒点压力监测.xls,泸203H66,泸203H66,270998,1679295700000000000,d9eecb6d2607d4f57fc9c30541b0c2a7643db3817dec1959457db3799bafc5b6,2
E:\压裂窜扰项目\02 规范化\泸203H66\泸203H66 邻井压力监测\泸203H66平台-3井-段号待核实压裂施工-2井套压监测.xls,泸203H66,泸203H66,118838,1675837180000000000,dfc549c386baa4e0428b0a04e5adc810b6eb5d4d47b23321f51a4b6db073f788,1
E:\压裂窜扰项目\02 规范化\泸203H66\泸203H66 邻井压力监测\泸203H66平台-3井-段号待核实压裂施工-3井分点压力监测.xls,泸203H66,泸203H66,39456,1678952892000000000,2b4ad46260220d9110850fe96b796f14fd6d5768ac25c53de4386f74e50d8a9a,1
E:\压裂窜扰项目\02 规范化\泸203H66\泸203H66 邻井压力监测\泸203H66平台-井号待核实-7段压裂施工-邻井待核实分点压力监测.xls,泸203H66,泸203H66,13209,1678180560000000000,3b84cdd8a8dbdde8093f96c0bedd63bc21da7635400ab36a4fe6c66868d0f5dc,1
E:\压裂窜扰项目\02 规范化\泸203H6\泸203H6 邻井压力监测\泸203H6-1-10段压裂施工-井秒点压力监测.xlsx,泸203H6,泸203H6,152405,1664248202000000000,ac108818239c7dcc5c7b077bc9fa80374c33548538b31794fbf5021547538ac9,1
E:\压裂窜扰项目\02 规范化\泸203H6\泸203H6 邻井压力监测\泸203H6-1-11段压裂施工-井秒点压力监测.xlsx,泸203H6,泸203H6,214123,1664371802000000000,b188b33f04e8d85ae701da34f758c028ae5bf3c5f0d368940eb895f1835d0912,1
E:\压裂窜扰项目\02 规范化\泸203H6\泸203H6 邻井压力监测\泸203H6-1-8段压裂施工-2井秒点压力监测.xlsx,泸203H6,泸203H6,169135,1664094998000000000,fe09a82690b4b05f72fcdace07ae41955a215f6efd31a86dddaea6b2c717bd4f,1
E:\压裂窜扰项目\02 规范化\泸203H6\泸203H6 邻井压力监测\泸203H6-1-9段压裂施工-2、3、4井秒点压力监测.xlsx,泸203H6,泸203H6,210841,1664161090000000000,9b93ee708c75dd145cb3d236408ab72a4352f48b6ed7c73dc38fdc4bc4139bb4,3
E:\压裂窜扰项目\02 规范化\泸203H76\泸203H76 邻井压力监测\泸203H76平台-1井-10段压裂施工-2、3、4井分点压力监测.xls,泸203H76,泸203H76,34304,1678620810000000000,078aef97a4565dba9c51adfc65c6af9e3aa9973f7f8781613fc527790defaf2a,3
E:\压裂窜扰项目\02 规范化\泸203H76\泸203H76 邻井压力监测\泸203H76平台-1井-10段压裂施工-2井秒点压力监测.xls,泸203H76,泸203H76,592896,1678620812000000000,f23ed43a6ee58995677efc28c4fdeb011a3573a7364037f0a1a55d9c15f49c03,1
E:\压裂窜扰项目\02 规范化\泸203H76\泸203H76 邻井压力监测\泸203H76平台-1井-11段压裂施工-2、3、4井分点压力监测.xls,泸203H76,泸203H76,35840,1678794212000000000,984399e00ad9b43b6b05782f99b2dbb350dd5c10a1c06f4cd5f8418f2274cd90,3
E:\压裂窜扰项目\02 规范化\泸203H76\泸203H76 邻井压力监测\泸203H76平台-1井-11段压裂施工-2、3井秒点压力监测.xls,泸203H76,泸203H76,750592,1678794212000000000,2f04cd9c8240e9b46a709084c8f078185ce1dba07008cb4dcca5535ac8474135,2
E:\压裂窜扰项目\02 规范化\泸203H76\泸203H76 邻井压力监测\泸203H76平台-1井-12段压裂施工-2、3、4井分点压力监测.xls,泸203H76,泸203H76,37888,1678969058000000000,cb79e0a2f4a3477e185f91d2fea648d4124a0e7d0d4c9e103ed2a2a73e28ef44,3
E:\压裂窜扰项目\02 规范化\泸203H76\泸203H76 邻井压力监测\泸203H76平台-1井-12段压裂施工-2、3、4井秒点压力监测.xls,泸203H76,泸203H76,1041920,1678969058000000000,4eb18c603823ab2d0bb45513f14004a7f4bde8d950b9fffc10816caa673d2966,3
E:\压裂窜扰项目\02 规范化\泸203H76\泸203H76 邻井压力监测\泸203H76平台-1井-13段压裂施工-2、3、4井分点压力监测.xls,泸203H76,泸203H76,36352,1679054824000000000,628ba932df9ae0d4a6fe31d2d33a0022527851c8d1fc2783df4039f0ae900daf,3
E:\压裂窜扰项目\02 规范化\泸203H76\泸203H76 邻井压力监测\泸203H76平台-1井-13段压裂施工-2、3、4井秒点压力监测.xls,泸203H76,泸203H76,959488,1679038114000000000,26c11f055f179ff02734f304b8503de3771d6e982240c34c190064b72b8ebf47,3
E:\压裂窜扰项目\02 规范化\泸203H76\泸203H76 邻井压力监测\泸203H76平台-1井-15段压裂施工-2、3、4井分点压力监测.xls,泸203H76,泸203H76,34816,1679196536000000000,973f8f482c9701c990359952ec4650edb1fe4961aebe3e0b3ded4643aee53fe0,3
E:\压裂窜扰项目\02 规范化\泸203H76\泸203H76 邻井压力监测\泸203H76平台-1井-16段压裂施工-2、3、4井分点压力监测.xls,泸203H76,泸203H76,40448,1679403472000000000,140c40f4f9f4bc0082fd6fa11d5ac6946f1fc29576eb2d063494caf8a4755933,3
E:\压裂窜扰项目\02 规范化\泸203H76\泸203H76 邻井压力监测\泸203H76平台-1井-16段压裂施工-2、3、4井秒点压力监测.xls,泸203H76,泸203H76,1107968,1679403472000000000,413778fe0177b9cd24661fb5ebdcb73867e72b94dc2cae0d1f7b33c22f50e840,3
E:\压裂窜扰项目\02 规范化\泸203H76\泸203H76 邻井压力监测\泸203H76平台-1井-18段压裂施工-2、3、4井分点压力监测.xls,泸203H76,泸203H76,36352,1679562204000000000,e10b6f439ecfb46cbeea845a35da17bb2bc9266db4d8d0784bef1ebf44681fa0,3
E:\压裂窜扰项目\02 规范化\泸203H76\泸203H76 邻井压力监测\泸203H76平台-1井-18段压裂施工-2、3、4井秒点压力监测.xls,泸203H76,泸203H76,891904,1679562204000000000,55e27ea7d5983685f0eedf3035a4ec97846516132746d9979c8bacb458f20028,3
E:\压裂窜扰项目\02 规范化\泸203H76\泸203H76 邻井压力监测\泸203H76平台-1井-19段压裂施工-2、3、4井分点压力监测.xls,泸203H76,泸203H76,36352,1679729534000000000,31dba04f78fd3933906951a05cea3e24b5dab495da84201c3aa28fee291071fd,3
E:\压裂窜扰项目\02 规范化\泸203H76\泸203H76 邻井压力监测\泸203H76平台-1井-19段压裂施工-2、3、4井秒点压力监测.xls,泸203H76,泸203H76,834560,1679729534000000000,6738865bee4180e96fb79ca834d9763d84dd4d4f734350ce847bdeeffd00cfa0,3
E:\压裂窜扰项目\02 规范化\泸203H76\泸203H76 邻井压力监测\泸203H76平台-1井-20段压裂施工-2、3、4井分点压力监测.xls,泸203H76,泸203H76,37376,1679907732000000000,b376a7f0b74b2c6a737ee2604ad8d484ff1aa1f81b1dbab393762b9a0f2d4e04,3
E:\压裂窜扰项目\02 规范化\泸203H76\泸203H76 邻井压力监测\泸203H76平台-1井-20段压裂施工-2、3、4井秒点压力监测.xls,泸203H76,泸203H76,913920,1679907734000000000,2ad61efc106c8aca1fb4bc1fd763ffb4b0901c7e46bb72d47292b08f41989510,3
E:\压裂窜扰项目\02 规范化\泸203H76\泸203H76 邻井压力监测\泸203H76平台-1井-21段压裂施工-2、3、4井分点压力监测.xls,泸203H76,泸203H76,36864,1680081336000000000,b835036b404c8689b11235eaf727374aa952b9dd789a559f2eba13a11e8e6004,3
E:\压裂窜扰项目\02 规范化\泸203H76\泸203H76 邻井压力监测\泸203H76平台-1井-21段压裂施工-2、3、4井秒点压力监测.xls,泸203H76,泸203H76,906752,1680081340000000000,e4a7793fefc576f6db6551800018d502c2573eb53ba4b3f37141d8f02b0bd157,3
E:\压裂窜扰项目\02 规范化\泸203H76\泸203H76 邻井压力监测\泸203H76平台-1井-22段压裂施工-2、3、4井分点压力监测.xls,泸203H76,泸203H76,34304,1680157750000000000,c978d8f730df3b5e57568952260de9f370d84a7df25c13d3dd406f2071b8bd35,3
E:\压裂窜扰项目\02 规范化\泸203H76\泸203H76 邻井压力监测\泸203H76平台-1井-22段压裂施工-2、3、4井秒点压力监测.xls,泸203H76,泸203H76,843264,1680157750000000000,9b3be52c881317e588f0d64223358778f9d4f1c9383f434428a7a8c17007316e,3
E:\压裂窜扰项目\02 规范化\泸203H76\泸203H76 邻井压力监测\泸203H76平台-1井-23段压裂施工-2、3、4井分点压力监测.xls,泸203H76,泸203H76,33280,1680361058000000000,43d6d4933e62a5f9f1a1e62351b328c92f37734c931e1a239848cc20aaafe74a,3
E:\压裂窜扰项目\02 规范化\泸203H76\泸203H76 邻井压力监测\泸203H76平台-1井-23段压裂施工-2、3、4井秒点压力监测.xls,泸203H76,泸203H76,802816,1680361058000000000,7579e7fc3ebf7b3803674d6d6b9477e5d9933204ec8eabd3c53c6a4f398770c3,3
E:\压裂窜扰项目\02 规范化\泸203H76\泸203H76 邻井压力监测\泸203H76平台-1井-2段压裂施工-2井压力监测.xls,泸203H76,泸203H76,648704,1676181254000000000,0fbb27ffd0864640587db601d7a1da5bf8e021c1358ef0b2b69e32581a2213ed,1
E:\压裂窜扰项目\02 规范化\泸203H76\泸203H76 邻井压力监测\泸203H76平台-1井-5段压裂施工-2、3、4井分点压力监测.xls,泸203H76,泸203H76,43520,1677906160000000000,d39381f7c6d6e15fa55eb778fe9d8321965802f719c7ffb5482d87bda75cd9dc,3
E:\压裂窜扰项目\02 规范化\泸203H76\泸203H76 邻井压力监测\泸203H76平台-1井-5段压裂施工-2、3、4井压力监测.xls,泸203H76,泸203H76,43520,1677906160000000000,c689d97d30ae187cf3ccb41ff0c83a088ecf94edefcc53834716b8e0d81afb3b,3
E:\压裂窜扰项目\02 规范化\泸203H76\泸203H76 邻井压力监测\泸203H76平台-1井-5段压裂施工-2、3、4井秒点压力监测.xls,泸203H76,泸203H76,1017344,1677906160000000000,b89bb7db25c89df13e3a9a297257960c9b4dfed2e0cce137543543af5679d330,3
E:\压裂窜扰项目\02 规范化\泸203H76\泸203H76 邻井压力监测\泸203H76平台-1井-5段压裂施工-2井分点压力监测.xls,泸203H76,泸203H76,36352,1677901736000000000,bd188875ad33a121eaaae24303847f415a0a0b19005ac1fe525adbce92241916,1
E:\压裂窜扰项目\02 规范化\泸203H76\泸203H76 邻井压力监测\泸203H76平台-1井-5段压裂施工-2井秒点压力监测-2.xls,泸203H76,泸203H76,680448,1677901736000000000,ccea9c2b9115a09ec1a00b2f6266c0621382dc6c9a500ef75e6a67f054851679,1
E:\压裂窜扰项目\02 规范化\泸203H76\泸203H76 邻井压力监测\泸203H76平台-1井-5段压裂施工-2井秒点压力监测.xls,泸203H76,泸203H76,680448,1677895846000000000,8c26a2acda602b6cd9e200a0db51d6872f027c369bbf02aad4303c859479e5e6,1
E:\压裂窜扰项目\02 规范化\泸203H76\泸203H76 邻井压力监测\泸203H76平台-1井-5段压裂施工-邻井待核实分点压力监测.xls,泸203H76,泸203H76,288768,1677895846000000000,3b3920fc4be9c03b86480185973915dbe938526cd861b97951d25270a99d141e,1
E:\压裂窜扰项目\02 规范化\泸203H76\泸203H76 邻井压力监测\泸203H76平台-1井-7段压裂施工-2、3、4井分点压力监测.xls,泸203H76,泸203H76,39424,1677936966000000000,c71d205c567d9c37e7277bd40dd306f917899500c88e28ce0a8786fe8f41f09c,3
E:\压裂窜扰项目\02 规范化\泸203H76\泸203H76 邻井压力监测\泸203H76平台-1井-7段压裂施工-2、3、4井秒点压力监测.xls,泸203H76,泸203H76,778752,1677936968000000000,89743b502f35d5c0ecc1d87f04e90f464c75d63ebb7841a85e9a64fea9bc1e2f,3
E:\压裂窜扰项目\02 规范化\泸203H76\泸203H76 邻井压力监测\泸203H76平台-1井-8段压裂施工-2、3、4井压力监测.xls,泸203H76,泸203H76,47104,1678100690000000000,017b78967bac4e192e2c50421703015dc0cb0b049d0d7ff4c8ca37db23ccff02,3
E:\压裂窜扰项目\02 规范化\泸203H76\泸203H76 邻井压力监测\泸203H76平台-1井-9段压裂施工-2、3、4井压力监测-2.xls,泸203H76,泸203H76,40448,1678579238000000000,29cd722726b11fc000a4cface0af85a10f6cb8e01a0737657338a85ce4a34bd5,3
E:\压裂窜扰项目\02 规范化\泸203H76\泸203H76 邻井压力监测\泸203H76平台-1井-9段压裂施工-2、3、4井压力监测.xls,泸203H76,泸203H76,40448,1678579976000000000,5778aa4b15bba308f914a2c4933d67774d5e43c269e90deeba9e74072049f16c,3
E:\压裂窜扰项目\02 规范化\泸203H76\泸203H76 邻井压力监测\泸203H76平台-2井-10段压裂施工-1、3、4井压力监测-2.xls,泸203H76,泸203H76,45056,1678451130000000000,02cbb70c9aecdad1fd2904fa033d78bf9bb6c9e34fe7d8c5f612f1fc50e56144,3
E:\压裂窜扰项目\02 规范化\泸203H76\泸203H76 邻井压力监测\泸203H76平台-2井-10段压裂施工-1、3、4井压力监测.xls,泸203H76,泸203H76,45056,1678451130000000000,c33f8466d6ae581ded386425e395f91a222fa9659b92b1cd1a23c8f1d7a3c8f0,3
E:\压裂窜扰项目\02 规范化\泸203H76\泸203H76 邻井压力监测\泸203H76平台-2井-11段压裂施工-1井压力监测-2.xls,泸203H76,泸203H76,37376,1678451130000000000,5d7d80ddc764ced2ffa7b4974628b916f9836e0303f87b03207dad18b9410b11,1
E:\压裂窜扰项目\02 规范化\泸203H76\泸203H76 邻井压力监测\泸203H76平台-2井-11段压裂施工-1井压力监测.xls,泸203H76,泸203H76,37376,1678451130000000000,6ff46e6c9cc987044bdc07e8d409a7f728f055f5262cbda9dc93e8db2af6b528,1
E:\压裂窜扰项目\02 规范化\泸203H76\泸203H76 邻井压力监测\泸203H76平台-2井-12段压裂施工-1、3、4井分点压力监测.xls,泸203H76,泸203H76,47104,1678794186000000000,c84d4a9ce0cd06f4e3d8053d5fbf0b24503996dacea07fb007ab1fe9db7df6db,3
E:\压裂窜扰项目\02 规范化\泸203H76\泸203H76 邻井压力监测\泸203H76平台-2井-12段压裂施工-1、3、4井秒点压力监测.xlsx,泸203H76,泸203H76,369481,1678794186000000000,2d4b3c36b19ef21eb6eaa9a6327d3d58fa83936a93d4a8b20d9e4bccc9d6d5e2,3
E:\压裂窜扰项目\02 规范化\泸203H76\泸203H76 邻井压力监测\泸203H76平台-2井-13段压裂施工-1、3、4井分点压力监测.xlsx,泸203H76,泸203H76,227010,1679206372000000000,80ef34de18d3dd1272354ac8d21a53475b90f267ea80844e02c60a3e91c69a9d,3
E:\压裂窜扰项目\02 规范化\泸203H76\泸203H76 邻井压力监测\泸203H76平台-2井-13段压裂施工-1、3、4井秒点压力监测.xlsx,泸203H76,泸203H76,264597,1679206372000000000,f3fa55abf3c7b9c228edd51963f8c999ebc04b39ffb809fde00daeb059a34bda,3
E:\压裂窜扰项目\02 规范化\泸203H76\泸203H76 邻井压力监测\泸203H76平台-2井-14段压裂施工-1、3、4井分点压力监测.xlsx,泸203H76,泸203H76,15375,1679294332000000000,1f1e9acbfbb3ef472ff0d10ac72860347d79c66fc754cef8e46ec018459a546f,3
E:\压裂窜扰项目\02 规范化\泸203H76\泸203H76 邻井压力监测\泸203H76平台-2井-14段压裂施工-1、3、4井秒点压力监测.xlsx,泸203H76,泸203H76,225815,1679294332000000000,358fd96e5dd99f326dfcf0bb4123e76a2e703ec7a90503d13ab52fa99c0a8eff,3
E:\压裂窜扰项目\02 规范化\泸203H76\泸203H76 邻井压力监测\泸203H76平台-2井-16段压裂施工-1、3、4井分点压力监测.xls,泸203H76,泸203H76,35840,1679496354000000000,77c1045d0bbfeb1a5a9eef2ed288ad9751ded3e8211b5f20505ee2df80c38b62,3
E:\压裂窜扰项目\02 规范化\泸203H76\泸203H76 邻井压力监测\泸203H76平台-2井-16段压裂施工-1、3、4井秒点压力监测.xls,泸203H76,泸203H76,950272,1679482108000000000,5e112a04343d2f70c10f9012414ddf2a6b9a1e79b9499e3754c79873f5b20bb6,3
E:\压裂窜扰项目\02 规范化\泸203H76\泸203H76 邻井压力监测\泸203H76平台-2井-17段压裂施工-1、3、4井分点压力监测.xls,泸203H76,泸203H76,38400,1679644440000000000,e47efbb751d5be888d7f7a06b27bb35d7683cf1cf6cfae0d2808e6b5d8ae079f,3
E:\压裂窜扰项目\02 规范化\泸203H76\泸203H76 邻井压力监测\泸203H76平台-2井-17段压裂施工-1、3、4井秒点压力监测.xls,泸203H76,泸203H76,946688,1679644440000000000,3fe5f0d0b1a32db10414f06293c13a7c52d6051bb968611c8309c5f21a7b4413,3
E:\压裂窜扰项目\02 规范化\泸203H76\泸203H76 邻井压力监测\泸203H76平台-2井-18段压裂施工-1、3、4井分点压力监测.xls,泸203H76,泸203H76,37376,1679798388000000000,a6e76fcefe9805511782e0b0468dbe7d9ab59d7a4d015735d09b461e3531cd97,3
E:\压裂窜扰项目\02 规范化\泸203H76\泸203H76 邻井压力监测\泸203H76平台-2井-18段压裂施工-1、3、4井秒点压力监测.xls,泸203H76,泸203H76,1015808,1679797924000000000,b4c78343f53c2d8e61577fba8473acaac3fe8114ae88357b3600c13fb1f018d7,3
E:\压裂窜扰项目\02 规范化\泸203H76\泸203H76 邻井压力监测\泸203H76平台-2井-19段压裂施工-1、3、4井分点压力监测.xls,泸203H76,泸203H76,35328,1679972192000000000,d16328d437ea97347cddc1a19a3a3e76ccf5f55ce392c08f72074da1f1a3f289,3
E:\压裂窜扰项目\02 规范化\泸203H76\泸203H76 邻井压力监测\泸203H76平台-2井-19段压裂施工-1、3、4井秒点压力监测.xls,泸203H76,泸203H76,938496,1679971858000000000,3fade4141c1cf27abbd389037411e4c84459cd2152ecbec7c9122da847148507,3
E:\压裂窜扰项目\02 规范化\泸203H76\泸203H76 邻井压力监测\泸203H76平台-2井-2段压裂施工-邻井待核实秒点压力监测.xlsx,泸203H76,泸203H76,328018,1676518430000000000,3a8e462983ce449e6fc161d710388d73c62bafeee7f6b257d6e8467b62613fdf,1
E:\压裂窜扰项目\02 规范化\泸203H76\泸203H76 邻井压力监测\泸203H76平台-2井-6段压裂施工-1、3井分点压力监测-2.xls,泸203H76,泸203H76,35328,1677901736000000000,9a83e0e8d2b64775d175681dc19a65a0f6cb69919747bf82e75a6974b978b5a4,2
E:\压裂窜扰项目\02 规范化\泸203H76\泸203H76 邻井压力监测\泸203H76平台-2井-6段压裂施工-1、3井分点压力监测.xls,泸203H76,泸203H76,240640,1677899812000000000,37a4913edbb102d85756c4c5e5f10ae3a538c983bfe931dc5e628a5c657ef64d,2
E:\压裂窜扰项目\02 规范化\泸203H76\泸203H76 邻井压力监测\泸203H76平台-2井-6段压裂施工-1、3井秒点压力监测-2.xls,泸203H76,泸203H76,569856,1677901738000000000,afd47fe313dcd950fa2559f627cd2df000399d9f411e1d8fb253a010e5d4d4a3,2
E:\压裂窜扰项目\02 规范化\泸203H76\泸203H76 邻井压力监测\泸203H76平台-2井-6段压裂施工-1、3井秒点压力监测.xls,泸203H76,泸203H76,569856,1677895880000000000,592c6a62c5be8d6bdb3953881825dd0363ce8a7c94b59382b22b939acf04350d,2
E:\压裂窜扰项目\02 规范化\泸203H76\泸203H76 邻井压力监测\泸203H76平台-2井-6段压裂施工-邻井待核实分点压力监测.xls,泸203H76,泸203H76,345088,1677895880000000000,38946801002ba2e7f077f13c4980cdc6cd77afabdcce99c627f66f5cc7df43cc,2
E:\压裂窜扰项目\02 规范化\泸203H76\泸203H76 邻井压力监测\泸203H76平台-2井-7段压裂施工-1、3、4井分点压力监测-2.xls,泸203H76,泸203H76,44544,1678242708000000000,a3df4c0b670bba2fcdac18168470b38dae336a7a2e667f8fd4c10f79db0e3575,3
E:\压裂窜扰项目\02 规范化\泸203H76\泸203H76 邻井压力监测\泸203H76平台-2井-7段压裂施工-1、3、4井分点压力监测.xls,泸203H76,泸203H76,47616,1677936968000000000,c0e7df6ad5f5e0eec42e78fd452bac6fe52d61183f93969a259691ec26b69fb5,3
E:\压裂窜扰项目\02 规范化\泸203H76\泸203H76 邻井压力监测\泸203H76平台-2井-7段压裂施工-1、3、4井秒点压力监测.xls,泸203H76,泸203H76,1153536,1677936968000000000,74a0474968d8bdc5695da3d9360f8d684b951159c1439693a601e78b681f6850,3
E:\压裂窜扰项目\02 规范化\泸203H76\泸203H76 邻井压力监测\泸203H76平台-2井-8段压裂施工-1、3、4井分点压力监测.xls,泸203H76,泸203H76,39424,1677986480000000000,e702c36ce67970a1e0ab9c804f83a2c17716bb0f5a15a6bc3b40472afbc8c08e,3
E:\压裂窜扰项目\02 规范化\泸203H76\泸203H76 邻井压力监测\泸203H76平台-2井-8段压裂施工-1、3、4井秒点压力监测.xls,泸203H76,泸203H76,743424,1677986482000000000,6717105339eb55ee46fa19b76a947711619f1b3bc906cdb1e1f7219930056c45,3
E:\压裂窜扰项目\02 规范化\泸203H76\泸203H76 邻井压力监测\泸203H76平台-2井-9段压裂施工-1、3、4井分点压力监测-2.xls,泸203H76,泸203H76,48128,1678251440000000000,bbd58f9b1abef53d762cb254c335f3d40bd671f5545d42274de57b5377ea1332,3
E:\压裂窜扰项目\02 规范化\泸203H76\泸203H76 邻井压力监测\泸203H76平台-2井-9段压裂施工-1、3、4井分点压力监测.xls,泸203H76,泸203H76,48128,1678251440000000000,2dd8637db42945648bd48f34a6662accb11b9c7466c92c9d1104b8ec482a7380,3
E:\压裂窜扰项目\02 规范化\泸203H76\泸203H76 邻井压力监测\泸203H76平台-3井-10段压裂施工-1、2、4井分点压力监测.xls,泸203H76,泸203H76,218624,1679055704000000000,ab9028183a0094ad758c7ea6007d86590b1f8e73ca450bd8c3260e2b55bbaef5,3
E:\压裂窜扰项目\02 规范化\泸203H76\泸203H76 邻井压力监测\泸203H76平台-3井-10段压裂施工-1、2、4井秒点压力监测.xls,泸203H76,泸203H76,909824,1679051390000000000,1ef0652fb0c39d28df62937684b9b77ed628212db931c9fe632f312a61fa4cee,3
E:\压裂窜扰项目\02 规范化\泸203H76\泸203H76 邻井压力监测\泸203H76平台-3井-11段压裂施工-1、2、4井分点压力监测.xlsx,泸203H76,泸203H76,16478,1679126908000000000,e6d59a06e21edd7d1cc05d722ae109321ba42d117d33f0fa8d386baf0966559b,3
E:\压裂窜扰项目\02 规范化\泸203H76\泸203H76 邻井压力监测\泸203H76平台-3井-11段压裂施工-1、2、4井秒点压力监测.xlsx,泸203H76,泸203H76,301940,1679126916000000000,36790e3359bfeb4246458db1a0270899a36b5516a1be44ddab7c4785d51c5a05,3
E:\压裂窜扰项目\02 规范化\泸203H76\泸203H76 邻井压力监测\泸203H76平台-3井-12段压裂施工-1、2、4井分点压力监测.xls,泸203H76,泸203H76,30208,1679276982000000000,924855dd10c29ce4c147f95b883d414204734ad8a711c58edb257a101d517b4a,3
E:\压裂窜扰项目\02 规范化\泸203H76\泸203H76 邻井压力监测\泸203H76平台-3井-12段压裂施工-1、2、4井秒点压力监测.xls,泸203H76,泸203H76,543232,1679276984000000000,996596e7167c21a7af7624748386df21f1f55fd9a35dbbfd37fed81419a9bacd,3
E:\压裂窜扰项目\02 规范化\泸203H76\泸203H76 邻井压力监测\泸203H76平台-3井-13段压裂施工-1、2、4井分点压力监测.xls,泸203H76,泸203H76,31232,1679362886000000000,cc53971bb6c4f31a6eba4700b87872dd044ddf3754b3db70419982767f55d59c,3
E:\压裂窜扰项目\02 规范化\泸203H76\泸203H76 邻井压力监测\泸203H76平台-3井-13段压裂施工-1、2、4井秒点压力监测.xls,泸203H76,泸203H76,622080,1679362886000000000,799053ba8c4de04d202150b590919c8585a53c2ba20d1ed3fad138abbc6f08e5,3
E:\压裂窜扰项目\02 规范化\泸203H76\泸203H76 邻井压力监测\泸203H76平台-3井-15段压裂施工-1、2、4井分点压力监测.xls,泸203H76,泸203H76,37376,1679729532000000000,ffb1fb703ccae1472334af045921394f28472943d578450e3fbf43783c520d15,3
E:\压裂窜扰项目\02 规范化\泸203H76\泸203H76 邻井压力监测\泸203H76平台-3井-15段压裂施工-1、2、4井秒点压力监测.xls,泸203H76,泸203H76,946688,1679729534000000000,2d910395f5c3c56eed84f34f69cbf562cdbc757ff0247787cf519018c9c06e59,3
E:\压裂窜扰项目\02 规范化\泸203H76\泸203H76 邻井压力监测\泸203H76平台-3井-16段压裂施工-1、2、4井分点压力监测.xls,泸203H76,泸203H76,31744,1679811158000000000,9989ef9e8e1ad91981d580f3a4cb7bac9be1347ceee5230fe6b0730bf46977e2,3
E:\压裂窜扰项目\02 规范化\泸203H76\泸203H76 邻井压力监测\泸203H76平台-3井-16段压裂施工-1、2、4井秒点压力监测.xls,泸203H76,泸203H76,635392,1679811158000000000,b62e6f024effa7060923377b1f122d68abfc23f489d52bf3e7ecb09e455bfd59,3
E:\压裂窜扰项目\02 规范化\泸203H76\泸203H76 邻井压力监测\泸203H76平台-3井-17段压裂施工-1、2、4井分点压力监测.xls,泸203H76,泸203H76,36864,1679907732000000000,54eb988153d07b1829794781c55867f8cb47960509d75212ebf50db1d01e140c,3
E:\压裂窜扰项目\02 规范化\泸203H76\泸203H76 邻井压力监测\泸203H76平台-3井-17段压裂施工-1、2、4井秒点压力监测.xls,泸203H76,泸203H76,905728,1679907730000000000,7c43b8ce7e28066267d14734d319a64d174df8b0a8ca61c95b402c6043b59acc,3
E:\压裂窜扰项目\02 规范化\泸203H76\泸203H76 邻井压力监测\泸203H76平台-3井-18段压裂施工-1、2、4井分点压力监测.xls,泸203H76,泸203H76,35328,1679987786000000000,e0be1664959ef087ee1c0211a7172f5632c8fd782a5fc95f179be1eeec56b532,3
E:\压裂窜扰项目\02 规范化\泸203H76\泸203H76 邻井压力监测\泸203H76平台-3井-18段压裂施工-1、2、4井秒点压力监测.xls,泸203H76,泸203H76,832000,1679987786000000000,7b8dd75d2b1a51aedd3b2ff199f31901a2349f93d81b8c62e1524de8fecfa0b0,3
E:\压裂窜扰项目\02 规范化\泸203H76\泸203H76 邻井压力监测\泸203H76平台-3井-19段压裂施工-1、2、4井分点压力监测.xls,泸203H76,泸203H76,35328,1680081338000000000,c0fb0008442672a4cc95a3d14f74f4dae28972b106e0db2da4a8ced264d07f05,3
E:\压裂窜扰项目\02 规范化\泸203H76\泸203H76 邻井压力监测\泸203H76平台-3井-19段压裂施工-1、2、4井秒点压力监测.xls,泸203H76,泸203H76,812032,1680081338000000000,18281273858de5dd181f67d4b7063bcd8dc10e77e29fc0dcfa650a6669c7c859,3
E:\压裂窜扰项目\02 规范化\泸203H76\泸203H76 邻井压力监测\泸203H76平台-3井-20段压裂施工-1、2、4井分点压力监测.xls,泸203H76,泸203H76,35328,1680157752000000000,773a3d776a076e89b34ce55f7dc49ea5135e4ea5795259cce6df666f53499a6e,3
E:\压裂窜扰项目\02 规范化\泸203H76\泸203H76 邻井压力监测\泸203H76平台-3井-20段压裂施工-1、2、4井秒点压力监测.xls,泸203H76,泸203H76,807424,1680157752000000000,38a1da3946aa0fe546760591699629a22b58c5bcf80a9c28100235d65941e62f,3
E:\压裂窜扰项目\02 规范化\泸203H76\泸203H76 邻井压力监测\泸203H76平台-3井-21段压裂施工-1、2、4井分点压力监测.xls,泸203H76,泸203H76,37888,1680361056000000000,0f4ca83612d6da49b38e059d91644e8939439eb3ab1b98b5ddec9c5d63c8159a,3
E:\压裂窜扰项目\02 规范化\泸203H76\泸203H76 邻井压力监测\泸203H76平台-3井-21段压裂施工-1、2、4井秒点压力监测.xls,泸203H76,泸203H76,949760,1680361056000000000,e0833ec5b8ccb66960d36da5a2a2cb120405121983da81a14d4697f67680c40e,3
E:\压裂窜扰项目\02 规范化\泸203H76\泸203H76 邻井压力监测\泸203H76平台-3井-3段压裂施工-4井秒点压力监测.xls,泸203H76,泸203H76,1233920,1677314184000000000,9dac0c1f58ee79c43564679bd12bafd6233a4de896ea2ec2c3e9a1802332dfdc,1
E:\压裂窜扰项目\02 规范化\泸203H76\泸203H76 邻井压力监测\泸203H76平台-3井-7段压裂施工-1、2、3井分点压力监测.xls,泸203H76,泸203H76,22138,1678581906000000000,e661030a85d6f0766d1fb3d41ea7e805ef4bb89239b97dd62efebb7dacbb5b86,3
E:\压裂窜扰项目\02 规范化\泸203H76\泸203H76 邻井压力监测\泸203H76平台-3井-7段压裂施工-1、2、4井压力监测-2.xls,泸203H76,泸203H76,45056,1678579238000000000,4c0dc49e3dace3e156d3e7e7ee7beddf07892b6281a0e4fd9fbdd8e7a372e2dc,3
E:\压裂窜扰项目\02 规范化\泸203H76\泸203H76 邻井压力监测\泸203H76平台-3井-7段压裂施工-1、2、4井压力监测.xls,泸203H76,泸203H76,45056,1678579238000000000,844771eddca4fe0343e2e9a97b5b84fc06dc02793207299e165846447ff5271b,3
E:\压裂窜扰项目\02 规范化\泸203H76\泸203H76 邻井压力监测\泸203H76平台-3井-8段压裂施工-1、2、4井分点压力监测.xls,泸203H76,泸203H76,36864,1678620814000000000,15d1ee844422033360c7fd4124f372fe60e3b35bd8d818ebdcc81c3d7451a4cb,3
E:\压裂窜扰项目\02 规范化\泸203H76\泸203H76 邻井压力监测\泸203H76平台-3井-8段压裂施工-2、4井秒点压力监测.xls,泸203H76,泸203H76,742400,1678620818000000000,e5663a4194cbfe66af6f76376d63ef3941d798f38586d4b627f6cd8b30e1a46c,2
E:\压裂窜扰项目\02 规范化\泸203H76\泸203H76 邻井压力监测\泸203H76平台-3井-9段压裂施工-4井秒点压力监测.xls,泸203H76,泸203H76,823808,1677717448000000000,a28be62cea010f1886c26a6299723971d62ab40b2de72cc1ef155483c9a15e9e,1
E:\压裂窜扰项目\02 规范化\泸203H76\泸203H76 邻井压力监测\泸203H76平台-4井-10段压裂施工-1、2、3井分点压力监测.xls,泸203H76,泸203H76,97792,1678889270000000000,d849f02a3f781ab3b8fd5723b3dd71cb640870f39220093b392a8eab53711447,3
E:\压裂窜扰项目\02 规范化\泸203H76\泸203H76 邻井压力监测\泸203H76平台-4井-10段压裂施工-1、2、3井秒点压力监测.xls,泸203H76,泸203H76,4419584,1678891624000000000,dd248fba6b9a6de68dfa0ca75c6818e69a178e8183e128898553716087ab61ef,3
E:\压裂窜扰项目\02 规范化\泸203H76\泸203H76 邻井压力监测\泸203H76平台-4井-11段压裂施工-1、2、3井分点压力监测.xls,泸203H76,泸203H76,39936,1678969058000000000,fe62c098a2e61a87f95f0b9fe9b91dea30b267571461b0f4050ab4188699bf3a,3
E:\压裂窜扰项目\02 规范化\泸203H76\泸203H76 邻井压力监测\泸203H76平台-4井-11段压裂施工-1、2、3井秒点压力监测.xls,泸203H76,泸203H76,1046528,1678969056000000000,b3be1a781aa204aa0a10f08ef4972dce51d13c443ba81c78fc8f24e0f7b2bafc,3
E:\压裂窜扰项目\02 规范化\泸203H76\泸203H76 邻井压力监测\泸203H76平台-4井-13段压裂施工-1、2、3井分点压力监测.xls,泸203H76,泸203H76,40960,1679496080000000000,ebad06754037a1f8b7497924f27d0d1e37a18331d0ed18e6359759419ee91a87,3
E:\压裂窜扰项目\02 规范化\泸203H76\泸203H76 邻井压力监测\泸203H76平台-4井-13段压裂施工-1、2、3井秒点压力监测.xls,泸203H76,泸203H76,1190400,1679468596000000000,d71ad5a3a066e315fcf12cf47ef0fab644d0bf0efe93f3e3727dec8f4f7c7407,3
E:\压裂窜扰项目\02 规范化\泸203H76\泸203H76 邻井压力监测\泸203H76平台-4井-14段压裂施工-1、2、3井分点压力监测-2.xls,泸203H76,泸203H76,1012224,1679644440000000000,f3c6bd27854200dd2f623452b060d75226d9d90994e6d38a547aa917817530d5,3
E:\压裂窜扰项目\02 规范化\泸203H76\泸203H76 邻井压力监测\泸203H76平台-4井-14段压裂施工-1、2、3井分点压力监测.xls,泸203H76,泸203H76,37376,1679644440000000000,3ed4502ab48147d08b635eaf5e7ad706147cd30861014bc29648e6d9f5010746,3
E:\压裂窜扰项目\02 规范化\泸203H76\泸203H76 邻井压力监测\泸203H76平台-4井-14段压裂施工-1、2井分点压力监测.xls,泸203H76,泸203H76,15388,1680003880000000000,d955796c5b135925a32f9b0c5f1a2650afcf47c1c14c5eb1358d82105304ba35,2
E:\压裂窜扰项目\02 规范化\泸203H76\泸203H76 邻井压力监测\泸203H76平台-4井-16段压裂施工-1、2、3井分点压力监测.xls,泸203H76,泸203H76,36864,1680423330000000000,209f0d838ebb677f3e451de591c7db04a0a6ea6644a6c5ed5ccecd6f8dc1b217,3
E:\压裂窜扰项目\02 规范化\泸203H76\泸203H76 邻井压力监测\泸203H76平台-4井-16段压裂施工-1、2、3井秒点压力监测.xls,泸203H76,泸203H76,912384,1680423330000000000,c4d8ee44d4ac18de04b1e88d6490dbf0cdb41c02b9fe2321054525fa9ba6fdc1,3
E:\压裂窜扰项目\02 规范化\泸203H76\泸203H76 邻井压力监测\泸203H76平台-4井-18段压裂施工-1、2、3井分点压力监测.xls,泸203H76,泸203H76,37888,1680997348000000000,1b0f661a3590b802b2cb3fcf09cfc40ee75ac1b9d1702e822b581ae6007c143b,3
E:\压裂窜扰项目\02 规范化\泸203H76\泸203H76 邻井压力监测\泸203H76平台-4井-18段压裂施工-1、2、3井秒点压力监测.xls,泸203H76,泸203H76,1065472,1680997348000000000,68352e10c702aa1dc00842ef87ca40b8820a890ac396ccecce08823ffa3c37eb,3
E:\压裂窜扰项目\02 规范化\泸203H76\泸203H76 邻井压力监测\泸203H76平台-4井-5段压裂施工-3井分点压力监测.xlsx,泸203H76,泸203H76,13657,1677757644000000000,0cd827540022dde9af188e98c912d85871cdfc83b0ea376e4f3ce8f93a1211a4,1
E:\压裂窜扰项目\02 规范化\泸203H76\泸203H76 邻井压力监测\泸203H76平台-4井-5段压裂施工-3井秒点压力监测.xls,泸203H76,泸203H76,686592,1677757644000000000,64d35715eacfb722c27af08d284cda1dd1247b4ee73c8f3ef2cc793b085c3c40,1
E:\压裂窜扰项目\02 规范化\泸203H76\泸203H76 邻井压力监测\泸203H76平台-4井-6段压裂施工-3井分点压力监测.xls,泸203H76,泸203H76,193536,1677836776000000000,ecbde5b222e70b387e8375046f55f29cc9e73049ed2fd7558f14e129e8a2fb95,1
E:\压裂窜扰项目\02 规范化\泸203H76\泸203H76 邻井压力监测\泸203H76平台-4井-6段压裂施工-3井秒点压力监测.xls,泸203H76,泸203H76,663552,1677836776000000000,a0cb8dc342aaf3fea86193a1c3ccf9f0d5b625aecd433858125840db440b6a76,1
E:\压裂窜扰项目\02 规范化\泸203H76\泸203H76 邻井压力监测\泸203H76平台-4井-7段压裂施工-1、2、3井压力监测-2.xls,泸203H76,泸203H76,37888,1678102548000000000,fadc73940677c0aa7d4f03581ce0b1f9f2b68ed8e973ee0dfb0f9b1f9945adb8,3
E:\压裂窜扰项目\02 规范化\泸203H76\泸203H76 邻井压力监测\泸203H76平台-4井-7段压裂施工-1、2、3井压力监测.xls,泸203H76,泸203H76,40448,1678100690000000000,89fbec9641d566b189d1e71c59a1cb744be6e979939ea83b39c75a23a79e204f,3
E:\压裂窜扰项目\02 规范化\泸203H76\泸203H76 邻井压力监测\泸203H76平台-4井-8段压裂施工-1、2、3井压力监测.xls,泸203H76,泸203H76,36864,1678194490000000000,5672270667806794b6775ab6885b26eb5a518193400bd20a3581faaade482e9c,3
E:\压裂窜扰项目\02 规范化\泸203H76\泸203H76 邻井压力监测\泸203H76平台-4井-9段压裂施工-1、2、3井分点压力监测.xls,泸203H76,泸203H76,56320,1678334634000000000,70992ba6c19db4b4e057ccc179f78ae531c193acd4896cdbcddd15873e71a993,3
E:\压裂窜扰项目\02 规范化\泸203H76\泸203H76 邻井压力监测\泸203H76平台-4井-段号待核实压裂施工-邻井待核实分点压力监测.xls,泸203H76,泸203H76,12341,1678180562000000000,11d8ba6a4446818016fe8b9f8fc8099ee99e743de591d49df922759c170b51a3,1
E:\压裂窜扰项目\02 规范化\泸203H76\泸203H76 邻井压力监测\泸203H76平台-4井-段号待核实压裂施工-邻井待核实秒点压力监测.xls,泸203H76,泸203H76,157548,1678180562000000000,41cc40447359dd92972f2c67ca797241f61d996d025f001f8c725c4e372eee57,1
E:\压裂窜扰项目\02 规范化\泸203H8\泸203H8 邻井压力监测\2井第二段压裂期间邻井3井套压变化.xls,泸203H8,泸203H8,204966,1680593646000000000,5338e18fb4fb6e91603e85eb5bfafb1dcce4b6146bab4d921ffeed8368678af1,1
E:\压裂窜扰项目\02 规范化\泸203H8\泸203H8 邻井压力监测\2井首段压裂期间3井监测邻井压力变化.xls,泸203H8,泸203H8,129084,1680570004000000000,bda183873a5ca94987f76f9599b1b83c2814e350f92f1470a20619ea6c52ee64,1
E:\压裂窜扰项目\02 规范化\泸203H8\泸203H8 邻井压力监测\4井首段压裂期间邻井3井套压变化.xls,泸203H8,泸203H8,106944,1680572226000000000,fde90049131e99293eec6b0d6af24deaaefa22216c1bff53399b6a60d403c5e2,1
E:\压裂窜扰项目\02 规范化\泸203H8\泸203H8 邻井压力监测\泸203H8-2-5段压裂施工-1井套压压力监测.xls,泸203H8,泸203H8,138989,1682389140000000000,4491958e23d6df87504f1ad22db0c99caa30d6e84b3b64a260ba747e1bc5b9b9,1
E:\压裂窜扰项目\02 规范化\泸203H8\泸203H8 邻井压力监测\泸203H8-2-6段压裂施工-1井套压压力监测-2.xls,泸203H8,泸203H8,147526,1683165286000000000,1c439cc14cfa1ae5129026664c1a7e7293be8c007889a6c3957ece420bd6a630,1
E:\压裂窜扰项目\02 规范化\泸203H8\泸203H8 邻井压力监测\泸203H8-2-6段压裂施工-1井套压压力监测.xls,泸203H8,泸203H8,116185,1682599692000000000,a027f5295ab96638b989de5771feb5e6854f1610d103e406eb8d9ef1486233ee,1
E:\压裂窜扰项目\02 规范化\泸203H8\泸203H8 邻井压力监测\泸203H8-4-2段压裂施工-3井套压压力监测.xls,泸203H8,泸203H8,159072,1680588546000000000,515cfcd30514707f5438a4b63c74d4ecb528d32de6beba2b882d94848ee3dba1,1
E:\压裂窜扰项目\02 规范化\泸203H8\泸203H8 邻井压力监测\泸203H8-4-3段压裂施工-2井秒点压力监测.xls,泸203H8,泸203H8,263329,1681816402000000000,b36b55e5006f197763a1a4257ec26d626485190461aa0a92cb40971357d6e816,1
E:\压裂窜扰项目\02 规范化\泸203H8\泸203H8 邻井压力监测\泸203H8平台2井第1段施工(1).xls,泸203H8,泸203H82,2486272,1680491338000000000,ce679beda8c36687faeddc410a4565747cc3f1f5eba0c81105d82ecd671ec7a5,0
E:\压裂窜扰项目\02 规范化\泸203H8\泸203H8 邻井压力监测\泸203H8平台2井第5段施工叠合图.xls,泸203H8,泸203H82,3583488,1682564224000000000,8d0dcb0c63ce8a04a019985e5ca3b56ab5d0424053d16f45e7b2302f6d9a3149,0
E:\压裂窜扰项目\02 规范化\泸203H8\泸203H8 邻井压力监测\泸203H8平台2井第6段施工.xls,泸203H8,泸203H82,3242496,1683165296000000000,41d4c5e2abb51e19f3af79b2e3ba55a1f308b3c9ad13497691623b82f8aa095d,0
E:\压裂窜扰项目\02 规范化\泸203H8\泸203H8 邻井压力监测\泸203H8平台4井第2段施工(1).xls,泸203H8,泸203H84,3245056,1680583950000000000,2bd988bec599027530a54f465d1d1b9baeeffe14604b0fc7b20d75f52e27a5e2,0
E:\压裂窜扰项目\02 规范化\泸203H91\泸203H91 邻井压力监测\2、4井秒点数据.xls,泸203H91,泸203H91,314180,1697773939015257800,d2486917735c6ac552da1e25eb05445970c45f43eef456cd8f0f1615f795beb9,2
E:\压裂窜扰项目\02 规范化\泸203H91\泸203H91 邻井压力监测\2井秒点数据(1).xls,泸203H91,泸203H91,175015,1692760518667450400,7f0944396f22ae828a0075299fa185a008aed5171d50ef44114dd3cd64632883,1
E:\压裂窜扰项目\02 规范化\泸203H91\泸203H91 邻井压力监测\2井秒点数据(3).xls,泸203H91,泸203H91,193510,1692675950563753000,ba032d11e085e44ccbadb359212c7f735be51287ff783a4f355140e7cd0da833,1
E:\压裂窜扰项目\02 规范化\泸203H91\泸203H91 邻井压力监测\2井秒点数据1(1).xls,泸203H91,泸203H91,373072,1693355742465875300,10fb3897dc3cd5110ce2991e4f622d45611139cfd4b6f39249086fcc1fedb51d,1
E:\压裂窜扰项目\02 规范化\泸203H91\泸203H91 邻井压力监测\2井秒点数据1(1)__D26AE2BD.xls,泸203H91,泸203H91,207621,1693105990000000000,d26ae2bd335a2aec91a8934a986b0c4dcf6b4f60e6ac6b6078bf25b151fc04e3,1
E:\压裂窜扰项目\02 规范化\泸203H91\泸203H91 邻井压力监测\3、4井秒点数据(2).xls,泸203H91,泸203H91,225004,1696820315677642600,3e742d930b806e5499fde8ccfcae5db0783fa589379a0ae24d8414502dda5c67,2
E:\压裂窜扰项目\02 规范化\泸203H91\泸203H91 邻井压力监测\3、4井秒点数据(4).xls,泸203H91,泸203H91,250985,1696907118339860900,a64457bcb439f52501d899098551532c2520851388f1cd43e1de8ec2c9355a0a,2
E:\压裂窜扰项目\02 规范化\泸203H91\泸203H91 邻井压力监测\3井秒点数据.xls,泸203H91,泸203H91,211888,1693277559583772800,1b9be32f97b57d2196fbdf99d635e404c5285373c196addd7aa0fa00ec9c3cd5,1
E:\压裂窜扰项目\02 规范化\泸203H91\泸203H91 邻井压力监测\泸203H91-3-11段压裂施工-2、4井压力监测.xls,泸203H91,泸203H91,308604,1695609989292806600,e13edd4ff29edf1a5ebddb3c50527cb5e330f9514933f6856543fa5dec8900d7,2
E:\压裂窜扰项目\02 规范化\泸203H91\泸203H91 邻井压力监测\泸203H91-3-5段压裂施工-2井秒点压力监测.xls,泸203H91,泸203H91,341382,1693355964929920700,c1d45504bce21dcb51cb91762c8793ee0adbafdf927e2efcffb04979e7ad6b82,1
E:\压裂窜扰项目\02 规范化\泸203H91\泸203H91 邻井压力监测\泸203H91-3-6段压裂施工-2井秒点压力监测.xls,泸203H91,泸203H91,383991,1693381699325089100,975edb74e46eaa6a03d4e3dc1876a024a9a5de61713b65d085a1a0c5b39d6c48,1
E:\压裂窜扰项目\02 规范化\泸203H91\泸203H91 邻井压力监测\泸203H91-4-4段压裂施工-2、3井秒点压力监测.xls,泸203H91,泸203H91,1359192,1686103014052880700,dc41b6cb59b0d1c95adafd5b29d5d926d64858a1bf4f8f3ff2e47c792ee13ef1,2
E:\压裂窜扰项目\02 规范化\泸203H91\泸203H91 邻井压力监测\泸203H91-4-4段压裂施工-3井秒点压力监测.xls,泸203H91,泸203H91,1030768,1686103011136678400,f9173bb455c68c9a911e0a9d9dca97ba3998df688abff910b967df1df62a447b,1
E:\压裂窜扰项目\02 规范化\泸203H91\泸203H91 邻井压力监测\泸203H91平台窜压数据_4井第4段_4井分点数据(2).xls,泸203H91,泸203H91,27196,1686103009215814300,1a2ea069720a9c293d66421b1ad69cf56016f62170c8e83cdbce8e85f234c262,1
E:\压裂窜扰项目\02 规范化\泸203H9\泸203H9 邻井压力监测\泸203H9-1井11段压裂期间2井压力秒点数据.xls,泸203H9,泸203H9,63403,1701424336000000000,938751afc178583b19a0732db31789b5943bd39ad9fc80567f20013f2792375b,1
E:\压裂窜扰项目\02 规范化\泸203H9\泸203H9 邻井压力监测\泸203H9-1井13段压裂期间2井压力秒点数据.xls,泸203H9,泸203H9,69244,1701424336000000000,65525c9117ac659b6ab963470b156f14f83a34e00d8969ff252d40d5107605ae,1
E:\压裂窜扰项目\02 规范化\泸203H9\泸203H9 邻井压力监测\泸203H9-1井压力监测秒点数据(1).xls,泸203H9,泸203H9,747108,1699443802000000000,860e8251a07e0247e7bda56c28f3c8ab0e719f51084d1d83bbe3a3ff5dd8c5d3,1
E:\压裂窜扰项目\02 规范化\泸203H9\泸203H9 邻井压力监测\泸203H9-2-15段压裂施工-3、4井秒点压力监测.xls,泸203H9,泸203H9,251659,1696734380305807500,e0ed6b61fb64587617a72c14d72ad5e83de74cdfc923838313e1480efc308e89,2
E:\压裂窜扰项目\02 规范化\泸203H9\泸203H9 邻井压力监测\泸203H9-2-1段压裂施工-3井秒点压力监测.xls,泸203H9,泸203H9,1167639,1692878598656771700,5eba4ef416e190548ba516284aac94f40967f389e2d44f0e8a8a51ecaa2d4d52,1
E:\压裂窜扰项目\02 规范化\泸203H9\泸203H9 邻井压力监测\泸203H9-2-2段压裂施工-3井秒点压力监测.xls,泸203H9,泸203H9,1336937,1692878592486170800,cb7a90c62f10ca7888c1452eca7e4ad76a981bb0ce2dce05588c428e02c6f923,1
E:\压裂窜扰项目\02 规范化\泸203H9\泸203H9 邻井压力监测\泸203H9-2井13段压裂期间1井压力秒点数据.xls,泸203H9,泸203H9,128504,1701424336000000000,595110a5893c211f519007d3202eb0feca9cbf1cf1cc66dc87db5d3cae9b5997,1
E:\压裂窜扰项目\02 规范化\泸203H9\泸203H9 邻井压力监测\泸203H9-2井17段压裂期间1井压力秒点数据.xls,泸203H9,泸203H9,151924,1701424336000000000,41aba8cc01651844249f3271155a0fb09ce09267bec39714679495f927ac6573,1
E:\压裂窜扰项目\02 规范化\泸203H9\泸203H9 邻井压力监测\泸203H9-2井18段压裂期间1井压力秒点数据.xls,泸203H9,泸203H9,151368,1701424334000000000,d48a51b5b3a206161d070f6d71604e4b5134ccd97b15dd0e67eb14895ca77575,1
E:\压裂窜扰项目\02 规范化\泸203H9\泸203H9 邻井压力监测\泸203H9-2井24段压裂期间1井压力秒点数据.xls,泸203H9,泸203H9,143085,1701424334000000000,f746532bfe1e3eb69c1f26fb2c949614a7732357682196a5d3839fed1f09bcd5,1
E:\压裂窜扰项目\02 规范化\泸203H9\泸203H9 邻井压力监测\泸203H9-2井25段压裂期间1井压力秒点数据.xls,泸203H9,泸203H9,144768,1701424334000000000,9ce35d7a5a512a523b4c0ef299c864cc2422fef3a1dd744cde07004eed792ba1,1
E:\压裂窜扰项目\02 规范化\泸203H9\泸203H9 邻井压力监测\泸203H9-2井27段压裂期间1井压力秒点数据.xls,泸203H9,泸203H9,138915,1701424332000000000,c628b3f5254088eb51a93b009c9cc51a482de9f2b680bf6bd5bdd62f7a040907,1
E:\压裂窜扰项目\02 规范化\泸203H9\泸203H9 邻井压力监测\泸203H9-2井28段压裂期间1井压力秒点数据.xls,泸203H9,泸203H9,131485,1701424332000000000,8fb2ddd501de4e8be88cf1cfcf525d9f0fecb52c041b48003a17e0b34f2b009f,1
E:\压裂窜扰项目\02 规范化\泸203H9\泸203H9 邻井压力监测\泸203H9-2井29段压裂期间1井压力秒点数据.xls,泸203H9,泸203H9,133728,1701569702000000000,d0989e1d58fe9faaa863397922260d0ca2c0e2e65f97ac750b192c012028862d,1
E:\压裂窜扰项目\02 规范化\泸203H9\泸203H9 邻井压力监测\泸203H9-2井30段压裂期间1井压力秒点数据.xls,泸203H9,泸203H9,149972,1701569698000000000,735bc800de3abf0ab1d8fed0a9142cac48a2bd2ae6aaac78edb07c4af86ccb96,1
E:\压裂窜扰项目\02 规范化\泸203H9\泸203H9 邻井压力监测\泸203H9-3-25段压裂施工-2、4井秒点压力监测.xls,泸203H9,泸203H9,219095,1697595565949690300,cbdf82452220bcbee4947d966109a3de47e7d3c3b6d6ec750e62f5efd6cb9a67,2
E:\压裂窜扰项目\02 规范化\泸203H9\泸203H9 邻井压力监测\泸203H9-3-26段压裂施工-2、4井秒点压力监测.xls,泸203H9,泸203H9,268045,1697686798756312200,706553815cd09c973b395087ea78ccfea4a5e5b0f2afdfa9bda83d76951e12b1,2
E:\压裂窜扰项目\02 规范化\泸203H9\泸203H9 邻井压力监测\泸203H9-3-3段压裂施工-2井秒点压力监测-2.xls,泸203H9,泸203H9,196566,1693030478000000000,4a638d9d0e40a83a864e106f92f95d13cbfcb8a12af16237e290797aaf266f46,1
E:\压裂窜扰项目\02 规范化\泸203H9\泸203H9 邻井压力监测\泸203H9-3-3段压裂施工-2井秒点压力监测.xls,泸203H9,泸203H9,493740,1693355494177263400,1c0bba5f59acef2b18652c488c359d8fd42cdaa835b092c89c87d04ca1551e3a,1
E:\压裂窜扰项目\02 规范化\泸203H9\泸203H9 邻井压力监测\泸203H9-3井压裂期间邻井秒点数据(1).xls,泸203H9,泸203H9,194552,1690939278000000000,439f17d2ab0e11de16c7fdc9ff2508ef70ebb034ee134cba55eb8b6f6a2050a3,5
E:\压裂窜扰项目\02 规范化\泸203H9\泸203H9 邻井压力监测\泸203H9-3井第3段压裂期间邻井压力监测数据(1).xls,泸203H9,泸203H9,718202,1691029052000000000,a67cd44782522fce4cde48d45b3ad5bbcc8caead6e1297c18f11eba6a7d3ed43,5
E:\压裂窜扰项目\02 规范化\泸203H9\泸203H9 邻井压力监测\泸203H9-3井第6段压裂期间邻井压力监测数据(1).xls,泸203H9,泸203H9,306560,1690710598000000000,8428654c28218f8aa88f04513daae53abbcc401e0c5b5e21ad8b6cc7bf3d8a5c,5
E:\压裂窜扰项目\02 规范化\泸203H9\泸203H9 邻井压力监测\泸203H9-4井压力监测数据(1).xls,泸203H9,泸203H9,396140,1691028774000000000,41c2a287cf572e9332ce776579a54f5c63059d594d1e298f84d615cce7d10e6b,1
E:\压裂窜扰项目\02 规范化\泸203H9\泸203H9 邻井压力监测\泸203H9-4井第6段8点到11点53邻井压力检测数据(1).xls,泸203H9,泸203H9,683307,1691031448000000000,c1b8c08fa1053fcf50b87eecc797c77e7c202349c185d6e6e1f8fa6a11794723,5
E:\压裂窜扰项目\02 规范化\泸203H9\泸203H9 邻井压力监测\泸203H9-4井第五段压裂施工邻井压力数据.xls,泸203H9,泸203H9,376635,1691031450000000000,758c5b97696fb13e6b476e9ebbadf237ab5ea8ecbe89f6c7abd1aff32ff36e61,5
E:\压裂窜扰项目\02 规范化\泸203H9\泸203H9 邻井压力监测\泸203H91-3井第3段压裂施工秒点数据.xlsx,泸203H9,泸203H91,599169,1693104271314591100,6e308daa2abeb3862409dc7fcf51b539a047885aed7bb26f6132cae2249e8f9b,0
E:\压裂窜扰项目\02 规范化\泸203H9\泸203H9 邻井压力监测\泸203H91-3井第4段压裂施工分点数据.xls,泸203H9,泸203H91,46592,1693106516403896100,5b8015a1c463eb000389942d2db08d1220039ed46a49655944c4403bf2edc30c,0
E:\压裂窜扰项目\02 规范化\泸203H9\泸203H9 邻井压力监测\泸203H91-3井第4段压裂施工秒点数据.xlsx,泸203H9,泸203H91,614770,1693106515839296500,e4619e34e8af1b644fb8b7577f0f7f9e2ea609e526f209c97325776c2b85871b,0
E:\压裂窜扰项目\02 规范化\泸203H9\泸203H9 邻井压力监测\泸203H9_压窜信息_12井压窜监测数据（大于5兆帕）_页岩气井压窜统计大表-9.7-346井.xlsx,泸203H9,泸203H9,187420,1694238942000000000,7b214283568398ac886a24568bceb405090c8842c3716c4d81b5c4db1919a030,0
E:\压裂窜扰项目\02 规范化\泸203H9\泸203H9 邻井压力监测\泸203H9_压窜信息_3、4、6压窜监测数据（大于5兆帕）_3井第1段-4井压力监测.xls,泸203H9,泸203H9,608949,1690436032000000000,50d85f79d5a60152bd5f21dfb48d1e9317dd712e478e6fc0a56baba38c304519,1
E:\压裂窜扰项目\02 规范化\泸203H9\泸203H9 邻井压力监测\泸203H9_压窜信息_3、4、6压窜监测数据（大于5兆帕）_3井第八段压裂期间邻井压力秒点数据.xls,泸203H9,泸203H9,456769,1691573440000000000,b0dd325fa2b510c4733bb763d425b8c07b42d88772d59b3f20d51f60169c47ed,5
E:\压裂窜扰项目\02 规范化\泸206H8\泸206H8 邻井压力监测\泸206H8-1-13段压裂施工-2井压力监测.xlsx,泸206H8,泸206H8,341707,1784602303870566300,4a1c8b4b11cce96608cf8feb1808c3ee04780626742b971c00d7674371c13f02,1
E:\压裂窜扰项目\02 规范化\泸206H8\泸206H8 邻井压力监测\泸206H8-1-14段压裂施工-2井压力监测.xls,泸206H8,泸206H8,894976,1784602202085000000,bd6395412fa4dad294f56450103111a69817ae9017ba6d74b9e47c23759a7479,1
E:\压裂窜扰项目\02 规范化\泸206H8\泸206H8 邻井压力监测\泸206H8-2-18段压裂施工-1、3井分点压力监测-2.xls,泸206H8,泸206H8,16058,1751085858000000000,3783801c7a3c114483022a0f1b2bf2652019914e975fabcc8eb5232132be9c49,2
E:\压裂窜扰项目\02 规范化\泸206H8\泸206H8 邻井压力监测\泸206H8-2-18段压裂施工-1、3井分点压力监测.xls,泸206H8,泸206H8,16058,1751085858000000000,3783801c7a3c114483022a0f1b2bf2652019914e975fabcc8eb5232132be9c49,2
E:\压裂窜扰项目\02 规范化\泸206H8\泸206H8 邻井压力监测\泸206H8-2-18段压裂施工-1、3井秒点压力监测-2.xls,泸206H8,泸206H8,293753,1751089474000000000,875b9854eab86a234e9f4caac3ffc8e865c9cd7cd26875e04e8a3b6be44071d9,2
E:\压裂窜扰项目\02 规范化\泸206H8\泸206H8 邻井压力监测\泸206H8-2-18段压裂施工-1、3井秒点压力监测.xls,泸206H8,泸206H8,293753,1751089474000000000,875b9854eab86a234e9f4caac3ffc8e865c9cd7cd26875e04e8a3b6be44071d9,2
E:\压裂窜扰项目\02 规范化\泸206H8\泸206H8 邻井压力监测\泸206H8-2-19段压裂施工-1、3井分点压力监测-2.xls,泸206H8,泸206H8,14577,1751466174000000000,2d8d80b8f5c7b6406ae9f90fe5534d5c178480e0dac973c4712283e065e035b3,2
E:\压裂窜扰项目\02 规范化\泸206H8\泸206H8 邻井压力监测\泸206H8-2-19段压裂施工-1、3井分点压力监测-2.xlsx,泸206H8,泸206H8,17161,1751265106000000000,bc4dc026c1d3676868f922c03aeba858d227ccb0aa1f5cba3ce6789fb2c6e0f1,2
E:\压裂窜扰项目\02 规范化\泸206H8\泸206H8 邻井压力监测\泸206H8-2-19段压裂施工-1、3井分点压力监测.xls,泸206H8,泸206H8,14577,1751466174000000000,2d8d80b8f5c7b6406ae9f90fe5534d5c178480e0dac973c4712283e065e035b3,2
E:\压裂窜扰项目\02 规范化\泸206H8\泸206H8 邻井压力监测\泸206H8-2-19段压裂施工-1、3井分点压力监测.xlsx,泸206H8,泸206H8,17161,1751265106000000000,bc4dc026c1d3676868f922c03aeba858d227ccb0aa1f5cba3ce6789fb2c6e0f1,2
E:\压裂窜扰项目\02 规范化\泸206H8\泸206H8 邻井压力监测\泸206H8-2-19段压裂施工-1、3井秒点压力监测-2.xls,泸206H8,泸206H8,212503,1751466174000000000,8d0ba6e9c54bb8c5db99eb3b2076a1689c9a44caadf9e2bf6b5eb7fc29ee8311,2
E:\压裂窜扰项目\02 规范化\泸206H8\泸206H8 邻井压力监测\泸206H8-2-19段压裂施工-1、3井秒点压力监测-2.xlsx,泸206H8,泸206H8,360763,1751265082000000000,5e260c68363493ca81f6b3757930c42f90434a51aa3a99c1348564553bb937a9,2
E:\压裂窜扰项目\02 规范化\泸206H8\泸206H8 邻井压力监测\泸206H8-2-19段压裂施工-1、3井秒点压力监测.xls,泸206H8,泸206H8,212503,1751466174000000000,8d0ba6e9c54bb8c5db99eb3b2076a1689c9a44caadf9e2bf6b5eb7fc29ee8311,2
E:\压裂窜扰项目\02 规范化\泸206H8\泸206H8 邻井压力监测\泸206H8-2-19段压裂施工-1、3井秒点压力监测.xlsx,泸206H8,泸206H8,360763,1751265082000000000,5e260c68363493ca81f6b3757930c42f90434a51aa3a99c1348564553bb937a9,2
E:\压裂窜扰项目\02 规范化\泸206H8\泸206H8 邻井压力监测\泸206H8-2-21段压裂施工-1、3、4、5、6、7、8井分点压力监测.xls,泸206H8,泸206H8,20756,1751599410000000000,9755052ee87fef6a86675a10563a07ee2991cabf09892c57cc1698820a0e6cb4,7
E:\压裂窜扰项目\02 规范化\泸206H8\泸206H8 邻井压力监测\泸206H8-2-21段压裂施工-1、3、4、5、6、7、8井秒点压力监测.xls,泸206H8,泸206H8,587838,1751599410000000000,0b6afedda15a4d957f96da64c0276d4ca064a426717936eda59c20f6f360a9cf,7
E:\压裂窜扰项目\02 规范化\泸206H8\泸206H8 邻井压力监测\泸206H8-3-19段压裂施工-1、2、4、5、6、7、8井分点压力监测.xls,泸206H8,泸206H8,28594,1751519116000000000,9b9514b645109ec2bfd5822f76cf8bf3f779418f6ee2d2fe9c3baefae6c1c019,7
E:\压裂窜扰项目\02 规范化\泸206H8\泸206H8 邻井压力监测\泸206H8-3-19段压裂施工-1、2、4、5、6、7、8井秒点压力监测.xls,泸206H8,泸206H8,1048202,1751519116000000000,712fb8bc2b8b9b3f48f237a3b3f7b288847c0038c3f417bf564f46b0632d9281,7
E:\压裂窜扰项目\02 规范化\泸206H8\泸206H8 邻井压力监测\泸206H8-3-20段压裂施工-1、2、4、5、6、7、8井分点压力监测.xls,泸206H8,泸206H8,18043,1751542022000000000,b9ad4f54a0fc0591c366134a8ff01bdfbf25ff814330f9aa9d16b211c02226e7,7
E:\压裂窜扰项目\02 规范化\泸206H8\泸206H8 邻井压力监测\泸206H8-3-20段压裂施工-1、2、4、5、6、7、8井秒点压力监测.xls,泸206H8,泸206H8,428690,1751542022000000000,c62d3fed31f327529db65dd06d8f6cb36db3674eac0650a887ebeacd4ee722af,7
E:\压裂窜扰项目\02 规范化\泸206H8\泸206H8 邻井压力监测\泸206H8-4-18段压裂施工-1、2、3、5、6、7、8井分点压力监测-2.xls,泸206H8,泸206H8,21727,1753765926000000000,bff425e44af291fa16d363375ee3278a697ae3e4fa013600d9e13b08d9ad4a2f,7
E:\压裂窜扰项目\02 规范化\泸206H8\泸206H8 邻井压力监测\泸206H8-4-18段压裂施工-1、2、3、5、6、7、8井分点压力监测.xls,泸206H8,泸206H8,21727,1753765926000000000,bff425e44af291fa16d363375ee3278a697ae3e4fa013600d9e13b08d9ad4a2f,7
E:\压裂窜扰项目\02 规范化\泸206H8\泸206H8 邻井压力监测\泸206H8-4-18段压裂施工-1、2、3、5、6、7、8井秒点压力监测-2.xls,泸206H8,泸206H8,682296,1753765926000000000,795f1634fcca3d9c1fec7124f7bbf01877ff25e08ab88044028d4a4cce3e810f,7
E:\压裂窜扰项目\02 规范化\泸206H8\泸206H8 邻井压力监测\泸206H8-4-18段压裂施工-1、2、3、5、6、7、8井秒点压力监测.xls,泸206H8,泸206H8,682296,1753765926000000000,795f1634fcca3d9c1fec7124f7bbf01877ff25e08ab88044028d4a4cce3e810f,7
E:\压裂窜扰项目\02 规范化\泸206H8\泸206H8 邻井压力监测\泸206H8-4-19段压裂施工-1、2、3、5、6、7、8井分点压力监测.xls,泸206H8,泸206H8,24971,1753849882000000000,7321cd9c4b56f4ab468e9768ca5f0779a42d76f9bae4d241de83f702d6535835,7
E:\压裂窜扰项目\02 规范化\泸206H8\泸206H8 邻井压力监测\泸206H8-4-19段压裂施工-1、2、3、5、6、7、8井秒点压力监测.xls,泸206H8,泸206H8,771220,1753849882000000000,fa9c0bb798c396e5b88ccc97c0ae3c0545cd6a3ce39eee8d5acd04f8402e1630,7
E:\压裂窜扰项目\02 规范化\泸206H8\泸206H8 邻井压力监测\泸206H8-4-1段压裂施工-1、2、3、5、6、7、8井分点压力监测.xls,泸206H8,泸206H8,19866,1752289908000000000,c389acdf93b267a67d0145a7e805889e00d860e2cb420ad88c00b6c10e9d782f,8
E:\压裂窜扰项目\02 规范化\泸206H8\泸206H8 邻井压力监测\泸206H8-4-1段压裂施工-1、2、3、5、6、7、8井秒点压力监测.xls,泸206H8,泸206H8,486309,1784605796402478600,4a5f67a41d14d5d4fb0a58397a2523db310d74078dac6f986aecf1c77eac6925,7
E:\压裂窜扰项目\02 规范化\泸206H8\泸206H8 邻井压力监测\泸206H8-4-20段压裂施工-1、2、3、5、6、7、8井分点压力监测-2.xls,泸206H8,泸206H8,26047,1753879002000000000,6f92fda80c2270a864154dfbec46565d85b767e0c298a9ab793a8e49daba4c3f,7
E:\压裂窜扰项目\02 规范化\泸206H8\泸206H8 邻井压力监测\泸206H8-4-20段压裂施工-1、2、3、5、6、7、8井分点压力监测.xls,泸206H8,泸206H8,26047,1753879002000000000,6f92fda80c2270a864154dfbec46565d85b767e0c298a9ab793a8e49daba4c3f,7
E:\压裂窜扰项目\02 规范化\泸206H8\泸206H8 邻井压力监测\泸206H8-4-20段压裂施工-1、2、3、5、6、7、8井秒点压力监测-2.xls,泸206H8,泸206H8,915703,1753879002000000000,16537a8097fa95a82446cc06aae76466b6a45a8c816aa71212eed37ef36546bd,7
E:\压裂窜扰项目\02 规范化\泸206H8\泸206H8 邻井压力监测\泸206H8-4-20段压裂施工-1、2、3、5、6、7、8井秒点压力监测.xls,泸206H8,泸206H8,915703,1753879002000000000,16537a8097fa95a82446cc06aae76466b6a45a8c816aa71212eed37ef36546bd,7
E:\压裂窜扰项目\02 规范化\泸206H8\泸206H8 邻井压力监测\泸206H8-4-21段压裂施工-1、2、3、5、6、7、8井分点压力监测.xls,泸206H8,泸206H8,27089,1753942740000000000,7ae6dd70053d4b17ccb723ed914d18bd43bc71759f56efa5e8a994140f8c707b,7
E:\压裂窜扰项目\02 规范化\泸206H8\泸206H8 邻井压力监测\泸206H8-4-21段压裂施工-1、2、3、5、6、7、8井秒点压力监测.xls,泸206H8,泸206H8,900218,1753942750000000000,1f1b5bee47e0e76dd109a8cec599321542c678c7c104d3bc8dfe76f5f9a4330a,7
E:\压裂窜扰项目\02 规范化\泸206H8\泸206H8 邻井压力监测\泸206H8-4-2段压裂施工-1、2、3、5、6、7、8井分点压力监测.xls,泸206H8,泸206H8,20117,1752289906000000000,9c1a68cd7298a111a019ef432db09a5d3173b0b260c406f5f8c49a2a6b7b805c,8
E:\压裂窜扰项目\02 规范化\泸206H8\泸206H8 邻井压力监测\泸206H8-4-2段压裂施工-1、2、3、5、6、7、8井秒点压力监测.xls,泸206H8,泸206H8,530209,1752289906000000000,894b34bc0681b2c15e1edbc46e23f9a722a1337ae87d03deae95fd1831539ce1,8
E:\压裂窜扰项目\02 规范化\泸206H8\泸206H8 邻井压力监测\泸206H8-4-3段压裂施工-1、2、3、5、6、7、8井秒点压力监测.xls,泸206H8,泸206H8,514314,1752289960000000000,6f3036940dd00a407538fc5aa09bf6946034b27a92d868583d320eb1e7827bc1,8
E:\压裂窜扰项目\02 规范化\泸206H8\泸206H8 邻井压力监测\泸206H8-4-4段压裂施工-1、2、3、5、6、7、8井分点压力监测.xls,泸206H8,泸206H8,18733,1752290104000000000,c27e31cee5fcad2c94b66067edb7c3d458e26e55dda1f0dcada2dc4e6056ab24,8
E:\压裂窜扰项目\02 规范化\泸206H8\泸206H8 邻井压力监测\泸206H8-4-4段压裂施工-1、2、3、5、6、7、8井秒点压力监测.xls,泸206H8,泸206H8,473339,1752290104000000000,c258ea4be9268c5932f65316b0cec9960457061ec601f428ba0c03b04f5a5143,8
E:\压裂窜扰项目\02 规范化\泸206H8\泸206H8 邻井压力监测\泸206H8-4-8段压裂施工-1、2、3、5、6、7、8井分点压力监测.xls,泸206H8,泸206H8,28681,1753005364000000000,09cd8cd3d16a54c7fbd9d844a7124fd60f4885917b41249487e702edf7aa55af,8
E:\压裂窜扰项目\02 规范化\泸206H8\泸206H8 邻井压力监测\泸206H8-4-8段压裂施工-1、2、3、5、6、7、8井秒点压力监测.xls,泸206H8,泸206H8,1031651,1753005366000000000,c78b30f0d71b306771406b88995e1bfe809620dd5b601167d77c094577bc6ce6,8
E:\压裂窜扰项目\02 规范化\泸206H8\泸206H8 邻井压力监测\泸206H8-4-9段压裂施工-1、2、3、5、6、7、8井分点压力监测.xls,泸206H8,泸206H8,19868,1753007618000000000,613104a1875b0402cefea360f80fadd62c07210d499fa396408c136b81ec3a10,8
E:\压裂窜扰项目\02 规范化\泸206H8\泸206H8 邻井压力监测\泸206H8-4-9段压裂施工-1、2、3、5、6、7、8井秒点压力监测.xls,泸206H8,泸206H8,514307,1753007618000000000,287ca668e12277f383c425b1e47b05d9566cd7d7eab3f740b529cde27a1df5b9,8
E:\压裂窜扰项目\02 规范化\泸206H8\泸206H8 邻井压力监测\泸206H8-4第19段压裂主泵注(邻井叠合图).xlsx,泸206H8,泸206H8,3520207,1753862286000000000,1394fe39b024dc41f4b6e510515312cb49a0b6715d7af4fa178ee67605945e3e,0
E:\压裂窜扰项目\02 规范化\泸206H8\泸206H8 邻井压力监测\泸206H8-5-11段压裂施工-1、2、3、4、6、7、8井分点压力监测.xls,泸206H8,泸206H8,20406,1752812678000000000,4abc7bc4cfaacd7044049ae26e936811c06f279e2971cb56e39e69372c147924,8
E:\压裂窜扰项目\02 规范化\泸206H8\泸206H8 邻井压力监测\泸206H8-5-11段压裂施工-1、2、3、4、6、7、8井秒点压力监测.xls,泸206H8,泸206H8,558362,1752812678000000000,390a1aa5cbc050b584acaffc7629b30dad8b17807dd85348f73e41e7d1f8751b,8
E:\压裂窜扰项目\02 规范化\泸206H8\泸206H8 邻井压力监测\泸206H8-5-12段压裂施工-1、2、3、4、6、7、8井分点压力监测.xls,泸206H8,泸206H8,20394,1753005360000000000,31f89a1be2747549d90ebbd8907cf617b974e56bbbfc5fe795584c79f749b116,8
E:\压裂窜扰项目\02 规范化\泸206H8\泸206H8 邻井压力监测\泸206H8-5-12段压裂施工-1、2、3、4、6、7、8井秒点压力监测.xls,泸206H8,泸206H8,552864,1753005360000000000,194b3b273b441eccfdde248bd0715b0baa7cbf0c402566bbc469ec4cf24a3b69,8
E:\压裂窜扰项目\02 规范化\泸206H8\泸206H8 邻井压力监测\泸206H8-5-13段压裂施工-1、2、3、4、6、7、8井分点压力监测.xls,泸206H8,泸206H8,19624,1753005352000000000,f6efe6a59c15edf7239ee6a8b064068bf737464b5d946de2f041b95f4bd85188,8
E:\压裂窜扰项目\02 规范化\泸206H8\泸206H8 邻井压力监测\泸206H8-5-13段压裂施工-1、2、3、4、6、7、8井秒点压力监测.xls,泸206H8,泸206H8,510193,1753005356000000000,8eed401cc8eb07424614f7c38ee4602158d415e7dcbed67f1e59aea61aeebba9,8
E:\压裂窜扰项目\02 规范化\泸206H8\泸206H8 邻井压力监测\泸206H8-5-14段压裂施工-1、2、3、4、6、7、8井分点压力监测.xls,泸206H8,泸206H8,20734,1753067798000000000,e0c80984e219e692f8f61e8013bd3cae7b4dcde529fd5461562639cebb6586aa,8
E:\压裂窜扰项目\02 规范化\泸206H8\泸206H8 邻井压力监测\泸206H8-5-14段压裂施工-1、2、3、4、6、7、8井秒点压力监测.xls,泸206H8,泸206H8,566443,1753067800000000000,20ba586f5ca3bbef43ea5d15699e9dc3ab2f7369a1d3c8d3575d624399408e5e,8
E:\压裂窜扰项目\02 规范化\泸206H8\泸206H8 邻井压力监测\泸206H8-5-3段压裂施工-1、2、3、4、6、7、8井分点压力监测.xls,泸206H8,泸206H8,18848,1752289906000000000,8d6dc11197a791c8b6fbf161660bdeb97a6851c88189cb2811b1ff16753293d6,8
E:\压裂窜扰项目\02 规范化\泸206H8\泸206H8 邻井压力监测\泸206H8-5-3段压裂施工-1、2、3、4、6、7、8井秒点压力监测.xls,泸206H8,泸206H8,469267,1752289906000000000,2b21898bbc5d6ea70a9afd7c73ac52716f64bcc3feacc1ea753c5559b7deb42a,8
E:\压裂窜扰项目\02 规范化\泸206H8\泸206H8 邻井压力监测\泸206H8-5-4段压裂施工-1、2、3、4、6、7、8井分点压力监测.xls,泸206H8,泸206H8,18836,1752289908000000000,9b0bdfa217bb5ad3dc29794980ff641f1d05d63f107ee305cdaa733d715c3ed5,8
E:\压裂窜扰项目\02 规范化\泸206H8\泸206H8 邻井压力监测\泸206H8-5-4段压裂施工-1、2、3、4、6、7、8井秒点压力监测.xls,泸206H8,泸206H8,468961,1752289906000000000,ad65d2192c784201a7710fcc95c85240042c4640adf47f61a3702e072dc30a97,8
E:\压裂窜扰项目\02 规范化\泸206H8\泸206H8 邻井压力监测\泸206H8-5-5段压裂施工-1、2、3、4、6、7、8井分点压力监测.xls,泸206H8,泸206H8,18741,1752289906000000000,d24375a1b0ecf8730b95d0139dcdc2f1c42aa638f3d9dfaa95d2243a04e98965,8
E:\压裂窜扰项目\02 规范化\泸206H8\泸206H8 邻井压力监测\泸206H8-5-5段压裂施工-1、2、3、4、6、7、8井秒点压力监测.xls,泸206H8,泸206H8,456613,1752289906000000000,070e46c362ef9be5498b0ef7f3068c9dfea26f925db9442aafd9d0827779c160,8
E:\压裂窜扰项目\02 规范化\泸206H8\泸206H8 邻井压力监测\泸206H8-5-6段压裂施工-1、2、3、4、6、7、8井分点压力监测.xls,泸206H8,泸206H8,18727,1752290032000000000,f60797136dc59881beddbe02c3fff510e0ccaaa53d785f97fa250ba02b7ec808,8
E:\压裂窜扰项目\02 规范化\泸206H8\泸206H8 邻井压力监测\泸206H8-5-6段压裂施工-1、2、3、4、6、7、8井秒点压力监测.xls,泸206H8,泸206H8,464179,1752290032000000000,44457d2b29877dd1f51003d617f3379d9cfa861cf72c0b80f08360fb809d107f,8
E:\压裂窜扰项目\02 规范化\泸206H8\泸206H8 邻井压力监测\泸206H8-5-7段压裂施工-1、2、3、4、6、7、8井秒点压力监测.xls,泸206H8,泸206H8,464293,1752290148000000000,3c8ee6faa4bd6f4950e6f7823dfa58bb3dd47622cc4d18c00a7961ae184317fd,8
E:\压裂窜扰项目\02 规范化\泸206H8\泸206H8 邻井压力监测\泸206H8-5-7段压裂施工-1、2、4、6、7、8井分点压力监测.xls,泸206H8,泸206H8,18941,1752290146000000000,db1898e6cd2ea2282ae19a8bd86cfaa2f96efb3c5a837259fca85b8474d1a5f7,7
E:\压裂窜扰项目\02 规范化\泸206H8\泸206H8 邻井压力监测\泸206H8_邻井压力数据_2.3井分点.xls,泸206H8,泸206H8,17199,1748511382000000000,c67c53d66dc3b23657ed8392f61411efac8856fc4738fb4ab218924ec4322835,2
E:\压裂窜扰项目\02 规范化\泸206H8\泸206H8 邻井压力监测\泸206H8_邻井压力数据_2.3井秒点.xls,泸206H8,泸206H8,452263,1748511382000000000,3f8fb35221d5fa96a92b3902cc9d53e5b752c98d06fbeade26ae22fe39c32ab8,2
E:\压裂窜扰项目\02 规范化\泸206H8\泸206H8 邻井压力监测\泸206H8_邻井压力数据_6.14号7平台压力监测.xlsx,泸206H8,泸206H8,366433,1749870528000000000,e159266b25d8e4693ece528c748a689e08c7d5db8399a3e7eb85016787f20360,5
E:\压裂窜扰项目\02 规范化\泸206H8\泸206H8 邻井压力监测\泸206H8_邻井压力数据_7平台压力监测6.16.xlsx,泸206H8,泸206H8,995308,1750063114000000000,21dcb27fd00d1e89f8ff6e0ee85581345e348f0d1b8049aaf2dc1612d9fcf987,4
E:\压裂窜扰项目\02 规范化\泸206H8\泸206H8 邻井压力监测\泸206H8_邻井压力数据_分钟压力监测6.14.xlsx,泸206H8,泸206H8,23930,1749954548000000000,19d0d16ed640393eaa9f72dc47c71e8345d7536771e8bff80e2bbf2daacd455c,5
E:\压裂窜扰项目\02 规范化\泸208H1\泸208H1 邻井压力监测\泸208H1-1-10段压裂施工-2井压力监测.xlsx,泸208H1,泸208H1,166968,1784287006927795200,107d6321708176b728dc86a013211cd5892ba5882d642f4e3495df86ae13d5fc,1
E:\压裂窜扰项目\02 规范化\泸208H1\泸208H1 邻井压力监测\泸208H1-1-11段压裂施工-2井压力监测.xlsx,泸208H1,泸208H1,172813,1784287013785239000,321ebfac9eb4bcfe9e5bf28c30aabe8614545853de2638d56a2628977c3c90b8,1
E:\压裂窜扰项目\02 规范化\泸208H1\泸208H1 邻井压力监测\泸208H1-1-12段压裂施工-2井压力监测.xlsx,泸208H1,泸208H1,170685,1784287020756219300,15bd5757af1bdbb3e08c6d2ebac18ddb082edd51bc1c4d5e6a9132ae37e68e68,1
E:\压裂窜扰项目\02 规范化\泸208H1\泸208H1 邻井压力监测\泸208H1-1-13段压裂施工-2井压力监测.xlsx,泸208H1,泸208H1,118135,1784287024524735000,887fae490059007d79df40aa42feca158b7bbec8f21158901e7dfcfffb7a9ab2,1
E:\压裂窜扰项目\02 规范化\泸208H1\泸208H1 邻井压力监测\泸208H1-1-14段压裂施工-2井压力监测.xlsx,泸208H1,泸208H1,166669,1784287032423538700,9191a90011c4d17dce612bdb06a59bb51f526174b5f56a54868d77314e8308b9,1
E:\压裂窜扰项目\02 规范化\泸208H1\泸208H1 邻井压力监测\泸208H1-1井.xlsx,泸208H1,泸208H1,813759,1744679102000000000,3fb10fb252d03e384c700ac8fd98aa7f84c58740586a1fa48dc93588a7b9bed9,5
E:\压裂窜扰项目\02 规范化\泸208H1\泸208H1 邻井压力监测\泸208H1-2-10段压裂施工-5井压力监测(H2).xlsx,泸208H1,泸208H1,190359,1784287074194373100,5614d925356a68a9597421635fff19e2acf63e18f3916cfec478d2bff23f981c,1
E:\压裂窜扰项目\02 规范化\泸208H1\泸208H1 邻井压力监测\泸208H1-2-11段压裂施工-1井秒点压力监测.xls,泸208H1,泸208H1,931100,1744095870000000000,9c1b14a7d661a590dde4982158f85d2faeb574f6a3c76ef7c499f1511cbacda6,1
E:\压裂窜扰项目\02 规范化\泸208H1\泸208H1 邻井压力监测\泸208H1-2-11段压裂施工-5井压力监测(H2).xlsx,泸208H1,泸208H1,179315,1784287084222429200,06d14658fc772dfe7bbc5e1089436e5577319e01f36a75f7633b006b19cc78c8,1
E:\压裂窜扰项目\02 规范化\泸208H1\泸208H1 邻井压力监测\泸208H1-2-13段压裂施工-1井压力监测.xlsx,泸208H1,泸208H1,211708,1784287094486262700,ae4b27270caccaaa84678fe607d8760b6ab16346ee6794ae21bb40a7ec2b2720,1
E:\压裂窜扰项目\02 规范化\泸208H1\泸208H1 邻井压力监测\泸208H1-2-14段压裂施工-1井压力监测.xlsx,泸208H1,泸208H1,201227,1784287104499556500,59061f2ed7fb03d48934586ca1ebbd153b145fdf011b69f198dd931bf464bff4,1
E:\压裂窜扰项目\02 规范化\泸208H1\泸208H1 邻井压力监测\泸208H1-2-15段压裂施工-1井压力监测(yc).xlsx,泸208H1,泸208H1,225760,1784287115272050900,69d462fe7deb6fbe1f9fddeedecc2771102447fe8985c2c1a1dbd627fee3055b,1
E:\压裂窜扰项目\02 规范化\泸208H1\泸208H1 邻井压力监测\泸208H1-2-15段压裂施工-4井压力监测(H2).xlsx,泸208H1,泸208H1,204040,1784287136562409400,4d9766ca670260680643b71de4cbedf954e7d7e729ba64513942bc0b9346e8bd,1
E:\压裂窜扰项目\02 规范化\泸208H1\泸208H1 邻井压力监测\泸208H1-2-15段压裂施工-5井压力监测(H2).xlsx,泸208H1,泸208H1,212513,1784287126174451700,60f6e1a5c73bf07ef2d72062303c6ded75599aa81f5d0187f3b198365993d940,1
E:\压裂窜扰项目\02 规范化\泸208H1\泸208H1 邻井压力监测\泸208H1-2-16段压裂施工-1井压力监测(yc).xlsx,泸208H1,泸208H1,205115,1784287147125553400,ac3301748e97d7c8e02170eca48b10c45a0851bc0ceaea8371f86a76c00ac052,1
E:\压裂窜扰项目\02 规范化\泸208H1\泸208H1 邻井压力监测\泸208H1-2-16段压裂施工-4井压力监测(H2).xlsx,泸208H1,泸208H1,135839,1784287163165202500,3a57e70e83f168e63cebddbabfe788b13e38f758524c5e470430894c08faf945,1
E:\压裂窜扰项目\02 规范化\泸208H1\泸208H1 邻井压力监测\泸208H1-2-16段压裂施工-5井压力监测(H2).xlsx,泸208H1,泸208H1,141841,1784287155068231100,7247e0d2db12339f99d786f80f4d8ca054a02616393017684a1bec022e6e0b04,1
E:\压裂窜扰项目\02 规范化\泸208H1\泸208H1 邻井压力监测\泸208H1-2-17段压裂施工-1井压力监测(yc).xlsx,泸208H1,泸208H1,156337,1784287171460058300,cf41376398a6f61724e44a4b604743595adda3bd3a48ff1c1bf952d4c35c13ec,1
E:\压裂窜扰项目\02 规范化\泸208H1\泸208H1 邻井压力监测\泸208H1-2-17段压裂施工-4井压力监测(H2).xlsx,泸208H1,泸208H1,159116,1784287190648999600,7471a1f0ddd706ca0a2b59ed476f06d36103095fa4f0048a0511be31bb1954c6,1
E:\压裂窜扰项目\02 规范化\泸208H1\泸208H1 邻井压力监测\泸208H1-2-17段压裂施工-5井压力监测(H2).xlsx,泸208H1,泸208H1,199824,1784287182336832400,543fc6092f935020c40343b8cc29201c034a0afa34e7e761a43a91f2a9e2ee3a,1
E:\压裂窜扰项目\02 规范化\泸208H1\泸208H1 邻井压力监测\泸208H1-2-18段压裂施工-1井压力监测.xlsx,泸208H1,泸208H1,164809,1784287199548877900,90b16bbc27d349dd3831486f43716ff64fa151e82560ef80186e92ddcf6e31f4,1
E:\压裂窜扰项目\02 规范化\泸208H1\泸208H1 邻井压力监测\泸208H1-2-18段压裂施工-4井压力监测(H2).xlsx,泸208H1,泸208H1,209260,1784287220630344500,6942339a42230f55940f595c9db51f585ffa6d96e05f382dceab0338d490f045,1
E:\压裂窜扰项目\02 规范化\泸208H1\泸208H1 邻井压力监测\泸208H1-2-18段压裂施工-5井压力监测(H2).xlsx,泸208H1,泸208H1,181132,1784287209296285600,5218035b966b59214e778a7c6cf608152beffa75bc70679b46cecb98d7176137,1
E:\压裂窜扰项目\02 规范化\泸208H1\泸208H1 邻井压力监测\泸208H1-2-4段压裂施工-1井压力监测.xlsx,泸208H1,泸208H1,196258,1784287043039765800,382dc92add92e1507361d5bb6b483758ca17c65951c4d154651153e8209bcb4b,1
E:\压裂窜扰项目\02 规范化\泸208H1\泸208H1 邻井压力监测\泸208H1-2-6段压裂施工-1井压力监测.xlsx,泸208H1,泸208H1,203990,1784287052907851800,756bd2d88a7dd241c02b8ab5a286f14b49d3800d3351a44c981d93406b5b07cc,1
E:\压裂窜扰项目\02 规范化\泸208H1\泸208H1 邻井压力监测\泸208H1-2-8段压裂施工-1井压力监测.xlsx,泸208H1,泸208H1,185550,1784287064133278200,78f299613f381afdf307c8c116038d13a4b1a0e752cf1b45f569221fe0e3b95c,1
E:\压裂窜扰项目\02 规范化\泸208H1\泸208H1 邻井压力监测\泸208H1-2-8段压裂施工-1井秒点压力监测.xls,泸208H1,泸208H1,934738,1744095350000000000,e0b77482ada37c5cf966069c0c7244962ebad16928452f8917a8c938dcffffe0,1
E:\压裂窜扰项目\02 规范化\泸208H1\泸208H1 邻井压力监测\泸208H1-2井.xlsx,泸208H1,泸208H1,3667899,1744622364000000000,b82c96268a28274dccdde7d1e4f291d8acce371fb00c637119d8ac19974df73a,16
E:\压裂窜扰项目\02 规范化\泸208H1\泸208H1 邻井压力监测\泸208H1-3-1段压裂施工-4井压力监测.xlsx,泸208H1,泸208H1,205688,1784287228925396900,a3529950e02df855201f6afd36d719301014bf9334c9118d1a39bd3f6fdf60f6,1
E:\压裂窜扰项目\02 规范化\泸208H1\泸208H1 邻井压力监测\泸208H1-3-3段压裂施工-4井压力监测.xlsx,泸208H1,泸208H1,200149,1784287237406980900,e3faed30ecdf08ec97f2c9e44c21da56b5460f5fe4b46b3702c238a170a31195,1
E:\压裂窜扰项目\02 规范化\泸208H1\泸208H1 邻井压力监测\泸208H1-3-3段压裂施工-5井压力监测.xlsx,泸208H1,泸208H1,198843,1784287245698521000,7e3db191f2cd49d1be79f9a265f70dff78aca8b2f1efbdce5d2dc3baa32521dc,1
E:\压裂窜扰项目\02 规范化\泸208H1\泸208H1 邻井压力监测\泸208H1-3井.xlsx,泸208H1,泸208H1,566145,1744679404000000000,ba250401bab59120543666adc73fae025984fd25c8852ca408818ddac6d2c9e5,3
E:\压裂窜扰项目\02 规范化\泸208H1\泸208H1 邻井压力监测\泸208H1-4-10段压裂施工-6井压力监测.xlsx,泸208H1,泸208H1,141983,1784287364292734600,47e998853f6d6c19d595e16c1c595283e43e181daabcfd09f0a9b4e92c523bf5,1
E:\压裂窜扰项目\02 规范化\泸208H1\泸208H1 邻井压力监测\泸208H1-4-11段压裂施工-5井压力监测.xlsx,泸208H1,泸208H1,170394,1784287364931536000,dcaf4ca6686a5eb66b62344f63a57d8a0e5b84c2ad116e8933a51f0cc8e4e222,1
E:\压裂窜扰项目\02 规范化\泸208H1\泸208H1 邻井压力监测\泸208H1-4-13段压裂施工-5井压力监测.xlsx,泸208H1,泸208H1,136619,1784287365216246300,0a4f3b29b707aa16a53cd47137a0d69ca985f77fd6d1019029d3f1040a2242ff,1
E:\压裂窜扰项目\02 规范化\泸208H1\泸208H1 邻井压力监测\泸208H1-4-14段压裂施工-5井压力监测.xlsx,泸208H1,泸208H1,126516,1784287365736317700,c8fbaddc77528e301a37f2f804ecb3838a07d50bbb8601c8c0be6813c7b35722,1
E:\压裂窜扰项目\02 规范化\泸208H1\泸208H1 邻井压力监测\泸208H1-4-16段压裂施工-5井压力监测.xlsx,泸208H1,泸208H1,117820,1784287366082941200,b27f976daeaf64efbb33a427a6c9398c9e1d68a0ec2187850aa64df15e02841d,1
E:\压裂窜扰项目\02 规范化\泸208H1\泸208H1 邻井压力监测\泸208H1-4-17段压裂施工-5井压力监测.xlsx,泸208H1,泸208H1,111779,1784287366398021600,cc400857a1e83503ac5cad1e1eaae95ef32d2e4bacf091357e1cc860f3b208a9,1
E:\压裂窜扰项目\02 规范化\泸208H1\泸208H1 邻井压力监测\泸208H1-4-18段压裂施工-5井压力监测.xlsx,泸208H1,泸208H1,115296,1784287367077108800,162d26d9f2d4332b41280d9f7b2dc2054a312f49aa2ddd9eb1a04fff735c5dfb,1
E:\压裂窜扰项目\02 规范化\泸208H1\泸208H1 邻井压力监测\泸208H1-4-19段压裂施工-5井压力监测.xlsx,泸208H1,泸208H1,149393,1784287367413931000,0a4313a23b2b560a3ca6848d563e21915b4c2f0454eb88f43342b85281e0fead,1
E:\压裂窜扰项目\02 规范化\泸208H1\泸208H1 邻井压力监测\泸208H1-4-1段压裂施工-3井压力监测.xlsx,泸208H1,泸208H1,203897,1784287272049894000,98114559daea69d156a9850578e4f6b7003e01a3c0e1c976e63d5e1507f173e5,1
E:\压裂窜扰项目\02 规范化\泸208H1\泸208H1 邻井压力监测\泸208H1-4-1段压裂施工-5井压力监测.xlsx,泸208H1,泸208H1,203764,1784287258728099200,12d11f5a90e20b5c27bdb4ee9731aa2bd096691666bd883d48ad3c24870c6245,1
E:\压裂窜扰项目\02 规范化\泸208H1\泸208H1 邻井压力监测\泸208H1-4-2段压裂施工-3井压力监测.xlsx,泸208H1,泸208H1,210714,1784287285042478600,c6ec1c3fe326e878fb72f28fa2d5a8be64aa04773a6d34c32825f542ffd54073,1
E:\压裂窜扰项目\02 规范化\泸208H1\泸208H1 邻井压力监测\泸208H1-4-2段压裂施工-5井压力监测.xlsx,泸208H1,泸208H1,210094,1784287298039550700,4fcc1fb64d693da862662b6fd2d67aaf14ef26c8dafbeff6b36a52e10df82527,1
E:\压裂窜扰项目\02 规范化\泸208H1\泸208H1 邻井压力监测\泸208H1-4-3段压裂施工-3井压力监测.xlsx,泸208H1,泸208H1,208794,1784287310497216100,db093b3103067640b0bde98a98d7a935e658a24fb1cd462a4cf6607a26698f1c,1
E:\压裂窜扰项目\02 规范化\泸208H1\泸208H1 邻井压力监测\泸208H1-4-3段压裂施工-5井压力监测.xlsx,泸208H1,泸208H1,207124,1784287323345278800,ca39089939a0bee871497136eb8444025c0b51ea3f2ff304346ce37bec83ae4f,1
E:\压裂窜扰项目\02 规范化\泸208H1\泸208H1 邻井压力监测\泸208H1-4-4段压裂施工-3井压力监测.xlsx,泸208H1,泸208H1,204787,1784287335514718500,ffa6bb9be9cbaea7a3cd72df5d3e9307de2951e17b1db8ed6c96425ad80b1d0e,1
E:\压裂窜扰项目\02 规范化\泸208H1\泸208H1 邻井压力监测\泸208H1-4-4段压裂施工-5井压力监测.xlsx,泸208H1,泸208H1,203934,1784287347546241200,bd98b5ed281681f70d1cc3adaf11bb95e8d39d1f29bb8587547880421ecc7f53,1
E:\压裂窜扰项目\02 规范化\泸208H1\泸208H1 邻井压力监测\泸208H1-4-5段压裂施工-3井压力监测.xlsx,泸208H1,泸208H1,161958,1784287361804461600,420e34aad4d1efa21b60d2a57563fb90b8798a02590aa9f60da5d0ed80752a12,1
E:\压裂窜扰项目\02 规范化\泸208H1\泸208H1 邻井压力监测\泸208H1-4-5段压裂施工-5井压力监测.xlsx,泸208H1,泸208H1,220903,1784287376030258400,c118dc030eb1c28c52f3b30ad4f74e5dfae4760c9420a9184f93ae395a33bd99,1
E:\压裂窜扰项目\02 规范化\泸208H1\泸208H1 邻井压力监测\泸208H1-4-6段压裂施工-3井压力监测.xlsx,泸208H1,泸208H1,172660,1784287362639222300,bafa8afa377694b3fe51872f19256f40266a3e9b9a240042a6721cf7c6d4fb5b,1
E:\压裂窜扰项目\02 规范化\泸208H1\泸208H1 邻井压力监测\泸208H1-4-7段压裂施工-6井压力监测.xlsx,泸208H1,泸208H1,134273,1784287362915507600,7fb33d487da2c7c6d32f0ec5e24f48d4966c3b4ef87d7ec7a18216a87cf5066a,1
E:\压裂窜扰项目\02 规范化\泸208H1\泸208H1 邻井压力监测\泸208H1-4-8段压裂施工-6井压力监测.xlsx,泸208H1,泸208H1,129509,1784287363141924900,e6762a9b2753df6e2075bcafb321d153ba44a33d1c33b63668d98c7669d2a66c,1
E:\压裂窜扰项目\02 规范化\泸208H1\泸208H1 邻井压力监测\泸208H1-4-9段压裂施工-3井压力监测.xlsx,泸208H1,泸208H1,177677,1784287363716804600,ea4a37455a81d77cef5ac9ef8611090acd36ae8554b6079fca5fd930631c8bfa,1
E:\压裂窜扰项目\02 规范化\泸208H1\泸208H1 邻井压力监测\泸208H1-4-9段压裂施工-5井压力监测.xlsx,泸208H1,泸208H1,178201,1784287364020792500,97f935807f7eac229daa6adb17d6498313c15591c8563fd7a7ea193ab05d7574,1
E:\压裂窜扰项目\02 规范化\泸208H1\泸208H1 邻井压力监测\泸208H1-4井.xlsx,泸208H1,泸208H1,4357447,1763350036000000000,c5f7988d7bd6d9ba7136942dde5c76310f5dcc62275947252011eedd8bbcdcae,23
E:\压裂窜扰项目\02 规范化\泸208H1\泸208H1 邻井压力监测\泸208H1-5-10段压裂施工-4井压力监测.xlsx,泸208H1,泸208H1,146086,1784287378785657400,1b20dda048ceb748ef4b8c054e2c531b49e4ce63efd4b0bf7cd4810504393175,1
E:\压裂窜扰项目\02 规范化\泸208H1\泸208H1 邻井压力监测\泸208H1-5-14段压裂施工-4井压力监测.xlsx,泸208H1,泸208H1,178379,1784287379244065200,65b68358fca953c6c852b4a248b253abbcf098e88b42860843cb26089eebeac8,1
E:\压裂窜扰项目\02 规范化\泸208H1\泸208H1 邻井压力监测\泸208H1-5-14段压裂施工-6井压力监测.xlsx,泸208H1,泸208H1,176129,1784287380066574600,e3f681b4541575c50266714254b7d6cb318102a380ae06ecc6416b1c8e3f5219,1
E:\压裂窜扰项目\02 规范化\泸208H1\泸208H1 邻井压力监测\泸208H1-5-15段压裂施工-4井压力监测.xlsx,泸208H1,泸208H1,178802,1784287380519529700,2973a9652595063bc24e65a287612f39e3d88eea4c8937b82b3fab7cfcbe4fa0,1
E:\压裂窜扰项目\02 规范化\泸208H1\泸208H1 邻井压力监测\泸208H1-5-16段压裂施工-4井压力监测.xlsx,泸208H1,泸208H1,99099,1784287380901298500,8a22b905fddbcc358935ae452da636c1603b469e2c307e45520984467e0ef42e,1
E:\压裂窜扰项目\02 规范化\泸208H1\泸208H1 邻井压力监测\泸208H1-5-17段压裂施工-4井压力监测.xlsx,泸208H1,泸208H1,121908,1784287381711674800,19ba3ce767085173b950d4b76b1ef870be071c1c7174e16625144a14d11f420d,1
E:\压裂窜扰项目\02 规范化\泸208H1\泸208H1 邻井压力监测\泸208H1-5-18段压裂施工-4井压力监测.xlsx,泸208H1,泸208H1,119429,1784287382129209500,0b0495920c7f78dfd0ef4b798a7cf1199875f725688a10a978b7e3ad8c685118,1
E:\压裂窜扰项目\02 规范化\泸208H1\泸208H1 邻井压力监测\泸208H1-5-19段压裂施工-4井压力监测.xlsx,泸208H1,泸208H1,141419,1784287382956137900,a0e9a5919820f0e9dbaa1b309d95fb85bb03b487c9d36f26e1869888c8408c8e,1
E:\压裂窜扰项目\02 规范化\泸208H1\泸208H1 邻井压力监测\泸208H1-5-1段压裂施工-6井压力监测.xlsx,泸208H1,泸208H1,160572,1784287373475297500,2ecfca78ea37de05f6ee59013e98a75f652555ce0bcee1aba9105d35f2f2d2cc,1
E:\压裂窜扰项目\02 规范化\泸208H1\泸208H1 邻井压力监测\泸208H1-5-20段压裂施工-4井压力监测.xlsx,泸208H1,泸208H1,137476,1784287383388012000,e34b4171021f4cd05dcea37bc610683ab9ab405945df117e02dd89437b68a7ab,1
E:\压裂窜扰项目\02 规范化\泸208H1\泸208H1 邻井压力监测\泸208H1-5-23段压裂施工-4井压力监测.xlsx,泸208H1,泸208H1,141264,1784287383784802800,2c5c6ddeae69f50d01fc942138fa9fdf8254959eb59c9f1ca0f4fec43814c468,1
E:\压裂窜扰项目\02 规范化\泸208H1\泸208H1 邻井压力监测\泸208H1-5-25段压裂施工-4井压力监测.xlsx,泸208H1,泸208H1,134751,1784287384644208800,24b49862879806c946b1c85efd20372d8954bc5901cadbf3c847f36f2c53690e,1
E:\压裂窜扰项目\02 规范化\泸208H1\泸208H1 邻井压力监测\泸208H1-5-26段压裂施工-4井压力监测.xlsx,泸208H1,泸208H1,141048,1784287385083742300,b47f235c1a8886c5a24620a51e6ca45e51c9ce368502d57db0d52323f1b251c2,1
E:\压裂窜扰项目\02 规范化\泸208H1\泸208H1 邻井压力监测\泸208H1-5-2段压裂施工-6井压力监测.xlsx,泸208H1,泸208H1,158978,1784287373780709400,d725771ea16dafaf95642c37e6760f5f8220c6e87a96fdc2d66c4cfd1fa1ce6a,1
E:\压裂窜扰项目\02 规范化\泸208H1\泸208H1 邻井压力监测\泸208H1-5-3段压裂施工-6井压力监测.xlsx,泸208H1,泸208H1,161143,1784287374093842800,7d95402ecb57d7a53f30ddea7df2bb17aff0833d1ab2b368d1f010ea5f37feb6,1
E:\压裂窜扰项目\02 规范化\泸208H1\泸208H1 邻井压力监测\泸208H1-5-4段压裂施工-6井压力监测.xlsx,泸208H1,泸208H1,173180,1784287374417545300,4c53951d268321b79e63f0e08d56666d3fbabf0a66503287496758f3fcf591d2,1
E:\压裂窜扰项目\02 规范化\泸208H1\泸208H1 邻井压力监测\泸208H1-5-5段压裂施工-4井压力监测.xlsx,泸208H1,泸208H1,202834,1784287376009658700,56978381465675668ba2fba58908de7b6d04728a0025ececff33962c59dedd60,1
E:\压裂窜扰项目\02 规范化\泸208H1\泸208H1 邻井压力监测\泸208H1-5-5段压裂施工-6井压力监测.xlsx,泸208H1,泸208H1,202508,1784287376394869500,3349e2f3a793d93eef3ece9ff12602f65ebeeb0dc92b3c1cf01e11acafe6aa44,1
E:\压裂窜扰项目\02 规范化\泸208H1\泸208H1 邻井压力监测\泸208H1-5-6段压裂施工-4井压力监测.xlsx,泸208H1,泸208H1,147671,1784287376701828600,d02f189c09c80794fe1076be5ea995ef9033f318a84fa973a7f05b0d5ce42c63,1
E:\压裂窜扰项目\02 规范化\泸208H1\泸208H1 邻井压力监测\泸208H1-5-7段压裂施工-6井压力监测.xlsx,泸208H1,泸208H1,157162,1784287377362004500,36d74b4ed2207f3d0f192cdb68cdd890f20f5e4de8ef07522eccc7922f33965f,1
E:\压裂窜扰项目\02 规范化\泸208H1\泸208H1 邻井压力监测\泸208H1-5-8段压裂施工-6井压力监测.xlsx,泸208H1,泸208H1,160705,1784287377678669500,8fc68aac9e7d2876ca902fd149a63b920c6346fa39d7a2fbef4bf66aa7c31291,1
E:\压裂窜扰项目\02 规范化\泸208H1\泸208H1 邻井压力监测\泸208H1-5-9段压裂施工-4井压力监测.xlsx,泸208H1,泸208H1,183704,1784287378460731300,96bd70385ae0c06b91531e362b92e9b585672cc7560e6be8a7705772737dc39a,1
E:\压裂窜扰项目\02 规范化\泸208H1\泸208H1 邻井压力监测\泸208H1-5井.xlsx,泸208H1,泸208H1,4287973,1744622576000000000,aeb68944ab9b21045b0cd01e3f24ca65fed5ad4c8b835477d918e6e0ddd8012a,22
E:\压裂窜扰项目\02 规范化\泸208H1\泸208H1 邻井压力监测\泸208H1-6-1段压裂施工-5井压力监测.xlsx,泸208H1,泸208H1,124603,1784287386820194200,7ba2b9985edb8145f4eaa2d6a004c89f90875249f7a805dff64e36896d8a30e9,1
E:\压裂窜扰项目\02 规范化\泸208H1\泸208H1 邻井压力监测\泸208H1-6-2段压裂施工-5井压力监测.xlsx,泸208H1,泸208H1,145298,1784287387121055800,dc1298306a79fcbe1cc266139835ade71babb88725226351e35e897b4cd1aee2,1
E:\压裂窜扰项目\02 规范化\泸208H1\泸208H1 邻井压力监测\泸208H1-6-3段压裂施工-5井压力监测.xlsx,泸208H1,泸208H1,168427,1784287387365530500,ec570018b491908a29c3f2c812e602bd48612d2aebab38f1aa4b9eaf58a1894b,1
E:\压裂窜扰项目\02 规范化\泸208H1\泸208H1 邻井压力监测\泸208H1-6-4段压裂施工-5井压力监测.xlsx,泸208H1,泸208H1,130277,1784287387594006300,bceb8bbfe55db583cbe3aadbbe9d6a7b3f5bf969233d962ef23402449da55687,1
E:\压裂窜扰项目\02 规范化\泸208H1\泸208H1 邻井压力监测\泸208H1-6井.xlsx,泸208H1,泸208H1,779355,1744593468000000000,26b327eea4948a5eb0df0b63167b922a2130459ee436e0416a30b18ee2c087e4,4
E:\压裂窜扰项目\02 规范化\泸208H2\泸208H2 邻井压力监测\泸208H2-1-10段压裂施工-2井压力监测.xlsx,泸208H2,泸208H2,141659,1784287881318093700,1b12621872dd46b75b7bed6d04fde633defa61baebd6901fe52364db141a2ca4,1
E:\压裂窜扰项目\02 规范化\泸208H2\泸208H2 邻井压力监测\泸208H2-1-11段压裂施工-2井压力监测.xlsx,泸208H2,泸208H2,139033,1784287881492514000,715e7861876df45901c1d53ef7b16a6c4952e7b27cc4c4d82f7e71ca8e66a766,1
E:\压裂窜扰项目\02 规范化\泸208H2\泸208H2 邻井压力监测\泸208H2-1-12段压裂施工-2井压力监测.xlsx,泸208H2,泸208H2,140657,1784287881667059900,767e330b7b678996f5275886d898366288a4b778c4412ce24e2ba38c716baa84,1
E:\压裂窜扰项目\02 规范化\泸208H2\泸208H2 邻井压力监测\泸208H2-1-13段压裂施工-2井压力监测.xlsx,泸208H2,泸208H2,151199,1784287881846827200,0a415dfa6c62811b2367a12e9e1a2f0b072a9da2b8429c87a4b1bcaf838d715f,1
E:\压裂窜扰项目\02 规范化\泸208H2\泸208H2 邻井压力监测\泸208H2-1-14段压裂施工-2井压力监测.xlsx,泸208H2,泸208H2,143419,1784287882126244000,d4bc64e9a91aef58c57f38bbc6d9d42ff899f6a6b1fe91faacf3fb097287d6e9,1
E:\压裂窜扰项目\02 规范化\泸208H2\泸208H2 邻井压力监测\泸208H2-1-15段压裂施工-2井压力监测.xlsx,泸208H2,泸208H2,144578,1784287882301290700,04b11e13ec0785c40e9b2811dcec4b0a236d593c36a74ac90dfdbc73f0653a9b,1
E:\压裂窜扰项目\02 规范化\泸208H2\泸208H2 邻井压力监测\泸208H2-1-16段压裂施工-2井压力监测.xlsx,泸208H2,泸208H2,139610,1784287882486707900,2f21e18f9bb4e4b6c170c5cfa8de380c0bf8f7063c914f0631cda3515d3f422b,1
E:\压裂窜扰项目\02 规范化\泸208H2\泸208H2 邻井压力监测\泸208H2-1-17段压裂施工-2井压力监测.xlsx,泸208H2,泸208H2,139610,1784287882760698900,1d86fad576d4a832aae04eb097fa4deb5f9b35c4df28f76a004ea994a2029a25,1
E:\压裂窜扰项目\02 规范化\泸208H2\泸208H2 邻井压力监测\泸208H2-1-19段压裂施工-2井压力监测.xlsx,泸208H2,泸208H2,136573,1784287882933383500,bc366a9532d9943a2ce108d58acbefdfee3a6f488a5d4e47f558e6c15830a514,1
E:\压裂窜扰项目\02 规范化\泸208H2\泸208H2 邻井压力监测\泸208H2-1-2段压裂施工-2井压力监测.xlsx,泸208H2,泸208H2,179139,1784287880406097900,0da655dd31bc5e658dcbc6ba7d644262703ff0c980a3c891d5fac13b9dd5b5d7,1
E:\压裂窜扰项目\02 规范化\泸208H2\泸208H2 邻井压力监测\泸208H2-1-4段压裂施工-2井压力监测.xlsx,泸208H2,泸208H2,148919,1784287880680369800,800f67ee829a803c24708110ab135c2425afcc81892996c8af49575a4db315b2,1
E:\压裂窜扰项目\02 规范化\泸208H2\泸208H2 邻井压力监测\泸208H2-1-5段压裂施工-2井压力监测.xlsx,泸208H2,泸208H2,147584,1784287880857369100,17c4d2ba2a0e1e5db723a50c1e90e8daa62a4cc6f67389b07d80936c9de0518a,1
E:\压裂窜扰项目\02 规范化\泸208H2\泸208H2 邻井压力监测\泸208H2-1-5段压裂施工-2井压力监测（补充）.xlsx,泸208H2,泸208H2,136185,1784287885224242600,f6218fea0d09a4cdb2ef43256c4c3402c89a105dd3a255056c27859308ba4401,1
E:\压裂窜扰项目\02 规范化\泸208H2\泸208H2 邻井压力监测\泸208H2-1-6段压裂施工-2井压力监测.xlsx,泸208H2,泸208H2,139693,1784287881032184200,15b129cbdd683d21ac3d8e62c5bd833866910d8c88f34dda4f24f35c0961fef5,1
E:\压裂窜扰项目\02 规范化\泸208H2\泸208H2 邻井压力监测\泸208H2-10-10段压裂施工-9井压力监测.xlsx,泸208H2,泸208H2,112335,1784287971000344900,a95bab23859e84b1d6a9a96dc77acc0eca77c4adca5f8805dbb5008759b94320,1
E:\压裂窜扰项目\02 规范化\泸208H2\泸208H2 邻井压力监测\泸208H2-10-11段压裂施工-9井压力监测.xlsx,泸208H2,泸208H2,139979,1784287971242327900,59144d89e4c040785fe8da0cc0b2160752209c352b1357773fe2031100db8b67,1
E:\压裂窜扰项目\02 规范化\泸208H2\泸208H2 邻井压力监测\泸208H2-10-12段压裂施工-8井压力监测.xlsx,泸208H2,泸208H2,142255,1784287971497003300,3c999e7c272862c00f1edba3d73554c1197f938556c7a4631420579887b56ca8,1
E:\压裂窜扰项目\02 规范化\泸208H2\泸208H2 邻井压力监测\泸208H2-10-12段压裂施工-9井压力监测.xlsx,泸208H2,泸208H2,142478,1784287971745965000,1fd0605ed027f51d11ef2e419f2e6b18c2c3e45b2552b3bd226df3158f16221f,1
E:\压裂窜扰项目\02 规范化\泸208H2\泸208H2 邻井压力监测\泸208H2-10-13段压裂施工-9井压力监测.xlsx,泸208H2,泸208H2,141383,1784287972227120500,664572876644e9f7866dc659af821eaac88a8a6a65a9b4aa2c1632f7d61c9fb3,1
E:\压裂窜扰项目\02 规范化\泸208H2\泸208H2 邻井压力监测\泸208H2-10-14段压裂施工-9井压力监测.xlsx,泸208H2,泸208H2,140131,1784287972466026400,34fe3576622da87ccf1488dc2940fec7b0dcc13fb576ee8ce5f9d337e1faf816,1
E:\压裂窜扰项目\02 规范化\泸208H2\泸208H2 邻井压力监测\泸208H2-10-15段压裂施工-9井压力监测.xlsx,泸208H2,泸208H2,130002,1784287972692330500,993d57d86835fc32397b2d804d7ca97bad5cdfa7c4030f1697f52eb492cee78a,1
E:\压裂窜扰项目\02 规范化\泸208H2\泸208H2 邻井压力监测\泸208H2-10-16段压裂施工-9井压力监测.xlsx,泸208H2,泸208H2,203921,1784287973044341200,4651b0a6e92e5e3aeb0ecd8389f1b34382b3de8df69b2d5965476ba8497bd2cd,1
E:\压裂窜扰项目\02 规范化\泸208H2\泸208H2 邻井压力监测\泸208H2-10-17段压裂施工-9井压力监测.xlsx,泸208H2,泸208H2,179741,1784287973886786400,207adf3e6672f315bfa29e8498b5e89575df3f0733339422cc0a36627543b4eb,1
E:\压裂窜扰项目\02 规范化\泸208H2\泸208H2 邻井压力监测\泸208H2-10-18段压裂施工-9井压力监测.xlsx,泸208H2,泸208H2,119000,1784287974094441400,c335a3efd8c78c5ed0c1aaa24d1a564f1361c515598a89992e0b103f00df97e0,1
E:\压裂窜扰项目\02 规范化\泸208H2\泸208H2 邻井压力监测\泸208H2-10-19段压裂施工-9井压力监测.xlsx,泸208H2,泸208H2,173414,1784287974392202900,57b5c2b826cac4a553c4e7a09101767aee3d2f48d0146e2c18d67136a904d59a,1
E:\压裂窜扰项目\02 规范化\泸208H2\泸208H2 邻井压力监测\泸208H2-10-20段压裂施工-9井压力监测.xlsx,泸208H2,泸208H2,118212,1784287974822418200,d4a2fa1537e8a9e5fda41df75f15adf8cb906aac626728ededdf29392dbcf97e,1
E:\压裂窜扰项目\02 规范化\泸208H2\泸208H2 邻井压力监测\泸208H2-10-21段压裂施工-9井压力监测.xlsx,泸208H2,泸208H2,185238,1784287975144987600,4e324f95f591a9926032ef03f8a38557b4d5c177e1be3f9cf834a9ca93bc63de,1
E:\压裂窜扰项目\02 规范化\泸208H2\泸208H2 邻井压力监测\泸208H2-10-22段压裂施工-9井压力监测.xlsx,泸208H2,泸208H2,114720,1784287975343999900,c96803113362c4f99daff81cd12e3869e4902f66aba2e32fb6edca207f527f95,1
E:\压裂窜扰项目\02 规范化\泸208H2\泸208H2 邻井压力监测\泸208H2-10-3段压裂施工-9井压力监测.xlsx,泸208H2,泸208H2,279693,1784287968965313300,92febf11812b58e72e65c258e7f9015f90bfb7f13e21a044364743c8b00226cc,1
E:\压裂窜扰项目\02 规范化\泸208H2\泸208H2 邻井压力监测\泸208H2-10-4段压裂施工-9井压力监测.xlsx,泸208H2,泸208H2,181800,1784287969205411200,7e9b3c612e4eecbc298da07394188a89838154cf927c7356ccec22241735f240,1
E:\压裂窜扰项目\02 规范化\泸208H2\泸208H2 邻井压力监测\泸208H2-10-5段压裂施工-9井压力监测.xlsx,泸208H2,泸208H2,131349,1784287969430666400,a27126f5c9756964f8d2c63daa9911479d481c7a41a4494b1711edad1c7dcf6e,1
E:\压裂窜扰项目\02 规范化\泸208H2\泸208H2 邻井压力监测\泸208H2-10-6段压裂施工-9井压力监测.xlsx,泸208H2,泸208H2,128240,1784287969881213700,baef3c2ec68af32403dafea0040762a7f232715ba54b44a955bf87bc413f67f6,1
E:\压裂窜扰项目\02 规范化\泸208H2\泸208H2 邻井压力监测\泸208H2-10-7段压裂施工-9井压力监测.xlsx,泸208H2,泸208H2,128548,1784287970114996400,5a043414237f8c1fc6344636b2b270c0306c1bb986b80e71b48fda053c05c635,1
E:\压裂窜扰项目\02 规范化\泸208H2\泸208H2 邻井压力监测\泸208H2-10-8段压裂施工-9井压力监测.xlsx,泸208H2,泸208H2,122662,1784287970330691100,cffa7bc2b53833e4b29afa8c15976462567e4c850e95f988bc6cac2f3c14277b,1
E:\压裂窜扰项目\02 规范化\泸208H2\泸208H2 邻井压力监测\泸208H2-10-9段压裂施工-9井压力监测.xlsx,泸208H2,泸208H2,136391,1784287970565621600,41984febd2c6a45ca762b7f3f36ebb2138741aaab57306a254b71a50a01489cd,1
E:\压裂窜扰项目\02 规范化\泸208H2\泸208H2 邻井压力监测\泸208H2-10井-MATLAB.xlsx,泸208H2,泸208H2,3638741,1744769896000000000,abd2b9bf0608e95bf5790e5fd0d73cf455d45e35dd57cf448d1ac51fb93fcf49,21
E:\压裂窜扰项目\02 规范化\泸208H2\泸208H2 邻井压力监测\泸208H2-1井-MATLAB-2.xlsx,泸208H2,泸208H2,2593881,1744770806000000000,da3e75bbf2831a64bdf9e89c77a98d49108598944168c586b04bc2d14a6490ad,13
E:\压裂窜扰项目\02 规范化\泸208H2\泸208H2 邻井压力监测\泸208H2-1井-MATLAB.xlsx,泸208H2,泸208H2,2598836,1783995178011459200,aa00bbe236c40570d035db57b818a31cb2eb9131d6e8d44e714e8188c228ae2b,13
E:\压裂窜扰项目\02 规范化\泸208H2\泸208H2 邻井压力监测\泸208H2-2-12段压裂施工-3井压力监测.xlsx,泸208H2,泸208H2,155492,1784287887594999500,148d59fd305a4111756ed19071456d0ed8aecb77bc1fc1ebdf97447e291b2e51,1
E:\压裂窜扰项目\02 规范化\泸208H2\泸208H2 邻井压力监测\泸208H2-2-13段压裂施工-1井压力监测.xlsx,泸208H2,泸208H2,153532,1784287887857656700,d8d5def5a6a738293e7a0d483b701c9eaa5cc0247a3fccb34801c6670f60b3c2,1
E:\压裂窜扰项目\02 规范化\泸208H2\泸208H2 邻井压力监测\泸208H2-2-13段压裂施工-3井压力监测.xlsx,泸208H2,泸208H2,162874,1784287888057034200,9bde345f2ae19223530361c35a7993b1e0f3156792819ba417b4c8381f991e26,1
E:\压裂窜扰项目\02 规范化\泸208H2\泸208H2 邻井压力监测\泸208H2-2-14段压裂施工-1井压力监测.xlsx,泸208H2,泸208H2,124589,1784287888301496400,260fd9180be83d8d5a5e8b0da8b9d0640ca819391679683301ddfcd6914260e3,1
E:\压裂窜扰项目\02 规范化\泸208H2\泸208H2 邻井压力监测\泸208H2-2-2段压裂施工-1井压力监测.xlsx,泸208H2,泸208H2,137711,1784287886801493700,9f41dc7da64e4c1f4608dfa042ebdce066d1e0449a45d0b86ca8c10082af6224,1
E:\压裂窜扰项目\02 规范化\泸208H2\泸208H2 邻井压力监测\泸208H2-2-5段压裂施工-1井压力监测.xlsx,泸208H2,泸208H2,124968,1784287886970432200,a46974ec8624f44cabdc56bb02018fec8a97216052c0bb4476ffe51bebcd53db,1
E:\压裂窜扰项目\02 规范化\泸208H2\泸208H2 邻井压力监测\泸208H2-2-9段压裂施工-3井压力监测.xlsx,泸208H2,泸208H2,136517,1784287887409581200,f45f424515077b091f8181dc3e0458b365d5ae1b976a4fe3d74c4f091fd7f891,1
E:\压裂窜扰项目\02 规范化\泸208H2\泸208H2 邻井压力监测\泸208H2-2井-MATLAB.xlsx,泸208H2,泸208H2,1410130,1744622480000000000,11dea251283bdc399701b5319f5e9c6c4f6ea26d45b08c2a77a5040e95d55c5d,7
E:\压裂窜扰项目\02 规范化\泸208H2\泸208H2 邻井压力监测\泸208H2-3-20段压裂施工-4井压力监测.xlsx,泸208H2,泸208H2,158272,1784287889866660100,22ffa2313ebe24f4bc9c7ddd62ac3412b113325277dbef61900a87333f1da77f,1
E:\压裂窜扰项目\02 规范化\泸208H2\泸208H2 邻井压力监测\泸208H2-3-21段压裂施工-4井压力监测.xlsx,泸208H2,泸208H2,164131,1784287890062662100,2408c85edeef2ca7ae2bd2e94a7b15cbc92182b4986d1aa78fef30887621a391,1
E:\压裂窜扰项目\02 规范化\泸208H2\泸208H2 邻井压力监测\泸208H2-3-22段压裂施工-4井压力监测.xlsx,泸208H2,泸208H2,129139,1784287890449884700,9c49213460ba83a6141b07023ce6fc9340aeb9a494b94ecd06dabfe48a4674e7,1
E:\压裂窜扰项目\02 规范化\泸208H2\泸208H2 邻井压力监测\泸208H2-3-23段压裂施工-4井压力监测.xlsx,泸208H2,泸208H2,130083,1784287890626114600,8169702983c5b0ad017e05903c4e5f7401492e399ab4f6be1b6d700a7a89be4f,1
E:\压裂窜扰项目\02 规范化\泸208H2\泸208H2 邻井压力监测\泸208H2-3-24段压裂施工-4井压力监测.xlsx,泸208H2,泸208H2,166025,1784287890917056200,a9a60627734e14ec525f7f284baf25c885180a0aae69df9dcd496a3a9543b11a,1
E:\压裂窜扰项目\02 规范化\泸208H2\泸208H2 邻井压力监测\泸208H2-3-25段压裂施工-4井压力监测.xlsx,泸208H2,泸208H2,160923,1784287891107747300,e7cb76709572f0121143ca348de04c22fe4b3f0a2c4804a3ab0ce05accc4909a,1
E:\压裂窜扰项目\02 规范化\泸208H2\泸208H2 邻井压力监测\泸208H2-3-26段压裂施工-4井压力监测.xlsx,泸208H2,泸208H2,165226,1784287891307911600,5262bdf16a06d93560c35ea2796b63dcba4acdd408a9ab96b731a34d67abcfa8,1
E:\压裂窜扰项目\02 规范化\泸208H2\泸208H2 邻井压力监测\泸208H2-3-27段压裂施工-4井压力监测.xlsx,泸208H2,泸208H2,166840,1784287891592067600,b7acc99ae71a6a15382a3a6d14faafa2a5b5f10226f0bebff5e5baaad04a6413,1
E:\压裂窜扰项目\02 规范化\泸208H2\泸208H2 邻井压力监测\泸208H2-3井-MATLAB.xlsx,泸208H2,泸208H2,1643472,1744622886000000000,551294ff739c5752d770b5d9e87381ca0835cf7f8ad108853236a2db1c6c8313,8
E:\压裂窜扰项目\02 规范化\泸208H2\泸208H2 邻井压力监测\泸208H2-4-10段压裂施工-1井压力监测.xlsx,泸208H2,泸208H2,126470,1784287895234147600,c95bb5e79a4c2ad40db683750faca62a0a8f1ec49cd9357dea3caedbd0ca5512,1
E:\压裂窜扰项目\02 规范化\泸208H2\泸208H2 邻井压力监测\泸208H2-4-11段压裂施工-1井压力监测.xlsx,泸208H2,泸208H2,118383,1784287895589367800,087c3b1b1242d3a653bd6741b1757788da3fe586538b0b80440016e1a06d1581,1
E:\压裂窜扰项目\02 规范化\泸208H2\泸208H2 邻井压力监测\泸208H2-4-12段压裂施工-5井压力监测.xlsx,泸208H2,泸208H2,117644,1784287895887044900,2f35d2e79d7868dfd7d24c028fc39e2d34df002da7dfd35574368bc07aee531e,1
E:\压裂窜扰项目\02 规范化\泸208H2\泸208H2 邻井压力监测\泸208H2-4-15段压裂施工-5井压力监测.xlsx,泸208H2,泸208H2,108232,1784287896048598200,1fad12db67f1a044b04bf70079882da52ff459396126641b8a0ee7f92953abc2,1
E:\压裂窜扰项目\02 规范化\泸208H2\泸208H2 邻井压力监测\泸208H2-4-16段压裂施工-5井压力监测.xlsx,泸208H2,泸208H2,88367,1784287896195327300,51c8ae8fe55dbae6813c54e26e16dbb2f667df1c5a0a8913014bca4d2eff94c6,1
E:\压裂窜扰项目\02 规范化\泸208H2\泸208H2 邻井压力监测\泸208H2-4-19段压裂施工-3井压力监测.xlsx,泸208H2,泸208H2,142238,1784287896479892100,a94bc6eb4be00cb3ac3027ebacd8aa0db8171a1dc84aa1a1e52fc4543c7ae529,1
E:\压裂窜扰项目\02 规范化\泸208H2\泸208H2 邻井压力监测\泸208H2-4-22段压裂施工-3井压力监测.xlsx,泸208H2,泸208H2,137463,1784287896634829800,02dba301b2efcaa1d7b3d516dcfe625e10b18d5cbd500da537c6d74753ebee44,1
E:\压裂窜扰项目\02 规范化\泸208H2\泸208H2 邻井压力监测\泸208H2-4-2段压裂施工-5井压力监测.xlsx,泸208H2,泸208H2,165715,1784287893794918500,e3b19bb95b103dec3c6ac99d55978d289516a090d19057df2e35d01c199d2bf0,1
E:\压裂窜扰项目\02 规范化\泸208H2\泸208H2 邻井压力监测\泸208H2-4-3段压裂施工-5井压力监测.xlsx,泸208H2,泸208H2,174599,1784287894250862000,c8d69fd7055fd169f87d956526cc6d0120200a4077499bcc63b56edd0c8c6d73,1
E:\压裂窜扰项目\02 规范化\泸208H2\泸208H2 邻井压力监测\泸208H2-4-4段压裂施工-5井压力监测.xlsx,泸208H2,泸208H2,184996,1784287894451121200,978e20210b86a7b11fcb1ae90e381740ceec84bff966baffb8cb633c5bdee006,1
E:\压裂窜扰项目\02 规范化\泸208H2\泸208H2 邻井压力监测\泸208H2-4-5段压裂施工-5井压力监测.xlsx,泸208H2,泸208H2,139469,1784287894600793700,f9e4efd69982c0b0b7336d4b77ffe1816cb28a6103a670a71fb207f342301798,1
E:\压裂窜扰项目\02 规范化\泸208H2\泸208H2 邻井压力监测\泸208H2-4-7段压裂施工-5井压力监测.xlsx,泸208H2,泸208H2,185718,1784287894919403000,7472e28cd56da873923327c39f52d905e154535dd322ac84d063cb18618b83d7,1
E:\压裂窜扰项目\02 规范化\泸208H2\泸208H2 邻井压力监测\泸208H2-4-8段压裂施工-5井压力监测.xlsx,泸208H2,泸208H2,135957,1784287895074354500,4201d036aecbe93d8df27e75e8fc32743630fb3e8f7ccc12b73ae528b0ea6eda,1
E:\压裂窜扰项目\02 规范化\泸208H2\泸208H2 邻井压力监测\泸208H2-4井-MATLAB.xlsx,泸208H2,泸208H2,2411507,1744623950000000000,f8bc9327635fc9e04a6e91615ab4c6b823352eff7570095650856a9ec4894e85,13
E:\压裂窜扰项目\02 规范化\泸208H2\泸208H2 邻井压力监测\泸208H2-5-10段压裂施工-3井压力监测.xlsx,泸208H2,泸208H2,184507,1784287900013421600,adf248b62d43c329e50aa7f3421ee805a069336aacd58138990be01a10d4df30,1
E:\压裂窜扰项目\02 规范化\泸208H2\泸208H2 邻井压力监测\泸208H2-5-12段压裂施工-3井压力监测.xlsx,泸208H2,泸208H2,160412,1784287900215154100,19865ef85512f3d58fc1d3aa3199cd9a63fe713f2c2d233864dd5c1222847728,1
E:\压裂窜扰项目\02 规范化\泸208H2\泸208H2 邻井压力监测\泸208H2-5-13段压裂施工-4井压力监测.xlsx,泸208H2,泸208H2,149683,1784287900390551900,a87863a2093f6e171fdc393150a09a2f11bdc473f72545e57246fc6d9a276828,1
E:\压裂窜扰项目\02 规范化\泸208H2\泸208H2 邻井压力监测\泸208H2-5-15段压裂施工-3井压力监测.xlsx,泸208H2,泸208H2,155207,1784287900683125400,958e8cbbe57411eb526e05b2954896fafd0da2ecea2e05dc32b8694980d18194,1
E:\压裂窜扰项目\02 规范化\泸208H2\泸208H2 邻井压力监测\泸208H2-5-16段压裂施工-3井压力监测.xlsx,泸208H2,泸208H2,105260,1784287900831992200,9d644ee4172551b8b9d56cb3bbd9ee6a98f3615ede781aeb2eb5791e2d51e2c1,1
E:\压裂窜扰项目\02 规范化\泸208H2\泸208H2 邻井压力监测\泸208H2-5-17段压裂施工-3井压力监测.xlsx,泸208H2,泸208H2,111513,1784287900982034300,69a1fc1a51e90520b8acd7ef46e0197da7b6111d3fc897f7d02c6b31d50f121d,1
E:\压裂窜扰项目\02 规范化\泸208H2\泸208H2 邻井压力监测\泸208H2-5-17段压裂施工-4井压力监测.xlsx,泸208H2,泸208H2,85142,1784287901113578800,c96d21fb14f3b323cbccf6f1af90ff20599ff63b03663ccafccbd6b68551a5c4,1
E:\压裂窜扰项目\02 规范化\泸208H2\泸208H2 邻井压力监测\泸208H2-5-2段压裂施工-4井压力监测.xlsx,泸208H2,泸208H2,122167,1784287898624523500,c33efcedb33f6390bdfc1cf10618a376e76abd6422352540eb010cf46cfca5db,1
E:\压裂窜扰项目\02 规范化\泸208H2\泸208H2 邻井压力监测\泸208H2-5-3段压裂施工-4井压力监测.xlsx,泸208H2,泸208H2,159236,1784287898826015300,3296f5ed1d92507b4b8089ee58d7397dc847e8b5fb00382182bc3bb857ed8d7d,1
E:\压裂窜扰项目\02 规范化\泸208H2\泸208H2 邻井压力监测\泸208H2-5-4段压裂施工-3井压力监测.xlsx,泸208H2,泸208H2,147031,1784287898989085200,73732a835847ac76b35d3e79986ab8dd5fa7334e498c7ac26682ef0e8718537e,1
E:\压裂窜扰项目\02 规范化\泸208H2\泸208H2 邻井压力监测\泸208H2-5-5段压裂施工-4井压力监测.xlsx,泸208H2,泸208H2,135107,1784287899480367000,5f51bf537a040a66b275d24e55cf0d27dfbda6cfe651031007a7d366d676aac8,1
E:\压裂窜扰项目\02 规范化\泸208H2\泸208H2 邻井压力监测\泸208H2-5-7段压裂施工-4井压力监测.xlsx,泸208H2,泸208H2,184809,1784287899692110500,a997b0e1cf4282f5aa13c0b740566a0e0ea622b23b1c92297c46c2bd078b3a45,1
E:\压裂窜扰项目\02 规范化\泸208H2\泸208H2 邻井压力监测\泸208H2-5井-MATLAB.xlsx,泸208H2,泸208H2,2184101,1744624634000000000,0c9e0e3ca618b5819028ae13c6b7c7c88ce4cb7aeab15b2de0722fba30023702,12
E:\压裂窜扰项目\02 规范化\泸208H2\泸208H2 邻井压力监测\泸208H2-6-10段压裂施工-7井压力监测.xlsx,泸208H2,泸208H2,112356,1784287906792224300,311e0061a2e2bd72a51f6bd2e50bce2a779db0717bceabc44a32b2f25445cc46,1
E:\压裂窜扰项目\02 规范化\泸208H2\泸208H2 邻井压力监测\泸208H2-6-12段压裂施工-7井压力监测.xlsx,泸208H2,泸208H2,61151,1784287906873981700,4da8defe1f1ea8c43ecfa8eb888ba70287358516a427d0eef23b05af82269920,1
E:\压裂窜扰项目\02 规范化\泸208H2\泸208H2 邻井压力监测\泸208H2-6-13段压裂施工-7井压力监测.xlsx,泸208H2,泸208H2,115650,1784287907023983100,9a85a3d936a81a3a5e11b00dc6b109fea013892175f28d4188349c5470e91928,1
E:\压裂窜扰项目\02 规范化\泸208H2\泸208H2 邻井压力监测\泸208H2-6-14段压裂施工-7井压力监测.xlsx,泸208H2,泸208H2,121098,1784287907187620100,d6c333078db0761f469cbf8e9139bec8c6627b513ad52b369008abcb87700ea8,1
E:\压裂窜扰项目\02 规范化\泸208H2\泸208H2 邻井压力监测\泸208H2-6-15段压裂施工-7井压力监测.xlsx,泸208H2,泸208H2,125822,1784287907341394200,4eb6c2416c21e8b2d03effc826dd64d36bac71fdc5be05f80115fc266bae38dc,1
E:\压裂窜扰项目\02 规范化\泸208H2\泸208H2 邻井压力监测\泸208H2-6-22段压裂施工-7井压力监测.xlsx,泸208H2,泸208H2,122066,1784287907648042500,53a246a5d207a0449ddeb1dce85f8b30f820273cd82d084b69ed31e88f445d82,1
E:\压裂窜扰项目\02 规范化\泸208H2\泸208H2 邻井压力监测\泸208H2-6-2段压裂施工-7井压力监测.xlsx,泸208H2,泸208H2,74653,1784287904100551500,03f5c3e2fba2d74875301fe602ebdde47ffcde25acc1fb8879239b7e5faf4f25,1
E:\压裂窜扰项目\02 规范化\泸208H2\泸208H2 邻井压力监测\泸208H2-6-3段压裂施工-7井压力监测.xlsx,泸208H2,泸208H2,115436,1784287904237725800,85b4347a8bb2986cc62ea26f0d74dc0562f4eecf53dec57b61abe13deec91315,1
E:\压裂窜扰项目\02 规范化\泸208H2\泸208H2 邻井压力监测\泸208H2-6-4段压裂施工-7井压力监测.xlsx,泸208H2,泸208H2,178471,1784287904455060700,aa10d64a836f2f6c74ee1b9f152107396c1b4a5b9f91b461c882dad7f45ed546,1
E:\压裂窜扰项目\02 规范化\泸208H2\泸208H2 邻井压力监测\泸208H2-6-4段压裂施工-8井压力监测.xlsx,泸208H2,泸208H2,178500,1784287904678405800,8f0a6cc13de496f31478958592cbcbf42c488baf8dfd4fa6da08e5eb33ca4374,1
E:\压裂窜扰项目\02 规范化\泸208H2\泸208H2 邻井压力监测\泸208H2-6-5段压裂施工-7井压力监测.xlsx,泸208H2,泸208H2,122666,1784287904973300700,5c338b3cddcf186a02df5fb4b50e26a81db7de9e8e946818b6c854b1be05fdb0,1
E:\压裂窜扰项目\02 规范化\泸208H2\泸208H2 邻井压力监测\泸208H2-6-6段压裂施工-7井压力监测.xlsx,泸208H2,泸208H2,117827,1784287905118310200,6dcecdf97cecbc70e6df280c70d789fea899329995e2e16b28d87a6f733b960f,1
E:\压裂窜扰项目\02 规范化\泸208H2\泸208H2 邻井压力监测\泸208H2-6-6段压裂施工-8井压力监测.xlsx,泸208H2,泸208H2,117219,1784287905261803400,60650c7846faa8ec7ec5aad0bd3125a04300fc044fd81a0ab797a74e0e38c9d3,1
E:\压裂窜扰项目\02 规范化\泸208H2\泸208H2 邻井压力监测\泸208H2-6-7段压裂施工-7井压力监测.xlsx,泸208H2,泸208H2,115242,1784287905399987500,2e748ed1b110a422a88ad64a169e87dc40cad60ccfb2e968dfcd7db4df7f1f34,1
E:\压裂窜扰项目\02 规范化\泸208H2\泸208H2 邻井压力监测\泸208H2-6-7段压裂施工-8井压力监测.xlsx,泸208H2,泸208H2,115823,1784287905536457200,e36447ab98077fdd5b4e193f6929918257ae43dd67c6e6a4c4b6e70c8a172af6,1
E:\压裂窜扰项目\02 规范化\泸208H2\泸208H2 邻井压力监测\泸208H2-6-8段压裂施工-7井压力监测.xlsx,泸208H2,泸208H2,149102,1784287905862501400,449c22ee7e821cf5a7dcb4d5652c08061d4507d4f94766fb13a09232a817e310,1
E:\压裂窜扰项目\02 规范化\泸208H2\泸208H2 邻井压力监测\泸208H2-6-8段压裂施工-8井压力监测.xlsx,泸208H2,泸208H2,148047,1784287906043181600,d9b5a5840d87918c0086ce9104730adef90c28bd88f73476c980fe77093b4121,1
E:\压裂窜扰项目\02 规范化\泸208H2\泸208H2 邻井压力监测\泸208H2-6-9段压裂施工-7井压力监测.xlsx,泸208H2,泸208H2,122612,1784287906196090500,23798bf5022970be0fb8d42c785f9638658f31410d172636b6589b5684a98a61,1
E:\压裂窜扰项目\02 规范化\泸208H2\泸208H2 邻井压力监测\泸208H2-6-9段压裂施工-8井压力监测.xlsx,泸208H2,泸208H2,122732,1784287906495813500,40c248fc229d29747e895ad605960e7f89dc6f1b5913e3b1a6c730bf7c2f19d7,1
E:\压裂窜扰项目\02 规范化\泸208H2\泸208H2 邻井压力监测\泸208H2-6井-MATLAB.xlsx,泸208H2,泸208H2,2802644,1744683902000000000,75169766351a1131eaccf522bc9fe21a5b18c5c59e80ac258b6765a60a9493b5,19
E:\压裂窜扰项目\02 规范化\泸208H2\泸208H2 邻井压力监测\泸208H2-7-10段压裂施工-6井压力监测.xlsx,泸208H2,泸208H2,167806,1784287919000051800,ee0ab85d6ba494e5cbce01ba927a852470826501e5db0bf625c72b135baee02b,1
E:\压裂窜扰项目\02 规范化\泸208H2\泸208H2 邻井压力监测\泸208H2-7-11段压裂施工-6井压力监测.xlsx,泸208H2,泸208H2,201970,1784287919704121700,d9e63d05651325bb1fa059635aec07ae76ba8c52790a6ec372c4523433446d71,1
E:\压裂窜扰项目\02 规范化\泸208H2\泸208H2 邻井压力监测\泸208H2-7-12段压裂施工-6井压力监测.xlsx,泸208H2,泸208H2,143513,1784287919947983300,ecaa17369761dfeb957eb46ae7ed6c9af2dfee651427312ca5df35cc514a400c,1
E:\压裂窜扰项目\02 规范化\泸208H2\泸208H2 邻井压力监测\泸208H2-7-13段压裂施工-6井压力监测.xlsx,泸208H2,泸208H2,144685,1784287920189851200,a6a8938033f8a86f06537a41cede58e7d83188765b5c7b11f149ec8ea7c441cf,1
E:\压裂窜扰项目\02 规范化\泸208H2\泸208H2 邻井压力监测\泸208H2-7-14段压裂施工-6井压力监测.xlsx,泸208H2,泸208H2,156241,1784287920440268900,80c391ab69b1846a77a3833eabd5dca2f04bfff5f03b342905e7b731e61fef06,1
E:\压裂窜扰项目\02 规范化\泸208H2\泸208H2 邻井压力监测\泸208H2-7-14段压裂施工-8井压力监测.xlsx,泸208H2,泸208H2,148350,1784287920693895400,3dace40c2e485b855c38d1fe7899e391523c78e76b02f1d530844b4eeb88183d,1
E:\压裂窜扰项目\02 规范化\泸208H2\泸208H2 邻井压力监测\泸208H2-7-15段压裂施工-6井压力监测.xlsx,泸208H2,泸208H2,143671,1784287920970130000,b74d49cebe7d5a231c120a88788175bfbfbc33f0bad8d11c99db61932891f897,1
E:\压裂窜扰项目\02 规范化\泸208H2\泸208H2 邻井压力监测\泸208H2-7-16段压裂施工-6井压力监测.xlsx,泸208H2,泸208H2,139771,1784287921566616300,250130084a47a669e8bb6ddd8add4a599152713a7307b52528490401fe3d9731,1
E:\压裂窜扰项目\02 规范化\泸208H2\泸208H2 邻井压力监测\泸208H2-7-16段压裂施工-8井压力监测.xlsx,泸208H2,泸208H2,146401,1784287921825655300,425827386d0279fd17ac63c64a0e7f5e3d075ec4692087128c2b5031a6421ad2,1
E:\压裂窜扰项目\02 规范化\泸208H2\泸208H2 邻井压力监测\泸208H2-7-17段压裂施工-8井压力监测.xlsx,泸208H2,泸208H2,169877,1784287922120473800,d6ef3a146bceb80ce1d8a55bfb63ad9dfa1b4cb15ab4394d984b54c509d38f5f,1
E:\压裂窜扰项目\02 规范化\泸208H2\泸208H2 邻井压力监测\泸208H2-7-18段压裂施工-6井压力监测.xlsx,泸208H2,泸208H2,182434,1784287922413689000,ba23162964622812dea51e05881ac3db5e72b6a549b464ab176a70fd3f6c4203,1
E:\压裂窜扰项目\02 规范化\泸208H2\泸208H2 邻井压力监测\泸208H2-7-18段压裂施工-8井压力监测.xlsx,泸208H2,泸208H2,171592,1784287922706870900,6b853514e4466f9f529b7f9ab2d9bd88f665a264281c3270f895e7ed16aa8d8b,1
E:\压裂窜扰项目\02 规范化\泸208H2\泸208H2 邻井压力监测\泸208H2-7-21段压裂施工-6井压力监测.xlsx,泸208H2,泸208H2,183573,1784287923346551300,01f9bf259235cc3cd9670ee05f6b6eafbaa4e7c70290a9260d4446c19a3a7f95,1
E:\压裂窜扰项目\02 规范化\泸208H2\泸208H2 邻井压力监测\泸208H2-7-21段压裂施工-8井压力监测.xlsx,泸208H2,泸208H2,177250,1784287923656737300,6e0f9e9faabdefca753679790f131407186bca1566c8dfb365140fceacc63f37,1
E:\压裂窜扰项目\02 规范化\泸208H2\泸208H2 邻井压力监测\泸208H2-7-22段压裂施工-6井压力监测.xlsx,泸208H2,泸208H2,148710,1784287923900900700,7af6ce944394677cbb446a41a752009eeafa79d8bd38d2aac24a10f704473a7c,1
E:\压裂窜扰项目\02 规范化\泸208H2\泸208H2 邻井压力监测\泸208H2-7-2段压裂施工-6井压力监测.xlsx,泸208H2,泸208H2,188368,1784287914484019900,11b47385cef716ec6e1442a85c78119e0460aa1ccdd6dc6f0586b87280fa807d,1
E:\压裂窜扰项目\02 规范化\泸208H2\泸208H2 邻井压力监测\泸208H2-7-2段压裂施工-8井压力监测.xlsx,泸208H2,泸208H2,172044,1784287914720353300,13f3b67f91e89fffdaaa63ffee9b6d64a36474458ce4380df309036b7f339bdb,1
E:\压裂窜扰项目\02 规范化\泸208H2\泸208H2 邻井压力监测\泸208H2-7-3段压裂施工-6井压力监测.xlsx,泸208H2,泸208H2,194790,1784287914972490600,bb026473773b0ab0f1dde0fa5d3d2a8d0e0b744ab6a1bfb9cb5cb093bd473614,1
E:\压裂窜扰项目\02 规范化\泸208H2\泸208H2 邻井压力监测\泸208H2-7-3段压裂施工-8井压力监测.xlsx,泸208H2,泸208H2,177528,1784287915207293300,dcb6472e9c9f105f232b2d4bb4fcc81ae2630f1d64063534b0fe6aea745826b9,1
E:\压裂窜扰项目\02 规范化\泸208H2\泸208H2 邻井压力监测\泸208H2-7-4段压裂施工-6井压力监测.xlsx,泸208H2,泸208H2,195738,1784287915462769400,4bda1048f2e08660849a16864bb38dd318798aa42d04f6af9d334d89b95ed10a,1
E:\压裂窜扰项目\02 规范化\泸208H2\泸208H2 邻井压力监测\泸208H2-7-4段压裂施工-8井压力监测.xlsx,泸208H2,泸208H2,179069,1784287915696164300,7f91393a1eacad3cd0ef16e85b031404e81ead785d03e77b104bc7bf49cc62eb,1
E:\压裂窜扰项目\02 规范化\泸208H2\泸208H2 邻井压力监测\泸208H2-7-5段压裂施工-6井压力监测.xlsx,泸208H2,泸208H2,284739,1784287916659585400,e24ec24dee48c2fcdc48255547cd12b6a7bed12ea3574107a23c6c3be50ec5e1,1
E:\压裂窜扰项目\02 规范化\泸208H2\泸208H2 邻井压力监测\泸208H2-7-5段压裂施工-8井压力监测.xlsx,泸208H2,泸208H2,250768,1784287917040799300,6496e55de66fb0a1d5491334b3a61933718a0fef59efc4155ab0639c04045488,1
E:\压裂窜扰项目\02 规范化\泸208H2\泸208H2 邻井压力监测\泸208H2-7-6段压裂施工-8井压力监测.xlsx,泸208H2,泸208H2,82877,1784287917190885500,b78ea9ab45512fadf7b1bc7abae097fdaa22831591c26f8866193a4878f91c36,1
E:\压裂窜扰项目\02 规范化\泸208H2\泸208H2 邻井压力监测\泸208H2-7-8段压裂施工-6井压力监测.xlsx,泸208H2,泸208H2,247264,1784287917903933800,e1eb6d298dbe96a6f2ca21725a4f8ac385ea6caca82cd49894f50a454356059d,1
E:\压裂窜扰项目\02 规范化\泸208H2\泸208H2 邻井压力监测\泸208H2-7-8段压裂施工-8井压力监测.xlsx,泸208H2,泸208H2,216177,1784287918299815700,bc7507bd776534dd045025ddd98b10beadda62169f525a93bb9f4e2c99451b95,1
E:\压裂窜扰项目\02 规范化\泸208H2\泸208H2 邻井压力监测\泸208H2-7-9段压裂施工-6井压力监测.xlsx,泸208H2,泸208H2,116131,1784287918516234600,e7a64411f3d21b15f3cb383c514e9ba38cf6e64a8c816216aed5e965212423bf,1
E:\压裂窜扰项目\02 规范化\泸208H2\泸208H2 邻井压力监测\泸208H2-7-9段压裂施工-8井压力监测.xlsx,泸208H2,泸208H2,126363,1784287918729389400,19f2fbf34642dd7476baacfa78637e3b7b20283a1439c9dd65ac317650abb044,1
E:\压裂窜扰项目\02 规范化\泸208H2\泸208H2 邻井压力监测\泸208H2-7井-MATLAB.xlsx,泸208H2,泸208H2,5928428,1744685308000000000,a3ddd2345490ac7b600e57ddba78f83ba2a6565b2c12a732e00268afbfe97285,28
E:\压裂窜扰项目\02 规范化\泸208H2\泸208H2 邻井压力监测\泸208H2-8-10段压裂施工-10井压力监测.xlsx,泸208H2,泸208H2,220690,1784287936659560600,5944a5bf0f4d96f8fa8dabf20807fe6163b0dc0ec2661a74d242b750cf850be2,1
E:\压裂窜扰项目\02 规范化\泸208H2\泸208H2 邻井压力监测\泸208H2-8-10段压裂施工-9井压力监测.xlsx,泸208H2,泸208H2,222070,1784287936269070600,06cd3440ce2911f080ce8414fb70343b5e71625fb6cca36082a895c044026d08,1
E:\压裂窜扰项目\02 规范化\泸208H2\泸208H2 邻井压力监测\泸208H2-8-11段压裂施工-10井压力监测.xlsx,泸208H2,泸208H2,142605,1784287937153355100,9f68d22787cff624fba417de484adc5af5c566ae48ee0169f86ff11fe15a1660,1
E:\压裂窜扰项目\02 规范化\泸208H2\泸208H2 邻井压力监测\泸208H2-8-11段压裂施工-9井压力监测.xlsx,泸208H2,泸208H2,143662,1784287936906891400,6968c268dc5573b4751a194af3f6386fb25dce2b9d80c10051c9c7bc58191774,1
E:\压裂窜扰项目\02 规范化\泸208H2\泸208H2 邻井压力监测\泸208H2-8-12段压裂施工-10井压力监测.xlsx,泸208H2,泸208H2,151896,1784287938278537500,fc9488cf23ecd50413023b0a4b17d8fcf58c0a7fe10c1efbbaeeb01be94a1b26,1
E:\压裂窜扰项目\02 规范化\泸208H2\泸208H2 邻井压力监测\泸208H2-8-12段压裂施工-7井压力监测.xlsx,泸208H2,泸208H2,154369,1784287937747392400,b8c9cc2029c7107028f44692498aa3b742737db2196fa814d2a7900d3b93f388,1
E:\压裂窜扰项目\02 规范化\泸208H2\泸208H2 邻井压力监测\泸208H2-8-12段压裂施工-9井压力监测.xlsx,泸208H2,泸208H2,153836,1784287938019241400,ace3fea36b773e68cac0ac3cbbb994ec7c9508a662b88168335afb20391bdef7,1
E:\压裂窜扰项目\02 规范化\泸208H2\泸208H2 邻井压力监测\泸208H2-8-13段压裂施工-7井压力监测.xlsx,泸208H2,泸208H2,162731,1784287938558010300,d631836ce7ea3a788b636bebb0a4053ff1f4b5ec93a8099eb12e4357def54338,1
E:\压裂窜扰项目\02 规范化\泸208H2\泸208H2 邻井压力监测\泸208H2-8-13段压裂施工-9井压力监测.xlsx,泸208H2,泸208H2,163530,1784287938835144600,f23f34b60298be05a0e80b8cef4f13ed392a0c88c5a3498f7f5dcdb3a3836330,1
E:\压裂窜扰项目\02 规范化\泸208H2\泸208H2 邻井压力监测\泸208H2-8-14段压裂施工-9井压力监测.xlsx,泸208H2,泸208H2,157997,1784287939429451800,a2cdf70b808fb179a25ae4bab6ac87c77ad4025ebf230c53f62d29d7393a7c7e,1
E:\压裂窜扰项目\02 规范化\泸208H2\泸208H2 邻井压力监测\泸208H2-8-15段压裂施工-9井压力监测.xlsx,泸208H2,泸208H2,132382,1784287939656139800,21aa648444f6132d17dc361b8bfc2918cc2539a936712c60ed3be5a9eaf666d3,1
E:\压裂窜扰项目\02 规范化\泸208H2\泸208H2 邻井压力监测\泸208H2-8-16段压裂施工-9井压力监测.xlsx,泸208H2,泸208H2,138611,1784287939896668700,5690575c5b7ae13700cdaf46aaea5d15f869c33d0542ee36ab60521bc2398ad2,1
E:\压裂窜扰项目\02 规范化\泸208H2\泸208H2 邻井压力监测\泸208H2-8-18段压裂施工-9井压力监测.xlsx,泸208H2,泸208H2,144153,1784287940152116900,04224bb26b293c2006e771cd4e72eb367edc28727072c654408b638a7978317d,1
E:\压裂窜扰项目\02 规范化\泸208H2\泸208H2 邻井压力监测\泸208H2-8-1段压裂施工-7井压力监测.xlsx,泸208H2,泸208H2,104870,1784287930188537100,f4d1f08d0c26db11f6d0d67ea3bbb3587818dbbfb86d4ac8cc6f9f1c3843ac6c,1
E:\压裂窜扰项目\02 规范化\泸208H2\泸208H2 邻井压力监测\泸208H2-8-2段压裂施工-6井压力监测.xlsx,泸208H2,泸208H2,143107,1784287930344075200,7ed6ee38df0cd3f515eb60900b97738c8c6dc8b9129f183a438c0d6c0fdccc8a,1
E:\压裂窜扰项目\02 规范化\泸208H2\泸208H2 邻井压力监测\泸208H2-8-2段压裂施工-7井压力监测.xlsx,泸208H2,泸208H2,130746,1784287930498432100,35cfd11b1311e28acbb948d5bacf6343d4b2ce1e283295d97f52b44bced84fa5,1
E:\压裂窜扰项目\02 规范化\泸208H2\泸208H2 邻井压力监测\泸208H2-8-3段压裂施工-6井压力监测.xlsx,泸208H2,泸208H2,131339,1784287930638422800,ffca99dcef1039c5552d107f93ce1937da943e67f7be61594e2ffcee99a8c436,1
E:\压裂窜扰项目\02 规范化\泸208H2\泸208H2 邻井压力监测\泸208H2-8-3段压裂施工-7井压力监测.xlsx,泸208H2,泸208H2,119904,1784287930781358600,ff42a3e82b79368f588f2e9f5d18621a0ebe0b6e7959a41b8542b4fd6ae388ce,1
E:\压裂窜扰项目\02 规范化\泸208H2\泸208H2 邻井压力监测\泸208H2-8-3段压裂施工-9井压力监测.xlsx,泸208H2,泸208H2,120903,1784287930922074600,d9a8d4888d6e3d0cb80ea0a9df84edea7f6cb0817559409607e5d56ce1484319,1
E:\压裂窜扰项目\02 规范化\泸208H2\泸208H2 邻井压力监测\泸208H2-8-4段压裂施工-6井压力监测.xlsx,泸208H2,泸208H2,128622,1784287931060780000,b7d6cd05ab9f61dc54a2859bf13a11bf103253dea1364e94c5b9023a056a3f68,1
E:\压裂窜扰项目\02 规范化\泸208H2\泸208H2 邻井压力监测\泸208H2-8-4段压裂施工-7井压力监测.xlsx,泸208H2,泸208H2,118112,1784287931199715500,b0f13eaeb82e9af45f2971594a88007d140ca20a00b427bbb2ab49e1caa55e99,1
E:\压裂窜扰项目\02 规范化\泸208H2\泸208H2 邻井压力监测\泸208H2-8-4段压裂施工-9井压力监测.xlsx,泸208H2,泸208H2,119145,1784287931342308300,8ba1dd5b9af436d940445043f59e12f7868362b04039d8d3c36859b66662c888,1
E:\压裂窜扰项目\02 规范化\泸208H2\泸208H2 邻井压力监测\泸208H2-8-5段压裂施工-7井压力监测.xlsx,泸208H2,泸208H2,110558,1784287931476105800,c62f81f2d98b90e1224f5ce2912d808ac7c1eaa27ec6482eecb55dd3d60bb82c,1
E:\压裂窜扰项目\02 规范化\泸208H2\泸208H2 邻井压力监测\泸208H2-8-5段压裂施工-9井压力监测.xlsx,泸208H2,泸208H2,140975,1784287931642747000,f89c6a69f7fdfa7f28826da9d611e7198067abbf4ed8ae27b6a2c82bb86fcb36,1
E:\压裂窜扰项目\02 规范化\泸208H2\泸208H2 邻井压力监测\泸208H2-8-6段压裂施工-7井压力监测.xlsx,泸208H2,泸208H2,138971,1784287932755807600,75a4541a155f8b296b354cc4818e080dd7badc016228afac691418959d234b02,1
E:\压裂窜扰项目\02 规范化\泸208H2\泸208H2 邻井压力监测\泸208H2-8-7段压裂施工-7井压力监测.xlsx,泸208H2,泸208H2,137263,1784287932995518000,6da5f153ccc9e0aeba161a831e336a94a29d8b86ecfddf006bc4400c60372ed4,1
E:\压裂窜扰项目\02 规范化\泸208H2\泸208H2 邻井压力监测\泸208H2-8-7段压裂施工-9井压力监测.xlsx,泸208H2,泸208H2,136886,1784287933236363200,de4cfb9c144f889ea72537058d5e3c6a8f3a37379d0092873726b44c12ada5c1,1
E:\压裂窜扰项目\02 规范化\泸208H2\泸208H2 邻井压力监测\泸208H2-8-8段压裂施工-10井压力监测.xlsx,泸208H2,泸208H2,188073,1784287934537739900,e847c03f5a881fb633e211d077dc2162da101642f9065e84960db6c0c082d383,1
E:\压裂窜扰项目\02 规范化\泸208H2\泸208H2 邻井压力监测\泸208H2-8-8段压裂施工-7井压力监测.xlsx,泸208H2,泸208H2,187505,1784287933566378600,3f947c75235ad8ec24bbeb8c4a0e87636f73b6d35985f1e8a16e86884f2cdfab,1
E:\压裂窜扰项目\02 规范化\泸208H2\泸208H2 邻井压力监测\泸208H2-8-8段压裂施工-9井压力监测.xlsx,泸208H2,泸208H2,188954,1784287934212040200,aa77a9dff11a6b7ddf13db25c6cde45eeaacd4de8e213da22ab4a3214eca4669,1
E:\压裂窜扰项目\02 规范化\泸208H2\泸208H2 邻井压力监测\泸208H2-8-9段压裂施工-10井压力监测.xlsx,泸208H2,泸208H2,189976,1784287935545379800,c10fdf4316d9d28c95ca19fa22bc07de0cfeb20eb310bd597ff7035ff1cb5c4f,1
E:\压裂窜扰项目\02 规范化\泸208H2\泸208H2 邻井压力监测\泸208H2-8-9段压裂施工-7井压力监测.xlsx,泸208H2,泸208H2,190475,1784287934879812600,bd9d8f88cc4d1e02c122e3fef564470118e32f374677d8fde7590896298409d7,1
E:\压裂窜扰项目\02 规范化\泸208H2\泸208H2 邻井压力监测\泸208H2-8-9段压裂施工-9井压力监测.xlsx,泸208H2,泸208H2,191714,1784287935217989400,061614580e03c723b5e36aa6ddf020d1cd084ebb26214e9b852fe4f817b526d2,1
E:\压裂窜扰项目\02 规范化\泸208H2\泸208H2 邻井压力监测\泸208H2-8井-MATLAB.xlsx,泸208H2,泸208H2,5674306,1744695676000000000,fa58880c63bac3e0903fae3ca390d139135ad2e2bbb9f29b2d73c9fdd9e953d7,33
E:\压裂窜扰项目\02 规范化\泸208H2\泸208H2 邻井压力监测\泸208H2-9-10段压裂施工-10井压力监测.xlsx,泸208H2,泸208H2,180807,1784287954504603000,6b9d99998eca20f7e8aaf1170f6a62dbb745b9b115a7d2fbd16405eed239bf32,1
E:\压裂窜扰项目\02 规范化\泸208H2\泸208H2 邻井压力监测\泸208H2-9-10段压裂施工-7井压力监测.xlsx,泸208H2,泸208H2,180834,1784287953888402700,ce1e1f306d9ebe87db9c328e9c4b03de8c5c4ac45dde2385263b5d7a80559628,1
E:\压裂窜扰项目\02 规范化\泸208H2\泸208H2 邻井压力监测\泸208H2-9-10段压裂施工-8井压力监测.xlsx,泸208H2,泸208H2,181352,1784287954196523100,0715c128664f32fe74d35bd3895f7e60530172a6534941d02e9db9d19a00d932,1
E:\压裂窜扰项目\02 规范化\泸208H2\泸208H2 邻井压力监测\泸208H2-9-11段压裂施工-10井压力监测.xlsx,泸208H2,泸208H2,160738,1784287955827037300,cf9c59a885109b65d27ecb7d931c499c927306b15812d10195d0df91538fef7a,1
E:\压裂窜扰项目\02 规范化\泸208H2\泸208H2 邻井压力监测\泸208H2-9-11段压裂施工-7井压力监测.xlsx,泸208H2,泸208H2,161642,1784287955233704800,969515af899675f1dfe6d43b306de93c5d6e4c2dc71149e2378690d551014e67,1
E:\压裂窜扰项目\02 规范化\泸208H2\泸208H2 邻井压力监测\泸208H2-9-11段压裂施工-8井压力监测.xlsx,泸208H2,泸208H2,161226,1784287955533469900,d4f606f6ebe0e2290df56f1900bb15e1a38d1e2ef87b6a8ff0b1e7615a06bcd9,1
E:\压裂窜扰项目\02 规范化\泸208H2\泸208H2 邻井压力监测\泸208H2-9-12段压裂施工-10井压力监测.xlsx,泸208H2,泸208H2,137282,1784287956333158800,19cfd4fe3dbadf7e5386823e8f6b6da126bf29511d1a3384fce30b8f167c38a5,1
E:\压裂窜扰项目\02 规范化\泸208H2\泸208H2 邻井压力监测\泸208H2-9-12段压裂施工-8井压力监测.xlsx,泸208H2,泸208H2,137209,1784287956080420000,0bde5a292e87166768ad5e0a0eef8556a743954ab7ec9fca5fa38d704f3011d4,1
E:\压裂窜扰项目\02 规范化\泸208H2\泸208H2 邻井压力监测\泸208H2-9-13段压裂施工-10井压力监测.xlsx,泸208H2,泸208H2,137109,1784287956913876700,f4efa67378964a3702b72e19593a98b2028f247b228b9063d35217e2f77f0dd8,1
E:\压裂窜扰项目\02 规范化\泸208H2\泸208H2 邻井压力监测\泸208H2-9-13段压裂施工-8井压力监测.xlsx,泸208H2,泸208H2,136921,1784287956675128400,3fa891975794313746419656db522e2b0ef5174dad3181b276db2bb5f5da83fb,1
E:\压裂窜扰项目\02 规范化\泸208H2\泸208H2 邻井压力监测\泸208H2-9-14段压裂施工-10井压力监测.xlsx,泸208H2,泸208H2,121314,1784287957797949400,e00e1157ef221cbe5c5a7e2ddc0a57bf85df19d899bcf503f134843839007fd2,1
E:\压裂窜扰项目\02 规范化\泸208H2\泸208H2 邻井压力监测\泸208H2-9-14段压裂施工-8井压力监测.xlsx,泸208H2,泸208H2,121011,1784287957585020800,662872c8fa5706826fcc9b511d8cbd27ad5a70a4f9fbc5948f5f41b60393e91f,1
E:\压裂窜扰项目\02 规范化\泸208H2\泸208H2 邻井压力监测\泸208H2-9-15段压裂施工-10井压力监测.xlsx,泸208H2,泸208H2,119177,1784287958224787000,419b74f08eb03cdfa92a8d922eb812347758d599615d5a27ffa976e89ebfcd97,1
E:\压裂窜扰项目\02 规范化\泸208H2\泸208H2 邻井压力监测\泸208H2-9-15段压裂施工-8井压力监测.xlsx,泸208H2,泸208H2,118893,1784287958013262100,f89d91beafbb71eb2379920314956454df9627120013b6f84f4972a6d6e69b10,1
E:\压裂窜扰项目\02 规范化\泸208H2\泸208H2 邻井压力监测\泸208H2-9-16段压裂施工-10井压力监测.xlsx,泸208H2,泸208H2,143759,1784287958718817200,eb1c99a686ba6bb9d611b69df03481067092343087d3f687443241454110425f,1
E:\压裂窜扰项目\02 规范化\泸208H2\泸208H2 邻井压力监测\泸208H2-9-16段压裂施工-8井压力监测.xlsx,泸208H2,泸208H2,143410,1784287958468702700,757745300af492acee2a65ece96f917ad2dc36cca8dadce5bdfb32348eac88b3,1
E:\压裂窜扰项目\02 规范化\泸208H2\泸208H2 邻井压力监测\泸208H2-9-17段压裂施工-10井压力监测.xlsx,泸208H2,泸208H2,162578,1784287959733240200,7ea85c5e22959748fba0a7bb8ee629db27afa7fe84a0f1b7dae06b82220af6dc,1
E:\压裂窜扰项目\02 规范化\泸208H2\泸208H2 邻井压力监测\泸208H2-9-17段压裂施工-8井压力监测.xlsx,泸208H2,泸208H2,162322,1784287959004652600,80c8961ca70af4bea3feae09392a520224821041780244ed41d9d8c54a8604a0,1
E:\压裂窜扰项目\02 规范化\泸208H2\泸208H2 邻井压力监测\泸208H2-9-18段压裂施工-10井压力监测.xlsx,泸208H2,泸208H2,143017,1784287960227886400,3aba183eb2b968b8a941b9d9757296f7b680f11b9c15cf14e4cdd408f84ca813,1
E:\压裂窜扰项目\02 规范化\泸208H2\泸208H2 邻井压力监测\泸208H2-9-18段压裂施工-8井压力监测.xlsx,泸208H2,泸208H2,142468,1784287959982145700,dddb1ba32970e218e346784b96b5f6cbb106ece6d489c09eb9008f482393556b,1
E:\压裂窜扰项目\02 规范化\泸208H2\泸208H2 邻井压力监测\泸208H2-9-19段压裂施工-10井压力监测.xlsx,泸208H2,泸208H2,189996,1784287960886627300,4fdd927919acfdbc35defcf5f75c9a8a483cf5a0b97f0ac0be9fc79fc5c27012,1
E:\压裂窜扰项目\02 规范化\泸208H2\泸208H2 邻井压力监测\泸208H2-9-19段压裂施工-8井压力监测.xlsx,泸208H2,泸208H2,189136,1784287960558370400,18a4d650a2caf50a00ed514416c87d9339f8f9c501b78b049a7b9e34f4798d84,1
E:\压裂窜扰项目\02 规范化\泸208H2\泸208H2 邻井压力监测\泸208H2-9-20段压裂施工-10井压力监测.xlsx,泸208H2,泸208H2,208425,1784287961596190800,cfab072b6838c49ec027f3e31268d9d581f50957c712e5e4211c44467305d8f5,1
E:\压裂窜扰项目\02 规范化\泸208H2\泸208H2 邻井压力监测\泸208H2-9-20段压裂施工-8井压力监测.xlsx,泸208H2,泸208H2,207537,1784287961243969200,215a1bfdcab27ff75f51373e1831b41246d931d12ac6099ccdd711e30d770d3b,1
E:\压裂窜扰项目\02 规范化\泸208H2\泸208H2 邻井压力监测\泸208H2-9-21段压裂施工-10井压力监测.xlsx,泸208H2,泸208H2,177826,1784287962734581900,f1cc5d42b51ff9b003b6de1852de547e72131e764ccbb9252adf69c7af31d4f9,1
E:\压裂窜扰项目\02 规范化\泸208H2\泸208H2 邻井压力监测\泸208H2-9-21段压裂施工-8井压力监测.xlsx,泸208H2,泸208H2,176975,1784287962398441000,3997829c97d536661602bce7ae6d2bdcced0dc9172566f8191700e81a883b311,1
E:\压裂窜扰项目\02 规范化\泸208H2\泸208H2 邻井压力监测\泸208H2-9-22段压裂施工-10井压力监测.xlsx,泸208H2,泸208H2,205828,1784287963674937300,6e56b1213c6de14c3f2c2c6adb99f6443f5eb85019f6fe88719bbe70b7e85e18,1
E:\压裂窜扰项目\02 规范化\泸208H2\泸208H2 邻井压力监测\泸208H2-9-22段压裂施工-8井压力监测.xlsx,泸208H2,泸208H2,203912,1784287963295665100,3a44b671311a5140434fe73a4dacdc2d670becbf0243b73d1cc75d20d58b8a3f,1
E:\压裂窜扰项目\02 规范化\泸208H2\泸208H2 邻井压力监测\泸208H2-9-3段压裂施工-10井压力监测.xlsx,泸208H2,泸208H2,77633,1784287948983333900,101f27b8e227d5e51fee0d6e0ba9324aee3d307d19d290d6175c887337c4a5c2,1
E:\压裂窜扰项目\02 规范化\泸208H2\泸208H2 邻井压力监测\泸208H2-9-4段压裂施工-10井压力监测.xlsx,泸208H2,泸208H2,116246,1784287949253794600,a78652d3d895b8959c79e851a78a5ca93755a37eacf23299c42b8f08cc2401ca,1
E:\压裂窜扰项目\02 规范化\泸208H2\泸208H2 邻井压力监测\泸208H2-9-4段压裂施工-8井压力监测.xlsx,泸208H2,泸208H2,115421,1784287949119766200,52c59e1c186efc096de5fedc49dbe64ce5a527e66cb4889d4680e35b86c4eeda,1
E:\压裂窜扰项目\02 规范化\泸208H2\泸208H2 邻井压力监测\泸208H2-9-5段压裂施工-10井压力监测.xlsx,泸208H2,泸208H2,190675,1784287950578760600,23cc89c9e2de22f0ead1587b71c319bab148f19c84b037a844eab63982d37d6d,1
E:\压裂窜扰项目\02 规范化\泸208H2\泸208H2 邻井压力监测\泸208H2-9-5段压裂施工-8井压力监测.xlsx,泸208H2,泸208H2,189929,1784287950346714100,2d8f7e7104c979d36592a93fb46ed571b22b1343d8517451851acc3cbf7365a1,1
E:\压裂窜扰项目\02 规范化\泸208H2\泸208H2 邻井压力监测\泸208H2-9-6段压裂施工-10井压力监测.xlsx,泸208H2,泸208H2,270849,1784287951284139500,06143e5fc22d7a4229158699d391150c1176d8d9240ee0e2e6582cfef61e0106,1
E:\压裂窜扰项目\02 规范化\泸208H2\泸208H2 邻井压力监测\泸208H2-9-6段压裂施工-8井压力监测.xlsx,泸208H2,泸208H2,269932,1784287950931650200,d8a1eb44a66e4b6c5f016e63a0e8433940d352dcfe6c16106f5fd0097b3b6882,1
E:\压裂窜扰项目\02 规范化\泸208H2\泸208H2 邻井压力监测\泸208H2-9-7段压裂施工-10井压力监测.xlsx,泸208H2,泸208H2,127594,1784287951724129000,d19a26d21dfc5882353395599e5aeb3fce5c8eab71d2a1ce27354b9b8a2c6ec9,1
E:\压裂窜扰项目\02 规范化\泸208H2\泸208H2 邻井压力监测\泸208H2-9-7段压裂施工-8井压力监测.xlsx,泸208H2,泸208H2,126939,1784287951501135400,ee79dae3d17dd4aa66cef01947476499c895de8ad4fc06507f114b131bacc63e,1
E:\压裂窜扰项目\02 规范化\泸208H2\泸208H2 邻井压力监测\泸208H2-9-8段压裂施工-10井压力监测.xlsx,泸208H2,泸208H2,153973,1784287952669943600,177684449909319942e0391a7d70a1578952765a5aed972f2b99e2afcfa84242,1
E:\压裂窜扰项目\02 规范化\泸208H2\泸208H2 邻井压力监测\泸208H2-9-8段压裂施工-8井压力监测.xlsx,泸208H2,泸208H2,153185,1784287951981834000,20ab6b9ba0f6a14d5bd12a9bf25a62a2ed3bf8c6e4fc1ff283efa32cd1d72505,1
E:\压裂窜扰项目\02 规范化\泸208H2\泸208H2 邻井压力监测\泸208H2-9-9段压裂施工-10井压力监测.xlsx,泸208H2,泸208H2,172259,1784287953573472400,693102475e728e9c6cdc174b13073c77eca04b29fc5b3813c53a50baa985bc93,1
E:\压裂窜扰项目\02 规范化\泸208H2\泸208H2 邻井压力监测\泸208H2-9-9段压裂施工-7井压力监测.xlsx,泸208H2,泸208H2,172450,1784287952977408200,cf5874e1495de52cb62bf52667f2e1dbb806a81b30ad51655360111e3aeef2e6,1
E:\压裂窜扰项目\02 规范化\泸208H2\泸208H2 邻井压力监测\泸208H2-9-9段压裂施工-8井压力监测.xlsx,泸208H2,泸208H2,173600,1784287953273063600,0238332fc8e75ade06b4a133062f5b02fa8f9a7fef84c0caf9776a797953de1b,1
E:\压裂窜扰项目\02 规范化\泸208H2\泸208H2 邻井压力监测\泸208H2-9井-MATLAB.xlsx,泸208H2,泸208H2,7964001,1744771732000000000,3f621054d4ef482a6cdf0b759f1c6310b5080ca04f716baeef1f9730eb74c18c,42
E:\压裂窜扰项目\02 规范化\阳101H25\阳101H25 邻井压力监测\邻井压力监测数据_6井第19段压裂期间5井套压秒点数据.csv,阳101H25,阳101H25,1697030,1746418054000000000,5917c4c8d1a0eeae81b5c3315e5f5325bd5005acb087bd5af8a18179231af594,0
E:\压裂窜扰项目\02 规范化\阳101H25\阳101H25 邻井压力监测\阳101H25-2井4井压裂期间秒点.xlsx,阳101H25,阳101H25,255254,1731040032000000000,5e21002fa956da8f079ea68ca6f6c7b19a08c42141793d3ca7172326498388f6,1
E:\压裂窜扰项目\02 规范化\阳101H25\阳101H25 邻井压力监测\阳101H25_邻井压力监测数据_邻井压力监测数据_压窜模板1井.xlsx,阳101H25,阳101H25,10975751,1735470774000000000,b61f1e02bf6f42333f3950d7fb69e7f026545aa5f35c074e136880e05aad8e75,37
E:\压裂窜扰项目\02 规范化\阳101H31\阳101H31 邻井压力监测\1井_10_6日10点41至18点59分点数据(1).xls,阳101H31,阳101H31,15050,1746535430912973500,27e0a8d292971d10fbfaa4269113a6ef18085eca59e1ca9e83f94b82a2877191,2
E:\压裂窜扰项目\02 规范化\阳101H31\阳101H31 邻井压力监测\1井_10_6日10点41至18点59秒点数据(1).xls,阳101H31,阳101H31,893876,1746534753557298800,25f979e49dd89153af4a8366ab3ace6ad9cee31051831947700ff02a61bcb92d,2
E:\压裂窜扰项目\02 规范化\阳101H31\阳101H31 邻井压力监测\1井_11_2025.5.7分点.xls,阳101H31,阳101H31,9266,1746610556898441500,bbd6fced3a6265dcfecc7d68fd1dd2c7adbad329370df0ecc413edc2c27784d1,2
E:\压裂窜扰项目\02 规范化\阳101H31\阳101H31 邻井压力监测\1井_11_2025.5.7秒点.xls,阳101H31,阳101H31,506677,1746610557245641300,3a38fa3aa230302ef60e58df2108e707bca774435cebf6870c1e7fc302a0f8c0,2
E:\压裂窜扰项目\02 规范化\阳101H31\阳101H31 邻井压力监测\1井_12_2025.5.8分点.xls,阳101H31,阳101H31,8508,1746694200574634900,328bc9e7347d05f9d2d5509a01653ca0dc3ad0db21a95de5480cb442d65848dc,2
E:\压裂窜扰项目\02 规范化\阳101H31\阳101H31 邻井压力监测\1井_12_2025.5.8秒点.xls,阳101H31,阳101H31,502355,1746694200942818600,a0fe6dd68e356bb9324750ed5cca4a8331708a910cd98673d3346efaa30b05c7,2
E:\压裂窜扰项目\02 规范化\阳101H31\阳101H31 邻井压力监测\1井_13_2025.5.9分点.xls,阳101H31,阳101H31,9485,1746775439027565800,1b24320d499cae37ceaecc87f83d3c5c711e13489854f0b25a41b11f787d9239,2
E:\压裂窜扰项目\02 规范化\阳101H31\阳101H31 邻井压力监测\1井_13_2025.5.9秒点.xls,阳101H31,阳101H31,560486,1746775440218852500,8e380712330a442bef9779c0316efd3ed2ce5a153986c6e1f5f996d68e1caacb,2
E:\压裂窜扰项目\02 规范化\阳101H31\阳101H31 邻井压力监测\1井_14_二井和三井分点数据11.xls,阳101H31,阳101H31,10931,1746962179087541000,e9eac8c4f98000a8930ed1d4f9ec454e74d6de7137e876e32ba0c627332c7cb6,2
E:\压裂窜扰项目\02 规范化\阳101H31\阳101H31 邻井压力监测\1井_14_二井和三井秒点数据11.xls,阳101H31,阳101H31,647343,1746962179191886200,bcf420b98b1fe55dbd094d69961991e54376388a00620a80a1118b97a493be06,2
E:\压裂窜扰项目\02 规范化\阳101H31\阳101H31 邻井压力监测\1井_15_2025.5.12分点.xls,阳101H31,阳101H31,8208,1747030680829894300,921ad31601db77472632e6bceee77156f3fd641053a68bbff45240996bc1e1ed,2
E:\压裂窜扰项目\02 规范化\阳101H31\阳101H31 邻井压力监测\1井_15_2025.5.12秒点.xls,阳101H31,阳101H31,483777,1747030681689197300,684ff17ce71c6ab6eeeb0eca7a25db4c7b0071507be92bc4aa3a4b9d5f63656f,2
E:\压裂窜扰项目\02 规范化\阳101H31\阳101H31 邻井压力监测\1井_16_2025.5.13分点.xls,阳101H31,阳101H31,14767,1747129876892189400,40e1aae0c38523a214859b1488807283957e45d2a8c7d658435a2f48116ce754,2
E:\压裂窜扰项目\02 规范化\阳101H31\阳101H31 邻井压力监测\1井_16_2025.5.13秒点.xls,阳101H31,阳101H31,877347,1747129879534911700,9d21ef83df32ff7c0f6a896a65d94293ef62e41b1460551976d2d11c0fe14ce8,2
E:\压裂窜扰项目\02 规范化\阳101H31\阳101H31 邻井压力监测\1井_17_2025.5.14分点.xls,阳101H31,阳101H31,10732,1747204245816268600,887c1d5f486d2f25b72d890f5c1e6a4c7034faff65c6d9415a5ce9a3dddbb43b,2
E:\压裂窜扰项目\02 规范化\阳101H31\阳101H31 邻井压力监测\1井_17_2025.5.14秒点.xls,阳101H31,阳101H31,635235,1747204246717120500,65c01800b1c624626e375212b0c55cac23c1d55a1386acb4c22f5343dd04b862,2
E:\压裂窜扰项目\02 规范化\阳101H31\阳101H31 邻井压力监测\1井_18_2025.5.15分点.xls,阳101H31,阳101H31,6586,1747288906956341900,e31a9627f08ce507a273f335292c070ed372d7f853deee0560a78084cef5b8d1,2
E:\压裂窜扰项目\02 规范化\阳101H31\阳101H31 邻井压力监测\1井_18_2025.5.15秒点.xls,阳101H31,阳101H31,386481,1747288907178687700,05f23b7859235d52dc14a0d69451d5a253d706b99a0cf331d3368bea65c47349,2
E:\压裂窜扰项目\02 规范化\阳101H31\阳101H31 邻井压力监测\1井_19_分点.xls,阳101H31,阳101H31,12167,1747456753172850900,9dbfa16c9f454eeed7634cc790b651d32f6453889baaa48f49c650d6d77b3eb6,2
E:\压裂窜扰项目\02 规范化\阳101H31\阳101H31 邻井压力监测\1井_19_秒点.xls,阳101H31,阳101H31,715316,1747456532214144800,53166420e2690731b080aa264388f355a1213f126150172d1b3c9e78ca578dcb,2
E:\压裂窜扰项目\02 规范化\阳101H31\阳101H31 邻井压力监测\1井_20_分点(1).xls,阳101H31,阳101H31,8362,1747562991231006700,afc7c6f5149ce2ae8a86f7dc3963dcb0beaa4ec8883be1662b7273402aefe347,2
E:\压裂窜扰项目\02 规范化\阳101H31\阳101H31 邻井压力监测\1井_20_秒点(1).xls,阳101H31,阳101H31,487835,1747562858121065100,f1b5e5748c6e49628c58d78c5fc61083015bc54dcd8d24bc1e3acd05511a80c5,2
E:\压裂窜扰项目\02 规范化\阳101H31\阳101H31 邻井压力监测\1井_2_2025.4.16分点数据.xls,阳101H31,阳101H31,5355,1744787855029599500,95050943391a8e67a7ed0e7582d047024381ab81f9e7d7ad863f0a49bdb0c76e,2
E:\压裂窜扰项目\02 规范化\阳101H31\阳101H31 邻井压力监测\1井_2_2025.4.16秒点数据.xls,阳101H31,阳101H31,312627,1744787855457331700,15d6060752732055c95ab686fe0969359175c7a0274e1333bfc63bad9026db59,2
E:\压裂窜扰项目\02 规范化\阳101H31\阳101H31 邻井压力监测\1井_3_2025.4.18分点.xls,阳101H31,阳101H31,8827,1744965901967602500,ba9f9d813a6d07d3551d96389c71771bed4a3c9b3c4157012e78a9a427d97c88,2
E:\压裂窜扰项目\02 规范化\阳101H31\阳101H31 邻井压力监测\1井_3_2025.4.18秒点.xls,阳101H31,阳101H31,520947,1744965902266926500,f4dc7a10b48276fbe2483b1dbcaa4d39a384a86e63f1f69ca35878a8c8901d89,2
E:\压裂窜扰项目\02 规范化\阳101H31\阳101H31 邻井压力监测\1井_4_2025年4月21日压裂期间分点数据.xls,阳101H31,阳101H31,10587,1745219182305370800,8288b0629b08789cf5047424c2236f5d9ae427a7387efea8bb531ef80dba7042,2
E:\压裂窜扰项目\02 规范化\阳101H31\阳101H31 邻井压力监测\1井_4_2025年4月21日压裂秒点数据.xls,阳101H31,阳101H31,617593,1745219182894500300,946b81fd2a701b9e54f488a4139807fd644371dd9ea6509eb78e5b720cff0f73,2
E:\压裂窜扰项目\02 规范化\阳101H31\阳101H31 邻井压力监测\1井_5_2025年4月23日秒点数据.xls,阳101H31,阳101H31,10997,1745402023809555300,fa51510d11cb832c6ce7b981ddedc24ebfe6f1ae5ab7010470ca0e34d007e2bb,2
E:\压裂窜扰项目\02 规范化\阳101H31\阳101H31 邻井压力监测\1井_6_2025.4.26分点.xls,阳101H31,阳101H31,9784,1745653072300184100,ab45eec34f636a401e5bf8a71e43b9ce5299ac46324d333fe7c7cbd953f15ae5,2
E:\压裂窜扰项目\02 规范化\阳101H31\阳101H31 邻井压力监测\1井_6_2025.4.26秒点.xls,阳101H31,阳101H31,572210,1745653072300184100,ec296fc2dfa8354b87e13ed225fb2077fc6249745621e7e74f3b88c0a92fa7cb,2
E:\压裂窜扰项目\02 规范化\阳101H31\阳101H31 邻井压力监测\1井_8_12：07-17：00.xlsx,阳101H31,阳101H31,343930,1746180688279143900,1759d67edecb21863e0256ea9710a318bae6c59c8be70cdff3a62dab3522e91e,1
E:\压裂窜扰项目\02 规范化\阳101H31\阳101H31 邻井压力监测\1井_8_2025.5.2秒点.xls,阳101H31,阳101H31,527546,1746180672148274200,c6dba8ca8c6018825659288791235af5e783a4484a2bb614abfe65dcdfcc9794,2
E:\压裂窜扰项目\02 规范化\阳101H31\阳101H31 邻井压力监测\1井_9_2025.5.4秒点1.xls,阳101H31,阳101H31,827576,1746535099211351800,d89e1d96de3d62224da3c30ca748f9b13ed76e16cb9a7d14dde09338a4bef713,2
E:\压裂窜扰项目\02 规范化\阳101H31\阳101H31 邻井压力监测\2井_10_2025.5.19分点.xls,阳101H31,阳101H31,13108,1747645153715272800,c4c916a98b77bee3e15111f8078a2ddec6eb78c147f42af12ebfcb83aa73e83d,2
E:\压裂窜扰项目\02 规范化\阳101H31\阳101H31 邻井压力监测\2井_11_2025.5.20分点.xls,阳101H31,阳101H31,11844,1747730069841885900,13b61d1251e93fec1ebaaf6e443cf706095e040c1482d2115feda04d14c7fbd3,2
E:\压裂窜扰项目\02 规范化\阳101H31\阳101H31 邻井压力监测\2井_12_2025.5.21分点.xls,阳101H31,阳101H31,9980,1747811254877525600,6367836ccf72b6603c44a57a62357d92941f2fe8a5ea3ef726f563369c9ddb75,2
E:\压裂窜扰项目\02 规范化\阳101H31\阳101H31 邻井压力监测\2井_13_2025.5.22分点.xls,阳101H31,阳101H31,6427,1747890056394426800,66cea408a34e8db67833ee3676dc4224b43a5b66f54f941e1810866f64a33b92,2
E:\压裂窜扰项目\02 规范化\阳101H31\阳101H31 邻井压力监测\2井_14_2025.5.25分点.xls,阳101H31,阳101H31,3841,1748140869923880500,2470bd0bdf911c3642d469ee8401359c60aa0d466d9baaecd147882db7fffadb,2
E:\压裂窜扰项目\02 规范化\阳101H31\阳101H31 邻井压力监测\2井_15_2025.5.27分点.xls,阳101H31,阳101H31,3867,1748318392063253100,a68fddfc14fe7fcaa9c417292efa9ef19df1cdb3558d8fe341c1aeb02baa6f57,2
E:\压裂窜扰项目\02 规范化\阳101H31\阳101H31 邻井压力监测\2井_16_2025.5.29分点.xls,阳101H31,阳101H31,7803,1748498769335174400,b038800a35ccdc5bf1287d680f26fb4265aab4a457a88410725fa4219e9d7636,2
E:\压裂窜扰项目\02 规范化\阳101H31\阳101H31 邻井压力监测\2井_18_2025.6.2分点.xls,阳101H31,阳101H31,14422,1748856962179725200,f61935673adaff51aa0817ffe72fd88bd9f19d1687f54432a4a6894360a05daa,2
E:\压裂窜扰项目\02 规范化\阳101H31\阳101H31 邻井压力监测\2井_19_2025.6.4分点.xls,阳101H31,阳101H31,8261,1749016424679861200,eca6f3b4ed8af458aaa2146ec7befddd871333d77d0c6fd712916b7bbc683b26,2
E:\压裂窜扰项目\02 规范化\阳101H31\阳101H31 邻井压力监测\2井_1_1井、4井分点数据.xls,阳101H31,阳101H31,13693,1744359906630235600,6487ef35403c5b36bbb8cf23fa2c198fbba81b96c1a8521c99b9f4bc8294ba05,2
E:\压裂窜扰项目\02 规范化\阳101H31\阳101H31 邻井压力监测\2井_1_1井、4井数据.xls,阳101H31,阳101H31,812906,1744359907517991700,aadcc0d2b06cbb6e2d342291a24cb5c9741bc604fc9186123f597b21aa74d91c,2
E:\压裂窜扰项目\02 规范化\阳101H31\阳101H31 邻井压力监测\2井_1_1井分点20250411.xls,阳101H31,阳101H31,8764,1744360651888325000,fecf5b1f2f091049710c6512e77b47b3a26021bfe7154fd77e3e5d98ebbe6b76,1
E:\压裂窜扰项目\02 规范化\阳101H31\阳101H31 邻井压力监测\2井_1_1井秒点2025411.xls,阳101H31,阳101H31,518524,1744360652868829000,4c93953108209d406b56752db966abc281e387a9b48ba635bff77b31d477543d,1
E:\压裂窜扰项目\02 规范化\阳101H31\阳101H31 邻井压力监测\2井_2025.4.14秒点.xls,阳101H31,阳101H31,407366,1744614362227813600,cec5f06975793bf662d6ab7424983201170976b76b65151c43c67ef6632cbbd1,2
E:\压裂窜扰项目\02 规范化\阳101H31\阳101H31 邻井压力监测\2井_2025.4.15秒点数据.xls,阳101H31,阳101H31,446546,1744709303426109100,6fcdeca0bdec3e3b5894539f6f7e7d2dca4d824b85071f92712d2b091ed633e9,2
E:\压裂窜扰项目\02 规范化\阳101H31\阳101H31 邻井压力监测\2井_2025.4.25秒点1.xls,阳101H31,阳101H31,11306,1745573583488533400,98ed2fc37a20df295e1df9318f7521f683bb08b257605e3fba4c9a3d5472e2c0,2
E:\压裂窜扰项目\02 规范化\阳101H31\阳101H31 邻井压力监测\2井_2025.4.27秒点.xls,阳101H31,阳101H31,605318,1745742643389122000,fdfe15f6e64cc8f540fe6eb2456004030a9e41d4eb1c6938b7996971bf27bf07,2
E:\压裂窜扰项目\02 规范化\阳101H31\阳101H31 邻井压力监测\2井_2025.4.28秒点.xls,阳101H31,阳101H31,227066,1745830852150167800,ed918a13529966ffc4b3c7f4c02eb276f8db3706ddef38d2f29800a254035a8f,2
E:\压裂窜扰项目\02 规范化\阳101H31\阳101H31 邻井压力监测\2井_2025.4.29秒点(3).xls,阳101H31,阳101H31,504206,1745918530616668800,954e7e33cb70991efb3b0135dcbbd966385e286b5f13add6db4b580c49d78ed6,2
E:\压裂窜扰项目\02 规范化\阳101H31\阳101H31 邻井压力监测\2井_2025.4.29秒点.xls,阳101H31,阳101H31,485606,1745914010150162900,f96623b57a6b6d53f00531204791d646cb90705846147ba86361ddfce8f466da,2
E:\压裂窜扰项目\02 规范化\阳101H31\阳101H31 邻井压力监测\2井_2025.5.19秒点.xls,阳101H31,阳101H31,750102,1747645154254838900,2e3d795b9022d2e205e5f588be82ba5248b54b5b1cf5bc40c0607be84f67f39c,2
E:\压裂窜扰项目\02 规范化\阳101H31\阳101H31 邻井压力监测\2井_2025.5.20秒点.xls,阳101H31,阳101H31,702002,1747730070812071600,d4d0b5724f7a6361d1ac266035ea3760c06dc381b8ea694168ae08450b8ec7eb,2
E:\压裂窜扰项目\02 规范化\阳101H31\阳101H31 邻井压力监测\2井_2025.5.21秒点数据.xls,阳101H31,阳101H31,590162,1747811255229960900,9a45720d543de28d87a87f637ebad1e1166e3fb233a07e7973b34f8b9c4ea037,2
E:\压裂窜扰项目\02 规范化\阳101H31\阳101H31 邻井压力监测\2井_2025.5.22秒点.xls,阳101H31,阳101H31,377006,1747890056198541000,137120b67d3e84da27c1d33ef44373845359f2b1e01e137104253a10e997bd67,2
E:\压裂窜扰项目\02 规范化\阳101H31\阳101H31 邻井压力监测\2井_2025.5.25秒点.xls,阳101H31,阳101H31,230666,1748140870238283700,2b8a589713727e9c5565e0040545eea0e6200a8f81b84c8e9b52108f601836ff,2
E:\压裂窜扰项目\02 规范化\阳101H31\阳101H31 邻井压力监测\2井_2025.5.27秒点.xls,阳101H31,阳101H31,223322,1748318392401004000,4e2d63991a845439000bc20dc2d1bd3d22cc67505c87e8cb12d7554189b42f55,2
E:\压裂窜扰项目\02 规范化\阳101H31\阳101H31 邻井压力监测\2井_2025.5.29秒点.xls,阳101H31,阳101H31,459554,1748498769199775800,8205b4cc05244c0a8d636e0bf6d4196c86f0c616d31c5e7052aa980ede00bc56,2
E:\压裂窜扰项目\02 规范化\阳101H31\阳101H31 邻井压力监测\2井_2025.6.10秒点.xls,阳101H31,阳101H31,1117316,1749549414393278800,e05c3f3683e2ff047eb90822af2d7f80184e86a810260b3cf1f5c41439a27553,2
E:\压裂窜扰项目\02 规范化\阳101H31\阳101H31 邻井压力监测\2井_2025.6.11秒点.xls,阳101H31,阳101H31,739946,1749630280059969100,3b7aaa0db6500ac77ecbbaf3baf0ceb4eb22f2e288b1791633b8f19f28800536,2
E:\压裂窜扰项目\02 规范化\阳101H31\阳101H31 邻井压力监测\2井_2025.6.2秒点.xls,阳101H31,阳101H31,856765,1748856962619975400,ed87c01991e3678ab99ff244ab2d5612b0a037c0569d5ff9e04f1a20856c1776,2
E:\压裂窜扰项目\02 规范化\阳101H31\阳101H31 邻井压力监测\2井_2025.6.4秒点.xls,阳101H31,阳101H31,487105,1749016425678839600,925dc759da873a9f7254788cd7a6cedd83ccb3671ee4993b2121367100f77889,2
E:\压裂窜扰项目\02 规范化\阳101H31\阳101H31 邻井压力监测\2井_2025.6.5秒点.xls,阳101H31,阳101H31,640945,1749105150105388500,643b874fcbdd73c06770224b500f22a42341b94f65acb1a7fc86bd7055f0e63e,2
E:\压裂窜扰项目\02 规范化\阳101H31\阳101H31 邻井压力监测\2井_20_2025.6.5分点.xls,阳101H31,阳101H31,10825,1749105149392358100,0048d90130b44015cd90a63b88c8d958b625a456c2f9483672b864faeea4033d,2
E:\压裂窜扰项目\02 规范化\阳101H31\阳101H31 邻井压力监测\2井_2_2025年4月12日分点.xls,阳101H31,阳101H31,15685,1744535218777361100,98dab57a39d721c2f87c95c07620ae9ee952998c99c2f3d6349b2e64290e49f5,2
E:\压裂窜扰项目\02 规范化\阳101H31\阳101H31 邻井压力监测\2井_2_2025年4月12日秒点.xls,阳101H31,阳101H31,1004546,1744535219132480300,09c79f6e3fc044286172caa0cdd6e93d4d9fd2f248a4b8dca558382a518fe867,2
E:\压裂窜扰项目\02 规范化\阳101H31\阳101H31 邻井压力监测\2井_2_2025年4月13日分点.xls,阳101H31,阳101H31,4366,1744535218900864700,1f0d9ef73dc1a6f5c49ba26d07cdb5667f904de65920f6b3a446354638d18b69,2
E:\压裂窜扰项目\02 规范化\阳101H31\阳101H31 邻井压力监测\2井_2_2025年4月13日秒点.xls,阳101H31,阳101H31,253346,1744535219450646200,1fe3406cea0680a86340e23f38a4790060866250cd0215698258c51de7eb4f4b,2
E:\压裂窜扰项目\02 规范化\阳101H31\阳101H31 邻井压力监测\2井_3_2025.4.14分点.xls,阳101H31,阳101H31,6933,1744614361332051500,f7aa7000614892bb5d23a8ea1b288c51bf641b8ca2ccef35ddb8aec03b423793,2
E:\压裂窜扰项目\02 规范化\阳101H31\阳101H31 邻井压力监测\2井_4_2025.4.15分点数据.xls,阳101H31,阳101H31,7586,1744709302847357600,e2874f4258ffe33252499ff95e069ec5a5c883105ab425ce2714402d0ba9fe5d,2
E:\压裂窜扰项目\02 规范化\阳101H31\阳101H31 邻井压力监测\2井_6_2025.4.25分点1.xls,阳101H31,阳101H31,11306,1745573583449027100,e8c7072ebc4ea6409d0b27f3d5ce1a864f6acd35c0547bdfd7f80406a217794d,2
E:\压裂窜扰项目\02 规范化\阳101H31\阳101H31 邻井压力监测\2井_8_2025.4.28分点.xls,阳101H31,阳101H31,3928,1745830852446302400,1ed667d3f52d45e9db056aee51880d4f8e3215f6fff6239b03f704c8f9b869d3,2
E:\压裂窜扰项目\02 规范化\阳101H31\阳101H31 邻井压力监测\3井_10_2025.6.3分点.xls,阳101H31,阳101H31,4076,1748932135066368800,e9902cbc1c103e6b3b22f37c76edaaad61646e2e2bcc6a72a1c5c62523a1ead9,2
E:\压裂窜扰项目\02 规范化\阳101H31\阳101H31 邻井压力监测\3井_11_2025.6.6分点.xls,阳101H31,阳101H31,5770,1749186239232020600,a38c172a6d58f806cb938d49bcb5f7fbf9c410954dbeb8167d8c7aa4d4588236,2
E:\压裂窜扰项目\02 规范化\阳101H31\阳101H31 邻井压力监测\3井_12_2025.6.7分点.xls,阳101H31,阳101H31,10034,1749276048539208500,13aab8b483f66cdcabda6020faeccd6caeb896ffb5d83b2d516563aad682b8fb,2
E:\压裂窜扰项目\02 规范化\阳101H31\阳101H31 邻井压力监测\3井_13_2025.6.8分点.xls,阳101H31,阳101H31,9616,1749373898316267800,93c0ce44789d5fef862b3e8489d208a7300226bcd4fb2eb34e522e5ea3b4e2b6,2
E:\压裂窜扰项目\02 规范化\阳101H31\阳101H31 邻井压力监测\3井_1_2025.4.17、1井分点.xls,阳101H31,阳101H31,5386,1744875336037470400,4a25a62be64cabd8a81856ec9a4377e5b050fbe710ba7d7b426856a231c721a1,1
E:\压裂窜扰项目\02 规范化\阳101H31\阳101H31 邻井压力监测\3井_1_2025.4.17、1井秒点.xls,阳101H31,阳101H31,315844,1744875336271716000,c8aad4ad36aa0b9f817918c4a9e4c8a115a51d3fd47279d64c5db1bc2517782d,1
E:\压裂窜扰项目\02 规范化\阳101H31\阳101H31 邻井压力监测\3井_2025.4.22秒点.xls,阳101H31,阳101H31,434271,1745303250266591700,178a027d39b8eaf54902586acc529c6a8a62c180aab46d96864e908472054dde,2
E:\压裂窜扰项目\02 规范化\阳101H31\阳101H31 邻井压力监测\3井_2025.5.26秒点.xls,阳101H31,阳101H31,517227,1748239743028459400,1b91950078f20d4b8a57f41c05d3629c8ea4acb8e59e3dcfec9a99761ec4cd4a,2
E:\压裂窜扰项目\02 规范化\阳101H31\阳101H31 邻井压力监测\3井_2025.5.28秒点.xls,阳101H31,阳101H31,543255,1748425990948357400,4272cb2c6971744b9e35d72fba650605fe2b3f391ec9988296a6cb3570bd3deb,2
E:\压裂窜扰项目\02 规范化\阳101H31\阳101H31 邻井压力监测\3井_2025.6.13秒点.xls,阳101H31,阳101H31,722991,1749806379726396600,b94a55ee3f16caa4cf3966af8347c20c9eccc9af4b51e79fa571aec126c67d58,2
E:\压裂窜扰项目\02 规范化\阳101H31\阳101H31 邻井压力监测\3井_2025.6.15秒点.xls,阳101H31,阳101H31,576027,1749973143473810100,e143b8098dd6fadffcedfda784228eb7b957f85c06751f1f09ac68307bf1e965,2
E:\压裂窜扰项目\02 规范化\阳101H31\阳101H31 邻井压力监测\3井_2025.6.16秒点.xls,阳101H31,阳101H31,538587,1750059036318159700,3518afc7452ff293ca689c64ce28d093d44faa01d853852ff5460f392341f38f,2
E:\压裂窜扰项目\02 规范化\阳101H31\阳101H31 邻井压力监测\3井_2025.6.17秒点.xls,阳101H31,阳101H31,266547,1750141974943552100,58bbb83ff4b192be8777902fceb2bac184ee4f204df65b9a3e3ce0db09ce605e,2
E:\压裂窜扰项目\02 规范化\阳101H31\阳101H31 邻井压力监测\3井_2025.6.18秒点.xls,阳101H31,阳101H31,586947,1750238816767511500,e200714b71cceb9a22912c80ef0b3ae88535b9b1f10763063e6b803b42b8cd18,2
E:\压裂窜扰项目\02 规范化\阳101H31\阳101H31 邻井压力监测\3井_2025.6.19秒点.xls,阳101H31,阳101H31,670341,1750323439483940000,19562e31b5c88ef9576c00fdb37f1526cf6a380e8d007f4987c8380056ba6214,2
E:\压裂窜扰项目\02 规范化\阳101H31\阳101H31 邻井压力监测\3井_2025.6.1秒点.xls,阳101H31,阳101H31,465068,1748753152468128800,8db498bdf10e829e2a46b735dea065390ae34a92815249fe23a3a56d7f2dd554,2
E:\压裂窜扰项目\02 规范化\阳101H31\阳101H31 邻井压力监测\3井_2025.6.3秒点.xls,阳101H31,阳101H31,235946,1748932133342109700,8df558836936358cbcbde72ce96fb82d2c3914b4fdcc01c02186a4931fab3047,2
E:\压裂窜扰项目\02 规范化\阳101H31\阳101H31 邻井压力监测\3井_2025.6.6秒点.xls,阳101H31,阳101H31,311790,1749186239594040700,4395f86e15467dde188b11f49d6422a9a9e869e05ae45fc5f74b9f98748ac90e,2
E:\压裂窜扰项目\02 规范化\阳101H31\阳101H31 邻井压力监测\3井_2025.6.7秒点.xls,阳101H31,阳101H31,593420,1749276048595652800,734d5a521b4a2bd062c87137b5fa7f56b6784e8effc142ec5ec46d6b548afc26,2
E:\压裂窜扰项目\02 规范化\阳101H31\阳101H31 邻井压力监测\3井_2025.6.8秒点.xls,阳101H31,阳101H31,568322,1749373898615419700,50d47e7fa772e774964dc7b1ef5aa945f6ad93e571bb0bceb7c53e517a0fda5e,2
E:\压裂窜扰项目\02 规范化\阳101H31\阳101H31 邻井压力监测\3井_2025.6.9秒点.xls,阳101H31,阳101H31,604334,1749461641535144800,b270148b0a82f4778eedab6c2b6de97d1ba2e075fae05fac6c7e70c1c4db1fa8,2
E:\压裂窜扰项目\02 规范化\阳101H31\阳101H31 邻井压力监测\3井_2_2025.4.19分点.xls,阳101H31,阳101H31,15391,1745040319512484400,63e758f27521caaf31c99d83d1cdc700084fc40d20c06fa86c0e520ee8d6fdcf,2
E:\压裂窜扰项目\02 规范化\阳101H31\阳101H31 邻井压力监测\3井_2_2025.4.19秒点.xls,阳101H31,阳101H31,514917,1745040322525666900,20c014956dd0bb99c42f7c508e6309ba90862d27cec03a5149e37ddf81927ab9,2
E:\压裂窜扰项目\02 规范化\阳101H31\阳101H31 邻井压力监测\3井_3_2025.4.22分点.xls,阳101H31,阳101H31,7467,1745303249270085000,563d9e29ef6347209b469132b9307c04df63db56fd05f27ab023194dfdae11c3,2
E:\压裂窜扰项目\02 规范化\阳101H31\阳101H31 邻井压力监测\3井_4_5.23分点数据.xls,阳101H31,阳101H31,3836,1748007604827656100,13cde275c6ba23057df33e13abec57c7c117488934158366e804a42e21755487,2
E:\压裂窜扰项目\02 规范化\阳101H31\阳101H31 邻井压力监测\3井_4_5.23秒点数据.xls,阳101H31,阳101H31,221481,1748007605495352200,119006da46bc1db1912f16031602121fac94e56c529498f8d17ad94a2eea3a2f,2
E:\压裂窜扰项目\02 规范化\阳101H31\阳101H31 邻井压力监测\3井_5_5.24分点数据.xls,阳101H31,阳101H31,6223,1748088554550563300,0228fa186a8e24aa0b40d8e633238850f40f7c81d4abf5c161bcee1ecc201e4d,2
E:\压裂窜扰项目\02 规范化\阳101H31\阳101H31 邻井压力监测\3井_5_5.24秒点数据.xls,阳101H31,阳101H31,364707,1748088554871630100,e7d5e2cd48ab4e18c39134579df57892108e844656a2be713aadd8e2e05931f3,2
E:\压裂窜扰项目\02 规范化\阳101H31\阳101H31 邻井压力监测\3井_6_2025.5.26.分点.xls,阳101H31,阳101H31,8766,1748239742312644200,b372bb0d6f0258bec3d8c4e55aa8ecb0760f004b8d8f017eebf44959c0fa2c93,2
E:\压裂窜扰项目\02 规范化\阳101H31\阳101H31 邻井压力监测\3井_7_2025.5.28分点.xls,阳101H31,阳101H31,9199,1748425990013835800,4da78ef3c53094b797a75851ba489ea7529cc1b8a9bb708371a31b8f46c24b3d,2
E:\压裂窜扰项目\02 规范化\阳101H31\阳101H31 邻井压力监测\3井_8_分点(2).xls,阳101H31,阳101H31,8763,1748585339245699700,9b163b51be499ed1e89e63ed1820566999f2884038ab37aabc84e7c69c0f1a5b,2
E:\压裂窜扰项目\02 规范化\阳101H31\阳101H31 邻井压力监测\3井_8_秒点(2).xls,阳101H31,阳101H31,517107,1748585340502460500,6a211d0eb5569bb4939375483a842fd12b2472b6dc93d6954f136eb59fb2cf48,2
E:\压裂窜扰项目\02 规范化\阳101H31\阳101H31 邻井压力监测\3井_9_2025.6.1分点.xls,阳101H31,阳101H31,7908,1748753152032601100,c44f9cf930c7315d91866fa65155a1d0ec10f53bae0be2cdbf3c658ca46be0b1,2
E:\压裂窜扰项目\02 规范化\阳101H31\阳101H31 邻井压力监测\4井_4井第18段压裂期间567井套压秒点数据.xlsx,阳101H31,阳101H31,569067,1755073817054031500,ee8d897ac6bfc153ca61848ae6e5761a2a4c0d223749b9420963dcc52d614814,3
E:\压裂窜扰项目\02 规范化\阳101H31\阳101H31 邻井压力监测\4井_4井第19段压裂期间567井套压秒点数据.xlsx,阳101H31,阳101H31,636891,1755506952682771800,2151ee97fc20a9f2f2ebc226b6d9e301150bf2a7854ea66d3b809f75237e27d4,3
E:\压裂窜扰项目\02 规范化\阳101H31\阳101H31 邻井压力监测\4井_4井第20段压裂施工期间57井套压秒点数据.xlsx,阳101H31,阳101H31,420889,1755776958779408500,1912e616c40a4256d2df92bc4d9542f12409dea88ae01eb7d67c77a759d74ec9,2
E:\压裂窜扰项目\02 规范化\阳101H31\阳101H31 邻井压力监测\4井_4井第21段压裂期间567井套压秒点数据.xlsx,阳101H31,阳101H31,509971,1755865240824763000,440c08a47ee443a41ba78c0abac80ccf664c5a7972d71c5da615a1abe73b1b04,3
E:\压裂窜扰项目\02 规范化\阳101H31\阳101H31 邻井压力监测\4井_4井第22段压裂期间6井套压秒点数据.xlsx,阳101H31,阳101H31,218824,1755959052117125900,d2311fbe4f293d4f7b10be12804fba8b04fc1b9c64222fa6c7a5918fd0c6f6c8,1
E:\压裂窜扰项目\02 规范化\阳101H31\阳101H31 邻井压力监测\4井_4井第23段压裂期间567井套压秒点数据.xlsx,阳101H31,阳101H31,284132,1756024027193980700,f4a653ad9639d49ca2dabfd1f3fd545de95541823fc85b3a7e12e7fd90a88f93,3
E:\压裂窜扰项目\02 规范化\阳101H31\阳101H31 邻井压力监测\5井_5井第10段压裂期间467井套压秒点数据.xlsx,阳101H31,阳101H31,238831,1755152699985793800,a0ab532260f3c00b4527844250184f7b50d1edaa5ba8f92e94867b2ee90eb645,3
E:\压裂窜扰项目\02 规范化\阳101H31\阳101H31 邻井压力监测\5井_5井第11段压裂期间 467井套压秒点数据.xlsx,阳101H31,阳101H31,524909,1755424819367502400,097545ffa3063c60a2d2d9ffbd361e34bc0083ad55947a89a19db5c0eb714829,3
E:\压裂窜扰项目\02 规范化\阳101H31\阳101H31 邻井压力监测\5井_5井第12段压裂期间4井套压秒点数据.xlsx,阳101H31,阳101H31,306287,1755603991980945600,4d8efa9fb5837006d31d37ac9a6e0e5a1209bcf1146214070e26203f7dc95556,1
E:\压裂窜扰项目\02 规范化\阳101H31\阳101H31 邻井压力监测\5井_5井第13段压裂期间47井套压秒点数据.xlsx,阳101H31,阳101H31,477593,1755690291159402800,2726e5f2157710d8544a3b66bab8be8e694b1547e2ccbae051a2725ab4487e10,2
E:\压裂窜扰项目\02 规范化\阳101H31\阳101H31 邻井压力监测\5井_5井第14段压裂期间467井套压秒点数据.xlsx,阳101H31,阳101H31,577546,1756024026653390800,0edf9027e092e4363076dbc4b77c378e98c0a9ebcd3cd11924a3a68b192f2cf6,3
E:\压裂窜扰项目\02 规范化\阳101H31\阳101H31 邻井压力监测\5井_5井第15段压裂期间467井套压秒点数据.xlsx,阳101H31,阳101H31,237091,1756114967559203200,1149ebe28d12ba321a250ee9df195243c3de4b5fd4b89083f6f97ccee682d8a0,3
E:\压裂窜扰项目\02 规范化\阳101H31\阳101H31 邻井压力监测\5井_5井第16段压裂期间467井套压秒点数据.xlsx,阳101H31,阳101H31,436161,1756179080815234900,65396a3a86ba919d54fb3670972e1e24774bfe98c05da752f7d73c54bde4a6eb,3
E:\压裂窜扰项目\02 规范化\阳101H31\阳101H31 邻井压力监测\5井_5井第18段压裂期间4井套压秒点数据.xlsx,阳101H31,阳101H31,497765,1756458950104871000,842baa7e0bf4aa768a643ddce77342f8a764c0d84de209d84d8af5393b24ae8e,1
E:\压裂窜扰项目\02 规范化\阳101H31\阳101H31 邻井压力监测\5井_5井第19段压裂期间46井套压秒点数据.xlsx,阳101H31,阳101H31,375371,1756549105872794600,82ef35518ec435eb3e7e1e4ed059abbfc65e68a0f5721f2f3e8680e12568951e,2
E:\压裂窜扰项目\02 规范化\阳101H31\阳101H31 邻井压力监测\5井_5井第20段压裂期间467井套压秒点数据.xlsx,阳101H31,阳101H31,702175,1756721069693263900,edc1cda3e074f71831ec8f29b4396c016a4eb9dd5667954a70dcee9c3cf45159,3
E:\压裂窜扰项目\02 规范化\阳101H31\阳101H31 邻井压力监测\5井_5井第21段压裂期间467井套压秒点数据.xlsx,阳101H31,阳101H31,618138,1756787218457583800,8a9fef90074ececbe94c7fbdbc96845672c8b3f62ebf15b9f0c4fc09b55f09b3,3
E:\压裂窜扰项目\02 规范化\阳101H31\阳101H31 邻井压力监测\5井_5井第23段压裂期间467井套压秒点数据上段.xlsx,阳101H31,阳101H31,437834,1756966013434733000,42adc5314b349c2d181a2f0d999e339de0c5e971546bfc5c11b0c248a8f799e6,3
E:\压裂窜扰项目\02 规范化\阳101H31\阳101H31 邻井压力监测\5井_5井第23段压裂期间467井套压秒点数据下段.xlsx,阳101H31,阳101H31,239613,1756966013650108000,00dda717297a685125a3ebae5cb83c3807bd6f57de145b89c40106023279d449,3
E:\压裂窜扰项目\02 规范化\阳101H31\阳101H31 邻井压力监测\5井_5井第24段压裂期间467井套压秒点数据.xlsx,阳101H31,阳101H31,677405,1757047687859305800,072bfd5ef30436d6e73dd6547143327cc7f2c4a09b13f19b775dafeda31cf002,3
E:\压裂窜扰项目\02 规范化\阳101H31\阳101H31 邻井压力监测\6井_6井第26段压裂期间457井套压秒点数据.xlsx,阳101H31,阳101H31,415568,1755759946250178700,5cb5c50ab248ee569fed71bb6f7782292c53acd20639c8d53ca721607f563af8,3
E:\压裂窜扰项目\02 规范化\阳101H31\阳101H31 邻井压力监测\6井_6井第27段压裂期间457井套压秒点数据.xlsx,阳101H31,阳101H31,426446,1755849442641917500,10026e5c56634792176b087a2bbbbbfacd13b407d7b196272ed2812bdfe2083a,3
E:\压裂窜扰项目\02 规范化\阳101H31\阳101H31 邻井压力监测\7井_7井18段压裂期间456井套压秒点数据.xlsx,阳101H31,阳101H31,734851,1755331459026998300,f63ad0f6c6c93bbbc877dd4e86f4df29f47d4e8ab7a5e3486bab77f3476f98e0,3
E:\压裂窜扰项目\02 规范化\阳101H31\阳101H31 邻井压力监测\7井_7井19段压裂期间456井套压秒点数据.xlsx,阳101H31,阳101H31,732603,1755589018814349900,9326ef423cafd682215470d2a3006527e5c6edd28b1a712bd5a9dde3fc67836d,3
E:\压裂窜扰项目\02 规范化\阳101H31\阳101H31 邻井压力监测\7井_7井20段压裂期间456井套压秒点数据.xlsx,阳101H31,阳101H31,539793,1755670037925709100,e61010bd363c1e303021725e390943fe8754908ea8049ffa2d76ae3ca1b6bee1,3
E:\压裂窜扰项目\02 规范化\阳101H31\阳101H31 邻井压力监测\7井_7井22段压裂期间456井套压秒点数据.xlsx,阳101H31,阳101H31,880262,1756103622807364400,1921a3f2dad83b68e8943699ae3bbf19fd993dc4db95b0ed804b324ac389ab26,3
E:\压裂窜扰项目\02 规范化\阳101H31\阳101H31 邻井压力监测\7井_7井24段压裂期间456井套压秒点数据.xlsx,阳101H31,阳101H31,455701,1756262329749493900,f381b568cd4c6994b4e4d813aa8074759f19e07b2b9dcb53fd9a2f24579433b7,3
E:\压裂窜扰项目\02 规范化\阳101H31\阳101H31 邻井压力监测\7井_7井第21段压裂期间456井套压秒点数据.xlsx,阳101H31,阳101H31,626836,1755952554668386200,0d1015a10d9ee72197e1dcbf7b3315c3a7609bcaf619f6f6b08ae1a44396432f,3
E:\压裂窜扰项目\02 规范化\阳101H31\阳101H31 邻井压力监测\7井_7井第23段压裂期间456井套压秒点数据.xlsx,阳101H31,阳101H31,232777,1756188303485415000,c683ace3cfdb323699cb5ad6eb2267680d99569c6b3442106cde2a582973e783,3
E:\压裂窜扰项目\02 规范化\阳101H31\阳101H31 邻井压力监测\7井_7井第25段压裂期间456井套压秒点数据.xlsx,阳101H31,阳101H31,635232,1756363594601492500,29ba78a3d9d912d569e53f0c5c03c4be45582eef36de51b4ede6e39e2c569642,3
E:\压裂窜扰项目\02 规范化\阳101H31\阳101H31 邻井压力监测\7井_7井第27段压裂期间46井套压秒点数据.xlsx,阳101H31,阳101H31,687163,1756534280817727900,f4d63bf613b37db9a82456d27b670d6852c124977af5a99b42d69495e2df8f8a,2
E:\压裂窜扰项目\02 规范化\阳101H31\阳101H31 邻井压力监测\7井_7井第30段压裂期间456井套压秒点数据.xlsx,阳101H31,阳101H31,644421,1757143784079742400,1d0e5ac442d020c0b07f53aba80e8c49343e95ab426e40cfc32283f56345b907,3
E:\压裂窜扰项目\02 规范化\阳101H31\阳101H31 邻井压力监测\阳101H31--井第4段压裂期间阳101H25-5井压力数据.csv,阳101H31,阳101H31,1046138,1745219746334804300,631aabcd504819f7c5079bf1b4b29abe1978fa3b90f0f73bf315ac7cd58d7572,1
E:\压裂窜扰项目\02 规范化\阳101H31\阳101H31 邻井压力监测\阳101H31-3井压裂期间压力监测记录(3).xlsx,阳101H31,阳101H31,217540,1750044910614668900,d6afec90a0c4d1c8002762aa571a9f3ec1b106497923e491880b42cbbfb851ff,99
E:\压裂窜扰项目\02 规范化\阳101H31\阳101H31 邻井压力监测\阳101H31平台1井第3段压裂期间阳101H25-5井压力秒点数据(1).csv,阳101H31,阳101H311,873626,1744967547502315900,4b874e0ebe6f0636665140489d7294eee2723ccc137473456ade7c6da1023541,1
E:\压裂窜扰项目\02 规范化\阳101H31\阳101H31 邻井压力监测\阳101H31平台2井第3段压裂期间阳101H25平台压力秒点数据.csv,阳101H31,阳101H312,1680556,1744614381186441900,4d1403871500e227b0c138576eb48274ef0c8bed0b2cf0b8a3a912f180e83bb1,6
E:\压裂窜扰项目\02 规范化\阳101H31\阳101H31 邻井压力监测\阳101H31平台2井第4段压裂期间阳101H25平台秒点数据.csv,阳101H31,阳101H312,1333200,1744709286998633500,56cb6ff62d8db94df171dd73b271292f300a9fa9f49130be883c6f807cb895fb,5
E:\压裂窜扰项目\02 规范化\阳101H31\阳101H31 邻井压力监测\阳101H31平台北半支压窜.xlsx,阳101H31,阳101H31,24522,1753948120000000000,89b20103fe85eba159cb63b6e7b823ad7d7465c24fe60597cf26d9123a92e5a2,0
E:\压裂窜扰项目\02 规范化\阳101H32\阳101H32 邻井压力监测\阳101H32-2-11段压裂施工-1、3、4、5、6、7井压力监测.xlsx,阳101H32,阳101H32,164526284,1766633886000000000,eda7acb4bae1157dc022a652ab27006e6c8647ce5b1955ca74ba179eaa584863,12
E:\压裂窜扰项目\02 规范化\阳101H32\阳101H32 邻井压力监测\阳101H32-2-13段压裂施工-1、3、4、5、6、7井压力监测.xlsx,阳101H32,阳101H32,120978047,1766811220000000000,9d4683c2c6dd4f16c24a9f965ea1f2ebca3d83f2d408cbd832efbf541e8f022d,6
E:\压裂窜扰项目\02 规范化\阳101H32\阳101H32 邻井压力监测\阳101H32-2-14段压裂施工-1、3、4、5、6、7井压力监测.xlsx,阳101H32,阳101H32,162730352,1766900024000000000,0553d763bc93c7756e5a40061dfd6f26196539130a223799c3f6bcbde2d0d2eb,6
E:\压裂窜扰项目\02 规范化\阳101H32\阳101H32 邻井压力监测\阳101H32-2-14段压裂施工-4、6井分点压力监测.xlsx,阳101H32,阳101H32,17269,1766900896000000000,ae160c7be8a3657de284842fef075e9606ce5534acc015d90091ba94b40de61b,2
E:\压裂窜扰项目\02 规范化\阳101H32\阳101H32 邻井压力监测\阳101H32-2-15段压裂施工-1、3、4、5、6、7井压力监测.xlsx,阳101H32,阳101H32,161892167,1766982174000000000,f8cf816357b7f7fd8f34c2cf887ab58d18f64c7a94b21883d5ab73ca181abe39,6
E:\压裂窜扰项目\02 规范化\阳101H32\阳101H32 邻井压力监测\阳101H32-2-16段压裂施工-1、3、4、5、6、7井压力监测（叠合图）.xlsx,阳101H32,阳101H32,168727838,1767072380000000000,e3797cd1c9ee63537d7bf81e580d16645a8756d130a1aa2769fa221c0fb8a249,7
E:\压裂窜扰项目\02 规范化\阳101H32\阳101H32 邻井压力监测\阳101H32-2-17段压裂施工-1、3、4、5、6、7井套压压力监测.xlsx,阳101H32,阳101H32,57157167,1767159774000000000,94bc1c771fd2334bba3870e5f15690af202b6889055dcd4a644e6fbe29a35b56,6
E:\压裂窜扰项目\02 规范化\阳101H32\阳101H32 邻井压力监测\阳101H32-2-19段压裂施工-1、3、4、5、6、7井压力监测.xlsx,阳101H32,阳101H32,22387676,1767342848000000000,3813a04931254e16ae88ba50e4c31f6c360300460f0dc5c14a3198be16736e9a,6
E:\压裂窜扰项目\02 规范化\阳101H32\阳101H32 邻井压力监测\阳101H32-2-20段压裂施工-1、3、4、5、6、7井压力监测（叠合图）.xlsx,阳101H32,阳101H32,25262032,1767421248000000000,def68dfe21882277284b54d59c58eec2a0ab6384bde6b464abaf69330bb99e54,6
E:\压裂窜扰项目\02 规范化\阳101H32\阳101H32 邻井压力监测\阳101H32-2-22段压裂施工-1、3、4、5、6、7井压力监测.xlsx,阳101H32,阳101H32,33008248,1767605032000000000,017b47963349d60b67d46895f4f0f151ba90aa87fb8991e623f7eb51322cbf20,6
E:\压裂窜扰项目\02 规范化\阳101H32\阳101H32 邻井压力监测\阳101H32-2-6段压裂施工-1、3、4、5、6、7井压力监测.xlsx,阳101H32,阳101H32,130085255,1765947278000000000,80e482b2b78263c93513aef72cede8415dfc3a68b13a190f9efe71da206313ac,6
E:\压裂窜扰项目\02 规范化\阳101H32\阳101H32 邻井压力监测\阳101H32-2-7段压裂施工-4、6井分点压力监测.xlsx,阳101H32,阳101H32,39706,1766125536000000000,a3b225514eacfeb452ce4c4c6cc192012d7bba9d182a631b00d1324699bebc9f,2
E:\压裂窜扰项目\02 规范化\阳101H32\阳101H32 邻井压力监测\阳101H32-2-8段压裂施工-1、3、4、5、6、7井压力监测.xlsx,阳101H32,阳101H32,112250476,1766208196000000000,d73a439413d9c2634c18669ce59a0b20b0e721a4d93bc3de7d28aff72b4f6327,6
E:\压裂窜扰项目\02 规范化\阳101H32\阳101H32 邻井压力监测\阳101H32-2-8段压裂施工-4、6井秒点压力监测.xlsx,阳101H32,阳101H32,354509,1766207358000000000,efdc220de1c9915a98dcfa959591269ab83da559ca212208a5ecdfe4d4d923b4,2
E:\压裂窜扰项目\02 规范化\阳101H32\阳101H32 邻井压力监测\阳101H32-2-9段压裂施工-1、3、4、5、6、7井压力监测.xlsx,阳101H32,阳101H32,185218961,1766375681000000000,8b2e213268060725b4ff9570968f9030e1207a2b8f3a2b4db8cae9bd219883c8,6
E:\压裂窜扰项目\02 规范化\阳101H32\阳101H32 邻井压力监测\阳101H32-2-9段压裂施工-4、6井分点压力监测.xlsx,阳101H32,阳101H32,30184,1766375910000000000,32e7d79811f9ca51be30f92f2e73b2c9615f02c064dd2bd2b45a8c27f9d61e9a,2
E:\压裂窜扰项目\02 规范化\阳101H32\阳101H32 邻井压力监测\阳101H32-2井第10段压裂施工分秒点.xlsx,阳101H32,阳101H32,771387,1766473568000000000,b586ebe17e2a22e7dbabf9ffc23eff99d13c4f2913118a025bc4185ff8434663,0
E:\压裂窜扰项目\02 规范化\阳101H32\阳101H32 邻井压力监测\阳101H32-2井第10段压裂施工报表.xlsx,阳101H32,阳101H32,1107207,1766475078000000000,17c197f405bea366fd490c76393f12a00069f3d63a1f0bcd3d94955a1a2da104,0
E:\压裂窜扰项目\02 规范化\阳101H32\阳101H32 邻井压力监测\阳101H32-2井第12段压裂施工分秒点.xlsx,阳101H32,阳101H32,903693,1766748798000000000,6ae94d063d12491330126fef577696cd0b2e038c7b712457c4bb294b7b3d30bc,0
E:\压裂窜扰项目\02 规范化\阳101H32\阳101H32 邻井压力监测\阳101H32-2井第12段压裂施工报表.xlsx,阳101H32,阳101H32,1272138,1766749688000000000,d6601d51be432473a018ea02c72f17dee3e31784feb252124d3a7a6d6bebc2e8,0
E:\压裂窜扰项目\02 规范化\阳101H32\阳101H32 邻井压力监测\阳101H32-2井第13段压裂施工分秒点.xlsx,阳101H32,阳101H32,1007791,1766812736000000000,8172e6245e38610f4a57c8b897975f81505b1f45eb232491475fb915a42c9e41,0
E:\压裂窜扰项目\02 规范化\阳101H32\阳101H32 邻井压力监测\阳101H32-2井第13段压裂施工报表.xlsx,阳101H32,阳101H32,1416174,1766813108000000000,70bd47139ab9e279131c139178e756ad4841b051493f3b6b30f9608408a73aa0,0
E:\压裂窜扰项目\02 规范化\阳101H32\阳101H32 邻井压力监测\阳101H32-2井第15段-2.xlsx,阳101H32,阳101H32,89128960,1783996147163030300,a354e8e895d74ef46328a1f2334a6879454b5f0b092824db004d1305e35588be,0
E:\压裂窜扰项目\02 规范化\阳101H32\阳101H32 邻井压力监测\阳101H32-2井第8段.xlsx,阳101H32,阳101H32,2097152,1784126503131758400,42a8e04cb23fa936cef6a76fdb5097d014eced7ca4dcfad355a6b93e30f65973,0
E:\压裂窜扰项目\02 规范化\阳101H32\阳101H32 邻井压力监测\阳101H32-2井第9段压裂施工分秒点.xlsx,阳101H32,阳101H32,833975,1766376218000000000,71fbddb43529a7fe7270257539024644d78d7682f56c7291c7657743a5dcca88,0
E:\压裂窜扰项目\02 规范化\阳101H32\阳101H32 邻井压力监测\阳101H32-2井第9段压裂施工报表.xlsx,阳101H32,阳101H32,1187258,1766380410000000000,80e2efb7368da666c26981f92dba1cd7464f89e6d51a79e02506ba6005db3c75,0
E:\压裂窜扰项目\02 规范化\阳101H32\阳101H32 邻井压力监测\阳101H32-4-11段压裂施工-6井秒点压力监测.xlsx,阳101H32,阳101H32,484464,1764501562825880000,92c72d92b15cfd31d8da911de0c48951c6e1800b1a0c63ef1e80e1b93bcceef1,1
E:\压裂窜扰项目\02 规范化\阳101H32\阳101H32 邻井压力监测\阳101H32-4-13段压裂施工-1、2、3、5、6、7井压力监测.xlsx,阳101H32,阳101H32,81172287,1764656790857144700,fed186815ebe457d0bfd095cada2454c92c2abebfdf9d673f04043da23e69dad,6
E:\压裂窜扰项目\02 规范化\阳101H32\阳101H32 邻井压力监测\阳101H32-4-13段压裂施工-6井秒点压力监测.xlsx,阳101H32,阳101H32,869885,1764655974991827400,d95fa50085c7d9b921b4041f319b664bfb054ff554f6d1a85449831d4e57ccf9,1
E:\压裂窜扰项目\02 规范化\阳101H32\阳101H32 邻井压力监测\阳101H32-4-14段压裂施工-6井秒点压力监测.xlsx,阳101H32,阳101H32,839207,1764763001737385300,547f4037fe370feec6eaa6c26019104f85a76808c6eafe5498c40f38db2aedb0,1
E:\压裂窜扰项目\02 规范化\阳101H32\阳101H32 邻井压力监测\阳101H32-4-15段压裂施工-1、2、3、5、6、7井压力监测.xlsx,阳101H32,阳101H32,22698,1765104710023315700,176021bc7503c1344745d5b337830d957a857c89526b5aa2065b928c2609a523,12
E:\压裂窜扰项目\02 规范化\阳101H32\阳101H32 邻井压力监测\阳101H32-4-16段压裂施工-6井分点压力监测.xlsx,阳101H32,阳101H32,36066,1765194924497463400,51b0efbf7a4da517ca42aa50cd1ab9cf0981133c5acd7e6b2990184032cc3cd2,1
E:\压裂窜扰项目\02 规范化\阳101H32\阳101H32 邻井压力监测\阳101H32-4-17段压裂施工-1、2、3、5、6、7井压力监测.xlsx,阳101H32,阳101H32,157388514,1765342774951421500,afeb5fb08b00cce93e4a800fe7fdeb440860263dbb5a9527ab2b1d7db853e1b6,6
E:\压裂窜扰项目\02 规范化\阳101H32\阳101H32 邻井压力监测\阳101H32-4-19段压裂施工-1、2、3、5、6、7井压力监测.xlsx,阳101H32,阳101H32,76427980,1765516775144236300,bbc6c2964046d4430c7a4372a02e833726bd32272487e978e4f7490f4f68aa1f,6
E:\压裂窜扰项目\02 规范化\阳101H32\阳101H32 邻井压力监测\阳101H32-4-1段压裂施工-5井秒点压力监测.xlsx,阳101H32,阳101H32,318355,1763546009642077200,1206abaab172e1dd906edfd9a82997cf52e6c939f18ffc66e4b4871028d6a605,1
E:\压裂窜扰项目\02 规范化\阳101H32\阳101H32 邻井压力监测\阳101H32-4-20段压裂施工-1、2、3、5、6、7井压力监测.xlsx,阳101H32,阳101H32,87935476,1765601757752740700,44ad967b5ffc3c85f4392bbb1be3cf9d113d708708180dd3f708e78d956bb2e3,6
E:\压裂窜扰项目\02 规范化\阳101H32\阳101H32 邻井压力监测\阳101H32-4-22段压裂施工-1、2、3、5、6、7井压力监测.xlsx,阳101H32,阳101H32,37501011,1765847307304824400,31a7eac995e56d789c574fe6d064373e4d57f7b8395885d44550944b79b99c27,12
E:\压裂窜扰项目\02 规范化\阳101H32\阳101H32 邻井压力监测\阳101H32-4-22段压裂施工-1、2、3、5、6、7井压力监测（叠合图）.xlsx,阳101H32,阳101H32,37508855,1765852498898965500,def0af6d06d8e57b6faa4559294c5f1f259712d92642be4a9fc8193f9939891c,12
E:\压裂窜扰项目\02 规范化\阳101H32\阳101H32 邻井压力监测\阳101H32-4-3段压裂施工-1、2、3、5、6、7井压力监测.xlsx,阳101H32,阳101H32,14815,1763698585944046200,29d55140e1ae71459304a2443203c0c146ff5aa018d4aaba9063fdace8e763cb,6
E:\压裂窜扰项目\02 规范化\阳101H32\阳101H32 邻井压力监测\阳101H32-4-4段压裂施工-1、2、3、5、6、7井压力监测.xlsx,阳101H32,阳101H32,18884261,1763810608380118000,76bd9e6f5a113ab375cca8b9615784aede4ace71775fd9b866d63634762a25d4,6
E:\压裂窜扰项目\02 规范化\阳101H32\阳101H32 邻井压力监测\阳101H32-4-5段压裂施工-1、2、3、5、6、7井压力监测.xlsx,阳101H32,阳101H32,24118111,1763899447198191800,64d74579b4fe0941de03a9d4934ca4357bf20d7bee9bca0bca74b46f3ba24b9c,12
E:\压裂窜扰项目\02 规范化\阳101H32\阳101H32 邻井压力监测\阳101H32-4-5段压裂施工-2、6井秒点压力监测.xlsx,阳101H32,阳101H32,699683,1763900808955634400,360352454551d4ea73031b652e2f8941ff7b1e6607fe7a7bc93f7e6232285e62,2
E:\压裂窜扰项目\02 规范化\阳101H32\阳101H32 邻井压力监测\阳101H32-4-6段压裂施工-1、2、3、5、6、7井压力监测.xlsx,阳101H32,阳101H32,58398666,1763984612390830300,8638bd816e257663bd203721cdb2ebff650cbf82393855c437ca1bb30d4591c4,12
E:\压裂窜扰项目\02 规范化\阳101H32\阳101H32 邻井压力监测\阳101H32-4-8段压裂施工-1、2、3、5、6、7井压力监测.xlsx,阳101H32,阳101H32,26238951,1764159296096148700,bcc643c0d16a6217f1a1ac8d9219d82cc817abfece83ad44575e5290d1f1d4d6,6
E:\压裂窜扰项目\02 规范化\阳101H32\阳101H32 邻井压力监测\阳101H32-4-8段压裂施工-6井秒点压力监测.xlsx,阳101H32,阳101H32,693061,1764158980806884800,e47a14378a217f7722cd1c9cea3e937961a27dec59ee6fcfe349aef616ea6304,1
E:\压裂窜扰项目\02 规范化\阳101H32\阳101H32 邻井压力监测\阳101H32-4井第2段施工邻井监测20251120.xlsx,阳101H32,阳101H32,26097,1763616369896188700,e4536c9366fff489985a6ed326152384625e8d24aaf297224a57989aaba872e8,12
E:\压裂窜扰项目\02 规范化\阳101H32\阳101H32 邻井压力监测\阳101H32-5-23段压裂施工-1、2、3、4、6、7井压力监测.xlsx,阳101H32,阳101H32,107509607,1767084284472779300,428ca4a42f00ba9efb3c7b39f4a772eb8c34473229ac40c75cbfd1e9d3bf7ffe,6
E:\压裂窜扰项目\02 规范化\阳101H32\阳101H32 邻井压力监测\阳101H32-5-8段压裂施工-1、2、3、4、6、7井压力监测.xlsx,阳101H32,阳101H32,50696617,1763874202156917200,8e69e428619f0a4c096576ab68cd4277f97fb057ad928159789c88c91194e5c3,6
E:\压裂窜扰项目\02 规范化\阳101H32\阳101H32 邻井压力监测\阳101H32-5井第10段压裂施工报表.xlsx,阳101H32,阳101H32,1296528,1764474604000000000,0993bacd503005c5473643cd65c455c5fc3afdeaa4e24d7770c2aabd6aeadf37,0
E:\压裂窜扰项目\02 规范化\阳101H32\阳101H32 邻井压力监测\阳101H32-5井第12段压裂施工曲分秒点.xlsx,阳101H32,阳101H32,897198,1764820090000000000,b70772cadb82c9e84be1c346ddffc8f9d882484a6e42357666b1d5f36ead3ddb,0
E:\压裂窜扰项目\02 规范化\阳101H32\阳101H32 邻井压力监测\阳101H32-5井第18段压裂施工分秒点.xlsx,阳101H32,阳101H32,735088,1766300832000000000,ff284075ed539b9e121f61035dfd61bcc8711dd79a6d0edb87fd4c8ca45d048e,0
E:\压裂窜扰项目\02 规范化\阳101H32\阳101H32 邻井压力监测\阳101H32-5井第18段压裂施工报表.xlsx,阳101H32,阳101H32,1057726,1766301124000000000,a52b3e49a9bbe783c78cfec90c14ab375fb24a8b28d86e1efffb96e1b59b1706,0
E:\压裂窜扰项目\02 规范化\阳101H32\阳101H32 邻井压力监测\阳101H32-5井第20段压裂施工分秒点.xlsx,阳101H32,阳101H32,1031029,1766714200000000000,c32297dcc55efd69c70260c383f243cccb78e0347b66ce93e268691b66a83115,0
E:\压裂窜扰项目\02 规范化\阳101H32\阳101H32 邻井压力监测\阳101H32-5井第20段压裂施工报表.xlsx,阳101H32,阳101H32,1440006,1766714478000000000,ce4caa3c7b37198b956bd6e70d442a23de049180cdace712f3adbb97767e356c,0
E:\压裂窜扰项目\02 规范化\阳101H32\阳101H32 邻井压力监测\阳101H32-6-10段压裂施工-1、2、3、4、5、7井压力监测（含阳101H2平台）.xlsx,阳101H32,阳101H32,20324224,1763779241870429800,b7b087d37782834006b837c3c043023fc97c9b13919a8aa0686f038545f5dab7,6
E:\压裂窜扰项目\02 规范化\阳101H32\阳101H32 邻井压力监测\阳101H32-6-10段压裂施工-2、5井秒点压力监测.xlsx,阳101H32,阳101H32,503862,1763811242300546200,4e5e4f5389ceee64b51c9bfb0a2bf056b8a9d3c32247b099e87cf063e50b08d0,2
E:\压裂窜扰项目\02 规范化\阳101H32\阳101H32 邻井压力监测\阳101H32-6-12段压裂施工-1、2、3、4、5、7井压力监测.xlsx,阳101H32,阳101H32,53872586,1764043848152571900,db99ca693b65d3b4c25b2388bf04439405c77102e92c3de2711bcb4bf285d711,12
E:\压裂窜扰项目\02 规范化\阳101H32\阳101H32 邻井压力监测\阳101H32-6-13段压裂施工-1、2、3、4、5、7井压力监测.xlsx,阳101H32,阳101H32,12020070,1764217668687331100,3564a8d683b44f0aec66104b64eaa5d0c98a9524f86fc3457af6e5b9db1032e6,6
E:\压裂窜扰项目\02 规范化\阳101H32\阳101H32 邻井压力监测\阳101H32-6-15段压裂施工-1、2、3、4、5、7井压力监测.xlsx,阳101H32,阳101H32,24259842,1764571328666340600,2ffe421aee3a1006d867fe6b8f53447b0426a36363b76b102595ab2461a3741c,6
E:\压裂窜扰项目\02 规范化\阳101H32\阳101H32 邻井压力监测\阳101H32-6-18段压裂施工-1、2、3、4、5、7井压力监测.xlsx,阳101H32,阳101H32,27179,1764914138907795500,dd20a5ee0e18401dfe876ce9a9af142f8ef2c96ec7291e390b74e32e533275d9,12
E:\压裂窜扰项目\02 规范化\阳101H32\阳101H32 邻井压力监测\阳101H32-6-19段压裂施工-1、2、3、4、5、7井压力监测.xlsx,阳101H32,阳101H32,19043,1764996867084160200,1959625379963da3eb9248229cdbefe7c2144406c7d074b552fefd3471ebe6a4,6
E:\压裂窜扰项目\02 规范化\阳101H32\阳101H32 邻井压力监测\阳101H32-6-20段压裂施工-1、2、3、4、5、7井压力监测.xlsx,阳101H32,阳101H32,26906,1765085535236913800,4d9ed6249c211412cb1d6bd3f932ef840bb015edf98f7fc540858646901ba631,12
E:\压裂窜扰项目\02 规范化\阳101H32\阳101H32 邻井压力监测\阳101H32-6-5段压裂施工-11、14井压力监测.xlsx,阳101H32,阳101H32,386578,1763108328548972700,32e5650bb4b3b588f7c28fbe83cbf016f8b4e62ff991c058e10eb985136e625a,7
E:\压裂窜扰项目\02 规范化\阳101H32\阳101H32 邻井压力监测\阳101H32-6-6段压裂施工-1、2、3、4、5、7井压力监测.xlsx,阳101H32,阳101H32,24883,1763526692642264500,27386143984c552b67bb8484705a56ed7946736d3958f1a5bb9f04b24922bc99,6
E:\压裂窜扰项目\02 规范化\阳101H32\阳101H32 邻井压力监测\阳101H32-6-9段压裂施工-1、2、3、4、5、7井压力监测.xlsx,阳101H32,阳101H32,122102378,1763725482925387700,cc6e7960e912993b664ff5865120a97eaf2540aa9c357dad32d97e040e6ea11e,12
E:\压裂窜扰项目\02 规范化\阳101H32\阳101H32 邻井压力监测\阳101H32-6井第7段   阳101H2平台邻井情况  20251117.xlsx,阳101H32,阳101H32,22338,1763526760421774500,5f12a6bfe1e99b7b6a73e72ce7d1f0c9c5bab9f15e7a0ee0f38b8b387b28fb7b,6
E:\压裂窜扰项目\02 规范化\阳101H32\阳101H32 邻井压力监测\阳101H32_2井_2井第6段_压力监测数据表    叠合图  .xlsx,阳101H32,阳101H32,38402,1765947238000000000,016d7d13767acaf1e576d6675bfcffd94e04bb24305369a316ab69c434c8739b,0
E:\压裂窜扰项目\02 规范化\阳101H32\阳101H32 邻井压力监测\阳101H32_压窜数据统计.xlsx,阳101H32,阳101H32,83351,1767967552000000000,dec676c724f8f4326a7451dfe6711df1129b4e6b18a479cc3abb9713ec10ecf0,0
E:\压裂窜扰项目\02 规范化\阳101H33\阳101H33 邻井压力监测\阳101H33-1-10段压裂施工-2井压力监测.xlsx,阳101H33,阳101H33,206367,1784343766719114100,10f3a01d7aba2c08002b98d07b30d51426b860a1c55cf4a91c5c37ee45f30cfd,1
E:\压裂窜扰项目\02 规范化\阳101H33\阳101H33 邻井压力监测\阳101H33-1-10段压裂施工-邻井压力监测.xlsx,阳101H33,阳101H33,405764,1727334656000000000,d999bd37f8d1e8a30153555edb85199e4befb683491da6bbf4c300bfde789990,1
E:\压裂窜扰项目\02 规范化\阳101H33\阳101H33 邻井压力监测\阳101H33-2-2段压裂施工-1井压力监测.xlsx,阳101H33,阳101H33,135243,1784343768727215000,ef37b00e65b29800169f2de42e6861e4f0f0bcb2f69d759cef6c653871d63699,1
E:\压裂窜扰项目\02 规范化\阳101H33\阳101H33 邻井压力监测\阳101H33-2-3段压裂施工-1井压力监测.xlsx,阳101H33,阳101H33,147722,1784343768900162400,2609d7ad35fdafadcfb59342359e7b026596ed5d029ccfc024dcbaca42df1e93,1
E:\压裂窜扰项目\02 规范化\阳101H33\阳101H33 邻井压力监测\阳101H33-2-6段压裂施工-1井压力监测.xlsx,阳101H33,阳101H33,232990,1784343768021354200,0fb2ea51d3cd39970082cf38c94dc81c7f4c6962d8a55cda192abe95675afe92,1
E:\压裂窜扰项目\02 规范化\阳101H33\阳101H33 邻井压力监测\阳101H33-2-6段压裂施工-3井压力监测.xlsx,阳101H33,阳101H33,232464,1784343769683052200,4005d232a0b7dd1639e3c32947ff8d7c70d2d0933074e9480cb81c010166363d,1
E:\压裂窜扰项目\02 规范化\阳101H33\阳101H33 邻井压力监测\阳101H33-2-6段压裂施工-邻井压力监测.xlsx,阳101H33,阳101H33,909651,1727238606000000000,dbf0858fa2309573e7ef7f1da9c599dad8969391e9a8dbabc29beaf913383b5c,3
E:\压裂窜扰项目\02 规范化\阳101H33\阳101H33 邻井压力监测\阳101H33-2-7段压裂施工-1井压力监测.xlsx,阳101H33,阳101H33,204741,1784343768296110100,0c7d2119be7e4f04b3671c9d4e0eab4d2024f28feb80c5bc69e7d9e32f17c9fa,1
E:\压裂窜扰项目\02 规范化\阳101H33\阳101H33 邻井压力监测\阳101H33-2-7段压裂施工-3井压力监测.xlsx,阳101H33,阳101H33,209042,1784343768582666300,03e92dad2d03bc07312343bc2bc4d714ecc728a84ff2fa6a3320a5085aeffa1f,1
E:\压裂窜扰项目\02 规范化\阳101H33\阳101H33 邻井压力监测\阳101H33-2-7段压裂施工-邻井压力监测.xlsx,阳101H33,阳101H33,608375,1727350954000000000,7fa3022ed28f18013f2b3580f875b5976af413b9ffbc2ee70a1d53659345cce1,2
E:\压裂窜扰项目\02 规范化\阳101H33\阳101H33 邻井压力监测\阳101H33-3-10段压裂施工-4井压力监测.xlsx,阳101H33,阳101H33,233319,1784343776538209600,769d8c71856fbe3465559cb77965aef84b52b1076f2ce45614b10268f9192c25,1
E:\压裂窜扰项目\02 规范化\阳101H33\阳101H33 邻井压力监测\阳101H33-3-10段压裂施工-邻井压力监测.xlsx,阳101H33,阳101H33,445168,1728477764000000000,4bafd4542ae83b9211acfbaeac726e995158cb24bdf2fd3866d676868fc6b0ab,1
E:\压裂窜扰项目\02 规范化\阳101H33\阳101H33 邻井压力监测\阳101H33-3-4段压裂施工-1井压力监测.xlsx,阳101H33,阳101H33,204926,1784343779562075000,fa669dd4ff874bebf8a136fbecc67f4200a0a011021a658faca6c50e2eee2c88,1
E:\压裂窜扰项目\02 规范化\阳101H33\阳101H33 邻井压力监测\阳101H33-3-4段压裂施工-2井压力监测.xlsx,阳101H33,阳101H33,207446,1784343780097319600,453ca479ce883c765fc3ec04f07cc5d1d3afc3b7b49edebaf14bb83b1da7633e,1
E:\压裂窜扰项目\02 规范化\阳101H33\阳101H33 邻井压力监测\阳101H33-3-4段压裂施工-4井压力监测.xlsx,阳101H33,阳101H33,205293,1784343780647737200,df7739644e74f0d568266b802db15a03eb905413700fce6f63974b998273543d,1
E:\压裂窜扰项目\02 规范化\阳101H33\阳101H33 邻井压力监测\阳101H33-3-4段压裂施工-邻井压力监测.xlsx,阳101H33,阳101H33,830275,1727002450000000000,0558c3a707529a01129477b3ef380afe4fa227d99268f59a9d01d354da16940c,2
E:\压裂窜扰项目\02 规范化\阳101H33\阳101H33 邻井压力监测\阳101H33-3-5段压裂施工-1井压力监测.xlsx,阳101H33,阳101H33,204135,1784343777079132100,2c446cb9bab5abecd4102c8ac3ce6a856ca131cae2bac63d626fd49de2fb8b1c,1
E:\压裂窜扰项目\02 规范化\阳101H33\阳101H33 邻井压力监测\阳101H33-3-5段压裂施工-2井压力监测.xlsx,阳101H33,阳101H33,207058,1784343777655867600,c87294f76549d0947dbe1b3ac8189a3fe623035d1222f4de13d4664bca0c88d4,1
E:\压裂窜扰项目\02 规范化\阳101H33\阳101H33 邻井压力监测\阳101H33-3-5段压裂施工-4井压力监测.xlsx,阳101H33,阳101H33,205662,1784343781411687900,416b96147683e99cf55c756facfddd058e9c84ce19865968dc9559de8e10e3db,1
E:\压裂窜扰项目\02 规范化\阳101H33\阳101H33 邻井压力监测\阳101H33-3-5段压裂施工-邻井压力监测.xlsx,阳101H33,阳101H33,831058,1727165766000000000,7f052142998d1d65042ccab937e988fc61cc109623c2d668841803a05e9f2de6,3
E:\压裂窜扰项目\02 规范化\阳101H33\阳101H33 邻井压力监测\阳101H33-3-6段压裂施工-4井压力监测.xlsx,阳101H33,阳101H33,189974,1784343781888632800,35929da7e8616ebcce01d4e891137a812f0c97ccca15741ad843cf458affd7eb,1
E:\压裂窜扰项目\02 规范化\阳101H33\阳101H33 邻井压力监测\阳101H33-3-7段压裂施工-2井压力监测.xlsx,阳101H33,阳101H33,156829,1784343778274413800,ae81076d5512833f471496467993e7085e033337afa19e787c0e14afe978fa9a,1
E:\压裂窜扰项目\02 规范化\阳101H33\阳101H33 邻井压力监测\阳101H33-3-7段压裂施工-4井压力监测.xlsx,阳101H33,阳101H33,158774,1784343778660126800,aab6229ba37513cc37c17c17e053e064acf232cdac1ef2e048411c31d4d77593,1
E:\压裂窜扰项目\02 规范化\阳101H33\阳101H33 邻井压力监测\阳101H33-3-7段压裂施工-邻井压力监测.xlsx,阳101H33,阳101H33,468677,1727839698000000000,67e247ff66ef02a7427923cd5bb13146998773683d45a01eb2cc45b752d455b3,1
E:\压裂窜扰项目\02 规范化\阳101H33\阳101H33 邻井压力监测\阳101H33-3-8段压裂施工-2井压力监测.xlsx,阳101H33,阳101H33,206121,1784343775122267000,3f9297eda8e6f95b8296790626b273a2547fb70ded556bd6ecd4e7713407fae5,1
E:\压裂窜扰项目\02 规范化\阳101H33\阳101H33 邻井压力监测\阳101H33-3-8段压裂施工-4井压力监测.xlsx,阳101H33,阳101H33,207739,1784343775702139500,9d5501bbf760ff7be65e8101e1ee5f586f84a7512e693a1c7d4cfaf491df9d92,1
E:\压裂窜扰项目\02 规范化\阳101H33\阳101H33 邻井压力监测\阳101H33-3-8段压裂施工-邻井压力监测.xlsx,阳101H33,阳101H33,632632,1728106990000000000,c78e2348a82589de265a56ead8841c4fdfa3554baca6765b6f18f271b028e5ec,2
E:\压裂窜扰项目\02 规范化\阳101H33\阳101H33 邻井压力监测\阳101H33-4-10段压裂施工-邻井压力监测.xlsx,阳101H33,阳101H33,338957,1729683958000000000,22eaf1ec66fedc2fb4ca4588a1b7d17dd455225f1398015e9a5492d7252a4240,1
E:\压裂窜扰项目\02 规范化\阳101H33\阳101H33 邻井压力监测\阳101H33-4-2段压裂施工-邻井压力监测.xlsx,阳101H33,阳101H33,384503,1727260254000000000,b87d1c415f93c85ad8f5b95a41078edca932d9f69bc22fc9582e6b8711756ec2,1
E:\压裂窜扰项目\02 规范化\阳101H33\阳101H33 邻井压力监测\阳101H33-4-3段压裂施工-3井压力监测.xlsx,阳101H33,阳101H33,180203,1784343785479030500,e9463a8637968f75ba07db2047c46b3b161761b27b5373dc0a78a97d95552fb0,1
E:\压裂窜扰项目\02 规范化\阳101H33\阳101H33 邻井压力监测\阳101H33-4-3段压裂施工-邻井压力监测.xlsx,阳101H33,阳101H33,326994,1727615692000000000,716da17959c77f2ea807057117f3d51d30c95e7c33dbfcde815580aec70f631d,1
E:\压裂窜扰项目\02 规范化\阳101H33\阳101H33 邻井压力监测\阳101H33-4-6段压裂施工-3井压力监测.xlsx,阳101H33,阳101H33,260422,1784343784049187900,09f4bf1740052c202008514c6f0e87bc01cf101a26715063a12e26a9b023fcd6,1
E:\压裂窜扰项目\02 规范化\阳101H33\阳101H33 邻井压力监测\阳101H33-4-6段压裂施工-邻井压力监测.xlsx,阳101H33,阳101H33,518122,1728287162000000000,40c710df036c87adc0db3433f6e6a7ac33ac1d4c1429ab3ff9f47384b83ec33f,1
E:\压裂窜扰项目\02 规范化\阳101H33\阳101H33 邻井压力监测\阳101H33-4-7段压裂施工-邻井压力监测.xlsx,阳101H33,阳101H33,509161,1728378512000000000,e3da0032dc4ea0905c1b6d1d9b988f107ed3ed6fd44f24211ddea494a0fc8c12,1
E:\压裂窜扰项目\02 规范化\阳101H33\阳101H33 邻井压力监测\阳101H33-4-8段压裂施工-3井压力监测.xlsx,阳101H33,阳101H33,206122,1784343784596535500,7d154e8611109142613bd37df507fd6b7a1ed6606466f136a5f87ad59893ac42,1
E:\压裂窜扰项目\02 规范化\阳101H33\阳101H33 邻井压力监测\阳101H33-4-8段压裂施工-邻井压力监测.xlsx,阳101H33,阳101H33,413385,1728477764000000000,f1f8dbbe74fc744cc33d5b21e855a2901c99c4eabb32180ef09596b3e3b3c0c7,1
E:\压裂窜扰项目\02 规范化\阳101H33\阳101H33 邻井压力监测\阳101H33-4-9段压裂施工-邻井压力监测.xlsx,阳101H33,阳101H33,411045,1728555288000000000,22874ebc7f263e09eb77aff2f1c43b87cc62635465330b1a09dcb85f81bcebba,1
E:\压裂窜扰项目\02 规范化\阳101H33\阳101H33 邻井压力监测\阳101H33-matlab_H33-1.xlsx,阳101H33,阳101H33,260817,1744077192000000000,17a54a2fd667d92f45197a97bdfb49dec1dc161c2bb423fcb5677ae32040960f,1
E:\压裂窜扰项目\02 规范化\阳101H33\阳101H33 邻井压力监测\阳101H33-matlab_H33-2.xlsx,阳101H33,阳101H33,1456701,1744080242000000000,6db5d4def590ca9656c37be171b7ae291da879346d1f626a67931f7277521008,6
E:\压裂窜扰项目\02 规范化\阳101H33\阳101H33 邻井压力监测\阳101H33-matlab_H33-3.xlsx,阳101H33,阳101H33,2953558,1744081242000000000,37d2e46ff635500177805ba1b42e87d53bc0d75b6d5ec3061e09ea596ae65797,12
E:\压裂窜扰项目\02 规范化\阳101H33\阳101H33 邻井压力监测\阳101H33-matlab_H33-4.xlsx,阳101H33,阳101H33,818193,1744078756000000000,9b9aedebf265b372930c095877a4ff8636304768fe524a0d145f9dd3e63328bc,3
E:\压裂窜扰项目\02 规范化\阳101H34\阳101H34 邻井压力监测\阳101H34-1-13段压裂施工-2井秒点压力监测.xls,阳101H34,阳101H34,179894,1746672623210344300,85789af017b6d5bb7d014a7789ba47d3b012ceee82216bbd51cd06b324355112,1
E:\压裂窜扰项目\02 规范化\阳101H34\阳101H34 邻井压力监测\阳101H34-1-13段压裂施工-3井秒点压力监测.xls,阳101H34,阳101H34,176553,1746672622977008600,bc88b6b7d7b4b498cd21539e428cafdb1e86e1db3c1405c34bdc55e6062fa9e3,1
E:\压裂窜扰项目\02 规范化\阳101H34\阳101H34 邻井压力监测\阳101H34-1-14段压裂施工-2井秒点压力监测.xls,阳101H34,阳101H34,217279,1746846396389004600,90c065b944cfd35a574ca7a6df364d74ce68abb397f4750f63c29d503879ab5c,1
E:\压裂窜扰项目\02 规范化\阳101H34\阳101H34 邻井压力监测\阳101H34-1-14段压裂施工-3井秒点压力监测.xls,阳101H34,阳101H34,211724,1746846396174721000,df60f03c00ed1e087a0b7bb62d85633d3f352a8366229db80696f5cdc2174f80,1
E:\压裂窜扰项目\02 规范化\阳101H34\阳101H34 邻井压力监测\阳101H34-1-16段压裂施工-2井秒点压力监测.xls,阳101H34,阳101H34,171093,1747207878659836100,3bff5ae754ce418a0ad7e8cbcc868c562890680fb23fe54adcfe9679b02c369a,1
E:\压裂窜扰项目\02 规范化\阳101H34\阳101H34 邻井压力监测\阳101H34-1-17段压裂施工-2井秒点压力监测.xls,阳101H34,阳101H34,164949,1747360172914915200,ed281d887c005d5a4656980322fce7fa4fd53e005bf70a0bfaf9787bd1708bd7,1
E:\压裂窜扰项目\02 规范化\阳101H34\阳101H34 邻井压力监测\阳101H34-1-8段压裂施工-2井秒点压力监测.xls,阳101H34,阳101H34,207300,1745573975926627200,fee5bb0056f62ba8f8e933a2ea0f4dd6f3cf38ca96311c51653495843397d85d,1
E:\压裂窜扰项目\02 规范化\阳101H34\阳101H34 邻井压力监测\阳101H34-2-10段压裂施工-1井秒点压力监测.xls,阳101H34,阳101H34,199599,1746175129078042300,d2b93a71feba97425699f343ee70ccd337105d4c07f8eb45aa1343001b2fb20d,1
E:\压裂窜扰项目\02 规范化\阳101H34\阳101H34 邻井压力监测\阳101H34-2-10段压裂施工-3井秒点压力监测.xls,阳101H34,阳101H34,199089,1746175129204555800,dafa50fa0ce6e226514a00fb0b7e242d59395a7553da52cf9b2c3cd07c64a00d,1
E:\压裂窜扰项目\02 规范化\阳101H34\阳101H34 邻井压力监测\阳101H34-2-10段压裂施工-4井秒点压力监测.xls,阳101H34,阳101H34,193816,1746175129273882600,b314c9c99251f4a5e908dc85ab0496b6c457ebe967509dca4f832362544ba9ce,1
E:\压裂窜扰项目\02 规范化\阳101H34\阳101H34 邻井压力监测\阳101H34-2-12段压裂施工-1井秒点压力监测.xls,阳101H34,阳101H34,173829,1746501368434149500,28f360c34e0f4586d53fef650cd39571bed1a376bd26ff264b5fb83fe8d7a69a,1
E:\压裂窜扰项目\02 规范化\阳101H34\阳101H34 邻井压力监测\阳101H34-2-12段压裂施工-3井秒点压力监测.xls,阳101H34,阳101H34,171838,1746501368144893100,475513f55174976cdd5b1d1228e4afda292518cea2ff9227582efe103c1e5611,1
E:\压裂窜扰项目\02 规范化\阳101H34\阳101H34 邻井压力监测\阳101H34-2-13段压裂施工-1井秒点压力监测.xls,阳101H34,阳101H34,188545,1746779259286878600,5e71e1286d53e3646cf85801497765372003baf9820676894741484b3442fe4a,1
E:\压裂窜扰项目\02 规范化\阳101H34\阳101H34 邻井压力监测\阳101H34-2-16段压裂施工-1井秒点压力监测.xls,阳101H34,阳101H34,157102,1747273399745424400,3b878500c71bdcbb8e8226315ce617e0903ef6ced010c01ec8c4d4fceb00950b,1
E:\压裂窜扰项目\02 规范化\阳101H34\阳101H34 邻井压力监测\阳101H34-2-16段压裂施工-3井秒点压力监测.xls,阳101H34,阳101H34,157064,1747273400088470400,a589617a248af04b61eeebb2bd2310e7db6cbcd886d8ab8397a1d34818213245,1
E:\压裂窜扰项目\02 规范化\阳101H34\阳101H34 邻井压力监测\阳101H34-2-17段压裂施工-3井秒点压力监测.xls,阳101H34,阳101H34,194404,1747375467475987900,928efc843b6a8779919d9b3650d6c0ba8cd074e5a7be2ec9c1bbf03488260c33,1
E:\压裂窜扰项目\02 规范化\阳101H34\阳101H34 邻井压力监测\阳101H34-2-17段压裂施工-4井秒点压力监测.xls,阳101H34,阳101H34,185339,1747375467498909900,4ab34368ab1c810e8513586dcf77e087470b6651e4997c48fd36912926f42e76,1
E:\压裂窜扰项目\02 规范化\阳101H34\阳101H34 邻井压力监测\阳101H34-2-18段压裂施工-1井秒点压力监测.xls,阳101H34,阳101H34,181475,1747554429357774800,7fe8397d2bc21a91ca8094fb5c554ab94169b0ee5035d93812eee9d633f1111e,1
E:\压裂窜扰项目\02 规范化\阳101H34\阳101H34 邻井压力监测\阳101H34-2-18段压裂施工-3井秒点压力监测.xls,阳101H34,阳101H34,181828,1747554429348804600,cc0f628c05cd71c4efa1a20702ebf716cc91191347cb7d68cee218394293aebf,1
E:\压裂窜扰项目\02 规范化\阳101H34\阳101H34 邻井压力监测\阳101H34-2-18段压裂施工-4井秒点压力监测.xls,阳101H34,阳101H34,176387,1747554429249804100,2907477da6259004323e5b12814da0e92ca4354ead417357b60e4115f504a38a,1
E:\压裂窜扰项目\02 规范化\阳101H34\阳101H34 邻井压力监测\阳101H34-2-20段压裂施工-1井秒点压力监测.xls,阳101H34,阳101H34,268510,1750737980097709100,69d54ec1d774787be6cbe724d21e8de00a71c0498f8f67082f136364fc60ebac,1
E:\压裂窜扰项目\02 规范化\阳101H34\阳101H34 邻井压力监测\阳101H34-2-20段压裂施工-3井秒点压力监测.xls,阳101H34,阳101H34,278451,1750737980312269700,911016d904d8c82960808ea77d06cb008de54254eb6eaa3a5133e6a992d6dd2a,1
E:\压裂窜扰项目\02 规范化\阳101H34\阳101H34 邻井压力监测\阳101H34-2-21段压裂施工-1井秒点压力监测.xls,阳101H34,阳101H34,101147,1750829069424986300,e707935f6b06de73ae89a62c2df7b393b630609e0fee60da5b479f6bf2197b4e,1
E:\压裂窜扰项目\02 规范化\阳101H34\阳101H34 邻井压力监测\阳101H34-2-21段压裂施工-3井秒点压力监测.xls,阳101H34,阳101H34,101879,1750829069426985100,6716cbab03c2714feb18251cfc3c836eed4c73b3b979e7ff44bf191597adbf09,1
E:\压裂窜扰项目\02 规范化\阳101H34\阳101H34 邻井压力监测\阳101H34-2-22段压裂施工-1井秒点压力监测.xls,阳101H34,阳101H34,199894,1751008891217268400,2606c632b58075cfd6e77238b3bf16f258e3269b381a7eaf1fd2cca8f1900d3d,1
E:\压裂窜扰项目\02 规范化\阳101H34\阳101H34 邻井压力监测\阳101H34-2-22段压裂施工-3井秒点压力监测.xls,阳101H34,阳101H34,198771,1751008891364265600,3ff85840ff2964ff97d38749bf6d357ce06914e2c2e3b575d2345e78463f8dae,1
E:\压裂窜扰项目\02 规范化\阳101H34\阳101H34 邻井压力监测\阳101H34-2-23段压裂施工-1井秒点压力监测.xls,阳101H34,阳101H34,180471,1751088345062061000,e890b2b47238b70c634c7786874e50da7d55aa6607f9d7178282107e9a18e948,1
E:\压裂窜扰项目\02 规范化\阳101H34\阳101H34 邻井压力监测\阳101H34-2-23段压裂施工-3井秒点压力监测.xls,阳101H34,阳101H34,179530,1751088345233884700,c51e37cf2c9c490902dd14fd11d9e97c12e54d988541550c7674e2b46ccbaa4d,1
E:\压裂窜扰项目\02 规范化\阳101H34\阳101H34 邻井压力监测\阳101H34-2-4段压裂施工-3井秒点压力监测.xlsx,阳101H34,阳101H34,279225,1744005667793044500,5d9aff7d1f4c47a0660bd9e60577025a68c0afa7442faed88566eae694ff1c6d,1
E:\压裂窜扰项目\02 规范化\阳101H34\阳101H34 邻井压力监测\阳101H34-2-4段压裂施工-4井秒点压力监测.xlsx,阳101H34,阳101H34,269352,1744005667782077900,ffa17f078991aad4db0527023507ac5c930aada7a7f544d8aadfc9ad30b25f66,1
E:\压裂窜扰项目\02 规范化\阳101H34\阳101H34 邻井压力监测\阳101H34-2-5段压裂施工-3井秒点压力监测.xls,阳101H34,阳101H34,199733,1744517680053308000,4fbc0c2847c23043da6822240ab89f111b46f3be0a8ea3363fc18f0b9fc0cf12,1
E:\压裂窜扰项目\02 规范化\阳101H34\阳101H34 邻井压力监测\阳101H34-2-7段压裂施工-3井秒点压力监测.xls,阳101H34,阳101H34,203792,1745294640752906600,5cda2f8ffe4727df1c7aabaee7beb1b4724a306d84676376af6089c6f175fa94,1
E:\压裂窜扰项目\02 规范化\阳101H34\阳101H34 邻井压力监测\阳101H34-2-7段压裂施工-6井秒点压力监测.xls,阳101H34,阳101H34,207536,1745294640911163300,3f610dd7433ac35a490ed40773cc360cd32a18e264f1f69a781c0b113c6e74eb,1
E:\压裂窜扰项目\02 规范化\阳101H34\阳101H34 邻井压力监测\阳101H34-2-8段压裂施工-1井秒点压力监测.xls,阳101H34,阳101H34,180809,1745633147958060700,96c838b981b0cbb152962a9c0bdb2bd63a0862bad0cad84fbe705feff075a1d4,1
E:\压裂窜扰项目\02 规范化\阳101H34\阳101H34 邻井压力监测\阳101H34-2-8段压裂施工-3井秒点压力监测.xls,阳101H34,阳101H34,181670,1745633147981896300,941d981e9c4e34b45b92e0c19f67c7dacffd1f6cb5e601b97c1d769bd3fb753e,1
E:\压裂窜扰项目\02 规范化\阳101H34\阳101H34 邻井压力监测\阳101H34-2-8段压裂施工-4井秒点压力监测.xls,阳101H34,阳101H34,178168,1745633147792671900,124987e5d9b5ee13c3c5508fc4f6393440c176c8ad7dc20195df814404a78424,1
E:\压裂窜扰项目\02 规范化\阳101H34\阳101H34 邻井压力监测\阳101H34-2-9段压裂施工-1井秒点压力监测.xls,阳101H34,阳101H34,191154,1745809686603273600,a09e4d676d69c475cac56610f21984ee19486f6f9c5867f113716f9e6e446897,1
E:\压裂窜扰项目\02 规范化\阳101H34\阳101H34 邻井压力监测\阳101H34-2-9段压裂施工-3井秒点压力监测.xls,阳101H34,阳101H34,189794,1745809689686479500,0185424f8011942253295bf5f9048852e86bde23e77866b893409317f2b4eda2,1
E:\压裂窜扰项目\02 规范化\阳101H34\阳101H34 邻井压力监测\阳101H34-2-9段压裂施工-4井秒点压力监测.xls,阳101H34,阳101H34,187498,1745809686603273600,c6bb8452041b8fa311aff3459068743a94807c11ac5d250e7f02cc21a4ab3772,1
E:\压裂窜扰项目\02 规范化\阳101H34\阳101H34 邻井压力监测\阳101H34-3-10段压裂施工-1井秒点压力监测.xls,阳101H34,阳101H34,196589,1746240434769722700,338aa61312f1dcbed656382c80b0a3c630efedc46d43e10e8346e39f62b341b2,1
E:\压裂窜扰项目\02 规范化\阳101H34\阳101H34 邻井压力监测\阳101H34-3-10段压裂施工-2井秒点压力监测.xls,阳101H34,阳101H34,201465,1746240434909781100,c9655fdf2f23a23e9dc09edef10e7aca174a1329f1a75b316da2945ec2b969c6,1
E:\压裂窜扰项目\02 规范化\阳101H34\阳101H34 邻井压力监测\阳101H34-3-10段压裂施工-4井秒点压力监测.xls,阳101H34,阳101H34,195276,1746240434996491500,266876e522b281c7012f4e713417feab8b4e569b84ca0f400b169e8634638d9d,1
E:\压裂窜扰项目\02 规范化\阳101H34\阳101H34 邻井压力监测\阳101H34-3-13段压裂施工-4井秒点压力监测.xls,阳101H34,阳101H34,184698,1746943039947579900,b053b7d6b3a4b1bfd47b064df4a7f807a7efe1b0efcc617f02d1b25dabd4bfc6,1
E:\压裂窜扰项目\02 规范化\阳101H34\阳101H34 邻井压力监测\阳101H34-3-14段压裂施工-4井秒点压力监测.xls,阳101H34,阳101H34,261300,1747018912095247100,41713e2110d1b987203cd6085c69febdf9f2755eaf58c9d3913151e100c2697d,1
E:\压裂窜扰项目\02 规范化\阳101H34\阳101H34 邻井压力监测\阳101H34-3-15段压裂施工-4井秒点压力监测.xls,阳101H34,阳101H34,179977,1747116435871574000,852be452abafd28283d72b5fc0a032d001070564fafa877158cee90b202a9e82,1
E:\压裂窜扰项目\02 规范化\阳101H34\阳101H34 邻井压力监测\阳101H34-3-16段压裂施工-4井秒点压力监测.xls,阳101H34,阳101H34,246346,1747192975644390400,75537147307906d3596bcd2c954b61835694dba45420f5bb607bac08260a0afb,1
E:\压裂窜扰项目\02 规范化\阳101H34\阳101H34 邻井压力监测\阳101H34-3-17段压裂施工-2井秒点压力监测.xls,阳101H34,阳101H34,162803,1747291196237329400,d32ea7cdf12b1102d3aeff760b70429846e0ac50175f664d025891941896c074,1
E:\压裂窜扰项目\02 规范化\阳101H34\阳101H34 邻井压力监测\阳101H34-3-17段压裂施工-4井秒点压力监测.xls,阳101H34,阳101H34,159440,1747291196042134700,6f7b4acf72f8219fa3fd2c34b81d28be5b252bfb6d24aff3984cfcac4eb689c1,1
E:\压裂窜扰项目\02 规范化\阳101H34\阳101H34 邻井压力监测\阳101H34-3-18段压裂施工-2井秒点压力监测.xls,阳101H34,阳101H34,257298,1747455864767842300,0f94f5993e7d5410e5153a54ebaa4fe4927ac2eb5a39879d614a6809144d7405,1
E:\压裂窜扰项目\02 规范化\阳101H34\阳101H34 邻井压力监测\阳101H34-3-18段压裂施工-4井秒点压力监测.xls,阳101H34,阳101H34,243754,1747455865104245500,eb9c3221014c3e9c0de6d80bd0bbced92777a4616eb540ba2cd35c6846a9c70f,1
E:\压裂窜扰项目\02 规范化\阳101H34\阳101H34 邻井压力监测\阳101H34-3-19段压裂施工-2井秒点压力监测.xls,阳101H34,阳101H34,314029,1750490075536174600,2e3a65cf37b7e7c170285272d921b17fae9df713411628375b856090c7170706,1
E:\压裂窜扰项目\02 规范化\阳101H34\阳101H34 邻井压力监测\阳101H34-3-19段压裂施工-4井秒点压力监测.xls,阳101H34,阳101H34,295646,1750490075507175400,ef16a6b7bb6a44c2100b0d450211e39a29326779a27e8b9ec76926c7baf141bd,1
E:\压裂窜扰项目\02 规范化\阳101H34\阳101H34 邻井压力监测\阳101H34-3-20段压裂施工-2、4井秒点压力监测.xls,阳101H34,阳101H34,224378,1750569354702837000,0e4f538c12814c895e7cd5dca7d48f1fb6a2f1936ba12654ae3696e1828e5221,2
E:\压裂窜扰项目\02 规范化\阳101H34\阳101H34 邻井压力监测\阳101H34-3-21段压裂施工-2井秒点压力监测.xls,阳101H34,阳101H34,226245,1750664454063568400,9c8b416cc723a95a4293082f08d998439eef928e0bfca394c5f7c50e5824b52b,1
E:\压裂窜扰项目\02 规范化\阳101H34\阳101H34 邻井压力监测\阳101H34-3-21段压裂施工-4井秒点压力监测.xls,阳101H34,阳101H34,215712,1750664453592015100,b76c3f50221aaa0d122a3e09f2503c8fe1cd158a5cfaa5e8a87c14c02741fcc0,1
E:\压裂窜扰项目\02 规范化\阳101H34\阳101H34 邻井压力监测\阳101H34-3-22段压裂施工-2井秒点压力监测.xls,阳101H34,阳101H34,147550,1750819113221451100,507ff6309a5b1a68a542294e95729fc16d30773d2096f9c810bf4969ddd96405,1
E:\压裂窜扰项目\02 规范化\阳101H34\阳101H34 邻井压力监测\阳101H34-3-22段压裂施工-4井秒点压力监测.xls,阳101H34,阳101H34,140466,1750819113008721100,d4f7e0bde669a30d8c4497edd64fa9de95e5e6a689adff5500523655b99f449c,1
E:\压裂窜扰项目\02 规范化\阳101H34\阳101H34 邻井压力监测\阳101H34-3-23段压裂施工-2井秒点压力监测.xls,阳101H34,阳101H34,237259,1750917557906280600,55ef2de3ee21f773ba4177ea31d15bd2ecff0fa637bcdf0271b2d1b3c45fd47f,1
E:\压裂窜扰项目\02 规范化\阳101H34\阳101H34 邻井压力监测\阳101H34-3-23段压裂施工-4井秒点压力监测.xls,阳101H34,阳101H34,229054,1750917556865446600,a9c1157d4c6a5eaf88be54d21019e98a5235b154ba292515399b50432ca3847e,1
E:\压裂窜扰项目\02 规范化\阳101H34\阳101H34 邻井压力监测\阳101H34-3-25段压裂施工-2、4井秒点压力监测.xlsx,阳101H34,阳101H34,146093,1751163157707006400,5e833a118b06c2f5a6c4e8d1b85c8730119a45085178058cb75aaa776db02a05,2
E:\压裂窜扰项目\02 规范化\阳101H34\阳101H34 邻井压力监测\阳101H34-3-2段压裂施工-2井秒点压力监测.xls,阳101H34,阳101H34,327959,1744199089918117800,b208dc618b0ffe7a8dba94b7d243a43952c69443de91ee3c35d06f2ccff27304,1
E:\压裂窜扰项目\02 规范化\阳101H34\阳101H34 邻井压力监测\阳101H34-3-3段压裂施工-2井秒点压力监测.xls,阳101H34,阳101H34,264831,1744451588346750200,8d029f45506624ac814cfde25717ccd68bd80d83f89e16766304f1779ce35062,1
E:\压裂窜扰项目\02 规范化\阳101H34\阳101H34 邻井压力监测\阳101H34-3-3段压裂施工-4井秒点压力监测.xls,阳101H34,阳101H34,247848,1744451588310070800,d2aa5e14118d401e77a00b06013edbdd5821649fac9b5a94f0db28529a416159,1
E:\压裂窜扰项目\02 规范化\阳101H34\阳101H34 邻井压力监测\阳101H34-3-4段压裂施工-2井秒点压力监测.xls,阳101H34,阳101H34,218743,1744617590274632800,ad0f5c8de073340393e1f14ae8d2ad69f7b2d2f77be275b5dd467565a9979d94,1
E:\压裂窜扰项目\02 规范化\阳101H34\阳101H34 邻井压力监测\阳101H34-3-4段压裂施工-4井秒点压力监测.xls,阳101H34,阳101H34,206641,1744617590117545100,2447610157b9ee3359af157f292a226af88caf8ee45d56067763eb1407b4f8ee,1
E:\压裂窜扰项目\02 规范化\阳101H34\阳101H34 邻井压力监测\阳101H34-3-5段压裂施工-4井秒点压力监测.xls,阳101H34,阳101H34,229880,1744869869676169300,7d27c44d82d48fc9103a7d6a0b97b3265c72b321f0505d16c415260f2d8951fd,1
E:\压裂窜扰项目\02 规范化\阳101H34\阳101H34 邻井压力监测\阳101H34-3-6段压裂施工-2井秒点压力监测.xls,阳101H34,阳101H34,214236,1745235462604699300,b656f27f6dab42ac9781f40e306a4fd040d33bb8c09a8aa2cf9e3d83247c7385,1
E:\压裂窜扰项目\02 规范化\阳101H34\阳101H34 邻井压力监测\阳101H34-3-7段压裂施工-2井秒点压力监测.xls,阳101H34,阳101H34,202192,1745376669817849000,a4b8cd62e82bb456a72aae3c942131690eac695f20eec657569d454a5b472996,1
E:\压裂窜扰项目\02 规范化\阳101H34\阳101H34 邻井压力监测\阳101H34-3-7段压裂施工-4井秒点压力监测.xls,阳101H34,阳101H34,226926,1745376669821441000,4b55f4f91cddcd45393f1a109d813a13e4ce1e84bbaadeacbf8229455dcef65a,1
E:\压裂窜扰项目\02 规范化\阳101H34\阳101H34 邻井压力监测\阳101H34-3-8段压裂施工-1井秒点压力监测.xls,阳101H34,阳101H34,273372,1745735291857996800,ec734848daf3f71234a3f045bcc744ba00fd754cddbe5f1a7ea28571d10849c3,1
E:\压裂窜扰项目\02 规范化\阳101H34\阳101H34 邻井压力监测\阳101H34-3-8段压裂施工-2井秒点压力监测.xls,阳101H34,阳101H34,272692,1745735291864002800,c32b2b38d79a3a8a0db7d6ed3d845457d14ca3dbbfeafa66e8766b9ba69ac24d,1
E:\压裂窜扰项目\02 规范化\阳101H34\阳101H34 邻井压力监测\阳101H34-3-8段压裂施工-4井秒点压力监测.xls,阳101H34,阳101H34,269869,1745735291286128100,6a1b7c930a277a62673bb308e896ad0d0825c8e095a5f7f48545096e039578ce,1
E:\压裂窜扰项目\02 规范化\阳101H34\阳101H34 邻井压力监测\阳101H34-4-10段压裂施工-3井秒点压力监测.xls,阳101H34,阳101H34,163925,1746603879176186300,348df2a56166c9285484c0f41fbb3a08b0516674c34c8d6087cd0aab0300fc54,1
E:\压裂窜扰项目\02 规范化\阳101H34\阳101H34 邻井压力监测\阳101H34-4-11段压裂施工-3井秒点压力监测.xls,阳101H34,阳101H34,191262,1746765692290953400,99ac61d58f72662f87eb217ff630ef9c983250dfeaae57cef3299f42e5af8fd7,1
E:\压裂窜扰项目\02 规范化\阳101H34\阳101H34 邻井压力监测\阳101H34-4-12段压裂施工-2井秒点压力监测.xls,阳101H34,阳101H34,126947,1748175921021961600,23748b21b93310507c2630455eafadbe67fb29a66c3255cb2eb41d96df55080d,1
E:\压裂窜扰项目\02 规范化\阳101H34\阳101H34 邻井压力监测\阳101H34-4-12段压裂施工-3井秒点压力监测.xls,阳101H34,阳101H34,131895,1748175920953882400,726888ceb6df426c1f84dc44f26864a953c8feaaa6a5747049e12074bb7c4d76,1
E:\压裂窜扰项目\02 规范化\阳101H34\阳101H34 邻井压力监测\阳101H34-4-13段压裂施工-2、3井秒点压力监测.xls,阳101H34,阳101H34,438091,1748849644281132400,dbc80d00acff0a980e1bf3a7d4de955decbf9dcb557d2fac68199c5811bbd280,2
E:\压裂窜扰项目\02 规范化\阳101H34\阳101H34 邻井压力监测\阳101H34-4-14段压裂施工-2井秒点压力监测.xls,阳101H34,阳101H34,309905,1749625161612794500,110b4a58db7f42db90f1c25b741f08180b67f3475d0f9836648666a47f3e08b0,1
E:\压裂窜扰项目\02 规范化\阳101H34\阳101H34 邻井压力监测\阳101H34-4-14段压裂施工-3井秒点压力监测.xls,阳101H34,阳101H34,322826,1749625161800810100,6b2f83ad2d70b876a8426f474538d9211b32e05dc59111064bd88dcd5ea2b740,1
E:\压裂窜扰项目\02 规范化\阳101H34\阳101H34 邻井压力监测\阳101H34-4-15段压裂施工-2井秒点压力监测.xls,阳101H34,阳101H34,258576,1749716046579936900,7b3308a19c045393be6f26f5eb7b1944345889c98d084ce4e093ed38f085d7f0,1
E:\压裂窜扰项目\02 规范化\阳101H34\阳101H34 邻井压力监测\阳101H34-4-15段压裂施工-3井秒点压力监测.xls,阳101H34,阳101H34,268619,1749716046094330600,f5ddc8243c25f4d4076a7e1ff2a68c97f7cf6144db308e6f7d8e7e7b673725b9,1
E:\压裂窜扰项目\02 规范化\阳101H34\阳101H34 邻井压力监测\阳101H34-4-16段压裂施工-3井秒点压力监测.xls,阳101H34,阳101H34,243456,1749788140885140000,2ff28d9aecba8de57ef3053cc5008bdf0dd9b62ff90e2d2791cce89a30d21c2f,1
E:\压裂窜扰项目\02 规范化\阳101H34\阳101H34 邻井压力监测\阳101H34-4-18段压裂施工-3井秒点压力监测.xls,阳101H34,阳101H34,167586,1749954817364606500,b0563a0d4256ea0c20c37f489a44725284c4b0bc83a14e4100f945ad98328558,1
E:\压裂窜扰项目\02 规范化\阳101H34\阳101H34 邻井压力监测\阳101H34-4-22段压裂施工-3井秒点压力监测.xls,阳101H34,阳101H34,102282,1750992054755032100,ca2ee5c6f0429cec4708da00710eab63d36893cecfe3b51e30d26f540fde1972,1
E:\压裂窜扰项目\02 规范化\阳101H34\阳101H34 邻井压力监测\阳101H34-4-4段压裂施工-2井秒点压力监测.xls,阳101H34,阳101H34,230205,1744364292943564500,dedae36aa6e1f71d7dd2aca22cbc32c5959739ec5019795aa866a210fef940ff,1
E:\压裂窜扰项目\02 规范化\阳101H34\阳101H34 邻井压力监测\阳101H34-4-4段压裂施工-3井秒点压力监测.xls,阳101H34,阳101H34,231338,1744364292729951000,dfc951d1ca943567e7ef3e05fdc8983d5570706e6ac8f1c9f20231aea28304f0,1
E:\压裂窜扰项目\02 规范化\阳101H34\阳101H34 邻井压力监测\阳101H34-4-5段压裂施工-2井秒点压力监测.xls,阳101H34,阳101H34,203093,1744960502896556700,6f4f1350029b4d81afbb313f40366d21c759e1597d945f6dc6898ae27a51ecf7,1
E:\压裂窜扰项目\02 规范化\阳101H34\阳101H34 邻井压力监测\阳101H34-4-5段压裂施工-3井秒点压力监测.xls,阳101H34,阳101H34,206554,1744960502896556700,ba6bc202548d641356f48eab1c6f923287668079876fcfb030b6b983ccd0e7b8,1
E:\压裂窜扰项目\02 规范化\阳101H34\阳101H34 邻井压力监测\阳101H34-4-6段压裂施工-2井秒点压力监测.xls,阳101H34,阳101H34,284974,1745226458067699300,f84616aaf38cf30863375c1c9714ddd42c29d65404cf4b38592de66893947836,1
E:\压裂窜扰项目\02 规范化\阳101H34\阳101H34 邻井压力监测\阳101H34-4-6段压裂施工-3井秒点压力监测.xls,阳101H34,阳101H34,287399,1745226462248920500,8f79dd0e4ff150e53ab37063dde3f358d3cf3b58cea02781f90b65d1c4dc2c6e,1
E:\压裂窜扰项目\02 规范化\阳101H34\阳101H34 邻井压力监测\阳101H34-4-7段压裂施工-2井秒点压力监测.xls,阳101H34,阳101H34,197946,1745548884737883700,696387193a0f69b020431de701b789c05728179cc62992425c9eda7a43de1ca5,1
E:\压裂窜扰项目\02 规范化\阳101H34\阳101H34 邻井压力监测\阳101H34-4-7段压裂施工-3井秒点压力监测.xls,阳101H34,阳101H34,199215,1745548884737883700,02c9c718749eb096bc7dc13095a29edc35a907d4e4b894af610efbbf03037679,1
E:\压裂窜扰项目\02 规范化\阳101H34\阳101H34 邻井压力监测\阳101H34-4-8段压裂施工-3井秒点压力监测.xls,阳101H34,阳101H34,162022,1745913174446932100,266b60e7abeadf26c349e1fd6695e268260b3ea94d2b26557f98dd2262c5e78b,1
E:\压裂窜扰项目\02 规范化\阳101H34\阳101H34 邻井压力监测\阳101H34-5-5段压裂施工-6井秒点压力监测.xls,阳101H34,阳101H34,279689,1744099517738069700,3503c79e198e1bf7190f070560535f60d116dc2e306a30cb7799fa9a32e0458b,1
E:\压裂窜扰项目\02 规范化\阳101H34\阳101H34 邻井压力监测\阳101H34-5-6段压裂施工-6井秒点压力监测.xls,阳101H34,阳101H34,194652,1744179645640175800,dc4fe8fe0fe20199b3e1e20ffd15fcda98b09a314a1303e5b1c97ff23a6daffe,1
E:\压裂窜扰项目\02 规范化\阳101H34\阳101H34 邻井压力监测\阳101H34-5-9段压裂施工-6井秒点压力监测.xls,阳101H34,阳101H34,205117,1747534686087421100,409d8c161cd7471f17e168b4dd98499151f25d5370d953dd2fb2ea65df815cad,1
E:\压裂窜扰项目\02 规范化\阳101H34\阳101H34 邻井压力监测\阳101H34-6-10段压裂施工-5井秒点压力监测.xls,阳101H34,阳101H34,160437,1748502190792556100,cdc5ffb7e1dd591aac77b4b470b62bd8298e49633073427b3a18592130e0745a,1
E:\压裂窜扰项目\02 规范化\阳101H34\阳101H34 邻井压力监测\阳101H34-6-2段压裂施工-5井秒点压力监测.xlsx,阳101H34,阳101H34,212826,1743662420565421600,8f8f80b97653fe1977930df86fec45df220bbaee72912e5b0528884d70e06e56,1
E:\压裂窜扰项目\02 规范化\阳101H34\阳101H34 邻井压力监测\阳101H34-6-4段压裂施工-5井秒点压力监测.xls,阳101H34,阳101H34,244598,1745479707080711700,ca6feba6058faf01116323f2c1a8ff637df31339103846f519c200020aa37c5f,1
E:\压裂窜扰项目\02 规范化\阳101H34\阳101H34 邻井压力监测\阳101H34-6-5段压裂施工-5井秒点压力监测.xls,阳101H34,阳101H34,163034,1746687194257192500,3fef7c051c66dbb4a3d0433b2ccbd6fad6ba6904425599cef3ee285473ad0b0b,1
E:\压裂窜扰项目\02 规范化\阳101H34\阳101H34 邻井压力监测\阳101H34-6-6段压裂施工-5井秒点压力监测.xls,阳101H34,阳101H34,197168,1747634498099087400,cf3df272bf4d37e8ccdd48f3419f2e403545b8db5f019ee2fcb155ececeecddf,1
E:\压裂窜扰项目\02 规范化\阳101H34\阳101H34 邻井压力监测\阳101H34-6-8段压裂施工-5井秒点压力监测.xls,阳101H34,阳101H34,225161,1748007309190926000,d96f006296d45efe5af30ca9dbbb0e42924290a8f8b4de3a4d901fc6e2679f5b,1
E:\压裂窜扰项目\02 规范化\阳101H34\阳101H34 邻井压力监测\阳101H34-6-9段压裂施工-5井秒点压力监测.xls,阳101H34,阳101H34,223057,1748259962655681600,536451b8d6d7619f40d8e47dc4a7be9d61ae2806b0a4253023936249b8fc7afb,1
E:\压裂窜扰项目\02 规范化\阳101H34\阳101H34 邻井压力监测\阳101H34_2井首段压裂过程3井压力上涨秒点.xlsx,阳101H34,阳101H34,216164,1743680290652072700,7aca1ff6ce2e164186728bba114c7e5ced6a1a5779c08bf0ed24719d00f9cbcf,1
E:\压裂窜扰项目\02 规范化\阳101H35\阳101H35 邻井压力监测\1井压裂期间邻井压力检测_1井第10段 压裂质量数量监控表（邻井压力、井口、砂量）.xlsx,阳101H35,阳101H35,24869,1716863236000000000,683e32ee0e7fb84edfa6606ff71c8928d7a3dc47fa2dd606d06dd58930b46983,3
E:\压裂窜扰项目\02 规范化\阳101H35\阳101H35 邻井压力监测\1井压裂期间邻井压力检测_1井第11段 压裂质量数量监控表（邻井压力、井口、砂量）.xlsx,阳101H35,阳101H35,25191,1716950824000000000,1b66e1d8ab6a23fce768636893da9a2b006e9251c5670d4cb23864eb20e0b37b,3
E:\压裂窜扰项目\02 规范化\阳101H35\阳101H35 邻井压力监测\1井压裂期间邻井压力检测_1井第12段 压裂质量数量监控表（邻井压力、井口、砂量）.xlsx,阳101H35,阳101H35,24608,1717038134000000000,98d19f0e1a36f96cfa2af2d8db2257b2f07c61656775a0879083f385cfa61687,3
E:\压裂窜扰项目\02 规范化\阳101H35\阳101H35 邻井压力监测\1井压裂期间邻井压力检测_1井第13段 压裂质量数量监控表（邻井压力、井口、砂量） .xlsx,阳101H35,阳101H35,24706,1718790872000000000,3f039a5e0cae4081d40f47b4ee0316245e5407f10d2770e41330a88efe10a743,3
E:\压裂窜扰项目\02 规范化\阳101H35\阳101H35 邻井压力监测\1井压裂期间邻井压力检测_1井第14段 压裂质量数量监控表（邻井压力、井口、砂量）  .xlsx,阳101H35,阳101H35,25272,1718850534000000000,3d22ecfb0ded6591eeaae9d715ce51057e9ac06f05bc12675bdca12d0c1a91ce,3
E:\压裂窜扰项目\02 规范化\阳101H35\阳101H35 邻井压力监测\1井压裂期间邻井压力检测_1井第15段 压裂质量数量监控表（邻井压力、井口、砂量）.xlsx,阳101H35,阳101H35,26159,1718951028000000000,a5353f232787cec4639f881580bf9ba54927c103f6af22e31d91484f2772d971,3
E:\压裂窜扰项目\02 规范化\阳101H35\阳101H35 邻井压力监测\1井压裂期间邻井压力检测_1井第16段 压裂质量数量监控表（邻井压力、井口、砂量）.xlsx,阳101H35,阳101H35,25632,1719021964000000000,e06d54524cb5be9bae0d021b2e148f51b4bea9e314144acfcf55d44a8dc47aa8,3
E:\压裂窜扰项目\02 规范化\阳101H35\阳101H35 邻井压力监测\1井压裂期间邻井压力检测_1井第17段 压裂质量数量监控表（邻井压力、井口、砂量）.xlsx,阳101H35,阳101H35,25793,1719136864000000000,7b4ec5710aaf90fab48eb0784ffa33e3ceb0e234fbdea36ae606bd8697ff7187,3
E:\压裂窜扰项目\02 规范化\阳101H35\阳101H35 邻井压力监测\1井压裂期间邻井压力检测_1井第18段 压裂质量数量监控表（邻井压力、井口、砂量）.xlsx,阳101H35,阳101H35,25650,1719194192000000000,e59468aa91224e98f6d37b38f03fc8e8e4f6511cf55d4add42053a0aeae75bc9,3
E:\压裂窜扰项目\02 规范化\阳101H35\阳101H35 邻井压力监测\1井压裂期间邻井压力检测_1井第19段 压裂质量数量监控表（邻井压力、井口、砂量）.xlsx,阳101H35,阳101H35,26048,1719298204000000000,30519ce77e5eca49576c398c2ae505437f44ec1f458ea80577821133255d57e6,3
E:\压裂窜扰项目\02 规范化\阳101H35\阳101H35 邻井压力监测\1井压裂期间邻井压力检测_1井第1段 压裂质量数量监控表（邻井压力、井口、砂量）.xlsx,阳101H35,阳101H35,31480,1712979022000000000,fde3b17e150e2ea962b5816a279b927e3e119c1fa21bc604c45ba16703595f6d,3
E:\压裂窜扰项目\02 规范化\阳101H35\阳101H35 邻井压力监测\1井压裂期间邻井压力检测_1井第20段 压裂质量数量监控表（邻井压力、井口、砂量）.xlsx,阳101H35,阳101H35,25997,1719370638000000000,5a3673f3b7253299259761ca73137e39b5347a5a3917cfc04ab64934716b0462,3
E:\压裂窜扰项目\02 规范化\阳101H35\阳101H35 邻井压力监测\1井压裂期间邻井压力检测_1井第21段 压裂质量数量监控表（邻井压力、井口、砂量）.xlsx,阳101H35,阳101H35,32999,1719573288000000000,d3658d204a13c7c7ea4b6274f13ebc5217c6c71831d5f173336850e340ce1c71,4
E:\压裂窜扰项目\02 规范化\阳101H35\阳101H35 邻井压力监测\1井压裂期间邻井压力检测_1井第22段 压裂质量数量监控表（邻井压力、井口、砂量）.xlsx,阳101H35,阳101H35,33244,1719635438000000000,f90fbe5eebd8bf93712393803e49c4d42b46c443e41d2af26b59efba00989a02,6
E:\压裂窜扰项目\02 规范化\阳101H35\阳101H35 邻井压力监测\1井压裂期间邻井压力检测_1井第23段 压裂质量数量监控表（邻井压力、井口、砂量）.xlsx,阳101H35,阳101H35,33305,1720147242000000000,22d0300990bfe743acee452a04a83091f291fbe60f52268391ff68d0ef5eddfe,6
E:\压裂窜扰项目\02 规范化\阳101H35\阳101H35 邻井压力监测\1井压裂期间邻井压力检测_1井第2段 压裂质量数量监控表（邻井压力、井口、砂量）.xlsx,阳101H35,阳101H35,31463,1713333960000000000,5c4d4d154f7a0b5070a8b0d4fddf8a7062476efb34197eef8d268d50d2cabc66,3
E:\压裂窜扰项目\02 规范化\阳101H35\阳101H35 邻井压力监测\1井压裂期间邻井压力检测_1井第3段 压裂质量数量监控表（邻井压力、井口、砂量）.xlsx,阳101H35,阳101H35,31480,1713687848000000000,1a7e114a25c172cd7dd1e4d1b9ec16f2878f71455aa9aec908ce46985b63e98d,3
E:\压裂窜扰项目\02 规范化\阳101H35\阳101H35 邻井压力监测\1井压裂期间邻井压力检测_1井第4段 压裂质量数量监控表（邻井压力、井口、砂量）.xlsx,阳101H35,阳101H35,32163,1713945346000000000,c942230e3224d82da219dc2f0c3f88d765861bb22738c8d32df9704c0696a321,3
E:\压裂窜扰项目\02 规范化\阳101H35\阳101H35 邻井压力监测\1井压裂期间邻井压力检测_1井第5段 压裂质量数量监控表（邻井压力、井口、砂量）.xlsx,阳101H35,阳101H35,31336,1714120374000000000,6e5f5baf25c795578d5a95db50b7bd76390c286a2a931339720543e01b4f39f6,3
E:\压裂窜扰项目\02 规范化\阳101H35\阳101H35 邻井压力监测\1井压裂期间邻井压力检测_1井第6段 压裂质量数量监控表（邻井压力、井口、砂量）.xlsx,阳101H35,阳101H35,33225,1714269004000000000,5331cf26bd245ae7bfe0d20b561cace8f3fcc99c4bf7153a39f23bad7ee93c2a,3
E:\压裂窜扰项目\02 规范化\阳101H35\阳101H35 邻井压力监测\1井压裂期间邻井压力检测_1井第7段 压裂质量数量监控表（邻井压力、井口、砂量）.xlsx,阳101H35,阳101H35,31298,1714363888000000000,509b25bc2888c8a4e239a0184c153edfd5373424a68b12ec4829087cafde7ffb,3
E:\压裂窜扰项目\02 规范化\阳101H35\阳101H35 邻井压力监测\1井压裂期间邻井压力检测_1井第8段 压裂质量数量监控表（邻井压力、井口、砂量）.xlsx,阳101H35,阳101H35,27354,1716543002000000000,591cf59a062033675be68af9b2f293fb33d12f7dd28a828397b3004aa244726c,3
E:\压裂窜扰项目\02 规范化\阳101H35\阳101H35 邻井压力监测\1井压裂期间邻井压力检测_1井第9段 压裂质量数量监控表（邻井压力、井口、砂量）.xlsx,阳101H35,阳101H35,28054,1716700894000000000,6b10fd3f6a28c41b241c20c68f4ba77051b6576a21ab16cc602294c9ab558805,3
E:\压裂窜扰项目\02 规范化\阳101H35\阳101H35 邻井压力监测\2井压裂期间邻井压力检测_2井第10段 压裂质量数量监控表（邻井压力、井口、砂量） .xlsx,阳101H35,阳101H35,25463,1716358508000000000,05726c6efaf2fd675746cf43c6a7b339f278b1052970c13cdc5066d53c2d565b,3
E:\压裂窜扰项目\02 规范化\阳101H35\阳101H35 邻井压力监测\2井压裂期间邻井压力检测_2井第11段 压裂质量数量监控表（邻井压力、井口、砂量）.xlsx,阳101H35,阳101H35,25145,1716450706000000000,823607357876adbd164880d34444627f73bb0caa27f931f9d3cf7bb058474a3e,3
E:\压裂窜扰项目\02 规范化\阳101H35\阳101H35 邻井压力监测\2井压裂期间邻井压力检测_2井第12段 压裂质量数量监控表（邻井压力、井口、砂量）.xlsx,阳101H35,阳101H35,25920,1716976926000000000,2b33870a534322e7ebd100b0a6147110939bdf7c413ae3ffd1bed2ee35622793,3
E:\压裂窜扰项目\02 规范化\阳101H35\阳101H35 邻井压力监测\2井压裂期间邻井压力检测_2井第13段 压裂质量数量监控表（邻井压力、井口、砂量）.xlsx,阳101H35,阳101H35,24680,1717120732000000000,19f445cb8b243f8fc6a341515b3214cfa3a5c6bce64c61d6da97bc0237b2f463,3
E:\压裂窜扰项目\02 规范化\阳101H35\阳101H35 邻井压力监测\2井压裂期间邻井压力检测_2井第14段 压裂质量数量监控表（邻井压力、井口、砂量）.xlsx,阳101H35,阳101H35,24973,1717225380000000000,347a6e5c6f7d0aab890a952f73d6199652d54ddb6603981e851d5debbb7317bb,3
E:\压裂窜扰项目\02 规范化\阳101H35\阳101H35 邻井压力监测\2井压裂期间邻井压力检测_2井第15段 压裂质量数量监控表（邻井压力、井口、砂量）.xlsx,阳101H35,阳101H35,24606,1717296892000000000,d8a754d7b442415fbc4f5ce3a2aa56826757f4a9498b159937a8271568c0815b,3
E:\压裂窜扰项目\02 规范化\阳101H35\阳101H35 邻井压力监测\2井压裂期间邻井压力检测_2井第16段 压裂质量数量监控表（邻井压力、井口、砂量）.xlsx,阳101H35,阳101H35,25081,1717385964000000000,c76e4c3aa3b31b55e9eb29b3a16cf6843fb6a0a18ea53a4bc9067c0e4ceb9641,3
E:\压裂窜扰项目\02 规范化\阳101H35\阳101H35 邻井压力监测\2井压裂期间邻井压力检测_2井第17段 压裂质量数量监控表（邻井压力、井口、砂量）.xlsx,阳101H35,阳101H35,24996,1718511520000000000,84f3d1e2198f6f345ac6ef9c8a5f7038900ce2bde9ad7dc1c8526a0d7fa0e594,3
E:\压裂窜扰项目\02 规范化\阳101H35\阳101H35 邻井压力监测\2井压裂期间邻井压力检测_2井第18段 压裂质量数量监控表（邻井压力、井口、砂量）.xlsx,阳101H35,阳101H35,24902,1718590508000000000,a3fdfeffa4f1baef1bf3cf8b70c2935b0c53dfb788e54136f87fac2cc7f134cf,3
E:\压裂窜扰项目\02 规范化\阳101H35\阳101H35 邻井压力监测\2井压裂期间邻井压力检测_2井第19段 压裂质量数量监控表（邻井压力、井口、砂量） .xlsx,阳101H35,阳101H35,24770,1718673736000000000,fda7bf8e11b2a6d9e5ac2bbad2f9d60384f3be0e80a878c769ccc4a8e495b69e,3
E:\压裂窜扰项目\02 规范化\阳101H35\阳101H35 邻井压力监测\2井压裂期间邻井压力检测_2井第1段 压裂质量数量监控表（邻井压力、井口、砂量）.xlsx,阳101H35,阳101H35,25242,1718765974000000000,85786044d9ef3d02b2db944bc5648f6a58c7b89116edfc8972a7713728fcb6db,3
E:\压裂窜扰项目\02 规范化\阳101H35\阳101H35 邻井压力监测\2井压裂期间邻井压力检测_2井第20段 压裂质量数量监控表（邻井压力、井口、砂量）  .xlsx,阳101H35,阳101H35,24864,1718754840000000000,5d1d403c36694934e81961207cbbd0f3a4138d4f206e3e9036a64fc484f713d8,3
E:\压裂窜扰项目\02 规范化\阳101H35\阳101H35 邻井压力监测\2井压裂期间邻井压力检测_2井第21段 压裂质量数量监控表（邻井压力、井口、砂量）  .xlsx,阳101H35,阳101H35,24932,1718765990000000000,16fca90aec6595f321b1c8995379845eb63f157d822b093c7bafdce942866b5b,3
E:\压裂窜扰项目\02 规范化\阳101H35\阳101H35 邻井压力监测\2井压裂期间邻井压力检测_2井第2段 压裂质量数量监控表（邻井压力、井口、砂量）.xlsx,阳101H35,阳101H35,32114,1713426154000000000,d2655bd505b95b5793cf8faf8cac73cff2ce01b2dc93b79e6c9e2814dcb6bfcb,3
E:\压裂窜扰项目\02 规范化\阳101H35\阳101H35 邻井压力监测\2井压裂期间邻井压力检测_2井第3段 压裂质量数量监控表（邻井压力、井口、砂量）.xlsx,阳101H35,阳101H35,31435,1713778364000000000,3b4f24b6bc75a0b0d0a1f7b067accaaa70d06eb2146d9bb98c3e7b87949d9062,3
E:\压裂窜扰项目\02 规范化\阳101H35\阳101H35 邻井压力监测\2井压裂期间邻井压力检测_2井第4段 压裂质量数量监控表（邻井压力、井口、砂量）.xlsx,阳101H35,阳101H35,32332,1714024330000000000,5b44cd66dfe121406b04438f288a20a9daf9804cbd568ee6ba60a3d22e883947,3
E:\压裂窜扰项目\02 规范化\阳101H35\阳101H35 邻井压力监测\2井压裂期间邻井压力检测_2井第5段 压裂质量数量监控表（邻井压力、井口、砂量）.xlsx,阳101H35,阳101H35,32281,1715158526000000000,7e2778a2e8f9787c75c8edae0003da07cbb06be36afbb4dbb392c324c277c809,3
E:\压裂窜扰项目\02 规范化\阳101H35\阳101H35 邻井压力监测\2井压裂期间邻井压力检测_2井第6段 压裂质量数量监控表（邻井压力、井口、砂量）.xlsx,阳101H35,阳101H35,24637,1716005762000000000,96596a2ed1364e8e23839b50c273886f4b8e66c0d1214e7e937d1d69f2521cbc,3
E:\压裂窜扰项目\02 规范化\阳101H35\阳101H35 邻井压力监测\2井压裂期间邻井压力检测_2井第7段 压裂质量数量监控表（邻井压力、井口、砂量）.xlsx,阳101H35,阳101H35,24514,1716091718000000000,0032672f39120d94ff4537594aede4ffa303846b5814cacc4a484a6e2bd2d8b3,3
E:\压裂窜扰项目\02 规范化\阳101H35\阳101H35 邻井压力监测\2井压裂期间邻井压力检测_2井第8段 压裂质量数量监控表（邻井压力、井口、砂量）.xlsx,阳101H35,阳101H35,24098,1716201512000000000,bc8bf42c858b9113def9fb2a8a69752aacb98b590b4378375efab4844e5049f3,3
E:\压裂窜扰项目\02 规范化\阳101H35\阳101H35 邻井压力监测\2井压裂期间邻井压力检测_2井第9段 压裂质量数量监控表（邻井压力、井口、砂量） .xlsx,阳101H35,阳101H35,24221,1716256382000000000,541996a1dd5f5d8368aab8939c9dd1cf62ea8331bafc381b8222596a809e8b7a,3
E:\压裂窜扰项目\02 规范化\阳101H35\阳101H35 邻井压力监测\35平台压裂期间36平台压力分钟数据_(1)井_1#流程_分钟数据4月11日0点至4月21日0点.csv,阳101H35,阳101H35,1130242,1720162826000000000,960bbada2e8a67e04c277f1a718053b602d70bcb87716c74fd17abfb2dadc399,4
E:\压裂窜扰项目\02 规范化\阳101H35\阳101H35 邻井压力监测\35平台压裂期间36平台压力分钟数据_(1)井_1#流程_分钟数据4月21日0点至4月30日0点.csv,阳101H35,阳101H35,1476086,1720156624000000000,3c7e6ffd91e38bce28aad598d66d5738c1854bc7ef3e508d81d0450fadccbda4,4
E:\压裂窜扰项目\02 规范化\阳101H35\阳101H35 邻井压力监测\35平台压裂期间36平台压力分钟数据_(1)井_1#流程_分钟数据4月30日0点至5月19日0点.csv,阳101H35,阳101H35,3147203,1720161766000000000,0deb4194de9bfce0ff9b5ad1cd520c986ba9b40aca8e6e7806c539c365a9bc37,4
E:\压裂窜扰项目\02 规范化\阳101H35\阳101H35 邻井压力监测\35平台压裂期间36平台压力分钟数据_(1)井_1#流程_分钟数据5月19日0点至5月31日0点.csv,阳101H35,阳101H35,2013515,1720161830000000000,a9eecefcb3c6f4654264204976eb0fe0d5398e2cdf8aba5bda7261254866887a,4
E:\压裂窜扰项目\02 规范化\阳101H35\阳101H35 邻井压力监测\35平台压裂期间36平台压力分钟数据_(1)井_1#流程_分钟数据5月31日0点至6月19日0点.csv,阳101H35,阳101H35,3155648,1720162376000000000,5df84a3c2c93a4ae77402dc159456b6ac7b87ddc6a493019f9ef5fcef3f27495,4
E:\压裂窜扰项目\02 规范化\阳101H35\阳101H35 邻井压力监测\35平台压裂期间36平台压力分钟数据_(1)井_1#流程_分钟数据6月19日0点至7月05日14：53.csv,阳101H35,阳101H35,2767394,1720162458000000000,6e425361b5cbf1528b2c9aecfa25822c681d25c229eefd6e10ffdaf94f1b029a,4
E:\压裂窜扰项目\02 规范化\阳101H35\阳101H35 邻井压力监测\35平台压裂期间36平台压力分钟数据_(2)井_2#流程_分钟数据4月11日0点至4月30日0点.csv,阳101H35,阳101H35,3103654,1720156702000000000,d6593f06af3394ea51aa96de88b6f6f41613c93b326059e42630c4cca11b04af,4
E:\压裂窜扰项目\02 规范化\阳101H35\阳101H35 邻井压力监测\35平台压裂期间36平台压力分钟数据_(2)井_2#流程_分钟数据4月30日0点至5月19日0点.csv,阳101H35,阳101H35,3128332,1720161678000000000,f61d8da8adae5cc2168419e4484c1273ba6ab9d13ec32d0f2537d41bbc023bef,4
E:\压裂窜扰项目\02 规范化\阳101H35\阳101H35 邻井压力监测\35平台压裂期间36平台压力分钟数据_(2)井_2#流程_分钟数据5月19日0点至5月31日0点.csv,阳101H35,阳101H35,1976416,1720161858000000000,02be529ba7e1ca11915cc1951870371f86b675ac262102d13013ac1201539c67,4
E:\压裂窜扰项目\02 规范化\阳101H35\阳101H35 邻井压力监测\35平台压裂期间36平台压力分钟数据_(2)井_2#流程_分钟数据5月31日0点至6月19日0点.csv,阳101H35,阳101H35,3128249,1720162340000000000,9908f541b8cb1ff02ec7d5e918672da20ab833a887fde2363fb1b0a9585fdcbd,4
E:\压裂窜扰项目\02 规范化\阳101H35\阳101H35 邻井压力监测\35平台压裂期间36平台压力分钟数据_(2)井_2#流程_分钟数据6月19日0点至7月05日14：53.csv,阳101H35,阳101H35,2740047,1720162498000000000,fc45c5a00a030d1e0b14a91b549052a2f214a80eb5a9dad797896a0fdc0607f0,4
E:\压裂窜扰项目\02 规范化\阳101H35\阳101H35 邻井压力监测\35平台压裂期间36平台压力分钟数据_(3)井_3#流程_分钟数据4月11日0点至4月30日0点.csv,阳101H35,阳101H35,3024730,1720156814000000000,b0afbccb7a393c58e04c14b7471f31cd0b0e5f99b919c84b9d0f752b9798acf9,4
E:\压裂窜扰项目\02 规范化\阳101H35\阳101H35 邻井压力监测\35平台压裂期间36平台压力分钟数据_(3)井_3#流程_分钟数据4月30日0点至5月19日0点.csv,阳101H35,阳101H35,3045432,1720161626000000000,7563ee6f555eb85d55cebf25c0c10a8fecd791cea016e829b66559fbb88b7261,4
E:\压裂窜扰项目\02 规范化\阳101H35\阳101H35 邻井压力监测\35平台压裂期间36平台压力分钟数据_(3)井_3#流程_分钟数据5月19日0点至5月31日0点.csv,阳101H35,阳101H35,1936220,1720161896000000000,3123cf7c95adf0dd51dc27443ea7b1b1173ab2fb76df2d1402dfffbfd23d19b4,4
E:\压裂窜扰项目\02 规范化\阳101H35\阳101H35 邻井压力监测\35平台压裂期间36平台压力分钟数据_(3)井_3#流程_分钟数据5月31日0点至6月19日0点.csv,阳101H35,阳101H35,3061524,1720162304000000000,2ed6744de290c6ca749f8da021dc6083fac99485681ebf2ef06cd01167296e55,4
E:\压裂窜扰项目\02 规范化\阳101H35\阳101H35 邻井压力监测\35平台压裂期间36平台压力分钟数据_(3)井_3#流程_分钟数据6月19日0点至7月05日14：53.csv,阳101H35,阳101H35,2672086,1720162540000000000,75355ee42e4d88b11c62a259ece528c0fc85234d46ef698a2cbc899027fcb115,4
E:\压裂窜扰项目\02 规范化\阳101H35\阳101H35 邻井压力监测\35平台压裂期间36平台压力分钟数据_(4)井_4#流程_分钟数据4月11日0点至4月30日0点.csv,阳101H35,阳101H35,2982472,1720156854000000000,8a33427f948448a1cae92623d3c307cd09e2eb8c3d0ac3ae60b1c2cb09c47838,4
E:\压裂窜扰项目\02 规范化\阳101H35\阳101H35 邻井压力监测\35平台压裂期间36平台压力分钟数据_(4)井_4#流程_分钟数据4月30日0点至5月19日0点.csv,阳101H35,阳101H35,2991604,1720161560000000000,b60483be15ce11667f8d0871904a84405d8fec9c29c0ee31382842d2ebcdabff,4
E:\压裂窜扰项目\02 规范化\阳101H35\阳101H35 邻井压力监测\35平台压裂期间36平台压力分钟数据_(4)井_4#流程_分钟数据5月19日0点至5月31日0点.csv,阳101H35,阳101H35,1890083,1720161950000000000,37c1680ed8a43b8ad45e0ae93dd32d369dec9b8edbec9901969a8b0bf2aa2bc9,4
E:\压裂窜扰项目\02 规范化\阳101H35\阳101H35 邻井压力监测\35平台压裂期间36平台压力分钟数据_(4)井_4#流程_分钟数据5月31日0点至6月19日0点.csv,阳101H35,阳101H35,2992110,1720162270000000000,97df0692c3e7abd92db865470e0e0232894e1eebbc94f8d6fe7a9d1d53869d8d,4
E:\压裂窜扰项目\02 规范化\阳101H35\阳101H35 邻井压力监测\35平台压裂期间36平台压力分钟数据_(4)井_4#流程_分钟数据6月19日0点至7月05日14：53.csv,阳101H35,阳101H35,2624374,1720162592000000000,213acae8fc7db68f1dc39ce6817f50270c0db853411d3d0749c225e8df70c531,4
E:\压裂窜扰项目\02 规范化\阳101H35\阳101H35 邻井压力监测\35平台压裂期间36平台压力分钟数据_(5)井_5#流程_分钟数据4月11日0点至4月30日0点.csv,阳101H35,阳101H35,2993969,1720157234000000000,8f34cb9ef91dfdd77086cdd5e53cc73b15e91d244b7bd31c18e0bca01607035f,4
E:\压裂窜扰项目\02 规范化\阳101H35\阳101H35 邻井压力监测\35平台压裂期间36平台压力分钟数据_(5)井_5#流程_分钟数据4月30日0点至5月19日0点.csv,阳101H35,阳101H35,3021064,1720157632000000000,89272bafd67499c3b571a5fa2a1af178fe2bbb1354639c8bf76f358190c0907f,4
E:\压裂窜扰项目\02 规范化\阳101H35\阳101H35 邻井压力监测\35平台压裂期间36平台压力分钟数据_(5)井_5#流程_分钟数据5月19日0点至5月31日0点.csv,阳101H35,阳101H35,1908523,1720161998000000000,aec1e4624ff01a94a1aae2a5d5e8fd7ee8e24cfbd7c9aa805f8d55259c4284d6,4
E:\压裂窜扰项目\02 规范化\阳101H35\阳101H35 邻井压力监测\35平台压裂期间36平台压力分钟数据_(5)井_5#流程_分钟数据5月31日0点至6月19日0点.csv,阳101H35,阳101H35,3019636,1720162218000000000,a4ed9a91edb335c7c0d5824e684eb4eb7e5c894a2fe0d7af4211f1f6f198b214,4
E:\压裂窜扰项目\02 规范化\阳101H35\阳101H35 邻井压力监测\35平台压裂期间36平台压力分钟数据_(5)井_5#流程_分钟数据6月19日0点至7月05日14：53.csv,阳101H35,阳101H35,2648229,1720162638000000000,e86412b462e49edeed2f1c23378191789b29bfed314ea31e95d1e4e615bedd14,4
E:\压裂窜扰项目\02 规范化\阳101H35\阳101H35 邻井压力监测\35平台压裂期间36平台压力分钟数据_(6)井_6#流程_分钟数据4月11日0点至4月30日0点.csv,阳101H35,阳101H35,2997460,1720157278000000000,d9368392cf2dbb9869cf8c0ad9005b0f97e1338c68b8703088fa9be94c2c87f6,4
E:\压裂窜扰项目\02 规范化\阳101H35\阳101H35 邻井压力监测\35平台压裂期间36平台压力分钟数据_(6)井_6#流程_分钟数据4月30日0点至5月19日0点.csv,阳101H35,阳101H35,3021301,1720157542000000000,43f9843b54a2abc19ee93e33ec0fe205a6d010a554d6b806c7938f820f4ab6a4,4
E:\压裂窜扰项目\02 规范化\阳101H35\阳101H35 邻井压力监测\35平台压裂期间36平台压力分钟数据_(6)井_6#流程_分钟数据5月19日0点至5月31日0点.csv,阳101H35,阳101H35,1908523,1720162026000000000,fe1808ae64f946eeda599a6a9b8c79a9542df8a17431d7836a3ebdde6cba49a7,4
E:\压裂窜扰项目\02 规范化\阳101H35\阳101H35 邻井压力监测\35平台压裂期间36平台压力分钟数据_(6)井_6#流程_分钟数据5月31日0点至6月19日0点.csv,阳101H35,阳101H35,3019638,1720162182000000000,1cfdf80a8a3803199029abff683718634ca0c65a9a98c1ef32be14b187b86387,4
E:\压裂窜扰项目\02 规范化\阳101H35\阳101H35 邻井压力监测\35平台压裂期间36平台压力分钟数据_(6)井_6#流程_分钟数据6月19日0点至7月05日14：53.csv,阳101H35,阳101H35,2647881,1720162670000000000,4d5948adea970732ea9fc996d9fe560e5fe4fa0e32b08477e1f01791757bb236,4
E:\压裂窜扰项目\02 规范化\阳101H35\阳101H35 邻井压力监测\35平台压裂期间36平台压力分钟数据_(7)井_7#流程_分钟数据4月11日0点至4月30日0点.csv,阳101H35,阳101H35,2970965,1720157314000000000,4ba27271300c2cde3c10fdaef40264a6745fdc105fa7bf2b66d608926b07d9d5,4
E:\压裂窜扰项目\02 规范化\阳101H35\阳101H35 邻井压力监测\35平台压裂期间36平台压力分钟数据_(7)井_7#流程_分钟数据4月30日0点至5月19日0点.csv,阳101H35,阳101H35,2994084,1720157386000000000,8e26cd29f954677003c6dee2e5ff57f3b9337eed1802825536c13fc94d602c9b,4
E:\压裂窜扰项目\02 规范化\阳101H35\阳101H35 邻井压力监测\35平台压裂期间36平台压力分钟数据_(7)井_7#流程_分钟数据5月19日0点至5月31日0点.csv,阳101H35,阳101H35,1891332,1720162056000000000,2a34e09d536a471ed29400f551d62c68fed85f19b125dfe85d6bbeefc263d377,4
E:\压裂窜扰项目\02 规范化\阳101H35\阳101H35 邻井压力监测\35平台压裂期间36平台压力分钟数据_(7)井_7#流程_分钟数据5月31日0点至6月19日0点.csv,阳101H35,阳101H35,2992434,1720162126000000000,58175171ec2de282fe84a3b934f63ee6e4ac06efcc898243eb4cf97a097a9c8f,4
E:\压裂窜扰项目\02 规范化\阳101H35\阳101H35 邻井压力监测\35平台压裂期间36平台压力分钟数据_(7)井_7#流程_分钟数据6月19日0点至7月05日14：53.csv,阳101H35,阳101H35,2624367,1720162700000000000,1beecb65a26c9f89f1a1848524579e028c288ac01e01cf20f1ab6d122ab4af92,4
E:\压裂窜扰项目\02 规范化\阳101H35\阳101H35 邻井压力监测\3井压裂期间邻井压力检测_3井第10段 压裂质量数量监控表（邻井压力、井口、砂量）.xlsx,阳101H35,阳101H35,26864,1716720050000000000,1297cc83bfd5943c9c42d4fc3de53b61e37eb5ee5541f97fc60538fe2d306c25,3
E:\压裂窜扰项目\02 规范化\阳101H35\阳101H35 邻井压力监测\3井压裂期间邻井压力检测_3井第11段 压裂质量数量监控表（邻井压力、井口、砂量） .xlsx,阳101H35,阳101H35,26608,1716783258000000000,3dbab3e0415b4634c9f5d603f6266c31193307c7629a464d2e43bbef13c8758a,3
E:\压裂窜扰项目\02 规范化\阳101H35\阳101H35 邻井压力监测\3井压裂期间邻井压力检测_3井第12段 压裂质量数量监控表（邻井压力、井口、砂量） .xlsx,阳101H35,阳101H35,26857,1716879460000000000,7bc71898226979863d9cd1b6b0d9f1049a7abbb1f496213717f299e5c039a5a4,3
E:\压裂窜扰项目\02 规范化\阳101H35\阳101H35 邻井压力监测\3井压裂期间邻井压力检测_3井第13段 压裂质量数量监控表（邻井压力、井口、砂量） .xlsx,阳101H35,阳101H35,26656,1717059990000000000,b725162b64abee6ed846aa2a67a3ccdfd59355c4a50df671bc2e498a13122902,3
E:\压裂窜扰项目\02 规范化\阳101H35\阳101H35 邻井压力监测\3井压裂期间邻井压力检测_3井第14段 压裂质量数量监控表（邻井压力、井口、砂量） .xlsx,阳101H35,阳101H35,27472,1718875242000000000,9f97f60fa067900518615333145062494217137aac431deb79ee3e53ade17e2f,3
E:\压裂窜扰项目\02 规范化\阳101H35\阳101H35 邻井压力监测\3井压裂期间邻井压力检测_3井第15段 压裂质量数量监控表（邻井压力、井口、砂量）.xlsx,阳101H35,阳101H35,27388,1718967882000000000,dcb72a36d71f88b558f15ff92e5e7d771f75f852c09ebfc52363e0420716c2a1,3
E:\压裂窜扰项目\02 规范化\阳101H35\阳101H35 邻井压力监测\3井压裂期间邻井压力检测_3井第16段 压裂质量数量监控表（邻井压力、井口、砂量）.xlsx,阳101H35,阳101H35,27323,1719036590000000000,1bd088758410748a75999e0390700093b5c986e0bfd45bf34d4d7f64ca365c5d,3
E:\压裂窜扰项目\02 规范化\阳101H35\阳101H35 邻井压力监测\3井压裂期间邻井压力检测_3井第17段 压裂质量数量监控表（邻井压力、井口、砂量）.xlsx,阳101H35,阳101H35,27228,1719211250000000000,1e3a680710ef6f66d47f10637f9c85d831976c5985d58c7fcc3822a790891a76,3
E:\压裂窜扰项目\02 规范化\阳101H35\阳101H35 邻井压力监测\3井压裂期间邻井压力检测_3井第18段 压裂质量数量监控表（邻井压力、井口、砂量）.xlsx,阳101H35,阳101H35,31413,1719390564000000000,f810e9e236b7a96ecddd2cdcaf2d68741d844685017989d83dcc461945c95e8e,4
E:\压裂窜扰项目\02 规范化\阳101H35\阳101H35 邻井压力监测\3井压裂期间邻井压力检测_3井第19段 压裂质量数量监控表（邻井压力、井口、砂量）.xlsx,阳101H35,阳101H35,32839,1719461864000000000,5673fe3231975f241e67c597cceab4a4f588d79cbd174188ff1c966c434bd9ff,4
E:\压裂窜扰项目\02 规范化\阳101H35\阳101H35 邻井压力监测\3井压裂期间邻井压力检测_3井第1段 压裂质量数量监控表（邻井压力、井口、砂量）.xlsx,阳101H35,阳101H35,33330,1713168874000000000,f4ea6ad10a3bb9bf597479a5eca70363b932e672887a76d6162c7ccf6759806a,3
E:\压裂窜扰项目\02 规范化\阳101H35\阳101H35 邻井压力监测\3井压裂期间邻井压力检测_3井第20段 压裂质量数量监控表（邻井压力、井口、砂量）.xlsx,阳101H35,阳101H35,32811,1719546358000000000,5ca923f19b918e80b5875c5219da7d6fb1b92a34719a6320419ff62cd4a8ed27,4
E:\压裂窜扰项目\02 规范化\阳101H35\阳101H35 邻井压力监测\3井压裂期间邻井压力检测_3井第21段 压裂质量数量监控表（邻井压力、井口、砂量）.xlsx,阳101H35,阳101H35,31902,1719798054000000000,36a697e9ce91ef7d55a70f02f910c84f0d3c7110b275a5935cddbc00cbf2905a,4
E:\压裂窜扰项目\02 规范化\阳101H35\阳101H35 邻井压力监测\3井压裂期间邻井压力检测_3井第22段 压裂质量数量监控表（邻井压力、井口、砂量）.xlsx,阳101H35,阳101H35,33180,1719974898000000000,9d96e8d3dce2faf5f927c458892a8f8b23b8cfe16e0114c5d223b0b7b7f372d9,4
E:\压裂窜扰项目\02 规范化\阳101H35\阳101H35 邻井压力监测\3井压裂期间邻井压力检测_3井第2段 压裂质量数量监控表（邻井压力、井口、砂量）.xlsx,阳101H35,阳101H35,31368,1713257624000000000,73eb353c53c744eeb1729d483ab9377b2b0cd7322c56da12053c216f7ad28b16,3
E:\压裂窜扰项目\02 规范化\阳101H35\阳101H35 邻井压力监测\3井压裂期间邻井压力检测_3井第3段 压裂质量数量监控表（邻井压力、井口、砂量）.xlsx,阳101H35,阳101H35,31539,1713498906000000000,cbf617548701a1aec20a08d43475d84f87947ac176bd3c2a77c382aa44b53a94,3
E:\压裂窜扰项目\02 规范化\阳101H35\阳101H35 邻井压力监测\3井压裂期间邻井压力检测_3井第4段 压裂质量数量监控表（邻井压力、井口、砂量）.xlsx,阳101H35,阳101H35,31166,1713581944000000000,60e50e002b6e6b0fdf747688a974cac82e82a2bdf4ca646dcc84b10d865fb5ed,3
E:\压裂窜扰项目\02 规范化\阳101H35\阳101H35 邻井压力监测\3井压裂期间邻井压力检测_3井第5段 压裂质量数量监控表（邻井压力、井口、砂量）.xlsx,阳101H35,阳101H35,31317,1713667486000000000,c6b3e8f74a78f82b424d8134c257cd88aaebc5c3e8f20090da1e7082efa30248,3
E:\压裂窜扰项目\02 规范化\阳101H35\阳101H35 邻井压力监测\3井压裂期间邻井压力检测_3井第6段 压裂质量数量监控表（邻井压力、井口、砂量）.xlsx,阳101H35,阳101H35,31237,1713753744000000000,d5b1f1d9e0f8071c50710cfa0294bac380c61367a2ba088ea99514978cf7d6b4,3
E:\压裂窜扰项目\02 规范化\阳101H35\阳101H35 邻井压力监测\3井压裂期间邻井压力检测_3井第7段 压裂质量数量监控表（邻井压力、井口、砂量）.xlsx,阳101H35,阳101H35,32817,1713853676000000000,35b131833e263da21ee5faa9695908bab90689c795ccea624632792b02764796,3
E:\压裂窜扰项目\02 规范化\阳101H35\阳101H35 邻井压力监测\3井压裂期间邻井压力检测_3井第8段 压裂质量数量监控表（邻井压力、井口、砂量）.xlsx,阳101H35,阳101H35,25718,1716436152000000000,d3708f0962067fdca1b9a80e18cb79125df547d877df8ba7539b605d75e763a9,3
E:\压裂窜扰项目\02 规范化\阳101H35\阳101H35 邻井压力监测\3井压裂期间邻井压力检测_3井第9段 压裂质量数量监控表（邻井压力、井口、砂量）.xlsx,阳101H35,阳101H35,27197,1716521838000000000,53ea33bb36d76c97a5b33954d792b3ad752a473059d88d287976e4cc7272ad80,3
E:\压裂窜扰项目\02 规范化\阳101H35\阳101H35 邻井压力监测\阳101H35平台134井套压分点数据.xls,阳101H35,阳101H35134,100856,1715130604000000000,3bc8628d8870d3702f5fdb4ea15c64c44af6716fbc98a76f0513ee3905efb719,3
E:\压裂窜扰项目\02 规范化\阳101H35\阳101H35 邻井压力监测\阳101H35平台134井套压秒点数据.xls,阳101H35,阳101H35134,6032665,1715130606000000000,05cd1296ea3654c355a87c42aaf6756b43117ba2713d61d33d7120a15911fc7e,3
E:\压裂窜扰项目\02 规范化\阳101H35\阳101H35 邻井压力监测\阳101H35平台1井、3井（5.7上午）压力分点数据.xls,阳101H35,阳101H351,9581,1715152420000000000,a7a7f82117f9e9c2acd3f748b7b46347211dc1c0a879b14e183864a22873df74,2
E:\压裂窜扰项目\02 规范化\阳101H35\阳101H35 邻井压力监测\阳101H35平台1井、3井（5.7上午）压力秒点数据.xls,阳101H35,阳101H351,567805,1715152402000000000,d6c667202835fc4a190ae7a63e822c9be066966ae8e707806965a4f7f605d3f4,2
E:\压裂窜扰项目\02 规范化\阳101H35\阳101H35 邻井压力监测\阳101H35平台1井、3井（5.7下午）压力分点数据.xls,阳101H35,阳101H351,8185,1715152504000000000,e37460e835aff104c62c9a79882268076305cd8039f281b07240fccba9143a85,2
E:\压裂窜扰项目\02 规范化\阳101H35\阳101H35 邻井压力监测\阳101H35平台1井、3井（5.7下午）压力秒点数据.xls,阳101H35,阳101H351,479611,1715152528000000000,89551d6ccdfd65315753a1ebf028a1ad4b7de726ed2e499ea51a315e6b2a7ee4,2
E:\压裂窜扰项目\02 规范化\阳101H35\阳101H35 邻井压力监测\阳101H35平台1井、3井（5.8）压力分点数据.xls,阳101H35,阳101H351,10875,1715152296000000000,e4cab37159c8f37d8f6368b24a852e054a1b8448307d531d86766674dcb52fef,2
E:\压裂窜扰项目\02 规范化\阳101H35\阳101H35 邻井压力监测\阳101H35平台1井、3井（5.8）压力秒点数据.xls,阳101H35,阳101H351,643280,1715152318000000000,4ab545405dab8562b8bfce2189df5519c62cbc01d184f3415a423122c3061184,2
E:\压裂窜扰项目\02 规范化\阳101H35\阳101H35 邻井压力监测\阳101H35平台1井压力分点数据（4.13-4.29）.xls,阳101H35,阳101H351,651945,1714431384000000000,70d07014fde8af62440102c30efb401ff67e609a1906e735936fabd27e3cbf19,1
E:\压裂窜扰项目\02 规范化\阳101H35\阳101H35 邻井压力监测\阳101H35平台1井压力秒点数据（4.13-4.20）.xls,阳101H35,阳101H351,14580572,1714410354000000000,f925b24448807b39ea40ecc12c03dbbd9a691656bc21a18d0a61ae7553a830d4,0
E:\压裂窜扰项目\02 规范化\阳101H35\阳101H35 邻井压力监测\阳101H35平台1井压力秒点数据（4.20-4.29）.xls,阳101H35,阳101H351,29641891,1714402110000000000,b284a90a4aa1cb87221d36ec3fad24f5a22af26137470c2996e3c0d78ee3e817,1
E:\压裂窜扰项目\02 规范化\阳101H35\阳101H35 邻井压力监测\阳101H35平台1井第11压裂施工曲线图秒点5.29.xlsx,阳101H35,阳101H351,2408678,1783995180752280000,fae84a18f54264026c508e4008de0f0d996df2c8ebe1de98efd2ead39baf8da0,2
E:\压裂窜扰项目\02 规范化\阳101H35\阳101H35 邻井压力监测\阳101H35平台1井第11段压裂期间邻井分点数据5.29.xlsx,阳101H35,阳101H351,17634,1716953482000000000,cbfcd46673c70d3a82928867e8654e7fe2fe7f8a4dcc3cd6a661658509366c65,3
E:\压裂窜扰项目\02 规范化\阳101H35\阳101H35 邻井压力监测\阳101H35平台1井第11段压裂期间邻井秒点数据5.29.xlsx,阳101H35,阳101H351,1051812,1716953482000000000,894ee935f1bf3028163c9117453066f087e1c0ed26202fdbd7146078ef8ac9e9,3
E:\压裂窜扰项目\02 规范化\阳101H35\阳101H35 邻井压力监测\阳101H35平台1井第九段压裂期间邻井分点数据5.26.xlsx,阳101H35,阳101H351,26264,1716701506000000000,6820ac812b653555cbaee65c85e721fad7f64ca30b85ccc91235e75fa1a088be,4
E:\压裂窜扰项目\02 规范化\阳101H35\阳101H35 邻井压力监测\阳101H35平台1井第九段压裂期间邻井秒点数据5.26.xlsx,阳101H35,阳101H351,1549750,1716701536000000000,120055c7d67329c3d6667fb2dc304947f802d17d0efd2ce302c988c1c9b445e8,4
E:\压裂窜扰项目\02 规范化\阳101H35\阳101H35 邻井压力监测\阳101H35平台1井第八段压裂期间邻井分点数据5.24.xlsx,阳101H35,阳101H351,16165,1716544424000000000,5b116e798222995c005974afd7a4a38eec8ca0624617d15934d46c17b96b521e,3
E:\压裂窜扰项目\02 规范化\阳101H35\阳101H35 邻井压力监测\阳101H35平台1井第八段压裂期间邻井秒点数据5.24.xlsx,阳101H35,阳101H351,962480,1716544424000000000,6ff371a4467bbd5780f53b1df7253292bec5c9e54a8394c91a688f33cb9eb452,3
E:\压裂窜扰项目\02 规范化\阳101H35\阳101H35 邻井压力监测\阳101H35平台1井第十段压裂期间邻井分点数据5.28.xlsx,阳101H35,阳101H351,15434,1716864412000000000,d6d8259cbad998e66f85b89b3c32379fae95ab7f4bae7cac6febe532d29213d7,3
E:\压裂窜扰项目\02 规范化\阳101H35\阳101H35 邻井压力监测\阳101H35平台1井第十段压裂期间邻井秒点数据5.28.xlsx,阳101H35,阳101H351,912475,1716864416000000000,01141dc6216b7c58c9fc4c404c1952fdcb8a775a2a13e06e7e00c619b7d1643a,3
E:\压裂窜扰项目\02 规范化\阳101H35\阳101H35 邻井压力监测\阳101H35平台2井压力分点数据（4.13-4.29）.xls,阳101H35,阳101H352,840226,1714402278000000000,120eb39f928d0b538296cdd242982dd011753d82248b5492c661631328e9ae2d,1
E:\压裂窜扰项目\02 规范化\阳101H35\阳101H35 邻井压力监测\阳101H35平台2井压力秒点数据（4.13-4.20）.xls,阳101H35,阳101H352,21486092,1714402364000000000,fba20b2181a429a9d9bf1b8a8edff4826128555955dabd6df98b106d4f2944f7,1
E:\压裂窜扰项目\02 规范化\阳101H35\阳101H35 邻井压力监测\阳101H35平台2井压力秒点数据（4.20-4.29）.xls,阳101H35,阳101H352,28970440,1714402426000000000,2a3ffe9dcf4a7684e4ff6166a6d036c0aecbe8a7a831623953c03ad9fc33f078,1
E:\压裂窜扰项目\02 规范化\阳101H35\阳101H35 邻井压力监测\阳101H35平台2井压裂第十一段邻井分点数据5.23.xlsx,阳101H35,阳101H352,10830,1716452644000000000,13886068e109b84e47eea140b177183151a950fc752b7055c1ab51b08d7600c7,3
E:\压裂窜扰项目\02 规范化\阳101H35\阳101H35 邻井压力监测\阳101H35平台2井压裂第十一段邻井秒点数据5.23.xlsx,阳101H35,阳101H352,640016,1716452646000000000,d816d47f07f110b9358bf8e2e8aea9a98bb2d50cba4892e5e6a6820717d8a2b5,3
E:\压裂窜扰项目\02 规范化\阳101H35\阳101H35 邻井压力监测\阳101H35平台2井第12段压裂期间邻井分点数据5.29.xlsx,阳101H35,阳101H352,19425,1716980564000000000,57921106f126b34820cef002d7c2c6f70621746948d7e65c328f833ade5dfea1,3
E:\压裂窜扰项目\02 规范化\阳101H35\阳101H35 邻井压力监测\阳101H35平台2井第12段压裂期间邻井秒点数据5.29.xlsx,阳101H35,阳101H352,1155382,1716980564000000000,85fbe16abc3867ba39dc26caaff273bd4e752d74518be95325b6eea5b99c42cd,3
E:\压裂窜扰项目\02 规范化\阳101H35\阳101H35 邻井压力监测\阳101H35平台2井第7段压裂期间邻井分点压力数据.xls,阳101H35,阳101H352,15511,1716094628000000000,7e21d5c3295d486386fb94183f941a53b62cc58de84853461bc64d24e55b8a06,3
E:\压裂窜扰项目\02 规范化\阳101H35\阳101H35 邻井压力监测\阳101H35平台2井第7段压裂期间邻井秒点压力数据.xls,阳101H35,阳101H352,916091,1716094630000000000,752872c1290aad053ee7b4164bcba14d66f3503b3b914d4bdaaf06bffb1024f5,3
E:\压裂窜扰项目\02 规范化\阳101H35\阳101H35 邻井压力监测\阳101H35平台2井第九段2024.5.22  08：00邻井秒点数据.xls,阳101H35,阳101H352,5581997,1716336998000000000,3db0fce98928c1309b3347f94b60220136e18b2c65ee193fa036fcb747ff4c17,3
E:\压裂窜扰项目\02 规范化\阳101H35\阳101H35 邻井压力监测\阳101H35平台2井第九段压裂邻井分点数据.xls,阳101H35,阳101H352,10108,1716265236000000000,41e0814b5e7f40e73596a41fc40d8601f7c94bd4a47d6bc8746fff8a50109b9b,3
E:\压裂窜扰项目\02 规范化\阳101H35\阳101H35 邻井压力监测\阳101H35平台2井第九段压裂邻井秒点数据(1).xls,阳101H35,阳101H352,596213,1716265238000000000,a10d17cd150521ca4b82c35d95025bb534d26ebaff8b188e598a93d16820d98c,3
E:\压裂窜扰项目\02 规范化\阳101H35\阳101H35 邻井压力监测\阳101H35平台2井第八段压裂邻井分点数据2024.5.20.xls,阳101H35,阳101H352,6339,1716202868000000000,583aad2a7b014721c8b0c93a7c9cf3d06daa400f022af05b5836f5e59a5accfc,3
E:\压裂窜扰项目\02 规范化\阳101H35\阳101H35 邻井压力监测\阳101H35平台2井第八段压裂邻井秒点数据2024.5.20.xls,阳101H35,阳101H352,370243,1716202870000000000,1cd22f04b4a4fdac5dafa94ff2a78c71afcf645ff8360614641dabd00d29276a,3
E:\压裂窜扰项目\02 规范化\阳101H35\阳101H35 邻井压力监测\阳101H35平台3井压力分点数据（4.13-4.29）.xls,阳101H35,阳101H353,784982,1714402508000000000,6b28e454a277a7d04705f0b04aa40955809191da58cc1d50905b23779ec0f676,1
E:\压裂窜扰项目\02 规范化\阳101H35\阳101H35 邻井压力监测\阳101H35平台3井压力秒点数据（4.13-4.20）.xls,阳101H35,阳101H353,21106035,1714402582000000000,4d1c00069e4ba12178bb2998616730dd247b00d091404a0528cc7896abdf6835,1
E:\压裂窜扰项目\02 规范化\阳101H35\阳101H35 邻井压力监测\阳101H35平台3井压力秒点数据（4.20-4.29）.xls,阳101H35,阳101H353,27110463,1714402630000000000,4823a0711db15ece0e00a20f162057126b55df01e970e203db12aca97e0699aa,1
E:\压裂窜扰项目\02 规范化\阳101H35\阳101H35 邻井压力监测\阳101H35平台3井第7段施工36-1井曲线图分点.xlsx2024.4.23.xlsx,阳101H35,阳101H353,55812,1714385868000000000,2cfe6e56836561152f449642bf704d5b46981c8079af8426645b07e6b0c2964e,1
E:\压裂窜扰项目\02 规范化\阳101H35\阳101H35 邻井压力监测\阳101H35平台3井第九段压裂期间邻井分点数据5.24.xlsx,阳101H35,阳101H353,20586,1716524830000000000,49005d72e4fab6fe361ea0f030d60caa43846a2c37d077e33e43999e55a0a8f4,3
E:\压裂窜扰项目\02 规范化\阳101H35\阳101H35 邻井压力监测\阳101H35平台3井第九段压裂期间邻井秒点数据5.24.xlsx,阳101H35,阳101H353,1228751,1716524830000000000,4b871193428edb3fe9e4df1c7b1397f030d99968ae885334ad21f63309f624bd,3
E:\压裂窜扰项目\02 规范化\阳101H35\阳101H35 邻井压力监测\阳101H35平台3井第八段压裂期间邻井分点数据2024.5.23.xlsx,阳101H35,阳101H353,14857,1716437684000000000,1adcd31225b7535fc11aa86442591ffb10c99c9fdd4c17b1194d71ef1a9b166c,3
E:\压裂窜扰项目\02 规范化\阳101H35\阳101H35 邻井压力监测\阳101H35平台3井第八段压裂期间邻井秒点数据2024.5.23.xlsx,阳101H35,阳101H353,1120637,1716437684000000000,cea6b5747e82e3eeb33c8f91b94b0ce7d6c6eb891be78a5ff159c1bf20089fc6,3
E:\压裂窜扰项目\02 规范化\阳101H35\阳101H35 邻井压力监测\阳101H35平台3井第十一段压裂期间邻井分点数据.xlsx,阳101H35,阳101H353,21580,1716784580000000000,dfcd5110dc8d254d030d15c5276b8ffa0ed6de675b3897668fa1e98c11406410,4
E:\压裂窜扰项目\02 规范化\阳101H35\阳101H35 邻井压力监测\阳101H35平台3井第十一段压裂期间邻井秒点数据5.27.xlsx,阳101H35,阳101H353,1179177,1716784580000000000,74711823111e4ab092dfead2aef7080e1749f023c5500cf3d6e63f224c59ce2e,3
E:\压裂窜扰项目\02 规范化\阳101H35\阳101H35 邻井压力监测\阳101H35平台3井第十三段压裂期间邻井分点数据5.30(1).xlsx,阳101H35,阳101H353,14581,1717062234000000000,975a56d90fa10fa411a931e7171bb85908913bb33adbc059f31b43e6518587b4,3
E:\压裂窜扰项目\02 规范化\阳101H35\阳101H35 邻井压力监测\阳101H35平台3井第十三段压裂期间邻井秒点数据5.30.xlsx,阳101H35,阳101H353,866036,1717062234000000000,81e4a9020af4de4d5ccb3f47a165fd6e00c4d79e0d7c8718757a705ed0293f45,3
E:\压裂窜扰项目\02 规范化\阳101H35\阳101H35 邻井压力监测\阳101H35平台分点压力数据-2.xls,阳101H35,阳101H35,100706,1716079322000000000,213fc6597d223fffe4a99f93c7ad09b1cc99cb274a2cf79a5e31fa1965c1f030,3
E:\压裂窜扰项目\02 规范化\阳101H35\阳101H35 邻井压力监测\阳101H35平台分点压力数据.xls,阳101H35,阳101H35,1247552,1716006272000000000,b0542278dbb406b36a83cabb059388403cbd3568d520e22e94a6fd411ecd0747,4
E:\压裂窜扰项目\02 规范化\阳101H35\阳101H35 邻井压力监测\阳101H35平台压窜记录(4.11-4.18)_邻井压力数据_35-1井第2段施工2井分点数据2024.4.17.xls,阳101H35,阳101H35,5983,1713339796000000000,86bacd4d09dcf357805b8f9c3bb112730e0b7d3a8726ad811f219e8da18c5cf2,1
E:\压裂窜扰项目\02 规范化\阳101H35\阳101H35 邻井压力监测\阳101H35平台压窜记录(4.11-4.18)_邻井压力数据_35-1井第2段施工2井秒点数据2024.4.17.xls,阳101H35,阳101H35,456852,1713339796000000000,8140d081e05a001e0e2f8c8b8f3712b54b2674c2583f9973f042e9380993b4be,1
E:\压裂窜扰项目\02 规范化\阳101H35\阳101H35 邻井压力监测\阳101H35平台压窜记录(4.11-4.18)_邻井压力数据_35-2-1段1井压力分点数据2024.4.14.xls,阳101H35,阳101H35,6793,1714363760000000000,c356c25679d7a42324fa110b043ce54e91ae4a195152f911f5de0d97165d9d0e,1
E:\压裂窜扰项目\02 规范化\阳101H35\阳101H35 邻井压力监测\阳101H35平台压窜记录(4.11-4.18)_邻井压力数据_35-2-1段1井压力秒点数据2024.4.14.xls,阳101H35,阳101H35,398523,1714363760000000000,742dbc5817835f8cb90bedfe751f1fd4622ad4407ed45369115bf974175e98b9,1
E:\压裂窜扰项目\02 规范化\阳101H35\阳101H35 邻井压力监测\阳101H35平台压窜记录(4.11-4.18)_邻井压力数据_4.18二井第二段压裂1井套压分点数据.xls,阳101H35,阳101H35,11494,1713428656000000000,402e4e007647ed13ea76d01adef35fbb8538990abde049eeff290f2b064e6a54,1
E:\压裂窜扰项目\02 规范化\阳101H35\阳101H35 邻井压力监测\阳101H35平台压窜记录(4.11-4.18)_邻井压力数据_4.18二井第二段压裂1井套压秒点数据.xls,阳101H35,阳101H35,681309,1713428656000000000,e6fcd666009ecd90e525332afd8d8748dd7cfb95c6b3e3d3d044a090961e256c,1
E:\压裂窜扰项目\02 规范化\阳101H35\阳101H35 邻井压力监测\阳101H35平台压窜记录(4.19-4.25)_1#流程_实时数据_35-2井第3段施工结束后36-1井压力上涨2024.4.22.csv,阳101H35,阳101H35,2783263,1713788936000000000,f5e39eff6e08d8229b06bc0b6e799f3574f483a22657991a3ea67dd0eb4fd2dc,4
E:\压裂窜扰项目\02 规范化\阳101H35\阳101H35 邻井压力监测\阳101H35平台压窜记录(4.19-4.25)_35-1井第3段施工后        4井分钟数据.csv2024.4.21.csv,阳101H35,阳101H35,45029,1714391280000000000,5c4cc84eb867e82aae7703b4bb4304c3c742d392d10f1e89df8b4067f3ea861d,1
E:\压裂窜扰项目\02 规范化\阳101H35\阳101H35 邻井压力监测\阳101H35平台压窜记录(4.19-4.25)_35-1第3段施工后36-4井3秒点2024.4.21.csv,阳101H35,阳101H35,2061394,1714384800000000000,e362c2359cb36371e8ac5132598e9bec86a8a0594a948d830f69a61fba50a3e1,4
E:\压裂窜扰项目\02 规范化\阳101H35\阳101H35 邻井压力监测\阳101H35平台压窜记录(4.19-4.25)_35-3井第7段施工36-1井压力数据2024.4.23.csv,阳101H35,阳101H35,145663,1713927338000000000,2958420b8d90ea81df886c425712f909d60212c9d73472d4577463f9aeb69f7c,1
E:\压裂窜扰项目\02 规范化\阳101H35\阳101H35 邻井压力监测\阳101H35平台压窜记录(4.19-4.25)_35-3第7段  1井分钟数据(1).csv2024.4.23.csv,阳101H35,阳101H35,10736,1714385434000000000,e33e2b7c6e622f6188c0cedf718ca7f054d985c4e088aeccf8e35f5c7410baaa,1
E:\压裂窜扰项目\02 规范化\阳101H35\阳101H35 邻井压力监测\阳101H35平台压窜记录(4.19-4.25)_4#流程_实时数据_35-3井第6段施工后36-4井压力上涨2024.4.22.csv,阳101H35,阳101H35,2681047,1713788936000000000,7cd0f8fecadfeb9a8cf8293c80474c9b92d2cc571aa6d616898abd8b117cb745,4
E:\压裂窜扰项目\02 规范化\阳101H35\阳101H35 邻井压力监测\阳101H35平台压窜记录(4.19-4.25)_邻井压力数据_1井第3段施工2井压力分点数据(2)2024.4.21.xls,阳101H35,阳101H35,6573,1713701994000000000,a607155d7b1ef008bad9cb4d77a65508f99629ede15692bfd48633564a8fc578,1
E:\压裂窜扰项目\02 规范化\阳101H35\阳101H35 邻井压力监测\阳101H35平台压窜记录(4.19-4.25)_邻井压力数据_1井第3段施工2井压力秒点数据(2)2024.4.21.xls,阳101H35,阳101H35,303935,1713701994000000000,d39bfb619a1f31f63143270772d48c380d45715747c133b591a2fd04c7faa3c5,1
E:\压裂窜扰项目\02 规范化\阳101H35\阳101H35 邻井压力监测\阳101H35平台压窜记录(4.19-4.25)_邻井压力数据_1井第四段压裂期间2井分点数据2024.4.24.xls,阳101H35,阳101H35,7700,1713945972000000000,0fa2bd19c22ee7107c28025d9522f33f25d1b528d832c905e7e43b7279047185,1
E:\压裂窜扰项目\02 规范化\阳101H35\阳101H35 邻井压力监测\阳101H35平台压窜记录(4.19-4.25)_邻井压力数据_1井第四段压裂期间2井秒点数据2024.4.24.xls,阳101H35,阳101H35,455641,1713945972000000000,d0286c5856887493fa50bae7b2668f93ab63f5b106eba475bc8c82b4e6d0f8f4,1
E:\压裂窜扰项目\02 规范化\阳101H35\阳101H35 邻井压力监测\阳101H35平台压窜记录(4.19-4.25)_邻井压力数据_2井第四段压裂1井压力分点数据2024.4.25.xls,阳101H35,阳101H35,11690,1714027406000000000,9aa9e2bc57583db2bf9e22d8e66962819918cd43aafdf641a67be5cb27b41d46,1
E:\压裂窜扰项目\02 规范化\阳101H35\阳101H35 邻井压力监测\阳101H35平台压窜记录(4.19-4.25)_邻井压力数据_2井第四段压裂1井压力秒点数据2024.4.25.xls,阳101H35,阳101H35,692524,1714027406000000000,79cdebdbb498df1bbb3bad4880fb5839b9e795cf6ff7f830c7535ad8bc4ed33f,1
E:\压裂窜扰项目\02 规范化\阳101H35\阳101H35 邻井压力监测\阳101H35平台压窜记录(4.19-4.25)_邻井压力数据_35-2井第3段施工1井压力分点数据(1)2024.4.22.xls,阳101H35,阳101H35,7327,1713792700000000000,da691734494fef004a6419b330f227df0719761df9a3ad0a592283698fb60c09,1
E:\压裂窜扰项目\02 规范化\阳101H35\阳101H35 邻井压力监测\阳101H35平台压窜记录(4.19-4.25)_邻井压力数据_35-2井第3段施工1井压力秒点数据2024.4.22.xls,阳101H35,阳101H35,432027,1713792700000000000,2c763563cbea47662b5c2b000f0b8b966b7a5df12bc686d3ec450c175743fc24,1
E:\压裂窜扰项目\02 规范化\阳101H35\阳101H35 邻井压力监测\阳101H35平台压窜记录(4.26-5.3)_邻井_1井第七段压裂2井分点数据2024.4.29.xls,阳101H35,阳101H35,5219,1714377238000000000,e42910a23c4fbb4e979ae9f1ef977095df6e8f5097238829cf1052489013a096,1
E:\压裂窜扰项目\02 规范化\阳101H35\阳101H35 邻井压力监测\阳101H35平台压窜记录(4.26-5.3)_邻井_1井第七段压裂2井秒点数据2024.4.29.xls,阳101H35,阳101H35,306742,1714377238000000000,ad4d146501f575e3d635a319a6198b690da3f749132f4601aad8dfedaa042d59,1
E:\压裂窜扰项目\02 规范化\阳101H35\阳101H35 邻井压力监测\阳101H35平台压窜记录(4.26-5.3)_邻井_1井第五段压裂2井压力分点数据2024.4.26.xls,阳101H35,阳101H35,7915,1714124340000000000,2fc48e75855e3d068f3ca64222b4d0bfe430ae62c6c5c6a2fdfd092d13106c15,1
E:\压裂窜扰项目\02 规范化\阳101H35\阳101H35 邻井压力监测\阳101H35平台压窜记录(4.26-5.3)_邻井_1井第五段压裂2井压力秒点数据2024.4.26.xls,阳101H35,阳101H35,467779,1714124340000000000,624650ea0fa698c9fbbf459fc139bd7664c8572aa60f97e78248e563c1d7aed3,1
E:\压裂窜扰项目\02 规范化\阳101H35\阳101H35 邻井压力监测\阳101H35平台压窜记录(4.26-5.3)_邻井_1井第六段压裂2井分点数据2024.4.28.xls,阳101H35,阳101H35,4509,1714270284000000000,290c741704f02e63a678b2b0b3b1eca5a23767834e291f416eb5aa4257d40263,1
E:\压裂窜扰项目\02 规范化\阳101H35\阳101H35 邻井压力监测\阳101H35平台压窜记录(4.26-5.3)_邻井_1井第六段压裂2井秒点数据2024.4.28.xls,阳101H35,阳101H35,260886,1714270284000000000,1c195c2c035c98b98359de804094e98a17d2aeca25c2c20ee088472d6e493ede,1
E:\压裂窜扰项目\02 规范化\阳101H35\阳101H35 邻井压力监测\阳101H35平台压窜记录（5.17-5.23）_邻井压力_35-3井第8段施工36-1井分点数据2024.5.23.xlsx,阳101H35,阳101H35,23780,1716465524000000000,c012dbd507a50aa6b32e9b613a753364d749274b6c343b1867ed802cc58e0487,1
E:\压裂窜扰项目\02 规范化\阳101H35\阳101H35 邻井压力监测\阳101H35平台压窜记录（5.17-5.23）_邻井压力_35-3井第8段施工36-1井秒点数据2024.5.23.xlsx,阳101H35,阳101H35,285246,1716465414000000000,243bc788d534a31a756297be35ec8cd1020f758cc299257e373c44b48d6dec95,1
E:\压裂窜扰项目\02 规范化\阳101H35\阳101H35 邻井压力监测\阳101H35平台压窜记录（5.17-5.23）_邻井压力_阳101H36平台1井第十二段压裂期间邻井分点数据5.30.xlsx,阳101H35,阳101H35,15823,1717049654000000000,0ec44f718ddb47194f892a48e69faed1a57d3bfb86807e8b595c2fd16a929368,3
E:\压裂窜扰项目\02 规范化\阳101H35\阳101H35 邻井压力监测\阳101H35平台压窜记录（5.17-5.23）_邻井压力_阳101H36平台1井第十二段压裂期间邻井秒点数据5.30.xlsx,阳101H35,阳101H35,941448,1717049656000000000,cd1189edad285cd94395e622ddbedb27b586b46716755f3435b6f1c995bf9fbc,3
E:\压裂窜扰项目\02 规范化\阳101H35\阳101H35 邻井压力监测\阳101H35平台秒点压力数据-2.xls,阳101H35,阳101H35,6037264,1716079322000000000,5c8318f8bbcf376003769fd597e8666c6847f881c802aa73e788e0ac4f58d588,3
E:\压裂窜扰项目\02 规范化\阳101H35\阳101H35 邻井压力监测\阳101H35平台秒点压力数据.xls,阳101H35,阳101H35,74815891,1716006148000000000,25bf858c4537e3c7c2fb5a2c8646ee34f98b08219f975a1fbfda7462579ed187,4
E:\压裂窜扰项目\02 规范化\阳101H35\阳101H35 邻井压力监测\阳101H35平台邻井分点数据.xls,阳101H35,阳101H35,98746,1716249998000000000,0c65ad83633c8e61f582248e3de1a11e6839f3617cb27ee2e89491d0a347ec10,3
E:\压裂窜扰项目\02 规范化\阳101H35\阳101H35 邻井压力监测\阳101H35平台邻井秒点数据.xls,阳101H35,阳101H35,5911912,1716250000000000000,fe333f8e7fc5560261d2b433eeb89a2d58edf7fb3a13eee1a62081396c403961,3
E:\压裂窜扰项目\02 规范化\阳101H43\阳101H43 邻井压力监测\阳101H43-2井压力上涨秒点数据-2.xls,阳101H43,阳101H43,210552,1736484933446187900,1e5b6b99c243cfa08d9ab591f8949428e4766a682203babafbeb88e15b748d33,1
E:\压裂窜扰项目\02 规范化\阳101H43\阳101H43 邻井压力监测\阳101H43-2井压力上涨秒点数据.xls,阳101H43,阳101H43,158411,1736419168314744900,80a6cd39eeb8152d6dc378c21eeb5e5ebe98db58b8c61334375fcd329cc93fb1,1
E:\压裂窜扰项目\02 规范化\阳101H43\阳101H43 邻井压力监测\阳101H43-2及-4井压力上涨秒点数据.xls,阳101H43,阳101H43,296022,1736656952275920300,d055c1af66b0d7e78f53e65bf64a0d308e78ee981c425a88095728043e31e820,2
E:\压裂窜扰项目\02 规范化\阳101H43\阳101H43 邻井压力监测\阳101H43监测日志.xlsx,阳101H43,阳101H43,21776,1726280918310579700,52bc976fe2bde6e1a3a6dedb832a0febcc49c3b19bcc41359d1f7d29537ea097,0
E:\压裂窜扰项目\02 规范化\阳101H51\阳101H51 邻井压力监测\阳101H51-1-10段压裂施工-2、3井秒点压力监测-2.xlsx,阳101H51,阳101H51,81385,1778131927570232400,ab75abcc79c6ef673bbf75d896555d8403fa2a4abc3b70f4b564474fe4d3b52c,2
E:\压裂窜扰项目\02 规范化\阳101H51\阳101H51 邻井压力监测\阳101H51-1-10段压裂施工-2、3井秒点压力监测.xlsx,阳101H51,阳101H51,415940,1778131925470619500,19a34711ec0b78c6b983fec9ff9328b44ae04fc740d21358c58558b9b5a6e71b,2
E:\压裂窜扰项目\02 规范化\阳101H51\阳101H51 邻井压力监测\阳101H51-1-12段压裂施工-2、3井秒点压力监测.xlsx,阳101H51,阳101H51,211537,1778552489237670800,e6c97d4bf84fc6a4e3ee8b1624a571fd3f4c902bbc6c86deddc7f22255802e82,2
E:\压裂窜扰项目\02 规范化\阳101H51\阳101H51 邻井压力监测\阳101H51-1-13段压裂施工-2、3井秒点压力监测.xlsx,阳101H51,阳101H51,231490,1778746044562594200,b352e2848d186f3179f4e4d64a627c7dddbba5b2fe1dfde75e1f51e0308b885f,2
E:\压裂窜扰项目\02 规范化\阳101H51\阳101H51 邻井压力监测\阳101H51-1-14段压裂施工-2、3井秒点压力监测.xlsx,阳101H51,阳101H51,118429,1778917277048183500,683c7bffd5313e04c25888d5e8b5639dba4ddfaf0cff7436725443ece55d0c19,2
E:\压裂窜扰项目\02 规范化\阳101H51\阳101H51 邻井压力监测\阳101H51-1-15段压裂施工-2、3井秒点压力监测.xlsx,阳101H51,阳101H51,125650,1779589615769247000,78b93e034879aa6d782c83e0238933f682ae326d9801c4148719ff45bb335bcf,2
E:\压裂窜扰项目\02 规范化\阳101H51\阳101H51 邻井压力监测\阳101H51-1-16段压裂施工-2、3井秒点压力监测.xlsx,阳101H51,阳101H51,145061,1779952362466556200,245c47f0c6e464c484a8315dd9dc0dcd0d09cc32107ef5ad1bc402b24e3ad57b,2
E:\压裂窜扰项目\02 规范化\阳101H51\阳101H51 邻井压力监测\阳101H51-1-18段压裂施工-2、3井秒点压力监测.xlsx,阳101H51,阳101H51,155664,1780407513426436500,41aa1618375fbe91496bdddfb8c268c83c667407718b1437b096536a538647bd,2
E:\压裂窜扰项目\02 规范化\阳101H51\阳101H51 邻井压力监测\阳101H51-1-19段压裂施工-2、3井秒点压力监测.xlsx,阳101H51,阳101H51,199303,1780555259598048300,2fda35f9723a5556e7479e15b5a097c2d614858a6a0743245845d8edf244b816,2
E:\压裂窜扰项目\02 规范化\阳101H51\阳101H51 邻井压力监测\阳101H51-1-20段压裂施工-2井秒点压力监测.xlsx,阳101H51,阳101H51,180431,1782443637668149900,f4e5662a5e17a840ea7c9812957e81f2c29fe103180b477a1bb39583f280e843,1
E:\压裂窜扰项目\02 规范化\阳101H51\阳101H51 邻井压力监测\阳101H51-1-21段压裂施工-2井秒点压力监测.xlsx,阳101H51,阳101H51,277302,1783746128494676800,60dcf4c7431376ce547fb17a46ebb7121bf69f5f1596b78f5d9ca1f904354258,1
E:\压裂窜扰项目\02 规范化\阳101H51\阳101H51 邻井压力监测\阳101H51-1-2段压裂施工-2井秒点压力监测（1518）.xlsx,阳101H51,阳101H51,209276,1776910470050706100,65fb2bc2beb782735e7a4de3ac8cb48382db125dd169a618b01bc683002f9674,1
E:\压裂窜扰项目\02 规范化\阳101H51\阳101H51 邻井压力监测\阳101H51-1-2段压裂施工-2井秒点压力监测（上午桥塞滑移）.xlsx,阳101H51,阳101H51,98357,1776910457786421400,e35e7aa7d3df30b9aa1f603e11c40ff415947d3e8744f10f7e3628242c9fca8f,1
E:\压裂窜扰项目\02 规范化\阳101H51\阳101H51 邻井压力监测\阳101H51-1-2段压裂施工-3井秒点压力监测（1518）.xlsx,阳101H51,阳101H51,203543,1776910360938542500,cc994f4a1cc1910281658a050876eb33e68f9f82ec44413820be18405527c8ac,1
E:\压裂窜扰项目\02 规范化\阳101H51\阳101H51 邻井压力监测\阳101H51-1-4段压裂施工-2、3井秒点压力监测.xlsx,阳101H51,阳101H51,341718,1777190586218133500,0b776f1d2922799a1fb6a6698019b4dc67d8c0ac131c56f6f5ffdc92d4c81fdd,2
E:\压裂窜扰项目\02 规范化\阳101H51\阳101H51 邻井压力监测\阳101H51-1-5段压裂施工-2、3井秒点压力监测.xlsx,阳101H51,阳101H51,365851,1777190582328825500,48849a40503f168c451765da9cd961e971b36212663195caf2b3aba6ffcedead,2
E:\压裂窜扰项目\02 规范化\阳101H51\阳101H51 邻井压力监测\阳101H51-1-6段压裂施工-2、3井秒点压力监测.xlsx,阳101H51,阳101H51,322387,1777455574723940900,74003e8fc4e0dba7c58d61339b7773b64404bf40b77989b8cbbd10d9ce5eebb6,2
E:\压裂窜扰项目\02 规范化\阳101H51\阳101H51 邻井压力监测\阳101H51-1-7段压裂施工-2、3井秒点压力监测.xlsx,阳101H51,阳101H51,248515,1777628544487689700,b2f95d5c4cc9bf84dc43c7c22bf525e2a4b51677daee901f12113771d1a7b787,2
E:\压裂窜扰项目\02 规范化\阳101H51\阳101H51 邻井压力监测\阳101H51-1-8段压裂施工-2、3井秒点压力监测.xlsx,阳101H51,阳101H51,259047,1777776181462817100,b506fb5b2d0be98fe3984f683b978a78fa001d67f3d0d2f62b529227c23be56d,2
E:\压裂窜扰项目\02 规范化\阳101H51\阳101H51 邻井压力监测\阳101H51-1-9段压裂施工-2、3井秒点压力监测.xlsx,阳101H51,阳101H51,248019,1777886669976773600,d554b3520ad774cf09153d3b635b519c5d86020687f6d76b260f6d1fcd06f522,2
E:\压裂窜扰项目\02 规范化\阳101H51\阳101H51 邻井压力监测\阳101H51-2-10段压裂施工-1、3井秒点压力监测.xlsx,阳101H51,阳101H51,120882,1778984103213192800,e93f1e2cb2036638c44202cc63578e356955ab8ce67639e585c8d6d0af52c23f,2
E:\压裂窜扰项目\02 规范化\阳101H51\阳101H51 邻井压力监测\阳101H51-2-11段压裂施工-1、3井秒点压力监测.xlsx,阳101H51,阳101H51,114604,1779153909441729000,f43d393be85dd5761c2a250e73a9f13ee17d5a13484383ab4bf0ca585d0f74f9,2
E:\压裂窜扰项目\02 规范化\阳101H51\阳101H51 邻井压力监测\阳101H51-2-13段压裂施工-1、3井秒点压力监测.xlsx,阳101H51,阳101H51,397580,1781698042486002300,81e7ec8d55e217188959574b5e9ba597804c0064a1cfa7ab7e84aa6b781fa58a,2
E:\压裂窜扰项目\02 规范化\阳101H51\阳101H51 邻井压力监测\阳101H51-2-14段压裂施工-1、3、4井秒点压力监测.xlsx,阳101H51,阳101H51,415261,1781774245775202700,3f847d1f1ac092ef2ab7bc58879b946baecb97fc12f4f9b9746fe24f5146894b,3
E:\压裂窜扰项目\02 规范化\阳101H51\阳101H51 邻井压力监测\阳101H51-2-15段压裂施工-1、3、4井秒点压力监测.xlsx,阳101H51,阳101H51,284462,1781849867342134700,8fa4e7d2f4777d4619ed06e01c9c67fddbb9861fb7ebe8fbb54410e8ee3ba94a,3
E:\压裂窜扰项目\02 规范化\阳101H51\阳101H51 邻井压力监测\阳101H51-2-16段压裂施工-1、3、4井套压压力监测.xlsx,阳101H51,阳101H51,298149,1782272782882776800,d07acf578db7453b4aeb775bf5cfb4d25169753a7323904b25b719ac29348163,3
E:\压裂窜扰项目\02 规范化\阳101H51\阳101H51 邻井压力监测\阳101H51-2-17段压裂施工-1、3、4井秒点压力监测.xlsx,阳101H51,阳101H51,256615,1782808809566933800,d4986ce4824df36d812498e89df97238821b6f900e6c5312e7050fa8371c9a9d,3
E:\压裂窜扰项目\02 规范化\阳101H51\阳101H51 邻井压力监测\阳101H51-2-18段压裂施工-1、3、4井秒点压力监测.xlsx,阳101H51,阳101H51,354916,1782874345627115400,98392549a1a95c5656a4a874bbac111c401906d8ad570e9c5ce3832b97300c1b,3
E:\压裂窜扰项目\02 规范化\阳101H51\阳101H51 邻井压力监测\阳101H51-2-19段压裂施工-1、3、4井秒点压力监测.xlsx,阳101H51,阳101H51,694496,1784013803525912400,c6db759dbda056521b80fadce7570ad29ebffdda06b8a28aeac7e3aab5680f15,3
E:\压裂窜扰项目\02 规范化\阳101H51\阳101H51 邻井压力监测\阳101H51-2-1段压裂施工-1、3井秒点压力监测.xlsx,阳101H51,阳101H51,315240,1776910514429966100,29be758bedb630c4b29cddef11b739747047349b386f068c0b892902f6da2006,2
E:\压裂窜扰项目\02 规范化\阳101H51\阳101H51 邻井压力监测\阳101H51-2-2段压裂施工-1、3井秒点压力监测.xlsx,阳101H51,阳101H51,280638,1777190584036643100,5e5fb7ed80358cad284aee440600289340923bbaaf92c78b92c12f88e9d35a9f,2
E:\压裂窜扰项目\02 规范化\阳101H51\阳101H51 邻井压力监测\阳101H51-2-3段压裂施工-1、3井秒点压力监测.xlsx,阳101H51,阳101H51,355060,1777272555486930200,2a9b7c3281b82c7096079fe83ef2cdf2d8294e8138e13e7fb0257dd0e65d10ca,2
E:\压裂窜扰项目\02 规范化\阳101H51\阳101H51 邻井压力监测\阳101H51-2-4段压裂施工-1、3井秒点压力监测.xlsx,阳101H51,阳101H51,388197,1777378861352062000,c34cbe2d159629e02e20a4714161073496569abc3f1efde94e5e0148643b47b5,2
E:\压裂窜扰项目\02 规范化\阳101H51\阳101H51 邻井压力监测\阳101H51-2-5段压裂施工-1、3井秒点压力监测.xlsx,阳101H51,阳101H51,382557,1777523410170317700,53591000a26e6a3f4c0448722514f2f062b19a215f4edc69b2f6ce1d72503866,2
E:\压裂窜扰项目\02 规范化\阳101H51\阳101H51 邻井压力监测\阳101H51-2-6段压裂施工-1、3井秒点压力监测.xlsx,阳101H51,阳101H51,282116,1777713613246680800,f3ba3d375154fa2939d549f873ed3c2075a436df71be61cc87d85247204e1b9b,2
E:\压裂窜扰项目\02 规范化\阳101H51\阳101H51 邻井压力监测\阳101H51-2-7段压裂施工-1、3井秒点压力监测-2.xlsx,阳101H51,阳101H51,444096,1778552489069875400,e17dea253b24f5f9a569603869f23287f6ae6c362ac511bacf4967174899e456,2
E:\压裂窜扰项目\02 规范化\阳101H51\阳101H51 邻井压力监测\阳101H51-2-7段压裂施工-1、3井秒点压力监测.xlsx,阳101H51,阳101H51,277771,1777971799450144300,ee7847afb21bbb479fd57a663996f56ea8cdebad9c9356a15b8ea2c2374c028f,2
E:\压裂窜扰项目\02 规范化\阳101H51\阳101H51 邻井压力监测\阳101H51-2-8段压裂施工-1、3井秒点压力监测-2.xlsx,阳101H51,阳101H51,409366,1778552488872144800,7cf49b1a0d4603213f209262041b9ae6d04c5d615ab8b7fffa58b665f109bc33,2
E:\压裂窜扰项目\02 规范化\阳101H51\阳101H51 邻井压力监测\阳101H51-2-8段压裂施工-1、3井秒点压力监测.xlsx,阳101H51,阳101H51,238242,1778411168118195400,4729eb37b14411fd2ec2c162450a70f68b0b935f78a0dfa86e7e32e56f473f71,2
E:\压裂窜扰项目\02 规范化\阳101H51\阳101H51 邻井压力监测\阳101H51-3-10段压裂施工-1、2、4井秒点压力监测.xlsx,阳101H51,阳101H51,347507,1779527504297972800,9edcb47c07cc822081af06ab7fded26b9a6af2edd4ca67852755dede501d4480,3
E:\压裂窜扰项目\02 规范化\阳101H51\阳101H51 邻井压力监测\阳101H51-3-12段压裂施工-2、4井秒点压力监测.xlsx,阳101H51,阳101H51,298166,1781939944742832300,9bb55a5b578a59437da635d969f413d1a19acb7ad4a62466c5d155153c0a6d81,2
E:\压裂窜扰项目\02 规范化\阳101H51\阳101H51 邻井压力监测\阳101H51-3-13段压裂施工-1、2、4井秒点压力监测.xlsx,阳101H51,阳101H51,405284,1782633956746192800,0ea06403132b423f9891a0453862d189c01a197bc18948c9a97d7725ef301198,3
E:\压裂窜扰项目\02 规范化\阳101H51\阳101H51 邻井压力监测\阳101H51-3-14段压裂施工-2、4、5、6井套压压力监测.xlsx,阳101H51,阳101H51,635039,1783836448967861100,af1a0083fe3bf2f8e49c1cd21fc1f6c0e543544248c1eed17db94acaeaa4f358,4
E:\压裂窜扰项目\02 规范化\阳101H51\阳101H51 邻井压力监测\阳101H51-3-26段压裂施工-1、2、4、6井套压秒点压力监测.xlsx,阳101H51,阳101H51,437875,1787214722845201200,5a5756f5a451fd656e882c020cec33d334779abf4729e218e4097e1d19597db8,4
E:\压裂窜扰项目\02 规范化\阳101H51\阳101H51 邻井压力监测\阳101H51-3-2段压裂施工-1、2井套压压力监测.xlsx,阳101H51,阳101H51,381094,1777359063957844700,628d1e0eb0b3bf677942687e2df83f64e600d8eca7fc8a5fb8d4432f6b44aab1,2
E:\压裂窜扰项目\02 规范化\阳101H51\阳101H51 邻井压力监测\阳101H51-3-3段压裂施工-1、2井秒点压力监测.xlsx,阳101H51,阳101H51,293125,1777545863375573700,d47db55f797808001024aa7f6ddab5e6529b9884964ad847900606d9fd733076,2
E:\压裂窜扰项目\02 规范化\阳101H51\阳101H51 邻井压力监测\阳101H51-3-4段压裂施工-1、2井秒点压力监测.xlsx,阳101H51,阳101H51,262486,1777800297326059100,ff289fb7a9d5203e04447a10ab6ee8578a43094ea14f798c6a5870249adff6cb,2
E:\压裂窜扰项目\02 规范化\阳101H51\阳101H51 邻井压力监测\阳101H51-3-5段压裂施工-1、2井秒点压力监测.xlsx,阳101H51,阳101H51,236544,1778570937448310500,101a0d439fc1f752029a58b36a2d1f3656bf9080cd8d2eaa6893d30f9539b9b3,2
E:\压裂窜扰项目\02 规范化\阳101H51\阳101H51 邻井压力监测\阳101H51-3-6段压裂施工-1、2井秒点压力监测.xlsx,阳101H51,阳101H51,191442,1778811838217325900,06e525520ade862c1b94f52bcc09c52d6d31048ef943d5cb35d7acffd4d67251,2
E:\压裂窜扰项目\02 规范化\阳101H51\阳101H51 邻井压力监测\阳101H51-3-7段压裂施工-1、2井秒点压力监测.xlsx,阳101H51,阳101H51,138615,1779067899570533600,855bb5ffd0a78a6faa382abeff34856b6071e6bc318e2f6fa0eedfedd8c62d09,2
E:\压裂窜扰项目\02 规范化\阳101H51\阳101H51 邻井压力监测\阳101H51-3-8段压裂施工-1、2井秒点压力监测.xlsx,阳101H51,阳101H51,113233,1779240352109372700,da955ac0af1d4e881f266dc7744efa77766d2f5ba4d2637fe0cec1fff7f66a21,2
E:\压裂窜扰项目\02 规范化\阳101H51\阳101H51 邻井压力监测\阳101H51-4-1段压裂施工-1、2、3井秒点压力监测.xlsx,阳101H51,阳101H51,488137,1779686814332858200,1823940f47dde5e66f928fc796f92507fb246fc5223532730306192bcbdda08f,3
E:\压裂窜扰项目\02 规范化\阳101H51\阳101H51 邻井压力监测\阳101H51-4-2段压裂施工-2、3井秒点压力监测-2.xlsx,阳101H51,阳101H51,162168,1780044022060888600,47da89dd0e3bb7ee7248deb56c78f91a895a8e8405478d5dc6d247987a438f4c,2
E:\压裂窜扰项目\02 规范化\阳101H51\阳101H51 邻井压力监测\阳101H51-4-2段压裂施工-2、3井秒点压力监测.xlsx,阳101H51,阳101H51,189551,1780046908358336700,9c813f6d0ae45114c2cd760642daacfa415a8cd9d64b63ab8d29c55b28e43d16,2
E:\压裂窜扰项目\02 规范化\阳101H51\阳101H51 邻井压力监测\阳101H51-4-4段压裂施工-2、3井秒点压力监测.xlsx,阳101H51,阳101H51,160399,1780449742205542000,3abbfb3b76c8d5dc1c73fc3984b66c47a6da916ebf60533b48ff360a41149d38,2
E:\压裂窜扰项目\02 规范化\阳101H51\阳101H51 邻井压力监测\阳101H51-4-5段压裂施工-3、5井秒点压力监测.xlsx,阳101H51,阳101H51,320635,1780631628554712600,7a4c58aad6884e966741370def51d9646ce7247d37395911d3faf4b5ce8c5481,2
E:\压裂窜扰项目\02 规范化\阳101H51\阳101H51 邻井压力监测\阳101H51-4-6段压裂施工-1、2、3井秒点压力监测.xlsx,阳101H51,阳101H51,305811,1781593540552650300,9fee58629099ebe28c53aa97d83b599cc1b29b66e9cc0539ac81347e9ac9263f,3
E:\压裂窜扰项目\02 规范化\阳101H51\阳101H51 邻井压力监测\阳101H51-4-7段压裂施工-2、3井秒点压力监测.xlsx,阳101H51,阳101H51,224099,1782354975319983800,34731a734377913ea60a5efe4435753c018f823f16ba103cd0e526c4315aa587,2
E:\压裂窜扰项目\02 规范化\阳101H51\阳101H51 邻井压力监测\阳101H51-4-8段压裂施工-2、3、5、6井秒点压力监测.xlsx,阳101H51,阳101H51,397339,1783065699850967400,974f6651b76ea6caa82f3dbd04793134605b57c0f9b7ba75c9d7410a90dd4ac9,4
E:\压裂窜扰项目\02 规范化\阳101H51\阳101H51 邻井压力监测\阳101H51-4-9段压裂施工-3、5、6井秒点压力监测.xlsx,阳101H51,阳101H51,497577,1784018288920908500,90270507853f9d0e6e60222c50d8d98d98c2529f1fd1d6efc1a5cdca1eb66e30,3
E:\压裂窜扰项目\02 规范化\阳101H51\阳101H51 邻井压力监测\阳101H51-5-1段压裂施工-6井秒点压力监测.xlsx,阳101H51,阳101H51,268239,1779861471325432000,44e00ffd9bf5f8d73b7c025976fb275bc9ec4b8de61378632a2bb0360fc0f138,1
E:\压裂窜扰项目\02 规范化\阳101H51\阳101H51 邻井压力监测\阳101H51-5-2段压裂施工-4、6井秒点压力监测.xlsx,阳101H51,阳101H51,238963,1781076719849955100,e5081863fead2ee214813bdd34bfffb578519c8721e49f9efe49d2877b9a910c,2
E:\压裂窜扰项目\02 规范化\阳101H51\阳101H51 邻井压力监测\阳101H51-5-3段压裂施工-4、6井秒点压力监测.xlsx,阳101H51,阳101H51,379600,1781250838169017900,f18052073f96fb532945e35a0a4a075193aa819ae8d8181c239300239901301e,2
E:\压裂窜扰项目\02 规范化\阳101H51\阳101H51 邻井压力监测\阳101H51-5-4段压裂施工-4、6井秒点压力监测.xlsx,阳101H51,阳101H51,224428,1781420714532082900,5eb9c7b3cb330e8a0c68c27d2dc0a745f636d7be2edefbc3187e6b4072d6e62d,2
E:\压裂窜扰项目\02 规范化\阳101H51\阳101H51 邻井压力监测\阳101H51-5-5段压裂施工-6井套压压力监测.xlsx,阳101H51,阳101H51,180803,1782015427233394600,72cac70cbaae13d1a9b1f3fcb3bd1e204ca9f9e720b9283fcf2f85fc868d760a,1
E:\压裂窜扰项目\02 规范化\阳101H51\阳101H51 邻井压力监测\阳101H51-5-6段压裂施工-4、6井秒点压力监测.xlsx,阳101H51,阳101H51,310258,1782560605973133000,3811aa092e620b104ab7465b615b71b62ffbe7bc1ec9511c0a2ee136e8c2d397,2
E:\压裂窜扰项目\02 规范化\阳101H51\阳101H51 邻井压力监测\阳101H51-6-10段压裂施工-5井秒点压力监测.xlsx,阳101H51,阳101H51,226514,1782704335240799100,fdb62707a3e019ff70e1ebe0368483a7881b7dbae70c7fa0162d93d904bdee86,1
E:\压裂窜扰项目\02 规范化\阳101H51\阳101H51 邻井压力监测\阳101H51-6-1段压裂施工-5井秒点压力监测.xlsx,阳101H51,阳101H51,188692,1779763397826431100,2546d8242dc24552fa655382248f38c4c670c192ce12917af9f724029ac6c663,1
E:\压裂窜扰项目\02 规范化\阳101H51\阳101H51 邻井压力监测\阳101H51-6-2段压裂施工-5井秒点压力监测.xlsx,阳101H51,阳101H51,265360,1780731357196774900,9db04ed2456a0979920b9d3636c1de8ebb48c1ba6860f05be0d3587d09fba5e4,1
E:\压裂窜扰项目\02 规范化\阳101H51\阳101H51 邻井压力监测\阳101H51-6-3段压裂施工-5井秒点压力监测.xlsx,阳101H51,阳101H51,262585,1780823036890588600,5d2669d05728fc423f07abb88502cb821433a7c5e90337439fa2061220534f11,1
E:\压裂窜扰项目\02 规范化\阳101H51\阳101H51 邻井压力监测\阳101H51-6-4段压裂施工-5井秒点压力监测.xlsx,阳101H51,阳101H51,226675,1780903329173764300,5b202d99eec8f868d9705cceb5bee8aac2a93290f9205eb256ce008ea3b8b668,1
E:\压裂窜扰项目\02 规范化\阳101H51\阳101H51 邻井压力监测\阳101H51-6-5段压裂施工-5井秒点压力监测.xlsx,阳101H51,阳101H51,170326,1780984510845379200,31f3fb1959af57a12358246cd9d8f21b7df16807eb9e7bf2b79aba88e0d4a71a,1
E:\压裂窜扰项目\02 规范化\阳101H51\阳101H51 邻井压力监测\阳101H51-6-6段压裂施工-5井秒点压力监测.xlsx,阳101H51,阳101H51,184670,1781157317254208100,870d5b37d7adcc6cce5994efdcf24ae8277fed582304a112afee93a748c860a8,1
E:\压裂窜扰项目\02 规范化\阳101H51\阳101H51 邻井压力监测\阳101H51-6-7段压裂施工-5井秒点压力监测.xlsx,阳101H51,阳101H51,169799,1781407959342542000,b1a5fd0bec16b409421ed30bea5b5b87f82df1e54f143920a74f46ccc617730c,1
E:\压裂窜扰项目\02 规范化\阳101H51\阳101H51 邻井压力监测\阳101H51-6-9段压裂施工-5井套压压力监测.xlsx,阳101H51,阳101H51,170875,1782199334474273200,744da8594d8c10b719b7caa8bf04b5e50b7ebf2f18c9b66f22952fbe2b42a1b0,1
E:\压裂窜扰项目\02 规范化\阳101H51\阳101H51 邻井压力监测\阳101H51-6井8井压裂施工期间5井压力秒点数据（2026.6.15）.xlsx,阳101H51,阳101H51,159157,1781503187931558000,64387ca1dffd7411b1433b0000a32f45f4b871d15d34a527d08c920e58817ce8,1
E:\压裂窜扰项目\02 规范化\阳101H6\阳101H6 邻井压力监测\阳101H6-6-5段压裂施工-5井套压压力监测.xls,阳101H6,阳101H6,263078,1713848128000000000,4897aa99748a6ae70f72e7c319b424b3fb9f98518de2bdbfd5b35b312b7a5a90,1
E:\压裂窜扰项目\02 规范化\阳101H6\阳101H6 邻井压力监测\阳101H6-7-11段压裂施工-8井套压压力监测.xls,阳101H6,阳101H6,576754,1717837164000000000,481ed4fbe83c913c0d5cad9fbdcd4c2bf3582c65d23e81f19a048ab5d0d06a38,2
E:\压裂窜扰项目\02 规范化\阳101H6\阳101H6 邻井压力监测\阳101H6-8-12段压裂施工-7井套压压力监测.xls,阳101H6,阳101H6,283170,1717596894000000000,f500c3585d09979740bef79bbb7c48e6aea86ece33062488b3426f06dc5a7348,2
E:\压裂窜扰项目\02 规范化\阳101H6\阳101H6 邻井压力监测\阳101H6-8-24段压裂施工-7井秒点压力监测.xls,阳101H6,阳101H6,144301,1720145394000000000,54c158200dab40d0aad3b2512133cb5c413f396a0b1ce27003bc9377e7230e01,1
E:\压裂窜扰项目\02 规范化\阳101H6\阳101H6 邻井压力监测\阳101H6-8-26段压裂施工-7井秒点压力监测.xls,阳101H6,阳101H6,95971,1720246198000000000,74311bc19a38388dd8cb3dcb4023c79aa5ea09a847c50195a9da6b8535121ede,1
E:\压裂窜扰项目\02 规范化\阳101H6\阳101H6 邻井压力监测\阳101H6-8-27段压裂施工-7井秒点压力监测.xls,阳101H6,阳101H6,174796,1720349152000000000,91c5c700256e386c35a34b0c93920dfb0fd40d4d54f7b69148f8d5696c0beffd,1
E:\压裂窜扰项目\02 规范化\阳101H6\阳101H6 邻井压力监测\阳101H6-8-28段压裂施工-7井秒点压力监测.xls,阳101H6,阳101H6,199411,1720410532000000000,06a8cdfb7b2c2dab62c302b69f5a9c10160c541ddd17fa3e9f241cba1a3f63e0,1
E:\压裂窜扰项目\02 规范化\阳101H6\阳101H6 邻井压力监测\阳101H6-8-29段压裂施工-7井秒点压力监测.xls,阳101H6,阳101H6,186161,1720492246000000000,0568aea0e16a48ed78751d4119e88cb441963a34ac2687c2fe60bea350050c74,1
E:\压裂窜扰项目\02 规范化\阳101H6\阳101H6 邻井压力监测\阳101H6-8井-27段压窜图.xls,阳101H6,阳101H6,1650176,1720409788000000000,aff4e4e5c068a44fcdda2831a11c8407cf575e2fb418ad4a8f79e62d793cced6,1
E:\压裂窜扰项目\02 规范化\阳101H6\阳101H6 邻井压力监测\阳101H6-8井-28段压窜资料.xls,阳101H6,阳101H6,2482176,1720412660000000000,ceeee7bcc5a9d2bb7d4af6c016d5aaf08121f0c7a51f179b2d363554cfbcdd17,1
E:\压裂窜扰项目\02 规范化\阳101H6\阳101H6 邻井压力监测\阳101H6-8井-29段压窜图.xls,阳101H6,阳101H6,2375680,1720508008000000000,9c56cf79a90c37c3fa1775a4255c335dc5439693c765be7646399f68d8e1dbcc,1
E:\压裂窜扰项目\02 规范化\阳101H6\阳101H6 邻井压力监测\阳101H6-8井-29段压窜资料.xls,阳101H6,阳101H6,3614208,1720508146000000000,3848a0dc273a77ffbc641e7a3551b97f4a2caf317b774247908e9ee3dec1000c,0
E:\压裂窜扰项目\02 规范化\阳101H75\阳101H75 邻井压力监测\阳101H75-2-6段压裂施工-4、5井套压压力监测.xls,阳101H75,阳101H75,824057,1672045887829930700,935ba4194818989a2aa582c537ad17095cc99df0216a79538097ae8f62f6aede,2
E:\压裂窜扰项目\02 规范化\阳101H75\阳101H75 邻井压力监测\阳101H75-3-9段压裂施工-2井秒点压力监测.xls,阳101H75,阳101H75,133163,1678163004548165500,b29d5627bfd57b3c75487c7a246b1762525721fa529656823c171316e8ccba4d,1
E:\压裂窜扰项目\02 规范化\阳101H75\阳101H75 邻井压力监测\阳101H75-5-6段压裂施工-4井秒点压力监测.xls,阳101H75,阳101H75,197121,1669895410710200100,59ab0608045cf0fa9025a9de4420ad7194ac55b233145984af109d077b72d385,1
E:\压裂窜扰项目\02 规范化\阳101H75\阳101H75 邻井压力监测\阳101H75-5-7段压裂施工-4井秒点压力监测.xls,阳101H75,阳101H75,275691,1669961477298980500,ce547a5f770599bf6dfc2e78b4870ad716d98d5ef92c9f0daaad895f9d82d022,1
E:\压裂窜扰项目\02 规范化\阳101H75\阳101H75 邻井压力监测\阳101H75平台秒点数据_2井_2井第21段3井秒点.xls,阳101H75,阳101H75,179738,1679709738306146600,c8f5a2fa885fa0d80e84c0744c86e896afadcf35050ed4840baebfd911c4bc28,1
E:\压裂窜扰项目\02 规范化\阳101H75\阳101H75 邻井压力监测\阳101H75平台秒点数据_2井_3井秒点数据（2井第16段）.xls,阳101H75,阳101H75,198524,1678703708199068300,d5a4c7502bb0e1396a4c05bca6cb078b79da7a4f2f2c0588d23d35816e016d8d,1
E:\压裂窜扰项目\02 规范化\阳101H75\阳101H75 邻井压力监测\阳101H75平台秒点数据_3井_3井第10段2井秒点数据2023.3.8.xls,阳101H75,阳101H75,185949,1678242516987364300,e584753a49c78718d7412f59212f257cbde53b888ec6ef93f6bcbc3263e745fd,1
E:\压裂窜扰项目\02 规范化\阳101H75\阳101H75 邻井压力监测\阳101H75平台秒点数据_4井_4井5井秒点数据2023.2.22（6井9段）.xls,阳101H75,阳101H75,262697,1677039913205529600,f3a5a8f2dd49799c1e5afe9159e52b1278a7286475bcf126a8343e8aa17173d4,2
E:\压裂窜扰项目\02 规范化\阳101H75\阳101H75 邻井压力监测\阳101H75平台秒点数据_4井_4井5井秒点数据（6井8段）.xls,阳101H75,阳101H75,262795,1676693973634243500,722d0890e9b6cccefa95863239d7ada9a5f473d70d753d151c0451bd90f97785,2
E:\压裂窜扰项目\02 规范化\阳101H75\阳101H75 邻井压力监测\阳101H75平台秒点数据_4井_4井第2段5井压力监测.xls,阳101H75,阳101H75,590068,1671698230161381100,21b03276a7a612d30a23ff7ad2a260aed2b9fe3b27cb30553db7ae7eab1e068a,1
E:\压裂窜扰项目\02 规范化\阳101H75\阳101H75 邻井压力监测\阳101H75平台秒点数据_6井_2023.2.13压裂6井第6段期间4井秒点.xls,阳101H75,阳101H75,195796,1676257517648939900,0ea5b814691f780562eaf3fd1fda70b462adc9b6779b7ebfb586724bde7015c2,1
E:\压裂窜扰项目\02 规范化\阳101H75\阳101H75 邻井压力监测\阳101H75平台秒点数据_6井_2023.2.13压裂6井第6段期间5井秒点.xls,阳101H75,阳101H75,195993,1676257517288079400,466c19b534cfd122553712ecbe7db53f796f9a128a89127f2cc447006b5a4064,1
E:\压裂窜扰项目\02 规范化\阳101H75\阳101H75 邻井压力监测\阳101H75平台秒点数据_6井_6井第11段临井压力监测秒点数据.xls,阳101H75,阳101H75,241506,1677655975902759900,c017dbcb39fa7da2e5abaad6e0b99890577b24c403ecda9b97c401041206cfd6,2
E:\压裂窜扰项目\02 规范化\阳101H75\阳101H75 邻井压力监测\阳101H75平台秒点数据_6井_6井第7段4井5井压力.xls,阳101H75,阳101H75,250021,1676516777416484300,1e66e9ff1e2d6ba5a83668df3fd056dc4e757927c544218979a32db66487fd36,2
E:\压裂窜扰项目\02 规范化\阳101H75\阳101H75 邻井压力监测\阳101H75平台秒点数据_6井_六井第十段临井压力监测秒点数据.xls,阳101H75,阳101H75,282704,1677326909616444800,dd416e0b6f489fc71b6bf4461f131d3c1f9cb6da4a042b4e43cbcbc14ac0bb6e,2
