file,sheet,nrows,ncols,status,reason
E:\压裂窜扰项目\02 规范化\不重要的\泸206H10\泸206H10 邻井压力监测\新建文件夹_4井_4井第11段压裂期间-2.、3井压力.xlsx,4井第11段压裂期间-2.、3井压力,11461.0,3.0,已提取,2个通道
E:\压裂窜扰项目\02 规范化\不重要的\泸206H10\泸206H10 邻井压力监测\新建文件夹_4井_4井第7段压裂期间-3井压力.xlsx,4井第7段压裂期间-3井压力,10921.0,2.0,已提取,1个通道
E:\压裂窜扰项目\02 规范化\不重要的\泸206H10\泸206H10 邻井压力监测\新建文件夹_4井_4井第9段压裂期间-3井压力.xlsx,4井第9段压裂期间-3井压力,10795.0,2.0,已提取,1个通道
E:\压裂窜扰项目\02 规范化\不重要的\泸206H10\泸206H10 邻井压力监测\泸206H10-2-10段压裂施工-3、5井压力监测.xlsx,2井第10段压裂期间-3、5压力,9361.0,3.0,已提取,2个通道
E:\压裂窜扰项目\02 规范化\不重要的\泸206H10\泸206H10 邻井压力监测\泸206H10-2-15段压裂施工-1、3、4、5井压力监测.xlsx,2井第15段压裂期间-1、3、4、5井压力,4454.0,5.0,已提取,4个通道
E:\压裂窜扰项目\02 规范化\不重要的\泸206H10\泸206H10 邻井压力监测\泸206H10-2-7段压裂施工-3、4井压力监测.xlsx,2井第7段压裂期间-3、4井压力,9301.0,3.0,已提取,2个通道
E:\压裂窜扰项目\02 规范化\不重要的\泸206H10\泸206H10 邻井压力监测\泸206H10-2-8段压裂施工-3、4井压力监测.xlsx,2井第8段压裂期间-3、4井压力,8401.0,3.0,已提取,2个通道
E:\压裂窜扰项目\02 规范化\不重要的\泸206H10\泸206H10 邻井压力监测\泸206H10-3-10段压裂施工-1、2、4、5井压力监测.xlsx,3井第10段压裂期间-1、2、4、5井压力,9916.0,5.0,已提取,3个通道
E:\压裂窜扰项目\02 规范化\不重要的\泸206H10\泸206H10 邻井压力监测\泸206H10-3-11段压裂施工-1、2、4、5井压力监测.xlsx,3井第11段压裂期间-1、2、4、5井压力,15013.0,5.0,已提取,3个通道
E:\压裂窜扰项目\02 规范化\不重要的\泸206H10\泸206H10 邻井压力监测\泸206H10-3-12段压裂施工-1、2、4、5井压力监测.xlsx,3井第12段压裂期间-1、2、4、5井压力,9121.0,5.0,已提取,4个通道
E:\压裂窜扰项目\02 规范化\不重要的\泸206H10\泸206H10 邻井压力监测\泸206H10-3-2段压裂施工-2、4井压力监测.xlsx,3井第2段压裂期间-2、4井压力,22738.0,5.0,已提取,2个通道
E:\压裂窜扰项目\02 规范化\不重要的\泸206H10\泸206H10 邻井压力监测\泸206H10-3-3段压裂施工-2、4井压力监测.xlsx,3井第3段压裂期间-2、4井压力,17401.0,5.0,已提取,2个通道
E:\压裂窜扰项目\02 规范化\不重要的\泸206H10\泸206H10 邻井压力监测\泸206H10-3-4段压裂施工-2、4井压力监测.xlsx,3井第4段压裂期间-2、4井压力,8883.0,3.0,已提取,2个通道
E:\压裂窜扰项目\02 规范化\不重要的\泸206H10\泸206H10 邻井压力监测\泸206H10-3-5段压裂施工-2、4井压力监测.xlsx,3井第5段压裂期间-2、4井压力,8362.0,3.0,已提取,2个通道
E:\压裂窜扰项目\02 规范化\不重要的\泸206H10\泸206H10 邻井压力监测\泸206H10-3-7段压裂施工-1、2、4、5井压力监测.xlsx,3井第7段压裂期间-1、2、4、5压力,12061.0,5.0,已提取,4个通道
E:\压裂窜扰项目\02 规范化\不重要的\泸206H10\泸206H10 邻井压力监测\泸206H10-3-9段压裂施工-1、2、4、5井压力监测.xlsx,3井第9段压裂期间-1、2、4、5压力,12901.0,5.0,已提取,4个通道
E:\压裂窜扰项目\02 规范化\不重要的\泸206H10\泸206H10 邻井压力监测\泸206H10-4-10段压裂施工-2、3井压力监测.xlsx,4井第10段压裂期间-2、3井压力,10681.0,3.0,已提取,2个通道
E:\压裂窜扰项目\02 规范化\不重要的\泸206H10\泸206H10 邻井压力监测\泸206H10-4-14段压裂施工-1、2、3、5井压力监测.xlsx,4井第14段压裂期间-1、2、3、5井压力,10098.0,5.0,已提取,4个通道
E:\压裂窜扰项目\02 规范化\不重要的\泸206H10\泸206H10 邻井压力监测\泸206H10-4-8段压裂施工-2、3井压力监测.xlsx,4井第8段压裂期间-2、3井压力,11471.0,3.0,已提取,2个通道
E:\压裂窜扰项目\02 规范化\不重要的\自205H1\自205H1 邻井压力监测\自205H1平台5-8井监测数据-2.xlsx,5-8,123.0,32.0,未提取压力通道,0个通道
E:\压裂窜扰项目\02 规范化\不重要的\自205H1\自205H1 邻井压力监测\自205H1平台5-8井监测数据.xlsx,5-8,123.0,32.0,未提取压力通道,0个通道
E:\压裂窜扰项目\02 规范化\不重要的\阳101H2\补充来源_常规汇总\2_邻井压力监测\阳101H26平台各井压裂分数据   叠合图.12.14.xlsx,1井,299.0,6.0,已提取,1个通道
E:\压裂窜扰项目\02 规范化\不重要的\阳101H2\补充来源_常规汇总\2_邻井压力监测\阳101H26平台各井压裂分数据   叠合图.12.14.xlsx,2井,299.0,6.0,已提取,1个通道
E:\压裂窜扰项目\02 规范化\不重要的\阳101H2\补充来源_常规汇总\2_邻井压力监测\阳101H26平台各井压裂分数据   叠合图.12.14.xlsx,3井,299.0,4.0,未提取压力通道,0个通道
E:\压裂窜扰项目\02 规范化\不重要的\阳101H2\补充来源_常规汇总\2_邻井压力监测\阳101H26平台各井压裂分数据   叠合图.12.14.xlsx,4井,299.0,6.0,已提取,1个通道
E:\压裂窜扰项目\02 规范化\不重要的\阳101H2\补充来源_常规汇总\2_邻井压力监测\阳101H26平台各井压裂分数据.   叠合图12.13(2).xlsx,1井,284.0,6.0,已提取,1个通道
E:\压裂窜扰项目\02 规范化\不重要的\阳101H2\补充来源_常规汇总\2_邻井压力监测\阳101H26平台各井压裂分数据.   叠合图12.13(2).xlsx,2井,284.0,6.0,已提取,1个通道
E:\压裂窜扰项目\02 规范化\不重要的\阳101H2\补充来源_常规汇总\2_邻井压力监测\阳101H26平台各井压裂分数据.   叠合图12.13(2).xlsx,3井,284.0,7.0,已提取,1个通道
E:\压裂窜扰项目\02 规范化\不重要的\阳101H2\补充来源_常规汇总\2_邻井压力监测\阳101H26平台各井压裂分数据.   叠合图12.13(2).xlsx,4井,284.0,6.0,已提取,1个通道
E:\压裂窜扰项目\02 规范化\不重要的\阳101H2\补充来源_常规汇总\2_邻井压力监测\阳101H26平台各井压裂分数据.12.12(1).xlsx,4井,298.0,6.0,已提取,1个通道
E:\压裂窜扰项目\02 规范化\不重要的\阳101H2\补充来源_常规汇总\2_邻井压力监测\阳101H26平台各井压裂分数据.12.12(1).xlsx,3井,298.0,6.0,已提取,1个通道
E:\压裂窜扰项目\02 规范化\不重要的\阳101H2\补充来源_常规汇总\2_邻井压力监测\阳101H26平台各井压裂分数据.12.12(1).xlsx,2井,298.0,6.0,已提取,1个通道
E:\压裂窜扰项目\02 规范化\不重要的\阳101H2\补充来源_常规汇总\2_邻井压力监测\阳101H26平台各井压裂分数据.12.12(1).xlsx,1井,298.0,6.0,已提取,1个通道
E:\压裂窜扰项目\02 规范化\不重要的\阳101H2\补充来源_常规汇总\2_邻井压力监测\阳101H26平台各井压裂分数据.12.12.xlsx,4井,298.0,6.0,已提取,1个通道
E:\压裂窜扰项目\02 规范化\不重要的\阳101H2\补充来源_常规汇总\2_邻井压力监测\阳101H26平台各井压裂分数据.12.12.xlsx,3井,298.0,6.0,已提取,1个通道
E:\压裂窜扰项目\02 规范化\不重要的\阳101H2\补充来源_常规汇总\2_邻井压力监测\阳101H26平台各井压裂分数据.12.12.xlsx,2井,298.0,6.0,已提取,1个通道
E:\压裂窜扰项目\02 规范化\不重要的\阳101H2\补充来源_常规汇总\2_邻井压力监测\阳101H26平台各井压裂分数据.12.12.xlsx,1井,298.0,6.0,已提取,1个通道
E:\压裂窜扰项目\02 规范化\不重要的\阳101H2\补充来源_常规汇总\2_邻井压力监测\阳101H26平台各井压裂分数据.12.13(1).xlsx,1井,285.0,6.0,已提取,1个通道
E:\压裂窜扰项目\02 规范化\不重要的\阳101H2\补充来源_常规汇总\2_邻井压力监测\阳101H26平台各井压裂分数据.12.13(1).xlsx,2井,285.0,6.0,已提取,1个通道
E:\压裂窜扰项目\02 规范化\不重要的\阳101H2\补充来源_常规汇总\2_邻井压力监测\阳101H26平台各井压裂分数据.12.13(1).xlsx,3井,285.0,6.0,已提取,1个通道
E:\压裂窜扰项目\02 规范化\不重要的\阳101H2\补充来源_常规汇总\2_邻井压力监测\阳101H26平台各井压裂分数据.12.13(1).xlsx,4井,285.0,6.0,已提取,1个通道
E:\压裂窜扰项目\02 规范化\不重要的\阳101H2\补充来源_常规汇总\2_邻井压力监测\阳101H26平台各井压裂分数据.12.13(2).xlsx,1井,284.0,6.0,已提取,1个通道
E:\压裂窜扰项目\02 规范化\不重要的\阳101H2\补充来源_常规汇总\2_邻井压力监测\阳101H26平台各井压裂分数据.12.13(2).xlsx,2井,284.0,6.0,已提取,1个通道
E:\压裂窜扰项目\02 规范化\不重要的\阳101H2\补充来源_常规汇总\2_邻井压力监测\阳101H26平台各井压裂分数据.12.13(2).xlsx,3井,284.0,6.0,已提取,1个通道
E:\压裂窜扰项目\02 规范化\不重要的\阳101H2\补充来源_常规汇总\2_邻井压力监测\阳101H26平台各井压裂分数据.12.13(2).xlsx,4井,284.0,6.0,已提取,1个通道
E:\压裂窜扰项目\02 规范化\不重要的\阳101H2\补充来源_常规汇总\2_邻井压力监测\阳101H26平台各井压裂分数据.12.14(1).xlsx,1井,299.0,6.0,已提取,1个通道
E:\压裂窜扰项目\02 规范化\不重要的\阳101H2\补充来源_常规汇总\2_邻井压力监测\阳101H26平台各井压裂分数据.12.14(1).xlsx,2井,301.0,6.0,已提取,1个通道
E:\压裂窜扰项目\02 规范化\不重要的\阳101H2\补充来源_常规汇总\2_邻井压力监测\阳101H26平台各井压裂分数据.12.14(1).xlsx,3井,300.0,6.0,已提取,1个通道
E:\压裂窜扰项目\02 规范化\不重要的\阳101H2\补充来源_常规汇总\2_邻井压力监测\阳101H26平台各井压裂分数据.12.14(1).xlsx,4井,300.0,6.0,已提取,1个通道
E:\压裂窜扰项目\02 规范化\不重要的\阳101H2\补充来源_常规汇总\2_邻井压力监测\阳101H26平台各井压裂分数据.12.16(1).xlsx,1井,287.0,6.0,已提取,1个通道
E:\压裂窜扰项目\02 规范化\不重要的\阳101H2\补充来源_常规汇总\2_邻井压力监测\阳101H26平台各井压裂分数据.12.16(1).xlsx,2井,287.0,6.0,已提取,1个通道
E:\压裂窜扰项目\02 规范化\不重要的\阳101H2\补充来源_常规汇总\2_邻井压力监测\阳101H26平台各井压裂分数据.12.16(1).xlsx,3井,287.0,6.0,已提取,1个通道
E:\压裂窜扰项目\02 规范化\不重要的\阳101H2\补充来源_常规汇总\2_邻井压力监测\阳101H26平台各井压裂分数据.12.16(1).xlsx,4井,287.0,6.0,已提取,1个通道
E:\压裂窜扰项目\02 规范化\不重要的\阳101H2\补充来源_常规汇总\2_邻井压力监测\阳101H26平台各井压裂分数据.12.17.xlsx,1井,206.0,6.0,已提取,1个通道
E:\压裂窜扰项目\02 规范化\不重要的\阳101H2\补充来源_常规汇总\2_邻井压力监测\阳101H26平台各井压裂分数据.12.17.xlsx,2井,206.0,6.0,已提取,1个通道
E:\压裂窜扰项目\02 规范化\不重要的\阳101H2\补充来源_常规汇总\2_邻井压力监测\阳101H26平台各井压裂分数据.12.17.xlsx,3井,206.0,6.0,已提取,1个通道
E:\压裂窜扰项目\02 规范化\不重要的\阳101H2\补充来源_常规汇总\2_邻井压力监测\阳101H26平台各井压裂分数据.12.17.xlsx,4井,206.0,6.0,已提取,1个通道
E:\压裂窜扰项目\02 规范化\不重要的\阳101H2\补充来源_常规汇总\2_邻井压力监测\阳101H26平台各井压裂分数据.12.19(1).xlsx,1井,262.0,6.0,已提取,1个通道
E:\压裂窜扰项目\02 规范化\不重要的\阳101H2\补充来源_常规汇总\2_邻井压力监测\阳101H26平台各井压裂分数据.12.19(1).xlsx,2井,262.0,6.0,已提取,1个通道
E:\压裂窜扰项目\02 规范化\不重要的\阳101H2\补充来源_常规汇总\2_邻井压力监测\阳101H26平台各井压裂分数据.12.19(1).xlsx,3井,263.0,6.0,已提取,1个通道
E:\压裂窜扰项目\02 规范化\不重要的\阳101H2\补充来源_常规汇总\2_邻井压力监测\阳101H26平台各井压裂分数据.12.19(1).xlsx,4井,262.0,6.0,已提取,1个通道
E:\压裂窜扰项目\02 规范化\不重要的\阳101H2\补充来源_常规汇总\2_邻井压力监测\阳101H26平台各井压裂分数据.12.26(1).xlsx,1井,278.0,6.0,已提取,1个通道
E:\压裂窜扰项目\02 规范化\不重要的\阳101H2\补充来源_常规汇总\2_邻井压力监测\阳101H26平台各井压裂分数据.12.26(1).xlsx,2井,278.0,6.0,已提取,1个通道
E:\压裂窜扰项目\02 规范化\不重要的\阳101H2\补充来源_常规汇总\2_邻井压力监测\阳101H26平台各井压裂分数据.12.26(1).xlsx,3井,278.0,6.0,已提取,1个通道
E:\压裂窜扰项目\02 规范化\不重要的\阳101H2\补充来源_常规汇总\2_邻井压力监测\阳101H26平台各井压裂分数据.12.26(1).xlsx,4井,278.0,6.0,已提取,1个通道
E:\压裂窜扰项目\02 规范化\不重要的\阳101H2\补充来源_常规汇总\2_邻井压力监测\阳101H26平台各井压裂分数据.12.27.xlsx,1井,314.0,6.0,已提取,1个通道
E:\压裂窜扰项目\02 规范化\不重要的\阳101H2\补充来源_常规汇总\2_邻井压力监测\阳101H26平台各井压裂分数据.12.27.xlsx,2井,314.0,6.0,已提取,1个通道
E:\压裂窜扰项目\02 规范化\不重要的\阳101H2\补充来源_常规汇总\2_邻井压力监测\阳101H26平台各井压裂分数据.12.27.xlsx,3井,314.0,6.0,已提取,1个通道
E:\压裂窜扰项目\02 规范化\不重要的\阳101H2\补充来源_常规汇总\2_邻井压力监测\阳101H26平台各井压裂分数据.12.27.xlsx,4井,314.0,6.0,已提取,1个通道
E:\压裂窜扰项目\02 规范化\不重要的\阳101H2\补充来源_常规汇总\2_邻井压力监测\阳101H26平台各井压裂分数据.12.29.xlsx,1井,257.0,6.0,已提取,1个通道
E:\压裂窜扰项目\02 规范化\不重要的\阳101H2\补充来源_常规汇总\2_邻井压力监测\阳101H26平台各井压裂分数据.12.29.xlsx,2井,257.0,6.0,已提取,1个通道
E:\压裂窜扰项目\02 规范化\不重要的\阳101H2\补充来源_常规汇总\2_邻井压力监测\阳101H26平台各井压裂分数据.12.29.xlsx,3井,257.0,6.0,已提取,1个通道
E:\压裂窜扰项目\02 规范化\不重要的\阳101H2\补充来源_常规汇总\2_邻井压力监测\阳101H26平台各井压裂分数据.12.29.xlsx,4井,257.0,6.0,已提取,1个通道
E:\压裂窜扰项目\02 规范化\不重要的\阳101H2\补充来源_常规汇总\2_邻井压力监测\阳101H26平台各井压裂分数据.12.29__B1DD799A.xlsx,1井,156.0,6.0,已提取,1个通道
E:\压裂窜扰项目\02 规范化\不重要的\阳101H2\补充来源_常规汇总\2_邻井压力监测\阳101H26平台各井压裂分数据.12.29__B1DD799A.xlsx,2井,156.0,6.0,已提取,1个通道
E:\压裂窜扰项目\02 规范化\不重要的\阳101H2\补充来源_常规汇总\2_邻井压力监测\阳101H26平台各井压裂分数据.12.29__B1DD799A.xlsx,3井,156.0,6.0,已提取,1个通道
E:\压裂窜扰项目\02 规范化\不重要的\阳101H2\补充来源_常规汇总\2_邻井压力监测\阳101H26平台各井压裂分数据.12.29__B1DD799A.xlsx,4井,156.0,6.0,已提取,1个通道
E:\压裂窜扰项目\02 规范化\不重要的\阳101H2\阳101H2 邻井压力监测\4井3段 施工邻井压力叠合图  (1).xlsx,Sheet1,29.0,52.0,已提取,12个通道
E:\压裂窜扰项目\02 规范化\不重要的\阳101H2\阳101H2 邻井压力监测\4井3段 施工邻井压力叠合图  (1).xlsx,Sheet2,0.0,0.0,无可用序列,空表或有效行列过少
E:\压裂窜扰项目\02 规范化\不重要的\阳101H2\阳101H2 邻井压力监测\4井3段 施工邻井压力叠合图  (1).xlsx,Sheet3,0.0,0.0,无可用序列,空表或有效行列过少
E:\压裂窜扰项目\02 规范化\不重要的\阳101H2\阳101H2 邻井压力监测\4井8：00到13：40套压数据.xls,导出数据,26.0,2.0,未提取压力通道,0个通道
E:\压裂窜扰项目\02 规范化\不重要的\阳101H2\阳101H2 邻井压力监测\4井第5段（6井套压秒点数据）.xls,导出数据,13624.0,2.0,未提取压力通道,0个通道
E:\压裂窜扰项目\02 规范化\不重要的\阳101H2\阳101H2 邻井压力监测\5井套压分点数据11.6.xls,导出数据,199.0,2.0,未提取压力通道,0个通道
E:\压裂窜扰项目\02 规范化\不重要的\阳101H2\阳101H2 邻井压力监测\5井套压秒点.xlsx,导出数据,11702.0,2.0,已提取,1个通道
E:\压裂窜扰项目\02 规范化\不重要的\阳101H2\阳101H2 邻井压力监测\压裂质量数量监控表1.2 2井19段   叠合图  ..xlsx,1.邻井压力监测表,24.0,26.0,已提取,2个通道
E:\压裂窜扰项目\02 规范化\不重要的\阳101H2\阳101H2 邻井压力监测\压裂质量数量监控表1.2 2井19段   叠合图  ..xlsx,2.井口阀门监控表,19.0,14.0,非时序压力表,工况、数量或阶段汇总表
E:\压裂窜扰项目\02 规范化\不重要的\阳101H2\阳101H2 邻井压力监测\压裂质量数量监控表1.2 2井19段   叠合图  ..xlsx,3.液量、砂量核实表,65.0,24.0,非时序压力表,工况、数量或阶段汇总表
E:\压裂窜扰项目\02 规范化\不重要的\阳101H2\阳101H2 邻井压力监测\压裂质量数量监控表1.4 2井21段 ..xlsx,1.邻井压力监测表,25.0,19.0,已提取,2个通道
E:\压裂窜扰项目\02 规范化\不重要的\阳101H2\阳101H2 邻井压力监测\压裂质量数量监控表1.4 2井21段 ..xlsx,2.井口阀门监控表,19.0,14.0,非时序压力表,工况、数量或阶段汇总表
E:\压裂窜扰项目\02 规范化\不重要的\阳101H2\阳101H2 邻井压力监测\压裂质量数量监控表1.4 2井21段 ..xlsx,3.液量、砂量核实表,65.0,24.0,非时序压力表,工况、数量或阶段汇总表
E:\压裂窜扰项目\02 规范化\不重要的\阳101H2\阳101H2 邻井压力监测\压裂质量数量监控表1.5 2井22段 ..xlsx,1.邻井压力监测表,39.0,19.0,已提取,2个通道
E:\压裂窜扰项目\02 规范化\不重要的\阳101H2\阳101H2 邻井压力监测\压裂质量数量监控表1.5 2井22段 ..xlsx,2.井口阀门监控表,19.0,14.0,非时序压力表,工况、数量或阶段汇总表
E:\压裂窜扰项目\02 规范化\不重要的\阳101H2\阳101H2 邻井压力监测\压裂质量数量监控表1.5 2井22段 ..xlsx,3.液量、砂量核实表,65.0,24.0,非时序压力表,工况、数量或阶段汇总表
E:\压裂窜扰项目\02 规范化\不重要的\阳101H2\阳101H2 邻井压力监测\压裂质量数量监控表12.10 2井1段.xlsx,1.邻井压力监测表,24.0,44.0,解析失败,没有至少5个可解释时间点
E:\压裂窜扰项目\02 规范化\不重要的\阳101H2\阳101H2 邻井压力监测\压裂质量数量监控表12.10 2井1段.xlsx,2.井口阀门监控表,19.0,14.0,非时序压力表,工况、数量或阶段汇总表
E:\压裂窜扰项目\02 规范化\不重要的\阳101H2\阳101H2 邻井压力监测\压裂质量数量监控表12.10 2井1段.xlsx,3.液量、砂量核实表,65.0,24.0,非时序压力表,工况、数量或阶段汇总表
E:\压裂窜扰项目\02 规范化\不重要的\阳101H2\阳101H2 邻井压力监测\压裂质量数量监控表12.10 4井17段.xlsx,1.邻井压力监测表,34.0,44.0,解析失败,没有至少5个可解释时间点
E:\压裂窜扰项目\02 规范化\不重要的\阳101H2\阳101H2 邻井压力监测\压裂质量数量监控表12.10 4井17段.xlsx,2.井口阀门监控表,19.0,14.0,非时序压力表,工况、数量或阶段汇总表
E:\压裂窜扰项目\02 规范化\不重要的\阳101H2\阳101H2 邻井压力监测\压裂质量数量监控表12.10 4井17段.xlsx,3.液量、砂量核实表,65.0,24.0,非时序压力表,工况、数量或阶段汇总表
E:\压裂窜扰项目\02 规范化\不重要的\阳101H2\阳101H2 邻井压力监测\压裂质量数量监控表12.11    邻井叠合图 2井2段.xlsx,1.邻井压力监测表,28.0,76.0,解析失败,没有至少5个可解释时间点
E:\压裂窜扰项目\02 规范化\不重要的\阳101H2\阳101H2 邻井压力监测\压裂质量数量监控表12.11    邻井叠合图 2井2段.xlsx,2.井口阀门监控表,19.0,14.0,非时序压力表,工况、数量或阶段汇总表
E:\压裂窜扰项目\02 规范化\不重要的\阳101H2\阳101H2 邻井压力监测\压裂质量数量监控表12.11    邻井叠合图 2井2段.xlsx,3.液量、砂量核实表,65.0,24.0,非时序压力表,工况、数量或阶段汇总表
E:\压裂窜扰项目\02 规范化\不重要的\阳101H2\阳101H2 邻井压力监测\压裂质量数量监控表12.11 4井18段.xlsx,1.邻井压力监测表,26.0,44.0,解析失败,没有至少5个可解释时间点
E:\压裂窜扰项目\02 规范化\不重要的\阳101H2\阳101H2 邻井压力监测\压裂质量数量监控表12.11 4井18段.xlsx,2.井口阀门监控表,19.0,14.0,非时序压力表,工况、数量或阶段汇总表
E:\压裂窜扰项目\02 规范化\不重要的\阳101H2\阳101H2 邻井压力监测\压裂质量数量监控表12.11 4井18段.xlsx,3.液量、砂量核实表,65.0,24.0,非时序压力表,工况、数量或阶段汇总表
E:\压裂窜扰项目\02 规范化\不重要的\阳101H2\阳101H2 邻井压力监测\压裂质量数量监控表12.12 2井3段.xlsx,1.邻井压力监测表,25.0,44.0,解析失败,没有至少5个可解释时间点
E:\压裂窜扰项目\02 规范化\不重要的\阳101H2\阳101H2 邻井压力监测\压裂质量数量监控表12.12 2井3段.xlsx,2.井口阀门监控表,19.0,14.0,非时序压力表,工况、数量或阶段汇总表
E:\压裂窜扰项目\02 规范化\不重要的\阳101H2\阳101H2 邻井压力监测\压裂质量数量监控表12.12 2井3段.xlsx,3.液量、砂量核实表,65.0,24.0,非时序压力表,工况、数量或阶段汇总表
E:\压裂窜扰项目\02 规范化\不重要的\阳101H2\阳101H2 邻井压力监测\压裂质量数量监控表12.13 4井20段.xlsx,1.邻井压力监测表,25.0,44.0,解析失败,没有至少5个可解释时间点
E:\压裂窜扰项目\02 规范化\不重要的\阳101H2\阳101H2 邻井压力监测\压裂质量数量监控表12.13 4井20段.xlsx,2.井口阀门监控表,19.0,14.0,非时序压力表,工况、数量或阶段汇总表
E:\压裂窜扰项目\02 规范化\不重要的\阳101H2\阳101H2 邻井压力监测\压裂质量数量监控表12.13 4井20段.xlsx,3.液量、砂量核实表,65.0,24.0,非时序压力表,工况、数量或阶段汇总表
E:\压裂窜扰项目\02 规范化\不重要的\阳101H2\阳101H2 邻井压力监测\压裂质量数量监控表12.22 2井9段.xlsx,1.邻井压力监测表,22.0,19.0,已提取,2个通道
E:\压裂窜扰项目\02 规范化\不重要的\阳101H2\阳101H2 邻井压力监测\压裂质量数量监控表12.22 2井9段.xlsx,2.井口阀门监控表,19.0,14.0,非时序压力表,工况、数量或阶段汇总表
E:\压裂窜扰项目\02 规范化\不重要的\阳101H2\阳101H2 邻井压力监测\压裂质量数量监控表12.22 2井9段.xlsx,3.液量、砂量核实表,65.0,24.0,非时序压力表,工况、数量或阶段汇总表
E:\压裂窜扰项目\02 规范化\不重要的\阳101H2\阳101H2 邻井压力监测\压裂质量数量监控表12.26 2井12段.xlsx,1.邻井压力监测表,25.0,19.0,已提取,2个通道
E:\压裂窜扰项目\02 规范化\不重要的\阳101H2\阳101H2 邻井压力监测\压裂质量数量监控表12.26 2井12段.xlsx,2.井口阀门监控表,19.0,14.0,非时序压力表,工况、数量或阶段汇总表
E:\压裂窜扰项目\02 规范化\不重要的\阳101H2\阳101H2 邻井压力监测\压裂质量数量监控表12.26 2井12段.xlsx,3.液量、砂量核实表,65.0,24.0,非时序压力表,工况、数量或阶段汇总表
E:\压裂窜扰项目\02 规范化\不重要的\阳101H2\阳101H2 邻井压力监测\压裂质量数量监控表12.27 2井13段.xlsx,1.邻井压力监测表,27.0,19.0,已提取,2个通道
E:\压裂窜扰项目\02 规范化\不重要的\阳101H2\阳101H2 邻井压力监测\压裂质量数量监控表12.27 2井13段.xlsx,2.井口阀门监控表,19.0,14.0,非时序压力表,工况、数量或阶段汇总表
E:\压裂窜扰项目\02 规范化\不重要的\阳101H2\阳101H2 邻井压力监测\压裂质量数量监控表12.27 2井13段.xlsx,3.液量、砂量核实表,65.0,24.0,非时序压力表,工况、数量或阶段汇总表
E:\压裂窜扰项目\02 规范化\不重要的\阳101H2\阳101H2 邻井压力监测\压裂质量数量监控表12.28 2井15段.xlsx,1.邻井压力监测表,24.0,19.0,已提取,2个通道
E:\压裂窜扰项目\02 规范化\不重要的\阳101H2\阳101H2 邻井压力监测\压裂质量数量监控表12.28 2井15段.xlsx,2.井口阀门监控表,19.0,14.0,非时序压力表,工况、数量或阶段汇总表
E:\压裂窜扰项目\02 规范化\不重要的\阳101H2\阳101H2 邻井压力监测\压裂质量数量监控表12.28 2井15段.xlsx,3.液量、砂量核实表,65.0,24.0,非时序压力表,工况、数量或阶段汇总表
E:\压裂窜扰项目\02 规范化\不重要的\阳101H2\阳101H2 邻井压力监测\压裂质量数量监控表12.30 2井16段.xlsx,1.邻井压力监测表,26.0,19.0,已提取,2个通道
E:\压裂窜扰项目\02 规范化\不重要的\阳101H2\阳101H2 邻井压力监测\压裂质量数量监控表12.30 2井16段.xlsx,2.井口阀门监控表,19.0,14.0,非时序压力表,工况、数量或阶段汇总表
E:\压裂窜扰项目\02 规范化\不重要的\阳101H2\阳101H2 邻井压力监测\压裂质量数量监控表12.30 2井16段.xlsx,3.液量、砂量核实表,65.0,24.0,非时序压力表,工况、数量或阶段汇总表
E:\压裂窜扰项目\02 规范化\不重要的\阳101H2\阳101H2 邻井压力监测\压裂质量数量监控表12.30 5井23段.xlsx,1.邻井压力监测表,17.0,19.0,已提取,2个通道
E:\压裂窜扰项目\02 规范化\不重要的\阳101H2\阳101H2 邻井压力监测\压裂质量数量监控表12.30 5井23段.xlsx,2.井口阀门监控表,19.0,14.0,非时序压力表,工况、数量或阶段汇总表
E:\压裂窜扰项目\02 规范化\不重要的\阳101H2\阳101H2 邻井压力监测\压裂质量数量监控表12.30 5井23段.xlsx,3.液量、砂量核实表,65.0,24.0,非时序压力表,工况、数量或阶段汇总表
E:\压裂窜扰项目\02 规范化\不重要的\阳101H2\阳101H2 邻井压力监测\压裂质量数量监控表12.6 6井19段.xlsx,1.邻井压力监测表,45.0,44.0,解析失败,没有至少5个可解释时间点
E:\压裂窜扰项目\02 规范化\不重要的\阳101H2\阳101H2 邻井压力监测\压裂质量数量监控表12.6 6井19段.xlsx,2.井口阀门监控表,19.0,14.0,非时序压力表,工况、数量或阶段汇总表
E:\压裂窜扰项目\02 规范化\不重要的\阳101H2\阳101H2 邻井压力监测\压裂质量数量监控表12.6 6井19段.xlsx,3.液量、砂量核实表,65.0,24.0,非时序压力表,工况、数量或阶段汇总表
E:\压裂窜扰项目\02 规范化\不重要的\阳101H2\阳101H2 邻井压力监测\压裂质量数量监控表12.6 6井19段叠合图.xlsx,1.邻井压力监测表,45.0,50.0,解析失败,没有至少5个可解释时间点
E:\压裂窜扰项目\02 规范化\不重要的\阳101H2\阳101H2 邻井压力监测\压裂质量数量监控表12.6 6井19段叠合图.xlsx,2.井口阀门监控表,19.0,14.0,非时序压力表,工况、数量或阶段汇总表
E:\压裂窜扰项目\02 规范化\不重要的\阳101H2\阳101H2 邻井压力监测\压裂质量数量监控表12.6 6井19段叠合图.xlsx,3.液量、砂量核实表,65.0,24.0,非时序压力表,工况、数量或阶段汇总表
E:\压裂窜扰项目\02 规范化\不重要的\阳101H2\阳101H2 邻井压力监测\压裂质量数量监控表12.7 4井15段.xlsx,1.邻井压力监测表,45.0,44.0,解析失败,没有至少5个可解释时间点
E:\压裂窜扰项目\02 规范化\不重要的\阳101H2\阳101H2 邻井压力监测\压裂质量数量监控表12.7 4井15段.xlsx,2.井口阀门监控表,19.0,14.0,非时序压力表,工况、数量或阶段汇总表
E:\压裂窜扰项目\02 规范化\不重要的\阳101H2\阳101H2 邻井压力监测\压裂质量数量监控表12.7 4井15段.xlsx,3.液量、砂量核实表,65.0,24.0,非时序压力表,工况、数量或阶段汇总表
E:\压裂窜扰项目\02 规范化\不重要的\阳101H2\阳101H2 邻井压力监测\压裂质量数量监控表12.8 4井16段.xlsx,1.邻井压力监测表,45.0,44.0,解析失败,没有至少5个可解释时间点
E:\压裂窜扰项目\02 规范化\不重要的\阳101H2\阳101H2 邻井压力监测\压裂质量数量监控表12.8 4井16段.xlsx,2.井口阀门监控表,19.0,14.0,非时序压力表,工况、数量或阶段汇总表
E:\压裂窜扰项目\02 规范化\不重要的\阳101H2\阳101H2 邻井压力监测\压裂质量数量监控表12.8 4井16段.xlsx,3.液量、砂量核实表,65.0,24.0,非时序压力表,工况、数量或阶段汇总表
E:\压裂窜扰项目\02 规范化\不重要的\阳101H2\阳101H2 邻井压力监测\压裂质量数量监控表12.9 6井21段.xlsx,1.邻井压力监测表,34.0,44.0,解析失败,没有至少5个可解释时间点
E:\压裂窜扰项目\02 规范化\不重要的\阳101H2\阳101H2 邻井压力监测\压裂质量数量监控表12.9 6井21段.xlsx,2.井口阀门监控表,19.0,14.0,非时序压力表,工况、数量或阶段汇总表
E:\压裂窜扰项目\02 规范化\不重要的\阳101H2\阳101H2 邻井压力监测\压裂质量数量监控表12.9 6井21段.xlsx,3.液量、砂量核实表,65.0,24.0,非时序压力表,工况、数量或阶段汇总表
E:\压裂窜扰项目\02 规范化\不重要的\阳101H2\阳101H2 邻井压力监测\阳10132-6井第4段     H2平台邻井井涨压施工叠合图20251112.xlsx,Sheet1,41.0,51.0,已提取,6个通道
E:\压裂窜扰项目\02 规范化\不重要的\阳101H2\阳101H2 邻井压力监测\阳101H2-1、2、3、4、5、6井油压、环空压力监测6井第8段施工   20251119.xlsx,Sheet1,21.0,26.0,已提取,6个通道
E:\压裂窜扰项目\02 规范化\不重要的\阳101H2\阳101H2 邻井压力监测\阳101H2-2-11段压裂施工-3、4、6井分点压力监测.xlsx,导出数据,239.0,7.0,未提取压力通道,0个通道
E:\压裂窜扰项目\02 规范化\不重要的\阳101H2\阳101H2 邻井压力监测\阳101H2-2-11段压裂施工-4、6井分点压力监测.xls,导出数据,239.0,3.0,未提取压力通道,0个通道
E:\压裂窜扰项目\02 规范化\不重要的\阳101H2\阳101H2 邻井压力监测\阳101H2-2-11段压裂施工-4、6井秒点压力监测.xls,导出数据,14104.0,3.0,未提取压力通道,0个通道
E:\压裂窜扰项目\02 规范化\不重要的\阳101H2\阳101H2 邻井压力监测\阳101H2-2-12段压裂施工-3、4、6井分点压力监测.xlsx,导出数据,281.0,6.0,未提取压力通道,0个通道
E:\压裂窜扰项目\02 规范化\不重要的\阳101H2\阳101H2 邻井压力监测\阳101H2-2-12段压裂施工-4、6井分点压力监测.xls,导出数据,281.0,3.0,未提取压力通道,0个通道
E:\压裂窜扰项目\02 规范化\不重要的\阳101H2\阳101H2 邻井压力监测\阳101H2-2-12段压裂施工-4、6井秒点压力监测.xls,导出数据,16624.0,3.0,未提取压力通道,0个通道
E:\压裂窜扰项目\02 规范化\不重要的\阳101H2\阳101H2 邻井压力监测\阳101H2-2-13段压裂施工-4、6井分点压力监测.xls,导出数据,317.0,3.0,未提取压力通道,0个通道
E:\压裂窜扰项目\02 规范化\不重要的\阳101H2\阳101H2 邻井压力监测\阳101H2-2-13段压裂施工-4、6井秒点压力监测.xls,导出数据,18784.0,3.0,未提取压力通道,0个通道
E:\压裂窜扰项目\02 规范化\不重要的\阳101H2\阳101H2 邻井压力监测\阳101H2-2-15段压裂施工-4、6井分点压力监测.xls,导出数据,264.0,3.0,未提取压力通道,0个通道
E:\压裂窜扰项目\02 规范化\不重要的\阳101H2\阳101H2 邻井压力监测\阳101H2-2-15段压裂施工-4、6井秒点压力监测.xls,导出数据,15604.0,3.0,未提取压力通道,0个通道
E:\压裂窜扰项目\02 规范化\不重要的\阳101H2\阳101H2 邻井压力监测\阳101H2-2-16段压裂施工-4、6井分点压力监测.xls,导出数据,301.0,3.0,未提取压力通道,0个通道
E:\压裂窜扰项目\02 规范化\不重要的\阳101H2\阳101H2 邻井压力监测\阳101H2-2-16段压裂施工-4、6井秒点压力监测.xls,导出数据,17824.0,3.0,未提取压力通道,0个通道
E:\压裂窜扰项目\02 规范化\不重要的\阳101H2\阳101H2 邻井压力监测\阳101H2-2-21段压裂施工-4、6井分点压力监测.xls,导出数据,281.0,3.0,未提取压力通道,0个通道
E:\压裂窜扰项目\02 规范化\不重要的\阳101H2\阳101H2 邻井压力监测\阳101H2-2-22段压裂施工-4、6井分点压力监测.xls,导出数据,490.0,3.0,未提取压力通道,0个通道
E:\压裂窜扰项目\02 规范化\不重要的\阳101H2\阳101H2 邻井压力监测\阳101H2-2-22段压裂施工-4、6井秒点压力监测.xls,导出数据,29164.0,3.0,未提取压力通道,0个通道
E:\压裂窜扰项目\02 规范化\不重要的\阳101H2\阳101H2 邻井压力监测\阳101H2-2-6段压裂施工-4、6井分点压力监测.xls,导出数据,206.0,3.0,未提取压力通道,0个通道
E:\压裂窜扰项目\02 规范化\不重要的\阳101H2\阳101H2 邻井压力监测\阳101H2-2-6段压裂施工-4、6井秒点压力监测.xls,导出数据,12124.0,3.0,未提取压力通道,0个通道
E:\压裂窜扰项目\02 规范化\不重要的\阳101H2\阳101H2 邻井压力监测\阳101H2-2-8段压裂施工-3、4、6井分点压力监测.xlsx,导出数据,266.0,6.0,已提取,3个通道
E:\压裂窜扰项目\02 规范化\不重要的\阳101H2\阳101H2 邻井压力监测\阳101H2-2-9段压裂施工-4、6井秒点压力监测.xls,导出数据,14104.0,3.0,未提取压力通道,0个通道
E:\压裂窜扰项目\02 规范化\不重要的\阳101H2\阳101H2 邻井压力监测\阳101H2-4-11段压裂施工-6井分点压力监测.xls,导出数据,223.0,2.0,未提取压力通道,0个通道
E:\压裂窜扰项目\02 规范化\不重要的\阳101H2\阳101H2 邻井压力监测\阳101H2-4-11段压裂施工-6井秒点压力监测.xls,导出数据,13144.0,2.0,未提取压力通道,0个通道
E:\压裂窜扰项目\02 规范化\不重要的\阳101H2\阳101H2 邻井压力监测\阳101H2-4-13段压裂施工-6井分点压力监测.xls,导出数据,316.0,2.0,未提取压力通道,0个通道
E:\压裂窜扰项目\02 规范化\不重要的\阳101H2\阳101H2 邻井压力监测\阳101H2-4-13段压裂施工-6井秒点压力监测.xls,导出数据,18724.0,2.0,未提取压力通道,0个通道
E:\压裂窜扰项目\02 规范化\不重要的\阳101H2\阳101H2 邻井压力监测\阳101H2-4-15段压裂施工-6井分点压力监测.xls,导出数据,227.0,2.0,未提取压力通道,0个通道
E:\压裂窜扰项目\02 规范化\不重要的\阳101H2\阳101H2 邻井压力监测\阳101H2-4-15段压裂施工-6井秒点压力监测.xls,导出数据,13384.0,2.0,未提取压力通道,0个通道
E:\压裂窜扰项目\02 规范化\不重要的\阳101H2\阳101H2 邻井压力监测\阳101H2-4-17段压裂施工-6井分点压力监测.xls,导出数据,310.0,2.0,未提取压力通道,0个通道
E:\压裂窜扰项目\02 规范化\不重要的\阳101H2\阳101H2 邻井压力监测\阳101H2-4-17段压裂施工-6井秒点压力监测.xls,导出数据,18364.0,2.0,未提取压力通道,0个通道
E:\压裂窜扰项目\02 规范化\不重要的\阳101H2\阳101H2 邻井压力监测\阳101H2-4-19段压裂施工-6井分点压力监测.xls,导出数据,300.0,2.0,未提取压力通道,0个通道
E:\压裂窜扰项目\02 规范化\不重要的\阳101H2\阳101H2 邻井压力监测\阳101H2-4-19段压裂施工-6井秒点压力监测.xls,导出数据,17764.0,2.0,未提取压力通道,0个通道
E:\压裂窜扰项目\02 规范化\不重要的\阳101H2\阳101H2 邻井压力监测\阳101H2-4-20段压裂施工-6井分点压力监测.xls,导出数据,290.0,2.0,未提取压力通道,0个通道
E:\压裂窜扰项目\02 规范化\不重要的\阳101H2\阳101H2 邻井压力监测\阳101H2-4-20段压裂施工-6井秒点压力监测.xls,导出数据,17164.0,2.0,未提取压力通道,0个通道
E:\压裂窜扰项目\02 规范化\不重要的\阳101H2\阳101H2 邻井压力监测\阳101H2-4-22段压裂施工-6井分点压力监测.xls,导出数据,73.0,2.0,未提取压力通道,0个通道
E:\压裂窜扰项目\02 规范化\不重要的\阳101H2\阳101H2 邻井压力监测\阳101H2-4-22段压裂施工-6井秒点压力监测.xls,导出数据,4144.0,2.0,未提取压力通道,0个通道
E:\压裂窜扰项目\02 规范化\不重要的\阳101H2\阳101H2 邻井压力监测\阳101H2-4-2段压裂施工-5井分点压力监测.xls,导出数据,257.0,2.0,未提取压力通道,0个通道
E:\压裂窜扰项目\02 规范化\不重要的\阳101H2\阳101H2 邻井压力监测\阳101H2-4-2段压裂施工-5井秒点压力监测.xls,导出数据,15184.0,2.0,未提取压力通道,0个通道
E:\压裂窜扰项目\02 规范化\不重要的\阳101H2\阳101H2 邻井压力监测\阳101H2-4-2段压裂施工-6井分点压力监测.xls,导出数据,257.0,2.0,未提取压力通道,0个通道
E:\压裂窜扰项目\02 规范化\不重要的\阳101H2\阳101H2 邻井压力监测\阳101H2-4-2段压裂施工-6井秒点压力监测.xls,导出数据,15184.0,2.0,未提取压力通道,0个通道
E:\压裂窜扰项目\02 规范化\不重要的\阳101H2\阳101H2 邻井压力监测\阳101H2-4-3段压裂施工-2井分点压力监测.xls,导出数据,273.0,2.0,未提取压力通道,0个通道
E:\压裂窜扰项目\02 规范化\不重要的\阳101H2\阳101H2 邻井压力监测\阳101H2-4-3段压裂施工-2井秒点压力监测.xls,导出数据,16144.0,2.0,未提取压力通道,0个通道
E:\压裂窜扰项目\02 规范化\不重要的\阳101H2\阳101H2 邻井压力监测\阳101H2-4-3段压裂施工-5井分点压力监测.xls,导出数据,273.0,2.0,未提取压力通道,0个通道
E:\压裂窜扰项目\02 规范化\不重要的\阳101H2\阳101H2 邻井压力监测\阳101H2-4-3段压裂施工-5井秒点压力监测.xls,导出数据,16144.0,2.0,未提取压力通道,0个通道
E:\压裂窜扰项目\02 规范化\不重要的\阳101H2\阳101H2 邻井压力监测\阳101H2-4-3段压裂施工-6井分点压力监测.xls,导出数据,273.0,2.0,未提取压力通道,0个通道
E:\压裂窜扰项目\02 规范化\不重要的\阳101H2\阳101H2 邻井压力监测\阳101H2-4-3段压裂施工-6井秒点压力监测.xls,导出数据,16144.0,2.0,未提取压力通道,0个通道
E:\压裂窜扰项目\02 规范化\不重要的\阳101H2\阳101H2 邻井压力监测\阳101H2-4-4段压裂施工-2井分点压力监测.xls,导出数据,165.0,2.0,未提取压力通道,0个通道
E:\压裂窜扰项目\02 规范化\不重要的\阳101H2\阳101H2 邻井压力监测\阳101H2-4-4段压裂施工-2井秒点压力监测.xls,导出数据,9664.0,2.0,未提取压力通道,0个通道
E:\压裂窜扰项目\02 规范化\不重要的\阳101H2\阳101H2 邻井压力监测\阳101H2-4-4段压裂施工-5井分点压力监测.xls,导出数据,165.0,2.0,未提取压力通道,0个通道
E:\压裂窜扰项目\02 规范化\不重要的\阳101H2\阳101H2 邻井压力监测\阳101H2-4-4段压裂施工-5井秒点压力监测.xls,导出数据,9664.0,2.0,未提取压力通道,0个通道
E:\压裂窜扰项目\02 规范化\不重要的\阳101H2\阳101H2 邻井压力监测\阳101H2-4-5段压裂施工-2井分点压力监测.xls,导出数据,231.0,2.0,未提取压力通道,0个通道
E:\压裂窜扰项目\02 规范化\不重要的\阳101H2\阳101H2 邻井压力监测\阳101H2-4-5段压裂施工-2井秒点压力监测.xls,导出数据,13624.0,2.0,未提取压力通道,0个通道
E:\压裂窜扰项目\02 规范化\不重要的\阳101H2\阳101H2 邻井压力监测\阳101H2-4-5段压裂施工-6井分点压力监测.xls,导出数据,231.0,2.0,未提取压力通道,0个通道
E:\压裂窜扰项目\02 规范化\不重要的\阳101H2\阳101H2 邻井压力监测\阳101H2-4-6段压裂施工-2井分点压力监测.xls,导出数据,236.0,2.0,未提取压力通道,0个通道
E:\压裂窜扰项目\02 规范化\不重要的\阳101H2\阳101H2 邻井压力监测\阳101H2-4-6段压裂施工-2井秒点压力监测.xls,导出数据,13924.0,2.0,未提取压力通道,0个通道
E:\压裂窜扰项目\02 规范化\不重要的\阳101H2\阳101H2 邻井压力监测\阳101H2-4-6段压裂施工-5井分点压力监测.xls,导出数据,236.0,2.0,未提取压力通道,0个通道
E:\压裂窜扰项目\02 规范化\不重要的\阳101H2\阳101H2 邻井压力监测\阳101H2-4-6段压裂施工-5井秒点压力监测.xls,导出数据,13924.0,2.0,未提取压力通道,0个通道
E:\压裂窜扰项目\02 规范化\不重要的\阳101H2\阳101H2 邻井压力监测\阳101H2-4-8段压裂施工-2井分点压力监测.xls,导出数据,257.0,2.0,未提取压力通道,0个通道
E:\压裂窜扰项目\02 规范化\不重要的\阳101H2\阳101H2 邻井压力监测\阳101H2-4-8段压裂施工-2井秒点压力监测.xls,导出数据,15184.0,2.0,未提取压力通道,0个通道
E:\压裂窜扰项目\02 规范化\不重要的\阳101H2\阳101H2 邻井压力监测\阳101H2-4-8段压裂施工-6井分点压力监测.xls,导出数据,257.0,2.0,未提取压力通道,0个通道
E:\压裂窜扰项目\02 规范化\不重要的\阳101H2\阳101H2 邻井压力监测\阳101H2-5-23段压裂施工-6井分点压力监测.xls,导出数据,159.0,2.0,未提取压力通道,0个通道
E:\压裂窜扰项目\02 规范化\不重要的\阳101H2\阳101H2 邻井压力监测\阳101H2-5-23段压裂施工-6井秒点压力监测.xls,导出数据,9304.0,2.0,未提取压力通道,0个通道
E:\压裂窜扰项目\02 规范化\不重要的\阳101H2\阳101H2 邻井压力监测\阳101H2-5-4段压裂施工-4井分点压力监测.xls,导出数据,304.0,2.0,未提取压力通道,0个通道
E:\压裂窜扰项目\02 规范化\不重要的\阳101H2\阳101H2 邻井压力监测\阳101H2-5-4段压裂施工-4井秒点压力监测.xls,导出数据,18004.0,2.0,未提取压力通道,0个通道
E:\压裂窜扰项目\02 规范化\不重要的\阳101H2\阳101H2 邻井压力监测\阳101H2-5-8段压裂施工-4井分点压力监测.xls,导出数据,264.0,2.0,未提取压力通道,0个通道
E:\压裂窜扰项目\02 规范化\不重要的\阳101H2\阳101H2 邻井压力监测\阳101H2-5-8段压裂施工-4井秒点压力监测.xls,导出数据,15604.0,2.0,未提取压力通道,0个通道
E:\压裂窜扰项目\02 规范化\不重要的\阳101H2\阳101H2 邻井压力监测\阳101H2-6-10段压裂施工-4井分点压力监测.xls,导出数据,160.0,2.0,未提取压力通道,0个通道
E:\压裂窜扰项目\02 规范化\不重要的\阳101H2\阳101H2 邻井压力监测\阳101H2-6-10段压裂施工-4井秒点压力监测.xls,导出数据,9364.0,2.0,未提取压力通道,0个通道
E:\压裂窜扰项目\02 规范化\不重要的\阳101H2\阳101H2 邻井压力监测\阳101H2-6-11段压裂施工-4井分点压力监测.xls,导出数据,254.0,2.0,未提取压力通道,0个通道
E:\压裂窜扰项目\02 规范化\不重要的\阳101H2\阳101H2 邻井压力监测\阳101H2-6-11段压裂施工-4井秒点压力监测.xls,导出数据,15004.0,2.0,未提取压力通道,0个通道
E:\压裂窜扰项目\02 规范化\不重要的\阳101H2\阳101H2 邻井压力监测\阳101H2-6-12段压裂施工-4井分点压力监测.xls,导出数据,253.0,2.0,未提取压力通道,0个通道
E:\压裂窜扰项目\02 规范化\不重要的\阳101H2\阳101H2 邻井压力监测\阳101H2-6-12段压裂施工-4井秒点压力监测.xls,导出数据,14944.0,2.0,未提取压力通道,0个通道
E:\压裂窜扰项目\02 规范化\不重要的\阳101H2\阳101H2 邻井压力监测\阳101H2-6-13段压裂施工-4井分点压力监测.xls,导出数据,256.0,2.0,未提取压力通道,0个通道
E:\压裂窜扰项目\02 规范化\不重要的\阳101H2\阳101H2 邻井压力监测\阳101H2-6-13段压裂施工-4井秒点压力监测.xls,导出数据,15124.0,2.0,未提取压力通道,0个通道
E:\压裂窜扰项目\02 规范化\不重要的\阳101H2\阳101H2 邻井压力监测\阳101H2-6-14段压裂施工-4井分点压力监测.xls,导出数据,306.0,2.0,未提取压力通道,0个通道
E:\压裂窜扰项目\02 规范化\不重要的\阳101H2\阳101H2 邻井压力监测\阳101H2-6-15段压裂施工-4井分点压力监测.xls,导出数据,353.0,2.0,未提取压力通道,0个通道
E:\压裂窜扰项目\02 规范化\不重要的\阳101H2\阳101H2 邻井压力监测\阳101H2-6-15段压裂施工-4井秒点压力监测.xls,导出数据,20944.0,2.0,未提取压力通道,0个通道
E:\压裂窜扰项目\02 规范化\不重要的\阳101H2\阳101H2 邻井压力监测\阳101H2-6-18段压裂施工-4井分点压力监测.xls,导出数据,321.0,2.0,未提取压力通道,0个通道
E:\压裂窜扰项目\02 规范化\不重要的\阳101H2\阳101H2 邻井压力监测\阳101H2-6-18段压裂施工-4井秒点压力监测.xls,导出数据,19024.0,2.0,未提取压力通道,0个通道
E:\压裂窜扰项目\02 规范化\不重要的\阳101H2\阳101H2 邻井压力监测\阳101H2-6-19段压裂施工-4井分点压力监测.xls,导出数据,305.0,2.0,未提取压力通道,0个通道
E:\压裂窜扰项目\02 规范化\不重要的\阳101H2\阳101H2 邻井压力监测\阳101H2-6-19段压裂施工-4井秒点压力监测.xls,导出数据,18064.0,2.0,未提取压力通道,0个通道
E:\压裂窜扰项目\02 规范化\不重要的\阳101H2\阳101H2 邻井压力监测\阳101H2-6-20段压裂施工-4井分点压力监测.xls,导出数据,327.0,2.0,未提取压力通道,0个通道
E:\压裂窜扰项目\02 规范化\不重要的\阳101H2\阳101H2 邻井压力监测\阳101H2-6-20段压裂施工-4井秒点压力监测.xls,导出数据,19384.0,2.0,未提取压力通道,0个通道
E:\压裂窜扰项目\02 规范化\不重要的\阳101H2\阳101H2 邻井压力监测\阳101H2-6-4段压裂施工-4井分点压力监测.xls,导出数据,469.0,2.0,未提取压力通道,0个通道
E:\压裂窜扰项目\02 规范化\不重要的\阳101H2\阳101H2 邻井压力监测\阳101H2-6-4段压裂施工-4井秒点压力监测.xls,导出数据,27904.0,2.0,未提取压力通道,0个通道
E:\压裂窜扰项目\02 规范化\不重要的\阳101H2\阳101H2 邻井压力监测\阳101H2-6-9段压裂施工-2井分点压力监测.xls,导出数据,225.0,2.0,未提取压力通道,0个通道
E:\压裂窜扰项目\02 规范化\不重要的\阳101H2\阳101H2 邻井压力监测\阳101H2-6-9段压裂施工-2井秒点压力监测.xls,导出数据,13264.0,2.0,未提取压力通道,0个通道
E:\压裂窜扰项目\02 规范化\不重要的\阳101H2\阳101H2 邻井压力监测\阳101H2-8井压力监测数据表.xlsx,Sheet1,318.0,3.0,未提取压力通道,0个通道
E:\压裂窜扰项目\02 规范化\不重要的\阳101H2\阳101H2 邻井压力监测\阳101H2-8井压力监测数据表2井11段.xlsx,Sheet1,237.0,3.0,未提取压力通道,0个通道
E:\压裂窜扰项目\02 规范化\不重要的\阳101H2\阳101H2 邻井压力监测\阳101H2-8井压力监测数据表2井12段.xlsx,Sheet1,282.0,3.0,未提取压力通道,0个通道
E:\压裂窜扰项目\02 规范化\不重要的\阳101H2\阳101H2 邻井压力监测\阳101H2-8井压力监测数据表2井13段.xlsx,Sheet1,315.0,3.0,未提取压力通道,0个通道
E:\压裂窜扰项目\02 规范化\不重要的\阳101H2\阳101H2 邻井压力监测\阳101H2-8井压力监测数据表2井15段.xlsx,Sheet1,263.0,3.0,未提取压力通道,0个通道
E:\压裂窜扰项目\02 规范化\不重要的\阳101H2\阳101H2 邻井压力监测\阳101H2-8井压力监测数据表2井16段.xlsx,Sheet1,299.0,3.0,未提取压力通道,0个通道
E:\压裂窜扰项目\02 规范化\不重要的\阳101H2\阳101H2 邻井压力监测\阳101H2-8井压力监测数据表2井19段.xlsx,Sheet1,265.0,3.0,未提取压力通道,0个通道
E:\压裂窜扰项目\02 规范化\不重要的\阳101H2\阳101H2 邻井压力监测\阳101H2-8井压力监测数据表2井21段.xlsx,Sheet1,279.0,3.0,未提取压力通道,0个通道
E:\压裂窜扰项目\02 规范化\不重要的\阳101H2\阳101H2 邻井压力监测\阳101H2-8井压力监测数据表2井22段.xlsx,Sheet1,489.0,3.0,未提取压力通道,0个通道
E:\压裂窜扰项目\02 规范化\不重要的\阳101H2\阳101H2 邻井压力监测\阳101H2-8井压力监测数据表5井23段.xlsx,Sheet1,157.0,3.0,未提取压力通道,0个通道
E:\压裂窜扰项目\02 规范化\不重要的\阳101H2\阳101H2 邻井压力监测\阳101H2-8井压力监测数据表H32 2井1段.xlsx,Sheet1,252.0,3.0,未提取压力通道,0个通道
E:\压裂窜扰项目\02 规范化\不重要的\阳101H2\阳101H2 邻井压力监测\阳101H2-8井压力监测数据表H32 2井2段.xlsx,Sheet1,244.0,3.0,未提取压力通道,0个通道
E:\压裂窜扰项目\02 规范化\不重要的\阳101H2\阳101H2 邻井压力监测\阳101H2-8井压力监测数据表H32 2井3段.xlsx,Sheet1,279.0,3.0,未提取压力通道,0个通道
E:\压裂窜扰项目\02 规范化\不重要的\阳101H2\阳101H2 邻井压力监测\阳101H2-8井压力监测数据表H32 2井4段.xlsx,Sheet1,292.0,3.0,未提取压力通道,0个通道
E:\压裂窜扰项目\02 规范化\不重要的\阳101H2\阳101H2 邻井压力监测\阳101H2-8井压力监测数据表H32 2井6段.xlsx,Sheet1,210.0,3.0,未提取压力通道,0个通道
E:\压裂窜扰项目\02 规范化\不重要的\阳101H2\阳101H2 邻井压力监测\阳101H2-8井压力监测数据表H32 2井8段.xlsx,Sheet1,266.0,3.0,未提取压力通道,0个通道
E:\压裂窜扰项目\02 规范化\不重要的\阳101H2\阳101H2 邻井压力监测\阳101H2-8井压力监测数据表H32 4井16段.xlsx,Sheet1,329.0,3.0,未提取压力通道,0个通道
E:\压裂窜扰项目\02 规范化\不重要的\阳101H2\阳101H2 邻井压力监测\阳101H2-8井压力监测数据表H32 4井19段.xlsx,Sheet1,303.0,3.0,未提取压力通道,0个通道
E:\压裂窜扰项目\02 规范化\不重要的\阳101H2\阳101H2 邻井压力监测\阳101H2-8井压力监测数据表H32 4井20段.xlsx,Sheet1,289.0,3.0,未提取压力通道,0个通道
E:\压裂窜扰项目\02 规范化\不重要的\阳101H2\阳101H2 邻井压力监测\阳101H2-8井压力监测数据表H32 4井21段.xlsx,Sheet1,297.0,3.0,未提取压力通道,0个通道
E:\压裂窜扰项目\02 规范化\不重要的\阳101H2\阳101H2 邻井压力监测\阳101H2-8井压力监测数据表H32 6井20段.xlsx,Sheet1,246.0,3.0,未提取压力通道,0个通道
E:\压裂窜扰项目\02 规范化\不重要的\阳101H2\阳101H2 邻井压力监测\阳101H2-8井压力监测数据表H32 6井21段、5井15段.xlsx,Sheet1,630.0,3.0,未提取压力通道,0个通道
E:\压裂窜扰项目\02 规范化\不重要的\阳101H2\阳101H2 邻井压力监测\阳101H2平台井口压力监测记录表          叠合图 1.5.xlsx,1,38.0,41.0,已提取,6个通道
E:\压裂窜扰项目\02 规范化\不重要的\阳101H2\阳101H2 邻井压力监测\阳101H2平台井口压力监测记录表   叠合图  1.4.xlsx,1,26.0,42.0,已提取,6个通道
E:\压裂窜扰项目\02 规范化\不重要的\阳101H2\阳101H2 邻井压力监测\阳101H2平台井口压力监测记录表1.4.xlsx,1,26.0,30.0,已提取,6个通道
E:\压裂窜扰项目\02 规范化\不重要的\阳101H2\阳101H2 邻井压力监测\阳101H2平台井口压力监测记录表1.5.xlsx,1,38.0,30.0,已提取,6个通道
E:\压裂窜扰项目\02 规范化\不重要的\阳101H2\阳101H2 邻井压力监测\阳101H2平台压力监测          叠合图   12.29.xlsx,1,27.0,34.0,已提取,6个通道
E:\压裂窜扰项目\02 规范化\不重要的\阳101H2\阳101H2 邻井压力监测\阳101H2平台压力监测          叠合图   12.29.xlsx,1 (2),27.0,31.0,解析失败,没有至少5个可解释时间点
E:\压裂窜扰项目\02 规范化\不重要的\阳101H2\阳101H2 邻井压力监测\阳101H2平台压力监测          叠合图   12.29.xlsx,Sheet1,0.0,0.0,无可用序列,空表或有效行列过少
E:\压裂窜扰项目\02 规范化\不重要的\阳101H2\阳101H2 邻井压力监测\阳101H2平台压力监测    叠合图12.13.xlsx,1,25.0,33.0,已提取,6个通道
E:\压裂窜扰项目\02 规范化\不重要的\阳101H2\阳101H2 邻井压力监测\阳101H2平台压力监测    叠合图12.13.xlsx,2,25.0,31.0,解析失败,没有至少5个可解释时间点
E:\压裂窜扰项目\02 规范化\不重要的\阳101H2\阳101H2 邻井压力监测\阳101H2平台压力监测   叠合图  12.12(1).xlsx,1,26.0,31.0,已提取,6个通道
E:\压裂窜扰项目\02 规范化\不重要的\阳101H2\阳101H2 邻井压力监测\阳101H2平台压力监测   叠合图  12.12(1).xlsx,2,25.0,31.0,已提取,6个通道
E:\压裂窜扰项目\02 规范化\不重要的\阳101H2\阳101H2 邻井压力监测\阳101H2平台压力监测   叠合图  12.15.xlsx,1,25.0,31.0,已提取,6个通道
E:\压裂窜扰项目\02 规范化\不重要的\阳101H2\阳101H2 邻井压力监测\阳101H2平台压力监测   叠合图  12.15.xlsx,2,26.0,31.0,未提取压力通道,0个通道
E:\压裂窜扰项目\02 规范化\不重要的\阳101H2\阳101H2 邻井压力监测\阳101H2平台压力监测   叠合图12.12.xlsx,1,25.0,33.0,已提取,6个通道
E:\压裂窜扰项目\02 规范化\不重要的\阳101H2\阳101H2 邻井压力监测\阳101H2平台压力监测   叠合图12.12.xlsx,2,25.0,31.0,未提取压力通道,0个通道
E:\压裂窜扰项目\02 规范化\不重要的\阳101H2\阳101H2 邻井压力监测\阳101H2平台压力监测   叠合图12.12.xlsx,Sheet1,0.0,0.0,无可用序列,空表或有效行列过少
E:\压裂窜扰项目\02 规范化\不重要的\阳101H2\阳101H2 邻井压力监测\阳101H2平台压力监测  邻井叠合图12.07(2).xlsx,1,27.0,35.0,已提取,8个通道
E:\压裂窜扰项目\02 规范化\不重要的\阳101H2\阳101H2 邻井压力监测\阳101H2平台压力监测  邻井叠合图12.07(2).xlsx,2,29.0,31.0,未提取压力通道,0个通道
E:\压裂窜扰项目\02 规范化\不重要的\阳101H2\阳101H2 邻井压力监测\阳101H2平台压力监测11.25.xlsx,1,24.0,26.0,已提取,6个通道
E:\压裂窜扰项目\02 规范化\不重要的\阳101H2\阳101H2 邻井压力监测\阳101H2平台压力监测11.25.xlsx,2,25.0,26.0,未提取压力通道,0个通道
E:\压裂窜扰项目\02 规范化\不重要的\阳101H2\阳101H2 邻井压力监测\阳101H2平台压力监测11.26.xlsx,1,22.0,26.0,已提取,6个通道
E:\压裂窜扰项目\02 规范化\不重要的\阳101H2\阳101H2 邻井压力监测\阳101H2平台压力监测11.26.xlsx,2,20.0,26.0,未提取压力通道,0个通道
E:\压裂窜扰项目\02 规范化\不重要的\阳101H2\阳101H2 邻井压力监测\阳101H2平台压力监测11.27(2).xlsx,1,22.0,26.0,已提取,6个通道
E:\压裂窜扰项目\02 规范化\不重要的\阳101H2\阳101H2 邻井压力监测\阳101H2平台压力监测11.27(2).xlsx,2,21.0,29.0,已提取,7个通道
E:\压裂窜扰项目\02 规范化\不重要的\阳101H2\阳101H2 邻井压力监测\阳101H2平台压力监测11.27.xlsx,1,22.0,29.0,已提取,6个通道
E:\压裂窜扰项目\02 规范化\不重要的\阳101H2\阳101H2 邻井压力监测\阳101H2平台压力监测11.27.xlsx,2,10.0,26.0,解析失败,没有至少5个可解释时间点
E:\压裂窜扰项目\02 规范化\不重要的\阳101H2\阳101H2 邻井压力监测\阳101H2平台压力监测11.28.xlsx,1,27.0,30.0,已提取,7个通道
E:\压裂窜扰项目\02 规范化\不重要的\阳101H2\阳101H2 邻井压力监测\阳101H2平台压力监测11.28.xlsx,2,13.0,26.0,解析失败,没有至少5个可解释时间点
E:\压裂窜扰项目\02 规范化\不重要的\阳101H2\阳101H2 邻井压力监测\阳101H2平台压力监测11.6(1).xlsx,6,44.0,19.0,已提取,6个通道
E:\压裂窜扰项目\02 规范化\不重要的\阳101H2\阳101H2 邻井压力监测\阳101H2平台压力监测11.7.xlsx,7,44.0,19.0,已提取,6个通道
E:\压裂窜扰项目\02 规范化\不重要的\阳101H2\阳101H2 邻井压力监测\阳101H2平台压力监测11.7.xlsx,8,34.0,20.0,已提取,6个通道
E:\压裂窜扰项目\02 规范化\不重要的\阳101H2\阳101H2 邻井压力监测\阳101H2平台压力监测12.02(2).xlsx,1,27.0,29.0,已提取,6个通道
E:\压裂窜扰项目\02 规范化\不重要的\阳101H2\阳101H2 邻井压力监测\阳101H2平台压力监测12.02(2).xlsx,2,25.0,33.0,已提取,6个通道
E:\压裂窜扰项目\02 规范化\不重要的\阳101H2\阳101H2 邻井压力监测\阳101H2平台压力监测12.02.xlsx,1,27.0,29.0,已提取,6个通道
E:\压裂窜扰项目\02 规范化\不重要的\阳101H2\阳101H2 邻井压力监测\阳101H2平台压力监测12.02.xlsx,2,25.0,29.0,未提取压力通道,0个通道
E:\压裂窜扰项目\02 规范化\不重要的\阳101H2\阳101H2 邻井压力监测\阳101H2平台压力监测12.04.xlsx,1,23.0,31.0,已提取,6个通道
E:\压裂窜扰项目\02 规范化\不重要的\阳101H2\阳101H2 邻井压力监测\阳101H2平台压力监测12.04.xlsx,2,26.0,31.0,已提取,6个通道
E:\压裂窜扰项目\02 规范化\不重要的\阳101H2\阳101H2 邻井压力监测\阳101H2平台压力监测12.05(1).xlsx,1,27.0,31.0,已提取,6个通道
E:\压裂窜扰项目\02 规范化\不重要的\阳101H2\阳101H2 邻井压力监测\阳101H2平台压力监测12.05(1).xlsx,2,27.0,29.0,已提取,6个通道
E:\压裂窜扰项目\02 规范化\不重要的\阳101H2\阳101H2 邻井压力监测\阳101H2平台压力监测12.05.xlsx,1,27.0,35.0,已提取,6个通道
E:\压裂窜扰项目\02 规范化\不重要的\阳101H2\阳101H2 邻井压力监测\阳101H2平台压力监测12.05.xlsx,2,27.0,29.0,未提取压力通道,0个通道
E:\压裂窜扰项目\02 规范化\不重要的\阳101H2\阳101H2 邻井压力监测\阳101H2平台压力监测12.06.xlsx,1,29.0,31.0,已提取,6个通道
E:\压裂窜扰项目\02 规范化\不重要的\阳101H2\阳101H2 邻井压力监测\阳101H2平台压力监测12.06.xlsx,2,29.0,31.0,已提取,6个通道
E:\压裂窜扰项目\02 规范化\不重要的\阳101H2\阳101H2 邻井压力监测\阳101H2平台压力监测12.07(3).xlsx,1,27.0,31.0,已提取,6个通道
E:\压裂窜扰项目\02 规范化\不重要的\阳101H2\阳101H2 邻井压力监测\阳101H2平台压力监测12.07(3).xlsx,2,23.0,33.0,已提取,6个通道
E:\压裂窜扰项目\02 规范化\不重要的\阳101H2\阳101H2 邻井压力监测\阳101H2平台压力监测12.08.xlsx,1,26.0,31.0,已提取,6个通道
E:\压裂窜扰项目\02 规范化\不重要的\阳101H2\阳101H2 邻井压力监测\阳101H2平台压力监测12.08.xlsx,2,23.0,31.0,未提取压力通道,0个通道
E:\压裂窜扰项目\02 规范化\不重要的\阳101H2\阳101H2 邻井压力监测\阳101H2平台压力监测12.09   叠合图.xlsx,1,24.0,31.0,已提取,6个通道
E:\压裂窜扰项目\02 规范化\不重要的\阳101H2\阳101H2 邻井压力监测\阳101H2平台压力监测12.09   叠合图.xlsx,2,33.0,32.0,已提取,6个通道
E:\压裂窜扰项目\02 规范化\不重要的\阳101H2\阳101H2 邻井压力监测\阳101H2平台压力监测12.09(1).xlsx,1,24.0,31.0,已提取,6个通道
E:\压裂窜扰项目\02 规范化\不重要的\阳101H2\阳101H2 邻井压力监测\阳101H2平台压力监测12.09(1).xlsx,2,32.0,31.0,已提取,6个通道
E:\压裂窜扰项目\02 规范化\不重要的\阳101H2\阳101H2 邻井压力监测\阳101H2平台压力监测12.10   叠合图.xlsx,1,26.0,32.0,已提取,6个通道
E:\压裂窜扰项目\02 规范化\不重要的\阳101H2\阳101H2 邻井压力监测\阳101H2平台压力监测12.10   叠合图.xlsx,2,25.0,31.0,未提取压力通道,0个通道
E:\压裂窜扰项目\02 规范化\不重要的\阳101H2\阳101H2 邻井压力监测\阳101H2平台压力监测12.11  叠合图.xlsx,1,25.0,31.0,已提取,6个通道
E:\压裂窜扰项目\02 规范化\不重要的\阳101H2\阳101H2 邻井压力监测\阳101H2平台压力监测12.11  叠合图.xlsx,2,25.0,31.0,解析失败,没有至少5个可解释时间点
E:\压裂窜扰项目\02 规范化\不重要的\阳101H2\阳101H2 邻井压力监测\阳101H2平台压力监测12.11(1).xlsx,1,25.0,31.0,已提取,6个通道
E:\压裂窜扰项目\02 规范化\不重要的\阳101H2\阳101H2 邻井压力监测\阳101H2平台压力监测12.11(1).xlsx,2,25.0,31.0,已提取,6个通道
E:\压裂窜扰项目\02 规范化\不重要的\阳101H2\阳101H2 邻井压力监测\阳101H2平台压力监测12.14.xlsx,1,25.0,31.0,已提取,6个通道
E:\压裂窜扰项目\02 规范化\不重要的\阳101H2\阳101H2 邻井压力监测\阳101H2平台压力监测12.14.xlsx,2,26.0,31.0,未提取压力通道,0个通道
E:\压裂窜扰项目\02 规范化\不重要的\阳101H2\阳101H2 邻井压力监测\阳101H2平台压力监测12.17.xlsx,1,27.0,31.0,已提取,6个通道
E:\压裂窜扰项目\02 规范化\不重要的\阳101H2\阳101H2 邻井压力监测\阳101H2平台压力监测12.17.xlsx,2,30.0,31.0,未提取压力通道,0个通道
E:\压裂窜扰项目\02 规范化\不重要的\阳101H2\阳101H2 邻井压力监测\阳101H2平台压力监测12.18.xlsx,1,27.0,31.0,已提取,6个通道
E:\压裂窜扰项目\02 规范化\不重要的\阳101H2\阳101H2 邻井压力监测\阳101H2平台压力监测12.18.xlsx,2,30.0,31.0,未提取压力通道,0个通道
E:\压裂窜扰项目\02 规范化\不重要的\阳101H2\阳101H2 邻井压力监测\阳101H2平台压力监测12.20.xlsx,1,27.0,31.0,已提取,6个通道
E:\压裂窜扰项目\02 规范化\不重要的\阳101H2\阳101H2 邻井压力监测\阳101H2平台压力监测12.20.xlsx,2,30.0,31.0,未提取压力通道,0个通道
E:\压裂窜扰项目\02 规范化\不重要的\阳101H2\阳101H2 邻井压力监测\阳101H2平台压力监测12.22.xlsx,1,27.0,31.0,已提取,6个通道
E:\压裂窜扰项目\02 规范化\不重要的\阳101H2\阳101H2 邻井压力监测\阳101H2平台压力监测12.22.xlsx,1 (2),27.0,31.0,已提取,1个通道
E:\压裂窜扰项目\02 规范化\不重要的\阳101H2\阳101H2 邻井压力监测\阳101H2平台压力监测12.23.xlsx,1,27.0,35.0,已提取,6个通道
E:\压裂窜扰项目\02 规范化\不重要的\阳101H2\阳101H2 邻井压力监测\阳101H2平台压力监测12.23.xlsx,1 (2),27.0,31.0,解析失败,没有至少5个可解释时间点
E:\压裂窜扰项目\02 规范化\不重要的\阳101H2\阳101H2 邻井压力监测\阳101H2平台压力监测12.25.xlsx,1,27.0,31.0,已提取,6个通道
E:\压裂窜扰项目\02 规范化\不重要的\阳101H2\阳101H2 邻井压力监测\阳101H2平台压力监测12.25.xlsx,1 (2),27.0,31.0,已提取,1个通道
E:\压裂窜扰项目\02 规范化\不重要的\阳101H2\阳101H2 邻井压力监测\阳101H2平台压力监测12.26.xlsx,1,27.0,31.0,已提取,6个通道
E:\压裂窜扰项目\02 规范化\不重要的\阳101H2\阳101H2 邻井压力监测\阳101H2平台压力监测12.26.xlsx,1 (2),27.0,31.0,已提取,6个通道
E:\压裂窜扰项目\02 规范化\不重要的\阳101H2\阳101H2 邻井压力监测\阳101H2平台压力监测12.27   叠合图.xlsx,1,27.0,34.0,已提取,6个通道
E:\压裂窜扰项目\02 规范化\不重要的\阳101H2\阳101H2 邻井压力监测\阳101H2平台压力监测12.27   叠合图.xlsx,1 (2),27.0,31.0,已提取,1个通道
E:\压裂窜扰项目\02 规范化\不重要的\阳101H2\阳101H2 邻井压力监测\阳101H2平台压力监测12.28  叠合图.xlsx,1,27.0,34.0,已提取,6个通道
E:\压裂窜扰项目\02 规范化\不重要的\阳101H2\阳101H2 邻井压力监测\阳101H2平台压力监测12.28  叠合图.xlsx,1 (2),27.0,31.0,已提取,1个通道
E:\压裂窜扰项目\02 规范化\不重要的\阳101H2\阳101H2 邻井压力监测\阳101H2平台压力监测12.30.xlsx,1,27.0,31.0,已提取,6个通道
E:\压裂窜扰项目\02 规范化\不重要的\阳101H2\阳101H2 邻井压力监测\阳101H2平台压力监测12.30.xlsx,1 (2),27.0,31.0,解析失败,没有至少5个可解释时间点
E:\压裂窜扰项目\02 规范化\不重要的\阳101H2\阳101H2 邻井压力监测\阳101H2平台压力监测12.30.xlsx,Sheet2,0.0,0.0,无可用序列,空表或有效行列过少
E:\压裂窜扰项目\02 规范化\不重要的\阳101H2\阳101H2 邻井压力监测\阳101H2平台压力监测21.01(1).xlsx,1,31.0,30.0,已提取,6个通道
E:\压裂窜扰项目\02 规范化\不重要的\阳101H2\阳101H2 邻井压力监测\阳101H2平台压力监测21.01(1).xlsx,2,14.0,27.0,解析失败,没有至少5个可解释时间点
E:\压裂窜扰项目\02 规范化\不重要的\阳101H2\阳101H2 邻井压力监测\阳101H2平台压力监测21.01(2).xlsx,1,31.0,27.0,已提取,6个通道
E:\压裂窜扰项目\02 规范化\不重要的\阳101H2\阳101H2 邻井压力监测\阳101H2平台压力监测21.01(2).xlsx,2,20.0,29.0,已提取,6个通道
E:\压裂窜扰项目\02 规范化\不重要的\阳101H2\阳101H2 邻井压力监测\阳101H2平台及32平台压力监测（ 11.24.xlsx,1,27.0,30.0,已提取,6个通道
E:\压裂窜扰项目\02 规范化\不重要的\阳101H2\阳101H2 邻井压力监测\阳101H2平台及32平台压力监测（ 11.24.xlsx,2,25.0,26.0,未提取压力通道,0个通道
E:\压裂窜扰项目\02 规范化\不重要的\阳101H2\阳101H2 邻井压力监测\阳101H2平台）.xlsx,Sheet1,748.0,9.0,未提取压力通道,0个通道
E:\压裂窜扰项目\02 规范化\不重要的\阳101H2\阳101H2 邻井压力监测\阳101H2平台）.xlsx,Sheet2,0.0,0.0,无可用序列,空表或有效行列过少
E:\压裂窜扰项目\02 规范化\不重要的\阳101H2\阳101H2 邻井压力监测\阳101H2平台）.xlsx,Sheet3,0.0,0.0,无可用序列,空表或有效行列过少
E:\压裂窜扰项目\02 规范化\不重要的\阳101H2\阳101H2 邻井压力监测\阳101h26平台临井压裂监测数据   叠合图1.1.xlsx,2025.11.21,33.0,17.0,已提取,4个通道
E:\压裂窜扰项目\02 规范化\不重要的\阳101H2\阳101H2 邻井压力监测\阳101h26平台临井压裂监测数据   叠合图1.1.xlsx,2025.11.22,21.0,18.0,已提取,4个通道
E:\压裂窜扰项目\02 规范化\不重要的\阳101H2\阳101H2 邻井压力监测\阳101h26平台临井压裂监测数据   叠合图1.1.xlsx,2025.11.23,22.0,18.0,已提取,4个通道
E:\压裂窜扰项目\02 规范化\不重要的\阳101H2\阳101H2 邻井压力监测\阳101h26平台临井压裂监测数据   叠合图1.1.xlsx,2025.11.24,44.0,18.0,已提取,4个通道
E:\压裂窜扰项目\02 规范化\不重要的\阳101H2\阳101H2 邻井压力监测\阳101h26平台临井压裂监测数据   叠合图1.1.xlsx,2025.11.25,43.0,18.0,已提取,4个通道
E:\压裂窜扰项目\02 规范化\不重要的\阳101H2\阳101H2 邻井压力监测\阳101h26平台临井压裂监测数据   叠合图1.1.xlsx,2025.11.26,37.0,18.0,已提取,4个通道
E:\压裂窜扰项目\02 规范化\不重要的\阳101H2\阳101H2 邻井压力监测\阳101h26平台临井压裂监测数据   叠合图1.1.xlsx,2025.11.30,40.0,18.0,已提取,4个通道
E:\压裂窜扰项目\02 规范化\不重要的\阳101H2\阳101H2 邻井压力监测\阳101h26平台临井压裂监测数据   叠合图1.1.xlsx,2025.12.1,46.0,18.0,已提取,4个通道
E:\压裂窜扰项目\02 规范化\不重要的\阳101H2\阳101H2 邻井压力监测\阳101h26平台临井压裂监测数据   叠合图1.1.xlsx,2025.12.2,52.0,18.0,已提取,4个通道
E:\压裂窜扰项目\02 规范化\不重要的\阳101H2\阳101H2 邻井压力监测\阳101h26平台临井压裂监测数据   叠合图1.1.xlsx,2025.12.3,21.0,18.0,已提取,4个通道
E:\压裂窜扰项目\02 规范化\不重要的\阳101H2\阳101H2 邻井压力监测\阳101h26平台临井压裂监测数据   叠合图1.1.xlsx,2025.12.4,44.0,18.0,已提取,4个通道
E:\压裂窜扰项目\02 规范化\不重要的\阳101H2\阳101H2 邻井压力监测\阳101h26平台临井压裂监测数据   叠合图1.1.xlsx,2025.12.5,51.0,18.0,已提取,4个通道
E:\压裂窜扰项目\02 规范化\不重要的\阳101H2\阳101H2 邻井压力监测\阳101h26平台临井压裂监测数据   叠合图1.1.xlsx,2025.12.6,42.0,18.0,已提取,4个通道
E:\压裂窜扰项目\02 规范化\不重要的\阳101H2\阳101H2 邻井压力监测\阳101h26平台临井压裂监测数据   叠合图1.1.xlsx,2025.12.7,43.0,19.0,已提取,4个通道
E:\压裂窜扰项目\02 规范化\不重要的\阳101H2\阳101H2 邻井压力监测\阳101h26平台临井压裂监测数据   叠合图1.1.xlsx,2025.12.8,24.0,19.0,已提取,4个通道
E:\压裂窜扰项目\02 规范化\不重要的\阳101H2\阳101H2 邻井压力监测\阳101h26平台临井压裂监测数据   叠合图1.1.xlsx,2025.12.9,47.0,19.0,已提取,4个通道
E:\压裂窜扰项目\02 规范化\不重要的\阳101H2\阳101H2 邻井压力监测\阳101h26平台临井压裂监测数据   叠合图1.1.xlsx,2025.12.10,39.0,19.0,已提取,4个通道
E:\压裂窜扰项目\02 规范化\不重要的\阳101H2\阳101H2 邻井压力监测\阳101h26平台临井压裂监测数据   叠合图1.1.xlsx,2025.12.11,42.0,19.0,已提取,4个通道
E:\压裂窜扰项目\02 规范化\不重要的\阳101H2\阳101H2 邻井压力监测\阳101h26平台临井压裂监测数据   叠合图1.1.xlsx,2025.12.12,45.0,19.0,已提取,4个通道
E:\压裂窜扰项目\02 规范化\不重要的\阳101H2\阳101H2 邻井压力监测\阳101h26平台临井压裂监测数据   叠合图1.1.xlsx,2025.12.13,44.0,19.0,已提取,4个通道
E:\压裂窜扰项目\02 规范化\不重要的\阳101H2\阳101H2 邻井压力监测\阳101h26平台临井压裂监测数据   叠合图1.1.xlsx,2025.12.14,25.0,19.0,已提取,4个通道
E:\压裂窜扰项目\02 规范化\不重要的\阳101H2\阳101H2 邻井压力监测\阳101h26平台临井压裂监测数据   叠合图1.1.xlsx,2025.12.15,45.0,19.0,已提取,4个通道
E:\压裂窜扰项目\02 规范化\不重要的\阳101H2\阳101H2 邻井压力监测\阳101h26平台临井压裂监测数据   叠合图1.1.xlsx,2025.12.16,31.0,19.0,已提取,4个通道
E:\压裂窜扰项目\02 规范化\不重要的\阳101H2\阳101H2 邻井压力监测\阳101h26平台临井压裂监测数据   叠合图1.1.xlsx,2025.12.17,19.0,19.0,已提取,4个通道
E:\压裂窜扰项目\02 规范化\不重要的\阳101H2\阳101H2 邻井压力监测\阳101h26平台临井压裂监测数据   叠合图1.1.xlsx,2025.12.18,20.0,19.0,已提取,4个通道
E:\压裂窜扰项目\02 规范化\不重要的\阳101H2\阳101H2 邻井压力监测\阳101h26平台临井压裂监测数据   叠合图1.1.xlsx,2025.12.19,24.0,19.0,已提取,4个通道
E:\压裂窜扰项目\02 规范化\不重要的\阳101H2\阳101H2 邻井压力监测\阳101h26平台临井压裂监测数据   叠合图1.1.xlsx,2025.12.20,23.0,19.0,已提取,4个通道
E:\压裂窜扰项目\02 规范化\不重要的\阳101H2\阳101H2 邻井压力监测\阳101h26平台临井压裂监测数据   叠合图1.1.xlsx,2025.12.21,18.0,19.0,已提取,4个通道
E:\压裂窜扰项目\02 规范化\不重要的\阳101H2\阳101H2 邻井压力监测\阳101h26平台临井压裂监测数据   叠合图1.1.xlsx,2025.12.22,21.0,19.0,已提取,4个通道
E:\压裂窜扰项目\02 规范化\不重要的\阳101H2\阳101H2 邻井压力监测\阳101h26平台临井压裂监测数据   叠合图1.1.xlsx,2025.12.23,20.0,19.0,已提取,4个通道
E:\压裂窜扰项目\02 规范化\不重要的\阳101H2\阳101H2 邻井压力监测\阳101h26平台临井压裂监测数据   叠合图1.1.xlsx,2025.12.24,20.0,19.0,已提取,4个通道
E:\压裂窜扰项目\02 规范化\不重要的\阳101H2\阳101H2 邻井压力监测\阳101h26平台临井压裂监测数据   叠合图1.1.xlsx,2025.12.25,38.0,19.0,已提取,4个通道
E:\压裂窜扰项目\02 规范化\不重要的\阳101H2\阳101H2 邻井压力监测\阳101h26平台临井压裂监测数据   叠合图1.1.xlsx,2025.12.26,32.0,19.0,已提取,4个通道
E:\压裂窜扰项目\02 规范化\不重要的\阳101H2\阳101H2 邻井压力监测\阳101h26平台临井压裂监测数据   叠合图1.1.xlsx,2025.12.27,39.0,19.0,已提取,4个通道
E:\压裂窜扰项目\02 规范化\不重要的\阳101H2\阳101H2 邻井压力监测\阳101h26平台临井压裂监测数据   叠合图1.1.xlsx,2025.12.28,33.0,19.0,已提取,4个通道
E:\压裂窜扰项目\02 规范化\不重要的\阳101H2\阳101H2 邻井压力监测\阳101h26平台临井压裂监测数据   叠合图1.1.xlsx,2025.12.29,34.0,19.0,已提取,4个通道
E:\压裂窜扰项目\02 规范化\不重要的\阳101H2\阳101H2 邻井压力监测\阳101h26平台临井压裂监测数据   叠合图1.1.xlsx,2025.12.30,4.0,19.0,无可用序列,空表或有效行列过少
E:\压裂窜扰项目\02 规范化\不重要的\阳101H2\阳101H2 邻井压力监测\阳101h26平台临井压裂监测数据   叠合图1.1.xlsx,2025.12.31,21.0,19.0,已提取,4个通道
E:\压裂窜扰项目\02 规范化\不重要的\阳101H2\阳101H2 邻井压力监测\阳101h26平台临井压裂监测数据   叠合图1.1.xlsx,2026.1.1 ,21.0,24.0,已提取,4个通道
E:\压裂窜扰项目\02 规范化\不重要的\阳101H2\阳101H2 邻井压力监测\阳101h26平台临井压裂监测数据(10).xlsx,2025.12.10,39.0,19.0,已提取,4个通道
E:\压裂窜扰项目\02 规范化\不重要的\阳101H2\阳101H2 邻井压力监测\阳101h26平台临井压裂监测数据(11).xlsx,2025.11.21,33.0,17.0,已提取,4个通道
E:\压裂窜扰项目\02 规范化\不重要的\阳101H2\阳101H2 邻井压力监测\阳101h26平台临井压裂监测数据(11).xlsx,2025.11.22,21.0,18.0,已提取,4个通道
E:\压裂窜扰项目\02 规范化\不重要的\阳101H2\阳101H2 邻井压力监测\阳101h26平台临井压裂监测数据(11).xlsx,2025.11.23,22.0,18.0,已提取,4个通道
E:\压裂窜扰项目\02 规范化\不重要的\阳101H2\阳101H2 邻井压力监测\阳101h26平台临井压裂监测数据(11).xlsx,2025.11.24,44.0,18.0,已提取,4个通道
E:\压裂窜扰项目\02 规范化\不重要的\阳101H2\阳101H2 邻井压力监测\阳101h26平台临井压裂监测数据(11).xlsx,2025.11.25,43.0,18.0,已提取,4个通道
E:\压裂窜扰项目\02 规范化\不重要的\阳101H2\阳101H2 邻井压力监测\阳101h26平台临井压裂监测数据(11).xlsx,2025.11.26,37.0,18.0,已提取,4个通道
E:\压裂窜扰项目\02 规范化\不重要的\阳101H2\阳101H2 邻井压力监测\阳101h26平台临井压裂监测数据(11).xlsx,2025.11.30,40.0,18.0,已提取,4个通道
E:\压裂窜扰项目\02 规范化\不重要的\阳101H2\阳101H2 邻井压力监测\阳101h26平台临井压裂监测数据(11).xlsx,2025.12.1,46.0,18.0,已提取,4个通道
E:\压裂窜扰项目\02 规范化\不重要的\阳101H2\阳101H2 邻井压力监测\阳101h26平台临井压裂监测数据(11).xlsx,2025.12.2,52.0,18.0,已提取,4个通道
E:\压裂窜扰项目\02 规范化\不重要的\阳101H2\阳101H2 邻井压力监测\阳101h26平台临井压裂监测数据(11).xlsx,2025.12.3,21.0,18.0,已提取,4个通道
E:\压裂窜扰项目\02 规范化\不重要的\阳101H2\阳101H2 邻井压力监测\阳101h26平台临井压裂监测数据(11).xlsx,2025.12.4,44.0,18.0,已提取,4个通道
E:\压裂窜扰项目\02 规范化\不重要的\阳101H2\阳101H2 邻井压力监测\阳101h26平台临井压裂监测数据(11).xlsx,2025.12.5,51.0,18.0,已提取,4个通道
E:\压裂窜扰项目\02 规范化\不重要的\阳101H2\阳101H2 邻井压力监测\阳101h26平台临井压裂监测数据(11).xlsx,2025.12.6,42.0,18.0,已提取,4个通道
E:\压裂窜扰项目\02 规范化\不重要的\阳101H2\阳101H2 邻井压力监测\阳101h26平台临井压裂监测数据(11).xlsx,2025.12.7,43.0,19.0,已提取,4个通道
E:\压裂窜扰项目\02 规范化\不重要的\阳101H2\阳101H2 邻井压力监测\阳101h26平台临井压裂监测数据(11).xlsx,2025.12.8,24.0,19.0,已提取,4个通道
E:\压裂窜扰项目\02 规范化\不重要的\阳101H2\阳101H2 邻井压力监测\阳101h26平台临井压裂监测数据(11).xlsx,2025.12.9,47.0,19.0,已提取,4个通道
E:\压裂窜扰项目\02 规范化\不重要的\阳101H2\阳101H2 邻井压力监测\阳101h26平台临井压裂监测数据(11).xlsx,2025.12.10,39.0,19.0,已提取,4个通道
E:\压裂窜扰项目\02 规范化\不重要的\阳101H2\阳101H2 邻井压力监测\阳101h26平台临井压裂监测数据(11).xlsx,2025.12.11,42.0,19.0,已提取,4个通道
E:\压裂窜扰项目\02 规范化\不重要的\阳101H2\阳101H2 邻井压力监测\阳101h26平台临井压裂监测数据(14).xlsx,2025.11.21,33.0,17.0,已提取,4个通道
E:\压裂窜扰项目\02 规范化\不重要的\阳101H2\阳101H2 邻井压力监测\阳101h26平台临井压裂监测数据(14).xlsx,2025.11.22,21.0,18.0,已提取,4个通道
E:\压裂窜扰项目\02 规范化\不重要的\阳101H2\阳101H2 邻井压力监测\阳101h26平台临井压裂监测数据(14).xlsx,2025.11.23,22.0,18.0,已提取,4个通道
E:\压裂窜扰项目\02 规范化\不重要的\阳101H2\阳101H2 邻井压力监测\阳101h26平台临井压裂监测数据(14).xlsx,2025.11.24,44.0,18.0,已提取,4个通道
E:\压裂窜扰项目\02 规范化\不重要的\阳101H2\阳101H2 邻井压力监测\阳101h26平台临井压裂监测数据(14).xlsx,2025.11.25,43.0,18.0,已提取,4个通道
E:\压裂窜扰项目\02 规范化\不重要的\阳101H2\阳101H2 邻井压力监测\阳101h26平台临井压裂监测数据(14).xlsx,2025.11.26,37.0,18.0,已提取,4个通道
E:\压裂窜扰项目\02 规范化\不重要的\阳101H2\阳101H2 邻井压力监测\阳101h26平台临井压裂监测数据(14).xlsx,2025.11.30,40.0,18.0,已提取,4个通道
E:\压裂窜扰项目\02 规范化\不重要的\阳101H2\阳101H2 邻井压力监测\阳101h26平台临井压裂监测数据(14).xlsx,2025.12.1,46.0,18.0,已提取,4个通道
E:\压裂窜扰项目\02 规范化\不重要的\阳101H2\阳101H2 邻井压力监测\阳101h26平台临井压裂监测数据(14).xlsx,2025.12.2,52.0,18.0,已提取,4个通道
E:\压裂窜扰项目\02 规范化\不重要的\阳101H2\阳101H2 邻井压力监测\阳101h26平台临井压裂监测数据(14).xlsx,2025.12.3,21.0,18.0,已提取,4个通道
E:\压裂窜扰项目\02 规范化\不重要的\阳101H2\阳101H2 邻井压力监测\阳101h26平台临井压裂监测数据(14).xlsx,2025.12.4,44.0,18.0,已提取,4个通道
E:\压裂窜扰项目\02 规范化\不重要的\阳101H2\阳101H2 邻井压力监测\阳101h26平台临井压裂监测数据(14).xlsx,2025.12.5,51.0,18.0,已提取,4个通道
E:\压裂窜扰项目\02 规范化\不重要的\阳101H2\阳101H2 邻井压力监测\阳101h26平台临井压裂监测数据(14).xlsx,2025.12.6,42.0,18.0,已提取,4个通道
E:\压裂窜扰项目\02 规范化\不重要的\阳101H2\阳101H2 邻井压力监测\阳101h26平台临井压裂监测数据(14).xlsx,2025.12.7,43.0,19.0,已提取,4个通道
E:\压裂窜扰项目\02 规范化\不重要的\阳101H2\阳101H2 邻井压力监测\阳101h26平台临井压裂监测数据(14).xlsx,2025.12.8,24.0,19.0,已提取,4个通道
E:\压裂窜扰项目\02 规范化\不重要的\阳101H2\阳101H2 邻井压力监测\阳101h26平台临井压裂监测数据(14).xlsx,2025.12.9,47.0,19.0,已提取,4个通道
E:\压裂窜扰项目\02 规范化\不重要的\阳101H2\阳101H2 邻井压力监测\阳101h26平台临井压裂监测数据(14).xlsx,2025.12.10,39.0,19.0,已提取,4个通道
E:\压裂窜扰项目\02 规范化\不重要的\阳101H2\阳101H2 邻井压力监测\阳101h26平台临井压裂监测数据(14).xlsx,2025.12.11,42.0,19.0,已提取,4个通道
E:\压裂窜扰项目\02 规范化\不重要的\阳101H2\阳101H2 邻井压力监测\阳101h26平台临井压裂监测数据(14).xlsx,2025.12.12,45.0,19.0,已提取,4个通道
E:\压裂窜扰项目\02 规范化\不重要的\阳101H2\阳101H2 邻井压力监测\阳101h26平台临井压裂监测数据(16).xlsx,2025.11.21,33.0,17.0,已提取,4个通道
E:\压裂窜扰项目\02 规范化\不重要的\阳101H2\阳101H2 邻井压力监测\阳101h26平台临井压裂监测数据(16).xlsx,2025.11.22,21.0,18.0,已提取,4个通道
E:\压裂窜扰项目\02 规范化\不重要的\阳101H2\阳101H2 邻井压力监测\阳101h26平台临井压裂监测数据(16).xlsx,2025.11.23,22.0,18.0,已提取,4个通道
E:\压裂窜扰项目\02 规范化\不重要的\阳101H2\阳101H2 邻井压力监测\阳101h26平台临井压裂监测数据(16).xlsx,2025.11.24,44.0,18.0,已提取,4个通道
E:\压裂窜扰项目\02 规范化\不重要的\阳101H2\阳101H2 邻井压力监测\阳101h26平台临井压裂监测数据(16).xlsx,2025.11.25,43.0,18.0,已提取,4个通道
E:\压裂窜扰项目\02 规范化\不重要的\阳101H2\阳101H2 邻井压力监测\阳101h26平台临井压裂监测数据(16).xlsx,2025.11.26,37.0,18.0,已提取,4个通道
E:\压裂窜扰项目\02 规范化\不重要的\阳101H2\阳101H2 邻井压力监测\阳101h26平台临井压裂监测数据(16).xlsx,2025.11.30,40.0,18.0,已提取,4个通道
E:\压裂窜扰项目\02 规范化\不重要的\阳101H2\阳101H2 邻井压力监测\阳101h26平台临井压裂监测数据(16).xlsx,2025.12.1,46.0,18.0,已提取,4个通道
E:\压裂窜扰项目\02 规范化\不重要的\阳101H2\阳101H2 邻井压力监测\阳101h26平台临井压裂监测数据(16).xlsx,2025.12.2,52.0,18.0,已提取,4个通道
E:\压裂窜扰项目\02 规范化\不重要的\阳101H2\阳101H2 邻井压力监测\阳101h26平台临井压裂监测数据(16).xlsx,2025.12.3,21.0,18.0,已提取,4个通道
E:\压裂窜扰项目\02 规范化\不重要的\阳101H2\阳101H2 邻井压力监测\阳101h26平台临井压裂监测数据(16).xlsx,2025.12.4,44.0,18.0,已提取,4个通道
E:\压裂窜扰项目\02 规范化\不重要的\阳101H2\阳101H2 邻井压力监测\阳101h26平台临井压裂监测数据(16).xlsx,2025.12.5,51.0,18.0,已提取,4个通道
E:\压裂窜扰项目\02 规范化\不重要的\阳101H2\阳101H2 邻井压力监测\阳101h26平台临井压裂监测数据(16).xlsx,2025.12.6,42.0,18.0,已提取,4个通道
E:\压裂窜扰项目\02 规范化\不重要的\阳101H2\阳101H2 邻井压力监测\阳101h26平台临井压裂监测数据(16).xlsx,2025.12.7,43.0,19.0,已提取,4个通道
E:\压裂窜扰项目\02 规范化\不重要的\阳101H2\阳101H2 邻井压力监测\阳101h26平台临井压裂监测数据(16).xlsx,2025.12.8,24.0,19.0,已提取,4个通道
E:\压裂窜扰项目\02 规范化\不重要的\阳101H2\阳101H2 邻井压力监测\阳101h26平台临井压裂监测数据(16).xlsx,2025.12.9,47.0,19.0,已提取,4个通道
E:\压裂窜扰项目\02 规范化\不重要的\阳101H2\阳101H2 邻井压力监测\阳101h26平台临井压裂监测数据(16).xlsx,2025.12.10,39.0,19.0,已提取,4个通道
E:\压裂窜扰项目\02 规范化\不重要的\阳101H2\阳101H2 邻井压力监测\阳101h26平台临井压裂监测数据(16).xlsx,2025.12.11,42.0,19.0,已提取,4个通道
E:\压裂窜扰项目\02 规范化\不重要的\阳101H2\阳101H2 邻井压力监测\阳101h26平台临井压裂监测数据(16).xlsx,2025.12.12,45.0,19.0,已提取,4个通道
E:\压裂窜扰项目\02 规范化\不重要的\阳101H2\阳101H2 邻井压力监测\阳101h26平台临井压裂监测数据(16).xlsx,2025.12.13,24.0,19.0,已提取,4个通道
E:\压裂窜扰项目\02 规范化\不重要的\阳101H2\阳101H2 邻井压力监测\阳101h26平台临井压裂监测数据(17).xlsx,2025.11.21,33.0,17.0,已提取,4个通道
E:\压裂窜扰项目\02 规范化\不重要的\阳101H2\阳101H2 邻井压力监测\阳101h26平台临井压裂监测数据(17).xlsx,2025.11.22,21.0,18.0,已提取,4个通道
E:\压裂窜扰项目\02 规范化\不重要的\阳101H2\阳101H2 邻井压力监测\阳101h26平台临井压裂监测数据(17).xlsx,2025.11.23,22.0,18.0,已提取,4个通道
E:\压裂窜扰项目\02 规范化\不重要的\阳101H2\阳101H2 邻井压力监测\阳101h26平台临井压裂监测数据(17).xlsx,2025.11.24,44.0,18.0,已提取,4个通道
E:\压裂窜扰项目\02 规范化\不重要的\阳101H2\阳101H2 邻井压力监测\阳101h26平台临井压裂监测数据(17).xlsx,2025.11.25,43.0,18.0,已提取,4个通道
E:\压裂窜扰项目\02 规范化\不重要的\阳101H2\阳101H2 邻井压力监测\阳101h26平台临井压裂监测数据(17).xlsx,2025.11.26,37.0,18.0,已提取,4个通道
E:\压裂窜扰项目\02 规范化\不重要的\阳101H2\阳101H2 邻井压力监测\阳101h26平台临井压裂监测数据(17).xlsx,2025.11.30,40.0,18.0,已提取,4个通道
E:\压裂窜扰项目\02 规范化\不重要的\阳101H2\阳101H2 邻井压力监测\阳101h26平台临井压裂监测数据(17).xlsx,2025.12.1,46.0,18.0,已提取,4个通道
E:\压裂窜扰项目\02 规范化\不重要的\阳101H2\阳101H2 邻井压力监测\阳101h26平台临井压裂监测数据(17).xlsx,2025.12.2,52.0,18.0,已提取,4个通道
E:\压裂窜扰项目\02 规范化\不重要的\阳101H2\阳101H2 邻井压力监测\阳101h26平台临井压裂监测数据(17).xlsx,2025.12.3,21.0,18.0,已提取,4个通道
E:\压裂窜扰项目\02 规范化\不重要的\阳101H2\阳101H2 邻井压力监测\阳101h26平台临井压裂监测数据(17).xlsx,2025.12.4,44.0,18.0,已提取,4个通道
E:\压裂窜扰项目\02 规范化\不重要的\阳101H2\阳101H2 邻井压力监测\阳101h26平台临井压裂监测数据(17).xlsx,2025.12.5,51.0,18.0,已提取,4个通道
E:\压裂窜扰项目\02 规范化\不重要的\阳101H2\阳101H2 邻井压力监测\阳101h26平台临井压裂监测数据(17).xlsx,2025.12.6,42.0,18.0,已提取,4个通道
E:\压裂窜扰项目\02 规范化\不重要的\阳101H2\阳101H2 邻井压力监测\阳101h26平台临井压裂监测数据(17).xlsx,2025.12.7,43.0,19.0,已提取,4个通道
E:\压裂窜扰项目\02 规范化\不重要的\阳101H2\阳101H2 邻井压力监测\阳101h26平台临井压裂监测数据(17).xlsx,2025.12.8,24.0,19.0,已提取,4个通道
E:\压裂窜扰项目\02 规范化\不重要的\阳101H2\阳101H2 邻井压力监测\阳101h26平台临井压裂监测数据(17).xlsx,2025.12.9,47.0,19.0,已提取,4个通道
E:\压裂窜扰项目\02 规范化\不重要的\阳101H2\阳101H2 邻井压力监测\阳101h26平台临井压裂监测数据(17).xlsx,2025.12.10,39.0,19.0,已提取,4个通道
E:\压裂窜扰项目\02 规范化\不重要的\阳101H2\阳101H2 邻井压力监测\阳101h26平台临井压裂监测数据(17).xlsx,2025.12.11,42.0,19.0,已提取,4个通道
E:\压裂窜扰项目\02 规范化\不重要的\阳101H2\阳101H2 邻井压力监测\阳101h26平台临井压裂监测数据(17).xlsx,2025.12.12,45.0,19.0,已提取,4个通道
E:\压裂窜扰项目\02 规范化\不重要的\阳101H2\阳101H2 邻井压力监测\阳101h26平台临井压裂监测数据(17).xlsx,2025.12.13,44.0,19.0,已提取,4个通道
E:\压裂窜扰项目\02 规范化\不重要的\阳101H2\阳101H2 邻井压力监测\阳101h26平台临井压裂监测数据(2).xlsx,2025.11.21,33.0,17.0,已提取,4个通道
E:\压裂窜扰项目\02 规范化\不重要的\阳101H2\阳101H2 邻井压力监测\阳101h26平台临井压裂监测数据(2).xlsx,2025.11.22,21.0,18.0,已提取,4个通道
E:\压裂窜扰项目\02 规范化\不重要的\阳101H2\阳101H2 邻井压力监测\阳101h26平台临井压裂监测数据(2).xlsx,2025.11.23,22.0,18.0,已提取,4个通道
E:\压裂窜扰项目\02 规范化\不重要的\阳101H2\阳101H2 邻井压力监测\阳101h26平台临井压裂监测数据(2).xlsx,2025.11.24,44.0,18.0,已提取,4个通道
E:\压裂窜扰项目\02 规范化\不重要的\阳101H2\阳101H2 邻井压力监测\阳101h26平台临井压裂监测数据(2).xlsx,2025.11.25,43.0,18.0,已提取,4个通道
E:\压裂窜扰项目\02 规范化\不重要的\阳101H2\阳101H2 邻井压力监测\阳101h26平台临井压裂监测数据(2).xlsx,2025.11.26,37.0,18.0,已提取,4个通道
E:\压裂窜扰项目\02 规范化\不重要的\阳101H2\阳101H2 邻井压力监测\阳101h26平台临井压裂监测数据(2).xlsx,2025.11.30,40.0,18.0,已提取,4个通道
E:\压裂窜扰项目\02 规范化\不重要的\阳101H2\阳101H2 邻井压力监测\阳101h26平台临井压裂监测数据(2).xlsx,2025.12.1,46.0,18.0,已提取,4个通道
E:\压裂窜扰项目\02 规范化\不重要的\阳101H2\阳101H2 邻井压力监测\阳101h26平台临井压裂监测数据(2).xlsx,2025.12.2,52.0,18.0,已提取,4个通道
E:\压裂窜扰项目\02 规范化\不重要的\阳101H2\阳101H2 邻井压力监测\阳101h26平台临井压裂监测数据(2).xlsx,2025.12.3,21.0,18.0,已提取,4个通道
E:\压裂窜扰项目\02 规范化\不重要的\阳101H2\阳101H2 邻井压力监测\阳101h26平台临井压裂监测数据(2).xlsx,2025.12.4,44.0,18.0,已提取,4个通道
E:\压裂窜扰项目\02 规范化\不重要的\阳101H2\阳101H2 邻井压力监测\阳101h26平台临井压裂监测数据(2).xlsx,2025.12.5,51.0,18.0,已提取,4个通道
E:\压裂窜扰项目\02 规范化\不重要的\阳101H2\阳101H2 邻井压力监测\阳101h26平台临井压裂监测数据(2).xlsx,2025.12.6,35.0,18.0,已提取,4个通道
E:\压裂窜扰项目\02 规范化\不重要的\阳101H2\阳101H2 邻井压力监测\阳101h26平台临井压裂监测数据(22).xlsx,2025.11.21,33.0,17.0,已提取,4个通道
E:\压裂窜扰项目\02 规范化\不重要的\阳101H2\阳101H2 邻井压力监测\阳101h26平台临井压裂监测数据(22).xlsx,2025.11.22,21.0,18.0,已提取,4个通道
E:\压裂窜扰项目\02 规范化\不重要的\阳101H2\阳101H2 邻井压力监测\阳101h26平台临井压裂监测数据(22).xlsx,2025.11.23,22.0,18.0,已提取,4个通道
E:\压裂窜扰项目\02 规范化\不重要的\阳101H2\阳101H2 邻井压力监测\阳101h26平台临井压裂监测数据(22).xlsx,2025.11.24,44.0,18.0,已提取,4个通道
E:\压裂窜扰项目\02 规范化\不重要的\阳101H2\阳101H2 邻井压力监测\阳101h26平台临井压裂监测数据(22).xlsx,2025.11.25,43.0,18.0,已提取,4个通道
E:\压裂窜扰项目\02 规范化\不重要的\阳101H2\阳101H2 邻井压力监测\阳101h26平台临井压裂监测数据(22).xlsx,2025.11.26,37.0,18.0,已提取,4个通道
E:\压裂窜扰项目\02 规范化\不重要的\阳101H2\阳101H2 邻井压力监测\阳101h26平台临井压裂监测数据(22).xlsx,2025.11.30,40.0,18.0,已提取,4个通道
E:\压裂窜扰项目\02 规范化\不重要的\阳101H2\阳101H2 邻井压力监测\阳101h26平台临井压裂监测数据(22).xlsx,2025.12.1,46.0,18.0,已提取,4个通道
E:\压裂窜扰项目\02 规范化\不重要的\阳101H2\阳101H2 邻井压力监测\阳101h26平台临井压裂监测数据(22).xlsx,2025.12.2,52.0,18.0,已提取,4个通道
E:\压裂窜扰项目\02 规范化\不重要的\阳101H2\阳101H2 邻井压力监测\阳101h26平台临井压裂监测数据(22).xlsx,2025.12.3,21.0,18.0,已提取,4个通道
E:\压裂窜扰项目\02 规范化\不重要的\阳101H2\阳101H2 邻井压力监测\阳101h26平台临井压裂监测数据(22).xlsx,2025.12.4,44.0,18.0,已提取,4个通道
E:\压裂窜扰项目\02 规范化\不重要的\阳101H2\阳101H2 邻井压力监测\阳101h26平台临井压裂监测数据(22).xlsx,2025.12.5,51.0,18.0,已提取,4个通道
E:\压裂窜扰项目\02 规范化\不重要的\阳101H2\阳101H2 邻井压力监测\阳101h26平台临井压裂监测数据(22).xlsx,2025.12.6,42.0,18.0,已提取,4个通道
E:\压裂窜扰项目\02 规范化\不重要的\阳101H2\阳101H2 邻井压力监测\阳101h26平台临井压裂监测数据(22).xlsx,2025.12.7,43.0,19.0,已提取,4个通道
E:\压裂窜扰项目\02 规范化\不重要的\阳101H2\阳101H2 邻井压力监测\阳101h26平台临井压裂监测数据(22).xlsx,2025.12.8,24.0,19.0,已提取,4个通道
E:\压裂窜扰项目\02 规范化\不重要的\阳101H2\阳101H2 邻井压力监测\阳101h26平台临井压裂监测数据(22).xlsx,2025.12.9,47.0,19.0,已提取,4个通道
E:\压裂窜扰项目\02 规范化\不重要的\阳101H2\阳101H2 邻井压力监测\阳101h26平台临井压裂监测数据(22).xlsx,2025.12.10,39.0,19.0,已提取,4个通道
E:\压裂窜扰项目\02 规范化\不重要的\阳101H2\阳101H2 邻井压力监测\阳101h26平台临井压裂监测数据(22).xlsx,2025.12.11,42.0,19.0,已提取,4个通道
E:\压裂窜扰项目\02 规范化\不重要的\阳101H2\阳101H2 邻井压力监测\阳101h26平台临井压裂监测数据(22).xlsx,2025.12.12,45.0,19.0,已提取,4个通道
E:\压裂窜扰项目\02 规范化\不重要的\阳101H2\阳101H2 邻井压力监测\阳101h26平台临井压裂监测数据(22).xlsx,2025.12.13,44.0,19.0,已提取,4个通道
E:\压裂窜扰项目\02 规范化\不重要的\阳101H2\阳101H2 邻井压力监测\阳101h26平台临井压裂监测数据(22).xlsx,2025.12.14,25.0,19.0,已提取,4个通道
E:\压裂窜扰项目\02 规范化\不重要的\阳101H2\阳101H2 邻井压力监测\阳101h26平台临井压裂监测数据(22).xlsx,2025.12.15,45.0,19.0,已提取,4个通道
E:\压裂窜扰项目\02 规范化\不重要的\阳101H2\阳101H2 邻井压力监测\阳101h26平台临井压裂监测数据(22).xlsx,2025.12.16,25.0,19.0,已提取,4个通道
E:\压裂窜扰项目\02 规范化\不重要的\阳101H2\阳101H2 邻井压力监测\阳101h26平台临井压裂监测数据(23).xlsx,2025.11.21,33.0,17.0,已提取,4个通道
E:\压裂窜扰项目\02 规范化\不重要的\阳101H2\阳101H2 邻井压力监测\阳101h26平台临井压裂监测数据(23).xlsx,2025.11.22,21.0,18.0,已提取,4个通道
E:\压裂窜扰项目\02 规范化\不重要的\阳101H2\阳101H2 邻井压力监测\阳101h26平台临井压裂监测数据(23).xlsx,2025.11.23,22.0,18.0,已提取,4个通道
E:\压裂窜扰项目\02 规范化\不重要的\阳101H2\阳101H2 邻井压力监测\阳101h26平台临井压裂监测数据(23).xlsx,2025.11.24,44.0,18.0,已提取,4个通道
E:\压裂窜扰项目\02 规范化\不重要的\阳101H2\阳101H2 邻井压力监测\阳101h26平台临井压裂监测数据(23).xlsx,2025.11.25,43.0,18.0,已提取,4个通道
E:\压裂窜扰项目\02 规范化\不重要的\阳101H2\阳101H2 邻井压力监测\阳101h26平台临井压裂监测数据(23).xlsx,2025.11.26,37.0,18.0,已提取,4个通道
E:\压裂窜扰项目\02 规范化\不重要的\阳101H2\阳101H2 邻井压力监测\阳101h26平台临井压裂监测数据(23).xlsx,2025.11.30,40.0,18.0,已提取,4个通道
E:\压裂窜扰项目\02 规范化\不重要的\阳101H2\阳101H2 邻井压力监测\阳101h26平台临井压裂监测数据(23).xlsx,2025.12.1,46.0,18.0,已提取,4个通道
E:\压裂窜扰项目\02 规范化\不重要的\阳101H2\阳101H2 邻井压力监测\阳101h26平台临井压裂监测数据(23).xlsx,2025.12.2,52.0,18.0,已提取,4个通道
E:\压裂窜扰项目\02 规范化\不重要的\阳101H2\阳101H2 邻井压力监测\阳101h26平台临井压裂监测数据(23).xlsx,2025.12.3,21.0,18.0,已提取,4个通道
E:\压裂窜扰项目\02 规范化\不重要的\阳101H2\阳101H2 邻井压力监测\阳101h26平台临井压裂监测数据(23).xlsx,2025.12.4,44.0,18.0,已提取,4个通道
E:\压裂窜扰项目\02 规范化\不重要的\阳101H2\阳101H2 邻井压力监测\阳101h26平台临井压裂监测数据(23).xlsx,2025.12.5,51.0,18.0,已提取,4个通道
E:\压裂窜扰项目\02 规范化\不重要的\阳101H2\阳101H2 邻井压力监测\阳101h26平台临井压裂监测数据(23).xlsx,2025.12.6,42.0,18.0,已提取,4个通道
E:\压裂窜扰项目\02 规范化\不重要的\阳101H2\阳101H2 邻井压力监测\阳101h26平台临井压裂监测数据(23).xlsx,2025.12.7,43.0,19.0,已提取,4个通道
E:\压裂窜扰项目\02 规范化\不重要的\阳101H2\阳101H2 邻井压力监测\阳101h26平台临井压裂监测数据(23).xlsx,2025.12.8,24.0,19.0,已提取,4个通道
E:\压裂窜扰项目\02 规范化\不重要的\阳101H2\阳101H2 邻井压力监测\阳101h26平台临井压裂监测数据(23).xlsx,2025.12.9,47.0,19.0,已提取,4个通道
E:\压裂窜扰项目\02 规范化\不重要的\阳101H2\阳101H2 邻井压力监测\阳101h26平台临井压裂监测数据(23).xlsx,2025.12.10,39.0,19.0,已提取,4个通道
E:\压裂窜扰项目\02 规范化\不重要的\阳101H2\阳101H2 邻井压力监测\阳101h26平台临井压裂监测数据(23).xlsx,2025.12.11,42.0,19.0,已提取,4个通道
E:\压裂窜扰项目\02 规范化\不重要的\阳101H2\阳101H2 邻井压力监测\阳101h26平台临井压裂监测数据(23).xlsx,2025.12.12,45.0,19.0,已提取,4个通道
E:\压裂窜扰项目\02 规范化\不重要的\阳101H2\阳101H2 邻井压力监测\阳101h26平台临井压裂监测数据(23).xlsx,2025.12.13,44.0,19.0,已提取,4个通道
E:\压裂窜扰项目\02 规范化\不重要的\阳101H2\阳101H2 邻井压力监测\阳101h26平台临井压裂监测数据(23).xlsx,2025.12.14,25.0,19.0,已提取,4个通道
E:\压裂窜扰项目\02 规范化\不重要的\阳101H2\阳101H2 邻井压力监测\阳101h26平台临井压裂监测数据(23).xlsx,2025.12.15,45.0,19.0,已提取,4个通道
E:\压裂窜扰项目\02 规范化\不重要的\阳101H2\阳101H2 邻井压力监测\阳101h26平台临井压裂监测数据(23).xlsx,2025.12.16,31.0,19.0,已提取,4个通道
E:\压裂窜扰项目\02 规范化\不重要的\阳101H2\阳101H2 邻井压力监测\阳101h26平台临井压裂监测数据(4).xlsx,2025.11.21,33.0,17.0,已提取,4个通道
E:\压裂窜扰项目\02 规范化\不重要的\阳101H2\阳101H2 邻井压力监测\阳101h26平台临井压裂监测数据(4).xlsx,2025.11.22,21.0,18.0,已提取,4个通道
E:\压裂窜扰项目\02 规范化\不重要的\阳101H2\阳101H2 邻井压力监测\阳101h26平台临井压裂监测数据(4).xlsx,2025.11.23,22.0,18.0,已提取,4个通道
E:\压裂窜扰项目\02 规范化\不重要的\阳101H2\阳101H2 邻井压力监测\阳101h26平台临井压裂监测数据(4).xlsx,2025.11.24,44.0,18.0,已提取,4个通道
E:\压裂窜扰项目\02 规范化\不重要的\阳101H2\阳101H2 邻井压力监测\阳101h26平台临井压裂监测数据(4).xlsx,2025.11.25,43.0,18.0,已提取,4个通道
E:\压裂窜扰项目\02 规范化\不重要的\阳101H2\阳101H2 邻井压力监测\阳101h26平台临井压裂监测数据(4).xlsx,2025.11.26,37.0,18.0,已提取,4个通道
E:\压裂窜扰项目\02 规范化\不重要的\阳101H2\阳101H2 邻井压力监测\阳101h26平台临井压裂监测数据(4).xlsx,2025.11.30,40.0,18.0,已提取,4个通道
E:\压裂窜扰项目\02 规范化\不重要的\阳101H2\阳101H2 邻井压力监测\阳101h26平台临井压裂监测数据(4).xlsx,2025.12.1,46.0,18.0,已提取,4个通道
E:\压裂窜扰项目\02 规范化\不重要的\阳101H2\阳101H2 邻井压力监测\阳101h26平台临井压裂监测数据(4).xlsx,2025.12.2,52.0,18.0,已提取,4个通道
E:\压裂窜扰项目\02 规范化\不重要的\阳101H2\阳101H2 邻井压力监测\阳101h26平台临井压裂监测数据(4).xlsx,2025.12.3,21.0,18.0,已提取,4个通道
E:\压裂窜扰项目\02 规范化\不重要的\阳101H2\阳101H2 邻井压力监测\阳101h26平台临井压裂监测数据(4).xlsx,2025.12.4,44.0,18.0,已提取,4个通道
E:\压裂窜扰项目\02 规范化\不重要的\阳101H2\阳101H2 邻井压力监测\阳101h26平台临井压裂监测数据(4).xlsx,2025.12.5,51.0,18.0,已提取,4个通道
E:\压裂窜扰项目\02 规范化\不重要的\阳101H2\阳101H2 邻井压力监测\阳101h26平台临井压裂监测数据(4).xlsx,2025.12.6,42.0,18.0,已提取,4个通道
E:\压裂窜扰项目\02 规范化\不重要的\阳101H2\阳101H2 邻井压力监测\阳101h26平台临井压裂监测数据(5).xlsx,2025.11.21,33.0,17.0,已提取,4个通道
E:\压裂窜扰项目\02 规范化\不重要的\阳101H2\阳101H2 邻井压力监测\阳101h26平台临井压裂监测数据(5).xlsx,2025.11.22,21.0,18.0,已提取,4个通道
E:\压裂窜扰项目\02 规范化\不重要的\阳101H2\阳101H2 邻井压力监测\阳101h26平台临井压裂监测数据(5).xlsx,2025.11.23,22.0,18.0,已提取,4个通道
E:\压裂窜扰项目\02 规范化\不重要的\阳101H2\阳101H2 邻井压力监测\阳101h26平台临井压裂监测数据(5).xlsx,2025.11.24,44.0,18.0,已提取,4个通道
E:\压裂窜扰项目\02 规范化\不重要的\阳101H2\阳101H2 邻井压力监测\阳101h26平台临井压裂监测数据(5).xlsx,2025.11.25,43.0,18.0,已提取,4个通道
E:\压裂窜扰项目\02 规范化\不重要的\阳101H2\阳101H2 邻井压力监测\阳101h26平台临井压裂监测数据(5).xlsx,2025.11.26,37.0,18.0,已提取,4个通道
E:\压裂窜扰项目\02 规范化\不重要的\阳101H2\阳101H2 邻井压力监测\阳101h26平台临井压裂监测数据(5).xlsx,2025.11.30,40.0,18.0,已提取,4个通道
E:\压裂窜扰项目\02 规范化\不重要的\阳101H2\阳101H2 邻井压力监测\阳101h26平台临井压裂监测数据(5).xlsx,2025.12.1,46.0,18.0,已提取,4个通道
E:\压裂窜扰项目\02 规范化\不重要的\阳101H2\阳101H2 邻井压力监测\阳101h26平台临井压裂监测数据(5).xlsx,2025.12.2,52.0,18.0,已提取,4个通道
E:\压裂窜扰项目\02 规范化\不重要的\阳101H2\阳101H2 邻井压力监测\阳101h26平台临井压裂监测数据(5).xlsx,2025.12.3,21.0,18.0,已提取,4个通道
E:\压裂窜扰项目\02 规范化\不重要的\阳101H2\阳101H2 邻井压力监测\阳101h26平台临井压裂监测数据(5).xlsx,2025.12.4,44.0,18.0,已提取,4个通道
E:\压裂窜扰项目\02 规范化\不重要的\阳101H2\阳101H2 邻井压力监测\阳101h26平台临井压裂监测数据(5).xlsx,2025.12.5,51.0,18.0,已提取,4个通道
E:\压裂窜扰项目\02 规范化\不重要的\阳101H2\阳101H2 邻井压力监测\阳101h26平台临井压裂监测数据(5).xlsx,2025.12.6,42.0,18.0,已提取,4个通道
E:\压裂窜扰项目\02 规范化\不重要的\阳101H2\阳101H2 邻井压力监测\阳101h26平台临井压裂监测数据(5).xlsx,2025.12.7,29.0,19.0,已提取,4个通道
E:\压裂窜扰项目\02 规范化\不重要的\阳101H2\阳101H2 邻井压力监测\阳101h26平台临井压裂监测数据(6).xlsx,2025.11.21,33.0,17.0,已提取,4个通道
E:\压裂窜扰项目\02 规范化\不重要的\阳101H2\阳101H2 邻井压力监测\阳101h26平台临井压裂监测数据(6).xlsx,2025.11.22,21.0,18.0,已提取,4个通道
E:\压裂窜扰项目\02 规范化\不重要的\阳101H2\阳101H2 邻井压力监测\阳101h26平台临井压裂监测数据(6).xlsx,2025.11.23,22.0,18.0,已提取,4个通道
E:\压裂窜扰项目\02 规范化\不重要的\阳101H2\阳101H2 邻井压力监测\阳101h26平台临井压裂监测数据(6).xlsx,2025.11.24,44.0,18.0,已提取,4个通道
E:\压裂窜扰项目\02 规范化\不重要的\阳101H2\阳101H2 邻井压力监测\阳101h26平台临井压裂监测数据(6).xlsx,2025.11.25,43.0,18.0,已提取,4个通道
E:\压裂窜扰项目\02 规范化\不重要的\阳101H2\阳101H2 邻井压力监测\阳101h26平台临井压裂监测数据(6).xlsx,2025.11.26,37.0,18.0,已提取,4个通道
E:\压裂窜扰项目\02 规范化\不重要的\阳101H2\阳101H2 邻井压力监测\阳101h26平台临井压裂监测数据(6).xlsx,2025.11.30,40.0,18.0,已提取,4个通道
E:\压裂窜扰项目\02 规范化\不重要的\阳101H2\阳101H2 邻井压力监测\阳101h26平台临井压裂监测数据(6).xlsx,2025.12.1,46.0,18.0,已提取,4个通道
E:\压裂窜扰项目\02 规范化\不重要的\阳101H2\阳101H2 邻井压力监测\阳101h26平台临井压裂监测数据(6).xlsx,2025.12.2,52.0,18.0,已提取,4个通道
E:\压裂窜扰项目\02 规范化\不重要的\阳101H2\阳101H2 邻井压力监测\阳101h26平台临井压裂监测数据(6).xlsx,2025.12.3,21.0,18.0,已提取,4个通道
E:\压裂窜扰项目\02 规范化\不重要的\阳101H2\阳101H2 邻井压力监测\阳101h26平台临井压裂监测数据(6).xlsx,2025.12.4,44.0,18.0,已提取,4个通道
E:\压裂窜扰项目\02 规范化\不重要的\阳101H2\阳101H2 邻井压力监测\阳101h26平台临井压裂监测数据(6).xlsx,2025.12.5,51.0,18.0,已提取,4个通道
E:\压裂窜扰项目\02 规范化\不重要的\阳101H2\阳101H2 邻井压力监测\阳101h26平台临井压裂监测数据(6).xlsx,2025.12.6,42.0,18.0,已提取,4个通道
E:\压裂窜扰项目\02 规范化\不重要的\阳101H2\阳101H2 邻井压力监测\阳101h26平台临井压裂监测数据(6).xlsx,2025.12.7,43.0,19.0,已提取,4个通道
E:\压裂窜扰项目\02 规范化\不重要的\阳101H2\阳101H2 邻井压力监测\阳101h26平台临井压裂监测数据(7).xlsx,2025.11.21,33.0,17.0,已提取,4个通道
E:\压裂窜扰项目\02 规范化\不重要的\阳101H2\阳101H2 邻井压力监测\阳101h26平台临井压裂监测数据(7).xlsx,2025.11.22,21.0,18.0,已提取,4个通道
E:\压裂窜扰项目\02 规范化\不重要的\阳101H2\阳101H2 邻井压力监测\阳101h26平台临井压裂监测数据(7).xlsx,2025.11.23,22.0,18.0,已提取,4个通道
E:\压裂窜扰项目\02 规范化\不重要的\阳101H2\阳101H2 邻井压力监测\阳101h26平台临井压裂监测数据(7).xlsx,2025.11.24,44.0,18.0,已提取,4个通道
E:\压裂窜扰项目\02 规范化\不重要的\阳101H2\阳101H2 邻井压力监测\阳101h26平台临井压裂监测数据(7).xlsx,2025.11.25,43.0,18.0,已提取,4个通道
E:\压裂窜扰项目\02 规范化\不重要的\阳101H2\阳101H2 邻井压力监测\阳101h26平台临井压裂监测数据(7).xlsx,2025.11.26,37.0,18.0,已提取,4个通道
E:\压裂窜扰项目\02 规范化\不重要的\阳101H2\阳101H2 邻井压力监测\阳101h26平台临井压裂监测数据(7).xlsx,2025.11.30,40.0,18.0,已提取,4个通道
E:\压裂窜扰项目\02 规范化\不重要的\阳101H2\阳101H2 邻井压力监测\阳101h26平台临井压裂监测数据(7).xlsx,2025.12.1,46.0,18.0,已提取,4个通道
E:\压裂窜扰项目\02 规范化\不重要的\阳101H2\阳101H2 邻井压力监测\阳101h26平台临井压裂监测数据(7).xlsx,2025.12.2,52.0,18.0,已提取,4个通道
E:\压裂窜扰项目\02 规范化\不重要的\阳101H2\阳101H2 邻井压力监测\阳101h26平台临井压裂监测数据(7).xlsx,2025.12.3,21.0,18.0,已提取,4个通道
E:\压裂窜扰项目\02 规范化\不重要的\阳101H2\阳101H2 邻井压力监测\阳101h26平台临井压裂监测数据(7).xlsx,2025.12.4,44.0,18.0,已提取,4个通道
E:\压裂窜扰项目\02 规范化\不重要的\阳101H2\阳101H2 邻井压力监测\阳101h26平台临井压裂监测数据(7).xlsx,2025.12.5,51.0,18.0,已提取,4个通道
E:\压裂窜扰项目\02 规范化\不重要的\阳101H2\阳101H2 邻井压力监测\阳101h26平台临井压裂监测数据(7).xlsx,2025.12.6,42.0,18.0,已提取,4个通道
E:\压裂窜扰项目\02 规范化\不重要的\阳101H2\阳101H2 邻井压力监测\阳101h26平台临井压裂监测数据(7).xlsx,2025.12.7,43.0,19.0,已提取,4个通道
E:\压裂窜扰项目\02 规范化\不重要的\阳101H2\阳101H2 邻井压力监测\阳101h26平台临井压裂监测数据(7).xlsx,2025.12.8,24.0,19.0,已提取,4个通道
E:\压裂窜扰项目\02 规范化\不重要的\阳101H2\阳101H2 邻井压力监测\阳101h26平台临井压裂监测数据(8).xlsx,2025.11.21,33.0,17.0,已提取,4个通道
E:\压裂窜扰项目\02 规范化\不重要的\阳101H2\阳101H2 邻井压力监测\阳101h26平台临井压裂监测数据(8).xlsx,2025.11.22,21.0,18.0,已提取,4个通道
E:\压裂窜扰项目\02 规范化\不重要的\阳101H2\阳101H2 邻井压力监测\阳101h26平台临井压裂监测数据(8).xlsx,2025.11.23,22.0,18.0,已提取,4个通道
E:\压裂窜扰项目\02 规范化\不重要的\阳101H2\阳101H2 邻井压力监测\阳101h26平台临井压裂监测数据(8).xlsx,2025.11.24,44.0,18.0,已提取,4个通道
E:\压裂窜扰项目\02 规范化\不重要的\阳101H2\阳101H2 邻井压力监测\阳101h26平台临井压裂监测数据(8).xlsx,2025.11.25,43.0,18.0,已提取,4个通道
E:\压裂窜扰项目\02 规范化\不重要的\阳101H2\阳101H2 邻井压力监测\阳101h26平台临井压裂监测数据(8).xlsx,2025.11.26,37.0,18.0,已提取,4个通道
E:\压裂窜扰项目\02 规范化\不重要的\阳101H2\阳101H2 邻井压力监测\阳101h26平台临井压裂监测数据(8).xlsx,2025.11.30,40.0,18.0,已提取,4个通道
E:\压裂窜扰项目\02 规范化\不重要的\阳101H2\阳101H2 邻井压力监测\阳101h26平台临井压裂监测数据(8).xlsx,2025.12.1,46.0,18.0,已提取,4个通道
E:\压裂窜扰项目\02 规范化\不重要的\阳101H2\阳101H2 邻井压力监测\阳101h26平台临井压裂监测数据(8).xlsx,2025.12.2,52.0,18.0,已提取,4个通道
E:\压裂窜扰项目\02 规范化\不重要的\阳101H2\阳101H2 邻井压力监测\阳101h26平台临井压裂监测数据(8).xlsx,2025.12.3,21.0,18.0,已提取,4个通道
E:\压裂窜扰项目\02 规范化\不重要的\阳101H2\阳101H2 邻井压力监测\阳101h26平台临井压裂监测数据(8).xlsx,2025.12.4,44.0,18.0,已提取,4个通道
E:\压裂窜扰项目\02 规范化\不重要的\阳101H2\阳101H2 邻井压力监测\阳101h26平台临井压裂监测数据(8).xlsx,2025.12.5,51.0,18.0,已提取,4个通道
E:\压裂窜扰项目\02 规范化\不重要的\阳101H2\阳101H2 邻井压力监测\阳101h26平台临井压裂监测数据(8).xlsx,2025.12.6,42.0,18.0,已提取,4个通道
E:\压裂窜扰项目\02 规范化\不重要的\阳101H2\阳101H2 邻井压力监测\阳101h26平台临井压裂监测数据(8).xlsx,2025.12.7,43.0,19.0,已提取,4个通道
E:\压裂窜扰项目\02 规范化\不重要的\阳101H2\阳101H2 邻井压力监测\阳101h26平台临井压裂监测数据(8).xlsx,2025.12.8,24.0,19.0,已提取,4个通道
E:\压裂窜扰项目\02 规范化\不重要的\阳101H2\阳101H2 邻井压力监测\阳101h26平台临井压裂监测数据(8).xlsx,2025.12.9,47.0,19.0,已提取,4个通道
E:\压裂窜扰项目\02 规范化\不重要的\阳101H2\阳101H2 邻井压力监测\阳101h26平台临井压裂监测数据.xlsx,2025.11.21,33.0,17.0,已提取,4个通道
E:\压裂窜扰项目\02 规范化\不重要的\阳101H2\阳101H2 邻井压力监测\阳101h26平台临井压裂监测数据.xlsx,2025.11.22,22.0,18.0,已提取,4个通道
E:\压裂窜扰项目\02 规范化\不重要的\阳101H2\阳101H2 邻井压力监测\阳101h26平台临井压裂监测数据.xlsx,2025.11.23,22.0,18.0,已提取,4个通道
E:\压裂窜扰项目\02 规范化\不重要的\阳101H2\阳101H2 邻井压力监测\阳101h26平台临井压裂监测数据.xlsx,2025.11.24,44.0,18.0,已提取,4个通道
E:\压裂窜扰项目\02 规范化\不重要的\阳101H2\阳101H2 邻井压力监测\阳101h26平台临井压裂监测数据.xlsx,2025.11.25,43.0,18.0,已提取,4个通道
E:\压裂窜扰项目\02 规范化\不重要的\阳101H2\阳101H2 邻井压力监测\阳101h26平台临井压裂监测数据.xlsx,2025.11.26,37.0,18.0,已提取,4个通道
E:\压裂窜扰项目\02 规范化\不重要的\阳101H2\阳101H2 邻井压力监测\阳101h26平台临井压裂监测数据.xlsx,2025.11.30,40.0,18.0,已提取,4个通道
E:\压裂窜扰项目\02 规范化\不重要的\阳101H2\阳101H2 邻井压力监测\阳101h26平台临井压裂监测数据.xlsx,2025.12.1,51.0,18.0,已提取,4个通道
E:\压裂窜扰项目\02 规范化\不重要的\阳101H2\阳101H2 邻井压力监测\阳101h26平台临井压裂监测数据.xlsx,2025.12.2,52.0,18.0,已提取,4个通道
E:\压裂窜扰项目\02 规范化\不重要的\阳101H2\阳101H2 邻井压力监测\阳101h26平台临井压裂监测数据.xlsx,2025.12.3,0.0,0.0,无可用序列,空表或有效行列过少
E:\压裂窜扰项目\02 规范化\不重要的\阳101H2\阳101H2 邻井压力监测\阳101h26平台临井压裂监测数据.xlsx,2025.12.4,50.0,18.0,已提取,4个通道
E:\压裂窜扰项目\02 规范化\不重要的\阳101H2\阳101H2 邻井压力监测\阳101h26平台临井压裂监测数据.xlsx,2025.12.5,35.0,18.0,已提取,4个通道
E:\压裂窜扰项目\02 规范化\不重要的\阳101H2\阳101H2 邻井压力监测\阳101h26平台临井压裂监测数据10.17.xlsx,2025.11.21,33.0,17.0,已提取,4个通道
E:\压裂窜扰项目\02 规范化\不重要的\阳101H2\阳101H2 邻井压力监测\阳101h26平台临井压裂监测数据10.17.xlsx,2025.11.22,21.0,18.0,已提取,4个通道
E:\压裂窜扰项目\02 规范化\不重要的\阳101H2\阳101H2 邻井压力监测\阳101h26平台临井压裂监测数据10.17.xlsx,2025.11.23,22.0,18.0,已提取,4个通道
E:\压裂窜扰项目\02 规范化\不重要的\阳101H2\阳101H2 邻井压力监测\阳101h26平台临井压裂监测数据10.17.xlsx,2025.11.24,44.0,18.0,已提取,4个通道
E:\压裂窜扰项目\02 规范化\不重要的\阳101H2\阳101H2 邻井压力监测\阳101h26平台临井压裂监测数据10.17.xlsx,2025.11.25,43.0,18.0,已提取,4个通道
E:\压裂窜扰项目\02 规范化\不重要的\阳101H2\阳101H2 邻井压力监测\阳101h26平台临井压裂监测数据10.17.xlsx,2025.11.26,37.0,18.0,已提取,4个通道
E:\压裂窜扰项目\02 规范化\不重要的\阳101H2\阳101H2 邻井压力监测\阳101h26平台临井压裂监测数据10.17.xlsx,2025.11.30,40.0,18.0,已提取,4个通道
E:\压裂窜扰项目\02 规范化\不重要的\阳101H2\阳101H2 邻井压力监测\阳101h26平台临井压裂监测数据10.17.xlsx,2025.12.1,46.0,18.0,已提取,4个通道
E:\压裂窜扰项目\02 规范化\不重要的\阳101H2\阳101H2 邻井压力监测\阳101h26平台临井压裂监测数据10.17.xlsx,2025.12.2,52.0,18.0,已提取,4个通道
E:\压裂窜扰项目\02 规范化\不重要的\阳101H2\阳101H2 邻井压力监测\阳101h26平台临井压裂监测数据10.17.xlsx,2025.12.3,21.0,18.0,已提取,4个通道
E:\压裂窜扰项目\02 规范化\不重要的\阳101H2\阳101H2 邻井压力监测\阳101h26平台临井压裂监测数据10.17.xlsx,2025.12.4,44.0,18.0,已提取,4个通道
E:\压裂窜扰项目\02 规范化\不重要的\阳101H2\阳101H2 邻井压力监测\阳101h26平台临井压裂监测数据10.17.xlsx,2025.12.5,51.0,18.0,已提取,4个通道
E:\压裂窜扰项目\02 规范化\不重要的\阳101H2\阳101H2 邻井压力监测\阳101h26平台临井压裂监测数据10.17.xlsx,2025.12.6,42.0,18.0,已提取,4个通道
E:\压裂窜扰项目\02 规范化\不重要的\阳101H2\阳101H2 邻井压力监测\阳101h26平台临井压裂监测数据10.17.xlsx,2025.12.7,43.0,19.0,已提取,4个通道
E:\压裂窜扰项目\02 规范化\不重要的\阳101H2\阳101H2 邻井压力监测\阳101h26平台临井压裂监测数据10.17.xlsx,2025.12.8,24.0,19.0,已提取,4个通道
E:\压裂窜扰项目\02 规范化\不重要的\阳101H2\阳101H2 邻井压力监测\阳101h26平台临井压裂监测数据10.17.xlsx,2025.12.9,47.0,19.0,已提取,4个通道
E:\压裂窜扰项目\02 规范化\不重要的\阳101H2\阳101H2 邻井压力监测\阳101h26平台临井压裂监测数据10.17.xlsx,2025.12.10,39.0,19.0,已提取,4个通道
E:\压裂窜扰项目\02 规范化\不重要的\阳101H2\阳101H2 邻井压力监测\阳101h26平台临井压裂监测数据10.17.xlsx,2025.12.11,42.0,19.0,已提取,4个通道
E:\压裂窜扰项目\02 规范化\不重要的\阳101H2\阳101H2 邻井压力监测\阳101h26平台临井压裂监测数据10.17.xlsx,2025.12.12,45.0,19.0,已提取,4个通道
E:\压裂窜扰项目\02 规范化\不重要的\阳101H2\阳101H2 邻井压力监测\阳101h26平台临井压裂监测数据10.17.xlsx,2025.12.13,44.0,19.0,已提取,4个通道
E:\压裂窜扰项目\02 规范化\不重要的\阳101H2\阳101H2 邻井压力监测\阳101h26平台临井压裂监测数据10.17.xlsx,2025.12.14,25.0,19.0,已提取,4个通道
E:\压裂窜扰项目\02 规范化\不重要的\阳101H2\阳101H2 邻井压力监测\阳101h26平台临井压裂监测数据10.17.xlsx,2025.12.15,45.0,19.0,已提取,4个通道
E:\压裂窜扰项目\02 规范化\不重要的\阳101H2\阳101H2 邻井压力监测\阳101h26平台临井压裂监测数据10.17.xlsx,2025.12.16,31.0,19.0,已提取,4个通道
E:\压裂窜扰项目\02 规范化\不重要的\阳101H2\阳101H2 邻井压力监测\阳101h26平台临井压裂监测数据10.17.xlsx,Sheet1,19.0,19.0,已提取,4个通道
E:\压裂窜扰项目\02 规范化\不重要的\阳101H2\阳101H2 邻井压力监测\阳101h26平台临井压裂监测数据10.25.xlsx,2025.11.21,33.0,17.0,已提取,4个通道
E:\压裂窜扰项目\02 规范化\不重要的\阳101H2\阳101H2 邻井压力监测\阳101h26平台临井压裂监测数据10.25.xlsx,2025.11.22,21.0,18.0,已提取,4个通道
E:\压裂窜扰项目\02 规范化\不重要的\阳101H2\阳101H2 邻井压力监测\阳101h26平台临井压裂监测数据10.25.xlsx,2025.11.23,22.0,18.0,已提取,4个通道
E:\压裂窜扰项目\02 规范化\不重要的\阳101H2\阳101H2 邻井压力监测\阳101h26平台临井压裂监测数据10.25.xlsx,2025.11.24,44.0,18.0,已提取,4个通道
E:\压裂窜扰项目\02 规范化\不重要的\阳101H2\阳101H2 邻井压力监测\阳101h26平台临井压裂监测数据10.25.xlsx,2025.11.25,43.0,18.0,已提取,4个通道
E:\压裂窜扰项目\02 规范化\不重要的\阳101H2\阳101H2 邻井压力监测\阳101h26平台临井压裂监测数据10.25.xlsx,2025.11.26,37.0,18.0,已提取,4个通道
E:\压裂窜扰项目\02 规范化\不重要的\阳101H2\阳101H2 邻井压力监测\阳101h26平台临井压裂监测数据10.25.xlsx,2025.11.30,40.0,18.0,已提取,4个通道
E:\压裂窜扰项目\02 规范化\不重要的\阳101H2\阳101H2 邻井压力监测\阳101h26平台临井压裂监测数据10.25.xlsx,2025.12.1,46.0,18.0,已提取,4个通道
E:\压裂窜扰项目\02 规范化\不重要的\阳101H2\阳101H2 邻井压力监测\阳101h26平台临井压裂监测数据10.25.xlsx,2025.12.2,52.0,18.0,已提取,4个通道
E:\压裂窜扰项目\02 规范化\不重要的\阳101H2\阳101H2 邻井压力监测\阳101h26平台临井压裂监测数据10.25.xlsx,2025.12.3,21.0,18.0,已提取,4个通道
E:\压裂窜扰项目\02 规范化\不重要的\阳101H2\阳101H2 邻井压力监测\阳101h26平台临井压裂监测数据10.25.xlsx,2025.12.4,44.0,18.0,已提取,4个通道
E:\压裂窜扰项目\02 规范化\不重要的\阳101H2\阳101H2 邻井压力监测\阳101h26平台临井压裂监测数据10.25.xlsx,2025.12.5,51.0,18.0,已提取,4个通道
E:\压裂窜扰项目\02 规范化\不重要的\阳101H2\阳101H2 邻井压力监测\阳101h26平台临井压裂监测数据10.25.xlsx,2025.12.6,42.0,18.0,已提取,4个通道
E:\压裂窜扰项目\02 规范化\不重要的\阳101H2\阳101H2 邻井压力监测\阳101h26平台临井压裂监测数据10.25.xlsx,2025.12.7,43.0,19.0,已提取,4个通道
E:\压裂窜扰项目\02 规范化\不重要的\阳101H2\阳101H2 邻井压力监测\阳101h26平台临井压裂监测数据10.25.xlsx,2025.12.8,24.0,19.0,已提取,4个通道
E:\压裂窜扰项目\02 规范化\不重要的\阳101H2\阳101H2 邻井压力监测\阳101h26平台临井压裂监测数据10.25.xlsx,2025.12.9,47.0,19.0,已提取,4个通道
E:\压裂窜扰项目\02 规范化\不重要的\阳101H2\阳101H2 邻井压力监测\阳101h26平台临井压裂监测数据10.25.xlsx,2025.12.10,39.0,19.0,已提取,4个通道
E:\压裂窜扰项目\02 规范化\不重要的\阳101H2\阳101H2 邻井压力监测\阳101h26平台临井压裂监测数据10.25.xlsx,2025.12.11,42.0,19.0,已提取,4个通道
E:\压裂窜扰项目\02 规范化\不重要的\阳101H2\阳101H2 邻井压力监测\阳101h26平台临井压裂监测数据10.25.xlsx,2025.12.12,45.0,19.0,已提取,4个通道
E:\压裂窜扰项目\02 规范化\不重要的\阳101H2\阳101H2 邻井压力监测\阳101h26平台临井压裂监测数据10.25.xlsx,2025.12.13,44.0,19.0,已提取,4个通道
E:\压裂窜扰项目\02 规范化\不重要的\阳101H2\阳101H2 邻井压力监测\阳101h26平台临井压裂监测数据10.25.xlsx,2025.12.14,25.0,19.0,已提取,4个通道
E:\压裂窜扰项目\02 规范化\不重要的\阳101H2\阳101H2 邻井压力监测\阳101h26平台临井压裂监测数据10.25.xlsx,2025.12.15,45.0,19.0,已提取,4个通道
E:\压裂窜扰项目\02 规范化\不重要的\阳101H2\阳101H2 邻井压力监测\阳101h26平台临井压裂监测数据10.25.xlsx,2025.12.16,31.0,19.0,已提取,4个通道
E:\压裂窜扰项目\02 规范化\不重要的\阳101H2\阳101H2 邻井压力监测\阳101h26平台临井压裂监测数据10.25.xlsx,2025.12.17,19.0,19.0,已提取,4个通道
E:\压裂窜扰项目\02 规范化\不重要的\阳101H2\阳101H2 邻井压力监测\阳101h26平台临井压裂监测数据10.25.xlsx,2025.12.18,20.0,19.0,已提取,4个通道
E:\压裂窜扰项目\02 规范化\不重要的\阳101H2\阳101H2 邻井压力监测\阳101h26平台临井压裂监测数据10.25.xlsx,2025.12.19,24.0,19.0,已提取,4个通道
E:\压裂窜扰项目\02 规范化\不重要的\阳101H2\阳101H2 邻井压力监测\阳101h26平台临井压裂监测数据10.25.xlsx,2025.12.20,23.0,19.0,已提取,4个通道
E:\压裂窜扰项目\02 规范化\不重要的\阳101H2\阳101H2 邻井压力监测\阳101h26平台临井压裂监测数据10.25.xlsx,2025.12.21,18.0,19.0,已提取,4个通道
E:\压裂窜扰项目\02 规范化\不重要的\阳101H2\阳101H2 邻井压力监测\阳101h26平台临井压裂监测数据10.25.xlsx,2025.12.22,21.0,19.0,已提取,4个通道
E:\压裂窜扰项目\02 规范化\不重要的\阳101H2\阳101H2 邻井压力监测\阳101h26平台临井压裂监测数据10.25.xlsx,2025.12.23,20.0,19.0,已提取,4个通道
E:\压裂窜扰项目\02 规范化\不重要的\阳101H2\阳101H2 邻井压力监测\阳101h26平台临井压裂监测数据10.25.xlsx,2025.12.24,20.0,19.0,已提取,4个通道
E:\压裂窜扰项目\02 规范化\不重要的\阳101H2\阳101H2 邻井压力监测\阳101h26平台临井压裂监测数据10.25.xlsx,2025.12.25,21.0,19.0,已提取,4个通道
E:\压裂窜扰项目\02 规范化\不重要的\阳101H2\阳101H2 邻井压力监测\阳101h26平台临井压裂监测数据10.26(2).xlsx,2025.11.21,33.0,17.0,已提取,4个通道
E:\压裂窜扰项目\02 规范化\不重要的\阳101H2\阳101H2 邻井压力监测\阳101h26平台临井压裂监测数据10.26(2).xlsx,2025.11.22,21.0,18.0,已提取,4个通道
E:\压裂窜扰项目\02 规范化\不重要的\阳101H2\阳101H2 邻井压力监测\阳101h26平台临井压裂监测数据10.26(2).xlsx,2025.11.23,22.0,18.0,已提取,4个通道
E:\压裂窜扰项目\02 规范化\不重要的\阳101H2\阳101H2 邻井压力监测\阳101h26平台临井压裂监测数据10.26(2).xlsx,2025.11.24,44.0,18.0,已提取,4个通道
E:\压裂窜扰项目\02 规范化\不重要的\阳101H2\阳101H2 邻井压力监测\阳101h26平台临井压裂监测数据10.26(2).xlsx,2025.11.25,43.0,18.0,已提取,4个通道
E:\压裂窜扰项目\02 规范化\不重要的\阳101H2\阳101H2 邻井压力监测\阳101h26平台临井压裂监测数据10.26(2).xlsx,2025.11.26,37.0,18.0,已提取,4个通道
E:\压裂窜扰项目\02 规范化\不重要的\阳101H2\阳101H2 邻井压力监测\阳101h26平台临井压裂监测数据10.26(2).xlsx,2025.11.30,40.0,18.0,已提取,4个通道
E:\压裂窜扰项目\02 规范化\不重要的\阳101H2\阳101H2 邻井压力监测\阳101h26平台临井压裂监测数据10.26(2).xlsx,2025.12.1,46.0,18.0,已提取,4个通道
E:\压裂窜扰项目\02 规范化\不重要的\阳101H2\阳101H2 邻井压力监测\阳101h26平台临井压裂监测数据10.26(2).xlsx,2025.12.2,52.0,18.0,已提取,4个通道
E:\压裂窜扰项目\02 规范化\不重要的\阳101H2\阳101H2 邻井压力监测\阳101h26平台临井压裂监测数据10.26(2).xlsx,2025.12.3,21.0,18.0,已提取,4个通道
E:\压裂窜扰项目\02 规范化\不重要的\阳101H2\阳101H2 邻井压力监测\阳101h26平台临井压裂监测数据10.26(2).xlsx,2025.12.4,44.0,18.0,已提取,4个通道
E:\压裂窜扰项目\02 规范化\不重要的\阳101H2\阳101H2 邻井压力监测\阳101h26平台临井压裂监测数据10.26(2).xlsx,2025.12.5,51.0,18.0,已提取,4个通道
E:\压裂窜扰项目\02 规范化\不重要的\阳101H2\阳101H2 邻井压力监测\阳101h26平台临井压裂监测数据10.26(2).xlsx,2025.12.6,42.0,18.0,已提取,4个通道
E:\压裂窜扰项目\02 规范化\不重要的\阳101H2\阳101H2 邻井压力监测\阳101h26平台临井压裂监测数据10.26(2).xlsx,2025.12.7,43.0,19.0,已提取,4个通道
E:\压裂窜扰项目\02 规范化\不重要的\阳101H2\阳101H2 邻井压力监测\阳101h26平台临井压裂监测数据10.26(2).xlsx,2025.12.8,24.0,19.0,已提取,4个通道
E:\压裂窜扰项目\02 规范化\不重要的\阳101H2\阳101H2 邻井压力监测\阳101h26平台临井压裂监测数据10.26(2).xlsx,2025.12.9,47.0,19.0,已提取,4个通道
E:\压裂窜扰项目\02 规范化\不重要的\阳101H2\阳101H2 邻井压力监测\阳101h26平台临井压裂监测数据10.26(2).xlsx,2025.12.10,39.0,19.0,已提取,4个通道
E:\压裂窜扰项目\02 规范化\不重要的\阳101H2\阳101H2 邻井压力监测\阳101h26平台临井压裂监测数据10.26(2).xlsx,2025.12.11,42.0,19.0,已提取,4个通道
E:\压裂窜扰项目\02 规范化\不重要的\阳101H2\阳101H2 邻井压力监测\阳101h26平台临井压裂监测数据10.26(2).xlsx,2025.12.12,45.0,19.0,已提取,4个通道
E:\压裂窜扰项目\02 规范化\不重要的\阳101H2\阳101H2 邻井压力监测\阳101h26平台临井压裂监测数据10.26(2).xlsx,2025.12.13,44.0,19.0,已提取,4个通道
E:\压裂窜扰项目\02 规范化\不重要的\阳101H2\阳101H2 邻井压力监测\阳101h26平台临井压裂监测数据10.26(2).xlsx,2025.12.14,25.0,19.0,已提取,4个通道
E:\压裂窜扰项目\02 规范化\不重要的\阳101H2\阳101H2 邻井压力监测\阳101h26平台临井压裂监测数据10.26(2).xlsx,2025.12.15,45.0,19.0,已提取,4个通道
E:\压裂窜扰项目\02 规范化\不重要的\阳101H2\阳101H2 邻井压力监测\阳101h26平台临井压裂监测数据10.26(2).xlsx,2025.12.16,31.0,19.0,已提取,4个通道
E:\压裂窜扰项目\02 规范化\不重要的\阳101H2\阳101H2 邻井压力监测\阳101h26平台临井压裂监测数据10.26(2).xlsx,2025.12.17,19.0,19.0,已提取,4个通道
E:\压裂窜扰项目\02 规范化\不重要的\阳101H2\阳101H2 邻井压力监测\阳101h26平台临井压裂监测数据10.26(2).xlsx,2025.12.18,20.0,19.0,已提取,4个通道
E:\压裂窜扰项目\02 规范化\不重要的\阳101H2\阳101H2 邻井压力监测\阳101h26平台临井压裂监测数据10.26(2).xlsx,2025.12.19,24.0,19.0,已提取,4个通道
E:\压裂窜扰项目\02 规范化\不重要的\阳101H2\阳101H2 邻井压力监测\阳101h26平台临井压裂监测数据10.26(2).xlsx,2025.12.20,23.0,19.0,已提取,4个通道
E:\压裂窜扰项目\02 规范化\不重要的\阳101H2\阳101H2 邻井压力监测\阳101h26平台临井压裂监测数据10.26(2).xlsx,2025.12.21,18.0,19.0,已提取,4个通道
E:\压裂窜扰项目\02 规范化\不重要的\阳101H2\阳101H2 邻井压力监测\阳101h26平台临井压裂监测数据10.26(2).xlsx,2025.12.22,21.0,19.0,已提取,4个通道
E:\压裂窜扰项目\02 规范化\不重要的\阳101H2\阳101H2 邻井压力监测\阳101h26平台临井压裂监测数据10.26(2).xlsx,2025.12.23,20.0,19.0,已提取,4个通道
E:\压裂窜扰项目\02 规范化\不重要的\阳101H2\阳101H2 邻井压力监测\阳101h26平台临井压裂监测数据10.26(2).xlsx,2025.12.24,20.0,19.0,已提取,4个通道
E:\压裂窜扰项目\02 规范化\不重要的\阳101H2\阳101H2 邻井压力监测\阳101h26平台临井压裂监测数据10.26(2).xlsx,2025.12.25,38.0,19.0,已提取,4个通道
E:\压裂窜扰项目\02 规范化\不重要的\阳101H2\阳101H2 邻井压力监测\阳101h26平台临井压裂监测数据10.26(2).xlsx,2025.12.26,32.0,19.0,已提取,4个通道
E:\压裂窜扰项目\02 规范化\不重要的\阳101H2\阳101H2 邻井压力监测\阳101h26平台临井压裂监测数据10.26(3).xlsx,2025.11.21,33.0,17.0,已提取,4个通道
E:\压裂窜扰项目\02 规范化\不重要的\阳101H2\阳101H2 邻井压力监测\阳101h26平台临井压裂监测数据10.26(3).xlsx,2025.11.22,21.0,18.0,已提取,4个通道
E:\压裂窜扰项目\02 规范化\不重要的\阳101H2\阳101H2 邻井压力监测\阳101h26平台临井压裂监测数据10.26(3).xlsx,2025.11.23,22.0,18.0,已提取,4个通道
E:\压裂窜扰项目\02 规范化\不重要的\阳101H2\阳101H2 邻井压力监测\阳101h26平台临井压裂监测数据10.26(3).xlsx,2025.11.24,44.0,18.0,已提取,4个通道
E:\压裂窜扰项目\02 规范化\不重要的\阳101H2\阳101H2 邻井压力监测\阳101h26平台临井压裂监测数据10.26(3).xlsx,2025.11.25,43.0,18.0,已提取,4个通道
E:\压裂窜扰项目\02 规范化\不重要的\阳101H2\阳101H2 邻井压力监测\阳101h26平台临井压裂监测数据10.26(3).xlsx,2025.11.26,37.0,18.0,已提取,4个通道
E:\压裂窜扰项目\02 规范化\不重要的\阳101H2\阳101H2 邻井压力监测\阳101h26平台临井压裂监测数据10.26(3).xlsx,2025.11.30,40.0,18.0,已提取,4个通道
E:\压裂窜扰项目\02 规范化\不重要的\阳101H2\阳101H2 邻井压力监测\阳101h26平台临井压裂监测数据10.26(3).xlsx,2025.12.1,46.0,18.0,已提取,4个通道
E:\压裂窜扰项目\02 规范化\不重要的\阳101H2\阳101H2 邻井压力监测\阳101h26平台临井压裂监测数据10.26(3).xlsx,2025.12.2,52.0,18.0,已提取,4个通道
E:\压裂窜扰项目\02 规范化\不重要的\阳101H2\阳101H2 邻井压力监测\阳101h26平台临井压裂监测数据10.26(3).xlsx,2025.12.3,21.0,18.0,已提取,4个通道
E:\压裂窜扰项目\02 规范化\不重要的\阳101H2\阳101H2 邻井压力监测\阳101h26平台临井压裂监测数据10.26(3).xlsx,2025.12.4,44.0,18.0,已提取,4个通道
E:\压裂窜扰项目\02 规范化\不重要的\阳101H2\阳101H2 邻井压力监测\阳101h26平台临井压裂监测数据10.26(3).xlsx,2025.12.5,51.0,18.0,已提取,4个通道
E:\压裂窜扰项目\02 规范化\不重要的\阳101H2\阳101H2 邻井压力监测\阳101h26平台临井压裂监测数据10.26(3).xlsx,2025.12.6,42.0,18.0,已提取,4个通道
E:\压裂窜扰项目\02 规范化\不重要的\阳101H2\阳101H2 邻井压力监测\阳101h26平台临井压裂监测数据10.26(3).xlsx,2025.12.7,43.0,19.0,已提取,4个通道
E:\压裂窜扰项目\02 规范化\不重要的\阳101H2\阳101H2 邻井压力监测\阳101h26平台临井压裂监测数据10.26(3).xlsx,2025.12.8,24.0,19.0,已提取,4个通道
E:\压裂窜扰项目\02 规范化\不重要的\阳101H2\阳101H2 邻井压力监测\阳101h26平台临井压裂监测数据10.26(3).xlsx,2025.12.9,47.0,19.0,已提取,4个通道
E:\压裂窜扰项目\02 规范化\不重要的\阳101H2\阳101H2 邻井压力监测\阳101h26平台临井压裂监测数据10.26(3).xlsx,2025.12.10,39.0,19.0,已提取,4个通道
E:\压裂窜扰项目\02 规范化\不重要的\阳101H2\阳101H2 邻井压力监测\阳101h26平台临井压裂监测数据10.26(3).xlsx,2025.12.11,42.0,19.0,已提取,4个通道
E:\压裂窜扰项目\02 规范化\不重要的\阳101H2\阳101H2 邻井压力监测\阳101h26平台临井压裂监测数据10.26(3).xlsx,2025.12.12,45.0,19.0,已提取,4个通道
E:\压裂窜扰项目\02 规范化\不重要的\阳101H2\阳101H2 邻井压力监测\阳101h26平台临井压裂监测数据10.26(3).xlsx,2025.12.13,44.0,19.0,已提取,4个通道
E:\压裂窜扰项目\02 规范化\不重要的\阳101H2\阳101H2 邻井压力监测\阳101h26平台临井压裂监测数据10.26(3).xlsx,2025.12.14,25.0,19.0,已提取,4个通道
E:\压裂窜扰项目\02 规范化\不重要的\阳101H2\阳101H2 邻井压力监测\阳101h26平台临井压裂监测数据10.26(3).xlsx,2025.12.15,45.0,19.0,已提取,4个通道
E:\压裂窜扰项目\02 规范化\不重要的\阳101H2\阳101H2 邻井压力监测\阳101h26平台临井压裂监测数据10.26(3).xlsx,2025.12.16,31.0,19.0,已提取,4个通道
E:\压裂窜扰项目\02 规范化\不重要的\阳101H2\阳101H2 邻井压力监测\阳101h26平台临井压裂监测数据10.26(3).xlsx,2025.12.17,19.0,19.0,已提取,4个通道
E:\压裂窜扰项目\02 规范化\不重要的\阳101H2\阳101H2 邻井压力监测\阳101h26平台临井压裂监测数据10.26(3).xlsx,2025.12.18,20.0,19.0,已提取,4个通道
E:\压裂窜扰项目\02 规范化\不重要的\阳101H2\阳101H2 邻井压力监测\阳101h26平台临井压裂监测数据10.26(3).xlsx,2025.12.19,24.0,19.0,已提取,4个通道
E:\压裂窜扰项目\02 规范化\不重要的\阳101H2\阳101H2 邻井压力监测\阳101h26平台临井压裂监测数据10.26(3).xlsx,2025.12.20,23.0,19.0,已提取,4个通道
E:\压裂窜扰项目\02 规范化\不重要的\阳101H2\阳101H2 邻井压力监测\阳101h26平台临井压裂监测数据10.26(3).xlsx,2025.12.21,18.0,19.0,已提取,4个通道
E:\压裂窜扰项目\02 规范化\不重要的\阳101H2\阳101H2 邻井压力监测\阳101h26平台临井压裂监测数据10.26(3).xlsx,2025.12.22,21.0,19.0,已提取,4个通道
E:\压裂窜扰项目\02 规范化\不重要的\阳101H2\阳101H2 邻井压力监测\阳101h26平台临井压裂监测数据10.26(3).xlsx,2025.12.23,20.0,19.0,已提取,4个通道
E:\压裂窜扰项目\02 规范化\不重要的\阳101H2\阳101H2 邻井压力监测\阳101h26平台临井压裂监测数据10.26(3).xlsx,2025.12.24,20.0,19.0,已提取,4个通道
E:\压裂窜扰项目\02 规范化\不重要的\阳101H2\阳101H2 邻井压力监测\阳101h26平台临井压裂监测数据10.26(3).xlsx,2025.12.25,38.0,19.0,已提取,4个通道
E:\压裂窜扰项目\02 规范化\不重要的\阳101H2\阳101H2 邻井压力监测\阳101h26平台临井压裂监测数据10.26(3).xlsx,2025.12.26,32.0,19.0,已提取,4个通道
E:\压裂窜扰项目\02 规范化\不重要的\阳101H2\阳101H2 邻井压力监测\阳101h26平台临井压裂监测数据10.26(3).xlsx,2025.12.27,39.0,19.0,已提取,4个通道
E:\压裂窜扰项目\02 规范化\不重要的\阳101H2\阳101H2 邻井压力监测\阳101h26平台临井压裂监测数据10.26(3).xlsx,2025.12.28,34.0,19.0,已提取,4个通道
E:\压裂窜扰项目\02 规范化\不重要的\阳101H2\阳101H2 邻井压力监测\阳101h26平台临井压裂监测数据10.26.xlsx,2025.11.21,33.0,17.0,已提取,4个通道
E:\压裂窜扰项目\02 规范化\不重要的\阳101H2\阳101H2 邻井压力监测\阳101h26平台临井压裂监测数据10.26.xlsx,2025.11.22,21.0,18.0,已提取,4个通道
E:\压裂窜扰项目\02 规范化\不重要的\阳101H2\阳101H2 邻井压力监测\阳101h26平台临井压裂监测数据10.26.xlsx,2025.11.23,22.0,18.0,已提取,4个通道
E:\压裂窜扰项目\02 规范化\不重要的\阳101H2\阳101H2 邻井压力监测\阳101h26平台临井压裂监测数据10.26.xlsx,2025.11.24,44.0,18.0,已提取,4个通道
E:\压裂窜扰项目\02 规范化\不重要的\阳101H2\阳101H2 邻井压力监测\阳101h26平台临井压裂监测数据10.26.xlsx,2025.11.25,43.0,18.0,已提取,4个通道
E:\压裂窜扰项目\02 规范化\不重要的\阳101H2\阳101H2 邻井压力监测\阳101h26平台临井压裂监测数据10.26.xlsx,2025.11.26,37.0,18.0,已提取,4个通道
E:\压裂窜扰项目\02 规范化\不重要的\阳101H2\阳101H2 邻井压力监测\阳101h26平台临井压裂监测数据10.26.xlsx,2025.11.30,40.0,18.0,已提取,4个通道
E:\压裂窜扰项目\02 规范化\不重要的\阳101H2\阳101H2 邻井压力监测\阳101h26平台临井压裂监测数据10.26.xlsx,2025.12.1,46.0,18.0,已提取,4个通道
E:\压裂窜扰项目\02 规范化\不重要的\阳101H2\阳101H2 邻井压力监测\阳101h26平台临井压裂监测数据10.26.xlsx,2025.12.2,52.0,18.0,已提取,4个通道
E:\压裂窜扰项目\02 规范化\不重要的\阳101H2\阳101H2 邻井压力监测\阳101h26平台临井压裂监测数据10.26.xlsx,2025.12.3,21.0,18.0,已提取,4个通道
E:\压裂窜扰项目\02 规范化\不重要的\阳101H2\阳101H2 邻井压力监测\阳101h26平台临井压裂监测数据10.26.xlsx,2025.12.4,44.0,18.0,已提取,4个通道
E:\压裂窜扰项目\02 规范化\不重要的\阳101H2\阳101H2 邻井压力监测\阳101h26平台临井压裂监测数据10.26.xlsx,2025.12.5,51.0,18.0,已提取,4个通道
E:\压裂窜扰项目\02 规范化\不重要的\阳101H2\阳101H2 邻井压力监测\阳101h26平台临井压裂监测数据10.26.xlsx,2025.12.6,42.0,18.0,已提取,4个通道
E:\压裂窜扰项目\02 规范化\不重要的\阳101H2\阳101H2 邻井压力监测\阳101h26平台临井压裂监测数据10.26.xlsx,2025.12.7,43.0,19.0,已提取,4个通道
E:\压裂窜扰项目\02 规范化\不重要的\阳101H2\阳101H2 邻井压力监测\阳101h26平台临井压裂监测数据10.26.xlsx,2025.12.8,24.0,19.0,已提取,4个通道
E:\压裂窜扰项目\02 规范化\不重要的\阳101H2\阳101H2 邻井压力监测\阳101h26平台临井压裂监测数据10.26.xlsx,2025.12.9,47.0,19.0,已提取,4个通道
E:\压裂窜扰项目\02 规范化\不重要的\阳101H2\阳101H2 邻井压力监测\阳101h26平台临井压裂监测数据10.26.xlsx,2025.12.10,39.0,19.0,已提取,4个通道
E:\压裂窜扰项目\02 规范化\不重要的\阳101H2\阳101H2 邻井压力监测\阳101h26平台临井压裂监测数据10.26.xlsx,2025.12.11,42.0,19.0,已提取,4个通道
E:\压裂窜扰项目\02 规范化\不重要的\阳101H2\阳101H2 邻井压力监测\阳101h26平台临井压裂监测数据10.26.xlsx,2025.12.12,45.0,19.0,已提取,4个通道
E:\压裂窜扰项目\02 规范化\不重要的\阳101H2\阳101H2 邻井压力监测\阳101h26平台临井压裂监测数据10.26.xlsx,2025.12.13,44.0,19.0,已提取,4个通道
E:\压裂窜扰项目\02 规范化\不重要的\阳101H2\阳101H2 邻井压力监测\阳101h26平台临井压裂监测数据10.26.xlsx,2025.12.14,25.0,19.0,已提取,4个通道
E:\压裂窜扰项目\02 规范化\不重要的\阳101H2\阳101H2 邻井压力监测\阳101h26平台临井压裂监测数据10.26.xlsx,2025.12.15,45.0,19.0,已提取,4个通道
E:\压裂窜扰项目\02 规范化\不重要的\阳101H2\阳101H2 邻井压力监测\阳101h26平台临井压裂监测数据10.26.xlsx,2025.12.16,31.0,19.0,已提取,4个通道
E:\压裂窜扰项目\02 规范化\不重要的\阳101H2\阳101H2 邻井压力监测\阳101h26平台临井压裂监测数据10.26.xlsx,2025.12.17,19.0,19.0,已提取,4个通道
E:\压裂窜扰项目\02 规范化\不重要的\阳101H2\阳101H2 邻井压力监测\阳101h26平台临井压裂监测数据10.26.xlsx,2025.12.18,20.0,19.0,已提取,4个通道
E:\压裂窜扰项目\02 规范化\不重要的\阳101H2\阳101H2 邻井压力监测\阳101h26平台临井压裂监测数据10.26.xlsx,2025.12.19,24.0,19.0,已提取,4个通道
E:\压裂窜扰项目\02 规范化\不重要的\阳101H2\阳101H2 邻井压力监测\阳101h26平台临井压裂监测数据10.26.xlsx,2025.12.20,23.0,19.0,已提取,4个通道
E:\压裂窜扰项目\02 规范化\不重要的\阳101H2\阳101H2 邻井压力监测\阳101h26平台临井压裂监测数据10.26.xlsx,2025.12.21,18.0,19.0,已提取,4个通道
E:\压裂窜扰项目\02 规范化\不重要的\阳101H2\阳101H2 邻井压力监测\阳101h26平台临井压裂监测数据10.26.xlsx,2025.12.22,21.0,19.0,已提取,4个通道
E:\压裂窜扰项目\02 规范化\不重要的\阳101H2\阳101H2 邻井压力监测\阳101h26平台临井压裂监测数据10.26.xlsx,2025.12.23,20.0,19.0,已提取,4个通道
E:\压裂窜扰项目\02 规范化\不重要的\阳101H2\阳101H2 邻井压力监测\阳101h26平台临井压裂监测数据10.26.xlsx,2025.12.24,20.0,19.0,已提取,4个通道
E:\压裂窜扰项目\02 规范化\不重要的\阳101H2\阳101H2 邻井压力监测\阳101h26平台临井压裂监测数据10.26.xlsx,2025.12.25,38.0,19.0,已提取,4个通道
E:\压裂窜扰项目\02 规范化\不重要的\阳101H2\阳101H2 邻井压力监测\阳101h26平台临井压裂监测数据10.26.xlsx,2025.12.26,32.0,19.0,已提取,4个通道
E:\压裂窜扰项目\02 规范化\不重要的\阳101H2\阳101H2 邻井压力监测\阳101h26平台临井压裂监测数据10.26.xlsx,2025.12.27,39.0,19.0,已提取,4个通道
E:\压裂窜扰项目\02 规范化\不重要的\阳101H2\阳101H2 邻井压力监测\阳101h26平台临井压裂监测数据10.29.xlsx,2025.11.21,33.0,17.0,已提取,4个通道
E:\压裂窜扰项目\02 规范化\不重要的\阳101H2\阳101H2 邻井压力监测\阳101h26平台临井压裂监测数据10.29.xlsx,2025.11.22,21.0,18.0,已提取,4个通道
E:\压裂窜扰项目\02 规范化\不重要的\阳101H2\阳101H2 邻井压力监测\阳101h26平台临井压裂监测数据10.29.xlsx,2025.11.23,22.0,18.0,已提取,4个通道
E:\压裂窜扰项目\02 规范化\不重要的\阳101H2\阳101H2 邻井压力监测\阳101h26平台临井压裂监测数据10.29.xlsx,2025.11.24,44.0,18.0,已提取,4个通道
E:\压裂窜扰项目\02 规范化\不重要的\阳101H2\阳101H2 邻井压力监测\阳101h26平台临井压裂监测数据10.29.xlsx,2025.11.25,43.0,18.0,已提取,4个通道
E:\压裂窜扰项目\02 规范化\不重要的\阳101H2\阳101H2 邻井压力监测\阳101h26平台临井压裂监测数据10.29.xlsx,2025.11.26,37.0,18.0,已提取,4个通道
E:\压裂窜扰项目\02 规范化\不重要的\阳101H2\阳101H2 邻井压力监测\阳101h26平台临井压裂监测数据10.29.xlsx,2025.11.30,40.0,18.0,已提取,4个通道
E:\压裂窜扰项目\02 规范化\不重要的\阳101H2\阳101H2 邻井压力监测\阳101h26平台临井压裂监测数据10.29.xlsx,2025.12.1,46.0,18.0,已提取,4个通道
E:\压裂窜扰项目\02 规范化\不重要的\阳101H2\阳101H2 邻井压力监测\阳101h26平台临井压裂监测数据10.29.xlsx,2025.12.2,52.0,18.0,已提取,4个通道
E:\压裂窜扰项目\02 规范化\不重要的\阳101H2\阳101H2 邻井压力监测\阳101h26平台临井压裂监测数据10.29.xlsx,2025.12.3,21.0,18.0,已提取,4个通道
E:\压裂窜扰项目\02 规范化\不重要的\阳101H2\阳101H2 邻井压力监测\阳101h26平台临井压裂监测数据10.29.xlsx,2025.12.4,44.0,18.0,已提取,4个通道
E:\压裂窜扰项目\02 规范化\不重要的\阳101H2\阳101H2 邻井压力监测\阳101h26平台临井压裂监测数据10.29.xlsx,2025.12.5,51.0,18.0,已提取,4个通道
E:\压裂窜扰项目\02 规范化\不重要的\阳101H2\阳101H2 邻井压力监测\阳101h26平台临井压裂监测数据10.29.xlsx,2025.12.6,42.0,18.0,已提取,4个通道
E:\压裂窜扰项目\02 规范化\不重要的\阳101H2\阳101H2 邻井压力监测\阳101h26平台临井压裂监测数据10.29.xlsx,2025.12.7,43.0,19.0,已提取,4个通道
E:\压裂窜扰项目\02 规范化\不重要的\阳101H2\阳101H2 邻井压力监测\阳101h26平台临井压裂监测数据10.29.xlsx,2025.12.8,24.0,19.0,已提取,4个通道
E:\压裂窜扰项目\02 规范化\不重要的\阳101H2\阳101H2 邻井压力监测\阳101h26平台临井压裂监测数据10.29.xlsx,2025.12.9,47.0,19.0,已提取,4个通道
E:\压裂窜扰项目\02 规范化\不重要的\阳101H2\阳101H2 邻井压力监测\阳101h26平台临井压裂监测数据10.29.xlsx,2025.12.10,39.0,19.0,已提取,4个通道
E:\压裂窜扰项目\02 规范化\不重要的\阳101H2\阳101H2 邻井压力监测\阳101h26平台临井压裂监测数据10.29.xlsx,2025.12.11,42.0,19.0,已提取,4个通道
E:\压裂窜扰项目\02 规范化\不重要的\阳101H2\阳101H2 邻井压力监测\阳101h26平台临井压裂监测数据10.29.xlsx,2025.12.12,45.0,19.0,已提取,4个通道
E:\压裂窜扰项目\02 规范化\不重要的\阳101H2\阳101H2 邻井压力监测\阳101h26平台临井压裂监测数据10.29.xlsx,2025.12.13,44.0,19.0,已提取,4个通道
E:\压裂窜扰项目\02 规范化\不重要的\阳101H2\阳101H2 邻井压力监测\阳101h26平台临井压裂监测数据10.29.xlsx,2025.12.14,25.0,19.0,已提取,4个通道
E:\压裂窜扰项目\02 规范化\不重要的\阳101H2\阳101H2 邻井压力监测\阳101h26平台临井压裂监测数据10.29.xlsx,2025.12.15,45.0,19.0,已提取,4个通道
E:\压裂窜扰项目\02 规范化\不重要的\阳101H2\阳101H2 邻井压力监测\阳101h26平台临井压裂监测数据10.29.xlsx,2025.12.16,31.0,19.0,已提取,4个通道
E:\压裂窜扰项目\02 规范化\不重要的\阳101H2\阳101H2 邻井压力监测\阳101h26平台临井压裂监测数据10.29.xlsx,2025.12.17,19.0,19.0,已提取,4个通道
E:\压裂窜扰项目\02 规范化\不重要的\阳101H2\阳101H2 邻井压力监测\阳101h26平台临井压裂监测数据10.29.xlsx,2025.12.18,20.0,19.0,已提取,4个通道
E:\压裂窜扰项目\02 规范化\不重要的\阳101H2\阳101H2 邻井压力监测\阳101h26平台临井压裂监测数据10.29.xlsx,2025.12.19,24.0,19.0,已提取,4个通道
E:\压裂窜扰项目\02 规范化\不重要的\阳101H2\阳101H2 邻井压力监测\阳101h26平台临井压裂监测数据10.29.xlsx,2025.12.20,23.0,19.0,已提取,4个通道
E:\压裂窜扰项目\02 规范化\不重要的\阳101H2\阳101H2 邻井压力监测\阳101h26平台临井压裂监测数据10.29.xlsx,2025.12.21,18.0,19.0,已提取,4个通道
E:\压裂窜扰项目\02 规范化\不重要的\阳101H2\阳101H2 邻井压力监测\阳101h26平台临井压裂监测数据10.29.xlsx,2025.12.22,21.0,19.0,已提取,4个通道
E:\压裂窜扰项目\02 规范化\不重要的\阳101H2\阳101H2 邻井压力监测\阳101h26平台临井压裂监测数据10.29.xlsx,2025.12.23,20.0,19.0,已提取,4个通道
E:\压裂窜扰项目\02 规范化\不重要的\阳101H2\阳101H2 邻井压力监测\阳101h26平台临井压裂监测数据10.29.xlsx,2025.12.24,20.0,19.0,已提取,4个通道
E:\压裂窜扰项目\02 规范化\不重要的\阳101H2\阳101H2 邻井压力监测\阳101h26平台临井压裂监测数据10.29.xlsx,2025.12.25,38.0,19.0,已提取,4个通道
E:\压裂窜扰项目\02 规范化\不重要的\阳101H2\阳101H2 邻井压力监测\阳101h26平台临井压裂监测数据10.29.xlsx,2025.12.26,32.0,19.0,已提取,4个通道
E:\压裂窜扰项目\02 规范化\不重要的\阳101H2\阳101H2 邻井压力监测\阳101h26平台临井压裂监测数据10.29.xlsx,2025.12.27,39.0,19.0,已提取,4个通道
E:\压裂窜扰项目\02 规范化\不重要的\阳101H2\阳101H2 邻井压力监测\阳101h26平台临井压裂监测数据10.29.xlsx,2025.12.28,33.0,19.0,已提取,4个通道
E:\压裂窜扰项目\02 规范化\不重要的\阳101H2\阳101H2 邻井压力监测\阳101h26平台临井压裂监测数据10.29.xlsx,2025.12.29,23.0,19.0,已提取,4个通道
E:\压裂窜扰项目\02 规范化\不重要的\阳101H2\阳101H2 邻井压力监测\阳101h26平台临井压裂监测数据10.29.xlsx,Sheet2,0.0,0.0,无可用序列,空表或有效行列过少
E:\压裂窜扰项目\02 规范化\不重要的\阳101H2\阳101H2 邻井压力监测\阳101h26平台临井压裂监测数据10.30.xlsx,2025.11.21,33.0,17.0,已提取,4个通道
E:\压裂窜扰项目\02 规范化\不重要的\阳101H2\阳101H2 邻井压力监测\阳101h26平台临井压裂监测数据10.30.xlsx,2025.11.22,21.0,18.0,已提取,4个通道
E:\压裂窜扰项目\02 规范化\不重要的\阳101H2\阳101H2 邻井压力监测\阳101h26平台临井压裂监测数据10.30.xlsx,2025.11.23,22.0,18.0,已提取,4个通道
E:\压裂窜扰项目\02 规范化\不重要的\阳101H2\阳101H2 邻井压力监测\阳101h26平台临井压裂监测数据10.30.xlsx,2025.11.24,44.0,18.0,已提取,4个通道
E:\压裂窜扰项目\02 规范化\不重要的\阳101H2\阳101H2 邻井压力监测\阳101h26平台临井压裂监测数据10.30.xlsx,2025.11.25,43.0,18.0,已提取,4个通道
E:\压裂窜扰项目\02 规范化\不重要的\阳101H2\阳101H2 邻井压力监测\阳101h26平台临井压裂监测数据10.30.xlsx,2025.11.26,37.0,18.0,已提取,4个通道
E:\压裂窜扰项目\02 规范化\不重要的\阳101H2\阳101H2 邻井压力监测\阳101h26平台临井压裂监测数据10.30.xlsx,2025.11.30,40.0,18.0,已提取,4个通道
E:\压裂窜扰项目\02 规范化\不重要的\阳101H2\阳101H2 邻井压力监测\阳101h26平台临井压裂监测数据10.30.xlsx,2025.12.1,46.0,18.0,已提取,4个通道
E:\压裂窜扰项目\02 规范化\不重要的\阳101H2\阳101H2 邻井压力监测\阳101h26平台临井压裂监测数据10.30.xlsx,2025.12.2,52.0,18.0,已提取,4个通道
E:\压裂窜扰项目\02 规范化\不重要的\阳101H2\阳101H2 邻井压力监测\阳101h26平台临井压裂监测数据10.30.xlsx,2025.12.3,21.0,18.0,已提取,4个通道
E:\压裂窜扰项目\02 规范化\不重要的\阳101H2\阳101H2 邻井压力监测\阳101h26平台临井压裂监测数据10.30.xlsx,2025.12.4,44.0,18.0,已提取,4个通道
E:\压裂窜扰项目\02 规范化\不重要的\阳101H2\阳101H2 邻井压力监测\阳101h26平台临井压裂监测数据10.30.xlsx,2025.12.5,51.0,18.0,已提取,4个通道
E:\压裂窜扰项目\02 规范化\不重要的\阳101H2\阳101H2 邻井压力监测\阳101h26平台临井压裂监测数据10.30.xlsx,2025.12.6,42.0,18.0,已提取,4个通道
E:\压裂窜扰项目\02 规范化\不重要的\阳101H2\阳101H2 邻井压力监测\阳101h26平台临井压裂监测数据10.30.xlsx,2025.12.7,43.0,19.0,已提取,4个通道
E:\压裂窜扰项目\02 规范化\不重要的\阳101H2\阳101H2 邻井压力监测\阳101h26平台临井压裂监测数据10.30.xlsx,2025.12.8,24.0,19.0,已提取,4个通道
E:\压裂窜扰项目\02 规范化\不重要的\阳101H2\阳101H2 邻井压力监测\阳101h26平台临井压裂监测数据10.30.xlsx,2025.12.9,47.0,19.0,已提取,4个通道
E:\压裂窜扰项目\02 规范化\不重要的\阳101H2\阳101H2 邻井压力监测\阳101h26平台临井压裂监测数据10.30.xlsx,2025.12.10,39.0,19.0,已提取,4个通道
E:\压裂窜扰项目\02 规范化\不重要的\阳101H2\阳101H2 邻井压力监测\阳101h26平台临井压裂监测数据10.30.xlsx,2025.12.11,42.0,19.0,已提取,4个通道
E:\压裂窜扰项目\02 规范化\不重要的\阳101H2\阳101H2 邻井压力监测\阳101h26平台临井压裂监测数据10.30.xlsx,2025.12.12,45.0,19.0,已提取,4个通道
E:\压裂窜扰项目\02 规范化\不重要的\阳101H2\阳101H2 邻井压力监测\阳101h26平台临井压裂监测数据10.30.xlsx,2025.12.13,44.0,19.0,已提取,4个通道
E:\压裂窜扰项目\02 规范化\不重要的\阳101H2\阳101H2 邻井压力监测\阳101h26平台临井压裂监测数据10.30.xlsx,2025.12.14,25.0,19.0,已提取,4个通道
E:\压裂窜扰项目\02 规范化\不重要的\阳101H2\阳101H2 邻井压力监测\阳101h26平台临井压裂监测数据10.30.xlsx,2025.12.15,45.0,19.0,已提取,4个通道
E:\压裂窜扰项目\02 规范化\不重要的\阳101H2\阳101H2 邻井压力监测\阳101h26平台临井压裂监测数据10.30.xlsx,2025.12.16,31.0,19.0,已提取,4个通道
E:\压裂窜扰项目\02 规范化\不重要的\阳101H2\阳101H2 邻井压力监测\阳101h26平台临井压裂监测数据10.30.xlsx,2025.12.17,19.0,19.0,已提取,4个通道
E:\压裂窜扰项目\02 规范化\不重要的\阳101H2\阳101H2 邻井压力监测\阳101h26平台临井压裂监测数据10.30.xlsx,2025.12.18,20.0,19.0,已提取,4个通道
E:\压裂窜扰项目\02 规范化\不重要的\阳101H2\阳101H2 邻井压力监测\阳101h26平台临井压裂监测数据10.30.xlsx,2025.12.19,24.0,19.0,已提取,4个通道
E:\压裂窜扰项目\02 规范化\不重要的\阳101H2\阳101H2 邻井压力监测\阳101h26平台临井压裂监测数据10.30.xlsx,2025.12.20,23.0,19.0,已提取,4个通道
E:\压裂窜扰项目\02 规范化\不重要的\阳101H2\阳101H2 邻井压力监测\阳101h26平台临井压裂监测数据10.30.xlsx,2025.12.21,18.0,19.0,已提取,4个通道
E:\压裂窜扰项目\02 规范化\不重要的\阳101H2\阳101H2 邻井压力监测\阳101h26平台临井压裂监测数据10.30.xlsx,2025.12.22,21.0,19.0,已提取,4个通道
E:\压裂窜扰项目\02 规范化\不重要的\阳101H2\阳101H2 邻井压力监测\阳101h26平台临井压裂监测数据10.30.xlsx,2025.12.23,20.0,19.0,已提取,4个通道
E:\压裂窜扰项目\02 规范化\不重要的\阳101H2\阳101H2 邻井压力监测\阳101h26平台临井压裂监测数据10.30.xlsx,2025.12.24,20.0,19.0,已提取,4个通道
E:\压裂窜扰项目\02 规范化\不重要的\阳101H2\阳101H2 邻井压力监测\阳101h26平台临井压裂监测数据10.30.xlsx,2025.12.25,38.0,19.0,已提取,4个通道
E:\压裂窜扰项目\02 规范化\不重要的\阳101H2\阳101H2 邻井压力监测\阳101h26平台临井压裂监测数据10.30.xlsx,2025.12.26,32.0,19.0,已提取,4个通道
E:\压裂窜扰项目\02 规范化\不重要的\阳101H2\阳101H2 邻井压力监测\阳101h26平台临井压裂监测数据10.30.xlsx,2025.12.27,39.0,19.0,已提取,4个通道
E:\压裂窜扰项目\02 规范化\不重要的\阳101H2\阳101H2 邻井压力监测\阳101h26平台临井压裂监测数据10.30.xlsx,2025.12.28,33.0,19.0,已提取,4个通道
E:\压裂窜扰项目\02 规范化\不重要的\阳101H2\阳101H2 邻井压力监测\阳101h26平台临井压裂监测数据10.30.xlsx,2025.12.29,34.0,19.0,已提取,4个通道
E:\压裂窜扰项目\02 规范化\不重要的\阳101H2\阳101H2 邻井压力监测\阳101h26平台临井压裂监测数据10.30.xlsx,Sheet2,37.0,19.0,已提取,4个通道
E:\压裂窜扰项目\02 规范化\不重要的\阳101H2\阳101H2 邻井压力监测\阳101h26平台压力.xlsx,2025.11.21,33.0,17.0,已提取,4个通道
E:\压裂窜扰项目\02 规范化\不重要的\阳101H2\阳101H2 邻井压力监测\阳101h26平台压力.xlsx,2025.11.22,22.0,18.0,已提取,4个通道
E:\压裂窜扰项目\02 规范化\不重要的\阳101H2\阳101H2 邻井压力监测\阳101h26平台压力.xlsx,2025.11.23,22.0,18.0,已提取,4个通道
E:\压裂窜扰项目\02 规范化\不重要的\阳101H2\阳101H2 邻井压力监测\阳101h26平台压力.xlsx,2025.11.24,44.0,18.0,已提取,4个通道
E:\压裂窜扰项目\02 规范化\不重要的\阳101H2\阳101H2 邻井压力监测\阳101h26平台压力.xlsx,2025.11.25,43.0,18.0,已提取,4个通道
E:\压裂窜扰项目\02 规范化\不重要的\阳101H2\阳101H2 邻井压力监测\阳101h26平台压力.xlsx,2025.11.26,25.0,18.0,已提取,4个通道
E:\压裂窜扰项目\02 规范化\不重要的\阳101H2\阳101H2 邻井压力监测\阳H32 2井1段    邻井叠合图12.10  .xlsx,Sheet1,25.0,31.0,已提取,6个通道
E:\压裂窜扰项目\02 规范化\不重要的\阳101H2\阳101H2 邻井压力监测\阳H32 2井1段    邻井叠合图12.10  .xlsx,Sheet2,0.0,0.0,无可用序列,空表或有效行列过少
E:\压裂窜扰项目\02 规范化\不重要的\阳101H2\阳101H2 邻井压力监测\阳H32 2井1段    邻井叠合图12.10  .xlsx,Sheet3,0.0,0.0,无可用序列,空表或有效行列过少
E:\压裂窜扰项目\02 规范化\不重要的\阳101H37\阳101H37 邻井压力监测\阳101H37-1井压窜分析材料8.12-8.19_阳101H4-6井17-19号秒点数据.xls,导出数据,255604.0,2.0,已提取,1个通道
E:\压裂窜扰项目\02 规范化\不重要的\阳101H37\阳101H37 邻井压力监测\阳101H37-3井压窜分析材料2.3-2.9_3井12段（1-3）压裂2井套压秒点.xls,导出数据,27604.0,2.0,已提取,1个通道
E:\压裂窜扰项目\02 规范化\不重要的\阳101H37\阳101H37 邻井压力监测\阳101H37-3井压窜分析材料2.3-2.9_3井12段（4-6）压裂2井套压秒点.xls,导出数据,28804.0,2.0,已提取,1个通道
E:\压裂窜扰项目\02 规范化\不重要的\阳101H37\阳101H37 邻井压力监测\阳101H37-3井套变压窜分析材料12.16-12.22_第8段.xls,导出数据,9424.0,4.0,已提取,1个通道
E:\压裂窜扰项目\02 规范化\不重要的\阳101H37\阳101H37 邻井压力监测\阳101H37-3井套变压窜分析材料12.16-12.22_第9段(1).xls,导出数据,10264.0,4.0,已提取,1个通道
E:\压裂窜扰项目\02 规范化\不重要的\阳101H37\阳101H37 邻井压力监测\阳101H37-5井压窜分析材料11.11-11.17_5井27段压裂期间4井套压.xls,导出数据,8404.0,2.0,已提取,1个通道
E:\压裂窜扰项目\02 规范化\不重要的\阳101H37\阳101H37 邻井压力监测\阳101H37-5井压窜分析材料11.11-11.17_5井第28段压裂期间4井套压.xls,导出数据,12844.0,2.0,已提取,1个通道
E:\压裂窜扰项目\02 规范化\泸201H5\泸201H5 邻井压力监测\泸201H5-1-10段压裂施工-2、3、4井压力监测.xls,导出数据,18004.0,4.0,已提取,3个通道
E:\压裂窜扰项目\02 规范化\泸201H5\泸201H5 邻井压力监测\泸201H5-1-11段压裂施工-2、3、4井压力监测.xls,导出数据,19804.0,4.0,已提取,3个通道
E:\压裂窜扰项目\02 规范化\泸201H5\泸201H5 邻井压力监测\泸201H5-1-12段压裂施工-2、3、4井压力监测.xls,导出数据,45304.0,4.0,已提取,3个通道
E:\压裂窜扰项目\02 规范化\泸201H5\泸201H5 邻井压力监测\泸201H5-1-13段压裂施工-2、3、4井压力监测.xls,导出数据,16204.0,4.0,已提取,3个通道
E:\压裂窜扰项目\02 规范化\泸201H5\泸201H5 邻井压力监测\泸201H5-1-14段压裂施工-2、3、4井压力监测.xls,导出数据,25204.0,4.0,已提取,3个通道
E:\压裂窜扰项目\02 规范化\泸201H5\泸201H5 邻井压力监测\泸201H5-1-15段压裂施工-2、3、4井压力监测.xls,导出数据,45004.0,4.0,已提取,3个通道
E:\压裂窜扰项目\02 规范化\泸201H5\泸201H5 邻井压力监测\泸201H5-1-16段压裂施工-2、3、4井压力监测.xls,导出数据,14404.0,4.0,已提取,3个通道
E:\压裂窜扰项目\02 规范化\泸201H5\泸201H5 邻井压力监测\泸201H5-1-17段压裂施工-2、3、4井压力监测.xls,导出数据,17104.0,4.0,已提取,3个通道
E:\压裂窜扰项目\02 规范化\泸201H5\泸201H5 邻井压力监测\泸201H5-1-18段压裂施工-2、3、4井压力监测.xls,导出数据,15304.0,4.0,已提取,3个通道
E:\压裂窜扰项目\02 规范化\泸201H5\泸201H5 邻井压力监测\泸201H5-1-19段压裂施工-2、3、4井压力监测.xls,导出数据,15304.0,4.0,已提取,3个通道
E:\压裂窜扰项目\02 规范化\泸201H5\泸201H5 邻井压力监测\泸201H5-1-1段压裂施工-2、3、4井压力监测.xls,导出数据,20644.0,4.0,已提取,3个通道
E:\压裂窜扰项目\02 规范化\泸201H5\泸201H5 邻井压力监测\泸201H5-1-20段压裂施工-2、3、4井压力监测.xls,导出数据,13504.0,4.0,已提取,3个通道
E:\压裂窜扰项目\02 规范化\泸201H5\泸201H5 邻井压力监测\泸201H5-1-22段压裂施工-2、3、4井压力监测.xls,导出数据,15304.0,4.0,已提取,3个通道
E:\压裂窜扰项目\02 规范化\泸201H5\泸201H5 邻井压力监测\泸201H5-1-23段压裂施工-2、3、4井压力监测.xls,导出数据,11704.0,4.0,已提取,3个通道
E:\压裂窜扰项目\02 规范化\泸201H5\泸201H5 邻井压力监测\泸201H5-1-2段压裂施工-2、3、4井压力监测.xls,导出数据,19804.0,4.0,已提取,3个通道
E:\压裂窜扰项目\02 规范化\泸201H5\泸201H5 邻井压力监测\泸201H5-1-3段压裂施工-2、3、4井压力监测.xls,导出数据,15604.0,4.0,已提取,3个通道
E:\压裂窜扰项目\02 规范化\泸201H5\泸201H5 邻井压力监测\泸201H5-1-4段压裂施工-2、3、4井压力监测.xls,导出数据,16204.0,4.0,已提取,3个通道
E:\压裂窜扰项目\02 规范化\泸201H5\泸201H5 邻井压力监测\泸201H5-1-5段压裂施工-2、3、4井压力监测.xls,导出数据,19804.0,4.0,已提取,3个通道
E:\压裂窜扰项目\02 规范化\泸201H5\泸201H5 邻井压力监测\泸201H5-1-6段压裂施工-2、3、4井压力监测.xls,导出数据,16504.0,4.0,已提取,3个通道
E:\压裂窜扰项目\02 规范化\泸201H5\泸201H5 邻井压力监测\泸201H5-1-7段压裂施工-2、3、4井压力监测.xls,导出数据,16804.0,4.0,已提取,3个通道
E:\压裂窜扰项目\02 规范化\泸201H5\泸201H5 邻井压力监测\泸201H5-1-8段压裂施工-2、3、4井压力监测.xls,导出数据,15304.0,4.0,已提取,3个通道
E:\压裂窜扰项目\02 规范化\泸201H5\泸201H5 邻井压力监测\泸201H5-1-9段压裂施工-2、3、4井压力监测.xls,导出数据,17104.0,4.0,已提取,3个通道
E:\压裂窜扰项目\02 规范化\泸201H5\泸201H5 邻井压力监测\泸201H5-2-10段压裂施工-1、3、4井压力监测.xls,导出数据,15304.0,4.0,已提取,3个通道
E:\压裂窜扰项目\02 规范化\泸201H5\泸201H5 邻井压力监测\泸201H5-2-11段压裂施工-1、3、4井压力监测.xls,导出数据,16204.0,4.0,已提取,3个通道
E:\压裂窜扰项目\02 规范化\泸201H5\泸201H5 邻井压力监测\泸201H5-2-12段压裂施工-1、3、4井压力监测.xls,导出数据,14404.0,4.0,已提取,3个通道
E:\压裂窜扰项目\02 规范化\泸201H5\泸201H5 邻井压力监测\泸201H5-2-13段压裂施工-1、3、4井压力监测.xls,导出数据,15304.0,4.0,已提取,3个通道
E:\压裂窜扰项目\02 规范化\泸201H5\泸201H5 邻井压力监测\泸201H5-2-14段压裂施工-1、3、4井压力监测.xls,导出数据,15304.0,4.0,已提取,3个通道
E:\压裂窜扰项目\02 规范化\泸201H5\泸201H5 邻井压力监测\泸201H5-2-15段压裂施工-1、3、4井压力监测.xls,导出数据,15304.0,4.0,已提取,3个通道
E:\压裂窜扰项目\02 规范化\泸201H5\泸201H5 邻井压力监测\泸201H5-2-16段压裂施工-1、3、4井压力监测.xls,导出数据,18004.0,4.0,已提取,3个通道
E:\压裂窜扰项目\02 规范化\泸201H5\泸201H5 邻井压力监测\泸201H5-2-17段压裂施工-1、3、4井压力监测.xls,导出数据,14404.0,4.0,已提取,3个通道
E:\压裂窜扰项目\02 规范化\泸201H5\泸201H5 邻井压力监测\泸201H5-2-18段压裂施工-1、3、4井压力监测.xls,导出数据,15304.0,4.0,已提取,3个通道
E:\压裂窜扰项目\02 规范化\泸201H5\泸201H5 邻井压力监测\泸201H5-2-19段压裂施工-1、3、4井压力监测.xls,导出数据,16204.0,4.0,已提取,3个通道
E:\压裂窜扰项目\02 规范化\泸201H5\泸201H5 邻井压力监测\泸201H5-2-1段压裂施工-1、3、4井压力监测.xls,导出数据,15664.0,4.0,已提取,3个通道
E:\压裂窜扰项目\02 规范化\泸201H5\泸201H5 邻井压力监测\泸201H5-2-20段压裂施工-1、3、4井压力监测.xls,导出数据,14404.0,4.0,已提取,3个通道
E:\压裂窜扰项目\02 规范化\泸201H5\泸201H5 邻井压力监测\泸201H5-2-21段压裂施工-1、3、4井压力监测.xls,导出数据,18004.0,4.0,已提取,3个通道
E:\压裂窜扰项目\02 规范化\泸201H5\泸201H5 邻井压力监测\泸201H5-2-22段压裂施工-1、3、4井压力监测.xls,导出数据,15304.0,4.0,已提取,3个通道
E:\压裂窜扰项目\02 规范化\泸201H5\泸201H5 邻井压力监测\泸201H5-2-23段压裂施工-1、3、4井压力监测.xls,导出数据,14404.0,4.0,已提取,3个通道
E:\压裂窜扰项目\02 规范化\泸201H5\泸201H5 邻井压力监测\泸201H5-2-24段压裂施工-1、3、4井压力监测.xls,导出数据,19804.0,4.0,已提取,3个通道
E:\压裂窜扰项目\02 规范化\泸201H5\泸201H5 邻井压力监测\泸201H5-2-2段压裂施工-1、3、4井压力监测.xls,导出数据,16204.0,4.0,已提取,3个通道
E:\压裂窜扰项目\02 规范化\泸201H5\泸201H5 邻井压力监测\泸201H5-2-3段压裂施工-1、3、4井压力监测.xls,导出数据,16204.0,4.0,已提取,3个通道
E:\压裂窜扰项目\02 规范化\泸201H5\泸201H5 邻井压力监测\泸201H5-2-4段压裂施工-1、3、4井压力监测.xls,导出数据,14404.0,4.0,已提取,3个通道
E:\压裂窜扰项目\02 规范化\泸201H5\泸201H5 邻井压力监测\泸201H5-2-5段压裂施工-1、3、4井压力监测.xls,导出数据,15424.0,4.0,已提取,3个通道
E:\压裂窜扰项目\02 规范化\泸201H5\泸201H5 邻井压力监测\泸201H5-2-6段压裂施工-1、3、4井压力监测.xls,导出数据,15304.0,4.0,已提取,3个通道
E:\压裂窜扰项目\02 规范化\泸201H5\泸201H5 邻井压力监测\泸201H5-2-7段压裂施工-1、3、4井压力监测.xls,导出数据,16204.0,4.0,已提取,3个通道
E:\压裂窜扰项目\02 规范化\泸201H5\泸201H5 邻井压力监测\泸201H5-2-8段压裂施工-1、3、4井压力监测.xls,导出数据,14404.0,4.0,已提取,3个通道
E:\压裂窜扰项目\02 规范化\泸201H5\泸201H5 邻井压力监测\泸201H5-2-9段压裂施工-1、3、4井压力监测.xls,导出数据,17104.0,4.0,已提取,3个通道
E:\压裂窜扰项目\02 规范化\泸201H5\泸201H5 邻井压力监测\泸201H5-3-10段压裂施工-1、2、4井压力监测.xls,导出数据,17104.0,4.0,已提取,3个通道
E:\压裂窜扰项目\02 规范化\泸201H5\泸201H5 邻井压力监测\泸201H5-3-11段压裂施工-1、2、4井压力监测.xls,导出数据,23104.0,4.0,已提取,3个通道
E:\压裂窜扰项目\02 规范化\泸201H5\泸201H5 邻井压力监测\泸201H5-3-12段压裂施工-1、2、4井压力监测.xls,导出数据,35704.0,4.0,已提取,3个通道
E:\压裂窜扰项目\02 规范化\泸201H5\泸201H5 邻井压力监测\泸201H5-3-13段压裂施工-1、2、4井压力监测.xls,导出数据,16204.0,4.0,已提取,3个通道
E:\压裂窜扰项目\02 规范化\泸201H5\泸201H5 邻井压力监测\泸201H5-3-14段压裂施工-1、2、4井压力监测.xls,导出数据,17104.0,4.0,已提取,3个通道
E:\压裂窜扰项目\02 规范化\泸201H5\泸201H5 邻井压力监测\泸201H5-3-15段压裂施工-1、2、4井压力监测.xls,导出数据,17104.0,4.0,已提取,3个通道
E:\压裂窜扰项目\02 规范化\泸201H5\泸201H5 邻井压力监测\泸201H5-3-16段压裂施工-1、2、4井压力监测.xls,导出数据,19804.0,4.0,已提取,3个通道
E:\压裂窜扰项目\02 规范化\泸201H5\泸201H5 邻井压力监测\泸201H5-3-17段压裂施工-1、2、4井压力监测（第1次压裂）.xls,导出数据,9004.0,4.0,已提取,3个通道
E:\压裂窜扰项目\02 规范化\泸201H5\泸201H5 邻井压力监测\泸201H5-3-17段压裂施工-1、2、4井压力监测（第2次压裂）.xls,导出数据,10804.0,4.0,已提取,3个通道
E:\压裂窜扰项目\02 规范化\泸201H5\泸201H5 邻井压力监测\泸201H5-3-18段压裂施工-1、2、4井压力监测.xls,导出数据,17104.0,4.0,已提取,3个通道
E:\压裂窜扰项目\02 规范化\泸201H5\泸201H5 邻井压力监测\泸201H5-3-19段压裂施工-1、2、4井压力监测.xls,导出数据,17104.0,4.0,已提取,3个通道
E:\压裂窜扰项目\02 规范化\泸201H5\泸201H5 邻井压力监测\泸201H5-3-1段压裂施工-1、2、4井压力监测.xls,导出数据,18904.0,4.0,已提取,3个通道
E:\压裂窜扰项目\02 规范化\泸201H5\泸201H5 邻井压力监测\泸201H5-3-20段压裂施工-1、2、4井压力监测.xls,导出数据,15304.0,4.0,已提取,3个通道
E:\压裂窜扰项目\02 规范化\泸201H5\泸201H5 邻井压力监测\泸201H5-3-21段压裂施工-1、2、4井压力监测.xls,导出数据,18004.0,4.0,已提取,3个通道
E:\压裂窜扰项目\02 规范化\泸201H5\泸201H5 邻井压力监测\泸201H5-3-22段压裂施工-1、2、4井压力监测.xls,导出数据,15304.0,4.0,已提取,3个通道
E:\压裂窜扰项目\02 规范化\泸201H5\泸201H5 邻井压力监测\泸201H5-3-23段压裂施工-1、2、4井压力监测.xls,导出数据,18004.0,4.0,已提取,3个通道
E:\压裂窜扰项目\02 规范化\泸201H5\泸201H5 邻井压力监测\泸201H5-3-24段压裂施工-1、2、4井压力监测.xls,导出数据,16204.0,4.0,已提取,3个通道
E:\压裂窜扰项目\02 规范化\泸201H5\泸201H5 邻井压力监测\泸201H5-3-2段压裂施工-1、2、4井压力监测.xls,导出数据,15304.0,4.0,已提取,3个通道
E:\压裂窜扰项目\02 规范化\泸201H5\泸201H5 邻井压力监测\泸201H5-3-3段压裂施工-1、2、4井压力监测.xls,导出数据,16204.0,4.0,已提取,3个通道
E:\压裂窜扰项目\02 规范化\泸201H5\泸201H5 邻井压力监测\泸201H5-3-4段压裂施工-1、2、4井压力监测.xls,导出数据,18004.0,4.0,已提取,3个通道
E:\压裂窜扰项目\02 规范化\泸201H5\泸201H5 邻井压力监测\泸201H5-3-5段压裂施工-1、2、4井压力监测.xls,导出数据,17104.0,4.0,已提取,3个通道
E:\压裂窜扰项目\02 规范化\泸201H5\泸201H5 邻井压力监测\泸201H5-3-6段压裂施工-1、2、4井压力监测.xls,导出数据,16204.0,4.0,已提取,3个通道
E:\压裂窜扰项目\02 规范化\泸201H5\泸201H5 邻井压力监测\泸201H5-3-7段压裂施工-1、2、4井压力监测.xls,导出数据,16204.0,4.0,已提取,3个通道
E:\压裂窜扰项目\02 规范化\泸201H5\泸201H5 邻井压力监测\泸201H5-3-8段压裂施工-1、2、4井压力监测.xls,导出数据,21604.0,4.0,已提取,3个通道
E:\压裂窜扰项目\02 规范化\泸201H5\泸201H5 邻井压力监测\泸201H5-3-9段压裂施工-1、2、4井压力监测.xls,导出数据,19804.0,4.0,已提取,3个通道
E:\压裂窜扰项目\02 规范化\泸201H5\泸201H5 邻井压力监测\泸201H5-4-10段压裂施工-1、2、3井压力监测.xls,导出数据,14404.0,4.0,已提取,3个通道
E:\压裂窜扰项目\02 规范化\泸201H5\泸201H5 邻井压力监测\泸201H5-4-11段压裂施工-1、2、3井压力监测.xls,导出数据,16204.0,4.0,已提取,3个通道
E:\压裂窜扰项目\02 规范化\泸201H5\泸201H5 邻井压力监测\泸201H5-4-12段压裂施工-1、2、3井压力监测.xls,导出数据,14404.0,4.0,已提取,3个通道
E:\压裂窜扰项目\02 规范化\泸201H5\泸201H5 邻井压力监测\泸201H5-4-13段压裂施工-1、2、3井压力监测.xls,导出数据,14404.0,4.0,已提取,3个通道
E:\压裂窜扰项目\02 规范化\泸201H5\泸201H5 邻井压力监测\泸201H5-4-14段压裂施工-1、2、3井压力监测.xls,导出数据,18004.0,4.0,已提取,3个通道
E:\压裂窜扰项目\02 规范化\泸201H5\泸201H5 邻井压力监测\泸201H5-4-15段压裂施工-1、2、3井压力监测.xls,导出数据,14404.0,4.0,已提取,3个通道
E:\压裂窜扰项目\02 规范化\泸201H5\泸201H5 邻井压力监测\泸201H5-4-16段压裂施工-1、2、3井压力监测.xls,导出数据,10804.0,4.0,已提取,3个通道
E:\压裂窜扰项目\02 规范化\泸201H5\泸201H5 邻井压力监测\泸201H5-4-17段压裂施工-1、2、3井压力监测.xls,导出数据,14404.0,4.0,已提取,3个通道
E:\压裂窜扰项目\02 规范化\泸201H5\泸201H5 邻井压力监测\泸201H5-4-18段压裂施工-1、2、3井压力监测.xls,导出数据,14104.0,4.0,已提取,3个通道
E:\压裂窜扰项目\02 规范化\泸201H5\泸201H5 邻井压力监测\泸201H5-4-19段压裂施工-1、2、3井压力监测.xls,导出数据,36004.0,4.0,已提取,3个通道
E:\压裂窜扰项目\02 规范化\泸201H5\泸201H5 邻井压力监测\泸201H5-4-1段压裂施工-1、2、3井压力监测.xls,导出数据,21604.0,4.0,已提取,3个通道
E:\压裂窜扰项目\02 规范化\泸201H5\泸201H5 邻井压力监测\泸201H5-4-20段压裂施工-1、2、3井压力监测.xls,导出数据,32404.0,4.0,已提取,3个通道
E:\压裂窜扰项目\02 规范化\泸201H5\泸201H5 邻井压力监测\泸201H5-4-21段压裂施工-1、2、3井压力监测.xls,导出数据,15304.0,4.0,已提取,3个通道
E:\压裂窜扰项目\02 规范化\泸201H5\泸201H5 邻井压力监测\泸201H5-4-22段压裂施工-1、2、3井压力监测.xls,导出数据,18004.0,4.0,已提取,3个通道
E:\压裂窜扰项目\02 规范化\泸201H5\泸201H5 邻井压力监测\泸201H5-4-24段压裂施工-1、2、3井压力监测.xls,导出数据,16204.0,4.0,已提取,3个通道
E:\压裂窜扰项目\02 规范化\泸201H5\泸201H5 邻井压力监测\泸201H5-4-25段压裂施工-1、2、3井压力监测.xls,导出数据,17104.0,4.0,已提取,3个通道
E:\压裂窜扰项目\02 规范化\泸201H5\泸201H5 邻井压力监测\泸201H5-4-26段压裂施工-1、2、3井压力监测.xls,导出数据,16204.0,4.0,已提取,3个通道
E:\压裂窜扰项目\02 规范化\泸201H5\泸201H5 邻井压力监测\泸201H5-4-27段压裂施工-1、2、3井压力监测.xls,导出数据,16204.0,4.0,已提取,3个通道
E:\压裂窜扰项目\02 规范化\泸201H5\泸201H5 邻井压力监测\泸201H5-4-2段压裂施工-1、2、3井压力监测.xls,导出数据,19804.0,4.0,已提取,3个通道
E:\压裂窜扰项目\02 规范化\泸201H5\泸201H5 邻井压力监测\泸201H5-4-3段压裂施工-1、2、3井压力监测.xls,导出数据,21604.0,4.0,已提取,3个通道
E:\压裂窜扰项目\02 规范化\泸201H5\泸201H5 邻井压力监测\泸201H5-4-4段压裂施工-1、2、3井压力监测.xls,导出数据,23404.0,4.0,已提取,3个通道
E:\压裂窜扰项目\02 规范化\泸201H5\泸201H5 邻井压力监测\泸201H5-4-5段压裂施工-1、2、3井压力监测.xls,导出数据,20704.0,4.0,已提取,3个通道
E:\压裂窜扰项目\02 规范化\泸201H5\泸201H5 邻井压力监测\泸201H5-4-6段压裂施工-1、2、3井压力监测.xls,导出数据,21604.0,4.0,已提取,3个通道
E:\压裂窜扰项目\02 规范化\泸201H5\泸201H5 邻井压力监测\泸201H5-4-7段压裂施工-1、2、3井压力监测（第1次压裂）.xls,导出数据,18904.0,4.0,已提取,3个通道
E:\压裂窜扰项目\02 规范化\泸201H5\泸201H5 邻井压力监测\泸201H5-4-7段压裂施工-1、2、3井压力监测（第2次压裂）.xls,导出数据,16204.0,4.0,已提取,3个通道
E:\压裂窜扰项目\02 规范化\泸201H5\泸201H5 邻井压力监测\泸201H5-4-8段压裂施工-1、2、3井压力监测（第1次压裂）.xls,导出数据,13504.0,4.0,已提取,3个通道
E:\压裂窜扰项目\02 规范化\泸201H5\泸201H5 邻井压力监测\泸201H5-4-8段压裂施工-1、2、3井压力监测（第2次压裂）.xls,导出数据,12604.0,4.0,已提取,3个通道
E:\压裂窜扰项目\02 规范化\泸201H5\泸201H5 邻井压力监测\泸201H5-4-9段压裂施工-1、2、3井压力监测.xls,导出数据,14764.0,4.0,已提取,3个通道
E:\压裂窜扰项目\02 规范化\泸203H10\泸203H10 邻井压力监测\泸203H10-1-10段压裂施工-2井分点压力监测.xls,Sheet1,122.0,2.0,已提取,1个通道
E:\压裂窜扰项目\02 规范化\泸203H10\泸203H10 邻井压力监测\泸203H10-1-14段压裂施工-2井分点压力监测.xls,Sheet1,203.0,2.0,已提取,1个通道
E:\压裂窜扰项目\02 规范化\泸203H10\泸203H10 邻井压力监测\泸203H10-1井套压分点-2.xls,Sheet1,152.0,2.0,已提取,1个通道
E:\压裂窜扰项目\02 规范化\泸203H10\泸203H10 邻井压力监测\泸203H10-1井套压分点.xls,Sheet1,152.0,2.0,已提取,1个通道
E:\压裂窜扰项目\02 规范化\泸203H10\泸203H10 邻井压力监测\泸203H10-2-13段压裂施工-1井分点压力监测.xls,Sheet1,123.0,2.0,已提取,1个通道
E:\压裂窜扰项目\02 规范化\泸203H10\泸203H10 邻井压力监测\泸203H10-2-14段压裂施工-1、3井套压压力监测.xls,Sheet1,173.0,3.0,已提取,2个通道
E:\压裂窜扰项目\02 规范化\泸203H10\泸203H10 邻井压力监测\泸203H10-2-15段压裂施工-1、3井分点压力监测.xls,Sheet1,223.0,3.0,已提取,2个通道
E:\压裂窜扰项目\02 规范化\泸203H10\泸203H10 邻井压力监测\泸203H10-2-16段压裂施工-1井套压压力监测.xls,Sheet1,208.0,2.0,已提取,1个通道
E:\压裂窜扰项目\02 规范化\泸203H10\泸203H10 邻井压力监测\泸203H10-2-17段压裂施工-1井分点压力监测.xls,Sheet1,339.0,2.0,已提取,1个通道
E:\压裂窜扰项目\02 规范化\泸203H10\泸203H10 邻井压力监测\泸203H10-2-3段压裂施工-3井套压压力监测-2.xls,Sheet1,171.0,2.0,已提取,1个通道
E:\压裂窜扰项目\02 规范化\泸203H10\泸203H10 邻井压力监测\泸203H10-2-3段压裂施工-3井套压压力监测.xls,Sheet1,171.0,2.0,已提取,1个通道
E:\压裂窜扰项目\02 规范化\泸203H10\泸203H10 邻井压力监测\泸203H10-2-4段压裂施工-1井套压压力监测.xls,Sheet1,128.0,2.0,已提取,1个通道
E:\压裂窜扰项目\02 规范化\泸203H10\泸203H10 邻井压力监测\泸203H10-2-9段压裂施工-1井分点压力监测.xls,000001411,158.0,4.0,已提取,1个通道
E:\压裂窜扰项目\02 规范化\泸203H10\泸203H10 邻井压力监测\泸203H10-3-12段压裂施工-1井套压压力监测.xls,Sheet1,186.0,2.0,已提取,1个通道
E:\压裂窜扰项目\02 规范化\泸203H10\泸203H10 邻井压力监测\泸203H10-3-3段压裂施工-1、2井压力监测.xls,6666,224.0,4.0,已提取,2个通道
E:\压裂窜扰项目\02 规范化\泸203H10\泸203H10 邻井压力监测\泸203H10-3-8段压裂施工-4井秒点压力监测.xls,77777999,138.0,4.0,已提取,1个通道
E:\压裂窜扰项目\02 规范化\泸203H10\泸203H10 邻井压力监测\泸203H10-4-8段压裂施工-3井秒点压力监测.xls,3井,284.0,4.0,已提取,1个通道
E:\压裂窜扰项目\02 规范化\泸203H10\泸203H10 邻井压力监测\泸203H10-4-9段压裂施工-3井分点压力监测-2.xls,45645,198.0,4.0,已提取,1个通道
E:\压裂窜扰项目\02 规范化\泸203H10\泸203H10 邻井压力监测\泸203H10-4-9段压裂施工-3井分点压力监测.xls,45645,198.0,4.0,已提取,1个通道
E:\压裂窜扰项目\02 规范化\泸203H10\泸203H10 邻井压力监测\泸203H10-4-9段压裂施工-3井秒点压力监测-2.xls,3井,2190.0,4.0,已提取,1个通道
E:\压裂窜扰项目\02 规范化\泸203H10\泸203H10 邻井压力监测\泸203H10-4-9段压裂施工-3井秒点压力监测.xls,3井,2190.0,4.0,已提取,1个通道
E:\压裂窜扰项目\02 规范化\泸203H10\泸203H10 邻井压力监测\泸203H10-4井2井套压  6.16.xls,Sheet1,183.0,3.0,已提取,2个通道
E:\压裂窜扰项目\02 规范化\泸203H10\泸203H10 邻井压力监测\泸203H10平台压窜情况（5.10-5.16）_3井压力(2).xls,Sheet1,123.0,2.0,已提取,1个通道
E:\压裂窜扰项目\02 规范化\泸203H11\泸203H11 邻井压力监测\泸203H11-1-3段压裂施工-8井套压压力监测.xls,Sheet1,7802.0,3.0,已提取,1个通道
E:\压裂窜扰项目\02 规范化\泸203H11\泸203H11 邻井压力监测\泸203H11-1-6段压裂施工-2井套压压力监测.xls,2井套压,12602.0,3.0,已提取,1个通道
E:\压裂窜扰项目\02 规范化\泸203H11\泸203H11 邻井压力监测\泸203H11-2-10段压裂施工-1井套压压力监测.xls,Sheet1,12902.0,3.0,已提取,1个通道
E:\压裂窜扰项目\02 规范化\泸203H11\泸203H11 邻井压力监测\泸203H11-2-10段压裂施工-1井套压压力监测.xls,Sheet2,0.0,0.0,无可用序列,空表或有效行列过少
E:\压裂窜扰项目\02 规范化\泸203H11\泸203H11 邻井压力监测\泸203H11-2-10段压裂施工-1井套压压力监测.xls,Sheet3,0.0,0.0,无可用序列,空表或有效行列过少
E:\压裂窜扰项目\02 规范化\泸203H11\泸203H11 邻井压力监测\泸203H11-2-10段压裂施工-3井套压压力监测.xls,Sheet1,12902.0,3.0,已提取,1个通道
E:\压裂窜扰项目\02 规范化\泸203H11\泸203H11 邻井压力监测\泸203H11-2-12段压裂施工-1井套压压力监测.xls,Sheet1,11702.0,3.0,已提取,1个通道
E:\压裂窜扰项目\02 规范化\泸203H11\泸203H11 邻井压力监测\泸203H11-2-12段压裂施工-1井套压压力监测.xls,Sheet2,0.0,0.0,无可用序列,空表或有效行列过少
E:\压裂窜扰项目\02 规范化\泸203H11\泸203H11 邻井压力监测\泸203H11-2-12段压裂施工-1井套压压力监测.xls,Sheet3,0.0,0.0,无可用序列,空表或有效行列过少
E:\压裂窜扰项目\02 规范化\泸203H11\泸203H11 邻井压力监测\泸203H11-2-6段压裂施工-3井套压压力监测.xls,Sheet1,10502.0,3.0,已提取,1个通道
E:\压裂窜扰项目\02 规范化\泸203H11\泸203H11 邻井压力监测\泸203H11-2-7段压裂施工-3井套压压力监测.xls,Sheet1,13202.0,3.0,已提取,1个通道
E:\压裂窜扰项目\02 规范化\泸203H11\泸203H11 邻井压力监测\泸203H11-2-8段压裂施工-3井套压压力监测.xls,Sheet1,6932.0,3.0,已提取,1个通道
E:\压裂窜扰项目\02 规范化\泸203H11\泸203H11 邻井压力监测\泸203H11-2-9段压裂施工-1井套压压力监测.xls,Sheet1,14103.0,3.0,已提取,1个通道
E:\压裂窜扰项目\02 规范化\泸203H11\泸203H11 邻井压力监测\泸203H11-2-9段压裂施工-1井套压压力监测.xls,Sheet2,0.0,0.0,无可用序列,空表或有效行列过少
E:\压裂窜扰项目\02 规范化\泸203H11\泸203H11 邻井压力监测\泸203H11-2-9段压裂施工-1井套压压力监测.xls,Sheet3,0.0,0.0,无可用序列,空表或有效行列过少
E:\压裂窜扰项目\02 规范化\泸203H11\泸203H11 邻井压力监测\泸203H11-3-12段压裂施工-1井套压压力监测.xls,Sheet1,11407.0,5.0,已提取,1个通道
E:\压裂窜扰项目\02 规范化\泸203H11\泸203H11 邻井压力监测\泸203H11-3-12段压裂施工-1井套压压力监测.xls,Sheet2,0.0,0.0,无可用序列,空表或有效行列过少
E:\压裂窜扰项目\02 规范化\泸203H11\泸203H11 邻井压力监测\泸203H11-3-12段压裂施工-1井套压压力监测.xls,Sheet3,0.0,0.0,无可用序列,空表或有效行列过少
E:\压裂窜扰项目\02 规范化\泸203H11\泸203H11 邻井压力监测\泸203H11-4-3段压裂施工-3井套压压力监测.xls,Sheet1,11993.0,3.0,已提取,1个通道
E:\压裂窜扰项目\02 规范化\泸203H11\泸203H11 邻井压力监测\泸203H11-5-3段压裂施工-6井套压压力监测.xls,Sheet1,15002.0,3.0,已提取,1个通道
E:\压裂窜扰项目\02 规范化\泸203H11\泸203H11 邻井压力监测\泸203H11-5-4段压裂施工-6井套压压力监测.xls,Sheet1,28443.0,3.0,已提取,1个通道
E:\压裂窜扰项目\02 规范化\泸203H11\泸203H11 邻井压力监测\泸203H11-5-6段压裂施工-6井套压压力监测.xlsx,Sheet1,25143.0,3.0,已提取,1个通道
E:\压裂窜扰项目\02 规范化\泸203H11\泸203H11 邻井压力监测\泸203H11-5-7段压裂施工-6井套压压力监测.xls,Sheet1,7502.0,3.0,已提取,1个通道
E:\压裂窜扰项目\02 规范化\泸203H11\泸203H11 邻井压力监测\泸203H11-5-8段压裂施工-6井套压压力监测.xls,Sheet1,14402.0,3.0,已提取,1个通道
E:\压裂窜扰项目\02 规范化\泸203H11\泸203H11 邻井压力监测\泸203H11-5-9段压裂施工-6井压力监测.xls,Sheet1,30602.0,5.0,已提取,1个通道
E:\压裂窜扰项目\02 规范化\泸203H11\泸203H11 邻井压力监测\泸203H11-6-13段压裂施工-5井压力监测.xls,Sheet1,11102.0,5.0,已提取,3个通道
E:\压裂窜扰项目\02 规范化\泸203H11\泸203H11 邻井压力监测\泸203H11-6-16段压裂施工-5井秒点压力监测.xls,Sheet1,12302.0,5.0,已提取,1个通道
E:\压裂窜扰项目\02 规范化\泸203H11\泸203H11 邻井压力监测\泸203H11-6-17段压裂施工-5、7井秒点压力监测.xls,Sheet1,12302.0,8.0,已提取,2个通道
E:\压裂窜扰项目\02 规范化\泸203H11\泸203H11 邻井压力监测\泸203H11-6-22段压裂施工-5井秒点压力监测.xls,Sheet1,12302.0,5.0,已提取,1个通道
E:\压裂窜扰项目\02 规范化\泸203H11\泸203H11 邻井压力监测\泸203H11-6-5段压裂施工-7井套压压力监测.xlsx,Sheet1,15602.0,3.0,已提取,1个通道
E:\压裂窜扰项目\02 规范化\泸203H11\泸203H11 邻井压力监测\泸203H11-6-6段压裂施工-5井压力监测.xls,Sheet1,19802.0,3.0,已提取,1个通道
E:\压裂窜扰项目\02 规范化\泸203H11\泸203H11 邻井压力监测\泸203H11-7-13段压裂施工-6井套压压力监测.xlsx,Sheet1,11402.0,3.0,已提取,1个通道
E:\压裂窜扰项目\02 规范化\泸203H11\泸203H11 邻井压力监测\泸203H11-7-9段压裂施工-5、6井压力监测.xls,Sheet1,14702.0,4.0,已提取,2个通道
E:\压裂窜扰项目\02 规范化\泸203H153\泸203H153 邻井压力监测\泸203H153-2-25段压裂施工-7井套压压力监测.xls,导出数据,10264.0,2.0,未提取压力通道,0个通道
E:\压裂窜扰项目\02 规范化\泸203H153\泸203H153 邻井压力监测\泸203H153-2-6段压裂施工-7井套压压力监测.xls,导出数据,4024.0,2.0,未提取压力通道,0个通道
E:\压裂窜扰项目\02 规范化\泸203H153\泸203H153 邻井压力监测\泸203H153-4-16段压裂施工-6井套压压力监测.xls,导出数据,30544.0,2.0,未提取压力通道,0个通道
E:\压裂窜扰项目\02 规范化\泸203H153\泸203H153 邻井压力监测\泸203H153-5-10段压裂施工-6井套压压力监测.xls,导出数据,14404.0,2.0,未提取压力通道,0个通道
E:\压裂窜扰项目\02 规范化\泸203H153\泸203H153 邻井压力监测\泸203H153-5-17段压裂施工-6井套压压力监测.xls,导出数据,9724.0,2.0,未提取压力通道,0个通道
E:\压裂窜扰项目\02 规范化\泸203H153\泸203H153 邻井压力监测\泸203H153-5-18段压裂施工-6井套压压力监测.xls,导出数据,13804.0,2.0,未提取压力通道,0个通道
E:\压裂窜扰项目\02 规范化\泸203H153\泸203H153 邻井压力监测\泸203H153-5-19段压裂施工-6井套压压力监测.xls,导出数据,15604.0,2.0,未提取压力通道,0个通道
E:\压裂窜扰项目\02 规范化\泸203H153\泸203H153 邻井压力监测\泸203H153-5-20段压裂施工-6井套压压力监测.xls,导出数据,12304.0,2.0,未提取压力通道,0个通道
E:\压裂窜扰项目\02 规范化\泸203H153\泸203H153 邻井压力监测\泸203H153-5-21段压裂施工-6井套压压力监测.xls,导出数据,14104.0,2.0,未提取压力通道,0个通道
E:\压裂窜扰项目\02 规范化\泸203H153\泸203H153 邻井压力监测\泸203H153-5-22段压裂施工-6井套压压力监测.xls,导出数据,17584.0,2.0,未提取压力通道,0个通道
E:\压裂窜扰项目\02 规范化\泸203H153\泸203H153 邻井压力监测\泸203H153-5-2段压裂施工-6井套压压力监测.xls,导出数据,33304.0,3.0,未提取压力通道,0个通道
E:\压裂窜扰项目\02 规范化\泸203H153\泸203H153 邻井压力监测\泸203H153-5-3段压裂施工-6井套压压力监测.xlsx,导出数据,29584.0,2.0,未提取压力通道,0个通道
E:\压裂窜扰项目\02 规范化\泸203H153\泸203H153 邻井压力监测\泸203H153-5-4段压裂施工-6井套压压力监测.xls,导出数据,15604.0,2.0,未提取压力通道,0个通道
E:\压裂窜扰项目\02 规范化\泸203H153\泸203H153 邻井压力监测\泸203H153-6-13段压裂施工-4井套压压力监测.xls,导出数据,6004.0,2.0,未提取压力通道,0个通道
E:\压裂窜扰项目\02 规范化\泸203H153\泸203H153 邻井压力监测\泸203H153-6-17段压裂施工-5井套压压力监测.xls,导出数据,12424.0,2.0,未提取压力通道,0个通道
E:\压裂窜扰项目\02 规范化\泸203H153\泸203H153 邻井压力监测\泸203H153-6-18段压裂施工-5井套压压力监测.xls,导出数据,15784.0,2.0,未提取压力通道,0个通道
E:\压裂窜扰项目\02 规范化\泸203H153\泸203H153 邻井压力监测\泸203H153-6-20段压裂施工-5井套压压力监测.xls,导出数据,8344.0,2.0,未提取压力通道,0个通道
E:\压裂窜扰项目\02 规范化\泸203H153\泸203H153 邻井压力监测\泸203H153-6-21段压裂施工-5井套压压力监测.xls,导出数据,11284.0,2.0,未提取压力通道,0个通道
E:\压裂窜扰项目\02 规范化\泸203H153\泸203H153 邻井压力监测\泸203H153-6-2段压裂施工-5井套压压力监测.xls,导出数据,24604.0,2.0,未提取压力通道,0个通道
E:\压裂窜扰项目\02 规范化\泸203H153\泸203H153 邻井压力监测\泸203H153-7-27段压裂施工-2井套压压力监测.xls,导出数据,6124.0,2.0,未提取压力通道,0个通道
E:\压裂窜扰项目\02 规范化\泸203H153\泸203H153 邻井压力监测\泸203H153-7-5段压裂施工-2井套压压力监测.xls,导出数据,8524.0,2.0,未提取压力通道,0个通道
E:\压裂窜扰项目\02 规范化\泸203H153\泸203H153 邻井压力监测\泸203H153_2024.5.25压裂期间检测-6井压力.xls,导出数据,30544.0,2.0,未提取压力通道,0个通道
E:\压裂窜扰项目\02 规范化\泸203H153\泸203H153 邻井压力监测\泸203H153_5-5段压裂期间5井套压数据.xls,导出数据,15904.0,2.0,未提取压力通道,0个通道
E:\压裂窜扰项目\02 规范化\泸203H64\泸203H64 邻井压力监测\泸203H64-1-15段压裂施工-2、3、4、5井秒点压力监测.xls,导出数据,10204.0,5.0,已提取,4个通道
E:\压裂窜扰项目\02 规范化\泸203H64\泸203H64 邻井压力监测\泸203H64-1-16段压裂施工-2、3、4、5井秒点压力监测.xls,导出数据,12604.0,5.0,已提取,4个通道
E:\压裂窜扰项目\02 规范化\泸203H64\泸203H64 邻井压力监测\泸203H64-1-17段压裂施工-2、3、4、5井秒点压力监测.xls,导出数据,6184.0,5.0,已提取,4个通道
E:\压裂窜扰项目\02 规范化\泸203H64\泸203H64 邻井压力监测\泸203H64-3-10段压裂施工-1、2、4、5井秒点压力监测.xls,导出数据,14404.0,5.0,已提取,4个通道
E:\压裂窜扰项目\02 规范化\泸203H64\泸203H64 邻井压力监测\泸203H64-3-11段压裂施工-1、2、4、5井秒点压力监测.xls,导出数据,9304.0,5.0,已提取,4个通道
E:\压裂窜扰项目\02 规范化\泸203H64\泸203H64 邻井压力监测\泸203H64-3-11段压裂施工-2井压力监测.xlsx,Sheet1,9002.0,3.0,已提取,1个通道
E:\压裂窜扰项目\02 规范化\泸203H64\泸203H64 邻井压力监测\泸203H64-3-11段压裂施工-2井压力监测.xlsx,Sheet2,0.0,0.0,无可用序列,空表或有效行列过少
E:\压裂窜扰项目\02 规范化\泸203H64\泸203H64 邻井压力监测\泸203H64-3-11段压裂施工-2井压力监测.xlsx,Sheet3,0.0,0.0,无可用序列,空表或有效行列过少
E:\压裂窜扰项目\02 规范化\泸203H64\泸203H64 邻井压力监测\泸203H64-3-12段压裂施工-1、2、4、5井秒点压力监测.xls,导出数据,13804.0,5.0,已提取,4个通道
E:\压裂窜扰项目\02 规范化\泸203H64\泸203H64 邻井压力监测\泸203H64-3-13段压裂施工-1、2、4、5井秒点压力监测.xls,导出数据,8704.0,5.0,已提取,4个通道
E:\压裂窜扰项目\02 规范化\泸203H64\泸203H64 邻井压力监测\泸203H64-3-13段压裂施工-2井压力监测.xls,Sheet1,8942.0,3.0,已提取,1个通道
E:\压裂窜扰项目\02 规范化\泸203H64\泸203H64 邻井压力监测\泸203H64-3-13段压裂施工-2井压力监测.xls,Sheet2,0.0,0.0,无可用序列,空表或有效行列过少
E:\压裂窜扰项目\02 规范化\泸203H64\泸203H64 邻井压力监测\泸203H64-3-13段压裂施工-2井压力监测.xls,Sheet3,0.0,0.0,无可用序列,空表或有效行列过少
E:\压裂窜扰项目\02 规范化\泸203H64\泸203H64 邻井压力监测\泸203H64-3-14段压裂施工-1、2、4、5井秒点压力监测.xls,导出数据,12004.0,5.0,已提取,4个通道
E:\压裂窜扰项目\02 规范化\泸203H64\泸203H64 邻井压力监测\泸203H64-3-1段压裂施工-1、2、4、5井秒点压力监测.xls,导出数据,8224.0,5.0,已提取,4个通道
E:\压裂窜扰项目\02 规范化\泸203H64\泸203H64 邻井压力监测\泸203H64-3-2段压裂施工-1、2、4、5井秒点压力监测.xls,导出数据,9604.0,5.0,已提取,4个通道
E:\压裂窜扰项目\02 规范化\泸203H64\泸203H64 邻井压力监测\泸203H64-3-3段压裂施工-1、2、4、5井秒点压力监测.xls,text,10925.0,6.0,已提取,4个通道
E:\压裂窜扰项目\02 规范化\泸203H64\泸203H64 邻井压力监测\泸203H64-3-4段压裂施工-1、2、4、5井秒点压力监测.xls,导出数据,10804.0,5.0,已提取,4个通道
E:\压裂窜扰项目\02 规范化\泸203H64\泸203H64 邻井压力监测\泸203H64-3-5段压裂施工-1、2、4、5井秒点压力监测.xls,导出数据,11704.0,5.0,已提取,4个通道
E:\压裂窜扰项目\02 规范化\泸203H64\泸203H64 邻井压力监测\泸203H64-3-6段压裂施工-1、2、4、5井秒点压力监测.xls,导出数据,8404.0,5.0,已提取,4个通道
E:\压裂窜扰项目\02 规范化\泸203H64\泸203H64 邻井压力监测\泸203H64-3-7段压裂施工-1、2、4、5井秒点压力监测.xls,导出数据,8404.0,5.0,已提取,4个通道
E:\压裂窜扰项目\02 规范化\泸203H64\泸203H64 邻井压力监测\泸203H64-3-8段压裂施工-1、2、4、5井秒点压力监测.xls,导出数据,10504.0,5.0,已提取,4个通道
E:\压裂窜扰项目\02 规范化\泸203H64\泸203H64 邻井压力监测\泸203H64-3-9段压裂施工-1、2、4、5井秒点压力监测.xls,导出数据,12724.0,5.0,已提取,4个通道
E:\压裂窜扰项目\02 规范化\泸203H64\泸203H64 邻井压力监测\泸203H64-3-9段压裂施工-2井秒点压力监测.xlsx,Sheet1,10801.0,3.0,已提取,1个通道
E:\压裂窜扰项目\02 规范化\泸203H64\泸203H64 邻井压力监测\泸203H64-3-9段压裂施工-2井秒点压力监测.xlsx,Sheet2,0.0,0.0,无可用序列,空表或有效行列过少
E:\压裂窜扰项目\02 规范化\泸203H64\泸203H64 邻井压力监测\泸203H64-3-9段压裂施工-2井秒点压力监测.xlsx,Sheet3,0.0,0.0,无可用序列,空表或有效行列过少
E:\压裂窜扰项目\02 规范化\泸203H64\泸203H64 邻井压力监测\泸203H64-4-10段压裂施工-1、2、3、5井秒点压力监测.xls,导出数据,10804.0,5.0,已提取,4个通道
E:\压裂窜扰项目\02 规范化\泸203H64\泸203H64 邻井压力监测\泸203H64-4-11段压裂施工-1、2、3、5井秒点压力监测.xls,导出数据,10504.0,5.0,已提取,4个通道
E:\压裂窜扰项目\02 规范化\泸203H64\泸203H64 邻井压力监测\泸203H64-4-12段压裂施工-1、2、3、5井秒点压力监测.xls,导出数据,10984.0,5.0,已提取,4个通道
E:\压裂窜扰项目\02 规范化\泸203H64\泸203H64 邻井压力监测\泸203H64-4-13段压裂施工-1、2、3、5井秒点压力监测.xls,导出数据,11584.0,5.0,已提取,4个通道
E:\压裂窜扰项目\02 规范化\泸203H64\泸203H64 邻井压力监测\泸203H64-4-14段压裂施工-1、2、3、5井秒点压力监测.xls,导出数据,5044.0,5.0,已提取,4个通道
E:\压裂窜扰项目\02 规范化\泸203H64\泸203H64 邻井压力监测\泸203H64-4-15段压裂施工-1、2、3、5井秒点压力监测.xls,导出数据,8944.0,5.0,已提取,4个通道
E:\压裂窜扰项目\02 规范化\泸203H64\泸203H64 邻井压力监测\泸203H64-4-2段压裂施工-1、2、3、5井秒点压力监测.xls,导出数据,11044.0,5.0,已提取,4个通道
E:\压裂窜扰项目\02 规范化\泸203H64\泸203H64 邻井压力监测\泸203H64-4-3段压裂施工-1、2、3、5井秒点压力监测.xls,导出数据,9604.0,5.0,已提取,4个通道
E:\压裂窜扰项目\02 规范化\泸203H64\泸203H64 邻井压力监测\泸203H64-4-4段压裂施工-1、2、3、5井秒点压力监测.xls,导出数据,5404.0,5.0,已提取,4个通道
E:\压裂窜扰项目\02 规范化\泸203H64\泸203H64 邻井压力监测\泸203H64-4-5段压裂施工-1、2、3、5井秒点压力监测.xls,导出数据,8464.0,5.0,已提取,4个通道
E:\压裂窜扰项目\02 规范化\泸203H64\泸203H64 邻井压力监测\泸203H64-4-6段压裂施工-1、2、3、5井秒点压力监测.xls,导出数据,7504.0,5.0,已提取,4个通道
E:\压裂窜扰项目\02 规范化\泸203H64\泸203H64 邻井压力监测\泸203H64-4-7段压裂施工-1、2、3、5井秒点压力监测.xls,导出数据,4864.0,5.0,已提取,4个通道
E:\压裂窜扰项目\02 规范化\泸203H64\泸203H64 邻井压力监测\泸203H64-4-8段压裂施工-1、2、3、5井秒点压力监测.xls,导出数据,9604.0,5.0,已提取,4个通道
E:\压裂窜扰项目\02 规范化\泸203H64\泸203H64 邻井压力监测\泸203H64-4-9段压裂施工-1、2、3、5井秒点压力监测.xls,导出数据,9604.0,5.0,已提取,4个通道
E:\压裂窜扰项目\02 规范化\泸203H64\泸203H64 邻井压力监测\泸203H64-5-10段压裂施工-1、2、3、4井秒点压力监测.xls,导出数据,8224.0,5.0,已提取,4个通道
E:\压裂窜扰项目\02 规范化\泸203H64\泸203H64 邻井压力监测\泸203H64-5-11段压裂施工-1、2、3、4井秒点压力监测.xls,导出数据,9964.0,5.0,已提取,4个通道
E:\压裂窜扰项目\02 规范化\泸203H64\泸203H64 邻井压力监测\泸203H64-5-12段压裂施工-1、2、3、4井秒点压力监测.xls,导出数据,11104.0,5.0,已提取,4个通道
E:\压裂窜扰项目\02 规范化\泸203H64\泸203H64 邻井压力监测\泸203H64-5-13段压裂施工-1、2、3、4井秒点压力监测.xls,导出数据,7804.0,5.0,已提取,4个通道
E:\压裂窜扰项目\02 规范化\泸203H64\泸203H64 邻井压力监测\泸203H64-5-14段压裂施工-1、2、3、4井秒点压力监测.xls,导出数据,12604.0,5.0,已提取,4个通道
E:\压裂窜扰项目\02 规范化\泸203H64\泸203H64 邻井压力监测\泸203H64-5-15段压裂施工-1、2、3、4井秒点压力监测.xls,导出数据,11104.0,5.0,已提取,4个通道
E:\压裂窜扰项目\02 规范化\泸203H64\泸203H64 邻井压力监测\泸203H64-5-3段压裂施工-1、4、6、7井秒点压力监测.xls,导出数据,10324.0,6.0,已提取,5个通道
E:\压裂窜扰项目\02 规范化\泸203H64\泸203H64 邻井压力监测\泸203H64-5-4段压裂施工-1、4、6、7井秒点压力监测.xls,导出数据,9784.0,6.0,已提取,5个通道
E:\压裂窜扰项目\02 规范化\泸203H64\泸203H64 邻井压力监测\泸203H64-5-5段压裂施工-1、2、3、4井秒点压力监测.xls,导出数据,5704.0,5.0,已提取,4个通道
E:\压裂窜扰项目\02 规范化\泸203H64\泸203H64 邻井压力监测\泸203H64-5-6段压裂施工-1、2、3、4井秒点压力监测.xls,导出数据,9304.0,5.0,已提取,4个通道
E:\压裂窜扰项目\02 规范化\泸203H64\泸203H64 邻井压力监测\泸203H64-5-7段压裂施工-1、2、3、4井秒点压力监测.xls,导出数据,8704.0,5.0,已提取,4个通道
E:\压裂窜扰项目\02 规范化\泸203H64\泸203H64 邻井压力监测\泸203H64-5-8段压裂施工-1、2、3、4井秒点压力监测.xls,导出数据,9604.0,5.0,已提取,4个通道
E:\压裂窜扰项目\02 规范化\泸203H64\泸203H64 邻井压力监测\泸203H64-5-9段压裂施工-1、2、3、4井秒点压力监测.xls,导出数据,10384.0,5.0,已提取,4个通道
E:\压裂窜扰项目\02 规范化\泸203H64\泸203H64 邻井压力监测\泸203H64平台 -   1 井第20段压裂期间 泸203H75   平台监测数据.xlsx,Sheet1,72.0,25.0,已提取,4个通道
E:\压裂窜扰项目\02 规范化\泸203H64\泸203H64 邻井压力监测\泸203H64平台压裂期间l泸203H75平台压力、液、气监测表.xlsx,9.30,54.0,26.0,已提取,4个通道
E:\压裂窜扰项目\02 规范化\泸203H64\泸203H64 邻井压力监测\泸203H64平台压裂期间l泸203H75平台压力、液、气监测表.xlsx,9.29 (2),22.0,25.0,已提取,4个通道
E:\压裂窜扰项目\02 规范化\泸203H64\泸203H64 邻井压力监测\泸203H64平台压裂期间l泸203H75平台压力、液、气监测表.xlsx,10.2,46.0,25.0,已提取,2个通道
E:\压裂窜扰项目\02 规范化\泸203H64\泸203H64 邻井压力监测\泸203H64平台压裂期间l泸203H75平台压力、液、气监测表.xlsx,10.3,46.0,25.0,已提取,4个通道
E:\压裂窜扰项目\02 规范化\泸203H64\泸203H64 邻井压力监测\泸203H64平台压裂期间l泸203H75平台压力、液、气监测表.xlsx,10.4,46.0,25.0,已提取,4个通道
E:\压裂窜扰项目\02 规范化\泸203H64\泸203H64 邻井压力监测\泸203H64平台压裂期间l泸203H75平台压力、液、气监测表.xlsx,10.6,22.0,25.0,已提取,4个通道
E:\压裂窜扰项目\02 规范化\泸203H64\泸203H64 邻井压力监测\泸203H64平台压裂期间l泸203H75平台压力、液、气监测表.xlsx,9.29 (4),33.0,25.0,已提取,4个通道
E:\压裂窜扰项目\02 规范化\泸203H64\泸203H64 邻井压力监测\泸203H64平台压裂期间l泸203H75平台压力、液、气监测表.xlsx,10.7,46.0,25.0,已提取,4个通道
E:\压裂窜扰项目\02 规范化\泸203H64\泸203H64 邻井压力监测\泸203H64平台压裂期间l泸203H75平台压力、液、气监测表.xlsx,10.8,46.0,25.0,已提取,4个通道
E:\压裂窜扰项目\02 规范化\泸203H64\泸203H64 邻井压力监测\泸203H64平台压裂期间l泸203H75平台压力、液、气监测表.xlsx,10.9,66.0,25.0,已提取,4个通道
E:\压裂窜扰项目\02 规范化\泸203H64\泸203H64 邻井压力监测\泸203H64平台压裂期间l泸203H75平台压力、液、气监测表.xlsx,10.10,66.0,25.0,已提取,4个通道
E:\压裂窜扰项目\02 规范化\泸203H64\泸203H64 邻井压力监测\泸203H64平台压裂期间l泸203H75平台压力、液、气监测表.xlsx,10.11,66.0,25.0,已提取,4个通道
E:\压裂窜扰项目\02 规范化\泸203H64\泸203H64 邻井压力监测\泸203H64平台压裂期间l泸203H75平台压力、液、气监测表.xlsx,10.12,66.0,25.0,已提取,4个通道
E:\压裂窜扰项目\02 规范化\泸203H64\泸203H64 邻井压力监测\泸203H64平台压裂期间l泸203H75平台压力、液、气监测表.xlsx,10.13,66.0,25.0,已提取,4个通道
E:\压裂窜扰项目\02 规范化\泸203H64\泸203H64 邻井压力监测\泸203H64平台压裂期间l泸203H75平台压力、液、气监测表.xlsx,10.14,66.0,25.0,已提取,4个通道
E:\压裂窜扰项目\02 规范化\泸203H64\泸203H64 邻井压力监测\泸203H64平台压裂期间l泸203H75平台压力、液、气监测表.xlsx,10.15,66.0,25.0,已提取,4个通道
E:\压裂窜扰项目\02 规范化\泸203H64\泸203H64 邻井压力监测\泸203H64平台压裂期间l泸203H75平台压力、液、气监测表.xlsx,10.29,67.0,25.0,已提取,4个通道
E:\压裂窜扰项目\02 规范化\泸203H64\泸203H64 邻井压力监测\泸203H64平台压裂期间l泸203H75平台压力、液、气监测表.xlsx,11.2 ,67.0,25.0,已提取,4个通道
E:\压裂窜扰项目\02 规范化\泸203H64\泸203H64 邻井压力监测\泸203H64平台压裂期间l泸203H75平台压力、液、气监测表.xlsx,11.5 ,60.0,25.0,已提取,4个通道
E:\压裂窜扰项目\02 规范化\泸203H64\泸203H64 邻井压力监测\泸203H64平台压裂期间l泸203H75平台压力、液、气监测表.xlsx,11.6,60.0,25.0,已提取,4个通道
E:\压裂窜扰项目\02 规范化\泸203H64\泸203H64 邻井压力监测\泸203H64平台压裂期间l泸203H75平台压力、液、气监测表.xlsx,11.6 (2),60.0,25.0,已提取,4个通道
E:\压裂窜扰项目\02 规范化\泸203H64\泸203H64 邻井压力监测\泸203H64平台压裂期间l泸203H75平台压力、液、气监测表.xlsx,11.7,60.0,25.0,已提取,4个通道
E:\压裂窜扰项目\02 规范化\泸203H64\泸203H64 邻井压力监测\泸203H64平台压裂期间l泸203H75平台压力、液、气监测表.xlsx,Sheet1 (2),0.0,0.0,无可用序列,空表或有效行列过少
E:\压裂窜扰项目\02 规范化\泸203H64\泸203H64 邻井压力监测\泸203H64平台压裂期间l泸203H75平台压力、液、气监测表.xlsx,Sheet1,0.0,0.0,无可用序列,空表或有效行列过少
E:\压裂窜扰项目\02 规范化\泸203H64\泸203H64 邻井压力监测\泸203H64平台压裂期间泸203H58平台邻井压力、液、气监测表 - 10.29(1).xlsx,1.邻井压力监测表,36.0,37.0,已提取,7个通道
E:\压裂窜扰项目\02 规范化\泸203H64\泸203H64 邻井压力监测\邻井压力上涨数据_1井施工期间_75平台_11.13.2.xlsx,Sheet1,72.0,25.0,已提取,4个通道
E:\压裂窜扰项目\02 规范化\泸203H64\泸203H64 邻井压力监测\邻井压力上涨数据_1井施工期间_75平台_11.14.2.xlsx,Sheet1,72.0,25.0,已提取,4个通道
E:\压裂窜扰项目\02 规范化\泸203H64\泸203H64 邻井压力监测\邻井压力上涨数据_1井施工期间_75平台_11.14.xlsx,Sheet1,72.0,25.0,已提取,4个通道
E:\压裂窜扰项目\02 规范化\泸203H64\泸203H64 邻井压力监测\邻井压力上涨数据_1井施工期间_75平台_2022.11.13.xlsx,Sheet1,72.0,25.0,已提取,4个通道
E:\压裂窜扰项目\02 规范化\泸203H64\泸203H64 邻井压力监测\邻井压力上涨数据_2井施工期间_2井压窜邻井压力上涨液量.xls,Sheet1,0.0,0.0,无可用序列,空表或有效行列过少
E:\压裂窜扰项目\02 规范化\泸203H64\泸203H64 邻井压力监测\邻井压力上涨数据_2井施工期间_2井压窜邻井压力上涨液量.xls,Sheet2,0.0,0.0,无可用序列,空表或有效行列过少
E:\压裂窜扰项目\02 规范化\泸203H64\泸203H64 邻井压力监测\邻井压力上涨数据_2井施工期间_2井压窜邻井压力上涨液量.xls,Sheet3,0.0,0.0,无可用序列,空表或有效行列过少
E:\压裂窜扰项目\02 规范化\泸203H64\泸203H64 邻井压力监测\邻井压力上涨数据_3井施工期间_第10段_液体暂堵过程记录.xlsx,泸203H64    3井  第10 级 压裂施工60,258.0,13.0,未提取压力通道,0个通道
E:\压裂窜扰项目\02 规范化\泸203H66\泸203H66 邻井压力监测\泸203H66平台-1井-13段压裂施工-1、3、4井分点压力监测.xls,Sheet1,189.0,5.0,已提取,3个通道
E:\压裂窜扰项目\02 规范化\泸203H66\泸203H66 邻井压力监测\泸203H66平台-1井-13段压裂施工-1、3、4井分点压力监测.xls,Sheet2,0.0,0.0,无可用序列,空表或有效行列过少
E:\压裂窜扰项目\02 规范化\泸203H66\泸203H66 邻井压力监测\泸203H66平台-1井-13段压裂施工-1、3、4井分点压力监测.xls,Sheet3,0.0,0.0,无可用序列,空表或有效行列过少
E:\压裂窜扰项目\02 规范化\泸203H66\泸203H66 邻井压力监测\泸203H66平台-1井-13段压裂施工-1、3、4井秒点压力监测.xls,Sheet1,11222.0,5.0,已提取,3个通道
E:\压裂窜扰项目\02 规范化\泸203H66\泸203H66 邻井压力监测\泸203H66平台-1井-13段压裂施工-1、3、4井秒点压力监测.xls,Sheet2,0.0,0.0,无可用序列,空表或有效行列过少
E:\压裂窜扰项目\02 规范化\泸203H66\泸203H66 邻井压力监测\泸203H66平台-1井-13段压裂施工-1、3、4井秒点压力监测.xls,Sheet3,0.0,0.0,无可用序列,空表或有效行列过少
E:\压裂窜扰项目\02 规范化\泸203H66\泸203H66 邻井压力监测\泸203H66平台-1井-13段压裂施工-1井秒点压力监测-2.xls,Sheet1,362.0,3.0,已提取,1个通道
E:\压裂窜扰项目\02 规范化\泸203H66\泸203H66 邻井压力监测\泸203H66平台-1井-13段压裂施工-1井秒点压力监测-2.xls,Sheet2,0.0,0.0,无可用序列,空表或有效行列过少
E:\压裂窜扰项目\02 规范化\泸203H66\泸203H66 邻井压力监测\泸203H66平台-1井-13段压裂施工-1井秒点压力监测-2.xls,Sheet3,0.0,0.0,无可用序列,空表或有效行列过少
E:\压裂窜扰项目\02 规范化\泸203H66\泸203H66 邻井压力监测\泸203H66平台-1井-13段压裂施工-1井秒点压力监测-3.xls,Sheet1,21602.0,3.0,已提取,1个通道
E:\压裂窜扰项目\02 规范化\泸203H66\泸203H66 邻井压力监测\泸203H66平台-1井-13段压裂施工-1井秒点压力监测-3.xls,Sheet2,0.0,0.0,无可用序列,空表或有效行列过少
E:\压裂窜扰项目\02 规范化\泸203H66\泸203H66 邻井压力监测\泸203H66平台-1井-13段压裂施工-1井秒点压力监测-3.xls,Sheet3,0.0,0.0,无可用序列,空表或有效行列过少
E:\压裂窜扰项目\02 规范化\泸203H66\泸203H66 邻井压力监测\泸203H66平台-1井-13段压裂施工-1井秒点压力监测-4.xls,Sheet1,362.0,3.0,已提取,1个通道
E:\压裂窜扰项目\02 规范化\泸203H66\泸203H66 邻井压力监测\泸203H66平台-1井-13段压裂施工-1井秒点压力监测-4.xls,Sheet2,0.0,0.0,无可用序列,空表或有效行列过少
E:\压裂窜扰项目\02 规范化\泸203H66\泸203H66 邻井压力监测\泸203H66平台-1井-13段压裂施工-1井秒点压力监测-4.xls,Sheet3,0.0,0.0,无可用序列,空表或有效行列过少
E:\压裂窜扰项目\02 规范化\泸203H66\泸203H66 邻井压力监测\泸203H66平台-1井-13段压裂施工-1井秒点压力监测-5.xls,Sheet1,21602.0,3.0,已提取,1个通道
E:\压裂窜扰项目\02 规范化\泸203H66\泸203H66 邻井压力监测\泸203H66平台-1井-13段压裂施工-1井秒点压力监测-5.xls,Sheet2,0.0,0.0,无可用序列,空表或有效行列过少
E:\压裂窜扰项目\02 规范化\泸203H66\泸203H66 邻井压力监测\泸203H66平台-1井-13段压裂施工-1井秒点压力监测-5.xls,Sheet3,0.0,0.0,无可用序列,空表或有效行列过少
E:\压裂窜扰项目\02 规范化\泸203H66\泸203H66 邻井压力监测\泸203H66平台-1井-13段压裂施工-2井秒点压力监测-2.xls,Sheet1,21602.0,3.0,已提取,1个通道
E:\压裂窜扰项目\02 规范化\泸203H66\泸203H66 邻井压力监测\泸203H66平台-1井-13段压裂施工-2井秒点压力监测-2.xls,Sheet2,0.0,0.0,无可用序列,空表或有效行列过少
E:\压裂窜扰项目\02 规范化\泸203H66\泸203H66 邻井压力监测\泸203H66平台-1井-13段压裂施工-2井秒点压力监测-2.xls,Sheet3,0.0,0.0,无可用序列,空表或有效行列过少
E:\压裂窜扰项目\02 规范化\泸203H66\泸203H66 邻井压力监测\泸203H66平台-1井-13段压裂施工-2井秒点压力监测-3.xls,Sheet1,362.0,3.0,已提取,1个通道
E:\压裂窜扰项目\02 规范化\泸203H66\泸203H66 邻井压力监测\泸203H66平台-1井-13段压裂施工-2井秒点压力监测-3.xls,Sheet2,0.0,0.0,无可用序列,空表或有效行列过少
E:\压裂窜扰项目\02 规范化\泸203H66\泸203H66 邻井压力监测\泸203H66平台-1井-13段压裂施工-2井秒点压力监测-3.xls,Sheet3,0.0,0.0,无可用序列,空表或有效行列过少
E:\压裂窜扰项目\02 规范化\泸203H66\泸203H66 邻井压力监测\泸203H66平台-1井-13段压裂施工-2井秒点压力监测-4.xls,Sheet1,21602.0,3.0,已提取,1个通道
E:\压裂窜扰项目\02 规范化\泸203H66\泸203H66 邻井压力监测\泸203H66平台-1井-13段压裂施工-2井秒点压力监测-4.xls,Sheet2,0.0,0.0,无可用序列,空表或有效行列过少
E:\压裂窜扰项目\02 规范化\泸203H66\泸203H66 邻井压力监测\泸203H66平台-1井-13段压裂施工-2井秒点压力监测-4.xls,Sheet3,0.0,0.0,无可用序列,空表或有效行列过少
E:\压裂窜扰项目\02 规范化\泸203H66\泸203H66 邻井压力监测\泸203H66平台-1井-13段压裂施工-2井秒点压力监测.xls,Sheet1,362.0,3.0,已提取,1个通道
E:\压裂窜扰项目\02 规范化\泸203H66\泸203H66 邻井压力监测\泸203H66平台-1井-13段压裂施工-2井秒点压力监测.xls,Sheet2,0.0,0.0,无可用序列,空表或有效行列过少
E:\压裂窜扰项目\02 规范化\泸203H66\泸203H66 邻井压力监测\泸203H66平台-1井-13段压裂施工-2井秒点压力监测.xls,Sheet3,0.0,0.0,无可用序列,空表或有效行列过少
E:\压裂窜扰项目\02 规范化\泸203H66\泸203H66 邻井压力监测\泸203H66平台-1井-13段压裂施工-3井秒点压力监测-2.xls,Sheet1,21602.0,3.0,已提取,1个通道
E:\压裂窜扰项目\02 规范化\泸203H66\泸203H66 邻井压力监测\泸203H66平台-1井-13段压裂施工-3井秒点压力监测-2.xls,Sheet2,0.0,0.0,无可用序列,空表或有效行列过少
E:\压裂窜扰项目\02 规范化\泸203H66\泸203H66 邻井压力监测\泸203H66平台-1井-13段压裂施工-3井秒点压力监测-2.xls,Sheet3,0.0,0.0,无可用序列,空表或有效行列过少
E:\压裂窜扰项目\02 规范化\泸203H66\泸203H66 邻井压力监测\泸203H66平台-1井-13段压裂施工-3井秒点压力监测-3.xls,Sheet1,362.0,5.0,已提取,1个通道
E:\压裂窜扰项目\02 规范化\泸203H66\泸203H66 邻井压力监测\泸203H66平台-1井-13段压裂施工-3井秒点压力监测-3.xls,Sheet2,0.0,0.0,无可用序列,空表或有效行列过少
E:\压裂窜扰项目\02 规范化\泸203H66\泸203H66 邻井压力监测\泸203H66平台-1井-13段压裂施工-3井秒点压力监测-3.xls,Sheet3,0.0,0.0,无可用序列,空表或有效行列过少
E:\压裂窜扰项目\02 规范化\泸203H66\泸203H66 邻井压力监测\泸203H66平台-1井-13段压裂施工-3井秒点压力监测-4.xls,Sheet1,21602.0,5.0,已提取,1个通道
E:\压裂窜扰项目\02 规范化\泸203H66\泸203H66 邻井压力监测\泸203H66平台-1井-13段压裂施工-3井秒点压力监测-4.xls,Sheet2,0.0,0.0,无可用序列,空表或有效行列过少
E:\压裂窜扰项目\02 规范化\泸203H66\泸203H66 邻井压力监测\泸203H66平台-1井-13段压裂施工-3井秒点压力监测-4.xls,Sheet3,0.0,0.0,无可用序列,空表或有效行列过少
E:\压裂窜扰项目\02 规范化\泸203H66\泸203H66 邻井压力监测\泸203H66平台-1井-13段压裂施工-3井秒点压力监测.xls,Sheet1,362.0,3.0,已提取,1个通道
E:\压裂窜扰项目\02 规范化\泸203H66\泸203H66 邻井压力监测\泸203H66平台-1井-13段压裂施工-3井秒点压力监测.xls,Sheet2,0.0,0.0,无可用序列,空表或有效行列过少
E:\压裂窜扰项目\02 规范化\泸203H66\泸203H66 邻井压力监测\泸203H66平台-1井-13段压裂施工-3井秒点压力监测.xls,Sheet3,0.0,0.0,无可用序列,空表或有效行列过少
E:\压裂窜扰项目\02 规范化\泸203H66\泸203H66 邻井压力监测\泸203H66平台-1井-14段压裂施工-1、2、4井分点压力监测.xls,Sheet1,96.0,5.0,已提取,3个通道
E:\压裂窜扰项目\02 规范化\泸203H66\泸203H66 邻井压力监测\泸203H66平台-1井-14段压裂施工-1、2、4井分点压力监测.xls,Sheet2,0.0,0.0,无可用序列,空表或有效行列过少
E:\压裂窜扰项目\02 规范化\泸203H66\泸203H66 邻井压力监测\泸203H66平台-1井-14段压裂施工-1、2、4井分点压力监测.xls,Sheet3,0.0,0.0,无可用序列,空表或有效行列过少
E:\压裂窜扰项目\02 规范化\泸203H66\泸203H66 邻井压力监测\泸203H66平台-1井-14段压裂施工-1、2、4井秒点压力监测.xls,Sheet1,5642.0,5.0,已提取,3个通道
E:\压裂窜扰项目\02 规范化\泸203H66\泸203H66 邻井压力监测\泸203H66平台-1井-14段压裂施工-1、2、4井秒点压力监测.xls,Sheet2,0.0,0.0,无可用序列,空表或有效行列过少
E:\压裂窜扰项目\02 规范化\泸203H66\泸203H66 邻井压力监测\泸203H66平台-1井-14段压裂施工-1、2、4井秒点压力监测.xls,Sheet3,0.0,0.0,无可用序列,空表或有效行列过少
E:\压裂窜扰项目\02 规范化\泸203H66\泸203H66 邻井压力监测\泸203H66平台-1井-15段压裂施工-2井分点压力监测.xls,Sheet1,120.0,3.0,已提取,1个通道
E:\压裂窜扰项目\02 规范化\泸203H66\泸203H66 邻井压力监测\泸203H66平台-1井-15段压裂施工-2井分点压力监测.xls,Sheet2,0.0,0.0,无可用序列,空表或有效行列过少
E:\压裂窜扰项目\02 规范化\泸203H66\泸203H66 邻井压力监测\泸203H66平台-1井-15段压裂施工-2井分点压力监测.xls,Sheet3,0.0,0.0,无可用序列,空表或有效行列过少
E:\压裂窜扰项目\02 规范化\泸203H66\泸203H66 邻井压力监测\泸203H66平台-1井-15段压裂施工-2井秒点压力监测.xls,Sheet1,7082.0,3.0,已提取,1个通道
E:\压裂窜扰项目\02 规范化\泸203H66\泸203H66 邻井压力监测\泸203H66平台-1井-15段压裂施工-2井秒点压力监测.xls,Sheet2,0.0,0.0,无可用序列,空表或有效行列过少
E:\压裂窜扰项目\02 规范化\泸203H66\泸203H66 邻井压力监测\泸203H66平台-1井-15段压裂施工-2井秒点压力监测.xls,Sheet3,0.0,0.0,无可用序列,空表或有效行列过少
E:\压裂窜扰项目\02 规范化\泸203H66\泸203H66 邻井压力监测\泸203H66平台-1井-16段压裂施工-2、3井分点压力监测.xls,Sheet1,162.0,4.0,已提取,2个通道
E:\压裂窜扰项目\02 规范化\泸203H66\泸203H66 邻井压力监测\泸203H66平台-1井-16段压裂施工-2、3井分点压力监测.xls,Sheet2,0.0,0.0,无可用序列,空表或有效行列过少
E:\压裂窜扰项目\02 规范化\泸203H66\泸203H66 邻井压力监测\泸203H66平台-1井-16段压裂施工-2、3井分点压力监测.xls,Sheet3,0.0,0.0,无可用序列,空表或有效行列过少
E:\压裂窜扰项目\02 规范化\泸203H66\泸203H66 邻井压力监测\泸203H66平台-1井-16段压裂施工-2、3井秒点压力监测.xls,Sheet1,9602.0,4.0,已提取,2个通道
E:\压裂窜扰项目\02 规范化\泸203H66\泸203H66 邻井压力监测\泸203H66平台-1井-16段压裂施工-2、3井秒点压力监测.xls,Sheet2,0.0,0.0,无可用序列,空表或有效行列过少
E:\压裂窜扰项目\02 规范化\泸203H66\泸203H66 邻井压力监测\泸203H66平台-1井-16段压裂施工-2、3井秒点压力监测.xls,Sheet3,0.0,0.0,无可用序列,空表或有效行列过少
E:\压裂窜扰项目\02 规范化\泸203H66\泸203H66 邻井压力监测\泸203H66平台-1井-17段压裂施工-1、2、3、4井分点压力监测.xls,Sheet1,121.0,6.0,已提取,4个通道
E:\压裂窜扰项目\02 规范化\泸203H66\泸203H66 邻井压力监测\泸203H66平台-1井-17段压裂施工-1、2、3、4井分点压力监测.xls,Sheet2,0.0,0.0,无可用序列,空表或有效行列过少
E:\压裂窜扰项目\02 规范化\泸203H66\泸203H66 邻井压力监测\泸203H66平台-1井-17段压裂施工-1、2、3、4井分点压力监测.xls,Sheet3,0.0,0.0,无可用序列,空表或有效行列过少
E:\压裂窜扰项目\02 规范化\泸203H66\泸203H66 邻井压力监测\泸203H66平台-1井-17段压裂施工-1、2、3、4井秒点压力监测.xls,Sheet1,7142.0,6.0,已提取,4个通道
E:\压裂窜扰项目\02 规范化\泸203H66\泸203H66 邻井压力监测\泸203H66平台-1井-17段压裂施工-1、2、3、4井秒点压力监测.xls,Sheet2,0.0,0.0,无可用序列,空表或有效行列过少
E:\压裂窜扰项目\02 规范化\泸203H66\泸203H66 邻井压力监测\泸203H66平台-1井-17段压裂施工-1、2、3、4井秒点压力监测.xls,Sheet3,0.0,0.0,无可用序列,空表或有效行列过少
E:\压裂窜扰项目\02 规范化\泸203H66\泸203H66 邻井压力监测\泸203H66平台-1井-17段压裂施工-2、3井分点压力监测.xls,Sheet1,149.0,4.0,已提取,2个通道
E:\压裂窜扰项目\02 规范化\泸203H66\泸203H66 邻井压力监测\泸203H66平台-1井-17段压裂施工-2、3井分点压力监测.xls,Sheet2,0.0,0.0,无可用序列,空表或有效行列过少
E:\压裂窜扰项目\02 规范化\泸203H66\泸203H66 邻井压力监测\泸203H66平台-1井-17段压裂施工-2、3井分点压力监测.xls,Sheet3,0.0,0.0,无可用序列,空表或有效行列过少
E:\压裂窜扰项目\02 规范化\泸203H66\泸203H66 邻井压力监测\泸203H66平台-1井-17段压裂施工-2、3井秒点压力监测.xls,Sheet1,8822.0,4.0,已提取,2个通道
E:\压裂窜扰项目\02 规范化\泸203H66\泸203H66 邻井压力监测\泸203H66平台-1井-17段压裂施工-2、3井秒点压力监测.xls,Sheet2,0.0,0.0,无可用序列,空表或有效行列过少
E:\压裂窜扰项目\02 规范化\泸203H66\泸203H66 邻井压力监测\泸203H66平台-1井-17段压裂施工-2、3井秒点压力监测.xls,Sheet3,0.0,0.0,无可用序列,空表或有效行列过少
E:\压裂窜扰项目\02 规范化\泸203H66\泸203H66 邻井压力监测\泸203H66平台-1井-18段压裂施工-1、2、3、4井分点压力监测.xls,Sheet1,180.0,6.0,已提取,4个通道
E:\压裂窜扰项目\02 规范化\泸203H66\泸203H66 邻井压力监测\泸203H66平台-1井-18段压裂施工-1、2、3、4井分点压力监测.xls,Sheet2,0.0,0.0,无可用序列,空表或有效行列过少
E:\压裂窜扰项目\02 规范化\泸203H66\泸203H66 邻井压力监测\泸203H66平台-1井-18段压裂施工-1、2、3、4井分点压力监测.xls,Sheet3,0.0,0.0,无可用序列,空表或有效行列过少
E:\压裂窜扰项目\02 规范化\泸203H66\泸203H66 邻井压力监测\泸203H66平台-1井-18段压裂施工-1、2、3、4井秒点压力监测.xls,Sheet1,10682.0,6.0,已提取,4个通道
E:\压裂窜扰项目\02 规范化\泸203H66\泸203H66 邻井压力监测\泸203H66平台-1井-18段压裂施工-1、2、3、4井秒点压力监测.xls,Sheet2,0.0,0.0,无可用序列,空表或有效行列过少
E:\压裂窜扰项目\02 规范化\泸203H66\泸203H66 邻井压力监测\泸203H66平台-1井-18段压裂施工-1、2、3、4井秒点压力监测.xls,Sheet3,0.0,0.0,无可用序列,空表或有效行列过少
E:\压裂窜扰项目\02 规范化\泸203H66\泸203H66 邻井压力监测\泸203H66平台-1井-18段压裂施工-2、3井分点压力监测.xls,Sheet1,162.0,4.0,已提取,2个通道
E:\压裂窜扰项目\02 规范化\泸203H66\泸203H66 邻井压力监测\泸203H66平台-1井-18段压裂施工-2、3井分点压力监测.xls,Sheet2,0.0,0.0,无可用序列,空表或有效行列过少
E:\压裂窜扰项目\02 规范化\泸203H66\泸203H66 邻井压力监测\泸203H66平台-1井-18段压裂施工-2、3井分点压力监测.xls,Sheet3,0.0,0.0,无可用序列,空表或有效行列过少
E:\压裂窜扰项目\02 规范化\泸203H66\泸203H66 邻井压力监测\泸203H66平台-1井-18段压裂施工-2、3井秒点压力监测.xls,Sheet1,9602.0,4.0,已提取,2个通道
E:\压裂窜扰项目\02 规范化\泸203H66\泸203H66 邻井压力监测\泸203H66平台-1井-18段压裂施工-2、3井秒点压力监测.xls,Sheet2,0.0,0.0,无可用序列,空表或有效行列过少
E:\压裂窜扰项目\02 规范化\泸203H66\泸203H66 邻井压力监测\泸203H66平台-1井-18段压裂施工-2、3井秒点压力监测.xls,Sheet3,0.0,0.0,无可用序列,空表或有效行列过少
E:\压裂窜扰项目\02 规范化\泸203H66\泸203H66 邻井压力监测\泸203H66平台-1井-19段压裂施工-2、3井分点压力监测.xls,Sheet1,167.0,4.0,已提取,2个通道
E:\压裂窜扰项目\02 规范化\泸203H66\泸203H66 邻井压力监测\泸203H66平台-1井-19段压裂施工-2、3井分点压力监测.xls,Sheet2,0.0,0.0,无可用序列,空表或有效行列过少
E:\压裂窜扰项目\02 规范化\泸203H66\泸203H66 邻井压力监测\泸203H66平台-1井-19段压裂施工-2、3井分点压力监测.xls,Sheet3,0.0,0.0,无可用序列,空表或有效行列过少
E:\压裂窜扰项目\02 规范化\泸203H66\泸203H66 邻井压力监测\泸203H66平台-1井-19段压裂施工-邻井待核实秒点压力监测.xls,Sheet1,9902.0,4.0,已提取,2个通道
E:\压裂窜扰项目\02 规范化\泸203H66\泸203H66 邻井压力监测\泸203H66平台-1井-19段压裂施工-邻井待核实秒点压力监测.xls,Sheet2,0.0,0.0,无可用序列,空表或有效行列过少
E:\压裂窜扰项目\02 规范化\泸203H66\泸203H66 邻井压力监测\泸203H66平台-1井-19段压裂施工-邻井待核实秒点压力监测.xls,Sheet3,0.0,0.0,无可用序列,空表或有效行列过少
E:\压裂窜扰项目\02 规范化\泸203H66\泸203H66 邻井压力监测\泸203H66平台-1井-20段压裂施工-2、3井分点压力监测.xls,Sheet1,197.0,4.0,已提取,2个通道
E:\压裂窜扰项目\02 规范化\泸203H66\泸203H66 邻井压力监测\泸203H66平台-1井-20段压裂施工-2、3井分点压力监测.xls,Sheet2,0.0,0.0,无可用序列,空表或有效行列过少
E:\压裂窜扰项目\02 规范化\泸203H66\泸203H66 邻井压力监测\泸203H66平台-1井-20段压裂施工-2、3井分点压力监测.xls,Sheet3,0.0,0.0,无可用序列,空表或有效行列过少
E:\压裂窜扰项目\02 规范化\泸203H66\泸203H66 邻井压力监测\泸203H66平台-1井-20段压裂施工-2、3井秒点压力监测.xls,Sheet1,11702.0,4.0,已提取,2个通道
E:\压裂窜扰项目\02 规范化\泸203H66\泸203H66 邻井压力监测\泸203H66平台-1井-20段压裂施工-2、3井秒点压力监测.xls,Sheet2,0.0,0.0,无可用序列,空表或有效行列过少
E:\压裂窜扰项目\02 规范化\泸203H66\泸203H66 邻井压力监测\泸203H66平台-1井-20段压裂施工-2、3井秒点压力监测.xls,Sheet3,0.0,0.0,无可用序列,空表或有效行列过少
E:\压裂窜扰项目\02 规范化\泸203H66\泸203H66 邻井压力监测\泸203H66平台-1井-5段压裂施工-4井秒点压力监测.xls,历史数据,9602.0,3.0,已提取,1个通道
E:\压裂窜扰项目\02 规范化\泸203H66\泸203H66 邻井压力监测\泸203H66平台-1井-7段压裂施工-2、3井秒点压力监测-2.xls,Sheet1,10802.0,4.0,已提取,2个通道
E:\压裂窜扰项目\02 规范化\泸203H66\泸203H66 邻井压力监测\泸203H66平台-1井-7段压裂施工-2、3井秒点压力监测-2.xls,Sheet2,0.0,0.0,无可用序列,空表或有效行列过少
E:\压裂窜扰项目\02 规范化\泸203H66\泸203H66 邻井压力监测\泸203H66平台-1井-7段压裂施工-2、3井秒点压力监测-2.xls,Sheet3,0.0,0.0,无可用序列,空表或有效行列过少
E:\压裂窜扰项目\02 规范化\泸203H66\泸203H66 邻井压力监测\泸203H66平台-1井-7段压裂施工-2、3井秒点压力监测.xls,Sheet1,10202.0,4.0,已提取,2个通道
E:\压裂窜扰项目\02 规范化\泸203H66\泸203H66 邻井压力监测\泸203H66平台-1井-7段压裂施工-2、3井秒点压力监测.xls,Sheet2,0.0,0.0,无可用序列,空表或有效行列过少
E:\压裂窜扰项目\02 规范化\泸203H66\泸203H66 邻井压力监测\泸203H66平台-1井-7段压裂施工-2、3井秒点压力监测.xls,Sheet3,0.0,0.0,无可用序列,空表或有效行列过少
E:\压裂窜扰项目\02 规范化\泸203H66\泸203H66 邻井压力监测\泸203H66平台-1井-7段压裂施工-4井分点压力监测.xls,历史数据,212.0,3.0,已提取,1个通道
E:\压裂窜扰项目\02 规范化\泸203H66\泸203H66 邻井压力监测\泸203H66平台-1井-7段压裂施工-4井压力监测.xls,Sheet1,195.0,2.0,已提取,1个通道
E:\压裂窜扰项目\02 规范化\泸203H66\泸203H66 邻井压力监测\泸203H66平台-1井-7段压裂施工-4井压力监测.xls,Sheet2,0.0,0.0,无可用序列,空表或有效行列过少
E:\压裂窜扰项目\02 规范化\泸203H66\泸203H66 邻井压力监测\泸203H66平台-1井-7段压裂施工-4井压力监测.xls,Sheet3,0.0,0.0,无可用序列,空表或有效行列过少
E:\压裂窜扰项目\02 规范化\泸203H66\泸203H66 邻井压力监测\泸203H66平台-1井-7段压裂施工-4井秒点压力监测.xls,历史数据,12602.0,3.0,已提取,1个通道
E:\压裂窜扰项目\02 规范化\泸203H66\泸203H66 邻井压力监测\泸203H66平台-1井-8段压裂施工-2、3井分点压力监测.xls,Sheet1,162.0,4.0,已提取,2个通道
E:\压裂窜扰项目\02 规范化\泸203H66\泸203H66 邻井压力监测\泸203H66平台-1井-8段压裂施工-2、3井分点压力监测.xls,Sheet2,0.0,0.0,无可用序列,空表或有效行列过少
E:\压裂窜扰项目\02 规范化\泸203H66\泸203H66 邻井压力监测\泸203H66平台-1井-8段压裂施工-2、3井分点压力监测.xls,Sheet3,0.0,0.0,无可用序列,空表或有效行列过少
E:\压裂窜扰项目\02 规范化\泸203H66\泸203H66 邻井压力监测\泸203H66平台-1井-8段压裂施工-2井秒点压力监测.xls,Sheet1,9602.0,3.0,已提取,1个通道
E:\压裂窜扰项目\02 规范化\泸203H66\泸203H66 邻井压力监测\泸203H66平台-1井-8段压裂施工-2井秒点压力监测.xls,Sheet2,0.0,0.0,无可用序列,空表或有效行列过少
E:\压裂窜扰项目\02 规范化\泸203H66\泸203H66 邻井压力监测\泸203H66平台-1井-8段压裂施工-2井秒点压力监测.xls,Sheet3,0.0,0.0,无可用序列,空表或有效行列过少
E:\压裂窜扰项目\02 规范化\泸203H66\泸203H66 邻井压力监测\泸203H66平台-1井-8段压裂施工-3、4井分点压力监测-2.xls,历史数据,177.0,4.0,已提取,2个通道
E:\压裂窜扰项目\02 规范化\泸203H66\泸203H66 邻井压力监测\泸203H66平台-1井-8段压裂施工-3、4井分点压力监测.xls,历史数据,177.0,4.0,已提取,2个通道
E:\压裂窜扰项目\02 规范化\泸203H66\泸203H66 邻井压力监测\泸203H66平台-1井-8段压裂施工-3、4井秒点压力监测.xls,历史数据,10502.0,4.0,已提取,2个通道
E:\压裂窜扰项目\02 规范化\泸203H66\泸203H66 邻井压力监测\泸203H66平台-1井-段号待核实压裂施工-2、3井分点压力监测.xls,Sheet1,182.0,4.0,已提取,2个通道
E:\压裂窜扰项目\02 规范化\泸203H66\泸203H66 邻井压力监测\泸203H66平台-1井-段号待核实压裂施工-2、3井分点压力监测.xls,Sheet2,0.0,0.0,无可用序列,空表或有效行列过少
E:\压裂窜扰项目\02 规范化\泸203H66\泸203H66 邻井压力监测\泸203H66平台-1井-段号待核实压裂施工-2、3井分点压力监测.xls,Sheet3,0.0,0.0,无可用序列,空表或有效行列过少
E:\压裂窜扰项目\02 规范化\泸203H66\泸203H66 邻井压力监测\泸203H66平台-1井-段号待核实压裂施工-2井分点压力监测.xls,Sheet1,231.0,3.0,已提取,1个通道
E:\压裂窜扰项目\02 规范化\泸203H66\泸203H66 邻井压力监测\泸203H66平台-1井-段号待核实压裂施工-2井分点压力监测.xls,Sheet2,0.0,0.0,无可用序列,空表或有效行列过少
E:\压裂窜扰项目\02 规范化\泸203H66\泸203H66 邻井压力监测\泸203H66平台-1井-段号待核实压裂施工-2井分点压力监测.xls,Sheet3,0.0,0.0,无可用序列,空表或有效行列过少
E:\压裂窜扰项目\02 规范化\泸203H66\泸203H66 邻井压力监测\泸203H66平台-1井-段号待核实压裂施工-2井秒点压力监测-2.xls,Sheet1,13742.0,3.0,已提取,1个通道
E:\压裂窜扰项目\02 规范化\泸203H66\泸203H66 邻井压力监测\泸203H66平台-1井-段号待核实压裂施工-2井秒点压力监测-2.xls,Sheet2,0.0,0.0,无可用序列,空表或有效行列过少
E:\压裂窜扰项目\02 规范化\泸203H66\泸203H66 邻井压力监测\泸203H66平台-1井-段号待核实压裂施工-2井秒点压力监测-2.xls,Sheet3,0.0,0.0,无可用序列,空表或有效行列过少
E:\压裂窜扰项目\02 规范化\泸203H66\泸203H66 邻井压力监测\泸203H66平台-1井-段号待核实压裂施工-2井秒点压力监测-3.xls,Sheet1,231.0,3.0,已提取,1个通道
E:\压裂窜扰项目\02 规范化\泸203H66\泸203H66 邻井压力监测\泸203H66平台-1井-段号待核实压裂施工-2井秒点压力监测-3.xls,Sheet2,0.0,0.0,无可用序列,空表或有效行列过少
E:\压裂窜扰项目\02 规范化\泸203H66\泸203H66 邻井压力监测\泸203H66平台-1井-段号待核实压裂施工-2井秒点压力监测-3.xls,Sheet3,0.0,0.0,无可用序列,空表或有效行列过少
E:\压裂窜扰项目\02 规范化\泸203H66\泸203H66 邻井压力监测\泸203H66平台-1井-段号待核实压裂施工-2井秒点压力监测.xls,Sheet1,231.0,3.0,已提取,1个通道
E:\压裂窜扰项目\02 规范化\泸203H66\泸203H66 邻井压力监测\泸203H66平台-1井-段号待核实压裂施工-2井秒点压力监测.xls,Sheet2,0.0,0.0,无可用序列,空表或有效行列过少
E:\压裂窜扰项目\02 规范化\泸203H66\泸203H66 邻井压力监测\泸203H66平台-1井-段号待核实压裂施工-2井秒点压力监测.xls,Sheet3,0.0,0.0,无可用序列,空表或有效行列过少
E:\压裂窜扰项目\02 规范化\泸203H66\泸203H66 邻井压力监测\泸203H66平台-1井-段号待核实压裂施工-3井分点压力监测.xls,Sheet1,231.0,3.0,已提取,1个通道
E:\压裂窜扰项目\02 规范化\泸203H66\泸203H66 邻井压力监测\泸203H66平台-1井-段号待核实压裂施工-3井分点压力监测.xls,Sheet2,0.0,0.0,无可用序列,空表或有效行列过少
E:\压裂窜扰项目\02 规范化\泸203H66\泸203H66 邻井压力监测\泸203H66平台-1井-段号待核实压裂施工-3井分点压力监测.xls,Sheet3,0.0,0.0,无可用序列,空表或有效行列过少
E:\压裂窜扰项目\02 规范化\泸203H66\泸203H66 邻井压力监测\泸203H66平台-1井-段号待核实压裂施工-3井秒点压力监测-2.xls,Sheet1,13742.0,3.0,已提取,1个通道
E:\压裂窜扰项目\02 规范化\泸203H66\泸203H66 邻井压力监测\泸203H66平台-1井-段号待核实压裂施工-3井秒点压力监测-2.xls,Sheet2,0.0,0.0,无可用序列,空表或有效行列过少
E:\压裂窜扰项目\02 规范化\泸203H66\泸203H66 邻井压力监测\泸203H66平台-1井-段号待核实压裂施工-3井秒点压力监测-2.xls,Sheet3,0.0,0.0,无可用序列,空表或有效行列过少
E:\压裂窜扰项目\02 规范化\泸203H66\泸203H66 邻井压力监测\泸203H66平台-1井-段号待核实压裂施工-3井秒点压力监测.xls,Sheet1,231.0,3.0,已提取,1个通道
E:\压裂窜扰项目\02 规范化\泸203H66\泸203H66 邻井压力监测\泸203H66平台-1井-段号待核实压裂施工-3井秒点压力监测.xls,Sheet2,0.0,0.0,无可用序列,空表或有效行列过少
E:\压裂窜扰项目\02 规范化\泸203H66\泸203H66 邻井压力监测\泸203H66平台-1井-段号待核实压裂施工-3井秒点压力监测.xls,Sheet3,0.0,0.0,无可用序列,空表或有效行列过少
E:\压裂窜扰项目\02 规范化\泸203H66\泸203H66 邻井压力监测\泸203H66平台-2井-12段压裂施工-邻井待核实分点压力监测.xls,Sheet1,142.0,3.0,已提取,1个通道
E:\压裂窜扰项目\02 规范化\泸203H66\泸203H66 邻井压力监测\泸203H66平台-2井-12段压裂施工-邻井待核实分点压力监测.xls,Sheet2,0.0,0.0,无可用序列,空表或有效行列过少
E:\压裂窜扰项目\02 规范化\泸203H66\泸203H66 邻井压力监测\泸203H66平台-2井-12段压裂施工-邻井待核实分点压力监测.xls,Sheet3,0.0,0.0,无可用序列,空表或有效行列过少
E:\压裂窜扰项目\02 规范化\泸203H66\泸203H66 邻井压力监测\泸203H66平台-2井-15段压裂施工-邻井待核实分点压力监测.xls,Sheet1,302.0,3.0,未提取压力通道,0个通道
E:\压裂窜扰项目\02 规范化\泸203H66\泸203H66 邻井压力监测\泸203H66平台-2井-15段压裂施工-邻井待核实分点压力监测.xls,Sheet2,0.0,0.0,无可用序列,空表或有效行列过少
E:\压裂窜扰项目\02 规范化\泸203H66\泸203H66 邻井压力监测\泸203H66平台-2井-15段压裂施工-邻井待核实分点压力监测.xls,Sheet3,0.0,0.0,无可用序列,空表或有效行列过少
E:\压裂窜扰项目\02 规范化\泸203H66\泸203H66 邻井压力监测\泸203H66平台-2井-16段压裂施工-1、3井秒点压力监测.xls,Sheet1,214.0,5.0,已提取,2个通道
E:\压裂窜扰项目\02 规范化\泸203H66\泸203H66 邻井压力监测\泸203H66平台-2井-16段压裂施工-1、3井秒点压力监测.xls,Sheet2,0.0,0.0,无可用序列,空表或有效行列过少
E:\压裂窜扰项目\02 规范化\泸203H66\泸203H66 邻井压力监测\泸203H66平台-2井-16段压裂施工-1、3井秒点压力监测.xls,Sheet3,0.0,0.0,无可用序列,空表或有效行列过少
E:\压裂窜扰项目\02 规范化\泸203H66\泸203H66 邻井压力监测\泸203H66平台-2井-16段压裂施工-1井秒点压力监测-2.xls,Sheet1,214.0,3.0,已提取,1个通道
E:\压裂窜扰项目\02 规范化\泸203H66\泸203H66 邻井压力监测\泸203H66平台-2井-16段压裂施工-1井秒点压力监测-2.xls,Sheet2,0.0,0.0,无可用序列,空表或有效行列过少
E:\压裂窜扰项目\02 规范化\泸203H66\泸203H66 邻井压力监测\泸203H66平台-2井-16段压裂施工-1井秒点压力监测-2.xls,Sheet3,0.0,0.0,无可用序列,空表或有效行列过少
E:\压裂窜扰项目\02 规范化\泸203H66\泸203H66 邻井压力监测\泸203H66平台-2井-16段压裂施工-1井秒点压力监测.xls,Sheet1,12722.0,3.0,已提取,1个通道
E:\压裂窜扰项目\02 规范化\泸203H66\泸203H66 邻井压力监测\泸203H66平台-2井-16段压裂施工-1井秒点压力监测.xls,Sheet2,0.0,0.0,无可用序列,空表或有效行列过少
E:\压裂窜扰项目\02 规范化\泸203H66\泸203H66 邻井压力监测\泸203H66平台-2井-16段压裂施工-1井秒点压力监测.xls,Sheet3,0.0,0.0,无可用序列,空表或有效行列过少
E:\压裂窜扰项目\02 规范化\泸203H66\泸203H66 邻井压力监测\泸203H66平台-2井-16段压裂施工-3井秒点压力监测.xls,Sheet1,12722.0,3.0,已提取,1个通道
E:\压裂窜扰项目\02 规范化\泸203H66\泸203H66 邻井压力监测\泸203H66平台-2井-16段压裂施工-3井秒点压力监测.xls,Sheet2,0.0,0.0,无可用序列,空表或有效行列过少
E:\压裂窜扰项目\02 规范化\泸203H66\泸203H66 邻井压力监测\泸203H66平台-2井-16段压裂施工-3井秒点压力监测.xls,Sheet3,0.0,0.0,无可用序列,空表或有效行列过少
E:\压裂窜扰项目\02 规范化\泸203H66\泸203H66 邻井压力监测\泸203H66平台-2井-17段压裂施工-1、2、3、4井分点压力监测.xlsx,Sheet1,185.0,6.0,已提取,4个通道
E:\压裂窜扰项目\02 规范化\泸203H66\泸203H66 邻井压力监测\泸203H66平台-2井-17段压裂施工-1、2、3、4井分点压力监测.xlsx,Sheet2,0.0,0.0,无可用序列,空表或有效行列过少
E:\压裂窜扰项目\02 规范化\泸203H66\泸203H66 邻井压力监测\泸203H66平台-2井-17段压裂施工-1、2、3、4井分点压力监测.xlsx,Sheet3,0.0,0.0,无可用序列,空表或有效行列过少
E:\压裂窜扰项目\02 规范化\泸203H66\泸203H66 邻井压力监测\泸203H66平台-2井-17段压裂施工-1、2、3、4井秒点压力监测.xlsx,Sheet1,10982.0,6.0,已提取,4个通道
E:\压裂窜扰项目\02 规范化\泸203H66\泸203H66 邻井压力监测\泸203H66平台-2井-17段压裂施工-1、2、3、4井秒点压力监测.xlsx,Sheet2,0.0,0.0,无可用序列,空表或有效行列过少
E:\压裂窜扰项目\02 规范化\泸203H66\泸203H66 邻井压力监测\泸203H66平台-2井-17段压裂施工-1、2、3、4井秒点压力监测.xlsx,Sheet3,0.0,0.0,无可用序列,空表或有效行列过少
E:\压裂窜扰项目\02 规范化\泸203H66\泸203H66 邻井压力监测\泸203H66平台-2井-17段压裂施工-1、3井分点压力监测.xls,Sheet1,157.0,4.0,已提取,2个通道
E:\压裂窜扰项目\02 规范化\泸203H66\泸203H66 邻井压力监测\泸203H66平台-2井-17段压裂施工-1、3井分点压力监测.xls,Sheet2,0.0,0.0,无可用序列,空表或有效行列过少
E:\压裂窜扰项目\02 规范化\泸203H66\泸203H66 邻井压力监测\泸203H66平台-2井-17段压裂施工-1、3井分点压力监测.xls,Sheet3,0.0,0.0,无可用序列,空表或有效行列过少
E:\压裂窜扰项目\02 规范化\泸203H66\泸203H66 邻井压力监测\泸203H66平台-2井-18段压裂施工-1、3井分点压力监测.xls,Sheet1,142.0,4.0,已提取,2个通道
E:\压裂窜扰项目\02 规范化\泸203H66\泸203H66 邻井压力监测\泸203H66平台-2井-18段压裂施工-1、3井分点压力监测.xls,Sheet2,0.0,0.0,无可用序列,空表或有效行列过少
E:\压裂窜扰项目\02 规范化\泸203H66\泸203H66 邻井压力监测\泸203H66平台-2井-18段压裂施工-1、3井分点压力监测.xls,Sheet3,0.0,0.0,无可用序列,空表或有效行列过少
E:\压裂窜扰项目\02 规范化\泸203H66\泸203H66 邻井压力监测\泸203H66平台-2井-18段压裂施工-邻井待核实秒点压力监测.xls,Sheet1,4802.0,4.0,已提取,2个通道
E:\压裂窜扰项目\02 规范化\泸203H66\泸203H66 邻井压力监测\泸203H66平台-2井-18段压裂施工-邻井待核实秒点压力监测.xls,Sheet2,0.0,0.0,无可用序列,空表或有效行列过少
E:\压裂窜扰项目\02 规范化\泸203H66\泸203H66 邻井压力监测\泸203H66平台-2井-18段压裂施工-邻井待核实秒点压力监测.xls,Sheet3,0.0,0.0,无可用序列,空表或有效行列过少
E:\压裂窜扰项目\02 规范化\泸203H66\泸203H66 邻井压力监测\泸203H66平台-2井-19段压裂施工-邻井待核实分点压力监测.xls,Sheet1,182.0,3.0,已提取,1个通道
E:\压裂窜扰项目\02 规范化\泸203H66\泸203H66 邻井压力监测\泸203H66平台-2井-19段压裂施工-邻井待核实分点压力监测.xls,Sheet2,0.0,0.0,无可用序列,空表或有效行列过少
E:\压裂窜扰项目\02 规范化\泸203H66\泸203H66 邻井压力监测\泸203H66平台-2井-19段压裂施工-邻井待核实分点压力监测.xls,Sheet3,0.0,0.0,无可用序列,空表或有效行列过少
E:\压裂窜扰项目\02 规范化\泸203H66\泸203H66 邻井压力监测\泸203H66平台-2井-19段压裂施工-邻井待核实秒点压力监测.xls,Sheet1,10802.0,3.0,已提取,1个通道
E:\压裂窜扰项目\02 规范化\泸203H66\泸203H66 邻井压力监测\泸203H66平台-2井-19段压裂施工-邻井待核实秒点压力监测.xls,Sheet2,0.0,0.0,无可用序列,空表或有效行列过少
E:\压裂窜扰项目\02 规范化\泸203H66\泸203H66 邻井压力监测\泸203H66平台-2井-19段压裂施工-邻井待核实秒点压力监测.xls,Sheet3,0.0,0.0,无可用序列,空表或有效行列过少
E:\压裂窜扰项目\02 规范化\泸203H66\泸203H66 邻井压力监测\泸203H66平台-2井-22段压裂施工-1、3井分点压力监测.xls,Sheet1,172.0,4.0,已提取,2个通道
E:\压裂窜扰项目\02 规范化\泸203H66\泸203H66 邻井压力监测\泸203H66平台-2井-22段压裂施工-1、3井分点压力监测.xls,Sheet2,0.0,0.0,无可用序列,空表或有效行列过少
E:\压裂窜扰项目\02 规范化\泸203H66\泸203H66 邻井压力监测\泸203H66平台-2井-22段压裂施工-1、3井分点压力监测.xls,Sheet3,0.0,0.0,无可用序列,空表或有效行列过少
E:\压裂窜扰项目\02 规范化\泸203H66\泸203H66 邻井压力监测\泸203H66平台-2井-22段压裂施工-1、3井秒点压力监测.xls,Sheet1,10202.0,4.0,已提取,2个通道
E:\压裂窜扰项目\02 规范化\泸203H66\泸203H66 邻井压力监测\泸203H66平台-2井-22段压裂施工-1、3井秒点压力监测.xls,Sheet2,0.0,0.0,无可用序列,空表或有效行列过少
E:\压裂窜扰项目\02 规范化\泸203H66\泸203H66 邻井压力监测\泸203H66平台-2井-22段压裂施工-1、3井秒点压力监测.xls,Sheet3,0.0,0.0,无可用序列,空表或有效行列过少
E:\压裂窜扰项目\02 规范化\泸203H66\泸203H66 邻井压力监测\泸203H66平台-2井-23段压裂施工-1、3井分点压力监测.xls,Sheet1,147.0,4.0,已提取,2个通道
E:\压裂窜扰项目\02 规范化\泸203H66\泸203H66 邻井压力监测\泸203H66平台-2井-23段压裂施工-1、3井分点压力监测.xls,Sheet2,0.0,0.0,无可用序列,空表或有效行列过少
E:\压裂窜扰项目\02 规范化\泸203H66\泸203H66 邻井压力监测\泸203H66平台-2井-23段压裂施工-1、3井分点压力监测.xls,Sheet3,0.0,0.0,无可用序列,空表或有效行列过少
E:\压裂窜扰项目\02 规范化\泸203H66\泸203H66 邻井压力监测\泸203H66平台-2井-23段压裂施工-1、3井秒点压力监测.xls,Sheet1,8702.0,4.0,已提取,2个通道
E:\压裂窜扰项目\02 规范化\泸203H66\泸203H66 邻井压力监测\泸203H66平台-2井-23段压裂施工-1、3井秒点压力监测.xls,Sheet2,0.0,0.0,无可用序列,空表或有效行列过少
E:\压裂窜扰项目\02 规范化\泸203H66\泸203H66 邻井压力监测\泸203H66平台-2井-23段压裂施工-1、3井秒点压力监测.xls,Sheet3,0.0,0.0,无可用序列,空表或有效行列过少
E:\压裂窜扰项目\02 规范化\泸203H66\泸203H66 邻井压力监测\泸203H66平台-2井-24段压裂施工-1、3井分点压力监测.xls,Sheet1,287.0,4.0,已提取,2个通道
E:\压裂窜扰项目\02 规范化\泸203H66\泸203H66 邻井压力监测\泸203H66平台-2井-24段压裂施工-1、3井分点压力监测.xls,Sheet2,0.0,0.0,无可用序列,空表或有效行列过少
E:\压裂窜扰项目\02 规范化\泸203H66\泸203H66 邻井压力监测\泸203H66平台-2井-24段压裂施工-1、3井分点压力监测.xls,Sheet3,0.0,0.0,无可用序列,空表或有效行列过少
E:\压裂窜扰项目\02 规范化\泸203H66\泸203H66 邻井压力监测\泸203H66平台-2井-24段压裂施工-1、3井秒点压力监测.xls,Sheet1,17102.0,4.0,已提取,2个通道
E:\压裂窜扰项目\02 规范化\泸203H66\泸203H66 邻井压力监测\泸203H66平台-2井-24段压裂施工-1、3井秒点压力监测.xls,Sheet2,0.0,0.0,无可用序列,空表或有效行列过少
E:\压裂窜扰项目\02 规范化\泸203H66\泸203H66 邻井压力监测\泸203H66平台-2井-24段压裂施工-1、3井秒点压力监测.xls,Sheet3,0.0,0.0,无可用序列,空表或有效行列过少
E:\压裂窜扰项目\02 规范化\泸203H66\泸203H66 邻井压力监测\泸203H66平台-2井-段号待核实压裂施工-1、3井秒点压力监测.xls,Sheet1,9302.0,4.0,已提取,2个通道
E:\压裂窜扰项目\02 规范化\泸203H66\泸203H66 邻井压力监测\泸203H66平台-2井-段号待核实压裂施工-1、3井秒点压力监测.xls,Sheet2,0.0,0.0,无可用序列,空表或有效行列过少
E:\压裂窜扰项目\02 规范化\泸203H66\泸203H66 邻井压力监测\泸203H66平台-2井-段号待核实压裂施工-1、3井秒点压力监测.xls,Sheet3,0.0,0.0,无可用序列,空表或有效行列过少
E:\压裂窜扰项目\02 规范化\泸203H66\泸203H66 邻井压力监测\泸203H66平台-2井-段号待核实压裂施工-邻井待核实分点压力监测.xls,Sheet1,165.0,4.0,已提取,2个通道
E:\压裂窜扰项目\02 规范化\泸203H66\泸203H66 邻井压力监测\泸203H66平台-2井-段号待核实压裂施工-邻井待核实分点压力监测.xls,Sheet2,0.0,0.0,无可用序列,空表或有效行列过少
E:\压裂窜扰项目\02 规范化\泸203H66\泸203H66 邻井压力监测\泸203H66平台-2井-段号待核实压裂施工-邻井待核实分点压力监测.xls,Sheet3,0.0,0.0,无可用序列,空表或有效行列过少
E:\压裂窜扰项目\02 规范化\泸203H66\泸203H66 邻井压力监测\泸203H66平台-2井-段号待核实压裂施工-邻井待核实秒点压力监测-2.xls,Sheet1,9782.0,4.0,已提取,2个通道
E:\压裂窜扰项目\02 规范化\泸203H66\泸203H66 邻井压力监测\泸203H66平台-2井-段号待核实压裂施工-邻井待核实秒点压力监测-2.xls,Sheet2,0.0,0.0,无可用序列,空表或有效行列过少
E:\压裂窜扰项目\02 规范化\泸203H66\泸203H66 邻井压力监测\泸203H66平台-2井-段号待核实压裂施工-邻井待核实秒点压力监测-2.xls,Sheet3,0.0,0.0,无可用序列,空表或有效行列过少
E:\压裂窜扰项目\02 规范化\泸203H66\泸203H66 邻井压力监测\泸203H66平台-2井-段号待核实压裂施工-邻井待核实秒点压力监测.xls,Sheet1,8402.0,3.0,未提取压力通道,0个通道
E:\压裂窜扰项目\02 规范化\泸203H66\泸203H66 邻井压力监测\泸203H66平台-2井-段号待核实压裂施工-邻井待核实秒点压力监测.xls,Sheet2,0.0,0.0,无可用序列,空表或有效行列过少
E:\压裂窜扰项目\02 规范化\泸203H66\泸203H66 邻井压力监测\泸203H66平台-2井-段号待核实压裂施工-邻井待核实秒点压力监测.xls,Sheet3,0.0,0.0,无可用序列,空表或有效行列过少
E:\压裂窜扰项目\02 规范化\泸203H66\泸203H66 邻井压力监测\泸203H66平台-2井-段号待核实压裂施工-邻井待核实综合压力监测-2.xlsx,Sheet1,32401.0,3.0,未提取压力通道,0个通道
E:\压裂窜扰项目\02 规范化\泸203H66\泸203H66 邻井压力监测\泸203H66平台-2井-段号待核实压裂施工-邻井待核实综合压力监测-2.xlsx,Sheet2,0.0,0.0,无可用序列,空表或有效行列过少
E:\压裂窜扰项目\02 规范化\泸203H66\泸203H66 邻井压力监测\泸203H66平台-2井-段号待核实压裂施工-邻井待核实综合压力监测-2.xlsx,Sheet3,0.0,0.0,无可用序列,空表或有效行列过少
E:\压裂窜扰项目\02 规范化\泸203H66\泸203H66 邻井压力监测\泸203H66平台-2井-段号待核实压裂施工-邻井待核实综合压力监测.xlsx,Sheet1,32402.0,3.0,未提取压力通道,0个通道
E:\压裂窜扰项目\02 规范化\泸203H66\泸203H66 邻井压力监测\泸203H66平台-2井-段号待核实压裂施工-邻井待核实综合压力监测.xlsx,Sheet2,0.0,0.0,无可用序列,空表或有效行列过少
E:\压裂窜扰项目\02 规范化\泸203H66\泸203H66 邻井压力监测\泸203H66平台-2井-段号待核实压裂施工-邻井待核实综合压力监测.xlsx,Sheet3,0.0,0.0,无可用序列,空表或有效行列过少
E:\压裂窜扰项目\02 规范化\泸203H66\泸203H66 邻井压力监测\泸203H66平台-3井-11段压裂施工-1、2、4井压力监测.xlsx,StageData,41.0,22.0,未提取压力通道,0个通道
E:\压裂窜扰项目\02 规范化\泸203H66\泸203H66 邻井压力监测\泸203H66平台-3井-11段压裂施工-1、2、4井压力监测.xlsx,Job Curve,0.0,0.0,无可用序列,空表或有效行列过少
E:\压裂窜扰项目\02 规范化\泸203H66\泸203H66 邻井压力监测\泸203H66平台-3井-11段压裂施工-1、2、4井压力监测.xlsx,LogData(min),232.0,9.0,未提取压力通道,0个通道
E:\压裂窜扰项目\02 规范化\泸203H66\泸203H66 邻井压力监测\泸203H66平台-3井-11段压裂施工-1、2、4井压力监测.xlsx,LogData(s),8918.0,9.0,未提取压力通道,0个通道
E:\压裂窜扰项目\02 规范化\泸203H66\泸203H66 邻井压力监测\泸203H66平台-3井-11段压裂施工-1、2、4井压力监测.xlsx,邻井和施工曲线图,165.0,15.0,已提取,3个通道
E:\压裂窜扰项目\02 规范化\泸203H66\泸203H66 邻井压力监测\泸203H66平台-3井-11段压裂施工-1、2井分点压力监测.xlsx,Sheet1,148.0,4.0,已提取,2个通道
E:\压裂窜扰项目\02 规范化\泸203H66\泸203H66 邻井压力监测\泸203H66平台-3井-11段压裂施工-1、2井分点压力监测.xlsx,Sheet2,0.0,0.0,无可用序列,空表或有效行列过少
E:\压裂窜扰项目\02 规范化\泸203H66\泸203H66 邻井压力监测\泸203H66平台-3井-11段压裂施工-1、2井分点压力监测.xlsx,Sheet3,0.0,0.0,无可用序列,空表或有效行列过少
E:\压裂窜扰项目\02 规范化\泸203H66\泸203H66 邻井压力监测\泸203H66平台-3井-12段压裂施工-1、2井分点压力监测.xls,Sheet1,232.0,4.0,已提取,2个通道
E:\压裂窜扰项目\02 规范化\泸203H66\泸203H66 邻井压力监测\泸203H66平台-3井-12段压裂施工-1、2井分点压力监测.xls,Sheet2,0.0,0.0,无可用序列,空表或有效行列过少
E:\压裂窜扰项目\02 规范化\泸203H66\泸203H66 邻井压力监测\泸203H66平台-3井-12段压裂施工-1、2井分点压力监测.xls,Sheet3,0.0,0.0,无可用序列,空表或有效行列过少
E:\压裂窜扰项目\02 规范化\泸203H66\泸203H66 邻井压力监测\泸203H66平台-3井-12段压裂施工-1、2井秒点压力监测.xls,Sheet1,13802.0,4.0,已提取,2个通道
E:\压裂窜扰项目\02 规范化\泸203H66\泸203H66 邻井压力监测\泸203H66平台-3井-12段压裂施工-1、2井秒点压力监测.xls,Sheet2,0.0,0.0,无可用序列,空表或有效行列过少
E:\压裂窜扰项目\02 规范化\泸203H66\泸203H66 邻井压力监测\泸203H66平台-3井-12段压裂施工-1、2井秒点压力监测.xls,Sheet3,0.0,0.0,无可用序列,空表或有效行列过少
E:\压裂窜扰项目\02 规范化\泸203H66\泸203H66 邻井压力监测\泸203H66平台-3井-13段压裂施工-1、2井分点压力监测.xls,Sheet1,136.0,4.0,已提取,2个通道
E:\压裂窜扰项目\02 规范化\泸203H66\泸203H66 邻井压力监测\泸203H66平台-3井-13段压裂施工-1、2井分点压力监测.xls,Sheet2,0.0,0.0,无可用序列,空表或有效行列过少
E:\压裂窜扰项目\02 规范化\泸203H66\泸203H66 邻井压力监测\泸203H66平台-3井-13段压裂施工-1、2井分点压力监测.xls,Sheet3,0.0,0.0,无可用序列,空表或有效行列过少
E:\压裂窜扰项目\02 规范化\泸203H66\泸203H66 邻井压力监测\泸203H66平台-3井-13段压裂施工-1、2井秒点压力监测.xls,Sheet1,8041.0,4.0,已提取,2个通道
E:\压裂窜扰项目\02 规范化\泸203H66\泸203H66 邻井压力监测\泸203H66平台-3井-13段压裂施工-1、2井秒点压力监测.xls,Sheet2,0.0,0.0,无可用序列,空表或有效行列过少
E:\压裂窜扰项目\02 规范化\泸203H66\泸203H66 邻井压力监测\泸203H66平台-3井-13段压裂施工-1、2井秒点压力监测.xls,Sheet3,0.0,0.0,无可用序列,空表或有效行列过少
E:\压裂窜扰项目\02 规范化\泸203H66\泸203H66 邻井压力监测\泸203H66平台-3井-15段压裂施工-2井分点压力监测.xls,Sheet1,176.0,3.0,已提取,1个通道
E:\压裂窜扰项目\02 规范化\泸203H66\泸203H66 邻井压力监测\泸203H66平台-3井-15段压裂施工-2井分点压力监测.xls,Sheet2,0.0,0.0,无可用序列,空表或有效行列过少
E:\压裂窜扰项目\02 规范化\泸203H66\泸203H66 邻井压力监测\泸203H66平台-3井-15段压裂施工-2井分点压力监测.xls,Sheet3,0.0,0.0,无可用序列,空表或有效行列过少
E:\压裂窜扰项目\02 规范化\泸203H66\泸203H66 邻井压力监测\泸203H66平台-3井-15段压裂施工-2井分点压力监测.xlsx,Sheet1,152.0,3.0,已提取,1个通道
E:\压裂窜扰项目\02 规范化\泸203H66\泸203H66 邻井压力监测\泸203H66平台-3井-15段压裂施工-2井分点压力监测.xlsx,Sheet2,0.0,0.0,无可用序列,空表或有效行列过少
E:\压裂窜扰项目\02 规范化\泸203H66\泸203H66 邻井压力监测\泸203H66平台-3井-15段压裂施工-2井分点压力监测.xlsx,Sheet3,0.0,0.0,无可用序列,空表或有效行列过少
E:\压裂窜扰项目\02 规范化\泸203H66\泸203H66 邻井压力监测\泸203H66平台-3井-15段压裂施工-2井秒点压力监测.xls,Sheet1,10802.0,3.0,已提取,1个通道
E:\压裂窜扰项目\02 规范化\泸203H66\泸203H66 邻井压力监测\泸203H66平台-3井-15段压裂施工-2井秒点压力监测.xls,Sheet2,0.0,0.0,无可用序列,空表或有效行列过少
E:\压裂窜扰项目\02 规范化\泸203H66\泸203H66 邻井压力监测\泸203H66平台-3井-15段压裂施工-2井秒点压力监测.xls,Sheet3,0.0,0.0,无可用序列,空表或有效行列过少
E:\压裂窜扰项目\02 规范化\泸203H66\泸203H66 邻井压力监测\泸203H66平台-3井-17段压裂施工-1、2井分点压力监测.xls,Sheet1,167.0,4.0,已提取,2个通道
E:\压裂窜扰项目\02 规范化\泸203H66\泸203H66 邻井压力监测\泸203H66平台-3井-17段压裂施工-1、2井分点压力监测.xls,Sheet2,0.0,0.0,无可用序列,空表或有效行列过少
E:\压裂窜扰项目\02 规范化\泸203H66\泸203H66 邻井压力监测\泸203H66平台-3井-17段压裂施工-1、2井分点压力监测.xls,Sheet3,0.0,0.0,无可用序列,空表或有效行列过少
E:\压裂窜扰项目\02 规范化\泸203H66\泸203H66 邻井压力监测\泸203H66平台-3井-17段压裂施工-1、2井秒点压力监测.xls,Sheet1,9902.0,4.0,已提取,2个通道
E:\压裂窜扰项目\02 规范化\泸203H66\泸203H66 邻井压力监测\泸203H66平台-3井-17段压裂施工-1、2井秒点压力监测.xls,Sheet2,0.0,0.0,无可用序列,空表或有效行列过少
E:\压裂窜扰项目\02 规范化\泸203H66\泸203H66 邻井压力监测\泸203H66平台-3井-17段压裂施工-1、2井秒点压力监测.xls,Sheet3,0.0,0.0,无可用序列,空表或有效行列过少
E:\压裂窜扰项目\02 规范化\泸203H66\泸203H66 邻井压力监测\泸203H66平台-3井-18段压裂施工-1、2井分点压力监测.xls,Sheet1,197.0,4.0,已提取,2个通道
E:\压裂窜扰项目\02 规范化\泸203H66\泸203H66 邻井压力监测\泸203H66平台-3井-18段压裂施工-1、2井分点压力监测.xls,Sheet2,0.0,0.0,无可用序列,空表或有效行列过少
E:\压裂窜扰项目\02 规范化\泸203H66\泸203H66 邻井压力监测\泸203H66平台-3井-18段压裂施工-1、2井分点压力监测.xls,Sheet3,0.0,0.0,无可用序列,空表或有效行列过少
E:\压裂窜扰项目\02 规范化\泸203H66\泸203H66 邻井压力监测\泸203H66平台-3井-18段压裂施工-1、2井秒点压力监测.xls,Sheet1,11702.0,4.0,已提取,2个通道
E:\压裂窜扰项目\02 规范化\泸203H66\泸203H66 邻井压力监测\泸203H66平台-3井-18段压裂施工-1、2井秒点压力监测.xls,Sheet2,0.0,0.0,无可用序列,空表或有效行列过少
E:\压裂窜扰项目\02 规范化\泸203H66\泸203H66 邻井压力监测\泸203H66平台-3井-18段压裂施工-1、2井秒点压力监测.xls,Sheet3,0.0,0.0,无可用序列,空表或有效行列过少
E:\压裂窜扰项目\02 规范化\泸203H66\泸203H66 邻井压力监测\泸203H66平台-3井-19段压裂施工-1、2井分点压力监测.xls,Sheet1,121.0,4.0,已提取,2个通道
E:\压裂窜扰项目\02 规范化\泸203H66\泸203H66 邻井压力监测\泸203H66平台-3井-19段压裂施工-1、2井分点压力监测.xls,Sheet2,0.0,0.0,无可用序列,空表或有效行列过少
E:\压裂窜扰项目\02 规范化\泸203H66\泸203H66 邻井压力监测\泸203H66平台-3井-19段压裂施工-1、2井分点压力监测.xls,Sheet3,0.0,0.0,无可用序列,空表或有效行列过少
E:\压裂窜扰项目\02 规范化\泸203H66\泸203H66 邻井压力监测\泸203H66平台-3井-19段压裂施工-1、2井秒点压力监测.xls,Sheet1,7142.0,4.0,已提取,2个通道
E:\压裂窜扰项目\02 规范化\泸203H66\泸203H66 邻井压力监测\泸203H66平台-3井-19段压裂施工-1、2井秒点压力监测.xls,Sheet2,0.0,0.0,无可用序列,空表或有效行列过少
E:\压裂窜扰项目\02 规范化\泸203H66\泸203H66 邻井压力监测\泸203H66平台-3井-19段压裂施工-1、2井秒点压力监测.xls,Sheet3,0.0,0.0,无可用序列,空表或有效行列过少
E:\压裂窜扰项目\02 规范化\泸203H66\泸203H66 邻井压力监测\泸203H66平台-3井-20段压裂施工-1、2井分点压力监测.xls,Sheet1,152.0,4.0,已提取,2个通道
E:\压裂窜扰项目\02 规范化\泸203H66\泸203H66 邻井压力监测\泸203H66平台-3井-20段压裂施工-1、2井分点压力监测.xls,Sheet2,0.0,0.0,无可用序列,空表或有效行列过少
E:\压裂窜扰项目\02 规范化\泸203H66\泸203H66 邻井压力监测\泸203H66平台-3井-20段压裂施工-1、2井分点压力监测.xls,Sheet3,0.0,0.0,无可用序列,空表或有效行列过少
E:\压裂窜扰项目\02 规范化\泸203H66\泸203H66 邻井压力监测\泸203H66平台-3井-20段压裂施工-1、2井秒点压力监测.xls,Sheet1,9002.0,4.0,已提取,2个通道
E:\压裂窜扰项目\02 规范化\泸203H66\泸203H66 邻井压力监测\泸203H66平台-3井-20段压裂施工-1、2井秒点压力监测.xls,Sheet2,0.0,0.0,无可用序列,空表或有效行列过少
E:\压裂窜扰项目\02 规范化\泸203H66\泸203H66 邻井压力监测\泸203H66平台-3井-20段压裂施工-1、2井秒点压力监测.xls,Sheet3,0.0,0.0,无可用序列,空表或有效行列过少
E:\压裂窜扰项目\02 规范化\泸203H66\泸203H66 邻井压力监测\泸203H66平台-3井-25段压裂施工-1、2井分点压力监测.xls,Sheet1,157.0,4.0,已提取,2个通道
E:\压裂窜扰项目\02 规范化\泸203H66\泸203H66 邻井压力监测\泸203H66平台-3井-25段压裂施工-1、2井分点压力监测.xls,Sheet2,0.0,0.0,无可用序列,空表或有效行列过少
E:\压裂窜扰项目\02 规范化\泸203H66\泸203H66 邻井压力监测\泸203H66平台-3井-25段压裂施工-1、2井分点压力监测.xls,Sheet3,0.0,0.0,无可用序列,空表或有效行列过少
E:\压裂窜扰项目\02 规范化\泸203H66\泸203H66 邻井压力监测\泸203H66平台-3井-25段压裂施工-1、2井秒点压力监测.xls,Sheet1,9302.0,4.0,已提取,2个通道
E:\压裂窜扰项目\02 规范化\泸203H66\泸203H66 邻井压力监测\泸203H66平台-3井-25段压裂施工-1、2井秒点压力监测.xls,Sheet2,0.0,0.0,无可用序列,空表或有效行列过少
E:\压裂窜扰项目\02 规范化\泸203H66\泸203H66 邻井压力监测\泸203H66平台-3井-25段压裂施工-1、2井秒点压力监测.xls,Sheet3,0.0,0.0,无可用序列,空表或有效行列过少
E:\压裂窜扰项目\02 规范化\泸203H66\泸203H66 邻井压力监测\泸203H66平台-3井-9段压裂施工-4井压力上升图.xls,Sheet1,12.0,3.0,已提取,1个通道
E:\压裂窜扰项目\02 规范化\泸203H66\泸203H66 邻井压力监测\泸203H66平台-3井-9段压裂施工-4井压力上升图.xls,Sheet2,0.0,0.0,无可用序列,空表或有效行列过少
E:\压裂窜扰项目\02 规范化\泸203H66\泸203H66 邻井压力监测\泸203H66平台-3井-9段压裂施工-4井压力上升图.xls,Sheet3,0.0,0.0,无可用序列,空表或有效行列过少
E:\压裂窜扰项目\02 规范化\泸203H66\泸203H66 邻井压力监测\泸203H66平台-3井-9段压裂施工-4井秒点压力监测.xls,Sheet1,10574.0,3.0,已提取,1个通道
E:\压裂窜扰项目\02 规范化\泸203H66\泸203H66 邻井压力监测\泸203H66平台-3井-9段压裂施工-4井秒点压力监测.xls,Sheet2,0.0,0.0,无可用序列,空表或有效行列过少
E:\压裂窜扰项目\02 规范化\泸203H66\泸203H66 邻井压力监测\泸203H66平台-3井-9段压裂施工-4井秒点压力监测.xls,Sheet3,0.0,0.0,无可用序列,空表或有效行列过少
E:\压裂窜扰项目\02 规范化\泸203H66\泸203H66 邻井压力监测\泸203H66平台-3井-段号待核实压裂施工-1、2井分点压力监测.xls,Sheet1,192.0,4.0,已提取,2个通道
E:\压裂窜扰项目\02 规范化\泸203H66\泸203H66 邻井压力监测\泸203H66平台-3井-段号待核实压裂施工-1、2井分点压力监测.xls,Sheet2,0.0,0.0,无可用序列,空表或有效行列过少
E:\压裂窜扰项目\02 规范化\泸203H66\泸203H66 邻井压力监测\泸203H66平台-3井-段号待核实压裂施工-1、2井分点压力监测.xls,Sheet3,0.0,0.0,无可用序列,空表或有效行列过少
E:\压裂窜扰项目\02 规范化\泸203H66\泸203H66 邻井压力监测\泸203H66平台-3井-段号待核实压裂施工-1、2井秒点压力监测.xls,Sheet1,11402.0,4.0,已提取,2个通道
E:\压裂窜扰项目\02 规范化\泸203H66\泸203H66 邻井压力监测\泸203H66平台-3井-段号待核实压裂施工-1、2井秒点压力监测.xls,Sheet2,0.0,0.0,无可用序列,空表或有效行列过少
E:\压裂窜扰项目\02 规范化\泸203H66\泸203H66 邻井压力监测\泸203H66平台-3井-段号待核实压裂施工-1、2井秒点压力监测.xls,Sheet3,0.0,0.0,无可用序列,空表或有效行列过少
E:\压裂窜扰项目\02 规范化\泸203H66\泸203H66 邻井压力监测\泸203H66平台-3井-段号待核实压裂施工-2井套压监测.xls,Sheet1,6062.0,3.0,已提取,1个通道
E:\压裂窜扰项目\02 规范化\泸203H66\泸203H66 邻井压力监测\泸203H66平台-3井-段号待核实压裂施工-2井套压监测.xls,Sheet2,0.0,0.0,无可用序列,空表或有效行列过少
E:\压裂窜扰项目\02 规范化\泸203H66\泸203H66 邻井压力监测\泸203H66平台-3井-段号待核实压裂施工-2井套压监测.xls,Sheet3,0.0,0.0,无可用序列,空表或有效行列过少
E:\压裂窜扰项目\02 规范化\泸203H66\泸203H66 邻井压力监测\泸203H66平台-3井-段号待核实压裂施工-3井分点压力监测.xls,Sheet1,1442.0,3.0,已提取,1个通道
E:\压裂窜扰项目\02 规范化\泸203H66\泸203H66 邻井压力监测\泸203H66平台-3井-段号待核实压裂施工-3井分点压力监测.xls,Sheet2,0.0,0.0,无可用序列,空表或有效行列过少
E:\压裂窜扰项目\02 规范化\泸203H66\泸203H66 邻井压力监测\泸203H66平台-3井-段号待核实压裂施工-3井分点压力监测.xls,Sheet3,0.0,0.0,无可用序列,空表或有效行列过少
E:\压裂窜扰项目\02 规范化\泸203H66\泸203H66 邻井压力监测\泸203H66平台-井号待核实-7段压裂施工-邻井待核实分点压力监测.xls,Sheet1,139.0,3.0,未提取压力通道,0个通道
E:\压裂窜扰项目\02 规范化\泸203H66\泸203H66 邻井压力监测\泸203H66平台-井号待核实-7段压裂施工-邻井待核实分点压力监测.xls,Sheet2,0.0,0.0,无可用序列,空表或有效行列过少
E:\压裂窜扰项目\02 规范化\泸203H66\泸203H66 邻井压力监测\泸203H66平台-井号待核实-7段压裂施工-邻井待核实分点压力监测.xls,Sheet3,0.0,0.0,无可用序列,空表或有效行列过少
E:\压裂窜扰项目\02 规范化\泸203H6\泸203H6 邻井压力监测\泸203H6-1-10段压裂施工-井秒点压力监测.xlsx,井口曲线927,9603.0,2.0,已提取,1个通道
E:\压裂窜扰项目\02 规范化\泸203H6\泸203H6 邻井压力监测\泸203H6-1-11段压裂施工-井秒点压力监测.xlsx,0928,13803.0,3.0,未提取压力通道,0个通道
E:\压裂窜扰项目\02 规范化\泸203H6\泸203H6 邻井压力监测\泸203H6-1-8段压裂施工-2井秒点压力监测.xlsx,1515,10803.0,2.0,已提取,1个通道
E:\压裂窜扰项目\02 规范化\泸203H6\泸203H6 邻井压力监测\泸203H6-1-9段压裂施工-2、3、4井秒点压力监测.xlsx,井口曲线926,9003.0,4.0,已提取,3个通道
E:\压裂窜扰项目\02 规范化\泸203H76\泸203H76 邻井压力监测\泸203H76平台-1井-10段压裂施工-2、3、4井分点压力监测.xls,Sheet1,137.0,4.0,已提取,3个通道
E:\压裂窜扰项目\02 规范化\泸203H76\泸203H76 邻井压力监测\泸203H76平台-1井-10段压裂施工-2、3、4井分点压力监测.xls,Sheet2,0.0,0.0,无可用序列,空表或有效行列过少
E:\压裂窜扰项目\02 规范化\泸203H76\泸203H76 邻井压力监测\泸203H76平台-1井-10段压裂施工-2、3、4井分点压力监测.xls,Sheet3,0.0,0.0,无可用序列,空表或有效行列过少
E:\压裂窜扰项目\02 规范化\泸203H76\泸203H76 邻井压力监测\泸203H76平台-1井-10段压裂施工-2井秒点压力监测.xls,Sheet1,8102.0,2.0,已提取,1个通道
E:\压裂窜扰项目\02 规范化\泸203H76\泸203H76 邻井压力监测\泸203H76平台-1井-10段压裂施工-2井秒点压力监测.xls,Sheet2,0.0,0.0,无可用序列,空表或有效行列过少
E:\压裂窜扰项目\02 规范化\泸203H76\泸203H76 邻井压力监测\泸203H76平台-1井-10段压裂施工-2井秒点压力监测.xls,Sheet3,0.0,0.0,无可用序列,空表或有效行列过少
E:\压裂窜扰项目\02 规范化\泸203H76\泸203H76 邻井压力监测\泸203H76平台-1井-11段压裂施工-2、3、4井分点压力监测.xls,Sheet1,146.0,4.0,已提取,3个通道
E:\压裂窜扰项目\02 规范化\泸203H76\泸203H76 邻井压力监测\泸203H76平台-1井-11段压裂施工-2、3、4井分点压力监测.xls,Sheet2,0.0,0.0,无可用序列,空表或有效行列过少
E:\压裂窜扰项目\02 规范化\泸203H76\泸203H76 邻井压力监测\泸203H76平台-1井-11段压裂施工-2、3、4井分点压力监测.xls,Sheet3,0.0,0.0,无可用序列,空表或有效行列过少
E:\压裂窜扰项目\02 规范化\泸203H76\泸203H76 邻井压力监测\泸203H76平台-1井-11段压裂施工-2、3井秒点压力监测.xls,Sheet1,8642.0,3.0,已提取,2个通道
E:\压裂窜扰项目\02 规范化\泸203H76\泸203H76 邻井压力监测\泸203H76平台-1井-11段压裂施工-2、3井秒点压力监测.xls,Sheet2,0.0,0.0,无可用序列,空表或有效行列过少
E:\压裂窜扰项目\02 规范化\泸203H76\泸203H76 邻井压力监测\泸203H76平台-1井-11段压裂施工-2、3井秒点压力监测.xls,Sheet3,0.0,0.0,无可用序列,空表或有效行列过少
E:\压裂窜扰项目\02 规范化\泸203H76\泸203H76 邻井压力监测\泸203H76平台-1井-12段压裂施工-2、3、4井分点压力监测.xls,Sheet1,153.0,5.0,已提取,3个通道
E:\压裂窜扰项目\02 规范化\泸203H76\泸203H76 邻井压力监测\泸203H76平台-1井-12段压裂施工-2、3、4井分点压力监测.xls,Sheet2,0.0,0.0,无可用序列,空表或有效行列过少
E:\压裂窜扰项目\02 规范化\泸203H76\泸203H76 邻井压力监测\泸203H76平台-1井-12段压裂施工-2、3、4井分点压力监测.xls,Sheet3,0.0,0.0,无可用序列,空表或有效行列过少
E:\压裂窜扰项目\02 规范化\泸203H76\泸203H76 邻井压力监测\泸203H76平台-1井-12段压裂施工-2、3、4井秒点压力监测.xls,Sheet1,9062.0,5.0,已提取,3个通道
E:\压裂窜扰项目\02 规范化\泸203H76\泸203H76 邻井压力监测\泸203H76平台-1井-12段压裂施工-2、3、4井秒点压力监测.xls,Sheet2,0.0,0.0,无可用序列,空表或有效行列过少
E:\压裂窜扰项目\02 规范化\泸203H76\泸203H76 邻井压力监测\泸203H76平台-1井-12段压裂施工-2、3、4井秒点压力监测.xls,Sheet3,0.0,0.0,无可用序列,空表或有效行列过少
E:\压裂窜扰项目\02 规范化\泸203H76\泸203H76 邻井压力监测\泸203H76平台-1井-13段压裂施工-2、3、4井分点压力监测.xls,历史数据,151.0,5.0,已提取,3个通道
E:\压裂窜扰项目\02 规范化\泸203H76\泸203H76 邻井压力监测\泸203H76平台-1井-13段压裂施工-2、3、4井秒点压力监测.xls,历史数据,8942.0,5.0,已提取,3个通道
E:\压裂窜扰项目\02 规范化\泸203H76\泸203H76 邻井压力监测\泸203H76平台-1井-15段压裂施工-2、3、4井分点压力监测.xls,Sheet1,127.0,5.0,已提取,3个通道
E:\压裂窜扰项目\02 规范化\泸203H76\泸203H76 邻井压力监测\泸203H76平台-1井-15段压裂施工-2、3、4井分点压力监测.xls,Sheet2,0.0,0.0,无可用序列,空表或有效行列过少
E:\压裂窜扰项目\02 规范化\泸203H76\泸203H76 邻井压力监测\泸203H76平台-1井-15段压裂施工-2、3、4井分点压力监测.xls,Sheet3,0.0,0.0,无可用序列,空表或有效行列过少
E:\压裂窜扰项目\02 规范化\泸203H76\泸203H76 邻井压力监测\泸203H76平台-1井-16段压裂施工-2、3、4井分点压力监测.xls,Sheet1,163.0,5.0,已提取,3个通道
E:\压裂窜扰项目\02 规范化\泸203H76\泸203H76 邻井压力监测\泸203H76平台-1井-16段压裂施工-2、3、4井分点压力监测.xls,Sheet2,0.0,0.0,无可用序列,空表或有效行列过少
E:\压裂窜扰项目\02 规范化\泸203H76\泸203H76 邻井压力监测\泸203H76平台-1井-16段压裂施工-2、3、4井分点压力监测.xls,Sheet3,0.0,0.0,无可用序列,空表或有效行列过少
E:\压裂窜扰项目\02 规范化\泸203H76\泸203H76 邻井压力监测\泸203H76平台-1井-16段压裂施工-2、3、4井秒点压力监测.xls,Sheet1,9662.0,5.0,已提取,3个通道
E:\压裂窜扰项目\02 规范化\泸203H76\泸203H76 邻井压力监测\泸203H76平台-1井-16段压裂施工-2、3、4井秒点压力监测.xls,Sheet2,0.0,0.0,无可用序列,空表或有效行列过少
E:\压裂窜扰项目\02 规范化\泸203H76\泸203H76 邻井压力监测\泸203H76平台-1井-16段压裂施工-2、3、4井秒点压力监测.xls,Sheet3,0.0,0.0,无可用序列,空表或有效行列过少
E:\压裂窜扰项目\02 规范化\泸203H76\泸203H76 邻井压力监测\泸203H76平台-1井-18段压裂施工-2、3、4井分点压力监测.xls,Sheet1,131.0,5.0,已提取,3个通道
E:\压裂窜扰项目\02 规范化\泸203H76\泸203H76 邻井压力监测\泸203H76平台-1井-18段压裂施工-2、3、4井分点压力监测.xls,Sheet2,0.0,0.0,无可用序列,空表或有效行列过少
E:\压裂窜扰项目\02 规范化\泸203H76\泸203H76 邻井压力监测\泸203H76平台-1井-18段压裂施工-2、3、4井分点压力监测.xls,Sheet3,0.0,0.0,无可用序列,空表或有效行列过少
E:\压裂窜扰项目\02 规范化\泸203H76\泸203H76 邻井压力监测\泸203H76平台-1井-18段压裂施工-2、3、4井秒点压力监测.xls,Sheet1,7742.0,5.0,已提取,3个通道
E:\压裂窜扰项目\02 规范化\泸203H76\泸203H76 邻井压力监测\泸203H76平台-1井-18段压裂施工-2、3、4井秒点压力监测.xls,Sheet2,0.0,0.0,无可用序列,空表或有效行列过少
E:\压裂窜扰项目\02 规范化\泸203H76\泸203H76 邻井压力监测\泸203H76平台-1井-18段压裂施工-2、3、4井秒点压力监测.xls,Sheet3,0.0,0.0,无可用序列,空表或有效行列过少
E:\压裂窜扰项目\02 规范化\泸203H76\泸203H76 邻井压力监测\泸203H76平台-1井-19段压裂施工-2、3、4井分点压力监测.xls,Sheet1,122.0,5.0,已提取,3个通道
E:\压裂窜扰项目\02 规范化\泸203H76\泸203H76 邻井压力监测\泸203H76平台-1井-19段压裂施工-2、3、4井分点压力监测.xls,Sheet2,0.0,0.0,无可用序列,空表或有效行列过少
E:\压裂窜扰项目\02 规范化\泸203H76\泸203H76 邻井压力监测\泸203H76平台-1井-19段压裂施工-2、3、4井分点压力监测.xls,Sheet3,0.0,0.0,无可用序列,空表或有效行列过少
E:\压裂窜扰项目\02 规范化\泸203H76\泸203H76 邻井压力监测\泸203H76平台-1井-19段压裂施工-2、3、4井秒点压力监测.xls,Sheet1,7202.0,5.0,已提取,3个通道
E:\压裂窜扰项目\02 规范化\泸203H76\泸203H76 邻井压力监测\泸203H76平台-1井-19段压裂施工-2、3、4井秒点压力监测.xls,Sheet2,0.0,0.0,无可用序列,空表或有效行列过少
E:\压裂窜扰项目\02 规范化\泸203H76\泸203H76 邻井压力监测\泸203H76平台-1井-19段压裂施工-2、3、4井秒点压力监测.xls,Sheet3,0.0,0.0,无可用序列,空表或有效行列过少
E:\压裂窜扰项目\02 规范化\泸203H76\泸203H76 邻井压力监测\泸203H76平台-1井-20段压裂施工-2、3、4井分点压力监测.xls,Sheet1,134.0,5.0,已提取,3个通道
E:\压裂窜扰项目\02 规范化\泸203H76\泸203H76 邻井压力监测\泸203H76平台-1井-20段压裂施工-2、3、4井分点压力监测.xls,Sheet2,0.0,0.0,无可用序列,空表或有效行列过少
E:\压裂窜扰项目\02 规范化\泸203H76\泸203H76 邻井压力监测\泸203H76平台-1井-20段压裂施工-2、3、4井分点压力监测.xls,Sheet3,0.0,0.0,无可用序列,空表或有效行列过少
E:\压裂窜扰项目\02 规范化\泸203H76\泸203H76 邻井压力监测\泸203H76平台-1井-20段压裂施工-2、3、4井秒点压力监测.xls,Sheet1,7922.0,5.0,已提取,3个通道
E:\压裂窜扰项目\02 规范化\泸203H76\泸203H76 邻井压力监测\泸203H76平台-1井-20段压裂施工-2、3、4井秒点压力监测.xls,Sheet2,0.0,0.0,无可用序列,空表或有效行列过少
E:\压裂窜扰项目\02 规范化\泸203H76\泸203H76 邻井压力监测\泸203H76平台-1井-20段压裂施工-2、3、4井秒点压力监测.xls,Sheet3,0.0,0.0,无可用序列,空表或有效行列过少
E:\压裂窜扰项目\02 规范化\泸203H76\泸203H76 邻井压力监测\泸203H76平台-1井-21段压裂施工-2、3、4井分点压力监测.xls,Sheet1,133.0,5.0,已提取,3个通道
E:\压裂窜扰项目\02 规范化\泸203H76\泸203H76 邻井压力监测\泸203H76平台-1井-21段压裂施工-2、3、4井分点压力监测.xls,Sheet2,0.0,0.0,无可用序列,空表或有效行列过少
E:\压裂窜扰项目\02 规范化\泸203H76\泸203H76 邻井压力监测\泸203H76平台-1井-21段压裂施工-2、3、4井分点压力监测.xls,Sheet3,0.0,0.0,无可用序列,空表或有效行列过少
E:\压裂窜扰项目\02 规范化\泸203H76\泸203H76 邻井压力监测\泸203H76平台-1井-21段压裂施工-2、3、4井秒点压力监测.xls,Sheet1,7862.0,5.0,已提取,3个通道
E:\压裂窜扰项目\02 规范化\泸203H76\泸203H76 邻井压力监测\泸203H76平台-1井-21段压裂施工-2、3、4井秒点压力监测.xls,Sheet2,0.0,0.0,无可用序列,空表或有效行列过少
E:\压裂窜扰项目\02 规范化\泸203H76\泸203H76 邻井压力监测\泸203H76平台-1井-21段压裂施工-2、3、4井秒点压力监测.xls,Sheet3,0.0,0.0,无可用序列,空表或有效行列过少
E:\压裂窜扰项目\02 规范化\泸203H76\泸203H76 邻井压力监测\泸203H76平台-1井-22段压裂施工-2、3、4井分点压力监测.xls,Sheet1,124.0,5.0,已提取,3个通道
E:\压裂窜扰项目\02 规范化\泸203H76\泸203H76 邻井压力监测\泸203H76平台-1井-22段压裂施工-2、3、4井分点压力监测.xls,Sheet2,0.0,0.0,无可用序列,空表或有效行列过少
E:\压裂窜扰项目\02 规范化\泸203H76\泸203H76 邻井压力监测\泸203H76平台-1井-22段压裂施工-2、3、4井分点压力监测.xls,Sheet3,0.0,0.0,无可用序列,空表或有效行列过少
E:\压裂窜扰项目\02 规范化\泸203H76\泸203H76 邻井压力监测\泸203H76平台-1井-22段压裂施工-2、3、4井秒点压力监测.xls,Sheet1,7322.0,5.0,已提取,3个通道
E:\压裂窜扰项目\02 规范化\泸203H76\泸203H76 邻井压力监测\泸203H76平台-1井-22段压裂施工-2、3、4井秒点压力监测.xls,Sheet2,0.0,0.0,无可用序列,空表或有效行列过少
E:\压裂窜扰项目\02 规范化\泸203H76\泸203H76 邻井压力监测\泸203H76平台-1井-22段压裂施工-2、3、4井秒点压力监测.xls,Sheet3,0.0,0.0,无可用序列,空表或有效行列过少
E:\压裂窜扰项目\02 规范化\泸203H76\泸203H76 邻井压力监测\泸203H76平台-1井-23段压裂施工-2、3、4井分点压力监测.xls,Sheet1,118.0,5.0,已提取,3个通道
E:\压裂窜扰项目\02 规范化\泸203H76\泸203H76 邻井压力监测\泸203H76平台-1井-23段压裂施工-2、3、4井分点压力监测.xls,Sheet2,0.0,0.0,无可用序列,空表或有效行列过少
E:\压裂窜扰项目\02 规范化\泸203H76\泸203H76 邻井压力监测\泸203H76平台-1井-23段压裂施工-2、3、4井分点压力监测.xls,Sheet3,0.0,0.0,无可用序列,空表或有效行列过少
E:\压裂窜扰项目\02 规范化\泸203H76\泸203H76 邻井压力监测\泸203H76平台-1井-23段压裂施工-2、3、4井秒点压力监测.xls,Sheet1,6962.0,5.0,已提取,3个通道
E:\压裂窜扰项目\02 规范化\泸203H76\泸203H76 邻井压力监测\泸203H76平台-1井-23段压裂施工-2、3、4井秒点压力监测.xls,Sheet2,0.0,0.0,无可用序列,空表或有效行列过少
E:\压裂窜扰项目\02 规范化\泸203H76\泸203H76 邻井压力监测\泸203H76平台-1井-23段压裂施工-2、3、4井秒点压力监测.xls,Sheet3,0.0,0.0,无可用序列,空表或有效行列过少
E:\压裂窜扰项目\02 规范化\泸203H76\泸203H76 邻井压力监测\泸203H76平台-1井-2段压裂施工-2井压力监测.xls,历史数据,7442.0,3.0,已提取,1个通道
E:\压裂窜扰项目\02 规范化\泸203H76\泸203H76 邻井压力监测\泸203H76平台-1井-5段压裂施工-2、3、4井分点压力监测.xls,历史数据,160.0,5.0,已提取,3个通道
E:\压裂窜扰项目\02 规范化\泸203H76\泸203H76 邻井压力监测\泸203H76平台-1井-5段压裂施工-2、3、4井压力监测.xls,历史数据,160.0,5.0,已提取,3个通道
E:\压裂窜扰项目\02 规范化\泸203H76\泸203H76 邻井压力监测\泸203H76平台-1井-5段压裂施工-2、3、4井秒点压力监测.xls,历史数据,9482.0,5.0,已提取,3个通道
E:\压裂窜扰项目\02 规范化\泸203H76\泸203H76 邻井压力监测\泸203H76平台-1井-5段压裂施工-2井分点压力监测.xls,历史数据,145.0,3.0,已提取,1个通道
E:\压裂窜扰项目\02 规范化\泸203H76\泸203H76 邻井压力监测\泸203H76平台-1井-5段压裂施工-2井秒点压力监测-2.xls,历史数据,8582.0,3.0,已提取,1个通道
E:\压裂窜扰项目\02 规范化\泸203H76\泸203H76 邻井压力监测\泸203H76平台-1井-5段压裂施工-2井秒点压力监测.xls,历史数据,8582.0,3.0,已提取,1个通道
E:\压裂窜扰项目\02 规范化\泸203H76\泸203H76 邻井压力监测\泸203H76平台-1井-5段压裂施工-邻井待核实分点压力监测.xls,历史数据,3608.0,71.0,未提取压力通道,0个通道
E:\压裂窜扰项目\02 规范化\泸203H76\泸203H76 邻井压力监测\泸203H76平台-1井-7段压裂施工-2、3、4井分点压力监测.xls,历史数据,122.0,5.0,已提取,3个通道
E:\压裂窜扰项目\02 规范化\泸203H76\泸203H76 邻井压力监测\泸203H76平台-1井-7段压裂施工-2、3、4井秒点压力监测.xls,历史数据,7202.0,5.0,已提取,3个通道
E:\压裂窜扰项目\02 规范化\泸203H76\泸203H76 邻井压力监测\泸203H76平台-1井-8段压裂施工-2、3、4井压力监测.xls,Sheet1,227.0,4.0,已提取,3个通道
E:\压裂窜扰项目\02 规范化\泸203H76\泸203H76 邻井压力监测\泸203H76平台-1井-8段压裂施工-2、3、4井压力监测.xls,Sheet2,0.0,0.0,无可用序列,空表或有效行列过少
E:\压裂窜扰项目\02 规范化\泸203H76\泸203H76 邻井压力监测\泸203H76平台-1井-8段压裂施工-2、3、4井压力监测.xls,Sheet3,0.0,0.0,无可用序列,空表或有效行列过少
E:\压裂窜扰项目\02 规范化\泸203H76\泸203H76 邻井压力监测\泸203H76平台-1井-9段压裂施工-2、3、4井压力监测-2.xls,Sheet1,181.0,4.0,已提取,3个通道
E:\压裂窜扰项目\02 规范化\泸203H76\泸203H76 邻井压力监测\泸203H76平台-1井-9段压裂施工-2、3、4井压力监测-2.xls,Sheet2,0.0,0.0,无可用序列,空表或有效行列过少
E:\压裂窜扰项目\02 规范化\泸203H76\泸203H76 邻井压力监测\泸203H76平台-1井-9段压裂施工-2、3、4井压力监测-2.xls,Sheet3,0.0,0.0,无可用序列,空表或有效行列过少
E:\压裂窜扰项目\02 规范化\泸203H76\泸203H76 邻井压力监测\泸203H76平台-1井-9段压裂施工-2、3、4井压力监测.xls,Sheet1,181.0,4.0,已提取,3个通道
E:\压裂窜扰项目\02 规范化\泸203H76\泸203H76 邻井压力监测\泸203H76平台-1井-9段压裂施工-2、3、4井压力监测.xls,Sheet2,0.0,0.0,无可用序列,空表或有效行列过少
E:\压裂窜扰项目\02 规范化\泸203H76\泸203H76 邻井压力监测\泸203H76平台-1井-9段压裂施工-2、3、4井压力监测.xls,Sheet3,0.0,0.0,无可用序列,空表或有效行列过少
E:\压裂窜扰项目\02 规范化\泸203H76\泸203H76 邻井压力监测\泸203H76平台-2井-10段压裂施工-1、3、4井压力监测-2.xls,Sheet1,205.0,4.0,已提取,3个通道
E:\压裂窜扰项目\02 规范化\泸203H76\泸203H76 邻井压力监测\泸203H76平台-2井-10段压裂施工-1、3、4井压力监测-2.xls,Sheet2,0.0,0.0,无可用序列,空表或有效行列过少
E:\压裂窜扰项目\02 规范化\泸203H76\泸203H76 邻井压力监测\泸203H76平台-2井-10段压裂施工-1、3、4井压力监测-2.xls,Sheet3,0.0,0.0,无可用序列,空表或有效行列过少
E:\压裂窜扰项目\02 规范化\泸203H76\泸203H76 邻井压力监测\泸203H76平台-2井-10段压裂施工-1、3、4井压力监测.xls,Sheet1,205.0,4.0,已提取,3个通道
E:\压裂窜扰项目\02 规范化\泸203H76\泸203H76 邻井压力监测\泸203H76平台-2井-10段压裂施工-1、3、4井压力监测.xls,Sheet2,0.0,0.0,无可用序列,空表或有效行列过少
E:\压裂窜扰项目\02 规范化\泸203H76\泸203H76 邻井压力监测\泸203H76平台-2井-10段压裂施工-1、3、4井压力监测.xls,Sheet3,0.0,0.0,无可用序列,空表或有效行列过少
E:\压裂窜扰项目\02 规范化\泸203H76\泸203H76 邻井压力监测\泸203H76平台-2井-11段压裂施工-1井压力监测-2.xls,Sheet1,225.0,2.0,已提取,1个通道
E:\压裂窜扰项目\02 规范化\泸203H76\泸203H76 邻井压力监测\泸203H76平台-2井-11段压裂施工-1井压力监测-2.xls,Sheet2,0.0,0.0,无可用序列,空表或有效行列过少
E:\压裂窜扰项目\02 规范化\泸203H76\泸203H76 邻井压力监测\泸203H76平台-2井-11段压裂施工-1井压力监测-2.xls,Sheet3,0.0,0.0,无可用序列,空表或有效行列过少
E:\压裂窜扰项目\02 规范化\泸203H76\泸203H76 邻井压力监测\泸203H76平台-2井-11段压裂施工-1井压力监测.xls,Sheet1,225.0,2.0,已提取,1个通道
E:\压裂窜扰项目\02 规范化\泸203H76\泸203H76 邻井压力监测\泸203H76平台-2井-11段压裂施工-1井压力监测.xls,Sheet2,0.0,0.0,无可用序列,空表或有效行列过少
E:\压裂窜扰项目\02 规范化\泸203H76\泸203H76 邻井压力监测\泸203H76平台-2井-11段压裂施工-1井压力监测.xls,Sheet3,0.0,0.0,无可用序列,空表或有效行列过少
E:\压裂窜扰项目\02 规范化\泸203H76\泸203H76 邻井压力监测\泸203H76平台-2井-12段压裂施工-1、3、4井分点压力监测.xls,秒点,212.0,9.0,已提取,3个通道
E:\压裂窜扰项目\02 规范化\泸203H76\泸203H76 邻井压力监测\泸203H76平台-2井-12段压裂施工-1、3、4井分点压力监测.xls,分点,0.0,0.0,无可用序列,空表或有效行列过少
E:\压裂窜扰项目\02 规范化\泸203H76\泸203H76 邻井压力监测\泸203H76平台-2井-12段压裂施工-1、3、4井分点压力监测.xls,Sheet3,0.0,0.0,无可用序列,空表或有效行列过少
E:\压裂窜扰项目\02 规范化\泸203H76\泸203H76 邻井压力监测\泸203H76平台-2井-12段压裂施工-1、3、4井秒点压力监测.xlsx,Sheet1,12602.0,5.0,已提取,3个通道
E:\压裂窜扰项目\02 规范化\泸203H76\泸203H76 邻井压力监测\泸203H76平台-2井-12段压裂施工-1、3、4井秒点压力监测.xlsx,Sheet2,0.0,0.0,无可用序列,空表或有效行列过少
E:\压裂窜扰项目\02 规范化\泸203H76\泸203H76 邻井压力监测\泸203H76平台-2井-12段压裂施工-1、3、4井秒点压力监测.xlsx,Sheet3,0.0,0.0,无可用序列,空表或有效行列过少
E:\压裂窜扰项目\02 规范化\泸203H76\泸203H76 邻井压力监测\泸203H76平台-2井-13段压裂施工-1、3、4井分点压力监测.xlsx,Sheet1,7622.0,5.0,已提取,3个通道
E:\压裂窜扰项目\02 规范化\泸203H76\泸203H76 邻井压力监测\泸203H76平台-2井-13段压裂施工-1、3、4井分点压力监测.xlsx,Sheet2,0.0,0.0,无可用序列,空表或有效行列过少
E:\压裂窜扰项目\02 规范化\泸203H76\泸203H76 邻井压力监测\泸203H76平台-2井-13段压裂施工-1、3、4井分点压力监测.xlsx,Sheet3,0.0,0.0,无可用序列,空表或有效行列过少
E:\压裂窜扰项目\02 规范化\泸203H76\泸203H76 邻井压力监测\泸203H76平台-2井-13段压裂施工-1、3、4井秒点压力监测.xlsx,Sheet1,9002.0,5.0,已提取,3个通道
E:\压裂窜扰项目\02 规范化\泸203H76\泸203H76 邻井压力监测\泸203H76平台-2井-13段压裂施工-1、3、4井秒点压力监测.xlsx,Sheet2,0.0,0.0,无可用序列,空表或有效行列过少
E:\压裂窜扰项目\02 规范化\泸203H76\泸203H76 邻井压力监测\泸203H76平台-2井-13段压裂施工-1、3、4井秒点压力监测.xlsx,Sheet3,0.0,0.0,无可用序列,空表或有效行列过少
E:\压裂窜扰项目\02 规范化\泸203H76\泸203H76 邻井压力监测\泸203H76平台-2井-14段压裂施工-1、3、4井分点压力监测.xlsx,Sheet1,129.0,5.0,已提取,3个通道
E:\压裂窜扰项目\02 规范化\泸203H76\泸203H76 邻井压力监测\泸203H76平台-2井-14段压裂施工-1、3、4井分点压力监测.xlsx,Sheet2,0.0,0.0,无可用序列,空表或有效行列过少
E:\压裂窜扰项目\02 规范化\泸203H76\泸203H76 邻井压力监测\泸203H76平台-2井-14段压裂施工-1、3、4井分点压力监测.xlsx,Sheet3,0.0,0.0,无可用序列,空表或有效行列过少
E:\压裂窜扰项目\02 规范化\泸203H76\泸203H76 邻井压力监测\泸203H76平台-2井-14段压裂施工-1、3、4井秒点压力监测.xlsx,Sheet1,7622.0,5.0,已提取,3个通道
E:\压裂窜扰项目\02 规范化\泸203H76\泸203H76 邻井压力监测\泸203H76平台-2井-14段压裂施工-1、3、4井秒点压力监测.xlsx,Sheet2,0.0,0.0,无可用序列,空表或有效行列过少
E:\压裂窜扰项目\02 规范化\泸203H76\泸203H76 邻井压力监测\泸203H76平台-2井-14段压裂施工-1、3、4井秒点压力监测.xlsx,Sheet3,0.0,0.0,无可用序列,空表或有效行列过少
E:\压裂窜扰项目\02 规范化\泸203H76\泸203H76 邻井压力监测\泸203H76平台-2井-16段压裂施工-1、3、4井分点压力监测.xls,历史数据,139.0,5.0,已提取,3个通道
E:\压裂窜扰项目\02 规范化\泸203H76\泸203H76 邻井压力监测\泸203H76平台-2井-16段压裂施工-1、3、4井秒点压力监测.xls,历史数据,8222.0,5.0,已提取,3个通道
E:\压裂窜扰项目\02 规范化\泸203H76\泸203H76 邻井压力监测\泸203H76平台-2井-17段压裂施工-1、3、4井分点压力监测.xls,Sheet1,138.0,5.0,已提取,3个通道
E:\压裂窜扰项目\02 规范化\泸203H76\泸203H76 邻井压力监测\泸203H76平台-2井-17段压裂施工-1、3、4井分点压力监测.xls,Sheet2,0.0,0.0,无可用序列,空表或有效行列过少
E:\压裂窜扰项目\02 规范化\泸203H76\泸203H76 邻井压力监测\泸203H76平台-2井-17段压裂施工-1、3、4井分点压力监测.xls,Sheet3,0.0,0.0,无可用序列,空表或有效行列过少
E:\压裂窜扰项目\02 规范化\泸203H76\泸203H76 邻井压力监测\泸203H76平台-2井-17段压裂施工-1、3、4井秒点压力监测.xls,Sheet1,8162.0,5.0,已提取,3个通道
E:\压裂窜扰项目\02 规范化\泸203H76\泸203H76 邻井压力监测\泸203H76平台-2井-17段压裂施工-1、3、4井秒点压力监测.xls,Sheet2,0.0,0.0,无可用序列,空表或有效行列过少
E:\压裂窜扰项目\02 规范化\泸203H76\泸203H76 邻井压力监测\泸203H76平台-2井-17段压裂施工-1、3、4井秒点压力监测.xls,Sheet3,0.0,0.0,无可用序列,空表或有效行列过少
E:\压裂窜扰项目\02 规范化\泸203H76\泸203H76 邻井压力监测\泸203H76平台-2井-18段压裂施工-1、3、4井分点压力监测.xls,Sheet1,149.0,5.0,已提取,3个通道
E:\压裂窜扰项目\02 规范化\泸203H76\泸203H76 邻井压力监测\泸203H76平台-2井-18段压裂施工-1、3、4井分点压力监测.xls,Sheet2,0.0,0.0,无可用序列,空表或有效行列过少
E:\压裂窜扰项目\02 规范化\泸203H76\泸203H76 邻井压力监测\泸203H76平台-2井-18段压裂施工-1、3、4井分点压力监测.xls,Sheet3,0.0,0.0,无可用序列,空表或有效行列过少
E:\压裂窜扰项目\02 规范化\泸203H76\泸203H76 邻井压力监测\泸203H76平台-2井-18段压裂施工-1、3、4井秒点压力监测.xls,Sheet1,8763.0,5.0,已提取,3个通道
E:\压裂窜扰项目\02 规范化\泸203H76\泸203H76 邻井压力监测\泸203H76平台-2井-18段压裂施工-1、3、4井秒点压力监测.xls,Sheet2,0.0,0.0,无可用序列,空表或有效行列过少
E:\压裂窜扰项目\02 规范化\泸203H76\泸203H76 邻井压力监测\泸203H76平台-2井-18段压裂施工-1、3、4井秒点压力监测.xls,Sheet3,0.0,0.0,无可用序列,空表或有效行列过少
E:\压裂窜扰项目\02 规范化\泸203H76\泸203H76 邻井压力监测\泸203H76平台-2井-19段压裂施工-1、3、4井分点压力监测.xls,Sheet1,126.0,5.0,已提取,3个通道
E:\压裂窜扰项目\02 规范化\泸203H76\泸203H76 邻井压力监测\泸203H76平台-2井-19段压裂施工-1、3、4井分点压力监测.xls,Sheet2,0.0,0.0,无可用序列,空表或有效行列过少
E:\压裂窜扰项目\02 规范化\泸203H76\泸203H76 邻井压力监测\泸203H76平台-2井-19段压裂施工-1、3、4井分点压力监测.xls,Sheet3,0.0,0.0,无可用序列,空表或有效行列过少
E:\压裂窜扰项目\02 规范化\泸203H76\泸203H76 邻井压力监测\泸203H76平台-2井-19段压裂施工-1、3、4井秒点压力监测.xls,Sheet1,7442.0,5.0,已提取,3个通道
E:\压裂窜扰项目\02 规范化\泸203H76\泸203H76 邻井压力监测\泸203H76平台-2井-19段压裂施工-1、3、4井秒点压力监测.xls,Sheet2,0.0,0.0,无可用序列,空表或有效行列过少
E:\压裂窜扰项目\02 规范化\泸203H76\泸203H76 邻井压力监测\泸203H76平台-2井-19段压裂施工-1、3、4井秒点压力监测.xls,Sheet3,0.0,0.0,无可用序列,空表或有效行列过少
E:\压裂窜扰项目\02 规范化\泸203H76\泸203H76 邻井压力监测\泸203H76平台-2井-2段压裂施工-邻井待核实秒点压力监测.xlsx,Sheet1,6484.0,2.0,已提取,1个通道
E:\压裂窜扰项目\02 规范化\泸203H76\泸203H76 邻井压力监测\泸203H76平台-2井-2段压裂施工-邻井待核实秒点压力监测.xlsx,Sheet2,0.0,0.0,无可用序列,空表或有效行列过少
E:\压裂窜扰项目\02 规范化\泸203H76\泸203H76 邻井压力监测\泸203H76平台-2井-2段压裂施工-邻井待核实秒点压力监测.xlsx,Sheet3,0.0,0.0,无可用序列,空表或有效行列过少
E:\压裂窜扰项目\02 规范化\泸203H76\泸203H76 邻井压力监测\泸203H76平台-2井-6段压裂施工-1、3井分点压力监测-2.xls,历史数据,101.0,4.0,已提取,2个通道
E:\压裂窜扰项目\02 规范化\泸203H76\泸203H76 邻井压力监测\泸203H76平台-2井-6段压裂施工-1、3井分点压力监测.xls,历史数据,2341.0,4.0,已提取,2个通道
E:\压裂窜扰项目\02 规范化\泸203H76\泸203H76 邻井压力监测\泸203H76平台-2井-6段压裂施工-1、3井秒点压力监测-2.xls,历史数据,5942.0,4.0,已提取,2个通道
E:\压裂窜扰项目\02 规范化\泸203H76\泸203H76 邻井压力监测\泸203H76平台-2井-6段压裂施工-1、3井秒点压力监测.xls,历史数据,5942.0,4.0,已提取,2个通道
E:\压裂窜扰项目\02 规范化\泸203H76\泸203H76 邻井压力监测\泸203H76平台-2井-6段压裂施工-邻井待核实分点压力监测.xls,历史数据,3608.0,71.0,未提取压力通道,0个通道
E:\压裂窜扰项目\02 规范化\泸203H76\泸203H76 邻井压力监测\泸203H76平台-2井-7段压裂施工-1、3、4井分点压力监测-2.xls,历史数据,157.0,5.0,已提取,3个通道
E:\压裂窜扰项目\02 规范化\泸203H76\泸203H76 邻井压力监测\泸203H76平台-2井-7段压裂施工-1、3、4井分点压力监测.xls,历史数据,181.0,5.0,已提取,3个通道
E:\压裂窜扰项目\02 规范化\泸203H76\泸203H76 邻井压力监测\泸203H76平台-2井-7段压裂施工-1、3、4井秒点压力监测.xls,历史数据,10742.0,5.0,已提取,3个通道
E:\压裂窜扰项目\02 规范化\泸203H76\泸203H76 邻井压力监测\泸203H76平台-2井-8段压裂施工-1、3、4井分点压力监测.xls,历史数据,116.0,5.0,已提取,3个通道
E:\压裂窜扰项目\02 规范化\泸203H76\泸203H76 邻井压力监测\泸203H76平台-2井-8段压裂施工-1、3、4井秒点压力监测.xls,历史数据,6842.0,5.0,已提取,3个通道
E:\压裂窜扰项目\02 规范化\泸203H76\泸203H76 邻井压力监测\泸203H76平台-2井-9段压裂施工-1、3、4井分点压力监测-2.xls,历史数据,193.0,5.0,已提取,3个通道
E:\压裂窜扰项目\02 规范化\泸203H76\泸203H76 邻井压力监测\泸203H76平台-2井-9段压裂施工-1、3、4井分点压力监测.xls,历史数据,193.0,5.0,已提取,3个通道
E:\压裂窜扰项目\02 规范化\泸203H76\泸203H76 邻井压力监测\泸203H76平台-3井-10段压裂施工-1、2、4井分点压力监测.xls,历史数据,133.0,5.0,已提取,3个通道
E:\压裂窜扰项目\02 规范化\泸203H76\泸203H76 邻井压力监测\泸203H76平台-3井-10段压裂施工-1、2、4井秒点压力监测.xls,历史数据,7862.0,5.0,已提取,3个通道
E:\压裂窜扰项目\02 规范化\泸203H76\泸203H76 邻井压力监测\泸203H76平台-3井-11段压裂施工-1、2、4井分点压力监测.xlsx,Sheet1,152.0,5.0,已提取,3个通道
E:\压裂窜扰项目\02 规范化\泸203H76\泸203H76 邻井压力监测\泸203H76平台-3井-11段压裂施工-1、2、4井分点压力监测.xlsx,Sheet2,0.0,0.0,无可用序列,空表或有效行列过少
E:\压裂窜扰项目\02 规范化\泸203H76\泸203H76 邻井压力监测\泸203H76平台-3井-11段压裂施工-1、2、4井分点压力监测.xlsx,Sheet3,0.0,0.0,无可用序列,空表或有效行列过少
E:\压裂窜扰项目\02 规范化\泸203H76\泸203H76 邻井压力监测\泸203H76平台-3井-11段压裂施工-1、2、4井秒点压力监测.xlsx,Sheet1,9002.0,5.0,已提取,3个通道
E:\压裂窜扰项目\02 规范化\泸203H76\泸203H76 邻井压力监测\泸203H76平台-3井-11段压裂施工-1、2、4井秒点压力监测.xlsx,Sheet2,0.0,0.0,无可用序列,空表或有效行列过少
E:\压裂窜扰项目\02 规范化\泸203H76\泸203H76 邻井压力监测\泸203H76平台-3井-11段压裂施工-1、2、4井秒点压力监测.xlsx,Sheet3,0.0,0.0,无可用序列,空表或有效行列过少
E:\压裂窜扰项目\02 规范化\泸203H76\泸203H76 邻井压力监测\泸203H76平台-3井-12段压裂施工-1、2、4井分点压力监测.xls,Sheet1,80.0,5.0,已提取,3个通道
E:\压裂窜扰项目\02 规范化\泸203H76\泸203H76 邻井压力监测\泸203H76平台-3井-12段压裂施工-1、2、4井分点压力监测.xls,Sheet2,0.0,0.0,无可用序列,空表或有效行列过少
E:\压裂窜扰项目\02 规范化\泸203H76\泸203H76 邻井压力监测\泸203H76平台-3井-12段压裂施工-1、2、4井分点压力监测.xls,Sheet3,0.0,0.0,无可用序列,空表或有效行列过少
E:\压裂窜扰项目\02 规范化\泸203H76\泸203H76 邻井压力监测\泸203H76平台-3井-12段压裂施工-1、2、4井秒点压力监测.xls,Sheet1,4623.0,5.0,已提取,3个通道
E:\压裂窜扰项目\02 规范化\泸203H76\泸203H76 邻井压力监测\泸203H76平台-3井-12段压裂施工-1、2、4井秒点压力监测.xls,Sheet2,0.0,0.0,无可用序列,空表或有效行列过少
E:\压裂窜扰项目\02 规范化\泸203H76\泸203H76 邻井压力监测\泸203H76平台-3井-12段压裂施工-1、2、4井秒点压力监测.xls,Sheet3,0.0,0.0,无可用序列,空表或有效行列过少
E:\压裂窜扰项目\02 规范化\泸203H76\泸203H76 邻井压力监测\泸203H76平台-3井-13段压裂施工-1、2、4井分点压力监测.xls,Sheet1,91.0,5.0,已提取,3个通道
E:\压裂窜扰项目\02 规范化\泸203H76\泸203H76 邻井压力监测\泸203H76平台-3井-13段压裂施工-1、2、4井分点压力监测.xls,Sheet2,0.0,0.0,无可用序列,空表或有效行列过少
E:\压裂窜扰项目\02 规范化\泸203H76\泸203H76 邻井压力监测\泸203H76平台-3井-13段压裂施工-1、2、4井分点压力监测.xls,Sheet3,0.0,0.0,无可用序列,空表或有效行列过少
E:\压裂窜扰项目\02 规范化\泸203H76\泸203H76 邻井压力监测\泸203H76平台-3井-13段压裂施工-1、2、4井秒点压力监测.xls,Sheet1,5342.0,5.0,已提取,3个通道
E:\压裂窜扰项目\02 规范化\泸203H76\泸203H76 邻井压力监测\泸203H76平台-3井-13段压裂施工-1、2、4井秒点压力监测.xls,Sheet2,0.0,0.0,无可用序列,空表或有效行列过少
E:\压裂窜扰项目\02 规范化\泸203H76\泸203H76 邻井压力监测\泸203H76平台-3井-13段压裂施工-1、2、4井秒点压力监测.xls,Sheet3,0.0,0.0,无可用序列,空表或有效行列过少
E:\压裂窜扰项目\02 规范化\泸203H76\泸203H76 邻井压力监测\泸203H76平台-3井-15段压裂施工-1、2、4井分点压力监测.xls,Sheet1,139.0,5.0,已提取,3个通道
E:\压裂窜扰项目\02 规范化\泸203H76\泸203H76 邻井压力监测\泸203H76平台-3井-15段压裂施工-1、2、4井分点压力监测.xls,Sheet2,0.0,0.0,无可用序列,空表或有效行列过少
E:\压裂窜扰项目\02 规范化\泸203H76\泸203H76 邻井压力监测\泸203H76平台-3井-15段压裂施工-1、2、4井分点压力监测.xls,Sheet3,0.0,0.0,无可用序列,空表或有效行列过少
E:\压裂窜扰项目\02 规范化\泸203H76\泸203H76 邻井压力监测\泸203H76平台-3井-15段压裂施工-1、2、4井秒点压力监测.xls,Sheet1,8222.0,5.0,已提取,3个通道
E:\压裂窜扰项目\02 规范化\泸203H76\泸203H76 邻井压力监测\泸203H76平台-3井-15段压裂施工-1、2、4井秒点压力监测.xls,Sheet2,0.0,0.0,无可用序列,空表或有效行列过少
E:\压裂窜扰项目\02 规范化\泸203H76\泸203H76 邻井压力监测\泸203H76平台-3井-15段压裂施工-1、2、4井秒点压力监测.xls,Sheet3,0.0,0.0,无可用序列,空表或有效行列过少
E:\压裂窜扰项目\02 规范化\泸203H76\泸203H76 邻井压力监测\泸203H76平台-3井-16段压裂施工-1、2、4井分点压力监测.xls,Sheet1,93.0,5.0,已提取,3个通道
E:\压裂窜扰项目\02 规范化\泸203H76\泸203H76 邻井压力监测\泸203H76平台-3井-16段压裂施工-1、2、4井分点压力监测.xls,Sheet2,0.0,0.0,无可用序列,空表或有效行列过少
E:\压裂窜扰项目\02 规范化\泸203H76\泸203H76 邻井压力监测\泸203H76平台-3井-16段压裂施工-1、2、4井分点压力监测.xls,Sheet3,0.0,0.0,无可用序列,空表或有效行列过少
E:\压裂窜扰项目\02 规范化\泸203H76\泸203H76 邻井压力监测\泸203H76平台-3井-16段压裂施工-1、2、4井秒点压力监测.xls,Sheet1,5462.0,5.0,已提取,3个通道
E:\压裂窜扰项目\02 规范化\泸203H76\泸203H76 邻井压力监测\泸203H76平台-3井-16段压裂施工-1、2、4井秒点压力监测.xls,Sheet2,0.0,0.0,无可用序列,空表或有效行列过少
E:\压裂窜扰项目\02 规范化\泸203H76\泸203H76 邻井压力监测\泸203H76平台-3井-16段压裂施工-1、2、4井秒点压力监测.xls,Sheet3,0.0,0.0,无可用序列,空表或有效行列过少
E:\压裂窜扰项目\02 规范化\泸203H76\泸203H76 邻井压力监测\泸203H76平台-3井-17段压裂施工-1、2、4井分点压力监测.xls,Sheet1,133.0,5.0,已提取,3个通道
E:\压裂窜扰项目\02 规范化\泸203H76\泸203H76 邻井压力监测\泸203H76平台-3井-17段压裂施工-1、2、4井分点压力监测.xls,Sheet2,0.0,0.0,无可用序列,空表或有效行列过少
E:\压裂窜扰项目\02 规范化\泸203H76\泸203H76 邻井压力监测\泸203H76平台-3井-17段压裂施工-1、2、4井分点压力监测.xls,Sheet3,0.0,0.0,无可用序列,空表或有效行列过少
E:\压裂窜扰项目\02 规范化\泸203H76\泸203H76 邻井压力监测\泸203H76平台-3井-17段压裂施工-1、2、4井秒点压力监测.xls,Sheet1,7862.0,5.0,已提取,3个通道
E:\压裂窜扰项目\02 规范化\泸203H76\泸203H76 邻井压力监测\泸203H76平台-3井-17段压裂施工-1、2、4井秒点压力监测.xls,Sheet2,0.0,0.0,无可用序列,空表或有效行列过少
E:\压裂窜扰项目\02 规范化\泸203H76\泸203H76 邻井压力监测\泸203H76平台-3井-17段压裂施工-1、2、4井秒点压力监测.xls,Sheet3,0.0,0.0,无可用序列,空表或有效行列过少
E:\压裂窜扰项目\02 规范化\泸203H76\泸203H76 邻井压力监测\泸203H76平台-3井-18段压裂施工-1、2、4井分点压力监测.xls,Sheet1,122.0,5.0,已提取,3个通道
E:\压裂窜扰项目\02 规范化\泸203H76\泸203H76 邻井压力监测\泸203H76平台-3井-18段压裂施工-1、2、4井分点压力监测.xls,Sheet2,0.0,0.0,无可用序列,空表或有效行列过少
E:\压裂窜扰项目\02 规范化\泸203H76\泸203H76 邻井压力监测\泸203H76平台-3井-18段压裂施工-1、2、4井分点压力监测.xls,Sheet3,0.0,0.0,无可用序列,空表或有效行列过少
E:\压裂窜扰项目\02 规范化\泸203H76\泸203H76 邻井压力监测\泸203H76平台-3井-18段压裂施工-1、2、4井秒点压力监测.xls,Sheet1,7202.0,5.0,已提取,3个通道
E:\压裂窜扰项目\02 规范化\泸203H76\泸203H76 邻井压力监测\泸203H76平台-3井-18段压裂施工-1、2、4井秒点压力监测.xls,Sheet2,0.0,0.0,无可用序列,空表或有效行列过少
E:\压裂窜扰项目\02 规范化\泸203H76\泸203H76 邻井压力监测\泸203H76平台-3井-18段压裂施工-1、2、4井秒点压力监测.xls,Sheet3,0.0,0.0,无可用序列,空表或有效行列过少
E:\压裂窜扰项目\02 规范化\泸203H76\泸203H76 邻井压力监测\泸203H76平台-3井-19段压裂施工-1、2、4井分点压力监测.xls,Sheet1,119.0,5.0,已提取,3个通道
E:\压裂窜扰项目\02 规范化\泸203H76\泸203H76 邻井压力监测\泸203H76平台-3井-19段压裂施工-1、2、4井分点压力监测.xls,Sheet2,0.0,0.0,无可用序列,空表或有效行列过少
E:\压裂窜扰项目\02 规范化\泸203H76\泸203H76 邻井压力监测\泸203H76平台-3井-19段压裂施工-1、2、4井分点压力监测.xls,Sheet3,0.0,0.0,无可用序列,空表或有效行列过少
E:\压裂窜扰项目\02 规范化\泸203H76\泸203H76 邻井压力监测\泸203H76平台-3井-19段压裂施工-1、2、4井秒点压力监测.xls,Sheet1,7022.0,5.0,已提取,3个通道
E:\压裂窜扰项目\02 规范化\泸203H76\泸203H76 邻井压力监测\泸203H76平台-3井-19段压裂施工-1、2、4井秒点压力监测.xls,Sheet2,0.0,0.0,无可用序列,空表或有效行列过少
E:\压裂窜扰项目\02 规范化\泸203H76\泸203H76 邻井压力监测\泸203H76平台-3井-19段压裂施工-1、2、4井秒点压力监测.xls,Sheet3,0.0,0.0,无可用序列,空表或有效行列过少
E:\压裂窜扰项目\02 规范化\泸203H76\泸203H76 邻井压力监测\泸203H76平台-3井-20段压裂施工-1、2、4井分点压力监测.xls,Sheet1,118.0,5.0,已提取,3个通道
E:\压裂窜扰项目\02 规范化\泸203H76\泸203H76 邻井压力监测\泸203H76平台-3井-20段压裂施工-1、2、4井分点压力监测.xls,Sheet2,0.0,0.0,无可用序列,空表或有效行列过少
E:\压裂窜扰项目\02 规范化\泸203H76\泸203H76 邻井压力监测\泸203H76平台-3井-20段压裂施工-1、2、4井分点压力监测.xls,Sheet3,0.0,0.0,无可用序列,空表或有效行列过少
E:\压裂窜扰项目\02 规范化\泸203H76\泸203H76 邻井压力监测\泸203H76平台-3井-20段压裂施工-1、2、4井秒点压力监测.xls,Sheet1,6962.0,5.0,已提取,3个通道
E:\压裂窜扰项目\02 规范化\泸203H76\泸203H76 邻井压力监测\泸203H76平台-3井-20段压裂施工-1、2、4井秒点压力监测.xls,Sheet2,0.0,0.0,无可用序列,空表或有效行列过少
E:\压裂窜扰项目\02 规范化\泸203H76\泸203H76 邻井压力监测\泸203H76平台-3井-20段压裂施工-1、2、4井秒点压力监测.xls,Sheet3,0.0,0.0,无可用序列,空表或有效行列过少
E:\压裂窜扰项目\02 规范化\泸203H76\泸203H76 邻井压力监测\泸203H76平台-3井-21段压裂施工-1、2、4井分点压力监测.xls,Sheet1,139.0,5.0,已提取,3个通道
E:\压裂窜扰项目\02 规范化\泸203H76\泸203H76 邻井压力监测\泸203H76平台-3井-21段压裂施工-1、2、4井分点压力监测.xls,Sheet2,0.0,0.0,无可用序列,空表或有效行列过少
E:\压裂窜扰项目\02 规范化\泸203H76\泸203H76 邻井压力监测\泸203H76平台-3井-21段压裂施工-1、2、4井分点压力监测.xls,Sheet3,0.0,0.0,无可用序列,空表或有效行列过少
E:\压裂窜扰项目\02 规范化\泸203H76\泸203H76 邻井压力监测\泸203H76平台-3井-21段压裂施工-1、2、4井秒点压力监测.xls,Sheet1,8222.0,5.0,已提取,3个通道
E:\压裂窜扰项目\02 规范化\泸203H76\泸203H76 邻井压力监测\泸203H76平台-3井-21段压裂施工-1、2、4井秒点压力监测.xls,Sheet2,0.0,0.0,无可用序列,空表或有效行列过少
E:\压裂窜扰项目\02 规范化\泸203H76\泸203H76 邻井压力监测\泸203H76平台-3井-21段压裂施工-1、2、4井秒点压力监测.xls,Sheet3,0.0,0.0,无可用序列,空表或有效行列过少
E:\压裂窜扰项目\02 规范化\泸203H76\泸203H76 邻井压力监测\泸203H76平台-3井-3段压裂施工-4井秒点压力监测.xls,历史数据,14402.0,3.0,已提取,1个通道
E:\压裂窜扰项目\02 规范化\泸203H76\泸203H76 邻井压力监测\泸203H76平台-3井-7段压裂施工-1、2、3井分点压力监测.xls,Sheet1,422.0,5.0,已提取,3个通道
E:\压裂窜扰项目\02 规范化\泸203H76\泸203H76 邻井压力监测\泸203H76平台-3井-7段压裂施工-1、2、3井分点压力监测.xls,Sheet2,0.0,0.0,无可用序列,空表或有效行列过少
E:\压裂窜扰项目\02 规范化\泸203H76\泸203H76 邻井压力监测\泸203H76平台-3井-7段压裂施工-1、2、3井分点压力监测.xls,Sheet3,0.0,0.0,无可用序列,空表或有效行列过少
E:\压裂窜扰项目\02 规范化\泸203H76\泸203H76 邻井压力监测\泸203H76平台-3井-7段压裂施工-1、2、4井压力监测-2.xls,Sheet1,212.0,4.0,已提取,3个通道
E:\压裂窜扰项目\02 规范化\泸203H76\泸203H76 邻井压力监测\泸203H76平台-3井-7段压裂施工-1、2、4井压力监测-2.xls,Sheet2,0.0,0.0,无可用序列,空表或有效行列过少
E:\压裂窜扰项目\02 规范化\泸203H76\泸203H76 邻井压力监测\泸203H76平台-3井-7段压裂施工-1、2、4井压力监测-2.xls,Sheet3,0.0,0.0,无可用序列,空表或有效行列过少
E:\压裂窜扰项目\02 规范化\泸203H76\泸203H76 邻井压力监测\泸203H76平台-3井-7段压裂施工-1、2、4井压力监测.xls,Sheet1,212.0,4.0,已提取,3个通道
E:\压裂窜扰项目\02 规范化\泸203H76\泸203H76 邻井压力监测\泸203H76平台-3井-7段压裂施工-1、2、4井压力监测.xls,Sheet2,0.0,0.0,无可用序列,空表或有效行列过少
E:\压裂窜扰项目\02 规范化\泸203H76\泸203H76 邻井压力监测\泸203H76平台-3井-7段压裂施工-1、2、4井压力监测.xls,Sheet3,0.0,0.0,无可用序列,空表或有效行列过少
E:\压裂窜扰项目\02 规范化\泸203H76\泸203H76 邻井压力监测\泸203H76平台-3井-8段压裂施工-1、2、4井分点压力监测.xls,Sheet1,144.0,4.0,已提取,3个通道
E:\压裂窜扰项目\02 规范化\泸203H76\泸203H76 邻井压力监测\泸203H76平台-3井-8段压裂施工-1、2、4井分点压力监测.xls,Sheet2,0.0,0.0,无可用序列,空表或有效行列过少
E:\压裂窜扰项目\02 规范化\泸203H76\泸203H76 邻井压力监测\泸203H76平台-3井-8段压裂施工-1、2、4井分点压力监测.xls,Sheet3,0.0,0.0,无可用序列,空表或有效行列过少
E:\压裂窜扰项目\02 规范化\泸203H76\泸203H76 邻井压力监测\泸203H76平台-3井-8段压裂施工-2、4井秒点压力监测.xls,Sheet1,8522.0,3.0,已提取,2个通道
E:\压裂窜扰项目\02 规范化\泸203H76\泸203H76 邻井压力监测\泸203H76平台-3井-8段压裂施工-2、4井秒点压力监测.xls,Sheet2,0.0,0.0,无可用序列,空表或有效行列过少
E:\压裂窜扰项目\02 规范化\泸203H76\泸203H76 邻井压力监测\泸203H76平台-3井-8段压裂施工-2、4井秒点压力监测.xls,Sheet3,0.0,0.0,无可用序列,空表或有效行列过少
E:\压裂窜扰项目\02 规范化\泸203H76\泸203H76 邻井压力监测\泸203H76平台-3井-9段压裂施工-4井秒点压力监测.xls,Sheet1,10574.0,3.0,已提取,1个通道
E:\压裂窜扰项目\02 规范化\泸203H76\泸203H76 邻井压力监测\泸203H76平台-3井-9段压裂施工-4井秒点压力监测.xls,Sheet2,0.0,0.0,无可用序列,空表或有效行列过少
E:\压裂窜扰项目\02 规范化\泸203H76\泸203H76 邻井压力监测\泸203H76平台-3井-9段压裂施工-4井秒点压力监测.xls,Sheet3,0.0,0.0,无可用序列,空表或有效行列过少
E:\压裂窜扰项目\02 规范化\泸203H76\泸203H76 邻井压力监测\泸203H76平台-4井-10段压裂施工-1、2、3井分点压力监测.xls,历史数据,654.0,5.0,已提取,3个通道
E:\压裂窜扰项目\02 规范化\泸203H76\泸203H76 邻井压力监测\泸203H76平台-4井-10段压裂施工-1、2、3井秒点压力监测.xls,历史数据,39122.0,5.0,已提取,3个通道
E:\压裂窜扰项目\02 规范化\泸203H76\泸203H76 邻井压力监测\泸203H76平台-4井-11段压裂施工-1、2、3井分点压力监测.xls,Sheet1,153.0,5.0,已提取,3个通道
E:\压裂窜扰项目\02 规范化\泸203H76\泸203H76 邻井压力监测\泸203H76平台-4井-11段压裂施工-1、2、3井分点压力监测.xls,Sheet2,0.0,0.0,无可用序列,空表或有效行列过少
E:\压裂窜扰项目\02 规范化\泸203H76\泸203H76 邻井压力监测\泸203H76平台-4井-11段压裂施工-1、2、3井分点压力监测.xls,Sheet3,0.0,0.0,无可用序列,空表或有效行列过少
E:\压裂窜扰项目\02 规范化\泸203H76\泸203H76 邻井压力监测\泸203H76平台-4井-11段压裂施工-1、2、3井秒点压力监测.xls,Sheet1,9062.0,5.0,已提取,3个通道
E:\压裂窜扰项目\02 规范化\泸203H76\泸203H76 邻井压力监测\泸203H76平台-4井-11段压裂施工-1、2、3井秒点压力监测.xls,Sheet2,0.0,0.0,无可用序列,空表或有效行列过少
E:\压裂窜扰项目\02 规范化\泸203H76\泸203H76 邻井压力监测\泸203H76平台-4井-11段压裂施工-1、2、3井秒点压力监测.xls,Sheet3,0.0,0.0,无可用序列,空表或有效行列过少
E:\压裂窜扰项目\02 规范化\泸203H76\泸203H76 邻井压力监测\泸203H76平台-4井-13段压裂施工-1、2、3井分点压力监测.xls,Sheet1,174.0,5.0,已提取,3个通道
E:\压裂窜扰项目\02 规范化\泸203H76\泸203H76 邻井压力监测\泸203H76平台-4井-13段压裂施工-1、2、3井分点压力监测.xls,Sheet2,0.0,0.0,无可用序列,空表或有效行列过少
E:\压裂窜扰项目\02 规范化\泸203H76\泸203H76 邻井压力监测\泸203H76平台-4井-13段压裂施工-1、2、3井分点压力监测.xls,Sheet3,0.0,0.0,无可用序列,空表或有效行列过少
E:\压裂窜扰项目\02 规范化\泸203H76\泸203H76 邻井压力监测\泸203H76平台-4井-13段压裂施工-1、2、3井秒点压力监测.xls,Sheet1,10322.0,5.0,已提取,3个通道
E:\压裂窜扰项目\02 规范化\泸203H76\泸203H76 邻井压力监测\泸203H76平台-4井-13段压裂施工-1、2、3井秒点压力监测.xls,Sheet2,0.0,0.0,无可用序列,空表或有效行列过少
E:\压裂窜扰项目\02 规范化\泸203H76\泸203H76 邻井压力监测\泸203H76平台-4井-13段压裂施工-1、2、3井秒点压力监测.xls,Sheet3,0.0,0.0,无可用序列,空表或有效行列过少
E:\压裂窜扰项目\02 规范化\泸203H76\泸203H76 邻井压力监测\泸203H76平台-4井-14段压裂施工-1、2、3井分点压力监测-2.xls,Sheet1,8822.0,5.0,已提取,3个通道
E:\压裂窜扰项目\02 规范化\泸203H76\泸203H76 邻井压力监测\泸203H76平台-4井-14段压裂施工-1、2、3井分点压力监测-2.xls,Sheet2,0.0,0.0,无可用序列,空表或有效行列过少
E:\压裂窜扰项目\02 规范化\泸203H76\泸203H76 邻井压力监测\泸203H76平台-4井-14段压裂施工-1、2、3井分点压力监测-2.xls,Sheet3,0.0,0.0,无可用序列,空表或有效行列过少
E:\压裂窜扰项目\02 规范化\泸203H76\泸203H76 邻井压力监测\泸203H76平台-4井-14段压裂施工-1、2、3井分点压力监测.xls,Sheet1,149.0,5.0,已提取,3个通道
E:\压裂窜扰项目\02 规范化\泸203H76\泸203H76 邻井压力监测\泸203H76平台-4井-14段压裂施工-1、2、3井分点压力监测.xls,Sheet2,0.0,0.0,无可用序列,空表或有效行列过少
E:\压裂窜扰项目\02 规范化\泸203H76\泸203H76 邻井压力监测\泸203H76平台-4井-14段压裂施工-1、2、3井分点压力监测.xls,Sheet3,0.0,0.0,无可用序列,空表或有效行列过少
E:\压裂窜扰项目\02 规范化\泸203H76\泸203H76 邻井压力监测\泸203H76平台-4井-14段压裂施工-1、2井分点压力监测.xls,Sheet1,180.0,4.0,已提取,2个通道
E:\压裂窜扰项目\02 规范化\泸203H76\泸203H76 邻井压力监测\泸203H76平台-4井-14段压裂施工-1、2井分点压力监测.xls,Sheet2,0.0,0.0,无可用序列,空表或有效行列过少
E:\压裂窜扰项目\02 规范化\泸203H76\泸203H76 邻井压力监测\泸203H76平台-4井-14段压裂施工-1、2井分点压力监测.xls,Sheet3,0.0,0.0,无可用序列,空表或有效行列过少
E:\压裂窜扰项目\02 规范化\泸203H76\泸203H76 邻井压力监测\泸203H76平台-4井-16段压裂施工-1、2、3井分点压力监测.xls,Sheet1,134.0,5.0,已提取,3个通道
E:\压裂窜扰项目\02 规范化\泸203H76\泸203H76 邻井压力监测\泸203H76平台-4井-16段压裂施工-1、2、3井分点压力监测.xls,Sheet2,0.0,0.0,无可用序列,空表或有效行列过少
E:\压裂窜扰项目\02 规范化\泸203H76\泸203H76 邻井压力监测\泸203H76平台-4井-16段压裂施工-1、2、3井分点压力监测.xls,Sheet3,0.0,0.0,无可用序列,空表或有效行列过少
E:\压裂窜扰项目\02 规范化\泸203H76\泸203H76 邻井压力监测\泸203H76平台-4井-16段压裂施工-1、2、3井秒点压力监测.xls,Sheet1,7922.0,5.0,已提取,3个通道
E:\压裂窜扰项目\02 规范化\泸203H76\泸203H76 邻井压力监测\泸203H76平台-4井-16段压裂施工-1、2、3井秒点压力监测.xls,Sheet2,0.0,0.0,无可用序列,空表或有效行列过少
E:\压裂窜扰项目\02 规范化\泸203H76\泸203H76 邻井压力监测\泸203H76平台-4井-16段压裂施工-1、2、3井秒点压力监测.xls,Sheet3,0.0,0.0,无可用序列,空表或有效行列过少
E:\压裂窜扰项目\02 规范化\泸203H76\泸203H76 邻井压力监测\泸203H76平台-4井-18段压裂施工-1、2、3井分点压力监测.xls,Sheet1,157.0,5.0,已提取,3个通道
E:\压裂窜扰项目\02 规范化\泸203H76\泸203H76 邻井压力监测\泸203H76平台-4井-18段压裂施工-1、2、3井分点压力监测.xls,Sheet2,0.0,0.0,无可用序列,空表或有效行列过少
E:\压裂窜扰项目\02 规范化\泸203H76\泸203H76 邻井压力监测\泸203H76平台-4井-18段压裂施工-1、2、3井分点压力监测.xls,Sheet3,0.0,0.0,无可用序列,空表或有效行列过少
E:\压裂窜扰项目\02 规范化\泸203H76\泸203H76 邻井压力监测\泸203H76平台-4井-18段压裂施工-1、2、3井秒点压力监测.xls,Sheet1,9302.0,5.0,已提取,3个通道
E:\压裂窜扰项目\02 规范化\泸203H76\泸203H76 邻井压力监测\泸203H76平台-4井-18段压裂施工-1、2、3井秒点压力监测.xls,Sheet2,0.0,0.0,无可用序列,空表或有效行列过少
E:\压裂窜扰项目\02 规范化\泸203H76\泸203H76 邻井压力监测\泸203H76平台-4井-18段压裂施工-1、2、3井秒点压力监测.xls,Sheet3,0.0,0.0,无可用序列,空表或有效行列过少
E:\压裂窜扰项目\02 规范化\泸203H76\泸203H76 邻井压力监测\泸203H76平台-4井-5段压裂施工-3井分点压力监测.xlsx,Sheet1,132.0,3.0,已提取,1个通道
E:\压裂窜扰项目\02 规范化\泸203H76\泸203H76 邻井压力监测\泸203H76平台-4井-5段压裂施工-3井分点压力监测.xlsx,Sheet2,0.0,0.0,无可用序列,空表或有效行列过少
E:\压裂窜扰项目\02 规范化\泸203H76\泸203H76 邻井压力监测\泸203H76平台-4井-5段压裂施工-3井分点压力监测.xlsx,Sheet3,0.0,0.0,无可用序列,空表或有效行列过少
E:\压裂窜扰项目\02 规范化\泸203H76\泸203H76 邻井压力监测\泸203H76平台-4井-5段压裂施工-3井秒点压力监测.xls,Sheet1,7802.0,3.0,已提取,1个通道
E:\压裂窜扰项目\02 规范化\泸203H76\泸203H76 邻井压力监测\泸203H76平台-4井-5段压裂施工-3井秒点压力监测.xls,Sheet2,0.0,0.0,无可用序列,空表或有效行列过少
E:\压裂窜扰项目\02 规范化\泸203H76\泸203H76 邻井压力监测\泸203H76平台-4井-5段压裂施工-3井秒点压力监测.xls,Sheet3,0.0,0.0,无可用序列,空表或有效行列过少
E:\压裂窜扰项目\02 规范化\泸203H76\泸203H76 邻井压力监测\泸203H76平台-4井-6段压裂施工-3井分点压力监测.xls,历史数据,140.0,3.0,已提取,1个通道
E:\压裂窜扰项目\02 规范化\泸203H76\泸203H76 邻井压力监测\泸203H76平台-4井-6段压裂施工-3井秒点压力监测.xls,历史数据,8282.0,3.0,已提取,1个通道
E:\压裂窜扰项目\02 规范化\泸203H76\泸203H76 邻井压力监测\泸203H76平台-4井-7段压裂施工-1、2、3井压力监测-2.xls,Sheet1,139.0,4.0,已提取,3个通道
E:\压裂窜扰项目\02 规范化\泸203H76\泸203H76 邻井压力监测\泸203H76平台-4井-7段压裂施工-1、2、3井压力监测-2.xls,Sheet2,0.0,0.0,无可用序列,空表或有效行列过少
E:\压裂窜扰项目\02 规范化\泸203H76\泸203H76 邻井压力监测\泸203H76平台-4井-7段压裂施工-1、2、3井压力监测-2.xls,Sheet3,0.0,0.0,无可用序列,空表或有效行列过少
E:\压裂窜扰项目\02 规范化\泸203H76\泸203H76 邻井压力监测\泸203H76平台-4井-7段压裂施工-1、2、3井压力监测.xls,Sheet1,174.0,4.0,已提取,3个通道
E:\压裂窜扰项目\02 规范化\泸203H76\泸203H76 邻井压力监测\泸203H76平台-4井-7段压裂施工-1、2、3井压力监测.xls,Sheet2,0.0,0.0,无可用序列,空表或有效行列过少
E:\压裂窜扰项目\02 规范化\泸203H76\泸203H76 邻井压力监测\泸203H76平台-4井-7段压裂施工-1、2、3井压力监测.xls,Sheet3,0.0,0.0,无可用序列,空表或有效行列过少
E:\压裂窜扰项目\02 规范化\泸203H76\泸203H76 邻井压力监测\泸203H76平台-4井-8段压裂施工-1、2、3井压力监测.xls,Sheet1,134.0,4.0,已提取,3个通道
E:\压裂窜扰项目\02 规范化\泸203H76\泸203H76 邻井压力监测\泸203H76平台-4井-8段压裂施工-1、2、3井压力监测.xls,Sheet2,0.0,0.0,无可用序列,空表或有效行列过少
E:\压裂窜扰项目\02 规范化\泸203H76\泸203H76 邻井压力监测\泸203H76平台-4井-8段压裂施工-1、2、3井压力监测.xls,Sheet3,0.0,0.0,无可用序列,空表或有效行列过少
E:\压裂窜扰项目\02 规范化\泸203H76\泸203H76 邻井压力监测\泸203H76平台-4井-9段压裂施工-1、2、3井分点压力监测.xls,历史数据,254.0,5.0,已提取,3个通道
E:\压裂窜扰项目\02 规范化\泸203H76\泸203H76 邻井压力监测\泸203H76平台-4井-段号待核实压裂施工-邻井待核实分点压力监测.xls,Sheet1,135.0,3.0,已提取,1个通道
E:\压裂窜扰项目\02 规范化\泸203H76\泸203H76 邻井压力监测\泸203H76平台-4井-段号待核实压裂施工-邻井待核实分点压力监测.xls,Sheet2,0.0,0.0,无可用序列,空表或有效行列过少
E:\压裂窜扰项目\02 规范化\泸203H76\泸203H76 邻井压力监测\泸203H76平台-4井-段号待核实压裂施工-邻井待核实分点压力监测.xls,Sheet3,0.0,0.0,无可用序列,空表或有效行列过少
E:\压裂窜扰项目\02 规范化\泸203H76\泸203H76 邻井压力监测\泸203H76平台-4井-段号待核实压裂施工-邻井待核实秒点压力监测.xls,Sheet1,7982.0,3.0,未提取压力通道,0个通道
E:\压裂窜扰项目\02 规范化\泸203H76\泸203H76 邻井压力监测\泸203H76平台-4井-段号待核实压裂施工-邻井待核实秒点压力监测.xls,Sheet2,0.0,0.0,无可用序列,空表或有效行列过少
E:\压裂窜扰项目\02 规范化\泸203H76\泸203H76 邻井压力监测\泸203H76平台-4井-段号待核实压裂施工-邻井待核实秒点压力监测.xls,Sheet3,0.0,0.0,无可用序列,空表或有效行列过少
E:\压裂窜扰项目\02 规范化\泸203H8\泸203H8 邻井压力监测\2井第二段压裂期间邻井3井套压变化.xls,导出数据,10804.0,2.0,已提取,1个通道
E:\压裂窜扰项目\02 规范化\泸203H8\泸203H8 邻井压力监测\2井首段压裂期间3井监测邻井压力变化.xls,导出数据,6604.0,2.0,已提取,1个通道
E:\压裂窜扰项目\02 规范化\泸203H8\泸203H8 邻井压力监测\4井首段压裂期间邻井3井套压变化.xls,导出数据,5404.0,2.0,已提取,1个通道
E:\压裂窜扰项目\02 规范化\泸203H8\泸203H8 邻井压力监测\泸203H8-2-5段压裂施工-1井套压压力监测.xls,导出数据,7264.0,2.0,已提取,1个通道
E:\压裂窜扰项目\02 规范化\泸203H8\泸203H8 邻井压力监测\泸203H8-2-6段压裂施工-1井套压压力监测-2.xls,导出数据,6064.0,2.0,已提取,1个通道
E:\压裂窜扰项目\02 规范化\泸203H8\泸203H8 邻井压力监测\泸203H8-2-6段压裂施工-1井套压压力监测.xls,导出数据,6064.0,2.0,已提取,1个通道
E:\压裂窜扰项目\02 规范化\泸203H8\泸203H8 邻井压力监测\泸203H8-4-2段压裂施工-3井套压压力监测.xls,导出数据,8104.0,2.0,已提取,1个通道
E:\压裂窜扰项目\02 规范化\泸203H8\泸203H8 邻井压力监测\泸203H8-4-3段压裂施工-2井秒点压力监测.xls,导出数据,11704.0,2.0,已提取,1个通道
E:\压裂窜扰项目\02 规范化\泸203H8\泸203H8 邻井压力监测\泸203H8平台2井第1段施工(1).xls,阶段汇总,30.0,15.0,非时序压力表,工况、数量或阶段汇总表
E:\压裂窜扰项目\02 规范化\泸203H8\泸203H8 邻井压力监测\泸203H8平台2井第1段施工(1).xls,分点数据,8763.0,11.0,未提取压力通道,0个通道
E:\压裂窜扰项目\02 规范化\泸203H8\泸203H8 邻井压力监测\泸203H8平台2井第1段施工(1).xls,打印数据,187.0,10.0,未提取压力通道,0个通道
E:\压裂窜扰项目\02 规范化\泸203H8\泸203H8 邻井压力监测\泸203H8平台2井第5段施工叠合图.xls,封面,13.0,3.0,解析失败,没有至少5个可解释时间点
E:\压裂窜扰项目\02 规范化\泸203H8\泸203H8 邻井压力监测\泸203H8平台2井第5段施工叠合图.xls,基础参数,44.0,7.0,非时序压力表,工况、数量或阶段汇总表
E:\压裂窜扰项目\02 规范化\泸203H8\泸203H8 邻井压力监测\泸203H8平台2井第5段施工叠合图.xls,施工设计,104.0,10.0,非时序压力表,工况、数量或阶段汇总表
E:\压裂窜扰项目\02 规范化\泸203H8\泸203H8 邻井压力监测\泸203H8平台2井第5段施工叠合图.xls,阶段汇总,30.0,15.0,非时序压力表,工况、数量或阶段汇总表
E:\压裂窜扰项目\02 规范化\泸203H8\泸203H8 邻井压力监测\泸203H8平台2井第5段施工叠合图.xls,分点数据,9063.0,14.0,未提取压力通道,0个通道
E:\压裂窜扰项目\02 规范化\泸203H8\泸203H8 邻井压力监测\泸203H8平台2井第5段施工叠合图.xls,打印数据,206.0,10.0,未提取压力通道,0个通道
E:\压裂窜扰项目\02 规范化\泸203H8\泸203H8 邻井压力监测\泸203H8平台2井第6段施工.xls,封面,13.0,3.0,解析失败,没有至少5个可解释时间点
E:\压裂窜扰项目\02 规范化\泸203H8\泸203H8 邻井压力监测\泸203H8平台2井第6段施工.xls,基础参数,44.0,7.0,非时序压力表,工况、数量或阶段汇总表
E:\压裂窜扰项目\02 规范化\泸203H8\泸203H8 邻井压力监测\泸203H8平台2井第6段施工.xls,施工设计,104.0,10.0,非时序压力表,工况、数量或阶段汇总表
E:\压裂窜扰项目\02 规范化\泸203H8\泸203H8 邻井压力监测\泸203H8平台2井第6段施工.xls,阶段汇总,30.0,15.0,非时序压力表,工况、数量或阶段汇总表
E:\压裂窜扰项目\02 规范化\泸203H8\泸203H8 邻井压力监测\泸203H8平台2井第6段施工.xls,分点数据,5866.0,14.0,未提取压力通道,0个通道
E:\压裂窜扰项目\02 规范化\泸203H8\泸203H8 邻井压力监测\泸203H8平台2井第6段施工.xls,打印数据,161.0,10.0,未提取压力通道,0个通道
E:\压裂窜扰项目\02 规范化\泸203H8\泸203H8 邻井压力监测\泸203H8平台4井第2段施工(1).xls,封面,13.0,3.0,解析失败,没有至少5个可解释时间点
E:\压裂窜扰项目\02 规范化\泸203H8\泸203H8 邻井压力监测\泸203H8平台4井第2段施工(1).xls,基础参数,44.0,7.0,非时序压力表,工况、数量或阶段汇总表
E:\压裂窜扰项目\02 规范化\泸203H8\泸203H8 邻井压力监测\泸203H8平台4井第2段施工(1).xls,施工设计,104.0,10.0,非时序压力表,工况、数量或阶段汇总表
E:\压裂窜扰项目\02 规范化\泸203H8\泸203H8 邻井压力监测\泸203H8平台4井第2段施工(1).xls,阶段汇总,35.0,15.0,非时序压力表,工况、数量或阶段汇总表
E:\压裂窜扰项目\02 规范化\泸203H8\泸203H8 邻井压力监测\泸203H8平台4井第2段施工(1).xls,分点数据,11163.0,11.0,未提取压力通道,0个通道
E:\压裂窜扰项目\02 规范化\泸203H8\泸203H8 邻井压力监测\泸203H8平台4井第2段施工(1).xls,打印数据,260.0,10.0,未提取压力通道,0个通道
E:\压裂窜扰项目\02 规范化\泸203H91\泸203H91 邻井压力监测\2、4井秒点数据.xls,导出数据,13504.0,3.0,已提取,2个通道
E:\压裂窜扰项目\02 规范化\泸203H91\泸203H91 邻井压力监测\2井秒点数据(1).xls,导出数据,9604.0,2.0,已提取,1个通道
E:\压裂窜扰项目\02 规范化\泸203H91\泸203H91 邻井压力监测\2井秒点数据(3).xls,导出数据,10804.0,2.0,已提取,1个通道
E:\压裂窜扰项目\02 规范化\泸203H91\泸203H91 邻井压力监测\2井秒点数据1(1).xls,导出数据,11404.0,2.0,已提取,1个通道
E:\压裂窜扰项目\02 规范化\泸203H91\泸203H91 邻井压力监测\2井秒点数据1(1)__D26AE2BD.xls,导出数据,11404.0,2.0,已提取,1个通道
E:\压裂窜扰项目\02 规范化\泸203H91\泸203H91 邻井压力监测\3、4井秒点数据(2).xls,导出数据,9604.0,3.0,已提取,2个通道
E:\压裂窜扰项目\02 规范化\泸203H91\泸203H91 邻井压力监测\3、4井秒点数据(4).xls,导出数据,10864.0,3.0,已提取,2个通道
E:\压裂窜扰项目\02 规范化\泸203H91\泸203H91 邻井压力监测\3井秒点数据.xls,导出数据,11824.0,2.0,已提取,1个通道
E:\压裂窜扰项目\02 规范化\泸203H91\泸203H91 邻井压力监测\泸203H91-3-11段压裂施工-2、4井压力监测.xls,导出数据,13204.0,3.0,已提取,2个通道
E:\压裂窜扰项目\02 规范化\泸203H91\泸203H91 邻井压力监测\泸203H91-3-5段压裂施工-2井秒点压力监测.xls,导出数据,10804.0,2.0,已提取,1个通道
E:\压裂窜扰项目\02 规范化\泸203H91\泸203H91 邻井压力监测\泸203H91-3-6段压裂施工-2井秒点压力监测.xls,导出数据,11884.0,2.0,已提取,1个通道
E:\压裂窜扰项目\02 规范化\泸203H91\泸203H91 邻井压力监测\泸203H91-4-4段压裂施工-2、3井秒点压力监测.xls,导出数据,60064.0,3.0,已提取,2个通道
E:\压裂窜扰项目\02 规范化\泸203H91\泸203H91 邻井压力监测\泸203H91-4-4段压裂施工-3井秒点压力监测.xls,导出数据,60061.0,2.0,已提取,1个通道
E:\压裂窜扰项目\02 规范化\泸203H91\泸203H91 邻井压力监测\泸203H91平台窜压数据_4井第4段_4井分点数据(2).xls,导出数据,1005.0,2.0,已提取,1个通道
E:\压裂窜扰项目\02 规范化\泸203H9\泸203H9 邻井压力监测\泸203H9-1井11段压裂期间2井压力秒点数据.xls,导出数据,2824.0,2.0,已提取,1个通道
E:\压裂窜扰项目\02 规范化\泸203H9\泸203H9 邻井压力监测\泸203H9-1井13段压裂期间2井压力秒点数据.xls,导出数据,3184.0,2.0,已提取,1个通道
E:\压裂窜扰项目\02 规范化\泸203H9\泸203H9 邻井压力监测\泸203H9-1井压力监测秒点数据(1).xls,导出数据,23344.0,3.0,已提取,1个通道
E:\压裂窜扰项目\02 规范化\泸203H9\泸203H9 邻井压力监测\泸203H9-2-15段压裂施工-3、4井秒点压力监测.xls,导出数据,10804.0,3.0,已提取,2个通道
E:\压裂窜扰项目\02 规范化\泸203H9\泸203H9 邻井压力监测\泸203H9-2-1段压裂施工-3井秒点压力监测.xls,导出数据,11101.0,9.0,已提取,1个通道
E:\压裂窜扰项目\02 规范化\泸203H9\泸203H9 邻井压力监测\泸203H9-2-2段压裂施工-3井秒点压力监测.xls,导出数据,13276.0,9.0,已提取,1个通道
E:\压裂窜扰项目\02 规范化\泸203H9\泸203H9 邻井压力监测\泸203H9-2井13段压裂期间1井压力秒点数据.xls,导出数据,6484.0,2.0,已提取,1个通道
E:\压裂窜扰项目\02 规范化\泸203H9\泸203H9 邻井压力监测\泸203H9-2井17段压裂期间1井压力秒点数据.xls,导出数据,7984.0,2.0,已提取,1个通道
E:\压裂窜扰项目\02 规范化\泸203H9\泸203H9 邻井压力监测\泸203H9-2井18段压裂期间1井压力秒点数据.xls,导出数据,7864.0,2.0,已提取,1个通道
E:\压裂窜扰项目\02 规范化\泸203H9\泸203H9 邻井压力监测\泸203H9-2井24段压裂期间1井压力秒点数据.xls,导出数据,7384.0,2.0,已提取,1个通道
E:\压裂窜扰项目\02 规范化\泸203H9\泸203H9 邻井压力监测\泸203H9-2井25段压裂期间1井压力秒点数据.xls,导出数据,7444.0,2.0,已提取,1个通道
E:\压裂窜扰项目\02 规范化\泸203H9\泸203H9 邻井压力监测\泸203H9-2井27段压裂期间1井压力秒点数据.xls,导出数据,7084.0,2.0,已提取,1个通道
E:\压裂窜扰项目\02 规范化\泸203H9\泸203H9 邻井压力监测\泸203H9-2井28段压裂期间1井压力秒点数据.xls,导出数据,6759.0,2.0,已提取,1个通道
E:\压裂窜扰项目\02 规范化\泸203H9\泸203H9 邻井压力监测\泸203H9-2井29段压裂期间1井压力秒点数据.xls,导出数据,6917.0,2.0,已提取,1个通道
E:\压裂窜扰项目\02 规范化\泸203H9\泸203H9 邻井压力监测\泸203H9-2井30段压裂期间1井压力秒点数据.xls,导出数据,7744.0,2.0,已提取,1个通道
E:\压裂窜扰项目\02 规范化\泸203H9\泸203H9 邻井压力监测\泸203H9-3-25段压裂施工-2、4井秒点压力监测.xls,导出数据,9304.0,3.0,已提取,2个通道
E:\压裂窜扰项目\02 规范化\泸203H9\泸203H9 邻井压力监测\泸203H9-3-26段压裂施工-2、4井秒点压力监测.xls,导出数据,11404.0,3.0,已提取,2个通道
E:\压裂窜扰项目\02 规范化\泸203H9\泸203H9 邻井压力监测\泸203H9-3-3段压裂施工-2井秒点压力监测-2.xls,导出数据,10804.0,2.0,已提取,1个通道
E:\压裂窜扰项目\02 规范化\泸203H9\泸203H9 邻井压力监测\泸203H9-3-3段压裂施工-2井秒点压力监测.xls,导出数据,10804.0,2.0,已提取,1个通道
E:\压裂窜扰项目\02 规范化\泸203H9\泸203H9 邻井压力监测\泸203H9-3井压裂期间邻井秒点数据(1).xls,导出数据,4324.0,6.0,已提取,5个通道
E:\压裂窜扰项目\02 规范化\泸203H9\泸203H9 邻井压力监测\泸203H9-3井第3段压裂期间邻井压力监测数据(1).xls,导出数据,11284.0,6.0,已提取,5个通道
E:\压裂窜扰项目\02 规范化\泸203H9\泸203H9 邻井压力监测\泸203H9-3井第6段压裂期间邻井压力监测数据(1).xls,导出数据,7084.0,6.0,已提取,5个通道
E:\压裂窜扰项目\02 规范化\泸203H9\泸203H9 邻井压力监测\泸203H9-4井压力监测数据(1).xls,导出数据,12184.0,2.0,已提取,1个通道
E:\压裂窜扰项目\02 规范化\泸203H9\泸203H9 邻井压力监测\泸203H9-4井第6段8点到11点53邻井压力检测数据(1).xls,导出数据,12484.0,6.0,已提取,5个通道
E:\压裂窜扰项目\02 规范化\泸203H9\泸203H9 邻井压力监测\泸203H9-4井第五段压裂施工邻井压力数据.xls,导出数据,6784.0,6.0,已提取,5个通道
E:\压裂窜扰项目\02 规范化\泸203H9\泸203H9 邻井压力监测\泸203H91-3井第3段压裂施工秒点数据.xlsx,Log Data,10546.0,12.0,未提取压力通道,0个通道
E:\压裂窜扰项目\02 规范化\泸203H9\泸203H9 邻井压力监测\泸203H91-3井第4段压裂施工分点数据.xls,Log Data,183.0,13.0,未提取压力通道,0个通道
E:\压裂窜扰项目\02 规范化\泸203H9\泸203H9 邻井压力监测\泸203H91-3井第4段压裂施工秒点数据.xlsx,Log Data,10865.0,12.0,未提取压力通道,0个通道
E:\压裂窜扰项目\02 规范化\泸203H9\泸203H9 邻井压力监测\泸203H9_压窜信息_12井压窜监测数据（大于5兆帕）_页岩气井压窜统计大表-9.7-346井.xlsx,泸203H58-4井-周森,24.0,19.0,解析失败,没有至少5个可解释时间点
E:\压裂窜扰项目\02 规范化\泸203H9\泸203H9 邻井压力监测\泸203H9_压窜信息_12井压窜监测数据（大于5兆帕）_页岩气井压窜统计大表-9.7-346井.xlsx,泸203H58-5井-周森,24.0,18.0,解析失败,没有至少5个可解释时间点
E:\压裂窜扰项目\02 规范化\泸203H9\泸203H9 邻井压力监测\泸203H9_压窜信息_12井压窜监测数据（大于5兆帕）_页岩气井压窜统计大表-9.7-346井.xlsx,泸203H58-6井-周森、李拾乔,25.0,18.0,解析失败,没有至少5个可解释时间点
E:\压裂窜扰项目\02 规范化\泸203H9\泸203H9 邻井压力监测\泸203H9_压窜信息_12井压窜监测数据（大于5兆帕）_页岩气井压窜统计大表-9.7-346井.xlsx,泸203H58-7井-周森、李磊,19.0,22.0,解析失败,没有至少5个可解释时间点
E:\压裂窜扰项目\02 规范化\泸203H9\泸203H9 邻井压力监测\泸203H9_压窜信息_12井压窜监测数据（大于5兆帕）_页岩气井压窜统计大表-9.7-346井.xlsx,阳101H3-1井-周森,17.0,12.0,解析失败,没有至少5个可解释时间点
E:\压裂窜扰项目\02 规范化\泸203H9\泸203H9 邻井压力监测\泸203H9_压窜信息_12井压窜监测数据（大于5兆帕）_页岩气井压窜统计大表-9.7-346井.xlsx,阳101H3-2井-周森,11.0,15.0,解析失败,没有至少5个可解释时间点
E:\压裂窜扰项目\02 规范化\泸203H9\泸203H9 邻井压力监测\泸203H9_压窜信息_12井压窜监测数据（大于5兆帕）_页岩气井压窜统计大表-9.7-346井.xlsx,阳101H3-3井-周森,9.0,15.0,解析失败,没有至少5个可解释时间点
E:\压裂窜扰项目\02 规范化\泸203H9\泸203H9 邻井压力监测\泸203H9_压窜信息_12井压窜监测数据（大于5兆帕）_页岩气井压窜统计大表-9.7-346井.xlsx,泸203H5-1井-李磊,12.0,18.0,未提取压力通道,0个通道
E:\压裂窜扰项目\02 规范化\泸203H9\泸203H9 邻井压力监测\泸203H9_压窜信息_12井压窜监测数据（大于5兆帕）_页岩气井压窜统计大表-9.7-346井.xlsx,泸203H5-2井-李磊,10.0,18.0,未提取压力通道,0个通道
E:\压裂窜扰项目\02 规范化\泸203H9\泸203H9 邻井压力监测\泸203H9_压窜信息_12井压窜监测数据（大于5兆帕）_页岩气井压窜统计大表-9.7-346井.xlsx,泸203H5-3井-李磊,22.0,18.0,未提取压力通道,0个通道
E:\压裂窜扰项目\02 规范化\泸203H9\泸203H9 邻井压力监测\泸203H9_压窜信息_12井压窜监测数据（大于5兆帕）_页岩气井压窜统计大表-9.7-346井.xlsx,泸203H5-4井-李磊,20.0,18.0,未提取压力通道,0个通道
E:\压裂窜扰项目\02 规范化\泸203H9\泸203H9 邻井压力监测\泸203H9_压窜信息_12井压窜监测数据（大于5兆帕）_页岩气井压窜统计大表-9.7-346井.xlsx,泸203H55-2井-周森,9.0,15.0,解析失败,没有至少5个可解释时间点
E:\压裂窜扰项目\02 规范化\泸203H9\泸203H9 邻井压力监测\泸203H9_压窜信息_12井压窜监测数据（大于5兆帕）_页岩气井压窜统计大表-9.7-346井.xlsx,阳101H2-1饶哲丞,8.0,15.0,解析失败,没有至少5个可解释时间点
E:\压裂窜扰项目\02 规范化\泸203H9\泸203H9 邻井压力监测\泸203H9_压窜信息_12井压窜监测数据（大于5兆帕）_页岩气井压窜统计大表-9.7-346井.xlsx,泸203H55-3井-肖文梁  ,5.0,15.0,解析失败,没有至少5个可解释时间点
E:\压裂窜扰项目\02 规范化\泸203H9\泸203H9 邻井压力监测\泸203H9_压窜信息_12井压窜监测数据（大于5兆帕）_页岩气井压窜统计大表-9.7-346井.xlsx,阳101H41-8井-陈胜超,24.0,18.0,解析失败,没有至少5个可解释时间点
E:\压裂窜扰项目\02 规范化\泸203H9\泸203H9 邻井压力监测\泸203H9_压窜信息_12井压窜监测数据（大于5兆帕）_页岩气井压窜统计大表-9.7-346井.xlsx,阳101H40-1井李拾乔,3.0,18.0,无可用序列,空表或有效行列过少
E:\压裂窜扰项目\02 规范化\泸203H9\泸203H9 邻井压力监测\泸203H9_压窜信息_12井压窜监测数据（大于5兆帕）_页岩气井压窜统计大表-9.7-346井.xlsx,泸203H59-3井陈妙,22.0,12.0,解析失败,没有至少5个可解释时间点
E:\压裂窜扰项目\02 规范化\泸203H9\泸203H9 邻井压力监测\泸203H9_压窜信息_12井压窜监测数据（大于5兆帕）_页岩气井压窜统计大表-9.7-346井.xlsx,泸203H59-4井陈妙,12.0,12.0,解析失败,没有至少5个可解释时间点
E:\压裂窜扰项目\02 规范化\泸203H9\泸203H9 邻井压力监测\泸203H9_压窜信息_12井压窜监测数据（大于5兆帕）_页岩气井压窜统计大表-9.7-346井.xlsx,泸203H1-2井胡刚,15.0,18.0,未提取压力通道,0个通道
E:\压裂窜扰项目\02 规范化\泸203H9\泸203H9 邻井压力监测\泸203H9_压窜信息_12井压窜监测数据（大于5兆帕）_页岩气井压窜统计大表-9.7-346井.xlsx,泸203H1-3井胡刚,7.0,18.0,解析失败,没有至少5个可解释时间点
E:\压裂窜扰项目\02 规范化\泸203H9\泸203H9 邻井压力监测\泸203H9_压窜信息_12井压窜监测数据（大于5兆帕）_页岩气井压窜统计大表-9.7-346井.xlsx,泸203H53-3井陈妙,12.0,18.0,未提取压力通道,0个通道
E:\压裂窜扰项目\02 规范化\泸203H9\泸203H9 邻井压力监测\泸203H9_压窜信息_12井压窜监测数据（大于5兆帕）_页岩气井压窜统计大表-9.7-346井.xlsx,泸203H53-4井陈妙,6.0,18.0,解析失败,没有至少5个可解释时间点
E:\压裂窜扰项目\02 规范化\泸203H9\泸203H9 邻井压力监测\泸203H9_压窜信息_12井压窜监测数据（大于5兆帕）_页岩气井压窜统计大表-9.7-346井.xlsx,泸203H53-1井陈妙,3.0,18.0,无可用序列,空表或有效行列过少
E:\压裂窜扰项目\02 规范化\泸203H9\泸203H9 邻井压力监测\泸203H9_压窜信息_12井压窜监测数据（大于5兆帕）_页岩气井压窜统计大表-9.7-346井.xlsx,宁209H19-3井周嘉宾,3.0,18.0,无可用序列,空表或有效行列过少
E:\压裂窜扰项目\02 规范化\泸203H9\泸203H9 邻井压力监测\泸203H9_压窜信息_12井压窜监测数据（大于5兆帕）_页岩气井压窜统计大表-9.7-346井.xlsx,宁209H19-4井周嘉宾 ,3.0,18.0,无可用序列,空表或有效行列过少
E:\压裂窜扰项目\02 规范化\泸203H9\泸203H9 邻井压力监测\泸203H9_压窜信息_12井压窜监测数据（大于5兆帕）_页岩气井压窜统计大表-9.7-346井.xlsx,宁209H32-6井余仁界,5.0,18.0,解析失败,没有至少5个可解释时间点
E:\压裂窜扰项目\02 规范化\泸203H9\泸203H9 邻井压力监测\泸203H9_压窜信息_12井压窜监测数据（大于5兆帕）_页岩气井压窜统计大表-9.7-346井.xlsx,宁209H32-5井余仁界 ,3.0,18.0,无可用序列,空表或有效行列过少
E:\压裂窜扰项目\02 规范化\泸203H9\泸203H9 邻井压力监测\泸203H9_压窜信息_12井压窜监测数据（大于5兆帕）_页岩气井压窜统计大表-9.7-346井.xlsx,宁209H32-4井余仁界,3.0,18.0,无可用序列,空表或有效行列过少
E:\压裂窜扰项目\02 规范化\泸203H9\泸203H9 邻井压力监测\泸203H9_压窜信息_12井压窜监测数据（大于5兆帕）_页岩气井压窜统计大表-9.7-346井.xlsx,宁209H32-2井余仁界,3.0,14.0,无可用序列,空表或有效行列过少
E:\压裂窜扰项目\02 规范化\泸203H9\泸203H9 邻井压力监测\泸203H9_压窜信息_12井压窜监测数据（大于5兆帕）_页岩气井压窜统计大表-9.7-346井.xlsx,阳101H41-2井-陈胜超,7.0,18.0,解析失败,没有至少5个可解释时间点
E:\压裂窜扰项目\02 规范化\泸203H9\泸203H9 邻井压力监测\泸203H9_压窜信息_12井压窜监测数据（大于5兆帕）_页岩气井压窜统计大表-9.7-346井.xlsx,泸203H60-1井-周森,22.0,15.0,解析失败,没有至少5个可解释时间点
E:\压裂窜扰项目\02 规范化\泸203H9\泸203H9 邻井压力监测\泸203H9_压窜信息_12井压窜监测数据（大于5兆帕）_页岩气井压窜统计大表-9.7-346井.xlsx,泸203H60-2井龚光云,9.0,18.0,解析失败,没有至少5个可解释时间点
E:\压裂窜扰项目\02 规范化\泸203H9\泸203H9 邻井压力监测\泸203H9_压窜信息_12井压窜监测数据（大于5兆帕）_页岩气井压窜统计大表-9.7-346井.xlsx,泸203H4-2井陈胜超,14.0,19.0,解析失败,没有至少5个可解释时间点
E:\压裂窜扰项目\02 规范化\泸203H9\泸203H9 邻井压力监测\泸203H9_压窜信息_12井压窜监测数据（大于5兆帕）_页岩气井压窜统计大表-9.7-346井.xlsx,泸203H4-3陈胜超、周嘉宾,10.0,16.0,解析失败,没有至少5个可解释时间点
E:\压裂窜扰项目\02 规范化\泸203H9\泸203H9 邻井压力监测\泸203H9_压窜信息_12井压窜监测数据（大于5兆帕）_页岩气井压窜统计大表-9.7-346井.xlsx,泸203H4-4陈胜超,16.0,27.0,解析失败,没有至少5个可解释时间点
E:\压裂窜扰项目\02 规范化\泸203H9\泸203H9 邻井压力监测\泸203H9_压窜信息_12井压窜监测数据（大于5兆帕）_页岩气井压窜统计大表-9.7-346井.xlsx,泸203H59-2井-李磊,9.0,18.0,解析失败,没有至少5个可解释时间点
E:\压裂窜扰项目\02 规范化\泸203H9\泸203H9 邻井压力监测\泸203H9_压窜信息_12井压窜监测数据（大于5兆帕）_页岩气井压窜统计大表-9.7-346井.xlsx,宁209H33-4龚光云,3.0,18.0,无可用序列,空表或有效行列过少
E:\压裂窜扰项目\02 规范化\泸203H9\泸203H9 邻井压力监测\泸203H9_压窜信息_12井压窜监测数据（大于5兆帕）_页岩气井压窜统计大表-9.7-346井.xlsx,宁209H50-5李拾乔,3.0,18.0,无可用序列,空表或有效行列过少
E:\压裂窜扰项目\02 规范化\泸203H9\泸203H9 邻井压力监测\泸203H9_压窜信息_12井压窜监测数据（大于5兆帕）_页岩气井压窜统计大表-9.7-346井.xlsx,宁209H24-1饶哲丞,18.0,18.0,解析失败,没有至少5个可解释时间点
E:\压裂窜扰项目\02 规范化\泸203H9\泸203H9 邻井压力监测\泸203H9_压窜信息_12井压窜监测数据（大于5兆帕）_页岩气井压窜统计大表-9.7-346井.xlsx,宁209H24-2饶哲丞,7.0,18.0,解析失败,没有至少5个可解释时间点
E:\压裂窜扰项目\02 规范化\泸203H9\泸203H9 邻井压力监测\泸203H9_压窜信息_12井压窜监测数据（大于5兆帕）_页岩气井压窜统计大表-9.7-346井.xlsx,长宁H20-3陆方保,4.0,18.0,无可用序列,空表或有效行列过少
E:\压裂窜扰项目\02 规范化\泸203H9\泸203H9 邻井压力监测\泸203H9_压窜信息_12井压窜监测数据（大于5兆帕）_页岩气井压窜统计大表-9.7-346井.xlsx,泸203H58-7井-李磊,6.0,14.0,未提取压力通道,0个通道
E:\压裂窜扰项目\02 规范化\泸203H9\泸203H9 邻井压力监测\泸203H9_压窜信息_12井压窜监测数据（大于5兆帕）_页岩气井压窜统计大表-9.7-346井.xlsx,泸203H53-1井-陈妙,12.0,14.0,未提取压力通道,0个通道
E:\压裂窜扰项目\02 规范化\泸203H9\泸203H9 邻井压力监测\泸203H9_压窜信息_12井压窜监测数据（大于5兆帕）_页岩气井压窜统计大表-9.7-346井.xlsx,泸203H53-2井-陈妙,15.0,14.0,未提取压力通道,0个通道
E:\压裂窜扰项目\02 规范化\泸203H9\泸203H9 邻井压力监测\泸203H9_压窜信息_12井压窜监测数据（大于5兆帕）_页岩气井压窜统计大表-9.7-346井.xlsx,泸203H53-3井-陈妙,10.0,14.0,未提取压力通道,0个通道
E:\压裂窜扰项目\02 规范化\泸203H9\泸203H9 邻井压力监测\泸203H9_压窜信息_12井压窜监测数据（大于5兆帕）_页岩气井压窜统计大表-9.7-346井.xlsx,泸203H53-4井-陈妙,13.0,14.0,未提取压力通道,0个通道
E:\压裂窜扰项目\02 规范化\泸203H9\泸203H9 邻井压力监测\泸203H9_压窜信息_12井压窜监测数据（大于5兆帕）_页岩气井压窜统计大表-9.7-346井.xlsx,阳101H29-5井龚光云,29.0,14.0,未提取压力通道,0个通道
E:\压裂窜扰项目\02 规范化\泸203H9\泸203H9 邻井压力监测\泸203H9_压窜信息_12井压窜监测数据（大于5兆帕）_页岩气井压窜统计大表-9.7-346井.xlsx,阳101H29-6井龚光云,18.0,14.0,未提取压力通道,0个通道
E:\压裂窜扰项目\02 规范化\泸203H9\泸203H9 邻井压力监测\泸203H9_压窜信息_12井压窜监测数据（大于5兆帕）_页岩气井压窜统计大表-9.7-346井.xlsx,宁209H31-5井李欣,15.0,17.0,未提取压力通道,0个通道
E:\压裂窜扰项目\02 规范化\泸203H9\泸203H9 邻井压力监测\泸203H9_压窜信息_12井压窜监测数据（大于5兆帕）_页岩气井压窜统计大表-9.7-346井.xlsx,宁209H31-4井李欣,14.0,17.0,未提取压力通道,0个通道
E:\压裂窜扰项目\02 规范化\泸203H9\泸203H9 邻井压力监测\泸203H9_压窜信息_12井压窜监测数据（大于5兆帕）_页岩气井压窜统计大表-9.7-346井.xlsx,足203H3-3井李治宏,2.0,14.0,无可用序列,空表或有效行列过少
E:\压裂窜扰项目\02 规范化\泸203H9\泸203H9 邻井压力监测\泸203H9_压窜信息_12井压窜监测数据（大于5兆帕）_页岩气井压窜统计大表-9.7-346井.xlsx,足203H2-2井李磊,5.0,14.0,解析失败,没有至少5个可解释时间点
E:\压裂窜扰项目\02 规范化\泸203H9\泸203H9 邻井压力监测\泸203H9_压窜信息_12井压窜监测数据（大于5兆帕）_页岩气井压窜统计大表-9.7-346井.xlsx,足208H1-1井李磊,4.0,14.0,无可用序列,空表或有效行列过少
E:\压裂窜扰项目\02 规范化\泸203H9\泸203H9 邻井压力监测\泸203H9_压窜信息_12井压窜监测数据（大于5兆帕）_页岩气井压窜统计大表-9.7-346井.xlsx,足208H1-2井李磊,5.0,14.0,解析失败,没有至少5个可解释时间点
E:\压裂窜扰项目\02 规范化\泸203H9\泸203H9 邻井压力监测\泸203H9_压窜信息_12井压窜监测数据（大于5兆帕）_页岩气井压窜统计大表-9.7-346井.xlsx,泸203H58-1井周嘉宾,32.0,14.0,未提取压力通道,0个通道
E:\压裂窜扰项目\02 规范化\泸203H9\泸203H9 邻井压力监测\泸203H9_压窜信息_12井压窜监测数据（大于5兆帕）_页岩气井压窜统计大表-9.7-346井.xlsx,宁209H69-1井李欣,10.0,17.0,未提取压力通道,0个通道
E:\压裂窜扰项目\02 规范化\泸203H9\泸203H9 邻井压力监测\泸203H9_压窜信息_12井压窜监测数据（大于5兆帕）_页岩气井压窜统计大表-9.7-346井.xlsx,宁209H69-2井李欣,7.0,17.0,未提取压力通道,0个通道
E:\压裂窜扰项目\02 规范化\泸203H9\泸203H9 邻井压力监测\泸203H9_压窜信息_12井压窜监测数据（大于5兆帕）_页岩气井压窜统计大表-9.7-346井.xlsx,足203H9-1井李治宏,10.0,14.0,未提取压力通道,0个通道
E:\压裂窜扰项目\02 规范化\泸203H9\泸203H9 邻井压力监测\泸203H9_压窜信息_12井压窜监测数据（大于5兆帕）_页岩气井压窜统计大表-9.7-346井.xlsx,足203H9-2井李治宏,5.0,14.0,解析失败,没有至少5个可解释时间点
E:\压裂窜扰项目\02 规范化\泸203H9\泸203H9 邻井压力监测\泸203H9_压窜信息_12井压窜监测数据（大于5兆帕）_页岩气井压窜统计大表-9.7-346井.xlsx,足206H1-3井李治宏,5.0,14.0,解析失败,没有至少5个可解释时间点
E:\压裂窜扰项目\02 规范化\泸203H9\泸203H9 邻井压力监测\泸203H9_压窜信息_12井压窜监测数据（大于5兆帕）_页岩气井压窜统计大表-9.7-346井.xlsx,足206H1-4井李治宏,31.0,14.0,未提取压力通道,0个通道
E:\压裂窜扰项目\02 规范化\泸203H9\泸203H9 邻井压力监测\泸203H9_压窜信息_12井压窜监测数据（大于5兆帕）_页岩气井压窜统计大表-9.7-346井.xlsx,宁209H47-12井,2.0,17.0,无可用序列,空表或有效行列过少
E:\压裂窜扰项目\02 规范化\泸203H9\泸203H9 邻井压力监测\泸203H9_压窜信息_12井压窜监测数据（大于5兆帕）_页岩气井压窜统计大表-9.7-346井.xlsx,宁209H1-9井李拾乔,6.0,17.0,未提取压力通道,0个通道
E:\压裂窜扰项目\02 规范化\泸203H9\泸203H9 邻井压力监测\泸203H9_压窜信息_12井压窜监测数据（大于5兆帕）_页岩气井压窜统计大表-9.7-346井.xlsx,宁209H1-8井李拾乔,5.0,17.0,解析失败,没有至少5个可解释时间点
E:\压裂窜扰项目\02 规范化\泸203H9\泸203H9 邻井压力监测\泸203H9_压窜信息_12井压窜监测数据（大于5兆帕）_页岩气井压窜统计大表-9.7-346井.xlsx,宁209H1-11井李拾乔,2.0,13.0,无可用序列,空表或有效行列过少
E:\压裂窜扰项目\02 规范化\泸203H9\泸203H9 邻井压力监测\泸203H9_压窜信息_12井压窜监测数据（大于5兆帕）_页岩气井压窜统计大表-9.7-346井.xlsx,宁209H9-1井冉晋林,7.0,17.0,未提取压力通道,0个通道
E:\压裂窜扰项目\02 规范化\泸203H9\泸203H9 邻井压力监测\泸203H9_压窜信息_12井压窜监测数据（大于5兆帕）_页岩气井压窜统计大表-9.7-346井.xlsx,泸203H91-4胡刚,6.0,14.0,解析失败,没有至少5个可解释时间点
E:\压裂窜扰项目\02 规范化\泸203H9\泸203H9 邻井压力监测\泸203H9_压窜信息_12井压窜监测数据（大于5兆帕）_页岩气井压窜统计大表-9.7-346井.xlsx,泸203H91-2胡刚,5.0,14.0,解析失败,没有至少5个可解释时间点
E:\压裂窜扰项目\02 规范化\泸203H9\泸203H9 邻井压力监测\泸203H9_压窜信息_12井压窜监测数据（大于5兆帕）_页岩气井压窜统计大表-9.7-346井.xlsx,泸203H91-3胡刚,5.0,14.0,解析失败,没有至少5个可解释时间点
E:\压裂窜扰项目\02 规范化\泸203H9\泸203H9 邻井压力监测\泸203H9_压窜信息_12井压窜监测数据（大于5兆帕）_页岩气井压窜统计大表-9.7-346井.xlsx,泸203H9-3胡刚,9.0,13.0,解析失败,没有至少5个可解释时间点
E:\压裂窜扰项目\02 规范化\泸203H9\泸203H9 邻井压力监测\泸203H9_压窜信息_12井压窜监测数据（大于5兆帕）_页岩气井压窜统计大表-9.7-346井.xlsx,泸203H9-4胡刚,6.0,13.0,解析失败,没有至少5个可解释时间点
E:\压裂窜扰项目\02 规范化\泸203H9\泸203H9 邻井压力监测\泸203H9_压窜信息_3、4、6压窜监测数据（大于5兆帕）_3井第1段-4井压力监测.xls,导出数据,12004.0,4.0,已提取,1个通道
E:\压裂窜扰项目\02 规范化\泸203H9\泸203H9 邻井压力监测\泸203H9_压窜信息_3、4、6压窜监测数据（大于5兆帕）_3井第八段压裂期间邻井压力秒点数据.xls,导出数据,7144.0,6.0,已提取,5个通道
E:\压裂窜扰项目\02 规范化\泸206H8\泸206H8 邻井压力监测\泸206H8-1-13段压裂施工-2井压力监测.xlsx,Sheet1,21601.0,2.0,已提取,1个通道
E:\压裂窜扰项目\02 规范化\泸206H8\泸206H8 邻井压力监测\泸206H8-1-14段压裂施工-2井压力监测.xls,邻井压力,15826.0,2.0,已提取,1个通道
E:\压裂窜扰项目\02 规范化\泸206H8\泸206H8 邻井压力监测\泸206H8-2-18段压裂施工-1、3井分点压力监测-2.xls,导出数据,225.0,3.0,未提取压力通道,0个通道
E:\压裂窜扰项目\02 规范化\泸206H8\泸206H8 邻井压力监测\泸206H8-2-18段压裂施工-1、3井分点压力监测.xls,导出数据,225.0,3.0,未提取压力通道,0个通道
E:\压裂窜扰项目\02 规范化\泸206H8\泸206H8 邻井压力监测\泸206H8-2-18段压裂施工-1、3井秒点压力监测-2.xls,导出数据,12738.0,3.0,已提取,2个通道
E:\压裂窜扰项目\02 规范化\泸206H8\泸206H8 邻井压力监测\泸206H8-2-18段压裂施工-1、3井秒点压力监测.xls,导出数据,12738.0,3.0,已提取,2个通道
E:\压裂窜扰项目\02 规范化\泸206H8\泸206H8 邻井压力监测\泸206H8-2-19段压裂施工-1、3井分点压力监测-2.xls,导出数据,154.0,3.0,未提取压力通道,0个通道
E:\压裂窜扰项目\02 规范化\泸206H8\泸206H8 邻井压力监测\泸206H8-2-19段压裂施工-1、3井分点压力监测-2.xlsx,导出数据,274.0,3.0,未提取压力通道,0个通道
E:\压裂窜扰项目\02 规范化\泸206H8\泸206H8 邻井压力监测\泸206H8-2-19段压裂施工-1、3井分点压力监测.xls,导出数据,154.0,3.0,未提取压力通道,0个通道
E:\压裂窜扰项目\02 规范化\泸206H8\泸206H8 邻井压力监测\泸206H8-2-19段压裂施工-1、3井分点压力监测.xlsx,导出数据,274.0,3.0,未提取压力通道,0个通道
E:\压裂窜扰项目\02 规范化\泸206H8\泸206H8 邻井压力监测\泸206H8-2-19段压裂施工-1、3井秒点压力监测-2.xls,导出数据,9004.0,3.0,未提取压力通道,0个通道
E:\压裂窜扰项目\02 规范化\泸206H8\泸206H8 邻井压力监测\泸206H8-2-19段压裂施工-1、3井秒点压力监测-2.xlsx,导出数据,16203.0,3.0,未提取压力通道,0个通道
E:\压裂窜扰项目\02 规范化\泸206H8\泸206H8 邻井压力监测\泸206H8-2-19段压裂施工-1、3井秒点压力监测.xls,导出数据,9004.0,3.0,未提取压力通道,0个通道
E:\压裂窜扰项目\02 规范化\泸206H8\泸206H8 邻井压力监测\泸206H8-2-19段压裂施工-1、3井秒点压力监测.xlsx,导出数据,16203.0,3.0,未提取压力通道,0个通道
E:\压裂窜扰项目\02 规范化\泸206H8\泸206H8 邻井压力监测\泸206H8-2-21段压裂施工-1、3、4、5、6、7、8井分点压力监测.xls,导出数据,202.0,8.0,未提取压力通道,0个通道
E:\压裂窜扰项目\02 规范化\泸206H8\泸206H8 邻井压力监测\泸206H8-2-21段压裂施工-1、3、4、5、6、7、8井秒点压力监测.xls,导出数据,11884.0,8.0,未提取压力通道,0个通道
E:\压裂窜扰项目\02 规范化\泸206H8\泸206H8 邻井压力监测\泸206H8-3-19段压裂施工-1、2、4、5、6、7、8井分点压力监测.xls,导出数据,374.0,8.0,未提取压力通道,0个通道
E:\压裂窜扰项目\02 规范化\泸206H8\泸206H8 邻井压力监测\泸206H8-3-19段压裂施工-1、2、4、5、6、7、8井秒点压力监测.xls,导出数据,22204.0,8.0,未提取压力通道,0个通道
E:\压裂窜扰项目\02 规范化\泸206H8\泸206H8 邻井压力监测\泸206H8-3-20段压裂施工-1、2、4、5、6、7、8井分点压力监测.xls,导出数据,149.0,8.0,未提取压力通道,0个通道
E:\压裂窜扰项目\02 规范化\泸206H8\泸206H8 邻井压力监测\泸206H8-3-20段压裂施工-1、2、4、5、6、7、8井秒点压力监测.xls,导出数据,8704.0,8.0,未提取压力通道,0个通道
E:\压裂窜扰项目\02 规范化\泸206H8\泸206H8 邻井压力监测\泸206H8-4-18段压裂施工-1、2、3、5、6、7、8井分点压力监测-2.xls,导出数据,234.0,8.0,未提取压力通道,0个通道
E:\压裂窜扰项目\02 规范化\泸206H8\泸206H8 邻井压力监测\泸206H8-4-18段压裂施工-1、2、3、5、6、7、8井分点压力监测.xls,导出数据,234.0,8.0,未提取压力通道,0个通道
E:\压裂窜扰项目\02 规范化\泸206H8\泸206H8 邻井压力监测\泸206H8-4-18段压裂施工-1、2、3、5、6、7、8井秒点压力监测-2.xls,导出数据,13804.0,8.0,未提取压力通道,0个通道
E:\压裂窜扰项目\02 规范化\泸206H8\泸206H8 邻井压力监测\泸206H8-4-18段压裂施工-1、2、3、5、6、7、8井秒点压力监测.xls,导出数据,13804.0,8.0,未提取压力通道,0个通道
E:\压裂窜扰项目\02 规范化\泸206H8\泸206H8 邻井压力监测\泸206H8-4-19段压裂施工-1、2、3、5、6、7、8井分点压力监测.xls,导出数据,269.0,8.0,未提取压力通道,0个通道
E:\压裂窜扰项目\02 规范化\泸206H8\泸206H8 邻井压力监测\泸206H8-4-19段压裂施工-1、2、3、5、6、7、8井秒点压力监测.xls,导出数据,15904.0,8.0,未提取压力通道,0个通道
E:\压裂窜扰项目\02 规范化\泸206H8\泸206H8 邻井压力监测\泸206H8-4-1段压裂施工-1、2、3、5、6、7、8井分点压力监测.xls,导出数据,179.0,9.0,未提取压力通道,0个通道
E:\压裂窜扰项目\02 规范化\泸206H8\泸206H8 邻井压力监测\泸206H8-4-1段压裂施工-1、2、3、5、6、7、8井秒点压力监测.xls,导出数据,10504.0,8.0,未提取压力通道,0个通道
E:\压裂窜扰项目\02 规范化\泸206H8\泸206H8 邻井压力监测\泸206H8-4-20段压裂施工-1、2、3、5、6、7、8井分点压力监测-2.xls,导出数据,304.0,8.0,未提取压力通道,0个通道
E:\压裂窜扰项目\02 规范化\泸206H8\泸206H8 邻井压力监测\泸206H8-4-20段压裂施工-1、2、3、5、6、7、8井分点压力监测.xls,导出数据,304.0,8.0,未提取压力通道,0个通道
E:\压裂窜扰项目\02 规范化\泸206H8\泸206H8 邻井压力监测\泸206H8-4-20段压裂施工-1、2、3、5、6、7、8井秒点压力监测-2.xls,导出数据,18004.0,8.0,未提取压力通道,0个通道
E:\压裂窜扰项目\02 规范化\泸206H8\泸206H8 邻井压力监测\泸206H8-4-20段压裂施工-1、2、3、5、6、7、8井秒点压力监测.xls,导出数据,18004.0,8.0,未提取压力通道,0个通道
E:\压裂窜扰项目\02 规范化\泸206H8\泸206H8 邻井压力监测\泸206H8-4-21段压裂施工-1、2、3、5、6、7、8井分点压力监测.xls,导出数据,314.0,8.0,未提取压力通道,0个通道
E:\压裂窜扰项目\02 规范化\泸206H8\泸206H8 邻井压力监测\泸206H8-4-21段压裂施工-1、2、3、5、6、7、8井秒点压力监测.xls,导出数据,18604.0,8.0,未提取压力通道,0个通道
E:\压裂窜扰项目\02 规范化\泸206H8\泸206H8 邻井压力监测\泸206H8-4-2段压裂施工-1、2、3、5、6、7、8井分点压力监测.xls,导出数据,179.0,9.0,未提取压力通道,0个通道
E:\压裂窜扰项目\02 规范化\泸206H8\泸206H8 邻井压力监测\泸206H8-4-2段压裂施工-1、2、3、5、6、7、8井秒点压力监测.xls,导出数据,10504.0,9.0,未提取压力通道,0个通道
E:\压裂窜扰项目\02 规范化\泸206H8\泸206H8 邻井压力监测\泸206H8-4-3段压裂施工-1、2、3、5、6、7、8井秒点压力监测.xls,导出数据,10204.0,9.0,未提取压力通道,0个通道
E:\压裂窜扰项目\02 规范化\泸206H8\泸206H8 邻井压力监测\泸206H8-4-4段压裂施工-1、2、3、5、6、7、8井分点压力监测.xls,导出数据,160.0,9.0,未提取压力通道,0个通道
E:\压裂窜扰项目\02 规范化\泸206H8\泸206H8 邻井压力监测\泸206H8-4-4段压裂施工-1、2、3、5、6、7、8井秒点压力监测.xls,导出数据,9364.0,9.0,未提取压力通道,0个通道
E:\压裂窜扰项目\02 规范化\泸206H8\泸206H8 邻井压力监测\泸206H8-4-8段压裂施工-1、2、3、5、6、7、8井分点压力监测.xls,导出数据,346.0,9.0,未提取压力通道,0个通道
E:\压裂窜扰项目\02 规范化\泸206H8\泸206H8 邻井压力监测\泸206H8-4-8段压裂施工-1、2、3、5、6、7、8井秒点压力监测.xls,导出数据,20524.0,9.0,未提取压力通道,0个通道
E:\压裂窜扰项目\02 规范化\泸206H8\泸206H8 邻井压力监测\泸206H8-4-9段压裂施工-1、2、3、5、6、7、8井分点压力监测.xls,导出数据,174.0,9.0,未提取压力通道,0个通道
E:\压裂窜扰项目\02 规范化\泸206H8\泸206H8 邻井压力监测\泸206H8-4-9段压裂施工-1、2、3、5、6、7、8井秒点压力监测.xls,导出数据,10204.0,9.0,未提取压力通道,0个通道
E:\压裂窜扰项目\02 规范化\泸206H8\泸206H8 邻井压力监测\泸206H8-4第19段压裂主泵注(邻井叠合图).xlsx,封面,13.0,5.0,解析失败,没有至少5个可解释时间点
E:\压裂窜扰项目\02 规范化\泸206H8\泸206H8 邻井压力监测\泸206H8-4第19段压裂主泵注(邻井叠合图).xlsx,基础参数,45.0,7.0,非时序压力表,工况、数量或阶段汇总表
E:\压裂窜扰项目\02 规范化\泸206H8\泸206H8 邻井压力监测\泸206H8-4第19段压裂主泵注(邻井叠合图).xlsx,施工设计,68.0,12.0,非时序压力表,工况、数量或阶段汇总表
E:\压裂窜扰项目\02 规范化\泸206H8\泸206H8 邻井压力监测\泸206H8-4第19段压裂主泵注(邻井叠合图).xlsx,阶段汇总,69.0,25.0,非时序压力表,工况、数量或阶段汇总表
E:\压裂窜扰项目\02 规范化\泸206H8\泸206H8 邻井压力监测\泸206H8-4第19段压裂主泵注(邻井叠合图).xlsx,曲线图,0.0,0.0,无可用序列,空表或有效行列过少
E:\压裂窜扰项目\02 规范化\泸206H8\泸206H8 邻井压力监测\泸206H8-4第19段压裂主泵注(邻井叠合图).xlsx,分点数据,387.0,12.0,未提取压力通道,0个通道
E:\压裂窜扰项目\02 规范化\泸206H8\泸206H8 邻井压力监测\泸206H8-4第19段压裂主泵注(邻井叠合图).xlsx,秒点数据,17672.0,18.0,未提取压力通道,0个通道
E:\压裂窜扰项目\02 规范化\泸206H8\泸206H8 邻井压力监测\泸206H8-4第19段压裂主泵注(邻井叠合图).xlsx,暂堵剂,2.0,7.0,无可用序列,空表或有效行列过少
E:\压裂窜扰项目\02 规范化\泸206H8\泸206H8 邻井压力监测\泸206H8-4第19段压裂主泵注(邻井叠合图).xlsx,砂液统计,9.0,3.0,解析失败,没有至少5个可解释时间点
E:\压裂窜扰项目\02 规范化\泸206H8\泸206H8 邻井压力监测\泸206H8-4第19段压裂主泵注(邻井叠合图).xlsx,Sheet1,3.0,2.0,无可用序列,空表或有效行列过少
E:\压裂窜扰项目\02 规范化\泸206H8\泸206H8 邻井压力监测\泸206H8-5-11段压裂施工-1、2、3、4、6、7、8井分点压力监测.xls,导出数据,186.0,9.0,未提取压力通道,0个通道
E:\压裂窜扰项目\02 规范化\泸206H8\泸206H8 邻井压力监测\泸206H8-5-11段压裂施工-1、2、3、4、6、7、8井秒点压力监测.xls,导出数据,10924.0,9.0,未提取压力通道,0个通道
E:\压裂窜扰项目\02 规范化\泸206H8\泸206H8 邻井压力监测\泸206H8-5-12段压裂施工-1、2、3、4、6、7、8井分点压力监测.xls,导出数据,184.0,9.0,未提取压力通道,0个通道
E:\压裂窜扰项目\02 规范化\泸206H8\泸206H8 邻井压力监测\泸206H8-5-12段压裂施工-1、2、3、4、6、7、8井秒点压力监测.xls,导出数据,10804.0,9.0,未提取压力通道,0个通道
E:\压裂窜扰项目\02 规范化\泸206H8\泸206H8 邻井压力监测\泸206H8-5-13段压裂施工-1、2、3、4、6、7、8井分点压力监测.xls,导出数据,170.0,9.0,未提取压力通道,0个通道
E:\压裂窜扰项目\02 规范化\泸206H8\泸206H8 邻井压力监测\泸206H8-5-13段压裂施工-1、2、3、4、6、7、8井秒点压力监测.xls,导出数据,9964.0,9.0,未提取压力通道,0个通道
E:\压裂窜扰项目\02 规范化\泸206H8\泸206H8 邻井压力监测\泸206H8-5-14段压裂施工-1、2、3、4、6、7、8井分点压力监测.xls,导出数据,189.0,9.0,未提取压力通道,0个通道
E:\压裂窜扰项目\02 规范化\泸206H8\泸206H8 邻井压力监测\泸206H8-5-14段压裂施工-1、2、3、4、6、7、8井秒点压力监测.xls,导出数据,11104.0,9.0,未提取压力通道,0个通道
E:\压裂窜扰项目\02 规范化\泸206H8\泸206H8 邻井压力监测\泸206H8-5-3段压裂施工-1、2、3、4、6、7、8井分点压力监测.xls,导出数据,159.0,9.0,未提取压力通道,0个通道
E:\压裂窜扰项目\02 规范化\泸206H8\泸206H8 邻井压力监测\泸206H8-5-3段压裂施工-1、2、3、4、6、7、8井秒点压力监测.xls,导出数据,9304.0,9.0,未提取压力通道,0个通道
E:\压裂窜扰项目\02 规范化\泸206H8\泸206H8 邻井压力监测\泸206H8-5-4段压裂施工-1、2、3、4、6、7、8井分点压力监测.xls,导出数据,159.0,9.0,未提取压力通道,0个通道
E:\压裂窜扰项目\02 规范化\泸206H8\泸206H8 邻井压力监测\泸206H8-5-4段压裂施工-1、2、3、4、6、7、8井秒点压力监测.xls,导出数据,9304.0,9.0,未提取压力通道,0个通道
E:\压裂窜扰项目\02 规范化\泸206H8\泸206H8 邻井压力监测\泸206H8-5-5段压裂施工-1、2、3、4、6、7、8井分点压力监测.xls,导出数据,154.0,9.0,未提取压力通道,0个通道
E:\压裂窜扰项目\02 规范化\泸206H8\泸206H8 邻井压力监测\泸206H8-5-5段压裂施工-1、2、3、4、6、7、8井秒点压力监测.xls,导出数据,9004.0,9.0,未提取压力通道,0个通道
E:\压裂窜扰项目\02 规范化\泸206H8\泸206H8 邻井压力监测\泸206H8-5-6段压裂施工-1、2、3、4、6、7、8井分点压力监测.xls,导出数据,154.0,9.0,未提取压力通道,0个通道
E:\压裂窜扰项目\02 规范化\泸206H8\泸206H8 邻井压力监测\泸206H8-5-6段压裂施工-1、2、3、4、6、7、8井秒点压力监测.xls,导出数据,9004.0,9.0,未提取压力通道,0个通道
E:\压裂窜扰项目\02 规范化\泸206H8\泸206H8 邻井压力监测\泸206H8-5-7段压裂施工-1、2、3、4、6、7、8井秒点压力监测.xls,导出数据,8884.0,9.0,未提取压力通道,0个通道
E:\压裂窜扰项目\02 规范化\泸206H8\泸206H8 邻井压力监测\泸206H8-5-7段压裂施工-1、2、4、6、7、8井分点压力监测.xls,导出数据,152.0,9.0,未提取压力通道,0个通道
E:\压裂窜扰项目\02 规范化\泸206H8\泸206H8 邻井压力监测\泸206H8_邻井压力数据_2.3井分点.xls,导出数据,325.0,3.0,未提取压力通道,0个通道
E:\压裂窜扰项目\02 规范化\泸206H8\泸206H8 邻井压力监测\泸206H8_邻井压力数据_2.3井秒点.xls,导出数据,19264.0,3.0,未提取压力通道,0个通道
E:\压裂窜扰项目\02 规范化\泸206H8\泸206H8 邻井压力监测\泸206H8_邻井压力数据_6.14号7平台压力监测.xlsx,Sheet1,9905.0,6.0,已提取,5个通道
E:\压裂窜扰项目\02 规范化\泸206H8\泸206H8 邻井压力监测\泸206H8_邻井压力数据_6.14号7平台压力监测.xlsx,Sheet2,0.0,0.0,无可用序列,空表或有效行列过少
E:\压裂窜扰项目\02 规范化\泸206H8\泸206H8 邻井压力监测\泸206H8_邻井压力数据_6.14号7平台压力监测.xlsx,Sheet3,0.0,0.0,无可用序列,空表或有效行列过少
E:\压裂窜扰项目\02 规范化\泸206H8\泸206H8 邻井压力监测\泸206H8_邻井压力数据_7平台压力监测6.16.xlsx,分钟,21601.0,3.0,已提取,2个通道
E:\压裂窜扰项目\02 规范化\泸206H8\泸206H8 邻井压力监测\泸206H8_邻井压力数据_7平台压力监测6.16.xlsx,秒点,21601.0,3.0,已提取,2个通道
E:\压裂窜扰项目\02 规范化\泸206H8\泸206H8 邻井压力监测\泸206H8_邻井压力数据_7平台压力监测6.16.xlsx,Sheet3,0.0,0.0,无可用序列,空表或有效行列过少
E:\压裂窜扰项目\02 规范化\泸206H8\泸206H8 邻井压力监测\泸206H8_邻井压力数据_分钟压力监测6.14.xlsx,Sheet1,361.0,6.0,已提取,5个通道
E:\压裂窜扰项目\02 规范化\泸206H8\泸206H8 邻井压力监测\泸206H8_邻井压力数据_分钟压力监测6.14.xlsx,Sheet2,0.0,0.0,无可用序列,空表或有效行列过少
E:\压裂窜扰项目\02 规范化\泸206H8\泸206H8 邻井压力监测\泸206H8_邻井压力数据_分钟压力监测6.14.xlsx,Sheet3,0.0,0.0,无可用序列,空表或有效行列过少
E:\压裂窜扰项目\02 规范化\泸208H1\泸208H1 邻井压力监测\泸208H1-1-10段压裂施工-2井压力监测.xlsx,1-10-2,10020.0,2.0,已提取,1个通道
E:\压裂窜扰项目\02 规范化\泸208H1\泸208H1 邻井压力监测\泸208H1-1-11段压裂施工-2井压力监测.xlsx,1-11-2,9892.0,2.0,已提取,1个通道
E:\压裂窜扰项目\02 规范化\泸208H1\泸208H1 邻井压力监测\泸208H1-1-12段压裂施工-2井压力监测.xlsx,1-12-2,9331.0,2.0,已提取,1个通道
E:\压裂窜扰项目\02 规范化\泸208H1\泸208H1 邻井压力监测\泸208H1-1-13段压裂施工-2井压力监测.xlsx,1-13-2,8705.0,2.0,已提取,1个通道
E:\压裂窜扰项目\02 规范化\泸208H1\泸208H1 邻井压力监测\泸208H1-1-14段压裂施工-2井压力监测.xlsx,1-14-2,9452.0,2.0,已提取,1个通道
E:\压裂窜扰项目\02 规范化\泸208H1\泸208H1 邻井压力监测\泸208H1-1井.xlsx,1-10-2,10020.0,3.0,已提取,1个通道
E:\压裂窜扰项目\02 规范化\泸208H1\泸208H1 邻井压力监测\泸208H1-1井.xlsx,1-11-2,9892.0,3.0,已提取,1个通道
E:\压裂窜扰项目\02 规范化\泸208H1\泸208H1 邻井压力监测\泸208H1-1井.xlsx,1-12-2,9331.0,3.0,已提取,1个通道
E:\压裂窜扰项目\02 规范化\泸208H1\泸208H1 邻井压力监测\泸208H1-1井.xlsx,1-13-2,8705.0,2.0,已提取,1个通道
E:\压裂窜扰项目\02 规范化\泸208H1\泸208H1 邻井压力监测\泸208H1-1井.xlsx,1-14-2,9452.0,3.0,已提取,1个通道
E:\压裂窜扰项目\02 规范化\泸208H1\泸208H1 邻井压力监测\泸208H1-2-10段压裂施工-5井压力监测(H2).xlsx,2-10-5(H2),7608.0,2.0,已提取,1个通道
E:\压裂窜扰项目\02 规范化\泸208H1\泸208H1 邻井压力监测\泸208H1-2-11段压裂施工-1井秒点压力监测.xls,导出数据,12349.0,9.0,已提取,1个通道
E:\压裂窜扰项目\02 规范化\泸208H1\泸208H1 邻井压力监测\泸208H1-2-11段压裂施工-5井压力监测(H2).xlsx,2-11-5(H2),7016.0,2.0,已提取,1个通道
E:\压裂窜扰项目\02 规范化\泸208H1\泸208H1 邻井压力监测\泸208H1-2-13段压裂施工-1井压力监测.xlsx,2-13-1,12716.0,2.0,已提取,1个通道
E:\压裂窜扰项目\02 规范化\泸208H1\泸208H1 邻井压力监测\泸208H1-2-14段压裂施工-1井压力监测.xlsx,2-14-1,11119.0,2.0,已提取,1个通道
E:\压裂窜扰项目\02 规范化\泸208H1\泸208H1 邻井压力监测\泸208H1-2-15段压裂施工-1井压力监测(yc).xlsx,2-15-1(yc),13640.0,2.0,已提取,1个通道
E:\压裂窜扰项目\02 规范化\泸208H1\泸208H1 邻井压力监测\泸208H1-2-15段压裂施工-4井压力监测(H2).xlsx,2-15-4(H2),11687.0,2.0,已提取,1个通道
E:\压裂窜扰项目\02 规范化\泸208H1\泸208H1 邻井压力监测\泸208H1-2-15段压裂施工-5井压力监测(H2).xlsx,2-15-5(H2),11687.0,2.0,已提取,1个通道
E:\压裂窜扰项目\02 规范化\泸208H1\泸208H1 邻井压力监测\泸208H1-2-16段压裂施工-1井压力监测(yc).xlsx,2-16-1(yc),9900.0,2.0,已提取,1个通道
E:\压裂窜扰项目\02 规范化\泸208H1\泸208H1 邻井压力监测\泸208H1-2-16段压裂施工-4井压力监测(H2).xlsx,2-16-4(H2),7667.0,2.0,已提取,1个通道
E:\压裂窜扰项目\02 规范化\泸208H1\泸208H1 邻井压力监测\泸208H1-2-16段压裂施工-5井压力监测(H2).xlsx,2-16-5(H2),7667.0,2.0,已提取,1个通道
E:\压裂窜扰项目\02 规范化\泸208H1\泸208H1 邻井压力监测\泸208H1-2-17段压裂施工-1井压力监测(yc).xlsx,2-17-1(yc),9360.0,2.0,已提取,1个通道
E:\压裂窜扰项目\02 规范化\泸208H1\泸208H1 邻井压力监测\泸208H1-2-17段压裂施工-4井压力监测(H2).xlsx,2-17-4(H2),8988.0,2.0,已提取,1个通道
E:\压裂窜扰项目\02 规范化\泸208H1\泸208H1 邻井压力监测\泸208H1-2-17段压裂施工-5井压力监测(H2).xlsx,2-17-5(H2),8988.0,2.0,已提取,1个通道
E:\压裂窜扰项目\02 规范化\泸208H1\泸208H1 邻井压力监测\泸208H1-2-18段压裂施工-1井压力监测.xlsx,2-18-1,9635.0,2.0,已提取,1个通道
E:\压裂窜扰项目\02 规范化\泸208H1\泸208H1 邻井压力监测\泸208H1-2-18段压裂施工-4井压力监测(H2).xlsx,2-18-4(H2),9889.0,2.0,已提取,1个通道
E:\压裂窜扰项目\02 规范化\泸208H1\泸208H1 邻井压力监测\泸208H1-2-18段压裂施工-5井压力监测(H2).xlsx,2-18-5(H2),9889.0,2.0,已提取,1个通道
E:\压裂窜扰项目\02 规范化\泸208H1\泸208H1 邻井压力监测\泸208H1-2-4段压裂施工-1井压力监测.xlsx,2-4-1,11881.0,2.0,已提取,1个通道
E:\压裂窜扰项目\02 规范化\泸208H1\泸208H1 邻井压力监测\泸208H1-2-6段压裂施工-1井压力监测.xlsx,2-6-1,12191.0,2.0,已提取,1个通道
E:\压裂窜扰项目\02 规范化\泸208H1\泸208H1 邻井压力监测\泸208H1-2-8段压裂施工-1井压力监测.xlsx,2-8-1,8166.0,2.0,已提取,1个通道
E:\压裂窜扰项目\02 规范化\泸208H1\泸208H1 邻井压力监测\泸208H1-2-8段压裂施工-1井秒点压力监测.xls,导出数据,12349.0,9.0,已提取,1个通道
E:\压裂窜扰项目\02 规范化\泸208H1\泸208H1 邻井压力监测\泸208H1-2井.xlsx,2-4-1,11881.0,3.0,已提取,1个通道
E:\压裂窜扰项目\02 规范化\泸208H1\泸208H1 邻井压力监测\泸208H1-2井.xlsx,2-6-1,12191.0,3.0,已提取,1个通道
E:\压裂窜扰项目\02 规范化\泸208H1\泸208H1 邻井压力监测\泸208H1-2井.xlsx,2-8-1,8166.0,3.0,已提取,1个通道
E:\压裂窜扰项目\02 规范化\泸208H1\泸208H1 邻井压力监测\泸208H1-2井.xlsx,2-10-5(H2),7608.0,3.0,已提取,1个通道
E:\压裂窜扰项目\02 规范化\泸208H1\泸208H1 邻井压力监测\泸208H1-2井.xlsx,2-11-5(H2),7016.0,3.0,已提取,1个通道
E:\压裂窜扰项目\02 规范化\泸208H1\泸208H1 邻井压力监测\泸208H1-2井.xlsx,2-13-1,12716.0,3.0,已提取,1个通道
E:\压裂窜扰项目\02 规范化\泸208H1\泸208H1 邻井压力监测\泸208H1-2井.xlsx,2-14-1,11119.0,3.0,已提取,1个通道
E:\压裂窜扰项目\02 规范化\泸208H1\泸208H1 邻井压力监测\泸208H1-2井.xlsx,2-15-1(yc),13640.0,3.0,未提取压力通道,0个通道
E:\压裂窜扰项目\02 规范化\泸208H1\泸208H1 邻井压力监测\泸208H1-2井.xlsx,2-15-5(H2),11687.0,3.0,已提取,1个通道
E:\压裂窜扰项目\02 规范化\泸208H1\泸208H1 邻井压力监测\泸208H1-2井.xlsx,2-15-4(H2),11687.0,3.0,已提取,1个通道
E:\压裂窜扰项目\02 规范化\泸208H1\泸208H1 邻井压力监测\泸208H1-2井.xlsx,2-16-1(yc),9900.0,3.0,未提取压力通道,0个通道
E:\压裂窜扰项目\02 规范化\泸208H1\泸208H1 邻井压力监测\泸208H1-2井.xlsx,2-16-5(H2),7667.0,3.0,已提取,1个通道
E:\压裂窜扰项目\02 规范化\泸208H1\泸208H1 邻井压力监测\泸208H1-2井.xlsx,2-16-4(H2),7667.0,3.0,已提取,1个通道
E:\压裂窜扰项目\02 规范化\泸208H1\泸208H1 邻井压力监测\泸208H1-2井.xlsx,2-17-1(yc),9360.0,3.0,未提取压力通道,0个通道
E:\压裂窜扰项目\02 规范化\泸208H1\泸208H1 邻井压力监测\泸208H1-2井.xlsx,2-17-5(H2),8988.0,3.0,已提取,1个通道
E:\压裂窜扰项目\02 规范化\泸208H1\泸208H1 邻井压力监测\泸208H1-2井.xlsx,2-17-4(H2),8988.0,3.0,已提取,1个通道
E:\压裂窜扰项目\02 规范化\泸208H1\泸208H1 邻井压力监测\泸208H1-2井.xlsx,2-18-1,9635.0,3.0,已提取,1个通道
E:\压裂窜扰项目\02 规范化\泸208H1\泸208H1 邻井压力监测\泸208H1-2井.xlsx,2-18-5(H2),9889.0,3.0,已提取,1个通道
E:\压裂窜扰项目\02 规范化\泸208H1\泸208H1 邻井压力监测\泸208H1-2井.xlsx,2-18-4(H2),9889.0,3.0,已提取,1个通道
E:\压裂窜扰项目\02 规范化\泸208H1\泸208H1 邻井压力监测\泸208H1-3-1段压裂施工-4井压力监测.xlsx,3-1-4,10112.0,2.0,已提取,1个通道
E:\压裂窜扰项目\02 规范化\泸208H1\泸208H1 邻井压力监测\泸208H1-3-3段压裂施工-4井压力监测.xlsx,3-3-4,8652.0,2.0,已提取,1个通道
E:\压裂窜扰项目\02 规范化\泸208H1\泸208H1 邻井压力监测\泸208H1-3-3段压裂施工-5井压力监测.xlsx,3-3-5,8652.0,2.0,已提取,1个通道
E:\压裂窜扰项目\02 规范化\泸208H1\泸208H1 邻井压力监测\泸208H1-3井.xlsx,3-1-4,10112.0,3.0,已提取,1个通道
E:\压裂窜扰项目\02 规范化\泸208H1\泸208H1 邻井压力监测\泸208H1-3井.xlsx,3-3-4,8652.0,3.0,已提取,1个通道
E:\压裂窜扰项目\02 规范化\泸208H1\泸208H1 邻井压力监测\泸208H1-3井.xlsx,3-3-5,8652.0,3.0,已提取,1个通道
E:\压裂窜扰项目\02 规范化\泸208H1\泸208H1 邻井压力监测\泸208H1-4-10段压裂施工-6井压力监测.xlsx,4-10-6,9473.0,2.0,已提取,1个通道
E:\压裂窜扰项目\02 规范化\泸208H1\泸208H1 邻井压力监测\泸208H1-4-11段压裂施工-5井压力监测.xlsx,4-11-5,12481.0,2.0,已提取,1个通道
E:\压裂窜扰项目\02 规范化\泸208H1\泸208H1 邻井压力监测\泸208H1-4-13段压裂施工-5井压力监测.xlsx,4-13-5,9047.0,2.0,已提取,1个通道
E:\压裂窜扰项目\02 规范化\泸208H1\泸208H1 邻井压力监测\泸208H1-4-14段压裂施工-5井压力监测.xlsx,4-14-5,8195.0,2.0,已提取,1个通道
E:\压裂窜扰项目\02 规范化\泸208H1\泸208H1 邻井压力监测\泸208H1-4-16段压裂施工-5井压力监测.xlsx,4-16-5,7955.0,2.0,已提取,1个通道
E:\压裂窜扰项目\02 规范化\泸208H1\泸208H1 邻井压力监测\泸208H1-4-17段压裂施工-5井压力监测.xlsx,4-17-5,7322.0,2.0,已提取,1个通道
E:\压裂窜扰项目\02 规范化\泸208H1\泸208H1 邻井压力监测\泸208H1-4-18段压裂施工-5井压力监测.xlsx,4-18-5,7698.0,2.0,已提取,1个通道
E:\压裂窜扰项目\02 规范化\泸208H1\泸208H1 邻井压力监测\泸208H1-4-19段压裂施工-5井压力监测.xlsx,4-19-5,10730.0,2.0,已提取,1个通道
E:\压裂窜扰项目\02 规范化\泸208H1\泸208H1 邻井压力监测\泸208H1-4-1段压裂施工-3井压力监测.xlsx,4-1-3,10800.0,2.0,已提取,1个通道
E:\压裂窜扰项目\02 规范化\泸208H1\泸208H1 邻井压力监测\泸208H1-4-1段压裂施工-5井压力监测.xlsx,4-1-5,10800.0,2.0,已提取,1个通道
E:\压裂窜扰项目\02 规范化\泸208H1\泸208H1 邻井压力监测\泸208H1-4-2段压裂施工-3井压力监测.xlsx,4-2-3,8982.0,2.0,已提取,1个通道
E:\压裂窜扰项目\02 规范化\泸208H1\泸208H1 邻井压力监测\泸208H1-4-2段压裂施工-5井压力监测.xlsx,4-2-5,8982.0,2.0,已提取,1个通道
E:\压裂窜扰项目\02 规范化\泸208H1\泸208H1 邻井压力监测\泸208H1-4-3段压裂施工-3井压力监测.xlsx,4-3-3,9082.0,2.0,已提取,1个通道
E:\压裂窜扰项目\02 规范化\泸208H1\泸208H1 邻井压力监测\泸208H1-4-3段压裂施工-5井压力监测.xlsx,4-3-5,9082.0,2.0,已提取,1个通道
E:\压裂窜扰项目\02 规范化\泸208H1\泸208H1 邻井压力监测\泸208H1-4-4段压裂施工-3井压力监测.xlsx,4-4-3,8340.0,2.0,已提取,1个通道
E:\压裂窜扰项目\02 规范化\泸208H1\泸208H1 邻井压力监测\泸208H1-4-4段压裂施工-5井压力监测.xlsx,4-4-5,8340.0,2.0,已提取,1个通道
E:\压裂窜扰项目\02 规范化\泸208H1\泸208H1 邻井压力监测\泸208H1-4-5段压裂施工-3井压力监测.xlsx,4-5-3,11500.0,2.0,已提取,1个通道
E:\压裂窜扰项目\02 规范化\泸208H1\泸208H1 邻井压力监测\泸208H1-4-5段压裂施工-5井压力监测.xlsx,4-5-5,11500.0,2.0,已提取,1个通道
E:\压裂窜扰项目\02 规范化\泸208H1\泸208H1 邻井压力监测\泸208H1-4-6段压裂施工-3井压力监测.xlsx,4-6-3,12628.0,2.0,已提取,1个通道
E:\压裂窜扰项目\02 规范化\泸208H1\泸208H1 邻井压力监测\泸208H1-4-7段压裂施工-6井压力监测.xlsx,4-7-6,9000.0,2.0,已提取,1个通道
E:\压裂窜扰项目\02 规范化\泸208H1\泸208H1 邻井压力监测\泸208H1-4-8段压裂施工-6井压力监测.xlsx,4-8-6,9739.0,2.0,已提取,1个通道
E:\压裂窜扰项目\02 规范化\泸208H1\泸208H1 邻井压力监测\泸208H1-4-9段压裂施工-3井压力监测.xlsx,4-9-3,13500.0,2.0,已提取,1个通道
E:\压裂窜扰项目\02 规范化\泸208H1\泸208H1 邻井压力监测\泸208H1-4-9段压裂施工-5井压力监测.xlsx,4-9-5,13500.0,2.0,已提取,1个通道
E:\压裂窜扰项目\02 规范化\泸208H1\泸208H1 邻井压力监测\泸208H1-4井.xlsx,4-1-5,10800.0,3.0,已提取,1个通道
E:\压裂窜扰项目\02 规范化\泸208H1\泸208H1 邻井压力监测\泸208H1-4井.xlsx,4-1-3,10800.0,3.0,已提取,1个通道
E:\压裂窜扰项目\02 规范化\泸208H1\泸208H1 邻井压力监测\泸208H1-4井.xlsx,4-2-3,8982.0,3.0,已提取,1个通道
E:\压裂窜扰项目\02 规范化\泸208H1\泸208H1 邻井压力监测\泸208H1-4井.xlsx,4-2-5,8982.0,3.0,已提取,1个通道
E:\压裂窜扰项目\02 规范化\泸208H1\泸208H1 邻井压力监测\泸208H1-4井.xlsx,4-3-3,9082.0,3.0,已提取,1个通道
E:\压裂窜扰项目\02 规范化\泸208H1\泸208H1 邻井压力监测\泸208H1-4井.xlsx,4-3-5,9082.0,3.0,已提取,1个通道
E:\压裂窜扰项目\02 规范化\泸208H1\泸208H1 邻井压力监测\泸208H1-4井.xlsx,4-4-3,8340.0,3.0,已提取,1个通道
E:\压裂窜扰项目\02 规范化\泸208H1\泸208H1 邻井压力监测\泸208H1-4井.xlsx,4-4-5,8340.0,3.0,已提取,1个通道
E:\压裂窜扰项目\02 规范化\泸208H1\泸208H1 邻井压力监测\泸208H1-4井.xlsx,4-5-3,11500.0,3.0,已提取,1个通道
E:\压裂窜扰项目\02 规范化\泸208H1\泸208H1 邻井压力监测\泸208H1-4井.xlsx,4-5-5,11500.0,3.0,已提取,1个通道
E:\压裂窜扰项目\02 规范化\泸208H1\泸208H1 邻井压力监测\泸208H1-4井.xlsx,4-6-3,12628.0,3.0,已提取,1个通道
E:\压裂窜扰项目\02 规范化\泸208H1\泸208H1 邻井压力监测\泸208H1-4井.xlsx,4-7-6,9000.0,3.0,已提取,1个通道
E:\压裂窜扰项目\02 规范化\泸208H1\泸208H1 邻井压力监测\泸208H1-4井.xlsx,4-8-6,9739.0,3.0,已提取,1个通道
E:\压裂窜扰项目\02 规范化\泸208H1\泸208H1 邻井压力监测\泸208H1-4井.xlsx,4-9-3,13500.0,3.0,已提取,1个通道
E:\压裂窜扰项目\02 规范化\泸208H1\泸208H1 邻井压力监测\泸208H1-4井.xlsx,4-9-5,13500.0,3.0,已提取,1个通道
E:\压裂窜扰项目\02 规范化\泸208H1\泸208H1 邻井压力监测\泸208H1-4井.xlsx,4-10-6,9473.0,3.0,已提取,1个通道
E:\压裂窜扰项目\02 规范化\泸208H1\泸208H1 邻井压力监测\泸208H1-4井.xlsx,4-11-5,12481.0,3.0,已提取,1个通道
E:\压裂窜扰项目\02 规范化\泸208H1\泸208H1 邻井压力监测\泸208H1-4井.xlsx,4-13-5,9047.0,3.0,已提取,1个通道
E:\压裂窜扰项目\02 规范化\泸208H1\泸208H1 邻井压力监测\泸208H1-4井.xlsx,4-14-5,8195.0,3.0,已提取,1个通道
E:\压裂窜扰项目\02 规范化\泸208H1\泸208H1 邻井压力监测\泸208H1-4井.xlsx,4-16-5,7955.0,3.0,已提取,1个通道
E:\压裂窜扰项目\02 规范化\泸208H1\泸208H1 邻井压力监测\泸208H1-4井.xlsx,4-17-5,7322.0,3.0,已提取,1个通道
E:\压裂窜扰项目\02 规范化\泸208H1\泸208H1 邻井压力监测\泸208H1-4井.xlsx,4-18-5,7698.0,3.0,已提取,1个通道
E:\压裂窜扰项目\02 规范化\泸208H1\泸208H1 邻井压力监测\泸208H1-4井.xlsx,4-19-5,10730.0,3.0,已提取,1个通道
E:\压裂窜扰项目\02 规范化\泸208H1\泸208H1 邻井压力监测\泸208H1-5-10段压裂施工-4井压力监测.xlsx,5-10-4,9900.0,2.0,已提取,1个通道
E:\压裂窜扰项目\02 规范化\泸208H1\泸208H1 邻井压力监测\泸208H1-5-14段压裂施工-4井压力监测.xlsx,5-14-4,14448.0,2.0,已提取,1个通道
E:\压裂窜扰项目\02 规范化\泸208H1\泸208H1 邻井压力监测\泸208H1-5-14段压裂施工-6井压力监测.xlsx,5-14-6,14448.0,2.0,已提取,1个通道
E:\压裂窜扰项目\02 规范化\泸208H1\泸208H1 邻井压力监测\泸208H1-5-15段压裂施工-4井压力监测.xlsx,5-15-4,14400.0,2.0,已提取,1个通道
E:\压裂窜扰项目\02 规范化\泸208H1\泸208H1 邻井压力监测\泸208H1-5-16段压裂施工-4井压力监测.xlsx,5-16-4,5702.0,2.0,已提取,1个通道
E:\压裂窜扰项目\02 规范化\泸208H1\泸208H1 邻井压力监测\泸208H1-5-17段压裂施工-4井压力监测.xlsx,5-17-4,8261.0,2.0,已提取,1个通道
E:\压裂窜扰项目\02 规范化\泸208H1\泸208H1 邻井压力监测\泸208H1-5-18段压裂施工-4井压力监测.xlsx,5-18-4,7873.0,2.0,已提取,1个通道
E:\压裂窜扰项目\02 规范化\泸208H1\泸208H1 邻井压力监测\泸208H1-5-19段压裂施工-4井压力监测.xlsx,5-19-4,10274.0,2.0,已提取,1个通道
E:\压裂窜扰项目\02 规范化\泸208H1\泸208H1 邻井压力监测\泸208H1-5-1段压裂施工-6井压力监测.xlsx,5-1-6,12505.0,2.0,已提取,1个通道
E:\压裂窜扰项目\02 规范化\泸208H1\泸208H1 邻井压力监测\泸208H1-5-20段压裂施工-4井压力监测.xlsx,5-20-4,10011.0,2.0,已提取,1个通道
E:\压裂窜扰项目\02 规范化\泸208H1\泸208H1 邻井压力监测\泸208H1-5-23段压裂施工-4井压力监测.xlsx,5-23-4,10383.0,2.0,已提取,1个通道
E:\压裂窜扰项目\02 规范化\泸208H1\泸208H1 邻井压力监测\泸208H1-5-25段压裂施工-4井压力监测.xlsx,5-25-4,9738.0,2.0,已提取,1个通道
E:\压裂窜扰项目\02 规范化\泸208H1\泸208H1 邻井压力监测\泸208H1-5-26段压裂施工-4井压力监测.xlsx,5-26-4,10449.0,2.0,已提取,1个通道
E:\压裂窜扰项目\02 规范化\泸208H1\泸208H1 邻井压力监测\泸208H1-5-2段压裂施工-6井压力监测.xlsx,5-2-6,10966.0,2.0,已提取,1个通道
E:\压裂窜扰项目\02 规范化\泸208H1\泸208H1 邻井压力监测\泸208H1-5-3段压裂施工-6井压力监测.xlsx,5-3-6,11400.0,2.0,已提取,1个通道
E:\压裂窜扰项目\02 规范化\泸208H1\泸208H1 邻井压力监测\泸208H1-5-4段压裂施工-6井压力监测.xlsx,5-4-6,12515.0,2.0,已提取,1个通道
E:\压裂窜扰项目\02 规范化\泸208H1\泸208H1 邻井压力监测\泸208H1-5-5段压裂施工-4井压力监测.xlsx,5-5-4,15857.0,2.0,已提取,1个通道
E:\压裂窜扰项目\02 规范化\泸208H1\泸208H1 邻井压力监测\泸208H1-5-5段压裂施工-6井压力监测.xlsx,5-5-6,15857.0,2.0,已提取,1个通道
E:\压裂窜扰项目\02 规范化\泸208H1\泸208H1 邻井压力监测\泸208H1-5-6段压裂施工-4井压力监测.xlsx,5-6-4,10200.0,2.0,已提取,1个通道
E:\压裂窜扰项目\02 规范化\泸208H1\泸208H1 邻井压力监测\泸208H1-5-7段压裂施工-6井压力监测.xlsx,5-7-6,11306.0,2.0,已提取,1个通道
E:\压裂窜扰项目\02 规范化\泸208H1\泸208H1 邻井压力监测\泸208H1-5-8段压裂施工-6井压力监测.xlsx,5-8-6,11391.0,2.0,已提取,1个通道
E:\压裂窜扰项目\02 规范化\泸208H1\泸208H1 邻井压力监测\泸208H1-5-9段压裂施工-4井压力监测.xlsx,5-9-4,14160.0,2.0,已提取,1个通道
E:\压裂窜扰项目\02 规范化\泸208H1\泸208H1 邻井压力监测\泸208H1-5井.xlsx,5-1-6,12505.0,3.0,已提取,1个通道
E:\压裂窜扰项目\02 规范化\泸208H1\泸208H1 邻井压力监测\泸208H1-5井.xlsx,5-2-6,10966.0,3.0,已提取,1个通道
E:\压裂窜扰项目\02 规范化\泸208H1\泸208H1 邻井压力监测\泸208H1-5井.xlsx,5-3-6,11400.0,3.0,已提取,1个通道
E:\压裂窜扰项目\02 规范化\泸208H1\泸208H1 邻井压力监测\泸208H1-5井.xlsx,5-4-6,12515.0,3.0,已提取,1个通道
E:\压裂窜扰项目\02 规范化\泸208H1\泸208H1 邻井压力监测\泸208H1-5井.xlsx,5-5-4,15857.0,3.0,已提取,1个通道
E:\压裂窜扰项目\02 规范化\泸208H1\泸208H1 邻井压力监测\泸208H1-5井.xlsx,5-5-6,15857.0,3.0,已提取,1个通道
E:\压裂窜扰项目\02 规范化\泸208H1\泸208H1 邻井压力监测\泸208H1-5井.xlsx,5-6-4,10200.0,3.0,已提取,1个通道
E:\压裂窜扰项目\02 规范化\泸208H1\泸208H1 邻井压力监测\泸208H1-5井.xlsx,5-7-6,11306.0,3.0,已提取,1个通道
E:\压裂窜扰项目\02 规范化\泸208H1\泸208H1 邻井压力监测\泸208H1-5井.xlsx,5-8-6,11391.0,3.0,已提取,1个通道
E:\压裂窜扰项目\02 规范化\泸208H1\泸208H1 邻井压力监测\泸208H1-5井.xlsx,5-9-4,14160.0,3.0,已提取,1个通道
E:\压裂窜扰项目\02 规范化\泸208H1\泸208H1 邻井压力监测\泸208H1-5井.xlsx,5-10-4,9900.0,3.0,已提取,1个通道
E:\压裂窜扰项目\02 规范化\泸208H1\泸208H1 邻井压力监测\泸208H1-5井.xlsx,5-14-4,14448.0,3.0,已提取,1个通道
E:\压裂窜扰项目\02 规范化\泸208H1\泸208H1 邻井压力监测\泸208H1-5井.xlsx,5-14-6,14448.0,3.0,已提取,1个通道
E:\压裂窜扰项目\02 规范化\泸208H1\泸208H1 邻井压力监测\泸208H1-5井.xlsx,5-15-4,14400.0,3.0,已提取,1个通道
E:\压裂窜扰项目\02 规范化\泸208H1\泸208H1 邻井压力监测\泸208H1-5井.xlsx,5-16-4,5702.0,3.0,已提取,1个通道
E:\压裂窜扰项目\02 规范化\泸208H1\泸208H1 邻井压力监测\泸208H1-5井.xlsx,5-17-4,8261.0,3.0,已提取,1个通道
E:\压裂窜扰项目\02 规范化\泸208H1\泸208H1 邻井压力监测\泸208H1-5井.xlsx,5-18-4,7873.0,3.0,已提取,1个通道
E:\压裂窜扰项目\02 规范化\泸208H1\泸208H1 邻井压力监测\泸208H1-5井.xlsx,5-19-4,10274.0,3.0,已提取,1个通道
E:\压裂窜扰项目\02 规范化\泸208H1\泸208H1 邻井压力监测\泸208H1-5井.xlsx,5-20-4,10011.0,3.0,已提取,1个通道
E:\压裂窜扰项目\02 规范化\泸208H1\泸208H1 邻井压力监测\泸208H1-5井.xlsx,5-23-4,10383.0,3.0,已提取,1个通道
E:\压裂窜扰项目\02 规范化\泸208H1\泸208H1 邻井压力监测\泸208H1-5井.xlsx,5-25-4,9738.0,3.0,已提取,1个通道
E:\压裂窜扰项目\02 规范化\泸208H1\泸208H1 邻井压力监测\泸208H1-5井.xlsx,5-26-4,10449.0,3.0,已提取,1个通道
E:\压裂窜扰项目\02 规范化\泸208H1\泸208H1 邻井压力监测\泸208H1-6-1段压裂施工-5井压力监测.xlsx,6-1-5,8476.0,2.0,已提取,1个通道
E:\压裂窜扰项目\02 规范化\泸208H1\泸208H1 邻井压力监测\泸208H1-6-2段压裂施工-5井压力监测.xlsx,6-2-5,10694.0,2.0,已提取,1个通道
E:\压裂窜扰项目\02 规范化\泸208H1\泸208H1 邻井压力监测\泸208H1-6-3段压裂施工-5井压力监测.xlsx,6-3-5,13201.0,2.0,已提取,1个通道
E:\压裂窜扰项目\02 规范化\泸208H1\泸208H1 邻井压力监测\泸208H1-6-4段压裂施工-5井压力监测.xlsx,6-4-5,8820.0,2.0,已提取,1个通道
E:\压裂窜扰项目\02 规范化\泸208H1\泸208H1 邻井压力监测\泸208H1-6井.xlsx,6-1-5,8476.0,2.0,已提取,1个通道
E:\压裂窜扰项目\02 规范化\泸208H1\泸208H1 邻井压力监测\泸208H1-6井.xlsx,6-2-5,10694.0,2.0,已提取,1个通道
E:\压裂窜扰项目\02 规范化\泸208H1\泸208H1 邻井压力监测\泸208H1-6井.xlsx,6-3-5,13201.0,2.0,已提取,1个通道
E:\压裂窜扰项目\02 规范化\泸208H1\泸208H1 邻井压力监测\泸208H1-6井.xlsx,6-4-5,8820.0,2.0,已提取,1个通道
E:\压裂窜扰项目\02 规范化\泸208H2\泸208H2 邻井压力监测\泸208H2-1-10段压裂施工-2井压力监测.xlsx,1-10-2,9056.0,2.0,已提取,1个通道
E:\压裂窜扰项目\02 规范化\泸208H2\泸208H2 邻井压力监测\泸208H2-1-11段压裂施工-2井压力监测.xlsx,1-11-2,8842.0,2.0,已提取,1个通道
E:\压裂窜扰项目\02 规范化\泸208H2\泸208H2 邻井压力监测\泸208H2-1-12段压裂施工-2井压力监测.xlsx,1-12-2,8944.0,2.0,已提取,1个通道
E:\压裂窜扰项目\02 规范化\泸208H2\泸208H2 邻井压力监测\泸208H2-1-13段压裂施工-2井压力监测.xlsx,1-13-2,9898.0,2.0,已提取,1个通道
E:\压裂窜扰项目\02 规范化\泸208H2\泸208H2 邻井压力监测\泸208H2-1-14段压裂施工-2井压力监测.xlsx,1-14-2,9215.0,2.0,已提取,1个通道
E:\压裂窜扰项目\02 规范化\泸208H2\泸208H2 邻井压力监测\泸208H2-1-15段压裂施工-2井压力监测.xlsx,1-15-2,9323.0,2.0,已提取,1个通道
E:\压裂窜扰项目\02 规范化\泸208H2\泸208H2 邻井压力监测\泸208H2-1-16段压裂施工-2井压力监测.xlsx,1-16-2,8977.0,2.0,已提取,1个通道
E:\压裂窜扰项目\02 规范化\泸208H2\泸208H2 邻井压力监测\泸208H2-1-17段压裂施工-2井压力监测.xlsx,1-17-2,8977.0,2.0,已提取,1个通道
E:\压裂窜扰项目\02 规范化\泸208H2\泸208H2 邻井压力监测\泸208H2-1-19段压裂施工-2井压力监测.xlsx,1-19-2,8587.0,2.0,已提取,1个通道
E:\压裂窜扰项目\02 规范化\泸208H2\泸208H2 邻井压力监测\泸208H2-1-2段压裂施工-2井压力监测.xlsx,1-2-2,12646.0,2.0,已提取,1个通道
E:\压裂窜扰项目\02 规范化\泸208H2\泸208H2 邻井压力监测\泸208H2-1-4段压裂施工-2井压力监测.xlsx,1-4-2,9886.0,2.0,已提取,1个通道
E:\压裂窜扰项目\02 规范化\泸208H2\泸208H2 邻井压力监测\泸208H2-1-5段压裂施工-2井压力监测.xlsx,1-5-2,9596.0,2.0,已提取,1个通道
E:\压裂窜扰项目\02 规范化\泸208H2\泸208H2 邻井压力监测\泸208H2-1-5段压裂施工-2井压力监测（补充）.xlsx,1-5-2,8738.0,2.0,已提取,1个通道
E:\压裂窜扰项目\02 规范化\泸208H2\泸208H2 邻井压力监测\泸208H2-1-6段压裂施工-2井压力监测.xlsx,1-6-2,8967.0,2.0,已提取,1个通道
E:\压裂窜扰项目\02 规范化\泸208H2\泸208H2 邻井压力监测\泸208H2-10-10段压裂施工-9井压力监测.xlsx,10-10-9,9220.0,2.0,已提取,1个通道
E:\压裂窜扰项目\02 规范化\泸208H2\泸208H2 邻井压力监测\泸208H2-10-11段压裂施工-9井压力监测.xlsx,10-11-9,10803.0,2.0,已提取,1个通道
E:\压裂窜扰项目\02 规范化\泸208H2\泸208H2 邻井压力监测\泸208H2-10-12段压裂施工-8井压力监测.xlsx,10-12-8,11064.0,2.0,已提取,1个通道
E:\压裂窜扰项目\02 规范化\泸208H2\泸208H2 邻井压力监测\泸208H2-10-12段压裂施工-9井压力监测.xlsx,10-12-9,11064.0,2.0,已提取,1个通道
E:\压裂窜扰项目\02 规范化\泸208H2\泸208H2 邻井压力监测\泸208H2-10-13段压裂施工-9井压力监测.xlsx,10-13-9,10956.0,2.0,已提取,1个通道
E:\压裂窜扰项目\02 规范化\泸208H2\泸208H2 邻井压力监测\泸208H2-10-14段压裂施工-9井压力监测.xlsx,10-14-9,10793.0,2.0,已提取,1个通道
E:\压裂窜扰项目\02 规范化\泸208H2\泸208H2 邻井压力监测\泸208H2-10-15段压裂施工-9井压力监测.xlsx,10-15-9,10006.0,2.0,已提取,1个通道
E:\压裂窜扰项目\02 规范化\泸208H2\泸208H2 邻井压力监测\泸208H2-10-16段压裂施工-9井压力监测.xlsx,10-16-9,15932.0,2.0,已提取,1个通道
E:\压裂窜扰项目\02 规范化\泸208H2\泸208H2 邻井压力监测\泸208H2-10-17段压裂施工-9井压力监测.xlsx,10-17-9,13852.0,2.0,已提取,1个通道
E:\压裂窜扰项目\02 规范化\泸208H2\泸208H2 邻井压力监测\泸208H2-10-18段压裂施工-9井压力监测.xlsx,10-18-9,9184.0,2.0,已提取,1个通道
E:\压裂窜扰项目\02 规范化\泸208H2\泸208H2 邻井压力监测\泸208H2-10-19段压裂施工-9井压力监测.xlsx,10-19-9,13479.0,2.0,已提取,1个通道
E:\压裂窜扰项目\02 规范化\泸208H2\泸208H2 邻井压力监测\泸208H2-10-20段压裂施工-9井压力监测.xlsx,10-20-9,9079.0,2.0,已提取,1个通道
E:\压裂窜扰项目\02 规范化\泸208H2\泸208H2 邻井压力监测\泸208H2-10-21段压裂施工-9井压力监测.xlsx,10-21-9,14451.0,2.0,已提取,1个通道
E:\压裂窜扰项目\02 规范化\泸208H2\泸208H2 邻井压力监测\泸208H2-10-22段压裂施工-9井压力监测.xlsx,10-22-9,8809.0,2.0,已提取,1个通道
E:\压裂窜扰项目\02 规范化\泸208H2\泸208H2 邻井压力监测\泸208H2-10-3段压裂施工-9井压力监测.xlsx,10-3-9,23019.0,2.0,已提取,1个通道
E:\压裂窜扰项目\02 规范化\泸208H2\泸208H2 邻井压力监测\泸208H2-10-4段压裂施工-9井压力监测.xlsx,10-4-9,14688.0,2.0,已提取,1个通道
E:\压裂窜扰项目\02 规范化\泸208H2\泸208H2 邻井压力监测\泸208H2-10-5段压裂施工-9井压力监测.xlsx,10-5-9,9960.0,2.0,已提取,1个通道
E:\压裂窜扰项目\02 规范化\泸208H2\泸208H2 邻井压力监测\泸208H2-10-6段压裂施工-9井压力监测.xlsx,10-6-9,9672.0,2.0,已提取,1个通道
E:\压裂窜扰项目\02 规范化\泸208H2\泸208H2 邻井压力监测\泸208H2-10-7段压裂施工-9井压力监测.xlsx,10-7-9,9958.0,2.0,已提取,1个通道
E:\压裂窜扰项目\02 规范化\泸208H2\泸208H2 邻井压力监测\泸208H2-10-8段压裂施工-9井压力监测.xlsx,10-8-9,9351.0,2.0,已提取,1个通道
E:\压裂窜扰项目\02 规范化\泸208H2\泸208H2 邻井压力监测\泸208H2-10-9段压裂施工-9井压力监测.xlsx,10-9-9,10564.0,2.0,已提取,1个通道
E:\压裂窜扰项目\02 规范化\泸208H2\泸208H2 邻井压力监测\泸208H2-10井-MATLAB.xlsx,10-3-9,23019.0,2.0,已提取,1个通道
E:\压裂窜扰项目\02 规范化\泸208H2\泸208H2 邻井压力监测\泸208H2-10井-MATLAB.xlsx,10-4-9,14688.0,2.0,已提取,1个通道
E:\压裂窜扰项目\02 规范化\泸208H2\泸208H2 邻井压力监测\泸208H2-10井-MATLAB.xlsx,10-5-9,9960.0,2.0,已提取,1个通道
E:\压裂窜扰项目\02 规范化\泸208H2\泸208H2 邻井压力监测\泸208H2-10井-MATLAB.xlsx,10-6-9,9672.0,2.0,已提取,1个通道
E:\压裂窜扰项目\02 规范化\泸208H2\泸208H2 邻井压力监测\泸208H2-10井-MATLAB.xlsx,10-7-9,9958.0,2.0,已提取,1个通道
E:\压裂窜扰项目\02 规范化\泸208H2\泸208H2 邻井压力监测\泸208H2-10井-MATLAB.xlsx,10-8-9,9351.0,2.0,已提取,1个通道
E:\压裂窜扰项目\02 规范化\泸208H2\泸208H2 邻井压力监测\泸208H2-10井-MATLAB.xlsx,10-9-9,10564.0,2.0,已提取,1个通道
E:\压裂窜扰项目\02 规范化\泸208H2\泸208H2 邻井压力监测\泸208H2-10井-MATLAB.xlsx,10-10-9,9220.0,2.0,已提取,1个通道
E:\压裂窜扰项目\02 规范化\泸208H2\泸208H2 邻井压力监测\泸208H2-10井-MATLAB.xlsx,10-11-9,10803.0,2.0,已提取,1个通道
E:\压裂窜扰项目\02 规范化\泸208H2\泸208H2 邻井压力监测\泸208H2-10井-MATLAB.xlsx,10-12-8,11064.0,2.0,已提取,1个通道
E:\压裂窜扰项目\02 规范化\泸208H2\泸208H2 邻井压力监测\泸208H2-10井-MATLAB.xlsx,10-12-9,11064.0,2.0,已提取,1个通道
E:\压裂窜扰项目\02 规范化\泸208H2\泸208H2 邻井压力监测\泸208H2-10井-MATLAB.xlsx,10-13-9,10956.0,2.0,已提取,1个通道
E:\压裂窜扰项目\02 规范化\泸208H2\泸208H2 邻井压力监测\泸208H2-10井-MATLAB.xlsx,10-14-9,10793.0,2.0,已提取,1个通道
E:\压裂窜扰项目\02 规范化\泸208H2\泸208H2 邻井压力监测\泸208H2-10井-MATLAB.xlsx,10-15-9,10006.0,2.0,已提取,1个通道
E:\压裂窜扰项目\02 规范化\泸208H2\泸208H2 邻井压力监测\泸208H2-10井-MATLAB.xlsx,10-16-9,15932.0,2.0,已提取,1个通道
E:\压裂窜扰项目\02 规范化\泸208H2\泸208H2 邻井压力监测\泸208H2-10井-MATLAB.xlsx,10-17-9,13852.0,2.0,已提取,1个通道
E:\压裂窜扰项目\02 规范化\泸208H2\泸208H2 邻井压力监测\泸208H2-10井-MATLAB.xlsx,10-18-9,9184.0,2.0,已提取,1个通道
E:\压裂窜扰项目\02 规范化\泸208H2\泸208H2 邻井压力监测\泸208H2-10井-MATLAB.xlsx,10-19-9,13479.0,2.0,已提取,1个通道
E:\压裂窜扰项目\02 规范化\泸208H2\泸208H2 邻井压力监测\泸208H2-10井-MATLAB.xlsx,10-20-9,9079.0,2.0,已提取,1个通道
E:\压裂窜扰项目\02 规范化\泸208H2\泸208H2 邻井压力监测\泸208H2-10井-MATLAB.xlsx,10-21-9,14451.0,2.0,已提取,1个通道
E:\压裂窜扰项目\02 规范化\泸208H2\泸208H2 邻井压力监测\泸208H2-10井-MATLAB.xlsx,10-22-9,8809.0,2.0,已提取,1个通道
E:\压裂窜扰项目\02 规范化\泸208H2\泸208H2 邻井压力监测\泸208H2-1井-MATLAB-2.xlsx,1-2-2,12646.0,2.0,已提取,1个通道
E:\压裂窜扰项目\02 规范化\泸208H2\泸208H2 邻井压力监测\泸208H2-1井-MATLAB-2.xlsx,1-4-2,9886.0,2.0,已提取,1个通道
E:\压裂窜扰项目\02 规范化\泸208H2\泸208H2 邻井压力监测\泸208H2-1井-MATLAB-2.xlsx,1-5-2,8738.0,2.0,已提取,1个通道
E:\压裂窜扰项目\02 规范化\泸208H2\泸208H2 邻井压力监测\泸208H2-1井-MATLAB-2.xlsx,1-6-2,8967.0,2.0,已提取,1个通道
E:\压裂窜扰项目\02 规范化\泸208H2\泸208H2 邻井压力监测\泸208H2-1井-MATLAB-2.xlsx,1-10-2,9056.0,2.0,已提取,1个通道
E:\压裂窜扰项目\02 规范化\泸208H2\泸208H2 邻井压力监测\泸208H2-1井-MATLAB-2.xlsx,1-11-2,8842.0,2.0,已提取,1个通道
E:\压裂窜扰项目\02 规范化\泸208H2\泸208H2 邻井压力监测\泸208H2-1井-MATLAB-2.xlsx,1-12-2,8944.0,2.0,已提取,1个通道
E:\压裂窜扰项目\02 规范化\泸208H2\泸208H2 邻井压力监测\泸208H2-1井-MATLAB-2.xlsx,1-13-2,9898.0,2.0,已提取,1个通道
E:\压裂窜扰项目\02 规范化\泸208H2\泸208H2 邻井压力监测\泸208H2-1井-MATLAB-2.xlsx,1-14-2,9215.0,2.0,已提取,1个通道
E:\压裂窜扰项目\02 规范化\泸208H2\泸208H2 邻井压力监测\泸208H2-1井-MATLAB-2.xlsx,1-15-2,9323.0,2.0,已提取,1个通道
E:\压裂窜扰项目\02 规范化\泸208H2\泸208H2 邻井压力监测\泸208H2-1井-MATLAB-2.xlsx,1-16-2,8977.0,2.0,已提取,1个通道
E:\压裂窜扰项目\02 规范化\泸208H2\泸208H2 邻井压力监测\泸208H2-1井-MATLAB-2.xlsx,1-17-2,8977.0,2.0,已提取,1个通道
E:\压裂窜扰项目\02 规范化\泸208H2\泸208H2 邻井压力监测\泸208H2-1井-MATLAB-2.xlsx,1-19-2,8587.0,2.0,已提取,1个通道
E:\压裂窜扰项目\02 规范化\泸208H2\泸208H2 邻井压力监测\泸208H2-1井-MATLAB.xlsx,1-2-2,12646.0,2.0,已提取,1个通道
E:\压裂窜扰项目\02 规范化\泸208H2\泸208H2 邻井压力监测\泸208H2-1井-MATLAB.xlsx,1-4-2,9886.0,2.0,已提取,1个通道
E:\压裂窜扰项目\02 规范化\泸208H2\泸208H2 邻井压力监测\泸208H2-1井-MATLAB.xlsx,1-5-2,9596.0,2.0,已提取,1个通道
E:\压裂窜扰项目\02 规范化\泸208H2\泸208H2 邻井压力监测\泸208H2-1井-MATLAB.xlsx,1-6-2,8967.0,2.0,已提取,1个通道
E:\压裂窜扰项目\02 规范化\泸208H2\泸208H2 邻井压力监测\泸208H2-1井-MATLAB.xlsx,1-10-2,9056.0,2.0,已提取,1个通道
E:\压裂窜扰项目\02 规范化\泸208H2\泸208H2 邻井压力监测\泸208H2-1井-MATLAB.xlsx,1-11-2,8842.0,2.0,已提取,1个通道
E:\压裂窜扰项目\02 规范化\泸208H2\泸208H2 邻井压力监测\泸208H2-1井-MATLAB.xlsx,1-12-2,8944.0,2.0,已提取,1个通道
E:\压裂窜扰项目\02 规范化\泸208H2\泸208H2 邻井压力监测\泸208H2-1井-MATLAB.xlsx,1-13-2,9898.0,2.0,已提取,1个通道
E:\压裂窜扰项目\02 规范化\泸208H2\泸208H2 邻井压力监测\泸208H2-1井-MATLAB.xlsx,1-14-2,9215.0,2.0,已提取,1个通道
E:\压裂窜扰项目\02 规范化\泸208H2\泸208H2 邻井压力监测\泸208H2-1井-MATLAB.xlsx,1-15-2,9323.0,2.0,已提取,1个通道
E:\压裂窜扰项目\02 规范化\泸208H2\泸208H2 邻井压力监测\泸208H2-1井-MATLAB.xlsx,1-16-2,8977.0,2.0,已提取,1个通道
E:\压裂窜扰项目\02 规范化\泸208H2\泸208H2 邻井压力监测\泸208H2-1井-MATLAB.xlsx,1-17-2,8977.0,2.0,已提取,1个通道
E:\压裂窜扰项目\02 规范化\泸208H2\泸208H2 邻井压力监测\泸208H2-1井-MATLAB.xlsx,1-19-2,8587.0,2.0,已提取,1个通道
E:\压裂窜扰项目\02 规范化\泸208H2\泸208H2 邻井压力监测\泸208H2-2-12段压裂施工-3井压力监测.xlsx,2-12-3,11185.0,2.0,已提取,1个通道
E:\压裂窜扰项目\02 规范化\泸208H2\泸208H2 邻井压力监测\泸208H2-2-13段压裂施工-1井压力监测.xlsx,2-13-1,11285.0,2.0,已提取,1个通道
E:\压裂窜扰项目\02 规范化\泸208H2\泸208H2 邻井压力监测\泸208H2-2-13段压裂施工-3井压力监测.xlsx,2-13-3,11285.0,2.0,已提取,1个通道
E:\压裂窜扰项目\02 规范化\泸208H2\泸208H2 邻井压力监测\泸208H2-2-14段压裂施工-1井压力监测.xlsx,2-14-1,8483.0,2.0,已提取,1个通道
E:\压裂窜扰项目\02 规范化\泸208H2\泸208H2 邻井压力监测\泸208H2-2-2段压裂施工-1井压力监测.xlsx,2-2-1,9444.0,2.0,已提取,1个通道
E:\压裂窜扰项目\02 规范化\泸208H2\泸208H2 邻井压力监测\泸208H2-2-5段压裂施工-1井压力监测.xlsx,2-5-1,9116.0,2.0,已提取,1个通道
E:\压裂窜扰项目\02 规范化\泸208H2\泸208H2 邻井压力监测\泸208H2-2-9段压裂施工-3井压力监测.xlsx,2-9-3,8573.0,2.0,已提取,1个通道
E:\压裂窜扰项目\02 规范化\泸208H2\泸208H2 邻井压力监测\泸208H2-2井-MATLAB.xlsx,2-2-1,9444.0,2.0,已提取,1个通道
E:\压裂窜扰项目\02 规范化\泸208H2\泸208H2 邻井压力监测\泸208H2-2井-MATLAB.xlsx,2-5-1,9116.0,2.0,已提取,1个通道
E:\压裂窜扰项目\02 规范化\泸208H2\泸208H2 邻井压力监测\泸208H2-2井-MATLAB.xlsx,2-9-3,8573.0,2.0,已提取,1个通道
E:\压裂窜扰项目\02 规范化\泸208H2\泸208H2 邻井压力监测\泸208H2-2井-MATLAB.xlsx,2-12-3,11185.0,2.0,已提取,1个通道
E:\压裂窜扰项目\02 规范化\泸208H2\泸208H2 邻井压力监测\泸208H2-2井-MATLAB.xlsx,2-13-1,11285.0,2.0,已提取,1个通道
E:\压裂窜扰项目\02 规范化\泸208H2\泸208H2 邻井压力监测\泸208H2-2井-MATLAB.xlsx,2-13-3,11285.0,2.0,已提取,1个通道
E:\压裂窜扰项目\02 规范化\泸208H2\泸208H2 邻井压力监测\泸208H2-2井-MATLAB.xlsx,2-14-1,8483.0,2.0,已提取,1个通道
E:\压裂窜扰项目\02 规范化\泸208H2\泸208H2 邻井压力监测\泸208H2-3-20段压裂施工-4井压力监测.xlsx,3-20-4,11460.0,2.0,已提取,1个通道
E:\压裂窜扰项目\02 规范化\泸208H2\泸208H2 邻井压力监测\泸208H2-3-21段压裂施工-4井压力监测.xlsx,3-21-4,11995.0,2.0,已提取,1个通道
E:\压裂窜扰项目\02 规范化\泸208H2\泸208H2 邻井压力监测\泸208H2-3-22段压裂施工-4井压力监测.xlsx,3-22-4,8694.0,2.0,已提取,1个通道
E:\压裂窜扰项目\02 规范化\泸208H2\泸208H2 邻井压力监测\泸208H2-3-23段压裂施工-4井压力监测.xlsx,3-23-4,8817.0,2.0,已提取,1个通道
E:\压裂窜扰项目\02 规范化\泸208H2\泸208H2 邻井压力监测\泸208H2-3-24段压裂施工-4井压力监测.xlsx,3-24-4,12433.0,2.0,已提取,1个通道
E:\压裂窜扰项目\02 规范化\泸208H2\泸208H2 邻井压力监测\泸208H2-3-25段压裂施工-4井压力监测.xlsx,3-25-4,11998.0,2.0,已提取,1个通道
E:\压裂窜扰项目\02 规范化\泸208H2\泸208H2 邻井压力监测\泸208H2-3-26段压裂施工-4井压力监测.xlsx,3-26-4,12203.0,2.0,已提取,1个通道
E:\压裂窜扰项目\02 规范化\泸208H2\泸208H2 邻井压力监测\泸208H2-3-27段压裂施工-4井压力监测.xlsx,3-27-4,12341.0,2.0,已提取,1个通道
E:\压裂窜扰项目\02 规范化\泸208H2\泸208H2 邻井压力监测\泸208H2-3井-MATLAB.xlsx,3-20-4,11460.0,2.0,已提取,1个通道
E:\压裂窜扰项目\02 规范化\泸208H2\泸208H2 邻井压力监测\泸208H2-3井-MATLAB.xlsx,3-21-4,11995.0,2.0,已提取,1个通道
E:\压裂窜扰项目\02 规范化\泸208H2\泸208H2 邻井压力监测\泸208H2-3井-MATLAB.xlsx,3-22-4,8694.0,2.0,已提取,1个通道
E:\压裂窜扰项目\02 规范化\泸208H2\泸208H2 邻井压力监测\泸208H2-3井-MATLAB.xlsx,3-23-4,8817.0,2.0,已提取,1个通道
E:\压裂窜扰项目\02 规范化\泸208H2\泸208H2 邻井压力监测\泸208H2-3井-MATLAB.xlsx,3-24-4,12433.0,2.0,已提取,1个通道
E:\压裂窜扰项目\02 规范化\泸208H2\泸208H2 邻井压力监测\泸208H2-3井-MATLAB.xlsx,3-25-4,11998.0,2.0,已提取,1个通道
E:\压裂窜扰项目\02 规范化\泸208H2\泸208H2 邻井压力监测\泸208H2-3井-MATLAB.xlsx,3-26-4,12203.0,2.0,已提取,1个通道
E:\压裂窜扰项目\02 规范化\泸208H2\泸208H2 邻井压力监测\泸208H2-3井-MATLAB.xlsx,3-27-4,12341.0,2.0,已提取,1个通道
E:\压裂窜扰项目\02 规范化\泸208H2\泸208H2 邻井压力监测\泸208H2-4-10段压裂施工-1井压力监测.xlsx,4-10-1,8503.0,2.0,已提取,1个通道
E:\压裂窜扰项目\02 规范化\泸208H2\泸208H2 邻井压力监测\泸208H2-4-11段压裂施工-1井压力监测.xlsx,4-11-1,7509.0,2.0,已提取,1个通道
E:\压裂窜扰项目\02 规范化\泸208H2\泸208H2 邻井压力监测\泸208H2-4-12段压裂施工-5井压力监测.xlsx,4-12-5,7449.0,2.0,已提取,1个通道
E:\压裂窜扰项目\02 规范化\泸208H2\泸208H2 邻井压力监测\泸208H2-4-15段压裂施工-5井压力监测.xlsx,4-15-5,6535.0,2.0,已提取,1个通道
E:\压裂窜扰项目\02 规范化\泸208H2\泸208H2 邻井压力监测\泸208H2-4-16段压裂施工-5井压力监测.xlsx,4-16-5,4951.0,2.0,已提取,1个通道
E:\压裂窜扰项目\02 规范化\泸208H2\泸208H2 邻井压力监测\泸208H2-4-19段压裂施工-3井压力监测.xlsx,4-19-3,9389.0,2.0,已提取,1个通道
E:\压裂窜扰项目\02 规范化\泸208H2\泸208H2 邻井压力监测\泸208H2-4-22段压裂施工-3井压力监测.xlsx,4-22-3,8995.0,2.0,已提取,1个通道
E:\压裂窜扰项目\02 规范化\泸208H2\泸208H2 邻井压力监测\泸208H2-4-2段压裂施工-5井压力监测.xlsx,4-2-5,9636.0,2.0,已提取,1个通道
E:\压裂窜扰项目\02 规范化\泸208H2\泸208H2 邻井压力监测\泸208H2-4-3段压裂施工-5井压力监测.xlsx,4-3-5,12758.0,2.0,已提取,1个通道
E:\压裂窜扰项目\02 规范化\泸208H2\泸208H2 邻井压力监测\泸208H2-4-4段压裂施工-5井压力监测.xlsx,4-4-5,13489.0,2.0,已提取,1个通道
E:\压裂窜扰项目\02 规范化\泸208H2\泸208H2 邻井压力监测\泸208H2-4-5段压裂施工-5井压力监测.xlsx,4-5-5,10170.0,2.0,已提取,1个通道
E:\压裂窜扰项目\02 规范化\泸208H2\泸208H2 邻井压力监测\泸208H2-4-7段压裂施工-5井压力监测.xlsx,4-7-5,13616.0,2.0,已提取,1个通道
E:\压裂窜扰项目\02 规范化\泸208H2\泸208H2 邻井压力监测\泸208H2-4-8段压裂施工-5井压力监测.xlsx,4-8-5,9933.0,2.0,已提取,1个通道
E:\压裂窜扰项目\02 规范化\泸208H2\泸208H2 邻井压力监测\泸208H2-4井-MATLAB.xlsx,4-2-5,9636.0,2.0,已提取,1个通道
E:\压裂窜扰项目\02 规范化\泸208H2\泸208H2 邻井压力监测\泸208H2-4井-MATLAB.xlsx,4-3-5,12758.0,2.0,已提取,1个通道
E:\压裂窜扰项目\02 规范化\泸208H2\泸208H2 邻井压力监测\泸208H2-4井-MATLAB.xlsx,4-4-5,13489.0,2.0,已提取,1个通道
E:\压裂窜扰项目\02 规范化\泸208H2\泸208H2 邻井压力监测\泸208H2-4井-MATLAB.xlsx,4-5-5,10170.0,2.0,已提取,1个通道
E:\压裂窜扰项目\02 规范化\泸208H2\泸208H2 邻井压力监测\泸208H2-4井-MATLAB.xlsx,4-7-5,13616.0,2.0,已提取,1个通道
E:\压裂窜扰项目\02 规范化\泸208H2\泸208H2 邻井压力监测\泸208H2-4井-MATLAB.xlsx,4-8-5,9933.0,2.0,已提取,1个通道
E:\压裂窜扰项目\02 规范化\泸208H2\泸208H2 邻井压力监测\泸208H2-4井-MATLAB.xlsx,4-10-1,8503.0,2.0,已提取,1个通道
E:\压裂窜扰项目\02 规范化\泸208H2\泸208H2 邻井压力监测\泸208H2-4井-MATLAB.xlsx,4-11-1,7509.0,2.0,已提取,1个通道
E:\压裂窜扰项目\02 规范化\泸208H2\泸208H2 邻井压力监测\泸208H2-4井-MATLAB.xlsx,4-12-5,7449.0,2.0,已提取,1个通道
E:\压裂窜扰项目\02 规范化\泸208H2\泸208H2 邻井压力监测\泸208H2-4井-MATLAB.xlsx,4-15-5,6535.0,2.0,已提取,1个通道
E:\压裂窜扰项目\02 规范化\泸208H2\泸208H2 邻井压力监测\泸208H2-4井-MATLAB.xlsx,4-16-5,4951.0,2.0,已提取,1个通道
E:\压裂窜扰项目\02 规范化\泸208H2\泸208H2 邻井压力监测\泸208H2-4井-MATLAB.xlsx,4-19-3,9389.0,2.0,已提取,1个通道
E:\压裂窜扰项目\02 规范化\泸208H2\泸208H2 邻井压力监测\泸208H2-4井-MATLAB.xlsx,4-22-3,8995.0,2.0,已提取,1个通道
E:\压裂窜扰项目\02 规范化\泸208H2\泸208H2 邻井压力监测\泸208H2-5-10段压裂施工-3井压力监测.xlsx,5-10-3,14135.0,2.0,已提取,1个通道
E:\压裂窜扰项目\02 规范化\泸208H2\泸208H2 邻井压力监测\泸208H2-5-12段压裂施工-3井压力监测.xlsx,5-12-3,11714.0,2.0,已提取,1个通道
E:\压裂窜扰项目\02 规范化\泸208H2\泸208H2 邻井压力监测\泸208H2-5-13段压裂施工-4井压力监测.xlsx,5-13-4,11518.0,2.0,已提取,1个通道
E:\压裂窜扰项目\02 规范化\泸208H2\泸208H2 邻井压力监测\泸208H2-5-15段压裂施工-3井压力监测.xlsx,5-15-3,11858.0,2.0,已提取,1个通道
E:\压裂窜扰项目\02 规范化\泸208H2\泸208H2 邻井压力监测\泸208H2-5-16段压裂施工-3井压力监测.xlsx,5-16-3,7322.0,2.0,已提取,1个通道
E:\压裂窜扰项目\02 规范化\泸208H2\泸208H2 邻井压力监测\泸208H2-5-17段压裂施工-3井压力监测.xlsx,5-17-3,7488.0,2.0,已提取,1个通道
E:\压裂窜扰项目\02 规范化\泸208H2\泸208H2 邻井压力监测\泸208H2-5-17段压裂施工-4井压力监测.xlsx,5-17-4,4707.0,2.0,已提取,1个通道
E:\压裂窜扰项目\02 规范化\泸208H2\泸208H2 邻井压力监测\泸208H2-5-2段压裂施工-4井压力监测.xlsx,5-2-4,9141.0,2.0,已提取,1个通道
E:\压裂窜扰项目\02 规范化\泸208H2\泸208H2 邻井压力监测\泸208H2-5-3段压裂施工-4井压力监测.xlsx,5-3-4,12072.0,2.0,已提取,1个通道
E:\压裂窜扰项目\02 规范化\泸208H2\泸208H2 邻井压力监测\泸208H2-5-4段压裂施工-3井压力监测.xlsx,5-4-3,10142.0,2.0,已提取,1个通道
E:\压裂窜扰项目\02 规范化\泸208H2\泸208H2 邻井压力监测\泸208H2-5-5段压裂施工-4井压力监测.xlsx,5-5-4,9838.0,2.0,已提取,1个通道
E:\压裂窜扰项目\02 规范化\泸208H2\泸208H2 邻井压力监测\泸208H2-5-7段压裂施工-4井压力监测.xlsx,5-7-4,14338.0,2.0,已提取,1个通道
E:\压裂窜扰项目\02 规范化\泸208H2\泸208H2 邻井压力监测\泸208H2-5井-MATLAB.xlsx,5-2-4,9141.0,2.0,已提取,1个通道
E:\压裂窜扰项目\02 规范化\泸208H2\泸208H2 邻井压力监测\泸208H2-5井-MATLAB.xlsx,5-3-4,12072.0,2.0,已提取,1个通道
E:\压裂窜扰项目\02 规范化\泸208H2\泸208H2 邻井压力监测\泸208H2-5井-MATLAB.xlsx,5-4-3,10142.0,2.0,已提取,1个通道
E:\压裂窜扰项目\02 规范化\泸208H2\泸208H2 邻井压力监测\泸208H2-5井-MATLAB.xlsx,5-5-4,9838.0,2.0,已提取,1个通道
E:\压裂窜扰项目\02 规范化\泸208H2\泸208H2 邻井压力监测\泸208H2-5井-MATLAB.xlsx,5-7-4,14338.0,2.0,已提取,1个通道
E:\压裂窜扰项目\02 规范化\泸208H2\泸208H2 邻井压力监测\泸208H2-5井-MATLAB.xlsx,5-10-3,14135.0,2.0,已提取,1个通道
E:\压裂窜扰项目\02 规范化\泸208H2\泸208H2 邻井压力监测\泸208H2-5井-MATLAB.xlsx,5-12-3,11714.0,2.0,已提取,1个通道
E:\压裂窜扰项目\02 规范化\泸208H2\泸208H2 邻井压力监测\泸208H2-5井-MATLAB.xlsx,5-13-4,11518.0,2.0,已提取,1个通道
E:\压裂窜扰项目\02 规范化\泸208H2\泸208H2 邻井压力监测\泸208H2-5井-MATLAB.xlsx,5-15-3,11858.0,2.0,已提取,1个通道
E:\压裂窜扰项目\02 规范化\泸208H2\泸208H2 邻井压力监测\泸208H2-5井-MATLAB.xlsx,5-16-3,7322.0,2.0,已提取,1个通道
E:\压裂窜扰项目\02 规范化\泸208H2\泸208H2 邻井压力监测\泸208H2-5井-MATLAB.xlsx,5-17-3,7488.0,2.0,已提取,1个通道
E:\压裂窜扰项目\02 规范化\泸208H2\泸208H2 邻井压力监测\泸208H2-5井-MATLAB.xlsx,5-17-4,4707.0,2.0,已提取,1个通道
E:\压裂窜扰项目\02 规范化\泸208H2\泸208H2 邻井压力监测\泸208H2-6-10段压裂施工-7井压力监测.xlsx,6-10-7,9040.0,2.0,已提取,1个通道
E:\压裂窜扰项目\02 规范化\泸208H2\泸208H2 邻井压力监测\泸208H2-6-12段压裂施工-7井压力监测.xlsx,6-12-7,4942.0,2.0,已提取,1个通道
E:\压裂窜扰项目\02 规范化\泸208H2\泸208H2 邻井压力监测\泸208H2-6-13段压裂施工-7井压力监测.xlsx,6-13-7,9007.0,2.0,已提取,1个通道
E:\压裂窜扰项目\02 规范化\泸208H2\泸208H2 邻井压力监测\泸208H2-6-14段压裂施工-7井压力监测.xlsx,6-14-7,9598.0,2.0,已提取,1个通道
E:\压裂窜扰项目\02 规范化\泸208H2\泸208H2 邻井压力监测\泸208H2-6-15段压裂施工-7井压力监测.xlsx,6-15-7,10800.0,2.0,已提取,1个通道
E:\压裂窜扰项目\02 规范化\泸208H2\泸208H2 邻井压力监测\泸208H2-6-22段压裂施工-7井压力监测.xlsx,6-22-7,9723.0,2.0,已提取,1个通道
E:\压裂窜扰项目\02 规范化\泸208H2\泸208H2 邻井压力监测\泸208H2-6-2段压裂施工-7井压力监测.xlsx,6-2-7,5862.0,2.0,已提取,1个通道
E:\压裂窜扰项目\02 规范化\泸208H2\泸208H2 邻井压力监测\泸208H2-6-3段压裂施工-7井压力监测.xlsx,6-3-7,9283.0,2.0,已提取,1个通道
E:\压裂窜扰项目\02 规范化\泸208H2\泸208H2 邻井压力监测\泸208H2-6-4段压裂施工-7井压力监测.xlsx,6-4-7,14615.0,2.0,已提取,1个通道
E:\压裂窜扰项目\02 规范化\泸208H2\泸208H2 邻井压力监测\泸208H2-6-4段压裂施工-8井压力监测.xlsx,6-4-8,14615.0,2.0,已提取,1个通道
E:\压裂窜扰项目\02 规范化\泸208H2\泸208H2 邻井压力监测\泸208H2-6-5段压裂施工-7井压力监测.xlsx,6-5-7,10217.0,2.0,已提取,1个通道
E:\压裂窜扰项目\02 规范化\泸208H2\泸208H2 邻井压力监测\泸208H2-6-6段压裂施工-7井压力监测.xlsx,6-6-7,9601.0,2.0,已提取,1个通道
E:\压裂窜扰项目\02 规范化\泸208H2\泸208H2 邻井压力监测\泸208H2-6-6段压裂施工-8井压力监测.xlsx,6-6-8,9601.0,2.0,已提取,1个通道
E:\压裂窜扰项目\02 规范化\泸208H2\泸208H2 邻井压力监测\泸208H2-6-7段压裂施工-7井压力监测.xlsx,6-7-7,9301.0,2.0,已提取,1个通道
E:\压裂窜扰项目\02 规范化\泸208H2\泸208H2 邻井压力监测\泸208H2-6-7段压裂施工-8井压力监测.xlsx,6-7-8,9301.0,2.0,已提取,1个通道
E:\压裂窜扰项目\02 规范化\泸208H2\泸208H2 邻井压力监测\泸208H2-6-8段压裂施工-7井压力监测.xlsx,6-8-7,12540.0,2.0,已提取,1个通道
E:\压裂窜扰项目\02 规范化\泸208H2\泸208H2 邻井压力监测\泸208H2-6-8段压裂施工-8井压力监测.xlsx,6-8-8,12540.0,2.0,已提取,1个通道
E:\压裂窜扰项目\02 规范化\泸208H2\泸208H2 邻井压力监测\泸208H2-6-9段压裂施工-7井压力监测.xlsx,6-9-7,9639.0,2.0,已提取,1个通道
E:\压裂窜扰项目\02 规范化\泸208H2\泸208H2 邻井压力监测\泸208H2-6-9段压裂施工-8井压力监测.xlsx,6-9-8,9639.0,2.0,已提取,1个通道
E:\压裂窜扰项目\02 规范化\泸208H2\泸208H2 邻井压力监测\泸208H2-6井-MATLAB.xlsx,6-2-7,5862.0,2.0,已提取,1个通道
E:\压裂窜扰项目\02 规范化\泸208H2\泸208H2 邻井压力监测\泸208H2-6井-MATLAB.xlsx,6-3-7,9283.0,2.0,已提取,1个通道
E:\压裂窜扰项目\02 规范化\泸208H2\泸208H2 邻井压力监测\泸208H2-6井-MATLAB.xlsx,6-4-7,14615.0,2.0,已提取,1个通道
E:\压裂窜扰项目\02 规范化\泸208H2\泸208H2 邻井压力监测\泸208H2-6井-MATLAB.xlsx,6-4-8,14615.0,2.0,已提取,1个通道
E:\压裂窜扰项目\02 规范化\泸208H2\泸208H2 邻井压力监测\泸208H2-6井-MATLAB.xlsx,6-5-7,10217.0,2.0,已提取,1个通道
E:\压裂窜扰项目\02 规范化\泸208H2\泸208H2 邻井压力监测\泸208H2-6井-MATLAB.xlsx,6-6-7,9601.0,2.0,已提取,1个通道
E:\压裂窜扰项目\02 规范化\泸208H2\泸208H2 邻井压力监测\泸208H2-6井-MATLAB.xlsx,6-6-8,9601.0,2.0,已提取,1个通道
E:\压裂窜扰项目\02 规范化\泸208H2\泸208H2 邻井压力监测\泸208H2-6井-MATLAB.xlsx,6-7-7,9301.0,2.0,已提取,1个通道
E:\压裂窜扰项目\02 规范化\泸208H2\泸208H2 邻井压力监测\泸208H2-6井-MATLAB.xlsx,6-7-8,9301.0,2.0,已提取,1个通道
E:\压裂窜扰项目\02 规范化\泸208H2\泸208H2 邻井压力监测\泸208H2-6井-MATLAB.xlsx,6-8-7,12540.0,2.0,已提取,1个通道
E:\压裂窜扰项目\02 规范化\泸208H2\泸208H2 邻井压力监测\泸208H2-6井-MATLAB.xlsx,6-8-8,12540.0,2.0,已提取,1个通道
E:\压裂窜扰项目\02 规范化\泸208H2\泸208H2 邻井压力监测\泸208H2-6井-MATLAB.xlsx,6-9-7,9639.0,2.0,已提取,1个通道
E:\压裂窜扰项目\02 规范化\泸208H2\泸208H2 邻井压力监测\泸208H2-6井-MATLAB.xlsx,6-9-8,9639.0,2.0,已提取,1个通道
E:\压裂窜扰项目\02 规范化\泸208H2\泸208H2 邻井压力监测\泸208H2-6井-MATLAB.xlsx,6-10-7,9040.0,2.0,已提取,1个通道
E:\压裂窜扰项目\02 规范化\泸208H2\泸208H2 邻井压力监测\泸208H2-6井-MATLAB.xlsx,6-12-7,4942.0,2.0,已提取,1个通道
E:\压裂窜扰项目\02 规范化\泸208H2\泸208H2 邻井压力监测\泸208H2-6井-MATLAB.xlsx,6-13-7,9007.0,2.0,已提取,1个通道
E:\压裂窜扰项目\02 规范化\泸208H2\泸208H2 邻井压力监测\泸208H2-6井-MATLAB.xlsx,6-14-7,9598.0,2.0,已提取,1个通道
E:\压裂窜扰项目\02 规范化\泸208H2\泸208H2 邻井压力监测\泸208H2-6井-MATLAB.xlsx,6-15-7,10800.0,2.0,已提取,1个通道
E:\压裂窜扰项目\02 规范化\泸208H2\泸208H2 邻井压力监测\泸208H2-6井-MATLAB.xlsx,6-22-7,9723.0,2.0,已提取,1个通道
E:\压裂窜扰项目\02 规范化\泸208H2\泸208H2 邻井压力监测\泸208H2-7-10段压裂施工-6井压力监测.xlsx,7-10-6,11999.0,2.0,已提取,1个通道
E:\压裂窜扰项目\02 规范化\泸208H2\泸208H2 邻井压力监测\泸208H2-7-11段压裂施工-6井压力监测.xlsx,7-11-6,15118.0,2.0,已提取,1个通道
E:\压裂窜扰项目\02 规范化\泸208H2\泸208H2 邻井压力监测\泸208H2-7-12段压裂施工-6井压力监测.xlsx,7-12-6,11070.0,2.0,已提取,1个通道
E:\压裂窜扰项目\02 规范化\泸208H2\泸208H2 邻井压力监测\泸208H2-7-13段压裂施工-6井压力监测.xlsx,7-13-6,10905.0,2.0,已提取,1个通道
E:\压裂窜扰项目\02 规范化\泸208H2\泸208H2 邻井压力监测\泸208H2-7-14段压裂施工-6井压力监测.xlsx,7-14-6,11360.0,2.0,已提取,1个通道
E:\压裂窜扰项目\02 规范化\泸208H2\泸208H2 邻井压力监测\泸208H2-7-14段压裂施工-8井压力监测.xlsx,7-14-8,11581.0,2.0,已提取,1个通道
E:\压裂窜扰项目\02 规范化\泸208H2\泸208H2 邻井压力监测\泸208H2-7-15段压裂施工-6井压力监测.xlsx,7-15-6,11092.0,2.0,已提取,1个通道
E:\压裂窜扰项目\02 规范化\泸208H2\泸208H2 邻井压力监测\泸208H2-7-16段压裂施工-6井压力监测.xlsx,7-16-6,10840.0,2.0,已提取,1个通道
E:\压裂窜扰项目\02 规范化\泸208H2\泸208H2 邻井压力监测\泸208H2-7-16段压裂施工-8井压力监测.xlsx,7-16-8,11315.0,2.0,已提取,1个通道
E:\压裂窜扰项目\02 规范化\泸208H2\泸208H2 邻井压力监测\泸208H2-7-17段压裂施工-8井压力监测.xlsx,7-17-8,13320.0,2.0,已提取,1个通道
E:\压裂窜扰项目\02 规范化\泸208H2\泸208H2 邻井压力监测\泸208H2-7-18段压裂施工-6井压力监测.xlsx,7-18-6,13498.0,2.0,已提取,1个通道
E:\压裂窜扰项目\02 规范化\泸208H2\泸208H2 邻井压力监测\泸208H2-7-18段压裂施工-8井压力监测.xlsx,7-18-8,13377.0,2.0,已提取,1个通道
E:\压裂窜扰项目\02 规范化\泸208H2\泸208H2 邻井压力监测\泸208H2-7-21段压裂施工-6井压力监测.xlsx,7-21-6,13857.0,2.0,已提取,1个通道
E:\压裂窜扰项目\02 规范化\泸208H2\泸208H2 邻井压力监测\泸208H2-7-21段压裂施工-8井压力监测.xlsx,7-21-8,13857.0,2.0,已提取,1个通道
E:\压裂窜扰项目\02 规范化\泸208H2\泸208H2 邻井压力监测\泸208H2-7-22段压裂施工-6井压力监测.xlsx,7-22-6,10815.0,2.0,已提取,1个通道
E:\压裂窜扰项目\02 规范化\泸208H2\泸208H2 邻井压力监测\泸208H2-7-2段压裂施工-6井压力监测.xlsx,7-2-6,15115.0,2.0,已提取,1个通道
E:\压裂窜扰项目\02 规范化\泸208H2\泸208H2 邻井压力监测\泸208H2-7-2段压裂施工-8井压力监测.xlsx,7-2-8,14884.0,2.0,已提取,1个通道
E:\压裂窜扰项目\02 规范化\泸208H2\泸208H2 邻井压力监测\泸208H2-7-3段压裂施工-6井压力监测.xlsx,7-3-6,13878.0,2.0,已提取,1个通道
E:\压裂窜扰项目\02 规范化\泸208H2\泸208H2 邻井压力监测\泸208H2-7-3段压裂施工-8井压力监测.xlsx,7-3-8,13818.0,2.0,已提取,1个通道
E:\压裂窜扰项目\02 规范化\泸208H2\泸208H2 邻井压力监测\泸208H2-7-4段压裂施工-6井压力监测.xlsx,7-4-6,14227.0,2.0,已提取,1个通道
E:\压裂窜扰项目\02 规范化\泸208H2\泸208H2 邻井压力监测\泸208H2-7-4段压裂施工-8井压力监测.xlsx,7-4-8,14184.0,2.0,已提取,1个通道
E:\压裂窜扰项目\02 规范化\泸208H2\泸208H2 邻井压力监测\泸208H2-7-5段压裂施工-6井压力监测.xlsx,7-5-6,28282.0,2.0,已提取,1个通道
E:\压裂窜扰项目\02 规范化\泸208H2\泸208H2 邻井压力监测\泸208H2-7-5段压裂施工-8井压力监测.xlsx,7-5-8,28526.0,2.0,已提取,1个通道
E:\压裂窜扰项目\02 规范化\泸208H2\泸208H2 邻井压力监测\泸208H2-7-6段压裂施工-8井压力监测.xlsx,7-6-8,5470.0,2.0,已提取,1个通道
E:\压裂窜扰项目\02 规范化\泸208H2\泸208H2 邻井压力监测\泸208H2-7-8段压裂施工-6井压力监测.xlsx,7-8-6,18495.0,2.0,已提取,1个通道
E:\压裂窜扰项目\02 规范化\泸208H2\泸208H2 邻井压力监测\泸208H2-7-8段压裂施工-8井压力监测.xlsx,7-8-8,18190.0,2.0,已提取,1个通道
E:\压裂窜扰项目\02 规范化\泸208H2\泸208H2 邻井压力监测\泸208H2-7-9段压裂施工-6井压力监测.xlsx,7-9-6,9402.0,2.0,已提取,1个通道
E:\压裂窜扰项目\02 规范化\泸208H2\泸208H2 邻井压力监测\泸208H2-7-9段压裂施工-8井压力监测.xlsx,7-9-8,9720.0,2.0,已提取,1个通道
E:\压裂窜扰项目\02 规范化\泸208H2\泸208H2 邻井压力监测\泸208H2-7井-MATLAB.xlsx,7-2-6,15115.0,2.0,已提取,1个通道
E:\压裂窜扰项目\02 规范化\泸208H2\泸208H2 邻井压力监测\泸208H2-7井-MATLAB.xlsx,7-2-8,14884.0,2.0,已提取,1个通道
E:\压裂窜扰项目\02 规范化\泸208H2\泸208H2 邻井压力监测\泸208H2-7井-MATLAB.xlsx,7-3-6,13878.0,2.0,已提取,1个通道
E:\压裂窜扰项目\02 规范化\泸208H2\泸208H2 邻井压力监测\泸208H2-7井-MATLAB.xlsx,7-3-8,13818.0,2.0,已提取,1个通道
E:\压裂窜扰项目\02 规范化\泸208H2\泸208H2 邻井压力监测\泸208H2-7井-MATLAB.xlsx,7-4-6,14227.0,2.0,已提取,1个通道
E:\压裂窜扰项目\02 规范化\泸208H2\泸208H2 邻井压力监测\泸208H2-7井-MATLAB.xlsx,7-4-8,14184.0,2.0,已提取,1个通道
E:\压裂窜扰项目\02 规范化\泸208H2\泸208H2 邻井压力监测\泸208H2-7井-MATLAB.xlsx,7-5-6,28282.0,2.0,已提取,1个通道
E:\压裂窜扰项目\02 规范化\泸208H2\泸208H2 邻井压力监测\泸208H2-7井-MATLAB.xlsx,7-5-8,28526.0,2.0,已提取,1个通道
E:\压裂窜扰项目\02 规范化\泸208H2\泸208H2 邻井压力监测\泸208H2-7井-MATLAB.xlsx,7-6-8,5470.0,2.0,已提取,1个通道
E:\压裂窜扰项目\02 规范化\泸208H2\泸208H2 邻井压力监测\泸208H2-7井-MATLAB.xlsx,7-8-6,18495.0,2.0,已提取,1个通道
E:\压裂窜扰项目\02 规范化\泸208H2\泸208H2 邻井压力监测\泸208H2-7井-MATLAB.xlsx,7-8-8,18190.0,2.0,已提取,1个通道
E:\压裂窜扰项目\02 规范化\泸208H2\泸208H2 邻井压力监测\泸208H2-7井-MATLAB.xlsx,7-9-6,9402.0,2.0,已提取,1个通道
E:\压裂窜扰项目\02 规范化\泸208H2\泸208H2 邻井压力监测\泸208H2-7井-MATLAB.xlsx,7-9-8,9720.0,2.0,已提取,1个通道
E:\压裂窜扰项目\02 规范化\泸208H2\泸208H2 邻井压力监测\泸208H2-7井-MATLAB.xlsx,7-10-6,11999.0,2.0,已提取,1个通道
E:\压裂窜扰项目\02 规范化\泸208H2\泸208H2 邻井压力监测\泸208H2-7井-MATLAB.xlsx,7-11-6,15118.0,2.0,已提取,1个通道
E:\压裂窜扰项目\02 规范化\泸208H2\泸208H2 邻井压力监测\泸208H2-7井-MATLAB.xlsx,7-12-6,11070.0,2.0,已提取,1个通道
E:\压裂窜扰项目\02 规范化\泸208H2\泸208H2 邻井压力监测\泸208H2-7井-MATLAB.xlsx,7-13-6,10905.0,2.0,已提取,1个通道
E:\压裂窜扰项目\02 规范化\泸208H2\泸208H2 邻井压力监测\泸208H2-7井-MATLAB.xlsx,7-14-6,11360.0,2.0,已提取,1个通道
E:\压裂窜扰项目\02 规范化\泸208H2\泸208H2 邻井压力监测\泸208H2-7井-MATLAB.xlsx,7-14-8,11581.0,2.0,已提取,1个通道
E:\压裂窜扰项目\02 规范化\泸208H2\泸208H2 邻井压力监测\泸208H2-7井-MATLAB.xlsx,7-15-6,11092.0,2.0,已提取,1个通道
E:\压裂窜扰项目\02 规范化\泸208H2\泸208H2 邻井压力监测\泸208H2-7井-MATLAB.xlsx,7-16-6,10840.0,2.0,已提取,1个通道
E:\压裂窜扰项目\02 规范化\泸208H2\泸208H2 邻井压力监测\泸208H2-7井-MATLAB.xlsx,7-16-8,11315.0,2.0,已提取,1个通道
E:\压裂窜扰项目\02 规范化\泸208H2\泸208H2 邻井压力监测\泸208H2-7井-MATLAB.xlsx,7-17-8,13320.0,2.0,已提取,1个通道
E:\压裂窜扰项目\02 规范化\泸208H2\泸208H2 邻井压力监测\泸208H2-7井-MATLAB.xlsx,7-18-6,13498.0,2.0,已提取,1个通道
E:\压裂窜扰项目\02 规范化\泸208H2\泸208H2 邻井压力监测\泸208H2-7井-MATLAB.xlsx,7-18-8,13377.0,2.0,已提取,1个通道
E:\压裂窜扰项目\02 规范化\泸208H2\泸208H2 邻井压力监测\泸208H2-7井-MATLAB.xlsx,7-21-6,13857.0,2.0,已提取,1个通道
E:\压裂窜扰项目\02 规范化\泸208H2\泸208H2 邻井压力监测\泸208H2-7井-MATLAB.xlsx,7-21-8,13857.0,2.0,已提取,1个通道
E:\压裂窜扰项目\02 规范化\泸208H2\泸208H2 邻井压力监测\泸208H2-7井-MATLAB.xlsx,7-22-6,10815.0,2.0,已提取,1个通道
E:\压裂窜扰项目\02 规范化\泸208H2\泸208H2 邻井压力监测\泸208H2-7井-MATLAB.xlsx,Sheet28,11078.0,2.0,未提取压力通道,0个通道
E:\压裂窜扰项目\02 规范化\泸208H2\泸208H2 邻井压力监测\泸208H2-8-10段压裂施工-10井压力监测.xlsx,8-10-10,17451.0,2.0,已提取,1个通道
E:\压裂窜扰项目\02 规范化\泸208H2\泸208H2 邻井压力监测\泸208H2-8-10段压裂施工-9井压力监测.xlsx,8-10-9,17451.0,2.0,已提取,1个通道
E:\压裂窜扰项目\02 规范化\泸208H2\泸208H2 邻井压力监测\泸208H2-8-11段压裂施工-10井压力监测.xlsx,8-11-10,11114.0,2.0,已提取,1个通道
E:\压裂窜扰项目\02 规范化\泸208H2\泸208H2 邻井压力监测\泸208H2-8-11段压裂施工-9井压力监测.xlsx,8-11-9,11114.0,2.0,已提取,1个通道
E:\压裂窜扰项目\02 规范化\泸208H2\泸208H2 邻井压力监测\泸208H2-8-12段压裂施工-10井压力监测.xlsx,8-12-10,11902.0,2.0,已提取,1个通道
E:\压裂窜扰项目\02 规范化\泸208H2\泸208H2 邻井压力监测\泸208H2-8-12段压裂施工-7井压力监测.xlsx,8-12-7,11902.0,2.0,已提取,1个通道
E:\压裂窜扰项目\02 规范化\泸208H2\泸208H2 邻井压力监测\泸208H2-8-12段压裂施工-9井压力监测.xlsx,8-12-9,11902.0,2.0,已提取,1个通道
E:\压裂窜扰项目\02 规范化\泸208H2\泸208H2 邻井压力监测\泸208H2-8-13段压裂施工-7井压力监测.xlsx,8-13-7,12994.0,2.0,已提取,1个通道
E:\压裂窜扰项目\02 规范化\泸208H2\泸208H2 邻井压力监测\泸208H2-8-13段压裂施工-9井压力监测.xlsx,8-13-9,12994.0,2.0,已提取,1个通道
E:\压裂窜扰项目\02 规范化\泸208H2\泸208H2 邻井压力监测\泸208H2-8-14段压裂施工-9井压力监测.xlsx,8-14-9,12228.0,2.0,已提取,1个通道
E:\压裂窜扰项目\02 规范化\泸208H2\泸208H2 邻井压力监测\泸208H2-8-15段压裂施工-9井压力监测.xlsx,8-15-9,10200.0,2.0,已提取,1个通道
E:\压裂窜扰项目\02 规范化\泸208H2\泸208H2 邻井压力监测\泸208H2-8-16段压裂施工-9井压力监测.xlsx,8-16-9,10721.0,2.0,已提取,1个通道
E:\压裂窜扰项目\02 规范化\泸208H2\泸208H2 邻井压力监测\泸208H2-8-18段压裂施工-9井压力监测.xlsx,8-18-9,11260.0,2.0,已提取,1个通道
E:\压裂窜扰项目\02 规范化\泸208H2\泸208H2 邻井压力监测\泸208H2-8-1段压裂施工-7井压力监测.xlsx,8-1-7,8601.0,2.0,已提取,1个通道
E:\压裂窜扰项目\02 规范化\泸208H2\泸208H2 邻井压力监测\泸208H2-8-2段压裂施工-6井压力监测.xlsx,8-2-6,10465.0,2.0,已提取,1个通道
E:\压裂窜扰项目\02 规范化\泸208H2\泸208H2 邻井压力监测\泸208H2-8-2段压裂施工-7井压力监测.xlsx,8-2-7,10551.0,2.0,已提取,1个通道
E:\压裂窜扰项目\02 规范化\泸208H2\泸208H2 邻井压力监测\泸208H2-8-3段压裂施工-6井压力监测.xlsx,8-3-6,9622.0,2.0,已提取,1个通道
E:\压裂窜扰项目\02 规范化\泸208H2\泸208H2 邻井压力监测\泸208H2-8-3段压裂施工-7井压力监测.xlsx,8-3-7,9622.0,2.0,已提取,1个通道
E:\压裂窜扰项目\02 规范化\泸208H2\泸208H2 邻井压力监测\泸208H2-8-3段压裂施工-9井压力监测.xlsx,8-3-9,9622.0,2.0,已提取,1个通道
E:\压裂窜扰项目\02 规范化\泸208H2\泸208H2 邻井压力监测\泸208H2-8-4段压裂施工-6井压力监测.xlsx,8-4-6,9442.0,2.0,已提取,1个通道
E:\压裂窜扰项目\02 规范化\泸208H2\泸208H2 邻井压力监测\泸208H2-8-4段压裂施工-7井压力监测.xlsx,8-4-7,9512.0,2.0,已提取,1个通道
E:\压裂窜扰项目\02 规范化\泸208H2\泸208H2 邻井压力监测\泸208H2-8-4段压裂施工-9井压力监测.xlsx,8-4-9,9512.0,2.0,已提取,1个通道
E:\压裂窜扰项目\02 规范化\泸208H2\泸208H2 邻井压力监测\泸208H2-8-5段压裂施工-7井压力监测.xlsx,8-5-7,9027.0,2.0,已提取,1个通道
E:\压裂窜扰项目\02 规范化\泸208H2\泸208H2 邻井压力监测\泸208H2-8-5段压裂施工-9井压力监测.xlsx,8-5-9,11476.0,2.0,已提取,1个通道
E:\压裂窜扰项目\02 规范化\泸208H2\泸208H2 邻井压力监测\泸208H2-8-6段压裂施工-7井压力监测.xlsx,8-6-7,10800.0,2.0,已提取,1个通道
E:\压裂窜扰项目\02 规范化\泸208H2\泸208H2 邻井压力监测\泸208H2-8-7段压裂施工-7井压力监测.xlsx,8-7-7,10800.0,2.0,已提取,1个通道
E:\压裂窜扰项目\02 规范化\泸208H2\泸208H2 邻井压力监测\泸208H2-8-7段压裂施工-9井压力监测.xlsx,8-7-9,10800.0,2.0,已提取,1个通道
E:\压裂窜扰项目\02 规范化\泸208H2\泸208H2 邻井压力监测\泸208H2-8-8段压裂施工-10井压力监测.xlsx,8-8-10,14836.0,2.0,已提取,1个通道
E:\压裂窜扰项目\02 规范化\泸208H2\泸208H2 邻井压力监测\泸208H2-8-8段压裂施工-7井压力监测.xlsx,8-8-7,14836.0,2.0,已提取,1个通道
E:\压裂窜扰项目\02 规范化\泸208H2\泸208H2 邻井压力监测\泸208H2-8-8段压裂施工-9井压力监测.xlsx,8-8-9,14836.0,2.0,已提取,1个通道
E:\压裂窜扰项目\02 规范化\泸208H2\泸208H2 邻井压力监测\泸208H2-8-9段压裂施工-10井压力监测.xlsx,8-9-10,14940.0,2.0,已提取,1个通道
E:\压裂窜扰项目\02 规范化\泸208H2\泸208H2 邻井压力监测\泸208H2-8-9段压裂施工-7井压力监测.xlsx,8-9-7,14940.0,2.0,已提取,1个通道
E:\压裂窜扰项目\02 规范化\泸208H2\泸208H2 邻井压力监测\泸208H2-8-9段压裂施工-9井压力监测.xlsx,8-9-9,14940.0,2.0,已提取,1个通道
E:\压裂窜扰项目\02 规范化\泸208H2\泸208H2 邻井压力监测\泸208H2-8井-MATLAB.xlsx,8-1-7,8601.0,2.0,已提取,1个通道
E:\压裂窜扰项目\02 规范化\泸208H2\泸208H2 邻井压力监测\泸208H2-8井-MATLAB.xlsx,8-2-6,10465.0,2.0,已提取,1个通道
E:\压裂窜扰项目\02 规范化\泸208H2\泸208H2 邻井压力监测\泸208H2-8井-MATLAB.xlsx,8-2-7,10551.0,2.0,已提取,1个通道
E:\压裂窜扰项目\02 规范化\泸208H2\泸208H2 邻井压力监测\泸208H2-8井-MATLAB.xlsx,8-3-6,9622.0,2.0,已提取,1个通道
E:\压裂窜扰项目\02 规范化\泸208H2\泸208H2 邻井压力监测\泸208H2-8井-MATLAB.xlsx,8-3-7,9622.0,2.0,已提取,1个通道
E:\压裂窜扰项目\02 规范化\泸208H2\泸208H2 邻井压力监测\泸208H2-8井-MATLAB.xlsx,8-3-9,9622.0,2.0,已提取,1个通道
E:\压裂窜扰项目\02 规范化\泸208H2\泸208H2 邻井压力监测\泸208H2-8井-MATLAB.xlsx,8-4-6,9442.0,2.0,已提取,1个通道
E:\压裂窜扰项目\02 规范化\泸208H2\泸208H2 邻井压力监测\泸208H2-8井-MATLAB.xlsx,8-4-7,9512.0,2.0,已提取,1个通道
E:\压裂窜扰项目\02 规范化\泸208H2\泸208H2 邻井压力监测\泸208H2-8井-MATLAB.xlsx,8-4-9,9512.0,2.0,已提取,1个通道
E:\压裂窜扰项目\02 规范化\泸208H2\泸208H2 邻井压力监测\泸208H2-8井-MATLAB.xlsx,8-5-7,9027.0,2.0,已提取,1个通道
E:\压裂窜扰项目\02 规范化\泸208H2\泸208H2 邻井压力监测\泸208H2-8井-MATLAB.xlsx,8-5-9,11476.0,2.0,已提取,1个通道
E:\压裂窜扰项目\02 规范化\泸208H2\泸208H2 邻井压力监测\泸208H2-8井-MATLAB.xlsx,8-6-7,10800.0,2.0,已提取,1个通道
E:\压裂窜扰项目\02 规范化\泸208H2\泸208H2 邻井压力监测\泸208H2-8井-MATLAB.xlsx,8-7-7,10800.0,2.0,已提取,1个通道
E:\压裂窜扰项目\02 规范化\泸208H2\泸208H2 邻井压力监测\泸208H2-8井-MATLAB.xlsx,8-7-9,10800.0,2.0,已提取,1个通道
E:\压裂窜扰项目\02 规范化\泸208H2\泸208H2 邻井压力监测\泸208H2-8井-MATLAB.xlsx,8-8-7,14836.0,2.0,已提取,1个通道
E:\压裂窜扰项目\02 规范化\泸208H2\泸208H2 邻井压力监测\泸208H2-8井-MATLAB.xlsx,8-8-9,14836.0,2.0,已提取,1个通道
E:\压裂窜扰项目\02 规范化\泸208H2\泸208H2 邻井压力监测\泸208H2-8井-MATLAB.xlsx,8-8-10,14836.0,2.0,已提取,1个通道
E:\压裂窜扰项目\02 规范化\泸208H2\泸208H2 邻井压力监测\泸208H2-8井-MATLAB.xlsx,8-9-7,14940.0,2.0,已提取,1个通道
E:\压裂窜扰项目\02 规范化\泸208H2\泸208H2 邻井压力监测\泸208H2-8井-MATLAB.xlsx,8-9-9,14940.0,2.0,已提取,1个通道
E:\压裂窜扰项目\02 规范化\泸208H2\泸208H2 邻井压力监测\泸208H2-8井-MATLAB.xlsx,8-9-10,14940.0,2.0,已提取,1个通道
E:\压裂窜扰项目\02 规范化\泸208H2\泸208H2 邻井压力监测\泸208H2-8井-MATLAB.xlsx,8-10-9,17451.0,2.0,已提取,1个通道
E:\压裂窜扰项目\02 规范化\泸208H2\泸208H2 邻井压力监测\泸208H2-8井-MATLAB.xlsx,8-10-10,17451.0,2.0,已提取,1个通道
E:\压裂窜扰项目\02 规范化\泸208H2\泸208H2 邻井压力监测\泸208H2-8井-MATLAB.xlsx,8-11-9,11114.0,2.0,已提取,1个通道
E:\压裂窜扰项目\02 规范化\泸208H2\泸208H2 邻井压力监测\泸208H2-8井-MATLAB.xlsx,8-11-10,11114.0,2.0,已提取,1个通道
E:\压裂窜扰项目\02 规范化\泸208H2\泸208H2 邻井压力监测\泸208H2-8井-MATLAB.xlsx,8-12-7,11902.0,2.0,已提取,1个通道
E:\压裂窜扰项目\02 规范化\泸208H2\泸208H2 邻井压力监测\泸208H2-8井-MATLAB.xlsx,8-12-9,11902.0,2.0,已提取,1个通道
E:\压裂窜扰项目\02 规范化\泸208H2\泸208H2 邻井压力监测\泸208H2-8井-MATLAB.xlsx,8-12-10,11902.0,2.0,已提取,1个通道
E:\压裂窜扰项目\02 规范化\泸208H2\泸208H2 邻井压力监测\泸208H2-8井-MATLAB.xlsx,8-13-7,12994.0,2.0,已提取,1个通道
E:\压裂窜扰项目\02 规范化\泸208H2\泸208H2 邻井压力监测\泸208H2-8井-MATLAB.xlsx,8-13-9,12994.0,2.0,已提取,1个通道
E:\压裂窜扰项目\02 规范化\泸208H2\泸208H2 邻井压力监测\泸208H2-8井-MATLAB.xlsx,8-14-9,12228.0,2.0,已提取,1个通道
E:\压裂窜扰项目\02 规范化\泸208H2\泸208H2 邻井压力监测\泸208H2-8井-MATLAB.xlsx,8-15-9,10200.0,2.0,已提取,1个通道
E:\压裂窜扰项目\02 规范化\泸208H2\泸208H2 邻井压力监测\泸208H2-8井-MATLAB.xlsx,8-16-9,10721.0,2.0,已提取,1个通道
E:\压裂窜扰项目\02 规范化\泸208H2\泸208H2 邻井压力监测\泸208H2-8井-MATLAB.xlsx,8-18-9,11260.0,2.0,已提取,1个通道
E:\压裂窜扰项目\02 规范化\泸208H2\泸208H2 邻井压力监测\泸208H2-9-10段压裂施工-10井压力监测.xlsx,9-10-10,14261.0,2.0,已提取,1个通道
E:\压裂窜扰项目\02 规范化\泸208H2\泸208H2 邻井压力监测\泸208H2-9-10段压裂施工-7井压力监测.xlsx,9-10-7,14261.0,2.0,已提取,1个通道
E:\压裂窜扰项目\02 规范化\泸208H2\泸208H2 邻井压力监测\泸208H2-9-10段压裂施工-8井压力监测.xlsx,9-10-8,14261.0,2.0,已提取,1个通道
E:\压裂窜扰项目\02 规范化\泸208H2\泸208H2 邻井压力监测\泸208H2-9-11段压裂施工-10井压力监测.xlsx,9-11-10,12567.0,2.0,已提取,1个通道
E:\压裂窜扰项目\02 规范化\泸208H2\泸208H2 邻井压力监测\泸208H2-9-11段压裂施工-7井压力监测.xlsx,9-11-7,12567.0,2.0,已提取,1个通道
E:\压裂窜扰项目\02 规范化\泸208H2\泸208H2 邻井压力监测\泸208H2-9-11段压裂施工-8井压力监测.xlsx,9-11-8,12567.0,2.0,已提取,1个通道
E:\压裂窜扰项目\02 规范化\泸208H2\泸208H2 邻井压力监测\泸208H2-9-12段压裂施工-10井压力监测.xlsx,9-12-10,10800.0,2.0,已提取,1个通道
E:\压裂窜扰项目\02 规范化\泸208H2\泸208H2 邻井压力监测\泸208H2-9-12段压裂施工-8井压力监测.xlsx,9-12-8,10800.0,2.0,已提取,1个通道
E:\压裂窜扰项目\02 规范化\泸208H2\泸208H2 邻井压力监测\泸208H2-9-13段压裂施工-10井压力监测.xlsx,9-13-10,10800.0,2.0,已提取,1个通道
E:\压裂窜扰项目\02 规范化\泸208H2\泸208H2 邻井压力监测\泸208H2-9-13段压裂施工-8井压力监测.xlsx,9-13-8,10800.0,2.0,已提取,1个通道
E:\压裂窜扰项目\02 规范化\泸208H2\泸208H2 邻井压力监测\泸208H2-9-14段压裂施工-10井压力监测.xlsx,9-14-10,9240.0,2.0,已提取,1个通道
E:\压裂窜扰项目\02 规范化\泸208H2\泸208H2 邻井压力监测\泸208H2-9-14段压裂施工-8井压力监测.xlsx,9-14-8,9240.0,2.0,已提取,1个通道
E:\压裂窜扰项目\02 规范化\泸208H2\泸208H2 邻井压力监测\泸208H2-9-15段压裂施工-10井压力监测.xlsx,9-15-10,9831.0,2.0,已提取,1个通道
E:\压裂窜扰项目\02 规范化\泸208H2\泸208H2 邻井压力监测\泸208H2-9-15段压裂施工-8井压力监测.xlsx,9-15-8,9831.0,2.0,已提取,1个通道
E:\压裂窜扰项目\02 规范化\泸208H2\泸208H2 邻井压力监测\泸208H2-9-16段压裂施工-10井压力监测.xlsx,9-16-10,11155.0,2.0,已提取,1个通道
E:\压裂窜扰项目\02 规范化\泸208H2\泸208H2 邻井压力监测\泸208H2-9-16段压裂施工-8井压力监测.xlsx,9-16-8,11155.0,2.0,已提取,1个通道
E:\压裂窜扰项目\02 规范化\泸208H2\泸208H2 邻井压力监测\泸208H2-9-17段压裂施工-10井压力监测.xlsx,9-17-10,13365.0,2.0,已提取,1个通道
E:\压裂窜扰项目\02 规范化\泸208H2\泸208H2 邻井压力监测\泸208H2-9-17段压裂施工-8井压力监测.xlsx,9-17-8,13365.0,2.0,已提取,1个通道
E:\压裂窜扰项目\02 规范化\泸208H2\泸208H2 邻井压力监测\泸208H2-9-18段压裂施工-10井压力监测.xlsx,9-18-10,11133.0,2.0,已提取,1个通道
E:\压裂窜扰项目\02 规范化\泸208H2\泸208H2 邻井压力监测\泸208H2-9-18段压裂施工-8井压力监测.xlsx,9-18-8,11133.0,2.0,已提取,1个通道
E:\压裂窜扰项目\02 规范化\泸208H2\泸208H2 邻井压力监测\泸208H2-9-19段压裂施工-10井压力监测.xlsx,9-19-10,15000.0,2.0,已提取,1个通道
E:\压裂窜扰项目\02 规范化\泸208H2\泸208H2 邻井压力监测\泸208H2-9-19段压裂施工-8井压力监测.xlsx,9-19-8,15000.0,2.0,已提取,1个通道
E:\压裂窜扰项目\02 规范化\泸208H2\泸208H2 邻井压力监测\泸208H2-9-20段压裂施工-10井压力监测.xlsx,9-20-10,16327.0,2.0,已提取,1个通道
E:\压裂窜扰项目\02 规范化\泸208H2\泸208H2 邻井压力监测\泸208H2-9-20段压裂施工-8井压力监测.xlsx,9-20-8,16327.0,2.0,已提取,1个通道
E:\压裂窜扰项目\02 规范化\泸208H2\泸208H2 邻井压力监测\泸208H2-9-21段压裂施工-10井压力监测.xlsx,9-21-10,13178.0,2.0,已提取,1个通道
E:\压裂窜扰项目\02 规范化\泸208H2\泸208H2 邻井压力监测\泸208H2-9-21段压裂施工-8井压力监测.xlsx,9-21-8,13178.0,2.0,已提取,1个通道
E:\压裂窜扰项目\02 规范化\泸208H2\泸208H2 邻井压力监测\泸208H2-9-22段压裂施工-10井压力监测.xlsx,9-22-10,13944.0,2.0,已提取,1个通道
E:\压裂窜扰项目\02 规范化\泸208H2\泸208H2 邻井压力监测\泸208H2-9-22段压裂施工-8井压力监测.xlsx,9-22-8,13944.0,2.0,已提取,1个通道
E:\压裂窜扰项目\02 规范化\泸208H2\泸208H2 邻井压力监测\泸208H2-9-3段压裂施工-10井压力监测.xlsx,9-3-10,6033.0,2.0,已提取,1个通道
E:\压裂窜扰项目\02 规范化\泸208H2\泸208H2 邻井压力监测\泸208H2-9-4段压裂施工-10井压力监测.xlsx,9-4-10,9273.0,2.0,已提取,1个通道
E:\压裂窜扰项目\02 规范化\泸208H2\泸208H2 邻井压力监测\泸208H2-9-4段压裂施工-8井压力监测.xlsx,9-4-8,9273.0,2.0,已提取,1个通道
E:\压裂窜扰项目\02 规范化\泸208H2\泸208H2 邻井压力监测\泸208H2-9-5段压裂施工-10井压力监测.xlsx,9-5-10,15595.0,2.0,已提取,1个通道
E:\压裂窜扰项目\02 规范化\泸208H2\泸208H2 邻井压力监测\泸208H2-9-5段压裂施工-8井压力监测.xlsx,9-5-8,15595.0,2.0,已提取,1个通道
E:\压裂窜扰项目\02 规范化\泸208H2\泸208H2 邻井压力监测\泸208H2-9-6段压裂施工-10井压力监测.xlsx,9-6-10,19639.0,2.0,已提取,1个通道
E:\压裂窜扰项目\02 规范化\泸208H2\泸208H2 邻井压力监测\泸208H2-9-6段压裂施工-8井压力监测.xlsx,9-6-8,19639.0,2.0,已提取,1个通道
E:\压裂窜扰项目\02 规范化\泸208H2\泸208H2 邻井压力监测\泸208H2-9-7段压裂施工-10井压力监测.xlsx,9-7-10,9806.0,2.0,已提取,1个通道
E:\压裂窜扰项目\02 规范化\泸208H2\泸208H2 邻井压力监测\泸208H2-9-7段压裂施工-8井压力监测.xlsx,9-7-8,9806.0,2.0,已提取,1个通道
E:\压裂窜扰项目\02 规范化\泸208H2\泸208H2 邻井压力监测\泸208H2-9-8段压裂施工-10井压力监测.xlsx,9-8-10,11918.0,2.0,已提取,1个通道
E:\压裂窜扰项目\02 规范化\泸208H2\泸208H2 邻井压力监测\泸208H2-9-8段压裂施工-8井压力监测.xlsx,9-8-8,11918.0,2.0,已提取,1个通道
E:\压裂窜扰项目\02 规范化\泸208H2\泸208H2 邻井压力监测\泸208H2-9-9段压裂施工-10井压力监测.xlsx,9-9-10,13515.0,2.0,已提取,1个通道
E:\压裂窜扰项目\02 规范化\泸208H2\泸208H2 邻井压力监测\泸208H2-9-9段压裂施工-7井压力监测.xlsx,9-9-7,13515.0,2.0,已提取,1个通道
E:\压裂窜扰项目\02 规范化\泸208H2\泸208H2 邻井压力监测\泸208H2-9-9段压裂施工-8井压力监测.xlsx,9-9-8,13515.0,2.0,已提取,1个通道
E:\压裂窜扰项目\02 规范化\泸208H2\泸208H2 邻井压力监测\泸208H2-9井-MATLAB.xlsx,9-3-10,6033.0,2.0,已提取,1个通道
E:\压裂窜扰项目\02 规范化\泸208H2\泸208H2 邻井压力监测\泸208H2-9井-MATLAB.xlsx,9-4-8,9273.0,2.0,已提取,1个通道
E:\压裂窜扰项目\02 规范化\泸208H2\泸208H2 邻井压力监测\泸208H2-9井-MATLAB.xlsx,9-4-10,9273.0,2.0,已提取,1个通道
E:\压裂窜扰项目\02 规范化\泸208H2\泸208H2 邻井压力监测\泸208H2-9井-MATLAB.xlsx,9-5-8,15595.0,2.0,已提取,1个通道
E:\压裂窜扰项目\02 规范化\泸208H2\泸208H2 邻井压力监测\泸208H2-9井-MATLAB.xlsx,9-5-10,15595.0,2.0,已提取,1个通道
E:\压裂窜扰项目\02 规范化\泸208H2\泸208H2 邻井压力监测\泸208H2-9井-MATLAB.xlsx,9-6-8,19639.0,2.0,已提取,1个通道
E:\压裂窜扰项目\02 规范化\泸208H2\泸208H2 邻井压力监测\泸208H2-9井-MATLAB.xlsx,9-6-10,19639.0,2.0,已提取,1个通道
E:\压裂窜扰项目\02 规范化\泸208H2\泸208H2 邻井压力监测\泸208H2-9井-MATLAB.xlsx,9-7-8,9806.0,2.0,已提取,1个通道
E:\压裂窜扰项目\02 规范化\泸208H2\泸208H2 邻井压力监测\泸208H2-9井-MATLAB.xlsx,9-7-10,9806.0,2.0,已提取,1个通道
E:\压裂窜扰项目\02 规范化\泸208H2\泸208H2 邻井压力监测\泸208H2-9井-MATLAB.xlsx,9-8-8,11918.0,2.0,已提取,1个通道
E:\压裂窜扰项目\02 规范化\泸208H2\泸208H2 邻井压力监测\泸208H2-9井-MATLAB.xlsx,9-8-10,11918.0,2.0,已提取,1个通道
E:\压裂窜扰项目\02 规范化\泸208H2\泸208H2 邻井压力监测\泸208H2-9井-MATLAB.xlsx,9-9-7,13515.0,2.0,已提取,1个通道
E:\压裂窜扰项目\02 规范化\泸208H2\泸208H2 邻井压力监测\泸208H2-9井-MATLAB.xlsx,9-9-8,13515.0,2.0,已提取,1个通道
E:\压裂窜扰项目\02 规范化\泸208H2\泸208H2 邻井压力监测\泸208H2-9井-MATLAB.xlsx,9-9-10,13515.0,2.0,已提取,1个通道
E:\压裂窜扰项目\02 规范化\泸208H2\泸208H2 邻井压力监测\泸208H2-9井-MATLAB.xlsx,9-10-7,14261.0,2.0,已提取,1个通道
E:\压裂窜扰项目\02 规范化\泸208H2\泸208H2 邻井压力监测\泸208H2-9井-MATLAB.xlsx,9-10-8,14261.0,2.0,已提取,1个通道
E:\压裂窜扰项目\02 规范化\泸208H2\泸208H2 邻井压力监测\泸208H2-9井-MATLAB.xlsx,9-10-10,14261.0,2.0,已提取,1个通道
E:\压裂窜扰项目\02 规范化\泸208H2\泸208H2 邻井压力监测\泸208H2-9井-MATLAB.xlsx,9-11-7,12567.0,2.0,已提取,1个通道
E:\压裂窜扰项目\02 规范化\泸208H2\泸208H2 邻井压力监测\泸208H2-9井-MATLAB.xlsx,9-11-8,12567.0,2.0,已提取,1个通道
E:\压裂窜扰项目\02 规范化\泸208H2\泸208H2 邻井压力监测\泸208H2-9井-MATLAB.xlsx,9-11-10,12567.0,2.0,已提取,1个通道
E:\压裂窜扰项目\02 规范化\泸208H2\泸208H2 邻井压力监测\泸208H2-9井-MATLAB.xlsx,9-12-8,10800.0,2.0,已提取,1个通道
E:\压裂窜扰项目\02 规范化\泸208H2\泸208H2 邻井压力监测\泸208H2-9井-MATLAB.xlsx,9-12-10,10800.0,2.0,已提取,1个通道
E:\压裂窜扰项目\02 规范化\泸208H2\泸208H2 邻井压力监测\泸208H2-9井-MATLAB.xlsx,9-13-8,10800.0,2.0,已提取,1个通道
E:\压裂窜扰项目\02 规范化\泸208H2\泸208H2 邻井压力监测\泸208H2-9井-MATLAB.xlsx,9-13-10,10800.0,2.0,已提取,1个通道
E:\压裂窜扰项目\02 规范化\泸208H2\泸208H2 邻井压力监测\泸208H2-9井-MATLAB.xlsx,9-14-8,9240.0,2.0,已提取,1个通道
E:\压裂窜扰项目\02 规范化\泸208H2\泸208H2 邻井压力监测\泸208H2-9井-MATLAB.xlsx,9-14-10,9240.0,2.0,已提取,1个通道
E:\压裂窜扰项目\02 规范化\泸208H2\泸208H2 邻井压力监测\泸208H2-9井-MATLAB.xlsx,9-15-8,9831.0,2.0,已提取,1个通道
E:\压裂窜扰项目\02 规范化\泸208H2\泸208H2 邻井压力监测\泸208H2-9井-MATLAB.xlsx,9-15-10,9831.0,2.0,已提取,1个通道
E:\压裂窜扰项目\02 规范化\泸208H2\泸208H2 邻井压力监测\泸208H2-9井-MATLAB.xlsx,9-16-8,11155.0,2.0,已提取,1个通道
E:\压裂窜扰项目\02 规范化\泸208H2\泸208H2 邻井压力监测\泸208H2-9井-MATLAB.xlsx,9-16-10,11155.0,2.0,已提取,1个通道
E:\压裂窜扰项目\02 规范化\泸208H2\泸208H2 邻井压力监测\泸208H2-9井-MATLAB.xlsx,9-17-8,13365.0,2.0,已提取,1个通道
E:\压裂窜扰项目\02 规范化\泸208H2\泸208H2 邻井压力监测\泸208H2-9井-MATLAB.xlsx,9-17-10,13365.0,2.0,已提取,1个通道
E:\压裂窜扰项目\02 规范化\泸208H2\泸208H2 邻井压力监测\泸208H2-9井-MATLAB.xlsx,9-18-8,11133.0,2.0,已提取,1个通道
E:\压裂窜扰项目\02 规范化\泸208H2\泸208H2 邻井压力监测\泸208H2-9井-MATLAB.xlsx,9-18-10,11133.0,2.0,已提取,1个通道
E:\压裂窜扰项目\02 规范化\泸208H2\泸208H2 邻井压力监测\泸208H2-9井-MATLAB.xlsx,9-19-8,15000.0,2.0,已提取,1个通道
E:\压裂窜扰项目\02 规范化\泸208H2\泸208H2 邻井压力监测\泸208H2-9井-MATLAB.xlsx,9-19-10,15000.0,2.0,已提取,1个通道
E:\压裂窜扰项目\02 规范化\泸208H2\泸208H2 邻井压力监测\泸208H2-9井-MATLAB.xlsx,9-20-8,16327.0,2.0,已提取,1个通道
E:\压裂窜扰项目\02 规范化\泸208H2\泸208H2 邻井压力监测\泸208H2-9井-MATLAB.xlsx,9-20-10,16327.0,2.0,已提取,1个通道
E:\压裂窜扰项目\02 规范化\泸208H2\泸208H2 邻井压力监测\泸208H2-9井-MATLAB.xlsx,9-21-8,13178.0,2.0,已提取,1个通道
E:\压裂窜扰项目\02 规范化\泸208H2\泸208H2 邻井压力监测\泸208H2-9井-MATLAB.xlsx,9-21-10,13178.0,2.0,已提取,1个通道
E:\压裂窜扰项目\02 规范化\泸208H2\泸208H2 邻井压力监测\泸208H2-9井-MATLAB.xlsx,9-22-8,13944.0,2.0,已提取,1个通道
E:\压裂窜扰项目\02 规范化\泸208H2\泸208H2 邻井压力监测\泸208H2-9井-MATLAB.xlsx,9-22-10,13944.0,2.0,已提取,1个通道
E:\压裂窜扰项目\02 规范化\阳101H25\阳101H25 邻井压力监测\邻井压力监测数据_6井第19段压裂期间5井套压秒点数据.csv,text,10201.0,62.0,未提取压力通道,0个通道
E:\压裂窜扰项目\02 规范化\阳101H25\阳101H25 邻井压力监测\阳101H25-2井4井压裂期间秒点.xlsx,阳101H25-2井4井压裂期间秒点,12030.0,2.0,已提取,1个通道
E:\压裂窜扰项目\02 规范化\阳101H25\阳101H25 邻井压力监测\阳101H25_邻井压力监测数据_邻井压力监测数据_压窜模板1井.xlsx,1-20,11617.0,15.0,已提取,4个通道
E:\压裂窜扰项目\02 规范化\阳101H25\阳101H25 邻井压力监测\阳101H25_邻井压力监测数据_邻井压力监测数据_压窜模板1井.xlsx,1-21,11866.0,15.0,已提取,4个通道
E:\压裂窜扰项目\02 规范化\阳101H25\阳101H25 邻井压力监测\阳101H25_邻井压力监测数据_邻井压力监测数据_压窜模板1井.xlsx,1-23,11598.0,15.0,已提取,4个通道
E:\压裂窜扰项目\02 规范化\阳101H25\阳101H25 邻井压力监测\阳101H25_邻井压力监测数据_邻井压力监测数据_压窜模板1井.xlsx,1-24,13935.0,15.0,已提取,4个通道
E:\压裂窜扰项目\02 规范化\阳101H25\阳101H25 邻井压力监测\阳101H25_邻井压力监测数据_邻井压力监测数据_压窜模板1井.xlsx,1-25,11484.0,13.0,已提取,4个通道
E:\压裂窜扰项目\02 规范化\阳101H25\阳101H25 邻井压力监测\阳101H25_邻井压力监测数据_邻井压力监测数据_压窜模板1井.xlsx,1-26,11256.0,15.0,已提取,4个通道
E:\压裂窜扰项目\02 规范化\阳101H25\阳101H25 邻井压力监测\阳101H25_邻井压力监测数据_邻井压力监测数据_压窜模板1井.xlsx,1-27,10845.0,15.0,已提取,4个通道
E:\压裂窜扰项目\02 规范化\阳101H25\阳101H25 邻井压力监测\阳101H25_邻井压力监测数据_邻井压力监测数据_压窜模板1井.xlsx,1-28,10991.0,15.0,已提取,4个通道
E:\压裂窜扰项目\02 规范化\阳101H25\阳101H25 邻井压力监测\阳101H25_邻井压力监测数据_邻井压力监测数据_压窜模板1井.xlsx,1-28 (2),12602.0,26.0,已提取,2个通道
E:\压裂窜扰项目\02 规范化\阳101H25\阳101H25 邻井压力监测\阳101H25_邻井压力监测数据_邻井压力监测数据_压窜模板1井.xlsx,1-28 (3),13838.0,26.0,已提取,2个通道
E:\压裂窜扰项目\02 规范化\阳101H31\阳101H31 邻井压力监测\1井_10_6日10点41至18点59分点数据(1).xls,text,503.0,3.0,已提取,2个通道
E:\压裂窜扰项目\02 规范化\阳101H31\阳101H31 邻井压力监测\1井_10_6日10点41至18点59秒点数据(1).xls,text,29885.0,3.0,已提取,2个通道
E:\压裂窜扰项目\02 规范化\阳101H31\阳101H31 邻井压力监测\1井_11_2025.5.7分点.xls,text,309.0,3.0,已提取,2个通道
E:\压裂窜扰项目\02 规范化\阳101H31\阳101H31 邻井压力监测\1井_11_2025.5.7秒点.xls,text,18245.0,3.0,已提取,2个通道
E:\压裂窜扰项目\02 规范化\阳101H31\阳101H31 邻井压力监测\1井_12_2025.5.8分点.xls,text,307.0,3.0,已提取,2个通道
E:\压裂窜扰项目\02 规范化\阳101H31\阳101H31 邻井压力监测\1井_12_2025.5.8秒点.xls,text,18125.0,3.0,已提取,2个通道
E:\压裂窜扰项目\02 规范化\阳101H31\阳101H31 邻井压力监测\1井_13_2025.5.9分点.xls,text,317.0,3.0,已提取,2个通道
E:\压裂窜扰项目\02 规范化\阳101H31\阳101H31 邻井压力监测\1井_13_2025.5.9秒点.xls,text,18725.0,3.0,已提取,2个通道
E:\压裂窜扰项目\02 规范化\阳101H31\阳101H31 邻井压力监测\1井_14_二井和三井分点数据11.xls,text,379.0,3.0,已提取,2个通道
E:\压裂窜扰项目\02 规范化\阳101H31\阳101H31 邻井压力监测\1井_14_二井和三井秒点数据11.xls,text,22445.0,3.0,已提取,2个通道
E:\压裂窜扰项目\02 规范化\阳101H31\阳101H31 邻井压力监测\1井_15_2025.5.12分点.xls,text,268.0,3.0,已提取,2个通道
E:\压裂窜扰项目\02 规范化\阳101H31\阳101H31 邻井压力监测\1井_15_2025.5.12秒点.xls,text,15785.0,3.0,已提取,2个通道
E:\压裂窜扰项目\02 规范化\阳101H31\阳101H31 邻井压力监测\1井_16_2025.5.13分点.xls,text,479.0,3.0,已提取,2个通道
E:\压裂窜扰项目\02 规范化\阳101H31\阳101H31 邻井压力监测\1井_16_2025.5.13秒点.xls,text,28445.0,3.0,已提取,2个通道
E:\压裂窜扰项目\02 规范化\阳101H31\阳101H31 邻井压力监测\1井_17_2025.5.14分点.xls,text,349.0,3.0,已提取,2个通道
E:\压裂窜扰项目\02 规范化\阳101H31\阳101H31 邻井压力监测\1井_17_2025.5.14秒点.xls,text,20645.0,3.0,已提取,2个通道
E:\压裂窜扰项目\02 规范化\阳101H31\阳101H31 邻井压力监测\1井_18_2025.5.15分点.xls,text,216.0,3.0,已提取,2个通道
E:\压裂窜扰项目\02 规范化\阳101H31\阳101H31 邻井压力监测\1井_18_2025.5.15秒点.xls,text,12665.0,3.0,已提取,2个通道
E:\压裂窜扰项目\02 规范化\阳101H31\阳101H31 邻井压力监测\1井_19_分点.xls,text,428.0,3.0,已提取,2个通道
E:\压裂窜扰项目\02 规范化\阳101H31\阳101H31 邻井压力监测\1井_19_秒点.xls,text,25149.0,3.0,已提取,2个通道
E:\压裂窜扰项目\02 规范化\阳101H31\阳101H31 邻井压力监测\1井_20_分点(1).xls,text,293.0,3.0,已提取,2个通道
E:\压裂窜扰项目\02 规范化\阳101H31\阳101H31 邻井压力监测\1井_20_秒点(1).xls,text,17108.0,3.0,已提取,2个通道
E:\压裂窜扰项目\02 规范化\阳101H31\阳101H31 邻井压力监测\1井_2_2025.4.16分点数据.xls,text,173.0,3.0,已提取,2个通道
E:\压裂窜扰项目\02 规范化\阳101H31\阳101H31 邻井压力监测\1井_2_2025.4.16秒点数据.xls,text,10085.0,3.0,已提取,2个通道
E:\压裂窜扰项目\02 规范化\阳101H31\阳101H31 邻井压力监测\1井_3_2025.4.18分点.xls,text,285.0,3.0,已提取,2个通道
E:\压裂窜扰项目\02 规范化\阳101H31\阳101H31 邻井压力监测\1井_3_2025.4.18秒点.xls,text,16805.0,3.0,已提取,2个通道
E:\压裂窜扰项目\02 规范化\阳101H31\阳101H31 邻井压力监测\1井_4_2025年4月21日压裂期间分点数据.xls,text,345.0,3.0,已提取,2个通道
E:\压裂窜扰项目\02 规范化\阳101H31\阳101H31 邻井压力监测\1井_4_2025年4月21日压裂秒点数据.xls,text,20405.0,3.0,已提取,2个通道
E:\压裂窜扰项目\02 规范化\阳101H31\阳101H31 邻井压力监测\1井_5_2025年4月23日秒点数据.xls,text,355.0,3.0,已提取,2个通道
E:\压裂窜扰项目\02 规范化\阳101H31\阳101H31 邻井压力监测\1井_6_2025.4.26分点.xls,text,316.0,3.0,已提取,2个通道
E:\压裂窜扰项目\02 规范化\阳101H31\阳101H31 邻井压力监测\1井_6_2025.4.26秒点.xls,text,18665.0,3.0,已提取,2个通道
E:\压裂窜扰项目\02 规范化\阳101H31\阳101H31 邻井压力监测\1井_8_12：07-17：00.xlsx,Sheet1,17581.0,3.0,未提取压力通道,0个通道
E:\压裂窜扰项目\02 规范化\阳101H31\阳101H31 邻井压力监测\1井_8_2025.5.2秒点.xls,text,17585.0,3.0,已提取,2个通道
E:\压裂窜扰项目\02 规范化\阳101H31\阳101H31 邻井压力监测\1井_9_2025.5.4秒点1.xls,text,29885.0,3.0,已提取,2个通道
E:\压裂窜扰项目\02 规范化\阳101H31\阳101H31 邻井压力监测\2井_10_2025.5.19分点.xls,text,426.0,3.0,已提取,2个通道
E:\压裂窜扰项目\02 规范化\阳101H31\阳101H31 邻井压力监测\2井_11_2025.5.20分点.xls,text,386.0,3.0,已提取,2个通道
E:\压裂窜扰项目\02 规范化\阳101H31\阳101H31 邻井压力监测\2井_12_2025.5.21分点.xls,text,326.0,3.0,已提取,2个通道
E:\压裂窜扰项目\02 规范化\阳101H31\阳101H31 邻井压力监测\2井_13_2025.5.22分点.xls,text,211.0,3.0,已提取,2个通道
E:\压裂窜扰项目\02 规范化\阳101H31\阳101H31 邻井压力监测\2井_14_2025.5.25分点.xls,text,133.0,3.0,已提取,2个通道
E:\压裂窜扰项目\02 规范化\阳101H31\阳101H31 邻井压力监测\2井_15_2025.5.27分点.xls,text,129.0,3.0,已提取,2个通道
E:\压裂窜扰项目\02 规范化\阳101H31\阳101H31 邻井压力监测\2井_16_2025.5.29分点.xls,text,255.0,3.0,已提取,2个通道
E:\压裂窜扰项目\02 规范化\阳101H31\阳101H31 邻井压力监测\2井_18_2025.6.2分点.xls,text,485.0,3.0,已提取,2个通道
E:\压裂窜扰项目\02 规范化\阳101H31\阳101H31 邻井压力监测\2井_19_2025.6.4分点.xls,text,280.0,3.0,已提取,2个通道
E:\压裂窜扰项目\02 规范化\阳101H31\阳101H31 邻井压力监测\2井_1_1井、4井分点数据.xls,text,442.0,3.0,已提取,2个通道
E:\压裂窜扰项目\02 规范化\阳101H31\阳101H31 邻井压力监测\2井_1_1井、4井数据.xls,text,26225.0,3.0,已提取,2个通道
E:\压裂窜扰项目\02 规范化\阳101H31\阳101H31 邻井压力监测\2井_1_1井分点20250411.xls,text,365.0,2.0,已提取,1个通道
E:\压裂窜扰项目\02 规范化\阳101H31\阳101H31 邻井压力监测\2井_1_1井秒点2025411.xls,text,21605.0,2.0,已提取,1个通道
E:\压裂窜扰项目\02 规范化\阳101H31\阳101H31 邻井压力监测\2井_2025.4.14秒点.xls,text,13325.0,3.0,已提取,2个通道
E:\压裂窜扰项目\02 规范化\阳101H31\阳101H31 邻井压力监测\2井_2025.4.15秒点数据.xls,text,14405.0,3.0,已提取,2个通道
E:\压裂窜扰项目\02 规范化\阳101H31\阳101H31 邻井压力监测\2井_2025.4.25秒点1.xls,text,365.0,3.0,已提取,2个通道
E:\压裂窜扰项目\02 规范化\阳101H31\阳101H31 邻井压力监测\2井_2025.4.27秒点.xls,text,21302.0,3.0,已提取,2个通道
E:\压裂窜扰项目\02 规范化\阳101H31\阳101H31 邻井压力监测\2井_2025.4.28秒点.xls,text,7325.0,3.0,已提取,2个通道
E:\压裂窜扰项目\02 规范化\阳101H31\阳101H31 邻井压力监测\2井_2025.4.29秒点(3).xls,text,16265.0,3.0,已提取,2个通道
E:\压裂窜扰项目\02 规范化\阳101H31\阳101H31 邻井压力监测\2井_2025.4.29秒点.xls,text,15665.0,3.0,已提取,2个通道
E:\压裂窜扰项目\02 规范化\阳101H31\阳101H31 邻井压力监测\2井_2025.5.19秒点.xls,text,25265.0,3.0,已提取,2个通道
E:\压裂窜扰项目\02 规范化\阳101H31\阳101H31 邻井压力监测\2井_2025.5.20秒点.xls,text,22865.0,3.0,已提取,2个通道
E:\压裂窜扰项目\02 规范化\阳101H31\阳101H31 邻井压力监测\2井_2025.5.21秒点数据.xls,text,19265.0,3.0,已提取,2个通道
E:\压裂窜扰项目\02 规范化\阳101H31\阳101H31 邻井压力监测\2井_2025.5.22秒点.xls,text,12365.0,3.0,已提取,2个通道
E:\压裂窜扰项目\02 规范化\阳101H31\阳101H31 邻井压力监测\2井_2025.5.25秒点.xls,text,7685.0,3.0,已提取,2个通道
E:\压裂窜扰项目\02 规范化\阳101H31\阳101H31 邻井压力监测\2井_2025.5.27秒点.xls,text,7445.0,3.0,已提取,2个通道
E:\压裂窜扰项目\02 规范化\阳101H31\阳101H31 邻井压力监测\2井_2025.5.29秒点.xls,text,15005.0,3.0,已提取,2个通道
E:\压裂窜扰项目\02 规范化\阳101H31\阳101H31 邻井压力监测\2井_2025.6.10秒点.xls,text,36305.0,3.0,已提取,2个通道
E:\压裂窜扰项目\02 规范化\阳101H31\阳101H31 邻井压力监测\2井_2025.6.11秒点.xls,text,24005.0,3.0,已提取,2个通道
E:\压裂窜扰项目\02 规范化\阳101H31\阳101H31 邻井压力监测\2井_2025.6.2秒点.xls,text,28805.0,3.0,已提取,2个通道
E:\压裂窜扰项目\02 规范化\阳101H31\阳101H31 邻井压力监测\2井_2025.6.4秒点.xls,text,16505.0,3.0,已提取,2个通道
E:\压裂窜扰项目\02 规范化\阳101H31\阳101H31 邻井压力监测\2井_2025.6.5秒点.xls,text,21605.0,3.0,已提取,2个通道
E:\压裂窜扰项目\02 规范化\阳101H31\阳101H31 邻井压力监测\2井_20_2025.6.5分点.xls,text,365.0,3.0,已提取,2个通道
E:\压裂窜扰项目\02 规范化\阳101H31\阳101H31 邻井压力监测\2井_2_2025年4月12日分点.xls,text,545.0,3.0,已提取,2个通道
E:\压裂窜扰项目\02 规范化\阳101H31\阳101H31 邻井压力监测\2井_2_2025年4月12日秒点.xls,text,32405.0,3.0,已提取,2个通道
E:\压裂窜扰项目\02 规范化\阳101H31\阳101H31 邻井压力监测\2井_2_2025年4月13日分点.xls,text,145.0,3.0,已提取,2个通道
E:\压裂窜扰项目\02 规范化\阳101H31\阳101H31 邻井压力监测\2井_2_2025年4月13日秒点.xls,text,8405.0,3.0,已提取,2个通道
E:\压裂窜扰项目\02 规范化\阳101H31\阳101H31 邻井压力监测\2井_3_2025.4.14分点.xls,text,227.0,3.0,已提取,2个通道
E:\压裂窜扰项目\02 规范化\阳101H31\阳101H31 邻井压力监测\2井_4_2025.4.15分点数据.xls,text,245.0,3.0,已提取,2个通道
E:\压裂窜扰项目\02 规范化\阳101H31\阳101H31 邻井压力监测\2井_6_2025.4.25分点1.xls,text,365.0,3.0,已提取,2个通道
E:\压裂窜扰项目\02 规范化\阳101H31\阳101H31 邻井压力监测\2井_8_2025.4.28分点.xls,text,127.0,3.0,已提取,2个通道
E:\压裂窜扰项目\02 规范化\阳101H31\阳101H31 邻井压力监测\3井_10_2025.6.3分点.xls,text,136.0,3.0,已提取,2个通道
E:\压裂窜扰项目\02 规范化\阳101H31\阳101H31 邻井压力监测\3井_11_2025.6.6分点.xls,text,197.0,3.0,已提取,2个通道
E:\压裂窜扰项目\02 规范化\阳101H31\阳101H31 邻井压力监测\3井_12_2025.6.7分点.xls,text,339.0,3.0,已提取,2个通道
E:\压裂窜扰项目\02 规范化\阳101H31\阳101H31 邻井压力监测\3井_13_2025.6.8分点.xls,text,325.0,3.0,已提取,2个通道
E:\压裂窜扰项目\02 规范化\阳101H31\阳101H31 邻井压力监测\3井_1_2025.4.17、1井分点.xls,text,229.0,2.0,已提取,1个通道
E:\压裂窜扰项目\02 规范化\阳101H31\阳101H31 邻井压力监测\3井_1_2025.4.17、1井秒点.xls,text,13445.0,2.0,已提取,1个通道
E:\压裂窜扰项目\02 规范化\阳101H31\阳101H31 邻井压力监测\3井_2025.4.22秒点.xls,text,14405.0,3.0,已提取,2个通道
E:\压裂窜扰项目\02 规范化\阳101H31\阳101H31 邻井压力监测\3井_2025.5.26秒点.xls,text,16925.0,3.0,已提取,2个通道
E:\压裂窜扰项目\02 规范化\阳101H31\阳101H31 邻井压力监测\3井_2025.5.28秒点.xls,text,17525.0,3.0,已提取,2个通道
E:\压裂窜扰项目\02 规范化\阳101H31\阳101H31 邻井压力监测\3井_2025.6.13秒点.xls,text,23585.0,3.0,已提取,2个通道
E:\压裂窜扰项目\02 规范化\阳101H31\阳101H31 邻井压力监测\3井_2025.6.15秒点.xls,text,18845.0,3.0,已提取,2个通道
E:\压裂窜扰项目\02 规范化\阳101H31\阳101H31 邻井压力监测\3井_2025.6.16秒点.xls,text,17645.0,3.0,已提取,2个通道
E:\压裂窜扰项目\02 规范化\阳101H31\阳101H31 邻井压力监测\3井_2025.6.17秒点.xls,text,8885.0,3.0,已提取,2个通道
E:\压裂窜扰项目\02 规范化\阳101H31\阳101H31 邻井压力监测\3井_2025.6.18秒点.xls,text,19205.0,3.0,已提取,2个通道
E:\压裂窜扰项目\02 规范化\阳101H31\阳101H31 邻井压力监测\3井_2025.6.19秒点.xls,text,21905.0,3.0,已提取,2个通道
E:\压裂窜扰项目\02 规范化\阳101H31\阳101H31 邻井压力监测\3井_2025.6.1秒点.xls,text,15785.0,3.0,已提取,2个通道
E:\压裂窜扰项目\02 规范化\阳101H31\阳101H31 邻井压力监测\3井_2025.6.3秒点.xls,text,7865.0,3.0,已提取,2个通道
E:\压裂窜扰项目\02 规范化\阳101H31\阳101H31 邻井压力监测\3井_2025.6.6秒点.xls,text,11525.0,3.0,已提取,2个通道
E:\压裂窜扰项目\02 规范化\阳101H31\阳101H31 邻井压力监测\3井_2025.6.7秒点.xls,text,20045.0,3.0,已提取,2个通道
E:\压裂窜扰项目\02 规范化\阳101H31\阳101H31 邻井压力监测\3井_2025.6.8秒点.xls,text,19205.0,3.0,已提取,2个通道
E:\压裂窜扰项目\02 规范化\阳101H31\阳101H31 邻井压力监测\3井_2025.6.9秒点.xls,text,20405.0,3.0,已提取,2个通道
E:\压裂窜扰项目\02 规范化\阳101H31\阳101H31 邻井压力监测\3井_2_2025.4.19分点.xls,text,285.0,4.0,已提取,2个通道
E:\压裂窜扰项目\02 规范化\阳101H31\阳101H31 邻井压力监测\3井_2_2025.4.19秒点.xls,text,16805.0,3.0,已提取,2个通道
E:\压裂窜扰项目\02 规范化\阳101H31\阳101H31 邻井压力监测\3井_3_2025.4.22分点.xls,text,245.0,3.0,已提取,2个通道
E:\压裂窜扰项目\02 规范化\阳101H31\阳101H31 邻井压力监测\3井_4_5.23分点数据.xls,text,124.0,3.0,已提取,2个通道
E:\压裂窜扰项目\02 规范化\阳101H31\阳101H31 邻井压力监测\3井_4_5.23秒点数据.xls,text,7145.0,3.0,已提取,2个通道
E:\压裂窜扰项目\02 规范化\阳101H31\阳101H31 邻井压力监测\3井_5_5.24分点数据.xls,text,201.0,3.0,已提取,2个通道
E:\压裂窜扰项目\02 规范化\阳101H31\阳101H31 邻井压力监测\3井_5_5.24秒点数据.xls,text,11765.0,3.0,已提取,2个通道
E:\压裂窜扰项目\02 规范化\阳101H31\阳101H31 邻井压力监测\3井_6_2025.5.26.分点.xls,text,287.0,3.0,已提取,2个通道
E:\压裂窜扰项目\02 规范化\阳101H31\阳101H31 邻井压力监测\3井_7_2025.5.28分点.xls,text,297.0,3.0,已提取,2个通道
E:\压裂窜扰项目\02 规范化\阳101H31\阳101H31 邻井压力监测\3井_8_分点(2).xls,text,286.0,3.0,已提取,2个通道
E:\压裂窜扰项目\02 规范化\阳101H31\阳101H31 邻井压力监测\3井_8_秒点(2).xls,text,16865.0,3.0,已提取,2个通道
E:\压裂窜扰项目\02 规范化\阳101H31\阳101H31 邻井压力监测\3井_9_2025.6.1分点.xls,text,268.0,3.0,已提取,2个通道
E:\压裂窜扰项目\02 规范化\阳101H31\阳101H31 邻井压力监测\4井_4井第18段压裂期间567井套压秒点数据.xlsx,3666,18005.0,4.0,已提取,3个通道
E:\压裂窜扰项目\02 规范化\阳101H31\阳101H31 邻井压力监测\4井_4井第19段压裂期间567井套压秒点数据.xlsx,666,19805.0,4.0,已提取,3个通道
E:\压裂窜扰项目\02 规范化\阳101H31\阳101H31 邻井压力监测\4井_4井第20段压裂施工期间57井套压秒点数据.xlsx,4井第20段压裂施工期间57井套压秒点数据,16805.0,3.0,已提取,2个通道
E:\压裂窜扰项目\02 规范化\阳101H31\阳101H31 邻井压力监测\4井_4井第21段压裂期间567井套压秒点数据.xlsx,4井第21段压裂期间567井套压秒点数据,16205.0,4.0,已提取,3个通道
E:\压裂窜扰项目\02 规范化\阳101H31\阳101H31 邻井压力监测\4井_4井第22段压裂期间6井套压秒点数据.xlsx,4井第22段压裂期间6井套压秒点数据,11405.0,2.0,已提取,1个通道
E:\压裂窜扰项目\02 规范化\阳101H31\阳101H31 邻井压力监测\4井_4井第23段压裂期间567井套压秒点数据.xlsx,100,9005.0,4.0,已提取,3个通道
E:\压裂窜扰项目\02 规范化\阳101H31\阳101H31 邻井压力监测\5井_5井第10段压裂期间467井套压秒点数据.xlsx,56565,7205.0,4.0,已提取,3个通道
E:\压裂窜扰项目\02 规范化\阳101H31\阳101H31 邻井压力监测\5井_5井第11段压裂期间 467井套压秒点数据.xlsx,333,16205.0,4.0,已提取,3个通道
E:\压裂窜扰项目\02 规范化\阳101H31\阳101H31 邻井压力监测\5井_5井第12段压裂期间4井套压秒点数据.xlsx,5井第12段压裂期间4井套压秒点数据,16205.0,2.0,已提取,1个通道
E:\压裂窜扰项目\02 规范化\阳101H31\阳101H31 邻井压力监测\5井_5井第13段压裂期间47井套压秒点数据.xlsx,5井第13段压裂期间47井套压秒点数据,18005.0,3.0,已提取,2个通道
E:\压裂窜扰项目\02 规范化\阳101H31\阳101H31 邻井压力监测\5井_5井第14段压裂期间467井套压秒点数据.xlsx,4744,18005.0,4.0,已提取,3个通道
E:\压裂窜扰项目\02 规范化\阳101H31\阳101H31 邻井压力监测\5井_5井第15段压裂期间467井套压秒点数据.xlsx,666,7205.0,4.0,已提取,3个通道
E:\压裂窜扰项目\02 规范化\阳101H31\阳101H31 邻井压力监测\5井_5井第16段压裂期间467井套压秒点数据.xlsx,85,13805.0,4.0,已提取,3个通道
E:\压裂窜扰项目\02 规范化\阳101H31\阳101H31 邻井压力监测\5井_5井第18段压裂期间4井套压秒点数据.xlsx,566,27005.0,2.0,已提取,1个通道
E:\压裂窜扰项目\02 规范化\阳101H31\阳101H31 邻井压力监测\5井_5井第19段压裂期间46井套压秒点数据.xlsx,48,14405.0,3.0,已提取,2个通道
E:\压裂窜扰项目\02 规范化\阳101H31\阳101H31 邻井压力监测\5井_5井第20段压裂期间467井套压秒点数据.xlsx,855,22205.0,4.0,已提取,3个通道
E:\压裂窜扰项目\02 规范化\阳101H31\阳101H31 邻井压力监测\5井_5井第21段压裂期间467井套压秒点数据.xlsx,546,19205.0,4.0,已提取,3个通道
E:\压裂窜扰项目\02 规范化\阳101H31\阳101H31 邻井压力监测\5井_5井第23段压裂期间467井套压秒点数据上段.xlsx,454,13805.0,4.0,已提取,3个通道
E:\压裂窜扰项目\02 规范化\阳101H31\阳101H31 邻井压力监测\5井_5井第23段压裂期间467井套压秒点数据下段.xlsx,477,7205.0,4.0,已提取,3个通道
E:\压裂窜扰项目\02 规范化\阳101H31\阳101H31 邻井压力监测\5井_5井第24段压裂期间467井套压秒点数据.xlsx,544,21605.0,4.0,已提取,3个通道
E:\压裂窜扰项目\02 规范化\阳101H31\阳101H31 邻井压力监测\6井_6井第26段压裂期间457井套压秒点数据.xlsx,555,13805.0,4.0,已提取,3个通道
E:\压裂窜扰项目\02 规范化\阳101H31\阳101H31 邻井压力监测\6井_6井第27段压裂期间457井套压秒点数据.xlsx,444,13805.0,4.0,已提取,3个通道
E:\压裂窜扰项目\02 规范化\阳101H31\阳101H31 邻井压力监测\7井_7井18段压裂期间456井套压秒点数据.xlsx,45,23405.0,4.0,已提取,3个通道
E:\压裂窜扰项目\02 规范化\阳101H31\阳101H31 邻井压力监测\7井_7井19段压裂期间456井套压秒点数据.xlsx,521,23405.0,4.0,已提取,3个通道
E:\压裂窜扰项目\02 规范化\阳101H31\阳101H31 邻井压力监测\7井_7井20段压裂期间456井套压秒点数据.xlsx,455,16805.0,4.0,已提取,3个通道
E:\压裂窜扰项目\02 规范化\阳101H31\阳101H31 邻井压力监测\7井_7井22段压裂期间456井套压秒点数据.xlsx,233,28205.0,4.0,已提取,3个通道
E:\压裂窜扰项目\02 规范化\阳101H31\阳101H31 邻井压力监测\7井_7井24段压裂期间456井套压秒点数据.xlsx,00,14405.0,4.0,已提取,3个通道
E:\压裂窜扰项目\02 规范化\阳101H31\阳101H31 邻井压力监测\7井_7井第21段压裂期间456井套压秒点数据.xlsx,23,19805.0,4.0,已提取,3个通道
E:\压裂窜扰项目\02 规范化\阳101H31\阳101H31 邻井压力监测\7井_7井第23段压裂期间456井套压秒点数据.xlsx,0000,7205.0,4.0,已提取,3个通道
E:\压裂窜扰项目\02 规范化\阳101H31\阳101H31 邻井压力监测\7井_7井第25段压裂期间456井套压秒点数据.xlsx,232,19805.0,4.0,已提取,3个通道
E:\压裂窜扰项目\02 规范化\阳101H31\阳101H31 邻井压力监测\7井_7井第27段压裂期间46井套压秒点数据.xlsx,96,27005.0,3.0,已提取,2个通道
E:\压裂窜扰项目\02 规范化\阳101H31\阳101H31 邻井压力监测\7井_7井第30段压裂期间456井套压秒点数据.xlsx,2323,19805.0,4.0,已提取,3个通道
E:\压裂窜扰项目\02 规范化\阳101H31\阳101H31 邻井压力监测\阳101H31--井第4段压裂期间阳101H25-5井压力数据.csv,text,20335.0,3.0,未提取压力通道,0个通道
E:\压裂窜扰项目\02 规范化\阳101H31\阳101H31 邻井压力监测\阳101H31-3井压裂期间压力监测记录(3).xlsx,1.邻井压力监测表,24.0,31.0,已提取,5个通道
E:\压裂窜扰项目\02 规范化\阳101H31\阳101H31 邻井压力监测\阳101H31-3井压裂期间压力监测记录(3).xlsx,1.邻井压力监测表 (2),57.0,31.0,已提取,5个通道
E:\压裂窜扰项目\02 规范化\阳101H31\阳101H31 邻井压力监测\阳101H31-3井压裂期间压力监测记录(3).xlsx,1.邻井压力监测表 (3),47.0,31.0,已提取,6个通道
E:\压裂窜扰项目\02 规范化\阳101H31\阳101H31 邻井压力监测\阳101H31-3井压裂期间压力监测记录(3).xlsx,1.邻井压力监测表 (4),47.0,31.0,已提取,6个通道
E:\压裂窜扰项目\02 规范化\阳101H31\阳101H31 邻井压力监测\阳101H31-3井压裂期间压力监测记录(3).xlsx,1.邻井压力监测表 (5),47.0,31.0,已提取,5个通道
E:\压裂窜扰项目\02 规范化\阳101H31\阳101H31 邻井压力监测\阳101H31-3井压裂期间压力监测记录(3).xlsx,1.邻井压力监测表 (6),39.0,31.0,已提取,6个通道
E:\压裂窜扰项目\02 规范化\阳101H31\阳101H31 邻井压力监测\阳101H31-3井压裂期间压力监测记录(3).xlsx,1.邻井压力监测表 (7),40.0,31.0,已提取,6个通道
E:\压裂窜扰项目\02 规范化\阳101H31\阳101H31 邻井压力监测\阳101H31-3井压裂期间压力监测记录(3).xlsx,1.邻井压力监测表 (8),42.0,31.0,已提取,6个通道
E:\压裂窜扰项目\02 规范化\阳101H31\阳101H31 邻井压力监测\阳101H31-3井压裂期间压力监测记录(3).xlsx,2.井口阀门监控表,19.0,11.0,非时序压力表,工况、数量或阶段汇总表
E:\压裂窜扰项目\02 规范化\阳101H31\阳101H31 邻井压力监测\阳101H31-3井压裂期间压力监测记录(3).xlsx,3.液量、砂量核实表,65.0,24.0,非时序压力表,工况、数量或阶段汇总表
E:\压裂窜扰项目\02 规范化\阳101H31\阳101H31 邻井压力监测\阳101H31-3井压裂期间压力监测记录(3).xlsx,1.邻井压力监测表 (9),43.0,31.0,已提取,6个通道
E:\压裂窜扰项目\02 规范化\阳101H31\阳101H31 邻井压力监测\阳101H31-3井压裂期间压力监测记录(3).xlsx,1.邻井压力监测表 (10),19.0,31.0,解析失败,没有至少5个可解释时间点
E:\压裂窜扰项目\02 规范化\阳101H31\阳101H31 邻井压力监测\阳101H31-3井压裂期间压力监测记录(3).xlsx,1.邻井压力监测表 (11),26.0,31.0,已提取,6个通道
E:\压裂窜扰项目\02 规范化\阳101H31\阳101H31 邻井压力监测\阳101H31-3井压裂期间压力监测记录(3).xlsx,1.邻井压力监测表 (12),43.0,31.0,已提取,6个通道
E:\压裂窜扰项目\02 规范化\阳101H31\阳101H31 邻井压力监测\阳101H31-3井压裂期间压力监测记录(3).xlsx,1.邻井压力监测表 (13),54.0,31.0,已提取,6个通道
E:\压裂窜扰项目\02 规范化\阳101H31\阳101H31 邻井压力监测\阳101H31-3井压裂期间压力监测记录(3).xlsx,1.邻井压力监测表 (14),54.0,31.0,已提取,6个通道
E:\压裂窜扰项目\02 规范化\阳101H31\阳101H31 邻井压力监测\阳101H31-3井压裂期间压力监测记录(3).xlsx,1.邻井压力监测表 (15),52.0,31.0,已提取,6个通道
E:\压裂窜扰项目\02 规范化\阳101H31\阳101H31 邻井压力监测\阳101H31-3井压裂期间压力监测记录(3).xlsx,1.邻井压力监测表 (16),45.0,31.0,已提取,6个通道
E:\压裂窜扰项目\02 规范化\阳101H31\阳101H31 邻井压力监测\阳101H31-3井压裂期间压力监测记录(3).xlsx,1.邻井压力监测表 (17),50.0,31.0,已提取,6个通道
E:\压裂窜扰项目\02 规范化\阳101H31\阳101H31 邻井压力监测\阳101H31-3井压裂期间压力监测记录(3).xlsx,1.邻井压力监测表 (18),50.0,31.0,已提取,6个通道
E:\压裂窜扰项目\02 规范化\阳101H31\阳101H31 邻井压力监测\阳101H31平台1井第3段压裂期间阳101H25-5井压力秒点数据(1).csv,text,16801.0,3.0,未提取压力通道,0个通道
E:\压裂窜扰项目\02 规范化\阳101H31\阳101H31 邻井压力监测\阳101H31平台2井第3段压裂期间阳101H25平台压力秒点数据.csv,text,15301.0,8.0,未提取压力通道,0个通道
E:\压裂窜扰项目\02 规范化\阳101H31\阳101H31 邻井压力监测\阳101H31平台2井第4段压裂期间阳101H25平台秒点数据.csv,text,14401.0,6.0,已提取,5个通道
E:\压裂窜扰项目\02 规范化\阳101H31\阳101H31 邻井压力监测\阳101H31平台北半支压窜.xlsx,阳101H31-1井,70.0,9.0,解析失败,没有至少5个可解释时间点
E:\压裂窜扰项目\02 规范化\阳101H31\阳101H31 邻井压力监测\阳101H31平台北半支压窜.xlsx,阳101H31-2井,68.0,8.0,解析失败,没有至少5个可解释时间点
E:\压裂窜扰项目\02 规范化\阳101H31\阳101H31 邻井压力监测\阳101H31平台北半支压窜.xlsx,阳101H31-3井,47.0,8.0,解析失败,没有至少5个可解释时间点
E:\压裂窜扰项目\02 规范化\阳101H32\阳101H32 邻井压力监测\阳101H32-2-11段压裂施工-1、3、4、5、6、7井压力监测.xlsx,1.邻井压力监测表,23.0,25.0,已提取,6个通道
E:\压裂窜扰项目\02 规范化\阳101H32\阳101H32 邻井压力监测\阳101H32-2-11段压裂施工-1、3、4、5、6、7井压力监测.xlsx,3.井口阀门监控照片,21.0,8.0,非时序压力表,工况、数量或阶段汇总表
E:\压裂窜扰项目\02 规范化\阳101H32\阳101H32 邻井压力监测\阳101H32-2-11段压裂施工-1、3、4、5、6、7井压力监测.xlsx,2.井口阀门监控表,22.0,15.0,非时序压力表,工况、数量或阶段汇总表
E:\压裂窜扰项目\02 规范化\阳101H32\阳101H32 邻井压力监测\阳101H32-2-11段压裂施工-1、3、4、5、6、7井压力监测.xlsx,Sheet1,42.0,25.0,已提取,6个通道
E:\压裂窜扰项目\02 规范化\阳101H32\阳101H32 邻井压力监测\阳101H32-2-13段压裂施工-1、3、4、5、6、7井压力监测.xlsx,1.邻井压力监测表,28.0,25.0,已提取,6个通道
E:\压裂窜扰项目\02 规范化\阳101H32\阳101H32 邻井压力监测\阳101H32-2-13段压裂施工-1、3、4、5、6、7井压力监测.xlsx,3.井口阀门监控照片,21.0,8.0,非时序压力表,工况、数量或阶段汇总表
E:\压裂窜扰项目\02 规范化\阳101H32\阳101H32 邻井压力监测\阳101H32-2-13段压裂施工-1、3、4、5、6、7井压力监测.xlsx,2.井口阀门监控表,22.0,15.0,非时序压力表,工况、数量或阶段汇总表
E:\压裂窜扰项目\02 规范化\阳101H32\阳101H32 邻井压力监测\阳101H32-2-14段压裂施工-1、3、4、5、6、7井压力监测.xlsx,1.邻井压力监测表,25.0,25.0,已提取,6个通道
E:\压裂窜扰项目\02 规范化\阳101H32\阳101H32 邻井压力监测\阳101H32-2-14段压裂施工-1、3、4、5、6、7井压力监测.xlsx,3.井口阀门监控照片,31.0,8.0,非时序压力表,工况、数量或阶段汇总表
E:\压裂窜扰项目\02 规范化\阳101H32\阳101H32 邻井压力监测\阳101H32-2-14段压裂施工-1、3、4、5、6、7井压力监测.xlsx,2.井口阀门监控表,22.0,15.0,非时序压力表,工况、数量或阶段汇总表
E:\压裂窜扰项目\02 规范化\阳101H32\阳101H32 邻井压力监测\阳101H32-2-14段压裂施工-4、6井分点压力监测.xlsx,导出数据,262.0,3.0,未提取压力通道,0个通道
E:\压裂窜扰项目\02 规范化\阳101H32\阳101H32 邻井压力监测\阳101H32-2-15段压裂施工-1、3、4、5、6、7井压力监测.xlsx,1.邻井压力监测表,25.0,25.0,已提取,6个通道
E:\压裂窜扰项目\02 规范化\阳101H32\阳101H32 邻井压力监测\阳101H32-2-15段压裂施工-1、3、4、5、6、7井压力监测.xlsx,3.井口阀门监控照片,27.0,8.0,非时序压力表,工况、数量或阶段汇总表
E:\压裂窜扰项目\02 规范化\阳101H32\阳101H32 邻井压力监测\阳101H32-2-15段压裂施工-1、3、4、5、6、7井压力监测.xlsx,2.井口阀门监控表,22.0,15.0,非时序压力表,工况、数量或阶段汇总表
E:\压裂窜扰项目\02 规范化\阳101H32\阳101H32 邻井压力监测\阳101H32-2-16段压裂施工-1、3、4、5、6、7井压力监测（叠合图）.xlsx,1.邻井压力监测表,27.0,27.0,已提取,7个通道
E:\压裂窜扰项目\02 规范化\阳101H32\阳101H32 邻井压力监测\阳101H32-2-16段压裂施工-1、3、4、5、6、7井压力监测（叠合图）.xlsx,3.井口阀门监控照片,27.0,8.0,非时序压力表,工况、数量或阶段汇总表
E:\压裂窜扰项目\02 规范化\阳101H32\阳101H32 邻井压力监测\阳101H32-2-16段压裂施工-1、3、4、5、6、7井压力监测（叠合图）.xlsx,2.井口阀门监控表,22.0,15.0,非时序压力表,工况、数量或阶段汇总表
E:\压裂窜扰项目\02 规范化\阳101H32\阳101H32 邻井压力监测\阳101H32-2-17段压裂施工-1、3、4、5、6、7井套压压力监测.xlsx,1.邻井压力监测表,23.0,27.0,已提取,6个通道
E:\压裂窜扰项目\02 规范化\阳101H32\阳101H32 邻井压力监测\阳101H32-2-17段压裂施工-1、3、4、5、6、7井套压压力监测.xlsx,3.井口阀门监控照片,21.0,8.0,非时序压力表,工况、数量或阶段汇总表
E:\压裂窜扰项目\02 规范化\阳101H32\阳101H32 邻井压力监测\阳101H32-2-17段压裂施工-1、3、4、5、6、7井套压压力监测.xlsx,2.井口阀门监控表,22.0,15.0,非时序压力表,工况、数量或阶段汇总表
E:\压裂窜扰项目\02 规范化\阳101H32\阳101H32 邻井压力监测\阳101H32-2-19段压裂施工-1、3、4、5、6、7井压力监测.xlsx,1.邻井压力监测表,25.0,25.0,已提取,6个通道
E:\压裂窜扰项目\02 规范化\阳101H32\阳101H32 邻井压力监测\阳101H32-2-19段压裂施工-1、3、4、5、6、7井压力监测.xlsx,3.井口阀门监控照片,25.0,8.0,非时序压力表,工况、数量或阶段汇总表
E:\压裂窜扰项目\02 规范化\阳101H32\阳101H32 邻井压力监测\阳101H32-2-19段压裂施工-1、3、4、5、6、7井压力监测.xlsx,2.井口阀门监控表,22.0,15.0,非时序压力表,工况、数量或阶段汇总表
E:\压裂窜扰项目\02 规范化\阳101H32\阳101H32 邻井压力监测\阳101H32-2-20段压裂施工-1、3、4、5、6、7井压力监测（叠合图）.xlsx,1.邻井压力监测表,27.0,31.0,已提取,6个通道
E:\压裂窜扰项目\02 规范化\阳101H32\阳101H32 邻井压力监测\阳101H32-2-20段压裂施工-1、3、4、5、6、7井压力监测（叠合图）.xlsx,3.井口阀门监控照片,25.0,8.0,非时序压力表,工况、数量或阶段汇总表
E:\压裂窜扰项目\02 规范化\阳101H32\阳101H32 邻井压力监测\阳101H32-2-20段压裂施工-1、3、4、5、6、7井压力监测（叠合图）.xlsx,2.井口阀门监控表,22.0,15.0,非时序压力表,工况、数量或阶段汇总表
E:\压裂窜扰项目\02 规范化\阳101H32\阳101H32 邻井压力监测\阳101H32-2-22段压裂施工-1、3、4、5、6、7井压力监测.xlsx,1.邻井压力监测表,40.0,25.0,已提取,6个通道
E:\压裂窜扰项目\02 规范化\阳101H32\阳101H32 邻井压力监测\阳101H32-2-22段压裂施工-1、3、4、5、6、7井压力监测.xlsx,3.井口阀门监控照片,26.0,8.0,非时序压力表,工况、数量或阶段汇总表
E:\压裂窜扰项目\02 规范化\阳101H32\阳101H32 邻井压力监测\阳101H32-2-22段压裂施工-1、3、4、5、6、7井压力监测.xlsx,2.井口阀门监控表,22.0,15.0,非时序压力表,工况、数量或阶段汇总表
E:\压裂窜扰项目\02 规范化\阳101H32\阳101H32 邻井压力监测\阳101H32-2-6段压裂施工-1、3、4、5、6、7井压力监测.xlsx,1.邻井压力监测表,28.0,25.0,已提取,6个通道
E:\压裂窜扰项目\02 规范化\阳101H32\阳101H32 邻井压力监测\阳101H32-2-6段压裂施工-1、3、4、5、6、7井压力监测.xlsx,3.井口阀门监控照片,21.0,8.0,非时序压力表,工况、数量或阶段汇总表
E:\压裂窜扰项目\02 规范化\阳101H32\阳101H32 邻井压力监测\阳101H32-2-6段压裂施工-1、3、4、5、6、7井压力监测.xlsx,2.井口阀门监控表,22.0,15.0,非时序压力表,工况、数量或阶段汇总表
E:\压裂窜扰项目\02 规范化\阳101H32\阳101H32 邻井压力监测\阳101H32-2-7段压裂施工-4、6井分点压力监测.xlsx,导出数据,278.0,4.0,未提取压力通道,0个通道
E:\压裂窜扰项目\02 规范化\阳101H32\阳101H32 邻井压力监测\阳101H32-2-8段压裂施工-1、3、4、5、6、7井压力监测.xlsx,1.邻井压力监测表,25.0,25.0,已提取,6个通道
E:\压裂窜扰项目\02 规范化\阳101H32\阳101H32 邻井压力监测\阳101H32-2-8段压裂施工-1、3、4、5、6、7井压力监测.xlsx,3.井口阀门监控照片,21.0,8.0,非时序压力表,工况、数量或阶段汇总表
E:\压裂窜扰项目\02 规范化\阳101H32\阳101H32 邻井压力监测\阳101H32-2-8段压裂施工-1、3、4、5、6、7井压力监测.xlsx,2.井口阀门监控表,22.0,15.0,非时序压力表,工况、数量或阶段汇总表
E:\压裂窜扰项目\02 规范化\阳101H32\阳101H32 邻井压力监测\阳101H32-2-8段压裂施工-4、6井秒点压力监测.xlsx,导出数据,15783.0,3.0,已提取,2个通道
E:\压裂窜扰项目\02 规范化\阳101H32\阳101H32 邻井压力监测\阳101H32-2-9段压裂施工-1、3、4、5、6、7井压力监测.xlsx,1.邻井压力监测表,22.0,25.0,已提取,6个通道
E:\压裂窜扰项目\02 规范化\阳101H32\阳101H32 邻井压力监测\阳101H32-2-9段压裂施工-1、3、4、5、6、7井压力监测.xlsx,3.井口阀门监控照片,27.0,8.0,非时序压力表,工况、数量或阶段汇总表
E:\压裂窜扰项目\02 规范化\阳101H32\阳101H32 邻井压力监测\阳101H32-2-9段压裂施工-1、3、4、5、6、7井压力监测.xlsx,2.井口阀门监控表,22.0,15.0,非时序压力表,工况、数量或阶段汇总表
E:\压裂窜扰项目\02 规范化\阳101H32\阳101H32 邻井压力监测\阳101H32-2-9段压裂施工-4、6井分点压力监测.xlsx,导出数据,239.0,4.0,未提取压力通道,0个通道
E:\压裂窜扰项目\02 规范化\阳101H32\阳101H32 邻井压力监测\阳101H32-2井第10段压裂施工分秒点.xlsx,分数据,438.0,9.0,未提取压力通道,0个通道
E:\压裂窜扰项目\02 规范化\阳101H32\阳101H32 邻井压力监测\阳101H32-2井第10段压裂施工分秒点.xlsx,秒数据,15146.0,9.0,未提取压力通道,0个通道
E:\压裂窜扰项目\02 规范化\阳101H32\阳101H32 邻井压力监测\阳101H32-2井第10段压裂施工报表.xlsx,阶段数据,81.0,23.0,非时序压力表,工况、数量或阶段汇总表
E:\压裂窜扰项目\02 规范化\阳101H32\阳101H32 邻井压力监测\阳101H32-2井第10段压裂施工报表.xlsx,分数据,365.0,9.0,未提取压力通道,0个通道
E:\压裂窜扰项目\02 规范化\阳101H32\阳101H32 邻井压力监测\阳101H32-2井第10段压裂施工报表.xlsx,秒数据,15073.0,9.0,未提取压力通道,0个通道
E:\压裂窜扰项目\02 规范化\阳101H32\阳101H32 邻井压力监测\阳101H32-2井第10段压裂施工报表.xlsx,曲线,0.0,0.0,无可用序列,空表或有效行列过少
E:\压裂窜扰项目\02 规范化\阳101H32\阳101H32 邻井压力监测\阳101H32-2井第12段压裂施工分秒点.xlsx,分数据,471.0,9.0,未提取压力通道,0个通道
E:\压裂窜扰项目\02 规范化\阳101H32\阳101H32 邻井压力监测\阳101H32-2井第12段压裂施工分秒点.xlsx,秒数据,17132.0,9.0,未提取压力通道,0个通道
E:\压裂窜扰项目\02 规范化\阳101H32\阳101H32 邻井压力监测\阳101H32-2井第12段压裂施工报表.xlsx,阶段数据,79.0,23.0,非时序压力表,工况、数量或阶段汇总表
E:\压裂窜扰项目\02 规范化\阳101H32\阳101H32 邻井压力监测\阳101H32-2井第12段压裂施工报表.xlsx,分数据,400.0,9.0,未提取压力通道,0个通道
E:\压裂窜扰项目\02 规范化\阳101H32\阳101H32 邻井压力监测\阳101H32-2井第12段压裂施工报表.xlsx,秒数据,17061.0,9.0,未提取压力通道,0个通道
E:\压裂窜扰项目\02 规范化\阳101H32\阳101H32 邻井压力监测\阳101H32-2井第12段压裂施工报表.xlsx,曲线,0.0,0.0,无可用序列,空表或有效行列过少
E:\压裂窜扰项目\02 规范化\阳101H32\阳101H32 邻井压力监测\阳101H32-2井第13段压裂施工分秒点.xlsx,分数据,510.0,9.0,未提取压力通道,0个通道
E:\压裂窜扰项目\02 规范化\阳101H32\阳101H32 邻井压力监测\阳101H32-2井第13段压裂施工分秒点.xlsx,秒数据,20533.0,9.0,未提取压力通道,0个通道
E:\压裂窜扰项目\02 规范化\阳101H32\阳101H32 邻井压力监测\阳101H32-2井第13段压裂施工报表.xlsx,阶段数据,69.0,23.0,非时序压力表,工况、数量或阶段汇总表
E:\压裂窜扰项目\02 规范化\阳101H32\阳101H32 邻井压力监测\阳101H32-2井第13段压裂施工报表.xlsx,分数据,449.0,9.0,未提取压力通道,0个通道
E:\压裂窜扰项目\02 规范化\阳101H32\阳101H32 邻井压力监测\阳101H32-2井第13段压裂施工报表.xlsx,秒数据,20472.0,9.0,未提取压力通道,0个通道
E:\压裂窜扰项目\02 规范化\阳101H32\阳101H32 邻井压力监测\阳101H32-2井第13段压裂施工报表.xlsx,曲线,0.0,0.0,无可用序列,空表或有效行列过少
E:\压裂窜扰项目\02 规范化\阳101H32\阳101H32 邻井压力监测\阳101H32-2井第15段-2.xlsx,,,,读取失败,Cannot detect file format
E:\压裂窜扰项目\02 规范化\阳101H32\阳101H32 邻井压力监测\阳101H32-2井第8段.xlsx,,,,读取失败,Cannot detect file format
E:\压裂窜扰项目\02 规范化\阳101H32\阳101H32 邻井压力监测\阳101H32-2井第9段压裂施工分秒点.xlsx,分数据,461.0,9.0,未提取压力通道,0个通道
E:\压裂窜扰项目\02 规范化\阳101H32\阳101H32 邻井压力监测\阳101H32-2井第9段压裂施工分秒点.xlsx,秒数据,16072.0,9.0,未提取压力通道,0个通道
E:\压裂窜扰项目\02 规范化\阳101H32\阳101H32 邻井压力监测\阳101H32-2井第9段压裂施工报表.xlsx,阶段数据,81.0,23.0,非时序压力表,工况、数量或阶段汇总表
E:\压裂窜扰项目\02 规范化\阳101H32\阳101H32 邻井压力监测\阳101H32-2井第9段压裂施工报表.xlsx,分数据,388.0,9.0,未提取压力通道,0个通道
E:\压裂窜扰项目\02 规范化\阳101H32\阳101H32 邻井压力监测\阳101H32-2井第9段压裂施工报表.xlsx,秒数据,15999.0,9.0,未提取压力通道,0个通道
E:\压裂窜扰项目\02 规范化\阳101H32\阳101H32 邻井压力监测\阳101H32-2井第9段压裂施工报表.xlsx,曲线,0.0,0.0,无可用序列,空表或有效行列过少
E:\压裂窜扰项目\02 规范化\阳101H32\阳101H32 邻井压力监测\阳101H32-4-11段压裂施工-6井秒点压力监测.xlsx,导出数据,13144.0,3.0,未提取压力通道,0个通道
E:\压裂窜扰项目\02 规范化\阳101H32\阳101H32 邻井压力监测\阳101H32-4-13段压裂施工-1、2、3、5、6、7井压力监测.xlsx,1.邻井压力监测表,19.0,25.0,已提取,6个通道
E:\压裂窜扰项目\02 规范化\阳101H32\阳101H32 邻井压力监测\阳101H32-4-13段压裂施工-1、2、3、5、6、7井压力监测.xlsx,3.井口阀门监控照片,27.0,8.0,非时序压力表,工况、数量或阶段汇总表
E:\压裂窜扰项目\02 规范化\阳101H32\阳101H32 邻井压力监测\阳101H32-4-13段压裂施工-1、2、3、5、6、7井压力监测.xlsx,2.井口阀门监控表,22.0,15.0,非时序压力表,工况、数量或阶段汇总表
E:\压裂窜扰项目\02 规范化\阳101H32\阳101H32 邻井压力监测\阳101H32-4-13段压裂施工-6井秒点压力监测.xlsx,导出数据,18724.0,3.0,未提取压力通道,0个通道
E:\压裂窜扰项目\02 规范化\阳101H32\阳101H32 邻井压力监测\阳101H32-4-14段压裂施工-6井秒点压力监测.xlsx,导出数据,17944.0,3.0,未提取压力通道,0个通道
E:\压裂窜扰项目\02 规范化\阳101H32\阳101H32 邻井压力监测\阳101H32-4-15段压裂施工-1、2、3、5、6、7井压力监测.xlsx,1.邻井压力监测表,22.0,25.0,已提取,6个通道
E:\压裂窜扰项目\02 规范化\阳101H32\阳101H32 邻井压力监测\阳101H32-4-15段压裂施工-1、2、3、5、6、7井压力监测.xlsx,3.井口阀门监控照片,21.0,8.0,非时序压力表,工况、数量或阶段汇总表
E:\压裂窜扰项目\02 规范化\阳101H32\阳101H32 邻井压力监测\阳101H32-4-15段压裂施工-1、2、3、5、6、7井压力监测.xlsx,2.井口阀门监控表,22.0,15.0,非时序压力表,工况、数量或阶段汇总表
E:\压裂窜扰项目\02 规范化\阳101H32\阳101H32 邻井压力监测\阳101H32-4-15段压裂施工-1、2、3、5、6、7井压力监测.xlsx,Sheet1,32.0,25.0,已提取,6个通道
E:\压裂窜扰项目\02 规范化\阳101H32\阳101H32 邻井压力监测\阳101H32-4-16段压裂施工-6井分点压力监测.xlsx,导出数据,293.0,3.0,未提取压力通道,0个通道
E:\压裂窜扰项目\02 规范化\阳101H32\阳101H32 邻井压力监测\阳101H32-4-17段压裂施工-1、2、3、5、6、7井压力监测.xlsx,1.邻井压力监测表,28.0,25.0,已提取,6个通道
E:\压裂窜扰项目\02 规范化\阳101H32\阳101H32 邻井压力监测\阳101H32-4-17段压裂施工-1、2、3、5、6、7井压力监测.xlsx,3.井口阀门监控照片,31.0,8.0,非时序压力表,工况、数量或阶段汇总表
E:\压裂窜扰项目\02 规范化\阳101H32\阳101H32 邻井压力监测\阳101H32-4-17段压裂施工-1、2、3、5、6、7井压力监测.xlsx,2.井口阀门监控表,22.0,15.0,非时序压力表,工况、数量或阶段汇总表
E:\压裂窜扰项目\02 规范化\阳101H32\阳101H32 邻井压力监测\阳101H32-4-19段压裂施工-1、2、3、5、6、7井压力监测.xlsx,1.邻井压力监测表,37.0,25.0,已提取,6个通道
E:\压裂窜扰项目\02 规范化\阳101H32\阳101H32 邻井压力监测\阳101H32-4-19段压裂施工-1、2、3、5、6、7井压力监测.xlsx,3.井口阀门监控照片,21.0,8.0,非时序压力表,工况、数量或阶段汇总表
E:\压裂窜扰项目\02 规范化\阳101H32\阳101H32 邻井压力监测\阳101H32-4-19段压裂施工-1、2、3、5、6、7井压力监测.xlsx,2.井口阀门监控表,22.0,15.0,非时序压力表,工况、数量或阶段汇总表
E:\压裂窜扰项目\02 规范化\阳101H32\阳101H32 邻井压力监测\阳101H32-4-1段压裂施工-5井秒点压力监测.xlsx,导出数据,8464.0,3.0,未提取压力通道,0个通道
E:\压裂窜扰项目\02 规范化\阳101H32\阳101H32 邻井压力监测\阳101H32-4-20段压裂施工-1、2、3、5、6、7井压力监测.xlsx,1.邻井压力监测表,26.0,25.0,已提取,6个通道
E:\压裂窜扰项目\02 规范化\阳101H32\阳101H32 邻井压力监测\阳101H32-4-20段压裂施工-1、2、3、5、6、7井压力监测.xlsx,3.井口阀门监控照片,21.0,8.0,非时序压力表,工况、数量或阶段汇总表
E:\压裂窜扰项目\02 规范化\阳101H32\阳101H32 邻井压力监测\阳101H32-4-20段压裂施工-1、2、3、5、6、7井压力监测.xlsx,2.井口阀门监控表,22.0,15.0,非时序压力表,工况、数量或阶段汇总表
E:\压裂窜扰项目\02 规范化\阳101H32\阳101H32 邻井压力监测\阳101H32-4-22段压裂施工-1、2、3、5、6、7井压力监测.xlsx,1.邻井压力监测表,11.0,25.0,已提取,6个通道
E:\压裂窜扰项目\02 规范化\阳101H32\阳101H32 邻井压力监测\阳101H32-4-22段压裂施工-1、2、3、5、6、7井压力监测.xlsx,3.井口阀门监控照片,21.0,8.0,非时序压力表,工况、数量或阶段汇总表
E:\压裂窜扰项目\02 规范化\阳101H32\阳101H32 邻井压力监测\阳101H32-4-22段压裂施工-1、2、3、5、6、7井压力监测.xlsx,2.井口阀门监控表,22.0,15.0,非时序压力表,工况、数量或阶段汇总表
E:\压裂窜扰项目\02 规范化\阳101H32\阳101H32 邻井压力监测\阳101H32-4-22段压裂施工-1、2、3、5、6、7井压力监测.xlsx,Sheet1,21.0,25.0,已提取,6个通道
E:\压裂窜扰项目\02 规范化\阳101H32\阳101H32 邻井压力监测\阳101H32-4-22段压裂施工-1、2、3、5、6、7井压力监测（叠合图）.xlsx,1.邻井压力监测表,22.0,25.0,已提取,6个通道
E:\压裂窜扰项目\02 规范化\阳101H32\阳101H32 邻井压力监测\阳101H32-4-22段压裂施工-1、2、3、5、6、7井压力监测（叠合图）.xlsx,3.井口阀门监控照片,21.0,8.0,非时序压力表,工况、数量或阶段汇总表
E:\压裂窜扰项目\02 规范化\阳101H32\阳101H32 邻井压力监测\阳101H32-4-22段压裂施工-1、2、3、5、6、7井压力监测（叠合图）.xlsx,2.井口阀门监控表,22.0,15.0,非时序压力表,工况、数量或阶段汇总表
E:\压裂窜扰项目\02 规范化\阳101H32\阳101H32 邻井压力监测\阳101H32-4-22段压裂施工-1、2、3、5、6、7井压力监测（叠合图）.xlsx,Sheet1,21.0,25.0,已提取,6个通道
E:\压裂窜扰项目\02 规范化\阳101H32\阳101H32 邻井压力监测\阳101H32-4-3段压裂施工-1、2、3、5、6、7井压力监测.xlsx,Sheet1,28.0,25.0,已提取,6个通道
E:\压裂窜扰项目\02 规范化\阳101H32\阳101H32 邻井压力监测\阳101H32-4-3段压裂施工-1、2、3、5、6、7井压力监测.xlsx,Sheet2,0.0,0.0,无可用序列,空表或有效行列过少
E:\压裂窜扰项目\02 规范化\阳101H32\阳101H32 邻井压力监测\阳101H32-4-3段压裂施工-1、2、3、5、6、7井压力监测.xlsx,Sheet3,0.0,0.0,无可用序列,空表或有效行列过少
E:\压裂窜扰项目\02 规范化\阳101H32\阳101H32 邻井压力监测\阳101H32-4-4段压裂施工-1、2、3、5、6、7井压力监测.xlsx,1.邻井压力监测表,27.0,25.0,已提取,6个通道
E:\压裂窜扰项目\02 规范化\阳101H32\阳101H32 邻井压力监测\阳101H32-4-4段压裂施工-1、2、3、5、6、7井压力监测.xlsx,3.井口阀门监控照片,21.0,8.0,非时序压力表,工况、数量或阶段汇总表
E:\压裂窜扰项目\02 规范化\阳101H32\阳101H32 邻井压力监测\阳101H32-4-4段压裂施工-1、2、3、5、6、7井压力监测.xlsx,2.井口阀门监控表,22.0,15.0,非时序压力表,工况、数量或阶段汇总表
E:\压裂窜扰项目\02 规范化\阳101H32\阳101H32 邻井压力监测\阳101H32-4-5段压裂施工-1、2、3、5、6、7井压力监测.xlsx,1.邻井压力监测表,24.0,25.0,已提取,6个通道
E:\压裂窜扰项目\02 规范化\阳101H32\阳101H32 邻井压力监测\阳101H32-4-5段压裂施工-1、2、3、5、6、7井压力监测.xlsx,3.井口阀门监控照片,21.0,8.0,非时序压力表,工况、数量或阶段汇总表
E:\压裂窜扰项目\02 规范化\阳101H32\阳101H32 邻井压力监测\阳101H32-4-5段压裂施工-1、2、3、5、6、7井压力监测.xlsx,2.井口阀门监控表,22.0,15.0,非时序压力表,工况、数量或阶段汇总表
E:\压裂窜扰项目\02 规范化\阳101H32\阳101H32 邻井压力监测\阳101H32-4-5段压裂施工-1、2、3、5、6、7井压力监测.xlsx,Sheet1,43.0,25.0,已提取,6个通道
E:\压裂窜扰项目\02 规范化\阳101H32\阳101H32 邻井压力监测\阳101H32-4-5段压裂施工-2、6井秒点压力监测.xlsx,导出数据,13624.0,5.0,未提取压力通道,0个通道
E:\压裂窜扰项目\02 规范化\阳101H32\阳101H32 邻井压力监测\阳101H32-4-6段压裂施工-1、2、3、5、6、7井压力监测.xlsx,1.邻井压力监测表,24.0,25.0,已提取,6个通道
E:\压裂窜扰项目\02 规范化\阳101H32\阳101H32 邻井压力监测\阳101H32-4-6段压裂施工-1、2、3、5、6、7井压力监测.xlsx,3.井口阀门监控照片,21.0,8.0,非时序压力表,工况、数量或阶段汇总表
E:\压裂窜扰项目\02 规范化\阳101H32\阳101H32 邻井压力监测\阳101H32-4-6段压裂施工-1、2、3、5、6、7井压力监测.xlsx,2.井口阀门监控表,22.0,15.0,非时序压力表,工况、数量或阶段汇总表
E:\压裂窜扰项目\02 规范化\阳101H32\阳101H32 邻井压力监测\阳101H32-4-6段压裂施工-1、2、3、5、6、7井压力监测.xlsx,Sheet1,45.0,25.0,已提取,6个通道
E:\压裂窜扰项目\02 规范化\阳101H32\阳101H32 邻井压力监测\阳101H32-4-8段压裂施工-1、2、3、5、6、7井压力监测.xlsx,1.邻井压力监测表,23.0,25.0,已提取,6个通道
E:\压裂窜扰项目\02 规范化\阳101H32\阳101H32 邻井压力监测\阳101H32-4-8段压裂施工-1、2、3、5、6、7井压力监测.xlsx,3.井口阀门监控照片,21.0,8.0,非时序压力表,工况、数量或阶段汇总表
E:\压裂窜扰项目\02 规范化\阳101H32\阳101H32 邻井压力监测\阳101H32-4-8段压裂施工-1、2、3、5、6、7井压力监测.xlsx,2.井口阀门监控表,22.0,15.0,非时序压力表,工况、数量或阶段汇总表
E:\压裂窜扰项目\02 规范化\阳101H32\阳101H32 邻井压力监测\阳101H32-4-8段压裂施工-6井秒点压力监测.xlsx,导出数据,15184.0,2.0,未提取压力通道,0个通道
E:\压裂窜扰项目\02 规范化\阳101H32\阳101H32 邻井压力监测\阳101H32-4井第2段施工邻井监测20251120.xlsx,Sheet1,23.0,52.0,已提取,12个通道
E:\压裂窜扰项目\02 规范化\阳101H32\阳101H32 邻井压力监测\阳101H32-5-23段压裂施工-1、2、3、4、6、7井压力监测.xlsx,1.邻井压力监测表,18.0,25.0,已提取,6个通道
E:\压裂窜扰项目\02 规范化\阳101H32\阳101H32 邻井压力监测\阳101H32-5-23段压裂施工-1、2、3、4、6、7井压力监测.xlsx,3.井口阀门监控照片,21.0,8.0,非时序压力表,工况、数量或阶段汇总表
E:\压裂窜扰项目\02 规范化\阳101H32\阳101H32 邻井压力监测\阳101H32-5-23段压裂施工-1、2、3、4、6、7井压力监测.xlsx,2.井口阀门监控表,22.0,15.0,非时序压力表,工况、数量或阶段汇总表
E:\压裂窜扰项目\02 规范化\阳101H32\阳101H32 邻井压力监测\阳101H32-5-8段压裂施工-1、2、3、4、6、7井压力监测.xlsx,1.邻井压力监测表,25.0,25.0,已提取,6个通道
E:\压裂窜扰项目\02 规范化\阳101H32\阳101H32 邻井压力监测\阳101H32-5-8段压裂施工-1、2、3、4、6、7井压力监测.xlsx,3.井口阀门监控照片,21.0,8.0,非时序压力表,工况、数量或阶段汇总表
E:\压裂窜扰项目\02 规范化\阳101H32\阳101H32 邻井压力监测\阳101H32-5-8段压裂施工-1、2、3、4、6、7井压力监测.xlsx,2.井口阀门监控表,22.0,15.0,非时序压力表,工况、数量或阶段汇总表
E:\压裂窜扰项目\02 规范化\阳101H32\阳101H32 邻井压力监测\阳101H32-5井第10段压裂施工报表.xlsx,阶段数据,89.0,26.0,非时序压力表,工况、数量或阶段汇总表
E:\压裂窜扰项目\02 规范化\阳101H32\阳101H32 邻井压力监测\阳101H32-5井第10段压裂施工报表.xlsx,分数据,389.0,10.0,未提取压力通道,0个通道
E:\压裂窜扰项目\02 规范化\阳101H32\阳101H32 邻井压力监测\阳101H32-5井第10段压裂施工报表.xlsx,秒数据,15377.0,10.0,未提取压力通道,0个通道
E:\压裂窜扰项目\02 规范化\阳101H32\阳101H32 邻井压力监测\阳101H32-5井第10段压裂施工报表.xlsx,曲线,0.0,0.0,无可用序列,空表或有效行列过少
E:\压裂窜扰项目\02 规范化\阳101H32\阳101H32 邻井压力监测\阳101H32-5井第12段压裂施工曲分秒点.xlsx,分数据,423.0,10.0,未提取压力通道,0个通道
E:\压裂窜扰项目\02 规范化\阳101H32\阳101H32 邻井压力监测\阳101H32-5井第12段压裂施工曲分秒点.xlsx,秒数据,15201.0,10.0,未提取压力通道,0个通道
E:\压裂窜扰项目\02 规范化\阳101H32\阳101H32 邻井压力监测\阳101H32-5井第18段压裂施工分秒点.xlsx,分数据,416.0,9.0,未提取压力通道,0个通道
E:\压裂窜扰项目\02 规范化\阳101H32\阳101H32 邻井压力监测\阳101H32-5井第18段压裂施工分秒点.xlsx,秒数据,13745.0,9.0,未提取压力通道,0个通道
E:\压裂窜扰项目\02 规范化\阳101H32\阳101H32 邻井压力监测\阳101H32-5井第18段压裂施工报表.xlsx,阶段数据,75.0,23.0,非时序压力表,工况、数量或阶段汇总表
E:\压裂窜扰项目\02 规范化\阳101H32\阳101H32 邻井压力监测\阳101H32-5井第18段压裂施工报表.xlsx,分数据,349.0,9.0,未提取压力通道,0个通道
E:\压裂窜扰项目\02 规范化\阳101H32\阳101H32 邻井压力监测\阳101H32-5井第18段压裂施工报表.xlsx,秒数据,13678.0,9.0,未提取压力通道,0个通道
E:\压裂窜扰项目\02 规范化\阳101H32\阳101H32 邻井压力监测\阳101H32-5井第18段压裂施工报表.xlsx,曲线,0.0,0.0,无可用序列,空表或有效行列过少
E:\压裂窜扰项目\02 规范化\阳101H32\阳101H32 邻井压力监测\阳101H32-5井第20段压裂施工分秒点.xlsx,分数据,543.0,9.0,未提取压力通道,0个通道
E:\压裂窜扰项目\02 规范化\阳101H32\阳101H32 邻井压力监测\阳101H32-5井第20段压裂施工分秒点.xlsx,秒数据,21190.0,9.0,未提取压力通道,0个通道
E:\压裂窜扰项目\02 规范化\阳101H32\阳101H32 邻井压力监测\阳101H32-5井第20段压裂施工报表.xlsx,阶段数据,80.0,23.0,非时序压力表,工况、数量或阶段汇总表
E:\压裂窜扰项目\02 规范化\阳101H32\阳101H32 邻井压力监测\阳101H32-5井第20段压裂施工报表.xlsx,分数据,471.0,9.0,未提取压力通道,0个通道
E:\压裂窜扰项目\02 规范化\阳101H32\阳101H32 邻井压力监测\阳101H32-5井第20段压裂施工报表.xlsx,秒数据,21118.0,9.0,未提取压力通道,0个通道
E:\压裂窜扰项目\02 规范化\阳101H32\阳101H32 邻井压力监测\阳101H32-5井第20段压裂施工报表.xlsx,曲线,0.0,0.0,无可用序列,空表或有效行列过少
E:\压裂窜扰项目\02 规范化\阳101H32\阳101H32 邻井压力监测\阳101H32-6-10段压裂施工-1、2、3、4、5、7井压力监测（含阳101H2平台）.xlsx,1.邻井压力监测表,18.0,52.0,已提取,6个通道
E:\压裂窜扰项目\02 规范化\阳101H32\阳101H32 邻井压力监测\阳101H32-6-10段压裂施工-1、2、3、4、5、7井压力监测（含阳101H2平台）.xlsx,3.井口阀门监控照片,21.0,8.0,非时序压力表,工况、数量或阶段汇总表
E:\压裂窜扰项目\02 规范化\阳101H32\阳101H32 邻井压力监测\阳101H32-6-10段压裂施工-1、2、3、4、5、7井压力监测（含阳101H2平台）.xlsx,2.井口阀门监控表,22.0,15.0,非时序压力表,工况、数量或阶段汇总表
E:\压裂窜扰项目\02 规范化\阳101H32\阳101H32 邻井压力监测\阳101H32-6-10段压裂施工-2、5井秒点压力监测.xlsx,导出数据,9664.0,5.0,未提取压力通道,0个通道
E:\压裂窜扰项目\02 规范化\阳101H32\阳101H32 邻井压力监测\阳101H32-6-12段压裂施工-1、2、3、4、5、7井压力监测.xlsx,1.邻井压力监测表,24.0,25.0,已提取,6个通道
E:\压裂窜扰项目\02 规范化\阳101H32\阳101H32 邻井压力监测\阳101H32-6-12段压裂施工-1、2、3、4、5、7井压力监测.xlsx,3.井口阀门监控照片,21.0,8.0,非时序压力表,工况、数量或阶段汇总表
E:\压裂窜扰项目\02 规范化\阳101H32\阳101H32 邻井压力监测\阳101H32-6-12段压裂施工-1、2、3、4、5、7井压力监测.xlsx,2.井口阀门监控表,22.0,15.0,非时序压力表,工况、数量或阶段汇总表
E:\压裂窜扰项目\02 规范化\阳101H32\阳101H32 邻井压力监测\阳101H32-6-12段压裂施工-1、2、3、4、5、7井压力监测.xlsx,Sheet1,44.0,25.0,已提取,6个通道
E:\压裂窜扰项目\02 规范化\阳101H32\阳101H32 邻井压力监测\阳101H32-6-13段压裂施工-1、2、3、4、5、7井压力监测.xlsx,1.邻井压力监测表,24.0,25.0,已提取,6个通道
E:\压裂窜扰项目\02 规范化\阳101H32\阳101H32 邻井压力监测\阳101H32-6-13段压裂施工-1、2、3、4、5、7井压力监测.xlsx,3.井口阀门监控照片,21.0,8.0,非时序压力表,工况、数量或阶段汇总表
E:\压裂窜扰项目\02 规范化\阳101H32\阳101H32 邻井压力监测\阳101H32-6-13段压裂施工-1、2、3、4、5、7井压力监测.xlsx,2.井口阀门监控表,22.0,15.0,非时序压力表,工况、数量或阶段汇总表
E:\压裂窜扰项目\02 规范化\阳101H32\阳101H32 邻井压力监测\阳101H32-6-15段压裂施工-1、2、3、4、5、7井压力监测.xlsx,1.邻井压力监测表,36.0,25.0,已提取,6个通道
E:\压裂窜扰项目\02 规范化\阳101H32\阳101H32 邻井压力监测\阳101H32-6-15段压裂施工-1、2、3、4、5、7井压力监测.xlsx,3.井口阀门监控照片,21.0,8.0,非时序压力表,工况、数量或阶段汇总表
E:\压裂窜扰项目\02 规范化\阳101H32\阳101H32 邻井压力监测\阳101H32-6-15段压裂施工-1、2、3、4、5、7井压力监测.xlsx,2.井口阀门监控表,22.0,15.0,非时序压力表,工况、数量或阶段汇总表
E:\压裂窜扰项目\02 规范化\阳101H32\阳101H32 邻井压力监测\阳101H32-6-18段压裂施工-1、2、3、4、5、7井压力监测.xlsx,1.邻井压力监测表,28.0,25.0,已提取,6个通道
E:\压裂窜扰项目\02 规范化\阳101H32\阳101H32 邻井压力监测\阳101H32-6-18段压裂施工-1、2、3、4、5、7井压力监测.xlsx,3.井口阀门监控照片,21.0,8.0,非时序压力表,工况、数量或阶段汇总表
E:\压裂窜扰项目\02 规范化\阳101H32\阳101H32 邻井压力监测\阳101H32-6-18段压裂施工-1、2、3、4、5、7井压力监测.xlsx,2.井口阀门监控表,22.0,15.0,非时序压力表,工况、数量或阶段汇总表
E:\压裂窜扰项目\02 规范化\阳101H32\阳101H32 邻井压力监测\阳101H32-6-18段压裂施工-1、2、3、4、5、7井压力监测.xlsx,Sheet1,55.0,25.0,已提取,6个通道
E:\压裂窜扰项目\02 规范化\阳101H32\阳101H32 邻井压力监测\阳101H32-6-19段压裂施工-1、2、3、4、5、7井压力监测.xlsx,1.邻井压力监测表,30.0,25.0,已提取,6个通道
E:\压裂窜扰项目\02 规范化\阳101H32\阳101H32 邻井压力监测\阳101H32-6-19段压裂施工-1、2、3、4、5、7井压力监测.xlsx,3.井口阀门监控照片,21.0,8.0,非时序压力表,工况、数量或阶段汇总表
E:\压裂窜扰项目\02 规范化\阳101H32\阳101H32 邻井压力监测\阳101H32-6-19段压裂施工-1、2、3、4、5、7井压力监测.xlsx,2.井口阀门监控表,22.0,15.0,非时序压力表,工况、数量或阶段汇总表
E:\压裂窜扰项目\02 规范化\阳101H32\阳101H32 邻井压力监测\阳101H32-6-20段压裂施工-1、2、3、4、5、7井压力监测.xlsx,1.邻井压力监测表,29.0,25.0,已提取,6个通道
E:\压裂窜扰项目\02 规范化\阳101H32\阳101H32 邻井压力监测\阳101H32-6-20段压裂施工-1、2、3、4、5、7井压力监测.xlsx,3.井口阀门监控照片,21.0,8.0,非时序压力表,工况、数量或阶段汇总表
E:\压裂窜扰项目\02 规范化\阳101H32\阳101H32 邻井压力监测\阳101H32-6-20段压裂施工-1、2、3、4、5、7井压力监测.xlsx,2.井口阀门监控表,22.0,15.0,非时序压力表,工况、数量或阶段汇总表
E:\压裂窜扰项目\02 规范化\阳101H32\阳101H32 邻井压力监测\阳101H32-6-20段压裂施工-1、2、3、4、5、7井压力监测.xlsx,Sheet1,53.0,25.0,已提取,6个通道
E:\压裂窜扰项目\02 规范化\阳101H32\阳101H32 邻井压力监测\阳101H32-6-5段压裂施工-11、14井压力监测.xlsx,Sheet1,41.0,25.0,已提取,6个通道
E:\压裂窜扰项目\02 规范化\阳101H32\阳101H32 邻井压力监测\阳101H32-6-5段压裂施工-11、14井压力监测.xlsx,图,26.0,3.0,未提取压力通道,0个通道
E:\压裂窜扰项目\02 规范化\阳101H32\阳101H32 邻井压力监测\阳101H32-6-6段压裂施工-1、2、3、4、5、7井压力监测.xlsx,Sheet1,30.0,25.0,已提取,6个通道
E:\压裂窜扰项目\02 规范化\阳101H32\阳101H32 邻井压力监测\阳101H32-6-6段压裂施工-1、2、3、4、5、7井压力监测.xlsx,邻井压力上涨曲线,28.0,6.0,未提取压力通道,0个通道
E:\压裂窜扰项目\02 规范化\阳101H32\阳101H32 邻井压力监测\阳101H32-6-6段压裂施工-1、2、3、4、5、7井压力监测.xlsx,Sheet3,0.0,0.0,无可用序列,空表或有效行列过少
E:\压裂窜扰项目\02 规范化\阳101H32\阳101H32 邻井压力监测\阳101H32-6-9段压裂施工-1、2、3、4、5、7井压力监测.xlsx,1.邻井压力监测表,23.0,52.0,已提取,12个通道
E:\压裂窜扰项目\02 规范化\阳101H32\阳101H32 邻井压力监测\阳101H32-6-9段压裂施工-1、2、3、4、5、7井压力监测.xlsx,3.井口阀门监控照片,21.0,8.0,非时序压力表,工况、数量或阶段汇总表
E:\压裂窜扰项目\02 规范化\阳101H32\阳101H32 邻井压力监测\阳101H32-6-9段压裂施工-1、2、3、4、5、7井压力监测.xlsx,2.井口阀门监控表,22.0,15.0,非时序压力表,工况、数量或阶段汇总表
E:\压裂窜扰项目\02 规范化\阳101H32\阳101H32 邻井压力监测\阳101H32-6井第7段   阳101H2平台邻井情况  20251117.xlsx,Sheet1,36.0,26.0,已提取,6个通道
E:\压裂窜扰项目\02 规范化\阳101H32\阳101H32 邻井压力监测\阳101H32_2井_2井第6段_压力监测数据表    叠合图  .xlsx,Sheet1,210.0,8.0,未提取压力通道,0个通道
E:\压裂窜扰项目\02 规范化\阳101H32\阳101H32 邻井压力监测\阳101H32_压窜数据统计.xlsx,2井,24.0,19.0,解析失败,没有至少5个可解释时间点
E:\压裂窜扰项目\02 规范化\阳101H32\阳101H32 邻井压力监测\阳101H32_压窜数据统计.xlsx,4井,24.0,19.0,解析失败,没有至少5个可解释时间点
E:\压裂窜扰项目\02 规范化\阳101H32\阳101H32 邻井压力监测\阳101H32_压窜数据统计.xlsx,5井,25.0,21.0,解析失败,没有至少5个可解释时间点
E:\压裂窜扰项目\02 规范化\阳101H32\阳101H32 邻井压力监测\阳101H32_压窜数据统计.xlsx,6井,23.0,20.0,解析失败,没有至少5个可解释时间点
E:\压裂窜扰项目\02 规范化\阳101H32\阳101H32 邻井压力监测\阳101H32_压窜数据统计.xlsx,图形,0.0,0.0,无可用序列,空表或有效行列过少
E:\压裂窜扰项目\02 规范化\阳101H32\阳101H32 邻井压力监测\阳101H32_压窜数据统计.xlsx,左右最大值,89.0,6.0,解析失败,没有至少5个可解释时间点
E:\压裂窜扰项目\02 规范化\阳101H33\阳101H33 邻井压力监测\阳101H33-1-10段压裂施工-2井压力监测.xlsx,1-10-2,14401.0,2.0,已提取,1个通道
E:\压裂窜扰项目\02 规范化\阳101H33\阳101H33 邻井压力监测\阳101H33-1-10段压裂施工-邻井压力监测.xlsx,1井第10段压裂邻井监测数据表,14405.0,4.0,已提取,1个通道
E:\压裂窜扰项目\02 规范化\阳101H33\阳101H33 邻井压力监测\阳101H33-2-2段压裂施工-1井压力监测.xlsx,2-2-1,9061.0,2.0,已提取,1个通道
E:\压裂窜扰项目\02 规范化\阳101H33\阳101H33 邻井压力监测\阳101H33-2-3段压裂施工-1井压力监测.xlsx,2-3-1,10861.0,2.0,已提取,1个通道
E:\压裂窜扰项目\02 规范化\阳101H33\阳101H33 邻井压力监测\阳101H33-2-6段压裂施工-1井压力监测.xlsx,2-6-1,16201.0,2.0,已提取,1个通道
E:\压裂窜扰项目\02 规范化\阳101H33\阳101H33 邻井压力监测\阳101H33-2-6段压裂施工-3井压力监测.xlsx,2-6-3,16201.0,2.0,已提取,1个通道
E:\压裂窜扰项目\02 规范化\阳101H33\阳101H33 邻井压力监测\阳101H33-2-6段压裂施工-邻井压力监测.xlsx,2井第6段压裂邻井监测数据,16205.0,10.0,已提取,3个通道
E:\压裂窜扰项目\02 规范化\阳101H33\阳101H33 邻井压力监测\阳101H33-2-7段压裂施工-1井压力监测.xlsx,2-7-1,14401.0,2.0,已提取,1个通道
E:\压裂窜扰项目\02 规范化\阳101H33\阳101H33 邻井压力监测\阳101H33-2-7段压裂施工-3井压力监测.xlsx,2-7-3,14401.0,2.0,已提取,1个通道
E:\压裂窜扰项目\02 规范化\阳101H33\阳101H33 邻井压力监测\阳101H33-2-7段压裂施工-邻井压力监测.xlsx,2井第7段压裂邻井监测数据,14405.0,7.0,已提取,2个通道
E:\压裂窜扰项目\02 规范化\阳101H33\阳101H33 邻井压力监测\阳101H33-3-10段压裂施工-4井压力监测.xlsx,3-10-4,16201.0,2.0,已提取,1个通道
E:\压裂窜扰项目\02 规范化\阳101H33\阳101H33 邻井压力监测\阳101H33-3-10段压裂施工-邻井压力监测.xlsx,3井10段压裂期间邻井压力监测数据,16205.0,4.0,已提取,1个通道
E:\压裂窜扰项目\02 规范化\阳101H33\阳101H33 邻井压力监测\阳101H33-3-4段压裂施工-1井压力监测.xlsx,3-4-1,14401.0,2.0,已提取,1个通道
E:\压裂窜扰项目\02 规范化\阳101H33\阳101H33 邻井压力监测\阳101H33-3-4段压裂施工-2井压力监测.xlsx,3-4-2,14401.0,2.0,已提取,1个通道
E:\压裂窜扰项目\02 规范化\阳101H33\阳101H33 邻井压力监测\阳101H33-3-4段压裂施工-4井压力监测.xlsx,3-4-4,14400.0,2.0,已提取,1个通道
E:\压裂窜扰项目\02 规范化\阳101H33\阳101H33 邻井压力监测\阳101H33-3-4段压裂施工-邻井压力监测.xlsx,阳101H33-3井4段压裂施工邻井压力监测,14405.0,10.0,已提取,2个通道
E:\压裂窜扰项目\02 规范化\阳101H33\阳101H33 邻井压力监测\阳101H33-3-5段压裂施工-1井压力监测.xlsx,3-5-1,14401.0,2.0,已提取,1个通道
E:\压裂窜扰项目\02 规范化\阳101H33\阳101H33 邻井压力监测\阳101H33-3-5段压裂施工-2井压力监测.xlsx,3-5-2,14401.0,2.0,已提取,1个通道
E:\压裂窜扰项目\02 规范化\阳101H33\阳101H33 邻井压力监测\阳101H33-3-5段压裂施工-4井压力监测.xlsx,3-5-4,14401.0,2.0,已提取,1个通道
E:\压裂窜扰项目\02 规范化\阳101H33\阳101H33 邻井压力监测\阳101H33-3-5段压裂施工-邻井压力监测.xlsx,3井第5段压裂邻井压力监测表,14405.0,10.0,已提取,3个通道
E:\压裂窜扰项目\02 规范化\阳101H33\阳101H33 邻井压力监测\阳101H33-3-6段压裂施工-4井压力监测.xlsx,3-6-4,14312.0,2.0,已提取,1个通道
E:\压裂窜扰项目\02 规范化\阳101H33\阳101H33 邻井压力监测\阳101H33-3-7段压裂施工-2井压力监测.xlsx,3-7-2,10801.0,2.0,已提取,1个通道
E:\压裂窜扰项目\02 规范化\阳101H33\阳101H33 邻井压力监测\阳101H33-3-7段压裂施工-4井压力监测.xlsx,3-7-4,10801.0,2.0,已提取,1个通道
E:\压裂窜扰项目\02 规范化\阳101H33\阳101H33 邻井压力监测\阳101H33-3-7段压裂施工-邻井压力监测.xlsx,三井第七段压裂邻井监测,10805.0,7.0,已提取,1个通道
E:\压裂窜扰项目\02 规范化\阳101H33\阳101H33 邻井压力监测\阳101H33-3-8段压裂施工-2井压力监测.xlsx,3-8-2,14401.0,2.0,已提取,1个通道
E:\压裂窜扰项目\02 规范化\阳101H33\阳101H33 邻井压力监测\阳101H33-3-8段压裂施工-4井压力监测.xlsx,3-8-4,14401.0,2.0,已提取,1个通道
E:\压裂窜扰项目\02 规范化\阳101H33\阳101H33 邻井压力监测\阳101H33-3-8段压裂施工-邻井压力监测.xlsx,3井8段压裂期间邻井压力监测数据,14405.0,7.0,已提取,2个通道
E:\压裂窜扰项目\02 规范化\阳101H33\阳101H33 邻井压力监测\阳101H33-4-10段压裂施工-邻井压力监测.xlsx,4井第10段压裂期间临井监测数据,12425.0,4.0,已提取,1个通道
E:\压裂窜扰项目\02 规范化\阳101H33\阳101H33 邻井压力监测\阳101H33-4-2段压裂施工-邻井压力监测.xlsx,4井第2段压裂邻井监测数据,14405.0,4.0,已提取,1个通道
E:\压裂窜扰项目\02 规范化\阳101H33\阳101H33 邻井压力监测\阳101H33-4-3段压裂施工-3井压力监测.xlsx,4-3-3,13725.0,2.0,已提取,1个通道
E:\压裂窜扰项目\02 规范化\阳101H33\阳101H33 邻井压力监测\阳101H33-4-3段压裂施工-邻井压力监测.xlsx,四井第三段邻井压裂监测,12605.0,4.0,已提取,1个通道
E:\压裂窜扰项目\02 规范化\阳101H33\阳101H33 邻井压力监测\阳101H33-4-6段压裂施工-3井压力监测.xlsx,4-6-3,18001.0,2.0,已提取,1个通道
E:\压裂窜扰项目\02 规范化\阳101H33\阳101H33 邻井压力监测\阳101H33-4-6段压裂施工-邻井压力监测.xlsx,4井六段压裂邻井监测数据,18005.0,4.0,已提取,1个通道
E:\压裂窜扰项目\02 规范化\阳101H33\阳101H33 邻井压力监测\阳101H33-4-7段压裂施工-邻井压力监测.xlsx,4井7段压裂邻井监测数据,18005.0,4.0,已提取,1个通道
E:\压裂窜扰项目\02 规范化\阳101H33\阳101H33 邻井压力监测\阳101H33-4-8段压裂施工-3井压力监测.xlsx,4-8-3,14401.0,2.0,已提取,1个通道
E:\压裂窜扰项目\02 规范化\阳101H33\阳101H33 邻井压力监测\阳101H33-4-8段压裂施工-邻井压力监测.xlsx,4井8段压裂邻井监测数据,14405.0,4.0,已提取,1个通道
E:\压裂窜扰项目\02 规范化\阳101H33\阳101H33 邻井压力监测\阳101H33-4-9段压裂施工-邻井压力监测.xlsx,4井9段压裂期间邻井监测数据,14405.0,4.0,已提取,1个通道
E:\压裂窜扰项目\02 规范化\阳101H33\阳101H33 邻井压力监测\阳101H33-matlab_H33-1.xlsx,1-10-2,14401.0,2.0,已提取,1个通道
E:\压裂窜扰项目\02 规范化\阳101H33\阳101H33 邻井压力监测\阳101H33-matlab_H33-2.xlsx,2-6-1,16201.0,2.0,已提取,1个通道
E:\压裂窜扰项目\02 规范化\阳101H33\阳101H33 邻井压力监测\阳101H33-matlab_H33-2.xlsx,2-7-1,14401.0,2.0,已提取,1个通道
E:\压裂窜扰项目\02 规范化\阳101H33\阳101H33 邻井压力监测\阳101H33-matlab_H33-2.xlsx,2-7-3,14401.0,2.0,已提取,1个通道
E:\压裂窜扰项目\02 规范化\阳101H33\阳101H33 邻井压力监测\阳101H33-matlab_H33-2.xlsx,2-2-1,9061.0,2.0,已提取,1个通道
E:\压裂窜扰项目\02 规范化\阳101H33\阳101H33 邻井压力监测\阳101H33-matlab_H33-2.xlsx,2-3-1,10861.0,2.0,已提取,1个通道
E:\压裂窜扰项目\02 规范化\阳101H33\阳101H33 邻井压力监测\阳101H33-matlab_H33-2.xlsx,2-6-3,16201.0,2.0,已提取,1个通道
E:\压裂窜扰项目\02 规范化\阳101H33\阳101H33 邻井压力监测\阳101H33-matlab_H33-3.xlsx,3-8-2,14401.0,2.0,已提取,1个通道
E:\压裂窜扰项目\02 规范化\阳101H33\阳101H33 邻井压力监测\阳101H33-matlab_H33-3.xlsx,3-8-4,14401.0,2.0,已提取,1个通道
E:\压裂窜扰项目\02 规范化\阳101H33\阳101H33 邻井压力监测\阳101H33-matlab_H33-3.xlsx,3-10-4,16201.0,2.0,已提取,1个通道
E:\压裂窜扰项目\02 规范化\阳101H33\阳101H33 邻井压力监测\阳101H33-matlab_H33-3.xlsx,3-5-1,14401.0,2.0,已提取,1个通道
E:\压裂窜扰项目\02 规范化\阳101H33\阳101H33 邻井压力监测\阳101H33-matlab_H33-3.xlsx,3-5-2,14401.0,2.0,已提取,1个通道
E:\压裂窜扰项目\02 规范化\阳101H33\阳101H33 邻井压力监测\阳101H33-matlab_H33-3.xlsx,3-7-2,10801.0,2.0,已提取,1个通道
E:\压裂窜扰项目\02 规范化\阳101H33\阳101H33 邻井压力监测\阳101H33-matlab_H33-3.xlsx,3-7-4,10801.0,2.0,已提取,1个通道
E:\压裂窜扰项目\02 规范化\阳101H33\阳101H33 邻井压力监测\阳101H33-matlab_H33-3.xlsx,3-4-1,14401.0,3.0,已提取,1个通道
E:\压裂窜扰项目\02 规范化\阳101H33\阳101H33 邻井压力监测\阳101H33-matlab_H33-3.xlsx,3-4-2,14401.0,2.0,已提取,1个通道
E:\压裂窜扰项目\02 规范化\阳101H33\阳101H33 邻井压力监测\阳101H33-matlab_H33-3.xlsx,3-4-4,14400.0,2.0,已提取,1个通道
E:\压裂窜扰项目\02 规范化\阳101H33\阳101H33 邻井压力监测\阳101H33-matlab_H33-3.xlsx,3-5-4,14401.0,2.0,已提取,1个通道
E:\压裂窜扰项目\02 规范化\阳101H33\阳101H33 邻井压力监测\阳101H33-matlab_H33-3.xlsx,3-6-4,14312.0,2.0,已提取,1个通道
E:\压裂窜扰项目\02 规范化\阳101H33\阳101H33 邻井压力监测\阳101H33-matlab_H33-4.xlsx,4-6-3,18001.0,2.0,已提取,1个通道
E:\压裂窜扰项目\02 规范化\阳101H33\阳101H33 邻井压力监测\阳101H33-matlab_H33-4.xlsx,4-8-3,14401.0,2.0,已提取,1个通道
E:\压裂窜扰项目\02 规范化\阳101H33\阳101H33 邻井压力监测\阳101H33-matlab_H33-4.xlsx,4-3-3,13725.0,2.0,已提取,1个通道
E:\压裂窜扰项目\02 规范化\阳101H34\阳101H34 邻井压力监测\阳101H34-1-13段压裂施工-2井秒点压力监测.xls,导出数据,9544.0,2.0,已提取,1个通道
E:\压裂窜扰项目\02 规范化\阳101H34\阳101H34 邻井压力监测\阳101H34-1-13段压裂施工-3井秒点压力监测.xls,导出数据,9544.0,2.0,已提取,1个通道
E:\压裂窜扰项目\02 规范化\阳101H34\阳101H34 邻井压力监测\阳101H34-1-14段压裂施工-2井秒点压力监测.xls,导出数据,11644.0,2.0,已提取,1个通道
E:\压裂窜扰项目\02 规范化\阳101H34\阳101H34 邻井压力监测\阳101H34-1-14段压裂施工-3井秒点压力监测.xls,导出数据,11644.0,2.0,已提取,1个通道
E:\压裂窜扰项目\02 规范化\阳101H34\阳101H34 邻井压力监测\阳101H34-1-16段压裂施工-2井秒点压力监测.xls,导出数据,8644.0,2.0,已提取,1个通道
E:\压裂窜扰项目\02 规范化\阳101H34\阳101H34 邻井压力监测\阳101H34-1-17段压裂施工-2井秒点压力监测.xls,导出数据,8704.0,2.0,已提取,1个通道
E:\压裂窜扰项目\02 规范化\阳101H34\阳101H34 邻井压力监测\阳101H34-1-8段压裂施工-2井秒点压力监测.xls,导出数据,11404.0,2.0,已提取,1个通道
E:\压裂窜扰项目\02 规范化\阳101H34\阳101H34 邻井压力监测\阳101H34-2-10段压裂施工-1井秒点压力监测.xls,导出数据,10504.0,2.0,已提取,1个通道
E:\压裂窜扰项目\02 规范化\阳101H34\阳101H34 邻井压力监测\阳101H34-2-10段压裂施工-3井秒点压力监测.xls,导出数据,10504.0,2.0,已提取,1个通道
E:\压裂窜扰项目\02 规范化\阳101H34\阳101H34 邻井压力监测\阳101H34-2-10段压裂施工-4井秒点压力监测.xls,导出数据,10504.0,2.0,已提取,1个通道
E:\压裂窜扰项目\02 规范化\阳101H34\阳101H34 邻井压力监测\阳101H34-2-12段压裂施工-1井秒点压力监测.xls,导出数据,9004.0,2.0,已提取,1个通道
E:\压裂窜扰项目\02 规范化\阳101H34\阳101H34 邻井压力监测\阳101H34-2-12段压裂施工-3井秒点压力监测.xls,导出数据,9004.0,2.0,已提取,1个通道
E:\压裂窜扰项目\02 规范化\阳101H34\阳101H34 邻井压力监测\阳101H34-2-13段压裂施工-1井秒点压力监测.xls,导出数据,9964.0,2.0,已提取,1个通道
E:\压裂窜扰项目\02 规范化\阳101H34\阳101H34 邻井压力监测\阳101H34-2-16段压裂施工-1井秒点压力监测.xls,导出数据,8104.0,2.0,已提取,1个通道
E:\压裂窜扰项目\02 规范化\阳101H34\阳101H34 邻井压力监测\阳101H34-2-16段压裂施工-3井秒点压力监测.xls,导出数据,8104.0,2.0,已提取,1个通道
E:\压裂窜扰项目\02 规范化\阳101H34\阳101H34 邻井压力监测\阳101H34-2-17段压裂施工-3井秒点压力监测.xls,导出数据,10084.0,2.0,已提取,1个通道
E:\压裂窜扰项目\02 规范化\阳101H34\阳101H34 邻井压力监测\阳101H34-2-17段压裂施工-4井秒点压力监测.xls,导出数据,10084.0,2.0,已提取,1个通道
E:\压裂窜扰项目\02 规范化\阳101H34\阳101H34 邻井压力监测\阳101H34-2-18段压裂施工-1井秒点压力监测.xls,导出数据,9724.0,2.0,已提取,1个通道
E:\压裂窜扰项目\02 规范化\阳101H34\阳101H34 邻井压力监测\阳101H34-2-18段压裂施工-3井秒点压力监测.xls,导出数据,9724.0,2.0,已提取,1个通道
E:\压裂窜扰项目\02 规范化\阳101H34\阳101H34 邻井压力监测\阳101H34-2-18段压裂施工-4井秒点压力监测.xls,导出数据,9724.0,2.0,已提取,1个通道
E:\压裂窜扰项目\02 规范化\阳101H34\阳101H34 邻井压力监测\阳101H34-2-20段压裂施工-1井秒点压力监测.xls,导出数据,14404.0,2.0,已提取,1个通道
E:\压裂窜扰项目\02 规范化\阳101H34\阳101H34 邻井压力监测\阳101H34-2-20段压裂施工-3井秒点压力监测.xls,导出数据,14404.0,2.0,已提取,1个通道
E:\压裂窜扰项目\02 规范化\阳101H34\阳101H34 邻井压力监测\阳101H34-2-21段压裂施工-1井秒点压力监测.xls,导出数据,5044.0,2.0,已提取,1个通道
E:\压裂窜扰项目\02 规范化\阳101H34\阳101H34 邻井压力监测\阳101H34-2-21段压裂施工-3井秒点压力监测.xls,导出数据,5044.0,2.0,已提取,1个通道
E:\压裂窜扰项目\02 规范化\阳101H34\阳101H34 邻井压力监测\阳101H34-2-22段压裂施工-1井秒点压力监测.xls,导出数据,10444.0,2.0,已提取,1个通道
E:\压裂窜扰项目\02 规范化\阳101H34\阳101H34 邻井压力监测\阳101H34-2-22段压裂施工-3井秒点压力监测.xls,导出数据,10444.0,2.0,已提取,1个通道
E:\压裂窜扰项目\02 规范化\阳101H34\阳101H34 邻井压力监测\阳101H34-2-23段压裂施工-1井秒点压力监测.xls,导出数据,9424.0,2.0,已提取,1个通道
E:\压裂窜扰项目\02 规范化\阳101H34\阳101H34 邻井压力监测\阳101H34-2-23段压裂施工-3井秒点压力监测.xls,导出数据,9424.0,2.0,已提取,1个通道
E:\压裂窜扰项目\02 规范化\阳101H34\阳101H34 邻井压力监测\阳101H34-2-4段压裂施工-3井秒点压力监测.xlsx,导出数据,14824.0,2.0,已提取,1个通道
E:\压裂窜扰项目\02 规范化\阳101H34\阳101H34 邻井压力监测\阳101H34-2-4段压裂施工-4井秒点压力监测.xlsx,导出数据,14824.0,2.0,已提取,1个通道
E:\压裂窜扰项目\02 规范化\阳101H34\阳101H34 邻井压力监测\阳101H34-2-5段压裂施工-3井秒点压力监测.xls,导出数据,10504.0,2.0,已提取,1个通道
E:\压裂窜扰项目\02 规范化\阳101H34\阳101H34 邻井压力监测\阳101H34-2-7段压裂施工-3井秒点压力监测.xls,导出数据,10804.0,2.0,已提取,1个通道
E:\压裂窜扰项目\02 规范化\阳101H34\阳101H34 邻井压力监测\阳101H34-2-7段压裂施工-6井秒点压力监测.xls,导出数据,10804.0,2.0,已提取,1个通道
E:\压裂窜扰项目\02 规范化\阳101H34\阳101H34 邻井压力监测\阳101H34-2-8段压裂施工-1井秒点压力监测.xls,导出数据,9604.0,2.0,已提取,1个通道
E:\压裂窜扰项目\02 规范化\阳101H34\阳101H34 邻井压力监测\阳101H34-2-8段压裂施工-3井秒点压力监测.xls,导出数据,9604.0,2.0,已提取,1个通道
E:\压裂窜扰项目\02 规范化\阳101H34\阳101H34 邻井压力监测\阳101H34-2-8段压裂施工-4井秒点压力监测.xls,导出数据,9604.0,2.0,已提取,1个通道
E:\压裂窜扰项目\02 规范化\阳101H34\阳101H34 邻井压力监测\阳101H34-2-9段压裂施工-1井秒点压力监测.xls,导出数据,10204.0,2.0,已提取,1个通道
E:\压裂窜扰项目\02 规范化\阳101H34\阳101H34 邻井压力监测\阳101H34-2-9段压裂施工-3井秒点压力监测.xls,导出数据,10204.0,2.0,已提取,1个通道
E:\压裂窜扰项目\02 规范化\阳101H34\阳101H34 邻井压力监测\阳101H34-2-9段压裂施工-4井秒点压力监测.xls,导出数据,10204.0,2.0,已提取,1个通道
E:\压裂窜扰项目\02 规范化\阳101H34\阳101H34 邻井压力监测\阳101H34-3-10段压裂施工-1井秒点压力监测.xls,导出数据,10504.0,2.0,已提取,1个通道
E:\压裂窜扰项目\02 规范化\阳101H34\阳101H34 邻井压力监测\阳101H34-3-10段压裂施工-2井秒点压力监测.xls,导出数据,10504.0,2.0,已提取,1个通道
E:\压裂窜扰项目\02 规范化\阳101H34\阳101H34 邻井压力监测\阳101H34-3-10段压裂施工-4井秒点压力监测.xls,导出数据,10504.0,2.0,已提取,1个通道
E:\压裂窜扰项目\02 规范化\阳101H34\阳101H34 邻井压力监测\阳101H34-3-13段压裂施工-4井秒点压力监测.xls,导出数据,9604.0,2.0,已提取,1个通道
E:\压裂窜扰项目\02 规范化\阳101H34\阳101H34 邻井压力监测\阳101H34-3-14段压裂施工-4井秒点压力监测.xls,导出数据,13924.0,2.0,已提取,1个通道
E:\压裂窜扰项目\02 规范化\阳101H34\阳101H34 邻井压力监测\阳101H34-3-15段压裂施工-4井秒点压力监测.xls,导出数据,9604.0,2.0,已提取,1个通道
E:\压裂窜扰项目\02 规范化\阳101H34\阳101H34 邻井压力监测\阳101H34-3-16段压裂施工-4井秒点压力监测.xls,导出数据,13204.0,2.0,已提取,1个通道
E:\压裂窜扰项目\02 规范化\阳101H34\阳101H34 邻井压力监测\阳101H34-3-17段压裂施工-2井秒点压力监测.xls,导出数据,8404.0,2.0,已提取,1个通道
E:\压裂窜扰项目\02 规范化\阳101H34\阳101H34 邻井压力监测\阳101H34-3-17段压裂施工-4井秒点压力监测.xls,导出数据,8404.0,2.0,已提取,1个通道
E:\压裂窜扰项目\02 规范化\阳101H34\阳101H34 邻井压力监测\阳101H34-3-18段压裂施工-2井秒点压力监测.xls,导出数据,13204.0,2.0,已提取,1个通道
E:\压裂窜扰项目\02 规范化\阳101H34\阳101H34 邻井压力监测\阳101H34-3-18段压裂施工-4井秒点压力监测.xls,导出数据,13204.0,2.0,已提取,1个通道
E:\压裂窜扰项目\02 规范化\阳101H34\阳101H34 邻井压力监测\阳101H34-3-19段压裂施工-2井秒点压力监测.xls,导出数据,16324.0,2.0,已提取,1个通道
E:\压裂窜扰项目\02 规范化\阳101H34\阳101H34 邻井压力监测\阳101H34-3-19段压裂施工-4井秒点压力监测.xls,导出数据,16324.0,2.0,已提取,1个通道
E:\压裂窜扰项目\02 规范化\阳101H34\阳101H34 邻井压力监测\阳101H34-3-20段压裂施工-2、4井秒点压力监测.xls,导出数据,8644.0,3.0,已提取,2个通道
E:\压裂窜扰项目\02 规范化\阳101H34\阳101H34 邻井压力监测\阳101H34-3-21段压裂施工-2井秒点压力监测.xls,导出数据,11584.0,2.0,已提取,1个通道
E:\压裂窜扰项目\02 规范化\阳101H34\阳101H34 邻井压力监测\阳101H34-3-21段压裂施工-4井秒点压力监测.xls,导出数据,11584.0,2.0,已提取,1个通道
E:\压裂窜扰项目\02 规范化\阳101H34\阳101H34 邻井压力监测\阳101H34-3-22段压裂施工-2井秒点压力监测.xls,导出数据,7264.0,2.0,已提取,1个通道
E:\压裂窜扰项目\02 规范化\阳101H34\阳101H34 邻井压力监测\阳101H34-3-22段压裂施工-4井秒点压力监测.xls,导出数据,7264.0,2.0,已提取,1个通道
E:\压裂窜扰项目\02 规范化\阳101H34\阳101H34 邻井压力监测\阳101H34-3-23段压裂施工-2井秒点压力监测.xls,导出数据,12004.0,2.0,已提取,1个通道
E:\压裂窜扰项目\02 规范化\阳101H34\阳101H34 邻井压力监测\阳101H34-3-23段压裂施工-4井秒点压力监测.xls,导出数据,12004.0,2.0,已提取,1个通道
E:\压裂窜扰项目\02 规范化\阳101H34\阳101H34 邻井压力监测\阳101H34-3-25段压裂施工-2、4井秒点压力监测.xlsx,导出数据,5584.0,3.0,已提取,2个通道
E:\压裂窜扰项目\02 规范化\阳101H34\阳101H34 邻井压力监测\阳101H34-3-2段压裂施工-2井秒点压力监测.xls,导出数据,17104.0,2.0,已提取,1个通道
E:\压裂窜扰项目\02 规范化\阳101H34\阳101H34 邻井压力监测\阳101H34-3-3段压裂施工-2井秒点压力监测.xls,导出数据,13504.0,2.0,已提取,1个通道
E:\压裂窜扰项目\02 规范化\阳101H34\阳101H34 邻井压力监测\阳101H34-3-3段压裂施工-4井秒点压力监测.xls,导出数据,13504.0,2.0,已提取,1个通道
E:\压裂窜扰项目\02 规范化\阳101H34\阳101H34 邻井压力监测\阳101H34-3-4段压裂施工-2井秒点压力监测.xls,导出数据,11044.0,2.0,已提取,1个通道
E:\压裂窜扰项目\02 规范化\阳101H34\阳101H34 邻井压力监测\阳101H34-3-4段压裂施工-4井秒点压力监测.xls,导出数据,11044.0,2.0,已提取,1个通道
E:\压裂窜扰项目\02 规范化\阳101H34\阳101H34 邻井压力监测\阳101H34-3-5段压裂施工-4井秒点压力监测.xls,导出数据,12004.0,2.0,已提取,1个通道
E:\压裂窜扰项目\02 规范化\阳101H34\阳101H34 邻井压力监测\阳101H34-3-6段压裂施工-2井秒点压力监测.xls,导出数据,11404.0,2.0,已提取,1个通道
E:\压裂窜扰项目\02 规范化\阳101H34\阳101H34 邻井压力监测\阳101H34-3-7段压裂施工-2井秒点压力监测.xls,导出数据,10624.0,2.0,已提取,1个通道
E:\压裂窜扰项目\02 规范化\阳101H34\阳101H34 邻井压力监测\阳101H34-3-7段压裂施工-4井秒点压力监测.xls,导出数据,10624.0,2.0,已提取,1个通道
E:\压裂窜扰项目\02 规范化\阳101H34\阳101H34 邻井压力监测\阳101H34-3-8段压裂施工-1井秒点压力监测.xls,导出数据,14704.0,2.0,已提取,1个通道
E:\压裂窜扰项目\02 规范化\阳101H34\阳101H34 邻井压力监测\阳101H34-3-8段压裂施工-2井秒点压力监测.xls,导出数据,14704.0,2.0,已提取,1个通道
E:\压裂窜扰项目\02 规范化\阳101H34\阳101H34 邻井压力监测\阳101H34-3-8段压裂施工-4井秒点压力监测.xls,导出数据,14704.0,2.0,已提取,1个通道
E:\压裂窜扰项目\02 规范化\阳101H34\阳101H34 邻井压力监测\阳101H34-4-10段压裂施工-3井秒点压力监测.xls,导出数据,8764.0,2.0,已提取,1个通道
E:\压裂窜扰项目\02 规范化\阳101H34\阳101H34 邻井压力监测\阳101H34-4-11段压裂施工-3井秒点压力监测.xls,导出数据,10144.0,2.0,已提取,1个通道
E:\压裂窜扰项目\02 规范化\阳101H34\阳101H34 邻井压力监测\阳101H34-4-12段压裂施工-2井秒点压力监测.xls,导出数据,6604.0,2.0,已提取,1个通道
E:\压裂窜扰项目\02 规范化\阳101H34\阳101H34 邻井压力监测\阳101H34-4-12段压裂施工-3井秒点压力监测.xls,导出数据,6604.0,2.0,已提取,1个通道
E:\压裂窜扰项目\02 规范化\阳101H34\阳101H34 邻井压力监测\阳101H34-4-13段压裂施工-2、3井秒点压力监测.xls,导出数据,17404.0,3.0,已提取,2个通道
E:\压裂窜扰项目\02 规范化\阳101H34\阳101H34 邻井压力监测\阳101H34-4-14段压裂施工-2井秒点压力监测.xls,导出数据,17104.0,2.0,已提取,1个通道
E:\压裂窜扰项目\02 规范化\阳101H34\阳101H34 邻井压力监测\阳101H34-4-14段压裂施工-3井秒点压力监测.xls,导出数据,17104.0,2.0,已提取,1个通道
E:\压裂窜扰项目\02 规范化\阳101H34\阳101H34 邻井压力监测\阳101H34-4-15段压裂施工-2井秒点压力监测.xls,导出数据,14344.0,2.0,已提取,1个通道
E:\压裂窜扰项目\02 规范化\阳101H34\阳101H34 邻井压力监测\阳101H34-4-15段压裂施工-3井秒点压力监测.xls,导出数据,14344.0,2.0,已提取,1个通道
E:\压裂窜扰项目\02 规范化\阳101H34\阳101H34 邻井压力监测\阳101H34-4-16段压裂施工-3井秒点压力监测.xls,导出数据,13264.0,2.0,已提取,1个通道
E:\压裂窜扰项目\02 规范化\阳101H34\阳101H34 邻井压力监测\阳101H34-4-18段压裂施工-3井秒点压力监测.xls,导出数据,9004.0,2.0,已提取,1个通道
E:\压裂窜扰项目\02 规范化\阳101H34\阳101H34 邻井压力监测\阳101H34-4-22段压裂施工-3井秒点压力监测.xls,导出数据,5044.0,2.0,已提取,1个通道
E:\压裂窜扰项目\02 规范化\阳101H34\阳101H34 邻井压力监测\阳101H34-4-4段压裂施工-2井秒点压力监测.xls,导出数据,12604.0,2.0,已提取,1个通道
E:\压裂窜扰项目\02 规范化\阳101H34\阳101H34 邻井压力监测\阳101H34-4-4段压裂施工-3井秒点压力监测.xls,导出数据,12604.0,2.0,已提取,1个通道
E:\压裂窜扰项目\02 规范化\阳101H34\阳101H34 邻井压力监测\阳101H34-4-5段压裂施工-2井秒点压力监测.xls,导出数据,10804.0,2.0,已提取,1个通道
E:\压裂窜扰项目\02 规范化\阳101H34\阳101H34 邻井压力监测\阳101H34-4-5段压裂施工-3井秒点压力监测.xls,导出数据,10804.0,2.0,已提取,1个通道
E:\压裂窜扰项目\02 规范化\阳101H34\阳101H34 邻井压力监测\阳101H34-4-6段压裂施工-2井秒点压力监测.xls,导出数据,15604.0,2.0,已提取,1个通道
E:\压裂窜扰项目\02 规范化\阳101H34\阳101H34 邻井压力监测\阳101H34-4-6段压裂施工-3井秒点压力监测.xls,导出数据,15604.0,2.0,已提取,1个通道
E:\压裂窜扰项目\02 规范化\阳101H34\阳101H34 邻井压力监测\阳101H34-4-7段压裂施工-2井秒点压力监测.xls,导出数据,10684.0,2.0,已提取,1个通道
E:\压裂窜扰项目\02 规范化\阳101H34\阳101H34 邻井压力监测\阳101H34-4-7段压裂施工-3井秒点压力监测.xls,导出数据,10684.0,2.0,已提取,1个通道
E:\压裂窜扰项目\02 规范化\阳101H34\阳101H34 邻井压力监测\阳101H34-4-8段压裂施工-3井秒点压力监测.xls,导出数据,8704.0,2.0,已提取,1个通道
E:\压裂窜扰项目\02 规范化\阳101H34\阳101H34 邻井压力监测\阳101H34-5-5段压裂施工-6井秒点压力监测.xls,导出数据,14644.0,2.0,已提取,1个通道
E:\压裂窜扰项目\02 规范化\阳101H34\阳101H34 邻井压力监测\阳101H34-5-6段压裂施工-6井秒点压力监测.xls,导出数据,10384.0,2.0,已提取,1个通道
E:\压裂窜扰项目\02 规范化\阳101H34\阳101H34 邻井压力监测\阳101H34-5-9段压裂施工-6井秒点压力监测.xls,导出数据,10984.0,2.0,已提取,1个通道
E:\压裂窜扰项目\02 规范化\阳101H34\阳101H34 邻井压力监测\阳101H34-6-10段压裂施工-5井秒点压力监测.xls,导出数据,8464.0,2.0,已提取,1个通道
E:\压裂窜扰项目\02 规范化\阳101H34\阳101H34 邻井压力监测\阳101H34-6-2段压裂施工-5井秒点压力监测.xlsx,导出数据,11104.0,2.0,已提取,1个通道
E:\压裂窜扰项目\02 规范化\阳101H34\阳101H34 邻井压力监测\阳101H34-6-4段压裂施工-5井秒点压力监测.xls,导出数据,13204.0,2.0,已提取,1个通道
E:\压裂窜扰项目\02 规范化\阳101H34\阳101H34 邻井压力监测\阳101H34-6-5段压裂施工-5井秒点压力监测.xls,导出数据,8644.0,2.0,已提取,1个通道
E:\压裂窜扰项目\02 规范化\阳101H34\阳101H34 邻井压力监测\阳101H34-6-6段压裂施工-5井秒点压力监测.xls,导出数据,10384.0,2.0,已提取,1个通道
E:\压裂窜扰项目\02 规范化\阳101H34\阳101H34 邻井压力监测\阳101H34-6-8段压裂施工-5井秒点压力监测.xls,导出数据,11884.0,2.0,已提取,1个通道
E:\压裂窜扰项目\02 规范化\阳101H34\阳101H34 邻井压力监测\阳101H34-6-9段压裂施工-5井秒点压力监测.xls,导出数据,11764.0,2.0,已提取,1个通道
E:\压裂窜扰项目\02 规范化\阳101H34\阳101H34 邻井压力监测\阳101H34_2井首段压裂过程3井压力上涨秒点.xlsx,导出数据,11104.0,2.0,已提取,1个通道
E:\压裂窜扰项目\02 规范化\阳101H35\阳101H35 邻井压力监测\1井压裂期间邻井压力检测_1井第10段 压裂质量数量监控表（邻井压力、井口、砂量）.xlsx,1.邻井压力监测表,19.0,25.0,已提取,3个通道
E:\压裂窜扰项目\02 规范化\阳101H35\阳101H35 邻井压力监测\1井压裂期间邻井压力检测_1井第10段 压裂质量数量监控表（邻井压力、井口、砂量）.xlsx,2.井口阀门监控表,19.0,11.0,非时序压力表,工况、数量或阶段汇总表
E:\压裂窜扰项目\02 规范化\阳101H35\阳101H35 邻井压力监测\1井压裂期间邻井压力检测_1井第10段 压裂质量数量监控表（邻井压力、井口、砂量）.xlsx,3.液量、砂量核实表,65.0,24.0,非时序压力表,工况、数量或阶段汇总表
E:\压裂窜扰项目\02 规范化\阳101H35\阳101H35 邻井压力监测\1井压裂期间邻井压力检测_1井第11段 压裂质量数量监控表（邻井压力、井口、砂量）.xlsx,1.邻井压力监测表,21.0,25.0,已提取,3个通道
E:\压裂窜扰项目\02 规范化\阳101H35\阳101H35 邻井压力监测\1井压裂期间邻井压力检测_1井第11段 压裂质量数量监控表（邻井压力、井口、砂量）.xlsx,2.井口阀门监控表,20.0,11.0,非时序压力表,工况、数量或阶段汇总表
E:\压裂窜扰项目\02 规范化\阳101H35\阳101H35 邻井压力监测\1井压裂期间邻井压力检测_1井第11段 压裂质量数量监控表（邻井压力、井口、砂量）.xlsx,3.液量、砂量核实表,65.0,24.0,非时序压力表,工况、数量或阶段汇总表
E:\压裂窜扰项目\02 规范化\阳101H35\阳101H35 邻井压力监测\1井压裂期间邻井压力检测_1井第12段 压裂质量数量监控表（邻井压力、井口、砂量）.xlsx,1.邻井压力监测表,17.0,25.0,已提取,3个通道
E:\压裂窜扰项目\02 规范化\阳101H35\阳101H35 邻井压力监测\1井压裂期间邻井压力检测_1井第12段 压裂质量数量监控表（邻井压力、井口、砂量）.xlsx,2.井口阀门监控表,16.0,11.0,非时序压力表,工况、数量或阶段汇总表
E:\压裂窜扰项目\02 规范化\阳101H35\阳101H35 邻井压力监测\1井压裂期间邻井压力检测_1井第12段 压裂质量数量监控表（邻井压力、井口、砂量）.xlsx,3.液量、砂量核实表,65.0,24.0,非时序压力表,工况、数量或阶段汇总表
E:\压裂窜扰项目\02 规范化\阳101H35\阳101H35 邻井压力监测\1井压裂期间邻井压力检测_1井第13段 压裂质量数量监控表（邻井压力、井口、砂量） .xlsx,1.邻井压力监测表,17.0,25.0,已提取,3个通道
E:\压裂窜扰项目\02 规范化\阳101H35\阳101H35 邻井压力监测\1井压裂期间邻井压力检测_1井第13段 压裂质量数量监控表（邻井压力、井口、砂量） .xlsx,2.井口阀门监控表,16.0,11.0,非时序压力表,工况、数量或阶段汇总表
E:\压裂窜扰项目\02 规范化\阳101H35\阳101H35 邻井压力监测\1井压裂期间邻井压力检测_1井第13段 压裂质量数量监控表（邻井压力、井口、砂量） .xlsx,3.液量、砂量核实表,65.0,24.0,非时序压力表,工况、数量或阶段汇总表
E:\压裂窜扰项目\02 规范化\阳101H35\阳101H35 邻井压力监测\1井压裂期间邻井压力检测_1井第14段 压裂质量数量监控表（邻井压力、井口、砂量）  .xlsx,1.邻井压力监测表,23.0,25.0,已提取,3个通道
E:\压裂窜扰项目\02 规范化\阳101H35\阳101H35 邻井压力监测\1井压裂期间邻井压力检测_1井第14段 压裂质量数量监控表（邻井压力、井口、砂量）  .xlsx,2.井口阀门监控表,16.0,11.0,非时序压力表,工况、数量或阶段汇总表
E:\压裂窜扰项目\02 规范化\阳101H35\阳101H35 邻井压力监测\1井压裂期间邻井压力检测_1井第14段 压裂质量数量监控表（邻井压力、井口、砂量）  .xlsx,3.液量、砂量核实表,65.0,24.0,非时序压力表,工况、数量或阶段汇总表
E:\压裂窜扰项目\02 规范化\阳101H35\阳101H35 邻井压力监测\1井压裂期间邻井压力检测_1井第15段 压裂质量数量监控表（邻井压力、井口、砂量）.xlsx,1.邻井压力监测表,30.0,25.0,已提取,3个通道
E:\压裂窜扰项目\02 规范化\阳101H35\阳101H35 邻井压力监测\1井压裂期间邻井压力检测_1井第15段 压裂质量数量监控表（邻井压力、井口、砂量）.xlsx,2.井口阀门监控表,16.0,11.0,非时序压力表,工况、数量或阶段汇总表
E:\压裂窜扰项目\02 规范化\阳101H35\阳101H35 邻井压力监测\1井压裂期间邻井压力检测_1井第15段 压裂质量数量监控表（邻井压力、井口、砂量）.xlsx,3.液量、砂量核实表,65.0,24.0,非时序压力表,工况、数量或阶段汇总表
E:\压裂窜扰项目\02 规范化\阳101H35\阳101H35 邻井压力监测\1井压裂期间邻井压力检测_1井第16段 压裂质量数量监控表（邻井压力、井口、砂量）.xlsx,1.邻井压力监测表,30.0,25.0,已提取,3个通道
E:\压裂窜扰项目\02 规范化\阳101H35\阳101H35 邻井压力监测\1井压裂期间邻井压力检测_1井第16段 压裂质量数量监控表（邻井压力、井口、砂量）.xlsx,2.井口阀门监控表,16.0,11.0,非时序压力表,工况、数量或阶段汇总表
E:\压裂窜扰项目\02 规范化\阳101H35\阳101H35 邻井压力监测\1井压裂期间邻井压力检测_1井第16段 压裂质量数量监控表（邻井压力、井口、砂量）.xlsx,3.液量、砂量核实表,65.0,24.0,非时序压力表,工况、数量或阶段汇总表
E:\压裂窜扰项目\02 规范化\阳101H35\阳101H35 邻井压力监测\1井压裂期间邻井压力检测_1井第17段 压裂质量数量监控表（邻井压力、井口、砂量）.xlsx,1.邻井压力监测表,30.0,25.0,已提取,3个通道
E:\压裂窜扰项目\02 规范化\阳101H35\阳101H35 邻井压力监测\1井压裂期间邻井压力检测_1井第17段 压裂质量数量监控表（邻井压力、井口、砂量）.xlsx,2.井口阀门监控表,16.0,11.0,非时序压力表,工况、数量或阶段汇总表
E:\压裂窜扰项目\02 规范化\阳101H35\阳101H35 邻井压力监测\1井压裂期间邻井压力检测_1井第17段 压裂质量数量监控表（邻井压力、井口、砂量）.xlsx,3.液量、砂量核实表,65.0,24.0,非时序压力表,工况、数量或阶段汇总表
E:\压裂窜扰项目\02 规范化\阳101H35\阳101H35 邻井压力监测\1井压裂期间邻井压力检测_1井第18段 压裂质量数量监控表（邻井压力、井口、砂量）.xlsx,1.邻井压力监测表,30.0,25.0,已提取,3个通道
E:\压裂窜扰项目\02 规范化\阳101H35\阳101H35 邻井压力监测\1井压裂期间邻井压力检测_1井第18段 压裂质量数量监控表（邻井压力、井口、砂量）.xlsx,2.井口阀门监控表,16.0,11.0,非时序压力表,工况、数量或阶段汇总表
E:\压裂窜扰项目\02 规范化\阳101H35\阳101H35 邻井压力监测\1井压裂期间邻井压力检测_1井第18段 压裂质量数量监控表（邻井压力、井口、砂量）.xlsx,3.液量、砂量核实表,65.0,24.0,非时序压力表,工况、数量或阶段汇总表
E:\压裂窜扰项目\02 规范化\阳101H35\阳101H35 邻井压力监测\1井压裂期间邻井压力检测_1井第19段 压裂质量数量监控表（邻井压力、井口、砂量）.xlsx,1.邻井压力监测表,22.0,25.0,已提取,3个通道
E:\压裂窜扰项目\02 规范化\阳101H35\阳101H35 邻井压力监测\1井压裂期间邻井压力检测_1井第19段 压裂质量数量监控表（邻井压力、井口、砂量）.xlsx,2.井口阀门监控表,16.0,11.0,非时序压力表,工况、数量或阶段汇总表
E:\压裂窜扰项目\02 规范化\阳101H35\阳101H35 邻井压力监测\1井压裂期间邻井压力检测_1井第19段 压裂质量数量监控表（邻井压力、井口、砂量）.xlsx,3.液量、砂量核实表,65.0,24.0,非时序压力表,工况、数量或阶段汇总表
E:\压裂窜扰项目\02 规范化\阳101H35\阳101H35 邻井压力监测\1井压裂期间邻井压力检测_1井第1段 压裂质量数量监控表（邻井压力、井口、砂量）.xlsx,1.邻井压力监测表,22.0,25.0,已提取,3个通道
E:\压裂窜扰项目\02 规范化\阳101H35\阳101H35 邻井压力监测\1井压裂期间邻井压力检测_1井第1段 压裂质量数量监控表（邻井压力、井口、砂量）.xlsx,2.井口阀门监控表,19.0,11.0,非时序压力表,工况、数量或阶段汇总表
E:\压裂窜扰项目\02 规范化\阳101H35\阳101H35 邻井压力监测\1井压裂期间邻井压力检测_1井第1段 压裂质量数量监控表（邻井压力、井口、砂量）.xlsx,3.液量、砂量核实表,65.0,24.0,非时序压力表,工况、数量或阶段汇总表
E:\压裂窜扰项目\02 规范化\阳101H35\阳101H35 邻井压力监测\1井压裂期间邻井压力检测_1井第20段 压裂质量数量监控表（邻井压力、井口、砂量）.xlsx,1.邻井压力监测表,22.0,25.0,已提取,3个通道
E:\压裂窜扰项目\02 规范化\阳101H35\阳101H35 邻井压力监测\1井压裂期间邻井压力检测_1井第20段 压裂质量数量监控表（邻井压力、井口、砂量）.xlsx,2.井口阀门监控表,16.0,11.0,非时序压力表,工况、数量或阶段汇总表
E:\压裂窜扰项目\02 规范化\阳101H35\阳101H35 邻井压力监测\1井压裂期间邻井压力检测_1井第20段 压裂质量数量监控表（邻井压力、井口、砂量）.xlsx,3.液量、砂量核实表,65.0,24.0,非时序压力表,工况、数量或阶段汇总表
E:\压裂窜扰项目\02 规范化\阳101H35\阳101H35 邻井压力监测\1井压裂期间邻井压力检测_1井第21段 压裂质量数量监控表（邻井压力、井口、砂量）.xlsx,1.邻井压力监测表,22.0,25.0,已提取,3个通道
E:\压裂窜扰项目\02 规范化\阳101H35\阳101H35 邻井压力监测\1井压裂期间邻井压力检测_1井第21段 压裂质量数量监控表（邻井压力、井口、砂量）.xlsx,2.井口阀门监控表,16.0,11.0,非时序压力表,工况、数量或阶段汇总表
E:\压裂窜扰项目\02 规范化\阳101H35\阳101H35 邻井压力监测\1井压裂期间邻井压力检测_1井第21段 压裂质量数量监控表（邻井压力、井口、砂量）.xlsx,3.液量、砂量核实表,65.0,24.0,非时序压力表,工况、数量或阶段汇总表
E:\压裂窜扰项目\02 规范化\阳101H35\阳101H35 邻井压力监测\1井压裂期间邻井压力检测_1井第21段 压裂质量数量监控表（邻井压力、井口、砂量）.xlsx,Sheet1,37.0,21.0,未提取压力通道,0个通道
E:\压裂窜扰项目\02 规范化\阳101H35\阳101H35 邻井压力监测\1井压裂期间邻井压力检测_1井第22段 压裂质量数量监控表（邻井压力、井口、砂量）.xlsx,1.邻井压力监测表,18.0,25.0,已提取,3个通道
E:\压裂窜扰项目\02 规范化\阳101H35\阳101H35 邻井压力监测\1井压裂期间邻井压力检测_1井第22段 压裂质量数量监控表（邻井压力、井口、砂量）.xlsx,2.井口阀门监控表,16.0,11.0,非时序压力表,工况、数量或阶段汇总表
E:\压裂窜扰项目\02 规范化\阳101H35\阳101H35 邻井压力监测\1井压裂期间邻井压力检测_1井第22段 压裂质量数量监控表（邻井压力、井口、砂量）.xlsx,3.液量、砂量核实表,65.0,24.0,非时序压力表,工况、数量或阶段汇总表
E:\压裂窜扰项目\02 规范化\阳101H35\阳101H35 邻井压力监测\1井压裂期间邻井压力检测_1井第22段 压裂质量数量监控表（邻井压力、井口、砂量）.xlsx,Sheet1,55.0,14.0,未提取压力通道,0个通道
E:\压裂窜扰项目\02 规范化\阳101H35\阳101H35 邻井压力监测\1井压裂期间邻井压力检测_1井第23段 压裂质量数量监控表（邻井压力、井口、砂量）.xlsx,1.邻井压力监测表,19.0,25.0,已提取,3个通道
E:\压裂窜扰项目\02 规范化\阳101H35\阳101H35 邻井压力监测\1井压裂期间邻井压力检测_1井第23段 压裂质量数量监控表（邻井压力、井口、砂量）.xlsx,2.井口阀门监控表,16.0,11.0,非时序压力表,工况、数量或阶段汇总表
E:\压裂窜扰项目\02 规范化\阳101H35\阳101H35 邻井压力监测\1井压裂期间邻井压力检测_1井第23段 压裂质量数量监控表（邻井压力、井口、砂量）.xlsx,3.液量、砂量核实表,65.0,24.0,非时序压力表,工况、数量或阶段汇总表
E:\压裂窜扰项目\02 规范化\阳101H35\阳101H35 邻井压力监测\1井压裂期间邻井压力检测_1井第23段 压裂质量数量监控表（邻井压力、井口、砂量）.xlsx,Sheet1,62.0,14.0,未提取压力通道,0个通道
E:\压裂窜扰项目\02 规范化\阳101H35\阳101H35 邻井压力监测\1井压裂期间邻井压力检测_1井第2段 压裂质量数量监控表（邻井压力、井口、砂量）.xlsx,1.邻井压力监测表,22.0,25.0,已提取,3个通道
E:\压裂窜扰项目\02 规范化\阳101H35\阳101H35 邻井压力监测\1井压裂期间邻井压力检测_1井第2段 压裂质量数量监控表（邻井压力、井口、砂量）.xlsx,2.井口阀门监控表,19.0,11.0,非时序压力表,工况、数量或阶段汇总表
E:\压裂窜扰项目\02 规范化\阳101H35\阳101H35 邻井压力监测\1井压裂期间邻井压力检测_1井第2段 压裂质量数量监控表（邻井压力、井口、砂量）.xlsx,3.液量、砂量核实表,65.0,24.0,非时序压力表,工况、数量或阶段汇总表
E:\压裂窜扰项目\02 规范化\阳101H35\阳101H35 邻井压力监测\1井压裂期间邻井压力检测_1井第3段 压裂质量数量监控表（邻井压力、井口、砂量）.xlsx,1.邻井压力监测表,22.0,25.0,已提取,3个通道
E:\压裂窜扰项目\02 规范化\阳101H35\阳101H35 邻井压力监测\1井压裂期间邻井压力检测_1井第3段 压裂质量数量监控表（邻井压力、井口、砂量）.xlsx,2.井口阀门监控表,19.0,11.0,非时序压力表,工况、数量或阶段汇总表
E:\压裂窜扰项目\02 规范化\阳101H35\阳101H35 邻井压力监测\1井压裂期间邻井压力检测_1井第3段 压裂质量数量监控表（邻井压力、井口、砂量）.xlsx,3.液量、砂量核实表,65.0,24.0,非时序压力表,工况、数量或阶段汇总表
E:\压裂窜扰项目\02 规范化\阳101H35\阳101H35 邻井压力监测\1井压裂期间邻井压力检测_1井第4段 压裂质量数量监控表（邻井压力、井口、砂量）.xlsx,1.邻井压力监测表,30.0,25.0,已提取,3个通道
E:\压裂窜扰项目\02 规范化\阳101H35\阳101H35 邻井压力监测\1井压裂期间邻井压力检测_1井第4段 压裂质量数量监控表（邻井压力、井口、砂量）.xlsx,2.井口阀门监控表,19.0,11.0,非时序压力表,工况、数量或阶段汇总表
E:\压裂窜扰项目\02 规范化\阳101H35\阳101H35 邻井压力监测\1井压裂期间邻井压力检测_1井第4段 压裂质量数量监控表（邻井压力、井口、砂量）.xlsx,3.液量、砂量核实表,65.0,24.0,非时序压力表,工况、数量或阶段汇总表
E:\压裂窜扰项目\02 规范化\阳101H35\阳101H35 邻井压力监测\1井压裂期间邻井压力检测_1井第5段 压裂质量数量监控表（邻井压力、井口、砂量）.xlsx,1.邻井压力监测表,22.0,25.0,已提取,3个通道
E:\压裂窜扰项目\02 规范化\阳101H35\阳101H35 邻井压力监测\1井压裂期间邻井压力检测_1井第5段 压裂质量数量监控表（邻井压力、井口、砂量）.xlsx,2.井口阀门监控表,19.0,11.0,非时序压力表,工况、数量或阶段汇总表
E:\压裂窜扰项目\02 规范化\阳101H35\阳101H35 邻井压力监测\1井压裂期间邻井压力检测_1井第5段 压裂质量数量监控表（邻井压力、井口、砂量）.xlsx,3.液量、砂量核实表,65.0,24.0,非时序压力表,工况、数量或阶段汇总表
E:\压裂窜扰项目\02 规范化\阳101H35\阳101H35 邻井压力监测\1井压裂期间邻井压力检测_1井第6段 压裂质量数量监控表（邻井压力、井口、砂量）.xlsx,1.邻井压力监测表,45.0,25.0,已提取,3个通道
E:\压裂窜扰项目\02 规范化\阳101H35\阳101H35 邻井压力监测\1井压裂期间邻井压力检测_1井第6段 压裂质量数量监控表（邻井压力、井口、砂量）.xlsx,2.井口阀门监控表,19.0,11.0,非时序压力表,工况、数量或阶段汇总表
E:\压裂窜扰项目\02 规范化\阳101H35\阳101H35 邻井压力监测\1井压裂期间邻井压力检测_1井第6段 压裂质量数量监控表（邻井压力、井口、砂量）.xlsx,3.液量、砂量核实表,65.0,24.0,非时序压力表,工况、数量或阶段汇总表
E:\压裂窜扰项目\02 规范化\阳101H35\阳101H35 邻井压力监测\1井压裂期间邻井压力检测_1井第7段 压裂质量数量监控表（邻井压力、井口、砂量）.xlsx,1.邻井压力监测表,22.0,25.0,已提取,3个通道
E:\压裂窜扰项目\02 规范化\阳101H35\阳101H35 邻井压力监测\1井压裂期间邻井压力检测_1井第7段 压裂质量数量监控表（邻井压力、井口、砂量）.xlsx,2.井口阀门监控表,19.0,11.0,非时序压力表,工况、数量或阶段汇总表
E:\压裂窜扰项目\02 规范化\阳101H35\阳101H35 邻井压力监测\1井压裂期间邻井压力检测_1井第7段 压裂质量数量监控表（邻井压力、井口、砂量）.xlsx,3.液量、砂量核实表,65.0,24.0,非时序压力表,工况、数量或阶段汇总表
E:\压裂窜扰项目\02 规范化\阳101H35\阳101H35 邻井压力监测\1井压裂期间邻井压力检测_1井第8段 压裂质量数量监控表（邻井压力、井口、砂量）.xlsx,1.邻井压力监测表,21.0,25.0,已提取,3个通道
E:\压裂窜扰项目\02 规范化\阳101H35\阳101H35 邻井压力监测\1井压裂期间邻井压力检测_1井第8段 压裂质量数量监控表（邻井压力、井口、砂量）.xlsx,2.井口阀门监控表,19.0,11.0,非时序压力表,工况、数量或阶段汇总表
E:\压裂窜扰项目\02 规范化\阳101H35\阳101H35 邻井压力监测\1井压裂期间邻井压力检测_1井第8段 压裂质量数量监控表（邻井压力、井口、砂量）.xlsx,3.液量、砂量核实表,65.0,24.0,非时序压力表,工况、数量或阶段汇总表
E:\压裂窜扰项目\02 规范化\阳101H35\阳101H35 邻井压力监测\1井压裂期间邻井压力检测_1井第8段 压裂质量数量监控表（邻井压力、井口、砂量）.xlsx,Sheet1,18.0,9.0,解析失败,没有至少5个可解释时间点
E:\压裂窜扰项目\02 规范化\阳101H35\阳101H35 邻井压力监测\1井压裂期间邻井压力检测_1井第9段 压裂质量数量监控表（邻井压力、井口、砂量）.xlsx,1.邻井压力监测表,24.0,25.0,已提取,3个通道
E:\压裂窜扰项目\02 规范化\阳101H35\阳101H35 邻井压力监测\1井压裂期间邻井压力检测_1井第9段 压裂质量数量监控表（邻井压力、井口、砂量）.xlsx,2.井口阀门监控表,23.0,11.0,非时序压力表,工况、数量或阶段汇总表
E:\压裂窜扰项目\02 规范化\阳101H35\阳101H35 邻井压力监测\1井压裂期间邻井压力检测_1井第9段 压裂质量数量监控表（邻井压力、井口、砂量）.xlsx,3.液量、砂量核实表,65.0,24.0,非时序压力表,工况、数量或阶段汇总表
E:\压裂窜扰项目\02 规范化\阳101H35\阳101H35 邻井压力监测\1井压裂期间邻井压力检测_1井第9段 压裂质量数量监控表（邻井压力、井口、砂量）.xlsx,Sheet1,18.0,9.0,解析失败,没有至少5个可解释时间点
E:\压裂窜扰项目\02 规范化\阳101H35\阳101H35 邻井压力监测\2井压裂期间邻井压力检测_2井第10段 压裂质量数量监控表（邻井压力、井口、砂量） .xlsx,1.邻井压力监测表,23.0,24.0,已提取,3个通道
E:\压裂窜扰项目\02 规范化\阳101H35\阳101H35 邻井压力监测\2井压裂期间邻井压力检测_2井第10段 压裂质量数量监控表（邻井压力、井口、砂量） .xlsx,2.井口阀门监控表,21.0,11.0,非时序压力表,工况、数量或阶段汇总表
E:\压裂窜扰项目\02 规范化\阳101H35\阳101H35 邻井压力监测\2井压裂期间邻井压力检测_2井第10段 压裂质量数量监控表（邻井压力、井口、砂量） .xlsx,3.液量、砂量核实表,65.0,24.0,非时序压力表,工况、数量或阶段汇总表
E:\压裂窜扰项目\02 规范化\阳101H35\阳101H35 邻井压力监测\2井压裂期间邻井压力检测_2井第11段 压裂质量数量监控表（邻井压力、井口、砂量）.xlsx,1.邻井压力监测表,23.0,24.0,已提取,3个通道
E:\压裂窜扰项目\02 规范化\阳101H35\阳101H35 邻井压力监测\2井压裂期间邻井压力检测_2井第11段 压裂质量数量监控表（邻井压力、井口、砂量）.xlsx,2.井口阀门监控表,21.0,11.0,非时序压力表,工况、数量或阶段汇总表
E:\压裂窜扰项目\02 规范化\阳101H35\阳101H35 邻井压力监测\2井压裂期间邻井压力检测_2井第11段 压裂质量数量监控表（邻井压力、井口、砂量）.xlsx,3.液量、砂量核实表,65.0,24.0,非时序压力表,工况、数量或阶段汇总表
E:\压裂窜扰项目\02 规范化\阳101H35\阳101H35 邻井压力监测\2井压裂期间邻井压力检测_2井第12段 压裂质量数量监控表（邻井压力、井口、砂量）.xlsx,1.邻井压力监测表,29.0,24.0,已提取,3个通道
E:\压裂窜扰项目\02 规范化\阳101H35\阳101H35 邻井压力监测\2井压裂期间邻井压力检测_2井第12段 压裂质量数量监控表（邻井压力、井口、砂量）.xlsx,2.井口阀门监控表,20.0,11.0,非时序压力表,工况、数量或阶段汇总表
E:\压裂窜扰项目\02 规范化\阳101H35\阳101H35 邻井压力监测\2井压裂期间邻井压力检测_2井第12段 压裂质量数量监控表（邻井压力、井口、砂量）.xlsx,3.液量、砂量核实表,65.0,24.0,非时序压力表,工况、数量或阶段汇总表
E:\压裂窜扰项目\02 规范化\阳101H35\阳101H35 邻井压力监测\2井压裂期间邻井压力检测_2井第13段 压裂质量数量监控表（邻井压力、井口、砂量）.xlsx,1.邻井压力监测表,18.0,25.0,已提取,3个通道
E:\压裂窜扰项目\02 规范化\阳101H35\阳101H35 邻井压力监测\2井压裂期间邻井压力检测_2井第13段 压裂质量数量监控表（邻井压力、井口、砂量）.xlsx,2.井口阀门监控表,19.0,11.0,非时序压力表,工况、数量或阶段汇总表
E:\压裂窜扰项目\02 规范化\阳101H35\阳101H35 邻井压力监测\2井压裂期间邻井压力检测_2井第13段 压裂质量数量监控表（邻井压力、井口、砂量）.xlsx,3.液量、砂量核实表,65.0,24.0,非时序压力表,工况、数量或阶段汇总表
E:\压裂窜扰项目\02 规范化\阳101H35\阳101H35 邻井压力监测\2井压裂期间邻井压力检测_2井第14段 压裂质量数量监控表（邻井压力、井口、砂量）.xlsx,1.邻井压力监测表,22.0,25.0,已提取,3个通道
E:\压裂窜扰项目\02 规范化\阳101H35\阳101H35 邻井压力监测\2井压裂期间邻井压力检测_2井第14段 压裂质量数量监控表（邻井压力、井口、砂量）.xlsx,2.井口阀门监控表,19.0,11.0,非时序压力表,工况、数量或阶段汇总表
E:\压裂窜扰项目\02 规范化\阳101H35\阳101H35 邻井压力监测\2井压裂期间邻井压力检测_2井第14段 压裂质量数量监控表（邻井压力、井口、砂量）.xlsx,3.液量、砂量核实表,65.0,24.0,非时序压力表,工况、数量或阶段汇总表
E:\压裂窜扰项目\02 规范化\阳101H35\阳101H35 邻井压力监测\2井压裂期间邻井压力检测_2井第15段 压裂质量数量监控表（邻井压力、井口、砂量）.xlsx,1.邻井压力监测表,22.0,25.0,已提取,3个通道
E:\压裂窜扰项目\02 规范化\阳101H35\阳101H35 邻井压力监测\2井压裂期间邻井压力检测_2井第15段 压裂质量数量监控表（邻井压力、井口、砂量）.xlsx,2.井口阀门监控表,19.0,11.0,非时序压力表,工况、数量或阶段汇总表
E:\压裂窜扰项目\02 规范化\阳101H35\阳101H35 邻井压力监测\2井压裂期间邻井压力检测_2井第15段 压裂质量数量监控表（邻井压力、井口、砂量）.xlsx,3.液量、砂量核实表,65.0,24.0,非时序压力表,工况、数量或阶段汇总表
E:\压裂窜扰项目\02 规范化\阳101H35\阳101H35 邻井压力监测\2井压裂期间邻井压力检测_2井第16段 压裂质量数量监控表（邻井压力、井口、砂量）.xlsx,1.邻井压力监测表,22.0,25.0,已提取,3个通道
E:\压裂窜扰项目\02 规范化\阳101H35\阳101H35 邻井压力监测\2井压裂期间邻井压力检测_2井第16段 压裂质量数量监控表（邻井压力、井口、砂量）.xlsx,2.井口阀门监控表,19.0,11.0,非时序压力表,工况、数量或阶段汇总表
E:\压裂窜扰项目\02 规范化\阳101H35\阳101H35 邻井压力监测\2井压裂期间邻井压力检测_2井第16段 压裂质量数量监控表（邻井压力、井口、砂量）.xlsx,3.液量、砂量核实表,65.0,24.0,非时序压力表,工况、数量或阶段汇总表
E:\压裂窜扰项目\02 规范化\阳101H35\阳101H35 邻井压力监测\2井压裂期间邻井压力检测_2井第17段 压裂质量数量监控表（邻井压力、井口、砂量）.xlsx,1.邻井压力监测表,22.0,25.0,已提取,3个通道
E:\压裂窜扰项目\02 规范化\阳101H35\阳101H35 邻井压力监测\2井压裂期间邻井压力检测_2井第17段 压裂质量数量监控表（邻井压力、井口、砂量）.xlsx,2.井口阀门监控表,19.0,11.0,非时序压力表,工况、数量或阶段汇总表
E:\压裂窜扰项目\02 规范化\阳101H35\阳101H35 邻井压力监测\2井压裂期间邻井压力检测_2井第17段 压裂质量数量监控表（邻井压力、井口、砂量）.xlsx,3.液量、砂量核实表,65.0,24.0,非时序压力表,工况、数量或阶段汇总表
E:\压裂窜扰项目\02 规范化\阳101H35\阳101H35 邻井压力监测\2井压裂期间邻井压力检测_2井第18段 压裂质量数量监控表（邻井压力、井口、砂量）.xlsx,1.邻井压力监测表,22.0,25.0,已提取,3个通道
E:\压裂窜扰项目\02 规范化\阳101H35\阳101H35 邻井压力监测\2井压裂期间邻井压力检测_2井第18段 压裂质量数量监控表（邻井压力、井口、砂量）.xlsx,2.井口阀门监控表,19.0,11.0,非时序压力表,工况、数量或阶段汇总表
E:\压裂窜扰项目\02 规范化\阳101H35\阳101H35 邻井压力监测\2井压裂期间邻井压力检测_2井第18段 压裂质量数量监控表（邻井压力、井口、砂量）.xlsx,3.液量、砂量核实表,65.0,24.0,非时序压力表,工况、数量或阶段汇总表
E:\压裂窜扰项目\02 规范化\阳101H35\阳101H35 邻井压力监测\2井压裂期间邻井压力检测_2井第19段 压裂质量数量监控表（邻井压力、井口、砂量） .xlsx,1.邻井压力监测表,22.0,25.0,已提取,3个通道
E:\压裂窜扰项目\02 规范化\阳101H35\阳101H35 邻井压力监测\2井压裂期间邻井压力检测_2井第19段 压裂质量数量监控表（邻井压力、井口、砂量） .xlsx,2.井口阀门监控表,19.0,11.0,非时序压力表,工况、数量或阶段汇总表
E:\压裂窜扰项目\02 规范化\阳101H35\阳101H35 邻井压力监测\2井压裂期间邻井压力检测_2井第19段 压裂质量数量监控表（邻井压力、井口、砂量） .xlsx,3.液量、砂量核实表,65.0,24.0,非时序压力表,工况、数量或阶段汇总表
E:\压裂窜扰项目\02 规范化\阳101H35\阳101H35 邻井压力监测\2井压裂期间邻井压力检测_2井第1段 压裂质量数量监控表（邻井压力、井口、砂量）.xlsx,1.邻井压力监测表,22.0,25.0,已提取,3个通道
E:\压裂窜扰项目\02 规范化\阳101H35\阳101H35 邻井压力监测\2井压裂期间邻井压力检测_2井第1段 压裂质量数量监控表（邻井压力、井口、砂量）.xlsx,2.井口阀门监控表,19.0,11.0,非时序压力表,工况、数量或阶段汇总表
E:\压裂窜扰项目\02 规范化\阳101H35\阳101H35 邻井压力监测\2井压裂期间邻井压力检测_2井第1段 压裂质量数量监控表（邻井压力、井口、砂量）.xlsx,3.液量、砂量核实表,65.0,24.0,非时序压力表,工况、数量或阶段汇总表
E:\压裂窜扰项目\02 规范化\阳101H35\阳101H35 邻井压力监测\2井压裂期间邻井压力检测_2井第20段 压裂质量数量监控表（邻井压力、井口、砂量）  .xlsx,1.邻井压力监测表,22.0,25.0,已提取,3个通道
E:\压裂窜扰项目\02 规范化\阳101H35\阳101H35 邻井压力监测\2井压裂期间邻井压力检测_2井第20段 压裂质量数量监控表（邻井压力、井口、砂量）  .xlsx,2.井口阀门监控表,19.0,11.0,非时序压力表,工况、数量或阶段汇总表
E:\压裂窜扰项目\02 规范化\阳101H35\阳101H35 邻井压力监测\2井压裂期间邻井压力检测_2井第20段 压裂质量数量监控表（邻井压力、井口、砂量）  .xlsx,3.液量、砂量核实表,65.0,24.0,非时序压力表,工况、数量或阶段汇总表
E:\压裂窜扰项目\02 规范化\阳101H35\阳101H35 邻井压力监测\2井压裂期间邻井压力检测_2井第21段 压裂质量数量监控表（邻井压力、井口、砂量）  .xlsx,1.邻井压力监测表,22.0,25.0,已提取,3个通道
E:\压裂窜扰项目\02 规范化\阳101H35\阳101H35 邻井压力监测\2井压裂期间邻井压力检测_2井第21段 压裂质量数量监控表（邻井压力、井口、砂量）  .xlsx,2.井口阀门监控表,19.0,11.0,非时序压力表,工况、数量或阶段汇总表
E:\压裂窜扰项目\02 规范化\阳101H35\阳101H35 邻井压力监测\2井压裂期间邻井压力检测_2井第21段 压裂质量数量监控表（邻井压力、井口、砂量）  .xlsx,3.液量、砂量核实表,65.0,24.0,非时序压力表,工况、数量或阶段汇总表
E:\压裂窜扰项目\02 规范化\阳101H35\阳101H35 邻井压力监测\2井压裂期间邻井压力检测_2井第2段 压裂质量数量监控表（邻井压力、井口、砂量）.xlsx,1.邻井压力监测表,27.0,25.0,已提取,3个通道
E:\压裂窜扰项目\02 规范化\阳101H35\阳101H35 邻井压力监测\2井压裂期间邻井压力检测_2井第2段 压裂质量数量监控表（邻井压力、井口、砂量）.xlsx,2.井口阀门监控表,19.0,11.0,非时序压力表,工况、数量或阶段汇总表
E:\压裂窜扰项目\02 规范化\阳101H35\阳101H35 邻井压力监测\2井压裂期间邻井压力检测_2井第2段 压裂质量数量监控表（邻井压力、井口、砂量）.xlsx,3.液量、砂量核实表,65.0,24.0,非时序压力表,工况、数量或阶段汇总表
E:\压裂窜扰项目\02 规范化\阳101H35\阳101H35 邻井压力监测\2井压裂期间邻井压力检测_2井第3段 压裂质量数量监控表（邻井压力、井口、砂量）.xlsx,1.邻井压力监测表,22.0,25.0,已提取,3个通道
E:\压裂窜扰项目\02 规范化\阳101H35\阳101H35 邻井压力监测\2井压裂期间邻井压力检测_2井第3段 压裂质量数量监控表（邻井压力、井口、砂量）.xlsx,2.井口阀门监控表,19.0,11.0,非时序压力表,工况、数量或阶段汇总表
E:\压裂窜扰项目\02 规范化\阳101H35\阳101H35 邻井压力监测\2井压裂期间邻井压力检测_2井第3段 压裂质量数量监控表（邻井压力、井口、砂量）.xlsx,3.液量、砂量核实表,65.0,24.0,非时序压力表,工况、数量或阶段汇总表
E:\压裂窜扰项目\02 规范化\阳101H35\阳101H35 邻井压力监测\2井压裂期间邻井压力检测_2井第4段 压裂质量数量监控表（邻井压力、井口、砂量）.xlsx,1.邻井压力监测表,32.0,25.0,已提取,3个通道
E:\压裂窜扰项目\02 规范化\阳101H35\阳101H35 邻井压力监测\2井压裂期间邻井压力检测_2井第4段 压裂质量数量监控表（邻井压力、井口、砂量）.xlsx,2.井口阀门监控表,19.0,11.0,非时序压力表,工况、数量或阶段汇总表
E:\压裂窜扰项目\02 规范化\阳101H35\阳101H35 邻井压力监测\2井压裂期间邻井压力检测_2井第4段 压裂质量数量监控表（邻井压力、井口、砂量）.xlsx,3.液量、砂量核实表,65.0,24.0,非时序压力表,工况、数量或阶段汇总表
E:\压裂窜扰项目\02 规范化\阳101H35\阳101H35 邻井压力监测\2井压裂期间邻井压力检测_2井第5段 压裂质量数量监控表（邻井压力、井口、砂量）.xlsx,1.邻井压力监测表,26.0,24.0,已提取,3个通道
E:\压裂窜扰项目\02 规范化\阳101H35\阳101H35 邻井压力监测\2井压裂期间邻井压力检测_2井第5段 压裂质量数量监控表（邻井压力、井口、砂量）.xlsx,2.井口阀门监控表,19.0,11.0,非时序压力表,工况、数量或阶段汇总表
E:\压裂窜扰项目\02 规范化\阳101H35\阳101H35 邻井压力监测\2井压裂期间邻井压力检测_2井第5段 压裂质量数量监控表（邻井压力、井口、砂量）.xlsx,3.液量、砂量核实表,65.0,24.0,非时序压力表,工况、数量或阶段汇总表
E:\压裂窜扰项目\02 规范化\阳101H35\阳101H35 邻井压力监测\2井压裂期间邻井压力检测_2井第6段 压裂质量数量监控表（邻井压力、井口、砂量）.xlsx,1.邻井压力监测表,17.0,24.0,已提取,3个通道
E:\压裂窜扰项目\02 规范化\阳101H35\阳101H35 邻井压力监测\2井压裂期间邻井压力检测_2井第6段 压裂质量数量监控表（邻井压力、井口、砂量）.xlsx,2.井口阀门监控表,19.0,11.0,非时序压力表,工况、数量或阶段汇总表
E:\压裂窜扰项目\02 规范化\阳101H35\阳101H35 邻井压力监测\2井压裂期间邻井压力检测_2井第6段 压裂质量数量监控表（邻井压力、井口、砂量）.xlsx,3.液量、砂量核实表,65.0,24.0,非时序压力表,工况、数量或阶段汇总表
E:\压裂窜扰项目\02 规范化\阳101H35\阳101H35 邻井压力监测\2井压裂期间邻井压力检测_2井第7段 压裂质量数量监控表（邻井压力、井口、砂量）.xlsx,1.邻井压力监测表,16.0,24.0,已提取,3个通道
E:\压裂窜扰项目\02 规范化\阳101H35\阳101H35 邻井压力监测\2井压裂期间邻井压力检测_2井第7段 压裂质量数量监控表（邻井压力、井口、砂量）.xlsx,2.井口阀门监控表,19.0,11.0,非时序压力表,工况、数量或阶段汇总表
E:\压裂窜扰项目\02 规范化\阳101H35\阳101H35 邻井压力监测\2井压裂期间邻井压力检测_2井第7段 压裂质量数量监控表（邻井压力、井口、砂量）.xlsx,3.液量、砂量核实表,65.0,24.0,非时序压力表,工况、数量或阶段汇总表
E:\压裂窜扰项目\02 规范化\阳101H35\阳101H35 邻井压力监测\2井压裂期间邻井压力检测_2井第8段 压裂质量数量监控表（邻井压力、井口、砂量）.xlsx,1.邻井压力监测表,13.0,24.0,已提取,3个通道
E:\压裂窜扰项目\02 规范化\阳101H35\阳101H35 邻井压力监测\2井压裂期间邻井压力检测_2井第8段 压裂质量数量监控表（邻井压力、井口、砂量）.xlsx,2.井口阀门监控表,19.0,11.0,非时序压力表,工况、数量或阶段汇总表
E:\压裂窜扰项目\02 规范化\阳101H35\阳101H35 邻井压力监测\2井压裂期间邻井压力检测_2井第8段 压裂质量数量监控表（邻井压力、井口、砂量）.xlsx,3.液量、砂量核实表,65.0,24.0,非时序压力表,工况、数量或阶段汇总表
E:\压裂窜扰项目\02 规范化\阳101H35\阳101H35 邻井压力监测\2井压裂期间邻井压力检测_2井第9段 压裂质量数量监控表（邻井压力、井口、砂量） .xlsx,1.邻井压力监测表,14.0,24.0,已提取,3个通道
E:\压裂窜扰项目\02 规范化\阳101H35\阳101H35 邻井压力监测\2井压裂期间邻井压力检测_2井第9段 压裂质量数量监控表（邻井压力、井口、砂量） .xlsx,2.井口阀门监控表,19.0,11.0,非时序压力表,工况、数量或阶段汇总表
E:\压裂窜扰项目\02 规范化\阳101H35\阳101H35 邻井压力监测\2井压裂期间邻井压力检测_2井第9段 压裂质量数量监控表（邻井压力、井口、砂量） .xlsx,3.液量、砂量核实表,65.0,24.0,非时序压力表,工况、数量或阶段汇总表
E:\压裂窜扰项目\02 规范化\阳101H35\阳101H35 邻井压力监测\35平台压裂期间36平台压力分钟数据_(1)井_1#流程_分钟数据4月11日0点至4月21日0点.csv,text,14329.0,21.0,未提取压力通道,0个通道
E:\压裂窜扰项目\02 规范化\阳101H35\阳101H35 邻井压力监测\35平台压裂期间36平台压力分钟数据_(1)井_1#流程_分钟数据4月21日0点至4月30日0点.csv,text,12857.0,22.0,未提取压力通道,0个通道
E:\压裂窜扰项目\02 规范化\阳101H35\阳101H35 邻井压力监测\35平台压裂期间36平台压力分钟数据_(1)井_1#流程_分钟数据4月30日0点至5月19日0点.csv,text,27218.0,22.0,未提取压力通道,0个通道
E:\压裂窜扰项目\02 规范化\阳101H35\阳101H35 邻井压力监测\35平台压裂期间36平台压力分钟数据_(1)井_1#流程_分钟数据5月19日0点至5月31日0点.csv,text,17193.0,22.0,未提取压力通道,0个通道
E:\压裂窜扰项目\02 规范化\阳101H35\阳101H35 邻井压力监测\35平台压裂期间36平台压力分钟数据_(1)井_1#流程_分钟数据5月31日0点至6月19日0点.csv,text,27203.0,22.0,未提取压力通道,0个通道
E:\压裂窜扰项目\02 规范化\阳101H35\阳101H35 邻井压力监测\35平台压裂期间36平台压力分钟数据_(1)井_1#流程_分钟数据6月19日0点至7月05日14：53.csv,text,23856.0,22.0,未提取压力通道,0个通道
E:\压裂窜扰项目\02 规范化\阳101H35\阳101H35 邻井压力监测\35平台压裂期间36平台压力分钟数据_(2)井_2#流程_分钟数据4月11日0点至4月30日0点.csv,text,27184.0,22.0,未提取压力通道,0个通道
E:\压裂窜扰项目\02 规范化\阳101H35\阳101H35 邻井压力监测\35平台压裂期间36平台压力分钟数据_(2)井_2#流程_分钟数据4月30日0点至5月19日0点.csv,text,27218.0,22.0,未提取压力通道,0个通道
E:\压裂窜扰项目\02 规范化\阳101H35\阳101H35 邻井压力监测\35平台压裂期间36平台压力分钟数据_(2)井_2#流程_分钟数据5月19日0点至5月31日0点.csv,text,17193.0,22.0,未提取压力通道,0个通道
E:\压裂窜扰项目\02 规范化\阳101H35\阳101H35 邻井压力监测\35平台压裂期间36平台压力分钟数据_(2)井_2#流程_分钟数据5月31日0点至6月19日0点.csv,text,27203.0,22.0,未提取压力通道,0个通道
E:\压裂窜扰项目\02 规范化\阳101H35\阳101H35 邻井压力监测\35平台压裂期间36平台压力分钟数据_(2)井_2#流程_分钟数据6月19日0点至7月05日14：53.csv,text,23857.0,22.0,未提取压力通道,0个通道
E:\压裂窜扰项目\02 规范化\阳101H35\阳101H35 邻井压力监测\35平台压裂期间36平台压力分钟数据_(3)井_3#流程_分钟数据4月11日0点至4月30日0点.csv,text,27184.0,22.0,未提取压力通道,0个通道
E:\压裂窜扰项目\02 规范化\阳101H35\阳101H35 邻井压力监测\35平台压裂期间36平台压力分钟数据_(3)井_3#流程_分钟数据4月30日0点至5月19日0点.csv,text,27218.0,22.0,未提取压力通道,0个通道
E:\压裂窜扰项目\02 规范化\阳101H35\阳101H35 邻井压力监测\35平台压裂期间36平台压力分钟数据_(3)井_3#流程_分钟数据5月19日0点至5月31日0点.csv,text,17193.0,22.0,未提取压力通道,0个通道
E:\压裂窜扰项目\02 规范化\阳101H35\阳101H35 邻井压力监测\35平台压裂期间36平台压力分钟数据_(3)井_3#流程_分钟数据5月31日0点至6月19日0点.csv,text,27203.0,22.0,未提取压力通道,0个通道
E:\压裂窜扰项目\02 规范化\阳101H35\阳101H35 邻井压力监测\35平台压裂期间36平台压力分钟数据_(3)井_3#流程_分钟数据6月19日0点至7月05日14：53.csv,text,23857.0,22.0,未提取压力通道,0个通道
E:\压裂窜扰项目\02 规范化\阳101H35\阳101H35 邻井压力监测\35平台压裂期间36平台压力分钟数据_(4)井_4#流程_分钟数据4月11日0点至4月30日0点.csv,text,27184.0,22.0,未提取压力通道,0个通道
E:\压裂窜扰项目\02 规范化\阳101H35\阳101H35 邻井压力监测\35平台压裂期间36平台压力分钟数据_(4)井_4#流程_分钟数据4月30日0点至5月19日0点.csv,text,27218.0,22.0,未提取压力通道,0个通道
E:\压裂窜扰项目\02 规范化\阳101H35\阳101H35 邻井压力监测\35平台压裂期间36平台压力分钟数据_(4)井_4#流程_分钟数据5月19日0点至5月31日0点.csv,text,17193.0,22.0,未提取压力通道,0个通道
E:\压裂窜扰项目\02 规范化\阳101H35\阳101H35 邻井压力监测\35平台压裂期间36平台压力分钟数据_(4)井_4#流程_分钟数据5月31日0点至6月19日0点.csv,text,27203.0,22.0,未提取压力通道,0个通道
E:\压裂窜扰项目\02 规范化\阳101H35\阳101H35 邻井压力监测\35平台压裂期间36平台压力分钟数据_(4)井_4#流程_分钟数据6月19日0点至7月05日14：53.csv,text,23857.0,22.0,未提取压力通道,0个通道
E:\压裂窜扰项目\02 规范化\阳101H35\阳101H35 邻井压力监测\35平台压裂期间36平台压力分钟数据_(5)井_5#流程_分钟数据4月11日0点至4月30日0点.csv,text,27184.0,22.0,未提取压力通道,0个通道
E:\压裂窜扰项目\02 规范化\阳101H35\阳101H35 邻井压力监测\35平台压裂期间36平台压力分钟数据_(5)井_5#流程_分钟数据4月30日0点至5月19日0点.csv,text,27218.0,22.0,未提取压力通道,0个通道
E:\压裂窜扰项目\02 规范化\阳101H35\阳101H35 邻井压力监测\35平台压裂期间36平台压力分钟数据_(5)井_5#流程_分钟数据5月19日0点至5月31日0点.csv,text,17193.0,22.0,未提取压力通道,0个通道
E:\压裂窜扰项目\02 规范化\阳101H35\阳101H35 邻井压力监测\35平台压裂期间36平台压力分钟数据_(5)井_5#流程_分钟数据5月31日0点至6月19日0点.csv,text,27203.0,22.0,未提取压力通道,0个通道
E:\压裂窜扰项目\02 规范化\阳101H35\阳101H35 邻井压力监测\35平台压裂期间36平台压力分钟数据_(5)井_5#流程_分钟数据6月19日0点至7月05日14：53.csv,text,23857.0,22.0,未提取压力通道,0个通道
E:\压裂窜扰项目\02 规范化\阳101H35\阳101H35 邻井压力监测\35平台压裂期间36平台压力分钟数据_(6)井_6#流程_分钟数据4月11日0点至4月30日0点.csv,text,27184.0,22.0,未提取压力通道,0个通道
E:\压裂窜扰项目\02 规范化\阳101H35\阳101H35 邻井压力监测\35平台压裂期间36平台压力分钟数据_(6)井_6#流程_分钟数据4月30日0点至5月19日0点.csv,text,27218.0,22.0,未提取压力通道,0个通道
E:\压裂窜扰项目\02 规范化\阳101H35\阳101H35 邻井压力监测\35平台压裂期间36平台压力分钟数据_(6)井_6#流程_分钟数据5月19日0点至5月31日0点.csv,text,17193.0,22.0,未提取压力通道,0个通道
E:\压裂窜扰项目\02 规范化\阳101H35\阳101H35 邻井压力监测\35平台压裂期间36平台压力分钟数据_(6)井_6#流程_分钟数据5月31日0点至6月19日0点.csv,text,27203.0,22.0,未提取压力通道,0个通道
E:\压裂窜扰项目\02 规范化\阳101H35\阳101H35 邻井压力监测\35平台压裂期间36平台压力分钟数据_(6)井_6#流程_分钟数据6月19日0点至7月05日14：53.csv,text,23857.0,22.0,未提取压力通道,0个通道
E:\压裂窜扰项目\02 规范化\阳101H35\阳101H35 邻井压力监测\35平台压裂期间36平台压力分钟数据_(7)井_7#流程_分钟数据4月11日0点至4月30日0点.csv,text,27184.0,22.0,未提取压力通道,0个通道
E:\压裂窜扰项目\02 规范化\阳101H35\阳101H35 邻井压力监测\35平台压裂期间36平台压力分钟数据_(7)井_7#流程_分钟数据4月30日0点至5月19日0点.csv,text,27218.0,22.0,未提取压力通道,0个通道
E:\压裂窜扰项目\02 规范化\阳101H35\阳101H35 邻井压力监测\35平台压裂期间36平台压力分钟数据_(7)井_7#流程_分钟数据5月19日0点至5月31日0点.csv,text,17193.0,22.0,未提取压力通道,0个通道
E:\压裂窜扰项目\02 规范化\阳101H35\阳101H35 邻井压力监测\35平台压裂期间36平台压力分钟数据_(7)井_7#流程_分钟数据5月31日0点至6月19日0点.csv,text,27203.0,22.0,未提取压力通道,0个通道
E:\压裂窜扰项目\02 规范化\阳101H35\阳101H35 邻井压力监测\35平台压裂期间36平台压力分钟数据_(7)井_7#流程_分钟数据6月19日0点至7月05日14：53.csv,text,23857.0,22.0,未提取压力通道,0个通道
E:\压裂窜扰项目\02 规范化\阳101H35\阳101H35 邻井压力监测\3井压裂期间邻井压力检测_3井第10段 压裂质量数量监控表（邻井压力、井口、砂量）.xlsx,1.邻井压力监测表,20.0,25.0,已提取,3个通道
E:\压裂窜扰项目\02 规范化\阳101H35\阳101H35 邻井压力监测\3井压裂期间邻井压力检测_3井第10段 压裂质量数量监控表（邻井压力、井口、砂量）.xlsx,2.井口阀门监控表,22.0,11.0,非时序压力表,工况、数量或阶段汇总表
E:\压裂窜扰项目\02 规范化\阳101H35\阳101H35 邻井压力监测\3井压裂期间邻井压力检测_3井第10段 压裂质量数量监控表（邻井压力、井口、砂量）.xlsx,3.液量、砂量核实表,65.0,24.0,非时序压力表,工况、数量或阶段汇总表
E:\压裂窜扰项目\02 规范化\阳101H35\阳101H35 邻井压力监测\3井压裂期间邻井压力检测_3井第10段 压裂质量数量监控表（邻井压力、井口、砂量）.xlsx,Sheet1,22.0,4.0,未提取压力通道,0个通道
E:\压裂窜扰项目\02 规范化\阳101H35\阳101H35 邻井压力监测\3井压裂期间邻井压力检测_3井第11段 压裂质量数量监控表（邻井压力、井口、砂量） .xlsx,1.邻井压力监测表,18.0,25.0,已提取,3个通道
E:\压裂窜扰项目\02 规范化\阳101H35\阳101H35 邻井压力监测\3井压裂期间邻井压力检测_3井第11段 压裂质量数量监控表（邻井压力、井口、砂量） .xlsx,2.井口阀门监控表,22.0,11.0,非时序压力表,工况、数量或阶段汇总表
E:\压裂窜扰项目\02 规范化\阳101H35\阳101H35 邻井压力监测\3井压裂期间邻井压力检测_3井第11段 压裂质量数量监控表（邻井压力、井口、砂量） .xlsx,3.液量、砂量核实表,65.0,24.0,非时序压力表,工况、数量或阶段汇总表
E:\压裂窜扰项目\02 规范化\阳101H35\阳101H35 邻井压力监测\3井压裂期间邻井压力检测_3井第11段 压裂质量数量监控表（邻井压力、井口、砂量） .xlsx,Sheet1,22.0,4.0,未提取压力通道,0个通道
E:\压裂窜扰项目\02 规范化\阳101H35\阳101H35 邻井压力监测\3井压裂期间邻井压力检测_3井第12段 压裂质量数量监控表（邻井压力、井口、砂量） .xlsx,1.邻井压力监测表,20.0,25.0,已提取,3个通道
E:\压裂窜扰项目\02 规范化\阳101H35\阳101H35 邻井压力监测\3井压裂期间邻井压力检测_3井第12段 压裂质量数量监控表（邻井压力、井口、砂量） .xlsx,2.井口阀门监控表,22.0,11.0,非时序压力表,工况、数量或阶段汇总表
E:\压裂窜扰项目\02 规范化\阳101H35\阳101H35 邻井压力监测\3井压裂期间邻井压力检测_3井第12段 压裂质量数量监控表（邻井压力、井口、砂量） .xlsx,3.液量、砂量核实表,65.0,24.0,非时序压力表,工况、数量或阶段汇总表
E:\压裂窜扰项目\02 规范化\阳101H35\阳101H35 邻井压力监测\3井压裂期间邻井压力检测_3井第12段 压裂质量数量监控表（邻井压力、井口、砂量） .xlsx,Sheet1,22.0,4.0,未提取压力通道,0个通道
E:\压裂窜扰项目\02 规范化\阳101H35\阳101H35 邻井压力监测\3井压裂期间邻井压力检测_3井第13段 压裂质量数量监控表（邻井压力、井口、砂量） .xlsx,1.邻井压力监测表,18.0,25.0,已提取,3个通道
E:\压裂窜扰项目\02 规范化\阳101H35\阳101H35 邻井压力监测\3井压裂期间邻井压力检测_3井第13段 压裂质量数量监控表（邻井压力、井口、砂量） .xlsx,2.井口阀门监控表,22.0,11.0,非时序压力表,工况、数量或阶段汇总表
E:\压裂窜扰项目\02 规范化\阳101H35\阳101H35 邻井压力监测\3井压裂期间邻井压力检测_3井第13段 压裂质量数量监控表（邻井压力、井口、砂量） .xlsx,3.液量、砂量核实表,65.0,24.0,非时序压力表,工况、数量或阶段汇总表
E:\压裂窜扰项目\02 规范化\阳101H35\阳101H35 邻井压力监测\3井压裂期间邻井压力检测_3井第13段 压裂质量数量监控表（邻井压力、井口、砂量） .xlsx,Sheet1,22.0,4.0,未提取压力通道,0个通道
E:\压裂窜扰项目\02 规范化\阳101H35\阳101H35 邻井压力监测\3井压裂期间邻井压力检测_3井第14段 压裂质量数量监控表（邻井压力、井口、砂量） .xlsx,1.邻井压力监测表,24.0,25.0,已提取,3个通道
E:\压裂窜扰项目\02 规范化\阳101H35\阳101H35 邻井压力监测\3井压裂期间邻井压力检测_3井第14段 压裂质量数量监控表（邻井压力、井口、砂量） .xlsx,2.井口阀门监控表,22.0,11.0,非时序压力表,工况、数量或阶段汇总表
E:\压裂窜扰项目\02 规范化\阳101H35\阳101H35 邻井压力监测\3井压裂期间邻井压力检测_3井第14段 压裂质量数量监控表（邻井压力、井口、砂量） .xlsx,3.液量、砂量核实表,65.0,24.0,非时序压力表,工况、数量或阶段汇总表
E:\压裂窜扰项目\02 规范化\阳101H35\阳101H35 邻井压力监测\3井压裂期间邻井压力检测_3井第14段 压裂质量数量监控表（邻井压力、井口、砂量） .xlsx,Sheet1,22.0,4.0,未提取压力通道,0个通道
E:\压裂窜扰项目\02 规范化\阳101H35\阳101H35 邻井压力监测\3井压裂期间邻井压力检测_3井第15段 压裂质量数量监控表（邻井压力、井口、砂量）.xlsx,1.邻井压力监测表,24.0,25.0,已提取,3个通道
E:\压裂窜扰项目\02 规范化\阳101H35\阳101H35 邻井压力监测\3井压裂期间邻井压力检测_3井第15段 压裂质量数量监控表（邻井压力、井口、砂量）.xlsx,2.井口阀门监控表,22.0,11.0,非时序压力表,工况、数量或阶段汇总表
E:\压裂窜扰项目\02 规范化\阳101H35\阳101H35 邻井压力监测\3井压裂期间邻井压力检测_3井第15段 压裂质量数量监控表（邻井压力、井口、砂量）.xlsx,3.液量、砂量核实表,65.0,24.0,非时序压力表,工况、数量或阶段汇总表
E:\压裂窜扰项目\02 规范化\阳101H35\阳101H35 邻井压力监测\3井压裂期间邻井压力检测_3井第15段 压裂质量数量监控表（邻井压力、井口、砂量）.xlsx,Sheet1,22.0,4.0,未提取压力通道,0个通道
E:\压裂窜扰项目\02 规范化\阳101H35\阳101H35 邻井压力监测\3井压裂期间邻井压力检测_3井第16段 压裂质量数量监控表（邻井压力、井口、砂量）.xlsx,1.邻井压力监测表,24.0,25.0,已提取,3个通道
E:\压裂窜扰项目\02 规范化\阳101H35\阳101H35 邻井压力监测\3井压裂期间邻井压力检测_3井第16段 压裂质量数量监控表（邻井压力、井口、砂量）.xlsx,2.井口阀门监控表,22.0,11.0,非时序压力表,工况、数量或阶段汇总表
E:\压裂窜扰项目\02 规范化\阳101H35\阳101H35 邻井压力监测\3井压裂期间邻井压力检测_3井第16段 压裂质量数量监控表（邻井压力、井口、砂量）.xlsx,3.液量、砂量核实表,65.0,24.0,非时序压力表,工况、数量或阶段汇总表
E:\压裂窜扰项目\02 规范化\阳101H35\阳101H35 邻井压力监测\3井压裂期间邻井压力检测_3井第16段 压裂质量数量监控表（邻井压力、井口、砂量）.xlsx,Sheet1,22.0,4.0,未提取压力通道,0个通道
E:\压裂窜扰项目\02 规范化\阳101H35\阳101H35 邻井压力监测\3井压裂期间邻井压力检测_3井第17段 压裂质量数量监控表（邻井压力、井口、砂量）.xlsx,1.邻井压力监测表,24.0,25.0,已提取,3个通道
E:\压裂窜扰项目\02 规范化\阳101H35\阳101H35 邻井压力监测\3井压裂期间邻井压力检测_3井第17段 压裂质量数量监控表（邻井压力、井口、砂量）.xlsx,2.井口阀门监控表,22.0,11.0,非时序压力表,工况、数量或阶段汇总表
E:\压裂窜扰项目\02 规范化\阳101H35\阳101H35 邻井压力监测\3井压裂期间邻井压力检测_3井第17段 压裂质量数量监控表（邻井压力、井口、砂量）.xlsx,3.液量、砂量核实表,65.0,24.0,非时序压力表,工况、数量或阶段汇总表
E:\压裂窜扰项目\02 规范化\阳101H35\阳101H35 邻井压力监测\3井压裂期间邻井压力检测_3井第17段 压裂质量数量监控表（邻井压力、井口、砂量）.xlsx,Sheet1,22.0,4.0,未提取压力通道,0个通道
E:\压裂窜扰项目\02 规范化\阳101H35\阳101H35 邻井压力监测\3井压裂期间邻井压力检测_3井第18段 压裂质量数量监控表（邻井压力、井口、砂量）.xlsx,1.邻井压力监测表,24.0,25.0,已提取,3个通道
E:\压裂窜扰项目\02 规范化\阳101H35\阳101H35 邻井压力监测\3井压裂期间邻井压力检测_3井第18段 压裂质量数量监控表（邻井压力、井口、砂量）.xlsx,2.井口阀门监控表,22.0,11.0,非时序压力表,工况、数量或阶段汇总表
E:\压裂窜扰项目\02 规范化\阳101H35\阳101H35 邻井压力监测\3井压裂期间邻井压力检测_3井第18段 压裂质量数量监控表（邻井压力、井口、砂量）.xlsx,3.液量、砂量核实表,65.0,24.0,非时序压力表,工况、数量或阶段汇总表
E:\压裂窜扰项目\02 规范化\阳101H35\阳101H35 邻井压力监测\3井压裂期间邻井压力检测_3井第18段 压裂质量数量监控表（邻井压力、井口、砂量）.xlsx,Sheet1,22.0,4.0,未提取压力通道,0个通道
E:\压裂窜扰项目\02 规范化\阳101H35\阳101H35 邻井压力监测\3井压裂期间邻井压力检测_3井第18段 压裂质量数量监控表（邻井压力、井口、砂量）.xlsx,Sheet2,17.0,21.0,未提取压力通道,0个通道
E:\压裂窜扰项目\02 规范化\阳101H35\阳101H35 邻井压力监测\3井压裂期间邻井压力检测_3井第19段 压裂质量数量监控表（邻井压力、井口、砂量）.xlsx,1.邻井压力监测表,24.0,25.0,已提取,3个通道
E:\压裂窜扰项目\02 规范化\阳101H35\阳101H35 邻井压力监测\3井压裂期间邻井压力检测_3井第19段 压裂质量数量监控表（邻井压力、井口、砂量）.xlsx,2.井口阀门监控表,22.0,11.0,非时序压力表,工况、数量或阶段汇总表
E:\压裂窜扰项目\02 规范化\阳101H35\阳101H35 邻井压力监测\3井压裂期间邻井压力检测_3井第19段 压裂质量数量监控表（邻井压力、井口、砂量）.xlsx,3.液量、砂量核实表,65.0,24.0,非时序压力表,工况、数量或阶段汇总表
E:\压裂窜扰项目\02 规范化\阳101H35\阳101H35 邻井压力监测\3井压裂期间邻井压力检测_3井第19段 压裂质量数量监控表（邻井压力、井口、砂量）.xlsx,Sheet1,22.0,4.0,未提取压力通道,0个通道
E:\压裂窜扰项目\02 规范化\阳101H35\阳101H35 邻井压力监测\3井压裂期间邻井压力检测_3井第19段 压裂质量数量监控表（邻井压力、井口、砂量）.xlsx,Sheet2,17.0,21.0,未提取压力通道,0个通道
E:\压裂窜扰项目\02 规范化\阳101H35\阳101H35 邻井压力监测\3井压裂期间邻井压力检测_3井第1段 压裂质量数量监控表（邻井压力、井口、砂量）.xlsx,1.邻井压力监测表,41.0,25.0,已提取,3个通道
E:\压裂窜扰项目\02 规范化\阳101H35\阳101H35 邻井压力监测\3井压裂期间邻井压力检测_3井第1段 压裂质量数量监控表（邻井压力、井口、砂量）.xlsx,2.井口阀门监控表,19.0,11.0,非时序压力表,工况、数量或阶段汇总表
E:\压裂窜扰项目\02 规范化\阳101H35\阳101H35 邻井压力监测\3井压裂期间邻井压力检测_3井第1段 压裂质量数量监控表（邻井压力、井口、砂量）.xlsx,3.液量、砂量核实表,65.0,24.0,非时序压力表,工况、数量或阶段汇总表
E:\压裂窜扰项目\02 规范化\阳101H35\阳101H35 邻井压力监测\3井压裂期间邻井压力检测_3井第20段 压裂质量数量监控表（邻井压力、井口、砂量）.xlsx,1.邻井压力监测表,24.0,25.0,已提取,3个通道
E:\压裂窜扰项目\02 规范化\阳101H35\阳101H35 邻井压力监测\3井压裂期间邻井压力检测_3井第20段 压裂质量数量监控表（邻井压力、井口、砂量）.xlsx,2.井口阀门监控表,22.0,11.0,非时序压力表,工况、数量或阶段汇总表
E:\压裂窜扰项目\02 规范化\阳101H35\阳101H35 邻井压力监测\3井压裂期间邻井压力检测_3井第20段 压裂质量数量监控表（邻井压力、井口、砂量）.xlsx,3.液量、砂量核实表,65.0,24.0,非时序压力表,工况、数量或阶段汇总表
E:\压裂窜扰项目\02 规范化\阳101H35\阳101H35 邻井压力监测\3井压裂期间邻井压力检测_3井第20段 压裂质量数量监控表（邻井压力、井口、砂量）.xlsx,Sheet1,22.0,4.0,未提取压力通道,0个通道
E:\压裂窜扰项目\02 规范化\阳101H35\阳101H35 邻井压力监测\3井压裂期间邻井压力检测_3井第20段 压裂质量数量监控表（邻井压力、井口、砂量）.xlsx,Sheet2,17.0,21.0,未提取压力通道,0个通道
E:\压裂窜扰项目\02 规范化\阳101H35\阳101H35 邻井压力监测\3井压裂期间邻井压力检测_3井第21段 压裂质量数量监控表（邻井压力、井口、砂量）.xlsx,1.邻井压力监测表,24.0,25.0,已提取,3个通道
E:\压裂窜扰项目\02 规范化\阳101H35\阳101H35 邻井压力监测\3井压裂期间邻井压力检测_3井第21段 压裂质量数量监控表（邻井压力、井口、砂量）.xlsx,2.井口阀门监控表,22.0,11.0,非时序压力表,工况、数量或阶段汇总表
E:\压裂窜扰项目\02 规范化\阳101H35\阳101H35 邻井压力监测\3井压裂期间邻井压力检测_3井第21段 压裂质量数量监控表（邻井压力、井口、砂量）.xlsx,3.液量、砂量核实表,65.0,24.0,非时序压力表,工况、数量或阶段汇总表
E:\压裂窜扰项目\02 规范化\阳101H35\阳101H35 邻井压力监测\3井压裂期间邻井压力检测_3井第21段 压裂质量数量监控表（邻井压力、井口、砂量）.xlsx,Sheet1,22.0,4.0,未提取压力通道,0个通道
E:\压裂窜扰项目\02 规范化\阳101H35\阳101H35 邻井压力监测\3井压裂期间邻井压力检测_3井第21段 压裂质量数量监控表（邻井压力、井口、砂量）.xlsx,Sheet2,26.0,14.0,未提取压力通道,0个通道
E:\压裂窜扰项目\02 规范化\阳101H35\阳101H35 邻井压力监测\3井压裂期间邻井压力检测_3井第22段 压裂质量数量监控表（邻井压力、井口、砂量）.xlsx,1.邻井压力监测表,24.0,25.0,已提取,3个通道
E:\压裂窜扰项目\02 规范化\阳101H35\阳101H35 邻井压力监测\3井压裂期间邻井压力检测_3井第22段 压裂质量数量监控表（邻井压力、井口、砂量）.xlsx,2.井口阀门监控表,22.0,11.0,非时序压力表,工况、数量或阶段汇总表
E:\压裂窜扰项目\02 规范化\阳101H35\阳101H35 邻井压力监测\3井压裂期间邻井压力检测_3井第22段 压裂质量数量监控表（邻井压力、井口、砂量）.xlsx,3.液量、砂量核实表,65.0,24.0,非时序压力表,工况、数量或阶段汇总表
E:\压裂窜扰项目\02 规范化\阳101H35\阳101H35 邻井压力监测\3井压裂期间邻井压力检测_3井第22段 压裂质量数量监控表（邻井压力、井口、砂量）.xlsx,Sheet1,22.0,4.0,未提取压力通道,0个通道
E:\压裂窜扰项目\02 规范化\阳101H35\阳101H35 邻井压力监测\3井压裂期间邻井压力检测_3井第22段 压裂质量数量监控表（邻井压力、井口、砂量）.xlsx,Sheet2,40.0,14.0,未提取压力通道,0个通道
E:\压裂窜扰项目\02 规范化\阳101H35\阳101H35 邻井压力监测\3井压裂期间邻井压力检测_3井第2段 压裂质量数量监控表（邻井压力、井口、砂量）.xlsx,1.邻井压力监测表,22.0,25.0,已提取,3个通道
E:\压裂窜扰项目\02 规范化\阳101H35\阳101H35 邻井压力监测\3井压裂期间邻井压力检测_3井第2段 压裂质量数量监控表（邻井压力、井口、砂量）.xlsx,2.井口阀门监控表,19.0,11.0,非时序压力表,工况、数量或阶段汇总表
E:\压裂窜扰项目\02 规范化\阳101H35\阳101H35 邻井压力监测\3井压裂期间邻井压力检测_3井第2段 压裂质量数量监控表（邻井压力、井口、砂量）.xlsx,3.液量、砂量核实表,65.0,24.0,非时序压力表,工况、数量或阶段汇总表
E:\压裂窜扰项目\02 规范化\阳101H35\阳101H35 邻井压力监测\3井压裂期间邻井压力检测_3井第3段 压裂质量数量监控表（邻井压力、井口、砂量）.xlsx,1.邻井压力监测表,22.0,25.0,已提取,3个通道
E:\压裂窜扰项目\02 规范化\阳101H35\阳101H35 邻井压力监测\3井压裂期间邻井压力检测_3井第3段 压裂质量数量监控表（邻井压力、井口、砂量）.xlsx,2.井口阀门监控表,19.0,11.0,非时序压力表,工况、数量或阶段汇总表
E:\压裂窜扰项目\02 规范化\阳101H35\阳101H35 邻井压力监测\3井压裂期间邻井压力检测_3井第3段 压裂质量数量监控表（邻井压力、井口、砂量）.xlsx,3.液量、砂量核实表,65.0,24.0,非时序压力表,工况、数量或阶段汇总表
E:\压裂窜扰项目\02 规范化\阳101H35\阳101H35 邻井压力监测\3井压裂期间邻井压力检测_3井第4段 压裂质量数量监控表（邻井压力、井口、砂量）.xlsx,1.邻井压力监测表,22.0,25.0,已提取,3个通道
E:\压裂窜扰项目\02 规范化\阳101H35\阳101H35 邻井压力监测\3井压裂期间邻井压力检测_3井第4段 压裂质量数量监控表（邻井压力、井口、砂量）.xlsx,2.井口阀门监控表,19.0,11.0,非时序压力表,工况、数量或阶段汇总表
E:\压裂窜扰项目\02 规范化\阳101H35\阳101H35 邻井压力监测\3井压裂期间邻井压力检测_3井第4段 压裂质量数量监控表（邻井压力、井口、砂量）.xlsx,3.液量、砂量核实表,65.0,24.0,非时序压力表,工况、数量或阶段汇总表
E:\压裂窜扰项目\02 规范化\阳101H35\阳101H35 邻井压力监测\3井压裂期间邻井压力检测_3井第5段 压裂质量数量监控表（邻井压力、井口、砂量）.xlsx,1.邻井压力监测表,22.0,25.0,已提取,3个通道
E:\压裂窜扰项目\02 规范化\阳101H35\阳101H35 邻井压力监测\3井压裂期间邻井压力检测_3井第5段 压裂质量数量监控表（邻井压力、井口、砂量）.xlsx,2.井口阀门监控表,19.0,11.0,非时序压力表,工况、数量或阶段汇总表
E:\压裂窜扰项目\02 规范化\阳101H35\阳101H35 邻井压力监测\3井压裂期间邻井压力检测_3井第5段 压裂质量数量监控表（邻井压力、井口、砂量）.xlsx,3.液量、砂量核实表,65.0,24.0,非时序压力表,工况、数量或阶段汇总表
E:\压裂窜扰项目\02 规范化\阳101H35\阳101H35 邻井压力监测\3井压裂期间邻井压力检测_3井第6段 压裂质量数量监控表（邻井压力、井口、砂量）.xlsx,1.邻井压力监测表,22.0,25.0,已提取,3个通道
E:\压裂窜扰项目\02 规范化\阳101H35\阳101H35 邻井压力监测\3井压裂期间邻井压力检测_3井第6段 压裂质量数量监控表（邻井压力、井口、砂量）.xlsx,2.井口阀门监控表,19.0,11.0,非时序压力表,工况、数量或阶段汇总表
E:\压裂窜扰项目\02 规范化\阳101H35\阳101H35 邻井压力监测\3井压裂期间邻井压力检测_3井第6段 压裂质量数量监控表（邻井压力、井口、砂量）.xlsx,3.液量、砂量核实表,65.0,24.0,非时序压力表,工况、数量或阶段汇总表
E:\压裂窜扰项目\02 规范化\阳101H35\阳101H35 邻井压力监测\3井压裂期间邻井压力检测_3井第7段 压裂质量数量监控表（邻井压力、井口、砂量）.xlsx,1.邻井压力监测表,32.0,25.0,已提取,3个通道
E:\压裂窜扰项目\02 规范化\阳101H35\阳101H35 邻井压力监测\3井压裂期间邻井压力检测_3井第7段 压裂质量数量监控表（邻井压力、井口、砂量）.xlsx,2.井口阀门监控表,19.0,11.0,非时序压力表,工况、数量或阶段汇总表
E:\压裂窜扰项目\02 规范化\阳101H35\阳101H35 邻井压力监测\3井压裂期间邻井压力检测_3井第7段 压裂质量数量监控表（邻井压力、井口、砂量）.xlsx,3.液量、砂量核实表,65.0,24.0,非时序压力表,工况、数量或阶段汇总表
E:\压裂窜扰项目\02 规范化\阳101H35\阳101H35 邻井压力监测\3井压裂期间邻井压力检测_3井第8段 压裂质量数量监控表（邻井压力、井口、砂量）.xlsx,1.邻井压力监测表,32.0,25.0,已提取,3个通道
E:\压裂窜扰项目\02 规范化\阳101H35\阳101H35 邻井压力监测\3井压裂期间邻井压力检测_3井第8段 压裂质量数量监控表（邻井压力、井口、砂量）.xlsx,2.井口阀门监控表,19.0,11.0,非时序压力表,工况、数量或阶段汇总表
E:\压裂窜扰项目\02 规范化\阳101H35\阳101H35 邻井压力监测\3井压裂期间邻井压力检测_3井第8段 压裂质量数量监控表（邻井压力、井口、砂量）.xlsx,3.液量、砂量核实表,65.0,24.0,非时序压力表,工况、数量或阶段汇总表
E:\压裂窜扰项目\02 规范化\阳101H35\阳101H35 邻井压力监测\3井压裂期间邻井压力检测_3井第9段 压裂质量数量监控表（邻井压力、井口、砂量）.xlsx,1.邻井压力监测表,23.0,25.0,已提取,3个通道
E:\压裂窜扰项目\02 规范化\阳101H35\阳101H35 邻井压力监测\3井压裂期间邻井压力检测_3井第9段 压裂质量数量监控表（邻井压力、井口、砂量）.xlsx,2.井口阀门监控表,22.0,11.0,非时序压力表,工况、数量或阶段汇总表
E:\压裂窜扰项目\02 规范化\阳101H35\阳101H35 邻井压力监测\3井压裂期间邻井压力检测_3井第9段 压裂质量数量监控表（邻井压力、井口、砂量）.xlsx,3.液量、砂量核实表,65.0,24.0,非时序压力表,工况、数量或阶段汇总表
E:\压裂窜扰项目\02 规范化\阳101H35\阳101H35 邻井压力监测\3井压裂期间邻井压力检测_3井第9段 压裂质量数量监控表（邻井压力、井口、砂量）.xlsx,Sheet1,22.0,4.0,未提取压力通道,0个通道
E:\压裂窜扰项目\02 规范化\阳101H35\阳101H35 邻井压力监测\阳101H35平台134井套压分点数据.xls,text,1445.0,5.0,已提取,3个通道
E:\压裂窜扰项目\02 规范化\阳101H35\阳101H35 邻井压力监测\阳101H35平台134井套压秒点数据.xls,text,86405.0,5.0,已提取,3个通道
E:\压裂窜扰项目\02 规范化\阳101H35\阳101H35 邻井压力监测\阳101H35平台1井、3井（5.7上午）压力分点数据.xls,text,183.0,4.0,已提取,2个通道
E:\压裂窜扰项目\02 规范化\阳101H35\阳101H35 邻井压力监测\阳101H35平台1井、3井（5.7上午）压力秒点数据.xls,text,10685.0,4.0,已提取,2个通道
E:\压裂窜扰项目\02 规范化\阳101H35\阳101H35 邻井压力监测\阳101H35平台1井、3井（5.7下午）压力分点数据.xls,text,155.0,4.0,已提取,2个通道
E:\压裂窜扰项目\02 规范化\阳101H35\阳101H35 邻井压力监测\阳101H35平台1井、3井（5.7下午）压力秒点数据.xls,text,9005.0,4.0,已提取,2个通道
E:\压裂窜扰项目\02 规范化\阳101H35\阳101H35 邻井压力监测\阳101H35平台1井、3井（5.8）压力分点数据.xls,text,207.0,4.0,已提取,2个通道
E:\压裂窜扰项目\02 规范化\阳101H35\阳101H35 邻井压力监测\阳101H35平台1井、3井（5.8）压力秒点数据.xls,text,12125.0,4.0,已提取,2个通道
E:\压裂窜扰项目\02 规范化\阳101H35\阳101H35 邻井压力监测\阳101H35平台1井压力分点数据（4.13-4.29）.xls,text,23765.0,2.0,已提取,1个通道
E:\压裂窜扰项目\02 规范化\阳101H35\阳101H35 邻井压力监测\阳101H35平台1井压力秒点数据（4.13-4.20）.xls,text,604804.0,2.0,解析失败,没有至少5个可解释时间点
E:\压裂窜扰项目\02 规范化\阳101H35\阳101H35 邻井压力监测\阳101H35平台1井压力秒点数据（4.20-4.29）.xls,text,820805.0,3.0,已提取,1个通道
E:\压裂窜扰项目\02 规范化\阳101H35\阳101H35 邻井压力监测\阳101H35平台1井第11压裂施工曲线图秒点5.29.xlsx,Log Data,15282.0,10.0,已提取,1个通道
E:\压裂窜扰项目\02 规范化\阳101H35\阳101H35 邻井压力监测\阳101H35平台1井第11压裂施工曲线图秒点5.29.xlsx,Log Data (2),15483.0,15.0,已提取,1个通道
E:\压裂窜扰项目\02 规范化\阳101H35\阳101H35 邻井压力监测\阳101H35平台1井第11段压裂期间邻井分点数据5.29.xlsx,text,263.0,5.0,已提取,3个通道
E:\压裂窜扰项目\02 规范化\阳101H35\阳101H35 邻井压力监测\阳101H35平台1井第11段压裂期间邻井秒点数据5.29.xlsx,text,15485.0,5.0,已提取,3个通道
E:\压裂窜扰项目\02 规范化\阳101H35\阳101H35 邻井压力监测\阳101H35平台1井第九段压裂期间邻井分点数据5.26.xlsx,text,305.0,6.0,已提取,4个通道
E:\压裂窜扰项目\02 规范化\阳101H35\阳101H35 邻井压力监测\阳101H35平台1井第九段压裂期间邻井秒点数据5.26.xlsx,text,18005.0,6.0,已提取,4个通道
E:\压裂窜扰项目\02 规范化\阳101H35\阳101H35 邻井压力监测\阳101H35平台1井第八段压裂期间邻井分点数据5.24.xlsx,text,239.0,5.0,已提取,3个通道
E:\压裂窜扰项目\02 规范化\阳101H35\阳101H35 邻井压力监测\阳101H35平台1井第八段压裂期间邻井秒点数据5.24.xlsx,text,14045.0,5.0,已提取,3个通道
E:\压裂窜扰项目\02 规范化\阳101H35\阳101H35 邻井压力监测\阳101H35平台1井第十段压裂期间邻井分点数据5.28.xlsx,text,229.0,5.0,已提取,3个通道
E:\压裂窜扰项目\02 规范化\阳101H35\阳101H35 邻井压力监测\阳101H35平台1井第十段压裂期间邻井秒点数据5.28.xlsx,text,13445.0,5.0,已提取,3个通道
E:\压裂窜扰项目\02 规范化\阳101H35\阳101H35 邻井压力监测\阳101H35平台2井压力分点数据（4.13-4.29）.xls,text,23765.0,3.0,已提取,1个通道
E:\压裂窜扰项目\02 规范化\阳101H35\阳101H35 邻井压力监测\阳101H35平台2井压力秒点数据（4.13-4.20）.xls,text,604805.0,3.0,已提取,1个通道
E:\压裂窜扰项目\02 规范化\阳101H35\阳101H35 邻井压力监测\阳101H35平台2井压力秒点数据（4.20-4.29）.xls,text,820805.0,3.0,已提取,1个通道
E:\压裂窜扰项目\02 规范化\阳101H35\阳101H35 邻井压力监测\阳101H35平台2井压裂第十一段邻井分点数据5.23.xlsx,text,158.0,5.0,已提取,3个通道
E:\压裂窜扰项目\02 规范化\阳101H35\阳101H35 邻井压力监测\阳101H35平台2井压裂第十一段邻井秒点数据5.23.xlsx,text,9185.0,5.0,已提取,3个通道
E:\压裂窜扰项目\02 规范化\阳101H35\阳101H35 邻井压力监测\阳101H35平台2井第12段压裂期间邻井分点数据5.29.xlsx,text,281.0,5.0,已提取,3个通道
E:\压裂窜扰项目\02 规范化\阳101H35\阳101H35 邻井压力监测\阳101H35平台2井第12段压裂期间邻井秒点数据5.29.xlsx,text,16565.0,5.0,已提取,3个通道
E:\压裂窜扰项目\02 规范化\阳101H35\阳101H35 邻井压力监测\阳101H35平台2井第7段压裂期间邻井分点压力数据.xls,text,256.0,5.0,已提取,3个通道
E:\压裂窜扰项目\02 规范化\阳101H35\阳101H35 邻井压力监测\阳101H35平台2井第7段压裂期间邻井秒点压力数据.xls,text,15065.0,5.0,已提取,3个通道
E:\压裂窜扰项目\02 规范化\阳101H35\阳101H35 邻井压力监测\阳101H35平台2井第九段2024.5.22  08：00邻井秒点数据.xls,text,86405.0,5.0,已提取,3个通道
E:\压裂窜扰项目\02 规范化\阳101H35\阳101H35 邻井压力监测\阳101H35平台2井第九段压裂邻井分点数据.xls,text,147.0,5.0,已提取,3个通道
E:\压裂窜扰项目\02 规范化\阳101H35\阳101H35 邻井压力监测\阳101H35平台2井第九段压裂邻井秒点数据(1).xls,text,8525.0,5.0,已提取,3个通道
E:\压裂窜扰项目\02 规范化\阳101H35\阳101H35 邻井压力监测\阳101H35平台2井第八段压裂邻井分点数据2024.5.20.xls,text,93.0,5.0,已提取,3个通道
E:\压裂窜扰项目\02 规范化\阳101H35\阳101H35 邻井压力监测\阳101H35平台2井第八段压裂邻井秒点数据2024.5.20.xls,text,5285.0,5.0,已提取,3个通道
E:\压裂窜扰项目\02 规范化\阳101H35\阳101H35 邻井压力监测\阳101H35平台3井压力分点数据（4.13-4.29）.xls,text,23765.0,3.0,已提取,1个通道
E:\压裂窜扰项目\02 规范化\阳101H35\阳101H35 邻井压力监测\阳101H35平台3井压力秒点数据（4.13-4.20）.xls,text,648005.0,3.0,已提取,1个通道
E:\压裂窜扰项目\02 规范化\阳101H35\阳101H35 邻井压力监测\阳101H35平台3井压力秒点数据（4.20-4.29）.xls,text,820805.0,3.0,已提取,1个通道
E:\压裂窜扰项目\02 规范化\阳101H35\阳101H35 邻井压力监测\阳101H35平台3井第7段施工36-1井曲线图分点.xlsx2024.4.23.xlsx,Log Data,381.0,13.0,已提取,1个通道
E:\压裂窜扰项目\02 规范化\阳101H35\阳101H35 邻井压力监测\阳101H35平台3井第九段压裂期间邻井分点数据5.24.xlsx,text,298.0,5.0,已提取,3个通道
E:\压裂窜扰项目\02 规范化\阳101H35\阳101H35 邻井压力监测\阳101H35平台3井第九段压裂期间邻井秒点数据5.24.xlsx,text,17585.0,5.0,已提取,3个通道
E:\压裂窜扰项目\02 规范化\阳101H35\阳101H35 邻井压力监测\阳101H35平台3井第八段压裂期间邻井分点数据2024.5.23.xlsx,text,274.0,5.0,已提取,3个通道
E:\压裂窜扰项目\02 规范化\阳101H35\阳101H35 邻井压力监测\阳101H35平台3井第八段压裂期间邻井秒点数据2024.5.23.xlsx,text,16145.0,5.0,已提取,3个通道
E:\压裂窜扰项目\02 规范化\阳101H35\阳101H35 邻井压力监测\阳101H35平台3井第十一段压裂期间邻井分点数据.xlsx,text,287.0,6.0,已提取,4个通道
E:\压裂窜扰项目\02 规范化\阳101H35\阳101H35 邻井压力监测\阳101H35平台3井第十一段压裂期间邻井秒点数据5.27.xlsx,text,16925.0,5.0,已提取,3个通道
E:\压裂窜扰项目\02 规范化\阳101H35\阳101H35 邻井压力监测\阳101H35平台3井第十三段压裂期间邻井分点数据5.30(1).xlsx,text,212.0,5.0,已提取,3个通道
E:\压裂窜扰项目\02 规范化\阳101H35\阳101H35 邻井压力监测\阳101H35平台3井第十三段压裂期间邻井秒点数据5.30.xlsx,text,12425.0,5.0,已提取,3个通道
E:\压裂窜扰项目\02 规范化\阳101H35\阳101H35 邻井压力监测\阳101H35平台分点压力数据-2.xls,text,1445.0,5.0,已提取,3个通道
E:\压裂窜扰项目\02 规范化\阳101H35\阳101H35 邻井压力监测\阳101H35平台分点压力数据.xls,text,14666.0,6.0,已提取,4个通道
E:\压裂窜扰项目\02 规范化\阳101H35\阳101H35 邻井压力监测\阳101H35平台压窜记录(4.11-4.18)_邻井压力数据_35-1井第2段施工2井分点数据2024.4.17.xls,text,215.0,2.0,已提取,1个通道
E:\压裂窜扰项目\02 规范化\阳101H35\阳101H35 邻井压力监测\阳101H35平台压窜记录(4.11-4.18)_邻井压力数据_35-1井第2段施工2井秒点数据2024.4.17.xls,text,12605.0,3.0,已提取,1个通道
E:\压裂窜扰项目\02 规范化\阳101H35\阳101H35 邻井压力监测\阳101H35平台压窜记录(4.11-4.18)_邻井压力数据_35-2-1段1井压力分点数据2024.4.14.xls,text,188.0,3.0,已提取,1个通道
E:\压裂窜扰项目\02 规范化\阳101H35\阳101H35 邻井压力监测\阳101H35平台压窜记录(4.11-4.18)_邻井压力数据_35-2-1段1井压力秒点数据2024.4.14.xls,text,10985.0,3.0,已提取,1个通道
E:\压裂窜扰项目\02 规范化\阳101H35\阳101H35 邻井压力监测\阳101H35平台压窜记录(4.11-4.18)_邻井压力数据_4.18二井第二段压裂1井套压分点数据.xls,text,305.0,3.0,已提取,1个通道
E:\压裂窜扰项目\02 规范化\阳101H35\阳101H35 邻井压力监测\阳101H35平台压窜记录(4.11-4.18)_邻井压力数据_4.18二井第二段压裂1井套压秒点数据.xls,text,18005.0,3.0,已提取,1个通道
E:\压裂窜扰项目\02 规范化\阳101H35\阳101H35 邻井压力监测\阳101H35平台压窜记录(4.19-4.25)_1#流程_实时数据_35-2井第3段施工结束后36-1井压力上涨2024.4.22.csv,text,24386.0,22.0,未提取压力通道,0个通道
E:\压裂窜扰项目\02 规范化\阳101H35\阳101H35 邻井压力监测\阳101H35平台压窜记录(4.19-4.25)_35-1井第3段施工后        4井分钟数据.csv2024.4.21.csv,text,1433.0,4.0,未提取压力通道,0个通道
E:\压裂窜扰项目\02 规范化\阳101H35\阳101H35 邻井压力监测\阳101H35平台压窜记录(4.19-4.25)_35-1第3段施工后36-4井3秒点2024.4.21.csv,text,28568.0,21.0,未提取压力通道,0个通道
E:\压裂窜扰项目\02 规范化\阳101H35\阳101H35 邻井压力监测\阳101H35平台压窜记录(4.19-4.25)_35-3井第7段施工36-1井压力数据2024.4.23.csv,text,4572.0,4.0,已提取,1个通道
E:\压裂窜扰项目\02 规范化\阳101H35\阳101H35 邻井压力监测\阳101H35平台压窜记录(4.19-4.25)_35-3第7段  1井分钟数据(1).csv2024.4.23.csv,text,363.0,3.0,未提取压力通道,0个通道
E:\压裂窜扰项目\02 规范化\阳101H35\阳101H35 邻井压力监测\阳101H35平台压窜记录(4.19-4.25)_4#流程_实时数据_35-3井第6段施工后36-4井压力上涨2024.4.22.csv,text,24386.0,22.0,未提取压力通道,0个通道
E:\压裂窜扰项目\02 规范化\阳101H35\阳101H35 邻井压力监测\阳101H35平台压窜记录(4.19-4.25)_邻井压力数据_1井第3段施工2井压力分点数据(2)2024.4.21.xls,text,185.0,3.0,已提取,1个通道
E:\压裂窜扰项目\02 规范化\阳101H35\阳101H35 邻井压力监测\阳101H35平台压窜记录(4.19-4.25)_邻井压力数据_1井第3段施工2井压力秒点数据(2)2024.4.21.xls,text,10805.0,2.0,已提取,1个通道
E:\压裂窜扰项目\02 规范化\阳101H35\阳101H35 邻井压力监测\阳101H35平台压窜记录(4.19-4.25)_邻井压力数据_1井第四段压裂期间2井分点数据2024.4.24.xls,text,215.0,3.0,已提取,1个通道
E:\压裂窜扰项目\02 规范化\阳101H35\阳101H35 邻井压力监测\阳101H35平台压窜记录(4.19-4.25)_邻井压力数据_1井第四段压裂期间2井秒点数据2024.4.24.xls,text,12605.0,3.0,已提取,1个通道
E:\压裂窜扰项目\02 规范化\阳101H35\阳101H35 邻井压力监测\阳101H35平台压窜记录(4.19-4.25)_邻井压力数据_2井第四段压裂1井压力分点数据2024.4.25.xls,text,310.0,3.0,已提取,1个通道
E:\压裂窜扰项目\02 规范化\阳101H35\阳101H35 邻井压力监测\阳101H35平台压窜记录(4.19-4.25)_邻井压力数据_2井第四段压裂1井压力秒点数据2024.4.25.xls,text,18305.0,3.0,已提取,1个通道
E:\压裂窜扰项目\02 规范化\阳101H35\阳101H35 邻井压力监测\阳101H35平台压窜记录(4.19-4.25)_邻井压力数据_35-2井第3段施工1井压力分点数据(1)2024.4.22.xls,text,195.0,3.0,已提取,1个通道
E:\压裂窜扰项目\02 规范化\阳101H35\阳101H35 邻井压力监测\阳101H35平台压窜记录(4.19-4.25)_邻井压力数据_35-2井第3段施工1井压力秒点数据2024.4.22.xls,text,11405.0,3.0,已提取,1个通道
E:\压裂窜扰项目\02 规范化\阳101H35\阳101H35 邻井压力监测\阳101H35平台压窜记录(4.26-5.3)_邻井_1井第七段压裂2井分点数据2024.4.29.xls,text,146.0,3.0,已提取,1个通道
E:\压裂窜扰项目\02 规范化\阳101H35\阳101H35 邻井压力监测\阳101H35平台压窜记录(4.26-5.3)_邻井_1井第七段压裂2井秒点数据2024.4.29.xls,text,8465.0,3.0,已提取,1个通道
E:\压裂窜扰项目\02 规范化\阳101H35\阳101H35 邻井压力监测\阳101H35平台压窜记录(4.26-5.3)_邻井_1井第五段压裂2井压力分点数据2024.4.26.xls,text,220.0,3.0,已提取,1个通道
E:\压裂窜扰项目\02 规范化\阳101H35\阳101H35 邻井压力监测\阳101H35平台压窜记录(4.26-5.3)_邻井_1井第五段压裂2井压力秒点数据2024.4.26.xls,text,12905.0,3.0,已提取,1个通道
E:\压裂窜扰项目\02 规范化\阳101H35\阳101H35 邻井压力监测\阳101H35平台压窜记录(4.26-5.3)_邻井_1井第六段压裂2井分点数据2024.4.28.xls,text,125.0,3.0,已提取,1个通道
E:\压裂窜扰项目\02 规范化\阳101H35\阳101H35 邻井压力监测\阳101H35平台压窜记录(4.26-5.3)_邻井_1井第六段压裂2井秒点数据2024.4.28.xls,text,7205.0,3.0,已提取,1个通道
E:\压裂窜扰项目\02 规范化\阳101H35\阳101H35 邻井压力监测\阳101H35平台压窜记录（5.17-5.23）_邻井压力_35-3井第8段施工36-1井分点数据2024.5.23.xlsx,1#流程_分钟数据_20240523070000~202405,716.0,3.0,已提取,1个通道
E:\压裂窜扰项目\02 规范化\阳101H35\阳101H35 邻井压力监测\阳101H35平台压窜记录（5.17-5.23）_邻井压力_35-3井第8段施工36-1井秒点数据2024.5.23.xlsx,1#流程_实时数据_20240523070000~202405,14332.0,3.0,已提取,1个通道
E:\压裂窜扰项目\02 规范化\阳101H35\阳101H35 邻井压力监测\阳101H35平台压窜记录（5.17-5.23）_邻井压力_阳101H36平台1井第十二段压裂期间邻井分点数据5.30.xlsx,text,235.0,5.0,已提取,3个通道
E:\压裂窜扰项目\02 规范化\阳101H35\阳101H35 邻井压力监测\阳101H35平台压窜记录（5.17-5.23）_邻井压力_阳101H36平台1井第十二段压裂期间邻井秒点数据5.30.xlsx,text,13805.0,5.0,已提取,3个通道
E:\压裂窜扰项目\02 规范化\阳101H35\阳101H35 邻井压力监测\阳101H35平台秒点压力数据-2.xls,text,86405.0,5.0,已提取,3个通道
E:\压裂窜扰项目\02 规范化\阳101H35\阳101H35 邻井压力监测\阳101H35平台秒点压力数据.xls,text,879665.0,6.0,已提取,4个通道
E:\压裂窜扰项目\02 规范化\阳101H35\阳101H35 邻井压力监测\阳101H35平台邻井分点数据.xls,text,1445.0,5.0,已提取,3个通道
E:\压裂窜扰项目\02 规范化\阳101H35\阳101H35 邻井压力监测\阳101H35平台邻井秒点数据.xls,text,86405.0,5.0,已提取,3个通道
E:\压裂窜扰项目\02 规范化\阳101H43\阳101H43 邻井压力监测\阳101H43-2井压力上涨秒点数据-2.xls,导出数据,11704.0,2.0,未提取压力通道,0个通道
E:\压裂窜扰项目\02 规范化\阳101H43\阳101H43 邻井压力监测\阳101H43-2井压力上涨秒点数据.xls,导出数据,8704.0,2.0,未提取压力通道,0个通道
E:\压裂窜扰项目\02 规范化\阳101H43\阳101H43 邻井压力监测\阳101H43-2及-4井压力上涨秒点数据.xls,导出数据,12544.0,3.0,未提取压力通道,0个通道
E:\压裂窜扰项目\02 规范化\阳101H43\阳101H43 邻井压力监测\阳101H43监测日志.xlsx,6井,26.0,33.0,解析失败,没有至少5个可解释时间点
E:\压裂窜扰项目\02 规范化\阳101H51\阳101H51 邻井压力监测\阳101H51-1-10段压裂施工-2、3井秒点压力监测-2.xlsx,阳101H51-1井10段压裂施工期间2井、3井压力秒点数据（,3603.0,3.0,已提取,2个通道
E:\压裂窜扰项目\02 规范化\阳101H51\阳101H51 邻井压力监测\阳101H51-1-10段压裂施工-2、3井秒点压力监测.xlsx,阳101H51-1井10段压裂施工期间2井、3井压力秒点数据（,20571.0,3.0,已提取,2个通道
E:\压裂窜扰项目\02 规范化\阳101H51\阳101H51 邻井压力监测\阳101H51-1-12段压裂施工-2、3井秒点压力监测.xlsx,阳101H51-1井12段压裂施工期间2井、3井压力秒点数据（,13563.0,3.0,已提取,2个通道
E:\压裂窜扰项目\02 规范化\阳101H51\阳101H51 邻井压力监测\阳101H51-1-13段压裂施工-2、3井秒点压力监测.xlsx,阳101H51-1井13段压裂期间2井、3井秒点数据,11234.0,3.0,已提取,2个通道
E:\压裂窜扰项目\02 规范化\阳101H51\阳101H51 邻井压力监测\阳101H51-1-14段压裂施工-2、3井秒点压力监测.xlsx,阳101H51-1井14段压裂施工期间2井、3井压力秒点数据（,5523.0,3.0,已提取,2个通道
E:\压裂窜扰项目\02 规范化\阳101H51\阳101H51 邻井压力监测\阳101H51-1-15段压裂施工-2、3井秒点压力监测.xlsx,阳101H51-1井15段压裂施工2井、3井压力秒点数据（20,5883.0,3.0,已提取,2个通道
E:\压裂窜扰项目\02 规范化\阳101H51\阳101H51 邻井压力监测\阳101H51-1-16段压裂施工-2、3井秒点压力监测.xlsx,阳101H51-1井16段压裂施工期间2井、3井压力秒点数据（,6843.0,3.0,已提取,2个通道
E:\压裂窜扰项目\02 规范化\阳101H51\阳101H51 邻井压力监测\阳101H51-1-18段压裂施工-2、3井秒点压力监测.xlsx,阳101H51-1井18段压裂施工期间2井、3井压力秒点数据（,7443.0,3.0,已提取,2个通道
E:\压裂窜扰项目\02 规范化\阳101H51\阳101H51 邻井压力监测\阳101H51-1-19段压裂施工-2、3井秒点压力监测.xlsx,阳101H51-1井19段压裂施工期间2井、3井压力秒点数据（,9663.0,3.0,已提取,2个通道
E:\压裂窜扰项目\02 规范化\阳101H51\阳101H51 邻井压力监测\阳101H51-1-20段压裂施工-2井秒点压力监测.xlsx,阳101H51-1井20段压裂2井秒点数据（2026.6.26,10743.0,2.0,已提取,1个通道
E:\压裂窜扰项目\02 规范化\阳101H51\阳101H51 邻井压力监测\阳101H51-1-21段压裂施工-2井秒点压力监测.xlsx,阳101H51-1井21段压裂期间2井压力秒点数据（2026.,17042.0,2.0,已提取,1个通道
E:\压裂窜扰项目\02 规范化\阳101H51\阳101H51 邻井压力监测\阳101H51-1-2段压裂施工-2井秒点压力监测（1518）.xlsx,阳101H51-1井压裂期间2井压力秒点数据1518,12543.0,2.0,已提取,1个通道
E:\压裂窜扰项目\02 规范化\阳101H51\阳101H51 邻井压力监测\阳101H51-1-2段压裂施工-2井秒点压力监测（上午桥塞滑移）.xlsx,阳101H51-1井压裂期间2井压力秒点数据,5582.0,2.0,已提取,1个通道
E:\压裂窜扰项目\02 规范化\阳101H51\阳101H51 邻井压力监测\阳101H51-1-2段压裂施工-3井秒点压力监测（1518）.xlsx,阳101H51-1井压裂期间3井压力秒点数据,12602.0,2.0,已提取,1个通道
E:\压裂窜扰项目\02 规范化\阳101H51\阳101H51 邻井压力监测\阳101H51-1-4段压裂施工-2、3井秒点压力监测.xlsx,阳101H51-1井压力施工期间2井、3井压力秒点数据,16627.0,3.0,已提取,2个通道
E:\压裂窜扰项目\02 规范化\阳101H51\阳101H51 邻井压力监测\阳101H51-1-5段压裂施工-2、3井秒点压力监测.xlsx,阳101H51-1井5段压裂施工期间2井、3井压力秒点数据,18002.0,3.0,已提取,2个通道
E:\压裂窜扰项目\02 规范化\阳101H51\阳101H51 邻井压力监测\阳101H51-1-6段压裂施工-2、3井秒点压力监测.xlsx,阳101H51-1井6压裂期间2井、3井压力秒点数据,15782.0,3.0,已提取,2个通道
E:\压裂窜扰项目\02 规范化\阳101H51\阳101H51 邻井压力监测\阳101H51-1-7段压裂施工-2、3井秒点压力监测.xlsx,阳101H51-1井7段压裂施工期间1井、2井压力秒点数据（1,12002.0,3.0,已提取,2个通道
E:\压裂窜扰项目\02 规范化\阳101H51\阳101H51 邻井压力监测\阳101H51-1-8段压裂施工-2、3井秒点压力监测.xlsx,阳101H51-1井8段压裂施工期间2井、3井压力秒点数据（2,12542.0,3.0,已提取,2个通道
E:\压裂窜扰项目\02 规范化\阳101H51\阳101H51 邻井压力监测\阳101H51-1-9段压裂施工-2、3井秒点压力监测.xlsx,阳101H51-1井9段压裂施工期间2井、3井压力秒点数据（2,11924.0,3.0,已提取,2个通道
E:\压裂窜扰项目\02 规范化\阳101H51\阳101H51 邻井压力监测\阳101H51-2-10段压裂施工-1、3井秒点压力监测.xlsx,阳101H51-2井第10段压裂施工期间1井、3井压力秒点数据,5643.0,3.0,已提取,2个通道
E:\压裂窜扰项目\02 规范化\阳101H51\阳101H51 邻井压力监测\阳101H51-2-11段压裂施工-1、3井秒点压力监测.xlsx,阳101H51-2井11段压裂施工期间1井、3井压力秒点数据（,5403.0,3.0,已提取,2个通道
E:\压裂窜扰项目\02 规范化\阳101H51\阳101H51 邻井压力监测\阳101H51-2-13段压裂施工-1、3井秒点压力监测.xlsx,阳101H51平台-2井13段压裂施工期间1井、3井压力秒点数,19082.0,3.0,已提取,2个通道
E:\压裂窜扰项目\02 规范化\阳101H51\阳101H51 邻井压力监测\阳101H51-2-14段压裂施工-1、3、4井秒点压力监测.xlsx,阳101H51-2井14段压裂施工期间1井、3井、4井压力秒点,15962.0,4.0,已提取,3个通道
E:\压裂窜扰项目\02 规范化\阳101H51\阳101H51 邻井压力监测\阳101H51-2-15段压裂施工-1、3、4井秒点压力监测.xlsx,历史数据,10921.0,4.0,已提取,3个通道
E:\压裂窜扰项目\02 规范化\阳101H51\阳101H51 邻井压力监测\阳101H51-2-16段压裂施工-1、3、4井套压压力监测.xlsx,阳101H51平台2井16段压裂1井3井4井压力数据,11701.0,4.0,已提取,3个通道
E:\压裂窜扰项目\02 规范化\阳101H51\阳101H51 邻井压力监测\阳101H51-2-17段压裂施工-1、3、4井秒点压力监测.xlsx,阳101H51-2井17段压裂施工期间1井、3井、4井压力秒点,9963.0,4.0,已提取,3个通道
E:\压裂窜扰项目\02 规范化\阳101H51\阳101H51 邻井压力监测\阳101H51-2-18段压裂施工-1、3、4井秒点压力监测.xlsx,阳101H51-2井18段压裂施工期间1井、3井、4井压力秒点,13743.0,4.0,已提取,3个通道
E:\压裂窜扰项目\02 规范化\阳101H51\阳101H51 邻井压力监测\阳101H51-2-19段压裂施工-1、3、4井秒点压力监测.xlsx,阳101H51-2井19段压裂期间1井、3井、4井压力秒点数据,27663.0,4.0,已提取,3个通道
E:\压裂窜扰项目\02 规范化\阳101H51\阳101H51 邻井压力监测\阳101H51-2-1段压裂施工-1、3井秒点压力监测.xlsx,阳101H51-2井1段压裂施工期间1井、3井秒点数据,15013.0,3.0,已提取,2个通道
E:\压裂窜扰项目\02 规范化\阳101H51\阳101H51 邻井压力监测\阳101H51-2-2段压裂施工-1、3井秒点压力监测.xlsx,阳101H51-2井压裂施工期间、1井、3井压力秒点数据,13502.0,3.0,已提取,2个通道
E:\压裂窜扰项目\02 规范化\阳101H51\阳101H51 邻井压力监测\阳101H51-2-3段压裂施工-1、3井秒点压力监测.xlsx,阳101H51-2井压裂施工期间1井、3井压力秒点数据,17402.0,3.0,已提取,2个通道
E:\压裂窜扰项目\02 规范化\阳101H51\阳101H51 邻井压力监测\阳101H51-2-4段压裂施工-1、3井秒点压力监测.xlsx,阳101H51-2井压力施工期间1井、3井压力秒点数据,19022.0,3.0,已提取,2个通道
E:\压裂窜扰项目\02 规范化\阳101H51\阳101H51 邻井压力监测\阳101H51-2-5段压裂施工-1、3井秒点压力监测.xlsx,阳101H51-2井5段压裂施工期间1井、3井压力秒点数据,18482.0,3.0,已提取,2个通道
E:\压裂窜扰项目\02 规范化\阳101H51\阳101H51 邻井压力监测\阳101H51-2-6段压裂施工-1、3井秒点压力监测.xlsx,阳101H51-2井6段压裂期间1井、3井压力秒点数据（202,13322.0,3.0,已提取,2个通道
E:\压裂窜扰项目\02 规范化\阳101H51\阳101H51 邻井压力监测\阳101H51-2-7段压裂施工-1、3井秒点压力监测-2.xlsx,阳101H51-2井7段压裂期间1井、3井秒点数据2026.5,21543.0,3.0,已提取,2个通道
E:\压裂窜扰项目\02 规范化\阳101H51\阳101H51 邻井压力监测\阳101H51-2-7段压裂施工-1、3井秒点压力监测.xlsx,阳101H51-2井7段压裂施工期间1井、3井压力秒点数据（2,13143.0,3.0,已提取,2个通道
E:\压裂窜扰项目\02 规范化\阳101H51\阳101H51 邻井压力监测\阳101H51-2-8段压裂施工-1、3井秒点压力监测-2.xlsx,阳101H51-2井8段压裂期间1井、3井秒点数据2026.5,19743.0,3.0,已提取,2个通道
E:\压裂窜扰项目\02 规范化\阳101H51\阳101H51 邻井压力监测\阳101H51-2-8段压裂施工-1、3井秒点压力监测.xlsx,阳101H51-2井8段压裂施工期间1井、3井压力秒点数据（2,11223.0,3.0,已提取,2个通道
E:\压裂窜扰项目\02 规范化\阳101H51\阳101H51 邻井压力监测\阳101H51-3-10段压裂施工-1、2、4井秒点压力监测.xlsx,阳101H51-3井10段压裂期间1井、2井、4井压力秒点数据,13683.0,4.0,已提取,3个通道
E:\压裂窜扰项目\02 规范化\阳101H51\阳101H51 邻井压力监测\阳101H51-3-12段压裂施工-2、4井秒点压力监测.xlsx,阳101H51-3井12段压裂施工期间2井、4井压力秒点数据（,14223.0,3.0,已提取,2个通道
E:\压裂窜扰项目\02 规范化\阳101H51\阳101H51 邻井压力监测\阳101H51-3-13段压裂施工-1、2、4井秒点压力监测.xlsx,阳101H51-3井13段压裂施工期间1井、2井、4井压力秒点,15963.0,4.0,已提取,3个通道
E:\压裂窜扰项目\02 规范化\阳101H51\阳101H51 邻井压力监测\阳101H51-3-14段压裂施工-2、4、5、6井套压压力监测.xlsx,阳101H51-3井14段压裂施工期间2井、4井、5井、6井,21422.0,5.0,已提取,4个通道
E:\压裂窜扰项目\02 规范化\阳101H51\阳101H51 邻井压力监测\阳101H51-3-26段压裂施工-1、2、4、6井套压秒点压力监测.xlsx,阳101H51-3井压裂期间1井、2井、4井、6井压力秒点数据,15182.0,5.0,已提取,4个通道
E:\压裂窜扰项目\02 规范化\阳101H51\阳101H51 邻井压力监测\阳101H51-3-2段压裂施工-1、2井套压压力监测.xlsx,阳101H51-3井第2段压裂期间1井、2井邻井压力,18302.0,3.0,已提取,2个通道
E:\压裂窜扰项目\02 规范化\阳101H51\阳101H51 邻井压力监测\阳101H51-3-3段压裂施工-1、2井秒点压力监测.xlsx,阳101H51-3井3段压裂施工期间1井、2井压力秒点数据,14042.0,3.0,已提取,2个通道
E:\压裂窜扰项目\02 规范化\阳101H51\阳101H51 邻井压力监测\阳101H51-3-4段压裂施工-1、2井秒点压力监测.xlsx,阳101H51-3井4段压裂期间1井、2井压力秒点数据（202,12482.0,3.0,已提取,2个通道
E:\压裂窜扰项目\02 规范化\阳101H51\阳101H51 邻井压力监测\阳101H51-3-5段压裂施工-1、2井秒点压力监测.xlsx,阳101H51-3井5段压裂施工期间1井、2井压力秒点数据（2,11223.0,3.0,已提取,2个通道
E:\压裂窜扰项目\02 规范化\阳101H51\阳101H51 邻井压力监测\阳101H51-3-6段压裂施工-1、2井秒点压力监测.xlsx,阳101H51-3井6段压裂期间1井、2井秒点数据（2026.,9123.0,3.0,已提取,2个通道
E:\压裂窜扰项目\02 规范化\阳101H51\阳101H51 邻井压力监测\阳101H51-3-7段压裂施工-1、2井秒点压力监测.xlsx,阳101H51-3井7段压裂施工期间1井、2井压力秒点数据（2,6483.0,3.0,已提取,2个通道
E:\压裂窜扰项目\02 规范化\阳101H51\阳101H51 邻井压力监测\阳101H51-3-8段压裂施工-1、2井秒点压力监测.xlsx,阳101H51-3井第8段压裂施工期间1井、2井压力秒点数据（,5223.0,3.0,已提取,2个通道
E:\压裂窜扰项目\02 规范化\阳101H51\阳101H51 邻井压力监测\阳101H51-4-1段压裂施工-1、2、3井秒点压力监测.xlsx,阳101H51-4井1段压裂施工期间1井、2井、3井压力秒点数,19323.0,4.0,已提取,3个通道
E:\压裂窜扰项目\02 规范化\阳101H51\阳101H51 邻井压力监测\阳101H51-4-2段压裂施工-2、3井秒点压力监测-2.xlsx,阳101H51-4井2段压裂施工期间2井、3井压力秒点数据（2,7633.0,3.0,已提取,2个通道
E:\压裂窜扰项目\02 规范化\阳101H51\阳101H51 邻井压力监测\阳101H51-4-2段压裂施工-2、3井秒点压力监测.xlsx,阳101H51平台4井2段压裂期间2井、3井压力秒点数据（20,8943.0,3.0,已提取,2个通道
E:\压裂窜扰项目\02 规范化\阳101H51\阳101H51 邻井压力监测\阳101H51-4-4段压裂施工-2、3井秒点压力监测.xlsx,阳101H51-4井4段压裂施工期间2井、3井压力秒点数据（2,7623.0,3.0,已提取,2个通道
E:\压裂窜扰项目\02 规范化\阳101H51\阳101H51 邻井压力监测\阳101H51-4-5段压裂施工-3、5井秒点压力监测.xlsx,阳101H51-4井5段压裂施工期间3井、5井压力秒点数据（2,15963.0,3.0,已提取,2个通道
E:\压裂窜扰项目\02 规范化\阳101H51\阳101H51 邻井压力监测\阳101H51-4-6段压裂施工-1、2、3井秒点压力监测.xlsx,阳101H51-4井6段压裂施工期间1井、2井、3井压力秒点数,11883.0,4.0,已提取,3个通道
E:\压裂窜扰项目\02 规范化\阳101H51\阳101H51 邻井压力监测\阳101H51-4-7段压裂施工-2、3井秒点压力监测.xlsx,阳101H51-4井7段压裂期间2井、3井秒点数据（2026.,10683.0,3.0,已提取,2个通道
E:\压裂窜扰项目\02 规范化\阳101H51\阳101H51 邻井压力监测\阳101H51-4-8段压裂施工-2、3、5、6井秒点压力监测.xlsx,阳101H51-4井8段压裂施工期间2井、3井、5井、6井压力,13083.0,5.0,已提取,4个通道
E:\压裂窜扰项目\02 规范化\阳101H51\阳101H51 邻井压力监测\阳101H51-4-9段压裂施工-3、5、6井秒点压力监测.xlsx,阳101H51-4井9段压裂全国期间3井、5井、6井压力秒点数,19082.0,4.0,已提取,3个通道
E:\压裂窜扰项目\02 规范化\阳101H51\阳101H51 邻井压力监测\阳101H51-5-1段压裂施工-6井秒点压力监测.xlsx,阳101H51-5井第1段压裂施工期间6井压力秒点数据（202,12783.0,3.0,已提取,1个通道
E:\压裂窜扰项目\02 规范化\阳101H51\阳101H51 邻井压力监测\阳101H51-5-2段压裂施工-4、6井秒点压力监测.xlsx,阳101H51-5井第2段压裂施工期间4井、6井压力秒点数据（,11463.0,3.0,已提取,2个通道
E:\压裂窜扰项目\02 规范化\阳101H51\阳101H51 邻井压力监测\阳101H51-5-3段压裂施工-4、6井秒点压力监测.xlsx,阳101H51-5井3段压裂施工期间4井、6井压力秒点数据（2,18663.0,3.0,已提取,2个通道
E:\压裂窜扰项目\02 规范化\阳101H51\阳101H51 邻井压力监测\阳101H51-5-4段压裂施工-4、6井秒点压力监测.xlsx,阳101H51-5井4段压裂施工期间4井、6井压力秒点数据,10743.0,3.0,已提取,2个通道
E:\压裂窜扰项目\02 规范化\阳101H51\阳101H51 邻井压力监测\阳101H51-5-5段压裂施工-6井套压压力监测.xlsx,阳101H51平台5井5段压裂期间6井压力数据,16082.0,2.0,已提取,1个通道
E:\压裂窜扰项目\02 规范化\阳101H51\阳101H51 邻井压力监测\阳101H51-5-6段压裂施工-4、6井秒点压力监测.xlsx,阳101H51平台-5井6段压裂施工期间4井、6井压力秒点数据,15003.0,3.0,已提取,2个通道
E:\压裂窜扰项目\02 规范化\阳101H51\阳101H51 邻井压力监测\阳101H51-6-10段压裂施工-5井秒点压力监测.xlsx,阳101H51-6井10段压裂施工期间5井压力秒点数据,13803.0,2.0,已提取,1个通道
E:\压裂窜扰项目\02 规范化\阳101H51\阳101H51 邻井压力监测\阳101H51-6-1段压裂施工-5井秒点压力监测.xlsx,阳101H51-6井1段压裂施工期间5井压力秒点数据（2026,11163.0,2.0,已提取,1个通道
E:\压裂窜扰项目\02 规范化\阳101H51\阳101H51 邻井压力监测\阳101H51-6-2段压裂施工-5井秒点压力监测.xlsx,阳101H51-6井2段压裂施工期间5井压力秒点期间,16120.0,2.0,已提取,1个通道
E:\压裂窜扰项目\02 规范化\阳101H51\阳101H51 邻井压力监测\阳101H51-6-3段压裂施工-5井秒点压力监测.xlsx,阳101H51-6井3段压裂施工期间5井压力秒点数据,16143.0,2.0,已提取,1个通道
E:\压裂窜扰项目\02 规范化\阳101H51\阳101H51 邻井压力监测\阳101H51-6-4段压裂施工-5井秒点压力监测.xlsx,阳101H51-6井4段压裂施工期间5井压力秒点数据（2026,13863.0,2.0,已提取,1个通道
E:\压裂窜扰项目\02 规范化\阳101H51\阳101H51 邻井压力监测\阳101H51-6-5段压裂施工-5井秒点压力监测.xlsx,阳101H51-6井压力施工期间5井压力秒点数据（2026.6,10263.0,2.0,已提取,1个通道
E:\压裂窜扰项目\02 规范化\阳101H51\阳101H51 邻井压力监测\阳101H51-6-6段压裂施工-5井秒点压力监测.xlsx,阳101H51-6井6段压裂施工期间5井压力秒点数据（2026,11223.0,2.0,已提取,1个通道
E:\压裂窜扰项目\02 规范化\阳101H51\阳101H51 邻井压力监测\阳101H51-6-7段压裂施工-5井秒点压力监测.xlsx,阳101H51-6井7段压裂施工期间5井压力秒点数据（2026,10263.0,2.0,已提取,1个通道
E:\压裂窜扰项目\02 规范化\阳101H51\阳101H51 邻井压力监测\阳101H51-6-9段压裂施工-5井套压压力监测.xlsx,阳101H51平台6井9段压裂5井压力,15302.0,2.0,已提取,1个通道
E:\压裂窜扰项目\02 规范化\阳101H51\阳101H51 邻井压力监测\阳101H51-6井8井压裂施工期间5井压力秒点数据（2026.6.15）.xlsx,阳101H51-6井8井压裂施工期间5井压力秒点数据（2026,9603.0,2.0,已提取,1个通道
E:\压裂窜扰项目\02 规范化\阳101H6\阳101H6 邻井压力监测\阳101H6-6-5段压裂施工-5井套压压力监测.xls,导出数据,14404.0,2.0,未提取压力通道,0个通道
E:\压裂窜扰项目\02 规范化\阳101H6\阳101H6 邻井压力监测\阳101H6-7-11段压裂施工-8井套压压力监测.xls,导出数据,12179.0,5.0,未提取压力通道,0个通道
E:\压裂窜扰项目\02 规范化\阳101H6\阳101H6 邻井压力监测\阳101H6-8-12段压裂施工-7井套压压力监测.xls,导出数据,8104.0,3.0,未提取压力通道,0个通道
E:\压裂窜扰项目\02 规范化\阳101H6\阳101H6 邻井压力监测\阳101H6-8-24段压裂施工-7井秒点压力监测.xls,导出数据,6004.0,2.0,未提取压力通道,0个通道
E:\压裂窜扰项目\02 规范化\阳101H6\阳101H6 邻井压力监测\阳101H6-8-26段压裂施工-7井秒点压力监测.xls,导出数据,4864.0,2.0,未提取压力通道,0个通道
E:\压裂窜扰项目\02 规范化\阳101H6\阳101H6 邻井压力监测\阳101H6-8-27段压裂施工-7井秒点压力监测.xls,导出数据,9304.0,2.0,未提取压力通道,0个通道
E:\压裂窜扰项目\02 规范化\阳101H6\阳101H6 邻井压力监测\阳101H6-8-28段压裂施工-7井秒点压力监测.xls,导出数据,10684.0,2.0,未提取压力通道,0个通道
E:\压裂窜扰项目\02 规范化\阳101H6\阳101H6 邻井压力监测\阳101H6-8-29段压裂施工-7井秒点压力监测.xls,导出数据,10024.0,2.0,未提取压力通道,0个通道
E:\压裂窜扰项目\02 规范化\阳101H6\阳101H6 邻井压力监测\阳101H6-8井-27段压窜图.xls,封面,13.0,3.0,解析失败,没有至少5个可解释时间点
E:\压裂窜扰项目\02 规范化\阳101H6\阳101H6 邻井压力监测\阳101H6-8井-27段压窜图.xls,基础参数,44.0,7.0,非时序压力表,工况、数量或阶段汇总表
E:\压裂窜扰项目\02 规范化\阳101H6\阳101H6 邻井压力监测\阳101H6-8井-27段压窜图.xls,施工设计,104.0,10.0,非时序压力表,工况、数量或阶段汇总表
E:\压裂窜扰项目\02 规范化\阳101H6\阳101H6 邻井压力监测\阳101H6-8井-27段压窜图.xls,阶段汇总,30.0,15.0,非时序压力表,工况、数量或阶段汇总表
E:\压裂窜扰项目\02 规范化\阳101H6\阳101H6 邻井压力监测\阳101H6-8井-27段压窜图.xls,曲线图,11282.0,3.0,解析失败,没有至少5个可解释时间点
E:\压裂窜扰项目\02 规范化\阳101H6\阳101H6 邻井压力监测\阳101H6-8井-27段压窜图.xls,分点数据,11283.0,6.0,已提取,1个通道
E:\压裂窜扰项目\02 规范化\阳101H6\阳101H6 邻井压力监测\阳101H6-8井-27段压窜图.xls,打印数据,239.0,9.0,未提取压力通道,0个通道
E:\压裂窜扰项目\02 规范化\阳101H6\阳101H6 邻井压力监测\阳101H6-8井-28段压窜资料.xls,封面,13.0,3.0,解析失败,没有至少5个可解释时间点
E:\压裂窜扰项目\02 规范化\阳101H6\阳101H6 邻井压力监测\阳101H6-8井-28段压窜资料.xls,基础参数,44.0,7.0,非时序压力表,工况、数量或阶段汇总表
E:\压裂窜扰项目\02 规范化\阳101H6\阳101H6 邻井压力监测\阳101H6-8井-28段压窜资料.xls,施工设计,104.0,10.0,非时序压力表,工况、数量或阶段汇总表
E:\压裂窜扰项目\02 规范化\阳101H6\阳101H6 邻井压力监测\阳101H6-8井-28段压窜资料.xls,阶段汇总,32.0,15.0,非时序压力表,工况、数量或阶段汇总表
E:\压裂窜扰项目\02 规范化\阳101H6\阳101H6 邻井压力监测\阳101H6-8井-28段压窜资料.xls,分点数据,12726.0,5.0,已提取,1个通道
E:\压裂窜扰项目\02 规范化\阳101H6\阳101H6 邻井压力监测\阳101H6-8井-28段压窜资料.xls,打印数据,283.0,9.0,未提取压力通道,0个通道
E:\压裂窜扰项目\02 规范化\阳101H6\阳101H6 邻井压力监测\阳101H6-8井-29段压窜图.xls,封面,13.0,3.0,解析失败,没有至少5个可解释时间点
E:\压裂窜扰项目\02 规范化\阳101H6\阳101H6 邻井压力监测\阳101H6-8井-29段压窜图.xls,基础参数,44.0,7.0,非时序压力表,工况、数量或阶段汇总表
E:\压裂窜扰项目\02 规范化\阳101H6\阳101H6 邻井压力监测\阳101H6-8井-29段压窜图.xls,施工设计,104.0,10.0,非时序压力表,工况、数量或阶段汇总表
E:\压裂窜扰项目\02 规范化\阳101H6\阳101H6 邻井压力监测\阳101H6-8井-29段压窜图.xls,阶段汇总,32.0,15.0,非时序压力表,工况、数量或阶段汇总表
E:\压裂窜扰项目\02 规范化\阳101H6\阳101H6 邻井压力监测\阳101H6-8井-29段压窜图.xls,分点数据,12065.0,5.0,已提取,1个通道
E:\压裂窜扰项目\02 规范化\阳101H6\阳101H6 邻井压力监测\阳101H6-8井-29段压窜图.xls,打印数据,283.0,9.0,未提取压力通道,0个通道
E:\压裂窜扰项目\02 规范化\阳101H6\阳101H6 邻井压力监测\阳101H6-8井-29段压窜资料.xls,封面,13.0,3.0,解析失败,没有至少5个可解释时间点
E:\压裂窜扰项目\02 规范化\阳101H6\阳101H6 邻井压力监测\阳101H6-8井-29段压窜资料.xls,基础参数,44.0,7.0,非时序压力表,工况、数量或阶段汇总表
E:\压裂窜扰项目\02 规范化\阳101H6\阳101H6 邻井压力监测\阳101H6-8井-29段压窜资料.xls,施工设计,104.0,10.0,非时序压力表,工况、数量或阶段汇总表
E:\压裂窜扰项目\02 规范化\阳101H6\阳101H6 邻井压力监测\阳101H6-8井-29段压窜资料.xls,阶段汇总,30.0,15.0,非时序压力表,工况、数量或阶段汇总表
E:\压裂窜扰项目\02 规范化\阳101H6\阳101H6 邻井压力监测\阳101H6-8井-29段压窜资料.xls,分点数据,12183.0,11.0,未提取压力通道,0个通道
E:\压裂窜扰项目\02 规范化\阳101H6\阳101H6 邻井压力监测\阳101H6-8井-29段压窜资料.xls,打印数据,258.0,9.0,未提取压力通道,0个通道
E:\压裂窜扰项目\02 规范化\阳101H75\阳101H75 邻井压力监测\阳101H75-2-6段压裂施工-4、5井套压压力监测.xls,导出数据,36004.0,3.0,已提取,2个通道
E:\压裂窜扰项目\02 规范化\阳101H75\阳101H75 邻井压力监测\阳101H75-3-9段压裂施工-2井秒点压力监测.xls,导出数据,7204.0,2.0,已提取,1个通道
E:\压裂窜扰项目\02 规范化\阳101H75\阳101H75 邻井压力监测\阳101H75-5-6段压裂施工-4井秒点压力监测.xls,导出数据,10804.0,2.0,已提取,1个通道
E:\压裂窜扰项目\02 规范化\阳101H75\阳101H75 邻井压力监测\阳101H75-5-7段压裂施工-4井秒点压力监测.xls,导出数据,15364.0,2.0,已提取,1个通道
E:\压裂窜扰项目\02 规范化\阳101H75\阳101H75 邻井压力监测\阳101H75平台秒点数据_2井_2井第21段3井秒点.xls,导出数据,9724.0,2.0,已提取,1个通道
E:\压裂窜扰项目\02 规范化\阳101H75\阳101H75 邻井压力监测\阳101H75平台秒点数据_2井_3井秒点数据（2井第16段）.xls,导出数据,10804.0,2.0,已提取,1个通道
E:\压裂窜扰项目\02 规范化\阳101H75\阳101H75 邻井压力监测\阳101H75平台秒点数据_3井_3井第10段2井秒点数据2023.3.8.xls,导出数据,10384.0,2.0,已提取,1个通道
E:\压裂窜扰项目\02 规范化\阳101H75\阳101H75 邻井压力监测\阳101H75平台秒点数据_4井_4井5井秒点数据2023.2.22（6井9段）.xls,导出数据,10804.0,3.0,已提取,2个通道
E:\压裂窜扰项目\02 规范化\阳101H75\阳101H75 邻井压力监测\阳101H75平台秒点数据_4井_4井5井秒点数据（6井8段）.xls,导出数据,10804.0,3.0,已提取,2个通道
E:\压裂窜扰项目\02 规范化\阳101H75\阳101H75 邻井压力监测\阳101H75平台秒点数据_4井_4井第2段5井压力监测.xls,导出数据,33664.0,2.0,已提取,1个通道
E:\压裂窜扰项目\02 规范化\阳101H75\阳101H75 邻井压力监测\阳101H75平台秒点数据_6井_2023.2.13压裂6井第6段期间4井秒点.xls,导出数据,10804.0,2.0,已提取,1个通道
E:\压裂窜扰项目\02 规范化\阳101H75\阳101H75 邻井压力监测\阳101H75平台秒点数据_6井_2023.2.13压裂6井第6段期间5井秒点.xls,导出数据,10804.0,2.0,已提取,1个通道
E:\压裂窜扰项目\02 规范化\阳101H75\阳101H75 邻井压力监测\阳101H75平台秒点数据_6井_6井第11段临井压力监测秒点数据.xls,导出数据,9904.0,3.0,已提取,2个通道
E:\压裂窜扰项目\02 规范化\阳101H75\阳101H75 邻井压力监测\阳101H75平台秒点数据_6井_6井第7段4井5井压力.xls,导出数据,10264.0,3.0,已提取,2个通道
E:\压裂窜扰项目\02 规范化\阳101H75\阳101H75 邻井压力监测\阳101H75平台秒点数据_6井_六井第十段临井压力监测秒点数据.xls,导出数据,11704.0,3.0,已提取,2个通道
