file,channel_count,final_status,related_unique_samples,reason
E:\压裂窜扰项目\02 规范化\不重要的\泸206H10\泸206H10 邻井压力监测\新建文件夹_4井_4井第11段压裂期间-2.、3井压力.xlsx,2,已用于形态聚类或重复合并,2,参与形态聚类候选: observed_file_window
E:\压裂窜扰项目\02 规范化\不重要的\泸206H10\泸206H10 邻井压力监测\新建文件夹_4井_4井第7段压裂期间-3井压力.xlsx,1,已用于形态聚类或重复合并,1,参与形态聚类候选: observed_file_window
E:\压裂窜扰项目\02 规范化\不重要的\泸206H10\泸206H10 邻井压力监测\新建文件夹_4井_4井第9段压裂期间-3井压力.xlsx,1,已用于形态聚类或重复合并,1,参与形态聚类候选: observed_file_window
E:\压裂窜扰项目\02 规范化\不重要的\泸206H10\泸206H10 邻井压力监测\泸206H10-2-10段压裂施工-3、5井压力监测.xlsx,2,已用于形态聚类或重复合并,2,参与形态聚类候选: observed_file_window
E:\压裂窜扰项目\02 规范化\不重要的\泸206H10\泸206H10 邻井压力监测\泸206H10-2-15段压裂施工-1、3、4、5井压力监测.xlsx,4,已用于形态聚类或重复合并,4,参与形态聚类候选: observed_file_window
E:\压裂窜扰项目\02 规范化\不重要的\泸206H10\泸206H10 邻井压力监测\泸206H10-2-7段压裂施工-3、4井压力监测.xlsx,2,已用于形态聚类或重复合并,2,参与形态聚类候选: observed_file_window
E:\压裂窜扰项目\02 规范化\不重要的\泸206H10\泸206H10 邻井压力监测\泸206H10-2-8段压裂施工-3、4井压力监测.xlsx,2,已用于形态聚类或重复合并,2,参与形态聚类候选: observed_file_window
E:\压裂窜扰项目\02 规范化\不重要的\泸206H10\泸206H10 邻井压力监测\泸206H10-3-10段压裂施工-1、2、4、5井压力监测.xlsx,3,已用于形态聚类或重复合并,3,参与形态聚类候选: observed_file_window
E:\压裂窜扰项目\02 规范化\不重要的\泸206H10\泸206H10 邻井压力监测\泸206H10-3-11段压裂施工-1、2、4、5井压力监测.xlsx,3,已用于形态聚类或重复合并,3,参与形态聚类候选: observed_file_window
E:\压裂窜扰项目\02 规范化\不重要的\泸206H10\泸206H10 邻井压力监测\泸206H10-3-12段压裂施工-1、2、4、5井压力监测.xlsx,4,已用于形态聚类或重复合并,4,参与形态聚类候选: observed_file_window
E:\压裂窜扰项目\02 规范化\不重要的\泸206H10\泸206H10 邻井压力监测\泸206H10-3-2段压裂施工-2、4井压力监测.xlsx,2,已用于形态聚类或重复合并,2,参与形态聚类候选: observed_file_window
E:\压裂窜扰项目\02 规范化\不重要的\泸206H10\泸206H10 邻井压力监测\泸206H10-3-3段压裂施工-2、4井压力监测.xlsx,2,已用于形态聚类或重复合并,2,参与形态聚类候选: observed_file_window
E:\压裂窜扰项目\02 规范化\不重要的\泸206H10\泸206H10 邻井压力监测\泸206H10-3-4段压裂施工-2、4井压力监测.xlsx,2,已用于形态聚类或重复合并,2,参与形态聚类候选: observed_file_window
E:\压裂窜扰项目\02 规范化\不重要的\泸206H10\泸206H10 邻井压力监测\泸206H10-3-5段压裂施工-2、4井压力监测.xlsx,2,已用于形态聚类或重复合并,2,参与形态聚类候选: observed_file_window
E:\压裂窜扰项目\02 规范化\不重要的\泸206H10\泸206H10 邻井压力监测\泸206H10-3-7段压裂施工-1、2、4、5井压力监测.xlsx,4,已用于形态聚类或重复合并,4,参与形态聚类候选: observed_file_window
E:\压裂窜扰项目\02 规范化\不重要的\泸206H10\泸206H10 邻井压力监测\泸206H10-3-9段压裂施工-1、2、4、5井压力监测.xlsx,4,已用于形态聚类或重复合并,4,参与形态聚类候选: observed_file_window
E:\压裂窜扰项目\02 规范化\不重要的\泸206H10\泸206H10 邻井压力监测\泸206H10-4-10段压裂施工-2、3井压力监测.xlsx,2,已用于形态聚类或重复合并,2,参与形态聚类候选: observed_file_window
E:\压裂窜扰项目\02 规范化\不重要的\泸206H10\泸206H10 邻井压力监测\泸206H10-4-14段压裂施工-1、2、3、5井压力监测.xlsx,4,已用于形态聚类或重复合并,4,参与形态聚类候选: observed_file_window
E:\压裂窜扰项目\02 规范化\不重要的\泸206H10\泸206H10 邻井压力监测\泸206H10-4-8段压裂施工-2、3井压力监测.xlsx,2,已用于形态聚类或重复合并,2,参与形态聚类候选: observed_file_window
E:\压裂窜扰项目\02 规范化\不重要的\自205H1\自205H1 邻井压力监测\自205H1平台5-8井监测数据-2.xlsx,0,未形成聚类样本,0,阶段统计而非时序: 各施工段统计指标，不能拼为连续压力曲线
E:\压裂窜扰项目\02 规范化\不重要的\自205H1\自205H1 邻井压力监测\自205H1平台5-8井监测数据.xlsx,0,未形成聚类样本,0,阶段统计而非时序: 各施工段统计指标，不能拼为连续压力曲线
E:\压裂窜扰项目\02 规范化\不重要的\阳101H2\补充来源_常规汇总\2_邻井压力监测\阳101H26平台各井压裂分数据   叠合图.12.14.xlsx,3,已用于形态聚类或重复合并,3,参与形态聚类候选: observed_file_window；重复或补充片段已合并: 相同事件/通道且压力一致，仅计一个样本
E:\压裂窜扰项目\02 规范化\不重要的\阳101H2\补充来源_常规汇总\2_邻井压力监测\阳101H26平台各井压裂分数据.   叠合图12.13(2).xlsx,4,已用于形态聚类或重复合并,4,参与形态聚类候选: observed_file_window
E:\压裂窜扰项目\02 规范化\不重要的\阳101H2\补充来源_常规汇总\2_邻井压力监测\阳101H26平台各井压裂分数据.12.12(1).xlsx,4,已用于形态聚类或重复合并,4,参与形态聚类候选: observed_file_window
E:\压裂窜扰项目\02 规范化\不重要的\阳101H2\补充来源_常规汇总\2_邻井压力监测\阳101H26平台各井压裂分数据.12.12.xlsx,4,已用于形态聚类或重复合并,4,参与形态聚类候选: observed_file_window
E:\压裂窜扰项目\02 规范化\不重要的\阳101H2\补充来源_常规汇总\2_邻井压力监测\阳101H26平台各井压裂分数据.12.13(1).xlsx,4,已用于形态聚类或重复合并,4,参与形态聚类候选: observed_file_window
E:\压裂窜扰项目\02 规范化\不重要的\阳101H2\补充来源_常规汇总\2_邻井压力监测\阳101H26平台各井压裂分数据.12.13(2).xlsx,4,已用于形态聚类或重复合并,4,重复或补充片段已合并: 相同事件/通道且压力一致，仅计一个样本
E:\压裂窜扰项目\02 规范化\不重要的\阳101H2\补充来源_常规汇总\2_邻井压力监测\阳101H26平台各井压裂分数据.12.14(1).xlsx,4,已用于形态聚类或重复合并,4,重复或补充片段已合并: 相同事件/通道且压力一致，仅计一个样本；参与形态聚类候选: observed_file_window
E:\压裂窜扰项目\02 规范化\不重要的\阳101H2\补充来源_常规汇总\2_邻井压力监测\阳101H26平台各井压裂分数据.12.16(1).xlsx,4,已用于形态聚类或重复合并,4,参与形态聚类候选: observed_file_window
E:\压裂窜扰项目\02 规范化\不重要的\阳101H2\补充来源_常规汇总\2_邻井压力监测\阳101H26平台各井压裂分数据.12.17.xlsx,4,已用于形态聚类或重复合并,4,参与形态聚类候选: observed_file_window
E:\压裂窜扰项目\02 规范化\不重要的\阳101H2\补充来源_常规汇总\2_邻井压力监测\阳101H26平台各井压裂分数据.12.19(1).xlsx,4,已用于形态聚类或重复合并,4,参与形态聚类候选: observed_file_window
E:\压裂窜扰项目\02 规范化\不重要的\阳101H2\补充来源_常规汇总\2_邻井压力监测\阳101H26平台各井压裂分数据.12.26(1).xlsx,4,已用于形态聚类或重复合并,4,参与形态聚类候选: observed_file_window
E:\压裂窜扰项目\02 规范化\不重要的\阳101H2\补充来源_常规汇总\2_邻井压力监测\阳101H26平台各井压裂分数据.12.27.xlsx,4,已用于形态聚类或重复合并,4,参与形态聚类候选: observed_file_window
E:\压裂窜扰项目\02 规范化\不重要的\阳101H2\补充来源_常规汇总\2_邻井压力监测\阳101H26平台各井压裂分数据.12.29.xlsx,4,已用于形态聚类或重复合并,4,参与形态聚类候选: observed_file_window
E:\压裂窜扰项目\02 规范化\不重要的\阳101H2\补充来源_常规汇总\2_邻井压力监测\阳101H26平台各井压裂分数据.12.29__B1DD799A.xlsx,4,已用于形态聚类或重复合并,4,参与形态聚类候选: observed_file_window
E:\压裂窜扰项目\02 规范化\不重要的\阳101H2\阳101H2 邻井压力监测\4井3段 施工邻井压力叠合图  (1).xlsx,12,已用于形态聚类或重复合并,12,参与形态聚类候选: observed_file_window
E:\压裂窜扰项目\02 规范化\不重要的\阳101H2\阳101H2 邻井压力监测\4井8：00到13：40套压数据.xls,1,已用于形态聚类或重复合并,1,参与形态聚类候选: observed_file_window
E:\压裂窜扰项目\02 规范化\不重要的\阳101H2\阳101H2 邻井压力监测\4井第5段（6井套压秒点数据）.xls,1,未形成聚类样本,0,施工井自身压力: 源井与监测井相同
E:\压裂窜扰项目\02 规范化\不重要的\阳101H2\阳101H2 邻井压力监测\5井套压分点数据11.6.xls,1,已用于形态聚类或重复合并,1,重复或补充片段已合并: 相同事件/通道且压力一致，仅计一个样本
E:\压裂窜扰项目\02 规范化\不重要的\阳101H2\阳101H2 邻井压力监测\5井套压秒点.xlsx,1,已用于形态聚类或重复合并,1,参与形态聚类候选: observed_file_window
E:\压裂窜扰项目\02 规范化\不重要的\阳101H2\阳101H2 邻井压力监测\压裂质量数量监控表1.2 2井19段   叠合图  ..xlsx,2,已用于形态聚类或重复合并,2,参与形态聚类候选: observed_file_window
E:\压裂窜扰项目\02 规范化\不重要的\阳101H2\阳101H2 邻井压力监测\压裂质量数量监控表1.4 2井21段 ..xlsx,2,已用于形态聚类或重复合并,2,参与形态聚类候选: observed_file_window
E:\压裂窜扰项目\02 规范化\不重要的\阳101H2\阳101H2 邻井压力监测\压裂质量数量监控表1.5 2井22段 ..xlsx,2,已用于形态聚类或重复合并,2,参与形态聚类候选: observed_file_window
E:\压裂窜扰项目\02 规范化\不重要的\阳101H2\阳101H2 邻井压力监测\压裂质量数量监控表12.10 2井1段.xlsx,2,已用于形态聚类或重复合并,2,参与形态聚类候选: observed_file_window
E:\压裂窜扰项目\02 规范化\不重要的\阳101H2\阳101H2 邻井压力监测\压裂质量数量监控表12.10 4井17段.xlsx,2,已用于形态聚类或重复合并,2,参与形态聚类候选: observed_file_window
E:\压裂窜扰项目\02 规范化\不重要的\阳101H2\阳101H2 邻井压力监测\压裂质量数量监控表12.11    邻井叠合图 2井2段.xlsx,2,已用于形态聚类或重复合并,2,参与形态聚类候选: observed_file_window
E:\压裂窜扰项目\02 规范化\不重要的\阳101H2\阳101H2 邻井压力监测\压裂质量数量监控表12.11 4井18段.xlsx,2,已用于形态聚类或重复合并,2,参与形态聚类候选: observed_file_window
E:\压裂窜扰项目\02 规范化\不重要的\阳101H2\阳101H2 邻井压力监测\压裂质量数量监控表12.12 2井3段.xlsx,2,已用于形态聚类或重复合并,2,参与形态聚类候选: observed_file_window
E:\压裂窜扰项目\02 规范化\不重要的\阳101H2\阳101H2 邻井压力监测\压裂质量数量监控表12.13 4井20段.xlsx,2,已用于形态聚类或重复合并,2,参与形态聚类候选: observed_file_window
E:\压裂窜扰项目\02 规范化\不重要的\阳101H2\阳101H2 邻井压力监测\压裂质量数量监控表12.22 2井9段.xlsx,2,已用于形态聚类或重复合并,2,参与形态聚类候选: observed_file_window
E:\压裂窜扰项目\02 规范化\不重要的\阳101H2\阳101H2 邻井压力监测\压裂质量数量监控表12.26 2井12段.xlsx,2,已用于形态聚类或重复合并,2,参与形态聚类候选: observed_file_window
E:\压裂窜扰项目\02 规范化\不重要的\阳101H2\阳101H2 邻井压力监测\压裂质量数量监控表12.27 2井13段.xlsx,2,已用于形态聚类或重复合并,2,参与形态聚类候选: observed_file_window
E:\压裂窜扰项目\02 规范化\不重要的\阳101H2\阳101H2 邻井压力监测\压裂质量数量监控表12.28 2井15段.xlsx,2,已用于形态聚类或重复合并,2,参与形态聚类候选: observed_file_window
E:\压裂窜扰项目\02 规范化\不重要的\阳101H2\阳101H2 邻井压力监测\压裂质量数量监控表12.30 2井16段.xlsx,2,已用于形态聚类或重复合并,2,参与形态聚类候选: observed_file_window
E:\压裂窜扰项目\02 规范化\不重要的\阳101H2\阳101H2 邻井压力监测\压裂质量数量监控表12.30 5井23段.xlsx,2,已用于形态聚类或重复合并,2,参与形态聚类候选: observed_file_window
E:\压裂窜扰项目\02 规范化\不重要的\阳101H2\阳101H2 邻井压力监测\压裂质量数量监控表12.6 6井19段.xlsx,2,已用于形态聚类或重复合并,2,参与形态聚类候选: observed_file_window
E:\压裂窜扰项目\02 规范化\不重要的\阳101H2\阳101H2 邻井压力监测\压裂质量数量监控表12.6 6井19段叠合图.xlsx,2,已用于形态聚类或重复合并,2,重复或补充片段已合并: 相同事件/通道且压力一致，仅计一个样本
E:\压裂窜扰项目\02 规范化\不重要的\阳101H2\阳101H2 邻井压力监测\压裂质量数量监控表12.7 4井15段.xlsx,2,已用于形态聚类或重复合并,2,参与形态聚类候选: observed_file_window
E:\压裂窜扰项目\02 规范化\不重要的\阳101H2\阳101H2 邻井压力监测\压裂质量数量监控表12.8 4井16段.xlsx,2,已用于形态聚类或重复合并,1,参与形态聚类候选: observed_file_window；无法形成完整形态样本: 全零占位压力
E:\压裂窜扰项目\02 规范化\不重要的\阳101H2\阳101H2 邻井压力监测\压裂质量数量监控表12.9 6井21段.xlsx,2,已用于形态聚类或重复合并,2,参与形态聚类候选: observed_file_window
E:\压裂窜扰项目\02 规范化\不重要的\阳101H2\阳101H2 邻井压力监测\阳10132-6井第4段     H2平台邻井井涨压施工叠合图20251112.xlsx,6,已用于形态聚类或重复合并,5,施工井自身压力: 源井与监测井相同；参与形态聚类候选: observed_file_window
E:\压裂窜扰项目\02 规范化\不重要的\阳101H2\阳101H2 邻井压力监测\阳101H2-1、2、3、4、5、6井油压、环空压力监测6井第8段施工   20251119.xlsx,6,已用于形态聚类或重复合并,5,施工井自身压力: 源井与监测井相同；参与形态聚类候选: observed_file_window
E:\压裂窜扰项目\02 规范化\不重要的\阳101H2\阳101H2 邻井压力监测\阳101H2-2-11段压裂施工-3、4、6井分点压力监测.xlsx,3,已用于形态聚类或重复合并,3,重复或补充片段已合并: 相同事件/通道且压力一致，仅计一个样本；参与形态聚类候选: observed_file_window
E:\压裂窜扰项目\02 规范化\不重要的\阳101H2\阳101H2 邻井压力监测\阳101H2-2-11段压裂施工-4、6井分点压力监测.xls,2,已用于形态聚类或重复合并,2,重复或补充片段已合并: 相同事件/通道且压力一致，仅计一个样本
E:\压裂窜扰项目\02 规范化\不重要的\阳101H2\阳101H2 邻井压力监测\阳101H2-2-11段压裂施工-4、6井秒点压力监测.xls,2,已用于形态聚类或重复合并,2,参与形态聚类候选: observed_file_window
E:\压裂窜扰项目\02 规范化\不重要的\阳101H2\阳101H2 邻井压力监测\阳101H2-2-12段压裂施工-3、4、6井分点压力监测.xlsx,3,已用于形态聚类或重复合并,3,重复或补充片段已合并: 相同事件/通道且压力一致，仅计一个样本；参与形态聚类候选: observed_file_window
E:\压裂窜扰项目\02 规范化\不重要的\阳101H2\阳101H2 邻井压力监测\阳101H2-2-12段压裂施工-4、6井分点压力监测.xls,2,已用于形态聚类或重复合并,2,重复或补充片段已合并: 相同事件/通道且压力一致，仅计一个样本
E:\压裂窜扰项目\02 规范化\不重要的\阳101H2\阳101H2 邻井压力监测\阳101H2-2-12段压裂施工-4、6井秒点压力监测.xls,2,已用于形态聚类或重复合并,2,参与形态聚类候选: observed_file_window
E:\压裂窜扰项目\02 规范化\不重要的\阳101H2\阳101H2 邻井压力监测\阳101H2-2-13段压裂施工-4、6井分点压力监测.xls,2,已用于形态聚类或重复合并,2,重复或补充片段已合并: 相同事件/通道且压力一致，仅计一个样本
E:\压裂窜扰项目\02 规范化\不重要的\阳101H2\阳101H2 邻井压力监测\阳101H2-2-13段压裂施工-4、6井秒点压力监测.xls,2,已用于形态聚类或重复合并,2,参与形态聚类候选: observed_file_window
E:\压裂窜扰项目\02 规范化\不重要的\阳101H2\阳101H2 邻井压力监测\阳101H2-2-15段压裂施工-4、6井分点压力监测.xls,2,已用于形态聚类或重复合并,2,重复或补充片段已合并: 相同事件/通道且压力一致，仅计一个样本
E:\压裂窜扰项目\02 规范化\不重要的\阳101H2\阳101H2 邻井压力监测\阳101H2-2-15段压裂施工-4、6井秒点压力监测.xls,2,已用于形态聚类或重复合并,2,参与形态聚类候选: observed_file_window
E:\压裂窜扰项目\02 规范化\不重要的\阳101H2\阳101H2 邻井压力监测\阳101H2-2-16段压裂施工-4、6井分点压力监测.xls,2,已用于形态聚类或重复合并,2,重复或补充片段已合并: 相同事件/通道且压力一致，仅计一个样本
E:\压裂窜扰项目\02 规范化\不重要的\阳101H2\阳101H2 邻井压力监测\阳101H2-2-16段压裂施工-4、6井秒点压力监测.xls,2,已用于形态聚类或重复合并,2,参与形态聚类候选: observed_file_window
E:\压裂窜扰项目\02 规范化\不重要的\阳101H2\阳101H2 邻井压力监测\阳101H2-2-21段压裂施工-4、6井分点压力监测.xls,2,已用于形态聚类或重复合并,2,参与形态聚类候选: observed_file_window
E:\压裂窜扰项目\02 规范化\不重要的\阳101H2\阳101H2 邻井压力监测\阳101H2-2-22段压裂施工-4、6井分点压力监测.xls,2,已用于形态聚类或重复合并,2,重复或补充片段已合并: 相同事件/通道且压力一致，仅计一个样本
E:\压裂窜扰项目\02 规范化\不重要的\阳101H2\阳101H2 邻井压力监测\阳101H2-2-22段压裂施工-4、6井秒点压力监测.xls,2,已用于形态聚类或重复合并,2,参与形态聚类候选: observed_file_window
E:\压裂窜扰项目\02 规范化\不重要的\阳101H2\阳101H2 邻井压力监测\阳101H2-2-6段压裂施工-4、6井分点压力监测.xls,2,已用于形态聚类或重复合并,2,重复或补充片段已合并: 相同事件/通道且压力一致，仅计一个样本
E:\压裂窜扰项目\02 规范化\不重要的\阳101H2\阳101H2 邻井压力监测\阳101H2-2-6段压裂施工-4、6井秒点压力监测.xls,2,已用于形态聚类或重复合并,2,参与形态聚类候选: observed_file_window
E:\压裂窜扰项目\02 规范化\不重要的\阳101H2\阳101H2 邻井压力监测\阳101H2-2-8段压裂施工-3、4、6井分点压力监测.xlsx,3,已用于形态聚类或重复合并,3,参与形态聚类候选: observed_file_window
E:\压裂窜扰项目\02 规范化\不重要的\阳101H2\阳101H2 邻井压力监测\阳101H2-2-9段压裂施工-4、6井秒点压力监测.xls,2,已用于形态聚类或重复合并,2,参与形态聚类候选: observed_file_window
E:\压裂窜扰项目\02 规范化\不重要的\阳101H2\阳101H2 邻井压力监测\阳101H2-4-11段压裂施工-6井分点压力监测.xls,1,已用于形态聚类或重复合并,1,重复或补充片段已合并: 相同事件/通道且压力一致，仅计一个样本
E:\压裂窜扰项目\02 规范化\不重要的\阳101H2\阳101H2 邻井压力监测\阳101H2-4-11段压裂施工-6井秒点压力监测.xls,1,已用于形态聚类或重复合并,1,参与形态聚类候选: observed_file_window
E:\压裂窜扰项目\02 规范化\不重要的\阳101H2\阳101H2 邻井压力监测\阳101H2-4-13段压裂施工-6井分点压力监测.xls,1,已用于形态聚类或重复合并,1,重复或补充片段已合并: 相同事件/通道且压力一致，仅计一个样本
E:\压裂窜扰项目\02 规范化\不重要的\阳101H2\阳101H2 邻井压力监测\阳101H2-4-13段压裂施工-6井秒点压力监测.xls,1,已用于形态聚类或重复合并,1,参与形态聚类候选: observed_file_window
E:\压裂窜扰项目\02 规范化\不重要的\阳101H2\阳101H2 邻井压力监测\阳101H2-4-15段压裂施工-6井分点压力监测.xls,1,已用于形态聚类或重复合并,1,重复或补充片段已合并: 相同事件/通道且压力一致，仅计一个样本
E:\压裂窜扰项目\02 规范化\不重要的\阳101H2\阳101H2 邻井压力监测\阳101H2-4-15段压裂施工-6井秒点压力监测.xls,1,已用于形态聚类或重复合并,1,参与形态聚类候选: observed_file_window
E:\压裂窜扰项目\02 规范化\不重要的\阳101H2\阳101H2 邻井压力监测\阳101H2-4-17段压裂施工-6井分点压力监测.xls,1,已用于形态聚类或重复合并,1,重复或补充片段已合并: 相同事件/通道且压力一致，仅计一个样本
E:\压裂窜扰项目\02 规范化\不重要的\阳101H2\阳101H2 邻井压力监测\阳101H2-4-17段压裂施工-6井秒点压力监测.xls,1,已用于形态聚类或重复合并,1,参与形态聚类候选: observed_file_window
E:\压裂窜扰项目\02 规范化\不重要的\阳101H2\阳101H2 邻井压力监测\阳101H2-4-19段压裂施工-6井分点压力监测.xls,1,已用于形态聚类或重复合并,1,重复或补充片段已合并: 相同事件/通道且压力一致，仅计一个样本
E:\压裂窜扰项目\02 规范化\不重要的\阳101H2\阳101H2 邻井压力监测\阳101H2-4-19段压裂施工-6井秒点压力监测.xls,1,已用于形态聚类或重复合并,1,参与形态聚类候选: observed_file_window
E:\压裂窜扰项目\02 规范化\不重要的\阳101H2\阳101H2 邻井压力监测\阳101H2-4-20段压裂施工-6井分点压力监测.xls,1,已用于形态聚类或重复合并,1,重复或补充片段已合并: 相同事件/通道且压力一致，仅计一个样本
E:\压裂窜扰项目\02 规范化\不重要的\阳101H2\阳101H2 邻井压力监测\阳101H2-4-20段压裂施工-6井秒点压力监测.xls,1,已用于形态聚类或重复合并,1,参与形态聚类候选: observed_file_window
E:\压裂窜扰项目\02 规范化\不重要的\阳101H2\阳101H2 邻井压力监测\阳101H2-4-22段压裂施工-6井分点压力监测.xls,1,已用于形态聚类或重复合并,1,重复或补充片段已合并: 相同事件/通道且压力一致，仅计一个样本
E:\压裂窜扰项目\02 规范化\不重要的\阳101H2\阳101H2 邻井压力监测\阳101H2-4-22段压裂施工-6井秒点压力监测.xls,1,已用于形态聚类或重复合并,1,参与形态聚类候选: observed_file_window
E:\压裂窜扰项目\02 规范化\不重要的\阳101H2\阳101H2 邻井压力监测\阳101H2-4-2段压裂施工-5井分点压力监测.xls,1,已用于形态聚类或重复合并,1,重复或补充片段已合并: 相同事件/通道且压力一致，仅计一个样本
E:\压裂窜扰项目\02 规范化\不重要的\阳101H2\阳101H2 邻井压力监测\阳101H2-4-2段压裂施工-5井秒点压力监测.xls,1,已用于形态聚类或重复合并,1,参与形态聚类候选: observed_file_window
E:\压裂窜扰项目\02 规范化\不重要的\阳101H2\阳101H2 邻井压力监测\阳101H2-4-2段压裂施工-6井分点压力监测.xls,1,已用于形态聚类或重复合并,1,重复或补充片段已合并: 相同事件/通道且压力一致，仅计一个样本
E:\压裂窜扰项目\02 规范化\不重要的\阳101H2\阳101H2 邻井压力监测\阳101H2-4-2段压裂施工-6井秒点压力监测.xls,1,已用于形态聚类或重复合并,1,参与形态聚类候选: observed_file_window
E:\压裂窜扰项目\02 规范化\不重要的\阳101H2\阳101H2 邻井压力监测\阳101H2-4-3段压裂施工-2井分点压力监测.xls,1,已用于形态聚类或重复合并,1,重复或补充片段已合并: 相同事件/通道且压力一致，仅计一个样本
E:\压裂窜扰项目\02 规范化\不重要的\阳101H2\阳101H2 邻井压力监测\阳101H2-4-3段压裂施工-2井秒点压力监测.xls,1,已用于形态聚类或重复合并,1,参与形态聚类候选: observed_file_window
E:\压裂窜扰项目\02 规范化\不重要的\阳101H2\阳101H2 邻井压力监测\阳101H2-4-3段压裂施工-5井分点压力监测.xls,1,已用于形态聚类或重复合并,1,重复或补充片段已合并: 相同事件/通道且压力一致，仅计一个样本
E:\压裂窜扰项目\02 规范化\不重要的\阳101H2\阳101H2 邻井压力监测\阳101H2-4-3段压裂施工-5井秒点压力监测.xls,1,已用于形态聚类或重复合并,1,参与形态聚类候选: observed_file_window
E:\压裂窜扰项目\02 规范化\不重要的\阳101H2\阳101H2 邻井压力监测\阳101H2-4-3段压裂施工-6井分点压力监测.xls,1,已用于形态聚类或重复合并,1,重复或补充片段已合并: 相同事件/通道且压力一致，仅计一个样本
E:\压裂窜扰项目\02 规范化\不重要的\阳101H2\阳101H2 邻井压力监测\阳101H2-4-3段压裂施工-6井秒点压力监测.xls,1,已用于形态聚类或重复合并,1,参与形态聚类候选: observed_file_window
E:\压裂窜扰项目\02 规范化\不重要的\阳101H2\阳101H2 邻井压力监测\阳101H2-4-4段压裂施工-2井分点压力监测.xls,1,已用于形态聚类或重复合并,1,重复或补充片段已合并: 相同事件/通道且压力一致，仅计一个样本
E:\压裂窜扰项目\02 规范化\不重要的\阳101H2\阳101H2 邻井压力监测\阳101H2-4-4段压裂施工-2井秒点压力监测.xls,1,已用于形态聚类或重复合并,1,参与形态聚类候选: observed_file_window
E:\压裂窜扰项目\02 规范化\不重要的\阳101H2\阳101H2 邻井压力监测\阳101H2-4-4段压裂施工-5井分点压力监测.xls,1,已用于形态聚类或重复合并,1,重复或补充片段已合并: 相同事件/通道且压力一致，仅计一个样本
E:\压裂窜扰项目\02 规范化\不重要的\阳101H2\阳101H2 邻井压力监测\阳101H2-4-4段压裂施工-5井秒点压力监测.xls,1,已用于形态聚类或重复合并,1,参与形态聚类候选: observed_file_window
E:\压裂窜扰项目\02 规范化\不重要的\阳101H2\阳101H2 邻井压力监测\阳101H2-4-5段压裂施工-2井分点压力监测.xls,1,已用于形态聚类或重复合并,1,重复或补充片段已合并: 相同事件/通道且压力一致，仅计一个样本
E:\压裂窜扰项目\02 规范化\不重要的\阳101H2\阳101H2 邻井压力监测\阳101H2-4-5段压裂施工-2井秒点压力监测.xls,1,已用于形态聚类或重复合并,1,参与形态聚类候选: observed_file_window
E:\压裂窜扰项目\02 规范化\不重要的\阳101H2\阳101H2 邻井压力监测\阳101H2-4-5段压裂施工-6井分点压力监测.xls,1,已用于形态聚类或重复合并,1,参与形态聚类候选: observed_file_window
E:\压裂窜扰项目\02 规范化\不重要的\阳101H2\阳101H2 邻井压力监测\阳101H2-4-6段压裂施工-2井分点压力监测.xls,1,已用于形态聚类或重复合并,1,重复或补充片段已合并: 相同事件/通道且压力一致，仅计一个样本
E:\压裂窜扰项目\02 规范化\不重要的\阳101H2\阳101H2 邻井压力监测\阳101H2-4-6段压裂施工-2井秒点压力监测.xls,1,已用于形态聚类或重复合并,1,参与形态聚类候选: observed_file_window
E:\压裂窜扰项目\02 规范化\不重要的\阳101H2\阳101H2 邻井压力监测\阳101H2-4-6段压裂施工-5井分点压力监测.xls,1,已用于形态聚类或重复合并,1,重复或补充片段已合并: 相同事件/通道且压力一致，仅计一个样本
E:\压裂窜扰项目\02 规范化\不重要的\阳101H2\阳101H2 邻井压力监测\阳101H2-4-6段压裂施工-5井秒点压力监测.xls,1,已用于形态聚类或重复合并,1,参与形态聚类候选: observed_file_window
E:\压裂窜扰项目\02 规范化\不重要的\阳101H2\阳101H2 邻井压力监测\阳101H2-4-8段压裂施工-2井分点压力监测.xls,1,已用于形态聚类或重复合并,1,重复或补充片段已合并: 相同事件/通道且压力一致，仅计一个样本
E:\压裂窜扰项目\02 规范化\不重要的\阳101H2\阳101H2 邻井压力监测\阳101H2-4-8段压裂施工-2井秒点压力监测.xls,1,已用于形态聚类或重复合并,1,参与形态聚类候选: observed_file_window
E:\压裂窜扰项目\02 规范化\不重要的\阳101H2\阳101H2 邻井压力监测\阳101H2-4-8段压裂施工-6井分点压力监测.xls,1,已用于形态聚类或重复合并,1,参与形态聚类候选: observed_file_window
E:\压裂窜扰项目\02 规范化\不重要的\阳101H2\阳101H2 邻井压力监测\阳101H2-5-23段压裂施工-6井分点压力监测.xls,1,已用于形态聚类或重复合并,1,重复或补充片段已合并: 相同事件/通道且压力一致，仅计一个样本
E:\压裂窜扰项目\02 规范化\不重要的\阳101H2\阳101H2 邻井压力监测\阳101H2-5-23段压裂施工-6井秒点压力监测.xls,1,已用于形态聚类或重复合并,1,参与形态聚类候选: observed_file_window
E:\压裂窜扰项目\02 规范化\不重要的\阳101H2\阳101H2 邻井压力监测\阳101H2-5-4段压裂施工-4井分点压力监测.xls,1,已用于形态聚类或重复合并,1,重复或补充片段已合并: 相同事件/通道且压力一致，仅计一个样本
E:\压裂窜扰项目\02 规范化\不重要的\阳101H2\阳101H2 邻井压力监测\阳101H2-5-4段压裂施工-4井秒点压力监测.xls,1,已用于形态聚类或重复合并,1,参与形态聚类候选: observed_file_window
E:\压裂窜扰项目\02 规范化\不重要的\阳101H2\阳101H2 邻井压力监测\阳101H2-5-8段压裂施工-4井分点压力监测.xls,1,已用于形态聚类或重复合并,1,重复或补充片段已合并: 相同事件/通道且压力一致，仅计一个样本
E:\压裂窜扰项目\02 规范化\不重要的\阳101H2\阳101H2 邻井压力监测\阳101H2-5-8段压裂施工-4井秒点压力监测.xls,1,已用于形态聚类或重复合并,1,参与形态聚类候选: observed_file_window
E:\压裂窜扰项目\02 规范化\不重要的\阳101H2\阳101H2 邻井压力监测\阳101H2-6-10段压裂施工-4井分点压力监测.xls,1,已用于形态聚类或重复合并,1,重复或补充片段已合并: 相同事件/通道且压力一致，仅计一个样本
E:\压裂窜扰项目\02 规范化\不重要的\阳101H2\阳101H2 邻井压力监测\阳101H2-6-10段压裂施工-4井秒点压力监测.xls,1,已用于形态聚类或重复合并,1,参与形态聚类候选: observed_file_window
E:\压裂窜扰项目\02 规范化\不重要的\阳101H2\阳101H2 邻井压力监测\阳101H2-6-11段压裂施工-4井分点压力监测.xls,1,已用于形态聚类或重复合并,1,重复或补充片段已合并: 相同事件/通道且压力一致，仅计一个样本
E:\压裂窜扰项目\02 规范化\不重要的\阳101H2\阳101H2 邻井压力监测\阳101H2-6-11段压裂施工-4井秒点压力监测.xls,1,已用于形态聚类或重复合并,1,参与形态聚类候选: observed_file_window
E:\压裂窜扰项目\02 规范化\不重要的\阳101H2\阳101H2 邻井压力监测\阳101H2-6-12段压裂施工-4井分点压力监测.xls,1,已用于形态聚类或重复合并,1,重复或补充片段已合并: 相同事件/通道且压力一致，仅计一个样本
E:\压裂窜扰项目\02 规范化\不重要的\阳101H2\阳101H2 邻井压力监测\阳101H2-6-12段压裂施工-4井秒点压力监测.xls,1,已用于形态聚类或重复合并,1,参与形态聚类候选: observed_file_window
E:\压裂窜扰项目\02 规范化\不重要的\阳101H2\阳101H2 邻井压力监测\阳101H2-6-13段压裂施工-4井分点压力监测.xls,1,已用于形态聚类或重复合并,1,重复或补充片段已合并: 相同事件/通道且压力一致，仅计一个样本
E:\压裂窜扰项目\02 规范化\不重要的\阳101H2\阳101H2 邻井压力监测\阳101H2-6-13段压裂施工-4井秒点压力监测.xls,1,已用于形态聚类或重复合并,1,参与形态聚类候选: observed_file_window
E:\压裂窜扰项目\02 规范化\不重要的\阳101H2\阳101H2 邻井压力监测\阳101H2-6-14段压裂施工-4井分点压力监测.xls,1,已用于形态聚类或重复合并,1,参与形态聚类候选: observed_file_window
E:\压裂窜扰项目\02 规范化\不重要的\阳101H2\阳101H2 邻井压力监测\阳101H2-6-15段压裂施工-4井分点压力监测.xls,1,已用于形态聚类或重复合并,1,重复或补充片段已合并: 相同事件/通道且压力一致，仅计一个样本
E:\压裂窜扰项目\02 规范化\不重要的\阳101H2\阳101H2 邻井压力监测\阳101H2-6-15段压裂施工-4井秒点压力监测.xls,1,已用于形态聚类或重复合并,1,参与形态聚类候选: observed_file_window
E:\压裂窜扰项目\02 规范化\不重要的\阳101H2\阳101H2 邻井压力监测\阳101H2-6-18段压裂施工-4井分点压力监测.xls,1,已用于形态聚类或重复合并,1,重复或补充片段已合并: 相同事件/通道且压力一致，仅计一个样本
E:\压裂窜扰项目\02 规范化\不重要的\阳101H2\阳101H2 邻井压力监测\阳101H2-6-18段压裂施工-4井秒点压力监测.xls,1,已用于形态聚类或重复合并,1,参与形态聚类候选: observed_file_window
E:\压裂窜扰项目\02 规范化\不重要的\阳101H2\阳101H2 邻井压力监测\阳101H2-6-19段压裂施工-4井分点压力监测.xls,1,已用于形态聚类或重复合并,1,重复或补充片段已合并: 相同事件/通道且压力一致，仅计一个样本
E:\压裂窜扰项目\02 规范化\不重要的\阳101H2\阳101H2 邻井压力监测\阳101H2-6-19段压裂施工-4井秒点压力监测.xls,1,已用于形态聚类或重复合并,1,参与形态聚类候选: observed_file_window
E:\压裂窜扰项目\02 规范化\不重要的\阳101H2\阳101H2 邻井压力监测\阳101H2-6-20段压裂施工-4井分点压力监测.xls,1,已用于形态聚类或重复合并,1,重复或补充片段已合并: 相同事件/通道且压力一致，仅计一个样本
E:\压裂窜扰项目\02 规范化\不重要的\阳101H2\阳101H2 邻井压力监测\阳101H2-6-20段压裂施工-4井秒点压力监测.xls,1,已用于形态聚类或重复合并,1,参与形态聚类候选: observed_file_window
E:\压裂窜扰项目\02 规范化\不重要的\阳101H2\阳101H2 邻井压力监测\阳101H2-6-4段压裂施工-4井分点压力监测.xls,1,已用于形态聚类或重复合并,1,重复或补充片段已合并: 相同事件/通道且压力一致，仅计一个样本
E:\压裂窜扰项目\02 规范化\不重要的\阳101H2\阳101H2 邻井压力监测\阳101H2-6-4段压裂施工-4井秒点压力监测.xls,1,已用于形态聚类或重复合并,1,参与形态聚类候选: observed_file_window
E:\压裂窜扰项目\02 规范化\不重要的\阳101H2\阳101H2 邻井压力监测\阳101H2-6-9段压裂施工-2井分点压力监测.xls,1,已用于形态聚类或重复合并,1,重复或补充片段已合并: 相同事件/通道且压力一致，仅计一个样本
E:\压裂窜扰项目\02 规范化\不重要的\阳101H2\阳101H2 邻井压力监测\阳101H2-6-9段压裂施工-2井秒点压力监测.xls,1,已用于形态聚类或重复合并,1,参与形态聚类候选: observed_file_window
E:\压裂窜扰项目\02 规范化\不重要的\阳101H2\阳101H2 邻井压力监测\阳101H2-8井压力监测数据表.xlsx,1,已用于形态聚类或重复合并,1,参与形态聚类候选: observed_file_window
E:\压裂窜扰项目\02 规范化\不重要的\阳101H2\阳101H2 邻井压力监测\阳101H2-8井压力监测数据表2井11段.xlsx,1,已用于形态聚类或重复合并,1,参与形态聚类候选: observed_file_window
E:\压裂窜扰项目\02 规范化\不重要的\阳101H2\阳101H2 邻井压力监测\阳101H2-8井压力监测数据表2井12段.xlsx,1,已用于形态聚类或重复合并,1,参与形态聚类候选: observed_file_window
E:\压裂窜扰项目\02 规范化\不重要的\阳101H2\阳101H2 邻井压力监测\阳101H2-8井压力监测数据表2井13段.xlsx,1,已用于形态聚类或重复合并,1,参与形态聚类候选: observed_file_window
E:\压裂窜扰项目\02 规范化\不重要的\阳101H2\阳101H2 邻井压力监测\阳101H2-8井压力监测数据表2井15段.xlsx,1,已用于形态聚类或重复合并,1,参与形态聚类候选: observed_file_window
E:\压裂窜扰项目\02 规范化\不重要的\阳101H2\阳101H2 邻井压力监测\阳101H2-8井压力监测数据表2井16段.xlsx,1,已用于形态聚类或重复合并,1,参与形态聚类候选: observed_file_window
E:\压裂窜扰项目\02 规范化\不重要的\阳101H2\阳101H2 邻井压力监测\阳101H2-8井压力监测数据表2井19段.xlsx,1,已用于形态聚类或重复合并,1,参与形态聚类候选: observed_file_window
E:\压裂窜扰项目\02 规范化\不重要的\阳101H2\阳101H2 邻井压力监测\阳101H2-8井压力监测数据表2井21段.xlsx,1,已用于形态聚类或重复合并,1,参与形态聚类候选: observed_file_window
E:\压裂窜扰项目\02 规范化\不重要的\阳101H2\阳101H2 邻井压力监测\阳101H2-8井压力监测数据表2井22段.xlsx,1,已用于形态聚类或重复合并,1,参与形态聚类候选: observed_file_window
E:\压裂窜扰项目\02 规范化\不重要的\阳101H2\阳101H2 邻井压力监测\阳101H2-8井压力监测数据表5井23段.xlsx,1,已用于形态聚类或重复合并,1,参与形态聚类候选: observed_file_window
E:\压裂窜扰项目\02 规范化\不重要的\阳101H2\阳101H2 邻井压力监测\阳101H2-8井压力监测数据表H32 2井1段.xlsx,1,已用于形态聚类或重复合并,1,参与形态聚类候选: observed_file_window
E:\压裂窜扰项目\02 规范化\不重要的\阳101H2\阳101H2 邻井压力监测\阳101H2-8井压力监测数据表H32 2井2段.xlsx,1,已用于形态聚类或重复合并,1,参与形态聚类候选: observed_file_window
E:\压裂窜扰项目\02 规范化\不重要的\阳101H2\阳101H2 邻井压力监测\阳101H2-8井压力监测数据表H32 2井3段.xlsx,1,已用于形态聚类或重复合并,1,参与形态聚类候选: observed_file_window
E:\压裂窜扰项目\02 规范化\不重要的\阳101H2\阳101H2 邻井压力监测\阳101H2-8井压力监测数据表H32 2井4段.xlsx,1,已用于形态聚类或重复合并,1,参与形态聚类候选: observed_file_window
E:\压裂窜扰项目\02 规范化\不重要的\阳101H2\阳101H2 邻井压力监测\阳101H2-8井压力监测数据表H32 2井6段.xlsx,1,已用于形态聚类或重复合并,1,参与形态聚类候选: observed_file_window
E:\压裂窜扰项目\02 规范化\不重要的\阳101H2\阳101H2 邻井压力监测\阳101H2-8井压力监测数据表H32 2井8段.xlsx,1,已用于形态聚类或重复合并,1,参与形态聚类候选: observed_file_window
E:\压裂窜扰项目\02 规范化\不重要的\阳101H2\阳101H2 邻井压力监测\阳101H2-8井压力监测数据表H32 4井16段.xlsx,1,已用于形态聚类或重复合并,1,参与形态聚类候选: observed_file_window
E:\压裂窜扰项目\02 规范化\不重要的\阳101H2\阳101H2 邻井压力监测\阳101H2-8井压力监测数据表H32 4井19段.xlsx,1,已用于形态聚类或重复合并,1,参与形态聚类候选: observed_file_window
E:\压裂窜扰项目\02 规范化\不重要的\阳101H2\阳101H2 邻井压力监测\阳101H2-8井压力监测数据表H32 4井20段.xlsx,1,已用于形态聚类或重复合并,1,参与形态聚类候选: observed_file_window
E:\压裂窜扰项目\02 规范化\不重要的\阳101H2\阳101H2 邻井压力监测\阳101H2-8井压力监测数据表H32 4井21段.xlsx,1,已用于形态聚类或重复合并,1,参与形态聚类候选: observed_file_window
E:\压裂窜扰项目\02 规范化\不重要的\阳101H2\阳101H2 邻井压力监测\阳101H2-8井压力监测数据表H32 6井20段.xlsx,1,已用于形态聚类或重复合并,1,参与形态聚类候选: observed_file_window
E:\压裂窜扰项目\02 规范化\不重要的\阳101H2\阳101H2 邻井压力监测\阳101H2-8井压力监测数据表H32 6井21段、5井15段.xlsx,1,已用于形态聚类或重复合并,1,参与形态聚类候选: observed_file_window
E:\压裂窜扰项目\02 规范化\不重要的\阳101H2\阳101H2 邻井压力监测\阳101H2平台井口压力监测记录表          叠合图 1.5.xlsx,6,已用于形态聚类或重复合并,4,施工井自身压力: 源井与监测井相同；参与形态聚类候选: observed_file_window；无法形成完整形态样本: 全零占位压力
E:\压裂窜扰项目\02 规范化\不重要的\阳101H2\阳101H2 邻井压力监测\阳101H2平台井口压力监测记录表   叠合图  1.4.xlsx,6,已用于形态聚类或重复合并,4,施工井自身压力: 源井与监测井相同；参与形态聚类候选: observed_file_window；无法形成完整形态样本: 全零占位压力
E:\压裂窜扰项目\02 规范化\不重要的\阳101H2\阳101H2 邻井压力监测\阳101H2平台井口压力监测记录表1.4.xlsx,6,已用于形态聚类或重复合并,4,施工井自身压力: 源井与监测井相同；重复或补充片段已合并: 相同事件/通道且压力一致，仅计一个样本；无法形成完整形态样本: 全零占位压力
E:\压裂窜扰项目\02 规范化\不重要的\阳101H2\阳101H2 邻井压力监测\阳101H2平台井口压力监测记录表1.5.xlsx,6,已用于形态聚类或重复合并,4,施工井自身压力: 源井与监测井相同；重复或补充片段已合并: 相同事件/通道且压力一致，仅计一个样本；无法形成完整形态样本: 全零占位压力
E:\压裂窜扰项目\02 规范化\不重要的\阳101H2\阳101H2 邻井压力监测\阳101H2平台压力监测          叠合图   12.29.xlsx,6,已用于形态聚类或重复合并,4,施工井自身压力: 源井与监测井相同；参与形态聚类候选: observed_file_window；无法形成完整形态样本: 全零占位压力
E:\压裂窜扰项目\02 规范化\不重要的\阳101H2\阳101H2 邻井压力监测\阳101H2平台压力监测    叠合图12.13.xlsx,6,已用于形态聚类或重复合并,4,施工井自身压力: 源井与监测井相同；参与形态聚类候选: observed_file_window；无法形成完整形态样本: 全零占位压力
E:\压裂窜扰项目\02 规范化\不重要的\阳101H2\阳101H2 邻井压力监测\阳101H2平台压力监测   叠合图  12.12(1).xlsx,12,已用于形态聚类或重复合并,10,施工井自身压力: 源井与监测井相同；参与形态聚类候选: observed_file_window
E:\压裂窜扰项目\02 规范化\不重要的\阳101H2\阳101H2 邻井压力监测\阳101H2平台压力监测   叠合图  12.15.xlsx,6,已用于形态聚类或重复合并,4,施工井自身压力: 源井与监测井相同；参与形态聚类候选: observed_file_window；无法形成完整形态样本: 全零占位压力
E:\压裂窜扰项目\02 规范化\不重要的\阳101H2\阳101H2 邻井压力监测\阳101H2平台压力监测   叠合图12.12.xlsx,6,已用于形态聚类或重复合并,5,施工井自身压力: 源井与监测井相同；重复或补充片段已合并: 相同事件/通道且压力一致，仅计一个样本
E:\压裂窜扰项目\02 规范化\不重要的\阳101H2\阳101H2 邻井压力监测\阳101H2平台压力监测  邻井叠合图12.07(2).xlsx,8,已用于形态聚类或重复合并,7,施工井自身压力: 源井与监测井相同；参与形态聚类候选: observed_file_window
E:\压裂窜扰项目\02 规范化\不重要的\阳101H2\阳101H2 邻井压力监测\阳101H2平台压力监测11.25.xlsx,6,已用于形态聚类或重复合并,6,参与形态聚类候选: observed_file_window
E:\压裂窜扰项目\02 规范化\不重要的\阳101H2\阳101H2 邻井压力监测\阳101H2平台压力监测11.26.xlsx,6,已用于形态聚类或重复合并,6,参与形态聚类候选: observed_file_window
E:\压裂窜扰项目\02 规范化\不重要的\阳101H2\阳101H2 邻井压力监测\阳101H2平台压力监测11.27(2).xlsx,13,已用于形态聚类或重复合并,12,参与形态聚类候选: observed_file_window；无法形成完整形态样本: 全零占位压力
E:\压裂窜扰项目\02 规范化\不重要的\阳101H2\阳101H2 邻井压力监测\阳101H2平台压力监测11.27.xlsx,6,已用于形态聚类或重复合并,6,重复或补充片段已合并: 相同事件/通道且压力一致，仅计一个样本
E:\压裂窜扰项目\02 规范化\不重要的\阳101H2\阳101H2 邻井压力监测\阳101H2平台压力监测11.28.xlsx,7,已用于形态聚类或重复合并,7,参与形态聚类候选: observed_file_window
E:\压裂窜扰项目\02 规范化\不重要的\阳101H2\阳101H2 邻井压力监测\阳101H2平台压力监测11.6(1).xlsx,6,已用于形态聚类或重复合并,6,参与形态聚类候选: observed_file_window
E:\压裂窜扰项目\02 规范化\不重要的\阳101H2\阳101H2 邻井压力监测\阳101H2平台压力监测11.7.xlsx,12,已用于形态聚类或重复合并,12,参与形态聚类候选: observed_file_window
E:\压裂窜扰项目\02 规范化\不重要的\阳101H2\阳101H2 邻井压力监测\阳101H2平台压力监测12.02(2).xlsx,12,已用于形态聚类或重复合并,12,参与形态聚类候选: observed_file_window
E:\压裂窜扰项目\02 规范化\不重要的\阳101H2\阳101H2 邻井压力监测\阳101H2平台压力监测12.02.xlsx,6,已用于形态聚类或重复合并,6,重复或补充片段已合并: 相同事件/通道且压力一致，仅计一个样本
E:\压裂窜扰项目\02 规范化\不重要的\阳101H2\阳101H2 邻井压力监测\阳101H2平台压力监测12.04.xlsx,12,已用于形态聚类或重复合并,12,参与形态聚类候选: observed_file_window
E:\压裂窜扰项目\02 规范化\不重要的\阳101H2\阳101H2 邻井压力监测\阳101H2平台压力监测12.05(1).xlsx,12,已用于形态聚类或重复合并,12,参与形态聚类候选: observed_file_window
E:\压裂窜扰项目\02 规范化\不重要的\阳101H2\阳101H2 邻井压力监测\阳101H2平台压力监测12.05.xlsx,6,已用于形态聚类或重复合并,6,重复或补充片段已合并: 相同事件/通道且压力一致，仅计一个样本
E:\压裂窜扰项目\02 规范化\不重要的\阳101H2\阳101H2 邻井压力监测\阳101H2平台压力监测12.06.xlsx,12,已用于形态聚类或重复合并,10,施工井自身压力: 源井与监测井相同；参与形态聚类候选: observed_file_window
E:\压裂窜扰项目\02 规范化\不重要的\阳101H2\阳101H2 邻井压力监测\阳101H2平台压力监测12.07(3).xlsx,12,已用于形态聚类或重复合并,10,施工井自身压力: 源井与监测井相同；参与形态聚类候选: observed_file_window；重复或补充片段已合并: 相同事件/通道且压力一致，仅计一个样本
E:\压裂窜扰项目\02 规范化\不重要的\阳101H2\阳101H2 邻井压力监测\阳101H2平台压力监测12.08.xlsx,6,已用于形态聚类或重复合并,5,施工井自身压力: 源井与监测井相同；参与形态聚类候选: observed_file_window
E:\压裂窜扰项目\02 规范化\不重要的\阳101H2\阳101H2 邻井压力监测\阳101H2平台压力监测12.09   叠合图.xlsx,12,已用于形态聚类或重复合并,10,施工井自身压力: 源井与监测井相同；参与形态聚类候选: observed_file_window；重复或补充片段已合并: 相同事件/通道且压力一致，仅计一个样本
E:\压裂窜扰项目\02 规范化\不重要的\阳101H2\阳101H2 邻井压力监测\阳101H2平台压力监测12.09(1).xlsx,12,已用于形态聚类或重复合并,10,施工井自身压力: 源井与监测井相同；重复或补充片段已合并: 相同事件/通道且压力一致，仅计一个样本；参与形态聚类候选: observed_file_window
E:\压裂窜扰项目\02 规范化\不重要的\阳101H2\阳101H2 邻井压力监测\阳101H2平台压力监测12.10   叠合图.xlsx,6,已用于形态聚类或重复合并,5,施工井自身压力: 源井与监测井相同；参与形态聚类候选: observed_file_window
E:\压裂窜扰项目\02 规范化\不重要的\阳101H2\阳101H2 邻井压力监测\阳101H2平台压力监测12.11  叠合图.xlsx,6,已用于形态聚类或重复合并,5,施工井自身压力: 源井与监测井相同；参与形态聚类候选: observed_file_window
E:\压裂窜扰项目\02 规范化\不重要的\阳101H2\阳101H2 邻井压力监测\阳101H2平台压力监测12.11(1).xlsx,12,已用于形态聚类或重复合并,10,施工井自身压力: 源井与监测井相同；重复或补充片段已合并: 相同事件/通道且压力一致，仅计一个样本；参与形态聚类候选: observed_file_window
E:\压裂窜扰项目\02 规范化\不重要的\阳101H2\阳101H2 邻井压力监测\阳101H2平台压力监测12.14.xlsx,6,已用于形态聚类或重复合并,4,施工井自身压力: 源井与监测井相同；参与形态聚类候选: observed_file_window；无法形成完整形态样本: 全零占位压力
E:\压裂窜扰项目\02 规范化\不重要的\阳101H2\阳101H2 邻井压力监测\阳101H2平台压力监测12.17.xlsx,6,已用于形态聚类或重复合并,4,施工井自身压力: 源井与监测井相同；参与形态聚类候选: observed_file_window；无法形成完整形态样本: 全零占位压力
E:\压裂窜扰项目\02 规范化\不重要的\阳101H2\阳101H2 邻井压力监测\阳101H2平台压力监测12.18.xlsx,6,已用于形态聚类或重复合并,4,施工井自身压力: 源井与监测井相同；参与形态聚类候选: observed_file_window；无法形成完整形态样本: 全零占位压力
E:\压裂窜扰项目\02 规范化\不重要的\阳101H2\阳101H2 邻井压力监测\阳101H2平台压力监测12.20.xlsx,6,已用于形态聚类或重复合并,4,施工井自身压力: 源井与监测井相同；参与形态聚类候选: observed_file_window；无法形成完整形态样本: 全零占位压力
E:\压裂窜扰项目\02 规范化\不重要的\阳101H2\阳101H2 邻井压力监测\阳101H2平台压力监测12.22.xlsx,7,已用于形态聚类或重复合并,4,施工井自身压力: 源井与监测井相同；参与形态聚类候选: observed_file_window；无法形成完整形态样本: 全零占位压力
E:\压裂窜扰项目\02 规范化\不重要的\阳101H2\阳101H2 邻井压力监测\阳101H2平台压力监测12.23.xlsx,6,已用于形态聚类或重复合并,4,施工井自身压力: 源井与监测井相同；参与形态聚类候选: observed_file_window；无法形成完整形态样本: 全零占位压力
E:\压裂窜扰项目\02 规范化\不重要的\阳101H2\阳101H2 邻井压力监测\阳101H2平台压力监测12.25.xlsx,7,已用于形态聚类或重复合并,4,施工井自身压力: 源井与监测井相同；参与形态聚类候选: observed_file_window；无法形成完整形态样本: 全零占位压力
E:\压裂窜扰项目\02 规范化\不重要的\阳101H2\阳101H2 邻井压力监测\阳101H2平台压力监测12.26.xlsx,12,已用于形态聚类或重复合并,8,施工井自身压力: 源井与监测井相同；参与形态聚类候选: observed_file_window；无法形成完整形态样本: 全零占位压力
E:\压裂窜扰项目\02 规范化\不重要的\阳101H2\阳101H2 邻井压力监测\阳101H2平台压力监测12.27   叠合图.xlsx,7,已用于形态聚类或重复合并,4,施工井自身压力: 源井与监测井相同；参与形态聚类候选: observed_file_window；无法形成完整形态样本: 全零占位压力
E:\压裂窜扰项目\02 规范化\不重要的\阳101H2\阳101H2 邻井压力监测\阳101H2平台压力监测12.28  叠合图.xlsx,7,已用于形态聚类或重复合并,4,施工井自身压力: 源井与监测井相同；参与形态聚类候选: observed_file_window；无法形成完整形态样本: 全零占位压力
E:\压裂窜扰项目\02 规范化\不重要的\阳101H2\阳101H2 邻井压力监测\阳101H2平台压力监测12.30.xlsx,6,已用于形态聚类或重复合并,4,施工井自身压力: 源井与监测井相同；参与形态聚类候选: observed_file_window；无法形成完整形态样本: 全零占位压力
E:\压裂窜扰项目\02 规范化\不重要的\阳101H2\阳101H2 邻井压力监测\阳101H2平台压力监测21.01(1).xlsx,6,已用于形态聚类或重复合并,6,参与形态聚类候选: observed_file_window
E:\压裂窜扰项目\02 规范化\不重要的\阳101H2\阳101H2 邻井压力监测\阳101H2平台压力监测21.01(2).xlsx,12,已用于形态聚类或重复合并,12,参与形态聚类候选: observed_file_window
E:\压裂窜扰项目\02 规范化\不重要的\阳101H2\阳101H2 邻井压力监测\阳101H2平台及32平台压力监测（ 11.24.xlsx,6,已用于形态聚类或重复合并,6,参与形态聚类候选: observed_file_window
E:\压裂窜扰项目\02 规范化\不重要的\阳101H2\阳101H2 邻井压力监测\阳101H2平台）.xlsx,0,未形成聚类样本,0,非时序统计/施工表、空表、无法解析或时间压力配对尚不可靠，详见逐工作表审计
E:\压裂窜扰项目\02 规范化\不重要的\阳101H2\阳101H2 邻井压力监测\阳101h26平台临井压裂监测数据   叠合图1.1.xlsx,152,已用于形态聚类或重复合并,124,参与形态聚类候选: observed_file_window；重复或补充片段已合并: 相同事件/通道且压力一致，仅计一个样本
E:\压裂窜扰项目\02 规范化\不重要的\阳101H2\阳101H2 邻井压力监测\阳101h26平台临井压裂监测数据(10).xlsx,4,已用于形态聚类或重复合并,4,重复或补充片段已合并: 相同事件/通道且压力一致，仅计一个样本
E:\压裂窜扰项目\02 规范化\不重要的\阳101H2\阳101H2 邻井压力监测\阳101h26平台临井压裂监测数据(11).xlsx,72,已用于形态聚类或重复合并,56,重复或补充片段已合并: 相同事件/通道且压力一致，仅计一个样本
E:\压裂窜扰项目\02 规范化\不重要的\阳101H2\阳101H2 邻井压力监测\阳101h26平台临井压裂监测数据(14).xlsx,76,已用于形态聚类或重复合并,59,重复或补充片段已合并: 相同事件/通道且压力一致，仅计一个样本
E:\压裂窜扰项目\02 规范化\不重要的\阳101H2\阳101H2 邻井压力监测\阳101h26平台临井压裂监测数据(16).xlsx,80,已用于形态聚类或重复合并,63,重复或补充片段已合并: 相同事件/通道且压力一致，仅计一个样本；参与形态聚类候选: observed_file_window
E:\压裂窜扰项目\02 规范化\不重要的\阳101H2\阳101H2 邻井压力监测\阳101h26平台临井压裂监测数据(17).xlsx,80,已用于形态聚类或重复合并,62,重复或补充片段已合并: 相同事件/通道且压力一致，仅计一个样本
E:\压裂窜扰项目\02 规范化\不重要的\阳101H2\阳101H2 邻井压力监测\阳101h26平台临井压裂监测数据(2).xlsx,52,已用于形态聚类或重复合并,44,重复或补充片段已合并: 相同事件/通道且压力一致，仅计一个样本；参与形态聚类候选: observed_file_window
E:\压裂窜扰项目\02 规范化\不重要的\阳101H2\阳101H2 邻井压力监测\阳101h26平台临井压裂监测数据(22).xlsx,92,已用于形态聚类或重复合并,72,重复或补充片段已合并: 相同事件/通道且压力一致，仅计一个样本；参与形态聚类候选: observed_file_window
E:\压裂窜扰项目\02 规范化\不重要的\阳101H2\阳101H2 邻井压力监测\阳101h26平台临井压裂监测数据(23).xlsx,92,已用于形态聚类或重复合并,72,重复或补充片段已合并: 相同事件/通道且压力一致，仅计一个样本
E:\压裂窜扰项目\02 规范化\不重要的\阳101H2\阳101H2 邻井压力监测\阳101h26平台临井压裂监测数据(4).xlsx,52,已用于形态聚类或重复合并,44,重复或补充片段已合并: 相同事件/通道且压力一致，仅计一个样本
E:\压裂窜扰项目\02 规范化\不重要的\阳101H2\阳101H2 邻井压力监测\阳101h26平台临井压裂监测数据(5).xlsx,56,已用于形态聚类或重复合并,48,重复或补充片段已合并: 相同事件/通道且压力一致，仅计一个样本；参与形态聚类候选: observed_file_window
E:\压裂窜扰项目\02 规范化\不重要的\阳101H2\阳101H2 邻井压力监测\阳101h26平台临井压裂监测数据(6).xlsx,56,已用于形态聚类或重复合并,48,重复或补充片段已合并: 相同事件/通道且压力一致，仅计一个样本
E:\压裂窜扰项目\02 规范化\不重要的\阳101H2\阳101H2 邻井压力监测\阳101h26平台临井压裂监测数据(7).xlsx,60,已用于形态聚类或重复合并,52,重复或补充片段已合并: 相同事件/通道且压力一致，仅计一个样本
E:\压裂窜扰项目\02 规范化\不重要的\阳101H2\阳101H2 邻井压力监测\阳101h26平台临井压裂监测数据(8).xlsx,64,已用于形态聚类或重复合并,53,重复或补充片段已合并: 相同事件/通道且压力一致，仅计一个样本
E:\压裂窜扰项目\02 规范化\不重要的\阳101H2\阳101H2 邻井压力监测\阳101h26平台临井压裂监测数据.xlsx,44,已用于形态聚类或重复合并,37,重复或补充片段已合并: 相同事件/通道且压力一致，仅计一个样本；参与形态聚类候选: observed_file_window
E:\压裂窜扰项目\02 规范化\不重要的\阳101H2\阳101H2 邻井压力监测\阳101h26平台临井压裂监测数据10.17.xlsx,96,已用于形态聚类或重复合并,76,重复或补充片段已合并: 相同事件/通道且压力一致，仅计一个样本
E:\压裂窜扰项目\02 规范化\不重要的\阳101H2\阳101H2 邻井压力监测\阳101h26平台临井压裂监测数据10.25.xlsx,128,已用于形态聚类或重复合并,102,重复或补充片段已合并: 相同事件/通道且压力一致，仅计一个样本；参与形态聚类候选: observed_file_window
E:\压裂窜扰项目\02 规范化\不重要的\阳101H2\阳101H2 邻井压力监测\阳101h26平台临井压裂监测数据10.26(2).xlsx,132,已用于形态聚类或重复合并,105,重复或补充片段已合并: 相同事件/通道且压力一致，仅计一个样本
E:\压裂窜扰项目\02 规范化\不重要的\阳101H2\阳101H2 邻井压力监测\阳101h26平台临井压裂监测数据10.26(3).xlsx,140,已用于形态聚类或重复合并,110,重复或补充片段已合并: 相同事件/通道且压力一致，仅计一个样本；参与形态聚类候选: observed_file_window
E:\压裂窜扰项目\02 规范化\不重要的\阳101H2\阳101H2 邻井压力监测\阳101h26平台临井压裂监测数据10.26.xlsx,136,已用于形态聚类或重复合并,108,重复或补充片段已合并: 相同事件/通道且压力一致，仅计一个样本
E:\压裂窜扰项目\02 规范化\不重要的\阳101H2\阳101H2 邻井压力监测\阳101h26平台临井压裂监测数据10.29.xlsx,144,已用于形态聚类或重复合并,114,重复或补充片段已合并: 相同事件/通道且压力一致，仅计一个样本；参与形态聚类候选: observed_file_window
E:\压裂窜扰项目\02 规范化\不重要的\阳101H2\阳101H2 邻井压力监测\阳101h26平台临井压裂监测数据10.30.xlsx,148,已用于形态聚类或重复合并,117,重复或补充片段已合并: 相同事件/通道且压力一致，仅计一个样本；参与形态聚类候选: observed_file_window
E:\压裂窜扰项目\02 规范化\不重要的\阳101H2\阳101H2 邻井压力监测\阳101h26平台压力.xlsx,24,已用于形态聚类或重复合并,24,重复或补充片段已合并: 相同事件/通道且压力一致，仅计一个样本；参与形态聚类候选: observed_file_window
E:\压裂窜扰项目\02 规范化\不重要的\阳101H2\阳101H2 邻井压力监测\阳H32 2井1段    邻井叠合图12.10  .xlsx,6,已用于形态聚类或重复合并,6,参与形态聚类候选: observed_file_window
E:\压裂窜扰项目\02 规范化\不重要的\阳101H37\阳101H37 邻井压力监测\阳101H37-1井压窜分析材料8.12-8.19_阳101H4-6井17-19号秒点数据.xls,1,未形成聚类样本,0,无法形成完整形态样本: 连续记录超过18小时且无法可靠切分事件
E:\压裂窜扰项目\02 规范化\不重要的\阳101H37\阳101H37 邻井压力监测\阳101H37-3井压窜分析材料2.3-2.9_3井12段（1-3）压裂2井套压秒点.xls,1,已用于形态聚类或重复合并,1,参与形态聚类候选: absolute
E:\压裂窜扰项目\02 规范化\不重要的\阳101H37\阳101H37 邻井压力监测\阳101H37-3井压窜分析材料2.3-2.9_3井12段（4-6）压裂2井套压秒点.xls,1,已用于形态聚类或重复合并,1,参与形态聚类候选: observed_file_window
E:\压裂窜扰项目\02 规范化\不重要的\阳101H37\阳101H37 邻井压力监测\阳101H37-3井套变压窜分析材料12.16-12.22_第8段.xls,1,已用于形态聚类或重复合并,1,参与形态聚类候选: observed_file_window
E:\压裂窜扰项目\02 规范化\不重要的\阳101H37\阳101H37 邻井压力监测\阳101H37-3井套变压窜分析材料12.16-12.22_第9段(1).xls,1,已用于形态聚类或重复合并,1,参与形态聚类候选: observed_file_window
E:\压裂窜扰项目\02 规范化\不重要的\阳101H37\阳101H37 邻井压力监测\阳101H37-5井压窜分析材料11.11-11.17_5井27段压裂期间4井套压.xls,1,已用于形态聚类或重复合并,1,参与形态聚类候选: absolute
E:\压裂窜扰项目\02 规范化\不重要的\阳101H37\阳101H37 邻井压力监测\阳101H37-5井压窜分析材料11.11-11.17_5井第28段压裂期间4井套压.xls,1,已用于形态聚类或重复合并,1,参与形态聚类候选: absolute
E:\压裂窜扰项目\02 规范化\泸201H5\泸201H5 邻井压力监测\泸201H5-1-10段压裂施工-2、3、4井压力监测.xls,3,已用于形态聚类或重复合并,3,参与形态聚类候选: absolute
E:\压裂窜扰项目\02 规范化\泸201H5\泸201H5 邻井压力监测\泸201H5-1-11段压裂施工-2、3、4井压力监测.xls,3,已用于形态聚类或重复合并,3,参与形态聚类候选: absolute
E:\压裂窜扰项目\02 规范化\泸201H5\泸201H5 邻井压力监测\泸201H5-1-12段压裂施工-2、3、4井压力监测.xls,3,已用于形态聚类或重复合并,3,参与形态聚类候选: absolute
E:\压裂窜扰项目\02 规范化\泸201H5\泸201H5 邻井压力监测\泸201H5-1-13段压裂施工-2、3、4井压力监测.xls,3,已用于形态聚类或重复合并,3,参与形态聚类候选: absolute
E:\压裂窜扰项目\02 规范化\泸201H5\泸201H5 邻井压力监测\泸201H5-1-14段压裂施工-2、3、4井压力监测.xls,3,已用于形态聚类或重复合并,3,参与形态聚类候选: observed_file_window
E:\压裂窜扰项目\02 规范化\泸201H5\泸201H5 邻井压力监测\泸201H5-1-15段压裂施工-2、3、4井压力监测.xls,3,已用于形态聚类或重复合并,3,参与形态聚类候选: absolute
E:\压裂窜扰项目\02 规范化\泸201H5\泸201H5 邻井压力监测\泸201H5-1-16段压裂施工-2、3、4井压力监测.xls,3,已用于形态聚类或重复合并,3,参与形态聚类候选: absolute
E:\压裂窜扰项目\02 规范化\泸201H5\泸201H5 邻井压力监测\泸201H5-1-17段压裂施工-2、3、4井压力监测.xls,3,已用于形态聚类或重复合并,3,参与形态聚类候选: absolute
E:\压裂窜扰项目\02 规范化\泸201H5\泸201H5 邻井压力监测\泸201H5-1-18段压裂施工-2、3、4井压力监测.xls,3,已用于形态聚类或重复合并,3,参与形态聚类候选: absolute
E:\压裂窜扰项目\02 规范化\泸201H5\泸201H5 邻井压力监测\泸201H5-1-19段压裂施工-2、3、4井压力监测.xls,3,已用于形态聚类或重复合并,3,参与形态聚类候选: absolute
E:\压裂窜扰项目\02 规范化\泸201H5\泸201H5 邻井压力监测\泸201H5-1-1段压裂施工-2、3、4井压力监测.xls,3,已用于形态聚类或重复合并,3,参与形态聚类候选: observed_file_window
E:\压裂窜扰项目\02 规范化\泸201H5\泸201H5 邻井压力监测\泸201H5-1-20段压裂施工-2、3、4井压力监测.xls,3,已用于形态聚类或重复合并,3,参与形态聚类候选: absolute
E:\压裂窜扰项目\02 规范化\泸201H5\泸201H5 邻井压力监测\泸201H5-1-22段压裂施工-2、3、4井压力监测.xls,3,已用于形态聚类或重复合并,3,参与形态聚类候选: absolute
E:\压裂窜扰项目\02 规范化\泸201H5\泸201H5 邻井压力监测\泸201H5-1-23段压裂施工-2、3、4井压力监测.xls,3,已用于形态聚类或重复合并,3,参与形态聚类候选: absolute
E:\压裂窜扰项目\02 规范化\泸201H5\泸201H5 邻井压力监测\泸201H5-1-2段压裂施工-2、3、4井压力监测.xls,3,已用于形态聚类或重复合并,3,参与形态聚类候选: absolute
E:\压裂窜扰项目\02 规范化\泸201H5\泸201H5 邻井压力监测\泸201H5-1-3段压裂施工-2、3、4井压力监测.xls,3,已用于形态聚类或重复合并,3,参与形态聚类候选: absolute
E:\压裂窜扰项目\02 规范化\泸201H5\泸201H5 邻井压力监测\泸201H5-1-4段压裂施工-2、3、4井压力监测.xls,3,已用于形态聚类或重复合并,3,参与形态聚类候选: absolute
E:\压裂窜扰项目\02 规范化\泸201H5\泸201H5 邻井压力监测\泸201H5-1-5段压裂施工-2、3、4井压力监测.xls,3,已用于形态聚类或重复合并,2,无法形成完整形态样本: 全零占位压力；参与形态聚类候选: absolute
E:\压裂窜扰项目\02 规范化\泸201H5\泸201H5 邻井压力监测\泸201H5-1-6段压裂施工-2、3、4井压力监测.xls,3,已用于形态聚类或重复合并,3,参与形态聚类候选: absolute
E:\压裂窜扰项目\02 规范化\泸201H5\泸201H5 邻井压力监测\泸201H5-1-7段压裂施工-2、3、4井压力监测.xls,3,已用于形态聚类或重复合并,3,参与形态聚类候选: absolute
E:\压裂窜扰项目\02 规范化\泸201H5\泸201H5 邻井压力监测\泸201H5-1-8段压裂施工-2、3、4井压力监测.xls,3,已用于形态聚类或重复合并,3,参与形态聚类候选: absolute
E:\压裂窜扰项目\02 规范化\泸201H5\泸201H5 邻井压力监测\泸201H5-1-9段压裂施工-2、3、4井压力监测.xls,3,已用于形态聚类或重复合并,3,参与形态聚类候选: absolute
E:\压裂窜扰项目\02 规范化\泸201H5\泸201H5 邻井压力监测\泸201H5-2-10段压裂施工-1、3、4井压力监测.xls,3,已用于形态聚类或重复合并,3,参与形态聚类候选: absolute
E:\压裂窜扰项目\02 规范化\泸201H5\泸201H5 邻井压力监测\泸201H5-2-11段压裂施工-1、3、4井压力监测.xls,3,已用于形态聚类或重复合并,3,参与形态聚类候选: absolute
E:\压裂窜扰项目\02 规范化\泸201H5\泸201H5 邻井压力监测\泸201H5-2-12段压裂施工-1、3、4井压力监测.xls,3,已用于形态聚类或重复合并,3,参与形态聚类候选: absolute
E:\压裂窜扰项目\02 规范化\泸201H5\泸201H5 邻井压力监测\泸201H5-2-13段压裂施工-1、3、4井压力监测.xls,3,已用于形态聚类或重复合并,3,参与形态聚类候选: absolute
E:\压裂窜扰项目\02 规范化\泸201H5\泸201H5 邻井压力监测\泸201H5-2-14段压裂施工-1、3、4井压力监测.xls,3,已用于形态聚类或重复合并,3,参与形态聚类候选: absolute
E:\压裂窜扰项目\02 规范化\泸201H5\泸201H5 邻井压力监测\泸201H5-2-15段压裂施工-1、3、4井压力监测.xls,3,已用于形态聚类或重复合并,3,参与形态聚类候选: absolute
E:\压裂窜扰项目\02 规范化\泸201H5\泸201H5 邻井压力监测\泸201H5-2-16段压裂施工-1、3、4井压力监测.xls,3,已用于形态聚类或重复合并,3,参与形态聚类候选: absolute
E:\压裂窜扰项目\02 规范化\泸201H5\泸201H5 邻井压力监测\泸201H5-2-17段压裂施工-1、3、4井压力监测.xls,3,已用于形态聚类或重复合并,3,参与形态聚类候选: absolute
E:\压裂窜扰项目\02 规范化\泸201H5\泸201H5 邻井压力监测\泸201H5-2-18段压裂施工-1、3、4井压力监测.xls,3,已用于形态聚类或重复合并,3,参与形态聚类候选: absolute
E:\压裂窜扰项目\02 规范化\泸201H5\泸201H5 邻井压力监测\泸201H5-2-19段压裂施工-1、3、4井压力监测.xls,3,已用于形态聚类或重复合并,3,参与形态聚类候选: absolute
E:\压裂窜扰项目\02 规范化\泸201H5\泸201H5 邻井压力监测\泸201H5-2-1段压裂施工-1、3、4井压力监测.xls,3,已用于形态聚类或重复合并,3,参与形态聚类候选: observed_file_window
E:\压裂窜扰项目\02 规范化\泸201H5\泸201H5 邻井压力监测\泸201H5-2-20段压裂施工-1、3、4井压力监测.xls,3,已用于形态聚类或重复合并,3,参与形态聚类候选: absolute
E:\压裂窜扰项目\02 规范化\泸201H5\泸201H5 邻井压力监测\泸201H5-2-21段压裂施工-1、3、4井压力监测.xls,3,已用于形态聚类或重复合并,3,参与形态聚类候选: absolute
E:\压裂窜扰项目\02 规范化\泸201H5\泸201H5 邻井压力监测\泸201H5-2-22段压裂施工-1、3、4井压力监测.xls,3,已用于形态聚类或重复合并,3,参与形态聚类候选: absolute
E:\压裂窜扰项目\02 规范化\泸201H5\泸201H5 邻井压力监测\泸201H5-2-23段压裂施工-1、3、4井压力监测.xls,3,已用于形态聚类或重复合并,3,参与形态聚类候选: absolute
E:\压裂窜扰项目\02 规范化\泸201H5\泸201H5 邻井压力监测\泸201H5-2-24段压裂施工-1、3、4井压力监测.xls,3,已用于形态聚类或重复合并,3,参与形态聚类候选: absolute
E:\压裂窜扰项目\02 规范化\泸201H5\泸201H5 邻井压力监测\泸201H5-2-2段压裂施工-1、3、4井压力监测.xls,3,已用于形态聚类或重复合并,3,参与形态聚类候选: absolute
E:\压裂窜扰项目\02 规范化\泸201H5\泸201H5 邻井压力监测\泸201H5-2-3段压裂施工-1、3、4井压力监测.xls,3,已用于形态聚类或重复合并,3,参与形态聚类候选: absolute
E:\压裂窜扰项目\02 规范化\泸201H5\泸201H5 邻井压力监测\泸201H5-2-4段压裂施工-1、3、4井压力监测.xls,3,已用于形态聚类或重复合并,2,参与形态聚类候选: absolute；无法形成完整形态样本: 全零占位压力
E:\压裂窜扰项目\02 规范化\泸201H5\泸201H5 邻井压力监测\泸201H5-2-5段压裂施工-1、3、4井压力监测.xls,3,已用于形态聚类或重复合并,3,参与形态聚类候选: absolute
E:\压裂窜扰项目\02 规范化\泸201H5\泸201H5 邻井压力监测\泸201H5-2-6段压裂施工-1、3、4井压力监测.xls,3,已用于形态聚类或重复合并,3,参与形态聚类候选: absolute
E:\压裂窜扰项目\02 规范化\泸201H5\泸201H5 邻井压力监测\泸201H5-2-7段压裂施工-1、3、4井压力监测.xls,3,已用于形态聚类或重复合并,3,参与形态聚类候选: absolute
E:\压裂窜扰项目\02 规范化\泸201H5\泸201H5 邻井压力监测\泸201H5-2-8段压裂施工-1、3、4井压力监测.xls,3,已用于形态聚类或重复合并,3,参与形态聚类候选: absolute
E:\压裂窜扰项目\02 规范化\泸201H5\泸201H5 邻井压力监测\泸201H5-2-9段压裂施工-1、3、4井压力监测.xls,3,已用于形态聚类或重复合并,3,参与形态聚类候选: absolute
E:\压裂窜扰项目\02 规范化\泸201H5\泸201H5 邻井压力监测\泸201H5-3-10段压裂施工-1、2、4井压力监测.xls,3,已用于形态聚类或重复合并,3,参与形态聚类候选: absolute
E:\压裂窜扰项目\02 规范化\泸201H5\泸201H5 邻井压力监测\泸201H5-3-11段压裂施工-1、2、4井压力监测.xls,3,已用于形态聚类或重复合并,3,参与形态聚类候选: absolute
E:\压裂窜扰项目\02 规范化\泸201H5\泸201H5 邻井压力监测\泸201H5-3-12段压裂施工-1、2、4井压力监测.xls,3,已用于形态聚类或重复合并,3,参与形态聚类候选: absolute
E:\压裂窜扰项目\02 规范化\泸201H5\泸201H5 邻井压力监测\泸201H5-3-13段压裂施工-1、2、4井压力监测.xls,3,已用于形态聚类或重复合并,3,参与形态聚类候选: absolute
E:\压裂窜扰项目\02 规范化\泸201H5\泸201H5 邻井压力监测\泸201H5-3-14段压裂施工-1、2、4井压力监测.xls,3,已用于形态聚类或重复合并,3,参与形态聚类候选: absolute
E:\压裂窜扰项目\02 规范化\泸201H5\泸201H5 邻井压力监测\泸201H5-3-15段压裂施工-1、2、4井压力监测.xls,3,已用于形态聚类或重复合并,3,参与形态聚类候选: absolute
E:\压裂窜扰项目\02 规范化\泸201H5\泸201H5 邻井压力监测\泸201H5-3-16段压裂施工-1、2、4井压力监测.xls,3,已用于形态聚类或重复合并,3,参与形态聚类候选: absolute
E:\压裂窜扰项目\02 规范化\泸201H5\泸201H5 邻井压力监测\泸201H5-3-17段压裂施工-1、2、4井压力监测（第1次压裂）.xls,3,已用于形态聚类或重复合并,3,参与形态聚类候选: observed_file_window
E:\压裂窜扰项目\02 规范化\泸201H5\泸201H5 邻井压力监测\泸201H5-3-17段压裂施工-1、2、4井压力监测（第2次压裂）.xls,3,已用于形态聚类或重复合并,3,参与形态聚类候选: observed_file_window
E:\压裂窜扰项目\02 规范化\泸201H5\泸201H5 邻井压力监测\泸201H5-3-18段压裂施工-1、2、4井压力监测.xls,3,已用于形态聚类或重复合并,3,参与形态聚类候选: absolute
E:\压裂窜扰项目\02 规范化\泸201H5\泸201H5 邻井压力监测\泸201H5-3-19段压裂施工-1、2、4井压力监测.xls,3,已用于形态聚类或重复合并,3,参与形态聚类候选: absolute
E:\压裂窜扰项目\02 规范化\泸201H5\泸201H5 邻井压力监测\泸201H5-3-1段压裂施工-1、2、4井压力监测.xls,3,已用于形态聚类或重复合并,3,参与形态聚类候选: absolute
E:\压裂窜扰项目\02 规范化\泸201H5\泸201H5 邻井压力监测\泸201H5-3-20段压裂施工-1、2、4井压力监测.xls,3,已用于形态聚类或重复合并,3,参与形态聚类候选: absolute
E:\压裂窜扰项目\02 规范化\泸201H5\泸201H5 邻井压力监测\泸201H5-3-21段压裂施工-1、2、4井压力监测.xls,3,已用于形态聚类或重复合并,3,参与形态聚类候选: absolute
E:\压裂窜扰项目\02 规范化\泸201H5\泸201H5 邻井压力监测\泸201H5-3-22段压裂施工-1、2、4井压力监测.xls,3,已用于形态聚类或重复合并,3,参与形态聚类候选: absolute
E:\压裂窜扰项目\02 规范化\泸201H5\泸201H5 邻井压力监测\泸201H5-3-23段压裂施工-1、2、4井压力监测.xls,3,已用于形态聚类或重复合并,3,参与形态聚类候选: absolute
E:\压裂窜扰项目\02 规范化\泸201H5\泸201H5 邻井压力监测\泸201H5-3-24段压裂施工-1、2、4井压力监测.xls,3,已用于形态聚类或重复合并,3,参与形态聚类候选: absolute
E:\压裂窜扰项目\02 规范化\泸201H5\泸201H5 邻井压力监测\泸201H5-3-2段压裂施工-1、2、4井压力监测.xls,3,已用于形态聚类或重复合并,3,参与形态聚类候选: absolute
E:\压裂窜扰项目\02 规范化\泸201H5\泸201H5 邻井压力监测\泸201H5-3-3段压裂施工-1、2、4井压力监测.xls,3,已用于形态聚类或重复合并,3,参与形态聚类候选: absolute
E:\压裂窜扰项目\02 规范化\泸201H5\泸201H5 邻井压力监测\泸201H5-3-4段压裂施工-1、2、4井压力监测.xls,3,已用于形态聚类或重复合并,3,参与形态聚类候选: absolute
E:\压裂窜扰项目\02 规范化\泸201H5\泸201H5 邻井压力监测\泸201H5-3-5段压裂施工-1、2、4井压力监测.xls,3,已用于形态聚类或重复合并,3,参与形态聚类候选: absolute
E:\压裂窜扰项目\02 规范化\泸201H5\泸201H5 邻井压力监测\泸201H5-3-6段压裂施工-1、2、4井压力监测.xls,3,已用于形态聚类或重复合并,3,参与形态聚类候选: absolute
E:\压裂窜扰项目\02 规范化\泸201H5\泸201H5 邻井压力监测\泸201H5-3-7段压裂施工-1、2、4井压力监测.xls,3,已用于形态聚类或重复合并,3,参与形态聚类候选: absolute
E:\压裂窜扰项目\02 规范化\泸201H5\泸201H5 邻井压力监测\泸201H5-3-8段压裂施工-1、2、4井压力监测.xls,3,已用于形态聚类或重复合并,3,参与形态聚类候选: absolute
E:\压裂窜扰项目\02 规范化\泸201H5\泸201H5 邻井压力监测\泸201H5-3-9段压裂施工-1、2、4井压力监测.xls,3,已用于形态聚类或重复合并,3,参与形态聚类候选: absolute
E:\压裂窜扰项目\02 规范化\泸201H5\泸201H5 邻井压力监测\泸201H5-4-10段压裂施工-1、2、3井压力监测.xls,3,已用于形态聚类或重复合并,3,参与形态聚类候选: absolute
E:\压裂窜扰项目\02 规范化\泸201H5\泸201H5 邻井压力监测\泸201H5-4-11段压裂施工-1、2、3井压力监测.xls,3,已用于形态聚类或重复合并,3,参与形态聚类候选: absolute
E:\压裂窜扰项目\02 规范化\泸201H5\泸201H5 邻井压力监测\泸201H5-4-12段压裂施工-1、2、3井压力监测.xls,3,已用于形态聚类或重复合并,3,参与形态聚类候选: absolute
E:\压裂窜扰项目\02 规范化\泸201H5\泸201H5 邻井压力监测\泸201H5-4-13段压裂施工-1、2、3井压力监测.xls,3,已用于形态聚类或重复合并,3,参与形态聚类候选: absolute
E:\压裂窜扰项目\02 规范化\泸201H5\泸201H5 邻井压力监测\泸201H5-4-14段压裂施工-1、2、3井压力监测.xls,3,已用于形态聚类或重复合并,3,参与形态聚类候选: absolute
E:\压裂窜扰项目\02 规范化\泸201H5\泸201H5 邻井压力监测\泸201H5-4-15段压裂施工-1、2、3井压力监测.xls,3,已用于形态聚类或重复合并,3,参与形态聚类候选: absolute
E:\压裂窜扰项目\02 规范化\泸201H5\泸201H5 邻井压力监测\泸201H5-4-16段压裂施工-1、2、3井压力监测.xls,3,已用于形态聚类或重复合并,3,参与形态聚类候选: absolute
E:\压裂窜扰项目\02 规范化\泸201H5\泸201H5 邻井压力监测\泸201H5-4-17段压裂施工-1、2、3井压力监测.xls,3,已用于形态聚类或重复合并,3,参与形态聚类候选: absolute
E:\压裂窜扰项目\02 规范化\泸201H5\泸201H5 邻井压力监测\泸201H5-4-18段压裂施工-1、2、3井压力监测.xls,3,已用于形态聚类或重复合并,3,参与形态聚类候选: absolute
E:\压裂窜扰项目\02 规范化\泸201H5\泸201H5 邻井压力监测\泸201H5-4-19段压裂施工-1、2、3井压力监测.xls,3,已用于形态聚类或重复合并,3,参与形态聚类候选: absolute
E:\压裂窜扰项目\02 规范化\泸201H5\泸201H5 邻井压力监测\泸201H5-4-1段压裂施工-1、2、3井压力监测.xls,3,已用于形态聚类或重复合并,3,参与形态聚类候选: absolute
E:\压裂窜扰项目\02 规范化\泸201H5\泸201H5 邻井压力监测\泸201H5-4-20段压裂施工-1、2、3井压力监测.xls,3,已用于形态聚类或重复合并,3,参与形态聚类候选: absolute
E:\压裂窜扰项目\02 规范化\泸201H5\泸201H5 邻井压力监测\泸201H5-4-21段压裂施工-1、2、3井压力监测.xls,3,已用于形态聚类或重复合并,3,参与形态聚类候选: absolute
E:\压裂窜扰项目\02 规范化\泸201H5\泸201H5 邻井压力监测\泸201H5-4-22段压裂施工-1、2、3井压力监测.xls,3,已用于形态聚类或重复合并,3,参与形态聚类候选: absolute
E:\压裂窜扰项目\02 规范化\泸201H5\泸201H5 邻井压力监测\泸201H5-4-24段压裂施工-1、2、3井压力监测.xls,3,已用于形态聚类或重复合并,3,参与形态聚类候选: absolute
E:\压裂窜扰项目\02 规范化\泸201H5\泸201H5 邻井压力监测\泸201H5-4-25段压裂施工-1、2、3井压力监测.xls,3,已用于形态聚类或重复合并,3,参与形态聚类候选: absolute
E:\压裂窜扰项目\02 规范化\泸201H5\泸201H5 邻井压力监测\泸201H5-4-26段压裂施工-1、2、3井压力监测.xls,3,已用于形态聚类或重复合并,3,参与形态聚类候选: absolute
E:\压裂窜扰项目\02 规范化\泸201H5\泸201H5 邻井压力监测\泸201H5-4-27段压裂施工-1、2、3井压力监测.xls,3,已用于形态聚类或重复合并,3,参与形态聚类候选: absolute
E:\压裂窜扰项目\02 规范化\泸201H5\泸201H5 邻井压力监测\泸201H5-4-2段压裂施工-1、2、3井压力监测.xls,3,已用于形态聚类或重复合并,3,参与形态聚类候选: absolute
E:\压裂窜扰项目\02 规范化\泸201H5\泸201H5 邻井压力监测\泸201H5-4-3段压裂施工-1、2、3井压力监测.xls,3,已用于形态聚类或重复合并,3,参与形态聚类候选: absolute
E:\压裂窜扰项目\02 规范化\泸201H5\泸201H5 邻井压力监测\泸201H5-4-4段压裂施工-1、2、3井压力监测.xls,3,已用于形态聚类或重复合并,3,参与形态聚类候选: absolute
E:\压裂窜扰项目\02 规范化\泸201H5\泸201H5 邻井压力监测\泸201H5-4-5段压裂施工-1、2、3井压力监测.xls,3,已用于形态聚类或重复合并,3,参与形态聚类候选: absolute
E:\压裂窜扰项目\02 规范化\泸201H5\泸201H5 邻井压力监测\泸201H5-4-6段压裂施工-1、2、3井压力监测.xls,3,已用于形态聚类或重复合并,3,参与形态聚类候选: absolute
E:\压裂窜扰项目\02 规范化\泸201H5\泸201H5 邻井压力监测\泸201H5-4-7段压裂施工-1、2、3井压力监测（第1次压裂）.xls,3,已用于形态聚类或重复合并,3,参与形态聚类候选: absolute
E:\压裂窜扰项目\02 规范化\泸201H5\泸201H5 邻井压力监测\泸201H5-4-7段压裂施工-1、2、3井压力监测（第2次压裂）.xls,3,已用于形态聚类或重复合并,3,参与形态聚类候选: observed_file_window
E:\压裂窜扰项目\02 规范化\泸201H5\泸201H5 邻井压力监测\泸201H5-4-8段压裂施工-1、2、3井压力监测（第1次压裂）.xls,3,已用于形态聚类或重复合并,3,参与形态聚类候选: observed_file_window
E:\压裂窜扰项目\02 规范化\泸201H5\泸201H5 邻井压力监测\泸201H5-4-8段压裂施工-1、2、3井压力监测（第2次压裂）.xls,3,已用于形态聚类或重复合并,3,参与形态聚类候选: observed_file_window
E:\压裂窜扰项目\02 规范化\泸201H5\泸201H5 邻井压力监测\泸201H5-4-9段压裂施工-1、2、3井压力监测.xls,3,已用于形态聚类或重复合并,3,参与形态聚类候选: absolute
E:\压裂窜扰项目\02 规范化\泸203H10\泸203H10 邻井压力监测\泸203H10-1-10段压裂施工-2井分点压力监测.xls,1,已用于形态聚类或重复合并,1,参与形态聚类候选: same_stage_clock
E:\压裂窜扰项目\02 规范化\泸203H10\泸203H10 邻井压力监测\泸203H10-1-14段压裂施工-2井分点压力监测.xls,1,已用于形态聚类或重复合并,1,参与形态聚类候选: same_stage_clock
E:\压裂窜扰项目\02 规范化\泸203H10\泸203H10 邻井压力监测\泸203H10-1井套压分点-2.xls,1,已用于形态聚类或重复合并,1,参与形态聚类候选: observed_file_window
E:\压裂窜扰项目\02 规范化\泸203H10\泸203H10 邻井压力监测\泸203H10-1井套压分点.xls,1,已用于形态聚类或重复合并,1,重复或补充片段已合并: 相同事件/通道且压力一致，仅计一个样本
E:\压裂窜扰项目\02 规范化\泸203H10\泸203H10 邻井压力监测\泸203H10-2-13段压裂施工-1井分点压力监测.xls,1,已用于形态聚类或重复合并,1,参与形态聚类候选: same_stage_clock
E:\压裂窜扰项目\02 规范化\泸203H10\泸203H10 邻井压力监测\泸203H10-2-14段压裂施工-1、3井套压压力监测.xls,2,已用于形态聚类或重复合并,2,参与形态聚类候选: same_stage_clock
E:\压裂窜扰项目\02 规范化\泸203H10\泸203H10 邻井压力监测\泸203H10-2-15段压裂施工-1、3井分点压力监测.xls,2,已用于形态聚类或重复合并,2,参与形态聚类候选: same_stage_clock
E:\压裂窜扰项目\02 规范化\泸203H10\泸203H10 邻井压力监测\泸203H10-2-16段压裂施工-1井套压压力监测.xls,1,已用于形态聚类或重复合并,1,参与形态聚类候选: same_stage_clock
E:\压裂窜扰项目\02 规范化\泸203H10\泸203H10 邻井压力监测\泸203H10-2-17段压裂施工-1井分点压力监测.xls,1,已用于形态聚类或重复合并,1,参与形态聚类候选: same_stage_clock
E:\压裂窜扰项目\02 规范化\泸203H10\泸203H10 邻井压力监测\泸203H10-2-3段压裂施工-3井套压压力监测-2.xls,1,已用于形态聚类或重复合并,1,参与形态聚类候选: same_stage_clock
E:\压裂窜扰项目\02 规范化\泸203H10\泸203H10 邻井压力监测\泸203H10-2-3段压裂施工-3井套压压力监测.xls,1,已用于形态聚类或重复合并,1,重复或补充片段已合并: 相同事件/通道且压力一致，仅计一个样本
E:\压裂窜扰项目\02 规范化\泸203H10\泸203H10 邻井压力监测\泸203H10-2-4段压裂施工-1井套压压力监测.xls,1,已用于形态聚类或重复合并,1,参与形态聚类候选: same_stage_clock
E:\压裂窜扰项目\02 规范化\泸203H10\泸203H10 邻井压力监测\泸203H10-2-9段压裂施工-1井分点压力监测.xls,1,已用于形态聚类或重复合并,1,参与形态聚类候选: same_stage_clock
E:\压裂窜扰项目\02 规范化\泸203H10\泸203H10 邻井压力监测\泸203H10-3-12段压裂施工-1井套压压力监测.xls,1,已用于形态聚类或重复合并,1,参与形态聚类候选: same_stage_clock
E:\压裂窜扰项目\02 规范化\泸203H10\泸203H10 邻井压力监测\泸203H10-3-3段压裂施工-1、2井压力监测.xls,2,已用于形态聚类或重复合并,2,参与形态聚类候选: same_stage_clock
E:\压裂窜扰项目\02 规范化\泸203H10\泸203H10 邻井压力监测\泸203H10-3-8段压裂施工-4井秒点压力监测.xls,1,已用于形态聚类或重复合并,1,参与形态聚类候选: same_stage_clock
E:\压裂窜扰项目\02 规范化\泸203H10\泸203H10 邻井压力监测\泸203H10-4-8段压裂施工-3井秒点压力监测.xls,1,已用于形态聚类或重复合并,1,参与形态聚类候选: same_stage_clock
E:\压裂窜扰项目\02 规范化\泸203H10\泸203H10 邻井压力监测\泸203H10-4-9段压裂施工-3井分点压力监测-2.xls,1,已用于形态聚类或重复合并,1,重复或补充片段已合并: 相同事件/通道且压力一致，仅计一个样本
E:\压裂窜扰项目\02 规范化\泸203H10\泸203H10 邻井压力监测\泸203H10-4-9段压裂施工-3井分点压力监测.xls,1,已用于形态聚类或重复合并,1,重复或补充片段已合并: 相同事件/通道且压力一致，仅计一个样本
E:\压裂窜扰项目\02 规范化\泸203H10\泸203H10 邻井压力监测\泸203H10-4-9段压裂施工-3井秒点压力监测-2.xls,1,已用于形态聚类或重复合并,1,参与形态聚类候选: same_stage_clock
E:\压裂窜扰项目\02 规范化\泸203H10\泸203H10 邻井压力监测\泸203H10-4-9段压裂施工-3井秒点压力监测.xls,1,已用于形态聚类或重复合并,1,重复或补充片段已合并: 相同事件/通道且压力一致，仅计一个样本
E:\压裂窜扰项目\02 规范化\泸203H10\泸203H10 邻井压力监测\泸203H10-4井2井套压  6.16.xls,2,已用于形态聚类或重复合并,2,参与形态聚类候选: observed_file_window
E:\压裂窜扰项目\02 规范化\泸203H10\泸203H10 邻井压力监测\泸203H10平台压窜情况（5.10-5.16）_3井压力(2).xls,1,已用于形态聚类或重复合并,1,参与形态聚类候选: observed_file_window
E:\压裂窜扰项目\02 规范化\泸203H11\泸203H11 邻井压力监测\泸203H11-1-3段压裂施工-8井套压压力监测.xls,1,已用于形态聚类或重复合并,1,参与形态聚类候选: same_stage_clock
E:\压裂窜扰项目\02 规范化\泸203H11\泸203H11 邻井压力监测\泸203H11-1-6段压裂施工-2井套压压力监测.xls,1,已用于形态聚类或重复合并,1,参与形态聚类候选: same_stage_clock
E:\压裂窜扰项目\02 规范化\泸203H11\泸203H11 邻井压力监测\泸203H11-2-10段压裂施工-1井套压压力监测.xls,1,已用于形态聚类或重复合并,1,参与形态聚类候选: same_stage_clock
E:\压裂窜扰项目\02 规范化\泸203H11\泸203H11 邻井压力监测\泸203H11-2-10段压裂施工-3井套压压力监测.xls,1,已用于形态聚类或重复合并,1,参与形态聚类候选: same_stage_clock
E:\压裂窜扰项目\02 规范化\泸203H11\泸203H11 邻井压力监测\泸203H11-2-12段压裂施工-1井套压压力监测.xls,1,已用于形态聚类或重复合并,1,参与形态聚类候选: same_stage_clock
E:\压裂窜扰项目\02 规范化\泸203H11\泸203H11 邻井压力监测\泸203H11-2-6段压裂施工-3井套压压力监测.xls,1,已用于形态聚类或重复合并,1,参与形态聚类候选: same_stage_clock
E:\压裂窜扰项目\02 规范化\泸203H11\泸203H11 邻井压力监测\泸203H11-2-7段压裂施工-3井套压压力监测.xls,1,已用于形态聚类或重复合并,1,参与形态聚类候选: same_stage_clock
E:\压裂窜扰项目\02 规范化\泸203H11\泸203H11 邻井压力监测\泸203H11-2-8段压裂施工-3井套压压力监测.xls,1,已用于形态聚类或重复合并,1,参与形态聚类候选: same_stage_clock
E:\压裂窜扰项目\02 规范化\泸203H11\泸203H11 邻井压力监测\泸203H11-2-9段压裂施工-1井套压压力监测.xls,1,已用于形态聚类或重复合并,1,参与形态聚类候选: same_stage_clock
E:\压裂窜扰项目\02 规范化\泸203H11\泸203H11 邻井压力监测\泸203H11-3-12段压裂施工-1井套压压力监测.xls,2,未形成聚类样本,0,施工井自身压力: 源井与监测井相同；无法形成完整形态样本: 观测时长小于5分钟
E:\压裂窜扰项目\02 规范化\泸203H11\泸203H11 邻井压力监测\泸203H11-4-3段压裂施工-3井套压压力监测.xls,1,已用于形态聚类或重复合并,1,参与形态聚类候选: same_stage_clock
E:\压裂窜扰项目\02 规范化\泸203H11\泸203H11 邻井压力监测\泸203H11-5-3段压裂施工-6井套压压力监测.xls,1,已用于形态聚类或重复合并,1,参与形态聚类候选: same_stage_clock
E:\压裂窜扰项目\02 规范化\泸203H11\泸203H11 邻井压力监测\泸203H11-5-4段压裂施工-6井套压压力监测.xls,1,已用于形态聚类或重复合并,1,参与形态聚类候选: same_stage_clock
E:\压裂窜扰项目\02 规范化\泸203H11\泸203H11 邻井压力监测\泸203H11-5-6段压裂施工-6井套压压力监测.xlsx,1,已用于形态聚类或重复合并,1,参与形态聚类候选: same_stage_clock
E:\压裂窜扰项目\02 规范化\泸203H11\泸203H11 邻井压力监测\泸203H11-5-7段压裂施工-6井套压压力监测.xls,1,已用于形态聚类或重复合并,1,参与形态聚类候选: same_stage_clock
E:\压裂窜扰项目\02 规范化\泸203H11\泸203H11 邻井压力监测\泸203H11-5-8段压裂施工-6井套压压力监测.xls,1,已用于形态聚类或重复合并,1,参与形态聚类候选: same_stage_clock
E:\压裂窜扰项目\02 规范化\泸203H11\泸203H11 邻井压力监测\泸203H11-5-9段压裂施工-6井压力监测.xls,1,已用于形态聚类或重复合并,1,参与形态聚类候选: same_stage_clock
E:\压裂窜扰项目\02 规范化\泸203H11\泸203H11 邻井压力监测\泸203H11-6-13段压裂施工-5井压力监测.xls,3,已用于形态聚类或重复合并,3,参与形态聚类候选: same_stage_clock
E:\压裂窜扰项目\02 规范化\泸203H11\泸203H11 邻井压力监测\泸203H11-6-16段压裂施工-5井秒点压力监测.xls,1,已用于形态聚类或重复合并,1,参与形态聚类候选: same_stage_clock
E:\压裂窜扰项目\02 规范化\泸203H11\泸203H11 邻井压力监测\泸203H11-6-17段压裂施工-5、7井秒点压力监测.xls,2,已用于形态聚类或重复合并,2,参与形态聚类候选: same_stage_clock
E:\压裂窜扰项目\02 规范化\泸203H11\泸203H11 邻井压力监测\泸203H11-6-22段压裂施工-5井秒点压力监测.xls,1,已用于形态聚类或重复合并,1,参与形态聚类候选: same_stage_clock
E:\压裂窜扰项目\02 规范化\泸203H11\泸203H11 邻井压力监测\泸203H11-6-5段压裂施工-7井套压压力监测.xlsx,1,已用于形态聚类或重复合并,1,参与形态聚类候选: same_stage_clock
E:\压裂窜扰项目\02 规范化\泸203H11\泸203H11 邻井压力监测\泸203H11-6-6段压裂施工-5井压力监测.xls,1,已用于形态聚类或重复合并,1,参与形态聚类候选: same_stage_clock
E:\压裂窜扰项目\02 规范化\泸203H11\泸203H11 邻井压力监测\泸203H11-7-13段压裂施工-6井套压压力监测.xlsx,1,已用于形态聚类或重复合并,1,参与形态聚类候选: observed_file_window
E:\压裂窜扰项目\02 规范化\泸203H11\泸203H11 邻井压力监测\泸203H11-7-9段压裂施工-5、6井压力监测.xls,2,已用于形态聚类或重复合并,2,参与形态聚类候选: same_stage_clock
E:\压裂窜扰项目\02 规范化\泸203H153\泸203H153 邻井压力监测\泸203H153-2-25段压裂施工-7井套压压力监测.xls,1,已用于形态聚类或重复合并,1,参与形态聚类候选: absolute
E:\压裂窜扰项目\02 规范化\泸203H153\泸203H153 邻井压力监测\泸203H153-2-6段压裂施工-7井套压压力监测.xls,1,已用于形态聚类或重复合并,1,参与形态聚类候选: observed_file_window
E:\压裂窜扰项目\02 规范化\泸203H153\泸203H153 邻井压力监测\泸203H153-4-16段压裂施工-6井套压压力监测.xls,1,已用于形态聚类或重复合并,1,参与形态聚类候选: absolute
E:\压裂窜扰项目\02 规范化\泸203H153\泸203H153 邻井压力监测\泸203H153-5-10段压裂施工-6井套压压力监测.xls,1,已用于形态聚类或重复合并,1,参与形态聚类候选: absolute
E:\压裂窜扰项目\02 规范化\泸203H153\泸203H153 邻井压力监测\泸203H153-5-17段压裂施工-6井套压压力监测.xls,1,已用于形态聚类或重复合并,1,参与形态聚类候选: absolute
E:\压裂窜扰项目\02 规范化\泸203H153\泸203H153 邻井压力监测\泸203H153-5-18段压裂施工-6井套压压力监测.xls,1,已用于形态聚类或重复合并,1,参与形态聚类候选: absolute
E:\压裂窜扰项目\02 规范化\泸203H153\泸203H153 邻井压力监测\泸203H153-5-19段压裂施工-6井套压压力监测.xls,1,已用于形态聚类或重复合并,1,参与形态聚类候选: absolute
E:\压裂窜扰项目\02 规范化\泸203H153\泸203H153 邻井压力监测\泸203H153-5-20段压裂施工-6井套压压力监测.xls,1,已用于形态聚类或重复合并,1,参与形态聚类候选: absolute
E:\压裂窜扰项目\02 规范化\泸203H153\泸203H153 邻井压力监测\泸203H153-5-21段压裂施工-6井套压压力监测.xls,1,已用于形态聚类或重复合并,1,参与形态聚类候选: absolute
E:\压裂窜扰项目\02 规范化\泸203H153\泸203H153 邻井压力监测\泸203H153-5-22段压裂施工-6井套压压力监测.xls,1,已用于形态聚类或重复合并,1,参与形态聚类候选: absolute
E:\压裂窜扰项目\02 规范化\泸203H153\泸203H153 邻井压力监测\泸203H153-5-2段压裂施工-6井套压压力监测.xls,1,已用于形态聚类或重复合并,1,参与形态聚类候选: absolute
E:\压裂窜扰项目\02 规范化\泸203H153\泸203H153 邻井压力监测\泸203H153-5-3段压裂施工-6井套压压力监测.xlsx,1,已用于形态聚类或重复合并,1,参与形态聚类候选: absolute
E:\压裂窜扰项目\02 规范化\泸203H153\泸203H153 邻井压力监测\泸203H153-5-4段压裂施工-6井套压压力监测.xls,1,已用于形态聚类或重复合并,1,参与形态聚类候选: absolute
E:\压裂窜扰项目\02 规范化\泸203H153\泸203H153 邻井压力监测\泸203H153-6-13段压裂施工-4井套压压力监测.xls,1,已用于形态聚类或重复合并,1,参与形态聚类候选: absolute
E:\压裂窜扰项目\02 规范化\泸203H153\泸203H153 邻井压力监测\泸203H153-6-17段压裂施工-5井套压压力监测.xls,1,已用于形态聚类或重复合并,1,参与形态聚类候选: absolute
E:\压裂窜扰项目\02 规范化\泸203H153\泸203H153 邻井压力监测\泸203H153-6-18段压裂施工-5井套压压力监测.xls,1,已用于形态聚类或重复合并,1,参与形态聚类候选: absolute
E:\压裂窜扰项目\02 规范化\泸203H153\泸203H153 邻井压力监测\泸203H153-6-20段压裂施工-5井套压压力监测.xls,1,已用于形态聚类或重复合并,1,参与形态聚类候选: absolute
E:\压裂窜扰项目\02 规范化\泸203H153\泸203H153 邻井压力监测\泸203H153-6-21段压裂施工-5井套压压力监测.xls,1,已用于形态聚类或重复合并,1,参与形态聚类候选: absolute
E:\压裂窜扰项目\02 规范化\泸203H153\泸203H153 邻井压力监测\泸203H153-6-2段压裂施工-5井套压压力监测.xls,1,已用于形态聚类或重复合并,1,参与形态聚类候选: absolute
E:\压裂窜扰项目\02 规范化\泸203H153\泸203H153 邻井压力监测\泸203H153-7-27段压裂施工-2井套压压力监测.xls,1,已用于形态聚类或重复合并,1,参与形态聚类候选: observed_file_window
E:\压裂窜扰项目\02 规范化\泸203H153\泸203H153 邻井压力监测\泸203H153-7-5段压裂施工-2井套压压力监测.xls,1,已用于形态聚类或重复合并,1,参与形态聚类候选: observed_file_window
E:\压裂窜扰项目\02 规范化\泸203H153\泸203H153 邻井压力监测\泸203H153_2024.5.25压裂期间检测-6井压力.xls,1,已用于形态聚类或重复合并,1,相同数值重复样本已合并: observed_file_window
E:\压裂窜扰项目\02 规范化\泸203H153\泸203H153 邻井压力监测\泸203H153_5-5段压裂期间5井套压数据.xls,1,未形成聚类样本,0,施工井自身压力: 源井与监测井相同
E:\压裂窜扰项目\02 规范化\泸203H64\泸203H64 邻井压力监测\泸203H64-1-15段压裂施工-2、3、4、5井秒点压力监测.xls,4,已用于形态聚类或重复合并,4,参与形态聚类候选: same_stage_clock
E:\压裂窜扰项目\02 规范化\泸203H64\泸203H64 邻井压力监测\泸203H64-1-16段压裂施工-2、3、4、5井秒点压力监测.xls,4,已用于形态聚类或重复合并,4,参与形态聚类候选: observed_file_window
E:\压裂窜扰项目\02 规范化\泸203H64\泸203H64 邻井压力监测\泸203H64-1-17段压裂施工-2、3、4、5井秒点压力监测.xls,4,已用于形态聚类或重复合并,4,参与形态聚类候选: same_stage_clock
E:\压裂窜扰项目\02 规范化\泸203H64\泸203H64 邻井压力监测\泸203H64-3-10段压裂施工-1、2、4、5井秒点压力监测.xls,4,已用于形态聚类或重复合并,4,参与形态聚类候选: same_stage_clock
E:\压裂窜扰项目\02 规范化\泸203H64\泸203H64 邻井压力监测\泸203H64-3-11段压裂施工-1、2、4、5井秒点压力监测.xls,4,已用于形态聚类或重复合并,4,参与形态聚类候选: same_stage_clock
E:\压裂窜扰项目\02 规范化\泸203H64\泸203H64 邻井压力监测\泸203H64-3-11段压裂施工-2井压力监测.xlsx,1,已用于形态聚类或重复合并,1,参与形态聚类候选: same_stage_clock
E:\压裂窜扰项目\02 规范化\泸203H64\泸203H64 邻井压力监测\泸203H64-3-12段压裂施工-1、2、4、5井秒点压力监测.xls,4,已用于形态聚类或重复合并,4,参与形态聚类候选: same_stage_clock
E:\压裂窜扰项目\02 规范化\泸203H64\泸203H64 邻井压力监测\泸203H64-3-13段压裂施工-1、2、4、5井秒点压力监测.xls,4,已用于形态聚类或重复合并,4,参与形态聚类候选: same_stage_clock
E:\压裂窜扰项目\02 规范化\泸203H64\泸203H64 邻井压力监测\泸203H64-3-13段压裂施工-2井压力监测.xls,1,已用于形态聚类或重复合并,1,参与形态聚类候选: same_stage_clock
E:\压裂窜扰项目\02 规范化\泸203H64\泸203H64 邻井压力监测\泸203H64-3-14段压裂施工-1、2、4、5井秒点压力监测.xls,4,已用于形态聚类或重复合并,4,参与形态聚类候选: same_stage_clock
E:\压裂窜扰项目\02 规范化\泸203H64\泸203H64 邻井压力监测\泸203H64-3-1段压裂施工-1、2、4、5井秒点压力监测.xls,4,已用于形态聚类或重复合并,4,参与形态聚类候选: same_stage_clock
E:\压裂窜扰项目\02 规范化\泸203H64\泸203H64 邻井压力监测\泸203H64-3-2段压裂施工-1、2、4、5井秒点压力监测.xls,4,已用于形态聚类或重复合并,4,参与形态聚类候选: same_stage_clock
E:\压裂窜扰项目\02 规范化\泸203H64\泸203H64 邻井压力监测\泸203H64-3-3段压裂施工-1、2、4、5井秒点压力监测.xls,4,已用于形态聚类或重复合并,4,参与形态聚类候选: same_stage_clock
E:\压裂窜扰项目\02 规范化\泸203H64\泸203H64 邻井压力监测\泸203H64-3-4段压裂施工-1、2、4、5井秒点压力监测.xls,4,已用于形态聚类或重复合并,4,参与形态聚类候选: same_stage_clock
E:\压裂窜扰项目\02 规范化\泸203H64\泸203H64 邻井压力监测\泸203H64-3-5段压裂施工-1、2、4、5井秒点压力监测.xls,4,已用于形态聚类或重复合并,4,参与形态聚类候选: same_stage_clock
E:\压裂窜扰项目\02 规范化\泸203H64\泸203H64 邻井压力监测\泸203H64-3-6段压裂施工-1、2、4、5井秒点压力监测.xls,4,已用于形态聚类或重复合并,4,参与形态聚类候选: same_stage_clock
E:\压裂窜扰项目\02 规范化\泸203H64\泸203H64 邻井压力监测\泸203H64-3-7段压裂施工-1、2、4、5井秒点压力监测.xls,4,已用于形态聚类或重复合并,4,参与形态聚类候选: same_stage_clock
E:\压裂窜扰项目\02 规范化\泸203H64\泸203H64 邻井压力监测\泸203H64-3-8段压裂施工-1、2、4、5井秒点压力监测.xls,4,已用于形态聚类或重复合并,4,参与形态聚类候选: same_stage_clock
E:\压裂窜扰项目\02 规范化\泸203H64\泸203H64 邻井压力监测\泸203H64-3-9段压裂施工-1、2、4、5井秒点压力监测.xls,4,已用于形态聚类或重复合并,4,参与形态聚类候选: same_stage_clock
E:\压裂窜扰项目\02 规范化\泸203H64\泸203H64 邻井压力监测\泸203H64-3-9段压裂施工-2井秒点压力监测.xlsx,1,已用于形态聚类或重复合并,1,参与形态聚类候选: same_stage_clock
E:\压裂窜扰项目\02 规范化\泸203H64\泸203H64 邻井压力监测\泸203H64-4-10段压裂施工-1、2、3、5井秒点压力监测.xls,4,已用于形态聚类或重复合并,4,参与形态聚类候选: same_stage_clock
E:\压裂窜扰项目\02 规范化\泸203H64\泸203H64 邻井压力监测\泸203H64-4-11段压裂施工-1、2、3、5井秒点压力监测.xls,4,已用于形态聚类或重复合并,4,参与形态聚类候选: same_stage_clock
E:\压裂窜扰项目\02 规范化\泸203H64\泸203H64 邻井压力监测\泸203H64-4-12段压裂施工-1、2、3、5井秒点压力监测.xls,4,已用于形态聚类或重复合并,4,参与形态聚类候选: same_stage_clock
E:\压裂窜扰项目\02 规范化\泸203H64\泸203H64 邻井压力监测\泸203H64-4-13段压裂施工-1、2、3、5井秒点压力监测.xls,4,已用于形态聚类或重复合并,4,参与形态聚类候选: same_stage_clock
E:\压裂窜扰项目\02 规范化\泸203H64\泸203H64 邻井压力监测\泸203H64-4-14段压裂施工-1、2、3、5井秒点压力监测.xls,4,已用于形态聚类或重复合并,4,参与形态聚类候选: same_stage_clock
E:\压裂窜扰项目\02 规范化\泸203H64\泸203H64 邻井压力监测\泸203H64-4-15段压裂施工-1、2、3、5井秒点压力监测.xls,4,已用于形态聚类或重复合并,4,参与形态聚类候选: same_stage_clock
E:\压裂窜扰项目\02 规范化\泸203H64\泸203H64 邻井压力监测\泸203H64-4-2段压裂施工-1、2、3、5井秒点压力监测.xls,4,已用于形态聚类或重复合并,4,参与形态聚类候选: same_stage_clock
E:\压裂窜扰项目\02 规范化\泸203H64\泸203H64 邻井压力监测\泸203H64-4-3段压裂施工-1、2、3、5井秒点压力监测.xls,4,已用于形态聚类或重复合并,4,参与形态聚类候选: same_stage_clock
E:\压裂窜扰项目\02 规范化\泸203H64\泸203H64 邻井压力监测\泸203H64-4-4段压裂施工-1、2、3、5井秒点压力监测.xls,4,已用于形态聚类或重复合并,4,参与形态聚类候选: same_stage_clock
E:\压裂窜扰项目\02 规范化\泸203H64\泸203H64 邻井压力监测\泸203H64-4-5段压裂施工-1、2、3、5井秒点压力监测.xls,4,已用于形态聚类或重复合并,4,参与形态聚类候选: same_stage_clock
E:\压裂窜扰项目\02 规范化\泸203H64\泸203H64 邻井压力监测\泸203H64-4-6段压裂施工-1、2、3、5井秒点压力监测.xls,4,已用于形态聚类或重复合并,4,参与形态聚类候选: same_stage_clock
E:\压裂窜扰项目\02 规范化\泸203H64\泸203H64 邻井压力监测\泸203H64-4-7段压裂施工-1、2、3、5井秒点压力监测.xls,4,已用于形态聚类或重复合并,4,参与形态聚类候选: same_stage_clock
E:\压裂窜扰项目\02 规范化\泸203H64\泸203H64 邻井压力监测\泸203H64-4-8段压裂施工-1、2、3、5井秒点压力监测.xls,4,已用于形态聚类或重复合并,4,参与形态聚类候选: same_stage_clock
E:\压裂窜扰项目\02 规范化\泸203H64\泸203H64 邻井压力监测\泸203H64-4-9段压裂施工-1、2、3、5井秒点压力监测.xls,4,已用于形态聚类或重复合并,4,参与形态聚类候选: same_stage_clock
E:\压裂窜扰项目\02 规范化\泸203H64\泸203H64 邻井压力监测\泸203H64-5-10段压裂施工-1、2、3、4井秒点压力监测.xls,4,已用于形态聚类或重复合并,4,参与形态聚类候选: same_stage_clock
E:\压裂窜扰项目\02 规范化\泸203H64\泸203H64 邻井压力监测\泸203H64-5-11段压裂施工-1、2、3、4井秒点压力监测.xls,4,已用于形态聚类或重复合并,4,参与形态聚类候选: same_stage_clock
E:\压裂窜扰项目\02 规范化\泸203H64\泸203H64 邻井压力监测\泸203H64-5-12段压裂施工-1、2、3、4井秒点压力监测.xls,4,已用于形态聚类或重复合并,4,参与形态聚类候选: same_stage_clock
E:\压裂窜扰项目\02 规范化\泸203H64\泸203H64 邻井压力监测\泸203H64-5-13段压裂施工-1、2、3、4井秒点压力监测.xls,4,已用于形态聚类或重复合并,4,参与形态聚类候选: same_stage_clock
E:\压裂窜扰项目\02 规范化\泸203H64\泸203H64 邻井压力监测\泸203H64-5-14段压裂施工-1、2、3、4井秒点压力监测.xls,4,已用于形态聚类或重复合并,4,参与形态聚类候选: same_stage_clock
E:\压裂窜扰项目\02 规范化\泸203H64\泸203H64 邻井压力监测\泸203H64-5-15段压裂施工-1、2、3、4井秒点压力监测.xls,4,已用于形态聚类或重复合并,4,参与形态聚类候选: same_stage_clock
E:\压裂窜扰项目\02 规范化\泸203H64\泸203H64 邻井压力监测\泸203H64-5-3段压裂施工-1、4、6、7井秒点压力监测.xls,5,已用于形态聚类或重复合并,4,施工井自身压力: 源井与监测井相同；参与形态聚类候选: same_stage_clock
E:\压裂窜扰项目\02 规范化\泸203H64\泸203H64 邻井压力监测\泸203H64-5-4段压裂施工-1、4、6、7井秒点压力监测.xls,5,已用于形态聚类或重复合并,4,施工井自身压力: 源井与监测井相同；参与形态聚类候选: same_stage_clock
E:\压裂窜扰项目\02 规范化\泸203H64\泸203H64 邻井压力监测\泸203H64-5-5段压裂施工-1、2、3、4井秒点压力监测.xls,4,已用于形态聚类或重复合并,4,参与形态聚类候选: same_stage_clock
E:\压裂窜扰项目\02 规范化\泸203H64\泸203H64 邻井压力监测\泸203H64-5-6段压裂施工-1、2、3、4井秒点压力监测.xls,4,已用于形态聚类或重复合并,4,参与形态聚类候选: same_stage_clock
E:\压裂窜扰项目\02 规范化\泸203H64\泸203H64 邻井压力监测\泸203H64-5-7段压裂施工-1、2、3、4井秒点压力监测.xls,4,已用于形态聚类或重复合并,4,参与形态聚类候选: same_stage_clock
E:\压裂窜扰项目\02 规范化\泸203H64\泸203H64 邻井压力监测\泸203H64-5-8段压裂施工-1、2、3、4井秒点压力监测.xls,4,已用于形态聚类或重复合并,4,参与形态聚类候选: same_stage_clock
E:\压裂窜扰项目\02 规范化\泸203H64\泸203H64 邻井压力监测\泸203H64-5-9段压裂施工-1、2、3、4井秒点压力监测.xls,4,已用于形态聚类或重复合并,4,参与形态聚类候选: same_stage_clock
E:\压裂窜扰项目\02 规范化\泸203H64\泸203H64 邻井压力监测\泸203H64平台 -   1 井第20段压裂期间 泸203H75   平台监测数据.xlsx,4,已用于形态聚类或重复合并,4,参与形态聚类候选: same_stage_clock
E:\压裂窜扰项目\02 规范化\泸203H64\泸203H64 邻井压力监测\泸203H64平台压裂期间l泸203H75平台压力、液、气监测表.xlsx,86,已用于形态聚类或重复合并,60,施工井自身压力: 源井与监测井相同；过少观测: 少于6点；参与形态聚类候选: observed_file_window；参与形态聚类候选: same_stage_clock；重复或补充片段已合并: 相同事件/通道且压力一致，仅计一个样本
E:\压裂窜扰项目\02 规范化\泸203H64\泸203H64 邻井压力监测\泸203H64平台压裂期间泸203H58平台邻井压力、液、气监测表 - 10.29(1).xlsx,7,已用于形态聚类或重复合并,7,参与形态聚类候选: same_stage_clock
E:\压裂窜扰项目\02 规范化\泸203H64\泸203H64 邻井压力监测\邻井压力上涨数据_1井施工期间_75平台_11.13.2.xlsx,4,未形成聚类样本,0,施工井自身压力: 源井与监测井相同；过少观测: 少于6点
E:\压裂窜扰项目\02 规范化\泸203H64\泸203H64 邻井压力监测\邻井压力上涨数据_1井施工期间_75平台_11.14.2.xlsx,4,已用于形态聚类或重复合并,3,施工井自身压力: 源井与监测井相同；参与形态聚类候选: same_stage_clock
E:\压裂窜扰项目\02 规范化\泸203H64\泸203H64 邻井压力监测\邻井压力上涨数据_1井施工期间_75平台_11.14.xlsx,4,已用于形态聚类或重复合并,3,施工井自身压力: 源井与监测井相同；参与形态聚类候选: same_stage_clock
E:\压裂窜扰项目\02 规范化\泸203H64\泸203H64 邻井压力监测\邻井压力上涨数据_1井施工期间_75平台_2022.11.13.xlsx,4,已用于形态聚类或重复合并,3,施工井自身压力: 源井与监测井相同；参与形态聚类候选: observed_file_window
E:\压裂窜扰项目\02 规范化\泸203H64\泸203H64 邻井压力监测\邻井压力上涨数据_2井施工期间_2井压窜邻井压力上涨液量.xls,0,未形成聚类样本,0,非时序统计/施工表、空表、无法解析或时间压力配对尚不可靠，详见逐工作表审计
E:\压裂窜扰项目\02 规范化\泸203H64\泸203H64 邻井压力监测\邻井压力上涨数据_3井施工期间_第10段_液体暂堵过程记录.xlsx,0,未形成聚类样本,0,非时序统计/施工表、空表、无法解析或时间压力配对尚不可靠，详见逐工作表审计
E:\压裂窜扰项目\02 规范化\泸203H66\泸203H66 邻井压力监测\泸203H66平台-1井-13段压裂施工-1、3、4井分点压力监测.xls,3,已用于形态聚类或重复合并,2,施工井自身压力: 源井与监测井相同；重复或补充片段已合并: 相同事件/通道且压力一致，仅计一个样本
E:\压裂窜扰项目\02 规范化\泸203H66\泸203H66 邻井压力监测\泸203H66平台-1井-13段压裂施工-1、3、4井秒点压力监测.xls,3,已用于形态聚类或重复合并,2,施工井自身压力: 源井与监测井相同；参与形态聚类候选: same_stage_clock
E:\压裂窜扰项目\02 规范化\泸203H66\泸203H66 邻井压力监测\泸203H66平台-1井-13段压裂施工-1井秒点压力监测-2.xls,1,未形成聚类样本,0,施工井自身压力: 源井与监测井相同
E:\压裂窜扰项目\02 规范化\泸203H66\泸203H66 邻井压力监测\泸203H66平台-1井-13段压裂施工-1井秒点压力监测-3.xls,1,未形成聚类样本,0,施工井自身压力: 源井与监测井相同
E:\压裂窜扰项目\02 规范化\泸203H66\泸203H66 邻井压力监测\泸203H66平台-1井-13段压裂施工-1井秒点压力监测-4.xls,1,未形成聚类样本,0,施工井自身压力: 源井与监测井相同
E:\压裂窜扰项目\02 规范化\泸203H66\泸203H66 邻井压力监测\泸203H66平台-1井-13段压裂施工-1井秒点压力监测-5.xls,1,未形成聚类样本,0,施工井自身压力: 源井与监测井相同
E:\压裂窜扰项目\02 规范化\泸203H66\泸203H66 邻井压力监测\泸203H66平台-1井-13段压裂施工-2井秒点压力监测-2.xls,1,已用于形态聚类或重复合并,1,参与形态聚类候选: observed_file_window
E:\压裂窜扰项目\02 规范化\泸203H66\泸203H66 邻井压力监测\泸203H66平台-1井-13段压裂施工-2井秒点压力监测-3.xls,1,已用于形态聚类或重复合并,1,重复或补充片段已合并: 相同事件/通道且压力一致，仅计一个样本
E:\压裂窜扰项目\02 规范化\泸203H66\泸203H66 邻井压力监测\泸203H66平台-1井-13段压裂施工-2井秒点压力监测-4.xls,1,已用于形态聚类或重复合并,1,重复或补充片段已合并: 相同事件/通道且压力一致，仅计一个样本
E:\压裂窜扰项目\02 规范化\泸203H66\泸203H66 邻井压力监测\泸203H66平台-1井-13段压裂施工-2井秒点压力监测.xls,1,已用于形态聚类或重复合并,1,重复或补充片段已合并: 相同事件/通道且压力一致，仅计一个样本
E:\压裂窜扰项目\02 规范化\泸203H66\泸203H66 邻井压力监测\泸203H66平台-1井-13段压裂施工-3井秒点压力监测-2.xls,1,已用于形态聚类或重复合并,1,重复或补充片段已合并: 相同事件/通道且压力一致，仅计一个样本
E:\压裂窜扰项目\02 规范化\泸203H66\泸203H66 邻井压力监测\泸203H66平台-1井-13段压裂施工-3井秒点压力监测-3.xls,1,已用于形态聚类或重复合并,1,重复或补充片段已合并: 相同事件/通道且压力一致，仅计一个样本
E:\压裂窜扰项目\02 规范化\泸203H66\泸203H66 邻井压力监测\泸203H66平台-1井-13段压裂施工-3井秒点压力监测-4.xls,1,已用于形态聚类或重复合并,1,重复或补充片段已合并: 相同事件/通道且压力一致，仅计一个样本
E:\压裂窜扰项目\02 规范化\泸203H66\泸203H66 邻井压力监测\泸203H66平台-1井-13段压裂施工-3井秒点压力监测.xls,1,已用于形态聚类或重复合并,1,重复或补充片段已合并: 相同事件/通道且压力一致，仅计一个样本
E:\压裂窜扰项目\02 规范化\泸203H66\泸203H66 邻井压力监测\泸203H66平台-1井-14段压裂施工-1、2、4井分点压力监测.xls,3,已用于形态聚类或重复合并,2,施工井自身压力: 源井与监测井相同；重复或补充片段已合并: 相同事件/通道且压力一致，仅计一个样本
E:\压裂窜扰项目\02 规范化\泸203H66\泸203H66 邻井压力监测\泸203H66平台-1井-14段压裂施工-1、2、4井秒点压力监测.xls,3,已用于形态聚类或重复合并,2,施工井自身压力: 源井与监测井相同；参与形态聚类候选: same_stage_clock
E:\压裂窜扰项目\02 规范化\泸203H66\泸203H66 邻井压力监测\泸203H66平台-1井-15段压裂施工-2井分点压力监测.xls,1,已用于形态聚类或重复合并,1,重复或补充片段已合并: 相同事件/通道且压力一致，仅计一个样本
E:\压裂窜扰项目\02 规范化\泸203H66\泸203H66 邻井压力监测\泸203H66平台-1井-15段压裂施工-2井秒点压力监测.xls,1,已用于形态聚类或重复合并,1,参与形态聚类候选: same_stage_clock
E:\压裂窜扰项目\02 规范化\泸203H66\泸203H66 邻井压力监测\泸203H66平台-1井-16段压裂施工-2、3井分点压力监测.xls,2,已用于形态聚类或重复合并,2,重复或补充片段已合并: 相同事件/通道且压力一致，仅计一个样本
E:\压裂窜扰项目\02 规范化\泸203H66\泸203H66 邻井压力监测\泸203H66平台-1井-16段压裂施工-2、3井秒点压力监测.xls,2,已用于形态聚类或重复合并,2,参与形态聚类候选: same_stage_clock
E:\压裂窜扰项目\02 规范化\泸203H66\泸203H66 邻井压力监测\泸203H66平台-1井-17段压裂施工-1、2、3、4井分点压力监测.xls,4,已用于形态聚类或重复合并,3,施工井自身压力: 源井与监测井相同；重复或补充片段已合并: 相同事件/通道且压力一致，仅计一个样本
E:\压裂窜扰项目\02 规范化\泸203H66\泸203H66 邻井压力监测\泸203H66平台-1井-17段压裂施工-1、2、3、4井秒点压力监测.xls,4,已用于形态聚类或重复合并,3,施工井自身压力: 源井与监测井相同；参与形态聚类候选: same_stage_clock
E:\压裂窜扰项目\02 规范化\泸203H66\泸203H66 邻井压力监测\泸203H66平台-1井-17段压裂施工-2、3井分点压力监测.xls,2,已用于形态聚类或重复合并,2,重复或补充片段已合并: 相同事件/通道且压力一致，仅计一个样本
E:\压裂窜扰项目\02 规范化\泸203H66\泸203H66 邻井压力监测\泸203H66平台-1井-17段压裂施工-2、3井秒点压力监测.xls,2,已用于形态聚类或重复合并,2,参与形态聚类候选: same_stage_clock
E:\压裂窜扰项目\02 规范化\泸203H66\泸203H66 邻井压力监测\泸203H66平台-1井-18段压裂施工-1、2、3、4井分点压力监测.xls,4,已用于形态聚类或重复合并,3,施工井自身压力: 源井与监测井相同；重复或补充片段已合并: 相同事件/通道且压力一致，仅计一个样本
E:\压裂窜扰项目\02 规范化\泸203H66\泸203H66 邻井压力监测\泸203H66平台-1井-18段压裂施工-1、2、3、4井秒点压力监测.xls,4,已用于形态聚类或重复合并,3,施工井自身压力: 源井与监测井相同；参与形态聚类候选: same_stage_clock
E:\压裂窜扰项目\02 规范化\泸203H66\泸203H66 邻井压力监测\泸203H66平台-1井-18段压裂施工-2、3井分点压力监测.xls,2,已用于形态聚类或重复合并,2,重复或补充片段已合并: 相同事件/通道且压力一致，仅计一个样本
E:\压裂窜扰项目\02 规范化\泸203H66\泸203H66 邻井压力监测\泸203H66平台-1井-18段压裂施工-2、3井秒点压力监测.xls,2,已用于形态聚类或重复合并,2,参与形态聚类候选: same_stage_clock
E:\压裂窜扰项目\02 规范化\泸203H66\泸203H66 邻井压力监测\泸203H66平台-1井-19段压裂施工-2、3井分点压力监测.xls,2,已用于形态聚类或重复合并,2,参与形态聚类候选: same_stage_clock
E:\压裂窜扰项目\02 规范化\泸203H66\泸203H66 邻井压力监测\泸203H66平台-1井-19段压裂施工-邻井待核实秒点压力监测.xls,2,已用于形态聚类或重复合并,2,参与形态聚类候选: same_stage_clock
E:\压裂窜扰项目\02 规范化\泸203H66\泸203H66 邻井压力监测\泸203H66平台-1井-20段压裂施工-2、3井分点压力监测.xls,2,已用于形态聚类或重复合并,2,重复或补充片段已合并: 相同事件/通道且压力一致，仅计一个样本
E:\压裂窜扰项目\02 规范化\泸203H66\泸203H66 邻井压力监测\泸203H66平台-1井-20段压裂施工-2、3井秒点压力监测.xls,2,已用于形态聚类或重复合并,2,参与形态聚类候选: same_stage_clock
E:\压裂窜扰项目\02 规范化\泸203H66\泸203H66 邻井压力监测\泸203H66平台-1井-5段压裂施工-4井秒点压力监测.xls,1,已用于形态聚类或重复合并,1,参与形态聚类候选: same_stage_clock
E:\压裂窜扰项目\02 规范化\泸203H66\泸203H66 邻井压力监测\泸203H66平台-1井-7段压裂施工-2、3井秒点压力监测-2.xls,2,已用于形态聚类或重复合并,2,参与形态聚类候选: same_stage_clock
E:\压裂窜扰项目\02 规范化\泸203H66\泸203H66 邻井压力监测\泸203H66平台-1井-7段压裂施工-2、3井秒点压力监测.xls,2,已用于形态聚类或重复合并,2,重复或补充片段已合并: 相同事件/通道且压力一致，仅计一个样本
E:\压裂窜扰项目\02 规范化\泸203H66\泸203H66 邻井压力监测\泸203H66平台-1井-7段压裂施工-4井分点压力监测.xls,1,已用于形态聚类或重复合并,1,重复或补充片段已合并: 相同事件/通道且压力一致，仅计一个样本
E:\压裂窜扰项目\02 规范化\泸203H66\泸203H66 邻井压力监测\泸203H66平台-1井-7段压裂施工-4井压力监测.xls,1,已用于形态聚类或重复合并,1,参与形态聚类候选: same_stage_clock
E:\压裂窜扰项目\02 规范化\泸203H66\泸203H66 邻井压力监测\泸203H66平台-1井-7段压裂施工-4井秒点压力监测.xls,1,已用于形态聚类或重复合并,1,参与形态聚类候选: same_stage_clock
E:\压裂窜扰项目\02 规范化\泸203H66\泸203H66 邻井压力监测\泸203H66平台-1井-8段压裂施工-2、3井分点压力监测.xls,2,已用于形态聚类或重复合并,2,重复或补充片段已合并: 相同事件/通道且压力一致，仅计一个样本；参与形态聚类候选: same_stage_clock
E:\压裂窜扰项目\02 规范化\泸203H66\泸203H66 邻井压力监测\泸203H66平台-1井-8段压裂施工-2井秒点压力监测.xls,1,已用于形态聚类或重复合并,1,参与形态聚类候选: same_stage_clock
E:\压裂窜扰项目\02 规范化\泸203H66\泸203H66 邻井压力监测\泸203H66平台-1井-8段压裂施工-3、4井分点压力监测-2.xls,2,已用于形态聚类或重复合并,2,重复或补充片段已合并: 相同事件/通道且压力一致，仅计一个样本
E:\压裂窜扰项目\02 规范化\泸203H66\泸203H66 邻井压力监测\泸203H66平台-1井-8段压裂施工-3、4井分点压力监测.xls,2,已用于形态聚类或重复合并,2,重复或补充片段已合并: 相同事件/通道且压力一致，仅计一个样本
E:\压裂窜扰项目\02 规范化\泸203H66\泸203H66 邻井压力监测\泸203H66平台-1井-8段压裂施工-3、4井秒点压力监测.xls,2,已用于形态聚类或重复合并,2,参与形态聚类候选: same_stage_clock
E:\压裂窜扰项目\02 规范化\泸203H66\泸203H66 邻井压力监测\泸203H66平台-1井-段号待核实压裂施工-2、3井分点压力监测.xls,2,已用于形态聚类或重复合并,2,参与形态聚类候选: observed_file_window
E:\压裂窜扰项目\02 规范化\泸203H66\泸203H66 邻井压力监测\泸203H66平台-1井-段号待核实压裂施工-2井分点压力监测.xls,1,已用于形态聚类或重复合并,1,重复或补充片段已合并: 相同事件/通道且压力一致，仅计一个样本
E:\压裂窜扰项目\02 规范化\泸203H66\泸203H66 邻井压力监测\泸203H66平台-1井-段号待核实压裂施工-2井秒点压力监测-2.xls,1,已用于形态聚类或重复合并,1,参与形态聚类候选: observed_file_window
E:\压裂窜扰项目\02 规范化\泸203H66\泸203H66 邻井压力监测\泸203H66平台-1井-段号待核实压裂施工-2井秒点压力监测-3.xls,1,已用于形态聚类或重复合并,1,重复或补充片段已合并: 相同事件/通道且压力一致，仅计一个样本
E:\压裂窜扰项目\02 规范化\泸203H66\泸203H66 邻井压力监测\泸203H66平台-1井-段号待核实压裂施工-2井秒点压力监测.xls,1,已用于形态聚类或重复合并,1,重复或补充片段已合并: 相同事件/通道且压力一致，仅计一个样本
E:\压裂窜扰项目\02 规范化\泸203H66\泸203H66 邻井压力监测\泸203H66平台-1井-段号待核实压裂施工-3井分点压力监测.xls,1,已用于形态聚类或重复合并,1,重复或补充片段已合并: 相同事件/通道且压力一致，仅计一个样本
E:\压裂窜扰项目\02 规范化\泸203H66\泸203H66 邻井压力监测\泸203H66平台-1井-段号待核实压裂施工-3井秒点压力监测-2.xls,1,已用于形态聚类或重复合并,1,参与形态聚类候选: observed_file_window
E:\压裂窜扰项目\02 规范化\泸203H66\泸203H66 邻井压力监测\泸203H66平台-1井-段号待核实压裂施工-3井秒点压力监测.xls,1,已用于形态聚类或重复合并,1,重复或补充片段已合并: 相同事件/通道且压力一致，仅计一个样本
E:\压裂窜扰项目\02 规范化\泸203H66\泸203H66 邻井压力监测\泸203H66平台-2井-12段压裂施工-邻井待核实分点压力监测.xls,1,已用于形态聚类或重复合并,1,参与形态聚类候选: same_stage_clock
E:\压裂窜扰项目\02 规范化\泸203H66\泸203H66 邻井压力监测\泸203H66平台-2井-15段压裂施工-邻井待核实分点压力监测.xls,1,已用于形态聚类或重复合并,1,参与形态聚类候选: same_stage_clock
E:\压裂窜扰项目\02 规范化\泸203H66\泸203H66 邻井压力监测\泸203H66平台-2井-16段压裂施工-1、3井秒点压力监测.xls,2,已用于形态聚类或重复合并,2,重复或补充片段已合并: 相同事件/通道且压力一致，仅计一个样本
E:\压裂窜扰项目\02 规范化\泸203H66\泸203H66 邻井压力监测\泸203H66平台-2井-16段压裂施工-1井秒点压力监测-2.xls,1,已用于形态聚类或重复合并,1,重复或补充片段已合并: 相同事件/通道且压力一致，仅计一个样本
E:\压裂窜扰项目\02 规范化\泸203H66\泸203H66 邻井压力监测\泸203H66平台-2井-16段压裂施工-1井秒点压力监测.xls,1,已用于形态聚类或重复合并,1,参与形态聚类候选: same_stage_clock
E:\压裂窜扰项目\02 规范化\泸203H66\泸203H66 邻井压力监测\泸203H66平台-2井-16段压裂施工-3井秒点压力监测.xls,1,已用于形态聚类或重复合并,1,参与形态聚类候选: same_stage_clock
E:\压裂窜扰项目\02 规范化\泸203H66\泸203H66 邻井压力监测\泸203H66平台-2井-17段压裂施工-1、2、3、4井分点压力监测.xlsx,4,已用于形态聚类或重复合并,3,施工井自身压力: 源井与监测井相同；重复或补充片段已合并: 相同事件/通道且压力一致，仅计一个样本
E:\压裂窜扰项目\02 规范化\泸203H66\泸203H66 邻井压力监测\泸203H66平台-2井-17段压裂施工-1、2、3、4井秒点压力监测.xlsx,4,已用于形态聚类或重复合并,3,施工井自身压力: 源井与监测井相同；参与形态聚类候选: same_stage_clock
E:\压裂窜扰项目\02 规范化\泸203H66\泸203H66 邻井压力监测\泸203H66平台-2井-17段压裂施工-1、3井分点压力监测.xls,2,已用于形态聚类或重复合并,2,参与形态聚类候选: same_stage_clock
E:\压裂窜扰项目\02 规范化\泸203H66\泸203H66 邻井压力监测\泸203H66平台-2井-18段压裂施工-1、3井分点压力监测.xls,2,已用于形态聚类或重复合并,2,参与形态聚类候选: same_stage_clock
E:\压裂窜扰项目\02 规范化\泸203H66\泸203H66 邻井压力监测\泸203H66平台-2井-18段压裂施工-邻井待核实秒点压力监测.xls,2,已用于形态聚类或重复合并,2,参与形态聚类候选: same_stage_clock
E:\压裂窜扰项目\02 规范化\泸203H66\泸203H66 邻井压力监测\泸203H66平台-2井-19段压裂施工-邻井待核实分点压力监测.xls,1,已用于形态聚类或重复合并,1,重复或补充片段已合并: 相同事件/通道且压力一致，仅计一个样本
E:\压裂窜扰项目\02 规范化\泸203H66\泸203H66 邻井压力监测\泸203H66平台-2井-19段压裂施工-邻井待核实秒点压力监测.xls,1,已用于形态聚类或重复合并,1,参与形态聚类候选: same_stage_clock
E:\压裂窜扰项目\02 规范化\泸203H66\泸203H66 邻井压力监测\泸203H66平台-2井-22段压裂施工-1、3井分点压力监测.xls,2,已用于形态聚类或重复合并,2,重复或补充片段已合并: 相同事件/通道且压力一致，仅计一个样本
E:\压裂窜扰项目\02 规范化\泸203H66\泸203H66 邻井压力监测\泸203H66平台-2井-22段压裂施工-1、3井秒点压力监测.xls,2,已用于形态聚类或重复合并,2,参与形态聚类候选: same_stage_clock
E:\压裂窜扰项目\02 规范化\泸203H66\泸203H66 邻井压力监测\泸203H66平台-2井-23段压裂施工-1、3井分点压力监测.xls,2,已用于形态聚类或重复合并,2,重复或补充片段已合并: 相同事件/通道且压力一致，仅计一个样本
E:\压裂窜扰项目\02 规范化\泸203H66\泸203H66 邻井压力监测\泸203H66平台-2井-23段压裂施工-1、3井秒点压力监测.xls,2,已用于形态聚类或重复合并,2,参与形态聚类候选: same_stage_clock
E:\压裂窜扰项目\02 规范化\泸203H66\泸203H66 邻井压力监测\泸203H66平台-2井-24段压裂施工-1、3井分点压力监测.xls,2,已用于形态聚类或重复合并,2,重复或补充片段已合并: 相同事件/通道且压力一致，仅计一个样本
E:\压裂窜扰项目\02 规范化\泸203H66\泸203H66 邻井压力监测\泸203H66平台-2井-24段压裂施工-1、3井秒点压力监测.xls,2,已用于形态聚类或重复合并,2,参与形态聚类候选: same_stage_clock
E:\压裂窜扰项目\02 规范化\泸203H66\泸203H66 邻井压力监测\泸203H66平台-2井-段号待核实压裂施工-1、3井秒点压力监测.xls,2,已用于形态聚类或重复合并,2,参与形态聚类候选: observed_file_window
E:\压裂窜扰项目\02 规范化\泸203H66\泸203H66 邻井压力监测\泸203H66平台-2井-段号待核实压裂施工-邻井待核实分点压力监测.xls,2,已用于形态聚类或重复合并,2,重复或补充片段已合并: 相同事件/通道且压力一致，仅计一个样本
E:\压裂窜扰项目\02 规范化\泸203H66\泸203H66 邻井压力监测\泸203H66平台-2井-段号待核实压裂施工-邻井待核实秒点压力监测-2.xls,2,已用于形态聚类或重复合并,2,参与形态聚类候选: observed_file_window
E:\压裂窜扰项目\02 规范化\泸203H66\泸203H66 邻井压力监测\泸203H66平台-2井-段号待核实压裂施工-邻井待核实秒点压力监测.xls,1,已用于形态聚类或重复合并,1,参与形态聚类候选: observed_file_window
E:\压裂窜扰项目\02 规范化\泸203H66\泸203H66 邻井压力监测\泸203H66平台-2井-段号待核实压裂施工-邻井待核实综合压力监测-2.xlsx,1,已用于形态聚类或重复合并,1,参与形态聚类候选: observed_file_window
E:\压裂窜扰项目\02 规范化\泸203H66\泸203H66 邻井压力监测\泸203H66平台-2井-段号待核实压裂施工-邻井待核实综合压力监测.xlsx,1,已用于形态聚类或重复合并,1,参与形态聚类候选: observed_file_window
E:\压裂窜扰项目\02 规范化\泸203H66\泸203H66 邻井压力监测\泸203H66平台-3井-11段压裂施工-1、2、4井压力监测.xlsx,3,已用于形态聚类或重复合并,3,参与形态聚类候选: same_stage_clock；参与形态聚类候选: observed_file_window
E:\压裂窜扰项目\02 规范化\泸203H66\泸203H66 邻井压力监测\泸203H66平台-3井-11段压裂施工-1、2井分点压力监测.xlsx,2,已用于形态聚类或重复合并,2,参与形态聚类候选: same_stage_clock
E:\压裂窜扰项目\02 规范化\泸203H66\泸203H66 邻井压力监测\泸203H66平台-3井-12段压裂施工-1、2井分点压力监测.xls,2,已用于形态聚类或重复合并,2,重复或补充片段已合并: 相同事件/通道且压力一致，仅计一个样本
E:\压裂窜扰项目\02 规范化\泸203H66\泸203H66 邻井压力监测\泸203H66平台-3井-12段压裂施工-1、2井秒点压力监测.xls,2,已用于形态聚类或重复合并,2,参与形态聚类候选: same_stage_clock
E:\压裂窜扰项目\02 规范化\泸203H66\泸203H66 邻井压力监测\泸203H66平台-3井-13段压裂施工-1、2井分点压力监测.xls,2,已用于形态聚类或重复合并,2,重复或补充片段已合并: 相同事件/通道且压力一致，仅计一个样本
E:\压裂窜扰项目\02 规范化\泸203H66\泸203H66 邻井压力监测\泸203H66平台-3井-13段压裂施工-1、2井秒点压力监测.xls,2,已用于形态聚类或重复合并,2,参与形态聚类候选: same_stage_clock
E:\压裂窜扰项目\02 规范化\泸203H66\泸203H66 邻井压力监测\泸203H66平台-3井-15段压裂施工-2井分点压力监测.xls,1,已用于形态聚类或重复合并,1,重复或补充片段已合并: 相同事件/通道且压力一致，仅计一个样本
E:\压裂窜扰项目\02 规范化\泸203H66\泸203H66 邻井压力监测\泸203H66平台-3井-15段压裂施工-2井分点压力监测.xlsx,1,已用于形态聚类或重复合并,1,参与形态聚类候选: observed_file_window
E:\压裂窜扰项目\02 规范化\泸203H66\泸203H66 邻井压力监测\泸203H66平台-3井-15段压裂施工-2井秒点压力监测.xls,1,已用于形态聚类或重复合并,1,参与形态聚类候选: same_stage_clock
E:\压裂窜扰项目\02 规范化\泸203H66\泸203H66 邻井压力监测\泸203H66平台-3井-17段压裂施工-1、2井分点压力监测.xls,2,已用于形态聚类或重复合并,2,重复或补充片段已合并: 相同事件/通道且压力一致，仅计一个样本
E:\压裂窜扰项目\02 规范化\泸203H66\泸203H66 邻井压力监测\泸203H66平台-3井-17段压裂施工-1、2井秒点压力监测.xls,2,已用于形态聚类或重复合并,2,参与形态聚类候选: same_stage_clock
E:\压裂窜扰项目\02 规范化\泸203H66\泸203H66 邻井压力监测\泸203H66平台-3井-18段压裂施工-1、2井分点压力监测.xls,2,已用于形态聚类或重复合并,2,重复或补充片段已合并: 相同事件/通道且压力一致，仅计一个样本
E:\压裂窜扰项目\02 规范化\泸203H66\泸203H66 邻井压力监测\泸203H66平台-3井-18段压裂施工-1、2井秒点压力监测.xls,2,已用于形态聚类或重复合并,2,参与形态聚类候选: same_stage_clock
E:\压裂窜扰项目\02 规范化\泸203H66\泸203H66 邻井压力监测\泸203H66平台-3井-19段压裂施工-1、2井分点压力监测.xls,2,已用于形态聚类或重复合并,2,重复或补充片段已合并: 相同事件/通道且压力一致，仅计一个样本
E:\压裂窜扰项目\02 规范化\泸203H66\泸203H66 邻井压力监测\泸203H66平台-3井-19段压裂施工-1、2井秒点压力监测.xls,2,已用于形态聚类或重复合并,2,参与形态聚类候选: same_stage_clock
E:\压裂窜扰项目\02 规范化\泸203H66\泸203H66 邻井压力监测\泸203H66平台-3井-20段压裂施工-1、2井分点压力监测.xls,2,已用于形态聚类或重复合并,2,重复或补充片段已合并: 相同事件/通道且压力一致，仅计一个样本
E:\压裂窜扰项目\02 规范化\泸203H66\泸203H66 邻井压力监测\泸203H66平台-3井-20段压裂施工-1、2井秒点压力监测.xls,2,已用于形态聚类或重复合并,2,参与形态聚类候选: same_stage_clock
E:\压裂窜扰项目\02 规范化\泸203H66\泸203H66 邻井压力监测\泸203H66平台-3井-25段压裂施工-1、2井分点压力监测.xls,2,已用于形态聚类或重复合并,2,重复或补充片段已合并: 相同事件/通道且压力一致，仅计一个样本
E:\压裂窜扰项目\02 规范化\泸203H66\泸203H66 邻井压力监测\泸203H66平台-3井-25段压裂施工-1、2井秒点压力监测.xls,2,已用于形态聚类或重复合并,2,参与形态聚类候选: same_stage_clock
E:\压裂窜扰项目\02 规范化\泸203H66\泸203H66 邻井压力监测\泸203H66平台-3井-9段压裂施工-4井压力上升图.xls,1,已用于形态聚类或重复合并,1,参与形态聚类候选: same_stage_clock
E:\压裂窜扰项目\02 规范化\泸203H66\泸203H66 邻井压力监测\泸203H66平台-3井-9段压裂施工-4井秒点压力监测.xls,1,已用于形态聚类或重复合并,1,参与形态聚类候选: same_stage_clock
E:\压裂窜扰项目\02 规范化\泸203H66\泸203H66 邻井压力监测\泸203H66平台-3井-段号待核实压裂施工-1、2井分点压力监测.xls,2,已用于形态聚类或重复合并,2,重复或补充片段已合并: 相同事件/通道且压力一致，仅计一个样本
E:\压裂窜扰项目\02 规范化\泸203H66\泸203H66 邻井压力监测\泸203H66平台-3井-段号待核实压裂施工-1、2井秒点压力监测.xls,2,已用于形态聚类或重复合并,2,参与形态聚类候选: observed_file_window
E:\压裂窜扰项目\02 规范化\泸203H66\泸203H66 邻井压力监测\泸203H66平台-3井-段号待核实压裂施工-2井套压监测.xls,1,已用于形态聚类或重复合并,1,参与形态聚类候选: observed_file_window
E:\压裂窜扰项目\02 规范化\泸203H66\泸203H66 邻井压力监测\泸203H66平台-3井-段号待核实压裂施工-3井分点压力监测.xls,1,未形成聚类样本,0,无法形成完整形态样本: 连续记录超过18小时且无法可靠切分事件
E:\压裂窜扰项目\02 规范化\泸203H66\泸203H66 邻井压力监测\泸203H66平台-井号待核实-7段压裂施工-邻井待核实分点压力监测.xls,1,已用于形态聚类或重复合并,1,参与形态聚类候选: observed_file_window
E:\压裂窜扰项目\02 规范化\泸203H6\泸203H6 邻井压力监测\泸203H6-1-10段压裂施工-井秒点压力监测.xlsx,1,已用于形态聚类或重复合并,1,参与形态聚类候选: observed_file_window
E:\压裂窜扰项目\02 规范化\泸203H6\泸203H6 邻井压力监测\泸203H6-1-11段压裂施工-井秒点压力监测.xlsx,1,已用于形态聚类或重复合并,1,参与形态聚类候选: observed_file_window
E:\压裂窜扰项目\02 规范化\泸203H6\泸203H6 邻井压力监测\泸203H6-1-8段压裂施工-2井秒点压力监测.xlsx,1,已用于形态聚类或重复合并,1,参与形态聚类候选: observed_file_window
E:\压裂窜扰项目\02 规范化\泸203H6\泸203H6 邻井压力监测\泸203H6-1-9段压裂施工-2、3、4井秒点压力监测.xlsx,3,已用于形态聚类或重复合并,3,参与形态聚类候选: observed_file_window
E:\压裂窜扰项目\02 规范化\泸203H76\泸203H76 邻井压力监测\泸203H76平台-1井-10段压裂施工-2、3、4井分点压力监测.xls,3,已用于形态聚类或重复合并,3,重复或补充片段已合并: 相同事件/通道且压力一致，仅计一个样本；参与形态聚类候选: same_stage_clock
E:\压裂窜扰项目\02 规范化\泸203H76\泸203H76 邻井压力监测\泸203H76平台-1井-10段压裂施工-2井秒点压力监测.xls,1,已用于形态聚类或重复合并,1,参与形态聚类候选: same_stage_clock
E:\压裂窜扰项目\02 规范化\泸203H76\泸203H76 邻井压力监测\泸203H76平台-1井-11段压裂施工-2、3、4井分点压力监测.xls,3,已用于形态聚类或重复合并,3,重复或补充片段已合并: 相同事件/通道且压力一致，仅计一个样本；参与形态聚类候选: same_stage_clock
E:\压裂窜扰项目\02 规范化\泸203H76\泸203H76 邻井压力监测\泸203H76平台-1井-11段压裂施工-2、3井秒点压力监测.xls,2,已用于形态聚类或重复合并,2,参与形态聚类候选: same_stage_clock
E:\压裂窜扰项目\02 规范化\泸203H76\泸203H76 邻井压力监测\泸203H76平台-1井-12段压裂施工-2、3、4井分点压力监测.xls,3,已用于形态聚类或重复合并,3,重复或补充片段已合并: 相同事件/通道且压力一致，仅计一个样本
E:\压裂窜扰项目\02 规范化\泸203H76\泸203H76 邻井压力监测\泸203H76平台-1井-12段压裂施工-2、3、4井秒点压力监测.xls,3,已用于形态聚类或重复合并,3,参与形态聚类候选: same_stage_clock
E:\压裂窜扰项目\02 规范化\泸203H76\泸203H76 邻井压力监测\泸203H76平台-1井-13段压裂施工-2、3、4井分点压力监测.xls,3,已用于形态聚类或重复合并,3,重复或补充片段已合并: 相同事件/通道且压力一致，仅计一个样本
E:\压裂窜扰项目\02 规范化\泸203H76\泸203H76 邻井压力监测\泸203H76平台-1井-13段压裂施工-2、3、4井秒点压力监测.xls,3,已用于形态聚类或重复合并,3,参与形态聚类候选: same_stage_clock
E:\压裂窜扰项目\02 规范化\泸203H76\泸203H76 邻井压力监测\泸203H76平台-1井-15段压裂施工-2、3、4井分点压力监测.xls,3,已用于形态聚类或重复合并,3,参与形态聚类候选: same_stage_clock
E:\压裂窜扰项目\02 规范化\泸203H76\泸203H76 邻井压力监测\泸203H76平台-1井-16段压裂施工-2、3、4井分点压力监测.xls,3,已用于形态聚类或重复合并,3,重复或补充片段已合并: 相同事件/通道且压力一致，仅计一个样本
E:\压裂窜扰项目\02 规范化\泸203H76\泸203H76 邻井压力监测\泸203H76平台-1井-16段压裂施工-2、3、4井秒点压力监测.xls,3,已用于形态聚类或重复合并,3,参与形态聚类候选: same_stage_clock
E:\压裂窜扰项目\02 规范化\泸203H76\泸203H76 邻井压力监测\泸203H76平台-1井-18段压裂施工-2、3、4井分点压力监测.xls,3,已用于形态聚类或重复合并,3,重复或补充片段已合并: 相同事件/通道且压力一致，仅计一个样本
E:\压裂窜扰项目\02 规范化\泸203H76\泸203H76 邻井压力监测\泸203H76平台-1井-18段压裂施工-2、3、4井秒点压力监测.xls,3,已用于形态聚类或重复合并,3,参与形态聚类候选: same_stage_clock
E:\压裂窜扰项目\02 规范化\泸203H76\泸203H76 邻井压力监测\泸203H76平台-1井-19段压裂施工-2、3、4井分点压力监测.xls,3,已用于形态聚类或重复合并,3,重复或补充片段已合并: 相同事件/通道且压力一致，仅计一个样本
E:\压裂窜扰项目\02 规范化\泸203H76\泸203H76 邻井压力监测\泸203H76平台-1井-19段压裂施工-2、3、4井秒点压力监测.xls,3,已用于形态聚类或重复合并,3,参与形态聚类候选: same_stage_clock
E:\压裂窜扰项目\02 规范化\泸203H76\泸203H76 邻井压力监测\泸203H76平台-1井-20段压裂施工-2、3、4井分点压力监测.xls,3,已用于形态聚类或重复合并,3,重复或补充片段已合并: 相同事件/通道且压力一致，仅计一个样本
E:\压裂窜扰项目\02 规范化\泸203H76\泸203H76 邻井压力监测\泸203H76平台-1井-20段压裂施工-2、3、4井秒点压力监测.xls,3,已用于形态聚类或重复合并,3,参与形态聚类候选: same_stage_clock
E:\压裂窜扰项目\02 规范化\泸203H76\泸203H76 邻井压力监测\泸203H76平台-1井-21段压裂施工-2、3、4井分点压力监测.xls,3,已用于形态聚类或重复合并,3,重复或补充片段已合并: 相同事件/通道且压力一致，仅计一个样本
E:\压裂窜扰项目\02 规范化\泸203H76\泸203H76 邻井压力监测\泸203H76平台-1井-21段压裂施工-2、3、4井秒点压力监测.xls,3,已用于形态聚类或重复合并,3,参与形态聚类候选: same_stage_clock
E:\压裂窜扰项目\02 规范化\泸203H76\泸203H76 邻井压力监测\泸203H76平台-1井-22段压裂施工-2、3、4井分点压力监测.xls,3,已用于形态聚类或重复合并,3,重复或补充片段已合并: 相同事件/通道且压力一致，仅计一个样本
E:\压裂窜扰项目\02 规范化\泸203H76\泸203H76 邻井压力监测\泸203H76平台-1井-22段压裂施工-2、3、4井秒点压力监测.xls,3,已用于形态聚类或重复合并,3,参与形态聚类候选: same_stage_clock
E:\压裂窜扰项目\02 规范化\泸203H76\泸203H76 邻井压力监测\泸203H76平台-1井-23段压裂施工-2、3、4井分点压力监测.xls,3,已用于形态聚类或重复合并,3,重复或补充片段已合并: 相同事件/通道且压力一致，仅计一个样本
E:\压裂窜扰项目\02 规范化\泸203H76\泸203H76 邻井压力监测\泸203H76平台-1井-23段压裂施工-2、3、4井秒点压力监测.xls,3,已用于形态聚类或重复合并,3,参与形态聚类候选: same_stage_clock
E:\压裂窜扰项目\02 规范化\泸203H76\泸203H76 邻井压力监测\泸203H76平台-1井-2段压裂施工-2井压力监测.xls,1,已用于形态聚类或重复合并,1,参与形态聚类候选: same_stage_clock
E:\压裂窜扰项目\02 规范化\泸203H76\泸203H76 邻井压力监测\泸203H76平台-1井-5段压裂施工-2、3、4井分点压力监测.xls,3,已用于形态聚类或重复合并,3,重复或补充片段已合并: 相同事件/通道且压力一致，仅计一个样本
E:\压裂窜扰项目\02 规范化\泸203H76\泸203H76 邻井压力监测\泸203H76平台-1井-5段压裂施工-2、3、4井压力监测.xls,3,已用于形态聚类或重复合并,3,重复或补充片段已合并: 相同事件/通道且压力一致，仅计一个样本
E:\压裂窜扰项目\02 规范化\泸203H76\泸203H76 邻井压力监测\泸203H76平台-1井-5段压裂施工-2、3、4井秒点压力监测.xls,3,已用于形态聚类或重复合并,3,参与形态聚类候选: same_stage_clock
E:\压裂窜扰项目\02 规范化\泸203H76\泸203H76 邻井压力监测\泸203H76平台-1井-5段压裂施工-2井分点压力监测.xls,1,已用于形态聚类或重复合并,1,重复或补充片段已合并: 相同事件/通道且压力一致，仅计一个样本
E:\压裂窜扰项目\02 规范化\泸203H76\泸203H76 邻井压力监测\泸203H76平台-1井-5段压裂施工-2井秒点压力监测-2.xls,1,已用于形态聚类或重复合并,1,重复或补充片段已合并: 相同事件/通道且压力一致，仅计一个样本
E:\压裂窜扰项目\02 规范化\泸203H76\泸203H76 邻井压力监测\泸203H76平台-1井-5段压裂施工-2井秒点压力监测.xls,1,已用于形态聚类或重复合并,1,重复或补充片段已合并: 相同事件/通道且压力一致，仅计一个样本
E:\压裂窜扰项目\02 规范化\泸203H76\泸203H76 邻井压力监测\泸203H76平台-1井-5段压裂施工-邻井待核实分点压力监测.xls,1,已用于形态聚类或重复合并,1,重复或补充片段已合并: 相同事件/通道且压力一致，仅计一个样本
E:\压裂窜扰项目\02 规范化\泸203H76\泸203H76 邻井压力监测\泸203H76平台-1井-7段压裂施工-2、3、4井分点压力监测.xls,3,已用于形态聚类或重复合并,3,重复或补充片段已合并: 相同事件/通道且压力一致，仅计一个样本
E:\压裂窜扰项目\02 规范化\泸203H76\泸203H76 邻井压力监测\泸203H76平台-1井-7段压裂施工-2、3、4井秒点压力监测.xls,3,已用于形态聚类或重复合并,3,参与形态聚类候选: same_stage_clock
E:\压裂窜扰项目\02 规范化\泸203H76\泸203H76 邻井压力监测\泸203H76平台-1井-8段压裂施工-2、3、4井压力监测.xls,3,已用于形态聚类或重复合并,3,参与形态聚类候选: same_stage_clock
E:\压裂窜扰项目\02 规范化\泸203H76\泸203H76 邻井压力监测\泸203H76平台-1井-9段压裂施工-2、3、4井压力监测-2.xls,3,已用于形态聚类或重复合并,3,参与形态聚类候选: same_stage_clock
E:\压裂窜扰项目\02 规范化\泸203H76\泸203H76 邻井压力监测\泸203H76平台-1井-9段压裂施工-2、3、4井压力监测.xls,3,已用于形态聚类或重复合并,3,重复或补充片段已合并: 相同事件/通道且压力一致，仅计一个样本
E:\压裂窜扰项目\02 规范化\泸203H76\泸203H76 邻井压力监测\泸203H76平台-2井-10段压裂施工-1、3、4井压力监测-2.xls,3,已用于形态聚类或重复合并,3,参与形态聚类候选: same_stage_clock
E:\压裂窜扰项目\02 规范化\泸203H76\泸203H76 邻井压力监测\泸203H76平台-2井-10段压裂施工-1、3、4井压力监测.xls,3,已用于形态聚类或重复合并,3,重复或补充片段已合并: 相同事件/通道且压力一致，仅计一个样本
E:\压裂窜扰项目\02 规范化\泸203H76\泸203H76 邻井压力监测\泸203H76平台-2井-11段压裂施工-1井压力监测-2.xls,1,已用于形态聚类或重复合并,1,参与形态聚类候选: same_stage_clock
E:\压裂窜扰项目\02 规范化\泸203H76\泸203H76 邻井压力监测\泸203H76平台-2井-11段压裂施工-1井压力监测.xls,1,已用于形态聚类或重复合并,1,重复或补充片段已合并: 相同事件/通道且压力一致，仅计一个样本
E:\压裂窜扰项目\02 规范化\泸203H76\泸203H76 邻井压力监测\泸203H76平台-2井-12段压裂施工-1、3、4井分点压力监测.xls,3,已用于形态聚类或重复合并,3,重复或补充片段已合并: 相同事件/通道且压力一致，仅计一个样本
E:\压裂窜扰项目\02 规范化\泸203H76\泸203H76 邻井压力监测\泸203H76平台-2井-12段压裂施工-1、3、4井秒点压力监测.xlsx,3,已用于形态聚类或重复合并,3,参与形态聚类候选: same_stage_clock
E:\压裂窜扰项目\02 规范化\泸203H76\泸203H76 邻井压力监测\泸203H76平台-2井-13段压裂施工-1、3、4井分点压力监测.xlsx,3,已用于形态聚类或重复合并,3,重复或补充片段已合并: 相同事件/通道且压力一致，仅计一个样本
E:\压裂窜扰项目\02 规范化\泸203H76\泸203H76 邻井压力监测\泸203H76平台-2井-13段压裂施工-1、3、4井秒点压力监测.xlsx,3,已用于形态聚类或重复合并,3,参与形态聚类候选: same_stage_clock
E:\压裂窜扰项目\02 规范化\泸203H76\泸203H76 邻井压力监测\泸203H76平台-2井-14段压裂施工-1、3、4井分点压力监测.xlsx,3,已用于形态聚类或重复合并,3,重复或补充片段已合并: 相同事件/通道且压力一致，仅计一个样本
E:\压裂窜扰项目\02 规范化\泸203H76\泸203H76 邻井压力监测\泸203H76平台-2井-14段压裂施工-1、3、4井秒点压力监测.xlsx,3,已用于形态聚类或重复合并,3,参与形态聚类候选: same_stage_clock
E:\压裂窜扰项目\02 规范化\泸203H76\泸203H76 邻井压力监测\泸203H76平台-2井-16段压裂施工-1、3、4井分点压力监测.xls,3,已用于形态聚类或重复合并,3,重复或补充片段已合并: 相同事件/通道且压力一致，仅计一个样本
E:\压裂窜扰项目\02 规范化\泸203H76\泸203H76 邻井压力监测\泸203H76平台-2井-16段压裂施工-1、3、4井秒点压力监测.xls,3,已用于形态聚类或重复合并,3,参与形态聚类候选: same_stage_clock
E:\压裂窜扰项目\02 规范化\泸203H76\泸203H76 邻井压力监测\泸203H76平台-2井-17段压裂施工-1、3、4井分点压力监测.xls,3,已用于形态聚类或重复合并,3,重复或补充片段已合并: 相同事件/通道且压力一致，仅计一个样本
E:\压裂窜扰项目\02 规范化\泸203H76\泸203H76 邻井压力监测\泸203H76平台-2井-17段压裂施工-1、3、4井秒点压力监测.xls,3,已用于形态聚类或重复合并,3,参与形态聚类候选: same_stage_clock
E:\压裂窜扰项目\02 规范化\泸203H76\泸203H76 邻井压力监测\泸203H76平台-2井-18段压裂施工-1、3、4井分点压力监测.xls,3,已用于形态聚类或重复合并,3,重复或补充片段已合并: 相同事件/通道且压力一致，仅计一个样本
E:\压裂窜扰项目\02 规范化\泸203H76\泸203H76 邻井压力监测\泸203H76平台-2井-18段压裂施工-1、3、4井秒点压力监测.xls,3,已用于形态聚类或重复合并,3,参与形态聚类候选: observed_file_window
E:\压裂窜扰项目\02 规范化\泸203H76\泸203H76 邻井压力监测\泸203H76平台-2井-19段压裂施工-1、3、4井分点压力监测.xls,3,已用于形态聚类或重复合并,3,重复或补充片段已合并: 相同事件/通道且压力一致，仅计一个样本
E:\压裂窜扰项目\02 规范化\泸203H76\泸203H76 邻井压力监测\泸203H76平台-2井-19段压裂施工-1、3、4井秒点压力监测.xls,3,已用于形态聚类或重复合并,3,参与形态聚类候选: same_stage_clock
E:\压裂窜扰项目\02 规范化\泸203H76\泸203H76 邻井压力监测\泸203H76平台-2井-2段压裂施工-邻井待核实秒点压力监测.xlsx,1,已用于形态聚类或重复合并,1,参与形态聚类候选: observed_file_window
E:\压裂窜扰项目\02 规范化\泸203H76\泸203H76 邻井压力监测\泸203H76平台-2井-6段压裂施工-1、3井分点压力监测-2.xls,2,已用于形态聚类或重复合并,2,重复或补充片段已合并: 相同事件/通道且压力一致，仅计一个样本
E:\压裂窜扰项目\02 规范化\泸203H76\泸203H76 邻井压力监测\泸203H76平台-2井-6段压裂施工-1、3井分点压力监测.xls,2,已用于形态聚类或重复合并,2,重复或补充片段已合并: 相同事件/通道且压力一致，仅计一个样本
E:\压裂窜扰项目\02 规范化\泸203H76\泸203H76 邻井压力监测\泸203H76平台-2井-6段压裂施工-1、3井秒点压力监测-2.xls,2,已用于形态聚类或重复合并,2,参与形态聚类候选: same_stage_clock
E:\压裂窜扰项目\02 规范化\泸203H76\泸203H76 邻井压力监测\泸203H76平台-2井-6段压裂施工-1、3井秒点压力监测.xls,2,已用于形态聚类或重复合并,2,重复或补充片段已合并: 相同事件/通道且压力一致，仅计一个样本
E:\压裂窜扰项目\02 规范化\泸203H76\泸203H76 邻井压力监测\泸203H76平台-2井-6段压裂施工-邻井待核实分点压力监测.xls,2,已用于形态聚类或重复合并,2,重复或补充片段已合并: 相同事件/通道且压力一致，仅计一个样本
E:\压裂窜扰项目\02 规范化\泸203H76\泸203H76 邻井压力监测\泸203H76平台-2井-7段压裂施工-1、3、4井分点压力监测-2.xls,3,已用于形态聚类或重复合并,3,重复或补充片段已合并: 相同事件/通道且压力一致，仅计一个样本
E:\压裂窜扰项目\02 规范化\泸203H76\泸203H76 邻井压力监测\泸203H76平台-2井-7段压裂施工-1、3、4井分点压力监测.xls,3,已用于形态聚类或重复合并,3,重复或补充片段已合并: 相同事件/通道且压力一致，仅计一个样本
E:\压裂窜扰项目\02 规范化\泸203H76\泸203H76 邻井压力监测\泸203H76平台-2井-7段压裂施工-1、3、4井秒点压力监测.xls,3,已用于形态聚类或重复合并,3,参与形态聚类候选: same_stage_clock
E:\压裂窜扰项目\02 规范化\泸203H76\泸203H76 邻井压力监测\泸203H76平台-2井-8段压裂施工-1、3、4井分点压力监测.xls,3,已用于形态聚类或重复合并,3,重复或补充片段已合并: 相同事件/通道且压力一致，仅计一个样本
E:\压裂窜扰项目\02 规范化\泸203H76\泸203H76 邻井压力监测\泸203H76平台-2井-8段压裂施工-1、3、4井秒点压力监测.xls,3,已用于形态聚类或重复合并,3,参与形态聚类候选: same_stage_clock
E:\压裂窜扰项目\02 规范化\泸203H76\泸203H76 邻井压力监测\泸203H76平台-2井-9段压裂施工-1、3、4井分点压力监测-2.xls,3,已用于形态聚类或重复合并,3,参与形态聚类候选: same_stage_clock
E:\压裂窜扰项目\02 规范化\泸203H76\泸203H76 邻井压力监测\泸203H76平台-2井-9段压裂施工-1、3、4井分点压力监测.xls,3,已用于形态聚类或重复合并,3,重复或补充片段已合并: 相同事件/通道且压力一致，仅计一个样本
E:\压裂窜扰项目\02 规范化\泸203H76\泸203H76 邻井压力监测\泸203H76平台-3井-10段压裂施工-1、2、4井分点压力监测.xls,3,已用于形态聚类或重复合并,3,重复或补充片段已合并: 相同事件/通道且压力一致，仅计一个样本
E:\压裂窜扰项目\02 规范化\泸203H76\泸203H76 邻井压力监测\泸203H76平台-3井-10段压裂施工-1、2、4井秒点压力监测.xls,3,已用于形态聚类或重复合并,3,参与形态聚类候选: observed_file_window
E:\压裂窜扰项目\02 规范化\泸203H76\泸203H76 邻井压力监测\泸203H76平台-3井-11段压裂施工-1、2、4井分点压力监测.xlsx,3,已用于形态聚类或重复合并,3,重复或补充片段已合并: 相同事件/通道且压力一致，仅计一个样本
E:\压裂窜扰项目\02 规范化\泸203H76\泸203H76 邻井压力监测\泸203H76平台-3井-11段压裂施工-1、2、4井秒点压力监测.xlsx,3,已用于形态聚类或重复合并,3,参与形态聚类候选: same_stage_clock
E:\压裂窜扰项目\02 规范化\泸203H76\泸203H76 邻井压力监测\泸203H76平台-3井-12段压裂施工-1、2、4井分点压力监测.xls,3,已用于形态聚类或重复合并,3,重复或补充片段已合并: 相同事件/通道且压力一致，仅计一个样本
E:\压裂窜扰项目\02 规范化\泸203H76\泸203H76 邻井压力监测\泸203H76平台-3井-12段压裂施工-1、2、4井秒点压力监测.xls,3,已用于形态聚类或重复合并,3,参与形态聚类候选: same_stage_clock
E:\压裂窜扰项目\02 规范化\泸203H76\泸203H76 邻井压力监测\泸203H76平台-3井-13段压裂施工-1、2、4井分点压力监测.xls,3,已用于形态聚类或重复合并,3,重复或补充片段已合并: 相同事件/通道且压力一致，仅计一个样本
E:\压裂窜扰项目\02 规范化\泸203H76\泸203H76 邻井压力监测\泸203H76平台-3井-13段压裂施工-1、2、4井秒点压力监测.xls,3,已用于形态聚类或重复合并,3,参与形态聚类候选: same_stage_clock
E:\压裂窜扰项目\02 规范化\泸203H76\泸203H76 邻井压力监测\泸203H76平台-3井-15段压裂施工-1、2、4井分点压力监测.xls,3,已用于形态聚类或重复合并,3,重复或补充片段已合并: 相同事件/通道且压力一致，仅计一个样本
E:\压裂窜扰项目\02 规范化\泸203H76\泸203H76 邻井压力监测\泸203H76平台-3井-15段压裂施工-1、2、4井秒点压力监测.xls,3,已用于形态聚类或重复合并,3,参与形态聚类候选: same_stage_clock
E:\压裂窜扰项目\02 规范化\泸203H76\泸203H76 邻井压力监测\泸203H76平台-3井-16段压裂施工-1、2、4井分点压力监测.xls,3,已用于形态聚类或重复合并,3,重复或补充片段已合并: 相同事件/通道且压力一致，仅计一个样本
E:\压裂窜扰项目\02 规范化\泸203H76\泸203H76 邻井压力监测\泸203H76平台-3井-16段压裂施工-1、2、4井秒点压力监测.xls,3,已用于形态聚类或重复合并,3,参与形态聚类候选: same_stage_clock
E:\压裂窜扰项目\02 规范化\泸203H76\泸203H76 邻井压力监测\泸203H76平台-3井-17段压裂施工-1、2、4井分点压力监测.xls,3,已用于形态聚类或重复合并,3,重复或补充片段已合并: 相同事件/通道且压力一致，仅计一个样本
E:\压裂窜扰项目\02 规范化\泸203H76\泸203H76 邻井压力监测\泸203H76平台-3井-17段压裂施工-1、2、4井秒点压力监测.xls,3,已用于形态聚类或重复合并,3,参与形态聚类候选: same_stage_clock
E:\压裂窜扰项目\02 规范化\泸203H76\泸203H76 邻井压力监测\泸203H76平台-3井-18段压裂施工-1、2、4井分点压力监测.xls,3,已用于形态聚类或重复合并,3,重复或补充片段已合并: 相同事件/通道且压力一致，仅计一个样本
E:\压裂窜扰项目\02 规范化\泸203H76\泸203H76 邻井压力监测\泸203H76平台-3井-18段压裂施工-1、2、4井秒点压力监测.xls,3,已用于形态聚类或重复合并,3,参与形态聚类候选: same_stage_clock
E:\压裂窜扰项目\02 规范化\泸203H76\泸203H76 邻井压力监测\泸203H76平台-3井-19段压裂施工-1、2、4井分点压力监测.xls,3,已用于形态聚类或重复合并,3,重复或补充片段已合并: 相同事件/通道且压力一致，仅计一个样本
E:\压裂窜扰项目\02 规范化\泸203H76\泸203H76 邻井压力监测\泸203H76平台-3井-19段压裂施工-1、2、4井秒点压力监测.xls,3,已用于形态聚类或重复合并,3,参与形态聚类候选: same_stage_clock
E:\压裂窜扰项目\02 规范化\泸203H76\泸203H76 邻井压力监测\泸203H76平台-3井-20段压裂施工-1、2、4井分点压力监测.xls,3,已用于形态聚类或重复合并,3,重复或补充片段已合并: 相同事件/通道且压力一致，仅计一个样本
E:\压裂窜扰项目\02 规范化\泸203H76\泸203H76 邻井压力监测\泸203H76平台-3井-20段压裂施工-1、2、4井秒点压力监测.xls,3,已用于形态聚类或重复合并,3,参与形态聚类候选: same_stage_clock
E:\压裂窜扰项目\02 规范化\泸203H76\泸203H76 邻井压力监测\泸203H76平台-3井-21段压裂施工-1、2、4井分点压力监测.xls,3,已用于形态聚类或重复合并,3,重复或补充片段已合并: 相同事件/通道且压力一致，仅计一个样本
E:\压裂窜扰项目\02 规范化\泸203H76\泸203H76 邻井压力监测\泸203H76平台-3井-21段压裂施工-1、2、4井秒点压力监测.xls,3,已用于形态聚类或重复合并,3,参与形态聚类候选: same_stage_clock
E:\压裂窜扰项目\02 规范化\泸203H76\泸203H76 邻井压力监测\泸203H76平台-3井-3段压裂施工-4井秒点压力监测.xls,1,已用于形态聚类或重复合并,1,参与形态聚类候选: same_stage_clock
E:\压裂窜扰项目\02 规范化\泸203H76\泸203H76 邻井压力监测\泸203H76平台-3井-7段压裂施工-1、2、3井分点压力监测.xls,3,已用于形态聚类或重复合并,2,施工井自身压力: 源井与监测井相同；参与形态聚类候选: same_stage_clock
E:\压裂窜扰项目\02 规范化\泸203H76\泸203H76 邻井压力监测\泸203H76平台-3井-7段压裂施工-1、2、4井压力监测-2.xls,3,已用于形态聚类或重复合并,3,参与形态聚类候选: same_stage_clock
E:\压裂窜扰项目\02 规范化\泸203H76\泸203H76 邻井压力监测\泸203H76平台-3井-7段压裂施工-1、2、4井压力监测.xls,3,已用于形态聚类或重复合并,3,重复或补充片段已合并: 相同事件/通道且压力一致，仅计一个样本
E:\压裂窜扰项目\02 规范化\泸203H76\泸203H76 邻井压力监测\泸203H76平台-3井-8段压裂施工-1、2、4井分点压力监测.xls,3,已用于形态聚类或重复合并,3,参与形态聚类候选: same_stage_clock；重复或补充片段已合并: 相同事件/通道且压力一致，仅计一个样本
E:\压裂窜扰项目\02 规范化\泸203H76\泸203H76 邻井压力监测\泸203H76平台-3井-8段压裂施工-2、4井秒点压力监测.xls,2,已用于形态聚类或重复合并,2,参与形态聚类候选: same_stage_clock
E:\压裂窜扰项目\02 规范化\泸203H76\泸203H76 邻井压力监测\泸203H76平台-3井-9段压裂施工-4井秒点压力监测.xls,1,已用于形态聚类或重复合并,1,参与形态聚类候选: observed_file_window
E:\压裂窜扰项目\02 规范化\泸203H76\泸203H76 邻井压力监测\泸203H76平台-4井-10段压裂施工-1、2、3井分点压力监测.xls,3,已用于形态聚类或重复合并,3,重复或补充片段已合并: 相同事件/通道且压力一致，仅计一个样本
E:\压裂窜扰项目\02 规范化\泸203H76\泸203H76 邻井压力监测\泸203H76平台-4井-10段压裂施工-1、2、3井秒点压力监测.xls,3,已用于形态聚类或重复合并,3,参与形态聚类候选: same_stage_clock
E:\压裂窜扰项目\02 规范化\泸203H76\泸203H76 邻井压力监测\泸203H76平台-4井-11段压裂施工-1、2、3井分点压力监测.xls,3,已用于形态聚类或重复合并,3,重复或补充片段已合并: 相同事件/通道且压力一致，仅计一个样本
E:\压裂窜扰项目\02 规范化\泸203H76\泸203H76 邻井压力监测\泸203H76平台-4井-11段压裂施工-1、2、3井秒点压力监测.xls,3,已用于形态聚类或重复合并,3,参与形态聚类候选: same_stage_clock
E:\压裂窜扰项目\02 规范化\泸203H76\泸203H76 邻井压力监测\泸203H76平台-4井-13段压裂施工-1、2、3井分点压力监测.xls,3,已用于形态聚类或重复合并,3,重复或补充片段已合并: 相同事件/通道且压力一致，仅计一个样本
E:\压裂窜扰项目\02 规范化\泸203H76\泸203H76 邻井压力监测\泸203H76平台-4井-13段压裂施工-1、2、3井秒点压力监测.xls,3,已用于形态聚类或重复合并,3,参与形态聚类候选: same_stage_clock
E:\压裂窜扰项目\02 规范化\泸203H76\泸203H76 邻井压力监测\泸203H76平台-4井-14段压裂施工-1、2、3井分点压力监测-2.xls,3,已用于形态聚类或重复合并,3,参与形态聚类候选: same_stage_clock
E:\压裂窜扰项目\02 规范化\泸203H76\泸203H76 邻井压力监测\泸203H76平台-4井-14段压裂施工-1、2、3井分点压力监测.xls,3,已用于形态聚类或重复合并,3,重复或补充片段已合并: 相同事件/通道且压力一致，仅计一个样本
E:\压裂窜扰项目\02 规范化\泸203H76\泸203H76 邻井压力监测\泸203H76平台-4井-14段压裂施工-1、2井分点压力监测.xls,2,已用于形态聚类或重复合并,2,参与形态聚类候选: same_stage_clock
E:\压裂窜扰项目\02 规范化\泸203H76\泸203H76 邻井压力监测\泸203H76平台-4井-16段压裂施工-1、2、3井分点压力监测.xls,3,已用于形态聚类或重复合并,3,重复或补充片段已合并: 相同事件/通道且压力一致，仅计一个样本
E:\压裂窜扰项目\02 规范化\泸203H76\泸203H76 邻井压力监测\泸203H76平台-4井-16段压裂施工-1、2、3井秒点压力监测.xls,3,已用于形态聚类或重复合并,3,参与形态聚类候选: same_stage_clock
E:\压裂窜扰项目\02 规范化\泸203H76\泸203H76 邻井压力监测\泸203H76平台-4井-18段压裂施工-1、2、3井分点压力监测.xls,3,已用于形态聚类或重复合并,3,重复或补充片段已合并: 相同事件/通道且压力一致，仅计一个样本
E:\压裂窜扰项目\02 规范化\泸203H76\泸203H76 邻井压力监测\泸203H76平台-4井-18段压裂施工-1、2、3井秒点压力监测.xls,3,已用于形态聚类或重复合并,3,参与形态聚类候选: same_stage_clock
E:\压裂窜扰项目\02 规范化\泸203H76\泸203H76 邻井压力监测\泸203H76平台-4井-5段压裂施工-3井分点压力监测.xlsx,1,已用于形态聚类或重复合并,1,重复或补充片段已合并: 相同事件/通道且压力一致，仅计一个样本
E:\压裂窜扰项目\02 规范化\泸203H76\泸203H76 邻井压力监测\泸203H76平台-4井-5段压裂施工-3井秒点压力监测.xls,1,已用于形态聚类或重复合并,1,参与形态聚类候选: same_stage_clock
E:\压裂窜扰项目\02 规范化\泸203H76\泸203H76 邻井压力监测\泸203H76平台-4井-6段压裂施工-3井分点压力监测.xls,1,已用于形态聚类或重复合并,1,重复或补充片段已合并: 相同事件/通道且压力一致，仅计一个样本
E:\压裂窜扰项目\02 规范化\泸203H76\泸203H76 邻井压力监测\泸203H76平台-4井-6段压裂施工-3井秒点压力监测.xls,1,已用于形态聚类或重复合并,1,参与形态聚类候选: same_stage_clock
E:\压裂窜扰项目\02 规范化\泸203H76\泸203H76 邻井压力监测\泸203H76平台-4井-7段压裂施工-1、2、3井压力监测-2.xls,3,已用于形态聚类或重复合并,3,参与形态聚类候选: same_stage_clock
E:\压裂窜扰项目\02 规范化\泸203H76\泸203H76 邻井压力监测\泸203H76平台-4井-7段压裂施工-1、2、3井压力监测.xls,3,已用于形态聚类或重复合并,3,重复或补充片段已合并: 相同事件/通道且压力一致，仅计一个样本
E:\压裂窜扰项目\02 规范化\泸203H76\泸203H76 邻井压力监测\泸203H76平台-4井-8段压裂施工-1、2、3井压力监测.xls,3,已用于形态聚类或重复合并,3,参与形态聚类候选: same_stage_clock
E:\压裂窜扰项目\02 规范化\泸203H76\泸203H76 邻井压力监测\泸203H76平台-4井-9段压裂施工-1、2、3井分点压力监测.xls,3,已用于形态聚类或重复合并,3,参与形态聚类候选: same_stage_clock
E:\压裂窜扰项目\02 规范化\泸203H76\泸203H76 邻井压力监测\泸203H76平台-4井-段号待核实压裂施工-邻井待核实分点压力监测.xls,1,已用于形态聚类或重复合并,1,参与形态聚类候选: observed_file_window
E:\压裂窜扰项目\02 规范化\泸203H76\泸203H76 邻井压力监测\泸203H76平台-4井-段号待核实压裂施工-邻井待核实秒点压力监测.xls,1,已用于形态聚类或重复合并,1,参与形态聚类候选: observed_file_window
E:\压裂窜扰项目\02 规范化\泸203H8\泸203H8 邻井压力监测\2井第二段压裂期间邻井3井套压变化.xls,1,已用于形态聚类或重复合并,1,参与形态聚类候选: absolute
E:\压裂窜扰项目\02 规范化\泸203H8\泸203H8 邻井压力监测\2井首段压裂期间3井监测邻井压力变化.xls,1,已用于形态聚类或重复合并,1,参与形态聚类候选: absolute
E:\压裂窜扰项目\02 规范化\泸203H8\泸203H8 邻井压力监测\4井首段压裂期间邻井3井套压变化.xls,1,已用于形态聚类或重复合并,1,参与形态聚类候选: absolute
E:\压裂窜扰项目\02 规范化\泸203H8\泸203H8 邻井压力监测\泸203H8-2-5段压裂施工-1井套压压力监测.xls,1,已用于形态聚类或重复合并,1,参与形态聚类候选: absolute
E:\压裂窜扰项目\02 规范化\泸203H8\泸203H8 邻井压力监测\泸203H8-2-6段压裂施工-1井套压压力监测-2.xls,1,已用于形态聚类或重复合并,1,参与形态聚类候选: absolute
E:\压裂窜扰项目\02 规范化\泸203H8\泸203H8 邻井压力监测\泸203H8-2-6段压裂施工-1井套压压力监测.xls,1,已用于形态聚类或重复合并,1,重复或补充片段已合并: 相同事件/通道且压力一致，仅计一个样本
E:\压裂窜扰项目\02 规范化\泸203H8\泸203H8 邻井压力监测\泸203H8-4-2段压裂施工-3井套压压力监测.xls,1,已用于形态聚类或重复合并,1,参与形态聚类候选: absolute
E:\压裂窜扰项目\02 规范化\泸203H8\泸203H8 邻井压力监测\泸203H8-4-3段压裂施工-2井秒点压力监测.xls,1,已用于形态聚类或重复合并,1,参与形态聚类候选: observed_file_window
E:\压裂窜扰项目\02 规范化\泸203H8\泸203H8 邻井压力监测\泸203H8平台2井第1段施工(1).xls,0,未形成聚类样本,0,非时序统计/施工表、空表、无法解析或时间压力配对尚不可靠，详见逐工作表审计
E:\压裂窜扰项目\02 规范化\泸203H8\泸203H8 邻井压力监测\泸203H8平台2井第5段施工叠合图.xls,0,未形成聚类样本,0,非时序统计/施工表、空表、无法解析或时间压力配对尚不可靠，详见逐工作表审计
E:\压裂窜扰项目\02 规范化\泸203H8\泸203H8 邻井压力监测\泸203H8平台2井第6段施工.xls,0,未形成聚类样本,0,非时序统计/施工表、空表、无法解析或时间压力配对尚不可靠，详见逐工作表审计
E:\压裂窜扰项目\02 规范化\泸203H8\泸203H8 邻井压力监测\泸203H8平台4井第2段施工(1).xls,0,未形成聚类样本,0,非时序统计/施工表、空表、无法解析或时间压力配对尚不可靠，详见逐工作表审计
E:\压裂窜扰项目\02 规范化\泸203H91\泸203H91 邻井压力监测\2、4井秒点数据.xls,2,已用于形态聚类或重复合并,2,参与形态聚类候选: observed_file_window
E:\压裂窜扰项目\02 规范化\泸203H91\泸203H91 邻井压力监测\2井秒点数据(1).xls,1,已用于形态聚类或重复合并,1,参与形态聚类候选: observed_file_window
E:\压裂窜扰项目\02 规范化\泸203H91\泸203H91 邻井压力监测\2井秒点数据(3).xls,1,已用于形态聚类或重复合并,1,参与形态聚类候选: observed_file_window
E:\压裂窜扰项目\02 规范化\泸203H91\泸203H91 邻井压力监测\2井秒点数据1(1).xls,1,已用于形态聚类或重复合并,1,参与形态聚类候选: observed_file_window
E:\压裂窜扰项目\02 规范化\泸203H91\泸203H91 邻井压力监测\2井秒点数据1(1)__D26AE2BD.xls,1,已用于形态聚类或重复合并,1,重复或补充片段已合并: 相同事件/通道且压力一致，仅计一个样本
E:\压裂窜扰项目\02 规范化\泸203H91\泸203H91 邻井压力监测\3、4井秒点数据(2).xls,2,已用于形态聚类或重复合并,2,参与形态聚类候选: observed_file_window
E:\压裂窜扰项目\02 规范化\泸203H91\泸203H91 邻井压力监测\3、4井秒点数据(4).xls,2,已用于形态聚类或重复合并,2,参与形态聚类候选: observed_file_window
E:\压裂窜扰项目\02 规范化\泸203H91\泸203H91 邻井压力监测\3井秒点数据.xls,1,已用于形态聚类或重复合并,1,参与形态聚类候选: observed_file_window
E:\压裂窜扰项目\02 规范化\泸203H91\泸203H91 邻井压力监测\泸203H91-3-11段压裂施工-2、4井压力监测.xls,2,已用于形态聚类或重复合并,2,参与形态聚类候选: observed_file_window
E:\压裂窜扰项目\02 规范化\泸203H91\泸203H91 邻井压力监测\泸203H91-3-5段压裂施工-2井秒点压力监测.xls,1,已用于形态聚类或重复合并,1,参与形态聚类候选: same_stage_clock
E:\压裂窜扰项目\02 规范化\泸203H91\泸203H91 邻井压力监测\泸203H91-3-6段压裂施工-2井秒点压力监测.xls,1,已用于形态聚类或重复合并,1,参与形态聚类候选: same_stage_clock
E:\压裂窜扰项目\02 规范化\泸203H91\泸203H91 邻井压力监测\泸203H91-4-4段压裂施工-2、3井秒点压力监测.xls,2,已用于形态聚类或重复合并,2,参与形态聚类候选: observed_file_window
E:\压裂窜扰项目\02 规范化\泸203H91\泸203H91 邻井压力监测\泸203H91-4-4段压裂施工-3井秒点压力监测.xls,1,已用于形态聚类或重复合并,1,重复或补充片段已合并: 相同事件/通道且压力一致，仅计一个样本
E:\压裂窜扰项目\02 规范化\泸203H91\泸203H91 邻井压力监测\泸203H91平台窜压数据_4井第4段_4井分点数据(2).xls,1,未形成聚类样本,0,施工井自身压力: 源井与监测井相同
E:\压裂窜扰项目\02 规范化\泸203H9\泸203H9 邻井压力监测\泸203H9-1井11段压裂期间2井压力秒点数据.xls,1,已用于形态聚类或重复合并,1,参与形态聚类候选: same_stage_clock
E:\压裂窜扰项目\02 规范化\泸203H9\泸203H9 邻井压力监测\泸203H9-1井13段压裂期间2井压力秒点数据.xls,1,已用于形态聚类或重复合并,1,参与形态聚类候选: same_stage_clock
E:\压裂窜扰项目\02 规范化\泸203H9\泸203H9 邻井压力监测\泸203H9-1井压力监测秒点数据(1).xls,1,已用于形态聚类或重复合并,1,参与形态聚类候选: observed_file_window
E:\压裂窜扰项目\02 规范化\泸203H9\泸203H9 邻井压力监测\泸203H9-2-15段压裂施工-3、4井秒点压力监测.xls,2,已用于形态聚类或重复合并,2,参与形态聚类候选: same_stage_clock
E:\压裂窜扰项目\02 规范化\泸203H9\泸203H9 邻井压力监测\泸203H9-2-1段压裂施工-3井秒点压力监测.xls,1,已用于形态聚类或重复合并,1,参与形态聚类候选: same_stage_clock
E:\压裂窜扰项目\02 规范化\泸203H9\泸203H9 邻井压力监测\泸203H9-2-2段压裂施工-3井秒点压力监测.xls,1,已用于形态聚类或重复合并,1,参与形态聚类候选: same_stage_clock
E:\压裂窜扰项目\02 规范化\泸203H9\泸203H9 邻井压力监测\泸203H9-2井13段压裂期间1井压力秒点数据.xls,1,已用于形态聚类或重复合并,1,参与形态聚类候选: same_stage_clock
E:\压裂窜扰项目\02 规范化\泸203H9\泸203H9 邻井压力监测\泸203H9-2井17段压裂期间1井压力秒点数据.xls,1,已用于形态聚类或重复合并,1,参与形态聚类候选: same_stage_clock
E:\压裂窜扰项目\02 规范化\泸203H9\泸203H9 邻井压力监测\泸203H9-2井18段压裂期间1井压力秒点数据.xls,1,已用于形态聚类或重复合并,1,参与形态聚类候选: same_stage_clock
E:\压裂窜扰项目\02 规范化\泸203H9\泸203H9 邻井压力监测\泸203H9-2井24段压裂期间1井压力秒点数据.xls,1,已用于形态聚类或重复合并,1,参与形态聚类候选: same_stage_clock
E:\压裂窜扰项目\02 规范化\泸203H9\泸203H9 邻井压力监测\泸203H9-2井25段压裂期间1井压力秒点数据.xls,1,已用于形态聚类或重复合并,1,参与形态聚类候选: same_stage_clock
E:\压裂窜扰项目\02 规范化\泸203H9\泸203H9 邻井压力监测\泸203H9-2井27段压裂期间1井压力秒点数据.xls,1,已用于形态聚类或重复合并,1,参与形态聚类候选: same_stage_clock
E:\压裂窜扰项目\02 规范化\泸203H9\泸203H9 邻井压力监测\泸203H9-2井28段压裂期间1井压力秒点数据.xls,1,已用于形态聚类或重复合并,1,参与形态聚类候选: same_stage_clock
E:\压裂窜扰项目\02 规范化\泸203H9\泸203H9 邻井压力监测\泸203H9-2井29段压裂期间1井压力秒点数据.xls,1,已用于形态聚类或重复合并,1,参与形态聚类候选: same_stage_clock
E:\压裂窜扰项目\02 规范化\泸203H9\泸203H9 邻井压力监测\泸203H9-2井30段压裂期间1井压力秒点数据.xls,1,已用于形态聚类或重复合并,1,参与形态聚类候选: same_stage_clock
E:\压裂窜扰项目\02 规范化\泸203H9\泸203H9 邻井压力监测\泸203H9-3-25段压裂施工-2、4井秒点压力监测.xls,2,已用于形态聚类或重复合并,2,参与形态聚类候选: observed_file_window
E:\压裂窜扰项目\02 规范化\泸203H9\泸203H9 邻井压力监测\泸203H9-3-26段压裂施工-2、4井秒点压力监测.xls,2,已用于形态聚类或重复合并,2,参与形态聚类候选: observed_file_window
E:\压裂窜扰项目\02 规范化\泸203H9\泸203H9 邻井压力监测\泸203H9-3-3段压裂施工-2井秒点压力监测-2.xls,1,已用于形态聚类或重复合并,1,参与形态聚类候选: observed_file_window
E:\压裂窜扰项目\02 规范化\泸203H9\泸203H9 邻井压力监测\泸203H9-3-3段压裂施工-2井秒点压力监测.xls,1,已用于形态聚类或重复合并,1,重复或补充片段已合并: 相同事件/通道且压力一致，仅计一个样本
E:\压裂窜扰项目\02 规范化\泸203H9\泸203H9 邻井压力监测\泸203H9-3井压裂期间邻井秒点数据(1).xls,5,已用于形态聚类或重复合并,5,参与形态聚类候选: observed_file_window
E:\压裂窜扰项目\02 规范化\泸203H9\泸203H9 邻井压力监测\泸203H9-3井第3段压裂期间邻井压力监测数据(1).xls,5,已用于形态聚类或重复合并,5,参与形态聚类候选: same_stage_clock
E:\压裂窜扰项目\02 规范化\泸203H9\泸203H9 邻井压力监测\泸203H9-3井第6段压裂期间邻井压力监测数据(1).xls,5,已用于形态聚类或重复合并,5,参与形态聚类候选: same_stage_clock
E:\压裂窜扰项目\02 规范化\泸203H9\泸203H9 邻井压力监测\泸203H9-4井压力监测数据(1).xls,1,已用于形态聚类或重复合并,1,参与形态聚类候选: observed_file_window
E:\压裂窜扰项目\02 规范化\泸203H9\泸203H9 邻井压力监测\泸203H9-4井第6段8点到11点53邻井压力检测数据(1).xls,5,已用于形态聚类或重复合并,5,参与形态聚类候选: same_stage_clock
E:\压裂窜扰项目\02 规范化\泸203H9\泸203H9 邻井压力监测\泸203H9-4井第五段压裂施工邻井压力数据.xls,5,已用于形态聚类或重复合并,5,参与形态聚类候选: same_stage_clock
E:\压裂窜扰项目\02 规范化\泸203H9\泸203H9 邻井压力监测\泸203H91-3井第3段压裂施工秒点数据.xlsx,0,未形成聚类样本,0,非时序统计/施工表、空表、无法解析或时间压力配对尚不可靠，详见逐工作表审计
E:\压裂窜扰项目\02 规范化\泸203H9\泸203H9 邻井压力监测\泸203H91-3井第4段压裂施工分点数据.xls,0,未形成聚类样本,0,非时序统计/施工表、空表、无法解析或时间压力配对尚不可靠，详见逐工作表审计
E:\压裂窜扰项目\02 规范化\泸203H9\泸203H9 邻井压力监测\泸203H91-3井第4段压裂施工秒点数据.xlsx,0,未形成聚类样本,0,非时序统计/施工表、空表、无法解析或时间压力配对尚不可靠，详见逐工作表审计
E:\压裂窜扰项目\02 规范化\泸203H9\泸203H9 邻井压力监测\泸203H9_压窜信息_12井压窜监测数据（大于5兆帕）_页岩气井压窜统计大表-9.7-346井.xlsx,0,未形成聚类样本,0,非时序统计/施工表、空表、无法解析或时间压力配对尚不可靠，详见逐工作表审计
E:\压裂窜扰项目\02 规范化\泸203H9\泸203H9 邻井压力监测\泸203H9_压窜信息_3、4、6压窜监测数据（大于5兆帕）_3井第1段-4井压力监测.xls,1,已用于形态聚类或重复合并,1,参与形态聚类候选: same_stage_clock
E:\压裂窜扰项目\02 规范化\泸203H9\泸203H9 邻井压力监测\泸203H9_压窜信息_3、4、6压窜监测数据（大于5兆帕）_3井第八段压裂期间邻井压力秒点数据.xls,5,已用于形态聚类或重复合并,5,参与形态聚类候选: same_stage_clock
E:\压裂窜扰项目\02 规范化\泸206H8\泸206H8 邻井压力监测\泸206H8-1-13段压裂施工-2井压力监测.xlsx,1,已用于形态聚类或重复合并,1,参与形态聚类候选: absolute
E:\压裂窜扰项目\02 规范化\泸206H8\泸206H8 邻井压力监测\泸206H8-1-14段压裂施工-2井压力监测.xls,1,已用于形态聚类或重复合并,1,参与形态聚类候选: observed_file_window
E:\压裂窜扰项目\02 规范化\泸206H8\泸206H8 邻井压力监测\泸206H8-2-18段压裂施工-1、3井分点压力监测-2.xls,2,已用于形态聚类或重复合并,2,重复或补充片段已合并: 相同事件/通道且压力一致，仅计一个样本
E:\压裂窜扰项目\02 规范化\泸206H8\泸206H8 邻井压力监测\泸206H8-2-18段压裂施工-1、3井分点压力监测.xls,2,已用于形态聚类或重复合并,2,重复或补充片段已合并: 相同事件/通道且压力一致，仅计一个样本
E:\压裂窜扰项目\02 规范化\泸206H8\泸206H8 邻井压力监测\泸206H8-2-18段压裂施工-1、3井秒点压力监测-2.xls,2,已用于形态聚类或重复合并,2,参与形态聚类候选: absolute
E:\压裂窜扰项目\02 规范化\泸206H8\泸206H8 邻井压力监测\泸206H8-2-18段压裂施工-1、3井秒点压力监测.xls,2,已用于形态聚类或重复合并,2,重复或补充片段已合并: 相同事件/通道且压力一致，仅计一个样本
E:\压裂窜扰项目\02 规范化\泸206H8\泸206H8 邻井压力监测\泸206H8-2-19段压裂施工-1、3井分点压力监测-2.xls,2,已用于形态聚类或重复合并,2,重复或补充片段已合并: 相同事件/通道且压力一致，仅计一个样本
E:\压裂窜扰项目\02 规范化\泸206H8\泸206H8 邻井压力监测\泸206H8-2-19段压裂施工-1、3井分点压力监测-2.xlsx,2,已用于形态聚类或重复合并,2,重复或补充片段已合并: 相同事件/通道且压力一致，仅计一个样本
E:\压裂窜扰项目\02 规范化\泸206H8\泸206H8 邻井压力监测\泸206H8-2-19段压裂施工-1、3井分点压力监测.xls,2,已用于形态聚类或重复合并,2,重复或补充片段已合并: 相同事件/通道且压力一致，仅计一个样本
E:\压裂窜扰项目\02 规范化\泸206H8\泸206H8 邻井压力监测\泸206H8-2-19段压裂施工-1、3井分点压力监测.xlsx,2,已用于形态聚类或重复合并,2,重复或补充片段已合并: 相同事件/通道且压力一致，仅计一个样本
E:\压裂窜扰项目\02 规范化\泸206H8\泸206H8 邻井压力监测\泸206H8-2-19段压裂施工-1、3井秒点压力监测-2.xls,2,已用于形态聚类或重复合并,2,参与形态聚类候选: observed_file_window
E:\压裂窜扰项目\02 规范化\泸206H8\泸206H8 邻井压力监测\泸206H8-2-19段压裂施工-1、3井秒点压力监测-2.xlsx,2,已用于形态聚类或重复合并,2,参与形态聚类候选: absolute
E:\压裂窜扰项目\02 规范化\泸206H8\泸206H8 邻井压力监测\泸206H8-2-19段压裂施工-1、3井秒点压力监测.xls,2,已用于形态聚类或重复合并,2,重复或补充片段已合并: 相同事件/通道且压力一致，仅计一个样本
E:\压裂窜扰项目\02 规范化\泸206H8\泸206H8 邻井压力监测\泸206H8-2-19段压裂施工-1、3井秒点压力监测.xlsx,2,已用于形态聚类或重复合并,2,重复或补充片段已合并: 相同事件/通道且压力一致，仅计一个样本
E:\压裂窜扰项目\02 规范化\泸206H8\泸206H8 邻井压力监测\泸206H8-2-21段压裂施工-1、3、4、5、6、7、8井分点压力监测.xls,7,已用于形态聚类或重复合并,7,重复或补充片段已合并: 相同事件/通道且压力一致，仅计一个样本
E:\压裂窜扰项目\02 规范化\泸206H8\泸206H8 邻井压力监测\泸206H8-2-21段压裂施工-1、3、4、5、6、7、8井秒点压力监测.xls,7,已用于形态聚类或重复合并,7,参与形态聚类候选: observed_file_window
E:\压裂窜扰项目\02 规范化\泸206H8\泸206H8 邻井压力监测\泸206H8-3-19段压裂施工-1、2、4、5、6、7、8井分点压力监测.xls,7,已用于形态聚类或重复合并,7,重复或补充片段已合并: 相同事件/通道且压力一致，仅计一个样本
E:\压裂窜扰项目\02 规范化\泸206H8\泸206H8 邻井压力监测\泸206H8-3-19段压裂施工-1、2、4、5、6、7、8井秒点压力监测.xls,7,已用于形态聚类或重复合并,7,参与形态聚类候选: observed_file_window
E:\压裂窜扰项目\02 规范化\泸206H8\泸206H8 邻井压力监测\泸206H8-3-20段压裂施工-1、2、4、5、6、7、8井分点压力监测.xls,7,已用于形态聚类或重复合并,7,重复或补充片段已合并: 相同事件/通道且压力一致，仅计一个样本
E:\压裂窜扰项目\02 规范化\泸206H8\泸206H8 邻井压力监测\泸206H8-3-20段压裂施工-1、2、4、5、6、7、8井秒点压力监测.xls,7,已用于形态聚类或重复合并,7,参与形态聚类候选: observed_file_window
E:\压裂窜扰项目\02 规范化\泸206H8\泸206H8 邻井压力监测\泸206H8-4-18段压裂施工-1、2、3、5、6、7、8井分点压力监测-2.xls,7,已用于形态聚类或重复合并,7,重复或补充片段已合并: 相同事件/通道且压力一致，仅计一个样本
E:\压裂窜扰项目\02 规范化\泸206H8\泸206H8 邻井压力监测\泸206H8-4-18段压裂施工-1、2、3、5、6、7、8井分点压力监测.xls,7,已用于形态聚类或重复合并,7,重复或补充片段已合并: 相同事件/通道且压力一致，仅计一个样本
E:\压裂窜扰项目\02 规范化\泸206H8\泸206H8 邻井压力监测\泸206H8-4-18段压裂施工-1、2、3、5、6、7、8井秒点压力监测-2.xls,7,已用于形态聚类或重复合并,7,参与形态聚类候选: absolute
E:\压裂窜扰项目\02 规范化\泸206H8\泸206H8 邻井压力监测\泸206H8-4-18段压裂施工-1、2、3、5、6、7、8井秒点压力监测.xls,7,已用于形态聚类或重复合并,7,重复或补充片段已合并: 相同事件/通道且压力一致，仅计一个样本
E:\压裂窜扰项目\02 规范化\泸206H8\泸206H8 邻井压力监测\泸206H8-4-19段压裂施工-1、2、3、5、6、7、8井分点压力监测.xls,7,已用于形态聚类或重复合并,7,重复或补充片段已合并: 相同事件/通道且压力一致，仅计一个样本
E:\压裂窜扰项目\02 规范化\泸206H8\泸206H8 邻井压力监测\泸206H8-4-19段压裂施工-1、2、3、5、6、7、8井秒点压力监测.xls,7,已用于形态聚类或重复合并,7,参与形态聚类候选: absolute
E:\压裂窜扰项目\02 规范化\泸206H8\泸206H8 邻井压力监测\泸206H8-4-1段压裂施工-1、2、3、5、6、7、8井分点压力监测.xls,8,已用于形态聚类或重复合并,7,施工井自身压力: 源井与监测井相同；重复或补充片段已合并: 相同事件/通道且压力一致，仅计一个样本
E:\压裂窜扰项目\02 规范化\泸206H8\泸206H8 邻井压力监测\泸206H8-4-1段压裂施工-1、2、3、5、6、7、8井秒点压力监测.xls,7,已用于形态聚类或重复合并,7,参与形态聚类候选: absolute
E:\压裂窜扰项目\02 规范化\泸206H8\泸206H8 邻井压力监测\泸206H8-4-20段压裂施工-1、2、3、5、6、7、8井分点压力监测-2.xls,7,已用于形态聚类或重复合并,7,重复或补充片段已合并: 相同事件/通道且压力一致，仅计一个样本
E:\压裂窜扰项目\02 规范化\泸206H8\泸206H8 邻井压力监测\泸206H8-4-20段压裂施工-1、2、3、5、6、7、8井分点压力监测.xls,7,已用于形态聚类或重复合并,7,重复或补充片段已合并: 相同事件/通道且压力一致，仅计一个样本
E:\压裂窜扰项目\02 规范化\泸206H8\泸206H8 邻井压力监测\泸206H8-4-20段压裂施工-1、2、3、5、6、7、8井秒点压力监测-2.xls,7,已用于形态聚类或重复合并,7,参与形态聚类候选: absolute
E:\压裂窜扰项目\02 规范化\泸206H8\泸206H8 邻井压力监测\泸206H8-4-20段压裂施工-1、2、3、5、6、7、8井秒点压力监测.xls,7,已用于形态聚类或重复合并,7,重复或补充片段已合并: 相同事件/通道且压力一致，仅计一个样本
E:\压裂窜扰项目\02 规范化\泸206H8\泸206H8 邻井压力监测\泸206H8-4-21段压裂施工-1、2、3、5、6、7、8井分点压力监测.xls,7,已用于形态聚类或重复合并,7,重复或补充片段已合并: 相同事件/通道且压力一致，仅计一个样本
E:\压裂窜扰项目\02 规范化\泸206H8\泸206H8 邻井压力监测\泸206H8-4-21段压裂施工-1、2、3、5、6、7、8井秒点压力监测.xls,7,已用于形态聚类或重复合并,7,参与形态聚类候选: absolute
E:\压裂窜扰项目\02 规范化\泸206H8\泸206H8 邻井压力监测\泸206H8-4-2段压裂施工-1、2、3、5、6、7、8井分点压力监测.xls,8,已用于形态聚类或重复合并,7,施工井自身压力: 源井与监测井相同；重复或补充片段已合并: 相同事件/通道且压力一致，仅计一个样本
E:\压裂窜扰项目\02 规范化\泸206H8\泸206H8 邻井压力监测\泸206H8-4-2段压裂施工-1、2、3、5、6、7、8井秒点压力监测.xls,8,已用于形态聚类或重复合并,7,施工井自身压力: 源井与监测井相同；参与形态聚类候选: absolute
E:\压裂窜扰项目\02 规范化\泸206H8\泸206H8 邻井压力监测\泸206H8-4-3段压裂施工-1、2、3、5、6、7、8井秒点压力监测.xls,8,已用于形态聚类或重复合并,7,施工井自身压力: 源井与监测井相同；参与形态聚类候选: absolute
E:\压裂窜扰项目\02 规范化\泸206H8\泸206H8 邻井压力监测\泸206H8-4-4段压裂施工-1、2、3、5、6、7、8井分点压力监测.xls,8,已用于形态聚类或重复合并,7,施工井自身压力: 源井与监测井相同；重复或补充片段已合并: 相同事件/通道且压力一致，仅计一个样本；参与形态聚类候选: absolute
E:\压裂窜扰项目\02 规范化\泸206H8\泸206H8 邻井压力监测\泸206H8-4-4段压裂施工-1、2、3、5、6、7、8井秒点压力监测.xls,8,已用于形态聚类或重复合并,7,施工井自身压力: 源井与监测井相同；参与形态聚类候选: absolute；重复或补充片段已合并: 相同事件/通道且压力一致，仅计一个样本
E:\压裂窜扰项目\02 规范化\泸206H8\泸206H8 邻井压力监测\泸206H8-4-8段压裂施工-1、2、3、5、6、7、8井分点压力监测.xls,8,已用于形态聚类或重复合并,7,施工井自身压力: 源井与监测井相同；重复或补充片段已合并: 相同事件/通道且压力一致，仅计一个样本
E:\压裂窜扰项目\02 规范化\泸206H8\泸206H8 邻井压力监测\泸206H8-4-8段压裂施工-1、2、3、5、6、7、8井秒点压力监测.xls,8,已用于形态聚类或重复合并,7,施工井自身压力: 源井与监测井相同；参与形态聚类候选: absolute
E:\压裂窜扰项目\02 规范化\泸206H8\泸206H8 邻井压力监测\泸206H8-4-9段压裂施工-1、2、3、5、6、7、8井分点压力监测.xls,8,已用于形态聚类或重复合并,7,施工井自身压力: 源井与监测井相同；重复或补充片段已合并: 相同事件/通道且压力一致，仅计一个样本
E:\压裂窜扰项目\02 规范化\泸206H8\泸206H8 邻井压力监测\泸206H8-4-9段压裂施工-1、2、3、5、6、7、8井秒点压力监测.xls,8,已用于形态聚类或重复合并,7,施工井自身压力: 源井与监测井相同；参与形态聚类候选: absolute
E:\压裂窜扰项目\02 规范化\泸206H8\泸206H8 邻井压力监测\泸206H8-4第19段压裂主泵注(邻井叠合图).xlsx,0,未形成聚类样本,0,非时序统计/施工表、空表、无法解析或时间压力配对尚不可靠，详见逐工作表审计
E:\压裂窜扰项目\02 规范化\泸206H8\泸206H8 邻井压力监测\泸206H8-5-11段压裂施工-1、2、3、4、6、7、8井分点压力监测.xls,8,已用于形态聚类或重复合并,7,施工井自身压力: 源井与监测井相同；重复或补充片段已合并: 相同事件/通道且压力一致，仅计一个样本
E:\压裂窜扰项目\02 规范化\泸206H8\泸206H8 邻井压力监测\泸206H8-5-11段压裂施工-1、2、3、4、6、7、8井秒点压力监测.xls,8,已用于形态聚类或重复合并,7,施工井自身压力: 源井与监测井相同；参与形态聚类候选: absolute
E:\压裂窜扰项目\02 规范化\泸206H8\泸206H8 邻井压力监测\泸206H8-5-12段压裂施工-1、2、3、4、6、7、8井分点压力监测.xls,8,已用于形态聚类或重复合并,7,施工井自身压力: 源井与监测井相同；重复或补充片段已合并: 相同事件/通道且压力一致，仅计一个样本
E:\压裂窜扰项目\02 规范化\泸206H8\泸206H8 邻井压力监测\泸206H8-5-12段压裂施工-1、2、3、4、6、7、8井秒点压力监测.xls,8,已用于形态聚类或重复合并,7,施工井自身压力: 源井与监测井相同；参与形态聚类候选: absolute
E:\压裂窜扰项目\02 规范化\泸206H8\泸206H8 邻井压力监测\泸206H8-5-13段压裂施工-1、2、3、4、6、7、8井分点压力监测.xls,8,已用于形态聚类或重复合并,7,施工井自身压力: 源井与监测井相同；重复或补充片段已合并: 相同事件/通道且压力一致，仅计一个样本
E:\压裂窜扰项目\02 规范化\泸206H8\泸206H8 邻井压力监测\泸206H8-5-13段压裂施工-1、2、3、4、6、7、8井秒点压力监测.xls,8,已用于形态聚类或重复合并,7,施工井自身压力: 源井与监测井相同；参与形态聚类候选: absolute
E:\压裂窜扰项目\02 规范化\泸206H8\泸206H8 邻井压力监测\泸206H8-5-14段压裂施工-1、2、3、4、6、7、8井分点压力监测.xls,8,已用于形态聚类或重复合并,7,施工井自身压力: 源井与监测井相同；重复或补充片段已合并: 相同事件/通道且压力一致，仅计一个样本
E:\压裂窜扰项目\02 规范化\泸206H8\泸206H8 邻井压力监测\泸206H8-5-14段压裂施工-1、2、3、4、6、7、8井秒点压力监测.xls,8,已用于形态聚类或重复合并,7,施工井自身压力: 源井与监测井相同；参与形态聚类候选: absolute
E:\压裂窜扰项目\02 规范化\泸206H8\泸206H8 邻井压力监测\泸206H8-5-3段压裂施工-1、2、3、4、6、7、8井分点压力监测.xls,8,已用于形态聚类或重复合并,7,施工井自身压力: 源井与监测井相同；重复或补充片段已合并: 相同事件/通道且压力一致，仅计一个样本
E:\压裂窜扰项目\02 规范化\泸206H8\泸206H8 邻井压力监测\泸206H8-5-3段压裂施工-1、2、3、4、6、7、8井秒点压力监测.xls,8,已用于形态聚类或重复合并,7,施工井自身压力: 源井与监测井相同；参与形态聚类候选: absolute
E:\压裂窜扰项目\02 规范化\泸206H8\泸206H8 邻井压力监测\泸206H8-5-4段压裂施工-1、2、3、4、6、7、8井分点压力监测.xls,8,已用于形态聚类或重复合并,7,施工井自身压力: 源井与监测井相同；重复或补充片段已合并: 相同事件/通道且压力一致，仅计一个样本
E:\压裂窜扰项目\02 规范化\泸206H8\泸206H8 邻井压力监测\泸206H8-5-4段压裂施工-1、2、3、4、6、7、8井秒点压力监测.xls,8,已用于形态聚类或重复合并,7,施工井自身压力: 源井与监测井相同；参与形态聚类候选: absolute
E:\压裂窜扰项目\02 规范化\泸206H8\泸206H8 邻井压力监测\泸206H8-5-5段压裂施工-1、2、3、4、6、7、8井分点压力监测.xls,8,已用于形态聚类或重复合并,7,施工井自身压力: 源井与监测井相同；重复或补充片段已合并: 相同事件/通道且压力一致，仅计一个样本
E:\压裂窜扰项目\02 规范化\泸206H8\泸206H8 邻井压力监测\泸206H8-5-5段压裂施工-1、2、3、4、6、7、8井秒点压力监测.xls,8,已用于形态聚类或重复合并,7,施工井自身压力: 源井与监测井相同；参与形态聚类候选: absolute
E:\压裂窜扰项目\02 规范化\泸206H8\泸206H8 邻井压力监测\泸206H8-5-6段压裂施工-1、2、3、4、6、7、8井分点压力监测.xls,8,已用于形态聚类或重复合并,7,施工井自身压力: 源井与监测井相同；重复或补充片段已合并: 相同事件/通道且压力一致，仅计一个样本
E:\压裂窜扰项目\02 规范化\泸206H8\泸206H8 邻井压力监测\泸206H8-5-6段压裂施工-1、2、3、4、6、7、8井秒点压力监测.xls,8,已用于形态聚类或重复合并,7,施工井自身压力: 源井与监测井相同；参与形态聚类候选: absolute
E:\压裂窜扰项目\02 规范化\泸206H8\泸206H8 邻井压力监测\泸206H8-5-7段压裂施工-1、2、3、4、6、7、8井秒点压力监测.xls,8,已用于形态聚类或重复合并,7,施工井自身压力: 源井与监测井相同；参与形态聚类候选: absolute
E:\压裂窜扰项目\02 规范化\泸206H8\泸206H8 邻井压力监测\泸206H8-5-7段压裂施工-1、2、4、6、7、8井分点压力监测.xls,7,已用于形态聚类或重复合并,6,施工井自身压力: 源井与监测井相同；参与形态聚类候选: absolute；重复或补充片段已合并: 相同事件/通道且压力一致，仅计一个样本
E:\压裂窜扰项目\02 规范化\泸206H8\泸206H8 邻井压力监测\泸206H8_邻井压力数据_2.3井分点.xls,2,已用于形态聚类或重复合并,2,重复或补充片段已合并: 相同事件/通道且压力一致，仅计一个样本
E:\压裂窜扰项目\02 规范化\泸206H8\泸206H8 邻井压力监测\泸206H8_邻井压力数据_2.3井秒点.xls,2,已用于形态聚类或重复合并,2,参与形态聚类候选: observed_file_window
E:\压裂窜扰项目\02 规范化\泸206H8\泸206H8 邻井压力监测\泸206H8_邻井压力数据_6.14号7平台压力监测.xlsx,5,已用于形态聚类或重复合并,5,参与形态聚类候选: observed_file_window
E:\压裂窜扰项目\02 规范化\泸206H8\泸206H8 邻井压力监测\泸206H8_邻井压力数据_7平台压力监测6.16.xlsx,4,已用于形态聚类或重复合并,2,参与形态聚类候选: observed_file_window；重复或补充片段已合并: 相同事件/通道且压力一致，仅计一个样本
E:\压裂窜扰项目\02 规范化\泸206H8\泸206H8 邻井压力监测\泸206H8_邻井压力数据_分钟压力监测6.14.xlsx,5,已用于形态聚类或重复合并,5,参与形态聚类候选: observed_file_window
E:\压裂窜扰项目\02 规范化\泸208H1\泸208H1 邻井压力监测\泸208H1-1-10段压裂施工-2井压力监测.xlsx,1,已用于形态聚类或重复合并,1,参与形态聚类候选: same_stage_clock
E:\压裂窜扰项目\02 规范化\泸208H1\泸208H1 邻井压力监测\泸208H1-1-11段压裂施工-2井压力监测.xlsx,1,已用于形态聚类或重复合并,1,参与形态聚类候选: same_stage_clock
E:\压裂窜扰项目\02 规范化\泸208H1\泸208H1 邻井压力监测\泸208H1-1-12段压裂施工-2井压力监测.xlsx,1,已用于形态聚类或重复合并,1,参与形态聚类候选: same_stage_clock
E:\压裂窜扰项目\02 规范化\泸208H1\泸208H1 邻井压力监测\泸208H1-1-13段压裂施工-2井压力监测.xlsx,1,已用于形态聚类或重复合并,1,参与形态聚类候选: same_stage_clock
E:\压裂窜扰项目\02 规范化\泸208H1\泸208H1 邻井压力监测\泸208H1-1-14段压裂施工-2井压力监测.xlsx,1,已用于形态聚类或重复合并,1,相同数值重复样本已合并: same_stage_clock
E:\压裂窜扰项目\02 规范化\泸208H1\泸208H1 邻井压力监测\泸208H1-1井.xlsx,5,已用于形态聚类或重复合并,4,重复或补充片段已合并: 相同事件/通道且压力一致，仅计一个样本；相同数值重复样本已合并: 相同事件/通道且压力一致，仅计一个样本
E:\压裂窜扰项目\02 规范化\泸208H1\泸208H1 邻井压力监测\泸208H1-2-10段压裂施工-5井压力监测(H2).xlsx,1,已用于形态聚类或重复合并,1,参与形态聚类候选: same_stage_clock
E:\压裂窜扰项目\02 规范化\泸208H1\泸208H1 邻井压力监测\泸208H1-2-11段压裂施工-1井秒点压力监测.xls,1,已用于形态聚类或重复合并,1,参与形态聚类候选: same_stage_clock
E:\压裂窜扰项目\02 规范化\泸208H1\泸208H1 邻井压力监测\泸208H1-2-11段压裂施工-5井压力监测(H2).xlsx,1,已用于形态聚类或重复合并,1,参与形态聚类候选: same_stage_clock
E:\压裂窜扰项目\02 规范化\泸208H1\泸208H1 邻井压力监测\泸208H1-2-13段压裂施工-1井压力监测.xlsx,1,已用于形态聚类或重复合并,1,参与形态聚类候选: same_stage_clock
E:\压裂窜扰项目\02 规范化\泸208H1\泸208H1 邻井压力监测\泸208H1-2-14段压裂施工-1井压力监测.xlsx,1,已用于形态聚类或重复合并,1,参与形态聚类候选: same_stage_clock
E:\压裂窜扰项目\02 规范化\泸208H1\泸208H1 邻井压力监测\泸208H1-2-15段压裂施工-1井压力监测(yc).xlsx,1,已用于形态聚类或重复合并,1,参与形态聚类候选: same_stage_clock
E:\压裂窜扰项目\02 规范化\泸208H1\泸208H1 邻井压力监测\泸208H1-2-15段压裂施工-4井压力监测(H2).xlsx,1,已用于形态聚类或重复合并,1,参与形态聚类候选: same_stage_clock
E:\压裂窜扰项目\02 规范化\泸208H1\泸208H1 邻井压力监测\泸208H1-2-15段压裂施工-5井压力监测(H2).xlsx,1,已用于形态聚类或重复合并,1,参与形态聚类候选: same_stage_clock
E:\压裂窜扰项目\02 规范化\泸208H1\泸208H1 邻井压力监测\泸208H1-2-16段压裂施工-1井压力监测(yc).xlsx,1,已用于形态聚类或重复合并,1,参与形态聚类候选: same_stage_clock
E:\压裂窜扰项目\02 规范化\泸208H1\泸208H1 邻井压力监测\泸208H1-2-16段压裂施工-4井压力监测(H2).xlsx,1,已用于形态聚类或重复合并,1,参与形态聚类候选: same_stage_clock
E:\压裂窜扰项目\02 规范化\泸208H1\泸208H1 邻井压力监测\泸208H1-2-16段压裂施工-5井压力监测(H2).xlsx,1,已用于形态聚类或重复合并,1,参与形态聚类候选: same_stage_clock
E:\压裂窜扰项目\02 规范化\泸208H1\泸208H1 邻井压力监测\泸208H1-2-17段压裂施工-1井压力监测(yc).xlsx,1,已用于形态聚类或重复合并,1,参与形态聚类候选: same_stage_clock
E:\压裂窜扰项目\02 规范化\泸208H1\泸208H1 邻井压力监测\泸208H1-2-17段压裂施工-4井压力监测(H2).xlsx,1,已用于形态聚类或重复合并,1,参与形态聚类候选: same_stage_clock
E:\压裂窜扰项目\02 规范化\泸208H1\泸208H1 邻井压力监测\泸208H1-2-17段压裂施工-5井压力监测(H2).xlsx,1,已用于形态聚类或重复合并,1,参与形态聚类候选: same_stage_clock
E:\压裂窜扰项目\02 规范化\泸208H1\泸208H1 邻井压力监测\泸208H1-2-18段压裂施工-1井压力监测.xlsx,1,已用于形态聚类或重复合并,1,参与形态聚类候选: same_stage_clock
E:\压裂窜扰项目\02 规范化\泸208H1\泸208H1 邻井压力监测\泸208H1-2-18段压裂施工-4井压力监测(H2).xlsx,1,已用于形态聚类或重复合并,1,参与形态聚类候选: same_stage_clock
E:\压裂窜扰项目\02 规范化\泸208H1\泸208H1 邻井压力监测\泸208H1-2-18段压裂施工-5井压力监测(H2).xlsx,1,已用于形态聚类或重复合并,1,参与形态聚类候选: same_stage_clock
E:\压裂窜扰项目\02 规范化\泸208H1\泸208H1 邻井压力监测\泸208H1-2-4段压裂施工-1井压力监测.xlsx,1,已用于形态聚类或重复合并,1,参与形态聚类候选: same_stage_clock
E:\压裂窜扰项目\02 规范化\泸208H1\泸208H1 邻井压力监测\泸208H1-2-6段压裂施工-1井压力监测.xlsx,1,已用于形态聚类或重复合并,1,参与形态聚类候选: same_stage_clock
E:\压裂窜扰项目\02 规范化\泸208H1\泸208H1 邻井压力监测\泸208H1-2-8段压裂施工-1井压力监测.xlsx,1,已用于形态聚类或重复合并,1,重复或补充片段已合并: 相同事件/通道且压力一致，仅计一个样本
E:\压裂窜扰项目\02 规范化\泸208H1\泸208H1 邻井压力监测\泸208H1-2-8段压裂施工-1井秒点压力监测.xls,1,已用于形态聚类或重复合并,1,参与形态聚类候选: same_stage_clock
E:\压裂窜扰项目\02 规范化\泸208H1\泸208H1 邻井压力监测\泸208H1-2井.xlsx,16,已用于形态聚类或重复合并,16,重复或补充片段已合并: 相同事件/通道且压力一致，仅计一个样本
E:\压裂窜扰项目\02 规范化\泸208H1\泸208H1 邻井压力监测\泸208H1-3-1段压裂施工-4井压力监测.xlsx,1,已用于形态聚类或重复合并,1,参与形态聚类候选: same_stage_clock
E:\压裂窜扰项目\02 规范化\泸208H1\泸208H1 邻井压力监测\泸208H1-3-3段压裂施工-4井压力监测.xlsx,1,已用于形态聚类或重复合并,1,参与形态聚类候选: same_stage_clock
E:\压裂窜扰项目\02 规范化\泸208H1\泸208H1 邻井压力监测\泸208H1-3-3段压裂施工-5井压力监测.xlsx,1,已用于形态聚类或重复合并,1,参与形态聚类候选: same_stage_clock
E:\压裂窜扰项目\02 规范化\泸208H1\泸208H1 邻井压力监测\泸208H1-3井.xlsx,3,已用于形态聚类或重复合并,3,重复或补充片段已合并: 相同事件/通道且压力一致，仅计一个样本
E:\压裂窜扰项目\02 规范化\泸208H1\泸208H1 邻井压力监测\泸208H1-4-10段压裂施工-6井压力监测.xlsx,1,已用于形态聚类或重复合并,1,参与形态聚类候选: same_stage_clock
E:\压裂窜扰项目\02 规范化\泸208H1\泸208H1 邻井压力监测\泸208H1-4-11段压裂施工-5井压力监测.xlsx,1,已用于形态聚类或重复合并,1,参与形态聚类候选: same_stage_clock
E:\压裂窜扰项目\02 规范化\泸208H1\泸208H1 邻井压力监测\泸208H1-4-13段压裂施工-5井压力监测.xlsx,1,已用于形态聚类或重复合并,1,参与形态聚类候选: same_stage_clock
E:\压裂窜扰项目\02 规范化\泸208H1\泸208H1 邻井压力监测\泸208H1-4-14段压裂施工-5井压力监测.xlsx,1,已用于形态聚类或重复合并,1,参与形态聚类候选: same_stage_clock
E:\压裂窜扰项目\02 规范化\泸208H1\泸208H1 邻井压力监测\泸208H1-4-16段压裂施工-5井压力监测.xlsx,1,已用于形态聚类或重复合并,1,参与形态聚类候选: same_stage_clock
E:\压裂窜扰项目\02 规范化\泸208H1\泸208H1 邻井压力监测\泸208H1-4-17段压裂施工-5井压力监测.xlsx,1,已用于形态聚类或重复合并,1,参与形态聚类候选: same_stage_clock
E:\压裂窜扰项目\02 规范化\泸208H1\泸208H1 邻井压力监测\泸208H1-4-18段压裂施工-5井压力监测.xlsx,1,已用于形态聚类或重复合并,1,参与形态聚类候选: same_stage_clock
E:\压裂窜扰项目\02 规范化\泸208H1\泸208H1 邻井压力监测\泸208H1-4-19段压裂施工-5井压力监测.xlsx,1,已用于形态聚类或重复合并,1,参与形态聚类候选: observed_file_window
E:\压裂窜扰项目\02 规范化\泸208H1\泸208H1 邻井压力监测\泸208H1-4-1段压裂施工-3井压力监测.xlsx,1,已用于形态聚类或重复合并,1,参与形态聚类候选: same_stage_clock
E:\压裂窜扰项目\02 规范化\泸208H1\泸208H1 邻井压力监测\泸208H1-4-1段压裂施工-5井压力监测.xlsx,1,已用于形态聚类或重复合并,1,参与形态聚类候选: same_stage_clock
E:\压裂窜扰项目\02 规范化\泸208H1\泸208H1 邻井压力监测\泸208H1-4-2段压裂施工-3井压力监测.xlsx,1,已用于形态聚类或重复合并,1,参与形态聚类候选: same_stage_clock
E:\压裂窜扰项目\02 规范化\泸208H1\泸208H1 邻井压力监测\泸208H1-4-2段压裂施工-5井压力监测.xlsx,1,已用于形态聚类或重复合并,1,参与形态聚类候选: same_stage_clock
E:\压裂窜扰项目\02 规范化\泸208H1\泸208H1 邻井压力监测\泸208H1-4-3段压裂施工-3井压力监测.xlsx,1,已用于形态聚类或重复合并,1,参与形态聚类候选: same_stage_clock
E:\压裂窜扰项目\02 规范化\泸208H1\泸208H1 邻井压力监测\泸208H1-4-3段压裂施工-5井压力监测.xlsx,1,已用于形态聚类或重复合并,1,参与形态聚类候选: same_stage_clock
E:\压裂窜扰项目\02 规范化\泸208H1\泸208H1 邻井压力监测\泸208H1-4-4段压裂施工-3井压力监测.xlsx,1,已用于形态聚类或重复合并,1,参与形态聚类候选: same_stage_clock
E:\压裂窜扰项目\02 规范化\泸208H1\泸208H1 邻井压力监测\泸208H1-4-4段压裂施工-5井压力监测.xlsx,1,已用于形态聚类或重复合并,1,参与形态聚类候选: same_stage_clock
E:\压裂窜扰项目\02 规范化\泸208H1\泸208H1 邻井压力监测\泸208H1-4-5段压裂施工-3井压力监测.xlsx,1,已用于形态聚类或重复合并,1,参与形态聚类候选: same_stage_clock
E:\压裂窜扰项目\02 规范化\泸208H1\泸208H1 邻井压力监测\泸208H1-4-5段压裂施工-5井压力监测.xlsx,1,已用于形态聚类或重复合并,1,参与形态聚类候选: same_stage_clock
E:\压裂窜扰项目\02 规范化\泸208H1\泸208H1 邻井压力监测\泸208H1-4-6段压裂施工-3井压力监测.xlsx,1,已用于形态聚类或重复合并,1,参与形态聚类候选: same_stage_clock
E:\压裂窜扰项目\02 规范化\泸208H1\泸208H1 邻井压力监测\泸208H1-4-7段压裂施工-6井压力监测.xlsx,1,已用于形态聚类或重复合并,1,参与形态聚类候选: same_stage_clock
E:\压裂窜扰项目\02 规范化\泸208H1\泸208H1 邻井压力监测\泸208H1-4-8段压裂施工-6井压力监测.xlsx,1,已用于形态聚类或重复合并,1,参与形态聚类候选: same_stage_clock
E:\压裂窜扰项目\02 规范化\泸208H1\泸208H1 邻井压力监测\泸208H1-4-9段压裂施工-3井压力监测.xlsx,1,已用于形态聚类或重复合并,1,参与形态聚类候选: same_stage_clock
E:\压裂窜扰项目\02 规范化\泸208H1\泸208H1 邻井压力监测\泸208H1-4-9段压裂施工-5井压力监测.xlsx,1,已用于形态聚类或重复合并,1,参与形态聚类候选: same_stage_clock
E:\压裂窜扰项目\02 规范化\泸208H1\泸208H1 邻井压力监测\泸208H1-4井.xlsx,23,已用于形态聚类或重复合并,23,重复或补充片段已合并: 相同事件/通道且压力一致，仅计一个样本
E:\压裂窜扰项目\02 规范化\泸208H1\泸208H1 邻井压力监测\泸208H1-5-10段压裂施工-4井压力监测.xlsx,1,已用于形态聚类或重复合并,1,参与形态聚类候选: same_stage_clock
E:\压裂窜扰项目\02 规范化\泸208H1\泸208H1 邻井压力监测\泸208H1-5-14段压裂施工-4井压力监测.xlsx,1,已用于形态聚类或重复合并,1,参与形态聚类候选: same_stage_clock
E:\压裂窜扰项目\02 规范化\泸208H1\泸208H1 邻井压力监测\泸208H1-5-14段压裂施工-6井压力监测.xlsx,1,已用于形态聚类或重复合并,1,参与形态聚类候选: same_stage_clock
E:\压裂窜扰项目\02 规范化\泸208H1\泸208H1 邻井压力监测\泸208H1-5-15段压裂施工-4井压力监测.xlsx,1,已用于形态聚类或重复合并,1,参与形态聚类候选: same_stage_clock
E:\压裂窜扰项目\02 规范化\泸208H1\泸208H1 邻井压力监测\泸208H1-5-16段压裂施工-4井压力监测.xlsx,1,已用于形态聚类或重复合并,1,参与形态聚类候选: same_stage_clock
E:\压裂窜扰项目\02 规范化\泸208H1\泸208H1 邻井压力监测\泸208H1-5-17段压裂施工-4井压力监测.xlsx,1,已用于形态聚类或重复合并,1,参与形态聚类候选: same_stage_clock
E:\压裂窜扰项目\02 规范化\泸208H1\泸208H1 邻井压力监测\泸208H1-5-18段压裂施工-4井压力监测.xlsx,1,已用于形态聚类或重复合并,1,参与形态聚类候选: same_stage_clock
E:\压裂窜扰项目\02 规范化\泸208H1\泸208H1 邻井压力监测\泸208H1-5-19段压裂施工-4井压力监测.xlsx,1,已用于形态聚类或重复合并,1,参与形态聚类候选: same_stage_clock
E:\压裂窜扰项目\02 规范化\泸208H1\泸208H1 邻井压力监测\泸208H1-5-1段压裂施工-6井压力监测.xlsx,1,已用于形态聚类或重复合并,1,参与形态聚类候选: same_stage_clock
E:\压裂窜扰项目\02 规范化\泸208H1\泸208H1 邻井压力监测\泸208H1-5-20段压裂施工-4井压力监测.xlsx,1,已用于形态聚类或重复合并,1,参与形态聚类候选: same_stage_clock
E:\压裂窜扰项目\02 规范化\泸208H1\泸208H1 邻井压力监测\泸208H1-5-23段压裂施工-4井压力监测.xlsx,1,已用于形态聚类或重复合并,1,参与形态聚类候选: same_stage_clock
E:\压裂窜扰项目\02 规范化\泸208H1\泸208H1 邻井压力监测\泸208H1-5-25段压裂施工-4井压力监测.xlsx,1,已用于形态聚类或重复合并,1,参与形态聚类候选: same_stage_clock
E:\压裂窜扰项目\02 规范化\泸208H1\泸208H1 邻井压力监测\泸208H1-5-26段压裂施工-4井压力监测.xlsx,1,已用于形态聚类或重复合并,1,参与形态聚类候选: same_stage_clock
E:\压裂窜扰项目\02 规范化\泸208H1\泸208H1 邻井压力监测\泸208H1-5-2段压裂施工-6井压力监测.xlsx,1,已用于形态聚类或重复合并,1,参与形态聚类候选: same_stage_clock
E:\压裂窜扰项目\02 规范化\泸208H1\泸208H1 邻井压力监测\泸208H1-5-3段压裂施工-6井压力监测.xlsx,1,已用于形态聚类或重复合并,1,参与形态聚类候选: same_stage_clock
E:\压裂窜扰项目\02 规范化\泸208H1\泸208H1 邻井压力监测\泸208H1-5-4段压裂施工-6井压力监测.xlsx,1,已用于形态聚类或重复合并,1,参与形态聚类候选: same_stage_clock
E:\压裂窜扰项目\02 规范化\泸208H1\泸208H1 邻井压力监测\泸208H1-5-5段压裂施工-4井压力监测.xlsx,1,已用于形态聚类或重复合并,1,参与形态聚类候选: same_stage_clock
E:\压裂窜扰项目\02 规范化\泸208H1\泸208H1 邻井压力监测\泸208H1-5-5段压裂施工-6井压力监测.xlsx,1,已用于形态聚类或重复合并,1,参与形态聚类候选: same_stage_clock
E:\压裂窜扰项目\02 规范化\泸208H1\泸208H1 邻井压力监测\泸208H1-5-6段压裂施工-4井压力监测.xlsx,1,已用于形态聚类或重复合并,1,参与形态聚类候选: same_stage_clock
E:\压裂窜扰项目\02 规范化\泸208H1\泸208H1 邻井压力监测\泸208H1-5-7段压裂施工-6井压力监测.xlsx,1,已用于形态聚类或重复合并,1,参与形态聚类候选: same_stage_clock
E:\压裂窜扰项目\02 规范化\泸208H1\泸208H1 邻井压力监测\泸208H1-5-8段压裂施工-6井压力监测.xlsx,1,已用于形态聚类或重复合并,1,参与形态聚类候选: same_stage_clock
E:\压裂窜扰项目\02 规范化\泸208H1\泸208H1 邻井压力监测\泸208H1-5-9段压裂施工-4井压力监测.xlsx,1,已用于形态聚类或重复合并,1,参与形态聚类候选: same_stage_clock
E:\压裂窜扰项目\02 规范化\泸208H1\泸208H1 邻井压力监测\泸208H1-5井.xlsx,22,已用于形态聚类或重复合并,22,重复或补充片段已合并: 相同事件/通道且压力一致，仅计一个样本
E:\压裂窜扰项目\02 规范化\泸208H1\泸208H1 邻井压力监测\泸208H1-6-1段压裂施工-5井压力监测.xlsx,1,已用于形态聚类或重复合并,1,参与形态聚类候选: same_stage_clock
E:\压裂窜扰项目\02 规范化\泸208H1\泸208H1 邻井压力监测\泸208H1-6-2段压裂施工-5井压力监测.xlsx,1,已用于形态聚类或重复合并,1,参与形态聚类候选: same_stage_clock
E:\压裂窜扰项目\02 规范化\泸208H1\泸208H1 邻井压力监测\泸208H1-6-3段压裂施工-5井压力监测.xlsx,1,已用于形态聚类或重复合并,1,参与形态聚类候选: same_stage_clock
E:\压裂窜扰项目\02 规范化\泸208H1\泸208H1 邻井压力监测\泸208H1-6-4段压裂施工-5井压力监测.xlsx,1,已用于形态聚类或重复合并,1,参与形态聚类候选: same_stage_clock
E:\压裂窜扰项目\02 规范化\泸208H1\泸208H1 邻井压力监测\泸208H1-6井.xlsx,4,已用于形态聚类或重复合并,4,重复或补充片段已合并: 相同事件/通道且压力一致，仅计一个样本
E:\压裂窜扰项目\02 规范化\泸208H2\泸208H2 邻井压力监测\泸208H2-1-10段压裂施工-2井压力监测.xlsx,1,已用于形态聚类或重复合并,1,参与形态聚类候选: same_stage_clock
E:\压裂窜扰项目\02 规范化\泸208H2\泸208H2 邻井压力监测\泸208H2-1-11段压裂施工-2井压力监测.xlsx,1,已用于形态聚类或重复合并,1,参与形态聚类候选: same_stage_clock
E:\压裂窜扰项目\02 规范化\泸208H2\泸208H2 邻井压力监测\泸208H2-1-12段压裂施工-2井压力监测.xlsx,1,已用于形态聚类或重复合并,1,参与形态聚类候选: same_stage_clock
E:\压裂窜扰项目\02 规范化\泸208H2\泸208H2 邻井压力监测\泸208H2-1-13段压裂施工-2井压力监测.xlsx,1,已用于形态聚类或重复合并,1,参与形态聚类候选: same_stage_clock
E:\压裂窜扰项目\02 规范化\泸208H2\泸208H2 邻井压力监测\泸208H2-1-14段压裂施工-2井压力监测.xlsx,1,已用于形态聚类或重复合并,1,参与形态聚类候选: same_stage_clock
E:\压裂窜扰项目\02 规范化\泸208H2\泸208H2 邻井压力监测\泸208H2-1-15段压裂施工-2井压力监测.xlsx,1,已用于形态聚类或重复合并,1,参与形态聚类候选: same_stage_clock
E:\压裂窜扰项目\02 规范化\泸208H2\泸208H2 邻井压力监测\泸208H2-1-16段压裂施工-2井压力监测.xlsx,1,已用于形态聚类或重复合并,1,参与形态聚类候选: same_stage_clock
E:\压裂窜扰项目\02 规范化\泸208H2\泸208H2 邻井压力监测\泸208H2-1-17段压裂施工-2井压力监测.xlsx,1,已用于形态聚类或重复合并,1,相同数值重复样本已合并: same_stage_clock
E:\压裂窜扰项目\02 规范化\泸208H2\泸208H2 邻井压力监测\泸208H2-1-19段压裂施工-2井压力监测.xlsx,1,已用于形态聚类或重复合并,1,参与形态聚类候选: same_stage_clock
E:\压裂窜扰项目\02 规范化\泸208H2\泸208H2 邻井压力监测\泸208H2-1-2段压裂施工-2井压力监测.xlsx,1,已用于形态聚类或重复合并,1,参与形态聚类候选: same_stage_clock
E:\压裂窜扰项目\02 规范化\泸208H2\泸208H2 邻井压力监测\泸208H2-1-4段压裂施工-2井压力监测.xlsx,1,已用于形态聚类或重复合并,1,参与形态聚类候选: same_stage_clock
E:\压裂窜扰项目\02 规范化\泸208H2\泸208H2 邻井压力监测\泸208H2-1-5段压裂施工-2井压力监测.xlsx,1,已用于形态聚类或重复合并,1,参与形态聚类候选: same_stage_clock
E:\压裂窜扰项目\02 规范化\泸208H2\泸208H2 邻井压力监测\泸208H2-1-5段压裂施工-2井压力监测（补充）.xlsx,1,已用于形态聚类或重复合并,1,重复或补充片段已合并: 相同事件/通道且压力一致，仅计一个样本
E:\压裂窜扰项目\02 规范化\泸208H2\泸208H2 邻井压力监测\泸208H2-1-6段压裂施工-2井压力监测.xlsx,1,已用于形态聚类或重复合并,1,参与形态聚类候选: same_stage_clock
E:\压裂窜扰项目\02 规范化\泸208H2\泸208H2 邻井压力监测\泸208H2-10-10段压裂施工-9井压力监测.xlsx,1,已用于形态聚类或重复合并,1,参与形态聚类候选: same_stage_clock
E:\压裂窜扰项目\02 规范化\泸208H2\泸208H2 邻井压力监测\泸208H2-10-11段压裂施工-9井压力监测.xlsx,1,已用于形态聚类或重复合并,1,参与形态聚类候选: same_stage_clock
E:\压裂窜扰项目\02 规范化\泸208H2\泸208H2 邻井压力监测\泸208H2-10-12段压裂施工-8井压力监测.xlsx,1,已用于形态聚类或重复合并,1,参与形态聚类候选: same_stage_clock
E:\压裂窜扰项目\02 规范化\泸208H2\泸208H2 邻井压力监测\泸208H2-10-12段压裂施工-9井压力监测.xlsx,1,已用于形态聚类或重复合并,1,参与形态聚类候选: same_stage_clock
E:\压裂窜扰项目\02 规范化\泸208H2\泸208H2 邻井压力监测\泸208H2-10-13段压裂施工-9井压力监测.xlsx,1,已用于形态聚类或重复合并,1,参与形态聚类候选: same_stage_clock
E:\压裂窜扰项目\02 规范化\泸208H2\泸208H2 邻井压力监测\泸208H2-10-14段压裂施工-9井压力监测.xlsx,1,已用于形态聚类或重复合并,1,参与形态聚类候选: same_stage_clock
E:\压裂窜扰项目\02 规范化\泸208H2\泸208H2 邻井压力监测\泸208H2-10-15段压裂施工-9井压力监测.xlsx,1,已用于形态聚类或重复合并,1,参与形态聚类候选: same_stage_clock
E:\压裂窜扰项目\02 规范化\泸208H2\泸208H2 邻井压力监测\泸208H2-10-16段压裂施工-9井压力监测.xlsx,1,已用于形态聚类或重复合并,1,参与形态聚类候选: same_stage_clock
E:\压裂窜扰项目\02 规范化\泸208H2\泸208H2 邻井压力监测\泸208H2-10-17段压裂施工-9井压力监测.xlsx,1,已用于形态聚类或重复合并,1,参与形态聚类候选: same_stage_clock
E:\压裂窜扰项目\02 规范化\泸208H2\泸208H2 邻井压力监测\泸208H2-10-18段压裂施工-9井压力监测.xlsx,1,已用于形态聚类或重复合并,1,参与形态聚类候选: same_stage_clock
E:\压裂窜扰项目\02 规范化\泸208H2\泸208H2 邻井压力监测\泸208H2-10-19段压裂施工-9井压力监测.xlsx,1,已用于形态聚类或重复合并,1,参与形态聚类候选: same_stage_clock
E:\压裂窜扰项目\02 规范化\泸208H2\泸208H2 邻井压力监测\泸208H2-10-20段压裂施工-9井压力监测.xlsx,1,已用于形态聚类或重复合并,1,参与形态聚类候选: same_stage_clock
E:\压裂窜扰项目\02 规范化\泸208H2\泸208H2 邻井压力监测\泸208H2-10-21段压裂施工-9井压力监测.xlsx,1,已用于形态聚类或重复合并,1,参与形态聚类候选: same_stage_clock
E:\压裂窜扰项目\02 规范化\泸208H2\泸208H2 邻井压力监测\泸208H2-10-22段压裂施工-9井压力监测.xlsx,1,已用于形态聚类或重复合并,1,参与形态聚类候选: observed_file_window
E:\压裂窜扰项目\02 规范化\泸208H2\泸208H2 邻井压力监测\泸208H2-10-3段压裂施工-9井压力监测.xlsx,1,已用于形态聚类或重复合并,1,参与形态聚类候选: same_stage_clock
E:\压裂窜扰项目\02 规范化\泸208H2\泸208H2 邻井压力监测\泸208H2-10-4段压裂施工-9井压力监测.xlsx,1,已用于形态聚类或重复合并,1,参与形态聚类候选: same_stage_clock
E:\压裂窜扰项目\02 规范化\泸208H2\泸208H2 邻井压力监测\泸208H2-10-5段压裂施工-9井压力监测.xlsx,1,已用于形态聚类或重复合并,1,参与形态聚类候选: same_stage_clock
E:\压裂窜扰项目\02 规范化\泸208H2\泸208H2 邻井压力监测\泸208H2-10-6段压裂施工-9井压力监测.xlsx,1,已用于形态聚类或重复合并,1,参与形态聚类候选: same_stage_clock
E:\压裂窜扰项目\02 规范化\泸208H2\泸208H2 邻井压力监测\泸208H2-10-7段压裂施工-9井压力监测.xlsx,1,已用于形态聚类或重复合并,1,参与形态聚类候选: same_stage_clock
E:\压裂窜扰项目\02 规范化\泸208H2\泸208H2 邻井压力监测\泸208H2-10-8段压裂施工-9井压力监测.xlsx,1,已用于形态聚类或重复合并,1,参与形态聚类候选: same_stage_clock
E:\压裂窜扰项目\02 规范化\泸208H2\泸208H2 邻井压力监测\泸208H2-10-9段压裂施工-9井压力监测.xlsx,1,已用于形态聚类或重复合并,1,参与形态聚类候选: same_stage_clock
E:\压裂窜扰项目\02 规范化\泸208H2\泸208H2 邻井压力监测\泸208H2-10井-MATLAB.xlsx,21,已用于形态聚类或重复合并,21,重复或补充片段已合并: 相同事件/通道且压力一致，仅计一个样本
E:\压裂窜扰项目\02 规范化\泸208H2\泸208H2 邻井压力监测\泸208H2-1井-MATLAB-2.xlsx,13,已用于形态聚类或重复合并,12,重复或补充片段已合并: 相同事件/通道且压力一致，仅计一个样本；相同数值重复样本已合并: 相同事件/通道且压力一致，仅计一个样本
E:\压裂窜扰项目\02 规范化\泸208H2\泸208H2 邻井压力监测\泸208H2-1井-MATLAB.xlsx,13,已用于形态聚类或重复合并,12,重复或补充片段已合并: 相同事件/通道且压力一致，仅计一个样本；相同数值重复样本已合并: 相同事件/通道且压力一致，仅计一个样本
E:\压裂窜扰项目\02 规范化\泸208H2\泸208H2 邻井压力监测\泸208H2-2-12段压裂施工-3井压力监测.xlsx,1,已用于形态聚类或重复合并,1,参与形态聚类候选: same_stage_clock
E:\压裂窜扰项目\02 规范化\泸208H2\泸208H2 邻井压力监测\泸208H2-2-13段压裂施工-1井压力监测.xlsx,1,已用于形态聚类或重复合并,1,参与形态聚类候选: same_stage_clock
E:\压裂窜扰项目\02 规范化\泸208H2\泸208H2 邻井压力监测\泸208H2-2-13段压裂施工-3井压力监测.xlsx,1,已用于形态聚类或重复合并,1,参与形态聚类候选: same_stage_clock
E:\压裂窜扰项目\02 规范化\泸208H2\泸208H2 邻井压力监测\泸208H2-2-14段压裂施工-1井压力监测.xlsx,1,已用于形态聚类或重复合并,1,参与形态聚类候选: same_stage_clock
E:\压裂窜扰项目\02 规范化\泸208H2\泸208H2 邻井压力监测\泸208H2-2-2段压裂施工-1井压力监测.xlsx,1,已用于形态聚类或重复合并,1,参与形态聚类候选: same_stage_clock
E:\压裂窜扰项目\02 规范化\泸208H2\泸208H2 邻井压力监测\泸208H2-2-5段压裂施工-1井压力监测.xlsx,1,已用于形态聚类或重复合并,1,参与形态聚类候选: same_stage_clock
E:\压裂窜扰项目\02 规范化\泸208H2\泸208H2 邻井压力监测\泸208H2-2-9段压裂施工-3井压力监测.xlsx,1,已用于形态聚类或重复合并,1,参与形态聚类候选: same_stage_clock
E:\压裂窜扰项目\02 规范化\泸208H2\泸208H2 邻井压力监测\泸208H2-2井-MATLAB.xlsx,7,已用于形态聚类或重复合并,7,重复或补充片段已合并: 相同事件/通道且压力一致，仅计一个样本
E:\压裂窜扰项目\02 规范化\泸208H2\泸208H2 邻井压力监测\泸208H2-3-20段压裂施工-4井压力监测.xlsx,1,已用于形态聚类或重复合并,1,参与形态聚类候选: same_stage_clock
E:\压裂窜扰项目\02 规范化\泸208H2\泸208H2 邻井压力监测\泸208H2-3-21段压裂施工-4井压力监测.xlsx,1,已用于形态聚类或重复合并,1,参与形态聚类候选: same_stage_clock
E:\压裂窜扰项目\02 规范化\泸208H2\泸208H2 邻井压力监测\泸208H2-3-22段压裂施工-4井压力监测.xlsx,1,已用于形态聚类或重复合并,1,参与形态聚类候选: same_stage_clock
E:\压裂窜扰项目\02 规范化\泸208H2\泸208H2 邻井压力监测\泸208H2-3-23段压裂施工-4井压力监测.xlsx,1,已用于形态聚类或重复合并,1,参与形态聚类候选: same_stage_clock
E:\压裂窜扰项目\02 规范化\泸208H2\泸208H2 邻井压力监测\泸208H2-3-24段压裂施工-4井压力监测.xlsx,1,已用于形态聚类或重复合并,1,参与形态聚类候选: same_stage_clock
E:\压裂窜扰项目\02 规范化\泸208H2\泸208H2 邻井压力监测\泸208H2-3-25段压裂施工-4井压力监测.xlsx,1,已用于形态聚类或重复合并,1,参与形态聚类候选: same_stage_clock
E:\压裂窜扰项目\02 规范化\泸208H2\泸208H2 邻井压力监测\泸208H2-3-26段压裂施工-4井压力监测.xlsx,1,已用于形态聚类或重复合并,1,参与形态聚类候选: same_stage_clock
E:\压裂窜扰项目\02 规范化\泸208H2\泸208H2 邻井压力监测\泸208H2-3-27段压裂施工-4井压力监测.xlsx,1,已用于形态聚类或重复合并,1,参与形态聚类候选: same_stage_clock
E:\压裂窜扰项目\02 规范化\泸208H2\泸208H2 邻井压力监测\泸208H2-3井-MATLAB.xlsx,8,已用于形态聚类或重复合并,8,重复或补充片段已合并: 相同事件/通道且压力一致，仅计一个样本
E:\压裂窜扰项目\02 规范化\泸208H2\泸208H2 邻井压力监测\泸208H2-4-10段压裂施工-1井压力监测.xlsx,1,已用于形态聚类或重复合并,1,参与形态聚类候选: same_stage_clock
E:\压裂窜扰项目\02 规范化\泸208H2\泸208H2 邻井压力监测\泸208H2-4-11段压裂施工-1井压力监测.xlsx,1,已用于形态聚类或重复合并,1,参与形态聚类候选: same_stage_clock
E:\压裂窜扰项目\02 规范化\泸208H2\泸208H2 邻井压力监测\泸208H2-4-12段压裂施工-5井压力监测.xlsx,1,已用于形态聚类或重复合并,1,参与形态聚类候选: same_stage_clock
E:\压裂窜扰项目\02 规范化\泸208H2\泸208H2 邻井压力监测\泸208H2-4-15段压裂施工-5井压力监测.xlsx,1,已用于形态聚类或重复合并,1,参与形态聚类候选: same_stage_clock
E:\压裂窜扰项目\02 规范化\泸208H2\泸208H2 邻井压力监测\泸208H2-4-16段压裂施工-5井压力监测.xlsx,1,已用于形态聚类或重复合并,1,参与形态聚类候选: same_stage_clock
E:\压裂窜扰项目\02 规范化\泸208H2\泸208H2 邻井压力监测\泸208H2-4-19段压裂施工-3井压力监测.xlsx,1,已用于形态聚类或重复合并,1,参与形态聚类候选: same_stage_clock
E:\压裂窜扰项目\02 规范化\泸208H2\泸208H2 邻井压力监测\泸208H2-4-22段压裂施工-3井压力监测.xlsx,1,已用于形态聚类或重复合并,1,参与形态聚类候选: same_stage_clock
E:\压裂窜扰项目\02 规范化\泸208H2\泸208H2 邻井压力监测\泸208H2-4-2段压裂施工-5井压力监测.xlsx,1,已用于形态聚类或重复合并,1,参与形态聚类候选: same_stage_clock
E:\压裂窜扰项目\02 规范化\泸208H2\泸208H2 邻井压力监测\泸208H2-4-3段压裂施工-5井压力监测.xlsx,1,已用于形态聚类或重复合并,1,参与形态聚类候选: same_stage_clock
E:\压裂窜扰项目\02 规范化\泸208H2\泸208H2 邻井压力监测\泸208H2-4-4段压裂施工-5井压力监测.xlsx,1,已用于形态聚类或重复合并,1,参与形态聚类候选: same_stage_clock
E:\压裂窜扰项目\02 规范化\泸208H2\泸208H2 邻井压力监测\泸208H2-4-5段压裂施工-5井压力监测.xlsx,1,已用于形态聚类或重复合并,1,参与形态聚类候选: same_stage_clock
E:\压裂窜扰项目\02 规范化\泸208H2\泸208H2 邻井压力监测\泸208H2-4-7段压裂施工-5井压力监测.xlsx,1,已用于形态聚类或重复合并,1,参与形态聚类候选: same_stage_clock
E:\压裂窜扰项目\02 规范化\泸208H2\泸208H2 邻井压力监测\泸208H2-4-8段压裂施工-5井压力监测.xlsx,1,已用于形态聚类或重复合并,1,参与形态聚类候选: same_stage_clock
E:\压裂窜扰项目\02 规范化\泸208H2\泸208H2 邻井压力监测\泸208H2-4井-MATLAB.xlsx,13,已用于形态聚类或重复合并,13,重复或补充片段已合并: 相同事件/通道且压力一致，仅计一个样本
E:\压裂窜扰项目\02 规范化\泸208H2\泸208H2 邻井压力监测\泸208H2-5-10段压裂施工-3井压力监测.xlsx,1,已用于形态聚类或重复合并,1,参与形态聚类候选: same_stage_clock
E:\压裂窜扰项目\02 规范化\泸208H2\泸208H2 邻井压力监测\泸208H2-5-12段压裂施工-3井压力监测.xlsx,1,已用于形态聚类或重复合并,1,参与形态聚类候选: same_stage_clock
E:\压裂窜扰项目\02 规范化\泸208H2\泸208H2 邻井压力监测\泸208H2-5-13段压裂施工-4井压力监测.xlsx,1,已用于形态聚类或重复合并,1,参与形态聚类候选: same_stage_clock
E:\压裂窜扰项目\02 规范化\泸208H2\泸208H2 邻井压力监测\泸208H2-5-15段压裂施工-3井压力监测.xlsx,1,已用于形态聚类或重复合并,1,参与形态聚类候选: same_stage_clock
E:\压裂窜扰项目\02 规范化\泸208H2\泸208H2 邻井压力监测\泸208H2-5-16段压裂施工-3井压力监测.xlsx,1,已用于形态聚类或重复合并,1,参与形态聚类候选: same_stage_clock
E:\压裂窜扰项目\02 规范化\泸208H2\泸208H2 邻井压力监测\泸208H2-5-17段压裂施工-3井压力监测.xlsx,1,已用于形态聚类或重复合并,1,参与形态聚类候选: same_stage_clock
E:\压裂窜扰项目\02 规范化\泸208H2\泸208H2 邻井压力监测\泸208H2-5-17段压裂施工-4井压力监测.xlsx,1,已用于形态聚类或重复合并,1,参与形态聚类候选: same_stage_clock
E:\压裂窜扰项目\02 规范化\泸208H2\泸208H2 邻井压力监测\泸208H2-5-2段压裂施工-4井压力监测.xlsx,1,已用于形态聚类或重复合并,1,参与形态聚类候选: same_stage_clock
E:\压裂窜扰项目\02 规范化\泸208H2\泸208H2 邻井压力监测\泸208H2-5-3段压裂施工-4井压力监测.xlsx,1,已用于形态聚类或重复合并,1,参与形态聚类候选: same_stage_clock
E:\压裂窜扰项目\02 规范化\泸208H2\泸208H2 邻井压力监测\泸208H2-5-4段压裂施工-3井压力监测.xlsx,1,已用于形态聚类或重复合并,1,参与形态聚类候选: same_stage_clock
E:\压裂窜扰项目\02 规范化\泸208H2\泸208H2 邻井压力监测\泸208H2-5-5段压裂施工-4井压力监测.xlsx,1,已用于形态聚类或重复合并,1,参与形态聚类候选: same_stage_clock
E:\压裂窜扰项目\02 规范化\泸208H2\泸208H2 邻井压力监测\泸208H2-5-7段压裂施工-4井压力监测.xlsx,1,已用于形态聚类或重复合并,1,参与形态聚类候选: same_stage_clock
E:\压裂窜扰项目\02 规范化\泸208H2\泸208H2 邻井压力监测\泸208H2-5井-MATLAB.xlsx,12,已用于形态聚类或重复合并,12,重复或补充片段已合并: 相同事件/通道且压力一致，仅计一个样本
E:\压裂窜扰项目\02 规范化\泸208H2\泸208H2 邻井压力监测\泸208H2-6-10段压裂施工-7井压力监测.xlsx,1,已用于形态聚类或重复合并,1,参与形态聚类候选: same_stage_clock
E:\压裂窜扰项目\02 规范化\泸208H2\泸208H2 邻井压力监测\泸208H2-6-12段压裂施工-7井压力监测.xlsx,1,已用于形态聚类或重复合并,1,参与形态聚类候选: same_stage_clock
E:\压裂窜扰项目\02 规范化\泸208H2\泸208H2 邻井压力监测\泸208H2-6-13段压裂施工-7井压力监测.xlsx,1,已用于形态聚类或重复合并,1,参与形态聚类候选: same_stage_clock
E:\压裂窜扰项目\02 规范化\泸208H2\泸208H2 邻井压力监测\泸208H2-6-14段压裂施工-7井压力监测.xlsx,1,已用于形态聚类或重复合并,1,参与形态聚类候选: same_stage_clock
E:\压裂窜扰项目\02 规范化\泸208H2\泸208H2 邻井压力监测\泸208H2-6-15段压裂施工-7井压力监测.xlsx,1,已用于形态聚类或重复合并,1,参与形态聚类候选: same_stage_clock
E:\压裂窜扰项目\02 规范化\泸208H2\泸208H2 邻井压力监测\泸208H2-6-22段压裂施工-7井压力监测.xlsx,1,已用于形态聚类或重复合并,1,参与形态聚类候选: same_stage_clock
E:\压裂窜扰项目\02 规范化\泸208H2\泸208H2 邻井压力监测\泸208H2-6-2段压裂施工-7井压力监测.xlsx,1,已用于形态聚类或重复合并,1,参与形态聚类候选: same_stage_clock
E:\压裂窜扰项目\02 规范化\泸208H2\泸208H2 邻井压力监测\泸208H2-6-3段压裂施工-7井压力监测.xlsx,1,已用于形态聚类或重复合并,1,参与形态聚类候选: same_stage_clock
E:\压裂窜扰项目\02 规范化\泸208H2\泸208H2 邻井压力监测\泸208H2-6-4段压裂施工-7井压力监测.xlsx,1,已用于形态聚类或重复合并,1,参与形态聚类候选: same_stage_clock
E:\压裂窜扰项目\02 规范化\泸208H2\泸208H2 邻井压力监测\泸208H2-6-4段压裂施工-8井压力监测.xlsx,1,已用于形态聚类或重复合并,1,参与形态聚类候选: same_stage_clock
E:\压裂窜扰项目\02 规范化\泸208H2\泸208H2 邻井压力监测\泸208H2-6-5段压裂施工-7井压力监测.xlsx,1,已用于形态聚类或重复合并,1,参与形态聚类候选: same_stage_clock
E:\压裂窜扰项目\02 规范化\泸208H2\泸208H2 邻井压力监测\泸208H2-6-6段压裂施工-7井压力监测.xlsx,1,已用于形态聚类或重复合并,1,参与形态聚类候选: same_stage_clock
E:\压裂窜扰项目\02 规范化\泸208H2\泸208H2 邻井压力监测\泸208H2-6-6段压裂施工-8井压力监测.xlsx,1,已用于形态聚类或重复合并,1,参与形态聚类候选: same_stage_clock
E:\压裂窜扰项目\02 规范化\泸208H2\泸208H2 邻井压力监测\泸208H2-6-7段压裂施工-7井压力监测.xlsx,1,已用于形态聚类或重复合并,1,参与形态聚类候选: same_stage_clock
E:\压裂窜扰项目\02 规范化\泸208H2\泸208H2 邻井压力监测\泸208H2-6-7段压裂施工-8井压力监测.xlsx,1,已用于形态聚类或重复合并,1,参与形态聚类候选: same_stage_clock
E:\压裂窜扰项目\02 规范化\泸208H2\泸208H2 邻井压力监测\泸208H2-6-8段压裂施工-7井压力监测.xlsx,1,已用于形态聚类或重复合并,1,参与形态聚类候选: same_stage_clock
E:\压裂窜扰项目\02 规范化\泸208H2\泸208H2 邻井压力监测\泸208H2-6-8段压裂施工-8井压力监测.xlsx,1,已用于形态聚类或重复合并,1,参与形态聚类候选: same_stage_clock
E:\压裂窜扰项目\02 规范化\泸208H2\泸208H2 邻井压力监测\泸208H2-6-9段压裂施工-7井压力监测.xlsx,1,已用于形态聚类或重复合并,1,参与形态聚类候选: same_stage_clock
E:\压裂窜扰项目\02 规范化\泸208H2\泸208H2 邻井压力监测\泸208H2-6-9段压裂施工-8井压力监测.xlsx,1,已用于形态聚类或重复合并,1,参与形态聚类候选: same_stage_clock
E:\压裂窜扰项目\02 规范化\泸208H2\泸208H2 邻井压力监测\泸208H2-6井-MATLAB.xlsx,19,已用于形态聚类或重复合并,19,重复或补充片段已合并: 相同事件/通道且压力一致，仅计一个样本
E:\压裂窜扰项目\02 规范化\泸208H2\泸208H2 邻井压力监测\泸208H2-7-10段压裂施工-6井压力监测.xlsx,1,已用于形态聚类或重复合并,1,参与形态聚类候选: same_stage_clock
E:\压裂窜扰项目\02 规范化\泸208H2\泸208H2 邻井压力监测\泸208H2-7-11段压裂施工-6井压力监测.xlsx,1,已用于形态聚类或重复合并,1,参与形态聚类候选: same_stage_clock
E:\压裂窜扰项目\02 规范化\泸208H2\泸208H2 邻井压力监测\泸208H2-7-12段压裂施工-6井压力监测.xlsx,1,已用于形态聚类或重复合并,1,参与形态聚类候选: same_stage_clock
E:\压裂窜扰项目\02 规范化\泸208H2\泸208H2 邻井压力监测\泸208H2-7-13段压裂施工-6井压力监测.xlsx,1,已用于形态聚类或重复合并,1,参与形态聚类候选: same_stage_clock
E:\压裂窜扰项目\02 规范化\泸208H2\泸208H2 邻井压力监测\泸208H2-7-14段压裂施工-6井压力监测.xlsx,1,已用于形态聚类或重复合并,1,参与形态聚类候选: same_stage_clock
E:\压裂窜扰项目\02 规范化\泸208H2\泸208H2 邻井压力监测\泸208H2-7-14段压裂施工-8井压力监测.xlsx,1,已用于形态聚类或重复合并,1,参与形态聚类候选: same_stage_clock
E:\压裂窜扰项目\02 规范化\泸208H2\泸208H2 邻井压力监测\泸208H2-7-15段压裂施工-6井压力监测.xlsx,1,已用于形态聚类或重复合并,1,参与形态聚类候选: same_stage_clock
E:\压裂窜扰项目\02 规范化\泸208H2\泸208H2 邻井压力监测\泸208H2-7-16段压裂施工-6井压力监测.xlsx,1,已用于形态聚类或重复合并,1,参与形态聚类候选: same_stage_clock
E:\压裂窜扰项目\02 规范化\泸208H2\泸208H2 邻井压力监测\泸208H2-7-16段压裂施工-8井压力监测.xlsx,1,已用于形态聚类或重复合并,1,参与形态聚类候选: same_stage_clock
E:\压裂窜扰项目\02 规范化\泸208H2\泸208H2 邻井压力监测\泸208H2-7-17段压裂施工-8井压力监测.xlsx,1,已用于形态聚类或重复合并,1,参与形态聚类候选: same_stage_clock
E:\压裂窜扰项目\02 规范化\泸208H2\泸208H2 邻井压力监测\泸208H2-7-18段压裂施工-6井压力监测.xlsx,1,已用于形态聚类或重复合并,1,参与形态聚类候选: same_stage_clock
E:\压裂窜扰项目\02 规范化\泸208H2\泸208H2 邻井压力监测\泸208H2-7-18段压裂施工-8井压力监测.xlsx,1,已用于形态聚类或重复合并,1,参与形态聚类候选: same_stage_clock
E:\压裂窜扰项目\02 规范化\泸208H2\泸208H2 邻井压力监测\泸208H2-7-21段压裂施工-6井压力监测.xlsx,1,已用于形态聚类或重复合并,1,参与形态聚类候选: same_stage_clock
E:\压裂窜扰项目\02 规范化\泸208H2\泸208H2 邻井压力监测\泸208H2-7-21段压裂施工-8井压力监测.xlsx,1,已用于形态聚类或重复合并,1,参与形态聚类候选: same_stage_clock
E:\压裂窜扰项目\02 规范化\泸208H2\泸208H2 邻井压力监测\泸208H2-7-22段压裂施工-6井压力监测.xlsx,1,已用于形态聚类或重复合并,1,参与形态聚类候选: same_stage_clock
E:\压裂窜扰项目\02 规范化\泸208H2\泸208H2 邻井压力监测\泸208H2-7-2段压裂施工-6井压力监测.xlsx,1,已用于形态聚类或重复合并,1,参与形态聚类候选: same_stage_clock
E:\压裂窜扰项目\02 规范化\泸208H2\泸208H2 邻井压力监测\泸208H2-7-2段压裂施工-8井压力监测.xlsx,1,已用于形态聚类或重复合并,1,参与形态聚类候选: same_stage_clock
E:\压裂窜扰项目\02 规范化\泸208H2\泸208H2 邻井压力监测\泸208H2-7-3段压裂施工-6井压力监测.xlsx,1,已用于形态聚类或重复合并,1,参与形态聚类候选: same_stage_clock
E:\压裂窜扰项目\02 规范化\泸208H2\泸208H2 邻井压力监测\泸208H2-7-3段压裂施工-8井压力监测.xlsx,1,已用于形态聚类或重复合并,1,参与形态聚类候选: same_stage_clock
E:\压裂窜扰项目\02 规范化\泸208H2\泸208H2 邻井压力监测\泸208H2-7-4段压裂施工-6井压力监测.xlsx,1,已用于形态聚类或重复合并,1,参与形态聚类候选: same_stage_clock
E:\压裂窜扰项目\02 规范化\泸208H2\泸208H2 邻井压力监测\泸208H2-7-4段压裂施工-8井压力监测.xlsx,1,已用于形态聚类或重复合并,1,参与形态聚类候选: same_stage_clock
E:\压裂窜扰项目\02 规范化\泸208H2\泸208H2 邻井压力监测\泸208H2-7-5段压裂施工-6井压力监测.xlsx,1,已用于形态聚类或重复合并,1,参与形态聚类候选: same_stage_clock
E:\压裂窜扰项目\02 规范化\泸208H2\泸208H2 邻井压力监测\泸208H2-7-5段压裂施工-8井压力监测.xlsx,1,已用于形态聚类或重复合并,1,参与形态聚类候选: same_stage_clock
E:\压裂窜扰项目\02 规范化\泸208H2\泸208H2 邻井压力监测\泸208H2-7-6段压裂施工-8井压力监测.xlsx,1,已用于形态聚类或重复合并,1,参与形态聚类候选: same_stage_clock
E:\压裂窜扰项目\02 规范化\泸208H2\泸208H2 邻井压力监测\泸208H2-7-8段压裂施工-6井压力监测.xlsx,1,已用于形态聚类或重复合并,1,参与形态聚类候选: same_stage_clock
E:\压裂窜扰项目\02 规范化\泸208H2\泸208H2 邻井压力监测\泸208H2-7-8段压裂施工-8井压力监测.xlsx,1,已用于形态聚类或重复合并,1,参与形态聚类候选: same_stage_clock
E:\压裂窜扰项目\02 规范化\泸208H2\泸208H2 邻井压力监测\泸208H2-7-9段压裂施工-6井压力监测.xlsx,1,已用于形态聚类或重复合并,1,参与形态聚类候选: same_stage_clock
E:\压裂窜扰项目\02 规范化\泸208H2\泸208H2 邻井压力监测\泸208H2-7-9段压裂施工-8井压力监测.xlsx,1,已用于形态聚类或重复合并,1,参与形态聚类候选: same_stage_clock
E:\压裂窜扰项目\02 规范化\泸208H2\泸208H2 邻井压力监测\泸208H2-7井-MATLAB.xlsx,28,已用于形态聚类或重复合并,28,重复或补充片段已合并: 相同事件/通道且压力一致，仅计一个样本
E:\压裂窜扰项目\02 规范化\泸208H2\泸208H2 邻井压力监测\泸208H2-8-10段压裂施工-10井压力监测.xlsx,1,已用于形态聚类或重复合并,1,参与形态聚类候选: same_stage_clock
E:\压裂窜扰项目\02 规范化\泸208H2\泸208H2 邻井压力监测\泸208H2-8-10段压裂施工-9井压力监测.xlsx,1,已用于形态聚类或重复合并,1,参与形态聚类候选: same_stage_clock
E:\压裂窜扰项目\02 规范化\泸208H2\泸208H2 邻井压力监测\泸208H2-8-11段压裂施工-10井压力监测.xlsx,1,已用于形态聚类或重复合并,1,参与形态聚类候选: same_stage_clock
E:\压裂窜扰项目\02 规范化\泸208H2\泸208H2 邻井压力监测\泸208H2-8-11段压裂施工-9井压力监测.xlsx,1,已用于形态聚类或重复合并,1,参与形态聚类候选: same_stage_clock
E:\压裂窜扰项目\02 规范化\泸208H2\泸208H2 邻井压力监测\泸208H2-8-12段压裂施工-10井压力监测.xlsx,1,已用于形态聚类或重复合并,1,参与形态聚类候选: same_stage_clock
E:\压裂窜扰项目\02 规范化\泸208H2\泸208H2 邻井压力监测\泸208H2-8-12段压裂施工-7井压力监测.xlsx,1,已用于形态聚类或重复合并,1,参与形态聚类候选: same_stage_clock
E:\压裂窜扰项目\02 规范化\泸208H2\泸208H2 邻井压力监测\泸208H2-8-12段压裂施工-9井压力监测.xlsx,1,已用于形态聚类或重复合并,1,参与形态聚类候选: same_stage_clock
E:\压裂窜扰项目\02 规范化\泸208H2\泸208H2 邻井压力监测\泸208H2-8-13段压裂施工-7井压力监测.xlsx,1,已用于形态聚类或重复合并,1,参与形态聚类候选: same_stage_clock
E:\压裂窜扰项目\02 规范化\泸208H2\泸208H2 邻井压力监测\泸208H2-8-13段压裂施工-9井压力监测.xlsx,1,已用于形态聚类或重复合并,1,参与形态聚类候选: same_stage_clock
E:\压裂窜扰项目\02 规范化\泸208H2\泸208H2 邻井压力监测\泸208H2-8-14段压裂施工-9井压力监测.xlsx,1,已用于形态聚类或重复合并,1,参与形态聚类候选: same_stage_clock
E:\压裂窜扰项目\02 规范化\泸208H2\泸208H2 邻井压力监测\泸208H2-8-15段压裂施工-9井压力监测.xlsx,1,已用于形态聚类或重复合并,1,参与形态聚类候选: same_stage_clock
E:\压裂窜扰项目\02 规范化\泸208H2\泸208H2 邻井压力监测\泸208H2-8-16段压裂施工-9井压力监测.xlsx,1,已用于形态聚类或重复合并,1,参与形态聚类候选: same_stage_clock
E:\压裂窜扰项目\02 规范化\泸208H2\泸208H2 邻井压力监测\泸208H2-8-18段压裂施工-9井压力监测.xlsx,1,已用于形态聚类或重复合并,1,参与形态聚类候选: same_stage_clock
E:\压裂窜扰项目\02 规范化\泸208H2\泸208H2 邻井压力监测\泸208H2-8-1段压裂施工-7井压力监测.xlsx,1,已用于形态聚类或重复合并,1,参与形态聚类候选: same_stage_clock
E:\压裂窜扰项目\02 规范化\泸208H2\泸208H2 邻井压力监测\泸208H2-8-2段压裂施工-6井压力监测.xlsx,1,已用于形态聚类或重复合并,1,参与形态聚类候选: same_stage_clock
E:\压裂窜扰项目\02 规范化\泸208H2\泸208H2 邻井压力监测\泸208H2-8-2段压裂施工-7井压力监测.xlsx,1,已用于形态聚类或重复合并,1,参与形态聚类候选: same_stage_clock
E:\压裂窜扰项目\02 规范化\泸208H2\泸208H2 邻井压力监测\泸208H2-8-3段压裂施工-6井压力监测.xlsx,1,已用于形态聚类或重复合并,1,参与形态聚类候选: same_stage_clock
E:\压裂窜扰项目\02 规范化\泸208H2\泸208H2 邻井压力监测\泸208H2-8-3段压裂施工-7井压力监测.xlsx,1,已用于形态聚类或重复合并,1,参与形态聚类候选: same_stage_clock
E:\压裂窜扰项目\02 规范化\泸208H2\泸208H2 邻井压力监测\泸208H2-8-3段压裂施工-9井压力监测.xlsx,1,已用于形态聚类或重复合并,1,参与形态聚类候选: same_stage_clock
E:\压裂窜扰项目\02 规范化\泸208H2\泸208H2 邻井压力监测\泸208H2-8-4段压裂施工-6井压力监测.xlsx,1,已用于形态聚类或重复合并,1,参与形态聚类候选: same_stage_clock
E:\压裂窜扰项目\02 规范化\泸208H2\泸208H2 邻井压力监测\泸208H2-8-4段压裂施工-7井压力监测.xlsx,1,已用于形态聚类或重复合并,1,参与形态聚类候选: same_stage_clock
E:\压裂窜扰项目\02 规范化\泸208H2\泸208H2 邻井压力监测\泸208H2-8-4段压裂施工-9井压力监测.xlsx,1,已用于形态聚类或重复合并,1,参与形态聚类候选: same_stage_clock
E:\压裂窜扰项目\02 规范化\泸208H2\泸208H2 邻井压力监测\泸208H2-8-5段压裂施工-7井压力监测.xlsx,1,已用于形态聚类或重复合并,1,参与形态聚类候选: same_stage_clock
E:\压裂窜扰项目\02 规范化\泸208H2\泸208H2 邻井压力监测\泸208H2-8-5段压裂施工-9井压力监测.xlsx,1,已用于形态聚类或重复合并,1,参与形态聚类候选: same_stage_clock
E:\压裂窜扰项目\02 规范化\泸208H2\泸208H2 邻井压力监测\泸208H2-8-6段压裂施工-7井压力监测.xlsx,1,已用于形态聚类或重复合并,1,参与形态聚类候选: same_stage_clock
E:\压裂窜扰项目\02 规范化\泸208H2\泸208H2 邻井压力监测\泸208H2-8-7段压裂施工-7井压力监测.xlsx,1,已用于形态聚类或重复合并,1,参与形态聚类候选: same_stage_clock
E:\压裂窜扰项目\02 规范化\泸208H2\泸208H2 邻井压力监测\泸208H2-8-7段压裂施工-9井压力监测.xlsx,1,已用于形态聚类或重复合并,1,参与形态聚类候选: same_stage_clock
E:\压裂窜扰项目\02 规范化\泸208H2\泸208H2 邻井压力监测\泸208H2-8-8段压裂施工-10井压力监测.xlsx,1,已用于形态聚类或重复合并,1,参与形态聚类候选: same_stage_clock
E:\压裂窜扰项目\02 规范化\泸208H2\泸208H2 邻井压力监测\泸208H2-8-8段压裂施工-7井压力监测.xlsx,1,已用于形态聚类或重复合并,1,参与形态聚类候选: same_stage_clock
E:\压裂窜扰项目\02 规范化\泸208H2\泸208H2 邻井压力监测\泸208H2-8-8段压裂施工-9井压力监测.xlsx,1,已用于形态聚类或重复合并,1,参与形态聚类候选: same_stage_clock
E:\压裂窜扰项目\02 规范化\泸208H2\泸208H2 邻井压力监测\泸208H2-8-9段压裂施工-10井压力监测.xlsx,1,已用于形态聚类或重复合并,1,参与形态聚类候选: same_stage_clock
E:\压裂窜扰项目\02 规范化\泸208H2\泸208H2 邻井压力监测\泸208H2-8-9段压裂施工-7井压力监测.xlsx,1,已用于形态聚类或重复合并,1,参与形态聚类候选: same_stage_clock
E:\压裂窜扰项目\02 规范化\泸208H2\泸208H2 邻井压力监测\泸208H2-8-9段压裂施工-9井压力监测.xlsx,1,已用于形态聚类或重复合并,1,参与形态聚类候选: same_stage_clock
E:\压裂窜扰项目\02 规范化\泸208H2\泸208H2 邻井压力监测\泸208H2-8井-MATLAB.xlsx,33,已用于形态聚类或重复合并,33,重复或补充片段已合并: 相同事件/通道且压力一致，仅计一个样本
E:\压裂窜扰项目\02 规范化\泸208H2\泸208H2 邻井压力监测\泸208H2-9-10段压裂施工-10井压力监测.xlsx,1,已用于形态聚类或重复合并,1,参与形态聚类候选: same_stage_clock
E:\压裂窜扰项目\02 规范化\泸208H2\泸208H2 邻井压力监测\泸208H2-9-10段压裂施工-7井压力监测.xlsx,1,已用于形态聚类或重复合并,1,参与形态聚类候选: same_stage_clock
E:\压裂窜扰项目\02 规范化\泸208H2\泸208H2 邻井压力监测\泸208H2-9-10段压裂施工-8井压力监测.xlsx,1,已用于形态聚类或重复合并,1,参与形态聚类候选: same_stage_clock
E:\压裂窜扰项目\02 规范化\泸208H2\泸208H2 邻井压力监测\泸208H2-9-11段压裂施工-10井压力监测.xlsx,1,已用于形态聚类或重复合并,1,参与形态聚类候选: same_stage_clock
E:\压裂窜扰项目\02 规范化\泸208H2\泸208H2 邻井压力监测\泸208H2-9-11段压裂施工-7井压力监测.xlsx,1,已用于形态聚类或重复合并,1,参与形态聚类候选: same_stage_clock
E:\压裂窜扰项目\02 规范化\泸208H2\泸208H2 邻井压力监测\泸208H2-9-11段压裂施工-8井压力监测.xlsx,1,已用于形态聚类或重复合并,1,参与形态聚类候选: same_stage_clock
E:\压裂窜扰项目\02 规范化\泸208H2\泸208H2 邻井压力监测\泸208H2-9-12段压裂施工-10井压力监测.xlsx,1,已用于形态聚类或重复合并,1,参与形态聚类候选: same_stage_clock
E:\压裂窜扰项目\02 规范化\泸208H2\泸208H2 邻井压力监测\泸208H2-9-12段压裂施工-8井压力监测.xlsx,1,已用于形态聚类或重复合并,1,参与形态聚类候选: same_stage_clock
E:\压裂窜扰项目\02 规范化\泸208H2\泸208H2 邻井压力监测\泸208H2-9-13段压裂施工-10井压力监测.xlsx,1,已用于形态聚类或重复合并,1,参与形态聚类候选: same_stage_clock
E:\压裂窜扰项目\02 规范化\泸208H2\泸208H2 邻井压力监测\泸208H2-9-13段压裂施工-8井压力监测.xlsx,1,已用于形态聚类或重复合并,1,参与形态聚类候选: same_stage_clock
E:\压裂窜扰项目\02 规范化\泸208H2\泸208H2 邻井压力监测\泸208H2-9-14段压裂施工-10井压力监测.xlsx,1,已用于形态聚类或重复合并,1,参与形态聚类候选: same_stage_clock
E:\压裂窜扰项目\02 规范化\泸208H2\泸208H2 邻井压力监测\泸208H2-9-14段压裂施工-8井压力监测.xlsx,1,已用于形态聚类或重复合并,1,参与形态聚类候选: same_stage_clock
E:\压裂窜扰项目\02 规范化\泸208H2\泸208H2 邻井压力监测\泸208H2-9-15段压裂施工-10井压力监测.xlsx,1,已用于形态聚类或重复合并,1,参与形态聚类候选: same_stage_clock
E:\压裂窜扰项目\02 规范化\泸208H2\泸208H2 邻井压力监测\泸208H2-9-15段压裂施工-8井压力监测.xlsx,1,已用于形态聚类或重复合并,1,参与形态聚类候选: same_stage_clock
E:\压裂窜扰项目\02 规范化\泸208H2\泸208H2 邻井压力监测\泸208H2-9-16段压裂施工-10井压力监测.xlsx,1,已用于形态聚类或重复合并,1,参与形态聚类候选: same_stage_clock
E:\压裂窜扰项目\02 规范化\泸208H2\泸208H2 邻井压力监测\泸208H2-9-16段压裂施工-8井压力监测.xlsx,1,已用于形态聚类或重复合并,1,参与形态聚类候选: same_stage_clock
E:\压裂窜扰项目\02 规范化\泸208H2\泸208H2 邻井压力监测\泸208H2-9-17段压裂施工-10井压力监测.xlsx,1,已用于形态聚类或重复合并,1,参与形态聚类候选: same_stage_clock
E:\压裂窜扰项目\02 规范化\泸208H2\泸208H2 邻井压力监测\泸208H2-9-17段压裂施工-8井压力监测.xlsx,1,已用于形态聚类或重复合并,1,参与形态聚类候选: same_stage_clock
E:\压裂窜扰项目\02 规范化\泸208H2\泸208H2 邻井压力监测\泸208H2-9-18段压裂施工-10井压力监测.xlsx,1,已用于形态聚类或重复合并,1,参与形态聚类候选: same_stage_clock
E:\压裂窜扰项目\02 规范化\泸208H2\泸208H2 邻井压力监测\泸208H2-9-18段压裂施工-8井压力监测.xlsx,1,已用于形态聚类或重复合并,1,参与形态聚类候选: same_stage_clock
E:\压裂窜扰项目\02 规范化\泸208H2\泸208H2 邻井压力监测\泸208H2-9-19段压裂施工-10井压力监测.xlsx,1,已用于形态聚类或重复合并,1,参与形态聚类候选: same_stage_clock
E:\压裂窜扰项目\02 规范化\泸208H2\泸208H2 邻井压力监测\泸208H2-9-19段压裂施工-8井压力监测.xlsx,1,已用于形态聚类或重复合并,1,参与形态聚类候选: same_stage_clock
E:\压裂窜扰项目\02 规范化\泸208H2\泸208H2 邻井压力监测\泸208H2-9-20段压裂施工-10井压力监测.xlsx,1,已用于形态聚类或重复合并,1,参与形态聚类候选: same_stage_clock
E:\压裂窜扰项目\02 规范化\泸208H2\泸208H2 邻井压力监测\泸208H2-9-20段压裂施工-8井压力监测.xlsx,1,已用于形态聚类或重复合并,1,参与形态聚类候选: same_stage_clock
E:\压裂窜扰项目\02 规范化\泸208H2\泸208H2 邻井压力监测\泸208H2-9-21段压裂施工-10井压力监测.xlsx,1,已用于形态聚类或重复合并,1,参与形态聚类候选: same_stage_clock
E:\压裂窜扰项目\02 规范化\泸208H2\泸208H2 邻井压力监测\泸208H2-9-21段压裂施工-8井压力监测.xlsx,1,已用于形态聚类或重复合并,1,参与形态聚类候选: same_stage_clock
E:\压裂窜扰项目\02 规范化\泸208H2\泸208H2 邻井压力监测\泸208H2-9-22段压裂施工-10井压力监测.xlsx,1,已用于形态聚类或重复合并,1,参与形态聚类候选: same_stage_clock
E:\压裂窜扰项目\02 规范化\泸208H2\泸208H2 邻井压力监测\泸208H2-9-22段压裂施工-8井压力监测.xlsx,1,已用于形态聚类或重复合并,1,参与形态聚类候选: same_stage_clock
E:\压裂窜扰项目\02 规范化\泸208H2\泸208H2 邻井压力监测\泸208H2-9-3段压裂施工-10井压力监测.xlsx,1,已用于形态聚类或重复合并,1,参与形态聚类候选: same_stage_clock
E:\压裂窜扰项目\02 规范化\泸208H2\泸208H2 邻井压力监测\泸208H2-9-4段压裂施工-10井压力监测.xlsx,1,已用于形态聚类或重复合并,1,参与形态聚类候选: same_stage_clock
E:\压裂窜扰项目\02 规范化\泸208H2\泸208H2 邻井压力监测\泸208H2-9-4段压裂施工-8井压力监测.xlsx,1,已用于形态聚类或重复合并,1,参与形态聚类候选: same_stage_clock
E:\压裂窜扰项目\02 规范化\泸208H2\泸208H2 邻井压力监测\泸208H2-9-5段压裂施工-10井压力监测.xlsx,1,已用于形态聚类或重复合并,1,参与形态聚类候选: same_stage_clock
E:\压裂窜扰项目\02 规范化\泸208H2\泸208H2 邻井压力监测\泸208H2-9-5段压裂施工-8井压力监测.xlsx,1,已用于形态聚类或重复合并,1,参与形态聚类候选: same_stage_clock
E:\压裂窜扰项目\02 规范化\泸208H2\泸208H2 邻井压力监测\泸208H2-9-6段压裂施工-10井压力监测.xlsx,1,已用于形态聚类或重复合并,1,参与形态聚类候选: same_stage_clock
E:\压裂窜扰项目\02 规范化\泸208H2\泸208H2 邻井压力监测\泸208H2-9-6段压裂施工-8井压力监测.xlsx,1,已用于形态聚类或重复合并,1,参与形态聚类候选: same_stage_clock
E:\压裂窜扰项目\02 规范化\泸208H2\泸208H2 邻井压力监测\泸208H2-9-7段压裂施工-10井压力监测.xlsx,1,已用于形态聚类或重复合并,1,参与形态聚类候选: same_stage_clock
E:\压裂窜扰项目\02 规范化\泸208H2\泸208H2 邻井压力监测\泸208H2-9-7段压裂施工-8井压力监测.xlsx,1,已用于形态聚类或重复合并,1,参与形态聚类候选: same_stage_clock
E:\压裂窜扰项目\02 规范化\泸208H2\泸208H2 邻井压力监测\泸208H2-9-8段压裂施工-10井压力监测.xlsx,1,已用于形态聚类或重复合并,1,参与形态聚类候选: same_stage_clock
E:\压裂窜扰项目\02 规范化\泸208H2\泸208H2 邻井压力监测\泸208H2-9-8段压裂施工-8井压力监测.xlsx,1,已用于形态聚类或重复合并,1,参与形态聚类候选: same_stage_clock
E:\压裂窜扰项目\02 规范化\泸208H2\泸208H2 邻井压力监测\泸208H2-9-9段压裂施工-10井压力监测.xlsx,1,已用于形态聚类或重复合并,1,参与形态聚类候选: same_stage_clock
E:\压裂窜扰项目\02 规范化\泸208H2\泸208H2 邻井压力监测\泸208H2-9-9段压裂施工-7井压力监测.xlsx,1,已用于形态聚类或重复合并,1,参与形态聚类候选: same_stage_clock
E:\压裂窜扰项目\02 规范化\泸208H2\泸208H2 邻井压力监测\泸208H2-9-9段压裂施工-8井压力监测.xlsx,1,已用于形态聚类或重复合并,1,参与形态聚类候选: same_stage_clock
E:\压裂窜扰项目\02 规范化\泸208H2\泸208H2 邻井压力监测\泸208H2-9井-MATLAB.xlsx,42,已用于形态聚类或重复合并,42,重复或补充片段已合并: 相同事件/通道且压力一致，仅计一个样本
E:\压裂窜扰项目\02 规范化\阳101H25\阳101H25 邻井压力监测\邻井压力监测数据_6井第19段压裂期间5井套压秒点数据.csv,0,未形成聚类样本,0,非时序统计/施工表、空表、无法解析或时间压力配对尚不可靠，详见逐工作表审计
E:\压裂窜扰项目\02 规范化\阳101H25\阳101H25 邻井压力监测\阳101H25-2井4井压裂期间秒点.xlsx,1,已用于形态聚类或重复合并,1,参与形态聚类候选: observed_file_window
E:\压裂窜扰项目\02 规范化\阳101H25\阳101H25 邻井压力监测\阳101H25_邻井压力监测数据_邻井压力监测数据_压窜模板1井.xlsx,37,已用于形态聚类或重复合并,26,施工井自身压力: 源井与监测井相同；非压力变量: 仅压力曲线进入聚类；参与形态聚类候选: observed_file_window
E:\压裂窜扰项目\02 规范化\阳101H31\阳101H31 邻井压力监测\1井_10_6日10点41至18点59分点数据(1).xls,2,已用于形态聚类或重复合并,2,参与形态聚类候选: observed_file_window
E:\压裂窜扰项目\02 规范化\阳101H31\阳101H31 邻井压力监测\1井_10_6日10点41至18点59秒点数据(1).xls,2,已用于形态聚类或重复合并,2,重复或补充片段已合并: 相同事件/通道且压力一致，仅计一个样本
E:\压裂窜扰项目\02 规范化\阳101H31\阳101H31 邻井压力监测\1井_11_2025.5.7分点.xls,2,已用于形态聚类或重复合并,2,参与形态聚类候选: observed_file_window
E:\压裂窜扰项目\02 规范化\阳101H31\阳101H31 邻井压力监测\1井_11_2025.5.7秒点.xls,2,已用于形态聚类或重复合并,2,重复或补充片段已合并: 相同事件/通道且压力一致，仅计一个样本
E:\压裂窜扰项目\02 规范化\阳101H31\阳101H31 邻井压力监测\1井_12_2025.5.8分点.xls,2,已用于形态聚类或重复合并,2,参与形态聚类候选: observed_file_window
E:\压裂窜扰项目\02 规范化\阳101H31\阳101H31 邻井压力监测\1井_12_2025.5.8秒点.xls,2,已用于形态聚类或重复合并,2,重复或补充片段已合并: 相同事件/通道且压力一致，仅计一个样本
E:\压裂窜扰项目\02 规范化\阳101H31\阳101H31 邻井压力监测\1井_13_2025.5.9分点.xls,2,已用于形态聚类或重复合并,2,参与形态聚类候选: observed_file_window
E:\压裂窜扰项目\02 规范化\阳101H31\阳101H31 邻井压力监测\1井_13_2025.5.9秒点.xls,2,已用于形态聚类或重复合并,2,重复或补充片段已合并: 相同事件/通道且压力一致，仅计一个样本
E:\压裂窜扰项目\02 规范化\阳101H31\阳101H31 邻井压力监测\1井_14_二井和三井分点数据11.xls,2,已用于形态聚类或重复合并,2,参与形态聚类候选: observed_file_window；重复或补充片段已合并: 相同事件/通道且压力一致，仅计一个样本
E:\压裂窜扰项目\02 规范化\阳101H31\阳101H31 邻井压力监测\1井_14_二井和三井秒点数据11.xls,2,已用于形态聚类或重复合并,2,重复或补充片段已合并: 相同事件/通道且压力一致，仅计一个样本；参与形态聚类候选: observed_file_window
E:\压裂窜扰项目\02 规范化\阳101H31\阳101H31 邻井压力监测\1井_15_2025.5.12分点.xls,2,已用于形态聚类或重复合并,2,参与形态聚类候选: observed_file_window
E:\压裂窜扰项目\02 规范化\阳101H31\阳101H31 邻井压力监测\1井_15_2025.5.12秒点.xls,2,已用于形态聚类或重复合并,2,重复或补充片段已合并: 相同事件/通道且压力一致，仅计一个样本
E:\压裂窜扰项目\02 规范化\阳101H31\阳101H31 邻井压力监测\1井_16_2025.5.13分点.xls,2,已用于形态聚类或重复合并,2,参与形态聚类候选: observed_file_window
E:\压裂窜扰项目\02 规范化\阳101H31\阳101H31 邻井压力监测\1井_16_2025.5.13秒点.xls,2,已用于形态聚类或重复合并,2,重复或补充片段已合并: 相同事件/通道且压力一致，仅计一个样本
E:\压裂窜扰项目\02 规范化\阳101H31\阳101H31 邻井压力监测\1井_17_2025.5.14分点.xls,2,已用于形态聚类或重复合并,2,参与形态聚类候选: observed_file_window
E:\压裂窜扰项目\02 规范化\阳101H31\阳101H31 邻井压力监测\1井_17_2025.5.14秒点.xls,2,已用于形态聚类或重复合并,2,重复或补充片段已合并: 相同事件/通道且压力一致，仅计一个样本
E:\压裂窜扰项目\02 规范化\阳101H31\阳101H31 邻井压力监测\1井_18_2025.5.15分点.xls,2,已用于形态聚类或重复合并,2,参与形态聚类候选: observed_file_window
E:\压裂窜扰项目\02 规范化\阳101H31\阳101H31 邻井压力监测\1井_18_2025.5.15秒点.xls,2,已用于形态聚类或重复合并,2,重复或补充片段已合并: 相同事件/通道且压力一致，仅计一个样本
E:\压裂窜扰项目\02 规范化\阳101H31\阳101H31 邻井压力监测\1井_19_分点.xls,2,已用于形态聚类或重复合并,2,参与形态聚类候选: observed_file_window
E:\压裂窜扰项目\02 规范化\阳101H31\阳101H31 邻井压力监测\1井_19_秒点.xls,2,已用于形态聚类或重复合并,2,重复或补充片段已合并: 相同事件/通道且压力一致，仅计一个样本
E:\压裂窜扰项目\02 规范化\阳101H31\阳101H31 邻井压力监测\1井_20_分点(1).xls,2,已用于形态聚类或重复合并,2,参与形态聚类候选: observed_file_window
E:\压裂窜扰项目\02 规范化\阳101H31\阳101H31 邻井压力监测\1井_20_秒点(1).xls,2,已用于形态聚类或重复合并,2,重复或补充片段已合并: 相同事件/通道且压力一致，仅计一个样本
E:\压裂窜扰项目\02 规范化\阳101H31\阳101H31 邻井压力监测\1井_2_2025.4.16分点数据.xls,2,已用于形态聚类或重复合并,2,参与形态聚类候选: observed_file_window
E:\压裂窜扰项目\02 规范化\阳101H31\阳101H31 邻井压力监测\1井_2_2025.4.16秒点数据.xls,2,已用于形态聚类或重复合并,2,重复或补充片段已合并: 相同事件/通道且压力一致，仅计一个样本
E:\压裂窜扰项目\02 规范化\阳101H31\阳101H31 邻井压力监测\1井_3_2025.4.18分点.xls,2,已用于形态聚类或重复合并,2,参与形态聚类候选: observed_file_window
E:\压裂窜扰项目\02 规范化\阳101H31\阳101H31 邻井压力监测\1井_3_2025.4.18秒点.xls,2,已用于形态聚类或重复合并,2,重复或补充片段已合并: 相同事件/通道且压力一致，仅计一个样本
E:\压裂窜扰项目\02 规范化\阳101H31\阳101H31 邻井压力监测\1井_4_2025年4月21日压裂期间分点数据.xls,2,已用于形态聚类或重复合并,2,参与形态聚类候选: observed_file_window
E:\压裂窜扰项目\02 规范化\阳101H31\阳101H31 邻井压力监测\1井_4_2025年4月21日压裂秒点数据.xls,2,已用于形态聚类或重复合并,2,重复或补充片段已合并: 相同事件/通道且压力一致，仅计一个样本
E:\压裂窜扰项目\02 规范化\阳101H31\阳101H31 邻井压力监测\1井_5_2025年4月23日秒点数据.xls,2,已用于形态聚类或重复合并,2,参与形态聚类候选: observed_file_window
E:\压裂窜扰项目\02 规范化\阳101H31\阳101H31 邻井压力监测\1井_6_2025.4.26分点.xls,2,已用于形态聚类或重复合并,2,参与形态聚类候选: observed_file_window
E:\压裂窜扰项目\02 规范化\阳101H31\阳101H31 邻井压力监测\1井_6_2025.4.26秒点.xls,2,已用于形态聚类或重复合并,2,重复或补充片段已合并: 相同事件/通道且压力一致，仅计一个样本
E:\压裂窜扰项目\02 规范化\阳101H31\阳101H31 邻井压力监测\1井_8_12：07-17：00.xlsx,1,未形成聚类样本,0,过少观测: 少于6点
E:\压裂窜扰项目\02 规范化\阳101H31\阳101H31 邻井压力监测\1井_8_2025.5.2秒点.xls,2,已用于形态聚类或重复合并,2,参与形态聚类候选: observed_file_window
E:\压裂窜扰项目\02 规范化\阳101H31\阳101H31 邻井压力监测\1井_9_2025.5.4秒点1.xls,2,已用于形态聚类或重复合并,2,参与形态聚类候选: observed_file_window
E:\压裂窜扰项目\02 规范化\阳101H31\阳101H31 邻井压力监测\2井_10_2025.5.19分点.xls,2,已用于形态聚类或重复合并,2,参与形态聚类候选: observed_file_window
E:\压裂窜扰项目\02 规范化\阳101H31\阳101H31 邻井压力监测\2井_11_2025.5.20分点.xls,2,已用于形态聚类或重复合并,2,参与形态聚类候选: observed_file_window
E:\压裂窜扰项目\02 规范化\阳101H31\阳101H31 邻井压力监测\2井_12_2025.5.21分点.xls,2,已用于形态聚类或重复合并,2,参与形态聚类候选: observed_file_window
E:\压裂窜扰项目\02 规范化\阳101H31\阳101H31 邻井压力监测\2井_13_2025.5.22分点.xls,2,已用于形态聚类或重复合并,2,参与形态聚类候选: observed_file_window
E:\压裂窜扰项目\02 规范化\阳101H31\阳101H31 邻井压力监测\2井_14_2025.5.25分点.xls,2,已用于形态聚类或重复合并,2,参与形态聚类候选: observed_file_window
E:\压裂窜扰项目\02 规范化\阳101H31\阳101H31 邻井压力监测\2井_15_2025.5.27分点.xls,2,已用于形态聚类或重复合并,2,参与形态聚类候选: observed_file_window
E:\压裂窜扰项目\02 规范化\阳101H31\阳101H31 邻井压力监测\2井_16_2025.5.29分点.xls,2,已用于形态聚类或重复合并,2,参与形态聚类候选: observed_file_window
E:\压裂窜扰项目\02 规范化\阳101H31\阳101H31 邻井压力监测\2井_18_2025.6.2分点.xls,2,已用于形态聚类或重复合并,2,参与形态聚类候选: observed_file_window
E:\压裂窜扰项目\02 规范化\阳101H31\阳101H31 邻井压力监测\2井_19_2025.6.4分点.xls,2,已用于形态聚类或重复合并,2,参与形态聚类候选: observed_file_window
E:\压裂窜扰项目\02 规范化\阳101H31\阳101H31 邻井压力监测\2井_1_1井、4井分点数据.xls,2,已用于形态聚类或重复合并,2,参与形态聚类候选: observed_file_window
E:\压裂窜扰项目\02 规范化\阳101H31\阳101H31 邻井压力监测\2井_1_1井、4井数据.xls,2,已用于形态聚类或重复合并,2,重复或补充片段已合并: 相同事件/通道且压力一致，仅计一个样本
E:\压裂窜扰项目\02 规范化\阳101H31\阳101H31 邻井压力监测\2井_1_1井分点20250411.xls,1,已用于形态聚类或重复合并,1,参与形态聚类候选: observed_file_window
E:\压裂窜扰项目\02 规范化\阳101H31\阳101H31 邻井压力监测\2井_1_1井秒点2025411.xls,1,已用于形态聚类或重复合并,1,重复或补充片段已合并: 相同事件/通道且压力一致，仅计一个样本
E:\压裂窜扰项目\02 规范化\阳101H31\阳101H31 邻井压力监测\2井_2025.4.14秒点.xls,2,已用于形态聚类或重复合并,2,参与形态聚类候选: observed_file_window
E:\压裂窜扰项目\02 规范化\阳101H31\阳101H31 邻井压力监测\2井_2025.4.15秒点数据.xls,2,已用于形态聚类或重复合并,2,参与形态聚类候选: observed_file_window
E:\压裂窜扰项目\02 规范化\阳101H31\阳101H31 邻井压力监测\2井_2025.4.25秒点1.xls,2,已用于形态聚类或重复合并,2,参与形态聚类候选: observed_file_window
E:\压裂窜扰项目\02 规范化\阳101H31\阳101H31 邻井压力监测\2井_2025.4.27秒点.xls,2,已用于形态聚类或重复合并,2,参与形态聚类候选: observed_file_window
E:\压裂窜扰项目\02 规范化\阳101H31\阳101H31 邻井压力监测\2井_2025.4.28秒点.xls,2,已用于形态聚类或重复合并,2,参与形态聚类候选: observed_file_window
E:\压裂窜扰项目\02 规范化\阳101H31\阳101H31 邻井压力监测\2井_2025.4.29秒点(3).xls,2,已用于形态聚类或重复合并,2,参与形态聚类候选: observed_file_window
E:\压裂窜扰项目\02 规范化\阳101H31\阳101H31 邻井压力监测\2井_2025.4.29秒点.xls,2,已用于形态聚类或重复合并,2,重复或补充片段已合并: 相同事件/通道且压力一致，仅计一个样本
E:\压裂窜扰项目\02 规范化\阳101H31\阳101H31 邻井压力监测\2井_2025.5.19秒点.xls,2,已用于形态聚类或重复合并,2,参与形态聚类候选: observed_file_window
E:\压裂窜扰项目\02 规范化\阳101H31\阳101H31 邻井压力监测\2井_2025.5.20秒点.xls,2,已用于形态聚类或重复合并,2,参与形态聚类候选: observed_file_window
E:\压裂窜扰项目\02 规范化\阳101H31\阳101H31 邻井压力监测\2井_2025.5.21秒点数据.xls,2,已用于形态聚类或重复合并,2,参与形态聚类候选: observed_file_window
E:\压裂窜扰项目\02 规范化\阳101H31\阳101H31 邻井压力监测\2井_2025.5.22秒点.xls,2,已用于形态聚类或重复合并,2,参与形态聚类候选: observed_file_window
E:\压裂窜扰项目\02 规范化\阳101H31\阳101H31 邻井压力监测\2井_2025.5.25秒点.xls,2,已用于形态聚类或重复合并,2,参与形态聚类候选: observed_file_window
E:\压裂窜扰项目\02 规范化\阳101H31\阳101H31 邻井压力监测\2井_2025.5.27秒点.xls,2,已用于形态聚类或重复合并,2,参与形态聚类候选: observed_file_window
E:\压裂窜扰项目\02 规范化\阳101H31\阳101H31 邻井压力监测\2井_2025.5.29秒点.xls,2,已用于形态聚类或重复合并,2,参与形态聚类候选: observed_file_window
E:\压裂窜扰项目\02 规范化\阳101H31\阳101H31 邻井压力监测\2井_2025.6.10秒点.xls,2,已用于形态聚类或重复合并,2,参与形态聚类候选: observed_file_window
E:\压裂窜扰项目\02 规范化\阳101H31\阳101H31 邻井压力监测\2井_2025.6.11秒点.xls,2,已用于形态聚类或重复合并,2,参与形态聚类候选: observed_file_window
E:\压裂窜扰项目\02 规范化\阳101H31\阳101H31 邻井压力监测\2井_2025.6.2秒点.xls,2,已用于形态聚类或重复合并,2,参与形态聚类候选: observed_file_window
E:\压裂窜扰项目\02 规范化\阳101H31\阳101H31 邻井压力监测\2井_2025.6.4秒点.xls,2,已用于形态聚类或重复合并,2,参与形态聚类候选: observed_file_window
E:\压裂窜扰项目\02 规范化\阳101H31\阳101H31 邻井压力监测\2井_2025.6.5秒点.xls,2,已用于形态聚类或重复合并,2,参与形态聚类候选: observed_file_window
E:\压裂窜扰项目\02 规范化\阳101H31\阳101H31 邻井压力监测\2井_20_2025.6.5分点.xls,2,已用于形态聚类或重复合并,2,参与形态聚类候选: observed_file_window
E:\压裂窜扰项目\02 规范化\阳101H31\阳101H31 邻井压力监测\2井_2_2025年4月12日分点.xls,2,已用于形态聚类或重复合并,2,参与形态聚类候选: observed_file_window
E:\压裂窜扰项目\02 规范化\阳101H31\阳101H31 邻井压力监测\2井_2_2025年4月12日秒点.xls,2,已用于形态聚类或重复合并,2,重复或补充片段已合并: 相同事件/通道且压力一致，仅计一个样本
E:\压裂窜扰项目\02 规范化\阳101H31\阳101H31 邻井压力监测\2井_2_2025年4月13日分点.xls,2,已用于形态聚类或重复合并,2,参与形态聚类候选: observed_file_window
E:\压裂窜扰项目\02 规范化\阳101H31\阳101H31 邻井压力监测\2井_2_2025年4月13日秒点.xls,2,已用于形态聚类或重复合并,2,重复或补充片段已合并: 相同事件/通道且压力一致，仅计一个样本
E:\压裂窜扰项目\02 规范化\阳101H31\阳101H31 邻井压力监测\2井_3_2025.4.14分点.xls,2,已用于形态聚类或重复合并,2,参与形态聚类候选: observed_file_window
E:\压裂窜扰项目\02 规范化\阳101H31\阳101H31 邻井压力监测\2井_4_2025.4.15分点数据.xls,2,已用于形态聚类或重复合并,2,参与形态聚类候选: observed_file_window
E:\压裂窜扰项目\02 规范化\阳101H31\阳101H31 邻井压力监测\2井_6_2025.4.25分点1.xls,2,已用于形态聚类或重复合并,2,相同数值重复样本已合并: observed_file_window
E:\压裂窜扰项目\02 规范化\阳101H31\阳101H31 邻井压力监测\2井_8_2025.4.28分点.xls,2,已用于形态聚类或重复合并,2,参与形态聚类候选: observed_file_window
E:\压裂窜扰项目\02 规范化\阳101H31\阳101H31 邻井压力监测\3井_10_2025.6.3分点.xls,2,已用于形态聚类或重复合并,2,参与形态聚类候选: observed_file_window
E:\压裂窜扰项目\02 规范化\阳101H31\阳101H31 邻井压力监测\3井_11_2025.6.6分点.xls,2,已用于形态聚类或重复合并,2,参与形态聚类候选: observed_file_window
E:\压裂窜扰项目\02 规范化\阳101H31\阳101H31 邻井压力监测\3井_12_2025.6.7分点.xls,2,已用于形态聚类或重复合并,2,参与形态聚类候选: observed_file_window
E:\压裂窜扰项目\02 规范化\阳101H31\阳101H31 邻井压力监测\3井_13_2025.6.8分点.xls,2,已用于形态聚类或重复合并,2,参与形态聚类候选: observed_file_window
E:\压裂窜扰项目\02 规范化\阳101H31\阳101H31 邻井压力监测\3井_1_2025.4.17、1井分点.xls,1,已用于形态聚类或重复合并,1,参与形态聚类候选: observed_file_window
E:\压裂窜扰项目\02 规范化\阳101H31\阳101H31 邻井压力监测\3井_1_2025.4.17、1井秒点.xls,1,已用于形态聚类或重复合并,1,重复或补充片段已合并: 相同事件/通道且压力一致，仅计一个样本
E:\压裂窜扰项目\02 规范化\阳101H31\阳101H31 邻井压力监测\3井_2025.4.22秒点.xls,2,已用于形态聚类或重复合并,2,参与形态聚类候选: observed_file_window
E:\压裂窜扰项目\02 规范化\阳101H31\阳101H31 邻井压力监测\3井_2025.5.26秒点.xls,2,已用于形态聚类或重复合并,2,参与形态聚类候选: observed_file_window
E:\压裂窜扰项目\02 规范化\阳101H31\阳101H31 邻井压力监测\3井_2025.5.28秒点.xls,2,已用于形态聚类或重复合并,2,参与形态聚类候选: observed_file_window
E:\压裂窜扰项目\02 规范化\阳101H31\阳101H31 邻井压力监测\3井_2025.6.13秒点.xls,2,已用于形态聚类或重复合并,2,参与形态聚类候选: observed_file_window
E:\压裂窜扰项目\02 规范化\阳101H31\阳101H31 邻井压力监测\3井_2025.6.15秒点.xls,2,已用于形态聚类或重复合并,2,参与形态聚类候选: observed_file_window
E:\压裂窜扰项目\02 规范化\阳101H31\阳101H31 邻井压力监测\3井_2025.6.16秒点.xls,2,已用于形态聚类或重复合并,2,参与形态聚类候选: observed_file_window
E:\压裂窜扰项目\02 规范化\阳101H31\阳101H31 邻井压力监测\3井_2025.6.17秒点.xls,2,已用于形态聚类或重复合并,2,参与形态聚类候选: observed_file_window
E:\压裂窜扰项目\02 规范化\阳101H31\阳101H31 邻井压力监测\3井_2025.6.18秒点.xls,2,已用于形态聚类或重复合并,2,参与形态聚类候选: observed_file_window
E:\压裂窜扰项目\02 规范化\阳101H31\阳101H31 邻井压力监测\3井_2025.6.19秒点.xls,2,已用于形态聚类或重复合并,2,参与形态聚类候选: observed_file_window
E:\压裂窜扰项目\02 规范化\阳101H31\阳101H31 邻井压力监测\3井_2025.6.1秒点.xls,2,已用于形态聚类或重复合并,2,参与形态聚类候选: observed_file_window
E:\压裂窜扰项目\02 规范化\阳101H31\阳101H31 邻井压力监测\3井_2025.6.3秒点.xls,2,已用于形态聚类或重复合并,2,参与形态聚类候选: observed_file_window
E:\压裂窜扰项目\02 规范化\阳101H31\阳101H31 邻井压力监测\3井_2025.6.6秒点.xls,2,已用于形态聚类或重复合并,2,参与形态聚类候选: observed_file_window
E:\压裂窜扰项目\02 规范化\阳101H31\阳101H31 邻井压力监测\3井_2025.6.7秒点.xls,2,已用于形态聚类或重复合并,2,参与形态聚类候选: observed_file_window
E:\压裂窜扰项目\02 规范化\阳101H31\阳101H31 邻井压力监测\3井_2025.6.8秒点.xls,2,已用于形态聚类或重复合并,2,参与形态聚类候选: observed_file_window
E:\压裂窜扰项目\02 规范化\阳101H31\阳101H31 邻井压力监测\3井_2025.6.9秒点.xls,2,已用于形态聚类或重复合并,2,参与形态聚类候选: observed_file_window
E:\压裂窜扰项目\02 规范化\阳101H31\阳101H31 邻井压力监测\3井_2_2025.4.19分点.xls,2,已用于形态聚类或重复合并,2,参与形态聚类候选: observed_file_window
E:\压裂窜扰项目\02 规范化\阳101H31\阳101H31 邻井压力监测\3井_2_2025.4.19秒点.xls,2,已用于形态聚类或重复合并,2,重复或补充片段已合并: 相同事件/通道且压力一致，仅计一个样本
E:\压裂窜扰项目\02 规范化\阳101H31\阳101H31 邻井压力监测\3井_3_2025.4.22分点.xls,2,已用于形态聚类或重复合并,2,参与形态聚类候选: observed_file_window
E:\压裂窜扰项目\02 规范化\阳101H31\阳101H31 邻井压力监测\3井_4_5.23分点数据.xls,2,已用于形态聚类或重复合并,2,参与形态聚类候选: observed_file_window
E:\压裂窜扰项目\02 规范化\阳101H31\阳101H31 邻井压力监测\3井_4_5.23秒点数据.xls,2,已用于形态聚类或重复合并,2,重复或补充片段已合并: 相同事件/通道且压力一致，仅计一个样本
E:\压裂窜扰项目\02 规范化\阳101H31\阳101H31 邻井压力监测\3井_5_5.24分点数据.xls,2,已用于形态聚类或重复合并,2,参与形态聚类候选: observed_file_window
E:\压裂窜扰项目\02 规范化\阳101H31\阳101H31 邻井压力监测\3井_5_5.24秒点数据.xls,2,已用于形态聚类或重复合并,2,重复或补充片段已合并: 相同事件/通道且压力一致，仅计一个样本
E:\压裂窜扰项目\02 规范化\阳101H31\阳101H31 邻井压力监测\3井_6_2025.5.26.分点.xls,2,已用于形态聚类或重复合并,2,参与形态聚类候选: observed_file_window
E:\压裂窜扰项目\02 规范化\阳101H31\阳101H31 邻井压力监测\3井_7_2025.5.28分点.xls,2,已用于形态聚类或重复合并,2,参与形态聚类候选: observed_file_window
E:\压裂窜扰项目\02 规范化\阳101H31\阳101H31 邻井压力监测\3井_8_分点(2).xls,2,已用于形态聚类或重复合并,2,参与形态聚类候选: observed_file_window
E:\压裂窜扰项目\02 规范化\阳101H31\阳101H31 邻井压力监测\3井_8_秒点(2).xls,2,已用于形态聚类或重复合并,2,重复或补充片段已合并: 相同事件/通道且压力一致，仅计一个样本
E:\压裂窜扰项目\02 规范化\阳101H31\阳101H31 邻井压力监测\3井_9_2025.6.1分点.xls,2,已用于形态聚类或重复合并,2,参与形态聚类候选: observed_file_window
E:\压裂窜扰项目\02 规范化\阳101H31\阳101H31 邻井压力监测\4井_4井第18段压裂期间567井套压秒点数据.xlsx,3,已用于形态聚类或重复合并,3,参与形态聚类候选: observed_file_window
E:\压裂窜扰项目\02 规范化\阳101H31\阳101H31 邻井压力监测\4井_4井第19段压裂期间567井套压秒点数据.xlsx,3,已用于形态聚类或重复合并,3,参与形态聚类候选: observed_file_window
E:\压裂窜扰项目\02 规范化\阳101H31\阳101H31 邻井压力监测\4井_4井第20段压裂施工期间57井套压秒点数据.xlsx,2,已用于形态聚类或重复合并,2,参与形态聚类候选: observed_file_window
E:\压裂窜扰项目\02 规范化\阳101H31\阳101H31 邻井压力监测\4井_4井第21段压裂期间567井套压秒点数据.xlsx,3,已用于形态聚类或重复合并,3,参与形态聚类候选: observed_file_window
E:\压裂窜扰项目\02 规范化\阳101H31\阳101H31 邻井压力监测\4井_4井第22段压裂期间6井套压秒点数据.xlsx,1,已用于形态聚类或重复合并,1,参与形态聚类候选: observed_file_window
E:\压裂窜扰项目\02 规范化\阳101H31\阳101H31 邻井压力监测\4井_4井第23段压裂期间567井套压秒点数据.xlsx,3,已用于形态聚类或重复合并,3,参与形态聚类候选: observed_file_window
E:\压裂窜扰项目\02 规范化\阳101H31\阳101H31 邻井压力监测\5井_5井第10段压裂期间467井套压秒点数据.xlsx,3,已用于形态聚类或重复合并,3,参与形态聚类候选: observed_file_window
E:\压裂窜扰项目\02 规范化\阳101H31\阳101H31 邻井压力监测\5井_5井第11段压裂期间 467井套压秒点数据.xlsx,3,已用于形态聚类或重复合并,3,参与形态聚类候选: observed_file_window
E:\压裂窜扰项目\02 规范化\阳101H31\阳101H31 邻井压力监测\5井_5井第12段压裂期间4井套压秒点数据.xlsx,1,已用于形态聚类或重复合并,1,参与形态聚类候选: observed_file_window
E:\压裂窜扰项目\02 规范化\阳101H31\阳101H31 邻井压力监测\5井_5井第13段压裂期间47井套压秒点数据.xlsx,2,已用于形态聚类或重复合并,2,参与形态聚类候选: observed_file_window
E:\压裂窜扰项目\02 规范化\阳101H31\阳101H31 邻井压力监测\5井_5井第14段压裂期间467井套压秒点数据.xlsx,3,已用于形态聚类或重复合并,3,参与形态聚类候选: observed_file_window
E:\压裂窜扰项目\02 规范化\阳101H31\阳101H31 邻井压力监测\5井_5井第15段压裂期间467井套压秒点数据.xlsx,3,已用于形态聚类或重复合并,3,参与形态聚类候选: observed_file_window
E:\压裂窜扰项目\02 规范化\阳101H31\阳101H31 邻井压力监测\5井_5井第16段压裂期间467井套压秒点数据.xlsx,3,已用于形态聚类或重复合并,3,参与形态聚类候选: observed_file_window
E:\压裂窜扰项目\02 规范化\阳101H31\阳101H31 邻井压力监测\5井_5井第18段压裂期间4井套压秒点数据.xlsx,1,已用于形态聚类或重复合并,1,参与形态聚类候选: observed_file_window
E:\压裂窜扰项目\02 规范化\阳101H31\阳101H31 邻井压力监测\5井_5井第19段压裂期间46井套压秒点数据.xlsx,2,已用于形态聚类或重复合并,2,参与形态聚类候选: observed_file_window
E:\压裂窜扰项目\02 规范化\阳101H31\阳101H31 邻井压力监测\5井_5井第20段压裂期间467井套压秒点数据.xlsx,3,已用于形态聚类或重复合并,3,参与形态聚类候选: observed_file_window
E:\压裂窜扰项目\02 规范化\阳101H31\阳101H31 邻井压力监测\5井_5井第21段压裂期间467井套压秒点数据.xlsx,3,已用于形态聚类或重复合并,3,参与形态聚类候选: observed_file_window
E:\压裂窜扰项目\02 规范化\阳101H31\阳101H31 邻井压力监测\5井_5井第23段压裂期间467井套压秒点数据上段.xlsx,3,已用于形态聚类或重复合并,3,参与形态聚类候选: observed_file_window
E:\压裂窜扰项目\02 规范化\阳101H31\阳101H31 邻井压力监测\5井_5井第23段压裂期间467井套压秒点数据下段.xlsx,3,已用于形态聚类或重复合并,3,参与形态聚类候选: observed_file_window
E:\压裂窜扰项目\02 规范化\阳101H31\阳101H31 邻井压力监测\5井_5井第24段压裂期间467井套压秒点数据.xlsx,3,已用于形态聚类或重复合并,3,参与形态聚类候选: observed_file_window
E:\压裂窜扰项目\02 规范化\阳101H31\阳101H31 邻井压力监测\6井_6井第26段压裂期间457井套压秒点数据.xlsx,3,已用于形态聚类或重复合并,3,参与形态聚类候选: observed_file_window
E:\压裂窜扰项目\02 规范化\阳101H31\阳101H31 邻井压力监测\6井_6井第27段压裂期间457井套压秒点数据.xlsx,3,已用于形态聚类或重复合并,3,参与形态聚类候选: observed_file_window
E:\压裂窜扰项目\02 规范化\阳101H31\阳101H31 邻井压力监测\7井_7井18段压裂期间456井套压秒点数据.xlsx,3,已用于形态聚类或重复合并,3,参与形态聚类候选: observed_file_window
E:\压裂窜扰项目\02 规范化\阳101H31\阳101H31 邻井压力监测\7井_7井19段压裂期间456井套压秒点数据.xlsx,3,已用于形态聚类或重复合并,3,参与形态聚类候选: observed_file_window
E:\压裂窜扰项目\02 规范化\阳101H31\阳101H31 邻井压力监测\7井_7井20段压裂期间456井套压秒点数据.xlsx,3,已用于形态聚类或重复合并,3,参与形态聚类候选: observed_file_window
E:\压裂窜扰项目\02 规范化\阳101H31\阳101H31 邻井压力监测\7井_7井22段压裂期间456井套压秒点数据.xlsx,3,已用于形态聚类或重复合并,3,参与形态聚类候选: observed_file_window
E:\压裂窜扰项目\02 规范化\阳101H31\阳101H31 邻井压力监测\7井_7井24段压裂期间456井套压秒点数据.xlsx,3,已用于形态聚类或重复合并,3,参与形态聚类候选: observed_file_window
E:\压裂窜扰项目\02 规范化\阳101H31\阳101H31 邻井压力监测\7井_7井第21段压裂期间456井套压秒点数据.xlsx,3,已用于形态聚类或重复合并,3,参与形态聚类候选: observed_file_window
E:\压裂窜扰项目\02 规范化\阳101H31\阳101H31 邻井压力监测\7井_7井第23段压裂期间456井套压秒点数据.xlsx,3,已用于形态聚类或重复合并,3,参与形态聚类候选: observed_file_window
E:\压裂窜扰项目\02 规范化\阳101H31\阳101H31 邻井压力监测\7井_7井第25段压裂期间456井套压秒点数据.xlsx,3,已用于形态聚类或重复合并,3,参与形态聚类候选: observed_file_window
E:\压裂窜扰项目\02 规范化\阳101H31\阳101H31 邻井压力监测\7井_7井第27段压裂期间46井套压秒点数据.xlsx,2,已用于形态聚类或重复合并,2,参与形态聚类候选: observed_file_window
E:\压裂窜扰项目\02 规范化\阳101H31\阳101H31 邻井压力监测\7井_7井第30段压裂期间456井套压秒点数据.xlsx,3,已用于形态聚类或重复合并,3,参与形态聚类候选: observed_file_window
E:\压裂窜扰项目\02 规范化\阳101H31\阳101H31 邻井压力监测\阳101H31--井第4段压裂期间阳101H25-5井压力数据.csv,1,未形成聚类样本,0,过少观测: 少于6点
E:\压裂窜扰项目\02 规范化\阳101H31\阳101H31 邻井压力监测\阳101H31-3井压裂期间压力监测记录(3).xlsx,99,已用于形态聚类或重复合并,99,重复或补充片段已合并: 相同事件/通道且压力一致，仅计一个样本；参与形态聚类候选: observed_file_window
E:\压裂窜扰项目\02 规范化\阳101H31\阳101H31 邻井压力监测\阳101H31平台1井第3段压裂期间阳101H25-5井压力秒点数据(1).csv,1,未形成聚类样本,0,过少观测: 少于6点
E:\压裂窜扰项目\02 规范化\阳101H31\阳101H31 邻井压力监测\阳101H31平台2井第3段压裂期间阳101H25平台压力秒点数据.csv,6,未形成聚类样本,0,过少观测: 少于6点
E:\压裂窜扰项目\02 规范化\阳101H31\阳101H31 邻井压力监测\阳101H31平台2井第4段压裂期间阳101H25平台秒点数据.csv,5,已用于形态聚类或重复合并,5,参与形态聚类候选: observed_file_window
E:\压裂窜扰项目\02 规范化\阳101H31\阳101H31 邻井压力监测\阳101H31平台北半支压窜.xlsx,0,未形成聚类样本,0,非时序统计/施工表、空表、无法解析或时间压力配对尚不可靠，详见逐工作表审计
E:\压裂窜扰项目\02 规范化\阳101H32\阳101H32 邻井压力监测\阳101H32-2-11段压裂施工-1、3、4、5、6、7井压力监测.xlsx,12,已用于形态聚类或重复合并,6,参与形态聚类候选: absolute；重复或补充片段已合并: 相同事件/通道且压力一致，仅计一个样本
E:\压裂窜扰项目\02 规范化\阳101H32\阳101H32 邻井压力监测\阳101H32-2-13段压裂施工-1、3、4、5、6、7井压力监测.xlsx,6,已用于形态聚类或重复合并,6,参与形态聚类候选: observed_file_window
E:\压裂窜扰项目\02 规范化\阳101H32\阳101H32 邻井压力监测\阳101H32-2-14段压裂施工-1、3、4、5、6、7井压力监测.xlsx,6,已用于形态聚类或重复合并,6,参与形态聚类候选: absolute；重复或补充片段已合并: 相同事件/通道且压力一致，仅计一个样本
E:\压裂窜扰项目\02 规范化\阳101H32\阳101H32 邻井压力监测\阳101H32-2-14段压裂施工-4、6井分点压力监测.xlsx,2,已用于形态聚类或重复合并,2,参与形态聚类候选: absolute
E:\压裂窜扰项目\02 规范化\阳101H32\阳101H32 邻井压力监测\阳101H32-2-15段压裂施工-1、3、4、5、6、7井压力监测.xlsx,6,已用于形态聚类或重复合并,6,参与形态聚类候选: absolute
E:\压裂窜扰项目\02 规范化\阳101H32\阳101H32 邻井压力监测\阳101H32-2-16段压裂施工-1、3、4、5、6、7井压力监测（叠合图）.xlsx,7,已用于形态聚类或重复合并,7,参与形态聚类候选: absolute
E:\压裂窜扰项目\02 规范化\阳101H32\阳101H32 邻井压力监测\阳101H32-2-17段压裂施工-1、3、4、5、6、7井套压压力监测.xlsx,6,已用于形态聚类或重复合并,6,参与形态聚类候选: absolute
E:\压裂窜扰项目\02 规范化\阳101H32\阳101H32 邻井压力监测\阳101H32-2-19段压裂施工-1、3、4、5、6、7井压力监测.xlsx,6,已用于形态聚类或重复合并,6,参与形态聚类候选: absolute
E:\压裂窜扰项目\02 规范化\阳101H32\阳101H32 邻井压力监测\阳101H32-2-20段压裂施工-1、3、4、5、6、7井压力监测（叠合图）.xlsx,6,已用于形态聚类或重复合并,6,参与形态聚类候选: absolute
E:\压裂窜扰项目\02 规范化\阳101H32\阳101H32 邻井压力监测\阳101H32-2-22段压裂施工-1、3、4、5、6、7井压力监测.xlsx,6,已用于形态聚类或重复合并,6,参与形态聚类候选: absolute
E:\压裂窜扰项目\02 规范化\阳101H32\阳101H32 邻井压力监测\阳101H32-2-6段压裂施工-1、3、4、5、6、7井压力监测.xlsx,6,已用于形态聚类或重复合并,6,参与形态聚类候选: observed_file_window
E:\压裂窜扰项目\02 规范化\阳101H32\阳101H32 邻井压力监测\阳101H32-2-7段压裂施工-4、6井分点压力监测.xlsx,2,已用于形态聚类或重复合并,2,参与形态聚类候选: absolute
E:\压裂窜扰项目\02 规范化\阳101H32\阳101H32 邻井压力监测\阳101H32-2-8段压裂施工-1、3、4、5、6、7井压力监测.xlsx,6,已用于形态聚类或重复合并,6,参与形态聚类候选: absolute
E:\压裂窜扰项目\02 规范化\阳101H32\阳101H32 邻井压力监测\阳101H32-2-8段压裂施工-4、6井秒点压力监测.xlsx,2,已用于形态聚类或重复合并,2,重复或补充片段已合并: 相同事件/通道且压力一致，仅计一个样本
E:\压裂窜扰项目\02 规范化\阳101H32\阳101H32 邻井压力监测\阳101H32-2-9段压裂施工-1、3、4、5、6、7井压力监测.xlsx,6,已用于形态聚类或重复合并,6,参与形态聚类候选: observed_file_window；重复或补充片段已合并: 相同事件/通道且压力一致，仅计一个样本
E:\压裂窜扰项目\02 规范化\阳101H32\阳101H32 邻井压力监测\阳101H32-2-9段压裂施工-4、6井分点压力监测.xlsx,2,已用于形态聚类或重复合并,2,参与形态聚类候选: observed_file_window
E:\压裂窜扰项目\02 规范化\阳101H32\阳101H32 邻井压力监测\阳101H32-2井第10段压裂施工分秒点.xlsx,0,未形成聚类样本,0,非时序统计/施工表、空表、无法解析或时间压力配对尚不可靠，详见逐工作表审计
E:\压裂窜扰项目\02 规范化\阳101H32\阳101H32 邻井压力监测\阳101H32-2井第10段压裂施工报表.xlsx,0,未形成聚类样本,0,非时序统计/施工表、空表、无法解析或时间压力配对尚不可靠，详见逐工作表审计
E:\压裂窜扰项目\02 规范化\阳101H32\阳101H32 邻井压力监测\阳101H32-2井第12段压裂施工分秒点.xlsx,0,未形成聚类样本,0,非时序统计/施工表、空表、无法解析或时间压力配对尚不可靠，详见逐工作表审计
E:\压裂窜扰项目\02 规范化\阳101H32\阳101H32 邻井压力监测\阳101H32-2井第12段压裂施工报表.xlsx,0,未形成聚类样本,0,非时序统计/施工表、空表、无法解析或时间压力配对尚不可靠，详见逐工作表审计
E:\压裂窜扰项目\02 规范化\阳101H32\阳101H32 邻井压力监测\阳101H32-2井第13段压裂施工分秒点.xlsx,0,未形成聚类样本,0,非时序统计/施工表、空表、无法解析或时间压力配对尚不可靠，详见逐工作表审计
E:\压裂窜扰项目\02 规范化\阳101H32\阳101H32 邻井压力监测\阳101H32-2井第13段压裂施工报表.xlsx,0,未形成聚类样本,0,非时序统计/施工表、空表、无法解析或时间压力配对尚不可靠，详见逐工作表审计
E:\压裂窜扰项目\02 规范化\阳101H32\阳101H32 邻井压力监测\阳101H32-2井第15段-2.xlsx,0,未形成聚类样本,0,非时序统计/施工表、空表、无法解析或时间压力配对尚不可靠，详见逐工作表审计
E:\压裂窜扰项目\02 规范化\阳101H32\阳101H32 邻井压力监测\阳101H32-2井第8段.xlsx,0,未形成聚类样本,0,非时序统计/施工表、空表、无法解析或时间压力配对尚不可靠，详见逐工作表审计
E:\压裂窜扰项目\02 规范化\阳101H32\阳101H32 邻井压力监测\阳101H32-2井第9段压裂施工分秒点.xlsx,0,未形成聚类样本,0,非时序统计/施工表、空表、无法解析或时间压力配对尚不可靠，详见逐工作表审计
E:\压裂窜扰项目\02 规范化\阳101H32\阳101H32 邻井压力监测\阳101H32-2井第9段压裂施工报表.xlsx,0,未形成聚类样本,0,非时序统计/施工表、空表、无法解析或时间压力配对尚不可靠，详见逐工作表审计
E:\压裂窜扰项目\02 规范化\阳101H32\阳101H32 邻井压力监测\阳101H32-4-11段压裂施工-6井秒点压力监测.xlsx,1,已用于形态聚类或重复合并,1,参与形态聚类候选: absolute
E:\压裂窜扰项目\02 规范化\阳101H32\阳101H32 邻井压力监测\阳101H32-4-13段压裂施工-1、2、3、5、6、7井压力监测.xlsx,6,已用于形态聚类或重复合并,6,参与形态聚类候选: absolute；重复或补充片段已合并: 相同事件/通道且压力一致，仅计一个样本
E:\压裂窜扰项目\02 规范化\阳101H32\阳101H32 邻井压力监测\阳101H32-4-13段压裂施工-6井秒点压力监测.xlsx,1,已用于形态聚类或重复合并,1,参与形态聚类候选: absolute
E:\压裂窜扰项目\02 规范化\阳101H32\阳101H32 邻井压力监测\阳101H32-4-14段压裂施工-6井秒点压力监测.xlsx,1,已用于形态聚类或重复合并,1,参与形态聚类候选: absolute
E:\压裂窜扰项目\02 规范化\阳101H32\阳101H32 邻井压力监测\阳101H32-4-15段压裂施工-1、2、3、5、6、7井压力监测.xlsx,12,已用于形态聚类或重复合并,6,参与形态聚类候选: absolute；重复或补充片段已合并: 相同事件/通道且压力一致，仅计一个样本
E:\压裂窜扰项目\02 规范化\阳101H32\阳101H32 邻井压力监测\阳101H32-4-16段压裂施工-6井分点压力监测.xlsx,1,已用于形态聚类或重复合并,1,参与形态聚类候选: absolute
E:\压裂窜扰项目\02 规范化\阳101H32\阳101H32 邻井压力监测\阳101H32-4-17段压裂施工-1、2、3、5、6、7井压力监测.xlsx,6,已用于形态聚类或重复合并,6,参与形态聚类候选: observed_file_window
E:\压裂窜扰项目\02 规范化\阳101H32\阳101H32 邻井压力监测\阳101H32-4-19段压裂施工-1、2、3、5、6、7井压力监测.xlsx,6,已用于形态聚类或重复合并,6,参与形态聚类候选: absolute
E:\压裂窜扰项目\02 规范化\阳101H32\阳101H32 邻井压力监测\阳101H32-4-1段压裂施工-5井秒点压力监测.xlsx,1,已用于形态聚类或重复合并,1,参与形态聚类候选: absolute
E:\压裂窜扰项目\02 规范化\阳101H32\阳101H32 邻井压力监测\阳101H32-4-20段压裂施工-1、2、3、5、6、7井压力监测.xlsx,6,已用于形态聚类或重复合并,6,参与形态聚类候选: absolute
E:\压裂窜扰项目\02 规范化\阳101H32\阳101H32 邻井压力监测\阳101H32-4-22段压裂施工-1、2、3、5、6、7井压力监测.xlsx,12,已用于形态聚类或重复合并,6,过少观测: 少于6点；参与形态聚类候选: observed_file_window
E:\压裂窜扰项目\02 规范化\阳101H32\阳101H32 邻井压力监测\阳101H32-4-22段压裂施工-1、2、3、5、6、7井压力监测（叠合图）.xlsx,12,已用于形态聚类或重复合并,6,重复或补充片段已合并: 相同事件/通道且压力一致，仅计一个样本
E:\压裂窜扰项目\02 规范化\阳101H32\阳101H32 邻井压力监测\阳101H32-4-3段压裂施工-1、2、3、5、6、7井压力监测.xlsx,6,已用于形态聚类或重复合并,6,参与形态聚类候选: absolute
E:\压裂窜扰项目\02 规范化\阳101H32\阳101H32 邻井压力监测\阳101H32-4-4段压裂施工-1、2、3、5、6、7井压力监测.xlsx,6,已用于形态聚类或重复合并,6,参与形态聚类候选: absolute
E:\压裂窜扰项目\02 规范化\阳101H32\阳101H32 邻井压力监测\阳101H32-4-5段压裂施工-1、2、3、5、6、7井压力监测.xlsx,12,已用于形态聚类或重复合并,6,参与形态聚类候选: absolute；重复或补充片段已合并: 相同事件/通道且压力一致，仅计一个样本
E:\压裂窜扰项目\02 规范化\阳101H32\阳101H32 邻井压力监测\阳101H32-4-5段压裂施工-2、6井秒点压力监测.xlsx,2,已用于形态聚类或重复合并,2,参与形态聚类候选: absolute
E:\压裂窜扰项目\02 规范化\阳101H32\阳101H32 邻井压力监测\阳101H32-4-6段压裂施工-1、2、3、5、6、7井压力监测.xlsx,12,已用于形态聚类或重复合并,6,参与形态聚类候选: absolute；重复或补充片段已合并: 相同事件/通道且压力一致，仅计一个样本
E:\压裂窜扰项目\02 规范化\阳101H32\阳101H32 邻井压力监测\阳101H32-4-8段压裂施工-1、2、3、5、6、7井压力监测.xlsx,6,已用于形态聚类或重复合并,6,参与形态聚类候选: absolute；重复或补充片段已合并: 相同事件/通道且压力一致，仅计一个样本
E:\压裂窜扰项目\02 规范化\阳101H32\阳101H32 邻井压力监测\阳101H32-4-8段压裂施工-6井秒点压力监测.xlsx,1,已用于形态聚类或重复合并,1,参与形态聚类候选: absolute
E:\压裂窜扰项目\02 规范化\阳101H32\阳101H32 邻井压力监测\阳101H32-4井第2段施工邻井监测20251120.xlsx,12,已用于形态聚类或重复合并,11,施工井自身压力: 源井与监测井相同；参与形态聚类候选: absolute
E:\压裂窜扰项目\02 规范化\阳101H32\阳101H32 邻井压力监测\阳101H32-5-23段压裂施工-1、2、3、4、6、7井压力监测.xlsx,6,已用于形态聚类或重复合并,6,参与形态聚类候选: absolute
E:\压裂窜扰项目\02 规范化\阳101H32\阳101H32 邻井压力监测\阳101H32-5-8段压裂施工-1、2、3、4、6、7井压力监测.xlsx,6,已用于形态聚类或重复合并,6,参与形态聚类候选: absolute
E:\压裂窜扰项目\02 规范化\阳101H32\阳101H32 邻井压力监测\阳101H32-5井第10段压裂施工报表.xlsx,0,未形成聚类样本,0,非时序统计/施工表、空表、无法解析或时间压力配对尚不可靠，详见逐工作表审计
E:\压裂窜扰项目\02 规范化\阳101H32\阳101H32 邻井压力监测\阳101H32-5井第12段压裂施工曲分秒点.xlsx,0,未形成聚类样本,0,非时序统计/施工表、空表、无法解析或时间压力配对尚不可靠，详见逐工作表审计
E:\压裂窜扰项目\02 规范化\阳101H32\阳101H32 邻井压力监测\阳101H32-5井第18段压裂施工分秒点.xlsx,0,未形成聚类样本,0,非时序统计/施工表、空表、无法解析或时间压力配对尚不可靠，详见逐工作表审计
E:\压裂窜扰项目\02 规范化\阳101H32\阳101H32 邻井压力监测\阳101H32-5井第18段压裂施工报表.xlsx,0,未形成聚类样本,0,非时序统计/施工表、空表、无法解析或时间压力配对尚不可靠，详见逐工作表审计
E:\压裂窜扰项目\02 规范化\阳101H32\阳101H32 邻井压力监测\阳101H32-5井第20段压裂施工分秒点.xlsx,0,未形成聚类样本,0,非时序统计/施工表、空表、无法解析或时间压力配对尚不可靠，详见逐工作表审计
E:\压裂窜扰项目\02 规范化\阳101H32\阳101H32 邻井压力监测\阳101H32-5井第20段压裂施工报表.xlsx,0,未形成聚类样本,0,非时序统计/施工表、空表、无法解析或时间压力配对尚不可靠，详见逐工作表审计
E:\压裂窜扰项目\02 规范化\阳101H32\阳101H32 邻井压力监测\阳101H32-6-10段压裂施工-1、2、3、4、5、7井压力监测（含阳101H2平台）.xlsx,6,已用于形态聚类或重复合并,6,参与形态聚类候选: absolute
E:\压裂窜扰项目\02 规范化\阳101H32\阳101H32 邻井压力监测\阳101H32-6-10段压裂施工-2、5井秒点压力监测.xlsx,2,已用于形态聚类或重复合并,2,重复或补充片段已合并: 相同事件/通道且压力一致，仅计一个样本
E:\压裂窜扰项目\02 规范化\阳101H32\阳101H32 邻井压力监测\阳101H32-6-12段压裂施工-1、2、3、4、5、7井压力监测.xlsx,12,已用于形态聚类或重复合并,6,参与形态聚类候选: absolute；重复或补充片段已合并: 相同事件/通道且压力一致，仅计一个样本
E:\压裂窜扰项目\02 规范化\阳101H32\阳101H32 邻井压力监测\阳101H32-6-13段压裂施工-1、2、3、4、5、7井压力监测.xlsx,6,已用于形态聚类或重复合并,6,参与形态聚类候选: absolute
E:\压裂窜扰项目\02 规范化\阳101H32\阳101H32 邻井压力监测\阳101H32-6-15段压裂施工-1、2、3、4、5、7井压力监测.xlsx,6,已用于形态聚类或重复合并,6,参与形态聚类候选: absolute
E:\压裂窜扰项目\02 规范化\阳101H32\阳101H32 邻井压力监测\阳101H32-6-18段压裂施工-1、2、3、4、5、7井压力监测.xlsx,12,已用于形态聚类或重复合并,6,参与形态聚类候选: absolute；重复或补充片段已合并: 相同事件/通道且压力一致，仅计一个样本
E:\压裂窜扰项目\02 规范化\阳101H32\阳101H32 邻井压力监测\阳101H32-6-19段压裂施工-1、2、3、4、5、7井压力监测.xlsx,6,已用于形态聚类或重复合并,6,参与形态聚类候选: absolute
E:\压裂窜扰项目\02 规范化\阳101H32\阳101H32 邻井压力监测\阳101H32-6-20段压裂施工-1、2、3、4、5、7井压力监测.xlsx,12,已用于形态聚类或重复合并,6,参与形态聚类候选: absolute；重复或补充片段已合并: 相同事件/通道且压力一致，仅计一个样本
E:\压裂窜扰项目\02 规范化\阳101H32\阳101H32 邻井压力监测\阳101H32-6-5段压裂施工-11、14井压力监测.xlsx,7,已用于形态聚类或重复合并,6,施工井自身压力: 源井与监测井相同；参与形态聚类候选: absolute；参与形态聚类候选: same_stage_clock
E:\压裂窜扰项目\02 规范化\阳101H32\阳101H32 邻井压力监测\阳101H32-6-6段压裂施工-1、2、3、4、5、7井压力监测.xlsx,6,已用于形态聚类或重复合并,6,参与形态聚类候选: absolute
E:\压裂窜扰项目\02 规范化\阳101H32\阳101H32 邻井压力监测\阳101H32-6-9段压裂施工-1、2、3、4、5、7井压力监测.xlsx,12,已用于形态聚类或重复合并,11,施工井自身压力: 源井与监测井相同；参与形态聚类候选: absolute
E:\压裂窜扰项目\02 规范化\阳101H32\阳101H32 邻井压力监测\阳101H32-6井第7段   阳101H2平台邻井情况  20251117.xlsx,6,已用于形态聚类或重复合并,5,施工井自身压力: 源井与监测井相同；参与形态聚类候选: absolute
E:\压裂窜扰项目\02 规范化\阳101H32\阳101H32 邻井压力监测\阳101H32_2井_2井第6段_压力监测数据表    叠合图  .xlsx,0,未形成聚类样本,0,非时序统计/施工表、空表、无法解析或时间压力配对尚不可靠，详见逐工作表审计
E:\压裂窜扰项目\02 规范化\阳101H32\阳101H32 邻井压力监测\阳101H32_压窜数据统计.xlsx,0,未形成聚类样本,0,非时序统计/施工表、空表、无法解析或时间压力配对尚不可靠，详见逐工作表审计
E:\压裂窜扰项目\02 规范化\阳101H33\阳101H33 邻井压力监测\阳101H33-1-10段压裂施工-2井压力监测.xlsx,1,已用于形态聚类或重复合并,1,参与形态聚类候选: absolute
E:\压裂窜扰项目\02 规范化\阳101H33\阳101H33 邻井压力监测\阳101H33-1-10段压裂施工-邻井压力监测.xlsx,1,已用于形态聚类或重复合并,1,重复或补充片段已合并: 相同事件/通道且压力一致，仅计一个样本
E:\压裂窜扰项目\02 规范化\阳101H33\阳101H33 邻井压力监测\阳101H33-2-2段压裂施工-1井压力监测.xlsx,1,已用于形态聚类或重复合并,1,参与形态聚类候选: same_stage_clock
E:\压裂窜扰项目\02 规范化\阳101H33\阳101H33 邻井压力监测\阳101H33-2-3段压裂施工-1井压力监测.xlsx,1,已用于形态聚类或重复合并,1,参与形态聚类候选: same_stage_clock
E:\压裂窜扰项目\02 规范化\阳101H33\阳101H33 邻井压力监测\阳101H33-2-6段压裂施工-1井压力监测.xlsx,1,已用于形态聚类或重复合并,1,参与形态聚类候选: absolute
E:\压裂窜扰项目\02 规范化\阳101H33\阳101H33 邻井压力监测\阳101H33-2-6段压裂施工-3井压力监测.xlsx,1,已用于形态聚类或重复合并,1,参与形态聚类候选: absolute
E:\压裂窜扰项目\02 规范化\阳101H33\阳101H33 邻井压力监测\阳101H33-2-6段压裂施工-邻井压力监测.xlsx,3,已用于形态聚类或重复合并,2,施工井自身压力: 源井与监测井相同；重复或补充片段已合并: 相同事件/通道且压力一致，仅计一个样本
E:\压裂窜扰项目\02 规范化\阳101H33\阳101H33 邻井压力监测\阳101H33-2-7段压裂施工-1井压力监测.xlsx,1,已用于形态聚类或重复合并,1,参与形态聚类候选: absolute
E:\压裂窜扰项目\02 规范化\阳101H33\阳101H33 邻井压力监测\阳101H33-2-7段压裂施工-3井压力监测.xlsx,1,已用于形态聚类或重复合并,1,参与形态聚类候选: absolute
E:\压裂窜扰项目\02 规范化\阳101H33\阳101H33 邻井压力监测\阳101H33-2-7段压裂施工-邻井压力监测.xlsx,2,已用于形态聚类或重复合并,2,重复或补充片段已合并: 相同事件/通道且压力一致，仅计一个样本
E:\压裂窜扰项目\02 规范化\阳101H33\阳101H33 邻井压力监测\阳101H33-3-10段压裂施工-4井压力监测.xlsx,1,已用于形态聚类或重复合并,1,参与形态聚类候选: absolute
E:\压裂窜扰项目\02 规范化\阳101H33\阳101H33 邻井压力监测\阳101H33-3-10段压裂施工-邻井压力监测.xlsx,1,未形成聚类样本,0,施工井自身压力: 源井与监测井相同
E:\压裂窜扰项目\02 规范化\阳101H33\阳101H33 邻井压力监测\阳101H33-3-4段压裂施工-1井压力监测.xlsx,1,已用于形态聚类或重复合并,1,参与形态聚类候选: same_stage_clock
E:\压裂窜扰项目\02 规范化\阳101H33\阳101H33 邻井压力监测\阳101H33-3-4段压裂施工-2井压力监测.xlsx,1,已用于形态聚类或重复合并,1,参与形态聚类候选: same_stage_clock
E:\压裂窜扰项目\02 规范化\阳101H33\阳101H33 邻井压力监测\阳101H33-3-4段压裂施工-4井压力监测.xlsx,1,已用于形态聚类或重复合并,1,参与形态聚类候选: same_stage_clock
E:\压裂窜扰项目\02 规范化\阳101H33\阳101H33 邻井压力监测\阳101H33-3-4段压裂施工-邻井压力监测.xlsx,2,已用于形态聚类或重复合并,2,重复或补充片段已合并: 相同事件/通道且压力一致，仅计一个样本
E:\压裂窜扰项目\02 规范化\阳101H33\阳101H33 邻井压力监测\阳101H33-3-5段压裂施工-1井压力监测.xlsx,1,已用于形态聚类或重复合并,1,参与形态聚类候选: absolute
E:\压裂窜扰项目\02 规范化\阳101H33\阳101H33 邻井压力监测\阳101H33-3-5段压裂施工-2井压力监测.xlsx,1,已用于形态聚类或重复合并,1,参与形态聚类候选: absolute
E:\压裂窜扰项目\02 规范化\阳101H33\阳101H33 邻井压力监测\阳101H33-3-5段压裂施工-4井压力监测.xlsx,1,已用于形态聚类或重复合并,1,参与形态聚类候选: absolute
E:\压裂窜扰项目\02 规范化\阳101H33\阳101H33 邻井压力监测\阳101H33-3-5段压裂施工-邻井压力监测.xlsx,3,已用于形态聚类或重复合并,2,施工井自身压力: 源井与监测井相同；重复或补充片段已合并: 相同事件/通道且压力一致，仅计一个样本
E:\压裂窜扰项目\02 规范化\阳101H33\阳101H33 邻井压力监测\阳101H33-3-6段压裂施工-4井压力监测.xlsx,1,已用于形态聚类或重复合并,1,参与形态聚类候选: same_stage_clock
E:\压裂窜扰项目\02 规范化\阳101H33\阳101H33 邻井压力监测\阳101H33-3-7段压裂施工-2井压力监测.xlsx,1,已用于形态聚类或重复合并,1,参与形态聚类候选: absolute
E:\压裂窜扰项目\02 规范化\阳101H33\阳101H33 邻井压力监测\阳101H33-3-7段压裂施工-4井压力监测.xlsx,1,已用于形态聚类或重复合并,1,参与形态聚类候选: absolute
E:\压裂窜扰项目\02 规范化\阳101H33\阳101H33 邻井压力监测\阳101H33-3-7段压裂施工-邻井压力监测.xlsx,1,已用于形态聚类或重复合并,1,重复或补充片段已合并: 相同事件/通道且压力一致，仅计一个样本
E:\压裂窜扰项目\02 规范化\阳101H33\阳101H33 邻井压力监测\阳101H33-3-8段压裂施工-2井压力监测.xlsx,1,已用于形态聚类或重复合并,1,参与形态聚类候选: absolute
E:\压裂窜扰项目\02 规范化\阳101H33\阳101H33 邻井压力监测\阳101H33-3-8段压裂施工-4井压力监测.xlsx,1,已用于形态聚类或重复合并,1,参与形态聚类候选: absolute
E:\压裂窜扰项目\02 规范化\阳101H33\阳101H33 邻井压力监测\阳101H33-3-8段压裂施工-邻井压力监测.xlsx,2,已用于形态聚类或重复合并,1,施工井自身压力: 源井与监测井相同；重复或补充片段已合并: 相同事件/通道且压力一致，仅计一个样本
E:\压裂窜扰项目\02 规范化\阳101H33\阳101H33 邻井压力监测\阳101H33-4-10段压裂施工-邻井压力监测.xlsx,1,已用于形态聚类或重复合并,1,参与形态聚类候选: observed_file_window
E:\压裂窜扰项目\02 规范化\阳101H33\阳101H33 邻井压力监测\阳101H33-4-2段压裂施工-邻井压力监测.xlsx,1,已用于形态聚类或重复合并,1,参与形态聚类候选: observed_file_window
E:\压裂窜扰项目\02 规范化\阳101H33\阳101H33 邻井压力监测\阳101H33-4-3段压裂施工-3井压力监测.xlsx,1,已用于形态聚类或重复合并,1,参与形态聚类候选: observed_file_window
E:\压裂窜扰项目\02 规范化\阳101H33\阳101H33 邻井压力监测\阳101H33-4-3段压裂施工-邻井压力监测.xlsx,1,已用于形态聚类或重复合并,1,参与形态聚类候选: observed_file_window
E:\压裂窜扰项目\02 规范化\阳101H33\阳101H33 邻井压力监测\阳101H33-4-6段压裂施工-3井压力监测.xlsx,1,已用于形态聚类或重复合并,1,参与形态聚类候选: absolute
E:\压裂窜扰项目\02 规范化\阳101H33\阳101H33 邻井压力监测\阳101H33-4-6段压裂施工-邻井压力监测.xlsx,1,已用于形态聚类或重复合并,1,重复或补充片段已合并: 相同事件/通道且压力一致，仅计一个样本
E:\压裂窜扰项目\02 规范化\阳101H33\阳101H33 邻井压力监测\阳101H33-4-7段压裂施工-邻井压力监测.xlsx,1,已用于形态聚类或重复合并,1,参与形态聚类候选: observed_file_window
E:\压裂窜扰项目\02 规范化\阳101H33\阳101H33 邻井压力监测\阳101H33-4-8段压裂施工-3井压力监测.xlsx,1,已用于形态聚类或重复合并,1,参与形态聚类候选: observed_file_window
E:\压裂窜扰项目\02 规范化\阳101H33\阳101H33 邻井压力监测\阳101H33-4-8段压裂施工-邻井压力监测.xlsx,1,已用于形态聚类或重复合并,1,重复或补充片段已合并: 相同事件/通道且压力一致，仅计一个样本
E:\压裂窜扰项目\02 规范化\阳101H33\阳101H33 邻井压力监测\阳101H33-4-9段压裂施工-邻井压力监测.xlsx,1,已用于形态聚类或重复合并,1,参与形态聚类候选: observed_file_window
E:\压裂窜扰项目\02 规范化\阳101H33\阳101H33 邻井压力监测\阳101H33-matlab_H33-1.xlsx,1,已用于形态聚类或重复合并,1,重复或补充片段已合并: 相同事件/通道且压力一致，仅计一个样本
E:\压裂窜扰项目\02 规范化\阳101H33\阳101H33 邻井压力监测\阳101H33-matlab_H33-2.xlsx,6,已用于形态聚类或重复合并,6,重复或补充片段已合并: 相同事件/通道且压力一致，仅计一个样本
E:\压裂窜扰项目\02 规范化\阳101H33\阳101H33 邻井压力监测\阳101H33-matlab_H33-3.xlsx,12,已用于形态聚类或重复合并,12,重复或补充片段已合并: 相同事件/通道且压力一致，仅计一个样本
E:\压裂窜扰项目\02 规范化\阳101H33\阳101H33 邻井压力监测\阳101H33-matlab_H33-4.xlsx,3,已用于形态聚类或重复合并,3,重复或补充片段已合并: 相同事件/通道且压力一致，仅计一个样本
E:\压裂窜扰项目\02 规范化\阳101H34\阳101H34 邻井压力监测\阳101H34-1-13段压裂施工-2井秒点压力监测.xls,1,已用于形态聚类或重复合并,1,参与形态聚类候选: same_stage_clock
E:\压裂窜扰项目\02 规范化\阳101H34\阳101H34 邻井压力监测\阳101H34-1-13段压裂施工-3井秒点压力监测.xls,1,已用于形态聚类或重复合并,1,参与形态聚类候选: same_stage_clock
E:\压裂窜扰项目\02 规范化\阳101H34\阳101H34 邻井压力监测\阳101H34-1-14段压裂施工-2井秒点压力监测.xls,1,已用于形态聚类或重复合并,1,参与形态聚类候选: same_stage_clock
E:\压裂窜扰项目\02 规范化\阳101H34\阳101H34 邻井压力监测\阳101H34-1-14段压裂施工-3井秒点压力监测.xls,1,已用于形态聚类或重复合并,1,参与形态聚类候选: same_stage_clock
E:\压裂窜扰项目\02 规范化\阳101H34\阳101H34 邻井压力监测\阳101H34-1-16段压裂施工-2井秒点压力监测.xls,1,已用于形态聚类或重复合并,1,参与形态聚类候选: same_stage_clock
E:\压裂窜扰项目\02 规范化\阳101H34\阳101H34 邻井压力监测\阳101H34-1-17段压裂施工-2井秒点压力监测.xls,1,已用于形态聚类或重复合并,1,参与形态聚类候选: same_stage_clock
E:\压裂窜扰项目\02 规范化\阳101H34\阳101H34 邻井压力监测\阳101H34-1-8段压裂施工-2井秒点压力监测.xls,1,已用于形态聚类或重复合并,1,参与形态聚类候选: same_stage_clock
E:\压裂窜扰项目\02 规范化\阳101H34\阳101H34 邻井压力监测\阳101H34-2-10段压裂施工-1井秒点压力监测.xls,1,已用于形态聚类或重复合并,1,参与形态聚类候选: same_stage_clock
E:\压裂窜扰项目\02 规范化\阳101H34\阳101H34 邻井压力监测\阳101H34-2-10段压裂施工-3井秒点压力监测.xls,1,已用于形态聚类或重复合并,1,参与形态聚类候选: same_stage_clock
E:\压裂窜扰项目\02 规范化\阳101H34\阳101H34 邻井压力监测\阳101H34-2-10段压裂施工-4井秒点压力监测.xls,1,已用于形态聚类或重复合并,1,参与形态聚类候选: same_stage_clock
E:\压裂窜扰项目\02 规范化\阳101H34\阳101H34 邻井压力监测\阳101H34-2-12段压裂施工-1井秒点压力监测.xls,1,已用于形态聚类或重复合并,1,参与形态聚类候选: same_stage_clock
E:\压裂窜扰项目\02 规范化\阳101H34\阳101H34 邻井压力监测\阳101H34-2-12段压裂施工-3井秒点压力监测.xls,1,已用于形态聚类或重复合并,1,参与形态聚类候选: same_stage_clock
E:\压裂窜扰项目\02 规范化\阳101H34\阳101H34 邻井压力监测\阳101H34-2-13段压裂施工-1井秒点压力监测.xls,1,已用于形态聚类或重复合并,1,参与形态聚类候选: same_stage_clock
E:\压裂窜扰项目\02 规范化\阳101H34\阳101H34 邻井压力监测\阳101H34-2-16段压裂施工-1井秒点压力监测.xls,1,已用于形态聚类或重复合并,1,参与形态聚类候选: same_stage_clock
E:\压裂窜扰项目\02 规范化\阳101H34\阳101H34 邻井压力监测\阳101H34-2-16段压裂施工-3井秒点压力监测.xls,1,已用于形态聚类或重复合并,1,参与形态聚类候选: same_stage_clock
E:\压裂窜扰项目\02 规范化\阳101H34\阳101H34 邻井压力监测\阳101H34-2-17段压裂施工-3井秒点压力监测.xls,1,已用于形态聚类或重复合并,1,参与形态聚类候选: same_stage_clock
E:\压裂窜扰项目\02 规范化\阳101H34\阳101H34 邻井压力监测\阳101H34-2-17段压裂施工-4井秒点压力监测.xls,1,已用于形态聚类或重复合并,1,参与形态聚类候选: same_stage_clock
E:\压裂窜扰项目\02 规范化\阳101H34\阳101H34 邻井压力监测\阳101H34-2-18段压裂施工-1井秒点压力监测.xls,1,已用于形态聚类或重复合并,1,参与形态聚类候选: same_stage_clock
E:\压裂窜扰项目\02 规范化\阳101H34\阳101H34 邻井压力监测\阳101H34-2-18段压裂施工-3井秒点压力监测.xls,1,已用于形态聚类或重复合并,1,参与形态聚类候选: same_stage_clock
E:\压裂窜扰项目\02 规范化\阳101H34\阳101H34 邻井压力监测\阳101H34-2-18段压裂施工-4井秒点压力监测.xls,1,已用于形态聚类或重复合并,1,参与形态聚类候选: same_stage_clock
E:\压裂窜扰项目\02 规范化\阳101H34\阳101H34 邻井压力监测\阳101H34-2-20段压裂施工-1井秒点压力监测.xls,1,已用于形态聚类或重复合并,1,参与形态聚类候选: same_stage_clock
E:\压裂窜扰项目\02 规范化\阳101H34\阳101H34 邻井压力监测\阳101H34-2-20段压裂施工-3井秒点压力监测.xls,1,已用于形态聚类或重复合并,1,参与形态聚类候选: same_stage_clock
E:\压裂窜扰项目\02 规范化\阳101H34\阳101H34 邻井压力监测\阳101H34-2-21段压裂施工-1井秒点压力监测.xls,1,已用于形态聚类或重复合并,1,参与形态聚类候选: same_stage_clock
E:\压裂窜扰项目\02 规范化\阳101H34\阳101H34 邻井压力监测\阳101H34-2-21段压裂施工-3井秒点压力监测.xls,1,已用于形态聚类或重复合并,1,参与形态聚类候选: same_stage_clock
E:\压裂窜扰项目\02 规范化\阳101H34\阳101H34 邻井压力监测\阳101H34-2-22段压裂施工-1井秒点压力监测.xls,1,已用于形态聚类或重复合并,1,参与形态聚类候选: same_stage_clock
E:\压裂窜扰项目\02 规范化\阳101H34\阳101H34 邻井压力监测\阳101H34-2-22段压裂施工-3井秒点压力监测.xls,1,已用于形态聚类或重复合并,1,参与形态聚类候选: same_stage_clock
E:\压裂窜扰项目\02 规范化\阳101H34\阳101H34 邻井压力监测\阳101H34-2-23段压裂施工-1井秒点压力监测.xls,1,已用于形态聚类或重复合并,1,参与形态聚类候选: same_stage_clock
E:\压裂窜扰项目\02 规范化\阳101H34\阳101H34 邻井压力监测\阳101H34-2-23段压裂施工-3井秒点压力监测.xls,1,已用于形态聚类或重复合并,1,参与形态聚类候选: same_stage_clock
E:\压裂窜扰项目\02 规范化\阳101H34\阳101H34 邻井压力监测\阳101H34-2-4段压裂施工-3井秒点压力监测.xlsx,1,已用于形态聚类或重复合并,1,参与形态聚类候选: same_stage_clock
E:\压裂窜扰项目\02 规范化\阳101H34\阳101H34 邻井压力监测\阳101H34-2-4段压裂施工-4井秒点压力监测.xlsx,1,已用于形态聚类或重复合并,1,参与形态聚类候选: same_stage_clock
E:\压裂窜扰项目\02 规范化\阳101H34\阳101H34 邻井压力监测\阳101H34-2-5段压裂施工-3井秒点压力监测.xls,1,已用于形态聚类或重复合并,1,参与形态聚类候选: same_stage_clock
E:\压裂窜扰项目\02 规范化\阳101H34\阳101H34 邻井压力监测\阳101H34-2-7段压裂施工-3井秒点压力监测.xls,1,已用于形态聚类或重复合并,1,参与形态聚类候选: same_stage_clock
E:\压裂窜扰项目\02 规范化\阳101H34\阳101H34 邻井压力监测\阳101H34-2-7段压裂施工-6井秒点压力监测.xls,1,已用于形态聚类或重复合并,1,参与形态聚类候选: same_stage_clock
E:\压裂窜扰项目\02 规范化\阳101H34\阳101H34 邻井压力监测\阳101H34-2-8段压裂施工-1井秒点压力监测.xls,1,已用于形态聚类或重复合并,1,参与形态聚类候选: same_stage_clock
E:\压裂窜扰项目\02 规范化\阳101H34\阳101H34 邻井压力监测\阳101H34-2-8段压裂施工-3井秒点压力监测.xls,1,已用于形态聚类或重复合并,1,参与形态聚类候选: same_stage_clock
E:\压裂窜扰项目\02 规范化\阳101H34\阳101H34 邻井压力监测\阳101H34-2-8段压裂施工-4井秒点压力监测.xls,1,已用于形态聚类或重复合并,1,参与形态聚类候选: same_stage_clock
E:\压裂窜扰项目\02 规范化\阳101H34\阳101H34 邻井压力监测\阳101H34-2-9段压裂施工-1井秒点压力监测.xls,1,已用于形态聚类或重复合并,1,参与形态聚类候选: same_stage_clock
E:\压裂窜扰项目\02 规范化\阳101H34\阳101H34 邻井压力监测\阳101H34-2-9段压裂施工-3井秒点压力监测.xls,1,已用于形态聚类或重复合并,1,参与形态聚类候选: same_stage_clock
E:\压裂窜扰项目\02 规范化\阳101H34\阳101H34 邻井压力监测\阳101H34-2-9段压裂施工-4井秒点压力监测.xls,1,已用于形态聚类或重复合并,1,参与形态聚类候选: same_stage_clock
E:\压裂窜扰项目\02 规范化\阳101H34\阳101H34 邻井压力监测\阳101H34-3-10段压裂施工-1井秒点压力监测.xls,1,已用于形态聚类或重复合并,1,参与形态聚类候选: same_stage_clock
E:\压裂窜扰项目\02 规范化\阳101H34\阳101H34 邻井压力监测\阳101H34-3-10段压裂施工-2井秒点压力监测.xls,1,已用于形态聚类或重复合并,1,参与形态聚类候选: same_stage_clock
E:\压裂窜扰项目\02 规范化\阳101H34\阳101H34 邻井压力监测\阳101H34-3-10段压裂施工-4井秒点压力监测.xls,1,已用于形态聚类或重复合并,1,参与形态聚类候选: same_stage_clock
E:\压裂窜扰项目\02 规范化\阳101H34\阳101H34 邻井压力监测\阳101H34-3-13段压裂施工-4井秒点压力监测.xls,1,已用于形态聚类或重复合并,1,参与形态聚类候选: same_stage_clock
E:\压裂窜扰项目\02 规范化\阳101H34\阳101H34 邻井压力监测\阳101H34-3-14段压裂施工-4井秒点压力监测.xls,1,已用于形态聚类或重复合并,1,参与形态聚类候选: same_stage_clock
E:\压裂窜扰项目\02 规范化\阳101H34\阳101H34 邻井压力监测\阳101H34-3-15段压裂施工-4井秒点压力监测.xls,1,已用于形态聚类或重复合并,1,参与形态聚类候选: same_stage_clock
E:\压裂窜扰项目\02 规范化\阳101H34\阳101H34 邻井压力监测\阳101H34-3-16段压裂施工-4井秒点压力监测.xls,1,已用于形态聚类或重复合并,1,参与形态聚类候选: same_stage_clock
E:\压裂窜扰项目\02 规范化\阳101H34\阳101H34 邻井压力监测\阳101H34-3-17段压裂施工-2井秒点压力监测.xls,1,已用于形态聚类或重复合并,1,参与形态聚类候选: same_stage_clock
E:\压裂窜扰项目\02 规范化\阳101H34\阳101H34 邻井压力监测\阳101H34-3-17段压裂施工-4井秒点压力监测.xls,1,已用于形态聚类或重复合并,1,参与形态聚类候选: same_stage_clock
E:\压裂窜扰项目\02 规范化\阳101H34\阳101H34 邻井压力监测\阳101H34-3-18段压裂施工-2井秒点压力监测.xls,1,已用于形态聚类或重复合并,1,参与形态聚类候选: same_stage_clock
E:\压裂窜扰项目\02 规范化\阳101H34\阳101H34 邻井压力监测\阳101H34-3-18段压裂施工-4井秒点压力监测.xls,1,已用于形态聚类或重复合并,1,参与形态聚类候选: same_stage_clock
E:\压裂窜扰项目\02 规范化\阳101H34\阳101H34 邻井压力监测\阳101H34-3-19段压裂施工-2井秒点压力监测.xls,1,已用于形态聚类或重复合并,1,参与形态聚类候选: same_stage_clock
E:\压裂窜扰项目\02 规范化\阳101H34\阳101H34 邻井压力监测\阳101H34-3-19段压裂施工-4井秒点压力监测.xls,1,已用于形态聚类或重复合并,1,参与形态聚类候选: same_stage_clock
E:\压裂窜扰项目\02 规范化\阳101H34\阳101H34 邻井压力监测\阳101H34-3-20段压裂施工-2、4井秒点压力监测.xls,2,已用于形态聚类或重复合并,2,参与形态聚类候选: same_stage_clock
E:\压裂窜扰项目\02 规范化\阳101H34\阳101H34 邻井压力监测\阳101H34-3-21段压裂施工-2井秒点压力监测.xls,1,已用于形态聚类或重复合并,1,参与形态聚类候选: same_stage_clock
E:\压裂窜扰项目\02 规范化\阳101H34\阳101H34 邻井压力监测\阳101H34-3-21段压裂施工-4井秒点压力监测.xls,1,已用于形态聚类或重复合并,1,参与形态聚类候选: same_stage_clock
E:\压裂窜扰项目\02 规范化\阳101H34\阳101H34 邻井压力监测\阳101H34-3-22段压裂施工-2井秒点压力监测.xls,1,已用于形态聚类或重复合并,1,参与形态聚类候选: same_stage_clock
E:\压裂窜扰项目\02 规范化\阳101H34\阳101H34 邻井压力监测\阳101H34-3-22段压裂施工-4井秒点压力监测.xls,1,已用于形态聚类或重复合并,1,参与形态聚类候选: same_stage_clock
E:\压裂窜扰项目\02 规范化\阳101H34\阳101H34 邻井压力监测\阳101H34-3-23段压裂施工-2井秒点压力监测.xls,1,已用于形态聚类或重复合并,1,参与形态聚类候选: same_stage_clock
E:\压裂窜扰项目\02 规范化\阳101H34\阳101H34 邻井压力监测\阳101H34-3-23段压裂施工-4井秒点压力监测.xls,1,已用于形态聚类或重复合并,1,参与形态聚类候选: same_stage_clock
E:\压裂窜扰项目\02 规范化\阳101H34\阳101H34 邻井压力监测\阳101H34-3-25段压裂施工-2、4井秒点压力监测.xlsx,2,已用于形态聚类或重复合并,2,参与形态聚类候选: same_stage_clock
E:\压裂窜扰项目\02 规范化\阳101H34\阳101H34 邻井压力监测\阳101H34-3-2段压裂施工-2井秒点压力监测.xls,1,已用于形态聚类或重复合并,1,参与形态聚类候选: same_stage_clock
E:\压裂窜扰项目\02 规范化\阳101H34\阳101H34 邻井压力监测\阳101H34-3-3段压裂施工-2井秒点压力监测.xls,1,已用于形态聚类或重复合并,1,参与形态聚类候选: same_stage_clock
E:\压裂窜扰项目\02 规范化\阳101H34\阳101H34 邻井压力监测\阳101H34-3-3段压裂施工-4井秒点压力监测.xls,1,已用于形态聚类或重复合并,1,参与形态聚类候选: same_stage_clock
E:\压裂窜扰项目\02 规范化\阳101H34\阳101H34 邻井压力监测\阳101H34-3-4段压裂施工-2井秒点压力监测.xls,1,已用于形态聚类或重复合并,1,参与形态聚类候选: same_stage_clock
E:\压裂窜扰项目\02 规范化\阳101H34\阳101H34 邻井压力监测\阳101H34-3-4段压裂施工-4井秒点压力监测.xls,1,已用于形态聚类或重复合并,1,参与形态聚类候选: same_stage_clock
E:\压裂窜扰项目\02 规范化\阳101H34\阳101H34 邻井压力监测\阳101H34-3-5段压裂施工-4井秒点压力监测.xls,1,已用于形态聚类或重复合并,1,参与形态聚类候选: same_stage_clock
E:\压裂窜扰项目\02 规范化\阳101H34\阳101H34 邻井压力监测\阳101H34-3-6段压裂施工-2井秒点压力监测.xls,1,已用于形态聚类或重复合并,1,参与形态聚类候选: same_stage_clock
E:\压裂窜扰项目\02 规范化\阳101H34\阳101H34 邻井压力监测\阳101H34-3-7段压裂施工-2井秒点压力监测.xls,1,已用于形态聚类或重复合并,1,参与形态聚类候选: same_stage_clock
E:\压裂窜扰项目\02 规范化\阳101H34\阳101H34 邻井压力监测\阳101H34-3-7段压裂施工-4井秒点压力监测.xls,1,已用于形态聚类或重复合并,1,参与形态聚类候选: same_stage_clock
E:\压裂窜扰项目\02 规范化\阳101H34\阳101H34 邻井压力监测\阳101H34-3-8段压裂施工-1井秒点压力监测.xls,1,已用于形态聚类或重复合并,1,参与形态聚类候选: same_stage_clock
E:\压裂窜扰项目\02 规范化\阳101H34\阳101H34 邻井压力监测\阳101H34-3-8段压裂施工-2井秒点压力监测.xls,1,已用于形态聚类或重复合并,1,参与形态聚类候选: same_stage_clock
E:\压裂窜扰项目\02 规范化\阳101H34\阳101H34 邻井压力监测\阳101H34-3-8段压裂施工-4井秒点压力监测.xls,1,已用于形态聚类或重复合并,1,参与形态聚类候选: same_stage_clock
E:\压裂窜扰项目\02 规范化\阳101H34\阳101H34 邻井压力监测\阳101H34-4-10段压裂施工-3井秒点压力监测.xls,1,已用于形态聚类或重复合并,1,参与形态聚类候选: same_stage_clock
E:\压裂窜扰项目\02 规范化\阳101H34\阳101H34 邻井压力监测\阳101H34-4-11段压裂施工-3井秒点压力监测.xls,1,已用于形态聚类或重复合并,1,参与形态聚类候选: same_stage_clock
E:\压裂窜扰项目\02 规范化\阳101H34\阳101H34 邻井压力监测\阳101H34-4-12段压裂施工-2井秒点压力监测.xls,1,已用于形态聚类或重复合并,1,参与形态聚类候选: observed_file_window
E:\压裂窜扰项目\02 规范化\阳101H34\阳101H34 邻井压力监测\阳101H34-4-12段压裂施工-3井秒点压力监测.xls,1,已用于形态聚类或重复合并,1,参与形态聚类候选: observed_file_window
E:\压裂窜扰项目\02 规范化\阳101H34\阳101H34 邻井压力监测\阳101H34-4-13段压裂施工-2、3井秒点压力监测.xls,2,已用于形态聚类或重复合并,2,参与形态聚类候选: same_stage_clock
E:\压裂窜扰项目\02 规范化\阳101H34\阳101H34 邻井压力监测\阳101H34-4-14段压裂施工-2井秒点压力监测.xls,1,已用于形态聚类或重复合并,1,参与形态聚类候选: same_stage_clock
E:\压裂窜扰项目\02 规范化\阳101H34\阳101H34 邻井压力监测\阳101H34-4-14段压裂施工-3井秒点压力监测.xls,1,已用于形态聚类或重复合并,1,参与形态聚类候选: same_stage_clock
E:\压裂窜扰项目\02 规范化\阳101H34\阳101H34 邻井压力监测\阳101H34-4-15段压裂施工-2井秒点压力监测.xls,1,已用于形态聚类或重复合并,1,参与形态聚类候选: same_stage_clock
E:\压裂窜扰项目\02 规范化\阳101H34\阳101H34 邻井压力监测\阳101H34-4-15段压裂施工-3井秒点压力监测.xls,1,已用于形态聚类或重复合并,1,参与形态聚类候选: same_stage_clock
E:\压裂窜扰项目\02 规范化\阳101H34\阳101H34 邻井压力监测\阳101H34-4-16段压裂施工-3井秒点压力监测.xls,1,已用于形态聚类或重复合并,1,参与形态聚类候选: same_stage_clock
E:\压裂窜扰项目\02 规范化\阳101H34\阳101H34 邻井压力监测\阳101H34-4-18段压裂施工-3井秒点压力监测.xls,1,已用于形态聚类或重复合并,1,参与形态聚类候选: same_stage_clock
E:\压裂窜扰项目\02 规范化\阳101H34\阳101H34 邻井压力监测\阳101H34-4-22段压裂施工-3井秒点压力监测.xls,1,已用于形态聚类或重复合并,1,参与形态聚类候选: same_stage_clock
E:\压裂窜扰项目\02 规范化\阳101H34\阳101H34 邻井压力监测\阳101H34-4-4段压裂施工-2井秒点压力监测.xls,1,已用于形态聚类或重复合并,1,参与形态聚类候选: same_stage_clock
E:\压裂窜扰项目\02 规范化\阳101H34\阳101H34 邻井压力监测\阳101H34-4-4段压裂施工-3井秒点压力监测.xls,1,已用于形态聚类或重复合并,1,参与形态聚类候选: same_stage_clock
E:\压裂窜扰项目\02 规范化\阳101H34\阳101H34 邻井压力监测\阳101H34-4-5段压裂施工-2井秒点压力监测.xls,1,已用于形态聚类或重复合并,1,参与形态聚类候选: same_stage_clock
E:\压裂窜扰项目\02 规范化\阳101H34\阳101H34 邻井压力监测\阳101H34-4-5段压裂施工-3井秒点压力监测.xls,1,已用于形态聚类或重复合并,1,参与形态聚类候选: same_stage_clock
E:\压裂窜扰项目\02 规范化\阳101H34\阳101H34 邻井压力监测\阳101H34-4-6段压裂施工-2井秒点压力监测.xls,1,已用于形态聚类或重复合并,1,参与形态聚类候选: same_stage_clock
E:\压裂窜扰项目\02 规范化\阳101H34\阳101H34 邻井压力监测\阳101H34-4-6段压裂施工-3井秒点压力监测.xls,1,已用于形态聚类或重复合并,1,参与形态聚类候选: same_stage_clock
E:\压裂窜扰项目\02 规范化\阳101H34\阳101H34 邻井压力监测\阳101H34-4-7段压裂施工-2井秒点压力监测.xls,1,已用于形态聚类或重复合并,1,参与形态聚类候选: same_stage_clock
E:\压裂窜扰项目\02 规范化\阳101H34\阳101H34 邻井压力监测\阳101H34-4-7段压裂施工-3井秒点压力监测.xls,1,已用于形态聚类或重复合并,1,参与形态聚类候选: same_stage_clock
E:\压裂窜扰项目\02 规范化\阳101H34\阳101H34 邻井压力监测\阳101H34-4-8段压裂施工-3井秒点压力监测.xls,1,已用于形态聚类或重复合并,1,参与形态聚类候选: same_stage_clock
E:\压裂窜扰项目\02 规范化\阳101H34\阳101H34 邻井压力监测\阳101H34-5-5段压裂施工-6井秒点压力监测.xls,1,已用于形态聚类或重复合并,1,参与形态聚类候选: same_stage_clock
E:\压裂窜扰项目\02 规范化\阳101H34\阳101H34 邻井压力监测\阳101H34-5-6段压裂施工-6井秒点压力监测.xls,1,已用于形态聚类或重复合并,1,参与形态聚类候选: observed_file_window
E:\压裂窜扰项目\02 规范化\阳101H34\阳101H34 邻井压力监测\阳101H34-5-9段压裂施工-6井秒点压力监测.xls,1,已用于形态聚类或重复合并,1,参与形态聚类候选: same_stage_clock
E:\压裂窜扰项目\02 规范化\阳101H34\阳101H34 邻井压力监测\阳101H34-6-10段压裂施工-5井秒点压力监测.xls,1,已用于形态聚类或重复合并,1,参与形态聚类候选: same_stage_clock
E:\压裂窜扰项目\02 规范化\阳101H34\阳101H34 邻井压力监测\阳101H34-6-2段压裂施工-5井秒点压力监测.xlsx,1,已用于形态聚类或重复合并,1,参与形态聚类候选: same_stage_clock
E:\压裂窜扰项目\02 规范化\阳101H34\阳101H34 邻井压力监测\阳101H34-6-4段压裂施工-5井秒点压力监测.xls,1,已用于形态聚类或重复合并,1,参与形态聚类候选: same_stage_clock
E:\压裂窜扰项目\02 规范化\阳101H34\阳101H34 邻井压力监测\阳101H34-6-5段压裂施工-5井秒点压力监测.xls,1,已用于形态聚类或重复合并,1,参与形态聚类候选: same_stage_clock
E:\压裂窜扰项目\02 规范化\阳101H34\阳101H34 邻井压力监测\阳101H34-6-6段压裂施工-5井秒点压力监测.xls,1,已用于形态聚类或重复合并,1,参与形态聚类候选: same_stage_clock
E:\压裂窜扰项目\02 规范化\阳101H34\阳101H34 邻井压力监测\阳101H34-6-8段压裂施工-5井秒点压力监测.xls,1,已用于形态聚类或重复合并,1,参与形态聚类候选: same_stage_clock
E:\压裂窜扰项目\02 规范化\阳101H34\阳101H34 邻井压力监测\阳101H34-6-9段压裂施工-5井秒点压力监测.xls,1,已用于形态聚类或重复合并,1,参与形态聚类候选: same_stage_clock
E:\压裂窜扰项目\02 规范化\阳101H34\阳101H34 邻井压力监测\阳101H34_2井首段压裂过程3井压力上涨秒点.xlsx,1,已用于形态聚类或重复合并,1,参与形态聚类候选: same_stage_clock
E:\压裂窜扰项目\02 规范化\阳101H35\阳101H35 邻井压力监测\1井压裂期间邻井压力检测_1井第10段 压裂质量数量监控表（邻井压力、井口、砂量）.xlsx,3,已用于形态聚类或重复合并,3,重复或补充片段已合并: 相同事件/通道且压力一致，仅计一个样本
E:\压裂窜扰项目\02 规范化\阳101H35\阳101H35 邻井压力监测\1井压裂期间邻井压力检测_1井第11段 压裂质量数量监控表（邻井压力、井口、砂量）.xlsx,3,已用于形态聚类或重复合并,3,重复或补充片段已合并: 相同事件/通道且压力一致，仅计一个样本
E:\压裂窜扰项目\02 规范化\阳101H35\阳101H35 邻井压力监测\1井压裂期间邻井压力检测_1井第12段 压裂质量数量监控表（邻井压力、井口、砂量）.xlsx,3,已用于形态聚类或重复合并,3,重复或补充片段已合并: 相同事件/通道且压力一致，仅计一个样本
E:\压裂窜扰项目\02 规范化\阳101H35\阳101H35 邻井压力监测\1井压裂期间邻井压力检测_1井第13段 压裂质量数量监控表（邻井压力、井口、砂量） .xlsx,3,已用于形态聚类或重复合并,3,参与形态聚类候选: observed_file_window
E:\压裂窜扰项目\02 规范化\阳101H35\阳101H35 邻井压力监测\1井压裂期间邻井压力检测_1井第14段 压裂质量数量监控表（邻井压力、井口、砂量）  .xlsx,3,已用于形态聚类或重复合并,3,参与形态聚类候选: observed_file_window
E:\压裂窜扰项目\02 规范化\阳101H35\阳101H35 邻井压力监测\1井压裂期间邻井压力检测_1井第15段 压裂质量数量监控表（邻井压力、井口、砂量）.xlsx,3,已用于形态聚类或重复合并,3,参与形态聚类候选: observed_file_window
E:\压裂窜扰项目\02 规范化\阳101H35\阳101H35 邻井压力监测\1井压裂期间邻井压力检测_1井第16段 压裂质量数量监控表（邻井压力、井口、砂量）.xlsx,3,已用于形态聚类或重复合并,3,参与形态聚类候选: observed_file_window
E:\压裂窜扰项目\02 规范化\阳101H35\阳101H35 邻井压力监测\1井压裂期间邻井压力检测_1井第17段 压裂质量数量监控表（邻井压力、井口、砂量）.xlsx,3,已用于形态聚类或重复合并,3,参与形态聚类候选: observed_file_window
E:\压裂窜扰项目\02 规范化\阳101H35\阳101H35 邻井压力监测\1井压裂期间邻井压力检测_1井第18段 压裂质量数量监控表（邻井压力、井口、砂量）.xlsx,3,已用于形态聚类或重复合并,3,参与形态聚类候选: observed_file_window
E:\压裂窜扰项目\02 规范化\阳101H35\阳101H35 邻井压力监测\1井压裂期间邻井压力检测_1井第19段 压裂质量数量监控表（邻井压力、井口、砂量）.xlsx,3,已用于形态聚类或重复合并,3,参与形态聚类候选: same_stage_clock
E:\压裂窜扰项目\02 规范化\阳101H35\阳101H35 邻井压力监测\1井压裂期间邻井压力检测_1井第1段 压裂质量数量监控表（邻井压力、井口、砂量）.xlsx,3,已用于形态聚类或重复合并,3,参与形态聚类候选: observed_file_window
E:\压裂窜扰项目\02 规范化\阳101H35\阳101H35 邻井压力监测\1井压裂期间邻井压力检测_1井第20段 压裂质量数量监控表（邻井压力、井口、砂量）.xlsx,3,已用于形态聚类或重复合并,3,参与形态聚类候选: observed_file_window
E:\压裂窜扰项目\02 规范化\阳101H35\阳101H35 邻井压力监测\1井压裂期间邻井压力检测_1井第21段 压裂质量数量监控表（邻井压力、井口、砂量）.xlsx,4,已用于形态聚类或重复合并,4,参与形态聚类候选: observed_file_window
E:\压裂窜扰项目\02 规范化\阳101H35\阳101H35 邻井压力监测\1井压裂期间邻井压力检测_1井第22段 压裂质量数量监控表（邻井压力、井口、砂量）.xlsx,6,已用于形态聚类或重复合并,6,参与形态聚类候选: observed_file_window
E:\压裂窜扰项目\02 规范化\阳101H35\阳101H35 邻井压力监测\1井压裂期间邻井压力检测_1井第23段 压裂质量数量监控表（邻井压力、井口、砂量）.xlsx,6,已用于形态聚类或重复合并,6,参与形态聚类候选: observed_file_window
E:\压裂窜扰项目\02 规范化\阳101H35\阳101H35 邻井压力监测\1井压裂期间邻井压力检测_1井第2段 压裂质量数量监控表（邻井压力、井口、砂量）.xlsx,3,已用于形态聚类或重复合并,3,重复或补充片段已合并: 相同事件/通道且压力一致，仅计一个样本；参与形态聚类候选: same_stage_clock
E:\压裂窜扰项目\02 规范化\阳101H35\阳101H35 邻井压力监测\1井压裂期间邻井压力检测_1井第3段 压裂质量数量监控表（邻井压力、井口、砂量）.xlsx,3,已用于形态聚类或重复合并,3,重复或补充片段已合并: 相同事件/通道且压力一致，仅计一个样本；参与形态聚类候选: same_stage_clock
E:\压裂窜扰项目\02 规范化\阳101H35\阳101H35 邻井压力监测\1井压裂期间邻井压力检测_1井第4段 压裂质量数量监控表（邻井压力、井口、砂量）.xlsx,3,已用于形态聚类或重复合并,3,重复或补充片段已合并: 相同事件/通道且压力一致，仅计一个样本；参与形态聚类候选: same_stage_clock
E:\压裂窜扰项目\02 规范化\阳101H35\阳101H35 邻井压力监测\1井压裂期间邻井压力检测_1井第5段 压裂质量数量监控表（邻井压力、井口、砂量）.xlsx,3,已用于形态聚类或重复合并,3,重复或补充片段已合并: 相同事件/通道且压力一致，仅计一个样本；参与形态聚类候选: same_stage_clock
E:\压裂窜扰项目\02 规范化\阳101H35\阳101H35 邻井压力监测\1井压裂期间邻井压力检测_1井第6段 压裂质量数量监控表（邻井压力、井口、砂量）.xlsx,3,已用于形态聚类或重复合并,3,参与形态聚类候选: same_stage_clock
E:\压裂窜扰项目\02 规范化\阳101H35\阳101H35 邻井压力监测\1井压裂期间邻井压力检测_1井第7段 压裂质量数量监控表（邻井压力、井口、砂量）.xlsx,3,已用于形态聚类或重复合并,3,重复或补充片段已合并: 相同事件/通道且压力一致，仅计一个样本；参与形态聚类候选: same_stage_clock
E:\压裂窜扰项目\02 规范化\阳101H35\阳101H35 邻井压力监测\1井压裂期间邻井压力检测_1井第8段 压裂质量数量监控表（邻井压力、井口、砂量）.xlsx,3,已用于形态聚类或重复合并,3,重复或补充片段已合并: 相同事件/通道且压力一致，仅计一个样本
E:\压裂窜扰项目\02 规范化\阳101H35\阳101H35 邻井压力监测\1井压裂期间邻井压力检测_1井第9段 压裂质量数量监控表（邻井压力、井口、砂量）.xlsx,3,已用于形态聚类或重复合并,3,重复或补充片段已合并: 相同事件/通道且压力一致，仅计一个样本
E:\压裂窜扰项目\02 规范化\阳101H35\阳101H35 邻井压力监测\2井压裂期间邻井压力检测_2井第10段 压裂质量数量监控表（邻井压力、井口、砂量） .xlsx,3,已用于形态聚类或重复合并,3,参与形态聚类候选: observed_file_window
E:\压裂窜扰项目\02 规范化\阳101H35\阳101H35 邻井压力监测\2井压裂期间邻井压力检测_2井第11段 压裂质量数量监控表（邻井压力、井口、砂量）.xlsx,3,已用于形态聚类或重复合并,3,参与形态聚类候选: same_stage_clock
E:\压裂窜扰项目\02 规范化\阳101H35\阳101H35 邻井压力监测\2井压裂期间邻井压力检测_2井第12段 压裂质量数量监控表（邻井压力、井口、砂量）.xlsx,3,已用于形态聚类或重复合并,3,重复或补充片段已合并: 相同事件/通道且压力一致，仅计一个样本
E:\压裂窜扰项目\02 规范化\阳101H35\阳101H35 邻井压力监测\2井压裂期间邻井压力检测_2井第13段 压裂质量数量监控表（邻井压力、井口、砂量）.xlsx,3,已用于形态聚类或重复合并,3,参与形态聚类候选: same_stage_clock
E:\压裂窜扰项目\02 规范化\阳101H35\阳101H35 邻井压力监测\2井压裂期间邻井压力检测_2井第14段 压裂质量数量监控表（邻井压力、井口、砂量）.xlsx,3,已用于形态聚类或重复合并,3,参与形态聚类候选: observed_file_window
E:\压裂窜扰项目\02 规范化\阳101H35\阳101H35 邻井压力监测\2井压裂期间邻井压力检测_2井第15段 压裂质量数量监控表（邻井压力、井口、砂量）.xlsx,3,已用于形态聚类或重复合并,3,参与形态聚类候选: observed_file_window
E:\压裂窜扰项目\02 规范化\阳101H35\阳101H35 邻井压力监测\2井压裂期间邻井压力检测_2井第16段 压裂质量数量监控表（邻井压力、井口、砂量）.xlsx,3,已用于形态聚类或重复合并,3,参与形态聚类候选: observed_file_window
E:\压裂窜扰项目\02 规范化\阳101H35\阳101H35 邻井压力监测\2井压裂期间邻井压力检测_2井第17段 压裂质量数量监控表（邻井压力、井口、砂量）.xlsx,3,已用于形态聚类或重复合并,3,参与形态聚类候选: observed_file_window
E:\压裂窜扰项目\02 规范化\阳101H35\阳101H35 邻井压力监测\2井压裂期间邻井压力检测_2井第18段 压裂质量数量监控表（邻井压力、井口、砂量）.xlsx,3,已用于形态聚类或重复合并,3,参与形态聚类候选: observed_file_window
E:\压裂窜扰项目\02 规范化\阳101H35\阳101H35 邻井压力监测\2井压裂期间邻井压力检测_2井第19段 压裂质量数量监控表（邻井压力、井口、砂量） .xlsx,3,已用于形态聚类或重复合并,3,参与形态聚类候选: observed_file_window
E:\压裂窜扰项目\02 规范化\阳101H35\阳101H35 邻井压力监测\2井压裂期间邻井压力检测_2井第1段 压裂质量数量监控表（邻井压力、井口、砂量）.xlsx,3,已用于形态聚类或重复合并,3,重复或补充片段已合并: 相同事件/通道且压力一致，仅计一个样本；参与形态聚类候选: same_stage_clock
E:\压裂窜扰项目\02 规范化\阳101H35\阳101H35 邻井压力监测\2井压裂期间邻井压力检测_2井第20段 压裂质量数量监控表（邻井压力、井口、砂量）  .xlsx,3,已用于形态聚类或重复合并,3,参与形态聚类候选: observed_file_window
E:\压裂窜扰项目\02 规范化\阳101H35\阳101H35 邻井压力监测\2井压裂期间邻井压力检测_2井第21段 压裂质量数量监控表（邻井压力、井口、砂量）  .xlsx,3,已用于形态聚类或重复合并,3,参与形态聚类候选: observed_file_window
E:\压裂窜扰项目\02 规范化\阳101H35\阳101H35 邻井压力监测\2井压裂期间邻井压力检测_2井第2段 压裂质量数量监控表（邻井压力、井口、砂量）.xlsx,3,已用于形态聚类或重复合并,3,参与形态聚类候选: same_stage_clock
E:\压裂窜扰项目\02 规范化\阳101H35\阳101H35 邻井压力监测\2井压裂期间邻井压力检测_2井第3段 压裂质量数量监控表（邻井压力、井口、砂量）.xlsx,3,已用于形态聚类或重复合并,3,重复或补充片段已合并: 相同事件/通道且压力一致，仅计一个样本；参与形态聚类候选: same_stage_clock
E:\压裂窜扰项目\02 规范化\阳101H35\阳101H35 邻井压力监测\2井压裂期间邻井压力检测_2井第4段 压裂质量数量监控表（邻井压力、井口、砂量）.xlsx,3,已用于形态聚类或重复合并,3,重复或补充片段已合并: 相同事件/通道且压力一致，仅计一个样本；参与形态聚类候选: same_stage_clock
E:\压裂窜扰项目\02 规范化\阳101H35\阳101H35 邻井压力监测\2井压裂期间邻井压力检测_2井第5段 压裂质量数量监控表（邻井压力、井口、砂量）.xlsx,3,已用于形态聚类或重复合并,3,参与形态聚类候选: same_stage_clock
E:\压裂窜扰项目\02 规范化\阳101H35\阳101H35 邻井压力监测\2井压裂期间邻井压力检测_2井第6段 压裂质量数量监控表（邻井压力、井口、砂量）.xlsx,3,已用于形态聚类或重复合并,3,参与形态聚类候选: same_stage_clock
E:\压裂窜扰项目\02 规范化\阳101H35\阳101H35 邻井压力监测\2井压裂期间邻井压力检测_2井第7段 压裂质量数量监控表（邻井压力、井口、砂量）.xlsx,3,已用于形态聚类或重复合并,3,重复或补充片段已合并: 相同事件/通道且压力一致，仅计一个样本
E:\压裂窜扰项目\02 规范化\阳101H35\阳101H35 邻井压力监测\2井压裂期间邻井压力检测_2井第8段 压裂质量数量监控表（邻井压力、井口、砂量）.xlsx,3,已用于形态聚类或重复合并,3,重复或补充片段已合并: 相同事件/通道且压力一致，仅计一个样本
E:\压裂窜扰项目\02 规范化\阳101H35\阳101H35 邻井压力监测\2井压裂期间邻井压力检测_2井第9段 压裂质量数量监控表（邻井压力、井口、砂量） .xlsx,3,已用于形态聚类或重复合并,3,重复或补充片段已合并: 相同事件/通道且压力一致，仅计一个样本
E:\压裂窜扰项目\02 规范化\阳101H35\阳101H35 邻井压力监测\35平台压裂期间36平台压力分钟数据_(1)井_1#流程_分钟数据4月11日0点至4月21日0点.csv,4,未形成聚类样本,0,无法形成完整形态样本: 连续记录超过18小时且无法可靠切分事件
E:\压裂窜扰项目\02 规范化\阳101H35\阳101H35 邻井压力监测\35平台压裂期间36平台压力分钟数据_(1)井_1#流程_分钟数据4月21日0点至4月30日0点.csv,4,未形成聚类样本,0,无法形成完整形态样本: 连续记录超过18小时且无法可靠切分事件
E:\压裂窜扰项目\02 规范化\阳101H35\阳101H35 邻井压力监测\35平台压裂期间36平台压力分钟数据_(1)井_1#流程_分钟数据4月30日0点至5月19日0点.csv,4,未形成聚类样本,0,无法形成完整形态样本: 连续记录超过18小时且无法可靠切分事件
E:\压裂窜扰项目\02 规范化\阳101H35\阳101H35 邻井压力监测\35平台压裂期间36平台压力分钟数据_(1)井_1#流程_分钟数据5月19日0点至5月31日0点.csv,4,未形成聚类样本,0,无法形成完整形态样本: 连续记录超过18小时且无法可靠切分事件
E:\压裂窜扰项目\02 规范化\阳101H35\阳101H35 邻井压力监测\35平台压裂期间36平台压力分钟数据_(1)井_1#流程_分钟数据5月31日0点至6月19日0点.csv,4,未形成聚类样本,0,无法形成完整形态样本: 连续记录超过18小时且无法可靠切分事件
E:\压裂窜扰项目\02 规范化\阳101H35\阳101H35 邻井压力监测\35平台压裂期间36平台压力分钟数据_(1)井_1#流程_分钟数据6月19日0点至7月05日14：53.csv,4,未形成聚类样本,0,无法形成完整形态样本: 连续记录超过18小时且无法可靠切分事件
E:\压裂窜扰项目\02 规范化\阳101H35\阳101H35 邻井压力监测\35平台压裂期间36平台压力分钟数据_(2)井_2#流程_分钟数据4月11日0点至4月30日0点.csv,4,未形成聚类样本,0,无法形成完整形态样本: 连续记录超过18小时且无法可靠切分事件
E:\压裂窜扰项目\02 规范化\阳101H35\阳101H35 邻井压力监测\35平台压裂期间36平台压力分钟数据_(2)井_2#流程_分钟数据4月30日0点至5月19日0点.csv,4,未形成聚类样本,0,无法形成完整形态样本: 连续记录超过18小时且无法可靠切分事件
E:\压裂窜扰项目\02 规范化\阳101H35\阳101H35 邻井压力监测\35平台压裂期间36平台压力分钟数据_(2)井_2#流程_分钟数据5月19日0点至5月31日0点.csv,4,未形成聚类样本,0,无法形成完整形态样本: 连续记录超过18小时且无法可靠切分事件
E:\压裂窜扰项目\02 规范化\阳101H35\阳101H35 邻井压力监测\35平台压裂期间36平台压力分钟数据_(2)井_2#流程_分钟数据5月31日0点至6月19日0点.csv,4,未形成聚类样本,0,无法形成完整形态样本: 连续记录超过18小时且无法可靠切分事件
E:\压裂窜扰项目\02 规范化\阳101H35\阳101H35 邻井压力监测\35平台压裂期间36平台压力分钟数据_(2)井_2#流程_分钟数据6月19日0点至7月05日14：53.csv,4,未形成聚类样本,0,无法形成完整形态样本: 连续记录超过18小时且无法可靠切分事件
E:\压裂窜扰项目\02 规范化\阳101H35\阳101H35 邻井压力监测\35平台压裂期间36平台压力分钟数据_(3)井_3#流程_分钟数据4月11日0点至4月30日0点.csv,4,未形成聚类样本,0,无法形成完整形态样本: 连续记录超过18小时且无法可靠切分事件
E:\压裂窜扰项目\02 规范化\阳101H35\阳101H35 邻井压力监测\35平台压裂期间36平台压力分钟数据_(3)井_3#流程_分钟数据4月30日0点至5月19日0点.csv,4,未形成聚类样本,0,无法形成完整形态样本: 连续记录超过18小时且无法可靠切分事件
E:\压裂窜扰项目\02 规范化\阳101H35\阳101H35 邻井压力监测\35平台压裂期间36平台压力分钟数据_(3)井_3#流程_分钟数据5月19日0点至5月31日0点.csv,4,未形成聚类样本,0,无法形成完整形态样本: 连续记录超过18小时且无法可靠切分事件
E:\压裂窜扰项目\02 规范化\阳101H35\阳101H35 邻井压力监测\35平台压裂期间36平台压力分钟数据_(3)井_3#流程_分钟数据5月31日0点至6月19日0点.csv,4,未形成聚类样本,0,无法形成完整形态样本: 连续记录超过18小时且无法可靠切分事件
E:\压裂窜扰项目\02 规范化\阳101H35\阳101H35 邻井压力监测\35平台压裂期间36平台压力分钟数据_(3)井_3#流程_分钟数据6月19日0点至7月05日14：53.csv,4,未形成聚类样本,0,无法形成完整形态样本: 连续记录超过18小时且无法可靠切分事件
E:\压裂窜扰项目\02 规范化\阳101H35\阳101H35 邻井压力监测\35平台压裂期间36平台压力分钟数据_(4)井_4#流程_分钟数据4月11日0点至4月30日0点.csv,4,未形成聚类样本,0,无法形成完整形态样本: 连续记录超过18小时且无法可靠切分事件
E:\压裂窜扰项目\02 规范化\阳101H35\阳101H35 邻井压力监测\35平台压裂期间36平台压力分钟数据_(4)井_4#流程_分钟数据4月30日0点至5月19日0点.csv,4,未形成聚类样本,0,无法形成完整形态样本: 连续记录超过18小时且无法可靠切分事件
E:\压裂窜扰项目\02 规范化\阳101H35\阳101H35 邻井压力监测\35平台压裂期间36平台压力分钟数据_(4)井_4#流程_分钟数据5月19日0点至5月31日0点.csv,4,未形成聚类样本,0,无法形成完整形态样本: 连续记录超过18小时且无法可靠切分事件
E:\压裂窜扰项目\02 规范化\阳101H35\阳101H35 邻井压力监测\35平台压裂期间36平台压力分钟数据_(4)井_4#流程_分钟数据5月31日0点至6月19日0点.csv,4,未形成聚类样本,0,无法形成完整形态样本: 连续记录超过18小时且无法可靠切分事件
E:\压裂窜扰项目\02 规范化\阳101H35\阳101H35 邻井压力监测\35平台压裂期间36平台压力分钟数据_(4)井_4#流程_分钟数据6月19日0点至7月05日14：53.csv,4,未形成聚类样本,0,无法形成完整形态样本: 连续记录超过18小时且无法可靠切分事件
E:\压裂窜扰项目\02 规范化\阳101H35\阳101H35 邻井压力监测\35平台压裂期间36平台压力分钟数据_(5)井_5#流程_分钟数据4月11日0点至4月30日0点.csv,4,未形成聚类样本,0,无法形成完整形态样本: 连续记录超过18小时且无法可靠切分事件
E:\压裂窜扰项目\02 规范化\阳101H35\阳101H35 邻井压力监测\35平台压裂期间36平台压力分钟数据_(5)井_5#流程_分钟数据4月30日0点至5月19日0点.csv,4,未形成聚类样本,0,无法形成完整形态样本: 连续记录超过18小时且无法可靠切分事件
E:\压裂窜扰项目\02 规范化\阳101H35\阳101H35 邻井压力监测\35平台压裂期间36平台压力分钟数据_(5)井_5#流程_分钟数据5月19日0点至5月31日0点.csv,4,未形成聚类样本,0,无法形成完整形态样本: 连续记录超过18小时且无法可靠切分事件
E:\压裂窜扰项目\02 规范化\阳101H35\阳101H35 邻井压力监测\35平台压裂期间36平台压力分钟数据_(5)井_5#流程_分钟数据5月31日0点至6月19日0点.csv,4,未形成聚类样本,0,无法形成完整形态样本: 连续记录超过18小时且无法可靠切分事件
E:\压裂窜扰项目\02 规范化\阳101H35\阳101H35 邻井压力监测\35平台压裂期间36平台压力分钟数据_(5)井_5#流程_分钟数据6月19日0点至7月05日14：53.csv,4,未形成聚类样本,0,无法形成完整形态样本: 连续记录超过18小时且无法可靠切分事件
E:\压裂窜扰项目\02 规范化\阳101H35\阳101H35 邻井压力监测\35平台压裂期间36平台压力分钟数据_(6)井_6#流程_分钟数据4月11日0点至4月30日0点.csv,4,未形成聚类样本,0,无法形成完整形态样本: 连续记录超过18小时且无法可靠切分事件
E:\压裂窜扰项目\02 规范化\阳101H35\阳101H35 邻井压力监测\35平台压裂期间36平台压力分钟数据_(6)井_6#流程_分钟数据4月30日0点至5月19日0点.csv,4,未形成聚类样本,0,无法形成完整形态样本: 连续记录超过18小时且无法可靠切分事件
E:\压裂窜扰项目\02 规范化\阳101H35\阳101H35 邻井压力监测\35平台压裂期间36平台压力分钟数据_(6)井_6#流程_分钟数据5月19日0点至5月31日0点.csv,4,未形成聚类样本,0,无法形成完整形态样本: 连续记录超过18小时且无法可靠切分事件
E:\压裂窜扰项目\02 规范化\阳101H35\阳101H35 邻井压力监测\35平台压裂期间36平台压力分钟数据_(6)井_6#流程_分钟数据5月31日0点至6月19日0点.csv,4,未形成聚类样本,0,无法形成完整形态样本: 连续记录超过18小时且无法可靠切分事件
E:\压裂窜扰项目\02 规范化\阳101H35\阳101H35 邻井压力监测\35平台压裂期间36平台压力分钟数据_(6)井_6#流程_分钟数据6月19日0点至7月05日14：53.csv,4,未形成聚类样本,0,无法形成完整形态样本: 连续记录超过18小时且无法可靠切分事件
E:\压裂窜扰项目\02 规范化\阳101H35\阳101H35 邻井压力监测\35平台压裂期间36平台压力分钟数据_(7)井_7#流程_分钟数据4月11日0点至4月30日0点.csv,4,未形成聚类样本,0,无法形成完整形态样本: 连续记录超过18小时且无法可靠切分事件
E:\压裂窜扰项目\02 规范化\阳101H35\阳101H35 邻井压力监测\35平台压裂期间36平台压力分钟数据_(7)井_7#流程_分钟数据4月30日0点至5月19日0点.csv,4,未形成聚类样本,0,无法形成完整形态样本: 连续记录超过18小时且无法可靠切分事件
E:\压裂窜扰项目\02 规范化\阳101H35\阳101H35 邻井压力监测\35平台压裂期间36平台压力分钟数据_(7)井_7#流程_分钟数据5月19日0点至5月31日0点.csv,4,未形成聚类样本,0,无法形成完整形态样本: 连续记录超过18小时且无法可靠切分事件
E:\压裂窜扰项目\02 规范化\阳101H35\阳101H35 邻井压力监测\35平台压裂期间36平台压力分钟数据_(7)井_7#流程_分钟数据5月31日0点至6月19日0点.csv,4,未形成聚类样本,0,无法形成完整形态样本: 连续记录超过18小时且无法可靠切分事件
E:\压裂窜扰项目\02 规范化\阳101H35\阳101H35 邻井压力监测\35平台压裂期间36平台压力分钟数据_(7)井_7#流程_分钟数据6月19日0点至7月05日14：53.csv,4,未形成聚类样本,0,无法形成完整形态样本: 连续记录超过18小时且无法可靠切分事件
E:\压裂窜扰项目\02 规范化\阳101H35\阳101H35 邻井压力监测\3井压裂期间邻井压力检测_3井第10段 压裂质量数量监控表（邻井压力、井口、砂量）.xlsx,3,已用于形态聚类或重复合并,3,参与形态聚类候选: observed_file_window
E:\压裂窜扰项目\02 规范化\阳101H35\阳101H35 邻井压力监测\3井压裂期间邻井压力检测_3井第11段 压裂质量数量监控表（邻井压力、井口、砂量） .xlsx,3,已用于形态聚类或重复合并,3,重复或补充片段已合并: 相同事件/通道且压力一致，仅计一个样本
E:\压裂窜扰项目\02 规范化\阳101H35\阳101H35 邻井压力监测\3井压裂期间邻井压力检测_3井第12段 压裂质量数量监控表（邻井压力、井口、砂量） .xlsx,3,已用于形态聚类或重复合并,3,参与形态聚类候选: observed_file_window
E:\压裂窜扰项目\02 规范化\阳101H35\阳101H35 邻井压力监测\3井压裂期间邻井压力检测_3井第13段 压裂质量数量监控表（邻井压力、井口、砂量） .xlsx,3,已用于形态聚类或重复合并,3,重复或补充片段已合并: 相同事件/通道且压力一致，仅计一个样本
E:\压裂窜扰项目\02 规范化\阳101H35\阳101H35 邻井压力监测\3井压裂期间邻井压力检测_3井第14段 压裂质量数量监控表（邻井压力、井口、砂量） .xlsx,3,已用于形态聚类或重复合并,3,参与形态聚类候选: observed_file_window
E:\压裂窜扰项目\02 规范化\阳101H35\阳101H35 邻井压力监测\3井压裂期间邻井压力检测_3井第15段 压裂质量数量监控表（邻井压力、井口、砂量）.xlsx,3,已用于形态聚类或重复合并,3,参与形态聚类候选: observed_file_window
E:\压裂窜扰项目\02 规范化\阳101H35\阳101H35 邻井压力监测\3井压裂期间邻井压力检测_3井第16段 压裂质量数量监控表（邻井压力、井口、砂量）.xlsx,3,已用于形态聚类或重复合并,3,参与形态聚类候选: observed_file_window
E:\压裂窜扰项目\02 规范化\阳101H35\阳101H35 邻井压力监测\3井压裂期间邻井压力检测_3井第17段 压裂质量数量监控表（邻井压力、井口、砂量）.xlsx,3,已用于形态聚类或重复合并,3,参与形态聚类候选: observed_file_window
E:\压裂窜扰项目\02 规范化\阳101H35\阳101H35 邻井压力监测\3井压裂期间邻井压力检测_3井第18段 压裂质量数量监控表（邻井压力、井口、砂量）.xlsx,4,已用于形态聚类或重复合并,4,参与形态聚类候选: observed_file_window
E:\压裂窜扰项目\02 规范化\阳101H35\阳101H35 邻井压力监测\3井压裂期间邻井压力检测_3井第19段 压裂质量数量监控表（邻井压力、井口、砂量）.xlsx,4,已用于形态聚类或重复合并,4,参与形态聚类候选: observed_file_window
E:\压裂窜扰项目\02 规范化\阳101H35\阳101H35 邻井压力监测\3井压裂期间邻井压力检测_3井第1段 压裂质量数量监控表（邻井压力、井口、砂量）.xlsx,3,已用于形态聚类或重复合并,3,参与形态聚类候选: observed_file_window
E:\压裂窜扰项目\02 规范化\阳101H35\阳101H35 邻井压力监测\3井压裂期间邻井压力检测_3井第20段 压裂质量数量监控表（邻井压力、井口、砂量）.xlsx,4,已用于形态聚类或重复合并,4,参与形态聚类候选: observed_file_window
E:\压裂窜扰项目\02 规范化\阳101H35\阳101H35 邻井压力监测\3井压裂期间邻井压力检测_3井第21段 压裂质量数量监控表（邻井压力、井口、砂量）.xlsx,4,已用于形态聚类或重复合并,4,参与形态聚类候选: observed_file_window
E:\压裂窜扰项目\02 规范化\阳101H35\阳101H35 邻井压力监测\3井压裂期间邻井压力检测_3井第22段 压裂质量数量监控表（邻井压力、井口、砂量）.xlsx,4,已用于形态聚类或重复合并,4,参与形态聚类候选: observed_file_window
E:\压裂窜扰项目\02 规范化\阳101H35\阳101H35 邻井压力监测\3井压裂期间邻井压力检测_3井第2段 压裂质量数量监控表（邻井压力、井口、砂量）.xlsx,3,已用于形态聚类或重复合并,3,参与形态聚类候选: observed_file_window
E:\压裂窜扰项目\02 规范化\阳101H35\阳101H35 邻井压力监测\3井压裂期间邻井压力检测_3井第3段 压裂质量数量监控表（邻井压力、井口、砂量）.xlsx,3,已用于形态聚类或重复合并,3,参与形态聚类候选: observed_file_window
E:\压裂窜扰项目\02 规范化\阳101H35\阳101H35 邻井压力监测\3井压裂期间邻井压力检测_3井第4段 压裂质量数量监控表（邻井压力、井口、砂量）.xlsx,3,已用于形态聚类或重复合并,3,参与形态聚类候选: observed_file_window
E:\压裂窜扰项目\02 规范化\阳101H35\阳101H35 邻井压力监测\3井压裂期间邻井压力检测_3井第5段 压裂质量数量监控表（邻井压力、井口、砂量）.xlsx,3,已用于形态聚类或重复合并,3,参与形态聚类候选: observed_file_window
E:\压裂窜扰项目\02 规范化\阳101H35\阳101H35 邻井压力监测\3井压裂期间邻井压力检测_3井第6段 压裂质量数量监控表（邻井压力、井口、砂量）.xlsx,3,已用于形态聚类或重复合并,3,参与形态聚类候选: observed_file_window
E:\压裂窜扰项目\02 规范化\阳101H35\阳101H35 邻井压力监测\3井压裂期间邻井压力检测_3井第7段 压裂质量数量监控表（邻井压力、井口、砂量）.xlsx,3,已用于形态聚类或重复合并,3,参与形态聚类候选: observed_file_window
E:\压裂窜扰项目\02 规范化\阳101H35\阳101H35 邻井压力监测\3井压裂期间邻井压力检测_3井第8段 压裂质量数量监控表（邻井压力、井口、砂量）.xlsx,3,已用于形态聚类或重复合并,3,重复或补充片段已合并: 相同事件/通道且压力一致，仅计一个样本
E:\压裂窜扰项目\02 规范化\阳101H35\阳101H35 邻井压力监测\3井压裂期间邻井压力检测_3井第9段 压裂质量数量监控表（邻井压力、井口、砂量）.xlsx,3,已用于形态聚类或重复合并,3,重复或补充片段已合并: 相同事件/通道且压力一致，仅计一个样本
E:\压裂窜扰项目\02 规范化\阳101H35\阳101H35 邻井压力监测\阳101H35平台134井套压分点数据.xls,3,未形成聚类样本,0,无法形成完整形态样本: 连续记录超过18小时且无法可靠切分事件
E:\压裂窜扰项目\02 规范化\阳101H35\阳101H35 邻井压力监测\阳101H35平台134井套压秒点数据.xls,3,未形成聚类样本,0,无法形成完整形态样本: 连续记录超过18小时且无法可靠切分事件
E:\压裂窜扰项目\02 规范化\阳101H35\阳101H35 邻井压力监测\阳101H35平台1井、3井（5.7上午）压力分点数据.xls,2,已用于形态聚类或重复合并,2,重复或补充片段已合并: 相同事件/通道且压力一致，仅计一个样本
E:\压裂窜扰项目\02 规范化\阳101H35\阳101H35 邻井压力监测\阳101H35平台1井、3井（5.7上午）压力秒点数据.xls,2,已用于形态聚类或重复合并,2,参与形态聚类候选: observed_file_window
E:\压裂窜扰项目\02 规范化\阳101H35\阳101H35 邻井压力监测\阳101H35平台1井、3井（5.7下午）压力分点数据.xls,2,已用于形态聚类或重复合并,2,重复或补充片段已合并: 相同事件/通道且压力一致，仅计一个样本
E:\压裂窜扰项目\02 规范化\阳101H35\阳101H35 邻井压力监测\阳101H35平台1井、3井（5.7下午）压力秒点数据.xls,2,已用于形态聚类或重复合并,2,参与形态聚类候选: observed_file_window
E:\压裂窜扰项目\02 规范化\阳101H35\阳101H35 邻井压力监测\阳101H35平台1井、3井（5.8）压力分点数据.xls,2,已用于形态聚类或重复合并,2,重复或补充片段已合并: 相同事件/通道且压力一致，仅计一个样本
E:\压裂窜扰项目\02 规范化\阳101H35\阳101H35 邻井压力监测\阳101H35平台1井、3井（5.8）压力秒点数据.xls,2,已用于形态聚类或重复合并,2,参与形态聚类候选: observed_file_window
E:\压裂窜扰项目\02 规范化\阳101H35\阳101H35 邻井压力监测\阳101H35平台1井压力分点数据（4.13-4.29）.xls,1,已用于形态聚类或重复合并,1,参与形态聚类候选: observed_file_window
E:\压裂窜扰项目\02 规范化\阳101H35\阳101H35 邻井压力监测\阳101H35平台1井压力秒点数据（4.13-4.20）.xls,0,未形成聚类样本,0,非时序统计/施工表、空表、无法解析或时间压力配对尚不可靠，详见逐工作表审计
E:\压裂窜扰项目\02 规范化\阳101H35\阳101H35 邻井压力监测\阳101H35平台1井压力秒点数据（4.20-4.29）.xls,1,已用于形态聚类或重复合并,1,参与形态聚类候选: observed_file_window
E:\压裂窜扰项目\02 规范化\阳101H35\阳101H35 邻井压力监测\阳101H35平台1井第11压裂施工曲线图秒点5.29.xlsx,2,未形成聚类样本,0,施工井自身压力: 源井与监测井相同
E:\压裂窜扰项目\02 规范化\阳101H35\阳101H35 邻井压力监测\阳101H35平台1井第11段压裂期间邻井分点数据5.29.xlsx,3,已用于形态聚类或重复合并,3,重复或补充片段已合并: 相同事件/通道且压力一致，仅计一个样本
E:\压裂窜扰项目\02 规范化\阳101H35\阳101H35 邻井压力监测\阳101H35平台1井第11段压裂期间邻井秒点数据5.29.xlsx,3,已用于形态聚类或重复合并,3,参与形态聚类候选: same_stage_clock
E:\压裂窜扰项目\02 规范化\阳101H35\阳101H35 邻井压力监测\阳101H35平台1井第九段压裂期间邻井分点数据5.26.xlsx,4,已用于形态聚类或重复合并,3,施工井自身压力: 源井与监测井相同；重复或补充片段已合并: 相同事件/通道且压力一致，仅计一个样本
E:\压裂窜扰项目\02 规范化\阳101H35\阳101H35 邻井压力监测\阳101H35平台1井第九段压裂期间邻井秒点数据5.26.xlsx,4,已用于形态聚类或重复合并,3,施工井自身压力: 源井与监测井相同；参与形态聚类候选: same_stage_clock
E:\压裂窜扰项目\02 规范化\阳101H35\阳101H35 邻井压力监测\阳101H35平台1井第八段压裂期间邻井分点数据5.24.xlsx,3,已用于形态聚类或重复合并,3,重复或补充片段已合并: 相同事件/通道且压力一致，仅计一个样本
E:\压裂窜扰项目\02 规范化\阳101H35\阳101H35 邻井压力监测\阳101H35平台1井第八段压裂期间邻井秒点数据5.24.xlsx,3,已用于形态聚类或重复合并,3,参与形态聚类候选: same_stage_clock
E:\压裂窜扰项目\02 规范化\阳101H35\阳101H35 邻井压力监测\阳101H35平台1井第十段压裂期间邻井分点数据5.28.xlsx,3,已用于形态聚类或重复合并,3,重复或补充片段已合并: 相同事件/通道且压力一致，仅计一个样本
E:\压裂窜扰项目\02 规范化\阳101H35\阳101H35 邻井压力监测\阳101H35平台1井第十段压裂期间邻井秒点数据5.28.xlsx,3,已用于形态聚类或重复合并,3,参与形态聚类候选: same_stage_clock
E:\压裂窜扰项目\02 规范化\阳101H35\阳101H35 邻井压力监测\阳101H35平台2井压力分点数据（4.13-4.29）.xls,1,已用于形态聚类或重复合并,1,参与形态聚类候选: observed_file_window
E:\压裂窜扰项目\02 规范化\阳101H35\阳101H35 邻井压力监测\阳101H35平台2井压力秒点数据（4.13-4.20）.xls,1,已用于形态聚类或重复合并,1,参与形态聚类候选: observed_file_window
E:\压裂窜扰项目\02 规范化\阳101H35\阳101H35 邻井压力监测\阳101H35平台2井压力秒点数据（4.20-4.29）.xls,1,已用于形态聚类或重复合并,1,参与形态聚类候选: observed_file_window
E:\压裂窜扰项目\02 规范化\阳101H35\阳101H35 邻井压力监测\阳101H35平台2井压裂第十一段邻井分点数据5.23.xlsx,3,已用于形态聚类或重复合并,3,重复或补充片段已合并: 相同事件/通道且压力一致，仅计一个样本
E:\压裂窜扰项目\02 规范化\阳101H35\阳101H35 邻井压力监测\阳101H35平台2井压裂第十一段邻井秒点数据5.23.xlsx,3,已用于形态聚类或重复合并,3,参与形态聚类候选: observed_file_window
E:\压裂窜扰项目\02 规范化\阳101H35\阳101H35 邻井压力监测\阳101H35平台2井第12段压裂期间邻井分点数据5.29.xlsx,3,已用于形态聚类或重复合并,3,重复或补充片段已合并: 相同事件/通道且压力一致，仅计一个样本
E:\压裂窜扰项目\02 规范化\阳101H35\阳101H35 邻井压力监测\阳101H35平台2井第12段压裂期间邻井秒点数据5.29.xlsx,3,已用于形态聚类或重复合并,3,参与形态聚类候选: same_stage_clock
E:\压裂窜扰项目\02 规范化\阳101H35\阳101H35 邻井压力监测\阳101H35平台2井第7段压裂期间邻井分点压力数据.xls,3,已用于形态聚类或重复合并,3,重复或补充片段已合并: 相同事件/通道且压力一致，仅计一个样本
E:\压裂窜扰项目\02 规范化\阳101H35\阳101H35 邻井压力监测\阳101H35平台2井第7段压裂期间邻井秒点压力数据.xls,3,已用于形态聚类或重复合并,3,参与形态聚类候选: same_stage_clock
E:\压裂窜扰项目\02 规范化\阳101H35\阳101H35 邻井压力监测\阳101H35平台2井第九段2024.5.22  08：00邻井秒点数据.xls,3,已用于形态聚类或重复合并,3,参与形态聚类候选: same_stage_clock
E:\压裂窜扰项目\02 规范化\阳101H35\阳101H35 邻井压力监测\阳101H35平台2井第九段压裂邻井分点数据.xls,3,已用于形态聚类或重复合并,3,重复或补充片段已合并: 相同事件/通道且压力一致，仅计一个样本
E:\压裂窜扰项目\02 规范化\阳101H35\阳101H35 邻井压力监测\阳101H35平台2井第九段压裂邻井秒点数据(1).xls,3,已用于形态聚类或重复合并,3,重复或补充片段已合并: 相同事件/通道且压力一致，仅计一个样本
E:\压裂窜扰项目\02 规范化\阳101H35\阳101H35 邻井压力监测\阳101H35平台2井第八段压裂邻井分点数据2024.5.20.xls,3,已用于形态聚类或重复合并,3,重复或补充片段已合并: 相同事件/通道且压力一致，仅计一个样本
E:\压裂窜扰项目\02 规范化\阳101H35\阳101H35 邻井压力监测\阳101H35平台2井第八段压裂邻井秒点数据2024.5.20.xls,3,已用于形态聚类或重复合并,3,参与形态聚类候选: observed_file_window
E:\压裂窜扰项目\02 规范化\阳101H35\阳101H35 邻井压力监测\阳101H35平台3井压力分点数据（4.13-4.29）.xls,1,已用于形态聚类或重复合并,1,重复或补充片段已合并: 相同事件/通道且压力一致，仅计一个样本
E:\压裂窜扰项目\02 规范化\阳101H35\阳101H35 邻井压力监测\阳101H35平台3井压力秒点数据（4.13-4.20）.xls,1,已用于形态聚类或重复合并,1,参与形态聚类候选: observed_file_window
E:\压裂窜扰项目\02 规范化\阳101H35\阳101H35 邻井压力监测\阳101H35平台3井压力秒点数据（4.20-4.29）.xls,1,已用于形态聚类或重复合并,1,参与形态聚类候选: observed_file_window
E:\压裂窜扰项目\02 规范化\阳101H35\阳101H35 邻井压力监测\阳101H35平台3井第7段施工36-1井曲线图分点.xlsx2024.4.23.xlsx,1,已用于形态聚类或重复合并,1,参与形态聚类候选: observed_file_window
E:\压裂窜扰项目\02 规范化\阳101H35\阳101H35 邻井压力监测\阳101H35平台3井第九段压裂期间邻井分点数据5.24.xlsx,3,已用于形态聚类或重复合并,3,重复或补充片段已合并: 相同事件/通道且压力一致，仅计一个样本
E:\压裂窜扰项目\02 规范化\阳101H35\阳101H35 邻井压力监测\阳101H35平台3井第九段压裂期间邻井秒点数据5.24.xlsx,3,已用于形态聚类或重复合并,3,参与形态聚类候选: same_stage_clock
E:\压裂窜扰项目\02 规范化\阳101H35\阳101H35 邻井压力监测\阳101H35平台3井第八段压裂期间邻井分点数据2024.5.23.xlsx,3,已用于形态聚类或重复合并,2,施工井自身压力: 源井与监测井相同；重复或补充片段已合并: 相同事件/通道且压力一致，仅计一个样本
E:\压裂窜扰项目\02 规范化\阳101H35\阳101H35 邻井压力监测\阳101H35平台3井第八段压裂期间邻井秒点数据2024.5.23.xlsx,3,已用于形态聚类或重复合并,3,参与形态聚类候选: same_stage_clock
E:\压裂窜扰项目\02 规范化\阳101H35\阳101H35 邻井压力监测\阳101H35平台3井第十一段压裂期间邻井分点数据.xlsx,4,已用于形态聚类或重复合并,3,施工井自身压力: 源井与监测井相同；重复或补充片段已合并: 相同事件/通道且压力一致，仅计一个样本
E:\压裂窜扰项目\02 规范化\阳101H35\阳101H35 邻井压力监测\阳101H35平台3井第十一段压裂期间邻井秒点数据5.27.xlsx,3,已用于形态聚类或重复合并,3,参与形态聚类候选: same_stage_clock
E:\压裂窜扰项目\02 规范化\阳101H35\阳101H35 邻井压力监测\阳101H35平台3井第十三段压裂期间邻井分点数据5.30(1).xlsx,3,已用于形态聚类或重复合并,3,重复或补充片段已合并: 相同事件/通道且压力一致，仅计一个样本
E:\压裂窜扰项目\02 规范化\阳101H35\阳101H35 邻井压力监测\阳101H35平台3井第十三段压裂期间邻井秒点数据5.30.xlsx,3,已用于形态聚类或重复合并,3,参与形态聚类候选: same_stage_clock
E:\压裂窜扰项目\02 规范化\阳101H35\阳101H35 邻井压力监测\阳101H35平台分点压力数据-2.xls,3,未形成聚类样本,0,无法形成完整形态样本: 连续记录超过18小时且无法可靠切分事件
E:\压裂窜扰项目\02 规范化\阳101H35\阳101H35 邻井压力监测\阳101H35平台分点压力数据.xls,4,未形成聚类样本,0,无法形成完整形态样本: 连续记录超过18小时且无法可靠切分事件
E:\压裂窜扰项目\02 规范化\阳101H35\阳101H35 邻井压力监测\阳101H35平台压窜记录(4.11-4.18)_邻井压力数据_35-1井第2段施工2井分点数据2024.4.17.xls,1,已用于形态聚类或重复合并,1,重复或补充片段已合并: 相同事件/通道且压力一致，仅计一个样本
E:\压裂窜扰项目\02 规范化\阳101H35\阳101H35 邻井压力监测\阳101H35平台压窜记录(4.11-4.18)_邻井压力数据_35-1井第2段施工2井秒点数据2024.4.17.xls,1,已用于形态聚类或重复合并,1,参与形态聚类候选: same_stage_clock
E:\压裂窜扰项目\02 规范化\阳101H35\阳101H35 邻井压力监测\阳101H35平台压窜记录(4.11-4.18)_邻井压力数据_35-2-1段1井压力分点数据2024.4.14.xls,1,已用于形态聚类或重复合并,1,重复或补充片段已合并: 相同事件/通道且压力一致，仅计一个样本
E:\压裂窜扰项目\02 规范化\阳101H35\阳101H35 邻井压力监测\阳101H35平台压窜记录(4.11-4.18)_邻井压力数据_35-2-1段1井压力秒点数据2024.4.14.xls,1,已用于形态聚类或重复合并,1,参与形态聚类候选: same_stage_clock
E:\压裂窜扰项目\02 规范化\阳101H35\阳101H35 邻井压力监测\阳101H35平台压窜记录(4.11-4.18)_邻井压力数据_4.18二井第二段压裂1井套压分点数据.xls,1,已用于形态聚类或重复合并,1,重复或补充片段已合并: 相同事件/通道且压力一致，仅计一个样本
E:\压裂窜扰项目\02 规范化\阳101H35\阳101H35 邻井压力监测\阳101H35平台压窜记录(4.11-4.18)_邻井压力数据_4.18二井第二段压裂1井套压秒点数据.xls,1,已用于形态聚类或重复合并,1,参与形态聚类候选: observed_file_window
E:\压裂窜扰项目\02 规范化\阳101H35\阳101H35 邻井压力监测\阳101H35平台压窜记录(4.19-4.25)_1#流程_实时数据_35-2井第3段施工结束后36-1井压力上涨2024.4.22.csv,4,未形成聚类样本,0,无法形成完整形态样本: 连续记录超过18小时且无法可靠切分事件
E:\压裂窜扰项目\02 规范化\阳101H35\阳101H35 邻井压力监测\阳101H35平台压窜记录(4.19-4.25)_35-1井第3段施工后        4井分钟数据.csv2024.4.21.csv,1,未形成聚类样本,0,无法形成完整形态样本: 连续记录超过18小时且无法可靠切分事件
E:\压裂窜扰项目\02 规范化\阳101H35\阳101H35 邻井压力监测\阳101H35平台压窜记录(4.19-4.25)_35-1第3段施工后36-4井3秒点2024.4.21.csv,4,未形成聚类样本,0,无法形成完整形态样本: 连续记录超过18小时且无法可靠切分事件
E:\压裂窜扰项目\02 规范化\阳101H35\阳101H35 邻井压力监测\阳101H35平台压窜记录(4.19-4.25)_35-3井第7段施工36-1井压力数据2024.4.23.csv,1,已用于形态聚类或重复合并,1,参与形态聚类候选: observed_file_window
E:\压裂窜扰项目\02 规范化\阳101H35\阳101H35 邻井压力监测\阳101H35平台压窜记录(4.19-4.25)_35-3第7段  1井分钟数据(1).csv2024.4.23.csv,1,已用于形态聚类或重复合并,1,参与形态聚类候选: observed_file_window
E:\压裂窜扰项目\02 规范化\阳101H35\阳101H35 邻井压力监测\阳101H35平台压窜记录(4.19-4.25)_4#流程_实时数据_35-3井第6段施工后36-4井压力上涨2024.4.22.csv,4,未形成聚类样本,0,无法形成完整形态样本: 连续记录超过18小时且无法可靠切分事件
E:\压裂窜扰项目\02 规范化\阳101H35\阳101H35 邻井压力监测\阳101H35平台压窜记录(4.19-4.25)_邻井压力数据_1井第3段施工2井压力分点数据(2)2024.4.21.xls,1,已用于形态聚类或重复合并,1,参与形态聚类候选: same_stage_clock
E:\压裂窜扰项目\02 规范化\阳101H35\阳101H35 邻井压力监测\阳101H35平台压窜记录(4.19-4.25)_邻井压力数据_1井第3段施工2井压力秒点数据(2)2024.4.21.xls,1,已用于形态聚类或重复合并,1,重复或补充片段已合并: 相同事件/通道且压力一致，仅计一个样本
E:\压裂窜扰项目\02 规范化\阳101H35\阳101H35 邻井压力监测\阳101H35平台压窜记录(4.19-4.25)_邻井压力数据_1井第四段压裂期间2井分点数据2024.4.24.xls,1,已用于形态聚类或重复合并,1,重复或补充片段已合并: 相同事件/通道且压力一致，仅计一个样本
E:\压裂窜扰项目\02 规范化\阳101H35\阳101H35 邻井压力监测\阳101H35平台压窜记录(4.19-4.25)_邻井压力数据_1井第四段压裂期间2井秒点数据2024.4.24.xls,1,已用于形态聚类或重复合并,1,参与形态聚类候选: same_stage_clock
E:\压裂窜扰项目\02 规范化\阳101H35\阳101H35 邻井压力监测\阳101H35平台压窜记录(4.19-4.25)_邻井压力数据_2井第四段压裂1井压力分点数据2024.4.25.xls,1,已用于形态聚类或重复合并,1,重复或补充片段已合并: 相同事件/通道且压力一致，仅计一个样本
E:\压裂窜扰项目\02 规范化\阳101H35\阳101H35 邻井压力监测\阳101H35平台压窜记录(4.19-4.25)_邻井压力数据_2井第四段压裂1井压力秒点数据2024.4.25.xls,1,已用于形态聚类或重复合并,1,参与形态聚类候选: same_stage_clock
E:\压裂窜扰项目\02 规范化\阳101H35\阳101H35 邻井压力监测\阳101H35平台压窜记录(4.19-4.25)_邻井压力数据_35-2井第3段施工1井压力分点数据(1)2024.4.22.xls,1,已用于形态聚类或重复合并,1,重复或补充片段已合并: 相同事件/通道且压力一致，仅计一个样本
E:\压裂窜扰项目\02 规范化\阳101H35\阳101H35 邻井压力监测\阳101H35平台压窜记录(4.19-4.25)_邻井压力数据_35-2井第3段施工1井压力秒点数据2024.4.22.xls,1,已用于形态聚类或重复合并,1,参与形态聚类候选: same_stage_clock
E:\压裂窜扰项目\02 规范化\阳101H35\阳101H35 邻井压力监测\阳101H35平台压窜记录(4.26-5.3)_邻井_1井第七段压裂2井分点数据2024.4.29.xls,1,已用于形态聚类或重复合并,1,重复或补充片段已合并: 相同事件/通道且压力一致，仅计一个样本
E:\压裂窜扰项目\02 规范化\阳101H35\阳101H35 邻井压力监测\阳101H35平台压窜记录(4.26-5.3)_邻井_1井第七段压裂2井秒点数据2024.4.29.xls,1,已用于形态聚类或重复合并,1,参与形态聚类候选: same_stage_clock
E:\压裂窜扰项目\02 规范化\阳101H35\阳101H35 邻井压力监测\阳101H35平台压窜记录(4.26-5.3)_邻井_1井第五段压裂2井压力分点数据2024.4.26.xls,1,已用于形态聚类或重复合并,1,重复或补充片段已合并: 相同事件/通道且压力一致，仅计一个样本
E:\压裂窜扰项目\02 规范化\阳101H35\阳101H35 邻井压力监测\阳101H35平台压窜记录(4.26-5.3)_邻井_1井第五段压裂2井压力秒点数据2024.4.26.xls,1,已用于形态聚类或重复合并,1,参与形态聚类候选: same_stage_clock
E:\压裂窜扰项目\02 规范化\阳101H35\阳101H35 邻井压力监测\阳101H35平台压窜记录(4.26-5.3)_邻井_1井第六段压裂2井分点数据2024.4.28.xls,1,已用于形态聚类或重复合并,1,重复或补充片段已合并: 相同事件/通道且压力一致，仅计一个样本
E:\压裂窜扰项目\02 规范化\阳101H35\阳101H35 邻井压力监测\阳101H35平台压窜记录(4.26-5.3)_邻井_1井第六段压裂2井秒点数据2024.4.28.xls,1,已用于形态聚类或重复合并,1,参与形态聚类候选: observed_file_window
E:\压裂窜扰项目\02 规范化\阳101H35\阳101H35 邻井压力监测\阳101H35平台压窜记录（5.17-5.23）_邻井压力_35-3井第8段施工36-1井分点数据2024.5.23.xlsx,1,已用于形态聚类或重复合并,1,重复或补充片段已合并: 相同事件/通道且压力一致，仅计一个样本
E:\压裂窜扰项目\02 规范化\阳101H35\阳101H35 邻井压力监测\阳101H35平台压窜记录（5.17-5.23）_邻井压力_35-3井第8段施工36-1井秒点数据2024.5.23.xlsx,1,已用于形态聚类或重复合并,1,参与形态聚类候选: same_stage_clock
E:\压裂窜扰项目\02 规范化\阳101H35\阳101H35 邻井压力监测\阳101H35平台压窜记录（5.17-5.23）_邻井压力_阳101H36平台1井第十二段压裂期间邻井分点数据5.30.xlsx,3,已用于形态聚类或重复合并,3,重复或补充片段已合并: 相同事件/通道且压力一致，仅计一个样本
E:\压裂窜扰项目\02 规范化\阳101H35\阳101H35 邻井压力监测\阳101H35平台压窜记录（5.17-5.23）_邻井压力_阳101H36平台1井第十二段压裂期间邻井秒点数据5.30.xlsx,3,已用于形态聚类或重复合并,3,参与形态聚类候选: same_stage_clock
E:\压裂窜扰项目\02 规范化\阳101H35\阳101H35 邻井压力监测\阳101H35平台秒点压力数据-2.xls,3,未形成聚类样本,0,无法形成完整形态样本: 连续记录超过18小时且无法可靠切分事件
E:\压裂窜扰项目\02 规范化\阳101H35\阳101H35 邻井压力监测\阳101H35平台秒点压力数据.xls,4,未形成聚类样本,0,无法形成完整形态样本: 连续记录超过18小时且无法可靠切分事件
E:\压裂窜扰项目\02 规范化\阳101H35\阳101H35 邻井压力监测\阳101H35平台邻井分点数据.xls,3,未形成聚类样本,0,无法形成完整形态样本: 连续记录超过18小时且无法可靠切分事件
E:\压裂窜扰项目\02 规范化\阳101H35\阳101H35 邻井压力监测\阳101H35平台邻井秒点数据.xls,3,未形成聚类样本,0,无法形成完整形态样本: 连续记录超过18小时且无法可靠切分事件
E:\压裂窜扰项目\02 规范化\阳101H43\阳101H43 邻井压力监测\阳101H43-2井压力上涨秒点数据-2.xls,1,已用于形态聚类或重复合并,1,参与形态聚类候选: observed_file_window
E:\压裂窜扰项目\02 规范化\阳101H43\阳101H43 邻井压力监测\阳101H43-2井压力上涨秒点数据.xls,1,已用于形态聚类或重复合并,1,参与形态聚类候选: observed_file_window
E:\压裂窜扰项目\02 规范化\阳101H43\阳101H43 邻井压力监测\阳101H43-2及-4井压力上涨秒点数据.xls,2,已用于形态聚类或重复合并,2,参与形态聚类候选: observed_file_window
E:\压裂窜扰项目\02 规范化\阳101H43\阳101H43 邻井压力监测\阳101H43监测日志.xlsx,0,未形成聚类样本,0,非时序统计/施工表、空表、无法解析或时间压力配对尚不可靠，详见逐工作表审计
E:\压裂窜扰项目\02 规范化\阳101H51\阳101H51 邻井压力监测\阳101H51-1-10段压裂施工-2、3井秒点压力监测-2.xlsx,2,已用于形态聚类或重复合并,2,参与形态聚类候选: observed_file_window
E:\压裂窜扰项目\02 规范化\阳101H51\阳101H51 邻井压力监测\阳101H51-1-10段压裂施工-2、3井秒点压力监测.xlsx,2,已用于形态聚类或重复合并,2,参与形态聚类候选: observed_file_window
E:\压裂窜扰项目\02 规范化\阳101H51\阳101H51 邻井压力监测\阳101H51-1-12段压裂施工-2、3井秒点压力监测.xlsx,2,已用于形态聚类或重复合并,2,参与形态聚类候选: absolute
E:\压裂窜扰项目\02 规范化\阳101H51\阳101H51 邻井压力监测\阳101H51-1-13段压裂施工-2、3井秒点压力监测.xlsx,2,已用于形态聚类或重复合并,2,参与形态聚类候选: absolute
E:\压裂窜扰项目\02 规范化\阳101H51\阳101H51 邻井压力监测\阳101H51-1-14段压裂施工-2、3井秒点压力监测.xlsx,2,已用于形态聚类或重复合并,2,参与形态聚类候选: observed_file_window
E:\压裂窜扰项目\02 规范化\阳101H51\阳101H51 邻井压力监测\阳101H51-1-15段压裂施工-2、3井秒点压力监测.xlsx,2,已用于形态聚类或重复合并,2,参与形态聚类候选: absolute
E:\压裂窜扰项目\02 规范化\阳101H51\阳101H51 邻井压力监测\阳101H51-1-16段压裂施工-2、3井秒点压力监测.xlsx,2,已用于形态聚类或重复合并,2,参与形态聚类候选: absolute
E:\压裂窜扰项目\02 规范化\阳101H51\阳101H51 邻井压力监测\阳101H51-1-18段压裂施工-2、3井秒点压力监测.xlsx,2,已用于形态聚类或重复合并,2,参与形态聚类候选: absolute
E:\压裂窜扰项目\02 规范化\阳101H51\阳101H51 邻井压力监测\阳101H51-1-19段压裂施工-2、3井秒点压力监测.xlsx,2,已用于形态聚类或重复合并,2,参与形态聚类候选: absolute
E:\压裂窜扰项目\02 规范化\阳101H51\阳101H51 邻井压力监测\阳101H51-1-20段压裂施工-2井秒点压力监测.xlsx,1,已用于形态聚类或重复合并,1,参与形态聚类候选: absolute
E:\压裂窜扰项目\02 规范化\阳101H51\阳101H51 邻井压力监测\阳101H51-1-21段压裂施工-2井秒点压力监测.xlsx,1,已用于形态聚类或重复合并,1,参与形态聚类候选: absolute
E:\压裂窜扰项目\02 规范化\阳101H51\阳101H51 邻井压力监测\阳101H51-1-2段压裂施工-2井秒点压力监测（1518）.xlsx,1,已用于形态聚类或重复合并,1,参与形态聚类候选: observed_file_window
E:\压裂窜扰项目\02 规范化\阳101H51\阳101H51 邻井压力监测\阳101H51-1-2段压裂施工-2井秒点压力监测（上午桥塞滑移）.xlsx,1,已用于形态聚类或重复合并,1,重复或补充片段已合并: 相同事件/通道且压力一致，仅计一个样本
E:\压裂窜扰项目\02 规范化\阳101H51\阳101H51 邻井压力监测\阳101H51-1-2段压裂施工-3井秒点压力监测（1518）.xlsx,1,已用于形态聚类或重复合并,1,参与形态聚类候选: observed_file_window
E:\压裂窜扰项目\02 规范化\阳101H51\阳101H51 邻井压力监测\阳101H51-1-4段压裂施工-2、3井秒点压力监测.xlsx,2,已用于形态聚类或重复合并,2,参与形态聚类候选: absolute
E:\压裂窜扰项目\02 规范化\阳101H51\阳101H51 邻井压力监测\阳101H51-1-5段压裂施工-2、3井秒点压力监测.xlsx,2,已用于形态聚类或重复合并,2,参与形态聚类候选: absolute
E:\压裂窜扰项目\02 规范化\阳101H51\阳101H51 邻井压力监测\阳101H51-1-6段压裂施工-2、3井秒点压力监测.xlsx,2,已用于形态聚类或重复合并,2,参与形态聚类候选: absolute
E:\压裂窜扰项目\02 规范化\阳101H51\阳101H51 邻井压力监测\阳101H51-1-7段压裂施工-2、3井秒点压力监测.xlsx,2,已用于形态聚类或重复合并,2,参与形态聚类候选: absolute
E:\压裂窜扰项目\02 规范化\阳101H51\阳101H51 邻井压力监测\阳101H51-1-8段压裂施工-2、3井秒点压力监测.xlsx,2,已用于形态聚类或重复合并,2,参与形态聚类候选: absolute
E:\压裂窜扰项目\02 规范化\阳101H51\阳101H51 邻井压力监测\阳101H51-1-9段压裂施工-2、3井秒点压力监测.xlsx,2,已用于形态聚类或重复合并,2,参与形态聚类候选: absolute
E:\压裂窜扰项目\02 规范化\阳101H51\阳101H51 邻井压力监测\阳101H51-2-10段压裂施工-1、3井秒点压力监测.xlsx,2,已用于形态聚类或重复合并,2,参与形态聚类候选: absolute
E:\压裂窜扰项目\02 规范化\阳101H51\阳101H51 邻井压力监测\阳101H51-2-11段压裂施工-1、3井秒点压力监测.xlsx,2,已用于形态聚类或重复合并,2,参与形态聚类候选: absolute
E:\压裂窜扰项目\02 规范化\阳101H51\阳101H51 邻井压力监测\阳101H51-2-13段压裂施工-1、3井秒点压力监测.xlsx,2,已用于形态聚类或重复合并,2,参与形态聚类候选: absolute
E:\压裂窜扰项目\02 规范化\阳101H51\阳101H51 邻井压力监测\阳101H51-2-14段压裂施工-1、3、4井秒点压力监测.xlsx,3,已用于形态聚类或重复合并,3,参与形态聚类候选: absolute
E:\压裂窜扰项目\02 规范化\阳101H51\阳101H51 邻井压力监测\阳101H51-2-15段压裂施工-1、3、4井秒点压力监测.xlsx,3,已用于形态聚类或重复合并,3,参与形态聚类候选: absolute
E:\压裂窜扰项目\02 规范化\阳101H51\阳101H51 邻井压力监测\阳101H51-2-16段压裂施工-1、3、4井套压压力监测.xlsx,3,已用于形态聚类或重复合并,3,参与形态聚类候选: absolute
E:\压裂窜扰项目\02 规范化\阳101H51\阳101H51 邻井压力监测\阳101H51-2-17段压裂施工-1、3、4井秒点压力监测.xlsx,3,已用于形态聚类或重复合并,3,参与形态聚类候选: observed_file_window
E:\压裂窜扰项目\02 规范化\阳101H51\阳101H51 邻井压力监测\阳101H51-2-18段压裂施工-1、3、4井秒点压力监测.xlsx,3,已用于形态聚类或重复合并,3,参与形态聚类候选: absolute
E:\压裂窜扰项目\02 规范化\阳101H51\阳101H51 邻井压力监测\阳101H51-2-19段压裂施工-1、3、4井秒点压力监测.xlsx,3,已用于形态聚类或重复合并,3,参与形态聚类候选: absolute
E:\压裂窜扰项目\02 规范化\阳101H51\阳101H51 邻井压力监测\阳101H51-2-1段压裂施工-1、3井秒点压力监测.xlsx,2,已用于形态聚类或重复合并,2,参与形态聚类候选: absolute
E:\压裂窜扰项目\02 规范化\阳101H51\阳101H51 邻井压力监测\阳101H51-2-2段压裂施工-1、3井秒点压力监测.xlsx,2,已用于形态聚类或重复合并,2,参与形态聚类候选: absolute
E:\压裂窜扰项目\02 规范化\阳101H51\阳101H51 邻井压力监测\阳101H51-2-3段压裂施工-1、3井秒点压力监测.xlsx,2,已用于形态聚类或重复合并,2,参与形态聚类候选: absolute
E:\压裂窜扰项目\02 规范化\阳101H51\阳101H51 邻井压力监测\阳101H51-2-4段压裂施工-1、3井秒点压力监测.xlsx,2,已用于形态聚类或重复合并,2,参与形态聚类候选: absolute
E:\压裂窜扰项目\02 规范化\阳101H51\阳101H51 邻井压力监测\阳101H51-2-5段压裂施工-1、3井秒点压力监测.xlsx,2,已用于形态聚类或重复合并,2,参与形态聚类候选: absolute
E:\压裂窜扰项目\02 规范化\阳101H51\阳101H51 邻井压力监测\阳101H51-2-6段压裂施工-1、3井秒点压力监测.xlsx,2,已用于形态聚类或重复合并,2,参与形态聚类候选: absolute
E:\压裂窜扰项目\02 规范化\阳101H51\阳101H51 邻井压力监测\阳101H51-2-7段压裂施工-1、3井秒点压力监测-2.xlsx,2,已用于形态聚类或重复合并,2,参与形态聚类候选: absolute
E:\压裂窜扰项目\02 规范化\阳101H51\阳101H51 邻井压力监测\阳101H51-2-7段压裂施工-1、3井秒点压力监测.xlsx,2,已用于形态聚类或重复合并,2,重复或补充片段已合并: 相同事件/通道且压力一致，仅计一个样本
E:\压裂窜扰项目\02 规范化\阳101H51\阳101H51 邻井压力监测\阳101H51-2-8段压裂施工-1、3井秒点压力监测-2.xlsx,2,已用于形态聚类或重复合并,2,参与形态聚类候选: absolute
E:\压裂窜扰项目\02 规范化\阳101H51\阳101H51 邻井压力监测\阳101H51-2-8段压裂施工-1、3井秒点压力监测.xlsx,2,已用于形态聚类或重复合并,2,重复或补充片段已合并: 相同事件/通道且压力一致，仅计一个样本
E:\压裂窜扰项目\02 规范化\阳101H51\阳101H51 邻井压力监测\阳101H51-3-10段压裂施工-1、2、4井秒点压力监测.xlsx,3,已用于形态聚类或重复合并,3,参与形态聚类候选: absolute
E:\压裂窜扰项目\02 规范化\阳101H51\阳101H51 邻井压力监测\阳101H51-3-12段压裂施工-2、4井秒点压力监测.xlsx,2,已用于形态聚类或重复合并,2,参与形态聚类候选: absolute
E:\压裂窜扰项目\02 规范化\阳101H51\阳101H51 邻井压力监测\阳101H51-3-13段压裂施工-1、2、4井秒点压力监测.xlsx,3,已用于形态聚类或重复合并,3,参与形态聚类候选: absolute
E:\压裂窜扰项目\02 规范化\阳101H51\阳101H51 邻井压力监测\阳101H51-3-14段压裂施工-2、4、5、6井套压压力监测.xlsx,4,已用于形态聚类或重复合并,4,参与形态聚类候选: absolute
E:\压裂窜扰项目\02 规范化\阳101H51\阳101H51 邻井压力监测\阳101H51-3-26段压裂施工-1、2、4、6井套压秒点压力监测.xlsx,4,已用于形态聚类或重复合并,4,参与形态聚类候选: absolute
E:\压裂窜扰项目\02 规范化\阳101H51\阳101H51 邻井压力监测\阳101H51-3-2段压裂施工-1、2井套压压力监测.xlsx,2,已用于形态聚类或重复合并,2,参与形态聚类候选: absolute
E:\压裂窜扰项目\02 规范化\阳101H51\阳101H51 邻井压力监测\阳101H51-3-3段压裂施工-1、2井秒点压力监测.xlsx,2,已用于形态聚类或重复合并,2,参与形态聚类候选: absolute
E:\压裂窜扰项目\02 规范化\阳101H51\阳101H51 邻井压力监测\阳101H51-3-4段压裂施工-1、2井秒点压力监测.xlsx,2,已用于形态聚类或重复合并,2,参与形态聚类候选: absolute
E:\压裂窜扰项目\02 规范化\阳101H51\阳101H51 邻井压力监测\阳101H51-3-5段压裂施工-1、2井秒点压力监测.xlsx,2,已用于形态聚类或重复合并,2,参与形态聚类候选: absolute
E:\压裂窜扰项目\02 规范化\阳101H51\阳101H51 邻井压力监测\阳101H51-3-6段压裂施工-1、2井秒点压力监测.xlsx,2,已用于形态聚类或重复合并,2,参与形态聚类候选: absolute
E:\压裂窜扰项目\02 规范化\阳101H51\阳101H51 邻井压力监测\阳101H51-3-7段压裂施工-1、2井秒点压力监测.xlsx,2,已用于形态聚类或重复合并,2,参与形态聚类候选: absolute
E:\压裂窜扰项目\02 规范化\阳101H51\阳101H51 邻井压力监测\阳101H51-3-8段压裂施工-1、2井秒点压力监测.xlsx,2,已用于形态聚类或重复合并,2,参与形态聚类候选: absolute
E:\压裂窜扰项目\02 规范化\阳101H51\阳101H51 邻井压力监测\阳101H51-4-1段压裂施工-1、2、3井秒点压力监测.xlsx,3,已用于形态聚类或重复合并,3,参与形态聚类候选: absolute
E:\压裂窜扰项目\02 规范化\阳101H51\阳101H51 邻井压力监测\阳101H51-4-2段压裂施工-2、3井秒点压力监测-2.xlsx,2,已用于形态聚类或重复合并,2,重复或补充片段已合并: 相同事件/通道且压力一致，仅计一个样本
E:\压裂窜扰项目\02 规范化\阳101H51\阳101H51 邻井压力监测\阳101H51-4-2段压裂施工-2、3井秒点压力监测.xlsx,2,已用于形态聚类或重复合并,2,参与形态聚类候选: absolute
E:\压裂窜扰项目\02 规范化\阳101H51\阳101H51 邻井压力监测\阳101H51-4-4段压裂施工-2、3井秒点压力监测.xlsx,2,已用于形态聚类或重复合并,2,参与形态聚类候选: absolute
E:\压裂窜扰项目\02 规范化\阳101H51\阳101H51 邻井压力监测\阳101H51-4-5段压裂施工-3、5井秒点压力监测.xlsx,2,已用于形态聚类或重复合并,2,参与形态聚类候选: absolute
E:\压裂窜扰项目\02 规范化\阳101H51\阳101H51 邻井压力监测\阳101H51-4-6段压裂施工-1、2、3井秒点压力监测.xlsx,3,已用于形态聚类或重复合并,3,参与形态聚类候选: absolute
E:\压裂窜扰项目\02 规范化\阳101H51\阳101H51 邻井压力监测\阳101H51-4-7段压裂施工-2、3井秒点压力监测.xlsx,2,已用于形态聚类或重复合并,2,参与形态聚类候选: absolute
E:\压裂窜扰项目\02 规范化\阳101H51\阳101H51 邻井压力监测\阳101H51-4-8段压裂施工-2、3、5、6井秒点压力监测.xlsx,4,已用于形态聚类或重复合并,4,参与形态聚类候选: observed_file_window
E:\压裂窜扰项目\02 规范化\阳101H51\阳101H51 邻井压力监测\阳101H51-4-9段压裂施工-3、5、6井秒点压力监测.xlsx,3,已用于形态聚类或重复合并,3,参与形态聚类候选: absolute
E:\压裂窜扰项目\02 规范化\阳101H51\阳101H51 邻井压力监测\阳101H51-5-1段压裂施工-6井秒点压力监测.xlsx,1,已用于形态聚类或重复合并,1,参与形态聚类候选: absolute
E:\压裂窜扰项目\02 规范化\阳101H51\阳101H51 邻井压力监测\阳101H51-5-2段压裂施工-4、6井秒点压力监测.xlsx,2,已用于形态聚类或重复合并,2,参与形态聚类候选: absolute
E:\压裂窜扰项目\02 规范化\阳101H51\阳101H51 邻井压力监测\阳101H51-5-3段压裂施工-4、6井秒点压力监测.xlsx,2,已用于形态聚类或重复合并,2,参与形态聚类候选: absolute
E:\压裂窜扰项目\02 规范化\阳101H51\阳101H51 邻井压力监测\阳101H51-5-4段压裂施工-4、6井秒点压力监测.xlsx,2,已用于形态聚类或重复合并,2,参与形态聚类候选: absolute
E:\压裂窜扰项目\02 规范化\阳101H51\阳101H51 邻井压力监测\阳101H51-5-5段压裂施工-6井套压压力监测.xlsx,1,已用于形态聚类或重复合并,1,参与形态聚类候选: absolute
E:\压裂窜扰项目\02 规范化\阳101H51\阳101H51 邻井压力监测\阳101H51-5-6段压裂施工-4、6井秒点压力监测.xlsx,2,已用于形态聚类或重复合并,2,参与形态聚类候选: absolute
E:\压裂窜扰项目\02 规范化\阳101H51\阳101H51 邻井压力监测\阳101H51-6-10段压裂施工-5井秒点压力监测.xlsx,1,已用于形态聚类或重复合并,1,参与形态聚类候选: absolute
E:\压裂窜扰项目\02 规范化\阳101H51\阳101H51 邻井压力监测\阳101H51-6-1段压裂施工-5井秒点压力监测.xlsx,1,已用于形态聚类或重复合并,1,参与形态聚类候选: absolute
E:\压裂窜扰项目\02 规范化\阳101H51\阳101H51 邻井压力监测\阳101H51-6-2段压裂施工-5井秒点压力监测.xlsx,1,已用于形态聚类或重复合并,1,参与形态聚类候选: absolute
E:\压裂窜扰项目\02 规范化\阳101H51\阳101H51 邻井压力监测\阳101H51-6-3段压裂施工-5井秒点压力监测.xlsx,1,已用于形态聚类或重复合并,1,参与形态聚类候选: absolute
E:\压裂窜扰项目\02 规范化\阳101H51\阳101H51 邻井压力监测\阳101H51-6-4段压裂施工-5井秒点压力监测.xlsx,1,已用于形态聚类或重复合并,1,参与形态聚类候选: absolute
E:\压裂窜扰项目\02 规范化\阳101H51\阳101H51 邻井压力监测\阳101H51-6-5段压裂施工-5井秒点压力监测.xlsx,1,已用于形态聚类或重复合并,1,参与形态聚类候选: absolute
E:\压裂窜扰项目\02 规范化\阳101H51\阳101H51 邻井压力监测\阳101H51-6-6段压裂施工-5井秒点压力监测.xlsx,1,已用于形态聚类或重复合并,1,参与形态聚类候选: absolute
E:\压裂窜扰项目\02 规范化\阳101H51\阳101H51 邻井压力监测\阳101H51-6-7段压裂施工-5井秒点压力监测.xlsx,1,已用于形态聚类或重复合并,1,参与形态聚类候选: absolute
E:\压裂窜扰项目\02 规范化\阳101H51\阳101H51 邻井压力监测\阳101H51-6-9段压裂施工-5井套压压力监测.xlsx,1,已用于形态聚类或重复合并,1,参与形态聚类候选: absolute
E:\压裂窜扰项目\02 规范化\阳101H51\阳101H51 邻井压力监测\阳101H51-6井8井压裂施工期间5井压力秒点数据（2026.6.15）.xlsx,1,已用于形态聚类或重复合并,1,参与形态聚类候选: observed_file_window
E:\压裂窜扰项目\02 规范化\阳101H6\阳101H6 邻井压力监测\阳101H6-6-5段压裂施工-5井套压压力监测.xls,1,已用于形态聚类或重复合并,1,参与形态聚类候选: observed_file_window
E:\压裂窜扰项目\02 规范化\阳101H6\阳101H6 邻井压力监测\阳101H6-7-11段压裂施工-8井套压压力监测.xls,2,已用于形态聚类或重复合并,1,施工井自身压力: 源井与监测井相同；参与形态聚类候选: observed_file_window
E:\压裂窜扰项目\02 规范化\阳101H6\阳101H6 邻井压力监测\阳101H6-8-12段压裂施工-7井套压压力监测.xls,2,已用于形态聚类或重复合并,1,施工井自身压力: 源井与监测井相同；参与形态聚类候选: observed_file_window
E:\压裂窜扰项目\02 规范化\阳101H6\阳101H6 邻井压力监测\阳101H6-8-24段压裂施工-7井秒点压力监测.xls,1,已用于形态聚类或重复合并,1,参与形态聚类候选: observed_file_window
E:\压裂窜扰项目\02 规范化\阳101H6\阳101H6 邻井压力监测\阳101H6-8-26段压裂施工-7井秒点压力监测.xls,1,已用于形态聚类或重复合并,1,参与形态聚类候选: observed_file_window
E:\压裂窜扰项目\02 规范化\阳101H6\阳101H6 邻井压力监测\阳101H6-8-27段压裂施工-7井秒点压力监测.xls,1,已用于形态聚类或重复合并,1,参与形态聚类候选: observed_file_window
E:\压裂窜扰项目\02 规范化\阳101H6\阳101H6 邻井压力监测\阳101H6-8-28段压裂施工-7井秒点压力监测.xls,1,已用于形态聚类或重复合并,1,参与形态聚类候选: observed_file_window
E:\压裂窜扰项目\02 规范化\阳101H6\阳101H6 邻井压力监测\阳101H6-8-29段压裂施工-7井秒点压力监测.xls,1,已用于形态聚类或重复合并,1,重复或补充片段已合并: 相同事件/通道且压力一致，仅计一个样本
E:\压裂窜扰项目\02 规范化\阳101H6\阳101H6 邻井压力监测\阳101H6-8井-27段压窜图.xls,1,已用于形态聚类或重复合并,1,重复或补充片段已合并: 相同事件/通道且压力一致，仅计一个样本
E:\压裂窜扰项目\02 规范化\阳101H6\阳101H6 邻井压力监测\阳101H6-8井-28段压窜资料.xls,1,已用于形态聚类或重复合并,1,重复或补充片段已合并: 相同事件/通道且压力一致，仅计一个样本
E:\压裂窜扰项目\02 规范化\阳101H6\阳101H6 邻井压力监测\阳101H6-8井-29段压窜图.xls,1,已用于形态聚类或重复合并,1,参与形态聚类候选: observed_file_window
E:\压裂窜扰项目\02 规范化\阳101H6\阳101H6 邻井压力监测\阳101H6-8井-29段压窜资料.xls,0,未形成聚类样本,0,非时序统计/施工表、空表、无法解析或时间压力配对尚不可靠，详见逐工作表审计
E:\压裂窜扰项目\02 规范化\阳101H75\阳101H75 邻井压力监测\阳101H75-2-6段压裂施工-4、5井套压压力监测.xls,2,已用于形态聚类或重复合并,2,参与形态聚类候选: same_stage_clock
E:\压裂窜扰项目\02 规范化\阳101H75\阳101H75 邻井压力监测\阳101H75-3-9段压裂施工-2井秒点压力监测.xls,1,已用于形态聚类或重复合并,1,参与形态聚类候选: observed_file_window
E:\压裂窜扰项目\02 规范化\阳101H75\阳101H75 邻井压力监测\阳101H75-5-6段压裂施工-4井秒点压力监测.xls,1,已用于形态聚类或重复合并,1,参与形态聚类候选: observed_file_window
E:\压裂窜扰项目\02 规范化\阳101H75\阳101H75 邻井压力监测\阳101H75-5-7段压裂施工-4井秒点压力监测.xls,1,已用于形态聚类或重复合并,1,参与形态聚类候选: observed_file_window
E:\压裂窜扰项目\02 规范化\阳101H75\阳101H75 邻井压力监测\阳101H75平台秒点数据_2井_2井第21段3井秒点.xls,1,已用于形态聚类或重复合并,1,参与形态聚类候选: absolute
E:\压裂窜扰项目\02 规范化\阳101H75\阳101H75 邻井压力监测\阳101H75平台秒点数据_2井_3井秒点数据（2井第16段）.xls,1,已用于形态聚类或重复合并,1,参与形态聚类候选: absolute
E:\压裂窜扰项目\02 规范化\阳101H75\阳101H75 邻井压力监测\阳101H75平台秒点数据_3井_3井第10段2井秒点数据2023.3.8.xls,1,已用于形态聚类或重复合并,1,参与形态聚类候选: observed_file_window
E:\压裂窜扰项目\02 规范化\阳101H75\阳101H75 邻井压力监测\阳101H75平台秒点数据_4井_4井5井秒点数据2023.2.22（6井9段）.xls,2,已用于形态聚类或重复合并,2,参与形态聚类候选: observed_file_window
E:\压裂窜扰项目\02 规范化\阳101H75\阳101H75 邻井压力监测\阳101H75平台秒点数据_4井_4井5井秒点数据（6井8段）.xls,2,已用于形态聚类或重复合并,2,参与形态聚类候选: observed_file_window
E:\压裂窜扰项目\02 规范化\阳101H75\阳101H75 邻井压力监测\阳101H75平台秒点数据_4井_4井第2段5井压力监测.xls,1,已用于形态聚类或重复合并,1,参与形态聚类候选: observed_file_window
E:\压裂窜扰项目\02 规范化\阳101H75\阳101H75 邻井压力监测\阳101H75平台秒点数据_6井_2023.2.13压裂6井第6段期间4井秒点.xls,1,已用于形态聚类或重复合并,1,参与形态聚类候选: observed_file_window
E:\压裂窜扰项目\02 规范化\阳101H75\阳101H75 邻井压力监测\阳101H75平台秒点数据_6井_2023.2.13压裂6井第6段期间5井秒点.xls,1,已用于形态聚类或重复合并,1,参与形态聚类候选: observed_file_window
E:\压裂窜扰项目\02 规范化\阳101H75\阳101H75 邻井压力监测\阳101H75平台秒点数据_6井_6井第11段临井压力监测秒点数据.xls,2,已用于形态聚类或重复合并,2,参与形态聚类候选: observed_file_window
E:\压裂窜扰项目\02 规范化\阳101H75\阳101H75 邻井压力监测\阳101H75平台秒点数据_6井_6井第7段4井5井压力.xls,2,已用于形态聚类或重复合并,2,参与形态聚类候选: observed_file_window
E:\压裂窜扰项目\02 规范化\阳101H75\阳101H75 邻井压力监测\阳101H75平台秒点数据_6井_六井第十段临井压力监测秒点数据.xls,2,已用于形态聚类或重复合并,2,参与形态聚类候选: observed_file_window
