sample_id,platform_id,source_well,stage_id,monitor_platform,monitor_well,cluster,morphology_type,Balanced_feature_KMeans__2,Balanced_feature_KMeans__3,Balanced_feature_KMeans__4,Balanced_feature_KMeans__5,Balanced_feature_KMeans__6,Balanced_feature_Ward__2,Balanced_feature_Ward__3,Balanced_feature_Ward__4,Balanced_feature_Ward__5,Balanced_feature_Ward__6,Shape_KMeans__2,Shape_KMeans__3,Shape_KMeans__4,Shape_KMeans__5,Shape_KMeans__6,Hybrid_DTW_medoid__2,Hybrid_DTW_medoid__3,Hybrid_DTW_medoid__4,Hybrid_DTW_medoid__5,Hybrid_DTW_medoid__6
000d87594f00d1,阳101H51,3,26,阳101H51,2,3,迟缓响应持续上升型,1,2,4,5,1,1,1,1,1,1,1,1,2,5,2,2,3,4,2,6
0046b06fe12699,泸203H64,1,19,泸203H64,4,3,迟缓响应持续上升型,1,2,4,1,6,1,1,1,1,1,1,1,2,5,2,2,3,4,2,6
005b693c7fa118,泸201H5,3,18,泸201H5,1,4,降压主导型,2,3,3,4,4,2,2,2,2,2,2,2,1,3,3,1,2,1,3,2
005e4f1a5d26a8,泸201H5,1,10,泸201H5,3,1,低幅波动型,2,1,1,2,2,2,3,3,3,3,2,3,3,2,4,1,1,3,4,1
005edb3b0c1a72,阳101H35,1,10,阳101H35,2,3,迟缓响应持续上升型,1,2,4,1,6,1,1,4,4,4,1,1,2,1,6,2,3,2,1,5
00708041741928,泸203H64,5,14,泸203H64,4,1,低幅波动型,2,3,1,2,4,2,3,3,3,3,2,2,1,2,1,1,2,1,5,3
00713f559b2d76,阳101H32,4,8,阳101H32,5,1,低幅波动型,2,3,1,2,4,2,3,3,3,3,2,2,1,3,1,1,2,1,5,2
008d8d8ad779df,阳101H31,3,1,阳101H31,2,3,迟缓响应持续上升型,1,2,4,1,6,1,1,4,4,4,1,1,2,5,2,2,3,4,2,5
00a4514ac57a90,泸208H2,7,8,泸208H2,6,2,早期上升趋缓型,1,2,2,3,5,1,1,4,4,4,1,1,2,5,2,2,3,2,1,5
00c2925a3ba81f,阳101H35,3,4,阳101H35,4,1,低幅波动型,2,1,1,2,2,2,3,3,3,3,2,3,3,2,4,1,1,3,4,1
00fb4ca4c7c417,泸201H5,3,16,泸201H5,4,3,迟缓响应持续上升型,1,2,4,1,6,1,1,4,4,4,1,1,2,5,2,2,3,2,1,5
0105b0c0c812a2,泸203H64,1,18,泸203H64,2,3,迟缓响应持续上升型,1,1,4,5,1,1,1,1,1,1,1,3,2,5,2,2,3,4,2,6
0136078b1dd1f3,阳101H2,5,15,阳101H2,6,1,低幅波动型,2,1,1,2,2,2,3,3,3,3,2,3,3,2,4,1,1,3,4,1
01542982b133dc,泸201H5,3,24,泸201H5,1,1,低幅波动型,2,1,1,2,2,2,3,3,3,3,2,3,3,2,4,1,1,3,4,1
01596ef8a128e1,泸201H5,3,23,泸201H5,2,1,低幅波动型,2,3,1,2,4,2,3,3,3,3,2,2,1,3,1,1,2,1,5,3
0186ea390bb736,阳101H34,3,23,阳101H34,2,2,早期上升趋缓型,1,2,2,1,6,1,1,4,5,5,1,1,2,1,6,2,3,2,1,4
01a84d24bda45e,泸203H76,3,17,泸203H76,1,3,迟缓响应持续上升型,1,2,4,5,1,1,1,1,1,1,1,1,2,1,6,2,3,4,1,5
01ba7af482e352,阳101H2,,,阳101H2,6,4,降压主导型,2,3,3,4,4,2,2,2,2,2,2,2,1,3,3,1,2,1,3,2
01c16ff17711b1,阳101H26,,,阳101H26,2,1,低幅波动型,2,1,1,2,2,2,3,3,3,3,2,3,3,2,4,1,1,3,4,1
01cc963f8701ed,阳101H2,5,14,阳101H2,2,2,早期上升趋缓型,1,2,2,3,5,1,1,1,1,1,1,1,2,1,6,2,3,2,1,4
01ccc50dfae259,阳101H2,324,19,阳101H2,8,3,迟缓响应持续上升型,1,2,4,5,1,1,1,1,1,1,1,1,2,5,2,2,3,4,2,6
021f1226aa000c,阳101H2,122,3,阳101H2,8,2,早期上升趋缓型,1,2,2,3,5,1,1,1,1,1,1,1,2,1,6,2,3,2,1,4
022010542f8270,阳101H35,2,15,阳101H35,1,3,迟缓响应持续上升型,1,2,4,5,1,1,1,1,1,1,1,1,2,1,6,2,3,2,1,5
0265487417a70a,阳101H26,,,阳101H26,3,3,迟缓响应持续上升型,1,2,4,1,6,1,1,4,4,4,1,1,2,5,2,2,3,2,1,5
0269171c2f3beb,阳101H2,4,20,阳101H2,5,4,降压主导型,2,3,3,4,3,2,2,2,2,6,2,2,1,3,3,1,2,1,3,2
026cf2a319460c,泸201H5,4,9,泸201H5,2,1,低幅波动型,2,1,1,2,2,2,3,3,3,3,2,3,3,2,1,1,1,3,5,3
029ddcaf104bb6,泸208H2,10,12,泸208H2,8,3,迟缓响应持续上升型,1,2,4,5,1,1,1,1,1,1,1,1,2,5,2,2,3,4,2,6
02aa35ea21031e,泸203H64,3,4,泸203H64,2,1,低幅波动型,2,1,1,2,2,2,3,3,3,3,2,3,3,2,4,1,1,3,4,1
02df4dc547b70c,泸203H76,3,13,泸203H76,4,3,迟缓响应持续上升型,1,2,4,5,1,1,1,1,1,1,1,1,2,5,2,2,3,4,2,6
02df54ce531f12,泸203H76,1,16,泸203H76,2,2,早期上升趋缓型,1,2,2,3,5,1,1,1,1,1,1,1,2,1,6,2,3,2,1,4
02e16cd7cec036,阳101H32,4,15,阳101H32,2,3,迟缓响应持续上升型,1,1,4,5,1,1,1,1,1,1,1,1,2,5,2,2,3,4,2,6
02eeb67cda39df,泸203H64,4,9,泸203H64,3,3,迟缓响应持续上升型,1,2,4,1,6,1,1,1,1,1,1,1,2,5,2,2,3,4,2,5
0301b0503dc63e,泸208H2,8,14,泸208H2,9,3,迟缓响应持续上升型,1,2,4,1,6,1,1,4,4,4,1,1,2,1,6,2,3,2,1,5
0313771e18e1cb,阳101H31,3,15,阳101H31,1,2,早期上升趋缓型,1,2,2,3,5,1,1,4,5,5,1,1,2,1,6,2,3,2,1,4
0319a720094d4b,阳101H2,4,15,阳101H2,6,1,低幅波动型,2,1,1,2,2,2,3,3,3,3,2,3,3,2,4,1,1,3,4,1
03278152bdb87d,阳101H35,2,11,阳101H35,1,3,迟缓响应持续上升型,1,2,4,5,1,1,1,1,1,1,1,1,2,5,2,2,3,4,2,5
035c48c246a359,阳101H26,,,阳101H26,1,1,低幅波动型,2,1,1,2,2,2,3,3,3,3,2,3,3,2,4,1,1,3,4,3
0383d7bf737156,阳101H51,1,12,阳101H51,3,3,迟缓响应持续上升型,1,2,4,5,1,1,1,1,1,1,1,1,2,5,2,2,3,4,2,5
039040253f10c4,泸208H1,2,11,泸208H1,5,3,迟缓响应持续上升型,1,2,4,1,6,1,1,4,4,4,1,1,2,5,2,2,3,4,2,5
03adeb22595bf6,泸203H64,3,7,泸203H64,5,3,迟缓响应持续上升型,1,1,4,5,1,1,1,1,1,1,1,3,3,5,2,2,3,4,2,6
03b6bd18333fe0,泸208H2,6,22,泸208H2,7,2,早期上升趋缓型,1,2,2,3,5,1,1,1,1,1,1,1,2,1,6,2,3,2,1,5
03bb47c3df36e6,泸203H64,5,11,泸203H64,3,3,迟缓响应持续上升型,1,2,4,1,6,1,1,4,4,4,1,1,2,5,2,2,3,4,2,5
03bd0cc9ae8743,泸203H76,2,16,泸203H76,3,4,降压主导型,2,3,3,4,4,2,2,2,2,2,2,2,1,3,3,1,2,1,3,2
03be013afe578a,泸203H64,1,7,泸203H64,3,4,降压主导型,2,3,3,2,4,2,3,3,3,3,2,2,1,3,1,1,2,1,5,2
03be811339f454,泸201H5,3,2,泸201H5,4,1,低幅波动型,2,1,1,5,2,2,3,3,3,3,1,3,3,5,4,2,1,3,4,1
03c4993e3a3802,阳101H31,1,13,阳101H31,3,2,早期上升趋缓型,1,2,2,3,5,1,1,4,4,4,1,1,2,5,2,2,3,2,1,5
03c4d09f38c8c5,泸206H8,,,泸206H8,2,4,降压主导型,2,3,3,4,3,2,2,2,2,6,2,3,3,2,1,1,1,3,5,3
03c8c4e0ad63d4,阳101H26,,,阳101H26,3,4,降压主导型,2,3,3,4,4,2,2,2,2,2,2,2,1,3,3,1,2,1,3,2
03d064cd9d3399,泸203H66,1,19,泸203H66,2,2,早期上升趋缓型,1,2,2,3,5,1,1,4,5,5,1,1,2,1,6,2,3,2,1,4
03e9b9a069b224,阳101H26,,,阳101H26,4,1,低幅波动型,1,1,1,5,1,1,1,1,1,1,1,1,2,5,2,2,3,4,2,6
03ea2387352d97,阳101H32,6,7,阳101H32,4,1,低幅波动型,2,1,1,2,2,2,3,3,3,3,2,3,3,2,4,1,1,3,4,3
03f0c4cfe3c762,泸206H8,4,1,泸206H8,8,1,低幅波动型,2,3,1,2,3,2,2,2,2,6,2,3,3,2,4,1,1,3,4,1
04091f4aecef70,阳101H32,4,13,阳101H32,7,1,低幅波动型,2,1,1,2,2,2,3,3,3,3,2,3,3,2,4,1,1,3,4,1
04147e98bed2d8,阳101H35,,,阳101H35,1,3,迟缓响应持续上升型,1,2,4,5,1,1,1,1,1,1,1,3,3,5,2,2,3,4,2,6
0417ed00e351b7,阳101H31,3,2,阳101H31,2,2,早期上升趋缓型,1,2,2,3,5,1,1,4,5,5,1,1,2,1,6,2,3,2,1,4
044acecce0871b,泸203H64,4,13,泸203H64,5,3,迟缓响应持续上升型,1,2,4,5,1,1,1,1,1,1,1,1,2,5,2,2,3,4,2,6
0478191a5b4c87,阳101H2,104,17,阳101H2,8,1,低幅波动型,2,1,1,2,2,2,2,2,2,2,2,3,3,2,4,1,1,3,4,1
04a0c7fc508f4d,泸208H1,5,23,泸208H1,4,3,迟缓响应持续上升型,1,2,4,1,6,1,1,4,4,4,1,1,2,5,2,2,3,4,2,5
04a7bc8c037dc8,阳101H26,,,阳101H26,2,1,低幅波动型,2,1,1,2,2,2,3,3,3,3,2,3,3,2,4,1,1,3,4,1
04e7bba88fb5f5,阳101H26,,,阳101H26,3,3,迟缓响应持续上升型,1,1,4,5,1,1,1,1,1,1,1,1,2,5,2,2,3,4,2,6
05006dc1881a8b,阳101H26,,,阳101H26,1,1,低幅波动型,2,1,1,2,2,2,3,3,3,3,2,3,3,2,1,1,1,3,5,3
0507b5e160b25c,泸203H10,2,13,泸203H10,1,3,迟缓响应持续上升型,1,2,4,1,6,1,1,4,4,4,1,3,3,5,2,2,3,4,2,6
051aab523cbdd7,阳101H35,1,18,阳101H35,3,1,低幅波动型,2,1,1,2,4,2,3,3,3,3,2,2,1,3,1,1,2,1,5,3
051fcce55ac97a,阳101H32,4,13,阳101H32,5,4,降压主导型,2,3,3,4,4,2,2,2,2,2,2,2,1,3,3,1,2,1,3,2
054236c04bc4be,泸208H2,8,7,泸208H2,9,3,迟缓响应持续上升型,1,2,4,5,1,1,1,1,1,1,1,1,2,5,2,2,3,4,2,6
057202057c8ddb,泸208H1,4,11,泸208H1,5,2,早期上升趋缓型,1,2,2,3,5,1,1,4,5,5,1,1,2,1,6,2,3,2,1,4
0572694920f4ce,阳101H32,4,4,阳101H32,2,3,迟缓响应持续上升型,1,2,4,5,1,1,1,1,1,1,1,1,2,5,2,2,3,4,2,6
05aeb8ae0e764c,泸203H66,1,17,泸203H66,4,3,迟缓响应持续上升型,1,2,4,5,1,1,1,1,1,1,1,1,2,1,6,2,3,2,1,4
05e2b21cad8160,泸208H2,1,11,泸208H2,2,2,早期上升趋缓型,1,2,2,3,5,1,1,4,5,5,1,1,2,1,6,2,3,2,1,4
05e78b67e4848c,阳101H2,2,21,阳101H2,4,2,早期上升趋缓型,1,2,2,3,5,1,1,4,5,5,1,1,2,1,6,2,3,2,1,4
05fd7961f7c4fe,阳101H26,,,阳101H26,4,3,迟缓响应持续上升型,1,1,4,5,1,1,1,1,1,1,1,1,2,5,2,2,3,4,2,6
061cfca37b783f,阳101H32,6,15,阳101H32,1,1,低幅波动型,2,1,1,2,2,2,3,3,3,3,2,3,3,2,1,1,1,3,5,3
064c13493054ab,阳101H31,7,30,阳101H31,4,3,迟缓响应持续上升型,1,2,4,5,1,1,1,1,1,1,1,1,2,1,6,2,3,2,1,4
065a40297665dc,泸203H64,1,17,泸203H64,3,1,低幅波动型,2,1,1,2,2,2,3,3,3,3,2,3,3,2,4,1,1,3,4,3
0669e673cf13db,泸208H2,9,17,泸208H2,8,3,迟缓响应持续上升型,1,2,4,5,1,1,1,1,1,1,1,1,2,1,6,2,3,2,1,4
066f181922cd85,阳101H51,4,4,阳101H51,3,3,迟缓响应持续上升型,1,2,4,5,1,1,1,1,1,1,1,1,2,5,2,2,3,4,2,6
06833045d88d3d,阳101H31,,,阳101H31,1,2,早期上升趋缓型,1,2,2,3,5,1,1,4,4,4,1,1,2,1,6,2,3,2,1,5
0688457a3e0089,阳101H2,42,21,阳101H32,8,3,迟缓响应持续上升型,1,2,4,5,1,1,1,1,1,1,1,1,2,1,6,2,3,2,1,4
068d8d6f2714e8,阳101H32,2,15,阳101H32,6,2,早期上升趋缓型,1,2,2,3,5,1,1,4,4,4,1,1,2,1,6,2,3,2,1,4
069926f741f9b7,泸206H8,5,6,泸206H8,6,1,低幅波动型,2,1,1,2,2,2,3,3,3,3,2,3,3,2,4,1,1,3,4,1
06ade3c14fa2ce,泸201H5,2,17,泸201H5,4,1,低幅波动型,2,1,1,2,2,2,3,3,3,3,2,3,3,2,4,1,1,3,4,3
06b3d59751a202,泸203H8,4,1,泸203H8,3,3,迟缓响应持续上升型,1,2,4,5,1,1,1,1,1,1,1,1,2,5,2,2,3,4,2,5
06bba88a544e3b,泸201H5,4,9,泸201H5,3,3,迟缓响应持续上升型,1,2,4,1,6,1,1,1,1,1,1,1,2,5,2,2,3,4,2,5
06be3c6d42a0d9,泸201H5,1,6,泸201H5,3,1,低幅波动型,2,1,1,2,2,2,3,3,3,3,2,3,3,2,4,1,1,3,4,1
06c792599db96a,泸203H76,1,5,泸203H76,4,1,低幅波动型,2,1,1,2,4,2,3,3,3,3,2,3,3,2,1,1,1,3,5,3
06ca430ed4e89a,泸203H66,2,17,泸203H66,4,2,早期上升趋缓型,1,2,2,3,5,1,1,1,1,1,1,1,2,1,6,2,3,2,1,4
06f65056b6fd5d,泸201H5,3,6,泸201H5,4,4,降压主导型,2,3,3,4,4,2,2,2,2,2,2,2,1,3,3,1,2,1,3,2
06f823469632fe,阳101H34,6,10,阳101H34,5,3,迟缓响应持续上升型,1,2,4,5,1,1,1,1,1,1,1,1,2,5,2,2,3,4,2,6
06fd55de27df94,泸203H64,5,2,泸203H58,5,3,迟缓响应持续上升型,1,1,4,5,1,1,1,1,1,1,1,1,2,5,2,2,3,4,2,6
0708ef0b48b036,泸203H66,1,20,泸203H66,2,2,早期上升趋缓型,1,2,2,1,6,1,1,4,4,4,1,1,2,1,6,2,3,2,1,5
0717b2bb00d821,阳101H26,,,阳101H26,4,4,降压主导型,2,3,3,4,3,2,2,2,2,6,2,3,3,2,1,1,2,1,5,2
072d811e02541e,泸208H2,4,22,泸208H2,3,3,迟缓响应持续上升型,1,2,4,1,6,1,1,1,1,1,1,1,2,5,2,2,3,4,1,5
074a07cdc56b44,阳101H2,,,阳101H2,6,1,低幅波动型,2,1,1,2,2,2,3,3,3,3,2,3,3,2,4,1,1,3,4,1
0763435229cc0a,阳101H26,,,阳101H26,4,1,低幅波动型,2,1,1,2,2,2,3,3,3,3,2,3,3,2,4,1,1,3,4,1
07657351df4c29,泸208H1,2,4,泸208H1,1,2,早期上升趋缓型,1,2,2,3,5,1,1,1,1,1,1,1,2,1,6,2,3,2,1,4
0767003162c953,阳101H26,,,阳101H26,3,3,迟缓响应持续上升型,1,1,4,5,1,1,1,1,1,1,1,1,2,5,2,2,3,4,2,6
079770d1cc3140,阳101H35,2,21,阳101H35,1,1,低幅波动型,2,1,1,2,4,2,3,3,3,3,2,2,1,3,1,1,2,1,5,3
07a0f38943099f,阳101H32,2,8,阳101H32,3,1,低幅波动型,2,1,1,2,2,2,3,3,3,3,2,3,3,2,4,1,1,3,4,1
07aa6a121e64be,阳101H35,3,5,阳101H35,1,4,降压主导型,2,3,3,4,4,2,2,2,2,2,2,2,1,3,3,1,2,1,3,2
07d6911c2931e5,泸201H5,1,15,泸201H5,2,4,降压主导型,2,3,3,4,3,2,2,2,2,6,2,2,1,3,3,1,2,1,3,2
07e98b6d20c202,泸203H64,3,1,泸203H64,2,4,降压主导型,2,3,3,4,4,2,2,2,2,2,2,2,1,3,3,1,2,1,3,2
0819019fb989a8,阳101H2,2,16,阳101H2,5,2,早期上升趋缓型,1,2,2,3,5,1,1,1,1,1,1,1,2,1,6,2,3,2,1,4
0836f729b357a3,泸208H1,4,16,泸208H1,5,2,早期上升趋缓型,1,2,2,1,6,1,1,4,4,4,1,1,2,1,6,2,3,2,1,4
085774fe56ef73,泸208H2,5,10,泸208H2,3,3,迟缓响应持续上升型,1,2,4,1,6,1,1,4,4,4,1,1,2,5,2,2,3,4,1,5
087ce7583b2d2c,阳101H35,2,4,阳101H35,3,1,低幅波动型,2,1,1,2,2,1,1,1,1,1,2,3,3,2,4,1,1,3,4,1
087fa1334a0873,泸203H76,3,21,泸203H76,4,1,低幅波动型,2,3,1,2,4,2,3,3,3,3,2,3,3,2,1,1,1,3,5,3
08885e078c1caf,泸208H2,4,19,泸208H2,3,3,迟缓响应持续上升型,1,2,4,1,6,1,1,4,4,4,1,1,2,5,2,2,3,4,2,6
08ae7ab4add9f6,泸203H76,2,9,泸203H76,4,3,迟缓响应持续上升型,1,2,4,5,1,1,1,1,1,1,1,1,2,5,2,2,3,4,2,6
08af838d590059,泸203H64,,,泸203H64,3,1,低幅波动型,2,1,1,2,4,2,3,3,3,3,2,3,3,2,1,1,1,3,5,3
08afd51fc7b9ff,阳101H31,2,4,阳101H25,1,1,低幅波动型,2,1,1,2,2,2,3,3,3,3,2,3,3,2,4,1,1,3,5,3
08b45d6b1f9500,泸203H9,3,3,泸203H9,1,1,低幅波动型,2,1,1,2,2,2,3,3,3,3,2,3,3,2,4,1,1,3,4,3
08be048e11b7cb,阳101H35,3,10,阳101H35,2,3,迟缓响应持续上升型,1,2,4,5,1,1,1,1,1,1,1,1,2,1,6,2,3,2,1,4
08bec6f9ea77e1,阳101H2,2,14,阳101H2,6,1,低幅波动型,2,1,1,2,2,2,3,3,3,3,2,3,3,2,4,1,1,3,4,1
08c86fbff98a47,泸206H8,4,1,泸206H8,2,1,低幅波动型,2,3,1,2,4,2,3,3,3,3,2,3,3,2,1,1,2,1,5,3
09054c7af07930,阳101H35,3,8,阳101H35,4,1,低幅波动型,2,1,1,2,2,2,3,3,3,3,1,3,3,5,4,1,1,3,4,1
091a39a357c1d8,阳101H32,4,5,阳101H32,2,3,迟缓响应持续上升型,1,2,4,5,1,1,1,1,1,1,1,1,2,5,2,2,3,4,2,5
093a227ade4bd2,阳101H26,,,阳101H26,1,1,低幅波动型,2,1,1,2,4,2,3,3,3,3,2,2,1,3,1,1,2,1,5,3
094610aca16163,阳101H34,3,7,阳101H34,2,2,早期上升趋缓型,1,2,2,3,5,1,1,4,5,5,1,1,2,1,6,2,3,2,1,4
0958764af7c844,阳101H35,1,6,阳101H35,3,2,早期上升趋缓型,1,2,2,3,5,1,1,1,1,1,1,1,2,1,6,2,3,2,1,4
0958fed43b5619,阳101H34,4,5,阳101H34,3,3,迟缓响应持续上升型,1,2,4,1,6,1,1,1,1,1,1,1,2,5,2,2,3,2,1,5
097f934284ca28,泸203H66,2,18,泸203H66,sensor:No09,2,早期上升趋缓型,1,2,2,1,6,1,1,4,4,4,1,1,2,1,6,2,3,2,1,5
098bec8b4ae3fb,泸203H64,3,9,泸203H64,1,3,迟缓响应持续上升型,1,2,4,5,1,1,1,1,1,1,1,1,2,5,2,2,3,4,2,6
099a42112cf12a,阳101H26,,,阳101H26,4,1,低幅波动型,2,1,1,2,2,2,3,3,3,3,2,3,3,2,4,1,1,3,4,1
09acc704e5206b,阳101H35,3,22,阳101H35,2,3,迟缓响应持续上升型,1,2,4,5,1,1,1,1,1,1,1,1,2,1,6,2,3,4,1,5
09df8252cfb6bd,阳101H2,2,12,阳101H2,6,2,早期上升趋缓型,1,2,2,1,6,1,1,4,4,4,1,1,2,1,6,2,3,2,1,5
09eee7ad39b7e4,阳101H26,,,阳101H26,1,1,低幅波动型,2,1,1,2,4,2,3,3,3,3,2,2,1,3,1,1,2,1,5,3
0a3bae28c4c109,泸203H76,2,14,泸203H76,3,4,降压主导型,2,3,3,4,3,2,2,2,2,6,2,2,1,3,3,1,2,1,3,2
0a4e4d0688759e,阳101H32,2,22,阳101H32,1,1,低幅波动型,2,3,1,2,4,2,3,3,3,3,2,2,1,3,3,1,2,1,5,2
0a4fd103ed5459,泸208H1,5,1,泸208H1,6,3,迟缓响应持续上升型,1,2,4,1,6,2,2,2,2,6,1,1,2,1,6,2,3,2,1,5
0a5478f38a4226,泸203H9,4,6,泸203H9,1,1,低幅波动型,2,1,1,2,2,2,3,3,3,3,2,3,3,2,4,1,1,3,4,1
0a6aba48c0f912,泸206H8,,,泸206H8,3,3,迟缓响应持续上升型,1,2,4,5,1,1,1,1,1,1,1,1,2,1,6,2,3,2,1,5
0a8bf09103b9f4,泸201H5,4,7,泸201H5,3,3,迟缓响应持续上升型,1,2,4,1,6,1,1,1,1,1,1,1,2,5,2,2,3,4,2,5
0a98f1c5e862b2,泸203H64,3,3,泸203H64,4,3,迟缓响应持续上升型,1,2,4,1,6,1,1,4,4,4,1,1,2,5,2,2,3,2,1,5
0aaea127889e21,泸203H64,3,6,泸203H64,1,4,降压主导型,2,3,3,4,4,2,2,2,2,2,2,2,1,3,3,1,2,1,3,2
0ac0e260f6d891,阳101H34,5,9,阳101H34,6,3,迟缓响应持续上升型,1,2,4,5,1,1,1,1,1,1,1,1,2,5,2,2,3,4,2,6
0ae85051464019,阳101H51,2,14,阳101H51,3,2,早期上升趋缓型,1,2,2,3,5,1,1,4,5,5,1,1,2,1,6,2,3,2,1,4
0af8da0cb75b52,阳101H2,4,20,阳101H2,6,2,早期上升趋缓型,1,2,2,3,5,1,1,4,5,5,1,1,2,1,6,2,3,2,1,4
0b17486870e804,阳101H31,7,23,阳101H31,6,3,迟缓响应持续上升型,1,2,4,5,1,1,1,1,1,1,1,1,2,5,2,2,3,4,2,6
0b1749180329eb,阳101H31,4,21,阳101H31,5,2,早期上升趋缓型,1,2,2,5,1,1,1,1,1,1,1,1,2,1,6,2,3,2,1,4
0b6999736fdddc,阳101H32,4,17,阳101H32,1,1,低幅波动型,2,1,1,2,2,2,3,3,3,3,2,3,3,2,4,1,1,3,5,3
0b79bc5aa1372b,泸208H2,10,12,泸208H2,9,3,迟缓响应持续上升型,1,2,4,5,1,1,1,1,1,1,1,1,2,5,2,2,3,4,2,6
0b8f7535ee698a,泸203H66,1,8,泸203H66,3,3,迟缓响应持续上升型,1,1,4,5,1,1,1,1,1,1,1,1,2,5,2,2,3,4,2,6
0b91631ef51957,阳101H32,6,5,阳101H32,3,1,低幅波动型,2,1,1,2,2,2,3,3,3,3,2,3,3,2,4,1,1,3,4,3
0bbe998bee4468,泸203H9,3,6,泸203H9,6,1,低幅波动型,2,1,1,2,2,2,3,3,3,3,2,3,3,2,4,1,1,3,4,3
0bc1013e4313f9,阳101H2,2,14,阳101H2,1,2,早期上升趋缓型,1,2,2,3,5,1,1,1,1,1,1,1,2,1,6,2,3,2,1,4
0bc1818c937315,阳101H35,1,12,阳101H35,3,1,低幅波动型,2,1,1,2,2,2,2,2,2,2,2,3,3,2,4,1,1,3,4,1
0bd288d88c11d8,阳101H35,1,14,阳101H35,2,3,迟缓响应持续上升型,1,1,4,5,1,1,1,1,1,1,1,3,3,5,4,2,1,4,2,6
0bde477d232cf2,阳101H31,1,14,阳101H31,3,3,迟缓响应持续上升型,1,2,4,1,6,1,1,4,4,4,1,1,2,5,2,2,3,2,1,5
0be17ae5a2eddc,泸203H76,4,11,泸203H76,2,3,迟缓响应持续上升型,1,2,4,5,1,1,1,1,1,1,1,1,2,5,2,2,3,4,2,5
0be7aff9060a91,阳101H35,1,17,阳101H35,3,1,低幅波动型,2,1,1,2,2,2,3,3,3,3,2,3,3,2,1,1,1,3,5,3
0be8206baaa0bc,阳101H31,2,4,阳101H25,2,3,迟缓响应持续上升型,1,1,4,5,1,1,1,1,1,1,1,1,2,5,2,2,3,4,2,6
0bf71f1af904c3,阳101H35,2,3,阳101H35,3,4,降压主导型,2,3,3,4,3,2,2,2,2,6,2,2,1,3,3,1,2,1,3,2
0c2d87e829cc1c,阳101H31,3,15,阳101H31,5,4,降压主导型,2,3,3,4,4,2,2,2,2,2,2,2,1,3,3,1,2,1,3,2
0c619a9f98994e,阳101H2,,,阳101H2,4,1,低幅波动型,2,1,1,2,2,2,3,3,3,3,2,3,3,2,4,1,1,3,4,1
0c78396992a5ae,泸203H64,4,10,泸203H64,2,4,降压主导型,2,3,3,4,4,2,2,2,2,2,2,2,1,3,3,1,2,1,3,2
0c85d55c07266b,阳101H2,,,阳101H2,3,1,低幅波动型,2,1,1,2,2,2,3,3,3,3,2,3,3,2,4,1,1,3,4,3
0ca0af1f98c047,阳101H2,2,3,阳101H2,6,1,低幅波动型,2,1,1,2,2,2,3,3,3,3,1,1,2,5,2,2,3,4,2,1
0ca2c9f08caa38,阳101H2,,,阳101H2,3,1,低幅波动型,2,1,1,2,2,2,3,3,3,3,2,3,3,2,4,1,1,3,4,1
0ca6185b2de705,阳101H34,4,11,阳101H34,3,3,迟缓响应持续上升型,1,2,4,5,1,1,1,1,1,1,1,1,2,1,6,2,3,2,1,5
0ca693ae16a964,阳101H34,1,14,阳101H34,2,2,早期上升趋缓型,1,2,2,3,5,1,1,1,1,1,1,1,2,1,6,2,3,2,1,4
0cad5d18aa7c61,阳101H2,6,21,阳101H2,2,4,降压主导型,2,3,3,4,4,2,2,2,2,2,2,2,1,3,3,1,2,1,3,2
0cced351d386a1,泸206H8,4,4,泸206H8,5,1,低幅波动型,2,1,1,2,4,2,3,3,3,3,2,2,1,3,1,1,2,1,5,3
0ce3b0e15a20d9,泸201H5,1,10,泸201H5,2,3,迟缓响应持续上升型,1,1,4,5,1,1,1,1,1,1,1,1,2,5,2,2,3,4,2,6
0cf36b678fa9e4,阳101H2,2,12,阳101H2,4,1,低幅波动型,2,1,1,2,2,2,3,3,3,3,2,3,3,2,4,1,1,3,4,3
0cf7ceba6616af,泸206H8,5,5,泸206H8,4,1,低幅波动型,2,1,1,2,2,2,3,3,3,3,2,3,3,2,4,1,1,3,4,1
0d01f3b58ae830,泸203H64,3,4,泸203H64,5,3,迟缓响应持续上升型,1,2,4,1,6,1,1,4,4,4,1,1,2,5,2,2,3,2,1,5
0d1a1c6c39a528,阳101H2,,,阳101H2,1,3,迟缓响应持续上升型,1,2,4,1,6,1,1,1,1,1,1,1,2,5,2,2,3,4,2,5
0d229be8f2a003,泸203H11,7,9,泸203H11,5,3,迟缓响应持续上升型,1,2,4,5,1,1,1,1,1,1,1,1,2,5,2,2,3,4,2,6
0d31fedd78cd74,阳101H2,6,8,阳101H2,2,4,降压主导型,2,3,3,4,4,2,2,2,2,2,2,2,1,3,1,1,2,1,5,3
0d4afd3d2a17e4,泸206H8,4,21,泸206H8,1,3,迟缓响应持续上升型,1,1,4,5,1,1,1,1,1,1,1,1,2,5,2,2,3,4,2,6
0d6ab575618f02,阳101H31,5,10,阳101H31,4,2,早期上升趋缓型,1,2,2,3,5,1,1,1,1,1,1,1,2,1,6,2,3,2,1,4
0d6cad52a9a8a5,泸206H10,3,7,泸206H10,1,4,降压主导型,2,3,3,4,4,2,2,2,2,2,2,2,1,3,3,1,2,1,3,2
0de954bd2cd22e,阳101H35,1,20,阳101H35,4,1,低幅波动型,1,1,1,5,1,1,1,1,1,1,1,1,2,5,2,2,3,4,2,6
0dffb8db6e242c,泸201H5,1,3,泸201H5,3,1,低幅波动型,2,1,1,2,2,2,3,3,3,3,2,3,3,2,4,1,1,3,4,3
0e081d52b41022,泸203H76,4,11,泸203H76,1,3,迟缓响应持续上升型,1,1,4,5,1,1,1,1,1,1,1,1,2,5,2,2,3,4,2,6
0e0b631fef7bbd,阳101H2,,,阳101H2,4,1,低幅波动型,2,1,1,2,2,2,3,3,3,3,2,3,3,2,4,1,1,3,4,1
0e10f80c78aa41,阳101H2,66,19,阳101H2,8,3,迟缓响应持续上升型,1,2,4,1,6,1,1,4,4,4,1,1,2,5,2,2,3,4,2,6
0e2cea5a7e8a6d,阳101H31,3,7,阳101H31,4,1,低幅波动型,2,1,1,2,2,2,3,3,3,3,2,3,3,2,4,1,1,3,4,1
0e334b36f7823f,泸208H2,8,11,泸208H2,10,3,迟缓响应持续上升型,1,1,4,5,1,1,1,1,1,1,1,1,2,5,2,2,3,4,2,6
0e3385796d6207,阳101H51,1,7,阳101H51,3,3,迟缓响应持续上升型,1,2,4,5,1,1,1,1,1,1,1,1,2,1,6,2,3,2,1,5
0e3dff5f65f915,阳101H2,6,20,阳101H2,3,1,低幅波动型,2,1,1,2,2,2,3,3,3,3,2,3,3,2,4,1,1,3,4,3
0e406deca8dc28,阳101H2,5,17,阳101H2,6,1,低幅波动型,2,1,1,2,2,2,3,3,3,3,2,3,3,2,1,1,1,3,5,3
0e44b33442b634,阳101H32,2,22,阳101H32,6,2,早期上升趋缓型,1,2,2,5,1,1,1,1,1,1,1,1,2,1,6,2,3,2,1,4
0e4aec85f49143,泸201H5,3,5,泸201H5,1,1,低幅波动型,2,1,1,2,2,2,3,3,3,3,2,3,3,2,1,1,1,3,5,3
0e5883b8711ebd,泸203H11,2,10,泸203H11,1,2,早期上升趋缓型,1,2,2,1,6,1,1,4,4,4,1,1,2,1,6,2,3,2,1,4
0e63ebe3a9a85c,阳101H35,3,18,阳101H35,1,4,降压主导型,2,3,3,4,3,2,2,2,2,6,2,2,1,3,3,1,2,1,3,2
0e98baf9e71c73,阳101H32,4,17,阳101H32,2,4,降压主导型,2,3,3,4,4,2,2,2,2,2,2,2,1,3,3,1,2,1,3,2
0e9b00941ec0ee,阳101H2,74,15,阳101H2,8,3,迟缓响应持续上升型,1,2,4,5,1,1,1,1,1,1,1,1,2,5,2,2,3,4,2,5
0eb26d7d843230,泸208H1,2,15,泸208H2,4,3,迟缓响应持续上升型,1,2,4,5,1,1,1,1,1,1,1,1,2,1,6,2,3,2,1,5
0ebccc0e3cb0a6,阳101H2,5,4,阳101H2,4,2,早期上升趋缓型,1,2,2,3,5,1,1,4,5,5,1,1,2,1,6,2,3,2,1,4
0ede52b71e7c4e,阳101H2,4,8,阳101H2,2,1,低幅波动型,2,1,1,5,1,1,1,1,1,1,1,3,3,5,2,2,3,4,2,6
0eeb6809e83083,泸208H1,6,4,泸208H1,5,3,迟缓响应持续上升型,1,2,4,1,6,1,1,4,4,4,1,1,2,5,2,2,3,4,2,5
0f27af5d5f834a,阳101H32,2,14,阳101H32,6,2,早期上升趋缓型,1,2,2,3,5,1,1,4,4,4,1,1,2,1,6,2,3,2,1,5
0f47322a2e15a7,阳101H25,1,28,阳101H25,2,3,迟缓响应持续上升型,1,2,4,5,1,1,1,1,1,1,1,1,2,1,6,2,3,2,1,5
0f6593a561d83b,泸203H66,3,11,泸203H66,2,3,迟缓响应持续上升型,1,2,4,1,6,1,1,4,4,4,1,1,2,5,2,2,3,4,2,5
0f6b2e10ceaf63,阳101H26,,,阳101H26,1,1,低幅波动型,2,1,1,2,2,2,3,3,3,3,2,3,3,2,1,1,1,3,5,3
0f8814172d0526,泸203H76,1,23,泸203H76,4,4,降压主导型,2,3,3,4,4,2,2,2,2,2,2,2,1,3,3,1,2,1,3,2
0f8fc821311a0b,阳101H26,,,阳101H26,3,3,迟缓响应持续上升型,1,2,4,1,6,1,1,4,4,4,1,3,3,5,2,2,3,4,2,6
0f9487f58a9261,泸208H2,10,11,泸208H2,9,3,迟缓响应持续上升型,1,2,4,5,1,1,1,1,1,1,1,1,2,5,2,2,3,4,2,6
0f94d566885dfc,阳101H51,2,17,阳101H51,1,3,迟缓响应持续上升型,1,2,4,1,6,1,1,4,4,4,1,1,2,5,2,2,3,4,2,5
0fa4f27951c0e0,阳101H31,2,13,阳101H31,1,3,迟缓响应持续上升型,1,2,4,1,6,1,1,1,1,1,1,1,2,5,2,2,3,4,2,5
0fbb65964f2a1e,阳101H2,2,16,阳101H2,6,3,迟缓响应持续上升型,1,2,4,5,1,1,1,1,1,1,1,1,2,1,6,2,3,2,1,5
0fbb6e1935c88b,阳101H31,5,14,阳101H31,7,2,早期上升趋缓型,1,2,2,3,5,1,1,4,5,5,1,1,2,1,6,2,3,2,1,4
0fc6f4dc71213f,泸206H8,3,19,泸206H8,1,3,迟缓响应持续上升型,1,1,4,5,1,1,1,1,1,1,1,1,2,5,2,2,3,4,2,6
0fdd2fd4249ff5,泸206H8,5,12,泸206H8,8,1,低幅波动型,2,1,1,2,4,2,3,3,3,3,2,3,3,2,1,1,1,3,5,3
0ff0299b4f6805,泸201H5,4,4,泸201H5,3,2,早期上升趋缓型,1,2,2,1,6,1,1,4,4,4,1,1,2,1,6,2,3,2,1,5
0ffdc4462d73bd,阳101H31,1,4,阳101H31,2,2,早期上升趋缓型,1,2,2,3,5,1,1,4,4,4,1,1,2,1,6,2,3,2,1,4
100803fb6c165a,阳101H26,,,阳101H26,3,3,迟缓响应持续上升型,1,2,4,1,6,1,1,4,4,4,1,1,2,5,2,2,3,4,2,6
100cda03877bcf,泸203H64,5,8,泸203H64,3,3,迟缓响应持续上升型,1,2,4,1,6,1,1,4,4,4,1,1,2,5,2,2,3,4,2,5
1013a1b4aee135,泸201H5,3,12,泸201H5,1,4,降压主导型,2,3,3,4,4,2,2,2,2,2,2,2,1,3,1,1,2,1,5,2
1043b7772cff60,阳101H2,,,阳101H2,5,4,降压主导型,2,3,3,4,4,2,2,2,2,2,2,2,1,3,3,1,2,1,3,2
1071a5c32c9faa,阳101H35,1,14,阳101H35,3,1,低幅波动型,2,3,1,2,4,2,3,3,3,3,2,2,1,3,1,1,2,1,5,2
107c48b342f325,阳101H32,6,20,阳101H32,2,4,降压主导型,2,3,3,4,4,2,2,2,2,2,2,2,1,3,3,1,2,1,3,2
10835e1703186b,阳101H32,6,13,阳101H32,7,1,低幅波动型,2,1,1,2,2,2,3,3,3,3,2,3,3,2,1,1,1,3,5,3
10904f3a5c4bb7,阳101H31,1,9,阳101H31,2,2,早期上升趋缓型,1,2,2,3,5,1,1,4,5,5,1,1,2,5,2,2,3,4,2,5
1094a1ff165817,泸203H76,4,11,泸203H76,3,2,早期上升趋缓型,1,2,2,3,5,1,1,1,1,1,1,1,2,1,6,2,3,2,1,4
10b12874ceb028,泸203H9,,,泸203H9,6,1,低幅波动型,2,1,1,2,2,2,3,3,3,3,2,3,3,2,4,1,1,3,4,3
10b40102d3ce52,阳101H26,,,阳101H26,4,3,迟缓响应持续上升型,1,1,4,5,1,1,1,1,1,1,1,1,2,5,2,2,3,4,2,6
10d6eca4c6c4ac,阳101H26,,,阳101H26,1,1,低幅波动型,2,1,1,2,4,2,3,3,3,3,2,2,1,3,1,1,2,1,5,3
10dfaa09e1b6c1,泸203H76,3,19,泸203H76,1,4,降压主导型,2,3,3,4,4,2,2,2,2,2,2,2,1,3,3,1,2,1,3,2
10f4e933a16dd0,泸203H11,5,6,泸203H11,6,2,早期上升趋缓型,1,2,2,3,5,1,1,4,5,5,1,1,2,1,6,2,3,2,1,4
1171093ec6504a,泸208H2,8,5,泸208H2,7,3,迟缓响应持续上升型,1,2,4,5,1,1,1,1,1,1,1,1,2,1,6,2,3,2,1,5
117b77b89faa24,阳101H2,,,阳101H2,2,1,低幅波动型,2,1,1,2,2,2,3,3,3,3,2,3,3,2,4,1,1,3,4,3
1193d87a7828c9,泸203H10,2,3,泸203H10,3,3,迟缓响应持续上升型,1,2,4,1,6,1,1,4,4,4,1,1,2,1,6,2,3,2,1,5
1198ab14822ae8,阳101H31,,,阳101H31,3,2,早期上升趋缓型,1,2,2,3,5,1,1,4,4,4,1,1,2,1,6,2,3,2,1,4
11b224736d732d,阳101H51,6,6,阳101H51,5,2,早期上升趋缓型,1,2,2,3,5,1,1,1,1,1,1,1,2,1,6,2,3,2,1,4
11b97de4ba3021,阳101H2,,,阳101H2,2,3,迟缓响应持续上升型,1,2,4,5,1,1,1,1,1,1,1,1,2,5,2,2,3,4,2,6
11cf9f4e35892e,阳101H26,,,阳101H26,3,3,迟缓响应持续上升型,1,2,4,5,1,1,1,1,1,1,1,1,2,5,2,2,3,4,2,6
11f1a04b2c4fce,阳101H51,3,14,阳101H51,2,3,迟缓响应持续上升型,1,2,4,5,1,1,1,1,1,1,1,1,2,5,2,2,3,4,2,6
120033330ed3bc,阳101H32,4,1,阳101H32,5,3,迟缓响应持续上升型,1,2,4,5,1,1,1,1,1,1,1,1,2,5,2,2,3,4,2,6
12098fe847e93c,泸203H66,3,17,泸203H66,1,3,迟缓响应持续上升型,1,2,4,5,1,1,1,1,1,1,1,1,2,5,2,2,3,4,2,6
120d084ef9324c,阳101H2,4,17,阳101H2,2,4,降压主导型,2,3,3,4,4,2,2,2,2,2,2,2,1,3,3,1,2,1,3,2
12410a86fc8a8e,阳101H51,5,5,阳101H51,6,2,早期上升趋缓型,1,2,2,1,6,1,1,4,4,4,1,1,2,1,6,2,3,2,1,4
125a7df9f266d5,阳101H51,2,14,阳101H51,1,3,迟缓响应持续上升型,1,2,4,5,1,1,1,1,1,1,1,1,2,5,2,2,3,4,2,6
1267a8a5c6a147,泸203H11,5,7,泸203H11,6,2,早期上升趋缓型,1,2,2,3,5,1,1,4,5,5,1,1,2,1,6,2,3,2,1,4
126dc10ea9d7d2,阳101H51,3,10,阳101H51,2,2,早期上升趋缓型,1,2,2,3,5,1,1,4,5,5,1,1,2,1,6,2,3,2,1,4
1286c37bf6264f,阳101H26,,,阳101H26,1,1,低幅波动型,2,1,1,2,2,2,3,3,3,3,2,3,3,2,4,1,1,3,4,1
12894557121a81,泸203H64,4,13,泸203H64,2,3,迟缓响应持续上升型,1,2,4,5,1,2,2,2,2,2,1,3,3,5,4,2,3,4,2,6
12aab38fc9194f,阳101H31,6,26,阳101H31,5,3,迟缓响应持续上升型,1,2,4,5,1,1,1,1,1,1,1,1,2,1,6,2,3,2,1,5
12bf9740568fae,阳101H34,6,6,阳101H34,5,3,迟缓响应持续上升型,1,2,4,1,6,1,1,1,1,1,1,1,2,5,2,2,3,4,2,5
12d57a9fd8783c,泸203H76,4,9,泸203H76,2,3,迟缓响应持续上升型,1,2,4,5,1,1,1,1,1,1,1,1,2,5,2,2,3,4,2,5
1317d055e6d06d,阳101H25,1,21,阳101H25,3,3,迟缓响应持续上升型,1,1,4,5,1,1,1,1,1,1,1,1,2,5,2,2,3,4,2,6
134d657954c0e4,泸206H8,5,12,泸206H8,6,1,低幅波动型,2,1,1,2,2,2,2,2,2,2,2,3,3,2,4,1,1,3,4,3
136c40ad75fedb,泸203H76,2,14,泸203H76,4,1,低幅波动型,2,3,1,2,4,2,3,3,3,3,2,3,3,2,1,1,1,3,5,3
136ce363048ff1,泸203H64,3,11,泸203H64,5,3,迟缓响应持续上升型,1,2,4,5,1,1,1,1,1,1,1,1,2,5,2,2,3,4,2,6
137ae76c8fe45d,泸203H66,3,15,泸203H66,2,4,降压主导型,2,3,3,4,3,2,2,2,2,6,2,2,1,3,3,1,2,1,3,2
13c1c7c7ef6722,阳101H34,6,4,阳101H34,5,3,迟缓响应持续上升型,1,2,4,5,1,1,1,1,1,1,1,1,2,5,2,2,3,4,2,6
13f0c02be06d96,泸203H76,1,20,泸203H76,3,4,降压主导型,2,3,3,4,3,2,2,2,2,6,2,2,1,3,3,1,2,1,3,2
1406a5eea67233,泸203H64,3,11,泸203H64,2,3,迟缓响应持续上升型,1,2,4,1,6,1,1,4,4,4,1,1,2,5,2,2,3,4,2,5
14259545ac7a79,阳101H31,7,21,阳101H31,4,3,迟缓响应持续上升型,1,2,4,5,1,1,1,1,1,1,1,1,2,1,6,2,3,2,1,5
14279e6fa0fac0,泸201H5,4,10,泸201H5,1,1,低幅波动型,2,1,1,2,2,2,3,3,3,3,2,3,3,2,4,1,1,3,4,3
142b02e1142ed5,阳101H34,4,14,阳101H34,3,3,迟缓响应持续上升型,1,2,4,1,6,1,1,4,4,4,1,1,2,1,6,2,3,2,1,5
143d86a6a03164,阳101H31,,,阳101H31,2,2,早期上升趋缓型,1,2,2,3,5,1,1,4,4,4,1,1,2,1,6,2,3,2,1,4
144ab4222f48aa,泸203H64,5,1,泸203H64,4,1,低幅波动型,2,1,1,2,2,2,3,3,3,3,2,3,3,2,4,1,1,3,4,3
146b8534aa8679,阳101H35,2,12,阳101H35,4,3,迟缓响应持续上升型,1,1,4,5,1,1,1,1,1,1,1,1,2,1,6,2,3,2,1,5
14a8c739577be2,泸201H5,4,5,泸201H5,3,3,迟缓响应持续上升型,1,2,4,1,6,1,1,4,4,4,1,1,2,1,6,2,3,2,1,5
14aa51a67beca0,阳101H34,1,8,阳101H34,2,3,迟缓响应持续上升型,1,1,4,5,1,1,1,1,1,1,1,1,2,5,2,2,3,4,2,6
14b9c641c5f831,泸206H8,3,20,泸206H8,2,3,迟缓响应持续上升型,1,2,4,5,1,1,1,1,1,1,1,1,2,5,2,2,3,4,2,6
14c9e4df869bad,泸203H64,3,9,泸203H64,2,2,早期上升趋缓型,1,2,2,3,6,1,1,4,4,4,1,1,2,1,6,2,3,2,1,4
14ca6377e9f5b0,泸203H64,5,10,泸203H64,2,1,低幅波动型,2,1,1,5,2,2,3,3,3,3,1,1,2,5,2,2,3,4,2,1
14f4c0b6846b24,泸201H5,1,22,泸201H5,3,1,低幅波动型,2,1,1,2,2,2,3,3,3,3,2,3,3,2,4,1,1,3,4,3
151e97d417cd84,泸203H9,3,3,泸203H9,6,4,降压主导型,2,3,3,4,4,2,2,2,2,2,2,2,1,3,3,1,2,1,3,2
152d735839b2dc,泸203H76,2,11,泸203H76,1,2,早期上升趋缓型,1,2,2,3,5,1,1,4,5,5,1,1,2,1,6,2,3,2,1,4
153819a79118c3,泸203H64,3,5,泸203H64,5,4,降压主导型,2,3,3,4,4,2,2,2,2,2,2,2,1,3,3,1,2,1,3,2
15407eca941854,泸201H5,4,1,泸201H5,1,1,低幅波动型,2,1,1,2,2,2,3,3,3,3,2,3,3,2,4,1,1,3,4,3
154334fa243ca2,泸203H66,1,19,泸203H66,sensor:No09,3,迟缓响应持续上升型,1,2,4,1,6,1,1,1,1,1,1,1,2,5,2,2,3,4,2,5
157b64251f9dea,阳101H6,8,27,阳101H6,7,2,早期上升趋缓型,1,2,2,3,5,1,1,4,5,5,1,1,2,1,6,2,3,2,1,4
15831bbda50f3c,泸208H2,1,13,泸208H2,2,2,早期上升趋缓型,1,2,2,3,5,1,1,4,5,5,1,1,2,1,6,2,3,2,1,4
15905fa7a6c2da,阳101H34,6,8,阳101H34,5,2,早期上升趋缓型,1,2,2,3,5,1,1,4,5,5,1,1,2,1,6,2,3,2,1,4
15a59a526a7ac0,阳101H34,2,21,阳101H34,1,3,迟缓响应持续上升型,1,2,4,5,1,1,1,1,1,1,1,1,2,5,2,2,3,4,2,6
15da825d224bb5,泸208H1,6,1,泸208H1,5,3,迟缓响应持续上升型,1,2,4,1,6,2,2,2,2,6,2,3,3,2,4,2,3,4,2,6
15f1df44fbc22e,泸206H10,3,12,泸206H10,5,1,低幅波动型,2,1,1,2,2,2,3,3,3,3,2,3,3,2,4,1,1,3,4,3
1606404b5fac98,阳101H32,6,6,阳101H32,5,4,降压主导型,2,3,3,4,4,2,2,2,2,2,2,2,1,3,3,1,2,1,3,2
16389632bc9b35,阳101H2,,,阳101H2,4,1,低幅波动型,2,1,1,2,2,2,3,3,3,3,2,3,3,2,4,1,1,3,4,3
165a4144d7fcb2,泸201H5,2,9,泸201H5,1,3,迟缓响应持续上升型,1,1,4,5,1,1,1,1,1,1,1,1,2,5,2,2,3,4,2,6
165c1226c41f30,阳101H2,52,22,阳101H32,7,1,低幅波动型,1,1,1,3,2,1,1,1,1,1,2,3,3,2,4,1,1,3,4,3
16757ac5822fdf,泸203H64,1,4,泸203H64,4,1,低幅波动型,2,1,1,2,2,1,1,1,1,1,2,3,3,2,4,1,1,3,4,3
1682a5d007ed8b,泸208H2,9,11,泸208H2,7,2,早期上升趋缓型,1,2,2,5,1,1,1,1,1,1,1,1,2,1,6,2,3,2,1,5
16892e71b47925,阳101H35,1,5,阳101H35,3,1,低幅波动型,2,1,1,2,2,2,3,3,3,3,2,3,3,2,1,1,1,3,5,3
16b4f6a0ad46b2,阳101H26,,,阳101H26,3,4,降压主导型,2,3,3,4,4,2,2,2,2,2,2,2,1,3,3,1,2,1,3,2
16bcbb310b8658,泸203H76,3,19,泸203H76,4,4,降压主导型,2,3,3,4,4,2,2,2,2,2,2,2,1,3,3,1,2,1,3,2
16bffd7477b9e9,阳101H51,1,6,阳101H51,3,2,早期上升趋缓型,1,2,2,3,5,1,1,1,1,1,1,1,2,1,6,2,3,2,1,4
16f47b261c62da,阳101H2,6,21,阳101H2,5,4,降压主导型,2,3,3,4,3,2,2,2,2,6,2,2,1,3,3,1,2,1,3,2
1714723c57ff75,阳101H75,3,9,阳101H75,2,3,迟缓响应持续上升型,1,2,4,1,1,1,1,1,1,1,1,1,2,5,2,2,3,4,2,5
1721f6d000043e,阳101H34,6,5,阳101H34,5,3,迟缓响应持续上升型,1,2,4,5,1,1,1,1,1,1,1,1,2,5,2,2,3,4,2,6
172dc10d865e90,阳101H35,3,19,阳101H35,4,3,迟缓响应持续上升型,1,2,4,5,1,1,1,1,1,1,1,1,2,1,6,2,3,2,1,4
1730a897fb55c9,泸201H5,3,3,泸201H5,1,1,低幅波动型,2,1,1,2,2,2,3,3,3,3,2,3,3,2,1,1,1,3,5,3
174628678247f5,阳101H31,3,6,阳101H31,1,3,迟缓响应持续上升型,1,2,4,1,6,1,1,4,4,4,1,1,2,1,2,2,3,2,1,5
1749cd99c58818,泸203H76,2,16,泸203H76,4,4,降压主导型,2,3,3,4,3,2,2,2,2,6,2,2,1,3,3,1,2,1,3,2
1751fe0e122e8b,泸203H9,3,8,泸203H9,4,2,早期上升趋缓型,1,2,2,3,5,1,1,1,1,1,1,1,2,1,6,2,3,2,1,5
17631b3287ff10,阳101H35,3,10,阳101H35,1,4,降压主导型,2,3,3,4,3,2,2,2,2,6,2,2,1,3,3,1,2,1,3,2
1775c867d60695,阳101H2,4,4,阳101H2,2,3,迟缓响应持续上升型,1,2,4,1,1,1,1,1,1,1,1,1,2,5,2,2,3,4,2,6
1787f9cdc586e0,阳101H2,2,11,阳101H2,6,2,早期上升趋缓型,1,2,2,3,5,1,1,4,4,4,1,1,2,1,6,2,3,2,1,4
178cacc798829f,阳101H34,1,13,阳101H34,3,3,迟缓响应持续上升型,1,2,4,5,1,1,1,1,1,1,1,1,2,1,6,2,3,2,1,5
1792e939c0aaea,阳101H2,4,21,阳101H2,5,4,降压主导型,2,3,3,4,3,2,2,2,2,6,2,2,1,3,3,1,2,1,3,2
179308ddba2cbb,阳101H32,4,5,阳101H32,3,1,低幅波动型,2,1,1,2,2,2,3,3,3,3,2,3,3,2,4,1,1,3,5,3
17945766d1a6bb,阳101H32,4,2,阳101H32,6,1,低幅波动型,2,1,1,2,2,2,3,3,3,3,2,3,3,2,4,1,1,3,4,1
17eb8a046a4c51,泸203H64,3,2,泸203H64,5,1,低幅波动型,2,1,1,5,2,2,3,3,3,3,1,3,3,5,4,1,1,4,2,1
17fc360dfeca75,阳101H31,2,1,阳101H31,4,2,早期上升趋缓型,1,2,2,3,5,1,1,4,5,5,1,1,2,1,6,2,3,2,1,4
182eae42fdf5c8,阳101H35,3,21,阳101H35,sensor:压力,3,迟缓响应持续上升型,1,1,4,5,1,1,1,1,1,1,1,1,2,5,2,2,3,4,2,6
18319290e5f17f,阳101H34,2,10,阳101H34,4,3,迟缓响应持续上升型,1,2,4,5,1,1,1,1,1,1,1,1,2,5,2,2,3,4,2,6
18359f7d07aeb0,泸203H76,4,7,泸203H76,1,4,降压主导型,2,3,3,4,3,2,2,2,2,6,2,2,1,3,3,1,2,1,3,2
18364bdf5628de,阳101H32,6,13,阳101H32,4,2,早期上升趋缓型,1,2,2,3,5,1,1,1,1,1,1,1,2,1,6,2,3,2,1,4
183b74f07bf90a,阳101H32,4,20,阳101H32,3,1,低幅波动型,2,1,1,2,2,2,3,3,3,3,2,3,3,2,4,1,1,3,4,3
18558ef59b1931,泸203H64,1,16,泸203H64,2,1,低幅波动型,2,1,1,2,2,2,3,3,3,3,2,3,3,2,4,1,1,3,5,3
188e7ab80b7528,泸203H76,3,13,泸203H76,1,4,降压主导型,2,3,3,4,4,2,2,2,2,2,2,2,1,3,3,1,2,1,3,2
188fde950d2f93,阳101H26,,,阳101H26,3,4,降压主导型,2,3,3,4,4,2,2,2,2,2,2,2,1,3,3,1,2,1,3,2
189d07b0c08ed5,泸201H5,1,15,泸201H5,4,1,低幅波动型,2,1,1,2,2,2,3,3,3,3,2,3,3,2,4,1,1,3,4,3
18b47bff520ff1,泸203H64,4,7,泸203H64,2,1,低幅波动型,2,1,1,2,2,2,3,3,3,3,2,3,3,2,4,1,1,3,4,1
18b7f53df32b8a,泸203H64,2,2,泸203H64,4,4,降压主导型,2,3,3,4,4,2,2,2,2,2,2,2,1,3,3,1,2,1,3,2
18c702348bb849,泸208H2,7,6,泸208H2,8,3,迟缓响应持续上升型,1,2,4,1,6,1,1,4,4,4,1,1,2,5,2,2,3,4,2,5
18c7722439c780,阳101H31,3,11,阳101H31,6,1,低幅波动型,2,1,1,2,2,2,3,3,3,3,2,3,3,2,4,1,1,3,4,1
18e5d9366c876e,泸203H66,2,18,泸203H66,1,3,迟缓响应持续上升型,1,2,4,5,1,1,1,1,1,1,1,1,2,5,2,2,3,4,2,5
190e33dd5bfc6c,阳101H37,,,阳101H37,2,2,早期上升趋缓型,1,2,2,1,6,1,1,4,4,4,1,1,2,1,6,2,3,2,1,5
1931fcc505b0dc,泸208H1,4,7,泸208H1,6,2,早期上升趋缓型,1,2,2,3,5,1,1,4,5,5,1,1,2,1,6,2,3,2,1,4
194ef006903355,阳101H31,1,5,阳101H31,2,2,早期上升趋缓型,1,2,2,3,5,1,1,4,5,5,1,1,2,1,6,2,3,2,1,4
19bba028634ef6,泸203H76,1,9,泸203H76,4,4,降压主导型,2,3,3,4,3,2,2,2,2,6,2,2,1,3,3,1,2,1,3,2
19c03bf99fcc3d,泸201H5,1,23,泸201H5,3,1,低幅波动型,2,1,1,2,2,2,3,3,3,3,2,3,3,2,4,1,1,3,4,1
1a11e82a584766,阳101H51,1,19,阳101H51,3,3,迟缓响应持续上升型,1,1,4,5,1,1,1,1,1,1,1,1,2,5,2,2,3,4,2,6
1a39da74b54e8a,泸208H1,4,19,泸208H1,5,3,迟缓响应持续上升型,1,2,4,1,6,1,1,1,1,1,1,1,2,5,2,2,3,4,2,5
1a3b88b1ecc005,泸201H5,1,22,泸201H5,4,1,低幅波动型,2,1,1,2,2,2,3,3,3,3,2,3,3,2,4,1,1,3,4,3
1a43b90a1f92fe,泸206H8,5,6,泸206H8,3,1,低幅波动型,2,1,1,2,2,2,3,3,3,3,2,3,3,2,1,1,2,1,5,3
1a51eb8a07bc47,阳101H26,,,阳101H26,1,4,降压主导型,2,3,3,4,4,2,2,2,2,2,2,2,1,3,3,1,2,1,3,2
1a5a11fad7b0e4,阳101H34,2,13,阳101H34,1,3,迟缓响应持续上升型,1,2,4,5,1,1,1,1,1,1,1,1,2,1,6,2,3,2,1,4
1a6331ae8091c3,泸203H76,3,18,泸203H76,2,3,迟缓响应持续上升型,2,1,4,5,1,1,1,1,1,1,1,3,2,5,2,2,3,4,2,6
1aad6280508974,泸208H2,6,4,泸208H2,8,2,早期上升趋缓型,1,2,2,3,5,1,1,1,1,1,1,1,2,1,6,2,3,2,1,4
1ab27165d07cc8,阳101H35,1,8,阳101H35,4,1,低幅波动型,2,1,1,2,2,2,3,3,3,3,1,3,3,2,4,1,1,3,4,1
1ae87466ff0a0d,泸203H64,2,6,泸203H64,4,3,迟缓响应持续上升型,1,1,4,5,1,1,1,1,1,1,1,1,2,5,2,2,3,4,2,6
1ae99f113e557d,泸203H64,3,13,泸203H64,5,3,迟缓响应持续上升型,1,2,4,5,1,1,1,1,1,1,1,1,2,5,2,2,3,4,2,6
1aeb6e0e67b57f,泸201H5,2,7,泸201H5,3,1,低幅波动型,2,1,1,2,2,2,3,3,3,3,2,3,3,2,4,1,1,3,4,1
1af2b383c4f9c7,阳101H35,1,21,阳101H35,2,3,迟缓响应持续上升型,1,2,4,1,6,1,1,4,4,4,1,1,2,1,6,2,3,2,1,5
1b3a34f93d005a,泸201H5,1,12,泸201H5,4,4,降压主导型,2,3,3,4,4,2,2,2,2,2,2,2,1,2,1,1,2,1,5,2
1b81992eb7746c,阳101H26,,,阳101H26,4,1,低幅波动型,1,1,1,5,1,1,1,1,1,1,1,1,2,5,2,2,3,4,2,6
1ba402f39ba430,阳101H51,1,14,阳101H51,2,1,低幅波动型,2,1,1,2,2,2,3,3,3,3,1,3,3,2,4,1,1,3,4,1
1ba54785f0ca1f,阳101H31,,,阳101H31,1,3,迟缓响应持续上升型,1,2,4,5,1,1,1,1,1,1,1,1,2,5,2,2,3,4,2,6
1bb7cf29a71aa1,阳101H51,2,16,阳101H51,1,3,迟缓响应持续上升型,1,2,4,1,6,1,1,4,4,4,1,1,2,5,2,2,3,4,2,5
1bd057eadd92c0,阳101H51,4,1,阳101H51,2,3,迟缓响应持续上升型,1,2,4,1,6,1,1,1,1,1,1,1,2,5,2,2,3,4,2,5
1bd91e6c74f711,泸203H9,2,15,泸203H9,4,1,低幅波动型,2,1,1,2,2,2,3,3,3,3,2,3,3,2,4,1,1,3,4,3
1be12598bb7629,泸203H76,1,7,泸203H76,3,4,降压主导型,2,3,3,4,3,2,2,2,2,6,2,2,1,3,3,1,2,1,3,2
1be45526c95afc,阳101H31,5,23,阳101H31,6,2,早期上升趋缓型,1,2,2,3,5,1,1,1,1,1,1,1,2,1,6,2,3,2,1,4
1be5bd6269610e,阳101H43,,,阳101H43,4,3,迟缓响应持续上升型,1,2,4,1,6,1,1,4,4,4,1,1,2,1,6,2,3,2,1,4
1befba130b453d,阳101H32,6,18,阳101H32,1,1,低幅波动型,2,1,1,2,2,2,3,3,3,3,2,3,3,2,1,1,1,3,5,3
1c44b93ad7357b,阳101H51,2,5,阳101H51,3,2,早期上升趋缓型,1,2,2,3,5,1,1,4,5,5,1,1,2,1,6,2,3,2,1,4
1c47da4b17a86f,泸203H64,5,2,泸203H58,4,1,低幅波动型,2,1,1,5,2,2,3,3,3,3,1,1,2,5,2,2,1,4,4,1
1c548b91f110cc,阳101H35,1,3,阳101H35,2,3,迟缓响应持续上升型,1,2,4,1,6,1,1,1,1,1,1,1,2,5,2,2,3,4,2,6
1c57bcd507e59b,泸201H5,3,18,泸201H5,4,3,迟缓响应持续上升型,1,2,4,1,6,1,1,4,4,4,1,1,2,5,2,2,3,4,2,5
1c5b1fe6760fcc,阳101H2,4,20,阳101H2,6,1,低幅波动型,2,1,1,2,2,2,3,3,3,3,2,3,3,2,1,1,1,3,5,3
1c5f600becbbd7,泸206H8,5,5,泸206H8,2,1,低幅波动型,2,1,1,2,4,2,3,3,3,3,2,3,3,2,1,1,1,3,5,3
1c98211fc1cbee,阳101H31,7,19,阳101H31,4,3,迟缓响应持续上升型,1,2,4,5,1,1,1,1,1,1,1,1,2,1,6,2,3,2,1,5
1c9c96fe2d4e2b,阳101H2,,,阳101H2,6,1,低幅波动型,2,3,1,2,4,2,2,2,2,2,2,2,1,3,3,1,2,1,5,2
1c9fd22e575f77,泸208H2,10,13,泸208H2,9,3,迟缓响应持续上升型,1,2,4,5,1,1,1,1,1,1,1,1,2,5,2,2,3,4,2,6
1cac6a750523ab,泸203H76,1,19,泸203H76,2,3,迟缓响应持续上升型,1,2,4,1,6,1,1,4,4,4,1,1,2,5,2,2,3,2,1,5
1ccbb2d12ec867,泸203H66,3,18,泸203H66,2,3,迟缓响应持续上升型,1,2,4,5,1,1,1,1,1,1,1,1,2,1,6,2,3,2,1,5
1ce31a471121d0,阳101H26,,,阳101H26,2,1,低幅波动型,2,1,1,2,2,2,3,3,3,3,2,3,3,2,4,1,1,3,4,1
1cf59da8410a0f,阳101H26,,,阳101H26,3,3,迟缓响应持续上升型,1,2,4,5,1,1,1,1,1,1,1,1,2,5,2,2,3,4,2,6
1cf686b6b3eea6,泸206H8,5,12,泸206H8,4,3,迟缓响应持续上升型,1,2,4,5,1,1,1,1,1,1,1,1,2,5,2,2,3,4,2,6
1d133461208816,泸203H64,3,4,泸203H64,1,1,低幅波动型,1,1,1,2,2,1,1,1,1,1,1,3,3,5,4,2,1,3,4,1
1d165cd04788f5,泸206H8,4,20,泸206H8,6,2,早期上升趋缓型,1,1,2,3,5,1,1,1,1,1,1,1,2,1,6,2,3,2,1,4
1d28e572f35254,阳101H31,5,12,阳101H31,4,2,早期上升趋缓型,1,2,2,3,5,1,1,1,1,1,1,1,2,1,6,2,3,2,1,4
1d37cfc0a47149,泸203H76,3,10,泸203H76,2,3,迟缓响应持续上升型,1,2,4,1,6,1,1,4,4,4,1,1,2,1,6,2,3,2,1,5
1d4a9e216f6bb2,泸201H5,1,18,泸201H5,2,1,低幅波动型,2,1,1,5,2,2,3,3,3,3,2,3,3,2,4,1,1,3,4,1
1d719f866e94f7,阳101H51,3,13,阳101H51,1,1,低幅波动型,2,1,1,5,1,1,1,1,1,1,1,3,3,5,2,2,1,4,2,6
1d870b9174f6d1,泸208H1,6,3,泸208H1,5,2,早期上升趋缓型,1,2,2,3,5,1,1,4,5,5,1,1,2,1,6,2,3,2,1,4
1d9c9a459aef4f,阳101H31,,,阳101H31,2,2,早期上升趋缓型,1,2,2,1,6,1,1,4,4,4,1,1,2,1,6,2,3,2,1,5
1dad4ec1d9135b,泸208H1,1,13,泸208H1,2,3,迟缓响应持续上升型,1,2,4,1,6,1,1,1,1,1,1,1,2,5,2,2,3,4,2,5
1db09770aa7875,阳101H35,2,2,阳101H35,1,2,早期上升趋缓型,1,2,2,3,5,1,1,4,5,5,1,1,2,1,6,2,3,2,1,4
1db46fb34a7423,阳101H51,2,7,阳101H51,1,3,迟缓响应持续上升型,1,2,4,1,6,1,1,4,4,4,1,1,2,1,6,2,3,2,1,5
1dbc8f84c17823,泸203H10,,,泸203H10,1,3,迟缓响应持续上升型,1,2,4,1,6,1,1,4,4,4,1,1,2,5,2,2,3,4,2,5
1dbf8c9c5c8b87,泸206H8,5,13,泸206H8,2,1,低幅波动型,2,1,1,2,4,2,3,3,3,3,2,3,3,2,1,1,1,3,5,3
1dd6d5d9c3bfc2,泸203H76,4,14,泸203H76,2,3,迟缓响应持续上升型,1,2,4,1,6,1,1,4,4,4,1,1,2,5,2,2,3,4,2,5
1dec29381cc5d8,泸201H5,4,11,泸201H5,2,1,低幅波动型,2,1,1,2,2,2,3,3,3,3,2,3,3,2,1,1,1,3,5,3
1deffb31abc528,阳101H35,2,8,阳101H35,4,1,低幅波动型,2,1,1,2,2,2,3,3,3,3,1,3,3,2,4,1,1,3,4,1
1df5215ff08f57,泸206H8,4,3,泸206H8,7,1,低幅波动型,2,1,1,2,2,2,3,3,3,3,2,3,3,2,1,1,1,3,5,3
1e0ad9f114cc03,阳101H35,1,23,阳101H35,2,2,早期上升趋缓型,1,2,2,1,6,1,1,4,4,4,1,1,2,1,6,2,3,2,1,4
1e34b41f5af11f,阳101H26,,,阳101H26,1,1,低幅波动型,2,1,1,2,2,2,3,3,3,3,2,3,3,2,4,1,1,3,4,1
1e385e1ebe17c2,泸203H11,6,6,泸203H11,5,2,早期上升趋缓型,1,2,2,3,5,1,1,4,5,5,1,1,2,1,6,2,3,2,1,4
1e415408befc28,阳101H35,3,12,阳101H35,2,1,低幅波动型,2,1,1,5,1,1,1,1,1,1,1,1,2,5,2,2,3,4,2,6
1e45d1c2be6c9f,阳101H2,5,14,阳101H2,3,1,低幅波动型,2,1,1,2,2,2,3,3,3,3,2,3,3,2,4,1,1,3,4,1
1e47465392dcc1,泸201H5,3,18,泸201H5,2,1,低幅波动型,2,1,1,2,4,2,3,3,3,3,2,2,1,3,1,1,2,1,5,3
1e48dfac1f44e2,泸206H8,,,泸206H8,2,3,迟缓响应持续上升型,1,2,4,1,6,1,1,1,1,1,1,1,2,5,2,2,3,4,2,5
1e5a210a536ddd,泸203H64,2,1,泸203H64,1,4,降压主导型,2,3,3,4,3,2,2,2,2,6,1,3,3,2,4,2,1,3,4,1
1e5eddb10c0d5a,阳101H2,5,16,阳101H2,4,4,降压主导型,2,3,3,4,4,2,2,2,2,2,2,2,1,3,3,1,2,1,3,2
1e6e9604061afc,泸203H66,1,7,泸203H66,4,2,早期上升趋缓型,1,2,2,1,6,1,1,4,4,4,1,1,2,1,6,2,3,2,1,5
1ea34ba7c7c0c5,泸201H5,1,11,泸201H5,4,1,低幅波动型,2,1,1,2,2,2,3,3,3,3,2,3,3,2,1,1,1,3,5,3
1ec9592d05f4c1,泸203H64,5,13,泸203H64,3,4,降压主导型,2,3,3,4,4,2,2,2,2,2,2,2,1,3,3,1,2,1,3,2
1ecfdfd0dfbeba,阳101H31,3,7,阳101H31,2,2,早期上升趋缓型,1,2,2,1,6,1,1,4,4,4,1,1,2,1,6,2,3,2,1,4
1ee082dc9c7758,泸203H66,,,泸203H66,sensor:No09,3,迟缓响应持续上升型,1,2,4,5,1,1,1,1,1,1,1,1,2,1,6,2,3,2,1,4
1ef068af2fa2e7,阳101H26,,,阳101H26,1,1,低幅波动型,2,1,1,2,2,2,3,3,3,3,2,3,3,2,4,1,1,3,4,3
1f02855d81e467,阳101H26,,,阳101H26,2,1,低幅波动型,2,1,1,2,2,2,3,3,3,3,2,3,3,2,4,1,1,3,4,1
1f0a7433928e6d,阳101H2,,,阳101H2,5,1,低幅波动型,2,1,1,2,2,2,3,3,3,3,2,3,3,2,4,1,1,3,4,1
1f14205af68419,阳101H31,3,7,阳101H31,1,3,迟缓响应持续上升型,1,2,4,1,6,1,1,4,4,4,1,1,2,1,6,2,3,2,1,5
1f2484e836de98,阳101H2,,,阳101H2,5,1,低幅波动型,2,1,1,2,2,2,3,3,3,3,2,3,3,2,4,1,1,3,4,1
1f2ac0fae1d6ae,泸201H5,3,20,泸201H5,2,1,低幅波动型,2,1,1,2,2,2,3,3,3,3,2,3,3,2,4,1,1,3,4,3
1f33b73fb3ea5d,泸203H64,3,14,泸203H64,2,4,降压主导型,2,3,3,4,4,2,2,2,2,2,2,2,1,3,3,1,2,1,3,2
1f484dbf023051,阳101H51,3,2,阳101H51,1,2,早期上升趋缓型,1,2,2,3,5,1,1,1,1,1,1,1,2,1,6,2,3,2,1,4
1f71fa59b658aa,泸206H8,4,2,泸206H8,8,2,早期上升趋缓型,1,2,2,5,1,1,1,4,5,5,1,3,2,5,2,2,3,4,2,6
1f74d658291853,泸203H91,,,泸203H91,4,1,低幅波动型,2,1,1,2,2,2,3,3,3,3,2,3,3,2,1,1,1,3,5,3
1f87de47545d2e,阳101H31,1,15,阳101H31,2,3,迟缓响应持续上升型,1,2,4,5,1,1,1,1,1,1,1,1,2,5,2,2,3,2,1,5
1f94215b5637bc,阳101H26,,,阳101H26,4,1,低幅波动型,2,1,1,2,2,2,3,3,3,3,2,3,3,2,1,1,1,3,5,3
1f9a443cd21c51,阳101H33,3,7,阳101H33,4,3,迟缓响应持续上升型,1,2,4,1,6,1,1,4,4,4,1,1,2,1,2,2,3,2,1,5
1fa4eefa59e53f,泸206H10,2,15,泸206H10,4,1,低幅波动型,2,1,1,2,2,2,3,3,3,3,2,3,3,2,4,1,1,3,4,1
1fac41a9600eb6,泸203H64,4,13,泸203H64,1,1,低幅波动型,2,3,1,2,4,2,3,3,3,3,2,2,1,2,1,1,2,1,5,3
1fd33fa9e2369d,阳101H35,2,16,阳101H35,3,3,迟缓响应持续上升型,1,2,4,1,6,1,1,1,1,1,1,1,2,1,6,2,3,2,1,5
1fec6b0a15b123,泸201H5,4,9,泸201H5,1,1,低幅波动型,2,1,1,2,2,2,3,3,3,3,2,3,3,2,4,1,1,3,4,3
1fecf79e38a3a2,阳101H26,,,阳101H26,3,3,迟缓响应持续上升型,1,1,4,5,1,1,1,1,1,1,1,1,2,5,2,2,3,4,2,6
20257e42b0616f,阳101H26,,,阳101H26,2,4,降压主导型,2,3,3,4,4,2,2,2,2,2,2,2,1,3,3,1,2,1,3,2
202d73574c003d,阳101H2,2,8,阳101H2,1,1,低幅波动型,2,1,1,2,2,2,2,2,2,2,2,3,3,2,4,1,1,3,4,1
202fba08f41e76,泸201H5,3,1,泸201H5,4,1,低幅波动型,2,1,1,2,2,2,3,3,3,3,2,3,3,2,4,1,1,3,4,1
20609fed3a6ace,阳101H26,,,阳101H26,1,1,低幅波动型,2,1,1,2,2,2,3,3,3,3,2,3,3,2,1,1,1,3,5,3
207a859818941e,泸201H5,2,1,泸201H5,1,3,迟缓响应持续上升型,1,2,4,1,6,1,1,4,4,4,1,1,2,5,2,2,3,2,1,5
20850a15f8405c,阳101H2,4,3,阳101H32,7,1,低幅波动型,2,1,1,2,2,2,3,3,3,3,2,3,3,2,4,1,1,3,4,3
20905000d82ce6,阳101H31,2,20,阳101H31,3,3,迟缓响应持续上升型,1,2,4,5,1,1,1,1,1,1,1,1,2,5,2,2,3,4,1,5
20a789e6b3c0fe,阳101H35,2,21,阳101H35,4,3,迟缓响应持续上升型,1,1,4,5,1,1,1,1,1,1,1,1,2,1,6,2,3,2,1,4
20be1008e760e5,阳101H32,5,23,阳101H32,7,1,低幅波动型,2,1,1,2,2,2,3,3,3,3,2,3,3,2,4,1,1,3,4,3
20ccef9c6ddcc5,阳101H32,2,20,阳101H32,3,1,低幅波动型,2,1,1,2,2,2,3,3,3,3,2,3,3,2,4,1,1,3,5,3
20cfb15ab8a1ed,泸201H5,3,3,泸201H5,4,3,迟缓响应持续上升型,1,2,4,5,1,1,1,1,1,1,1,1,2,1,6,2,3,4,1,5
20d3d12764587a,泸203H64,1,5,泸203H64,2,4,降压主导型,2,3,3,4,3,2,2,2,2,6,2,2,1,3,3,1,2,1,3,2
20d505775e8305,泸206H8,5,7,泸206H8,3,1,低幅波动型,2,1,1,2,2,2,3,3,3,3,2,3,3,2,4,1,1,3,4,3
20d58decd6c4d2,泸201H5,1,4,泸201H5,2,3,迟缓响应持续上升型,1,1,4,5,1,1,1,1,1,1,1,1,2,5,2,2,3,4,2,6
20f5e7a38c639c,阳101H32,4,4,阳101H32,3,1,低幅波动型,2,1,1,2,2,2,3,3,3,3,2,3,3,2,4,1,1,3,4,3
211abb69735092,阳101H26,,,阳101H26,4,3,迟缓响应持续上升型,1,2,4,5,1,1,1,1,1,1,1,1,2,5,2,2,3,4,2,6
21405b69eadb48,阳101H31,3,15,阳101H31,2,2,早期上升趋缓型,1,2,2,3,5,1,1,4,5,5,1,1,2,1,6,2,3,2,1,4
216f0c41dcf37e,阳101H26,,,阳101H26,3,3,迟缓响应持续上升型,1,2,4,5,1,2,2,2,2,6,1,3,3,5,2,2,3,4,2,6
2183a6851cdfc2,泸203H76,4,8,泸203H76,2,2,早期上升趋缓型,1,2,2,3,5,1,1,1,1,1,1,1,2,1,6,2,3,2,1,4
2185aa9cba6809,泸203H64,5,12,泸203H64,1,3,迟缓响应持续上升型,1,2,4,5,1,1,1,1,1,1,1,1,2,1,6,2,3,2,1,4
218bdee23f9168,阳101H32,2,6,阳101H32,1,1,低幅波动型,2,1,1,2,2,2,3,3,3,3,2,3,3,2,4,1,1,3,4,3
21c0300e75b12e,阳101H35,3,11,阳101H35,1,4,降压主导型,2,3,3,4,4,2,2,2,2,2,2,2,1,3,3,1,2,1,3,2
21d3ba83824ce3,泸203H64,1,4,泸203H64,3,2,早期上升趋缓型,1,2,2,3,5,1,1,1,1,1,1,1,2,1,6,2,3,2,1,4
21eb8d92542476,阳101H51,6,10,阳101H51,5,3,迟缓响应持续上升型,1,2,4,1,6,1,1,4,4,4,1,1,2,1,6,2,3,2,1,5
21ec247be7bba7,阳101H26,,,阳101H26,4,3,迟缓响应持续上升型,1,2,4,5,1,1,1,1,1,1,1,1,2,1,6,2,3,2,1,4
220646143f6fa0,泸201H5,3,13,泸201H5,4,3,迟缓响应持续上升型,1,2,4,1,6,1,1,4,4,4,1,1,2,5,2,2,3,4,2,5
2207d5adec9d07,泸203H64,5,9,泸203H64,4,4,降压主导型,2,3,3,4,4,2,2,2,2,2,2,2,1,3,1,1,2,1,5,2
220e4e28576497,泸206H8,4,9,泸206H8,6,4,降压主导型,2,3,3,4,4,2,3,3,3,3,2,3,3,2,1,1,1,3,5,3
2219d8c458a4e1,阳101H2,6,20,阳101H2,2,3,迟缓响应持续上升型,1,1,4,5,1,1,1,1,1,1,1,3,3,5,4,2,1,4,2,6
222bf45624799a,阳101H26,,,阳101H26,4,4,降压主导型,2,3,3,4,3,2,2,2,2,2,2,2,1,3,3,1,2,1,3,2
223f9fd3533bfc,阳101H2,,,阳101H2,6,1,低幅波动型,2,1,1,2,2,2,3,3,3,3,2,3,3,2,4,1,1,3,4,3
225556d24308f0,阳101H32,2,11,阳101H32,3,1,低幅波动型,2,1,1,2,2,2,3,3,3,3,2,3,3,2,4,1,1,3,4,3
22aee0c627ea5d,阳101H32,4,4,阳101H32,6,2,早期上升趋缓型,1,2,2,5,1,1,1,1,1,1,1,1,2,1,6,2,3,2,1,4
22b3eea083edf2,阳101H35,3,19,阳101H35,2,3,迟缓响应持续上升型,1,2,4,5,1,1,1,1,1,1,1,1,2,1,6,2,3,2,1,5
22df8cf54cb593,阳101H26,,,阳101H26,4,4,降压主导型,2,3,3,4,3,2,2,2,2,6,2,2,1,3,3,1,2,1,3,2
22ecb9dc61ea12,阳101H25,1,27,阳101H25,4,1,低幅波动型,2,1,1,2,2,2,3,3,3,3,2,3,3,2,4,1,1,3,4,3
230caf7114a8dd,泸208H2,9,9,泸208H2,7,3,迟缓响应持续上升型,1,2,4,5,1,1,1,1,1,1,1,1,2,1,6,2,3,2,1,5
23123faf4e1a2d,泸206H8,,,泸206H8,2,2,早期上升趋缓型,1,2,2,3,5,1,1,1,1,1,1,1,2,1,6,2,3,2,1,4
2328e2fc04730a,泸201H5,1,17,泸201H5,4,1,低幅波动型,2,1,1,2,2,2,3,3,3,3,2,3,3,2,4,1,1,3,4,3
2333b5489c51db,阳101H26,,,阳101H26,2,1,低幅波动型,2,1,1,2,2,2,3,3,3,3,2,3,3,2,4,1,1,3,4,1
234840fa5c3ca1,泸203H76,3,9,泸203H76,4,1,低幅波动型,2,1,1,2,2,2,3,3,3,3,2,3,3,2,4,1,1,3,4,1
2354d0f6ff5bcf,阳101H31,,,阳101H31,3,2,早期上升趋缓型,1,2,2,3,5,1,1,4,5,5,1,1,2,1,6,2,3,2,1,4
2369b717cdd080,阳101H32,4,19,阳101H32,2,1,低幅波动型,2,1,1,2,2,2,2,2,2,2,2,3,3,2,4,1,1,3,4,1
2370eab4e3d5de,泸206H8,5,4,泸206H8,1,1,低幅波动型,2,1,1,2,2,2,3,3,3,3,2,3,3,2,1,1,1,3,5,3
2376fb4d13b8fe,泸203H64,1,10,泸203H64,3,3,迟缓响应持续上升型,1,1,4,5,1,1,1,1,1,1,1,1,2,5,2,2,3,4,2,6
238a9206e73b45,泸203H9,3,25,泸203H9,4,3,迟缓响应持续上升型,1,2,4,5,1,1,1,1,1,1,1,1,2,5,2,2,3,4,2,6
239d2bd76f42e9,阳101H2,2,22,阳101H2,4,1,低幅波动型,2,1,1,2,2,2,3,3,3,3,2,3,3,2,4,1,1,3,5,3
23a688fa580fef,泸203H76,1,22,泸203H76,4,4,降压主导型,2,3,3,4,4,2,2,2,2,2,2,2,1,3,1,1,2,1,3,2
23b04c5403f1fb,阳101H31,7,23,阳101H31,5,3,迟缓响应持续上升型,1,1,4,5,1,1,1,1,1,1,1,1,2,5,2,2,3,4,2,6
23eaf1391616c3,阳101H26,,,阳101H26,4,1,低幅波动型,2,1,1,2,2,2,3,3,3,3,2,3,3,2,4,1,1,3,4,1
23eef5a3ee9f1c,阳101H31,,,阳101H31,3,2,早期上升趋缓型,1,2,2,3,5,1,1,4,5,5,1,1,2,1,6,2,3,2,1,4
24004eec1e65d0,泸206H10,3,7,泸206H10,2,3,迟缓响应持续上升型,1,2,4,5,1,1,1,1,1,1,1,1,2,1,6,2,3,2,1,5
2407cb1efc3e43,阳101H51,3,26,阳101H51,1,1,低幅波动型,2,1,1,2,2,2,2,2,2,2,2,3,3,2,4,1,1,3,2,1
2407e8fd75af6f,泸201H5,2,20,泸201H5,3,1,低幅波动型,2,1,1,2,2,2,3,3,3,3,1,3,3,2,4,1,1,3,4,1
242b4ffcb2f427,阳101H35,2,12,阳101H35,1,3,迟缓响应持续上升型,1,2,4,5,1,1,1,1,1,1,1,1,2,5,2,2,3,4,2,6
24302fa3efe120,泸203H153,5,21,泸203H153,6,3,迟缓响应持续上升型,1,2,4,1,6,1,1,4,4,4,1,1,2,1,6,2,3,2,1,5
24493d8c276105,阳101H26,,,阳101H26,4,1,低幅波动型,2,1,1,2,2,2,3,3,3,3,2,3,3,2,4,1,1,3,4,1
245d466755bb9a,阳101H2,2,2,阳101H2,7,1,低幅波动型,2,1,1,2,2,2,3,3,3,3,2,3,3,2,4,1,1,3,4,1
245debde91ae2f,阳101H35,1,9,阳101H35,3,1,低幅波动型,2,1,1,5,1,2,2,2,2,2,1,3,3,5,4,2,1,4,2,6
247436773d4c2c,泸201H5,3,14,泸201H5,1,1,低幅波动型,2,1,1,2,4,2,3,3,3,3,2,2,1,3,1,1,2,1,5,3
247600d07781b1,阳101H51,3,13,阳101H51,2,3,迟缓响应持续上升型,1,2,4,5,1,1,1,1,1,1,1,1,2,5,2,2,3,4,2,6
2482417569d490,泸201H5,2,8,泸201H5,1,1,低幅波动型,1,1,1,5,1,1,1,1,1,1,1,1,2,5,2,2,3,4,2,6
2489f9f1a6b5fd,阳101H32,2,13,阳101H32,6,2,早期上升趋缓型,1,2,2,1,6,1,1,4,4,4,1,1,2,1,6,2,3,2,1,5
24d705e7996847,阳101H32,2,9,阳101H32,3,1,低幅波动型,2,1,1,2,2,2,3,3,3,3,2,3,3,2,4,1,1,3,4,3
24e49411a0a716,阳101H31,1,10,阳101H31,3,2,早期上升趋缓型,1,2,2,3,5,1,1,4,5,5,1,1,2,5,2,2,3,4,2,5
24e8011c6091dc,阳101H31,5,24,阳101H31,6,2,早期上升趋缓型,1,2,2,3,5,1,1,4,4,4,1,1,2,1,6,2,3,2,1,4
255602a358a0b0,泸203H9,3,8,泸203H9,2,1,低幅波动型,2,1,1,2,2,2,3,3,3,3,2,3,3,2,4,1,1,3,4,3
2561f0a7682fc2,泸203H64,1,20,泸203H75,3,3,迟缓响应持续上升型,1,2,4,5,1,1,1,1,1,1,1,1,2,5,2,2,3,4,2,6
256293b6ca58f6,阳101H32,6,18,阳101H32,4,2,早期上升趋缓型,1,2,2,3,5,1,1,4,5,5,1,1,2,1,6,2,3,2,1,4
257fc7b8bd4864,阳101H2,,,阳101H2,6,4,降压主导型,2,3,3,4,3,2,2,2,2,6,2,2,1,3,3,1,2,1,3,2
259a83e727eddc,泸208H1,4,2,泸208H1,3,3,迟缓响应持续上升型,1,2,4,1,6,1,1,4,4,4,1,1,2,5,2,2,3,4,2,5
25b72c23af7339,泸206H8,5,7,泸206H8,6,1,低幅波动型,2,1,1,2,2,2,3,3,3,3,2,3,3,2,4,1,1,3,4,3
25bffbb84ab338,泸203H64,3,3,泸203H64,5,2,早期上升趋缓型,1,2,2,1,6,1,1,4,4,4,1,1,2,1,6,2,3,2,1,5
25ce7c37cbb045,阳101H2,52,22,阳101H32,8,2,早期上升趋缓型,1,2,2,3,5,1,1,4,5,5,1,1,2,1,6,2,3,2,1,4
25e487af23c76a,阳101H32,4,8,阳101H32,6,2,早期上升趋缓型,1,2,2,3,5,1,1,4,5,5,1,1,2,1,6,2,3,2,1,4
25f2cbd5f31ba1,阳101H35,1,18,阳101H35,2,3,迟缓响应持续上升型,1,2,4,5,1,1,1,1,1,1,1,1,2,5,2,2,3,4,2,6
25f4d81d516aa7,泸208H2,4,16,泸208H2,5,3,迟缓响应持续上升型,1,2,4,1,6,1,1,4,4,4,1,1,2,1,6,2,3,2,1,5
25f9516d0d4292,泸203H64,4,14,泸203H64,5,3,迟缓响应持续上升型,1,2,4,1,6,1,1,1,1,1,1,1,2,5,2,2,3,4,2,5
25fc17f3883821,泸201H5,3,19,泸201H5,4,3,迟缓响应持续上升型,1,2,4,1,6,1,1,4,4,4,1,1,2,5,2,2,3,4,2,5
2628694c7b2684,阳101H31,5,15,阳101H31,7,4,降压主导型,2,3,3,4,3,2,2,2,2,6,2,2,1,3,3,1,2,1,3,2
262c7e526d0b8c,泸208H2,8,9,泸208H2,9,2,早期上升趋缓型,1,2,2,1,6,1,1,4,4,4,1,1,2,1,6,2,3,2,1,4
264d49a8eb2e89,泸203H10,3,3,泸203H10,1,3,迟缓响应持续上升型,1,2,4,1,6,1,1,4,4,4,1,1,2,5,2,2,3,4,2,5
26537374bbf06c,阳101H32,6,10,阳101H32,2,3,迟缓响应持续上升型,1,1,4,5,1,1,1,1,1,1,1,1,2,5,2,2,3,4,2,6
2670a9121a0b6e,泸203H66,1,14,泸203H66,2,4,降压主导型,2,3,3,4,4,2,2,2,2,2,2,2,1,3,3,1,2,1,3,2
26758006eaa5de,阳101H26,,,阳101H26,2,1,低幅波动型,2,1,1,2,2,2,3,3,3,3,2,3,3,2,4,1,1,3,4,1
267652fdea2ce2,泸203H64,5,8,泸203H64,1,4,降压主导型,2,3,3,4,4,2,2,2,2,2,2,2,1,3,3,1,2,1,3,2
2683ed3679f335,阳101H2,104,17,阳101H2,7,1,低幅波动型,2,1,1,2,2,2,3,3,3,3,2,3,3,2,1,1,1,3,5,3
269640705952a2,阳101H33,3,5,阳101H33,2,3,迟缓响应持续上升型,1,2,4,1,6,1,1,4,4,4,1,1,2,1,6,2,3,2,1,5
2698830447f168,阳101H31,3,4,阳101H31,1,3,迟缓响应持续上升型,1,2,4,5,1,1,1,1,1,1,1,1,2,5,2,2,3,4,2,6
26af337a190074,阳101H31,1,19,阳101H31,2,3,迟缓响应持续上升型,1,2,4,5,1,1,1,1,1,1,1,1,2,1,6,2,3,4,1,6
26ba57eb523b2d,泸203H9,1,13,泸203H9,2,3,迟缓响应持续上升型,1,2,4,1,6,1,1,4,4,4,1,1,2,1,6,2,3,2,1,5
26da0b380b6b43,泸203H10,1,14,泸203H10,2,2,早期上升趋缓型,1,2,2,3,5,1,1,4,5,5,1,1,2,1,6,2,3,2,1,4
26f6e42af25b04,泸206H8,4,21,泸206H8,8,1,低幅波动型,2,1,1,2,2,1,1,1,1,1,1,1,2,1,6,2,3,2,1,4
26fadc8d0570bd,泸203H11,5,4,泸203H11,6,2,早期上升趋缓型,1,2,2,3,5,1,1,4,5,5,1,1,2,1,6,2,3,2,1,4
27002ff336139f,阳101H31,,,阳101H31,3,3,迟缓响应持续上升型,1,2,4,1,6,1,1,1,1,1,1,1,2,5,2,2,3,2,1,5
2731452f6cafa8,阳101H31,5,19,阳101H31,4,4,降压主导型,2,3,3,4,4,2,2,2,2,6,2,3,3,2,4,1,1,3,4,1
275dce5cb4dc8b,泸206H10,2,7,泸206H10,4,3,迟缓响应持续上升型,1,2,4,5,1,1,1,1,1,1,1,1,2,5,2,2,3,4,2,6
277a9708a89f3e,阳101H26,,,阳101H26,4,1,低幅波动型,2,1,1,2,2,2,3,3,3,3,1,3,3,2,4,1,1,3,4,1
27847024c7d3b2,泸206H8,4,9,泸206H8,7,1,低幅波动型,2,1,1,2,2,2,3,3,3,3,2,3,3,2,1,1,1,3,5,3
278fb4f7093653,阳101H26,,,阳101H26,4,3,迟缓响应持续上升型,1,2,4,5,1,1,1,4,5,5,1,1,2,1,6,2,3,2,1,5
279abea03d0069,泸208H2,10,7,泸208H2,9,3,迟缓响应持续上升型,1,2,4,1,6,1,1,4,4,4,1,1,2,5,2,2,3,4,2,5
27a4499606d142,阳101H31,3,4,阳101H31,4,1,低幅波动型,2,1,1,2,2,2,3,3,3,3,2,3,3,2,4,1,1,3,4,1
27a7eb99ef86a8,泸203H66,3,20,泸203H66,2,2,早期上升趋缓型,1,2,2,3,5,1,1,4,5,5,1,1,2,1,6,2,3,2,1,4
27aa2fe48c8ae5,泸201H5,1,13,泸201H5,4,1,低幅波动型,2,1,1,2,2,2,3,3,3,3,2,3,3,2,4,1,1,3,5,3
27d8b16ad22f60,阳101H26,,,阳101H26,3,4,降压主导型,2,3,3,4,4,2,2,2,2,2,2,2,1,3,3,1,2,1,3,2
27e7d00bd0e564,阳101H51,6,9,阳101H51,5,2,早期上升趋缓型,1,2,2,3,5,1,1,1,1,1,1,1,2,1,6,2,3,2,1,4
281553ff9508e7,阳101H34,2,8,阳101H34,4,3,迟缓响应持续上升型,1,2,4,5,1,1,1,1,1,1,1,1,2,5,2,2,3,4,2,6
282d081a3f0242,泸203H76,1,10,泸203H76,3,4,降压主导型,2,3,3,4,4,2,2,2,2,2,2,2,1,3,3,1,2,1,3,2
2883e4a723c849,阳101H33,3,5,阳101H33,4,3,迟缓响应持续上升型,1,2,4,1,6,1,1,1,1,1,1,1,2,1,6,2,3,2,1,5
28c1c4b94cf94a,阳101H31,2,8,阳101H31,1,2,早期上升趋缓型,1,2,2,3,5,1,1,4,5,5,1,1,2,1,6,2,3,2,1,4
28cba86b27aedd,泸201H5,3,10,泸201H5,1,1,低幅波动型,2,1,1,2,2,2,3,3,3,3,2,2,1,3,1,1,1,3,5,3
28ccc14fe6edfd,阳101H31,3,8,阳101H31,7,1,低幅波动型,2,1,1,2,2,2,3,3,3,3,1,3,3,2,4,1,1,3,4,1
28e694718b13e5,泸203H64,3,8,泸203H64,1,1,低幅波动型,2,3,1,2,4,2,3,3,3,3,2,2,1,3,1,1,2,1,5,2
28fa5e7fd21f4f,阳101H26,,,阳101H26,2,1,低幅波动型,2,1,1,2,2,2,2,2,2,2,1,1,2,5,2,2,1,3,4,1
28fa775aaefeb4,阳101H32,6,10,阳101H32,7,1,低幅波动型,2,1,1,2,2,2,3,3,3,3,2,3,3,2,4,1,1,3,4,1
29003ea4cb4893,泸203H11,7,13,泸203H11,6,2,早期上升趋缓型,1,2,2,3,5,1,1,4,5,5,1,1,2,1,6,2,3,2,1,4
291c1197b39ee4,阳101H34,2,17,阳101H34,3,2,早期上升趋缓型,1,2,2,3,5,1,1,4,5,5,1,1,2,1,6,2,3,2,1,4
2925ca8d53dd49,阳101H35,1,5,阳101H35,4,1,低幅波动型,2,1,1,2,2,2,3,3,3,3,2,3,3,2,4,1,1,3,4,1
29474e29b6ae2a,泸203H64,1,6,泸203H64,4,3,迟缓响应持续上升型,1,2,4,1,6,1,1,4,4,4,1,1,2,5,2,2,3,4,2,5
294869910f125a,阳101H31,2,4,阳101H25,3,1,低幅波动型,2,1,1,2,2,2,3,3,3,3,2,3,3,2,1,1,1,3,5,3
2952a3ba06c5aa,阳101H26,,,阳101H26,3,3,迟缓响应持续上升型,1,1,4,5,1,2,2,2,2,2,2,3,3,5,4,2,3,4,2,6
296927b9df7514,泸208H2,5,5,泸208H2,4,2,早期上升趋缓型,1,2,2,3,5,1,1,1,1,1,1,1,2,1,6,2,3,2,1,4
298625a9e1a17a,阳101H25,1,21,阳101H25,4,1,低幅波动型,2,1,1,2,2,2,3,3,3,3,2,3,3,2,4,1,1,3,4,3
29968b218aec43,阳101H32,4,22,阳101H32,1,1,低幅波动型,2,3,1,2,4,2,3,3,3,3,2,3,3,2,1,1,2,1,5,3
29dbf3f2c66062,阳101H2,4,16,阳101H2,5,3,迟缓响应持续上升型,1,2,4,5,1,1,1,1,1,1,1,1,2,5,2,2,3,4,2,6
29e537c9702bfa,泸208H2,3,22,泸208H2,4,3,迟缓响应持续上升型,1,2,4,1,6,1,1,4,4,4,1,1,2,5,2,2,3,4,2,5
2a0498124b4d4f,阳101H33,3,8,阳101H33,4,3,迟缓响应持续上升型,1,2,4,1,6,1,1,4,4,4,1,1,2,5,2,2,3,4,2,5
2a20d649ca9bcf,阳101H2,4,21,阳101H2,2,4,降压主导型,2,3,3,4,4,2,2,2,2,2,2,2,1,3,3,1,2,1,3,2
2a280380e90abd,阳101H35,2,15,阳101H35,3,3,迟缓响应持续上升型,1,2,4,1,6,1,1,1,1,1,1,1,2,1,6,2,3,2,1,5
2a5fd11e9d33d1,泸201H5,3,1,泸201H5,2,1,低幅波动型,2,1,1,2,2,1,1,1,1,1,2,3,3,2,4,1,1,3,4,1
2a6599e5f5ccf2,阳101H35,3,20,阳101H35,2,3,迟缓响应持续上升型,1,2,4,5,1,1,1,1,1,1,1,1,2,5,2,2,3,4,2,5
2a734542b743a2,泸201H5,2,13,泸201H5,4,1,低幅波动型,2,1,1,2,2,2,3,3,3,3,2,3,3,2,4,1,1,3,5,3
2a83f995666bd3,阳101H31,7,22,阳101H31,4,3,迟缓响应持续上升型,1,1,4,5,1,1,1,4,5,5,1,3,3,2,4,2,1,4,2,6
2ac12a6251185c,泸203H10,2,15,泸203H10,1,3,迟缓响应持续上升型,1,2,4,1,6,1,1,4,4,4,1,1,2,5,2,2,3,4,2,5
2b074b52bd0cfd,阳101H2,,,阳101H2,3,1,低幅波动型,2,1,1,2,2,2,3,3,3,3,1,1,2,5,2,2,3,4,2,1
2b10c9b8b271d5,泸203H76,4,5,泸203H76,3,3,迟缓响应持续上升型,1,2,4,1,6,1,1,4,4,4,1,1,2,5,2,2,3,4,2,5
2b431717a7c78b,泸206H8,4,9,泸206H8,2,1,低幅波动型,2,1,1,2,4,2,3,3,3,3,2,2,1,2,1,1,1,3,5,3
2b77a48dd941ff,阳101H35,1,19,阳101H35,2,3,迟缓响应持续上升型,1,2,4,5,1,1,1,1,1,1,1,1,2,1,6,2,3,2,1,4
2b9d7114626960,泸206H8,5,4,泸206H8,6,1,低幅波动型,1,1,1,5,2,1,1,1,1,1,1,1,2,1,6,2,3,2,1,6
2bfdf49e20ac3a,阳101H51,1,8,阳101H51,2,3,迟缓响应持续上升型,1,2,4,5,1,1,1,1,1,1,1,1,2,1,6,2,3,2,1,4
2c0be9979efd33,阳101H2,4,16,阳101H2,6,1,低幅波动型,2,1,1,2,4,2,3,3,3,3,2,2,1,3,1,1,2,1,5,3
2c2944aef1842b,阳101H34,3,18,阳101H34,4,3,迟缓响应持续上升型,1,2,4,5,1,1,1,1,1,1,1,1,2,1,6,2,3,2,1,4
2c36044ca1b399,阳101H26,,,阳101H26,2,1,低幅波动型,2,1,1,2,2,2,3,3,3,3,2,3,3,2,4,1,1,3,4,3
2c4e6555dfb4e3,泸206H10,4,14,泸206H10,3,4,降压主导型,2,3,3,4,4,2,2,2,2,2,2,2,1,3,3,1,2,1,3,2
2c73d067a29c5f,阳101H35,1,16,阳101H35,3,4,降压主导型,2,3,3,4,4,2,2,2,2,2,2,2,1,3,3,1,2,1,3,2
2cc7de01bea2cf,泸203H153,7,27,泸203H153,2,3,迟缓响应持续上升型,1,2,4,1,6,1,1,4,4,4,1,1,2,5,2,2,3,4,2,6
2cd93a3f5b6b97,阳101H35,3,5,阳101H35,2,1,低幅波动型,2,3,1,2,4,2,3,3,3,3,2,2,1,3,3,1,2,1,3,2
2cf6810106e83b,泸206H8,5,11,泸206H8,3,1,低幅波动型,2,1,1,2,2,2,3,3,3,3,2,3,3,2,1,1,1,3,5,3
2d150f573c9948,阳101H26,,,阳101H26,3,4,降压主导型,2,3,3,4,3,2,2,2,2,2,2,2,1,3,3,1,2,1,3,2
2d248856ed0b3e,阳101H31,2,11,阳101H31,1,3,迟缓响应持续上升型,1,2,4,3,1,1,1,1,1,1,1,1,2,1,6,2,3,2,1,5
2d25642adea42d,阳101H2,,,阳101H2,6,1,低幅波动型,2,1,1,2,2,2,3,3,3,3,2,3,3,2,4,1,1,3,4,1
2d2d61197d331f,泸208H2,9,13,泸208H2,8,3,迟缓响应持续上升型,1,2,4,1,6,1,1,4,4,4,1,1,2,1,6,2,3,2,1,5
2d33275db72531,阳101H31,,,阳101H31,3,2,早期上升趋缓型,1,2,2,3,5,1,1,4,5,5,1,1,2,5,2,2,3,4,2,6
2d42f832c27f6f,阳101H35,,,阳101H35,3,2,早期上升趋缓型,1,2,2,3,5,1,1,4,5,5,1,1,2,1,6,2,3,2,1,4
2d46112a46b3f0,泸206H8,,,泸206H8,2,2,早期上升趋缓型,1,2,2,3,5,1,1,4,5,5,1,1,2,1,6,2,3,2,1,4
2d4adcab6b933d,泸208H2,10,6,泸208H2,9,3,迟缓响应持续上升型,1,2,4,1,6,1,1,4,4,4,1,1,2,5,2,2,3,4,2,5
2d8791473a04a7,泸203H66,,,泸203H66,sensor:压力（MPa）,3,迟缓响应持续上升型,1,2,4,5,1,1,1,1,1,1,1,1,2,5,2,2,3,4,2,5
2d88325d451e28,阳101H51,2,13,阳101H51,3,2,早期上升趋缓型,1,2,2,3,5,1,1,4,5,5,1,1,2,1,6,2,3,2,1,4
2d8b960caa0692,泸203H64,5,12,泸203H64,4,4,降压主导型,2,3,3,4,4,2,2,2,2,2,2,2,1,3,3,1,2,1,3,2
2d92430544929e,阳101H35,1,13,阳101H35,4,3,迟缓响应持续上升型,1,2,4,5,1,1,1,1,1,1,1,1,2,1,6,2,3,2,1,5
2db60bf76dcf00,泸203H9,1,11,泸203H9,2,3,迟缓响应持续上升型,1,2,4,1,6,1,1,1,1,1,1,1,2,1,6,2,3,2,1,5
2dbac17f70a882,阳101H32,6,13,阳101H32,3,1,低幅波动型,2,1,1,2,2,2,3,3,3,3,2,3,3,2,1,1,1,3,5,3
2e245bcbf93129,泸206H8,3,19,泸206H8,5,3,迟缓响应持续上升型,1,1,4,5,1,1,1,1,1,1,1,1,2,1,6,2,3,2,1,6
2e352172c08383,阳101H34,4,6,阳101H34,2,3,迟缓响应持续上升型,1,2,4,5,1,1,1,1,1,1,1,1,2,1,2,2,3,2,1,5
2e5477158e8e50,阳101H75,,,阳101H75,4,3,迟缓响应持续上升型,1,2,4,1,6,1,1,4,4,4,1,1,2,5,2,2,3,2,1,5
2e6366ac001f0c,泸203H76,1,12,泸203H76,3,4,降压主导型,2,3,3,4,4,2,2,2,2,2,2,2,1,3,3,1,2,1,3,2
2e660b03d05cff,阳101H32,4,2,阳101H32,1,4,降压主导型,2,3,3,4,3,2,3,3,3,3,2,3,3,2,4,1,1,3,5,3
2e93cd70700b93,阳101H31,5,18,阳101H31,4,2,早期上升趋缓型,1,2,2,3,5,1,1,4,5,5,1,1,2,1,6,2,3,2,1,5
2e9cec47fe39b5,阳101H32,2,16,阳101H32,3,1,低幅波动型,2,1,1,2,2,2,3,3,3,3,2,3,3,2,4,1,1,3,4,1
2eb1d992cfe37c,泸201H5,4,13,泸201H5,1,1,低幅波动型,2,1,1,2,2,2,3,3,3,3,2,3,3,2,1,1,1,3,5,3
2eb801c5c88ed3,阳101H26,,,阳101H26,1,4,降压主导型,2,3,3,4,4,2,2,2,2,2,2,2,1,3,3,1,2,1,3,2
2eb92eb6d72028,阳101H51,2,14,阳101H51,4,3,迟缓响应持续上升型,1,1,4,5,1,1,1,1,1,1,1,1,2,5,2,2,3,4,2,6
2ec37727adacf5,泸201H5,2,24,泸201H5,1,4,降压主导型,2,3,3,4,4,2,2,2,2,2,2,2,1,3,3,1,2,1,3,2
2ecf302d1f133e,阳101H31,3,5,阳101H31,2,3,迟缓响应持续上升型,1,2,4,1,6,1,1,1,1,1,1,1,2,1,6,2,3,2,1,5
2ed7b6d79e1817,阳101H25,1,28,阳101H25,3,1,低幅波动型,2,1,1,2,2,2,3,3,3,3,2,3,3,2,4,1,1,3,4,1
2ede09ce85d0a8,阳101H33,3,8,阳101H33,2,3,迟缓响应持续上升型,1,2,4,1,6,1,1,1,1,1,1,1,2,5,2,2,3,4,2,5
2ef1828a57b910,泸201H5,2,9,泸201H5,3,1,低幅波动型,2,1,1,2,2,2,3,3,3,3,1,3,3,2,4,1,1,3,4,1
2f23a5ac1e7e26,泸203H9,,,泸203H9,1,1,低幅波动型,2,1,1,2,2,2,3,3,3,3,2,3,3,2,4,1,1,3,4,1
2f34562203057e,阳101H2,6,11,阳101H2,4,3,迟缓响应持续上升型,1,1,4,5,1,1,1,1,1,1,1,1,2,1,6,2,3,4,1,6
2f46ac60737759,阳101H35,1,21,阳101H35,3,4,降压主导型,2,3,3,4,3,2,2,2,2,6,2,2,1,3,3,1,2,1,3,2
2f734a61a7f0cd,泸203H66,3,11,泸203H66,4,2,早期上升趋缓型,1,2,2,3,5,1,1,4,5,5,1,1,2,1,6,2,3,2,1,4
2f7c3b7b688a2a,阳101H33,3,4,阳101H33,4,3,迟缓响应持续上升型,1,2,4,1,6,1,1,4,4,4,1,1,2,5,2,2,3,4,2,6
2f84b894527c72,泸203H9,2,30,泸203H9,1,3,迟缓响应持续上升型,1,2,4,1,6,1,1,1,1,1,1,1,2,5,2,2,3,4,2,5
2fa875487acb77,阳101H26,,,阳101H26,1,1,低幅波动型,2,1,1,2,2,2,3,3,3,3,2,3,3,2,4,1,1,3,4,3
2fb6a42d87fadd,泸203H76,3,21,泸203H76,2,2,早期上升趋缓型,1,2,2,3,5,1,1,1,1,1,1,1,2,1,6,2,3,2,1,4
2fccbc017c5a61,泸203H76,2,2,泸203H76,1,3,迟缓响应持续上升型,1,2,4,1,6,1,1,4,4,4,1,1,2,5,2,2,3,4,2,6
2fd0bb5ff53f75,阳101H35,2,20,阳101H35,4,1,低幅波动型,2,3,1,2,4,2,3,3,3,3,2,2,1,3,1,1,2,1,5,3
2fdadfab8a36e4,阳101H32,2,20,阳101H32,4,2,早期上升趋缓型,1,2,2,3,5,1,1,4,5,5,1,1,2,1,6,2,3,2,1,4
2ff1907e5978ba,泸206H8,2,21,泸206H8,5,1,低幅波动型,2,1,1,2,2,2,3,3,3,3,1,3,3,5,2,2,1,4,4,1
2ffa87299aa599,泸208H2,4,12,泸208H2,5,2,早期上升趋缓型,1,2,2,3,5,1,1,4,5,5,1,1,2,1,6,2,3,2,1,4
301dbc64663ccc,阳101H2,,,阳101H2,1,3,迟缓响应持续上升型,1,2,4,5,1,1,1,1,1,1,1,1,2,1,6,2,3,2,1,5
3039c7f5d1bba2,阳101H51,2,19,阳101H51,1,3,迟缓响应持续上升型,1,2,4,1,6,1,1,4,4,4,1,1,2,5,2,2,3,4,2,5
303c86f669aa8d,阳101H33,4,3,阳101H33,3,3,迟缓响应持续上升型,1,2,4,1,6,1,1,4,4,4,1,1,2,5,2,2,3,4,2,5
304354494e50ff,泸203H10,3,8,泸203H10,4,3,迟缓响应持续上升型,1,2,4,1,6,1,1,4,4,4,1,1,2,5,2,2,3,4,2,5
304e31ef0b6cf6,阳101H31,3,11,阳101H31,7,1,低幅波动型,2,1,1,2,2,2,3,3,3,3,2,3,3,2,4,1,1,3,4,1
306e19b58ef900,阳101H51,4,2,阳101H51,3,3,迟缓响应持续上升型,1,2,4,1,6,1,1,4,4,4,1,1,2,5,2,2,3,4,2,6
307439eb46edaa,泸203H64,4,3,泸203H64,5,4,降压主导型,2,3,3,4,4,2,2,2,2,2,2,2,1,3,3,1,2,1,3,2
307a2ad7cb4f3d,泸208H1,5,6,泸208H1,4,2,早期上升趋缓型,1,2,2,1,6,1,1,4,4,4,1,1,2,1,6,2,3,2,1,5
3084a372866127,泸203H64,3,9,泸203H64,5,3,迟缓响应持续上升型,1,2,4,1,6,1,1,1,1,1,1,1,2,5,2,2,3,4,2,5
3087ce5b3a03f0,泸201H5,1,19,泸201H5,2,1,低幅波动型,2,1,1,2,2,2,3,3,3,3,2,3,3,2,4,1,1,3,4,3
30a6cd74002b9c,阳101H31,,,阳101H31,1,3,迟缓响应持续上升型,1,2,4,1,6,1,1,1,1,1,1,1,2,5,2,2,3,4,2,5
30c8cae0d8d947,泸203H64,3,13,泸203H64,4,1,低幅波动型,2,1,1,2,2,2,3,3,3,3,2,3,3,2,1,1,1,3,5,3
30f7504b607240,阳101H32,5,8,阳101H32,7,1,低幅波动型,2,1,1,2,2,2,3,3,3,3,2,3,3,2,4,1,1,3,4,1
31109b441ae974,阳101H51,2,18,阳101H51,1,3,迟缓响应持续上升型,1,2,4,1,6,1,1,4,4,4,1,1,2,1,6,2,3,2,1,5
3134511acd1355,泸201H5,4,21,泸201H5,1,1,低幅波动型,2,1,1,2,2,2,3,3,3,3,2,3,3,2,1,1,1,3,5,3
313bcc73ae07e3,阳101H31,3,6,阳101H31,6,4,降压主导型,2,3,3,4,4,2,2,2,2,2,2,2,1,3,3,1,2,1,3,2
31414469e3290a,阳101H2,,,阳101H2,2,2,早期上升趋缓型,1,2,2,3,5,1,1,1,1,1,1,1,2,1,6,2,3,2,1,4
315719fb1afa3a,阳101H25,1,21,阳101H25,2,1,低幅波动型,2,1,1,2,2,2,3,3,3,3,2,3,3,2,1,1,1,3,5,3
317bb1bd34ddab,阳101H51,2,1,阳101H51,3,3,迟缓响应持续上升型,1,1,4,5,1,1,1,1,1,1,1,1,2,5,2,2,3,4,2,6
3196989e5fc0db,阳101H25,1,23,阳101H25,3,1,低幅波动型,2,1,1,5,1,1,1,1,1,1,1,3,3,5,2,2,3,4,2,6
31992bb5212732,阳101H51,3,6,阳101H51,1,3,迟缓响应持续上升型,1,2,4,5,1,1,1,1,1,1,1,1,2,5,2,2,3,4,2,6
31cafddc6c76c5,阳101H31,,,阳101H31,3,2,早期上升趋缓型,1,2,2,3,5,1,1,4,5,5,1,1,2,1,6,2,3,2,1,4
31cb5c3ef400e9,阳101H31,,,阳101H31,1,2,早期上升趋缓型,1,2,2,3,5,1,1,4,4,4,1,1,2,1,6,2,3,2,1,5
31dddced0c4992,阳101H2,4,2,阳101H2,6,3,迟缓响应持续上升型,1,2,4,1,6,1,1,4,4,4,1,1,2,1,6,2,3,2,1,4
31f5594cea6b6b,泸206H8,4,4,泸206H8,1,1,低幅波动型,2,1,1,2,2,2,3,3,3,3,2,3,3,2,4,1,1,3,4,3
31fd95d49e6fa4,泸201H5,3,7,泸201H5,1,1,低幅波动型,2,1,1,2,2,2,3,3,3,3,2,3,3,2,4,1,1,3,4,3
32005902d30853,阳101H2,2,22,阳101H2,8,2,早期上升趋缓型,1,2,2,3,5,1,1,1,1,1,1,1,2,1,6,2,3,2,1,4
320eb3145e2856,泸208H2,7,18,泸208H2,8,2,早期上升趋缓型,1,2,2,1,6,1,1,1,1,1,1,1,2,5,2,2,3,2,1,5
3216d10ede359c,阳101H26,,,阳101H26,1,1,低幅波动型,2,1,1,2,2,2,3,3,3,3,2,3,3,2,4,1,1,3,4,1
3251d8f5a9765e,泸203H64,1,2,泸203H64,2,4,降压主导型,2,3,3,4,4,2,2,2,2,2,2,2,1,3,3,1,2,1,3,2
326966502c8184,泸208H2,8,15,泸208H2,9,3,迟缓响应持续上升型,1,2,4,1,6,1,1,4,4,4,1,1,2,5,2,2,3,4,2,5
328191ae892bbd,阳101H32,2,9,阳101H32,5,4,降压主导型,2,3,3,4,4,2,2,2,2,2,2,2,1,3,3,1,2,1,3,2
328b01bed37cea,阳101H51,4,5,阳101H51,3,1,低幅波动型,1,1,1,5,1,1,1,1,1,1,1,3,3,5,2,2,3,4,2,6
32a40a728546c5,泸206H8,4,21,泸206H8,3,2,早期上升趋缓型,1,2,2,3,5,1,1,4,5,5,1,1,2,1,6,2,3,2,1,4
32a535815baf5a,阳101H31,5,20,阳101H31,4,2,早期上升趋缓型,1,2,2,3,5,1,1,4,5,5,1,1,2,1,6,2,3,2,1,4
32ab562d7bc224,泸208H2,9,6,泸208H2,10,3,迟缓响应持续上升型,1,2,4,5,1,1,1,1,1,1,1,1,2,5,2,2,3,4,2,6
32c6847c913d28,泸203H76,3,16,泸203H76,1,4,降压主导型,2,3,3,4,4,2,2,2,2,2,2,2,1,3,3,1,2,1,3,2
32d3ccc3b7473b,泸203H64,3,5,泸203H64,4,4,降压主导型,2,3,3,4,4,2,2,2,2,2,2,2,1,3,3,1,2,1,3,2
32d692fff9b47d,泸208H2,9,20,泸208H2,10,3,迟缓响应持续上升型,1,2,4,1,6,1,1,4,4,4,1,1,2,1,6,2,3,2,1,5
330e4d1fb7f9b0,阳101H32,4,6,阳101H32,2,3,迟缓响应持续上升型,1,2,4,5,1,1,1,1,1,1,1,1,2,1,6,2,3,2,1,5
3332f98ca27cf4,阳101H2,6,8,阳101H2,3,1,低幅波动型,2,1,1,2,2,2,3,3,3,3,2,3,3,2,4,1,1,3,4,3
3333868133f742,泸206H8,4,4,泸206H8,6,1,低幅波动型,2,1,1,2,2,2,3,3,3,3,2,3,3,2,4,1,1,3,4,1
333c369ad02ddb,泸203H64,1,5,泸203H64,4,4,降压主导型,2,3,3,4,3,2,2,2,2,6,2,2,1,3,1,1,2,1,3,2
334816ca95a240,泸206H8,3,19,泸206H8,8,1,低幅波动型,1,1,1,5,1,1,1,1,1,1,1,1,2,1,6,2,3,4,2,6
334b333cede204,阳101H2,4,3,阳101H32,1,3,迟缓响应持续上升型,1,2,4,1,6,1,1,1,1,1,1,1,2,5,2,2,3,4,2,5
33772d4b4dec7d,泸201H5,3,12,泸201H5,2,4,降压主导型,2,3,3,4,4,2,2,2,2,2,2,2,1,3,1,1,2,1,3,2
338003a0efb054,阳101H31,,,阳101H31,2,2,早期上升趋缓型,1,2,2,3,5,1,1,4,5,5,1,1,2,1,6,2,3,2,1,4
3387a25bf398fb,阳101H31,2,3,阳101H31,1,2,早期上升趋缓型,1,2,2,3,5,1,1,4,5,5,1,1,2,1,6,2,3,2,1,4
33cbfa73aab135,泸208H2,6,7,泸208H2,8,3,迟缓响应持续上升型,1,2,4,5,1,1,1,1,1,1,1,1,2,1,6,2,3,2,1,5
33ccfcbccded0b,泸203H9,2,29,泸203H9,1,3,迟缓响应持续上升型,1,2,4,1,6,1,1,1,1,1,1,1,2,5,2,2,3,2,1,5
33f18f83bc6b03,泸203H64,5,11,泸203H64,1,3,迟缓响应持续上升型,1,1,4,5,1,1,1,1,1,1,1,1,2,1,6,2,3,4,2,6
3432d5e826086f,阳101H31,2,1,阳101H31,1,3,迟缓响应持续上升型,1,2,4,1,6,1,1,1,1,1,1,1,2,5,2,2,3,4,2,5
34368fd7f03a49,阳101H35,1,9,阳101H35,4,3,迟缓响应持续上升型,1,1,4,5,1,1,1,1,1,1,1,1,2,1,6,2,3,4,1,6
34466b5a5677d2,泸203H64,1,10,泸203H64,2,1,低幅波动型,2,1,1,2,2,2,3,3,3,3,1,3,3,2,4,1,1,3,4,1
3448a58788d554,泸208H1,5,4,泸208H1,6,2,早期上升趋缓型,1,2,2,1,6,1,1,4,4,4,1,1,2,1,6,2,3,2,1,5
345297a63aae53,阳101H32,2,16,阳101H32,1,1,低幅波动型,2,1,1,2,2,2,3,3,3,3,2,3,3,2,4,1,1,3,4,1
345e5c9bef3db5,阳101H51,1,9,阳101H51,3,3,迟缓响应持续上升型,1,2,4,5,1,1,1,1,1,1,1,1,2,1,6,2,3,2,1,5
3461245a6c4bad,泸201H5,4,20,泸201H5,3,2,早期上升趋缓型,1,2,2,3,5,1,1,4,5,5,1,1,2,1,6,2,3,2,1,4
34852d4aa223b4,阳101H32,2,19,阳101H32,1,1,低幅波动型,2,1,1,2,2,2,3,3,3,3,2,3,3,2,4,1,1,3,4,3
3489eeaa3ac558,阳101H31,5,10,阳101H31,7,2,早期上升趋缓型,1,2,2,3,5,1,1,1,1,1,1,1,2,1,6,2,3,2,1,4
34a213582ab672,泸208H2,8,8,泸208H2,10,3,迟缓响应持续上升型,1,2,4,5,1,1,1,1,1,1,1,1,2,5,2,2,3,4,2,6
34c00e3297b31e,阳101H35,2,10,阳101H35,3,2,早期上升趋缓型,1,2,2,3,5,1,1,1,1,1,1,1,2,1,6,2,3,2,1,4
34c4fa2cd34d23,泸206H8,2,21,泸206H8,3,3,迟缓响应持续上升型,1,2,4,5,1,1,1,1,1,1,1,1,2,5,2,2,3,4,2,6
34cfe03c8b1af4,阳101H2,,,阳101H2,5,1,低幅波动型,2,1,1,2,2,2,3,3,3,3,2,3,3,2,4,1,1,3,4,1
34d3c5d0130a83,阳101H2,,,阳101H2,5,3,迟缓响应持续上升型,1,1,4,5,1,1,1,1,1,1,1,1,2,1,6,2,3,2,1,4
34e45e1aa83b48,泸206H8,5,3,泸206H8,2,4,降压主导型,2,3,3,4,4,2,3,3,3,3,2,2,1,3,1,1,2,1,3,2
34ef30eacb9f7c,阳101H35,2,4,阳101H35,4,1,低幅波动型,2,1,1,2,2,2,3,3,3,3,2,3,3,2,4,1,1,3,4,1
34fe8a559bb221,泸203H64,4,15,泸203H64,2,1,低幅波动型,2,3,1,2,4,2,3,3,3,3,2,2,1,2,1,1,2,1,5,3
35147c7e8efac0,阳101H34,3,4,阳101H34,4,3,迟缓响应持续上升型,1,2,4,5,1,1,1,1,1,1,1,1,2,5,2,2,3,4,2,6
354576fb2c9383,阳101H34,4,7,阳101H34,2,3,迟缓响应持续上升型,1,2,4,5,1,1,1,1,1,1,1,1,2,5,2,2,3,4,2,6
3547163fb41b3f,泸201H5,3,14,泸201H5,4,2,早期上升趋缓型,1,2,2,3,5,1,1,4,5,5,1,1,4,4,5,2,3,2,1,4
3547db0223e168,阳101H26,,,阳101H26,2,1,低幅波动型,2,1,1,2,2,2,3,3,3,3,2,3,3,2,1,1,1,3,5,3
355195f51ed14c,泸203H64,5,5,泸203H64,2,1,低幅波动型,2,1,1,2,2,2,3,3,3,3,2,3,3,2,4,1,1,3,4,1
3571be42766879,泸201H5,4,26,泸201H5,3,3,迟缓响应持续上升型,1,2,4,1,6,1,1,4,4,4,1,1,2,5,2,2,3,2,1,5
35781634743c6e,阳101H2,5,14,阳101H2,1,4,降压主导型,2,3,3,4,4,2,2,2,2,2,2,2,1,3,3,1,2,1,3,2
35ad885ffa8f52,阳101H2,4,13,阳101H2,6,2,早期上升趋缓型,1,2,2,3,5,1,1,4,5,5,1,1,2,1,6,2,3,2,1,4
35d0fa91c5ecf9,阳101H2,4,20,阳101H2,2,4,降压主导型,2,3,3,4,4,2,2,2,2,2,2,2,1,3,3,1,2,1,3,2
35ef4f554f4c2a,泸203H76,1,22,泸203H76,2,1,低幅波动型,2,1,1,5,1,1,1,1,1,1,1,1,2,5,2,2,3,4,2,6
35f5122a23322d,泸203H64,4,10,泸203H64,5,1,低幅波动型,2,1,1,2,2,2,2,2,2,2,2,3,3,2,4,1,1,3,4,1
36062e8d085b3d,阳101H32,4,6,阳101H32,7,1,低幅波动型,2,1,1,2,2,2,3,3,3,3,1,3,3,2,4,1,1,3,4,1
36276dc927c6e1,泸208H2,2,13,泸208H2,3,3,迟缓响应持续上升型,1,2,4,5,1,1,1,1,1,1,1,1,2,1,6,2,3,2,1,4
3634f8de1ab85c,泸201H5,3,15,泸201H5,4,3,迟缓响应持续上升型,1,2,4,1,6,1,1,4,4,4,1,1,2,5,2,2,3,4,2,5
36366860bbacdb,阳101H31,3,2,阳101H31,5,4,降压主导型,2,3,3,4,4,2,2,2,2,2,2,2,1,3,3,1,2,1,3,2
3643cf7d78a7b6,阳101H51,1,6,阳101H51,2,2,早期上升趋缓型,1,2,2,3,5,1,1,4,5,5,1,1,2,1,6,2,3,2,1,4
3643f93ca5b24c,阳101H51,4,1,阳101H51,1,3,迟缓响应持续上升型,1,1,4,5,1,1,1,1,1,1,1,1,2,5,2,2,3,4,2,6
36525a655fb92c,泸203H64,5,2,泸203H58,6,3,迟缓响应持续上升型,1,2,4,5,1,1,1,1,1,1,1,1,2,5,2,2,3,4,2,6
3655696090d350,阳101H26,,,阳101H26,1,1,低幅波动型,2,1,1,2,2,2,3,3,3,3,2,2,1,2,1,1,1,3,5,3
367e9f180ec69a,阳101H32,4,8,阳101H32,3,1,低幅波动型,2,1,1,2,2,2,3,3,3,3,2,3,3,2,4,1,1,3,4,1
368512d2ec5854,阳101H26,,,阳101H26,2,1,低幅波动型,2,1,1,2,4,2,3,3,3,3,2,2,1,2,1,1,2,1,5,3
369c145d6e4209,阳101H2,2,11,阳101H2,5,1,低幅波动型,2,1,1,2,2,2,3,3,3,3,2,3,3,2,4,1,1,3,5,3
36d3979007f01a,阳101H31,1,11,阳101H31,2,2,早期上升趋缓型,1,2,2,3,5,1,1,4,5,5,1,1,2,1,6,2,3,2,1,4
36d55f755b0bb3,阳101H2,,,阳101H2,5,4,降压主导型,2,3,3,4,4,2,2,2,2,2,2,2,1,3,3,1,2,1,3,2
36eb8e400103b1,阳101H31,3,6,阳101H31,7,4,降压主导型,2,3,3,4,3,2,2,2,2,6,2,2,1,3,3,1,2,1,3,2
36f6287eaa4813,阳101H34,2,20,阳101H34,3,2,早期上升趋缓型,1,2,2,1,6,1,1,4,4,4,1,1,2,1,6,2,3,2,1,5
370a2437c226b1,阳101H2,2,21,阳101H2,6,1,低幅波动型,2,1,1,2,2,2,3,3,3,3,2,3,3,2,4,1,1,3,4,1
3723616cca9449,阳101H51,2,5,阳101H51,1,2,早期上升趋缓型,1,2,2,3,5,1,1,4,5,5,1,1,2,1,6,2,3,2,1,4
3727a7dfde75ab,泸208H1,6,2,泸208H1,5,2,早期上升趋缓型,1,2,2,3,5,1,1,4,5,5,1,1,2,1,6,2,3,2,1,4
37485de2cdaa5d,泸203H66,1,8,泸203H66,4,2,早期上升趋缓型,1,2,2,3,5,1,1,4,5,5,1,1,2,1,6,2,3,2,1,4
3766de9c454d31,泸201H5,4,5,泸201H5,2,1,低幅波动型,2,1,1,2,2,2,3,3,3,3,1,3,3,5,2,2,1,4,4,1
376aff7c3f1864,阳101H31,4,22,阳101H31,6,3,迟缓响应持续上升型,1,2,4,5,1,1,1,1,1,1,1,1,2,5,2,2,3,4,2,6
376b2f33776044,阳101H75,6,6,阳101H75,5,3,迟缓响应持续上升型,1,2,4,1,6,1,1,4,4,4,1,1,2,5,2,2,3,4,2,5
378d4da8a29692,阳101H2,2,8,阳101H32,6,3,迟缓响应持续上升型,1,2,4,1,6,1,1,4,4,4,1,1,2,1,6,2,3,2,1,5
3790e075859faa,阳101H35,1,21,阳101H35,4,1,低幅波动型,2,1,1,2,2,1,1,1,1,1,1,3,3,2,4,1,1,3,4,1
379b4a60562602,阳101H32,4,22,阳101H32,5,1,低幅波动型,2,1,1,2,4,2,3,3,3,3,2,2,1,3,1,1,2,1,5,3
37df52d96fa2d6,阳101H26,,,阳101H26,2,1,低幅波动型,2,1,1,2,2,2,3,3,3,3,2,3,3,2,4,1,1,3,4,1
37df8b844430bb,泸203H9,3,6,泸203H9,1,1,低幅波动型,2,1,1,2,4,2,3,3,3,3,2,3,3,2,1,1,1,3,5,3
37e8e43eb8d1b3,阳101H32,2,13,阳101H32,5,4,降压主导型,2,3,3,4,4,2,2,2,2,2,2,2,1,3,3,1,2,1,3,2
37efa2f701c0c4,阳101H51,3,14,阳101H51,5,3,迟缓响应持续上升型,1,1,4,5,1,1,1,1,1,1,1,1,2,5,2,2,3,4,2,6
37feb22c34f013,泸201H5,4,15,泸201H5,1,1,低幅波动型,2,1,1,2,2,2,3,3,3,3,2,2,1,2,1,1,1,3,5,3
381004f88d0840,泸203H64,3,3,泸203H64,2,1,低幅波动型,2,1,1,2,2,2,3,3,3,3,2,3,3,2,4,1,1,3,5,3
383caff6a8103a,阳101H26,,,阳101H26,3,4,降压主导型,2,3,3,4,3,2,2,2,2,6,2,2,1,3,1,1,2,1,3,2
3861c707c87620,阳101H2,6,21,阳101H2,1,1,低幅波动型,2,1,1,5,2,1,1,1,1,1,2,3,3,2,4,1,1,3,4,1
3865210cd19dad,阳101H2,4,16,阳101H2,1,1,低幅波动型,2,1,1,5,1,1,1,1,1,1,1,3,3,5,4,2,1,4,2,6
386719f4ad0628,泸201H5,1,13,泸201H5,3,1,低幅波动型,2,1,1,2,2,2,3,3,3,3,2,3,3,2,4,1,1,3,4,3
38734833a5302a,阳101H32,2,11,阳101H32,7,1,低幅波动型,2,1,1,2,2,2,3,3,3,3,2,3,3,2,4,1,1,3,4,3
38ad4d2824440f,阳101H32,2,20,阳101H32,5,4,降压主导型,2,3,3,4,4,2,2,2,2,2,2,2,1,3,3,1,2,1,3,2
38b001527c47aa,阳101H31,,,阳101H31,2,2,早期上升趋缓型,1,2,2,1,6,1,1,4,4,4,1,1,2,1,6,2,3,2,1,4
38ccd050f26afb,阳101H2,4,3,阳101H32,1,1,低幅波动型,2,1,1,2,2,2,3,3,3,3,2,3,3,2,1,1,1,3,5,3
38d9212455fa69,泸201H5,4,24,泸201H5,1,1,低幅波动型,2,1,1,2,2,2,3,3,3,3,2,3,3,2,4,1,1,3,4,1
39107df6e4db8c,阳101H31,3,3,阳101H31,7,1,低幅波动型,2,1,1,2,2,2,3,3,3,3,1,3,3,2,4,1,1,3,4,1
3932a075d5be51,阳101H35,,,阳101H35,3,3,迟缓响应持续上升型,1,2,4,5,1,1,1,1,1,1,1,1,2,5,2,2,3,4,2,6
393b351440627c,阳101H2,,,阳101H2,5,3,迟缓响应持续上升型,1,2,4,1,6,1,1,1,1,1,1,1,2,5,2,2,3,4,2,6
394eccc7d0bc49,阳101H32,6,9,阳101H32,5,1,低幅波动型,2,1,1,2,2,2,3,3,3,3,2,3,3,2,4,1,1,3,4,3
3957398b6f0551,阳101H2,5,20,阳101H2,4,3,迟缓响应持续上升型,1,1,4,5,1,1,1,1,1,1,1,1,2,5,2,2,3,4,2,6
3958c00a53f7a0,泸208H2,7,5,泸208H2,6,2,早期上升趋缓型,1,2,2,3,5,1,1,4,5,5,1,1,2,1,6,2,3,2,1,4
39760b896ec8c7,泸201H5,3,10,泸201H5,2,1,低幅波动型,2,1,1,2,2,2,3,3,3,3,2,3,3,2,4,1,1,3,4,3
397d42dcdd100b,阳101H26,,,阳101H26,1,3,迟缓响应持续上升型,1,2,4,5,1,1,1,1,1,1,1,1,2,5,2,2,3,4,2,6
398db991466ef4,阳101H37,,,阳101H37,2,2,早期上升趋缓型,1,2,2,1,6,1,1,4,5,5,1,1,2,5,2,2,3,2,1,5
39bdb0bf67004f,阳101H35,3,7,阳101H35,1,4,降压主导型,2,3,3,4,3,2,2,2,2,6,2,2,1,3,3,1,2,1,3,2
39c6f4cf109f55,阳101H25,1,23,阳101H25,2,3,迟缓响应持续上升型,1,2,4,5,1,1,1,1,1,1,1,3,3,5,2,2,3,4,2,6
39da2daccfe400,阳101H33,4,8,阳101H33,3,3,迟缓响应持续上升型,1,2,4,1,6,1,1,4,4,4,1,1,2,5,2,2,3,4,2,6
39e8aae61ee6d9,阳101H35,2,7,阳101H35,4,1,低幅波动型,2,1,1,2,2,2,3,3,3,3,2,3,3,2,4,1,1,3,4,1
39fe9fa7599220,阳101H35,2,15,阳101H35,4,3,迟缓响应持续上升型,1,1,4,5,1,1,1,1,1,1,1,1,2,1,6,2,3,4,1,6
39ff1920c4ed3c,泸201H5,1,19,泸201H5,3,1,低幅波动型,2,1,1,2,2,2,3,3,3,3,2,3,3,2,1,1,1,3,5,3
3a25803391681e,阳101H2,4,3,阳101H32,5,1,低幅波动型,2,1,1,2,2,2,3,3,3,3,2,3,3,2,4,1,1,3,4,1
3a2f396959e72f,阳101H34,2,23,阳101H34,3,3,迟缓响应持续上升型,1,2,4,1,6,1,1,1,1,1,1,1,2,1,6,2,3,4,1,5
3a51488c24abde,阳101H51,4,8,阳101H51,3,2,早期上升趋缓型,1,2,2,3,5,1,1,4,5,5,1,1,2,1,6,2,3,2,1,4
3a5f8f19ea399f,阳101H32,6,12,阳101H32,5,4,降压主导型,2,3,3,4,4,2,2,2,2,2,2,2,1,3,3,1,2,1,3,2
3a68f96fbfc864,阳101H31,1,4,阳101H31,3,4,降压主导型,2,3,3,4,3,2,2,2,2,6,1,3,3,2,4,1,1,3,4,1
3aa43d2f98776c,阳101H2,2,10,阳101H2,4,4,降压主导型,2,3,3,4,3,2,2,2,2,6,2,3,3,2,1,1,2,1,5,3
3aa6d77e508697,泸203H64,1,11,泸203H64,4,3,迟缓响应持续上升型,1,2,4,1,6,1,1,4,4,4,1,1,2,5,2,2,3,2,1,5
3ab9a7416dc187,阳101H26,,,阳101H26,4,2,早期上升趋缓型,1,1,2,3,5,1,1,1,1,1,1,1,2,1,6,2,3,2,1,4
3abcf3767d6a78,阳101H2,2,22,阳101H2,1,2,早期上升趋缓型,1,2,2,3,5,1,1,1,1,1,1,1,2,1,6,2,3,2,1,4
3ac4ffb8a75a7c,阳101H26,,,阳101H26,1,3,迟缓响应持续上升型,1,1,4,5,1,1,1,1,1,1,1,1,2,5,2,2,3,4,2,6
3acaea1e80e7bf,泸208H1,5,9,泸208H1,4,2,早期上升趋缓型,1,2,2,3,5,1,1,4,5,5,1,1,2,1,6,2,3,2,1,4
3adcae36af1955,阳101H2,2,15,阳101H2,8,3,迟缓响应持续上升型,2,1,4,5,1,1,1,1,1,1,1,3,3,5,2,2,3,4,2,6
3ae99e5c7bb419,阳101H35,3,8,阳101H35,1,4,降压主导型,2,3,3,4,4,2,2,2,2,2,2,2,1,3,3,1,2,1,3,2
3b0e5e1a21a443,泸201H5,3,13,泸201H5,1,1,低幅波动型,2,1,1,2,2,2,3,3,3,3,2,3,3,2,4,1,1,3,5,3
3b178ac817d6f1,阳101H31,,,阳101H31,1,2,早期上升趋缓型,1,2,2,3,5,1,1,4,5,5,1,1,2,1,6,2,3,2,1,4
3b18df97cfbc77,泸203H11,6,5,泸203H11,7,3,迟缓响应持续上升型,1,2,4,1,6,1,1,4,4,4,1,1,2,1,6,2,3,2,1,5
3b1e8a86bb8a60,阳101H35,3,17,阳101H35,1,4,降压主导型,2,3,3,4,3,2,2,2,2,6,2,2,1,3,3,1,2,1,3,2
3b3d7ad126d45e,阳101H31,3,8,阳101H31,2,2,早期上升趋缓型,1,2,2,3,5,1,1,4,4,4,1,1,2,1,6,2,3,2,1,4
3b424fecc72b4e,阳101H32,4,5,阳101H32,5,2,早期上升趋缓型,1,1,2,5,1,1,1,1,1,1,1,1,2,1,6,2,3,2,1,4
3b4e8d305da8a3,阳101H31,1,16,阳101H31,3,2,早期上升趋缓型,1,2,2,3,5,1,1,1,1,1,1,1,2,1,6,2,3,2,1,4
3b5039c9797bcf,泸201H5,4,14,泸201H5,1,1,低幅波动型,2,1,1,2,2,2,3,3,3,3,2,3,3,2,1,1,1,3,5,3
3b516ecffebbb8,阳101H31,7,27,阳101H31,6,2,早期上升趋缓型,1,2,2,3,5,1,1,4,5,5,1,1,2,1,6,2,3,2,1,4
3b6e4647481522,阳101H51,6,1,阳101H51,5,3,迟缓响应持续上升型,1,2,4,1,6,1,1,4,4,4,1,1,2,5,2,2,3,4,2,5
3ba56a9b75e7cc,泸203H64,5,3,泸203H64,1,3,迟缓响应持续上升型,1,2,4,1,6,1,1,4,5,5,1,1,2,1,2,2,3,2,1,5
3bdce133f83913,泸208H2,8,4,泸208H2,7,3,迟缓响应持续上升型,1,2,4,1,6,1,1,4,4,4,1,1,2,5,2,2,3,2,1,5
3bee2037a116d0,阳101H33,2,2,阳101H33,1,3,迟缓响应持续上升型,1,2,4,1,6,1,1,4,4,4,1,1,2,5,2,2,3,4,2,5
3c524d22353020,阳101H35,2,18,阳101H35,4,3,迟缓响应持续上升型,1,1,4,5,1,1,1,1,1,1,1,1,2,5,2,2,3,4,2,6
3c7f5bad275db1,泸206H10,3,12,泸206H10,4,1,低幅波动型,2,1,1,2,4,2,3,3,3,3,2,2,1,3,1,1,2,1,5,3
3c856183ce410b,阳101H2,4,3,阳101H32,2,3,迟缓响应持续上升型,1,2,4,5,1,1,1,1,1,1,1,1,2,5,2,2,3,4,2,6
3cbb7f8c4970c1,阳101H34,3,15,阳101H34,4,2,早期上升趋缓型,1,3,2,3,3,2,2,2,2,6,1,1,2,5,2,2,3,2,1,4
3cc201da65a9c7,泸203H66,,,泸203H66,2,3,迟缓响应持续上升型,1,1,4,5,1,1,1,1,1,1,1,3,3,5,2,2,3,4,2,6
3cc652bcf5c4af,阳101H31,2,2,阳101H31,3,3,迟缓响应持续上升型,1,1,4,5,1,1,1,1,1,1,1,3,3,5,2,2,3,4,2,6
3cefaf4873f89e,阳101H26,,,阳101H26,4,4,降压主导型,2,3,3,4,3,2,2,2,2,6,2,3,3,2,1,1,2,1,5,3
3d0b2e52e7b954,阳101H2,2,22,阳101H2,4,2,早期上升趋缓型,1,2,2,3,5,1,1,4,5,5,1,1,2,1,6,2,3,2,1,4
3d0c11cbf54c37,泸203H76,1,21,泸203H76,3,4,降压主导型,2,3,3,4,4,2,2,2,2,6,2,2,1,3,3,1,2,1,3,2
3d33db1ab61050,阳101H34,2,22,阳101H34,1,3,迟缓响应持续上升型,1,2,4,5,1,1,1,1,1,1,1,1,2,5,2,2,3,4,1,5
3d3a8a325ab09a,阳101H26,,,阳101H26,4,2,早期上升趋缓型,1,2,2,5,1,1,1,1,1,1,1,1,2,1,6,2,3,2,1,4
3d491a7248842a,泸206H8,5,11,泸206H8,7,1,低幅波动型,1,1,1,5,1,1,1,1,1,1,1,1,2,5,2,2,3,4,2,6
3d87616650f5ff,阳101H31,7,20,阳101H31,6,3,迟缓响应持续上升型,1,2,4,1,6,1,1,4,4,4,1,1,2,5,2,2,3,4,2,5
3d89f75850d4c6,阳101H75,6,11,阳101H75,4,3,迟缓响应持续上升型,1,2,4,1,6,1,1,4,4,4,1,1,2,1,6,2,3,2,1,5
3d8a43f8864b02,阳101H35,1,20,阳101H35,2,3,迟缓响应持续上升型,1,2,4,5,1,1,1,1,1,1,1,1,2,1,6,2,3,2,1,4
3d928b1536eda0,阳101H2,5,23,阳101H2,8,3,迟缓响应持续上升型,1,2,4,5,1,1,1,1,1,1,1,1,2,1,6,2,3,2,1,5
3daea777d1d5ee,阳101H2,2,6,阳101H2,6,1,低幅波动型,2,1,1,2,4,2,2,2,2,2,2,2,1,3,1,1,2,1,5,3
3db2beeed2d287,阳101H31,1,17,阳101H31,3,3,迟缓响应持续上升型,1,2,4,5,1,1,1,1,1,1,1,1,2,5,2,2,3,4,2,6
3e1fb34aa91a4e,阳101H51,1,4,阳101H51,2,2,早期上升趋缓型,1,2,2,3,5,1,1,4,5,5,1,1,2,1,6,2,3,2,1,4
3e29f2fc09b0a7,泸203H76,3,15,泸203H76,2,2,早期上升趋缓型,1,2,2,3,5,1,1,1,1,1,1,1,2,1,6,2,3,2,1,4
3e5c70f85fa081,泸201H5,2,22,泸201H5,1,1,低幅波动型,2,1,1,2,2,2,3,3,3,3,2,3,3,2,4,1,1,3,4,1
3e6b1aab5291f8,泸206H8,5,5,泸206H8,7,2,早期上升趋缓型,1,2,2,3,5,1,1,1,1,1,1,1,2,1,6,2,3,2,1,4
3e8b04d83f6c19,阳101H2,4,15,阳101H2,2,3,迟缓响应持续上升型,1,2,4,5,1,1,1,1,1,1,1,1,2,1,6,2,3,2,1,5
3e93fc4eebd6ee,泸206H8,5,3,泸206H8,8,3,迟缓响应持续上升型,1,2,4,5,1,1,1,1,1,1,1,1,2,1,6,2,3,2,1,5
3eb41ba1a46128,阳101H2,2,15,阳101H2,6,1,低幅波动型,2,1,1,2,2,2,3,3,3,3,2,3,3,2,4,1,1,3,4,1
3eb85a30eaa507,阳101H32,6,5,阳101H32,4,1,低幅波动型,2,1,1,2,2,2,3,3,3,3,2,3,3,2,4,1,1,3,4,1
3ebb362c161a5a,阳101H2,4,3,阳101H32,3,1,低幅波动型,2,1,1,2,2,2,3,3,3,3,2,3,3,2,4,1,1,3,4,3
3f193f9fd04070,泸201H5,3,5,泸201H5,4,4,降压主导型,2,3,3,4,4,2,2,2,2,2,2,2,1,3,3,1,2,1,3,2
3f1a8984219799,阳101H2,,,阳101H2,2,1,低幅波动型,2,1,1,2,2,2,2,2,2,2,2,3,3,2,4,1,1,3,4,1
3f3a91e8d82ef8,阳101H2,6,4,阳101H2,3,1,低幅波动型,1,1,1,5,2,1,1,1,1,1,1,1,2,5,2,2,3,4,2,1
3f46d384a23340,阳101H34,3,21,阳101H34,2,3,迟缓响应持续上升型,1,2,4,1,6,1,1,4,4,4,1,1,2,1,6,2,3,2,1,4
3f58f5e1f0185a,泸203H66,1,18,泸203H66,4,4,降压主导型,2,3,3,4,4,2,2,2,2,2,2,2,1,3,3,1,2,1,3,2
3f730dd8f7cc17,阳101H31,,,阳101H31,1,3,迟缓响应持续上升型,1,2,4,1,6,1,1,4,4,4,1,1,2,1,6,2,3,2,1,5
3fea614fceb3f6,阳101H35,1,9,阳101H35,2,2,早期上升趋缓型,1,2,2,3,5,1,1,4,4,4,1,1,2,1,6,2,3,2,1,4
3feab41693bf09,阳101H33,2,7,阳101H33,3,3,迟缓响应持续上升型,1,2,4,1,6,1,1,4,4,4,1,1,2,1,2,2,3,2,1,5
3ff8edcd4fe764,泸208H2,7,3,泸208H2,8,2,早期上升趋缓型,1,2,2,3,5,1,1,4,5,5,1,1,2,1,6,2,3,2,1,4
40085c484995d4,阳101H75,5,6,阳101H75,4,3,迟缓响应持续上升型,1,2,4,1,6,1,1,4,4,4,1,1,2,5,2,2,3,4,2,5
40097c2fc7a30e,阳101H26,,,阳101H26,4,4,降压主导型,2,3,3,4,3,2,2,2,2,6,2,2,1,3,1,1,2,1,3,2
40306b69ad92a0,阳101H33,2,6,阳101H33,3,3,迟缓响应持续上升型,1,2,4,1,6,1,1,4,4,4,1,1,2,5,2,2,3,2,1,5
403100c565e2d5,泸208H2,6,8,泸208H2,7,2,早期上升趋缓型,1,2,2,3,5,1,1,4,5,5,1,3,3,5,4,2,3,2,1,4
4038e0c81ed159,泸206H10,3,12,泸206H10,2,1,低幅波动型,1,1,1,5,1,1,1,1,1,1,1,1,2,5,2,2,3,4,2,6
40571daf7514c8,阳101H2,2,10,阳101H2,5,1,低幅波动型,2,1,1,2,4,2,3,3,3,3,2,2,1,3,1,1,2,1,5,3
4065ac9744f0f2,阳101H35,1,23,阳101H35,3,3,迟缓响应持续上升型,1,1,4,5,1,1,1,1,1,1,1,1,2,5,2,2,3,4,2,6
4066f4fa56bb78,阳101H31,,,阳101H31,1,3,迟缓响应持续上升型,1,2,4,5,1,1,1,1,1,1,1,1,2,5,2,2,3,4,2,6
406d09ac022641,阳101H31,2,4,阳101H25,5,3,迟缓响应持续上升型,1,2,4,5,1,1,1,1,1,1,1,1,2,1,6,2,3,2,1,5
407e233ec9ab7a,阳101H31,5,11,阳101H31,7,2,早期上升趋缓型,1,2,2,3,5,1,1,4,5,5,1,1,2,1,6,2,3,2,1,4
40950e2c560337,泸203H76,1,19,泸203H76,4,1,低幅波动型,2,3,1,2,4,2,3,3,3,3,2,3,3,2,1,1,1,3,5,3
40987312f782b2,泸203H64,4,8,泸203H64,5,3,迟缓响应持续上升型,1,1,4,5,1,1,1,1,1,1,1,1,2,5,2,2,3,4,2,6
40a6ad54b533a0,阳101H32,6,20,阳101H32,7,1,低幅波动型,2,1,1,2,2,2,3,3,3,3,2,3,3,2,4,1,1,3,5,3
40c96d8fa1a4f0,阳101H35,2,5,阳101H35,1,3,迟缓响应持续上升型,1,1,4,5,1,1,1,1,1,1,1,3,3,5,4,2,3,4,2,6
40ce93577695eb,泸203H64,3,7,泸203H64,2,4,降压主导型,2,3,3,4,4,2,2,2,2,2,2,2,1,3,1,1,2,1,3,2
40edf094e9afae,阳101H26,,,阳101H26,3,3,迟缓响应持续上升型,1,2,4,5,1,1,1,1,1,1,1,1,2,5,2,2,3,2,1,5
412b3dd53d5a5e,泸208H1,4,17,泸208H1,5,2,早期上升趋缓型,1,2,2,3,5,1,1,4,5,5,1,1,2,1,6,2,3,2,1,4
4133e5ffc20b3c,阳101H31,,,阳101H31,2,2,早期上升趋缓型,1,2,2,3,5,1,1,4,5,5,1,1,2,1,6,2,3,2,1,4
415b90b7f7dde0,阳101H35,1,2,阳101H35,3,4,降压主导型,2,3,3,4,4,2,2,2,2,2,2,2,1,3,3,1,2,1,3,2
415ef1d4af0117,阳101H2,2,10,阳101H2,6,1,低幅波动型,2,1,1,2,2,2,3,3,3,3,2,3,3,2,4,1,1,3,4,3
4167d471bb9ece,阳101H32,2,9,阳101H32,1,1,低幅波动型,2,1,1,2,2,2,3,3,3,3,2,3,3,2,4,1,1,3,4,3
41774b2542263e,阳101H75,6,7,阳101H75,4,3,迟缓响应持续上升型,1,2,4,1,6,1,1,4,4,4,1,1,2,5,2,2,3,4,2,5
4192501b6a7f1b,泸201H5,3,6,泸201H5,1,1,低幅波动型,2,1,1,2,2,2,3,3,3,3,2,3,3,2,4,1,1,3,4,1
41997f2cb0f44d,泸206H8,4,19,泸206H8,1,3,迟缓响应持续上升型,1,1,4,5,1,1,1,1,1,1,1,1,2,5,2,2,3,4,2,6
41aa346b9a1c50,泸203H64,2,8,泸203H64,3,1,低幅波动型,1,1,1,5,1,1,1,1,1,1,1,1,2,5,2,2,3,4,2,6
41dacfc12b3b34,泸203H76,1,21,泸203H76,4,2,早期上升趋缓型,1,2,2,3,5,1,1,1,1,1,1,1,2,1,6,2,3,2,1,4
41f13828806f3c,阳101H31,5,23,阳101H31,7,3,迟缓响应持续上升型,1,2,4,1,6,1,1,1,1,1,1,1,2,5,2,2,3,4,1,5
4203ec0a8ef59e,泸201H5,3,9,泸201H5,4,1,低幅波动型,2,1,1,5,1,2,2,2,2,2,2,3,3,2,4,1,1,3,4,1
420d63789cadff,阳101H35,3,7,阳101H35,4,1,低幅波动型,2,1,1,2,2,2,3,3,3,3,2,3,3,2,4,1,1,3,4,1
42149c422846bd,阳101H2,4,18,阳101H2,2,4,降压主导型,2,3,3,4,4,2,2,2,2,2,2,2,1,3,3,1,2,1,3,2
424214c7f7d605,阳101H26,,,阳101H26,1,1,低幅波动型,2,1,1,2,2,2,3,3,3,3,2,3,3,2,4,1,1,3,4,1
424701276b77e4,阳101H2,2,9,阳101H2,6,2,早期上升趋缓型,2,3,2,3,3,1,1,4,5,5,1,1,2,1,4,1,1,2,1,4
425ccf061b0b82,阳101H31,1,19,阳101H31,3,3,迟缓响应持续上升型,1,1,4,5,1,1,1,1,1,1,1,1,2,5,2,2,3,4,2,6
4274db635d3067,阳101H26,,,阳101H26,1,1,低幅波动型,2,1,1,2,2,2,3,3,3,3,2,2,1,3,1,1,2,1,5,3
427c6d882be0d4,泸201H5,4,13,泸201H5,3,3,迟缓响应持续上升型,1,2,4,5,1,1,1,1,1,1,1,1,2,5,2,2,3,4,2,6
42840c4d4accc2,泸208H2,1,15,泸208H2,2,2,早期上升趋缓型,1,2,2,3,5,1,1,4,5,5,1,1,2,1,6,2,3,2,1,4
4287f18cd3936d,阳101H26,,,阳101H26,3,1,低幅波动型,2,1,1,2,2,2,3,3,3,3,2,3,3,2,4,1,1,3,4,1
42ed9937c45a84,阳101H25,1,24,阳101H25,3,2,早期上升趋缓型,1,2,2,5,1,1,1,1,1,1,1,1,2,1,6,2,3,2,1,4
43313c5d383c1d,泸208H2,9,9,泸208H2,8,2,早期上升趋缓型,1,2,2,3,5,1,1,4,5,5,1,1,2,1,6,2,3,2,1,4
4350fa8ebd8b21,泸203H66,1,18,泸203H66,3,3,迟缓响应持续上升型,1,2,4,1,6,1,1,1,1,1,1,1,2,5,2,2,3,4,2,5
43694d136d750f,泸208H2,9,12,泸208H2,8,3,迟缓响应持续上升型,1,2,4,1,6,1,1,4,4,4,1,1,2,5,2,2,3,2,1,5
436d9ccf950cf7,阳101H51,2,16,阳101H51,4,3,迟缓响应持续上升型,1,2,4,5,1,1,1,1,1,1,1,1,2,5,2,2,3,4,2,6
437ce3818c71b2,泸208H2,2,12,泸208H2,3,2,早期上升趋缓型,1,2,2,3,5,1,1,4,5,5,1,1,2,1,6,2,3,2,1,4
4399c5bac367ec,阳101H35,3,9,阳101H35,2,2,早期上升趋缓型,1,2,2,3,5,1,1,1,1,1,1,1,2,1,6,2,3,2,1,4
43a188055ebaa4,阳101H51,3,12,阳101H51,4,3,迟缓响应持续上升型,1,2,4,1,6,1,1,4,4,4,1,1,2,1,6,2,3,2,1,5
43b3812d10b5d9,泸201H5,3,16,泸201H5,1,1,低幅波动型,1,1,1,5,1,1,1,1,1,1,1,1,2,1,6,2,3,4,2,6
43be489b98a6d5,阳101H35,3,9,阳101H35,4,1,低幅波动型,2,1,1,2,2,2,3,3,3,3,1,3,3,2,4,1,1,3,4,1
43d1aabd0cfd37,阳101H2,,,阳101H2,2,2,早期上升趋缓型,1,2,2,3,5,1,1,1,1,1,1,1,2,1,6,2,3,2,1,4
43ebbbadd2f73b,泸201H5,1,11,泸201H5,2,3,迟缓响应持续上升型,2,1,4,5,1,1,1,1,1,1,1,1,2,5,2,2,3,4,2,6
4419c63964c15c,泸206H10,3,2,泸206H10,4,2,早期上升趋缓型,1,2,2,3,5,1,1,4,5,5,1,1,2,1,6,2,3,2,1,4
444c2d53436059,泸206H8,5,4,泸206H8,3,1,低幅波动型,2,1,1,2,2,2,3,3,3,3,2,3,3,2,4,1,1,3,4,3
444d5d1259bca2,阳101H51,1,9,阳101H51,2,3,迟缓响应持续上升型,1,2,4,1,1,1,1,1,1,1,1,1,2,1,6,2,3,2,1,5
4455da6ac8f069,阳101H26,,,阳101H26,4,1,低幅波动型,2,1,1,2,2,2,3,3,3,3,2,3,3,2,4,1,1,3,4,1
44708cb31b52ff,阳101H34,3,3,阳101H34,2,2,早期上升趋缓型,1,2,2,3,5,1,1,4,5,5,1,1,2,1,6,2,3,2,1,4
44754145b644f6,阳101H2,,,阳101H2,1,1,低幅波动型,2,1,1,2,2,2,3,3,3,3,2,3,3,2,4,1,1,3,4,3
448645fa04a2e3,阳101H51,2,18,阳101H51,3,3,迟缓响应持续上升型,1,1,4,5,1,1,1,1,1,1,1,1,2,5,2,2,3,4,2,6
44b8e1a1b0f03e,阳101H31,3,12,阳101H31,1,2,早期上升趋缓型,1,2,2,3,5,1,1,4,4,4,1,1,2,1,6,2,3,2,1,4
44beaf82320181,泸206H8,5,4,泸206H8,2,1,低幅波动型,2,1,1,2,2,2,3,3,3,3,2,3,3,2,4,1,1,3,5,3
44c57297836ba5,阳101H35,1,22,阳101H35,3,4,降压主导型,2,3,3,4,4,2,2,2,2,2,2,2,1,3,3,1,2,1,3,2
44cb8328e65581,阳101H26,,,阳101H26,3,3,迟缓响应持续上升型,1,1,4,5,1,1,1,1,1,1,1,1,2,1,6,2,3,2,1,5
44db62b5714126,阳101H32,4,6,阳101H32,6,4,降压主导型,2,3,3,4,3,2,2,2,2,6,2,2,1,3,3,1,2,1,3,2
44fa59338dda84,阳101H31,3,11,阳101H31,4,1,低幅波动型,2,1,1,2,2,2,3,3,3,3,2,3,3,2,4,1,1,3,4,3
4504c38be125f3,阳101H51,2,4,阳101H51,3,2,早期上升趋缓型,1,2,2,3,5,1,1,1,1,1,1,1,2,5,2,2,3,2,1,5
4523def2616b83,阳101H26,,,阳101H26,3,3,迟缓响应持续上升型,1,2,4,1,6,1,1,4,4,4,1,1,2,5,2,2,3,2,1,5
453b4b3c1da95f,泸206H8,4,18,泸206H8,7,1,低幅波动型,2,1,1,2,2,2,3,3,3,3,2,3,3,2,1,1,1,3,5,3
453df0d91b6456,阳101H35,2,6,阳101H35,1,3,迟缓响应持续上升型,1,2,4,5,1,1,1,1,1,1,1,1,2,5,2,2,3,4,2,6
453f399df82ddc,泸208H2,2,13,泸208H2,1,2,早期上升趋缓型,1,2,2,3,5,1,1,4,5,5,1,1,2,1,6,2,3,2,1,4
45515238b8292a,阳101H31,1,8,阳101H31,3,2,早期上升趋缓型,1,2,2,3,5,1,1,4,5,5,1,1,2,1,6,2,3,2,1,4
456d3cd79dfaa0,泸201H5,1,17,泸201H5,3,1,低幅波动型,2,1,1,2,2,2,3,3,3,3,2,3,3,2,4,1,1,3,4,1
4584963975611d,阳101H31,7,18,阳101H31,5,3,迟缓响应持续上升型,1,2,4,3,1,1,1,4,4,4,1,1,2,5,2,2,3,2,1,5
458b97da85e8c5,阳101H31,7,19,阳101H31,5,2,早期上升趋缓型,1,2,2,3,5,1,1,1,1,1,1,1,2,1,6,2,3,2,1,4
458cba35d01815,泸203H66,3,25,泸203H66,2,2,早期上升趋缓型,1,2,2,3,5,1,1,4,5,5,1,1,2,1,6,2,3,2,1,4
4599832292995c,泸203H64,5,3,泸203H64,3,3,迟缓响应持续上升型,1,1,4,5,1,1,1,1,1,1,1,1,2,1,6,2,3,4,2,6
45a0d21604d5df,阳101H31,7,24,阳101H31,5,3,迟缓响应持续上升型,1,2,4,5,1,1,1,1,1,1,1,1,2,1,6,2,3,2,1,5
45caa9f963a664,泸203H64,3,11,泸203H64,1,1,低幅波动型,2,1,1,5,1,2,2,2,2,2,2,3,3,2,4,1,1,3,4,1
45d1e787889bdd,泸206H8,4,18,泸206H8,8,1,低幅波动型,2,1,1,2,2,2,2,2,2,2,2,3,3,2,4,1,1,3,4,1
45d8ee941388f7,阳101H51,1,8,阳101H51,3,3,迟缓响应持续上升型,1,2,4,5,1,1,1,1,1,1,1,1,2,1,6,2,3,2,1,5
45dd2de67edce5,阳101H35,2,19,阳101H35,4,1,低幅波动型,1,1,1,5,1,2,3,3,3,3,1,1,2,5,2,2,3,4,2,1
45f5077701b03a,泸208H2,1,5,泸208H2,2,2,早期上升趋缓型,1,2,2,3,5,1,1,4,5,5,1,1,2,1,6,2,3,2,1,4
45fb20fcb8887c,泸201H5,3,17,泸201H5,4,2,早期上升趋缓型,1,2,2,3,5,1,1,4,5,5,1,1,2,5,2,2,3,2,1,4
4600a49e6fc6db,泸201H5,1,9,泸201H5,3,1,低幅波动型,2,1,1,2,2,2,3,3,3,3,2,3,3,2,4,1,1,3,4,1
4603885dd27596,阳101H32,5,23,阳101H32,2,4,降压主导型,2,3,3,4,3,2,2,2,2,6,2,2,1,3,3,1,2,1,3,2
461605d379cd23,泸203H76,3,8,泸203H76,4,3,迟缓响应持续上升型,1,2,4,5,1,1,1,1,1,1,1,1,2,5,2,2,3,4,2,6
4631b145530760,泸208H2,9,13,泸208H2,10,3,迟缓响应持续上升型,1,2,4,1,6,1,1,1,1,1,1,1,2,5,2,2,3,4,2,5
4650ab430399fe,阳101H26,,,阳101H26,3,4,降压主导型,2,3,3,4,3,2,2,2,2,6,2,2,1,3,3,1,2,1,3,2
466a7e6ba86a5d,阳101H31,3,3,阳101H31,6,1,低幅波动型,2,1,1,2,2,2,3,3,3,3,2,3,3,2,1,1,1,3,5,3
466aba89b68ff4,泸203H64,5,2,泸203H58,1,1,低幅波动型,2,1,1,2,2,1,1,1,1,1,1,1,2,1,6,2,3,2,1,1
46a656398e8198,泸206H8,4,2,泸206H8,5,4,降压主导型,2,3,3,4,4,2,2,2,2,2,2,2,1,3,3,1,2,1,3,2
46a8b9726e00b2,泸201H5,2,24,泸201H5,3,1,低幅波动型,2,1,1,2,2,2,3,3,3,3,2,3,3,2,4,1,1,3,4,1
46b08860fa7b4e,泸203H66,1,16,泸203H66,3,4,降压主导型,2,3,3,4,4,2,2,2,2,2,2,2,1,3,3,1,2,1,3,2
46c6293b5c6d82,阳101H2,4,18,阳101H2,1,3,迟缓响应持续上升型,1,2,4,5,1,1,1,1,1,1,1,1,2,5,2,2,3,4,2,6
46d68350c5b0d6,阳101H26,,,阳101H26,4,1,低幅波动型,2,1,1,2,2,2,3,3,3,3,1,3,3,2,4,1,1,3,4,1
46f9c5c6b10789,阳101H34,3,14,阳101H34,4,2,早期上升趋缓型,1,2,2,3,5,1,1,4,5,5,1,1,2,1,6,2,3,2,1,4
46fc4c1f905276,泸206H8,4,21,泸206H8,7,4,降压主导型,2,3,3,4,4,2,2,2,2,2,2,2,1,3,1,1,2,1,3,2
471b6a4ada2923,泸203H76,3,16,泸203H76,2,4,降压主导型,2,3,3,4,4,2,2,2,2,2,2,2,1,3,3,1,2,1,3,2
47278024ed081f,泸201H5,4,24,泸201H5,3,3,迟缓响应持续上升型,1,2,4,1,6,1,1,1,1,1,1,1,2,1,6,2,3,2,1,5
472b9c36d68c62,泸201H5,1,4,泸201H5,4,1,低幅波动型,2,1,1,2,2,2,3,3,3,3,2,3,3,2,4,1,1,3,4,1
472fa4f7c7e35a,阳101H35,2,18,阳101H35,1,3,迟缓响应持续上升型,1,1,4,5,1,1,1,1,1,1,1,1,2,5,2,2,3,4,2,6
4739e684861ce2,阳101H37,5,28,阳101H37,4,3,迟缓响应持续上升型,1,2,4,1,6,1,1,1,1,1,1,1,2,1,6,2,3,2,1,5
4762ff6c68f76c,阳101H32,6,9,阳101H32,4,4,降压主导型,2,3,3,4,4,2,2,2,2,2,2,3,3,2,1,1,2,1,5,2
4779a893fed0ed,泸206H8,5,3,泸206H8,1,1,低幅波动型,2,1,1,2,4,2,3,3,3,3,2,3,3,2,1,1,1,3,5,3
477e0c311a5d26,泸203H66,2,23,泸203H66,3,3,迟缓响应持续上升型,1,2,4,1,6,1,1,4,4,4,1,1,2,1,6,2,3,2,1,5
478b02f4d0ef8a,阳101H2,,,阳101H2,5,1,低幅波动型,2,1,1,2,2,2,3,3,3,3,2,3,3,2,4,1,1,3,4,1
47bf973a93e986,泸203H9,2,25,泸203H9,1,3,迟缓响应持续上升型,1,2,4,1,6,1,1,4,4,4,1,1,2,5,2,2,3,4,2,6
47cd4741a3b375,泸203H66,1,8,泸203H66,3,2,早期上升趋缓型,1,2,2,3,5,1,1,4,5,5,1,1,2,1,6,2,3,2,1,4
47de5060f86379,阳101H2,,,阳101H2,3,1,低幅波动型,2,1,1,2,2,2,3,3,3,3,2,3,3,2,4,1,1,3,4,3
47e88900427264,阳101H35,2,1,阳101H35,4,1,低幅波动型,2,1,1,2,2,2,3,3,3,3,2,3,3,2,4,1,1,3,4,3
47fab25f488178,阳101H31,3,12,阳101H31,7,1,低幅波动型,2,1,1,2,2,2,3,3,3,3,2,3,3,2,4,1,1,3,4,1
4806e8f85ae9da,阳101H35,2,6,阳101H35,3,3,迟缓响应持续上升型,1,2,4,1,6,1,1,1,1,1,1,1,2,5,2,2,3,4,1,5
480b6b035df8b5,阳101H32,4,17,阳101H32,5,4,降压主导型,2,3,3,4,4,2,2,2,2,2,2,2,1,3,3,1,2,1,3,2
48122bc79bc841,阳101H35,,,阳101H35,1,2,早期上升趋缓型,1,2,2,1,6,2,2,2,2,6,1,1,2,5,2,2,3,4,2,5
481abd45fbb6e9,阳101H2,,,阳101H2,2,3,迟缓响应持续上升型,1,2,4,5,1,1,1,1,1,1,1,1,2,5,2,2,3,4,2,6
4826f867967b99,泸208H2,8,13,泸208H2,7,3,迟缓响应持续上升型,1,1,4,5,1,1,1,1,1,1,1,1,2,5,2,2,3,4,2,6
4829766de59363,泸203H66,,,泸203H66,2,2,早期上升趋缓型,1,2,2,1,6,1,1,4,4,4,1,1,2,1,6,2,3,2,1,5
482bfc279a7cce,阳101H34,3,25,阳101H34,2,3,迟缓响应持续上升型,1,2,4,5,1,1,1,1,1,1,1,1,2,5,2,2,3,4,2,6
487524a08a9709,阳101H31,3,8,阳101H31,6,1,低幅波动型,2,1,1,2,2,2,3,3,3,3,2,3,3,2,1,1,1,3,5,3
48787d3e379b35,阳101H33,4,3,阳101H33,3,3,迟缓响应持续上升型,1,2,4,1,6,1,1,4,4,4,1,1,2,5,2,2,3,4,2,5
4882a814449645,泸203H76,4,7,泸203H76,3,2,早期上升趋缓型,1,2,2,3,5,1,1,4,5,5,1,1,2,1,6,2,3,2,1,4
48a6c3981a6853,阳101H32,6,5,阳101H32,2,3,迟缓响应持续上升型,1,2,4,5,1,1,1,1,1,1,1,1,2,5,2,2,3,4,2,6
48ec4487eabd44,泸206H8,5,13,泸206H8,3,1,低幅波动型,2,1,1,2,2,1,1,1,1,1,1,3,3,2,4,1,1,3,4,1
48fb18f7deb1a5,泸203H64,4,7,泸203H64,3,3,迟缓响应持续上升型,1,2,4,1,6,1,1,4,4,4,1,1,2,1,6,2,3,2,1,5
490ba78f484bd8,泸208H1,4,1,泸208H1,3,3,迟缓响应持续上升型,1,2,4,1,6,1,1,1,1,1,2,3,3,2,4,2,1,4,2,6
49111a216d79c2,阳101H34,2,10,阳101H34,3,2,早期上升趋缓型,1,2,2,3,5,1,1,1,1,1,1,1,2,1,6,2,3,2,1,4
49296c1bccb738,阳101H35,2,8,阳101H35,1,3,迟缓响应持续上升型,1,2,4,5,1,1,1,1,1,1,1,1,2,5,2,2,3,4,2,6
492bd946a159b1,泸201H5,2,19,泸201H5,4,1,低幅波动型,2,1,1,2,2,2,3,3,3,3,2,3,3,2,1,1,1,3,5,3
493165f436e777,泸203H64,1,19,泸203H64,3,1,低幅波动型,2,1,1,5,1,1,1,1,1,1,2,3,3,2,4,1,1,4,2,6
4933bfcd27e8d9,阳101H31,3,5,阳101H31,5,1,低幅波动型,2,1,1,2,2,2,3,3,3,3,2,3,3,2,1,1,1,3,5,3
493ae76710867e,泸206H8,5,6,泸206H8,7,1,低幅波动型,2,3,1,2,4,2,3,3,3,3,2,2,1,2,1,1,2,1,5,3
494784e6d3e0b7,阳101H32,6,6,阳101H32,2,1,低幅波动型,2,1,1,2,2,2,3,3,3,3,2,3,3,2,1,1,1,3,5,3
4978fa9c55f6b9,阳101H2,,,阳101H2,5,4,降压主导型,2,3,3,4,3,2,2,2,2,6,2,2,1,3,3,1,2,1,3,2
49826c0c1be83f,阳101H32,2,16,阳101H32,7,1,低幅波动型,2,1,1,2,2,2,3,3,3,3,2,3,3,2,4,1,1,3,4,3
49cb30f7213982,泸203H76,3,8,泸203H76,2,3,迟缓响应持续上升型,1,2,4,5,1,1,1,1,1,1,1,1,2,5,2,2,3,4,2,5
49e27c1230a828,泸203H64,4,4,泸203H64,1,1,低幅波动型,2,1,1,2,2,2,3,3,3,3,2,3,3,2,4,1,1,3,4,1
49f44136800860,阳101H32,2,14,阳101H32,5,4,降压主导型,2,3,3,4,4,2,2,2,2,2,2,2,1,3,3,1,2,1,3,2
49f6dbf680372a,阳101H2,322,3,阳101H2,8,2,早期上升趋缓型,1,2,2,3,5,1,1,1,1,1,1,1,2,1,6,2,3,2,1,4
4a45b854e90155,阳101H2,2,3,阳101H2,4,4,降压主导型,2,3,3,4,4,2,3,3,3,3,2,2,1,3,1,1,2,1,5,2
4a46ec6115d48e,阳101H26,,,阳101H26,3,1,低幅波动型,2,1,1,2,2,2,3,3,3,3,2,3,3,2,4,1,1,3,4,3
4a57e38b2be911,泸203H9,3,26,泸203H9,2,3,迟缓响应持续上升型,1,2,4,1,6,1,1,4,4,4,1,1,2,1,6,2,3,2,1,5
4a620aa02416fa,泸203H66,2,23,泸203H66,1,3,迟缓响应持续上升型,1,2,4,1,6,1,1,4,4,4,1,1,2,5,2,2,3,2,1,5
4a628621f690dc,泸201H5,2,10,泸201H5,4,4,降压主导型,2,3,3,4,4,2,2,2,2,2,2,2,1,3,3,1,2,1,3,2
4a88cb1457025e,阳101H2,,,阳101H2,1,3,迟缓响应持续上升型,1,2,4,5,1,1,1,1,1,1,1,1,2,1,6,2,3,2,1,5
4ab3b22f1fce58,阳101H31,2,3,阳101H31,3,3,迟缓响应持续上升型,1,2,4,1,6,1,1,1,1,1,1,1,2,5,2,2,3,4,2,5
4ac9c72b3446ed,泸203H64,5,6,泸203H64,3,3,迟缓响应持续上升型,1,2,4,1,6,1,1,4,4,4,1,1,2,5,2,2,3,4,2,5
4add6127a73f9f,泸203H64,4,2,泸203H64,5,4,降压主导型,2,3,3,4,3,2,2,2,2,6,2,2,1,3,3,1,2,1,3,2
4ae367e596b0a6,阳101H31,,,阳101H31,1,2,早期上升趋缓型,1,2,2,3,5,2,2,2,2,6,1,1,2,5,2,2,3,4,2,5
4ae4fb614dc242,泸203H76,1,16,泸203H76,4,1,低幅波动型,2,3,1,2,4,2,3,3,3,3,2,3,3,2,1,1,2,1,5,3
4ae982342c42a0,泸206H10,3,5,泸206H10,2,3,迟缓响应持续上升型,1,2,4,5,1,1,1,1,1,1,1,1,2,5,2,2,3,4,2,6
4aef725b676b4d,阳101H2,,,阳101H2,6,1,低幅波动型,2,1,1,2,2,2,3,3,3,3,2,3,3,2,4,1,1,3,4,3
4af7e143ab0055,泸203H66,2,24,泸203H66,1,2,早期上升趋缓型,1,2,2,3,5,1,1,4,5,5,1,1,2,1,6,2,3,2,1,4
4b12b84f1d7be3,阳101H31,3,4,阳101H31,5,1,低幅波动型,2,1,1,2,2,2,3,3,3,3,2,3,3,2,4,1,1,3,4,1
4b45586405f03c,阳101H32,4,20,阳101H32,5,4,降压主导型,2,3,3,4,4,2,2,2,2,2,2,2,1,3,3,1,2,1,3,2
4b4e091a606301,泸208H2,10,9,泸208H2,9,3,迟缓响应持续上升型,1,2,4,5,1,1,1,1,1,1,1,1,2,5,2,2,3,4,2,5
4b8fcd45d21991,阳101H31,3,16,阳101H31,6,1,低幅波动型,2,1,1,2,2,2,3,3,3,3,2,3,3,2,4,1,1,3,4,1
4bb0a1760e5611,阳101H34,4,18,阳101H34,3,3,迟缓响应持续上升型,1,2,4,5,1,1,1,1,1,1,1,1,2,5,2,2,3,4,2,5
4bc04bade68f4f,阳101H2,4,8,阳101H2,6,2,早期上升趋缓型,1,2,2,3,5,1,1,4,5,5,1,1,2,1,6,2,3,2,1,4
4bcc85fd501732,泸201H5,3,20,泸201H5,1,1,低幅波动型,2,1,1,2,2,2,3,3,3,3,2,3,3,2,1,1,1,3,5,3
4bd702071e8892,泸203H64,2,4,泸203H64,3,1,低幅波动型,2,1,1,2,2,2,3,3,3,3,2,3,3,2,4,1,1,3,4,1
4bdf87159a63cb,阳101H35,2,3,阳101H35,4,1,低幅波动型,2,1,1,2,2,2,3,3,3,3,2,3,3,2,4,1,1,3,4,1
4c256282b2a506,泸203H66,1,19,泸203H66,sensor:No05,2,早期上升趋缓型,1,2,2,3,5,1,1,4,5,5,1,1,2,1,6,2,3,2,1,4
4c286394433479,泸201H5,2,4,泸201H5,3,1,低幅波动型,2,1,1,2,2,2,3,3,3,3,2,3,3,2,4,1,1,3,4,1
4c3a8ffba737d0,泸208H1,2,15,泸208H2,5,3,迟缓响应持续上升型,1,2,4,5,1,1,1,1,1,1,1,1,2,1,6,2,3,2,1,5
4c42f0fcc6f7a0,阳101H31,1,8,阳101H31,2,2,早期上升趋缓型,1,2,2,3,5,1,1,4,5,5,1,1,2,1,6,2,3,2,1,4
4c4e8a3e79088a,泸208H2,9,18,泸208H2,10,3,迟缓响应持续上升型,1,2,4,1,6,1,1,4,4,4,1,1,2,5,2,2,3,4,2,5
4c64939859d8ca,泸203H76,3,13,泸203H76,2,1,低幅波动型,2,1,1,2,2,2,2,2,2,2,2,3,3,2,4,1,1,3,4,1
4c85b715e20c68,阳101H34,4,4,阳101H34,3,3,迟缓响应持续上升型,1,2,4,5,1,1,1,1,1,1,1,1,2,5,2,2,3,4,2,6
4ca4c15d9c8953,阳101H31,,,阳101H31,3,3,迟缓响应持续上升型,1,2,4,5,1,1,1,1,1,1,1,1,2,5,2,2,3,4,2,5
4ca6da4047a6dd,阳101H2,5,23,阳101H2,6,2,早期上升趋缓型,1,2,2,3,5,1,1,1,1,1,1,1,2,1,6,2,3,2,1,4
4ccf5aa55da573,阳101H51,2,19,阳101H51,4,4,降压主导型,2,3,3,4,4,2,2,2,2,2,2,2,1,3,1,1,1,3,5,3
4ce61856ead5b8,泸203H8,2,1,泸203H8,3,3,迟缓响应持续上升型,1,2,4,1,6,1,1,4,4,4,1,3,3,5,2,2,3,4,2,6
4cf7738d4e7e48,阳101H32,6,6,阳101H32,4,3,迟缓响应持续上升型,1,2,4,5,1,1,1,1,1,1,1,1,2,5,2,2,3,4,2,6
4d0d557cd091ec,泸206H10,4,8,泸206H10,2,3,迟缓响应持续上升型,1,1,4,5,1,1,1,1,1,1,1,1,2,5,2,2,3,4,2,6
4d174876f451a8,泸206H8,2,21,泸206H8,1,2,早期上升趋缓型,1,2,2,3,5,1,1,4,5,5,1,1,2,1,6,2,3,2,1,4
4d2e4767b64058,阳101H35,1,15,阳101H35,3,4,降压主导型,2,3,3,4,4,2,2,2,2,2,2,2,1,3,3,1,2,1,3,2
4d33eb2a515346,泸201H5,4,1,泸201H5,2,1,低幅波动型,2,1,1,2,2,2,3,3,3,3,2,3,3,2,4,1,1,3,4,3
4d4ae941028765,阳101H75,6,8,阳101H75,5,2,早期上升趋缓型,1,2,2,1,6,1,1,4,4,4,1,1,2,1,6,2,3,2,1,5
4d653ab4772b0c,泸208H2,7,8,泸208H2,8,3,迟缓响应持续上升型,1,1,4,5,1,1,1,1,1,1,2,3,3,2,4,1,1,4,2,6
4d6996f6fad3ae,泸201H5,3,9,泸201H5,1,1,低幅波动型,2,1,1,2,2,2,3,3,3,3,2,3,3,2,4,1,1,3,4,1
4d77592e255fef,阳101H2,4,15,阳101H2,1,1,低幅波动型,2,1,1,5,1,2,2,2,2,2,2,3,3,2,4,1,1,3,4,1
4d9db36dfc0f87,泸206H8,5,3,泸206H8,7,1,低幅波动型,2,1,1,2,2,2,2,2,2,2,2,3,3,2,1,1,1,3,4,3
4da951fdd6b297,阳101H2,,,阳101H32,4,2,早期上升趋缓型,1,2,2,3,5,1,1,4,5,5,1,1,2,1,6,2,3,2,1,4
4db002daf878d4,阳101H34,5,5,阳101H34,6,3,迟缓响应持续上升型,1,2,4,1,6,1,1,4,4,4,1,1,2,1,6,2,3,2,1,5
4dc6a2af9503a8,阳101H31,,,阳101H31,3,3,迟缓响应持续上升型,1,2,4,5,1,1,1,1,1,1,1,1,2,5,2,2,3,4,2,6
4dc7aa0e9900fa,阳101H26,,,阳101H26,1,1,低幅波动型,2,1,1,2,2,2,3,3,3,3,2,3,3,2,1,1,1,3,5,3
4e00a5452ea1bd,泸203H153,5,18,泸203H153,6,2,早期上升趋缓型,1,2,2,3,5,1,1,4,5,5,1,1,2,1,6,2,3,2,1,4
4e03ec4247522f,阳101H2,,,阳101H2,1,3,迟缓响应持续上升型,1,2,4,5,1,1,1,1,1,1,1,1,2,5,2,2,3,2,1,5
4e0729e2f2848b,阳101H31,2,11,阳101H31,3,2,早期上升趋缓型,1,2,2,3,5,1,1,4,5,5,1,1,2,1,6,2,3,2,1,4
4e28d0f19bf47b,泸206H8,2,21,泸206H8,7,1,低幅波动型,2,1,1,2,2,2,3,3,3,3,2,3,3,2,4,1,1,3,4,3
4e2d6b07ce4673,阳101H31,3,6,阳101H31,5,4,降压主导型,2,3,3,4,4,2,2,2,2,2,2,2,1,3,3,1,2,1,3,2
4e31fb8f5db60d,泸201H5,4,4,泸201H5,1,1,低幅波动型,2,1,1,2,2,2,3,3,3,3,1,1,2,5,2,2,1,4,4,1
4e399f812c7649,泸203H153,5,20,泸203H153,6,2,早期上升趋缓型,1,2,2,3,5,1,1,4,5,5,1,1,2,1,6,2,3,2,1,4
4e3ef8d9132c4a,阳101H2,2,6,阳101H2,5,4,降压主导型,2,3,3,4,4,2,2,2,2,2,2,2,1,3,1,1,2,1,5,3
4e42ed3eb29717,阳101H35,1,7,阳101H35,3,1,低幅波动型,2,1,1,2,2,2,3,3,3,3,2,3,3,2,4,1,1,3,4,1
4e4c46304ee3a4,泸203H64,1,15,泸203H64,2,1,低幅波动型,2,3,1,2,4,2,3,3,3,3,2,2,1,2,1,1,1,3,5,3
4e5b2c24cfda01,阳101H2,4,6,阳101H2,5,3,迟缓响应持续上升型,1,2,4,5,1,1,1,1,1,1,1,1,2,1,6,2,3,2,1,4
4e69c0a87e6b17,泸206H8,3,20,泸206H8,5,1,低幅波动型,2,1,1,2,2,2,3,3,3,3,2,3,3,2,4,1,1,3,4,3
4ea274c3b8dfe2,阳101H35,3,2,阳101H35,1,4,降压主导型,2,3,3,4,3,2,2,2,2,2,2,2,1,3,3,1,2,1,3,2
4eaec4c491a7f9,泸203H64,5,6,泸203H64,2,1,低幅波动型,2,1,1,2,2,2,3,3,3,3,1,3,3,2,4,1,1,3,4,1
4eb5eeb6fbabf8,阳101H2,114,18,阳101H2,8,3,迟缓响应持续上升型,1,1,4,5,1,1,1,1,1,1,1,1,2,5,2,2,3,4,2,6
4ed0c2fb5c6a15,泸203H153,6,2,泸203H153,5,2,早期上升趋缓型,1,2,2,3,5,1,1,1,1,1,1,1,2,1,6,2,3,2,1,4
4ee09bf021be22,阳101H35,3,4,阳101H35,1,4,降压主导型,2,3,3,4,4,2,2,2,2,2,2,2,1,3,3,1,2,1,3,2
4ee3ba262c361d,阳101H2,6,20,阳101H2,8,3,迟缓响应持续上升型,1,2,4,1,6,1,1,1,1,1,1,1,2,5,2,2,3,4,2,5
4f03a971ee9611,阳101H34,6,9,阳101H34,5,2,早期上升趋缓型,1,2,2,3,5,1,1,1,1,1,1,1,2,1,6,2,3,2,1,4
4f25e315ee9927,阳101H31,3,14,阳101H31,4,1,低幅波动型,2,3,1,2,4,2,3,3,3,3,2,2,1,2,1,1,2,1,5,3
4f2b16758e2b6d,阳101H25,1,20,阳101H25,2,4,降压主导型,2,3,3,4,4,2,2,2,2,2,2,2,1,3,3,1,2,1,3,2
4f38a76424e4dd,泸208H2,8,9,泸208H2,7,3,迟缓响应持续上升型,1,2,4,5,1,1,1,1,1,1,1,1,2,5,2,2,3,4,2,6
4f3db73ea6af05,阳101H26,,,阳101H26,2,1,低幅波动型,2,1,1,2,2,2,3,3,3,3,2,3,3,2,4,1,1,3,4,1
4f3ec435fe0e22,阳101H32,4,5,阳101H32,1,1,低幅波动型,2,1,1,2,2,2,3,3,3,3,2,3,3,2,4,1,1,3,4,1
4f5a61c9c64927,泸208H2,10,8,泸208H2,9,3,迟缓响应持续上升型,1,2,4,1,6,1,1,4,4,4,1,1,2,5,2,2,3,4,2,5
4f5d5a4d06a674,泸203H64,3,10,泸203H64,1,3,迟缓响应持续上升型,1,2,4,1,6,1,1,4,4,4,1,1,2,5,2,2,3,4,2,6
4f6c0355a9f1cd,阳101H51,2,1,阳101H51,1,3,迟缓响应持续上升型,1,2,4,1,6,1,1,4,4,4,1,1,2,5,2,2,3,4,2,5
4fe8da9e08ad85,泸208H2,9,4,泸208H2,10,3,迟缓响应持续上升型,1,2,4,1,6,1,1,1,1,1,1,1,2,5,2,2,3,4,2,5
4ffc44f1c5661f,泸203H66,,,泸203H66,sensor:压力（MPa）,3,迟缓响应持续上升型,1,2,4,1,6,1,1,4,4,4,1,1,2,5,2,2,3,4,2,5
501f214dcb8984,阳101H2,2,12,阳101H2,5,1,低幅波动型,2,3,1,2,4,2,3,3,3,3,2,2,1,3,3,1,2,1,5,2
5025e28cc550e0,泸201H5,4,3,泸201H5,3,3,迟缓响应持续上升型,1,2,4,1,6,1,1,4,4,4,1,1,2,1,6,2,3,2,1,5
5029f762ff2367,泸203H153,5,2,泸203H153,6,1,低幅波动型,2,1,1,2,4,2,2,2,2,2,2,2,1,3,1,1,2,1,5,3
50420278ae7472,泸208H2,7,18,泸208H2,6,3,迟缓响应持续上升型,1,2,4,5,1,1,1,1,1,1,1,1,2,5,2,2,3,4,2,6
504c43ef80725d,泸203H76,4,16,泸203H76,2,4,降压主导型,2,3,3,4,3,2,2,2,2,6,2,2,1,3,3,1,2,1,3,2
50500ad58f8118,阳101H31,5,21,阳101H31,7,2,早期上升趋缓型,1,2,2,3,5,1,1,4,5,5,1,1,2,1,6,2,3,2,1,4
50630fca270754,泸206H8,2,18,泸206H8,3,3,迟缓响应持续上升型,1,2,4,5,1,1,1,1,1,1,1,1,2,1,6,2,3,2,1,5
507731e2b8632f,阳101H35,3,22,阳101H35,sensor:压力,3,迟缓响应持续上升型,1,1,4,5,1,1,1,1,1,1,1,1,2,5,2,2,3,4,2,6
507b6e97b30f9d,阳101H34,3,10,阳101H34,4,3,迟缓响应持续上升型,1,2,4,5,1,1,1,1,1,1,1,1,2,5,2,2,3,4,2,5
50c44f0dc217b7,阳101H32,4,19,阳101H32,3,1,低幅波动型,2,1,1,2,2,2,3,3,3,3,2,3,3,2,4,1,1,3,4,3
50f0f5eaee31bf,阳101H31,3,9,阳101H31,7,1,低幅波动型,2,1,1,2,2,2,3,3,3,3,2,3,3,2,4,1,1,3,4,1
5107e63b933958,泸206H8,4,3,泸206H8,1,1,低幅波动型,2,1,1,2,2,2,3,3,3,3,2,3,3,2,4,1,1,3,4,3
510babe55781f4,阳101H51,4,7,阳101H51,2,3,迟缓响应持续上升型,1,1,4,5,1,1,1,1,1,1,1,3,2,5,2,2,3,4,2,6
5117fdf5e3bc89,阳101H34,4,10,阳101H34,3,3,迟缓响应持续上升型,1,2,4,5,1,1,1,1,1,1,1,1,2,5,2,2,3,4,2,6
511bab1f318293,泸203H76,3,17,泸203H76,2,3,迟缓响应持续上升型,1,2,4,1,1,1,1,1,1,1,1,1,2,5,2,2,3,4,2,5
5136970d12e8d3,阳101H35,3,1,阳101H35,1,4,降压主导型,2,3,3,4,3,2,2,2,2,6,2,2,1,3,3,1,2,1,3,2
5138d2a66cd18a,泸203H64,2,8,泸203H64,4,3,迟缓响应持续上升型,1,2,4,5,1,1,1,1,1,1,1,1,2,5,2,2,3,4,2,6
513faab44f3335,阳101H34,4,4,阳101H34,2,3,迟缓响应持续上升型,1,2,4,5,1,1,1,1,1,1,1,1,2,5,2,2,3,4,2,6
514a39087f897a,阳101H31,1,13,阳101H31,2,2,早期上升趋缓型,1,2,2,3,5,1,1,4,5,5,1,1,2,1,6,2,3,2,1,4
5179a57eb0bd01,阳101H32,6,10,阳101H32,5,4,降压主导型,2,3,3,2,4,2,2,2,2,2,2,2,1,3,3,1,2,1,3,2
5186a090a78d17,泸201H5,3,17,泸201H5,4,2,早期上升趋缓型,1,2,2,1,6,2,2,2,2,6,1,1,2,1,6,2,3,2,1,4
5186b2f7e14163,阳101H2,,,阳101H2,1,4,降压主导型,2,3,3,4,3,2,2,2,2,2,2,2,1,3,3,1,2,1,3,2
521abc1ea74834,泸206H8,5,14,泸206H8,6,4,降压主导型,2,3,3,4,4,2,3,3,3,3,2,3,3,2,4,1,1,3,4,3
521f045e719130,泸206H8,4,19,泸206H8,7,1,低幅波动型,2,1,1,2,2,2,3,3,3,3,2,3,3,2,4,1,1,3,5,3
52291f7f657b3b,泸206H8,4,21,泸206H8,2,3,迟缓响应持续上升型,1,2,4,5,1,1,1,1,1,1,1,1,2,5,2,2,3,4,2,6
5233a755278ab9,阳101H31,3,9,阳101H31,4,1,低幅波动型,2,1,1,2,4,2,3,3,3,3,2,3,3,2,1,1,1,3,5,3
5237c4a67882e5,泸201H5,4,21,泸201H5,3,3,迟缓响应持续上升型,1,2,4,5,1,1,1,1,1,1,1,1,2,5,2,2,3,4,2,5
523b13fe7ee8c8,泸201H5,4,7,泸201H5,1,1,低幅波动型,1,1,1,2,2,1,1,1,1,1,1,1,2,1,6,2,3,4,2,1
526bef71ea11f8,阳101H26,,,阳101H26,1,1,低幅波动型,2,1,1,2,2,2,3,3,3,3,2,3,3,2,1,1,1,3,5,3
526c1032d4eae0,阳101H51,2,17,阳101H51,4,3,迟缓响应持续上升型,1,2,4,5,1,1,1,1,1,1,1,1,2,5,2,2,3,4,2,6
52730f2760943f,阳101H2,2,6,阳101H2,1,3,迟缓响应持续上升型,1,2,4,5,1,1,1,1,1,1,1,1,2,1,6,2,3,2,1,4
5280e76d495a8a,泸208H2,2,9,泸208H2,3,3,迟缓响应持续上升型,1,2,4,1,6,1,1,1,1,1,1,1,2,1,6,2,3,2,1,5
5288ef95efe2f2,阳101H31,,,阳101H31,3,3,迟缓响应持续上升型,1,2,4,3,5,1,1,4,4,4,1,1,2,1,6,2,3,2,1,4
5297b89fde6593,泸203H91,,,泸203H91,4,3,迟缓响应持续上升型,1,2,4,5,1,1,1,1,1,1,1,1,2,1,6,2,3,2,1,5
52b72c84321208,阳101H35,2,17,阳101H35,4,1,低幅波动型,2,1,1,2,2,2,3,3,3,3,2,3,3,2,1,1,1,3,5,3
52bd155da5c5d5,阳101H2,2,9,阳101H2,5,1,低幅波动型,2,3,1,2,4,2,3,3,3,3,2,3,3,2,1,1,1,3,5,3
52cd60e282b5f9,泸201H5,1,12,泸201H5,2,4,降压主导型,2,3,3,4,3,2,2,2,2,6,2,2,1,3,3,1,2,1,3,2
52d0501d00cc6c,泸201H5,2,19,泸201H5,1,4,降压主导型,2,3,3,4,4,2,2,2,2,2,2,2,1,3,3,1,2,1,3,2
52d628e57d97e6,阳101H2,6,20,阳101H2,1,3,迟缓响应持续上升型,1,2,4,5,1,1,1,1,1,1,1,1,2,5,2,2,3,4,2,5
53070d79d65293,泸201H5,2,14,泸201H5,4,1,低幅波动型,2,1,1,2,2,2,3,3,3,3,2,3,3,2,4,1,1,3,5,3
532195dd50f43f,阳101H26,,,阳101H26,3,3,迟缓响应持续上升型,1,2,4,1,6,2,2,2,2,6,1,1,2,5,2,2,3,4,2,6
532383fa35d96e,阳101H32,4,2,阳101H32,6,2,早期上升趋缓型,1,2,2,3,5,1,1,4,4,4,1,1,2,1,6,2,3,2,1,4
5324ba895b8ca9,阳101H31,,,阳101H31,3,2,早期上升趋缓型,1,2,2,3,5,1,1,1,1,1,1,1,2,1,6,2,3,2,1,4
53367061875f64,阳101H31,5,11,阳101H31,6,3,迟缓响应持续上升型,1,2,4,5,1,1,1,1,1,1,1,1,2,1,6,2,3,2,1,5
535765d2362a98,阳101H35,1,11,阳101H35,3,4,降压主导型,2,3,3,4,4,2,2,2,2,2,2,2,1,3,3,1,2,1,3,2
535f5f691298fb,阳101H51,4,9,阳101H51,5,3,迟缓响应持续上升型,1,1,4,5,1,1,1,1,1,1,1,1,2,5,2,2,3,4,2,6
536fb191d11f16,泸201H5,2,20,泸201H5,1,1,低幅波动型,2,3,1,2,4,2,3,3,3,3,2,2,1,3,1,1,2,1,5,2
5382fc1d885834,阳101H32,6,9,阳101H32,2,3,迟缓响应持续上升型,1,2,4,5,1,1,1,1,1,1,1,1,2,1,6,2,3,2,1,5
5397717ab3d2c2,阳101H2,4,16,阳101H2,3,1,低幅波动型,2,1,1,2,2,2,3,3,3,3,2,3,3,2,4,1,1,3,4,1
53af162a9a9cfc,阳101H35,3,4,阳101H35,2,4,降压主导型,2,3,3,4,4,2,2,2,2,2,2,2,1,3,3,1,2,1,3,2
53c362c2aed82b,泸206H8,1,13,泸206H8,2,2,早期上升趋缓型,1,2,2,3,5,1,1,4,5,5,1,1,2,1,6,2,3,2,1,4
53cabdcb28fc35,泸206H8,5,3,泸206H8,4,1,低幅波动型,2,1,1,2,2,2,3,3,3,3,2,3,3,2,4,1,1,3,4,3
53d7b859bd1c54,泸208H2,6,8,泸208H2,8,2,早期上升趋缓型,1,2,2,3,5,1,1,1,1,1,1,1,2,1,6,2,3,2,1,4
53d92a879442b1,泸206H8,4,21,泸206H8,5,3,迟缓响应持续上升型,1,2,4,5,1,1,1,1,1,1,1,1,2,1,6,2,3,4,1,5
53e53d35a44f6c,阳101H2,6,8,阳101H2,1,3,迟缓响应持续上升型,1,2,4,1,6,1,1,1,1,1,1,1,2,5,2,2,3,4,2,5
53ee85c51c5b56,泸203H10,1,10,泸203H10,2,3,迟缓响应持续上升型,1,2,4,1,6,1,1,4,4,4,1,1,2,5,2,2,3,4,2,5
540e1f279b8f2b,阳101H32,2,11,阳101H32,4,2,早期上升趋缓型,1,2,2,3,5,1,1,4,5,5,1,1,2,1,6,2,3,2,1,4
54119cc15e42f6,阳101H31,3,15,阳101H31,7,4,降压主导型,2,3,3,4,4,2,2,2,2,2,2,2,1,3,3,1,2,1,3,2
541e48459d92cc,泸203H64,4,15,泸203H64,3,4,降压主导型,2,3,3,4,4,2,2,2,2,2,2,2,1,3,3,1,2,1,3,2
54242ceaeb9fc4,泸206H10,3,4,泸206H10,4,3,迟缓响应持续上升型,1,2,4,5,1,1,1,1,1,1,1,1,2,5,2,2,3,4,2,6
544203d005fa70,泸203H64,5,3,泸203H64,4,3,迟缓响应持续上升型,1,1,4,5,1,1,1,1,1,1,1,1,2,5,2,2,3,4,2,6
5480262b44f05c,泸208H2,1,12,泸208H2,2,2,早期上升趋缓型,1,2,2,3,5,1,1,4,5,5,1,1,2,1,6,2,3,2,1,4
549c6be6aec473,阳101H25,1,25,阳101H25,4,3,迟缓响应持续上升型,1,1,4,5,1,1,1,1,1,1,1,1,2,1,6,2,3,2,1,4
549fca221baa2f,阳101H2,6,19,阳101H2,4,2,早期上升趋缓型,1,2,2,3,5,1,1,4,5,5,1,1,2,1,6,2,3,2,1,4
54a8282a817ee8,泸208H1,2,17,泸208H1,1,3,迟缓响应持续上升型,1,2,4,1,6,1,1,1,1,1,1,1,2,1,6,2,3,2,1,5
54b335d2671ba9,阳101H2,2,19,阳101H2,8,3,迟缓响应持续上升型,1,2,4,5,1,1,1,1,1,1,1,1,2,5,2,2,3,4,2,5
54d6fa25c6f7fa,阳101H26,,,阳101H26,3,2,早期上升趋缓型,1,2,2,3,5,1,1,1,1,1,1,1,2,1,6,2,3,2,1,4
54dc6a40f31e5f,阳101H31,2,12,阳101H31,3,2,早期上升趋缓型,1,2,2,3,5,1,1,1,1,1,1,1,2,1,6,2,3,2,1,4
54ddaf80d3ce6e,泸203H64,4,14,泸203H64,3,4,降压主导型,2,3,3,4,4,2,2,2,2,2,2,2,1,3,3,1,2,1,3,2
54e487e3b65732,泸203H9,4,6,泸203H9,6,3,迟缓响应持续上升型,1,2,4,5,1,1,1,1,1,1,1,1,2,1,6,2,3,4,1,6
54f28adc857e74,泸206H10,3,7,泸206H10,4,1,低幅波动型,2,1,1,2,2,2,3,3,3,3,2,3,3,2,4,1,1,3,4,1
550383dbf7542c,泸203H10,2,14,泸203H10,3,3,迟缓响应持续上升型,1,1,4,5,1,1,1,1,1,1,1,3,3,5,2,2,3,4,2,6
55153e5edc0850,阳101H35,1,15,阳101H35,2,1,低幅波动型,2,1,1,5,1,1,1,1,1,1,2,3,3,2,4,1,1,3,4,1
5519ffda317263,阳101H35,,,阳101H35,3,3,迟缓响应持续上升型,1,1,4,5,1,1,1,1,1,1,1,1,2,1,6,2,3,2,1,6
552964b41bc074,泸208H2,7,2,泸208H2,8,3,迟缓响应持续上升型,1,2,4,1,6,1,1,4,4,4,1,1,2,1,6,2,3,2,1,5
554224b818ac55,泸201H5,2,5,泸201H5,4,4,降压主导型,2,3,3,4,4,2,2,2,2,2,2,2,1,3,3,1,2,1,3,2
5542d630de983e,阳101H26,,,阳101H26,1,1,低幅波动型,2,1,1,2,2,2,3,3,3,3,2,3,3,2,1,1,1,3,5,3
55bd125d5fad0d,泸201H5,2,6,泸201H5,4,1,低幅波动型,2,3,1,2,4,2,3,3,3,3,2,2,1,3,1,1,2,1,5,3
55c2d4c35fdc9f,泸201H5,4,2,泸201H5,2,1,低幅波动型,2,1,1,2,2,2,3,3,3,3,2,3,3,2,4,1,1,3,4,3
55e95e18f35411,泸206H8,,,泸206H8,3,3,迟缓响应持续上升型,1,1,4,5,1,1,1,1,1,1,1,1,2,1,6,2,3,2,1,4
55fb3034af9451,阳101H32,5,23,阳101H32,3,1,低幅波动型,2,1,1,2,2,2,3,3,3,3,1,3,3,5,4,1,1,3,4,1
5629b64199b802,泸203H66,1,13,泸203H66,2,2,早期上升趋缓型,1,2,2,1,6,1,1,1,1,1,1,1,2,1,6,2,3,2,1,5
56335945b7f145,泸203H64,4,3,泸203H64,2,4,降压主导型,2,3,3,4,4,2,2,2,2,2,2,2,1,3,3,1,2,1,3,2
563e85dbb949af,阳101H32,2,6,阳101H32,5,4,降压主导型,2,3,3,4,4,2,2,2,2,2,2,2,1,3,3,1,2,1,3,2
5644581abef8b1,阳101H51,2,11,阳101H51,3,3,迟缓响应持续上升型,1,2,4,5,1,1,1,1,1,1,1,1,2,5,2,2,3,4,2,6
566cce6c68ae84,泸203H153,5,10,泸203H153,6,3,迟缓响应持续上升型,1,2,4,1,6,1,1,4,4,4,1,1,2,1,6,2,3,2,1,5
5674996bf78583,阳101H35,1,22,阳101H35,2,3,迟缓响应持续上升型,1,2,4,1,6,1,1,4,4,4,1,1,2,5,2,2,3,4,2,5
5681aba7f89cba,阳101H26,,,阳101H26,4,4,降压主导型,2,3,3,4,4,2,2,2,2,2,2,3,3,2,4,1,1,3,4,1
569f9e82478254,泸203H64,4,6,泸203H64,5,1,低幅波动型,2,1,1,2,2,2,2,2,2,2,2,3,3,2,1,1,1,3,4,3
56bad8b5d3d079,泸208H1,5,20,泸208H1,4,2,早期上升趋缓型,1,2,2,3,5,1,1,4,5,5,1,1,2,1,6,2,3,2,1,4
56f1169634cfa1,阳101H31,2,15,阳101H31,3,3,迟缓响应持续上升型,1,2,4,5,1,1,1,1,1,1,1,1,2,5,2,2,3,4,2,5
57015c199b23cc,阳101H32,4,5,阳101H32,6,3,迟缓响应持续上升型,1,2,4,5,1,1,1,1,1,1,1,1,2,1,6,2,3,2,1,5
570b9cae0f2674,阳101H2,74,15,阳101H2,7,1,低幅波动型,2,1,1,2,2,2,3,3,3,3,2,3,3,2,4,1,1,3,4,1
57200a7675c679,泸203H64,5,13,泸203H64,4,4,降压主导型,2,3,3,4,4,2,2,2,2,2,2,2,1,3,3,1,2,1,3,2
572f1d874aacdc,阳101H2,5,17,阳101H2,4,3,迟缓响应持续上升型,1,2,4,5,1,1,1,1,1,1,1,1,2,5,2,2,3,4,2,6
573526a2da4f61,阳101H26,,,阳101H26,2,1,低幅波动型,2,1,1,2,2,2,3,3,3,3,2,3,3,2,4,1,1,3,4,1
5737eae6460827,阳101H26,,,阳101H26,4,1,低幅波动型,2,1,1,2,2,2,3,3,3,3,2,3,3,2,1,1,1,3,5,3
573c0206271be4,阳101H32,2,16,阳101H32,4,3,迟缓响应持续上升型,1,2,4,1,6,1,1,1,1,1,1,1,2,5,2,2,3,4,2,5
5741a27e7e7aca,阳101H2,,,阳101H2,5,1,低幅波动型,2,1,1,2,2,2,3,3,3,3,2,3,3,2,4,1,1,3,4,1
5741ed4c997617,泸203H64,3,6,泸203H64,2,4,降压主导型,2,3,3,4,3,2,2,2,2,6,2,2,1,3,3,1,2,1,3,2
5746a8de8afd53,阳101H2,,,阳101H2,2,2,早期上升趋缓型,1,2,2,3,5,1,1,1,1,1,1,1,2,1,6,2,3,2,1,4
574b3e4de1053f,阳101H35,1,13,阳101H35,3,4,降压主导型,2,3,3,4,4,2,2,2,2,2,2,2,1,3,3,1,2,1,3,2
57acffc9ca2e5e,泸208H2,5,2,泸208H2,4,3,迟缓响应持续上升型,1,2,4,1,6,1,1,4,4,4,1,1,2,5,2,2,3,4,2,6
57b5e7cbf64309,阳101H26,,,阳101H26,2,1,低幅波动型,2,1,1,2,2,1,1,1,1,1,1,3,3,2,4,1,1,3,4,1
57bb4494167ce2,阳101H34,2,8,阳101H34,3,2,早期上升趋缓型,1,2,2,3,5,1,1,1,1,1,1,1,2,1,6,2,3,2,1,4
57d377a15624e5,泸203H64,4,12,泸203H64,1,1,低幅波动型,2,3,1,2,4,2,3,3,3,3,2,2,1,3,3,1,2,1,5,2
57e2d4f2126974,泸203H76,2,18,泸203H76,4,1,低幅波动型,2,1,1,5,2,2,3,3,3,3,1,3,3,5,2,2,1,4,2,6
5803b5ca4dfad0,泸208H1,2,18,泸208H1,1,3,迟缓响应持续上升型,1,2,4,1,6,1,1,4,4,4,1,1,2,5,2,2,3,2,1,5
58304179c90daa,阳101H51,1,20,阳101H51,2,3,迟缓响应持续上升型,1,2,4,1,6,2,2,2,2,6,1,3,3,5,2,2,3,4,2,6
584e01c7ec7c95,阳101H35,3,21,阳101H35,1,3,迟缓响应持续上升型,1,1,4,5,1,1,1,1,1,1,1,1,2,5,2,2,3,4,2,6
5859b0273340a3,泸203H9,2,28,泸203H9,1,3,迟缓响应持续上升型,1,2,4,1,6,1,1,1,1,1,1,1,2,1,6,2,3,2,1,5
589202bdf33474,泸203H64,4,12,泸203H64,5,3,迟缓响应持续上升型,1,1,4,5,1,1,1,1,1,1,1,3,2,5,2,2,3,4,2,6
58ad96ce5d2d11,阳101H35,,,阳101H35,1,3,迟缓响应持续上升型,1,2,4,5,1,1,1,1,1,1,1,1,2,5,2,2,3,4,2,6
58b9e0cf898520,阳101H2,,,阳101H2,2,4,降压主导型,2,3,3,4,4,2,2,2,2,2,2,2,1,3,3,1,2,1,3,2
58bb8a73c81c46,泸203H10,2,9,泸203H10,1,3,迟缓响应持续上升型,1,2,4,1,6,1,1,4,4,4,1,1,2,5,2,2,3,4,2,6
58eb45901eb75e,泸206H8,4,20,泸206H8,8,4,降压主导型,2,3,3,4,4,2,3,3,3,3,2,2,1,3,1,1,2,1,3,2
58fcf74c15961c,阳101H2,,,阳101H2,1,4,降压主导型,2,3,3,4,3,2,3,3,3,3,2,2,3,2,1,1,2,1,5,3
590ab4cd0b2253,泸203H64,5,6,泸203H64,1,3,迟缓响应持续上升型,1,1,4,5,1,1,1,1,1,1,1,1,2,1,6,2,3,2,1,4
591047a5d752a4,阳101H2,,,阳101H2,5,1,低幅波动型,2,1,1,2,2,2,3,3,3,3,2,3,3,2,4,1,1,3,4,1
59392c772f7896,阳101H31,3,10,阳101H31,2,3,迟缓响应持续上升型,1,2,4,1,6,1,1,1,1,1,1,1,2,5,2,2,3,4,2,5
593b737ef55637,阳101H51,2,18,阳101H51,4,3,迟缓响应持续上升型,1,2,4,5,1,1,1,1,1,1,1,1,2,5,2,2,3,4,2,6
596d396715e818,阳101H35,2,9,阳101H35,4,1,低幅波动型,2,1,1,2,2,2,3,3,3,3,1,3,3,2,4,1,1,3,4,1
596f4a3fb04aad,阳101H32,2,17,阳101H32,6,3,迟缓响应持续上升型,1,2,4,5,1,1,1,1,1,1,1,1,2,5,2,2,3,4,2,5
59b474a6132275,阳101H31,4,21,阳101H31,7,3,迟缓响应持续上升型,1,2,4,5,1,1,1,1,1,1,1,1,2,1,6,2,3,2,1,5
59b4f834dd4eaf,阳101H32,6,13,阳101H32,2,4,降压主导型,2,3,3,4,4,2,2,2,2,2,2,2,1,3,3,1,2,1,3,2
59c37bde9fc011,泸203H76,3,11,泸203H76,4,2,早期上升趋缓型,1,2,2,3,5,1,1,4,5,5,1,1,2,1,6,2,3,2,1,4
59c841bebc0547,阳101H34,2,8,阳101H34,1,3,迟缓响应持续上升型,1,2,4,5,1,1,1,1,1,1,1,1,2,5,2,2,3,4,2,6
5a30798f89745a,泸203H6,1,10,泸203H6,2,3,迟缓响应持续上升型,1,2,4,1,6,1,1,4,4,4,1,1,2,5,2,2,3,4,2,5
5a55dea21e32ee,阳101H2,2,22,阳101H2,5,1,低幅波动型,2,1,1,2,2,2,3,3,3,3,2,3,3,2,4,1,1,3,4,1
5a5a359f2e009f,阳101H32,4,13,阳101H32,6,2,早期上升趋缓型,1,2,2,3,5,1,1,4,5,5,1,1,2,1,6,2,3,2,1,4
5a5cccd0f99886,泸203H9,2,24,泸203H9,1,3,迟缓响应持续上升型,1,2,4,1,6,1,1,1,1,1,1,3,3,5,2,2,3,4,2,6
5a6f0b4b6ebd96,泸203H64,4,10,泸203H64,3,3,迟缓响应持续上升型,1,2,4,5,1,1,1,1,1,1,1,1,2,5,2,2,3,4,2,5
5a73330c0fec37,泸203H64,1,2,泸203H64,3,1,低幅波动型,2,3,1,2,4,2,3,3,3,3,2,3,3,2,1,1,1,3,5,3
5a907710ca1ce9,阳101H26,,,阳101H26,1,1,低幅波动型,2,1,1,2,2,2,3,3,3,3,2,3,3,2,4,1,1,3,4,3
5aa008c63da129,阳101H2,,,阳101H2,1,2,早期上升趋缓型,1,2,2,3,5,1,1,4,5,5,1,1,2,1,6,2,3,2,1,4
5aae697fdeb250,阳101H35,3,15,阳101H35,4,2,早期上升趋缓型,1,1,2,3,5,1,1,1,1,1,1,1,2,1,6,2,3,2,1,4
5ab30e12b4cd64,泸201H5,2,8,泸201H5,3,1,低幅波动型,2,1,1,2,2,2,3,3,3,3,2,3,3,2,4,1,1,3,4,1
5ab98cb99a4d50,泸201H5,3,11,泸201H5,4,3,迟缓响应持续上升型,1,2,4,5,1,1,1,1,1,1,1,1,2,1,6,2,3,2,1,5
5abedddcf22b46,阳101H34,3,8,阳101H34,2,2,早期上升趋缓型,1,2,2,3,5,1,1,1,1,1,1,1,2,1,6,2,3,2,1,4
5ac444adb2f53b,泸203H64,3,9,泸203H64,4,4,降压主导型,2,3,3,4,4,2,2,2,2,2,2,2,1,3,3,1,2,1,3,2
5ad584fc9b8ac1,泸201H5,2,6,泸201H5,3,4,降压主导型,2,3,3,4,4,2,2,2,2,2,2,2,1,3,3,1,2,1,3,2
5ae4edcd1b1c6b,阳101H35,3,21,阳101H35,4,4,降压主导型,2,3,3,4,4,2,2,2,2,2,2,2,1,3,3,1,2,1,3,2
5b0e6747e11b12,泸203H76,2,16,泸203H76,1,2,早期上升趋缓型,1,2,2,3,5,1,1,4,5,5,1,1,2,1,6,2,3,2,1,4
5b1607fd7d2bca,泸208H2,9,10,泸208H2,7,3,迟缓响应持续上升型,1,2,4,5,1,1,1,1,1,1,1,1,2,5,2,2,3,4,2,5
5b439f26afe8c7,泸203H76,3,11,泸203H76,1,2,早期上升趋缓型,1,1,2,5,1,1,1,1,1,1,1,1,2,1,6,2,3,2,1,4
5b53ec9aff334b,泸201H5,3,1,泸201H5,1,1,低幅波动型,2,1,1,2,2,1,1,1,1,1,2,3,3,2,4,1,1,3,4,1
5b7fd0b881d62e,阳101H32,6,19,阳101H32,2,4,降压主导型,2,3,3,4,4,2,2,2,2,2,2,2,1,3,3,1,2,1,3,2
5b918aecbdee40,泸203H64,4,3,泸203H64,3,3,迟缓响应持续上升型,1,2,4,1,6,1,1,4,4,4,1,1,2,1,6,2,3,2,1,5
5bace6a15d2ed6,泸203H76,4,6,泸203H76,3,2,早期上升趋缓型,1,2,2,3,5,1,1,4,5,5,1,1,2,1,6,2,3,2,1,4
5bb66f54b13232,阳101H2,,,阳101H2,1,3,迟缓响应持续上升型,1,2,4,1,6,1,1,4,4,4,1,1,2,1,6,2,3,2,1,5
5bc207c5338372,阳101H31,3,18,阳101H31,7,1,低幅波动型,2,1,1,2,2,2,3,3,3,3,2,3,3,2,4,1,1,3,4,1
5bc49ddbb7db9b,泸203H153,5,19,泸203H153,6,2,早期上升趋缓型,1,2,2,3,5,1,1,4,5,5,1,1,2,1,6,2,3,2,1,4
5bcf44551abac8,阳101H31,,,阳101H31,3,2,早期上升趋缓型,1,2,2,3,5,1,1,4,4,4,1,1,2,1,6,2,3,2,1,4
5bd2119f8b0946,泸201H5,4,15,泸201H5,3,3,迟缓响应持续上升型,1,2,4,5,1,1,1,1,1,1,1,1,2,5,2,2,3,4,2,5
5bdece58abce55,阳101H2,2,13,阳101H2,4,1,低幅波动型,2,1,1,2,2,2,3,3,3,3,2,3,3,2,1,1,1,3,5,3
5bff8e7260fc38,阳101H35,1,1,阳101H35,2,4,降压主导型,2,3,3,4,3,2,2,2,2,6,2,2,1,3,3,1,2,1,3,2
5c1566f6a78909,泸208H2,8,6,泸208H2,7,2,早期上升趋缓型,1,2,2,3,5,1,1,4,5,5,1,1,2,1,6,2,3,2,1,4
5c214b146dc182,阳101H31,,,阳101H31,2,2,早期上升趋缓型,1,2,2,3,5,1,1,4,5,5,1,1,2,1,6,2,3,2,1,4
5c32123d6d0b20,阳101H2,4,21,阳101H2,6,1,低幅波动型,2,1,1,2,4,2,3,3,3,3,2,2,1,3,1,1,2,1,5,3
5c33a9ff1f5560,泸201H5,1,7,泸201H5,2,3,迟缓响应持续上升型,1,1,4,5,1,1,1,1,1,1,1,3,3,5,2,2,3,4,2,6
5c3f2267bd51ef,阳101H32,6,9,阳101H32,2,3,迟缓响应持续上升型,1,2,4,5,1,1,1,1,1,1,1,1,2,5,2,2,3,4,2,6
5c678b70de88af,阳101H26,,,阳101H26,3,3,迟缓响应持续上升型,1,2,4,1,6,1,1,4,4,4,1,1,2,1,6,2,3,2,1,5
5c72738601eb5b,阳101H26,,,阳101H26,2,1,低幅波动型,1,1,1,5,1,1,1,1,1,1,1,1,2,5,2,2,3,4,2,6
5c7ae57ff745b1,阳101H2,305,23,阳101H32,8,1,低幅波动型,2,1,1,5,1,1,1,1,1,1,1,1,2,5,2,2,3,4,2,6
5cb35af8100ac3,阳101H32,2,22,阳101H32,3,1,低幅波动型,2,3,1,2,4,2,3,3,3,3,2,2,1,3,1,1,2,1,5,2
5cb7d1e9764293,阳101H2,84,16,阳101H2,7,1,低幅波动型,2,3,1,2,4,2,2,2,2,2,2,3,3,2,1,1,1,3,5,3
5cbe3001e14379,阳101H31,3,18,阳101H31,2,2,早期上升趋缓型,1,2,2,3,5,1,1,4,5,5,1,1,2,1,6,2,3,2,1,4
5cbe46467d9a95,泸208H2,4,7,泸208H2,5,2,早期上升趋缓型,1,2,2,3,5,1,1,4,4,4,1,1,2,1,6,2,3,2,1,5
5cdd15b4c285e0,阳101H2,2,3,阳101H2,5,4,降压主导型,2,3,3,4,3,2,2,2,2,6,2,2,1,3,3,1,2,1,3,2
5cf779600632e3,泸203H64,3,12,泸203H64,4,1,低幅波动型,2,1,1,2,2,2,3,3,3,3,2,3,3,2,1,1,1,3,5,3
5cf8bb46bf10eb,泸203H64,1,20,泸203H75,1,4,降压主导型,2,3,3,4,3,2,2,2,2,6,2,2,1,3,3,1,2,1,3,2
5d050f4444f829,阳101H2,4,3,阳101H32,6,2,早期上升趋缓型,1,2,2,3,5,1,1,4,5,5,1,1,2,1,6,2,3,2,1,4
5d05bc64bf788e,阳101H35,1,21,阳101H35,sensor:压力,3,迟缓响应持续上升型,1,2,4,1,6,1,1,4,4,4,1,1,2,1,6,2,3,2,1,5
5d34adee435d97,阳101H26,,,阳101H26,1,1,低幅波动型,2,1,1,2,2,2,3,3,3,3,2,3,3,2,4,1,1,3,4,1
5d3af918868d30,阳101H26,,,阳101H26,2,1,低幅波动型,2,1,1,2,2,2,3,3,3,3,2,3,3,2,4,1,1,3,4,1
5d8d95fd46dccb,泸206H8,4,20,泸206H8,5,1,低幅波动型,2,1,1,2,4,2,2,2,2,2,2,3,3,2,1,1,1,3,5,3
5dbc78fc421fa9,泸206H8,5,12,泸206H8,2,1,低幅波动型,2,1,1,2,4,2,3,3,3,3,2,3,3,2,1,1,1,3,5,3
5dc19e3ca55662,阳101H2,2,11,阳101H2,1,1,低幅波动型,2,1,1,5,1,2,3,3,3,3,1,3,3,5,2,2,3,4,2,6
5e313ce34fb953,阳101H75,3,10,阳101H75,2,3,迟缓响应持续上升型,1,2,4,5,1,1,1,1,1,1,1,1,2,5,2,2,3,4,2,6
5e3655f2508e21,阳101H51,4,7,阳101H51,3,3,迟缓响应持续上升型,1,2,4,1,6,1,1,4,4,4,1,1,2,1,6,2,3,2,1,5
5e3e05d1162f86,泸203H9,3,6,泸203H9,2,1,低幅波动型,2,1,1,2,2,2,3,3,3,3,2,3,3,2,4,1,1,3,5,3
5e73f08da57295,阳101H31,1,9,阳101H31,3,2,早期上升趋缓型,1,2,2,3,5,1,1,4,5,5,1,1,2,5,2,2,3,4,2,5
5e96923f342b90,泸203H6,1,9,泸203H6,4,1,低幅波动型,2,1,1,2,2,2,3,3,3,3,2,3,3,2,1,1,1,3,5,3
5e9e11f84cf9f7,泸208H2,8,18,泸208H2,9,3,迟缓响应持续上升型,1,2,4,1,6,1,1,1,1,1,1,1,2,5,2,2,3,4,2,5
5ea915350ede20,阳101H31,3,3,阳101H31,5,1,低幅波动型,2,3,1,2,4,2,3,3,3,3,2,2,1,2,1,1,2,1,5,3
5eade7d675392b,阳101H35,3,13,阳101H35,4,3,迟缓响应持续上升型,1,1,4,5,1,1,1,1,1,1,1,1,2,1,6,2,3,4,2,6
5f1107017b3abd,阳101H2,4,20,阳101H2,1,3,迟缓响应持续上升型,1,1,4,5,1,1,1,1,1,1,1,1,2,5,2,2,3,4,2,6
5f2d4c93ac87bb,泸203H64,4,15,泸203H64,1,4,降压主导型,2,3,3,4,4,2,2,2,2,2,2,2,1,3,1,1,2,1,3,2
5f81b0fca51567,泸208H1,4,5,泸208H1,3,3,迟缓响应持续上升型,1,2,4,1,6,1,1,4,4,4,1,1,2,5,2,2,3,4,2,6
5f89338afc9c77,泸208H2,9,4,泸208H2,8,3,迟缓响应持续上升型,1,2,4,1,6,1,1,4,4,4,1,1,2,1,6,2,3,2,1,5
5f94a76b711a75,阳101H31,7,19,阳101H31,6,3,迟缓响应持续上升型,1,2,4,5,1,1,1,1,1,1,1,1,2,5,2,2,3,2,1,5
5f97af2977f537,阳101H2,,,阳101H2,2,3,迟缓响应持续上升型,1,2,4,5,1,1,1,1,1,1,1,1,2,5,2,2,3,4,2,6
5fa3b4375c0f25,阳101H35,1,3,阳101H35,3,4,降压主导型,2,3,3,4,3,2,2,2,2,6,2,2,1,3,3,1,2,1,3,2
5fa5bf28e13802,阳101H34,4,5,阳101H34,2,3,迟缓响应持续上升型,1,2,4,5,1,1,1,1,1,1,1,1,2,5,2,2,3,4,2,5
5fb5dd1a6a1343,泸206H8,3,19,泸206H8,4,1,低幅波动型,2,1,1,2,2,2,3,3,3,3,1,3,3,5,4,2,1,3,4,1
5fb9e3a8fa7a60,阳101H32,2,8,阳101H32,6,3,迟缓响应持续上升型,1,2,4,1,6,1,1,4,4,4,1,1,2,1,6,2,3,2,1,5
5fcd50776a218e,泸208H2,6,3,泸208H2,7,3,迟缓响应持续上升型,1,2,4,1,6,1,1,4,4,4,1,1,2,1,6,2,3,2,1,5
5fd33964698279,阳101H32,6,7,阳101H32,3,1,低幅波动型,2,1,1,2,2,2,3,3,3,3,2,3,3,2,4,1,1,3,4,1
6008c13a0a216a,阳101H34,2,22,阳101H34,3,3,迟缓响应持续上升型,1,2,4,1,6,1,1,4,4,4,1,1,2,1,6,2,3,2,1,4
6008f86553aeb1,阳101H2,2,11,阳101H2,4,2,早期上升趋缓型,1,2,2,3,5,1,1,4,5,5,1,1,2,1,6,2,3,2,1,4
602a2f1478877c,阳101H31,5,14,阳101H31,4,3,迟缓响应持续上升型,1,2,4,5,1,1,1,1,1,1,1,1,2,1,6,2,3,2,1,4
602baf602b3751,阳101H51,3,4,阳101H51,2,2,早期上升趋缓型,1,2,2,3,5,1,1,4,5,5,1,1,2,1,6,2,3,2,1,4
6035d8f67fe33b,泸201H5,4,7,泸201H5,3,3,迟缓响应持续上升型,1,2,4,1,6,1,1,4,4,4,1,1,2,5,2,2,3,4,2,6
6047d67ba66f54,泸203H11,2,10,泸203H11,3,3,迟缓响应持续上升型,1,2,4,1,6,1,1,4,4,4,1,1,2,1,6,2,3,2,1,5
6048660bb861fb,泸203H64,1,19,泸203H64,2,1,低幅波动型,1,1,1,5,1,1,1,1,1,1,1,1,2,5,2,2,3,4,2,6
605702bd8a086a,泸208H1,4,10,泸208H1,6,3,迟缓响应持续上升型,1,2,4,1,6,1,1,4,4,4,1,1,2,1,6,2,3,2,1,5
60593b9f290ad6,阳101H35,3,5,阳101H35,4,1,低幅波动型,2,1,1,2,2,2,3,3,3,3,2,3,3,2,4,1,1,3,4,1
605b05ffaab649,泸208H2,7,9,泸208H2,8,3,迟缓响应持续上升型,1,2,4,1,1,1,1,1,1,1,1,1,2,5,2,2,3,4,2,5
606acc00f750bd,泸203H76,1,13,泸203H76,4,4,降压主导型,2,3,3,4,3,2,2,2,2,6,2,2,1,3,3,1,2,1,3,2
606ce7edc41caf,泸201H5,1,18,泸201H5,3,1,低幅波动型,2,1,1,2,2,2,3,3,3,3,2,3,3,2,4,1,1,3,4,1
6086583fa3420a,阳101H31,2,13,阳101H31,3,3,迟缓响应持续上升型,1,2,4,1,6,1,1,1,1,1,1,1,2,5,2,2,3,4,1,5
6086fb3b41a67e,泸203H76,4,13,泸203H76,3,3,迟缓响应持续上升型,1,2,4,1,6,1,1,4,4,4,1,1,2,1,6,2,3,2,1,5
608bbfe41bd144,阳101H2,96,21,阳101H2,7,4,降压主导型,2,3,3,4,3,2,2,2,2,6,2,2,1,3,1,1,2,1,3,2
60982327d3d308,阳101H25,1,28,阳101H25,2,3,迟缓响应持续上升型,1,2,4,1,6,1,1,4,4,4,1,1,2,5,2,2,3,4,2,5
60a3192ca656c2,阳101H2,,,阳101H2,2,3,迟缓响应持续上升型,1,2,4,5,1,1,1,1,1,1,1,1,2,1,6,2,3,2,1,5
60e9f5e680f00b,泸208H2,7,11,泸208H2,6,3,迟缓响应持续上升型,1,2,4,3,5,1,1,1,1,1,1,1,2,1,6,2,3,2,1,4
614624bfa3a871,泸203H64,1,11,泸203H64,2,1,低幅波动型,2,1,1,2,2,2,3,3,3,3,2,3,3,2,4,1,1,3,4,1
6152a28e99650b,泸201H5,2,15,泸201H5,4,1,低幅波动型,2,1,1,2,2,2,3,3,3,3,2,3,3,2,1,1,1,3,5,3
615632dbe4bb18,阳101H32,5,8,阳101H32,3,1,低幅波动型,2,1,1,2,2,2,3,3,3,3,2,3,3,2,4,1,1,3,4,3
615f0d6b1f344c,泸208H2,8,8,泸208H2,7,2,早期上升趋缓型,1,2,2,3,5,1,1,1,1,1,1,1,2,1,6,2,3,2,1,4
6168c749309ee7,阳101H32,6,15,阳101H32,5,4,降压主导型,2,3,3,4,4,2,2,2,2,2,2,2,1,3,3,1,2,1,3,2
6172e11c0027a7,阳101H31,3,16,阳101H31,1,2,早期上升趋缓型,1,2,2,3,5,1,1,4,5,5,1,1,2,1,6,2,3,2,1,4
618fe381047920,阳101H2,6,13,阳101H2,4,3,迟缓响应持续上升型,1,2,4,1,6,1,1,1,1,1,1,1,2,1,6,2,3,2,1,5
6195e45dc59d9b,阳101H31,3,7,阳101H31,7,1,低幅波动型,2,3,1,2,4,2,3,3,3,3,2,2,1,3,1,1,2,1,5,2
61a6455ed001b9,泸203H64,5,3,泸203H64,2,4,降压主导型,2,3,3,4,4,2,2,2,2,2,2,3,3,2,1,1,1,3,5,3
61afce6a272516,阳101H26,,,阳101H26,1,1,低幅波动型,2,1,1,2,2,2,3,3,3,3,2,3,3,2,4,1,1,3,4,3
61cf0903543766,阳101H31,3,8,阳101H31,4,1,低幅波动型,2,1,1,2,2,2,3,3,3,3,2,3,3,2,1,1,1,3,5,3
61d3396dae5a7a,阳101H51,2,6,阳101H51,1,3,迟缓响应持续上升型,1,2,4,1,6,1,1,4,4,4,1,1,2,1,6,2,3,2,1,5
61d8e193edd055,阳101H2,5,20,阳101H2,2,1,低幅波动型,2,1,1,2,2,2,3,3,3,3,2,3,3,2,4,1,1,3,4,1
61dc08aa5bbf2d,泸203H64,3,1,泸203H64,4,3,迟缓响应持续上升型,1,2,4,1,6,1,1,4,4,4,1,1,2,5,2,2,3,2,1,5
61e3c2032712bc,泸203H10,4,8,泸203H10,3,2,早期上升趋缓型,1,2,2,3,5,1,1,1,1,1,1,1,2,1,6,2,3,2,1,4
61e6bc54213132,阳101H32,4,3,阳101H32,6,2,早期上升趋缓型,1,2,2,3,5,1,1,4,5,5,1,1,2,1,6,2,3,2,1,4
620d41ba8d6dba,泸201H5,1,2,泸201H5,4,1,低幅波动型,2,1,1,2,2,2,3,3,3,3,2,3,3,2,4,1,1,3,4,1
621a403335a029,阳101H2,22,19,阳101H32,8,1,低幅波动型,2,1,1,2,4,2,3,3,3,3,2,3,3,2,1,1,1,3,5,3
6225a03af39077,泸206H8,4,8,泸206H8,1,4,降压主导型,2,3,3,4,4,2,2,2,2,2,2,2,1,3,1,1,2,1,3,2
622cd899b8cc08,阳101H31,5,23,阳101H31,7,2,早期上升趋缓型,1,2,2,3,5,1,1,1,1,1,1,1,2,1,6,2,3,2,1,4
6265d67791cf55,阳101H32,6,9,阳101H32,7,1,低幅波动型,2,1,1,2,2,2,3,3,3,3,1,3,3,5,4,2,1,3,4,1
627be9ef66915b,泸203H66,1,15,泸203H66,2,3,迟缓响应持续上升型,1,2,4,1,6,1,1,4,4,4,1,1,2,1,6,2,3,2,1,5
62820a93a45618,泸201H5,1,17,泸201H5,2,1,低幅波动型,2,3,1,2,4,2,3,3,3,3,2,2,1,3,1,1,2,1,5,2
62aec7cda0fcff,泸203H64,1,16,泸203H64,3,1,低幅波动型,2,1,1,2,2,2,3,3,3,3,2,3,3,2,4,1,1,3,4,1
62b5c307cc24ab,泸203H64,5,8,泸203H64,4,1,低幅波动型,2,1,1,5,4,2,2,2,2,2,2,3,3,2,1,1,1,3,4,3
62cc73065ace10,泸206H10,3,9,泸206H10,5,1,低幅波动型,2,1,1,2,2,2,3,3,3,3,2,3,3,2,1,1,1,3,5,3
62d9a2603ea023,阳101H2,2,3,阳101H2,1,2,早期上升趋缓型,1,2,2,3,5,1,1,1,1,1,1,1,2,1,6,2,3,2,1,4
62e81652eef613,泸206H8,5,13,泸206H8,1,1,低幅波动型,2,1,1,2,2,2,3,3,3,3,2,3,3,2,4,1,1,3,4,1
62ef683a483f4b,阳101H51,1,10,阳101H51,3,3,迟缓响应持续上升型,1,1,4,5,1,1,1,1,1,1,1,1,2,1,6,2,3,2,1,4
62fca9ac341dd7,泸203H76,3,10,泸203H76,1,2,早期上升趋缓型,1,1,2,3,5,1,1,1,1,1,1,1,2,1,6,2,3,2,1,4
6324987fdab6c1,泸203H76,2,19,泸203H76,4,1,低幅波动型,2,1,1,2,2,2,3,3,3,3,2,3,3,2,4,1,1,3,4,1
632be789914bbf,阳101H2,2,12,阳101H2,3,3,迟缓响应持续上升型,1,1,4,5,1,2,2,2,2,2,2,3,3,5,4,2,1,4,2,6
632fddc7b9c67f,阳101H26,,,阳101H26,3,1,低幅波动型,2,3,1,2,4,2,2,2,2,2,2,2,1,3,1,1,2,1,5,3
63523acbb9f729,阳101H2,2,12,阳101H2,6,1,低幅波动型,2,1,1,2,2,2,3,3,3,3,2,3,3,2,4,1,1,3,4,3
63711552306909,泸206H8,4,20,泸206H8,7,4,降压主导型,2,3,3,4,4,2,2,2,2,2,2,2,1,3,3,1,2,1,3,2
638717f6e76092,阳101H31,3,5,阳101H31,7,1,低幅波动型,2,1,1,2,2,2,3,3,3,3,2,3,3,2,1,1,1,3,5,3
639ecfb4a4b2b1,阳101H32,6,20,阳101H32,5,4,降压主导型,2,3,3,4,4,2,2,2,2,2,2,2,1,3,3,1,2,1,3,2
63a6f30fa346ef,泸201H5,1,6,泸201H5,4,4,降压主导型,2,3,3,4,4,2,2,2,2,2,2,2,1,3,3,1,2,1,3,2
63bf15eb31bb66,阳101H2,5,17,阳101H2,1,2,早期上升趋缓型,1,2,2,3,5,1,1,1,1,1,1,1,2,1,6,2,3,2,1,4
63d89047d7c5d0,泸201H5,1,3,泸201H5,4,1,低幅波动型,2,1,1,2,2,2,3,3,3,3,2,3,3,2,4,1,1,3,4,3
63f0a2af78f362,阳101H31,5,16,阳101H31,7,2,早期上升趋缓型,1,2,2,3,5,1,1,4,5,5,1,1,2,1,6,2,3,2,1,4
6412a771dacf53,泸208H2,7,9,泸208H2,6,3,迟缓响应持续上升型,1,2,4,1,6,2,2,2,2,6,1,1,2,5,2,2,3,4,2,6
6415f21823c83a,阳101H26,,,阳101H26,4,3,迟缓响应持续上升型,1,2,4,5,1,1,1,1,1,1,1,1,2,1,6,2,3,2,1,4
643d034c135f0d,阳101H35,3,19,阳101H35,1,4,降压主导型,2,3,3,4,4,2,2,2,2,2,2,2,1,3,3,1,2,1,3,2
644515f0c3b8a9,泸203H76,3,12,泸203H76,4,3,迟缓响应持续上升型,1,2,4,5,1,1,1,1,1,1,1,1,2,1,6,2,3,2,1,5
6463f1caa91230,泸201H5,4,19,泸201H5,3,2,早期上升趋缓型,1,2,2,3,5,1,1,1,1,1,1,1,2,1,6,2,3,2,1,4
6465e838960552,泸206H8,5,5,泸206H8,6,4,降压主导型,2,3,3,4,4,2,2,2,2,2,2,2,1,2,1,1,2,1,5,2
64728573c327c2,泸208H1,4,13,泸208H1,5,3,迟缓响应持续上升型,1,2,4,1,6,1,1,4,4,4,1,1,2,5,2,2,3,2,1,5
647ceaa36c6843,泸203H66,2,17,泸203H66,3,4,降压主导型,2,3,3,4,4,2,2,2,2,2,2,2,1,3,3,1,2,1,3,2
6480cc0b192689,阳101H2,2,21,阳101H2,1,1,低幅波动型,2,1,1,5,1,2,2,2,2,2,2,3,3,2,4,1,1,3,4,1
648f97b26f4edb,阳101H51,3,2,阳101H51,2,2,早期上升趋缓型,1,2,2,3,5,1,1,4,5,5,1,1,2,1,6,2,3,2,1,4
64a7c27b76a6cb,泸208H2,9,11,泸208H2,10,3,迟缓响应持续上升型,1,2,4,5,1,1,1,1,1,1,1,1,2,5,2,2,3,4,2,6
64b9a53c75d0ca,泸203H76,4,8,泸203H76,3,4,降压主导型,2,3,3,4,3,2,2,2,2,6,2,3,3,2,1,1,1,3,5,3
64bba4a4336d91,阳101H31,,,阳101H31,1,2,早期上升趋缓型,1,2,2,3,5,1,1,4,5,5,1,1,2,1,6,2,3,2,1,4
64cd8469f5346a,泸201H5,1,5,泸201H5,2,3,迟缓响应持续上升型,1,1,4,5,1,1,1,1,1,1,1,1,2,5,2,2,3,4,2,6
64e1db0d250945,阳101H6,6,5,阳101H6,5,3,迟缓响应持续上升型,1,2,4,1,6,1,1,4,4,4,1,1,2,1,6,2,3,2,1,5
64f2516e9cdc80,阳101H2,,,阳101H2,5,1,低幅波动型,2,1,1,2,2,2,3,3,3,3,2,3,3,2,4,1,1,3,4,1
64f6f1ca395249,泸206H8,4,19,泸206H8,5,3,迟缓响应持续上升型,1,2,4,5,1,1,1,1,1,1,1,1,2,1,6,2,3,2,1,5
652b2e7fceadbc,泸201H5,4,8,泸201H5,1,1,低幅波动型,2,1,1,2,4,2,3,3,3,3,2,2,1,3,1,1,2,1,5,3
652b44e9fa8943,泸201H5,4,22,泸201H5,2,1,低幅波动型,2,1,1,2,4,2,3,3,3,3,2,2,1,2,1,1,1,3,5,3
655ca49c4b3264,泸203H76,4,13,泸203H76,2,1,低幅波动型,2,1,1,2,2,2,2,2,2,2,2,2,1,3,1,1,1,3,5,3
65693b9e44c68a,阳101H35,1,17,阳101H35,4,3,迟缓响应持续上升型,1,2,4,5,1,1,1,1,1,1,1,1,2,1,6,2,3,2,1,4
6574d9972c88e0,阳101H26,,,阳101H26,4,1,低幅波动型,2,1,1,2,2,2,3,3,3,3,2,3,3,2,4,1,1,3,4,1
6580902c370099,阳101H33,3,7,阳101H33,2,3,迟缓响应持续上升型,1,2,4,5,1,1,1,1,1,1,1,1,2,1,6,2,3,2,1,5
658b07fde4b84c,阳101H2,305,23,阳101H32,7,1,低幅波动型,1,1,1,5,1,1,1,1,1,1,1,1,2,1,6,2,3,4,2,6
659cd9914c1c4a,泸201H5,1,1,泸201H5,3,1,低幅波动型,2,1,1,2,2,2,3,3,3,3,2,3,3,2,4,1,1,3,4,1
65b7f9eba4a20e,泸208H2,7,12,泸208H2,6,3,迟缓响应持续上升型,1,2,4,5,1,1,1,1,1,1,1,1,2,1,6,2,3,2,1,5
65d8280f8466ca,泸203H64,3,12,泸203H64,2,3,迟缓响应持续上升型,1,2,4,1,6,1,1,4,4,4,1,1,2,1,6,2,3,2,1,5
65e0678afec26b,泸203H6,1,9,泸203H6,3,4,降压主导型,2,3,3,4,4,2,2,2,2,2,2,2,1,3,3,1,2,1,3,2
65e1427fc7b33a,泸203H66,1,20,泸203H66,3,3,迟缓响应持续上升型,1,2,4,5,1,1,1,1,1,1,1,1,2,5,2,2,3,4,2,5
65e6d88801700f,泸203H76,1,11,泸203H76,2,3,迟缓响应持续上升型,1,2,4,1,6,1,1,1,1,1,1,1,2,5,2,2,3,4,2,5
65f145f272b78a,泸203H64,3,10,泸203H64,2,3,迟缓响应持续上升型,1,2,4,1,6,1,1,4,4,4,2,3,3,2,4,2,3,4,2,6
6611a23aeaa47f,阳101H51,3,6,阳101H51,2,3,迟缓响应持续上升型,1,2,4,5,1,1,1,1,1,1,1,1,2,5,2,2,3,4,2,6
66185bb4779f9d,泸203H76,2,8,泸203H76,1,3,迟缓响应持续上升型,1,2,4,1,6,1,1,4,4,4,1,1,2,5,2,2,3,4,2,6
661febba24749b,泸203H66,3,18,泸203H66,1,1,低幅波动型,1,1,1,5,1,1,1,1,1,1,1,1,2,5,2,2,3,4,2,6
662011263c3805,阳101H2,2,2,阳101H2,6,1,低幅波动型,2,1,1,2,2,2,3,3,3,3,2,3,3,2,4,1,1,3,4,1
6624f1e57e4d20,泸208H2,9,22,泸208H2,8,3,迟缓响应持续上升型,1,2,4,5,1,1,1,1,1,1,1,1,2,1,6,2,3,2,1,4
664a20f834226f,阳101H34,4,13,阳101H34,3,3,迟缓响应持续上升型,1,2,4,1,6,1,1,4,4,4,1,1,2,1,6,2,3,2,1,5
665751b4e6d4dd,阳101H2,4,17,阳101H2,3,1,低幅波动型,2,1,1,2,2,2,3,3,3,3,2,3,3,2,4,1,1,3,4,3
66633209dc073a,阳101H51,2,3,阳101H51,3,3,迟缓响应持续上升型,1,2,4,5,1,1,1,1,1,1,1,1,2,1,6,2,3,2,1,5
66695d42ca1416,泸206H10,3,11,泸206H10,2,3,迟缓响应持续上升型,1,1,4,5,1,1,1,1,1,1,1,1,2,5,2,2,3,4,2,6
6686f97688e290,阳101H2,2,21,阳101H2,8,2,早期上升趋缓型,1,2,2,1,6,1,1,4,5,5,1,1,2,5,2,2,3,2,1,5
6694cd44484c82,泸203H64,1,18,泸203H64,4,3,迟缓响应持续上升型,1,2,4,1,6,1,1,1,1,1,1,1,2,5,2,2,3,4,2,6
66bc70adc60627,泸208H2,8,8,泸208H2,9,2,早期上升趋缓型,1,2,2,3,5,1,1,1,1,1,1,1,2,1,6,2,3,2,1,4
66d3c39f5ed8ce,泸203H76,2,14,泸203H76,1,3,迟缓响应持续上升型,1,2,4,5,1,1,1,1,1,1,1,1,2,1,6,2,3,2,1,4
66df5914512fd8,阳101H32,2,16,阳101H32,5,4,降压主导型,2,3,3,4,4,2,2,2,2,2,2,2,1,3,3,1,2,1,3,2
66dfe2db1581db,阳101H35,3,3,阳101H35,2,4,降压主导型,2,3,3,4,4,2,2,2,2,2,2,2,1,3,3,1,2,1,3,2
670343ddd5d56a,泸203H66,3,12,泸203H66,2,3,迟缓响应持续上升型,1,2,4,1,6,1,1,1,1,1,1,1,2,5,2,2,3,4,2,5
6715e016634ab0,阳101H26,,,阳101H26,1,1,低幅波动型,2,1,1,2,2,2,3,3,3,3,2,3,3,2,1,1,1,3,5,3
6729d5340d62c6,阳101H26,,,阳101H26,4,1,低幅波动型,2,1,1,2,2,2,3,3,3,3,2,3,3,2,4,1,1,3,4,3
673a440cc42ec1,泸203H66,3,11,泸203H66,2,3,迟缓响应持续上升型,1,2,4,1,6,1,1,4,4,4,1,1,2,5,2,2,3,4,2,5
67ad3d91c0efa5,泸203H76,3,3,泸203H76,4,2,早期上升趋缓型,1,2,2,3,5,1,1,1,1,1,1,1,2,1,6,2,3,2,1,4
67b80e5d2d3d91,阳101H2,6,19,阳101H2,5,1,低幅波动型,1,1,1,5,1,1,1,1,1,1,1,1,2,1,6,2,3,2,1,4
67bfe939510bcd,泸206H8,2,21,泸206H8,6,4,降压主导型,2,3,3,4,4,2,2,2,2,6,2,3,3,2,4,1,1,3,4,1
683ae9556aa7a6,泸206H8,2,21,泸206H8,8,1,低幅波动型,2,1,1,2,2,2,3,3,3,3,1,3,3,5,4,1,1,3,4,1
683bf27f35b48b,阳101H26,,,阳101H26,4,1,低幅波动型,2,1,1,2,2,2,3,3,3,3,2,3,3,2,4,1,1,3,4,3
684c5659bffa32,泸206H8,4,18,泸206H8,2,3,迟缓响应持续上升型,1,2,4,5,1,1,1,1,1,1,1,1,2,5,2,2,3,4,2,6
68552ad50b2d7d,泸203H64,5,4,泸203H64,4,1,低幅波动型,1,1,1,5,1,1,1,1,1,1,1,1,2,5,2,2,3,4,2,6
686bccaaf5c04b,泸203H76,2,19,泸203H76,3,3,迟缓响应持续上升型,1,2,4,1,6,1,1,4,4,4,1,1,2,5,2,2,3,4,1,5
687094debd3a99,泸203H64,1,5,泸203H64,3,3,迟缓响应持续上升型,1,2,4,5,1,1,1,1,1,1,1,1,2,5,2,2,3,4,2,6
687ea13d620a54,阳101H35,1,12,阳101H35,4,3,迟缓响应持续上升型,1,1,4,5,1,1,1,1,1,1,1,1,2,1,6,2,3,4,2,6
68a92afaab4da8,泸208H2,10,3,泸208H2,9,2,早期上升趋缓型,1,2,2,3,5,1,1,4,5,5,1,1,2,1,6,2,3,2,1,4
68b55cf43a95a7,阳101H31,,,阳101H31,1,3,迟缓响应持续上升型,1,2,4,5,1,1,1,1,1,1,1,1,2,5,2,2,3,2,1,5
68b7d9b81213a9,阳101H34,3,5,阳101H34,4,3,迟缓响应持续上升型,1,2,4,1,6,1,1,4,4,4,1,1,2,5,2,2,3,4,2,5
68bca83c7b6b83,阳101H32,4,20,阳101H32,2,3,迟缓响应持续上升型,1,2,4,5,1,1,1,1,1,1,1,1,2,5,2,2,3,4,2,5
68c797987c4178,阳101H51,1,5,阳101H51,2,2,早期上升趋缓型,1,2,2,3,5,1,1,4,5,5,1,1,2,1,6,2,3,2,1,4
68e00c4d12b8de,泸201H5,3,7,泸201H5,4,4,降压主导型,2,3,3,4,4,2,2,2,2,2,2,2,1,3,3,1,2,1,3,2
68e130187a8a90,阳101H2,2,15,阳101H2,1,3,迟缓响应持续上升型,1,2,4,5,1,1,1,1,1,1,1,1,2,1,6,2,3,2,1,4
68f618e14c0b82,阳101H26,,,阳101H26,2,1,低幅波动型,2,1,1,2,2,2,3,3,3,3,2,3,3,2,4,1,1,3,4,1
68fcf92a48810a,泸203H153,6,17,泸203H153,5,2,早期上升趋缓型,1,2,2,3,5,1,1,4,5,5,1,1,2,1,6,2,3,2,1,4
693858fd7e4f50,泸203H9,3,8,泸203H9,1,1,低幅波动型,2,1,1,2,2,2,3,3,3,3,2,3,3,2,4,1,1,3,4,1
693e8e34478aa6,阳101H32,2,6,阳101H32,4,3,迟缓响应持续上升型,1,2,4,1,6,1,1,1,1,1,1,1,2,5,2,2,3,4,2,5
6959718d2ce203,阳101H2,2,13,阳101H2,8,3,迟缓响应持续上升型,1,1,4,5,1,1,1,1,1,1,1,1,2,5,2,2,3,4,2,6
696b306c716d9b,阳101H51,4,9,阳101H51,6,3,迟缓响应持续上升型,1,2,4,5,1,1,1,1,1,1,1,1,2,5,2,2,3,4,2,6
697a7aa0e187ee,泸208H2,8,12,泸208H2,10,1,低幅波动型,2,1,1,5,1,1,1,1,1,1,1,3,3,5,4,2,1,4,2,6
697f58d8932686,阳101H35,2,16,阳101H35,1,3,迟缓响应持续上升型,1,2,4,5,1,1,1,1,1,1,1,1,2,1,6,2,3,4,1,5
698444f4decdb1,泸201H5,1,1,泸201H5,2,3,迟缓响应持续上升型,1,2,4,1,6,2,2,2,2,6,2,3,3,2,4,1,1,3,2,6
69957c8c6e458a,泸201H5,4,13,泸201H5,2,1,低幅波动型,2,1,1,2,2,2,3,3,3,3,2,3,3,2,4,1,1,3,4,1
69a4cd07267edf,阳101H31,4,18,阳101H31,7,3,迟缓响应持续上升型,1,2,4,5,1,1,1,1,1,1,1,1,2,1,6,2,3,2,1,5
69f5c570862910,阳101H35,2,9,阳101H35,3,3,迟缓响应持续上升型,1,2,4,1,6,1,1,4,4,4,1,1,2,5,2,2,3,4,2,5
6a5c64defd9824,阳101H26,,,阳101H26,3,3,迟缓响应持续上升型,1,1,4,5,1,1,1,1,1,1,1,1,2,5,2,2,3,4,2,6
6a77ff16135294,泸201H5,3,22,泸201H5,1,1,低幅波动型,2,3,1,2,4,2,3,3,3,3,2,2,1,3,1,1,2,1,5,2
6a7ad9355182b7,阳101H33,3,6,阳101H33,4,3,迟缓响应持续上升型,1,2,4,1,6,1,1,4,4,4,1,1,2,5,2,2,3,2,1,5
6a7f27f90a18ec,阳101H31,5,24,阳101H31,4,2,早期上升趋缓型,1,2,2,3,5,1,1,1,1,1,1,1,2,1,6,2,3,2,1,4
6ac8ced09cd0ef,泸206H8,5,13,泸206H8,8,1,低幅波动型,2,1,1,2,4,2,3,3,3,3,2,3,3,2,1,1,1,3,5,3
6ace2b5f058c4c,泸208H2,9,7,泸208H2,8,3,迟缓响应持续上升型,1,2,4,5,1,1,1,1,1,1,1,1,2,5,2,2,3,4,2,6
6ade0f60f8faa8,阳101H32,2,8,阳101H32,4,3,迟缓响应持续上升型,1,2,4,1,6,1,1,4,4,4,1,1,2,1,6,2,3,2,1,5
6adebd4d2d2af6,泸206H8,5,7,泸206H8,4,3,迟缓响应持续上升型,1,2,4,1,6,1,1,1,1,1,1,1,2,5,2,2,3,4,2,5
6b0fea76fa622c,泸203H76,4,14,泸203H76,1,4,降压主导型,2,3,3,4,4,2,2,2,2,2,2,2,1,3,3,1,2,1,3,2
6b1bc7727c58f0,阳101H26,,,阳101H26,4,1,低幅波动型,2,1,1,2,2,2,3,3,3,3,2,3,3,2,4,1,1,3,4,3
6b28966bdef4d9,泸201H5,2,3,泸201H5,4,1,低幅波动型,2,1,1,2,2,2,3,3,3,3,2,3,3,2,4,1,1,3,4,1
6b29006f21e8d1,泸201H5,4,2,泸201H5,3,3,迟缓响应持续上升型,1,2,4,1,6,1,1,4,4,4,1,1,2,1,6,2,3,2,1,5
6b30b39889861e,阳101H32,6,19,阳101H32,7,1,低幅波动型,2,1,1,2,2,2,3,3,3,3,2,3,3,2,4,1,1,3,4,1
6b3136c8e1f33d,泸208H2,10,5,泸208H2,9,3,迟缓响应持续上升型,1,2,4,1,6,1,1,1,1,1,1,1,2,5,2,2,3,4,2,5
6b41dbab7d5433,阳101H31,7,18,阳101H31,6,3,迟缓响应持续上升型,1,2,4,5,1,1,1,1,1,1,1,1,2,5,2,2,3,4,2,5
6b61cf1c081d59,阳101H32,6,10,阳101H32,1,1,低幅波动型,2,1,1,2,2,2,3,3,3,3,2,3,3,2,4,1,1,3,4,1
6b6c5d91759c1e,阳101H33,4,9,阳101H33,3,2,早期上升趋缓型,1,2,2,3,5,1,1,1,1,1,1,1,2,1,6,2,3,2,1,5
6b76356ac3b411,阳101H34,4,16,阳101H34,3,3,迟缓响应持续上升型,1,2,4,5,1,1,1,1,1,1,1,1,2,5,2,2,3,4,2,6
6b79de0c677ed9,泸203H9,,,泸203H9,1,3,迟缓响应持续上升型,1,2,4,1,6,1,1,4,4,4,1,1,2,5,2,2,3,4,2,5
6b94b5b86e6531,泸203H64,1,17,泸203H64,5,1,低幅波动型,2,1,1,2,2,2,3,3,3,3,2,3,3,2,4,1,1,3,4,3
6b9b3e4d1e018d,阳101H31,5,15,阳101H31,4,2,早期上升趋缓型,1,2,2,3,5,1,1,1,1,1,1,1,2,1,6,2,3,2,1,4
6baa7abced517f,阳101H31,3,2,阳101H31,4,1,低幅波动型,2,1,1,2,2,2,3,3,3,3,2,3,3,2,1,1,1,3,5,3
6badc35e98658c,阳101H32,4,2,阳101H32,3,1,低幅波动型,2,1,1,2,2,2,3,3,3,3,2,3,3,2,1,1,1,3,5,3
6bb07c21740dac,阳101H32,4,8,阳101H32,7,1,低幅波动型,2,1,1,2,2,2,3,3,3,3,1,3,3,2,4,1,1,3,4,1
6bbee6e5ddb004,阳101H34,4,15,阳101H34,2,3,迟缓响应持续上升型,1,2,4,5,1,1,1,1,1,1,1,1,2,5,2,2,3,4,2,6
6bdfe209d5890a,阳101H32,5,8,阳101H32,2,1,低幅波动型,2,1,1,2,2,2,3,3,3,3,2,3,3,2,1,1,1,3,5,3
6c4027ee2fe289,泸208H2,1,2,泸208H2,2,2,早期上升趋缓型,1,2,2,3,5,1,1,4,4,4,1,1,2,1,6,2,3,2,1,4
6c9423835134b0,泸201H5,4,19,泸201H5,1,4,降压主导型,2,3,3,4,4,2,2,2,2,2,2,2,1,3,1,1,2,1,3,2
6caa1ec9e92488,阳101H2,4,3,阳101H2,2,3,迟缓响应持续上升型,1,1,4,5,1,1,1,1,1,1,1,1,2,5,2,2,3,4,2,6
6cb97ef41341bf,阳101H35,3,15,阳101H35,1,4,降压主导型,2,3,3,4,3,2,2,2,2,6,2,2,1,3,3,1,2,1,3,2
6cbcb1891d7fb1,泸206H8,4,4,泸206H8,7,1,低幅波动型,1,1,1,5,1,1,1,1,1,1,1,3,3,5,4,2,3,4,2,1
6cd919d2ef2547,泸203H76,2,13,泸203H76,4,1,低幅波动型,2,1,1,2,2,2,2,2,2,2,2,3,3,2,4,1,1,3,4,1
6cdf15842f5ce0,阳101H2,2,6,阳101H2,4,3,迟缓响应持续上升型,1,1,4,5,1,1,1,1,1,1,1,1,2,5,2,2,3,4,2,6
6cf3f3381f66d8,泸201H5,1,7,泸201H5,3,1,低幅波动型,2,1,1,2,2,2,3,3,3,3,2,3,3,2,1,1,1,3,5,3
6cfab7c028c8f3,泸203H64,2,6,泸203H64,1,4,降压主导型,2,3,3,4,4,2,2,2,2,2,2,2,1,3,3,1,2,1,3,2
6d12c94f8bb5dc,泸203H11,6,16,泸203H11,5,2,早期上升趋缓型,1,2,2,1,6,1,1,4,4,4,1,1,2,1,6,2,3,2,1,4
6d4d04d52542ad,泸203H66,2,19,泸203H66,sensor:No02,2,早期上升趋缓型,1,2,2,1,6,1,1,4,4,4,1,1,2,1,6,2,3,2,1,4
6d560699831e78,阳101H51,1,7,阳101H51,2,3,迟缓响应持续上升型,1,2,4,3,1,1,1,1,1,1,1,1,2,1,6,2,3,2,1,5
6d646e350ac92d,泸203H153,5,4,泸203H153,6,3,迟缓响应持续上升型,1,2,4,1,6,1,1,4,4,4,1,1,2,5,2,2,3,4,2,6
6dad3be7d6489a,阳101H51,2,10,阳101H51,1,1,低幅波动型,2,1,1,2,2,2,3,3,3,3,2,3,3,2,4,1,1,3,4,3
6db0ef640ec31e,泸203H76,2,7,泸203H76,3,3,迟缓响应持续上升型,1,2,4,1,6,1,1,4,4,4,1,1,2,1,6,2,3,2,1,5
6dbc9f593f8cad,泸203H76,1,8,泸203H76,3,3,迟缓响应持续上升型,1,2,4,5,1,1,1,1,1,1,1,1,2,1,6,2,3,2,1,4
6dcdf08984817c,泸208H2,6,14,泸208H2,7,3,迟缓响应持续上升型,1,2,4,1,6,1,1,1,1,1,1,1,2,5,2,2,3,4,2,5
6ddaa87692f26a,阳101H2,6,10,阳101H2,4,3,迟缓响应持续上升型,1,2,4,3,6,1,1,1,1,1,1,1,2,1,6,2,3,2,1,5
6de1d34ae39414,泸203H9,3,1,泸203H9,4,2,早期上升趋缓型,1,2,2,1,6,1,1,4,4,4,1,1,2,1,6,2,3,2,1,4
6e20144662146d,阳101H32,6,9,阳101H32,1,4,降压主导型,2,3,3,4,3,2,2,2,2,6,2,2,1,3,3,1,2,1,3,2
6e26bc2cd49a48,泸201H5,1,8,泸201H5,4,1,低幅波动型,2,1,1,2,2,2,3,3,3,3,2,3,3,2,1,1,1,3,5,3
6e39d1e76905f1,泸203H76,2,12,泸203H76,3,2,早期上升趋缓型,1,2,2,3,5,1,1,4,5,5,1,1,2,1,6,2,3,2,1,4
6e5f409a813a56,阳101H26,,,阳101H26,2,1,低幅波动型,2,1,1,2,2,2,3,3,3,3,2,3,3,2,4,1,1,3,4,1
6e698af0525c62,泸203H9,2,1,泸203H9,3,3,迟缓响应持续上升型,1,2,4,5,1,1,1,1,1,1,1,3,3,5,2,2,3,4,2,6
6e6dc3452c46cb,阳101H26,,,阳101H26,3,4,降压主导型,2,3,3,4,4,2,2,2,2,2,2,2,1,3,3,1,2,1,3,2
6e6e0d4e2b25fc,阳101H32,4,17,阳101H32,6,2,早期上升趋缓型,1,2,2,3,5,1,1,4,5,5,1,1,2,1,6,2,3,2,1,4
6e7da10c09e823,泸203H76,1,5,泸203H76,2,3,迟缓响应持续上升型,1,2,4,5,1,1,1,1,1,1,1,1,2,5,2,2,3,4,2,6
6e7ec502d63e42,泸208H1,4,5,泸208H1,5,3,迟缓响应持续上升型,1,2,4,1,6,1,1,4,4,4,1,1,2,5,2,2,3,2,1,5
6ec68c6c13b815,泸203H76,1,13,泸203H76,3,4,降压主导型,2,3,3,4,3,2,2,2,2,6,2,2,1,3,3,1,2,1,3,2
6f04c5904d3354,阳101H26,,,阳101H26,1,1,低幅波动型,2,1,1,2,2,2,3,3,3,3,2,2,1,2,1,1,1,3,5,3
6f14a53a85bffa,泸206H8,,,泸206H8,1,3,迟缓响应持续上升型,1,2,4,5,1,1,1,1,1,1,1,1,2,5,2,2,3,4,2,6
6f26855f462c16,阳101H31,4,23,阳101H31,7,4,降压主导型,2,3,3,4,4,2,2,2,2,2,2,2,1,3,3,1,2,1,3,2
6f70a9ee8c974d,泸203H76,1,19,泸203H76,3,4,降压主导型,2,3,3,4,3,2,2,2,2,6,2,2,1,3,3,1,2,1,3,2
6f7a6c8be2514d,泸203H64,3,8,泸203H64,5,3,迟缓响应持续上升型,1,2,4,5,1,1,1,1,1,1,1,1,2,5,2,2,3,4,2,6
6f8ec4f0b821ec,阳101H2,,,阳101H2,4,1,低幅波动型,2,1,1,2,2,2,3,3,3,3,1,1,2,5,2,2,1,4,2,1
6fb35e1ab2bf7c,泸201H5,3,16,泸201H5,2,1,低幅波动型,2,3,1,2,4,2,3,3,3,3,2,2,1,3,1,1,2,1,5,2
6fb4c7db220361,泸203H64,4,7,泸203H64,1,1,低幅波动型,2,1,1,2,2,2,3,3,3,3,2,3,3,2,4,1,1,3,4,3
6fde5b54412ec1,阳101H34,2,12,阳101H34,3,2,早期上升趋缓型,1,2,2,3,5,1,1,4,5,5,1,1,2,1,6,2,3,2,1,4
6ff1071c6e6ba5,阳101H2,4,3,阳101H32,5,3,迟缓响应持续上升型,1,2,4,5,1,1,1,1,1,1,1,1,2,1,6,2,3,2,1,4
7014827b61a78b,泸203H66,2,17,泸203H66,1,4,降压主导型,2,3,3,4,3,2,2,2,2,6,2,2,1,3,3,1,2,1,3,2
702a352ca16dac,阳101H26,,,阳101H26,3,2,早期上升趋缓型,1,2,2,3,5,1,1,4,5,5,1,1,2,1,6,2,3,2,1,4
703ce1d7c0af82,阳101H32,4,3,阳101H32,1,1,低幅波动型,2,1,1,2,2,2,3,3,3,3,2,3,3,2,1,1,1,3,5,3
707409ea31a5d3,泸203H76,4,10,泸203H76,1,1,低幅波动型,2,1,1,2,2,2,2,2,2,2,2,3,3,2,4,1,1,3,4,1
708790e416ff08,泸203H64,3,6,泸203H64,4,4,降压主导型,2,3,3,4,4,2,2,2,2,2,2,2,1,3,3,1,2,1,3,2
70a99d654f9deb,阳101H32,4,6,阳101H32,5,3,迟缓响应持续上升型,1,2,4,5,1,1,1,1,1,1,1,1,2,1,6,2,3,2,1,4
70fff3a91ce708,阳101H31,5,23,阳101H31,4,2,早期上升趋缓型,1,2,2,3,5,1,1,1,1,1,1,1,2,1,6,2,3,2,1,4
71106dfde39dac,泸201H5,4,18,泸201H5,1,1,低幅波动型,2,1,1,2,4,2,3,3,3,3,2,2,1,3,1,1,2,1,5,3
7124492fa26382,阳101H32,6,5,阳101H32,1,2,早期上升趋缓型,1,2,2,1,6,1,1,4,5,5,1,1,2,1,6,2,3,2,1,4
713d5ae3ebf6bb,阳101H26,,,阳101H26,1,1,低幅波动型,2,1,1,2,2,2,2,2,2,2,1,3,3,2,4,1,1,3,4,1
714f792e95007a,泸203H66,2,17,泸203H66,1,2,早期上升趋缓型,1,2,2,3,5,1,1,4,5,5,1,1,2,1,6,2,3,2,1,4
715c296d573f64,泸203H9,3,26,泸203H9,4,3,迟缓响应持续上升型,1,2,4,5,1,1,1,1,1,1,1,1,2,5,2,2,3,2,1,5
718a5e3b1e883c,阳101H34,2,7,阳101H34,3,2,早期上升趋缓型,1,2,2,3,5,1,1,1,1,1,1,1,2,1,6,2,3,2,1,4
7196b427523105,泸201H5,2,15,泸201H5,3,1,低幅波动型,2,1,1,2,2,2,3,3,3,3,2,3,3,2,4,1,1,3,4,1
71b9d58ef84b90,阳101H2,322,1,阳101H2,8,2,早期上升趋缓型,1,2,2,3,5,1,1,1,1,1,1,1,2,1,6,2,3,2,1,4
71c8db62b20dc9,阳101H31,3,16,阳101H31,2,2,早期上升趋缓型,1,2,2,3,5,1,1,4,5,5,1,1,2,1,6,2,3,2,1,4
71d700f32f6ccb,阳101H35,1,6,阳101H35,2,3,迟缓响应持续上升型,1,2,4,1,6,1,1,4,4,4,1,1,2,5,2,2,3,4,2,5
71fcb300ae28d4,阳101H26,,,阳101H26,3,3,迟缓响应持续上升型,1,2,4,3,5,1,1,1,1,1,1,1,2,1,6,2,3,2,1,5
7201868f1e374f,阳101H2,2,16,阳101H2,4,2,早期上升趋缓型,1,2,2,3,5,1,1,4,5,5,1,1,2,1,6,2,3,2,1,4
7207b0818a9c33,泸208H1,2,16,泸208H2,4,3,迟缓响应持续上升型,1,2,4,5,1,1,1,1,1,1,1,1,2,5,2,2,3,4,2,6
722441e93d7785,泸208H2,7,17,泸208H2,8,3,迟缓响应持续上升型,1,2,4,1,6,1,1,1,1,1,1,1,2,5,2,2,3,2,1,5
722ca2d4d8f2db,阳101H26,,,阳101H26,4,3,迟缓响应持续上升型,1,2,4,5,1,1,1,1,1,1,1,1,2,1,6,2,3,2,1,5
72367cfa9f64d8,泸203H11,5,9,泸203H11,6,2,早期上升趋缓型,1,2,2,3,5,1,1,4,5,5,1,1,2,5,2,2,3,2,1,4
725d2e8572de48,阳101H51,3,8,阳101H51,1,1,低幅波动型,2,1,1,2,2,2,3,3,3,3,2,3,3,2,4,1,1,3,4,1
7262d47490fe4d,泸203H64,2,4,泸203H64,4,1,低幅波动型,2,1,1,2,2,2,3,3,3,3,2,3,3,2,4,1,1,3,4,1
7267b84c9c8e82,泸203H76,2,18,泸203H76,3,4,降压主导型,2,3,3,4,3,2,2,2,2,6,1,1,2,5,2,2,3,2,1,6
7270107cf3c170,阳101H31,5,13,阳101H31,7,3,迟缓响应持续上升型,1,2,4,5,1,1,1,1,1,1,1,1,2,5,2,2,3,4,2,5
7289f63e38d3e3,泸201H5,1,22,泸201H5,2,4,降压主导型,2,3,3,4,3,2,2,2,2,6,2,2,1,3,3,1,2,1,3,2
728bb19e404483,阳101H2,,,阳101H2,3,1,低幅波动型,2,1,1,2,2,2,3,3,3,3,2,3,3,2,4,1,1,3,4,1
728d805913c8fe,泸201H5,1,18,泸201H5,4,1,低幅波动型,2,1,1,2,2,2,3,3,3,3,2,3,3,2,4,1,1,3,4,3
729a497a443029,阳101H35,3,7,阳101H35,2,4,降压主导型,2,3,3,4,3,2,2,2,2,6,2,2,1,3,3,1,2,1,3,2
72b4c6d09b4167,阳101H32,4,8,阳101H32,1,1,低幅波动型,2,1,1,2,2,2,3,3,3,3,2,3,3,2,4,1,1,3,4,1
72bb31538147cb,阳101H31,1,20,阳101H31,2,3,迟缓响应持续上升型,1,2,4,5,1,1,1,1,1,1,1,1,2,5,2,2,3,4,2,6
72ca47788f5ff3,泸203H64,4,6,泸203H64,3,2,早期上升趋缓型,1,2,2,3,5,1,1,4,5,5,1,1,2,1,6,2,3,2,1,4
72e3ae9ceb9d7d,阳101H2,2,12,阳101H2,4,2,早期上升趋缓型,1,2,2,3,5,1,1,4,5,5,1,1,2,1,6,2,3,2,1,4
7307b7fee85f5d,泸201H5,2,13,泸201H5,1,1,低幅波动型,2,1,1,2,2,2,3,3,3,3,2,3,3,2,4,1,1,3,4,1
730aba82469807,泸203H66,1,13,泸203H66,4,1,低幅波动型,2,1,1,2,2,2,3,3,3,3,1,3,3,5,2,2,1,4,2,6
7314866e45e4a3,泸203H76,1,12,泸203H76,4,4,降压主导型,2,3,3,4,4,2,2,2,2,2,2,2,1,3,3,1,2,1,3,2
731df474044f34,泸203H76,1,11,泸203H76,4,4,降压主导型,2,3,3,4,3,2,2,2,2,2,2,2,1,3,3,1,2,1,3,2
732191bf86b5e2,泸203H76,4,16,泸203H76,3,4,降压主导型,2,3,3,4,4,2,2,2,2,2,2,2,1,3,3,1,2,1,3,2
732cbe2bd45d5b,阳101H2,,,阳101H2,1,2,早期上升趋缓型,1,2,2,1,6,2,2,2,2,6,1,1,2,1,6,2,3,2,1,4
734216483fbbcd,阳101H26,,,阳101H26,3,1,低幅波动型,2,1,1,2,4,2,2,2,2,2,2,2,1,3,1,1,2,1,5,3
73480407dbf76f,阳101H2,5,15,阳101H2,4,1,低幅波动型,2,1,1,2,2,2,3,3,3,3,1,1,2,5,2,2,3,4,2,6
734c37c2dfb666,泸203H66,1,16,泸203H66,2,2,早期上升趋缓型,1,2,2,3,5,1,1,4,5,5,1,1,2,1,6,2,3,2,1,4
734e2b95a86783,泸206H8,5,7,泸206H8,1,1,低幅波动型,2,1,1,2,2,2,3,3,3,3,2,3,3,2,4,1,1,3,4,3
737cbe5378afb2,阳101H31,3,3,阳101H31,2,2,早期上升趋缓型,1,2,2,3,5,1,1,4,5,5,1,1,2,1,6,2,3,2,1,4
739eb990ac71d8,阳101H75,4,2,阳101H75,5,2,早期上升趋缓型,1,2,2,3,5,1,1,4,5,5,1,1,2,1,6,2,3,2,1,4
73a6e90444e232,阳101H2,322,8,阳101H2,8,1,低幅波动型,2,1,1,2,2,2,2,2,2,2,2,2,1,2,1,1,1,3,5,3
73b37e8f4a7297,阳101H31,5,10,阳101H31,6,3,迟缓响应持续上升型,1,2,4,5,1,1,1,1,1,1,1,1,2,5,2,2,3,4,2,6
73c285ef6179a6,阳101H31,,,阳101H31,1,2,早期上升趋缓型,1,2,2,3,5,1,1,4,4,4,1,1,2,1,6,2,3,2,1,4
73c4a935914d28,泸203H66,,,泸203H66,sensor:压力,3,迟缓响应持续上升型,1,1,4,5,1,1,1,1,1,1,2,3,3,2,4,1,1,4,2,6
73d3a2b31ebe81,阳101H2,,,阳101H2,1,3,迟缓响应持续上升型,1,2,4,5,1,1,1,1,1,1,1,1,2,5,2,2,3,4,2,6
73f98e91a0244a,泸201H5,2,3,泸201H5,1,3,迟缓响应持续上升型,1,1,4,5,1,1,1,1,1,1,1,1,2,5,2,2,3,4,2,6
73fbbf5a92eb26,泸206H8,5,3,泸206H8,3,1,低幅波动型,2,1,1,2,2,2,3,3,3,3,2,3,3,2,4,1,1,3,5,3
7400f601b6a9f8,阳101H2,,,阳101H2,1,3,迟缓响应持续上升型,1,2,4,1,6,1,1,4,4,4,1,1,2,1,2,2,3,2,1,5
7413fdf77c50cc,泸208H2,6,10,泸208H2,7,3,迟缓响应持续上升型,1,2,4,1,6,1,1,4,4,4,1,1,2,5,2,2,3,4,2,5
742c5c66891086,阳101H32,2,16,阳101H32,6,3,迟缓响应持续上升型,1,2,4,5,1,1,1,1,1,1,1,1,2,1,6,2,3,2,1,4
7460bcdfce6976,泸203H64,3,5,泸203H64,2,1,低幅波动型,2,1,1,2,4,2,2,2,2,2,2,2,1,3,1,1,2,1,5,3
747176e6bdb900,阳101H26,,,阳101H26,3,4,降压主导型,2,3,3,4,3,2,2,2,2,6,2,2,1,3,3,1,2,1,3,2
748824eaeb0f79,阳101H31,6,27,阳101H31,7,3,迟缓响应持续上升型,1,2,4,5,1,1,1,1,1,1,1,1,2,1,6,2,3,2,1,5
748b04f8f2e1a3,泸203H64,1,16,泸203H64,4,3,迟缓响应持续上升型,1,2,4,5,1,1,1,1,1,1,1,1,2,5,2,2,3,4,2,6
74ab617c950c3d,阳101H35,1,15,阳101H35,4,3,迟缓响应持续上升型,1,1,4,5,1,1,1,1,1,1,1,1,2,5,2,2,3,4,2,6
74e3fba1b2d7f4,阳101H2,4,21,阳101H2,1,3,迟缓响应持续上升型,1,2,4,5,1,1,1,1,1,1,1,1,2,1,6,2,3,2,1,5
74efc10be832ef,阳101H2,4,3,阳101H2,6,2,早期上升趋缓型,1,2,2,3,5,1,1,4,5,5,1,1,2,1,6,2,3,2,1,4
75288901a3c188,阳101H31,2,18,阳101H31,1,2,早期上升趋缓型,1,2,2,3,5,2,2,2,2,6,1,3,3,2,4,2,3,4,2,6
752dbea7369114,泸203H9,2,18,泸203H9,1,3,迟缓响应持续上升型,1,2,4,5,1,1,1,1,1,1,1,1,2,1,6,2,3,2,1,5
752dec239efc72,泸208H2,6,6,泸208H2,8,2,早期上升趋缓型,1,2,2,3,5,1,1,4,5,5,1,1,4,4,5,2,3,2,1,4
754b85f9cbf5ac,泸203H76,1,23,泸203H76,3,4,降压主导型,2,3,3,4,4,2,2,2,2,2,2,2,1,3,3,1,2,1,3,2
754cb8b2f8b0dd,泸203H64,5,3,泸203H64,1,1,低幅波动型,2,1,1,2,2,2,3,3,3,3,2,3,3,2,4,1,1,3,4,1
7568578bcf81b0,阳101H32,4,19,阳101H32,7,1,低幅波动型,2,1,1,2,2,2,3,3,3,3,2,3,3,2,4,1,1,3,4,3
756e96023b0ff5,阳101H35,2,11,阳101H35,3,3,迟缓响应持续上升型,1,1,4,5,1,1,1,1,1,1,1,3,3,5,2,2,3,4,2,6
7598c94a8e38e9,泸208H2,7,4,泸208H2,8,2,早期上升趋缓型,1,2,2,3,5,1,1,4,5,5,1,1,2,1,6,2,3,2,1,4
75a2fb610a00b5,阳101H2,,,阳101H2,6,1,低幅波动型,2,1,1,2,2,2,3,3,3,3,2,2,1,3,1,1,2,1,5,3
75ad46e5d54bcf,泸203H76,4,18,泸203H76,1,4,降压主导型,2,3,3,4,4,2,2,2,2,2,2,2,1,3,3,1,2,1,3,2
75ef3a49a309d7,泸206H8,,,泸206H8,3,1,低幅波动型,2,1,1,5,2,2,3,3,3,3,1,1,2,5,2,2,1,4,4,1
75f149cd733bbf,泸208H2,3,21,泸208H2,4,3,迟缓响应持续上升型,1,2,4,1,6,1,1,4,4,4,1,1,2,1,6,2,3,2,1,5
75f2a338656a30,泸203H91,,,泸203H91,3,3,迟缓响应持续上升型,1,2,4,1,6,1,1,1,1,1,1,1,2,5,2,2,3,4,2,5
760c676d4a0585,泸203H76,,,泸203H76,sensor:No01,2,早期上升趋缓型,1,2,2,3,5,1,1,1,1,1,1,1,2,1,6,2,3,2,1,4
7612592eabfdf8,阳101H51,2,8,阳101H51,3,3,迟缓响应持续上升型,1,2,4,1,6,1,1,4,4,4,1,1,2,1,6,2,3,2,1,5
7628a9bd07546a,阳101H35,2,16,阳101H35,4,1,低幅波动型,2,1,1,2,4,2,3,3,3,3,2,2,1,2,1,1,1,3,5,3
7632c147352e8d,阳101H32,2,19,阳101H32,5,4,降压主导型,2,3,3,4,4,2,2,2,2,2,2,2,1,3,3,1,2,1,3,2
76392cb8a66569,泸203H64,1,20,泸203H75,4,3,迟缓响应持续上升型,1,2,4,5,1,1,1,1,1,1,1,1,2,5,2,2,3,4,2,6
763bc3b8aa1c27,阳101H25,1,24,阳101H25,4,1,低幅波动型,1,1,1,5,1,1,1,1,1,1,1,1,2,5,2,2,3,4,2,6
763f0bbcf5aa86,阳101H51,1,4,阳101H51,3,3,迟缓响应持续上升型,1,2,4,5,1,1,1,1,1,1,1,1,2,5,2,2,3,4,2,6
7656ef8d63724f,泸203H64,5,15,泸203H64,4,4,降压主导型,2,3,3,4,4,2,2,2,2,2,2,2,1,3,3,1,2,1,3,2
765819411e9427,泸201H5,1,20,泸201H5,2,1,低幅波动型,2,1,1,2,2,2,3,3,3,3,1,3,3,5,4,1,1,4,2,1
76676084368b6a,阳101H26,,,阳101H26,4,1,低幅波动型,2,1,1,2,2,2,3,3,3,3,2,3,3,2,4,1,1,3,4,1
766f36cecdc6cb,阳101H26,,,阳101H26,2,1,低幅波动型,2,1,1,2,2,2,3,3,3,3,2,3,3,2,4,1,1,3,4,1
76a0d616fc740f,泸203H153,6,21,泸203H153,5,2,早期上升趋缓型,1,2,2,3,5,1,1,4,5,5,1,1,2,1,6,2,3,2,1,4
76a2fafb2fed4c,阳101H25,1,24,阳101H25,2,3,迟缓响应持续上升型,1,2,4,5,1,1,1,1,1,1,1,1,2,5,2,2,3,4,2,6
76ab254f4da31a,阳101H35,3,12,阳101H35,4,3,迟缓响应持续上升型,1,1,4,5,1,1,1,1,1,1,1,1,2,1,6,2,3,2,1,5
76b2e5a7448d80,泸203H9,2,27,泸203H9,1,3,迟缓响应持续上升型,1,2,4,1,6,1,1,1,1,1,1,1,2,5,2,2,3,4,2,5
76b380aa50b4cd,泸203H153,5,3,泸203H153,6,3,迟缓响应持续上升型,1,2,4,1,6,1,1,1,1,1,1,1,2,5,2,2,3,4,2,6
76c5ce2f1d3ba3,阳101H32,4,13,阳101H32,2,4,降压主导型,2,3,3,4,4,2,2,2,2,2,2,2,1,3,3,1,2,1,3,2
76cf7c7b056f4c,阳101H51,5,4,阳101H51,4,3,迟缓响应持续上升型,1,1,4,5,1,1,1,1,1,1,1,1,2,5,2,2,3,4,2,6
76d087f24f007c,泸208H1,4,9,泸208H1,5,2,早期上升趋缓型,1,2,2,1,6,1,1,4,4,4,1,1,2,1,6,2,3,2,1,4
7711c19a483e60,泸206H8,4,19,泸206H8,2,3,迟缓响应持续上升型,1,2,4,5,1,1,1,1,1,1,1,1,2,5,2,2,3,4,2,5
772fee93fd271e,阳101H2,2,6,阳101H2,6,3,迟缓响应持续上升型,1,2,4,5,1,1,1,1,1,1,1,1,2,5,2,2,3,4,2,5
7746573a40752b,阳101H32,4,2,阳101H32,3,1,低幅波动型,2,1,1,2,2,2,3,3,3,3,2,3,3,2,4,1,1,3,4,3
7760ac967cca6a,泸208H1,5,14,泸208H1,4,3,迟缓响应持续上升型,1,2,4,1,6,1,1,4,5,5,1,1,2,1,6,2,3,2,1,5
7786aa958bd98c,阳101H2,4,18,阳101H2,6,1,低幅波动型,2,1,1,2,2,2,3,3,3,3,2,3,3,2,4,1,1,3,4,3
778d26d38eb7f0,泸206H8,3,20,泸206H8,1,1,低幅波动型,2,1,1,2,2,2,2,2,2,2,2,3,3,2,4,1,1,3,4,1
7797783699bfd3,泸208H2,9,19,泸208H2,8,3,迟缓响应持续上升型,1,2,4,5,1,1,1,1,1,1,1,1,2,1,6,2,3,2,1,4
779a8a6961ff35,泸206H10,2,7,泸206H10,3,3,迟缓响应持续上升型,1,2,4,1,6,1,1,4,4,4,1,1,2,5,2,2,3,4,2,5
77b898a65eaf38,泸201H5,1,16,泸201H5,4,1,低幅波动型,2,1,1,2,2,2,3,3,3,3,2,3,3,2,1,1,1,3,5,3
77bdfa38524e20,泸201H5,4,12,泸201H5,3,3,迟缓响应持续上升型,1,2,4,5,1,1,1,1,1,1,1,1,2,5,2,2,3,4,2,6
77e3a7985632ef,阳101H26,,,阳101H26,2,1,低幅波动型,2,1,1,2,2,2,3,3,3,3,2,3,3,2,4,1,1,3,4,1
78265a68e51851,泸201H5,3,12,泸201H5,4,2,早期上升趋缓型,1,2,2,3,5,1,1,1,1,1,1,1,2,1,6,2,3,2,1,4
782926af4f2509,阳101H32,4,19,阳101H32,5,4,降压主导型,2,3,3,4,4,2,2,2,2,2,2,2,1,3,3,1,2,1,3,2
7843980d032151,泸208H2,4,4,泸208H2,5,2,早期上升趋缓型,1,2,2,3,5,1,1,1,1,1,1,1,2,1,6,2,3,2,1,4
784fb37d9f1b27,阳101H31,2,20,阳101H31,1,2,早期上升趋缓型,1,2,2,3,5,1,1,4,5,5,1,1,2,1,6,2,3,2,1,4
7878ba1f447136,泸208H2,9,10,泸208H2,10,3,迟缓响应持续上升型,1,2,4,5,1,1,1,1,1,1,1,1,2,5,2,2,3,4,2,6
788666e7af8bb6,泸206H10,4,11,泸206H10,2,1,低幅波动型,2,1,1,5,2,2,3,3,3,3,1,3,3,5,2,2,1,4,2,6
78c564849b4f80,泸201H5,4,22,泸201H5,3,2,早期上升趋缓型,1,2,2,3,5,1,1,4,5,5,1,1,2,1,6,2,3,2,1,4
78d64985511a7a,阳101H35,1,22,阳101H35,4,3,迟缓响应持续上升型,1,2,4,5,1,1,1,1,1,1,1,1,2,1,6,2,3,2,1,4
78ddc34a226e79,阳101H2,,,阳101H2,4,3,迟缓响应持续上升型,1,2,4,5,1,1,1,1,1,1,1,1,2,5,2,2,3,4,2,6
7903c04a9efcc2,阳101H32,6,10,阳101H32,4,3,迟缓响应持续上升型,1,2,4,5,1,1,1,1,1,1,1,1,2,1,6,2,3,2,1,5
7946ec8b3c1f38,阳101H2,322,1,阳101H2,5,1,低幅波动型,2,1,1,2,2,1,1,1,1,1,2,3,3,2,4,1,1,4,4,1
7969a7d98ebf71,阳101H35,1,19,阳101H35,4,3,迟缓响应持续上升型,1,2,4,5,1,1,1,1,1,1,1,1,2,5,2,2,3,4,2,6
796d955fdeeb9a,阳101H2,5,15,阳101H2,1,4,降压主导型,2,3,3,4,4,2,2,2,2,2,2,2,1,3,3,1,2,1,3,2
79f8bd66f42856,阳101H31,,,阳101H31,1,2,早期上升趋缓型,1,2,2,3,5,1,1,4,5,5,1,1,2,1,6,2,3,2,1,4
79fa0dba5a19f3,阳101H31,1,11,阳101H31,3,2,早期上升趋缓型,1,2,2,3,5,1,1,4,4,4,1,1,2,1,6,2,3,2,1,4
7a3978017eef0a,泸203H9,4,6,泸203H9,3,2,早期上升趋缓型,1,2,2,3,5,1,1,4,5,5,1,1,2,1,6,2,3,2,1,4
7a7a1fa163fd1c,阳101H35,3,13,阳101H35,1,4,降压主导型,2,3,3,4,3,2,2,2,2,6,2,2,1,3,3,1,2,1,3,2
7a829fb38e3b13,阳101H35,1,23,阳101H35,3,3,迟缓响应持续上升型,1,1,4,5,1,1,1,1,1,1,1,1,2,5,2,2,3,4,2,6
7a9f22b719b3a0,阳101H2,4,5,阳101H2,2,3,迟缓响应持续上升型,1,2,4,5,1,1,1,1,1,1,1,1,2,5,2,2,3,4,2,5
7aa137d4f124bf,泸203H9,3,3,泸203H9,2,1,低幅波动型,1,1,1,2,2,1,1,1,1,1,1,1,2,5,2,2,3,4,2,6
7aac3c64055a4a,阳101H51,5,4,阳101H51,6,3,迟缓响应持续上升型,1,2,4,5,1,1,1,1,1,1,1,1,2,1,6,2,3,2,1,5
7ad474df197976,泸203H10,2,4,泸203H10,1,3,迟缓响应持续上升型,1,2,4,1,6,1,1,4,4,4,1,3,2,5,2,2,3,4,2,6
7b0299b99dd527,泸206H8,,,泸206H8,1,3,迟缓响应持续上升型,1,1,4,5,1,1,1,1,1,1,1,1,2,5,2,2,3,4,2,6
7b09b6158a5223,阳101H51,5,2,阳101H51,6,2,早期上升趋缓型,1,2,2,3,5,1,1,1,1,1,1,1,2,1,6,2,3,2,1,4
7b11bf8bda451e,阳101H32,4,13,阳101H32,3,1,低幅波动型,2,1,1,2,2,2,3,3,3,3,2,3,3,2,4,1,1,3,5,3
7b258de359e951,阳101H31,2,15,阳101H31,1,3,迟缓响应持续上升型,1,2,4,5,1,1,1,1,1,1,1,1,2,5,2,2,3,4,2,6
7b6a3e305a37b8,阳101H32,6,9,阳101H32,4,1,低幅波动型,2,1,1,2,2,2,3,3,3,3,2,3,3,2,4,1,1,3,4,1
7b8ea635ff54cb,阳101H33,3,4,阳101H33,2,3,迟缓响应持续上升型,1,2,4,1,6,1,1,4,4,4,1,1,2,5,2,2,3,4,2,5
7b990c9b90087f,泸201H5,4,16,泸201H5,3,3,迟缓响应持续上升型,1,2,4,5,1,1,1,1,1,1,1,1,2,5,2,2,3,4,2,5
7bb888c92457c1,泸203H11,5,8,泸203H11,6,2,早期上升趋缓型,1,2,2,3,5,1,1,4,5,5,1,1,2,1,6,2,3,2,1,4
7bb91394437a02,泸203H11,1,3,泸203H11,8,3,迟缓响应持续上升型,1,2,4,1,6,1,1,4,4,4,1,1,2,5,2,2,3,4,2,5
7bbceac59d5d63,阳101H31,3,14,阳101H31,5,4,降压主导型,2,3,3,2,4,2,3,3,3,3,2,2,1,2,1,1,2,1,5,3
7bc37b23a20544,阳101H35,1,23,阳101H35,4,1,低幅波动型,2,1,1,2,2,2,3,3,3,3,2,3,3,2,4,1,1,3,4,3
7bdd9409ec0bd0,泸201H5,1,2,泸201H5,2,3,迟缓响应持续上升型,1,1,4,5,1,1,1,1,1,1,1,1,2,1,2,2,3,4,2,6
7c01dbb2fad912,泸203H64,2,2,泸203H64,3,1,低幅波动型,2,1,1,2,2,2,3,3,3,3,2,3,3,2,1,1,1,3,5,3
7c17e775df5aea,阳101H26,,,阳101H26,1,1,低幅波动型,2,1,1,2,2,2,3,3,3,3,1,3,3,2,4,1,1,3,4,1
7c1f6e17952bea,阳101H31,2,16,阳101H31,1,3,迟缓响应持续上升型,1,2,4,1,6,1,1,4,4,4,1,1,2,1,6,2,3,2,1,5
7c22e4b3f9228f,阳101H32,4,2,阳101H32,5,2,早期上升趋缓型,1,2,2,3,5,1,1,4,5,5,1,1,2,1,6,2,3,2,1,4
7c28349c7a1b57,泸203H66,,,泸203H66,1,3,迟缓响应持续上升型,1,2,4,5,1,1,1,1,1,1,1,1,2,5,2,2,3,4,2,6
7c36fb631968ab,泸208H1,4,6,泸208H1,3,3,迟缓响应持续上升型,1,2,4,1,6,1,1,4,4,4,1,1,2,5,2,2,3,4,2,6
7c4f19fb73434c,阳101H51,4,6,阳101H51,2,3,迟缓响应持续上升型,1,2,4,5,1,1,1,1,1,1,1,1,2,5,2,2,3,4,2,5
7c5b428e4672aa,泸208H2,9,9,泸208H2,10,3,迟缓响应持续上升型,1,2,4,5,1,1,1,1,1,1,1,1,2,5,2,2,3,4,2,6
7c64d087b88478,阳101H33,3,5,阳101H33,1,3,迟缓响应持续上升型,1,2,4,5,1,1,1,1,1,1,1,1,2,5,2,2,3,4,2,6
7c6989ab1ad369,泸206H8,4,2,泸206H8,6,2,早期上升趋缓型,1,1,2,3,5,1,1,1,1,1,1,1,2,1,6,2,3,2,1,4
7cb0a1a7bd752d,阳101H2,5,15,阳101H2,3,1,低幅波动型,2,1,1,2,2,2,3,3,3,3,2,3,3,2,4,1,1,3,4,1
7cdd37ba33db3c,阳101H34,3,10,阳101H34,1,3,迟缓响应持续上升型,1,2,4,5,1,1,1,1,1,1,1,1,2,1,6,2,3,4,1,5
7d1be19a0d26b8,阳101H75,2,6,阳101H75,5,2,早期上升趋缓型,1,2,2,5,1,1,1,1,1,1,1,1,2,1,6,2,3,2,1,4
7d2024ad4a1354,泸201H5,2,12,泸201H5,1,1,低幅波动型,2,1,1,2,2,2,3,3,3,3,2,3,3,2,4,1,1,3,4,1
7d4efc2da90b83,泸203H64,1,20,泸203H75,2,1,低幅波动型,2,1,1,2,2,2,3,3,3,3,2,3,3,2,4,1,1,3,4,1
7d584c60f496f3,阳101H35,1,4,阳101H35,4,1,低幅波动型,2,1,1,2,2,2,3,3,3,3,2,3,3,2,4,1,1,3,4,1
7da057dc2faedb,泸201H5,2,5,泸201H5,3,1,低幅波动型,2,1,1,2,2,2,3,3,3,3,2,3,3,2,4,1,1,3,4,1
7db8f5de343fbe,阳101H32,2,15,阳101H32,1,1,低幅波动型,2,1,1,2,2,2,3,3,3,3,2,3,3,2,4,1,1,3,4,3
7dc0c2dce9d1d9,阳101H2,2,12,阳101H2,1,1,低幅波动型,2,3,1,2,4,2,2,2,2,2,2,2,1,3,3,1,2,1,5,2
7deae4154926ad,阳101H2,2,8,阳101H26,3,3,迟缓响应持续上升型,1,1,4,5,1,1,1,1,1,1,1,1,2,5,2,2,3,4,2,6
7e03d41670dddb,阳101H35,2,6,阳101H35,4,1,低幅波动型,2,1,1,2,2,2,3,3,3,3,2,3,3,2,4,1,1,3,4,1
7e0822a63c888a,泸208H2,9,18,泸208H2,8,3,迟缓响应持续上升型,1,2,4,5,1,1,1,1,1,1,1,1,2,5,2,2,3,4,2,5
7e161205c550b8,阳101H31,2,19,阳101H31,1,2,早期上升趋缓型,1,2,2,3,5,1,1,4,5,5,1,1,2,1,6,2,3,2,1,4
7e1bc3fc8c4767,阳101H2,2,2,阳101H2,3,1,低幅波动型,2,1,1,2,2,2,3,3,3,3,2,3,3,2,4,1,1,3,4,1
7e39fb42e4c231,泸208H1,4,1,泸208H1,5,4,降压主导型,1,3,3,1,3,2,2,2,2,6,2,3,3,2,4,1,1,4,2,6
7e4f1dfa8395fe,泸203H64,3,12,泸203H64,1,3,迟缓响应持续上升型,1,2,4,1,6,1,1,4,4,4,1,1,2,5,2,2,3,4,2,6
7e75e7aaa2d728,阳101H34,2,18,阳101H34,4,3,迟缓响应持续上升型,1,2,4,5,1,1,1,1,1,1,1,1,2,1,6,2,3,2,1,5
7e96227f85eb48,泸203H76,2,6,泸203H76,1,3,迟缓响应持续上升型,1,2,4,1,6,1,1,4,4,4,1,1,2,5,2,2,3,4,2,5
7ea8243c73d68e,阳101H35,2,17,阳101H35,1,3,迟缓响应持续上升型,1,2,4,5,1,1,1,1,1,1,1,1,2,1,6,2,3,2,1,5
7eaa9476134b15,泸201H5,1,9,泸201H5,2,3,迟缓响应持续上升型,1,1,4,5,1,1,1,1,1,1,1,1,2,5,2,2,3,4,2,6
7eac2ac3d5b8a7,泸208H2,8,12,泸208H2,7,3,迟缓响应持续上升型,1,2,4,5,1,1,1,1,1,1,1,1,2,1,6,2,3,2,1,5
7ec85cb3daa0b9,阳101H43,,,阳101H43,2,3,迟缓响应持续上升型,1,2,4,1,6,1,1,4,4,4,1,1,2,5,2,2,3,4,2,6
7eff10a4311c05,泸203H66,,,泸203H66,sensor:No01,2,早期上升趋缓型,1,2,2,3,5,1,1,4,5,5,1,1,2,1,6,2,3,2,1,4
7f00b01e5f15f1,泸206H8,4,8,泸206H8,2,1,低幅波动型,1,1,1,5,1,1,1,1,1,1,1,1,2,1,6,2,3,2,1,4
7f029a69033299,阳101H32,4,6,阳101H32,1,1,低幅波动型,2,1,1,2,2,2,3,3,3,3,1,3,3,2,4,1,1,3,4,1
7f1d634a6aa887,泸208H2,9,16,泸208H2,10,3,迟缓响应持续上升型,1,2,4,1,6,1,1,4,4,4,1,1,2,5,2,2,3,2,1,5
7f265a41ef93e8,阳101H32,6,10,阳101H32,3,1,低幅波动型,2,1,1,2,2,2,3,3,3,3,2,3,3,2,4,1,1,3,4,1
7f2d1ad693c70b,泸203H66,,,泸203H66,2,3,迟缓响应持续上升型,1,2,4,1,6,1,1,4,4,4,1,1,2,5,2,2,3,2,1,5
7f670e604e13b1,泸208H2,8,12,泸208H2,9,2,早期上升趋缓型,1,2,2,3,5,1,1,4,5,5,1,1,2,1,6,2,3,2,1,4
7f693ddf88e36f,泸208H1,5,18,泸208H1,4,2,早期上升趋缓型,1,2,2,3,5,1,1,4,5,5,1,1,2,1,6,2,3,2,1,4
7f77107acaf8d2,泸206H8,,,泸206H8,1,3,迟缓响应持续上升型,1,2,4,5,1,1,1,1,1,1,1,1,2,5,2,2,3,4,2,5
7f8065b88b5320,泸201H5,1,9,泸201H5,4,4,降压主导型,2,3,3,4,3,2,2,2,2,6,2,2,1,3,3,1,2,1,3,2
7f941e02588ffa,泸208H2,8,1,泸208H2,7,3,迟缓响应持续上升型,1,2,4,1,6,1,1,4,4,4,1,1,2,1,6,2,3,2,1,5
7fa42e3c9bea2e,阳101H2,4,17,阳101H2,6,2,早期上升趋缓型,1,2,2,3,5,1,1,4,5,5,1,1,2,1,6,2,3,2,1,4
7fb609e1b1ff03,阳101H2,,,阳101H2,6,1,低幅波动型,2,1,1,2,2,2,3,3,3,3,2,3,3,2,4,1,1,3,4,3
7fbd96369b0627,泸201H5,2,20,泸201H5,4,1,低幅波动型,2,1,1,2,2,2,3,3,3,3,2,3,3,2,4,1,1,3,4,1
7fbeb55739b514,泸203H64,1,7,泸203H64,2,1,低幅波动型,2,1,1,2,2,2,3,3,3,3,2,3,3,2,1,1,1,3,5,3
7ff9ca32cde1f0,阳101H32,4,19,阳101H32,6,2,早期上升趋缓型,1,2,2,3,5,1,1,4,5,5,1,1,2,1,6,2,3,2,1,4
8003c9f1dc8011,泸203H64,5,4,泸203H64,7,3,迟缓响应持续上升型,1,2,4,5,1,1,1,1,1,1,1,1,2,5,2,2,3,4,2,6
800ae859c6ca51,阳101H2,5,16,阳101H2,6,2,早期上升趋缓型,1,2,2,3,5,1,1,4,5,5,1,1,2,1,6,2,3,2,1,4
80208aabc47222,阳101H2,,,阳101H2,3,1,低幅波动型,2,1,1,2,2,2,3,3,3,3,2,3,3,2,4,1,1,3,4,3
802a824f67ea36,阳101H2,322,1,阳101H2,4,2,早期上升趋缓型,1,1,2,3,5,1,1,1,1,1,1,1,2,1,6,2,3,2,1,4
80361dcb6859d9,阳101H34,2,10,阳101H34,1,3,迟缓响应持续上升型,1,2,4,5,1,1,1,1,1,1,1,1,2,1,6,2,3,2,1,5
80634da2b01ed5,泸206H8,2,19,泸206H8,1,2,早期上升趋缓型,1,2,2,3,5,1,1,4,5,5,1,1,2,1,6,2,3,2,1,4
808ce12c91f412,泸203H9,3,6,泸203H9,4,3,迟缓响应持续上升型,1,2,4,1,6,1,1,4,4,4,1,1,2,1,6,2,3,2,1,5
80b127bab9ca1d,阳101H32,2,22,阳101H32,7,1,低幅波动型,2,3,1,2,4,2,3,3,3,3,2,2,1,3,3,1,2,1,5,2
80b43518e55f33,阳101H31,5,13,阳101H31,4,2,早期上升趋缓型,1,2,2,3,5,1,1,1,1,1,1,1,2,1,6,2,3,2,1,4
80c0cac37e7a90,泸203H66,,,泸203H66,3,3,迟缓响应持续上升型,1,2,4,1,6,1,1,1,1,1,1,1,2,5,2,2,3,4,2,5
80cd54964d7c57,泸201H5,1,13,泸201H5,2,4,降压主导型,2,3,3,4,3,2,2,2,2,6,2,2,1,3,3,1,2,1,3,2
80dda23b6438f3,阳101H2,,,阳101H2,4,2,早期上升趋缓型,1,2,2,3,5,1,1,1,1,1,1,1,2,1,6,2,3,2,1,4
80e61536e51458,阳101H35,1,1,阳101H35,4,1,低幅波动型,2,1,1,2,2,2,3,3,3,3,2,3,3,2,1,1,1,3,5,3
80ed8bb9fd0b10,阳101H34,5,6,阳101H34,6,3,迟缓响应持续上升型,1,2,4,5,1,1,1,1,1,1,1,1,2,5,2,2,3,4,2,6
813fd4f7ffee35,阳101H35,2,13,阳101H35,4,3,迟缓响应持续上升型,1,1,4,5,1,1,1,1,1,1,1,1,2,1,6,2,3,4,1,6
8158684d6a05f3,阳101H2,282,15,阳101H32,7,1,低幅波动型,2,1,1,2,2,2,3,3,3,3,2,3,3,2,4,1,1,3,4,1
8169a81ae20ca9,泸208H2,10,21,泸208H2,9,3,迟缓响应持续上升型,1,2,4,1,6,1,1,4,4,4,1,1,2,1,6,2,3,2,1,5
818fa3a322b7ef,阳101H31,3,2,阳101H31,1,3,迟缓响应持续上升型,1,2,4,5,1,1,1,1,1,1,1,1,2,5,2,2,3,4,2,5
81b355abeb2a73,泸203H64,3,2,泸203H64,1,4,降压主导型,2,3,3,4,4,2,2,2,2,2,2,2,1,3,3,1,2,1,3,2
81b740f5d3c901,泸203H64,4,4,泸203H64,2,4,降压主导型,2,3,3,4,3,2,2,2,2,6,2,3,3,2,1,1,2,1,5,2
81b74b1622fc1c,泸203H64,2,4,泸203H64,1,1,低幅波动型,2,1,1,2,2,2,3,3,3,3,2,3,3,2,1,1,1,3,5,3
81b75d354a3435,阳101H26,,,阳101H26,4,1,低幅波动型,2,1,1,5,2,1,1,1,1,1,2,3,3,2,4,1,1,3,4,1
81ccbefb55373a,泸201H5,4,8,泸201H5,3,4,降压主导型,2,3,3,4,3,2,2,2,2,6,2,3,3,2,1,1,2,1,5,3
820d12ee3ad183,泸201H5,4,25,泸201H5,2,1,低幅波动型,2,1,1,2,2,2,3,3,3,3,2,3,3,2,4,1,1,3,4,3
8213651b6e80a5,泸208H2,7,2,泸208H2,6,3,迟缓响应持续上升型,1,2,4,1,6,1,1,1,1,1,1,1,2,5,2,2,3,4,2,5
82196f58c83c3e,阳101H75,2,21,阳101H75,3,2,早期上升趋缓型,1,2,2,3,5,1,1,4,5,5,1,1,2,1,6,2,3,2,1,4
821b40b7e217e4,阳101H2,2,14,阳101H2,4,1,低幅波动型,2,1,1,2,2,2,3,3,3,3,2,3,3,2,4,1,1,3,4,3
8240b5479db680,泸201H5,1,14,泸201H5,2,2,早期上升趋缓型,1,2,2,3,5,1,1,4,5,5,1,1,2,1,6,2,3,2,1,4
826de0a79ab618,泸203H66,2,16,泸203H66,3,3,迟缓响应持续上升型,1,2,4,3,5,1,1,1,1,1,1,1,2,1,6,2,3,2,1,5
8271240cbcbda7,阳101H31,6,27,阳101H31,5,3,迟缓响应持续上升型,1,2,4,5,1,1,1,1,1,1,1,1,2,1,2,2,3,4,2,6
827a2d9308a3ca,泸206H8,2,19,泸206H8,1,3,迟缓响应持续上升型,1,2,4,1,6,1,1,4,4,4,1,1,2,5,2,2,3,4,1,5
8288223168c2fa,阳101H2,,,阳101H2,4,3,迟缓响应持续上升型,1,2,4,5,1,1,1,1,1,1,1,1,2,1,6,2,3,2,1,4
8291e9c7fe2405,阳101H32,4,4,阳101H32,1,1,低幅波动型,2,1,1,2,2,2,3,3,3,3,2,3,3,2,4,1,1,3,4,1
82973e396a4356,阳101H31,1,16,阳101H31,2,2,早期上升趋缓型,1,2,2,3,5,1,1,1,1,1,1,1,2,1,6,2,3,2,1,4
82b8e4a99f46c3,泸203H64,,,泸203H64,1,1,低幅波动型,2,1,1,2,2,2,3,3,3,3,2,3,3,2,4,1,1,3,5,3
82c773d4a8ed5c,泸203H76,4,10,泸203H76,2,3,迟缓响应持续上升型,1,2,4,5,1,1,1,1,1,1,1,1,2,5,2,2,3,4,2,6
82d4fe8d436d2a,阳101H51,1,15,阳101H51,3,1,低幅波动型,2,1,1,5,1,2,2,2,2,2,2,3,3,2,4,1,1,4,2,6
82e9755b572fc8,阳101H35,3,2,阳101H35,2,1,低幅波动型,2,1,1,5,1,1,1,1,1,1,2,3,3,2,4,1,1,3,2,1
8303201d41a150,泸203H8,2,2,泸203H8,3,2,早期上升趋缓型,1,2,2,3,5,1,1,1,1,1,1,1,2,1,6,2,3,2,1,4
8319f7f6beed56,阳101H31,,,阳101H31,3,2,早期上升趋缓型,1,2,2,3,5,1,1,1,1,1,1,1,2,1,6,2,3,2,1,4
831ae074185271,阳101H34,2,9,阳101H34,4,3,迟缓响应持续上升型,1,2,4,5,1,1,1,1,1,1,1,1,2,5,2,2,3,4,2,6
832f57dfdba0c7,阳101H2,5,14,阳101H2,6,1,低幅波动型,1,1,1,5,1,1,1,1,1,1,1,1,2,5,2,2,3,4,2,6
834009dd400fc1,泸201H5,4,19,泸201H5,2,4,降压主导型,2,3,3,4,4,2,2,2,2,2,2,2,1,3,3,1,2,1,3,2
8348fb940a1392,泸208H1,5,10,泸208H1,4,2,早期上升趋缓型,1,2,2,3,5,1,1,4,5,5,1,1,2,1,6,2,3,2,1,4
835f6ac61cc926,泸201H5,3,23,泸201H5,4,3,迟缓响应持续上升型,1,1,4,5,1,1,1,1,1,1,1,1,2,5,2,2,3,4,2,6
836f5d445d1e6a,阳101H35,2,11,阳101H35,4,1,低幅波动型,2,1,1,2,2,2,3,3,3,3,2,3,3,2,4,1,1,3,4,1
837caf24b8f771,泸203H64,5,9,泸203H64,1,3,迟缓响应持续上升型,1,1,4,5,1,1,1,1,1,1,1,1,2,5,2,2,3,4,2,6
83ab10b32dbdc2,泸201H5,4,6,泸201H5,1,1,低幅波动型,2,1,1,2,2,2,3,3,3,3,2,3,3,2,4,1,1,3,4,1
83af4e003ebeff,泸201H5,4,8,泸201H5,3,3,迟缓响应持续上升型,1,2,4,1,6,1,1,1,1,1,1,1,2,5,2,2,3,4,2,6
83b343a76d9f3c,阳101H51,3,26,阳101H51,6,3,迟缓响应持续上升型,1,1,4,5,1,1,1,1,1,1,1,1,2,5,2,2,3,4,2,6
83c94da279db3b,泸201H5,4,6,泸201H5,3,3,迟缓响应持续上升型,1,2,4,1,6,1,1,4,4,4,1,1,2,1,6,2,3,2,1,5
83d0fd8674eab7,泸203H64,4,11,泸203H64,5,3,迟缓响应持续上升型,1,2,4,5,1,1,1,1,1,1,1,1,2,5,2,2,3,4,2,5
83e106f0e0cbbd,泸203H64,3,1,泸203H64,1,4,降压主导型,2,3,3,4,4,2,2,2,2,2,2,2,1,3,3,1,2,1,3,2
83e1835bf060b5,阳101H51,2,11,阳101H51,1,1,低幅波动型,1,1,1,5,1,1,1,1,1,1,1,1,2,5,2,2,3,4,2,6
840c2e5a561c68,泸201H5,4,24,泸201H5,2,1,低幅波动型,2,1,1,2,2,2,3,3,3,3,2,3,3,2,4,1,1,3,5,3
840c66379798da,阳101H34,4,12,阳101H34,3,3,迟缓响应持续上升型,1,2,4,1,6,1,1,4,4,4,1,1,2,5,2,2,3,4,2,5
842e02a6337a9f,泸208H2,9,10,泸208H2,8,2,早期上升趋缓型,1,2,2,1,6,1,1,4,4,4,1,1,2,5,2,2,3,2,1,5
8430411839d685,泸208H2,10,20,泸208H2,9,3,迟缓响应持续上升型,1,2,4,1,6,1,1,4,4,4,1,1,2,5,2,2,3,2,1,5
8436c36c83830c,阳101H51,5,1,阳101H51,6,3,迟缓响应持续上升型,1,2,4,1,6,1,1,4,4,4,1,1,2,1,6,2,3,2,1,5
8438cf19ea2a4f,泸201H5,3,4,泸201H5,2,1,低幅波动型,2,1,1,2,2,2,3,3,3,3,2,3,3,2,1,1,1,3,5,3
844a51a7c93d18,泸208H2,10,18,泸208H2,9,3,迟缓响应持续上升型,1,2,4,1,6,2,2,2,2,6,1,1,2,5,2,2,3,4,2,6
8459027b880871,泸203H9,2,2,泸203H9,3,3,迟缓响应持续上升型,1,2,4,5,1,1,1,1,1,1,1,1,2,5,2,2,3,4,2,6
84ad0528b23a4c,泸201H5,1,8,泸201H5,3,1,低幅波动型,2,1,1,2,2,2,3,3,3,3,2,3,3,2,4,1,1,3,4,1
84b58785444edf,阳101H2,326,20,阳101H2,8,3,迟缓响应持续上升型,1,2,4,1,6,1,1,1,1,1,1,1,2,5,2,2,3,4,2,5
84ba72f3d589cd,阳101H2,6,19,阳101H2,4,3,迟缓响应持续上升型,1,2,4,5,1,1,1,1,1,1,1,1,2,1,6,2,3,4,1,6
84c9175ca4d49a,阳101H25,1,26,阳101H25,2,3,迟缓响应持续上升型,1,2,4,5,1,1,1,1,1,1,1,1,2,5,2,2,3,4,2,5
84dd97fd9defd9,泸201H5,2,21,泸201H5,1,4,降压主导型,2,3,3,4,4,2,2,2,2,2,2,2,1,3,3,1,2,1,3,2
84eafb572cb7c0,阳101H32,2,14,阳101H32,7,1,低幅波动型,2,1,1,2,2,2,3,3,3,3,2,3,3,2,1,1,1,3,5,3
850c988ebc2e62,泸206H8,5,14,泸206H8,3,1,低幅波动型,2,1,1,2,2,2,3,3,3,3,2,3,3,2,4,1,1,3,4,1
852d282374749b,阳101H2,,,阳101H2,6,4,降压主导型,2,3,3,4,4,2,2,2,2,2,2,2,1,3,3,1,2,1,3,2
852e49b8b63f5c,泸206H8,5,11,泸206H8,8,4,降压主导型,2,3,3,4,4,2,2,2,2,2,2,2,1,3,3,1,2,1,3,2
854a083d53443c,泸203H76,1,18,泸203H76,4,4,降压主导型,2,3,3,4,3,2,2,2,2,6,2,2,1,3,3,1,2,1,3,2
854a1638ff6f8f,泸208H1,2,10,泸208H2,5,3,迟缓响应持续上升型,1,2,4,5,1,1,1,1,1,1,1,1,2,5,2,2,3,4,2,6
8551fc51361d56,阳101H2,,,阳101H2,2,3,迟缓响应持续上升型,1,2,4,5,1,1,1,1,1,1,1,1,2,1,6,2,3,2,1,5
8598b7a99bfe88,阳101H35,2,7,阳101H35,3,3,迟缓响应持续上升型,1,2,4,1,6,1,1,1,1,1,1,1,2,1,6,2,3,2,1,4
85ad94166ab5a7,泸203H76,4,16,泸203H76,1,1,低幅波动型,2,3,1,2,4,2,3,3,3,3,2,3,3,2,1,1,1,3,5,3
85fe388cddfba9,泸208H2,1,19,泸208H2,2,2,早期上升趋缓型,1,2,2,3,5,1,1,4,5,5,1,1,2,1,6,2,3,2,1,4
8612e941de227a,泸201H5,4,18,泸201H5,2,1,低幅波动型,2,1,1,2,2,2,3,3,3,3,2,2,1,2,1,1,1,3,5,3
86175bac75de2a,阳101H2,2,16,阳101H2,8,4,降压主导型,2,3,3,4,4,2,2,2,2,2,2,2,1,3,3,1,2,1,3,2
862f9def792763,阳101H35,2,21,阳101H35,3,3,迟缓响应持续上升型,1,1,4,5,1,1,1,1,1,1,1,1,2,5,2,2,3,4,2,6
8646eb7f246b15,阳101H34,2,5,阳101H34,3,2,早期上升趋缓型,1,2,2,3,5,1,1,4,5,5,1,1,2,1,6,2,3,2,1,4
864d723ff37757,阳101H75,6,11,阳101H75,5,2,早期上升趋缓型,1,2,2,3,5,1,1,4,5,5,1,1,2,1,6,2,3,2,1,4
865a5c0666e563,泸203H64,3,2,泸203H64,4,2,早期上升趋缓型,1,2,2,3,5,1,1,4,5,5,1,1,2,1,6,2,3,2,1,4
869ff6e270f4bf,阳101H34,2,4,阳101H34,3,2,早期上升趋缓型,1,2,2,3,5,1,1,4,5,5,1,1,2,1,6,2,3,2,1,4
86b7570ab052e8,泸203H11,2,9,泸203H11,1,3,迟缓响应持续上升型,1,2,4,1,6,1,1,4,4,4,1,1,2,1,6,2,3,2,1,5
86e1cf4d3386ff,阳101H75,6,8,阳101H75,4,3,迟缓响应持续上升型,1,2,4,1,6,1,1,1,1,1,1,1,2,5,2,2,3,2,1,5
870dfb65319ccd,阳101H2,,,阳101H2,5,1,低幅波动型,2,1,1,5,1,2,3,3,3,3,1,3,3,5,2,2,3,4,2,6
87134bab057e5d,阳101H26,,,阳101H26,1,1,低幅波动型,2,1,1,2,2,2,3,3,3,3,2,3,3,2,4,1,1,3,4,3
87179bf8c72f72,泸203H64,5,9,泸203H64,2,1,低幅波动型,1,1,1,5,1,1,1,1,1,1,1,1,2,5,2,2,3,4,2,6
873f052c7a9109,泸201H5,2,23,泸201H5,3,1,低幅波动型,2,1,1,2,2,2,3,3,3,3,2,3,3,2,4,1,1,3,4,1
873fd10fad7d84,阳101H31,,,阳101H31,1,2,早期上升趋缓型,1,2,2,3,5,1,1,1,1,1,1,1,2,1,6,2,3,2,1,4
87480d2cd8ee0e,阳101H34,4,22,阳101H34,3,3,迟缓响应持续上升型,1,2,4,1,6,1,1,1,1,1,1,1,2,1,6,2,3,2,1,5
874aa4c95bd03a,泸203H64,5,5,泸203H64,3,3,迟缓响应持续上升型,1,2,4,1,6,1,1,1,1,1,1,1,2,5,2,2,3,4,2,6
875b60c44310e4,阳101H35,3,7,阳101H35,1,2,早期上升趋缓型,1,2,2,3,5,1,1,1,1,1,1,1,2,1,6,2,3,2,1,4
87642e1b562d93,阳101H2,,,阳101H32,2,3,迟缓响应持续上升型,1,2,4,5,1,1,1,1,1,1,1,1,2,5,2,2,3,4,2,6
877eb5379188c1,阳101H2,6,8,阳101H2,5,1,低幅波动型,2,1,1,2,2,2,3,3,3,3,2,3,3,2,4,1,1,3,4,3
878b4bc49f0c88,泸208H2,9,6,泸208H2,8,3,迟缓响应持续上升型,1,1,4,5,1,1,1,1,1,1,2,3,3,2,4,1,1,4,2,1
87b9d80daed036,泸201H5,3,15,泸201H5,1,1,低幅波动型,2,1,1,2,4,2,3,3,3,3,2,2,1,3,1,1,2,1,5,3
87d07a62bc563d,阳101H31,3,13,阳101H31,4,1,低幅波动型,2,1,1,2,4,2,3,3,3,3,2,2,1,3,1,1,2,1,5,3
87dbe993b446ee,泸208H1,2,18,泸208H2,5,3,迟缓响应持续上升型,1,2,4,5,1,1,1,1,1,1,1,1,2,5,2,2,3,4,2,6
881db431bfc0a5,泸201H5,2,6,泸201H5,1,1,低幅波动型,2,1,1,2,2,2,3,3,3,3,2,3,3,2,4,1,1,3,4,1
8848b87d70b420,阳101H26,,,阳101H26,3,1,低幅波动型,2,1,1,2,2,2,3,3,3,3,2,3,3,2,4,1,1,3,4,1
886b03c77ea5a3,泸203H76,1,7,泸203H76,4,4,降压主导型,2,3,3,4,4,2,2,2,2,2,2,2,1,3,3,1,2,1,3,2
8871994ee47b7b,阳101H35,1,4,阳101H35,2,3,迟缓响应持续上升型,1,2,4,1,6,1,1,4,4,4,1,1,2,5,2,2,3,4,2,6
888621743083f2,泸201H5,2,17,泸201H5,3,1,低幅波动型,2,1,1,2,2,2,3,3,3,3,2,3,3,2,4,1,1,3,4,1
888668a0516b53,泸203H64,3,6,泸203H64,5,1,低幅波动型,2,1,1,2,2,2,2,2,2,2,2,2,1,2,1,1,1,3,5,3
888f69998ab16d,泸201H5,1,3,泸201H5,2,3,迟缓响应持续上升型,1,2,4,5,1,1,1,1,1,1,1,1,2,5,2,2,3,4,2,6
88902f6a456486,阳101H35,3,6,阳101H35,1,4,降压主导型,2,3,3,4,3,2,2,2,2,2,2,2,1,3,3,1,2,1,3,2
889b76d3fe2047,阳101H34,2,17,阳101H34,4,3,迟缓响应持续上升型,1,2,4,5,1,1,1,1,1,1,1,1,2,5,2,2,3,4,1,5
88a175986a8e99,泸201H5,3,19,泸201H5,1,1,低幅波动型,2,1,1,2,2,2,3,3,3,3,2,3,3,2,4,1,1,3,4,1
88bbf3da88b8c1,阳101H34,2,16,阳101H34,3,3,迟缓响应持续上升型,1,2,4,1,6,1,1,1,1,1,1,1,2,5,2,2,3,4,2,5
88c3368802685c,阳101H32,2,7,阳101H32,6,3,迟缓响应持续上升型,1,2,4,1,6,1,1,4,4,4,1,1,2,1,6,2,3,2,1,5
88d604e38b9a23,阳101H2,,,阳101H2,1,4,降压主导型,2,3,3,4,4,2,2,2,2,2,2,2,1,3,1,1,2,1,3,2
88ead40cb02cad,泸203H66,1,17,泸203H66,3,1,低幅波动型,2,1,1,2,2,2,2,2,2,2,2,3,3,2,1,1,1,3,5,3
891df42a1be292,阳101H32,6,9,阳101H32,5,4,降压主导型,2,3,3,4,4,2,2,2,2,2,2,2,1,3,3,1,2,1,3,2
894d934c0451a0,泸206H10,3,7,泸206H10,5,1,低幅波动型,2,1,1,2,4,2,3,3,3,3,2,2,1,3,1,1,2,1,5,3
8960977ede1e54,泸208H2,5,17,泸208H2,4,3,迟缓响应持续上升型,1,2,4,1,6,1,1,4,4,4,1,1,2,5,2,2,3,4,2,5
897f84c9357025,泸206H8,4,19,泸206H8,8,1,低幅波动型,2,1,1,2,2,2,2,2,2,2,2,3,3,2,1,1,1,3,5,3
8985fd422d2a83,泸208H2,9,7,泸208H2,10,3,迟缓响应持续上升型,1,2,4,1,6,1,1,4,4,4,1,1,2,5,2,2,3,4,2,5
89a3ca523c6cb9,泸203H76,4,8,泸203H76,1,3,迟缓响应持续上升型,1,2,4,5,1,1,1,1,1,1,1,1,2,5,2,2,3,2,1,6
89ab8f935c5121,阳101H35,2,3,阳101H35,1,3,迟缓响应持续上升型,1,2,4,1,6,1,1,4,4,4,1,1,2,5,2,2,3,4,2,5
89aed3b159bb8b,泸201H5,2,12,泸201H5,3,1,低幅波动型,2,1,1,2,2,2,3,3,3,3,2,3,3,2,4,1,1,3,4,3
89b2015bfda95b,泸203H64,2,5,泸203H64,3,1,低幅波动型,2,1,1,2,2,2,3,3,3,3,2,3,3,2,1,1,1,3,5,3
89c7c0e0ddd20c,泸203H153,5,17,泸203H153,6,2,早期上升趋缓型,1,2,2,3,5,1,1,4,5,5,1,1,2,1,6,2,3,2,1,4
89e92924664ce3,泸201H5,2,2,泸201H5,1,1,低幅波动型,1,1,1,5,1,1,1,1,1,1,1,1,2,5,2,2,3,4,2,6
89f48bc1e83f2a,阳101H2,222,9,阳101H32,8,1,低幅波动型,2,3,1,2,4,2,3,3,3,3,2,2,1,3,3,1,2,1,3,2
89f7625fcd2995,阳101H26,,,阳101H26,2,4,降压主导型,2,3,3,4,4,2,2,2,2,2,2,2,1,3,3,1,2,1,3,2
8a127adfe84533,泸203H9,2,17,泸203H9,1,2,早期上升趋缓型,1,2,2,3,5,1,1,1,1,1,1,1,2,1,6,2,3,2,1,4
8a1945d059b2b6,阳101H51,2,16,阳101H51,3,3,迟缓响应持续上升型,1,2,4,1,6,1,1,1,1,1,1,1,2,5,2,2,3,4,2,5
8a484ec49aa94c,泸203H76,3,15,泸203H76,1,2,早期上升趋缓型,1,2,2,5,1,1,1,1,1,1,1,1,2,1,6,2,3,2,1,4
8a58d5d83e7b4d,泸201H5,4,5,泸201H5,1,1,低幅波动型,2,1,1,2,2,2,3,3,3,3,1,3,3,2,4,1,1,3,4,1
8a6c8b62f8282d,阳101H32,4,3,阳101H32,7,1,低幅波动型,2,1,1,2,2,2,3,3,3,3,2,3,3,2,4,1,1,3,4,3
8a88fc4ca14f7e,泸203H64,5,5,泸203H64,1,3,迟缓响应持续上升型,1,1,4,5,1,1,1,1,1,1,1,1,2,1,6,2,3,4,2,6
8a8c7e1a40c396,泸208H2,10,17,泸208H2,9,2,早期上升趋缓型,1,2,2,3,5,1,1,4,5,5,1,1,2,1,6,2,3,2,1,4
8abb42d0d37adc,泸203H64,3,13,泸203H64,1,3,迟缓响应持续上升型,2,1,4,5,1,2,2,2,2,2,2,3,3,2,4,1,1,4,2,6
8ac76d3e397596,阳101H51,2,2,阳101H51,1,2,早期上升趋缓型,1,2,2,1,6,1,1,4,4,4,1,1,2,1,6,2,3,2,1,4
8ad50ccf6e2e18,阳101H2,2,2,阳101H2,5,4,降压主导型,2,3,3,4,3,2,2,2,2,6,2,2,1,3,3,1,2,1,3,2
8ad5447a992305,阳101H2,,,阳101H2,4,4,降压主导型,2,3,3,4,3,2,2,2,2,6,2,2,1,3,1,1,2,1,3,2
8ae0acf2b29148,阳101H31,4,19,阳101H31,5,2,早期上升趋缓型,1,2,2,3,5,1,1,1,1,1,1,1,2,1,6,2,3,2,1,4
8b0737105f8ef3,阳101H26,,,阳101H26,1,1,低幅波动型,2,1,1,2,2,2,3,3,3,3,2,3,3,2,4,1,1,3,4,3
8b288287d344dc,泸203H76,4,9,泸203H76,3,2,早期上升趋缓型,1,2,2,3,5,1,1,4,5,5,1,1,2,1,6,2,3,2,1,4
8b9f552203060c,泸206H8,4,3,泸206H8,6,1,低幅波动型,2,1,1,2,2,2,3,3,3,3,2,3,3,2,4,1,1,3,4,1
8ba3efb978eb63,阳101H75,6,9,阳101H75,4,3,迟缓响应持续上升型,1,2,4,1,6,1,1,1,1,1,1,1,2,5,2,2,3,4,2,5
8bc4dc2f22d8bc,阳101H26,,,阳101H26,1,1,低幅波动型,2,1,1,2,2,2,3,3,3,3,2,2,1,2,1,1,2,1,5,3
8bc8f5778129a5,泸208H1,2,16,泸208H2,5,3,迟缓响应持续上升型,1,2,4,5,1,1,1,1,1,1,1,1,2,5,2,2,3,4,2,6
8bdb258ed60531,泸203H11,7,9,泸203H11,6,2,早期上升趋缓型,1,2,2,3,5,1,1,4,5,5,1,1,2,1,6,2,3,2,1,4
8bddbe55440244,阳101H2,96,21,阳101H2,8,2,早期上升趋缓型,1,2,2,1,6,2,2,2,2,6,1,1,2,5,2,2,3,4,2,5
8bdfddefc428f0,泸203H11,6,13,泸203H11,5,1,低幅波动型,2,1,1,2,2,2,3,3,3,3,2,3,3,2,4,1,1,3,4,1
8be551c6abacf2,泸201H5,4,1,泸201H5,3,3,迟缓响应持续上升型,1,2,4,1,6,1,1,4,4,4,1,1,2,5,2,2,3,4,2,5
8be8bb332eb26a,阳101H2,,,阳101H2,1,3,迟缓响应持续上升型,1,2,4,5,1,1,1,1,1,1,1,1,2,5,2,2,3,4,2,5
8bfd1936ad81de,泸206H10,2,15,泸206H10,3,3,迟缓响应持续上升型,1,1,4,5,1,1,1,1,1,1,1,1,2,5,2,2,3,4,2,6
8c0bc7fcfea1b0,泸203H66,1,7,泸203H66,4,2,早期上升趋缓型,1,2,2,1,6,1,1,4,4,4,1,1,2,1,6,2,3,2,1,5
8c207e38230842,阳101H31,7,23,阳101H31,4,4,降压主导型,2,3,3,4,4,2,2,2,2,2,2,2,1,3,3,1,2,1,3,2
8c373b9598fdd0,阳101H35,1,1,阳101H35,3,4,降压主导型,2,3,3,4,4,2,2,2,2,2,2,2,1,3,3,1,2,1,3,2
8c40c8b60faa52,阳101H2,2,13,阳101H2,4,2,早期上升趋缓型,1,2,2,3,5,1,1,4,5,5,1,1,2,1,6,2,3,2,1,4
8c440c61e350d0,泸208H2,4,8,泸208H2,5,2,早期上升趋缓型,1,2,2,3,5,1,1,4,5,5,1,1,2,1,6,2,3,2,1,4
8c863e32d7ac90,阳101H31,3,9,阳101H31,6,1,低幅波动型,2,1,1,2,2,2,3,3,3,3,2,3,3,2,4,1,1,3,4,1
8c929261741eef,泸208H2,8,13,泸208H2,9,2,早期上升趋缓型,1,2,2,1,6,1,1,4,4,4,1,1,2,1,6,2,3,2,1,5
8cb4cff5930839,泸208H2,9,5,泸208H2,10,3,迟缓响应持续上升型,1,2,4,1,6,1,1,1,1,1,1,1,2,5,2,2,3,4,2,5
8ce431aff538a8,泸206H8,5,11,泸206H8,4,3,迟缓响应持续上升型,1,2,4,5,1,1,1,1,1,1,1,1,2,1,6,2,3,2,1,5
8d1e26e4aa1090,泸203H10,,,泸203H10,4,3,迟缓响应持续上升型,1,2,4,1,6,1,1,4,4,4,1,1,2,1,2,2,3,2,1,5
8d42fb95f25996,阳101H35,2,10,阳101H35,4,1,低幅波动型,2,1,1,2,2,2,3,3,3,3,1,3,3,2,4,1,1,3,4,1
8d4d9f552a7529,阳101H31,,,阳101H31,3,2,早期上升趋缓型,1,2,2,3,5,2,2,2,2,6,2,3,3,2,4,1,1,3,2,1
8d4e36fe65edbd,阳101H31,3,9,阳101H31,2,2,早期上升趋缓型,1,2,2,3,5,1,1,4,4,4,1,1,2,1,6,2,3,2,1,4
8d58b1478059ba,泸203H64,,,泸203H64,2,1,低幅波动型,2,1,1,2,4,2,2,2,2,2,2,3,3,2,4,1,1,3,5,3
8d59ee629c2c0a,阳101H2,4,15,阳101H2,5,3,迟缓响应持续上升型,1,2,4,1,6,1,1,4,4,4,1,1,2,5,2,2,3,4,2,6
8d7f9ee70e7f42,阳101H32,6,20,阳101H32,1,1,低幅波动型,2,1,1,2,2,2,3,3,3,3,2,3,3,2,4,1,1,3,5,3
8d94744c0f6ad7,阳101H32,4,8,阳101H32,2,3,迟缓响应持续上升型,1,1,4,5,1,1,1,1,1,1,1,1,2,5,2,2,3,4,2,6
8da5400378ef6e,阳101H31,,,阳101H31,2,2,早期上升趋缓型,1,2,2,3,5,1,1,4,4,4,1,1,2,1,6,2,3,2,1,4
8db4eb7f6d9f39,泸203H64,5,10,泸203H64,3,3,迟缓响应持续上升型,1,2,4,1,6,1,1,4,4,4,1,1,2,5,2,2,3,4,2,5
8db505ca7d3e97,泸203H8,4,2,泸203H8,3,2,早期上升趋缓型,1,2,2,3,5,1,1,4,5,5,1,1,2,1,6,2,3,2,1,4
8dc219f8d088a3,泸206H10,2,15,泸206H10,1,1,低幅波动型,2,1,1,2,2,2,3,3,3,3,2,3,3,2,4,1,1,3,5,3
8dc7be7df0263a,泸201H5,2,9,泸201H5,4,1,低幅波动型,2,3,1,2,4,2,3,3,3,3,2,2,1,3,1,1,2,1,5,3
8dc9e8728bd99d,泸201H5,2,18,泸201H5,1,1,低幅波动型,2,1,1,2,2,2,3,3,3,3,2,3,3,2,4,1,1,3,4,3
8dcded55399ba1,阳101H26,,,阳101H26,3,3,迟缓响应持续上升型,1,2,4,1,6,2,2,2,2,6,1,1,2,5,2,2,3,4,2,6
8dd98abe9389d3,阳101H31,,,阳101H31,2,3,迟缓响应持续上升型,1,2,4,1,6,1,1,1,1,1,1,1,2,5,2,2,3,4,2,5
8df521c2c71f5f,泸203H76,3,20,泸203H76,1,4,降压主导型,2,3,3,4,4,2,2,2,2,2,2,2,1,3,1,1,2,1,5,2
8dfc676e8fd3cb,阳101H34,4,12,阳101H34,2,3,迟缓响应持续上升型,1,2,4,5,1,1,1,1,1,1,1,1,2,5,2,2,3,4,2,6
8dfcdfb89bf92c,泸201H5,4,21,泸201H5,2,1,低幅波动型,2,1,1,2,2,2,3,3,3,3,2,2,1,3,1,1,2,1,5,3
8e012233b69b27,阳101H26,,,阳101H26,3,2,早期上升趋缓型,1,2,2,1,6,1,1,4,4,4,1,1,2,1,6,2,3,2,1,5
8e51d5cb87a21e,阳101H35,2,5,阳101H35,4,1,低幅波动型,2,1,1,2,2,2,3,3,3,3,2,3,3,2,1,1,1,3,5,3
8e827aaaea6d97,泸203H91,3,11,泸203H91,2,3,迟缓响应持续上升型,1,2,4,1,6,1,1,1,1,1,1,1,2,5,2,2,3,4,2,5
8e847615081d5f,阳101H35,2,19,阳101H35,3,3,迟缓响应持续上升型,1,1,4,5,1,1,1,1,1,1,1,1,2,5,2,2,3,4,2,6
8e9e133ba385dc,泸206H10,3,2,泸206H10,2,2,早期上升趋缓型,1,2,2,3,5,1,1,1,1,1,1,1,2,1,6,2,3,2,1,4
8ea019800da52f,泸201H5,3,9,泸201H5,2,1,低幅波动型,2,1,1,2,2,2,3,3,3,3,2,3,3,2,4,1,1,3,4,1
8eb2ae72267a01,泸203H76,1,20,泸203H76,4,4,降压主导型,2,3,3,4,4,2,2,2,2,2,2,2,1,3,1,1,2,1,3,2
8ebf68870a550e,阳101H26,,,阳101H26,4,4,降压主导型,2,3,3,4,4,2,2,2,2,6,1,1,2,5,2,2,3,4,2,6
8ecade509811c9,泸206H8,4,20,泸206H8,3,2,早期上升趋缓型,1,2,2,3,5,1,1,4,4,4,1,1,2,1,6,2,3,2,1,4
8ee0f6cdfaa2ab,阳101H34,4,13,阳101H34,2,3,迟缓响应持续上升型,1,2,4,5,1,1,1,1,1,1,1,1,2,5,2,2,3,4,1,5
8f082f4000d8fc,泸203H64,4,9,泸203H64,1,4,降压主导型,2,3,3,4,4,2,2,2,2,2,2,2,1,3,1,1,2,1,5,2
8f1d1d2513bfdb,泸208H2,10,10,泸208H2,9,3,迟缓响应持续上升型,1,2,4,5,1,1,1,1,1,1,1,1,2,5,2,2,3,4,2,6
8f24cf0a2f1f11,泸203H64,3,12,泸203H64,5,3,迟缓响应持续上升型,1,2,4,5,1,1,1,1,1,1,1,1,2,5,2,2,3,4,2,6
8f3607f0ff00b3,阳101H31,3,14,阳101H31,1,2,早期上升趋缓型,1,2,2,3,5,1,1,4,5,5,1,1,2,1,6,2,3,2,1,4
8f512b51cdcf50,泸208H1,5,19,泸208H1,4,2,早期上升趋缓型,1,2,2,3,5,1,1,4,5,5,1,1,2,1,6,2,3,2,1,4
8f6277eb0d0086,阳101H32,6,9,阳101H32,1,1,低幅波动型,2,1,1,2,2,2,3,3,3,3,2,3,3,2,4,1,1,3,4,1
8f79045342982d,阳101H2,2,13,阳101H2,6,1,低幅波动型,2,1,1,2,2,2,3,3,3,3,2,3,3,2,4,1,1,3,4,1
8f8166000c5d5d,阳101H26,,,阳101H26,3,1,低幅波动型,2,1,1,5,2,1,1,1,1,1,2,3,3,2,4,1,1,3,4,1
8f9e5be29d2070,泸203H64,4,5,泸203H64,3,2,早期上升趋缓型,1,2,2,3,5,1,1,4,5,5,1,1,2,1,6,2,3,2,1,4
8fd2bbceebc966,泸201H5,4,20,泸201H5,2,4,降压主导型,2,3,3,4,4,2,2,2,2,2,2,2,1,3,3,1,2,1,3,2
901ad7082b483a,阳101H31,4,21,阳101H31,6,3,迟缓响应持续上升型,1,2,4,5,1,1,1,1,1,1,1,1,2,5,2,2,3,4,2,6
9070eccd66649e,泸201H5,3,11,泸201H5,2,4,降压主导型,2,3,3,4,4,2,2,2,2,2,2,2,1,3,1,1,2,1,3,2
9074a222800c54,阳101H34,3,21,阳101H34,4,3,迟缓响应持续上升型,1,2,4,5,1,1,1,1,1,1,1,1,2,5,2,2,3,4,2,5
908c233669af9d,阳101H51,6,7,阳101H51,5,3,迟缓响应持续上升型,1,2,4,5,1,1,1,1,1,1,1,1,2,1,6,2,3,2,1,4
908d264b0007e0,泸203H66,1,14,泸203H66,4,2,早期上升趋缓型,1,2,2,3,5,1,1,1,1,1,1,1,2,1,6,2,3,2,1,4
909b13cc0d3d00,泸201H5,2,10,泸201H5,3,1,低幅波动型,2,1,1,2,2,2,3,3,3,3,2,3,3,2,4,1,1,3,4,3
90b1b1f4be4dfb,泸206H8,5,6,泸206H8,1,1,低幅波动型,2,1,1,2,2,2,3,3,3,3,2,3,3,2,1,1,1,3,5,3
90bbf4e0db2de8,阳101H32,6,5,阳101H32,5,1,低幅波动型,2,1,1,2,2,2,3,3,3,3,2,3,3,2,4,1,1,3,4,1
90be16ac94ebc6,阳101H32,2,8,阳101H32,7,1,低幅波动型,2,1,1,2,2,2,3,3,3,3,2,3,3,2,4,1,1,3,4,3
90e108e07f0c71,阳101H51,4,6,阳101H51,3,3,迟缓响应持续上升型,1,2,4,5,1,1,1,1,1,1,1,1,2,1,2,2,3,4,1,5
90f7b642e4f514,泸203H76,4,18,泸203H76,2,1,低幅波动型,2,1,1,2,2,2,3,3,3,3,2,3,3,2,1,1,1,3,5,3
90f88fc3209d8c,阳101H35,3,17,阳101H35,2,3,迟缓响应持续上升型,1,2,4,5,1,1,1,1,1,1,1,1,2,5,2,2,3,4,2,6
912d8ccb436e44,泸201H5,3,24,泸201H5,4,3,迟缓响应持续上升型,1,1,4,5,1,1,1,1,1,1,1,1,2,5,2,2,3,4,2,6
913b93c7c343c5,阳101H35,,,阳101H35,1,3,迟缓响应持续上升型,1,2,4,1,6,1,1,4,4,4,1,1,2,1,6,2,3,2,1,5
91567fc6d09a14,阳101H51,1,13,阳101H51,2,1,低幅波动型,2,1,1,5,1,1,1,1,1,1,1,3,3,5,2,2,1,4,2,6
916fe44cd848c8,阳101H31,7,21,阳101H31,5,2,早期上升趋缓型,1,2,2,3,5,1,1,1,1,1,1,1,2,1,6,2,3,2,1,4
9195af83a48905,泸203H76,2,12,泸203H76,1,3,迟缓响应持续上升型,1,2,4,1,6,1,1,1,1,1,1,1,2,1,6,2,3,2,1,4
91d51ab8506af5,阳101H32,6,15,阳101H32,2,4,降压主导型,2,3,3,4,4,2,2,2,2,2,2,2,1,3,3,1,2,1,3,2
91d7b51b15098a,泸203H64,3,7,泸203H64,4,4,降压主导型,2,3,3,4,4,2,2,2,2,2,2,2,1,3,3,1,2,1,3,2
91fad3d8f5fc03,泸203H64,2,8,泸203H64,1,2,早期上升趋缓型,1,2,2,1,6,1,1,4,5,5,1,1,2,5,2,2,3,4,2,5
923f0a9d547dac,阳101H32,6,7,阳101H32,1,3,迟缓响应持续上升型,1,2,4,1,6,1,1,4,4,4,1,1,2,5,2,2,3,4,2,5
9240553ae0bf9b,泸208H2,9,14,泸208H2,8,3,迟缓响应持续上升型,1,2,4,1,6,1,1,4,4,4,1,1,2,5,2,2,3,2,1,5
9250711b093642,阳101H35,3,1,阳101H35,2,1,低幅波动型,2,1,1,5,1,2,2,2,2,2,2,3,3,2,1,1,1,3,5,3
927c3f6cb9fb74,泸203H64,3,3,泸203H64,1,4,降压主导型,2,3,3,4,4,2,3,3,3,3,2,2,1,3,1,1,2,1,5,2
928c121d65eafc,泸203H64,2,5,泸203H64,4,1,低幅波动型,2,1,1,2,2,2,2,2,2,2,2,3,3,2,4,1,1,3,4,1
9290b3ffe8b685,阳101H26,,,阳101H26,3,1,低幅波动型,2,1,1,2,2,2,3,3,3,3,2,3,3,2,4,1,1,3,4,1
92917c6d0f12b8,泸203H66,1,17,泸203H66,3,4,降压主导型,2,3,3,4,4,2,2,2,2,2,2,2,1,3,3,1,2,1,3,2
92992aae571496,阳101H2,302,16,阳101H32,8,1,低幅波动型,2,1,1,2,2,1,1,1,1,1,1,3,3,2,4,1,1,3,4,1
92f98e7919afb4,阳101H51,1,5,阳101H51,3,3,迟缓响应持续上升型,1,2,4,5,1,1,1,1,1,1,1,1,2,5,2,2,3,4,2,6
92ff2ea7b26c3e,泸208H2,3,25,泸208H2,4,2,早期上升趋缓型,1,2,2,3,5,1,1,4,5,5,1,1,2,1,6,2,3,2,1,4
9314b5f6d30553,泸203H66,3,9,泸203H66,4,3,迟缓响应持续上升型,1,2,4,1,6,1,1,1,1,1,1,1,2,5,2,2,3,4,2,5
931791308d76cb,泸208H2,4,11,泸208H2,1,2,早期上升趋缓型,1,2,2,3,5,1,1,1,1,1,1,1,2,1,6,2,3,2,1,5
9327eb749508c2,阳101H2,,,阳101H2,6,1,低幅波动型,2,1,1,2,2,2,3,3,3,3,2,2,1,3,1,1,2,1,5,3
932dbf9ad423fd,阳101H31,2,16,阳101H31,3,2,早期上升趋缓型,1,2,2,3,5,1,1,4,4,4,1,1,2,1,6,2,3,2,1,4
9332c809a32414,泸203H64,2,8,泸203H64,3,1,低幅波动型,2,1,1,2,2,2,3,3,3,3,2,3,3,2,4,1,1,3,4,1
9336ee3b12e64d,泸203H6,1,9,泸203H6,2,3,迟缓响应持续上升型,1,2,4,1,6,1,1,1,1,1,1,1,2,5,2,2,3,4,2,6
9360ca60c06847,泸203H66,3,19,泸203H66,2,2,早期上升趋缓型,1,2,2,3,5,1,1,4,5,5,1,1,2,1,6,2,3,2,1,4
93618a8978f226,阳101H35,2,20,阳101H35,3,3,迟缓响应持续上升型,1,1,4,5,1,1,1,1,1,1,1,3,3,5,4,2,3,4,2,6
93689292a9498d,泸206H8,5,12,泸206H8,3,1,低幅波动型,2,1,1,2,2,2,3,3,3,3,2,3,3,2,1,1,1,3,5,3
937b69dbc45797,阳101H32,2,19,阳101H32,4,2,早期上升趋缓型,1,2,2,3,5,1,1,4,5,5,1,1,2,1,6,2,3,2,1,4
9398996cbdbad2,泸201H5,4,15,泸201H5,2,1,低幅波动型,2,1,1,2,4,2,3,3,3,3,2,2,1,3,1,1,2,1,5,2
93ac80fee29e60,泸206H8,4,8,泸206H8,7,1,低幅波动型,2,1,1,2,4,2,3,3,3,3,2,3,3,2,1,1,1,3,5,3
93d955cde0256e,泸203H66,3,17,泸203H66,2,3,迟缓响应持续上升型,1,2,4,5,1,1,1,1,1,1,1,1,2,5,2,2,3,4,2,6
93e0e70c9d44fe,泸201H5,1,2,泸201H5,3,1,低幅波动型,2,1,1,2,2,2,3,3,3,3,2,3,3,2,4,1,1,3,4,1
94025cbf9bd488,阳101H26,,,阳101H26,2,1,低幅波动型,2,1,1,2,2,2,3,3,3,3,2,3,3,2,4,1,1,3,4,3
940999d2bea296,泸201H5,4,8,泸201H5,2,1,低幅波动型,2,1,1,2,4,2,3,3,3,3,2,3,3,2,1,1,1,3,5,3
940eb2b7cc3bba,阳101H26,,,阳101H26,4,4,降压主导型,2,3,3,4,3,2,2,2,2,6,2,3,3,2,1,1,2,1,3,2
941ca5324b83e1,泸208H2,5,3,泸208H2,4,3,迟缓响应持续上升型,1,2,4,1,6,1,1,4,4,4,1,1,2,5,2,2,3,4,2,5
9421acc6a93459,泸208H1,2,14,泸208H1,1,3,迟缓响应持续上升型,1,2,4,1,6,1,1,1,1,1,1,1,2,5,2,2,3,4,2,5
943de7b45abb8a,阳101H35,2,14,阳101H35,1,3,迟缓响应持续上升型,1,2,4,5,1,1,1,1,1,1,1,1,2,1,6,2,3,2,1,4
944e7ac5e7b6a7,阳101H75,5,7,阳101H75,4,2,早期上升趋缓型,1,2,2,3,5,1,1,4,4,4,1,1,2,1,6,2,3,2,1,4
946fb0dda26ad6,泸201H5,4,12,泸201H5,1,1,低幅波动型,2,1,1,2,2,2,3,3,3,3,2,3,3,2,1,1,1,3,5,3
949c5c386184c9,阳101H26,,,阳101H26,1,1,低幅波动型,2,1,1,2,2,2,3,3,3,3,2,3,3,2,1,1,1,3,5,3
94bfbe6c613e73,阳101H32,4,19,阳101H32,1,1,低幅波动型,2,1,1,2,2,2,3,3,3,3,2,3,3,2,4,1,1,3,5,3
94c3e96fc9967c,阳101H35,1,23,阳101H35,2,2,早期上升趋缓型,1,2,2,1,6,1,1,4,4,4,1,1,2,1,6,2,3,2,1,4
94d4380e5eb90c,阳101H31,5,11,阳101H31,4,2,早期上升趋缓型,1,2,2,3,5,1,1,4,5,5,1,1,2,1,6,2,3,2,1,4
94d7e8e0367d20,泸206H10,2,15,泸206H10,5,1,低幅波动型,2,1,1,2,2,2,3,3,3,3,2,3,3,2,4,1,1,3,4,3
94ec4589c20606,泸203H153,5,22,泸203H153,6,2,早期上升趋缓型,1,2,2,3,5,1,1,4,4,4,1,1,2,1,6,2,3,2,1,4
9502c3769b1f71,泸206H8,4,1,泸206H8,3,1,低幅波动型,2,1,1,2,2,2,3,3,3,3,2,3,3,2,1,1,1,3,5,3
95248f80e64d68,泸201H5,2,17,泸201H5,1,1,低幅波动型,2,1,1,2,2,2,3,3,3,3,2,3,3,2,4,1,1,3,4,1
953153ce85ee4b,泸201H5,4,17,泸201H5,2,1,低幅波动型,2,1,1,2,2,2,3,3,3,3,2,3,3,2,1,1,1,3,5,3
95336f8e525778,泸201H5,2,1,泸201H5,4,1,低幅波动型,2,1,1,2,2,2,3,3,3,3,2,3,3,2,4,1,1,3,4,1
954af6cd6852c5,泸203H66,1,8,泸203H66,2,2,早期上升趋缓型,1,2,2,3,5,1,1,1,1,1,1,1,2,1,6,2,3,2,1,4
958eb003d98ad2,阳101H51,1,16,阳101H51,2,3,迟缓响应持续上升型,1,2,4,1,6,1,1,1,1,1,1,1,2,5,2,2,3,4,2,5
95993c5a1e0d63,阳101H35,1,6,阳101H35,4,1,低幅波动型,2,1,1,2,2,2,3,3,3,3,2,3,3,2,4,1,1,3,4,1
95a558e3172c1d,泸203H11,1,6,泸203H11,2,2,早期上升趋缓型,1,2,2,3,5,1,1,4,5,5,1,1,2,1,6,2,3,2,1,4
95b5ea821c420e,阳101H51,1,14,阳101H51,3,3,迟缓响应持续上升型,1,1,4,5,1,1,1,1,1,1,1,1,2,5,2,2,3,4,2,6
95cdcdedd62409,阳101H31,,,阳101H31,1,2,早期上升趋缓型,1,2,2,3,5,1,1,4,5,5,1,1,2,1,6,2,3,2,1,4
95d13ed705223a,阳101H2,114,18,阳101H2,7,4,降压主导型,2,3,3,4,4,2,2,2,2,2,2,2,1,3,3,1,2,1,3,2
95de3c9122697c,阳101H32,2,13,阳101H32,1,1,低幅波动型,2,1,1,2,2,2,3,3,3,3,2,3,3,2,1,1,1,3,5,3
95e0b542e3cd20,阳101H32,2,14,阳101H32,4,2,早期上升趋缓型,1,2,2,3,5,1,1,4,5,5,1,1,2,1,6,2,3,2,1,4
95ee56b54a655d,泸203H66,3,19,泸203H66,1,1,低幅波动型,2,1,1,2,2,2,2,2,2,2,2,3,3,2,4,1,1,3,4,1
95ee5f654f57be,泸208H1,5,25,泸208H1,4,3,迟缓响应持续上升型,1,2,4,1,6,1,1,4,4,4,1,1,2,5,2,2,3,4,2,5
964fe1172e5f5e,阳101H35,2,9,阳101H35,1,3,迟缓响应持续上升型,1,2,4,5,1,1,1,1,1,1,1,1,2,5,2,2,3,4,2,6
9659ab4bf9f124,阳101H31,1,12,阳101H31,2,2,早期上升趋缓型,1,2,2,3,5,1,1,4,5,5,1,1,2,1,6,2,3,2,1,4
966085ebd1220f,阳101H31,3,17,阳101H31,2,2,早期上升趋缓型,1,2,2,3,5,1,1,4,5,5,1,1,2,1,6,2,3,2,1,4
9698a6e5a992e5,泸203H76,3,16,泸203H76,4,3,迟缓响应持续上升型,1,2,4,5,1,1,1,1,1,1,1,1,2,1,6,2,3,2,1,4
969b7e2145a8aa,阳101H2,2,9,阳101H2,4,3,迟缓响应持续上升型,1,1,4,5,1,1,1,1,1,1,1,1,2,5,2,2,3,4,2,6
96a02d78b12d04,泸203H64,4,3,泸203H64,1,4,降压主导型,2,3,3,4,4,2,2,2,2,2,2,2,1,3,1,1,2,1,5,2
96ad91d4da6065,阳101H35,3,11,阳101H35,2,3,迟缓响应持续上升型,1,2,4,5,1,1,1,1,1,1,1,1,2,1,6,2,3,2,1,4
96afb25f6c3b82,泸208H2,5,16,泸208H2,3,2,早期上升趋缓型,1,2,2,3,5,1,1,1,1,1,1,1,2,1,6,2,3,2,1,4
96c033a3a2b896,阳101H31,,,阳101H31,1,2,早期上升趋缓型,1,2,2,3,5,1,1,4,5,5,1,1,2,1,6,2,3,2,1,4
96c13644b0765e,泸203H64,4,14,泸203H64,1,4,降压主导型,2,3,3,4,4,2,2,2,2,2,2,2,1,3,3,1,2,1,3,2
96e3c0a09a45e8,阳101H32,6,18,阳101H32,2,4,降压主导型,2,3,3,4,4,2,2,2,2,2,2,2,1,3,3,1,2,1,3,2
96ec430df98e21,阳101H51,5,6,阳101H51,6,3,迟缓响应持续上升型,1,2,4,1,6,1,1,4,4,4,1,1,2,1,6,2,3,2,1,5
96f12ef3f57f11,阳101H33,2,3,阳101H33,1,2,早期上升趋缓型,1,2,2,1,6,1,1,4,4,4,1,1,2,1,6,2,3,2,1,5
973ba92401d3f0,阳101H31,4,19,阳101H31,7,3,迟缓响应持续上升型,1,2,4,5,1,1,1,1,1,1,1,1,2,5,2,2,3,2,1,5
974f69aae12c7a,阳101H51,2,15,阳101H51,4,3,迟缓响应持续上升型,1,1,4,5,1,1,1,1,1,1,1,1,2,5,2,2,3,4,2,6
976e1bf2dd6c3f,泸208H2,4,10,泸208H2,1,2,早期上升趋缓型,1,2,2,3,5,1,1,4,5,5,1,1,2,1,6,2,3,2,1,4
9770785f7e9016,泸203H76,1,10,泸203H76,2,3,迟缓响应持续上升型,1,2,4,1,6,1,1,4,4,4,1,1,2,5,2,2,3,4,2,6
977b95c6d14e5e,泸206H8,4,18,泸206H8,1,3,迟缓响应持续上升型,1,1,4,5,1,1,1,1,1,1,1,1,2,5,2,2,3,4,2,6
9787aa4e37b476,阳101H31,3,11,阳101H31,2,3,迟缓响应持续上升型,1,2,4,1,6,1,1,1,1,1,1,1,2,5,2,2,3,4,2,5
97889515dec57d,泸203H64,4,2,泸203H64,2,4,降压主导型,2,3,3,4,4,2,2,2,2,2,2,2,1,3,3,1,2,1,3,2
97afbc34556108,阳101H32,6,15,阳101H32,7,1,低幅波动型,2,1,1,2,2,2,3,3,3,3,2,3,3,2,1,1,1,3,5,3
97c2d15a4fc389,阳101H2,326,21,阳101H2,8,4,降压主导型,2,3,3,4,3,2,2,2,2,6,2,2,3,2,1,1,2,1,5,3
97dbad4c86f381,泸203H10,2,14,泸203H10,1,3,迟缓响应持续上升型,1,2,4,1,6,1,1,4,4,4,1,1,2,5,2,2,3,4,2,6
97f08f32231d54,泸201H5,3,21,泸201H5,1,4,降压主导型,2,3,3,4,4,2,3,3,3,3,2,2,1,3,3,1,2,1,3,2
97fc29efd38541,阳101H2,,,阳101H2,6,1,低幅波动型,2,1,1,2,2,2,3,3,3,3,2,3,3,2,4,1,1,3,4,1
98589bbc7718c3,泸203H76,1,15,泸203H76,4,4,降压主导型,2,3,3,4,4,2,2,2,2,2,2,2,1,3,3,1,2,1,3,2
9872be710476a6,阳101H32,6,18,阳101H32,5,4,降压主导型,2,3,3,4,4,2,2,2,2,2,2,2,1,3,3,1,2,1,3,2
9883347d90fc13,阳101H35,,,阳101H35,4,1,低幅波动型,2,1,1,2,2,2,3,3,3,3,1,3,3,2,4,1,1,3,4,1
988fc47951b361,泸203H76,1,21,泸203H76,2,3,迟缓响应持续上升型,1,2,4,5,1,1,1,1,1,1,1,1,2,5,2,2,3,4,2,6
989b8f6c0be6bf,泸201H5,2,18,泸201H5,3,1,低幅波动型,2,1,1,2,2,2,3,3,3,3,2,3,3,2,4,1,1,3,4,1
98b1402a81f83e,阳101H2,,,阳101H2,4,3,迟缓响应持续上升型,1,2,4,5,1,1,1,1,1,1,1,1,2,1,6,2,3,4,1,6
98c04bdb142e24,阳101H32,4,15,阳101H32,1,1,低幅波动型,2,1,1,2,2,2,3,3,3,3,1,3,3,2,4,1,1,3,4,1
98c985060f23ca,泸203H76,1,10,泸203H76,4,4,降压主导型,2,3,3,4,4,2,2,2,2,2,2,2,1,3,3,1,2,1,3,2
98e05dff95ed2c,阳101H35,3,16,阳101H35,1,4,降压主导型,2,3,3,4,3,2,2,2,2,6,2,2,1,3,3,1,2,1,3,2
98f92a918dba12,阳101H51,3,26,阳101H51,4,3,迟缓响应持续上升型,1,2,4,1,6,1,1,4,4,4,1,1,2,1,6,2,3,2,1,5
990e11eef9722b,阳101H31,2,14,阳101H31,3,3,迟缓响应持续上升型,1,2,4,5,1,1,1,1,1,1,1,1,2,5,2,2,3,4,2,6
99135b0772f82f,阳101H35,1,12,阳101H35,2,3,迟缓响应持续上升型,1,2,4,1,6,1,1,4,4,4,1,1,2,1,6,2,3,2,1,4
99381f1250586a,阳101H26,,,阳101H26,3,3,迟缓响应持续上升型,1,2,4,1,6,1,1,4,4,4,1,1,2,1,6,2,3,2,1,5
9951435b18c818,阳101H35,1,10,阳101H35,3,2,早期上升趋缓型,1,2,2,5,1,1,1,1,1,1,1,1,2,1,6,2,3,2,1,4
996aa2a54463c3,泸201H5,4,6,泸201H5,2,1,低幅波动型,2,1,1,2,2,2,3,3,3,3,2,3,3,2,4,1,1,3,4,1
998a8429a82e98,阳101H2,,,阳101H2,2,3,迟缓响应持续上升型,2,1,4,5,1,2,2,2,2,2,2,3,3,5,4,2,1,4,2,6
999447648bc214,泸208H2,9,15,泸208H2,8,3,迟缓响应持续上升型,1,2,4,5,1,1,1,1,1,1,1,1,2,5,2,2,3,2,1,5
99ae95896bb210,阳101H2,2,11,阳101H2,6,1,低幅波动型,2,1,1,2,2,2,3,3,3,3,1,1,2,5,2,2,1,4,2,1
99b41d41a5ea9b,泸203H9,3,8,泸203H9,6,3,迟缓响应持续上升型,1,2,4,5,1,1,1,1,1,1,1,1,2,1,6,2,3,2,1,5
99bb80abc8cf75,阳101H51,3,4,阳101H51,1,1,低幅波动型,2,1,1,5,1,2,2,2,2,2,2,3,3,2,4,1,1,4,2,6
99c23c936d7726,泸203H66,1,18,泸203H66,2,4,降压主导型,2,3,3,4,3,2,2,2,2,6,2,3,3,2,4,1,1,3,5,3
99dcd015eb5375,阳101H31,3,7,阳101H31,5,1,低幅波动型,2,3,1,2,4,2,3,3,3,3,2,2,1,2,1,1,2,1,5,3
99e514bfa9f30e,泸201H5,3,8,泸201H5,2,1,低幅波动型,2,1,1,2,2,2,3,3,3,3,2,3,3,2,4,1,1,3,4,3
9a0c76e5a43271,阳101H32,2,17,阳101H32,4,3,迟缓响应持续上升型,1,2,4,1,6,1,1,4,4,4,1,1,2,1,6,2,3,2,1,5
9a2490a0a4f36f,泸206H8,4,18,泸206H8,6,1,低幅波动型,2,1,1,2,2,1,1,1,1,1,1,3,3,5,4,1,1,3,4,1
9a25d004126805,泸206H10,3,9,泸206H10,4,1,低幅波动型,2,1,1,2,2,2,3,3,3,3,2,3,3,2,4,1,1,3,4,1
9a3360a2057c11,泸203H91,,,泸203H91,3,3,迟缓响应持续上升型,1,2,4,1,6,1,1,1,1,1,1,1,2,5,2,2,3,4,2,5
9a36d69b025e84,泸203H9,4,5,泸203H9,1,1,低幅波动型,2,1,1,2,2,2,3,3,3,3,2,3,3,2,4,1,1,3,4,1
9a3f1ae3b50502,阳101H2,6,4,阳101H2,4,1,低幅波动型,2,1,1,2,2,2,3,3,3,3,2,3,3,2,4,1,1,3,4,1
9a4dace7e6cc9d,阳101H31,3,17,阳101H31,4,4,降压主导型,2,3,3,4,4,2,2,2,2,2,2,2,1,3,3,1,2,1,3,2
9a5a1438af6133,阳101H26,,,阳101H26,3,1,低幅波动型,2,1,1,2,2,2,2,2,2,2,2,3,3,2,1,1,1,3,5,3
9a5db56f9930a7,阳101H26,,,阳101H26,1,1,低幅波动型,2,1,1,2,2,2,3,3,3,3,2,3,3,2,4,1,1,3,4,1
9a6012a2074315,阳101H25,1,26,阳101H25,3,1,低幅波动型,2,1,1,2,2,2,3,3,3,3,2,3,3,2,4,1,1,3,4,1
9a7eed32c31231,阳101H32,2,6,阳101H32,7,1,低幅波动型,2,1,1,2,2,2,3,3,3,3,2,3,3,2,4,1,1,3,4,1
9a860262b31fa8,泸203H64,3,2,泸203H64,2,4,降压主导型,2,3,3,4,4,2,3,3,3,3,2,2,1,3,1,1,2,1,3,2
9a8d57bb292325,泸206H8,5,6,泸206H8,4,3,迟缓响应持续上升型,1,2,4,5,1,1,1,1,1,1,1,1,2,5,2,2,3,4,2,6
9a96f118bdf636,泸201H5,3,17,泸201H5,1,1,低幅波动型,2,1,1,2,2,2,3,3,3,3,2,3,3,2,4,1,1,3,5,3
9a9dc7af57ec7f,阳101H2,6,4,阳101H2,5,1,低幅波动型,2,1,1,2,4,2,2,2,2,2,2,2,1,3,1,1,2,1,5,3
9aad4e5a2074d7,阳101H35,,,阳101H35,1,2,早期上升趋缓型,1,2,2,1,6,2,2,2,2,6,1,1,2,5,2,2,3,4,2,5
9ab082941bce3a,阳101H2,,,阳101H2,4,3,迟缓响应持续上升型,1,1,4,5,1,1,1,1,1,1,1,1,2,5,2,2,3,4,2,6
9aba2be82ee139,阳101H32,2,22,阳101H32,4,2,早期上升趋缓型,1,2,2,3,5,1,1,4,5,5,1,1,2,1,6,2,3,2,1,4
9ac4d77f07c25a,阳101H2,122,3,阳101H2,7,1,低幅波动型,2,1,1,2,2,2,3,3,3,3,2,3,3,2,4,1,1,3,4,3
9ad1ae08716c67,阳101H2,4,19,阳101H2,6,1,低幅波动型,2,1,1,2,2,2,3,3,3,3,2,2,1,2,1,1,1,3,5,3
9afb16f866dfb8,阳101H26,,,阳101H26,4,1,低幅波动型,2,1,1,2,2,2,3,3,3,3,2,3,3,2,4,1,1,3,4,1
9b0caab25508cd,泸206H8,5,13,泸206H8,4,3,迟缓响应持续上升型,1,2,4,5,1,1,1,1,1,1,1,1,2,5,2,2,3,4,2,5
9b15d319fb7007,泸203H10,2,15,泸203H10,3,3,迟缓响应持续上升型,1,2,4,1,6,1,1,1,1,1,1,1,2,1,6,2,3,2,1,5
9b1788a1753969,泸201H5,3,2,泸201H5,2,1,低幅波动型,2,1,1,2,2,1,1,1,1,1,1,3,3,2,4,1,1,3,4,1
9b1859a80fc675,泸203H10,,,泸203H10,2,3,迟缓响应持续上升型,1,2,4,5,1,1,1,1,1,1,1,1,2,5,2,2,3,4,2,6
9b1e1207980dc5,泸203H64,5,5,泸203H64,4,3,迟缓响应持续上升型,1,2,4,1,6,1,1,4,4,4,1,1,2,5,2,2,3,4,2,5
9b323abe0256b3,泸203H64,5,13,泸203H64,1,1,低幅波动型,2,1,1,2,2,2,3,3,3,3,1,3,3,2,4,1,1,3,4,1
9b493e1e9b9686,泸201H5,1,5,泸201H5,3,1,低幅波动型,2,1,1,2,2,2,3,3,3,3,2,3,3,2,1,1,1,3,5,3
9b5083bfb94511,阳101H31,7,22,阳101H31,6,3,迟缓响应持续上升型,1,2,4,5,1,1,1,4,5,5,1,1,2,5,2,2,3,4,2,6
9b782c23416f18,阳101H26,,,阳101H26,4,1,低幅波动型,2,1,1,2,2,2,3,3,3,3,2,3,3,2,4,1,1,3,4,1
9b8f217711e306,阳101H2,6,4,阳101H2,4,3,迟缓响应持续上升型,1,2,4,5,1,1,1,1,1,1,1,1,2,5,2,2,3,4,2,6
9be0b63b8a3649,阳101H31,1,18,阳101H31,2,3,迟缓响应持续上升型,1,2,4,5,1,1,1,1,1,1,1,1,2,5,2,2,3,4,2,5
9bee3e4e0882b0,阳101H2,2,16,阳101H2,1,4,降压主导型,2,3,3,4,4,2,2,2,2,2,2,2,1,3,3,1,2,1,3,2
9bee6bf8cbb21d,泸208H2,9,12,泸208H2,10,3,迟缓响应持续上升型,1,2,4,5,1,1,1,1,1,1,1,1,2,5,2,2,3,4,2,6
9c34026a240f80,泸203H64,4,11,泸203H64,2,3,迟缓响应持续上升型,1,2,4,5,1,1,1,1,1,1,1,1,2,5,2,2,3,4,2,6
9c371926b22199,阳101H2,4,3,阳101H32,6,1,低幅波动型,2,1,1,2,2,2,3,3,3,3,2,3,3,2,4,1,1,3,4,1
9c5b59d7f12e0c,泸206H8,4,2,泸206H8,2,1,低幅波动型,2,1,1,2,2,2,3,3,3,3,2,3,3,2,1,1,1,3,5,3
9c72de47178afc,泸206H8,5,12,泸206H8,1,3,迟缓响应持续上升型,1,2,4,5,1,1,1,1,1,1,1,1,2,1,6,2,3,2,1,4
9c7967ebd24e39,泸206H8,4,4,泸206H8,2,1,低幅波动型,2,1,1,2,2,2,3,3,3,3,2,3,3,2,1,1,1,3,5,3
9c99e69ee75172,泸208H1,4,18,泸208H1,5,2,早期上升趋缓型,1,2,2,3,5,1,1,4,5,5,1,1,2,1,6,2,3,2,1,4
9ca9cffd58cb6b,阳101H25,1,27,阳101H25,3,1,低幅波动型,2,1,1,2,2,2,3,3,3,3,2,3,3,2,1,1,1,3,5,3
9caaf96fd619bd,泸208H2,8,2,泸208H2,7,3,迟缓响应持续上升型,1,2,4,1,6,1,1,1,1,1,1,1,2,5,2,2,3,4,2,5
9cbd37076d2f1d,阳101H25,1,20,阳101H25,3,3,迟缓响应持续上升型,1,2,4,5,1,1,1,1,1,1,1,1,2,1,6,2,3,2,1,5
9ce8edcc0c1496,阳101H31,3,7,阳101H31,6,1,低幅波动型,2,1,1,2,2,2,3,3,3,3,2,3,3,2,1,1,1,3,5,3
9cf4b034339710,阳101H26,,,阳101H26,2,1,低幅波动型,2,1,1,2,2,2,3,3,3,3,1,3,3,5,4,1,1,3,4,1
9cfbd48d5036cc,阳101H2,134,20,阳101H2,8,3,迟缓响应持续上升型,1,2,4,5,1,1,1,1,1,1,1,1,2,5,2,2,3,4,2,6
9d03ba0678bad7,泸203H11,6,17,泸203H11,7,3,迟缓响应持续上升型,1,2,4,1,6,1,1,4,4,4,1,1,2,5,2,2,3,2,1,5
9d11bb1afc315e,泸203H64,5,14,泸203H64,2,3,迟缓响应持续上升型,1,2,4,5,1,1,1,1,1,1,1,1,2,1,6,2,3,2,1,4
9d1d34ba5434af,泸203H66,3,12,泸203H66,1,3,迟缓响应持续上升型,1,1,4,5,1,1,1,1,1,1,1,1,2,5,2,2,3,4,2,6
9d219611392899,泸208H1,4,9,泸208H1,3,3,迟缓响应持续上升型,1,2,4,1,6,1,1,4,4,4,1,1,2,5,2,2,3,4,2,5
9d46b53a9e94e8,阳101H51,1,10,阳101H51,3,2,早期上升趋缓型,1,2,2,3,5,1,1,1,1,1,1,1,2,1,6,2,3,2,1,4
9d5b2c40f662dd,泸208H2,6,4,泸208H2,7,2,早期上升趋缓型,1,2,2,3,5,1,1,4,5,5,1,1,2,1,6,2,3,2,1,4
9d9e980b1edcbe,泸201H5,4,27,泸201H5,3,3,迟缓响应持续上升型,1,2,4,1,6,1,1,4,4,4,1,1,2,1,6,2,3,2,1,5
9da40fbca60b89,阳101H26,,,阳101H26,1,1,低幅波动型,2,1,1,2,2,2,3,3,3,3,2,3,3,2,4,1,1,3,4,3
9dbbef41722220,阳101H2,4,6,阳101H2,2,3,迟缓响应持续上升型,1,2,4,5,1,1,1,1,1,1,1,1,2,5,2,2,3,4,2,6
9dc7a8a4919498,泸203H11,6,13,泸203H11,5,1,低幅波动型,2,1,1,2,2,2,3,3,3,3,2,3,3,2,4,1,1,3,4,3
9dd38df120b567,阳101H35,2,14,阳101H35,3,3,迟缓响应持续上升型,1,1,4,5,1,1,1,1,1,1,1,1,2,5,2,2,3,4,2,6
9dd92b442aaa49,阳101H51,5,2,阳101H51,4,3,迟缓响应持续上升型,1,1,4,5,1,1,1,1,1,1,1,1,2,5,2,2,3,4,2,6
9ded9821a23b20,阳101H2,,,阳101H2,5,4,降压主导型,2,3,3,4,4,2,2,2,2,2,2,2,1,3,3,1,2,1,3,2
9dfcc70a6cafe9,泸208H2,2,14,泸208H2,1,2,早期上升趋缓型,1,2,2,3,5,1,1,4,5,5,1,1,2,1,6,2,3,2,1,4
9e3d5212bdcc1d,泸203H64,4,2,泸203H64,3,3,迟缓响应持续上升型,1,2,4,1,6,1,1,4,4,4,1,1,2,5,2,2,3,2,1,5
9e54abb2e99efd,泸203H64,1,15,泸203H64,3,1,低幅波动型,2,1,1,2,2,2,3,3,3,3,2,3,3,2,1,1,1,3,5,3
9e646c539b41f3,阳101H33,4,6,阳101H33,3,3,迟缓响应持续上升型,1,2,4,1,6,1,1,4,4,4,1,1,2,5,2,2,3,2,1,5
9e84ae8b975d61,泸206H8,3,19,泸206H8,7,1,低幅波动型,2,1,1,5,2,1,1,1,1,1,1,1,2,5,2,2,3,4,2,6
9ea8dbdab7d06e,阳101H31,5,16,阳101H31,4,2,早期上升趋缓型,1,2,2,3,5,1,1,4,5,5,1,1,2,1,6,2,3,2,1,4
9eb406bc9e214e,阳101H26,,,阳101H26,3,1,低幅波动型,2,1,1,2,2,1,1,1,1,1,2,3,3,2,4,1,1,3,4,1
9ed3aba15914a5,泸203H66,3,20,泸203H66,1,3,迟缓响应持续上升型,1,2,4,5,1,1,1,1,1,1,1,1,2,5,2,2,3,4,2,6
9ede60b4c148d2,泸203H9,3,6,泸203H9,5,1,低幅波动型,2,1,1,2,2,2,3,3,3,3,2,3,3,2,4,1,1,3,4,3
9f0a6e5db2d792,泸201H5,1,19,泸201H5,4,1,低幅波动型,1,1,1,5,1,1,1,1,1,1,1,1,2,5,2,2,3,4,2,6
9f2e1f64b15506,阳101H31,2,4,阳101H31,3,2,早期上升趋缓型,1,2,2,3,5,1,1,4,4,4,1,1,2,1,6,2,3,2,1,4
9f38e49f180279,泸203H76,1,8,泸203H76,2,3,迟缓响应持续上升型,1,2,4,1,6,1,1,4,4,4,1,1,2,1,6,2,3,2,1,5
9f3a44e846cfe7,阳101H32,2,8,阳101H32,1,1,低幅波动型,2,1,1,2,2,2,3,3,3,3,2,3,3,2,4,1,1,3,4,3
9f435ca96b7311,泸206H10,3,11,泸206H10,5,1,低幅波动型,2,1,1,2,2,2,3,3,3,3,2,3,3,2,4,1,1,3,4,1
9f5ab78de8f5fd,泸203H11,2,7,泸203H11,3,2,早期上升趋缓型,1,2,2,3,5,1,1,4,5,5,1,1,2,1,6,2,3,2,1,4
9f5cadc9b47b91,阳101H35,,,阳101H35,1,3,迟缓响应持续上升型,1,2,4,1,6,1,1,4,4,4,1,1,2,1,6,2,3,2,1,5
9f6bf46e02ab07,阳101H26,,,阳101H26,3,3,迟缓响应持续上升型,1,2,4,5,1,1,1,1,1,1,1,1,2,5,2,2,3,4,2,6
9f80ba2e93d3f8,泸206H10,3,3,泸206H10,4,3,迟缓响应持续上升型,1,2,4,1,6,1,1,1,1,1,1,1,2,1,6,2,3,2,1,5
9f832e556683bd,阳101H35,1,16,阳101H35,2,3,迟缓响应持续上升型,1,2,4,5,1,1,1,1,1,1,1,1,2,5,2,2,3,4,2,6
9f93193fd77749,泸201H5,3,21,泸201H5,2,1,低幅波动型,2,1,1,2,2,2,3,3,3,3,2,3,3,2,4,1,1,3,4,1
9faf529cd422d2,阳101H32,2,19,阳101H32,6,3,迟缓响应持续上升型,1,2,4,1,6,1,1,4,4,4,1,1,2,1,6,2,3,2,1,5
9fc11f23663a5a,泸203H66,,,泸203H66,3,3,迟缓响应持续上升型,1,2,4,5,1,1,1,1,1,1,1,1,2,5,2,2,3,4,2,6
9fcc61f97e7227,泸203H66,1,5,泸203H66,4,3,迟缓响应持续上升型,1,2,4,1,6,1,1,1,1,1,1,1,2,1,2,2,3,2,1,5
9fd45f73957401,阳101H31,3,1,阳101H31,1,3,迟缓响应持续上升型,1,2,4,1,6,1,1,4,4,4,1,1,2,5,2,2,3,4,2,6
9fd5d8ed2298ff,阳101H2,102,1,阳101H2,7,1,低幅波动型,2,1,1,2,2,2,3,3,3,3,2,3,3,2,4,1,1,3,4,1
a0083de8310eb2,泸203H64,3,4,泸203H64,4,3,迟缓响应持续上升型,1,2,4,1,6,1,1,4,4,4,1,1,2,5,2,2,3,2,1,5
a014942d61819e,泸201H5,3,7,泸201H5,2,1,低幅波动型,2,1,1,2,2,2,3,3,3,3,2,3,3,2,4,1,1,3,4,1
a02ec8cbb443a5,阳101H31,3,15,阳101H31,4,4,降压主导型,2,3,3,4,4,2,2,2,2,2,2,2,1,3,3,1,2,1,3,2
a0303ca9ffa0ff,阳101H31,6,26,阳101H31,4,3,迟缓响应持续上升型,1,2,4,5,1,1,1,1,1,1,1,1,2,5,2,2,3,4,2,6
a07db939584d48,泸203H64,5,2,泸203H58,2,1,低幅波动型,2,1,1,2,2,2,3,3,3,3,2,3,3,2,4,1,1,3,4,1
a085487274ea62,泸208H2,9,21,泸208H2,8,3,迟缓响应持续上升型,1,2,4,5,1,1,1,1,1,1,1,1,2,1,6,2,3,2,1,4
a08fd1c83a14a8,阳101H31,4,18,阳101H31,6,3,迟缓响应持续上升型,1,2,4,1,6,1,1,4,4,4,1,1,2,1,6,2,3,2,1,5
a0b1f2fd260702,泸203H66,2,22,泸203H66,3,3,迟缓响应持续上升型,1,2,4,1,6,1,1,4,4,4,1,1,2,5,2,2,3,4,2,5
a0b615c986e114,泸203H66,,,泸203H66,3,2,早期上升趋缓型,1,2,2,3,5,1,1,4,5,5,1,1,2,1,6,2,3,2,1,4
a0e881668011ac,泸206H8,4,9,泸206H8,8,1,低幅波动型,2,1,1,2,2,1,1,1,1,1,1,3,3,2,4,1,1,3,4,1
a10bf3a013b760,阳101H31,2,10,阳101H31,1,3,迟缓响应持续上升型,1,2,4,5,1,1,1,1,1,1,1,1,2,5,2,2,3,2,1,5
a10e8603a99461,阳101H31,2,4,阳101H31,1,2,早期上升趋缓型,1,2,2,3,5,1,1,4,4,4,1,1,2,1,6,2,3,2,1,4
a12529c77331fa,泸208H2,9,20,泸208H2,8,3,迟缓响应持续上升型,1,2,4,5,1,1,1,1,1,1,1,1,2,1,6,2,3,2,1,5
a1409b635ccc0a,泸203H66,3,11,泸203H66,1,3,迟缓响应持续上升型,1,2,4,5,1,1,1,1,1,1,1,1,2,5,2,2,3,4,2,5
a149cf4a98905f,泸203H64,4,12,泸203H64,3,3,迟缓响应持续上升型,1,2,4,5,1,1,1,1,1,1,1,1,2,5,2,2,3,4,2,6
a16fbd5096d255,泸201H5,4,20,泸201H5,1,4,降压主导型,2,3,3,4,4,2,3,3,3,3,2,2,1,3,1,1,2,1,5,2
a18f95a8e52803,泸201H5,4,14,泸201H5,2,1,低幅波动型,2,1,1,2,2,2,3,3,3,3,2,3,3,2,4,1,1,3,4,3
a1b2dde6726ebe,阳101H35,3,8,阳101H35,2,3,迟缓响应持续上升型,1,2,4,1,6,1,1,4,4,4,1,1,2,5,2,2,3,4,2,5
a1bf80fd129bff,泸201H5,4,10,泸201H5,2,1,低幅波动型,2,1,1,2,2,2,3,3,3,3,2,3,3,2,4,1,1,3,4,3
a1ed0701a0bc0b,泸203H64,3,14,泸203H64,5,3,迟缓响应持续上升型,1,2,4,1,6,1,1,4,4,4,1,1,2,5,2,2,3,4,2,6
a23aa2b820b948,阳101H31,2,19,阳101H31,3,2,早期上升趋缓型,1,2,2,3,5,1,1,1,1,1,1,1,2,1,6,2,3,2,1,4
a24964589238d7,泸206H8,5,5,泸206H8,1,1,低幅波动型,2,1,1,2,4,2,3,3,3,3,2,2,1,3,1,1,2,1,5,3
a249cce53c1abc,泸201H5,4,11,泸201H5,3,3,迟缓响应持续上升型,1,2,4,5,1,1,1,1,1,1,1,1,2,5,2,2,3,4,2,5
a2764d067955b5,泸201H5,4,7,泸201H5,2,1,低幅波动型,2,1,1,2,2,2,3,3,3,3,1,1,2,5,2,2,1,4,4,1
a27e1cc94cc8ea,阳101H32,4,2,阳101H32,7,1,低幅波动型,2,1,1,2,2,2,3,3,3,3,2,3,3,2,4,1,1,3,5,3
a288491658bb5a,阳101H31,,,阳101H31,1,3,迟缓响应持续上升型,1,2,4,1,6,1,1,1,1,1,1,1,2,1,6,2,3,2,1,5
a28c17d8261f97,泸203H10,3,3,泸203H10,2,3,迟缓响应持续上升型,1,2,4,1,6,1,1,4,4,4,1,1,2,5,2,2,3,2,1,5
a2a793d626ca57,阳101H2,4,17,阳101H2,6,1,低幅波动型,2,1,1,2,2,2,3,3,3,3,2,3,3,2,4,1,1,3,4,1
a2c463166c24fe,泸208H1,2,6,泸208H1,1,2,早期上升趋缓型,1,2,2,3,5,1,1,1,1,1,1,1,2,1,6,2,3,2,1,4
a2e1f7aa55f5ff,阳101H31,3,3,阳101H31,1,2,早期上升趋缓型,1,2,2,3,5,1,1,4,4,4,1,1,2,1,6,2,3,2,1,5
a2f8b2b61f4b93,泸203H76,2,9,泸203H76,1,3,迟缓响应持续上升型,1,2,4,1,6,1,1,4,4,4,1,1,2,1,6,2,3,2,1,5
a2fd767b95cfa9,阳101H32,4,3,阳101H32,5,2,早期上升趋缓型,1,2,2,5,1,1,1,1,1,1,1,1,2,1,6,2,3,2,1,4
a2fe9346a68fcd,阳101H34,3,19,阳101H34,2,2,早期上升趋缓型,1,2,2,3,5,1,1,4,5,5,1,1,2,1,6,2,3,2,1,4
a308fe300d5591,泸203H64,2,6,泸203H64,3,1,低幅波动型,2,1,1,2,2,2,3,3,3,3,2,3,3,2,4,1,1,3,4,1
a31187d5ba95ee,泸206H8,4,8,泸206H8,8,1,低幅波动型,2,3,1,2,4,2,3,3,3,3,2,3,3,2,1,1,2,1,5,3
a318f16a2180c8,泸208H1,5,8,泸208H1,6,3,迟缓响应持续上升型,1,2,4,1,6,1,1,4,4,4,1,1,2,1,2,2,3,2,1,5
a344d0252b4f0a,阳101H31,4,20,阳101H31,7,3,迟缓响应持续上升型,1,2,4,5,1,1,1,1,1,1,1,1,2,1,6,2,3,2,1,4
a347915dd5b0bc,阳101H25,1,28,阳101H25,4,4,降压主导型,2,3,3,4,3,2,2,2,2,6,2,2,1,3,3,1,2,1,3,2
a359c8a0df84ab,泸206H8,4,8,泸206H8,5,4,降压主导型,2,3,3,4,3,2,2,2,2,6,2,2,1,3,3,1,2,1,3,2
a39ad07012273f,泸201H5,4,18,泸201H5,3,3,迟缓响应持续上升型,1,2,4,5,1,1,1,1,1,1,1,1,2,5,2,2,3,4,2,5
a39e8935e6afaf,泸206H8,1,14,泸206H8,2,3,迟缓响应持续上升型,1,2,4,1,6,1,1,4,4,4,1,1,2,1,6,2,3,2,1,5
a3bf7d8f40d133,泸203H64,5,2,泸203H58,7,3,迟缓响应持续上升型,1,1,4,5,1,1,1,1,1,1,1,1,2,5,2,2,3,4,2,6
a3c86a4a5f695a,泸203H76,4,14,泸203H76,3,1,低幅波动型,2,1,1,5,1,1,1,1,1,1,1,1,2,5,2,2,3,4,2,6
a3c8797f8a85ed,阳101H35,1,23,阳101H35,4,1,低幅波动型,2,1,1,2,2,2,3,3,3,3,2,3,3,2,4,1,1,3,4,3
a3f59949d5307c,泸203H66,,,泸203H66,2,3,迟缓响应持续上升型,1,2,4,5,1,1,1,1,1,1,1,3,3,5,2,2,3,4,2,6
a4157ac88e1734,泸203H64,,,泸203H64,4,1,低幅波动型,2,1,1,2,2,2,3,3,3,3,2,3,3,2,1,1,1,3,5,3
a41c3518e45f3a,阳101H31,7,25,阳101H31,5,2,早期上升趋缓型,1,2,2,3,5,1,1,1,1,1,1,1,2,1,6,2,3,2,1,4
a41cb7bc63be77,泸203H10,2,17,泸203H10,1,2,早期上升趋缓型,1,2,2,3,5,1,1,4,5,5,1,1,2,1,6,2,3,2,1,4
a460cc5dafbddd,泸208H2,1,10,泸208H2,2,3,迟缓响应持续上升型,1,2,4,5,1,1,1,1,1,1,1,1,2,1,6,2,3,2,1,5
a46114f9e34c11,泸206H10,4,7,泸206H10,3,3,迟缓响应持续上升型,1,2,4,5,1,1,1,1,1,1,1,1,2,5,2,2,3,4,2,6
a46ee8de942d49,阳101H31,,,阳101H31,1,3,迟缓响应持续上升型,1,2,4,5,1,1,1,1,1,1,1,1,2,1,6,2,3,2,1,5
a47c2eb49dc7fb,阳101H2,4,11,阳101H2,6,3,迟缓响应持续上升型,1,2,4,5,1,2,2,2,2,6,1,1,2,5,2,2,3,4,2,6
a48e16746faa22,阳101H2,5,14,阳101H2,4,1,低幅波动型,2,3,1,2,4,2,3,3,3,3,2,2,1,3,1,1,2,1,5,3
a4968f5a0688ec,阳101H34,1,16,阳101H34,2,2,早期上升趋缓型,1,2,2,3,5,1,1,4,5,5,1,1,2,1,6,2,3,2,1,4
a49c78ab2c3592,阳101H35,3,14,阳101H35,2,3,迟缓响应持续上升型,1,2,4,5,1,1,1,1,1,1,1,1,2,1,6,2,3,2,1,4
a49dfd2563966a,泸203H64,3,7,泸203H64,1,4,降压主导型,2,3,3,4,4,2,2,2,2,2,2,2,1,3,3,1,2,1,3,2
a4d81eab839486,阳101H25,1,23,阳101H25,4,4,降压主导型,2,3,3,4,3,2,2,2,2,6,2,2,1,3,3,1,2,1,3,2
a4f3bcff371999,泸206H8,5,14,泸206H8,4,3,迟缓响应持续上升型,1,2,4,5,1,1,1,1,1,1,1,1,2,5,2,2,3,4,2,6
a50325bd653dba,阳101H2,,,阳101H2,5,1,低幅波动型,2,1,1,2,2,2,3,3,3,3,2,3,3,2,4,1,1,3,4,1
a50333b2036094,泸203H76,1,11,泸203H76,3,3,迟缓响应持续上升型,1,1,4,5,1,1,1,1,1,1,1,3,3,5,2,2,3,4,2,6
a530026c0618d1,阳101H2,102,1,阳101H2,8,2,早期上升趋缓型,1,2,2,3,5,1,1,1,1,1,1,1,2,1,6,2,3,2,1,4
a53a56527d0f35,泸206H10,4,14,泸206H10,1,4,降压主导型,2,3,3,4,4,2,2,2,2,2,2,2,1,3,3,1,2,1,3,2
a5656924d0128d,阳101H35,3,1,阳101H35,4,1,低幅波动型,2,1,1,2,2,2,3,3,3,3,2,3,3,2,4,1,1,3,4,1
a58a9b8cf7985f,泸201H5,1,1,泸201H5,4,1,低幅波动型,2,1,1,2,2,2,3,3,3,3,2,3,3,2,4,1,1,3,4,3
a59c17a02ec87d,阳101H26,,,阳101H26,2,1,低幅波动型,2,1,1,2,2,2,3,3,3,3,1,3,3,2,4,1,1,3,4,1
a5e0a117d8ac29,泸203H76,4,14,泸203H76,1,3,迟缓响应持续上升型,1,2,4,1,6,1,1,4,4,4,1,1,2,5,2,2,3,4,2,5
a5e9ea913b24fd,阳101H2,,,阳101H2,6,1,低幅波动型,2,1,1,2,2,2,3,3,3,3,2,3,3,2,1,1,1,3,5,3
a5f0b05f51cee4,阳101H51,4,8,阳101H51,2,3,迟缓响应持续上升型,1,1,4,5,1,1,1,1,1,1,1,1,2,5,2,2,3,4,2,6
a5f565c0a853c5,阳101H2,,,阳101H2,2,3,迟缓响应持续上升型,1,1,4,5,1,1,1,1,1,1,1,3,3,5,2,2,3,4,2,6
a5fa14e96af5ca,泸201H5,1,23,泸201H5,2,1,低幅波动型,2,1,1,5,2,2,3,3,3,3,1,3,3,5,2,2,1,4,2,1
a610bf8491dcaf,阳101H2,,,阳101H2,6,1,低幅波动型,2,1,1,2,2,2,3,3,3,3,2,2,1,3,1,1,2,1,5,3
a6137bfd4502a2,阳101H32,6,20,阳101H32,3,1,低幅波动型,2,1,1,2,2,2,3,3,3,3,2,3,3,2,4,1,1,3,5,3
a64c251a026788,阳101H35,3,9,阳101H35,1,4,降压主导型,2,3,3,4,4,2,2,2,2,2,2,2,1,3,3,1,2,1,3,2
a66dc884c761f6,阳101H32,2,13,阳101H32,7,1,低幅波动型,2,1,1,2,2,2,3,3,3,3,2,3,3,2,1,1,1,3,5,3
a671cc1d974d97,泸201H5,2,7,泸201H5,4,4,降压主导型,2,3,3,4,4,2,3,3,3,3,2,2,1,3,3,1,2,1,3,2
a672d5d8a81399,阳101H35,1,2,阳101H35,2,3,迟缓响应持续上升型,1,2,4,1,6,1,1,4,4,4,1,3,2,5,2,2,3,4,2,6
a68f494ea3b277,阳101H51,2,17,阳101H51,3,3,迟缓响应持续上升型,1,2,4,5,1,1,1,1,1,1,1,1,2,5,2,2,3,4,2,6
a69acd951026db,阳101H34,4,7,阳101H34,3,3,迟缓响应持续上升型,1,2,4,5,1,1,1,1,1,1,1,1,2,5,2,2,3,4,2,5
a69bce6bbdf222,阳101H31,,,阳101H31,3,2,早期上升趋缓型,1,2,2,3,5,1,1,4,5,5,1,1,2,1,6,2,3,2,1,4
a69befae208d67,阳101H26,,,阳101H26,4,1,低幅波动型,2,1,1,2,2,2,3,3,3,3,1,3,3,2,4,1,1,3,4,1
a69f6bf2065bcc,阳101H2,,,阳101H2,6,1,低幅波动型,2,1,1,2,2,2,3,3,3,3,2,2,1,3,1,1,2,1,5,3
a6ae5e25cdcdc5,泸203H64,4,11,泸203H64,1,1,低幅波动型,1,1,1,5,2,1,1,1,1,1,1,1,2,5,2,2,3,4,4,1
a6d9478bdf3823,泸206H10,2,8,泸206H10,3,3,迟缓响应持续上升型,1,2,4,5,1,1,1,1,1,1,1,1,2,5,2,2,3,4,2,5
a6f4e21f48f0d9,阳101H51,4,2,阳101H51,2,3,迟缓响应持续上升型,1,1,4,5,1,1,1,1,1,1,1,3,3,5,2,2,3,4,2,6
a6f71daccb56ab,泸201H5,2,1,泸201H5,3,1,低幅波动型,2,1,1,2,2,2,3,3,3,3,1,3,3,5,4,1,1,3,4,1
a6ff286af7f7c3,泸203H66,3,13,泸203H66,2,2,早期上升趋缓型,1,2,2,3,5,1,1,1,1,1,1,1,2,1,6,2,3,2,1,4
a6ff3faafe5698,泸206H8,4,20,泸206H8,1,3,迟缓响应持续上升型,1,1,4,5,1,1,1,1,1,1,1,1,2,5,2,2,3,4,2,6
a71da068b60dbd,泸206H8,4,2,泸206H8,3,1,低幅波动型,2,3,1,2,4,2,3,3,3,3,2,2,1,3,1,1,2,1,5,3
a7225a71d181a8,泸206H8,5,6,泸206H8,8,1,低幅波动型,2,1,1,2,2,1,1,1,1,1,2,3,3,2,4,1,1,3,4,3
a72a77386ce3c5,阳101H31,,,阳101H31,2,2,早期上升趋缓型,1,2,2,3,5,1,1,4,5,5,1,1,2,1,6,2,3,2,1,4
a73b2ab93f8e3a,阳101H31,7,18,阳101H31,4,3,迟缓响应持续上升型,1,2,4,5,1,1,1,1,1,1,1,1,2,5,2,2,3,4,2,6
a74ce3bc61fe96,泸208H2,6,2,泸208H2,7,3,迟缓响应持续上升型,1,2,4,1,6,1,1,4,4,4,1,1,2,5,2,2,3,4,2,5
a74eb440f3879c,泸203H64,5,1,泸203H64,3,1,低幅波动型,2,1,1,2,2,1,1,1,1,1,1,3,3,2,4,1,1,3,4,1
a765ee3c8a4ca9,泸201H5,4,26,泸201H5,2,1,低幅波动型,2,1,1,2,2,2,3,3,3,3,1,3,3,2,4,1,1,3,4,1
a76cdcf9ca658f,阳101H32,6,5,阳101H32,11,2,早期上升趋缓型,1,2,2,1,6,1,1,4,5,5,1,1,2,1,6,2,3,2,1,4
a7cb72a3af85a1,阳101H31,,,阳101H31,3,3,迟缓响应持续上升型,1,2,4,5,1,1,1,1,1,1,1,1,2,5,2,2,3,4,1,5
a7cc8cc7563303,阳101H2,2,8,阳101H32,4,3,迟缓响应持续上升型,1,2,4,1,6,1,1,4,4,4,1,1,2,5,2,2,3,2,1,5
a7d6b2b0c1e487,泸203H64,2,8,泸203H64,1,1,低幅波动型,2,1,1,2,2,2,3,3,3,3,2,3,3,2,4,1,1,3,4,3
a7e2034b8fda91,泸201H5,4,3,泸201H5,2,1,低幅波动型,2,1,1,2,2,2,3,3,3,3,2,3,3,2,4,1,1,3,4,1
a806dfad13dcd1,阳101H31,7,24,阳101H31,6,3,迟缓响应持续上升型,1,2,4,1,6,1,1,4,4,4,1,1,2,1,6,2,3,2,1,5
a8114597814abf,阳101H34,2,16,阳101H34,1,2,早期上升趋缓型,1,2,2,3,5,1,1,1,1,1,1,1,2,1,6,2,3,2,1,4
a81c00fd86644e,阳101H33,4,7,阳101H33,3,2,早期上升趋缓型,1,2,2,3,5,1,1,4,5,5,2,2,1,3,1,1,2,1,5,2
a82265aac26f68,阳101H34,1,17,阳101H34,2,3,迟缓响应持续上升型,1,2,4,5,1,1,1,1,1,1,1,1,2,5,2,2,3,4,2,5
a82b4f494c393b,阳101H34,2,18,阳101H34,1,3,迟缓响应持续上升型,1,2,4,5,1,1,1,1,1,1,1,1,2,1,6,2,3,2,1,5
a85fe5dc44d9fe,泸203H66,,,泸203H66,1,2,早期上升趋缓型,1,2,2,3,5,1,1,4,5,5,1,1,2,1,6,2,3,2,1,4
a86153f1ea0d81,阳101H2,6,19,阳101H2,3,1,低幅波动型,2,1,1,2,2,2,3,3,3,3,2,3,3,2,4,1,1,3,4,3
a8652fd86a661c,阳101H34,2,9,阳101H34,1,3,迟缓响应持续上升型,1,2,4,5,1,1,1,1,1,1,1,1,2,5,2,2,3,4,2,6
a87a5d2f53e787,泸203H91,3,11,泸203H91,4,1,低幅波动型,2,1,1,2,2,2,3,3,3,3,2,3,3,2,4,1,1,3,4,1
a89caf1d9e15ea,阳101H26,,,阳101H26,3,1,低幅波动型,2,1,1,2,2,2,3,3,3,3,2,3,3,2,1,1,1,3,5,3
a8abbaa9de151e,泸208H1,5,5,泸208H1,4,3,迟缓响应持续上升型,1,2,4,1,6,1,1,4,4,4,1,1,2,1,6,2,3,2,1,5
a8b1b2661b828b,阳101H2,2,9,阳101H2,6,3,迟缓响应持续上升型,1,2,4,1,6,1,1,4,4,4,1,1,2,1,6,2,3,2,1,5
a8b69323f34993,泸206H8,,,泸206H8,5,3,迟缓响应持续上升型,1,2,4,5,1,1,1,1,1,1,1,1,2,1,6,2,3,2,1,4
a8bc7a9508fc2d,阳101H51,2,2,阳101H51,3,3,迟缓响应持续上升型,1,2,4,5,1,1,1,1,1,1,1,1,2,1,6,2,3,4,1,5
a8e2ef1c77a90b,阳101H32,4,20,阳101H32,1,1,低幅波动型,2,1,1,2,2,2,3,3,3,3,2,3,3,2,4,1,1,3,4,3
a8f407f39b3a3a,阳101H2,2,15,阳101H2,4,2,早期上升趋缓型,1,2,2,3,5,1,1,4,5,5,1,1,2,1,6,2,3,2,1,4
a905ddf2052939,泸208H2,9,19,泸208H2,10,3,迟缓响应持续上升型,1,2,4,1,6,1,1,4,4,4,1,1,2,1,6,2,3,2,1,5
a9202fab5f0ba8,阳101H35,3,20,阳101H35,sensor:压力,1,低幅波动型,2,1,1,2,2,2,3,3,3,3,2,3,3,2,1,1,1,3,4,3
a9220fb001e44e,泸201H5,4,22,泸201H5,1,4,降压主导型,2,3,3,4,4,2,2,2,2,2,2,2,1,3,3,1,2,1,3,2
a92414ca80013a,阳101H2,4,3,阳101H32,3,1,低幅波动型,2,1,1,2,2,2,3,3,3,3,2,3,3,2,4,1,1,3,5,3
a92910b4610ecc,阳101H31,7,30,阳101H31,5,2,早期上升趋缓型,1,2,2,3,5,1,1,1,1,1,1,1,2,1,6,2,3,2,1,4
a97eaf313e88e4,阳101H2,,,阳101H2,2,1,低幅波动型,2,1,1,2,2,2,3,3,3,3,2,3,3,2,4,1,1,3,4,3
a97f6dbb25cfd6,阳101H31,,,阳101H31,3,3,迟缓响应持续上升型,1,2,4,1,6,1,1,1,1,1,1,1,2,5,2,2,3,4,1,5
a98a16ea780702,泸203H76,1,18,泸203H76,2,4,降压主导型,2,3,3,4,4,2,2,2,2,2,2,2,1,3,3,1,2,1,3,2
a9965027bd042a,阳101H2,322,1,阳101H2,6,1,低幅波动型,2,1,1,2,2,2,3,3,3,3,1,3,3,2,4,1,1,3,4,1
a997667b1a2f5b,泸203H76,2,17,泸203H76,3,2,早期上升趋缓型,1,2,2,3,5,1,1,1,1,1,1,1,2,1,6,2,3,2,1,5
a9ba89aee7efce,泸208H2,9,8,泸208H2,10,3,迟缓响应持续上升型,1,2,4,1,6,1,1,4,4,4,1,1,2,1,6,2,3,2,1,5
a9babecf1556ca,阳101H32,2,17,阳101H32,5,1,低幅波动型,2,3,1,2,4,2,3,3,3,3,2,2,1,3,1,1,2,1,5,2
a9f1fae3e5f33f,阳101H2,4,19,阳101H2,5,3,迟缓响应持续上升型,1,2,4,5,1,1,1,1,1,1,1,3,3,5,2,2,3,4,2,6
a9fe00ea8070c4,阳101H2,2,15,阳101H2,4,1,低幅波动型,2,1,1,2,2,2,3,3,3,3,2,3,3,2,4,1,1,3,4,1
aa01809e8cf9ae,阳101H31,3,14,阳101H31,2,2,早期上升趋缓型,1,2,2,3,5,1,1,4,5,5,1,1,2,1,6,2,3,2,1,4
aa0b17b01dd832,泸201H5,3,17,泸201H5,2,1,低幅波动型,2,1,1,2,2,2,3,3,3,3,2,3,3,2,1,1,1,3,5,3
aa1fc4a74c4770,泸203H11,2,6,泸203H11,3,2,早期上升趋缓型,1,2,2,3,5,1,1,4,5,5,1,1,2,1,6,2,3,2,1,4
aa3d175acea623,阳101H32,2,20,阳101H32,6,3,迟缓响应持续上升型,1,2,4,5,1,1,1,1,1,1,1,1,2,1,6,2,3,2,1,4
aa3ec2273f249c,阳101H51,2,3,阳101H51,1,2,早期上升趋缓型,1,2,2,3,5,1,1,4,4,4,1,1,2,1,6,2,3,2,1,4
aa3fd0e89954a5,阳101H35,3,12,阳101H35,1,4,降压主导型,2,3,3,4,3,2,2,2,2,6,2,2,1,3,3,1,2,1,3,2
aa54e2fff85cfa,泸206H8,4,1,泸206H8,5,2,早期上升趋缓型,1,2,2,3,5,1,1,4,5,5,1,1,4,4,5,2,3,2,1,4
aa674e645f26af,泸203H64,5,11,泸203H64,2,1,低幅波动型,2,1,1,2,2,2,3,3,3,3,2,3,3,2,4,1,1,3,4,1
aa7f3a3b2ebddf,泸208H1,2,15,泸208H1,1,2,早期上升趋缓型,1,2,2,3,5,1,1,4,5,5,1,1,2,1,6,2,3,2,1,4
aaa44d13805ca2,阳101H35,1,4,阳101H35,3,4,降压主导型,2,3,3,4,4,2,2,2,2,2,2,2,1,3,3,1,2,1,3,2
aaa958f25ff0af,阳101H51,3,5,阳101H51,1,3,迟缓响应持续上升型,1,2,4,5,1,1,1,1,1,1,1,1,2,1,6,2,3,4,1,5
aab873d38ae521,阳101H2,5,17,阳101H2,2,4,降压主导型,2,3,3,4,4,2,2,2,2,2,2,2,1,3,3,1,2,1,3,2
aae74089fd9613,泸201H5,3,21,泸201H5,4,3,迟缓响应持续上升型,1,2,4,5,1,1,1,1,1,1,1,1,2,5,2,2,3,4,2,6
aaffff0527a1fb,阳101H2,6,21,阳101H2,3,1,低幅波动型,2,1,1,2,2,2,3,3,3,3,2,3,3,2,4,1,1,3,4,3
ab0846afa084f8,泸203H64,,,泸203H64,1,1,低幅波动型,2,1,1,2,2,2,3,3,3,3,2,3,3,2,4,1,1,3,4,3
ab225b8dfed397,阳101H2,,,阳101H2,6,1,低幅波动型,2,1,1,2,2,2,3,3,3,3,2,3,3,2,4,1,1,3,4,1
ab30ccc20192eb,阳101H31,3,13,阳101H31,6,3,迟缓响应持续上升型,1,1,4,5,1,1,1,1,1,1,1,1,2,1,6,2,3,2,1,4
ab36e81b07180c,阳101H32,4,2,阳101H32,2,4,降压主导型,2,3,3,4,4,2,3,3,3,3,2,2,1,3,3,1,2,1,3,2
ab3c765365f922,阳101H31,,,阳101H31,2,3,迟缓响应持续上升型,1,2,4,1,6,1,1,1,1,1,1,1,2,5,2,2,3,4,2,5
ab3de2e5e0f7eb,阳101H26,,,阳101H26,4,1,低幅波动型,2,1,1,2,2,2,3,3,3,3,2,3,3,2,4,1,1,3,4,3
ab50b114e3be68,泸203H66,1,17,泸203H66,2,1,低幅波动型,2,1,1,2,2,2,3,3,3,3,2,3,3,2,4,1,1,3,4,1
ab6d43a65a39c9,阳101H34,2,9,阳101H34,3,2,早期上升趋缓型,1,2,2,3,5,1,1,1,1,1,1,1,2,1,6,2,3,2,1,4
ab8ff00921aa5b,阳101H26,,,阳101H26,1,1,低幅波动型,2,1,1,2,2,2,3,3,3,3,2,3,3,2,1,1,1,3,5,3
ab93756f32db97,阳101H35,2,13,阳101H35,1,3,迟缓响应持续上升型,1,2,4,1,6,1,1,1,1,1,1,1,2,1,6,2,3,2,1,5
ab94b7adeb4e24,泸208H2,5,17,泸208H2,3,3,迟缓响应持续上升型,1,2,4,1,6,1,1,4,4,4,1,1,2,5,2,2,3,2,1,5
abba37dc71127c,泸208H1,4,3,泸208H1,5,3,迟缓响应持续上升型,1,2,4,1,6,1,1,4,4,4,1,1,2,5,2,2,3,4,2,6
abc0fbc652def0,阳101H26,,,阳101H26,1,1,低幅波动型,2,1,1,2,2,1,1,1,1,1,2,3,3,2,1,1,1,3,4,3
abcb47dc63d306,阳101H51,4,1,阳101H51,3,3,迟缓响应持续上升型,1,2,4,1,6,1,1,1,1,1,1,1,2,1,6,2,3,2,1,4
abcd3f0ae0bd3f,泸203H76,3,20,泸203H76,4,1,低幅波动型,2,3,1,2,4,2,2,2,2,2,2,3,3,2,1,1,2,1,5,3
abeee49f017741,泸201H5,2,23,泸201H5,4,1,低幅波动型,2,1,1,2,2,2,3,3,3,3,2,3,3,2,4,1,1,3,4,3
ac1a35726966ff,泸208H1,4,8,泸208H1,6,2,早期上升趋缓型,1,2,2,1,6,1,1,4,4,4,1,1,2,1,6,2,3,2,1,5
ac1f162df68a74,阳101H35,3,7,阳101H35,1,2,早期上升趋缓型,1,2,2,3,5,1,1,1,1,1,1,1,2,1,6,2,3,2,1,4
ac334ff4b44eab,泸203H76,2,8,泸203H76,3,3,迟缓响应持续上升型,1,2,4,1,6,1,1,4,4,4,1,1,2,5,2,2,3,2,1,5
ac5a1ff2ddb4a5,阳101H31,7,30,阳101H31,6,2,早期上升趋缓型,1,2,2,3,5,1,1,4,5,5,1,1,2,1,6,2,3,2,1,4
ac70879b61ff5b,阳101H51,1,12,阳101H51,2,3,迟缓响应持续上升型,1,2,4,5,1,1,1,1,1,1,1,1,2,1,6,2,3,2,1,5
aca550dfdac7b5,阳101H34,3,23,阳101H34,4,3,迟缓响应持续上升型,1,2,4,1,6,1,1,4,4,4,1,1,2,1,6,2,3,2,1,5
acd2cb26300a51,阳101H51,2,15,阳101H51,3,3,迟缓响应持续上升型,1,2,4,1,6,1,1,4,4,4,1,1,2,1,6,2,3,2,1,5
acf439822e89be,阳101H34,4,15,阳101H34,3,3,迟缓响应持续上升型,1,2,4,1,6,1,1,4,4,4,1,1,2,5,2,2,3,4,2,5
acfc664cec9fa8,泸208H1,2,17,泸208H2,4,3,迟缓响应持续上升型,1,2,4,5,1,1,1,1,1,1,1,1,2,5,2,2,3,4,2,5
ad17636f98ed04,阳101H26,,,阳101H26,3,3,迟缓响应持续上升型,1,2,4,1,6,1,1,4,4,4,1,3,3,5,2,2,3,4,2,6
ad262886acac40,泸203H153,6,18,泸203H153,5,3,迟缓响应持续上升型,1,2,4,1,6,1,1,4,4,4,1,1,2,1,2,2,3,2,1,5
ad4099ffdc3c58,泸201H5,2,7,泸201H5,1,1,低幅波动型,2,1,1,5,1,2,3,3,3,3,1,3,3,5,2,2,1,4,2,6
ad6b47f82740f6,阳101H2,4,5,阳101H2,6,3,迟缓响应持续上升型,1,2,4,5,1,1,1,1,1,1,1,1,2,1,6,2,3,2,1,5
ad7a870245261b,泸201H5,1,8,泸201H5,2,3,迟缓响应持续上升型,1,1,4,5,1,1,1,1,1,1,1,1,2,5,2,2,3,4,2,6
ad7a934304956f,阳101H51,6,5,阳101H51,5,3,迟缓响应持续上升型,1,2,4,3,6,1,1,1,1,1,1,1,2,1,6,2,3,2,1,4
ad866e985dea23,阳101H2,,,阳101H2,3,1,低幅波动型,2,1,1,2,2,2,3,3,3,3,2,3,3,2,4,1,1,3,4,1
ad872c6bf15032,泸206H10,4,10,泸206H10,2,1,低幅波动型,2,1,1,2,2,2,3,3,3,3,2,3,3,2,4,1,1,3,4,1
ad99f2f08cb4a4,阳101H2,2,11,阳101H2,4,3,迟缓响应持续上升型,1,2,4,5,1,1,1,1,1,1,1,1,2,1,2,2,3,4,1,5
ada0adb292c8b3,泸203H64,1,15,泸203H64,5,1,低幅波动型,2,1,1,2,2,2,3,3,3,3,2,3,3,2,4,1,1,3,4,3
adb38536623be9,泸203H64,1,17,泸203H64,4,1,低幅波动型,2,1,1,2,4,2,3,3,3,3,2,3,3,2,1,1,1,3,5,3
adb85a3a2cffa2,泸206H8,4,9,泸206H8,3,1,低幅波动型,2,1,1,2,2,2,3,3,3,3,1,3,3,2,4,1,1,3,4,1
adc540e282e67f,泸203H64,1,4,泸203H64,2,1,低幅波动型,2,1,1,2,4,2,3,3,3,3,2,2,1,3,1,1,2,1,5,3
addebd390afe80,阳101H2,322,1,阳101H2,2,2,早期上升趋缓型,1,2,2,3,5,1,1,1,1,1,1,1,2,1,6,2,3,2,1,4
ae1c78cfec9b3e,阳101H32,2,9,阳101H32,7,1,低幅波动型,2,1,1,2,2,2,3,3,3,3,2,3,3,2,4,1,1,3,4,3
ae2c4fe31347b2,阳101H2,2,2,阳101H2,4,4,降压主导型,2,3,3,4,4,2,2,2,2,2,2,2,1,3,3,1,2,1,3,2
ae763b61574811,泸203H64,4,9,泸203H64,5,3,迟缓响应持续上升型,1,1,4,5,1,1,1,1,1,1,1,1,2,5,2,2,3,4,2,6
ae7a9610a4f680,阳101H26,,,阳101H26,2,1,低幅波动型,2,1,1,2,2,2,3,3,3,3,2,3,3,2,4,1,1,3,4,3
ae8807e083c33d,泸203H64,4,5,泸203H64,1,1,低幅波动型,2,1,1,2,2,2,3,3,3,3,2,3,3,2,4,1,1,3,4,1
aecb4acbcb59e3,泸203H64,3,9,泸203H64,2,3,迟缓响应持续上升型,1,2,4,1,6,1,1,1,1,1,1,3,3,5,2,2,3,4,2,6
aed4415ce4dab3,阳101H2,4,15,阳101H2,6,3,迟缓响应持续上升型,1,2,4,5,1,1,1,1,1,1,1,1,2,5,2,2,3,4,2,6
aede46623f6252,阳101H35,3,6,阳101H35,2,4,降压主导型,2,3,3,4,3,2,2,2,2,6,2,2,1,3,3,1,2,1,3,2
aeece83917ee89,泸203H76,1,15,泸203H76,2,4,降压主导型,2,3,3,4,4,2,2,2,2,2,2,2,1,3,3,1,2,1,3,2
aef19174aa9392,阳101H32,4,17,阳101H32,3,1,低幅波动型,2,1,1,2,2,2,3,3,3,3,2,3,3,2,4,1,1,3,5,3
aefc61a61f4d08,泸208H2,3,27,泸208H2,4,2,早期上升趋缓型,1,2,2,3,5,1,1,4,5,5,1,1,2,1,6,2,3,2,1,4
af083b91175165,阳101H35,1,5,阳101H35,2,3,迟缓响应持续上升型,1,2,4,1,6,1,1,4,4,4,1,1,2,5,2,2,3,4,2,5
af0e76c4e13a93,阳101H2,,,阳101H2,1,3,迟缓响应持续上升型,1,2,4,1,6,1,1,4,4,4,1,1,2,5,2,2,3,2,1,5
af0ea8c2092c74,泸203H64,3,5,泸203H64,1,4,降压主导型,2,3,3,4,4,2,2,2,2,2,2,2,1,3,3,1,2,1,3,2
af0f2e28e6509d,阳101H34,3,3,阳101H34,4,3,迟缓响应持续上升型,1,2,4,5,1,1,1,1,1,1,1,1,2,5,2,2,3,4,2,6
af24fa8e160a74,泸203H153,6,13,泸203H153,4,3,迟缓响应持续上升型,1,2,4,1,6,1,1,4,4,4,1,1,2,5,2,2,3,4,2,5
af2984bfe7a1a3,阳101H75,2,16,阳101H75,3,3,迟缓响应持续上升型,1,2,4,1,6,1,1,4,4,4,1,1,2,1,6,2,3,2,1,5
af3cdfbd9d2de7,阳101H2,6,8,阳101H2,4,3,迟缓响应持续上升型,1,1,4,5,1,1,1,1,1,1,1,1,2,5,2,2,3,4,2,6
af6b97b6bad4e8,阳101H26,,,阳101H26,2,1,低幅波动型,2,1,1,2,2,2,3,3,3,3,2,3,3,2,4,1,1,3,4,1
af721d8719f390,阳101H31,1,3,阳101H31,3,3,迟缓响应持续上升型,1,2,4,1,6,1,1,4,4,4,1,1,2,1,6,2,3,2,1,5
af74acfeca9ce9,阳101H34,4,8,阳101H34,3,3,迟缓响应持续上升型,1,2,4,5,1,1,1,1,1,1,1,1,2,5,2,2,3,4,2,6
af7f63fce934a0,泸203H64,5,9,泸203H64,3,3,迟缓响应持续上升型,1,2,4,1,6,1,1,4,4,4,1,1,2,5,2,2,3,4,2,5
af849008992c30,阳101H31,2,14,阳101H31,1,3,迟缓响应持续上升型,1,2,4,5,1,1,1,1,1,1,1,1,2,5,2,2,3,4,2,6
af938fc857bf78,泸203H9,3,3,泸203H9,5,1,低幅波动型,2,1,1,2,2,2,3,3,3,3,2,3,3,2,4,1,1,3,4,1
afb592f3f2b2b4,泸203H76,2,18,泸203H76,1,2,早期上升趋缓型,1,2,2,3,5,1,1,4,5,5,1,1,2,1,6,2,3,2,1,4
afcde557ef05f8,泸203H66,1,7,泸203H66,2,3,迟缓响应持续上升型,1,2,4,5,1,1,1,1,1,1,1,3,3,5,2,2,3,4,2,6
afe06cc81f4f02,阳101H31,3,4,阳101H31,7,4,降压主导型,2,3,3,4,4,2,2,2,2,2,2,2,1,3,3,1,2,1,3,2
afe458b40ac33e,泸203H64,4,13,泸203H64,3,1,低幅波动型,2,1,1,5,1,2,2,2,2,2,2,3,3,2,4,1,1,4,2,6
afe9182d558104,阳101H25,1,20,阳101H25,4,1,低幅波动型,2,1,1,2,2,2,3,3,3,3,2,3,3,2,4,1,1,3,4,1
aff62f63476747,泸203H64,1,7,泸203H64,4,3,迟缓响应持续上升型,1,2,4,1,6,1,1,4,4,4,1,1,2,5,2,2,3,4,2,5
aff6424abbd573,阳101H2,,,阳101H2,1,1,低幅波动型,2,1,1,2,2,2,3,3,3,3,1,3,3,5,4,1,1,3,4,1
b00b456fdd6d6d,阳101H31,1,2,阳101H31,2,3,迟缓响应持续上升型,1,2,4,5,1,1,1,1,1,1,1,1,2,5,2,2,3,4,2,6
b021e181c751f8,泸206H8,3,20,泸206H8,8,1,低幅波动型,2,1,1,2,4,2,3,3,3,3,2,2,1,3,1,1,2,1,5,3
b02343b6828b07,泸206H8,4,19,泸206H8,3,2,早期上升趋缓型,1,2,2,1,6,1,1,4,4,4,1,1,2,1,6,2,3,2,1,5
b02ae557e2cbaf,阳101H31,2,18,阳101H31,3,2,早期上升趋缓型,1,2,2,3,5,2,2,2,2,6,2,3,3,2,4,1,1,3,4,1
b0412f3a8a9f41,阳101H33,2,6,阳101H33,1,3,迟缓响应持续上升型,1,2,4,1,6,1,1,4,4,4,1,1,2,1,6,2,3,2,1,5
b0455ca31a2b51,泸206H10,3,10,泸206H10,5,1,低幅波动型,2,1,1,2,2,2,3,3,3,3,2,3,3,2,4,1,1,3,5,3
b05e3132ec3c38,泸203H11,6,17,泸203H11,5,2,早期上升趋缓型,1,2,2,1,6,1,1,4,4,4,1,1,2,1,6,2,3,2,1,4
b079397619d275,阳101H51,3,5,阳101H51,2,2,早期上升趋缓型,1,2,2,3,5,1,1,4,5,5,1,1,2,1,6,2,3,2,1,4
b0b82bf945d0ae,泸203H64,5,4,泸203H64,1,1,低幅波动型,2,1,1,2,2,2,3,3,3,3,2,3,3,2,4,1,1,3,4,3
b0c3f162bf728a,阳101H32,2,9,阳101H32,6,3,迟缓响应持续上升型,1,2,4,1,6,1,1,4,4,4,1,1,2,1,6,2,3,2,1,5
b0da5527b7cb05,阳101H2,324,21,阳101H2,8,3,迟缓响应持续上升型,1,2,4,1,6,1,1,1,1,1,1,1,2,5,2,2,3,4,2,5
b0e0db17231158,阳101H32,2,17,阳101H32,7,1,低幅波动型,2,1,1,2,2,2,3,3,3,3,2,3,3,2,4,1,1,3,4,3
b0ee6db155e970,阳101H31,,,阳101H31,1,2,早期上升趋缓型,1,2,2,3,5,1,1,1,1,1,1,1,2,1,6,2,3,2,1,4
b0f181eaa43423,泸203H66,3,11,泸203H66,1,3,迟缓响应持续上升型,1,2,4,1,6,1,1,1,1,1,1,1,2,5,2,2,3,4,1,5
b105d1be7e7d55,阳101H2,134,20,阳101H2,7,1,低幅波动型,2,1,1,2,2,2,3,3,3,3,2,3,3,2,4,1,1,3,4,1
b135f687e96bfb,阳101H26,,,阳101H26,4,3,迟缓响应持续上升型,1,2,4,5,1,1,1,1,1,1,1,1,2,1,6,2,3,2,1,4
b13bf6778220e9,阳101H2,66,19,阳101H2,7,2,早期上升趋缓型,1,2,2,3,6,1,1,4,5,5,1,1,2,5,2,2,3,4,2,6
b14c5300ebc0ea,阳101H34,4,14,阳101H34,2,3,迟缓响应持续上升型,1,2,4,5,1,1,1,1,1,1,1,1,2,5,2,2,3,4,2,6
b14caba2b1be5b,泸201H5,3,20,泸201H5,4,4,降压主导型,2,3,3,4,3,2,2,2,2,6,2,2,1,3,3,1,2,1,3,2
b1593b1bdb5642,阳101H6,8,24,阳101H6,7,3,迟缓响应持续上升型,1,2,4,1,6,1,1,4,4,4,1,1,2,5,2,2,3,4,2,5
b165f8cbb4b7f4,阳101H31,,,阳101H31,1,2,早期上升趋缓型,1,2,2,1,6,1,1,4,4,4,1,1,2,1,6,2,3,2,1,4
b18661e5d3d23f,泸203H76,3,7,泸203H76,1,3,迟缓响应持续上升型,1,2,4,5,1,1,1,1,1,1,1,1,2,5,2,2,3,4,2,6
b1cae27fb6226b,泸203H66,1,18,泸203H66,2,3,迟缓响应持续上升型,1,2,4,1,6,1,1,4,4,4,1,1,2,5,2,2,3,2,1,5
b1d89d2ef4149f,阳101H25,1,28,阳101H25,2,3,迟缓响应持续上升型,1,2,4,1,6,1,1,4,4,4,1,1,2,5,2,2,3,4,2,5
b1f06fd9d6a82f,泸206H8,5,7,泸206H8,2,1,低幅波动型,2,1,1,2,2,2,3,3,3,3,2,3,3,2,1,1,1,3,5,3
b1fd9e03bfd599,阳101H32,2,15,阳101H32,3,1,低幅波动型,2,1,1,2,2,2,3,3,3,3,2,3,3,2,4,1,1,3,4,3
b244fe650930de,阳101H26,,,阳101H26,1,1,低幅波动型,2,1,1,2,2,2,3,3,3,3,2,3,3,2,4,1,1,3,4,3
b246e5fbb47c5c,泸208H2,8,7,泸208H2,7,2,早期上升趋缓型,1,2,2,3,5,1,1,4,5,5,1,1,2,1,6,2,3,2,1,4
b24875db69c2b4,泸206H8,4,1,泸206H8,7,1,低幅波动型,1,1,1,2,2,1,1,1,1,1,1,1,2,5,2,2,1,4,4,1
b25d05db3b88d4,阳101H31,3,12,阳101H31,5,1,低幅波动型,2,1,1,2,4,2,3,3,3,3,2,2,1,3,1,1,2,1,5,3
b25dca86a41390,泸201H5,2,11,泸201H5,4,1,低幅波动型,2,3,1,2,4,2,3,3,3,3,2,2,1,3,1,1,2,1,5,3
b2613b099cca40,泸203H9,4,5,泸203H9,6,3,迟缓响应持续上升型,1,2,4,1,6,1,1,1,1,1,1,1,2,5,2,2,3,4,2,5
b267340a9425d3,泸206H10,2,8,泸206H10,4,3,迟缓响应持续上升型,1,1,4,5,1,1,1,1,1,1,1,1,2,5,2,2,3,4,2,6
b284895d4dcce0,泸208H2,7,21,泸208H2,8,3,迟缓响应持续上升型,1,2,4,1,6,1,1,4,4,4,1,1,2,1,6,2,3,2,1,5
b293aad89d6d4a,阳101H35,3,18,阳101H35,2,3,迟缓响应持续上升型,1,2,4,5,1,1,1,1,1,1,1,1,2,5,2,2,3,4,2,6
b2a0e599839ed2,阳101H32,6,6,阳101H32,7,1,低幅波动型,2,1,1,2,2,2,3,3,3,3,2,3,3,2,4,1,1,3,4,1
b2a0f454faa134,阳101H31,,,阳101H31,1,2,早期上升趋缓型,1,2,2,3,5,1,1,4,4,4,1,1,2,1,6,2,3,2,1,4
b2c623265a1bde,阳101H2,2,12,阳101H2,8,3,迟缓响应持续上升型,1,1,4,5,1,1,1,1,1,1,1,3,3,5,2,2,3,4,2,6
b2c6605812d554,阳101H35,2,2,阳101H35,4,1,低幅波动型,2,1,1,2,2,2,3,3,3,3,2,3,3,2,4,1,1,3,4,3
b2d2e236c92da4,泸203H9,2,15,泸203H9,3,3,迟缓响应持续上升型,1,2,4,1,6,1,1,1,1,1,1,1,2,5,2,2,3,4,2,6
b2e3b42a675710,泸201H5,4,17,泸201H5,1,1,低幅波动型,2,1,1,2,2,2,3,3,3,3,2,3,3,2,1,1,1,3,5,3
b2f1351f8a9524,泸203H76,2,6,泸203H76,3,3,迟缓响应持续上升型,1,2,4,5,1,1,1,1,1,1,1,1,2,5,2,2,3,4,2,6
b2f8833f226e01,阳101H31,3,8,阳101H31,5,1,低幅波动型,2,3,1,2,4,2,3,3,3,3,2,2,1,3,1,1,2,1,5,2
b307953b0ac0cd,泸203H9,2,13,泸203H9,1,3,迟缓响应持续上升型,1,2,4,1,6,1,1,4,4,4,1,1,2,5,2,2,3,4,2,6
b31d65b8846a50,阳101H35,3,2,阳101H35,4,1,低幅波动型,2,1,1,2,2,2,3,3,3,3,2,3,3,2,4,1,1,3,4,1
b322e481a8c003,阳101H35,3,18,阳101H35,4,4,降压主导型,2,3,3,4,4,2,2,2,2,2,2,2,1,3,1,1,2,1,5,2
b343e4f66129c5,阳101H26,,,阳101H26,1,1,低幅波动型,2,1,1,2,2,2,3,3,3,3,2,3,3,2,4,1,1,3,4,3
b345d7df1ce127,泸208H2,10,15,泸208H2,9,3,迟缓响应持续上升型,1,2,4,1,6,1,1,4,4,4,1,1,2,5,2,2,3,2,1,5
b347977a376e39,阳101H31,3,17,阳101H31,1,2,早期上升趋缓型,1,2,2,3,5,1,1,4,5,5,1,1,2,1,6,2,3,2,1,4
b394fc360da6d9,阳101H32,2,19,阳101H32,3,1,低幅波动型,2,1,1,2,2,2,3,3,3,3,2,3,3,2,4,1,1,3,4,1
b3abc0ee8d299f,泸203H64,,,泸203H64,4,1,低幅波动型,2,1,1,2,2,2,3,3,3,3,1,3,3,2,4,1,1,3,4,1
b3b655e611c0e6,阳101H26,,,阳101H26,1,4,降压主导型,2,3,3,4,4,2,2,2,2,2,2,2,1,3,3,1,2,1,3,2
b3dd3ee1c83ac6,泸208H1,1,11,泸208H1,2,2,早期上升趋缓型,1,2,2,3,5,1,1,1,1,1,1,1,2,1,6,2,3,2,1,4
b3e1cefc239b7b,泸203H91,4,4,泸203H91,2,4,降压主导型,2,3,3,4,3,2,2,2,2,6,2,2,1,3,3,1,2,1,3,2
b40ab2cac0df99,泸201H5,4,26,泸201H5,1,4,降压主导型,2,3,3,4,4,2,3,3,3,3,2,2,1,3,1,1,2,1,5,2
b423fa01e964a3,泸203H64,2,1,泸203H64,4,2,早期上升趋缓型,2,1,2,3,5,1,1,1,1,1,1,1,2,1,6,2,3,2,1,4
b443579c8b6d6a,泸203H9,,,泸203H9,5,1,低幅波动型,2,1,1,2,2,2,3,3,3,3,2,3,3,2,4,1,1,3,4,1
b46636818e59c6,泸203H76,1,22,泸203H76,3,3,迟缓响应持续上升型,1,2,4,5,1,1,1,1,1,1,1,1,2,1,6,2,3,2,1,4
b482999a71dbab,泸201H5,3,15,泸201H5,2,1,低幅波动型,2,3,1,2,4,2,3,3,3,3,2,2,1,3,1,1,2,1,5,2
b48acc3883d6ea,阳101H31,3,18,阳101H31,1,3,迟缓响应持续上升型,1,2,4,1,6,1,1,1,1,1,1,1,2,1,6,2,3,2,1,5
b4b102570079b7,泸201H5,4,27,泸201H5,1,1,低幅波动型,2,1,1,2,2,2,3,3,3,3,2,3,3,2,1,1,1,3,5,3
b4df898e77d033,泸206H10,4,9,泸206H10,3,3,迟缓响应持续上升型,1,2,4,5,1,1,1,1,1,1,1,1,2,5,2,2,3,4,2,6
b4ecf3f320d466,阳101H2,262,12,阳101H32,7,1,低幅波动型,2,1,1,2,2,2,3,3,3,3,2,3,3,2,4,1,1,3,4,1
b50c8458bbd87b,阳101H2,4,19,阳101H2,3,1,低幅波动型,2,1,1,2,2,2,3,3,3,3,2,3,3,2,4,1,1,3,4,3
b5284ff66f3fd4,泸203H76,2,12,泸203H76,4,2,早期上升趋缓型,1,2,2,3,5,1,1,1,1,1,1,1,2,1,6,2,3,2,1,4
b52f0cf17773c0,泸201H5,3,22,泸201H5,2,1,低幅波动型,2,1,1,2,2,2,3,3,3,3,2,3,3,2,4,1,1,3,4,1
b531c7345b9412,阳101H2,2,11,阳101H2,8,3,迟缓响应持续上升型,1,1,4,5,1,1,1,1,1,1,1,3,2,5,2,2,3,4,2,6
b549af5a48af04,阳101H26,,,阳101H26,1,1,低幅波动型,2,1,1,2,2,2,3,3,3,3,2,3,3,2,4,1,1,3,4,3
b54fb8adac5093,泸203H64,5,8,泸203H64,2,1,低幅波动型,2,1,1,2,2,2,3,3,3,3,2,3,3,2,4,1,1,3,4,1
b5b2e28060aaa0,泸203H153,6,20,泸203H153,5,2,早期上升趋缓型,1,2,2,3,5,1,1,1,1,1,1,1,2,1,6,2,3,2,1,4
b5c3a4b0a1fe3c,阳101H31,7,21,阳101H31,6,3,迟缓响应持续上升型,1,2,4,1,6,1,1,1,1,1,1,1,2,5,2,2,3,4,2,5
b5d9a46f53238e,阳101H31,7,20,阳101H31,4,3,迟缓响应持续上升型,1,2,4,5,1,1,1,1,1,1,1,1,2,5,2,2,3,4,2,5
b5ee85abeb0c10,阳101H6,7,11,阳101H6,8,3,迟缓响应持续上升型,1,2,4,1,6,1,1,4,4,4,1,1,2,1,6,2,3,2,1,5
b5fa74b26b2f3e,泸208H2,7,13,泸208H2,6,3,迟缓响应持续上升型,1,2,4,5,1,1,1,1,1,1,1,1,2,1,6,2,3,2,1,5
b6274254d59967,泸208H2,9,3,泸208H2,10,3,迟缓响应持续上升型,1,2,4,5,1,1,1,1,1,1,1,1,2,5,2,2,3,4,2,5
b632fd6574495c,阳101H31,,,阳101H31,1,2,早期上升趋缓型,1,2,2,3,5,1,1,4,4,4,1,1,2,1,6,2,3,2,1,4
b655f8499bccde,阳101H35,,,阳101H35,3,3,迟缓响应持续上升型,1,1,4,5,1,1,1,1,1,1,1,1,2,1,6,2,3,2,1,6
b66a4cc9c9a218,泸201H5,3,8,泸201H5,1,1,低幅波动型,2,1,1,2,2,2,3,3,3,3,2,3,3,2,4,1,1,3,4,3
b66da973f13a59,泸208H1,5,17,泸208H1,4,2,早期上升趋缓型,1,2,2,1,6,1,1,4,4,4,1,1,2,1,6,2,3,2,1,4
b68a6140775e96,泸203H66,3,15,泸203H66,2,2,早期上升趋缓型,1,2,2,3,5,1,1,4,5,5,1,1,2,1,6,2,3,2,1,4
b694f7ddee9d1c,泸206H8,5,7,泸206H8,8,1,低幅波动型,1,1,1,5,1,1,1,1,1,1,1,1,2,5,2,2,3,4,2,1
b697cb23309fab,阳101H26,,,阳101H26,4,1,低幅波动型,2,1,1,2,2,2,3,3,3,3,2,3,3,2,1,1,1,3,5,3
b69b93794a8d95,阳101H26,,,阳101H26,1,1,低幅波动型,2,1,1,2,2,2,3,3,3,3,2,3,3,2,4,1,1,3,4,3
b6a0bc95143887,泸203H64,4,6,泸203H64,1,1,低幅波动型,2,1,1,2,2,2,3,3,3,3,1,3,3,2,4,1,1,3,4,1
b6cb1c48c613f4,泸208H2,8,3,泸208H2,7,3,迟缓响应持续上升型,1,2,4,5,1,1,1,1,1,1,1,1,2,5,2,2,3,4,2,6
b6d37817e3d91b,泸201H5,2,5,泸201H5,1,1,低幅波动型,2,1,1,2,2,2,3,3,3,3,2,3,3,2,4,1,1,3,4,1
b6da0144d53396,阳101H32,2,19,阳101H32,7,1,低幅波动型,2,1,1,2,2,2,3,3,3,3,2,3,3,2,4,1,1,3,4,1
b6e60a94a58c71,阳101H35,3,14,阳101H35,4,2,早期上升趋缓型,1,2,2,5,1,1,1,1,1,1,1,1,2,1,6,2,3,2,1,4
b718e1e21512d6,泸201H5,2,14,泸201H5,3,1,低幅波动型,2,1,1,2,2,2,3,3,3,3,2,3,3,2,4,1,1,3,4,1
b71d021bab87fc,泸203H76,,,泸203H76,sensor:压力,2,早期上升趋缓型,1,2,2,3,5,1,1,1,1,1,1,1,2,1,6,2,3,2,1,4
b728c9a9f985e3,泸203H9,,,泸203H9,2,1,低幅波动型,2,1,1,2,2,2,3,3,3,3,2,3,3,2,4,1,1,3,4,3
b7298304447b30,泸203H76,1,23,泸203H76,2,1,低幅波动型,2,3,1,2,4,2,3,3,3,3,2,2,1,3,3,1,2,1,5,2
b74d2f59d64236,泸208H2,8,3,泸208H2,9,3,迟缓响应持续上升型,1,2,4,1,6,1,1,4,4,4,1,1,2,5,2,2,3,4,2,5
b75818fe1e7f10,泸203H76,3,7,泸203H76,2,4,降压主导型,2,3,3,4,4,2,2,2,2,2,2,2,1,3,3,1,2,1,3,2
b775e7f83d5bec,泸203H9,3,8,泸203H9,5,3,迟缓响应持续上升型,1,2,4,5,1,1,1,1,1,1,1,1,2,1,6,2,3,2,1,5
b77f5531fd2053,阳101H31,3,11,阳101H31,5,1,低幅波动型,2,1,1,2,2,2,3,3,3,3,2,3,3,2,4,1,1,3,4,3
b79f3fa45cf014,阳101H33,4,10,阳101H33,3,3,迟缓响应持续上升型,1,2,4,1,6,1,1,4,4,4,1,1,2,5,2,2,3,4,2,5
b7a2d3714ca188,阳101H31,2,2,阳101H31,1,2,早期上升趋缓型,1,2,2,3,5,1,1,4,5,5,1,1,2,1,6,2,3,2,1,4
b7b157960a6461,泸201H5,4,3,泸201H5,1,1,低幅波动型,2,1,1,2,2,2,3,3,3,3,2,3,3,2,4,1,1,3,4,1
b7dc8aa4406d35,泸206H8,5,13,泸206H8,6,4,降压主导型,2,3,3,4,4,2,2,2,2,2,2,2,1,2,1,1,2,1,5,2
b7ec00c7b1919b,阳101H35,1,6,阳101H35,2,4,降压主导型,2,3,3,4,3,2,2,2,2,6,2,3,3,2,4,1,1,3,4,3
b7f9d2b2fa1659,阳101H32,6,6,阳101H32,3,1,低幅波动型,2,1,1,2,2,2,3,3,3,3,2,3,3,2,4,1,1,3,4,3
b8066d1c98dc3b,阳101H35,3,16,阳101H35,2,3,迟缓响应持续上升型,1,2,4,5,1,1,1,1,1,1,1,1,2,1,6,2,3,2,1,5
b865276956aea8,泸203H64,2,2,泸203H64,1,2,早期上升趋缓型,1,2,2,3,5,1,1,1,1,1,1,1,2,1,6,2,3,2,1,4
b8780f21921ae2,阳101H2,,,阳101H2,5,4,降压主导型,2,3,3,4,4,2,2,2,2,2,2,2,1,3,3,1,2,1,3,2
b8a3d207d3450d,阳101H51,2,15,阳101H51,1,3,迟缓响应持续上升型,1,2,4,1,6,1,1,4,4,4,1,1,2,5,2,2,3,4,2,6
b8a5254d81072a,阳101H34,3,18,阳101H34,2,2,早期上升趋缓型,1,2,2,3,5,1,1,4,5,5,1,1,2,1,6,2,3,2,1,4
b8b1004bf52086,泸203H64,5,7,泸203H64,1,1,低幅波动型,1,1,1,5,1,1,1,1,1,1,1,1,2,5,2,2,3,4,2,6
b8c04b518ac47d,阳101H26,,,阳101H26,3,3,迟缓响应持续上升型,1,2,4,1,6,1,1,1,1,1,1,1,2,5,2,2,3,4,2,5
b8c88150ed3493,阳101H32,5,8,阳101H32,4,1,低幅波动型,1,1,1,5,1,1,1,1,1,1,1,1,2,1,6,2,3,2,1,6
b8d4e7f128a3ab,阳101H32,4,11,阳101H32,6,3,迟缓响应持续上升型,1,2,4,5,1,2,2,2,2,6,1,1,2,5,2,2,3,4,2,6
b9153318342a1f,泸208H2,8,5,泸208H2,9,3,迟缓响应持续上升型,1,2,4,1,6,1,1,4,4,4,1,1,2,1,6,2,3,2,1,5
b9205e8cbf8a2e,阳101H2,,,阳101H2,5,4,降压主导型,2,3,3,4,4,2,2,2,2,2,2,2,1,3,3,1,2,1,3,2
b93be1a0067c06,阳101H31,,,阳101H31,1,3,迟缓响应持续上升型,1,2,4,1,6,1,1,1,1,1,1,1,2,5,2,2,3,4,2,5
b95058fd538b2b,泸203H76,2,7,泸203H76,4,3,迟缓响应持续上升型,1,2,4,5,1,1,1,1,1,1,1,1,2,1,6,2,3,2,1,5
b9b36401d9a203,泸201H5,1,12,泸201H5,3,1,低幅波动型,2,1,1,2,2,2,3,3,3,3,1,1,2,5,2,2,3,4,2,1
b9bb6aa0e0d58e,阳101H34,6,2,阳101H34,5,2,早期上升趋缓型,1,2,2,3,5,1,1,4,5,5,1,1,2,1,6,2,3,2,1,4
b9c0d66d5230f0,阳101H35,2,7,阳101H35,1,3,迟缓响应持续上升型,1,2,4,1,6,1,1,4,4,4,1,1,2,5,2,2,3,4,1,5
b9cd217b057bd5,泸201H5,1,10,泸201H5,4,1,低幅波动型,2,3,1,2,4,2,3,3,3,3,2,2,1,3,1,1,2,1,5,3
b9cd2ef5b14914,阳101H32,6,7,阳101H32,2,3,迟缓响应持续上升型,1,2,4,5,1,1,1,1,1,1,1,1,2,5,2,2,3,4,2,6
b9d78926f0b8ee,阳101H2,6,4,阳101H2,1,2,早期上升趋缓型,1,2,2,1,6,1,1,4,4,4,1,1,2,1,6,2,3,2,1,4
b9fde4f72a481a,泸206H8,5,14,泸206H8,1,1,低幅波动型,2,1,1,2,2,2,3,3,3,3,2,3,3,2,4,1,1,3,4,3
ba1e7f062e51d3,泸203H64,5,4,泸203H64,6,3,迟缓响应持续上升型,1,2,4,5,1,1,1,1,1,1,1,1,2,5,2,2,3,4,2,6
ba3d24424fa169,阳101H31,3,4,阳101H31,2,3,迟缓响应持续上升型,1,2,4,5,1,1,1,1,1,1,1,1,2,5,2,2,3,4,2,5
ba50e5fc05cc18,阳101H32,5,8,阳101H32,1,1,低幅波动型,2,1,1,2,2,2,3,3,3,3,2,3,3,2,4,1,1,3,4,3
ba5a22ba0a0942,阳101H2,,,阳101H2,1,3,迟缓响应持续上升型,1,2,4,5,1,1,1,1,1,1,1,1,2,1,6,2,3,2,1,5
ba5fe53a328f03,阳101H43,,,阳101H43,2,3,迟缓响应持续上升型,1,2,4,1,6,1,1,4,4,4,1,1,2,5,2,2,3,4,2,5
ba8105525f6332,阳101H31,1,10,阳101H31,2,2,早期上升趋缓型,1,2,2,3,5,1,1,4,5,5,1,1,2,5,2,2,3,4,2,5
baa03106e6fc38,阳101H31,7,25,阳101H31,4,3,迟缓响应持续上升型,1,2,4,5,1,1,1,1,1,1,1,1,2,1,6,2,3,2,1,5
baa5125e6bfaf9,阳101H2,,,阳101H2,3,1,低幅波动型,2,1,1,2,2,2,3,3,3,3,2,3,3,2,4,1,1,3,4,3
baae599929aaa5,泸206H8,4,8,泸206H8,3,1,低幅波动型,2,1,1,2,2,2,3,3,3,3,2,3,3,2,4,1,1,3,4,3
babad329c9de42,阳101H34,3,6,阳101H34,2,2,早期上升趋缓型,1,2,2,3,5,1,1,1,1,1,1,1,2,1,6,2,3,2,1,4
bafcf6fab3148c,阳101H35,3,3,阳101H35,4,1,低幅波动型,2,1,1,2,2,2,3,3,3,3,2,3,3,2,4,1,1,3,4,1
bb47a575e8d93c,阳101H26,,,阳101H26,2,1,低幅波动型,2,1,1,2,2,2,3,3,3,3,2,3,3,2,4,1,1,3,4,3
bb6e083c990b83,阳101H31,1,17,阳101H31,2,3,迟缓响应持续上升型,1,2,4,5,1,1,1,1,1,1,1,1,2,5,2,2,3,4,2,6
bb7fbca523baac,阳101H32,6,15,阳101H32,4,2,早期上升趋缓型,1,2,2,3,5,1,1,4,5,5,1,1,2,1,6,2,3,2,1,4
bb811c2a6113af,阳101H51,4,9,阳101H51,3,2,早期上升趋缓型,1,2,2,3,5,1,1,4,5,5,1,1,2,1,6,2,3,2,1,4
bb86b359f49625,泸208H1,3,3,泸208H1,4,3,迟缓响应持续上升型,1,2,4,1,6,1,1,4,4,4,1,1,2,5,2,2,3,4,2,5
bbc00d8e373e7d,泸203H10,3,12,泸203H10,1,3,迟缓响应持续上升型,1,2,4,1,6,1,1,4,4,4,1,1,2,5,2,2,3,2,1,5
bbd20c18c672dc,泸203H76,4,9,泸203H76,1,3,迟缓响应持续上升型,1,2,4,5,1,1,1,1,1,1,1,1,2,5,2,2,3,4,2,6
bbe5e5811869e4,泸203H64,1,16,泸203H64,2,1,低幅波动型,2,1,1,5,2,2,3,3,3,3,1,3,3,5,2,2,1,4,4,1
bbe81bbef08d0c,泸208H2,5,12,泸208H2,3,3,迟缓响应持续上升型,1,2,4,1,6,1,1,1,1,1,1,1,2,5,2,2,3,4,2,6
bbec9437885642,阳101H31,,,阳101H31,1,3,迟缓响应持续上升型,1,2,4,1,6,1,1,4,4,4,1,1,2,5,2,2,3,2,1,5
bbf4fd90169dff,阳101H31,3,1,阳101H31,4,1,低幅波动型,2,1,1,2,2,2,3,3,3,3,2,3,3,2,1,1,1,3,5,3
bc099fd3917649,泸203H64,1,17,泸203H64,2,1,低幅波动型,1,1,1,5,1,1,1,1,1,1,1,1,2,5,2,2,3,4,2,6
bc0e7bd0783b93,泸206H8,5,7,泸206H8,1,1,低幅波动型,2,1,1,2,2,2,3,3,3,3,2,3,3,2,1,1,1,3,5,3
bc11947e04f1a7,泸203H9,4,6,泸203H9,2,1,低幅波动型,2,1,1,2,2,2,3,3,3,3,2,3,3,2,4,1,1,3,4,1
bc242f38027233,泸203H64,3,11,泸203H64,4,1,低幅波动型,2,3,1,2,4,2,3,3,3,3,2,2,1,3,1,1,2,1,5,2
bc45345aaf5695,泸206H10,3,12,泸206H10,1,4,降压主导型,2,3,3,4,4,2,2,2,2,2,2,2,1,3,3,1,2,1,3,2
bc996378ff9bf6,阳101H25,,,阳101H25,2,2,早期上升趋缓型,1,2,2,3,5,1,1,1,1,1,1,1,2,1,6,2,3,2,1,4
bc99c5698681e8,泸208H2,4,3,泸208H2,5,2,早期上升趋缓型,1,2,2,3,5,1,1,4,5,5,1,1,2,1,6,2,3,2,1,4
bca032a5d9c818,阳101H35,3,19,阳101H35,sensor:压力,4,降压主导型,2,3,3,4,4,2,2,2,2,2,2,2,1,3,3,1,2,1,3,2
bcabe9f14e762a,阳101H35,1,22,阳101H35,3,4,降压主导型,2,3,3,4,4,2,2,2,2,2,2,2,1,3,3,1,2,1,3,2
bcb4e8b43b1b13,阳101H31,3,18,阳101H31,5,1,低幅波动型,2,1,1,2,2,2,3,3,3,3,2,3,3,2,1,1,1,3,5,3
bcc7807608ee3d,阳101H2,222,9,阳101H32,7,1,低幅波动型,2,1,1,2,2,2,3,3,3,3,1,3,3,5,4,1,1,3,4,1
bcd255aec24495,阳101H2,2,3,阳101H2,3,1,低幅波动型,2,1,1,2,2,2,3,3,3,3,2,3,3,2,4,1,1,3,4,1
bd2da2178bc6de,泸206H8,5,14,泸206H8,2,1,低幅波动型,2,1,1,2,2,2,3,3,3,3,2,3,3,2,1,1,1,3,5,3
bd39e969579c55,泸206H8,4,19,泸206H8,6,1,低幅波动型,2,1,1,2,2,2,3,3,3,3,2,3,3,2,4,1,1,3,4,3
bd7d5f0d1ee7f0,泸203H64,4,11,泸203H64,3,3,迟缓响应持续上升型,1,2,4,5,1,1,1,1,1,1,1,1,2,5,2,2,3,4,2,6
bd87952a68b701,泸201H5,1,4,泸201H5,3,1,低幅波动型,2,1,1,2,2,2,3,3,3,3,2,3,3,2,4,1,1,3,4,1
bd9c01c4889227,阳101H2,,,阳101H2,8,3,迟缓响应持续上升型,1,2,4,5,1,2,2,2,2,2,1,3,3,5,4,2,3,4,2,6
bde761fb405783,阳101H2,6,9,阳101H2,2,3,迟缓响应持续上升型,1,2,4,5,1,1,1,1,1,1,1,1,2,1,6,2,3,2,1,4
bdf356ac82668b,泸203H64,4,12,泸203H64,2,3,迟缓响应持续上升型,1,1,4,5,1,1,1,1,1,1,1,3,3,5,2,2,3,4,2,6
be13307142e1bc,阳101H35,3,17,阳101H35,4,4,降压主导型,2,3,3,4,4,2,2,2,2,2,2,2,1,3,3,1,2,1,3,2
be2491de90d665,阳101H26,,,阳101H26,4,1,低幅波动型,2,1,1,2,2,1,1,1,1,1,1,1,2,1,6,2,3,2,1,1
be380ec4315eb0,阳101H35,1,7,阳101H35,2,3,迟缓响应持续上升型,1,2,4,1,6,1,1,4,4,4,1,1,2,5,2,2,3,4,2,5
be3cf95b07c4a9,阳101H34,2,20,阳101H34,1,3,迟缓响应持续上升型,1,2,4,5,1,1,1,1,1,1,1,1,2,5,2,2,3,4,2,6
be6395499fcdf7,阳101H26,,,阳101H26,3,3,迟缓响应持续上升型,1,1,4,5,1,1,1,1,1,1,1,1,2,5,2,2,3,4,2,6
be6c2fa5c152e0,泸203H66,1,18,泸203H66,3,2,早期上升趋缓型,1,2,2,3,5,1,1,4,5,5,1,1,4,4,5,2,3,2,1,4
be86d7dde8250d,泸206H8,5,3,泸206H8,6,1,低幅波动型,2,1,1,2,2,2,3,3,3,3,2,3,3,2,4,1,1,3,4,3
bea64a10f3c5dd,阳101H2,6,4,阳101H2,2,3,迟缓响应持续上升型,1,2,4,5,1,1,1,1,1,1,1,1,2,5,2,2,3,4,2,6
bea7c9c0f32124,泸208H2,6,13,泸208H2,7,2,早期上升趋缓型,1,2,2,3,5,1,1,4,5,5,1,1,2,1,6,2,3,2,1,4
beabae893b56dd,泸201H5,2,4,泸201H5,1,3,迟缓响应持续上升型,1,1,4,5,1,1,1,1,1,1,1,1,2,5,2,2,3,4,2,6
beb0ca161005ea,阳101H2,324,16,阳101H2,8,4,降压主导型,2,3,3,4,4,2,2,2,2,2,2,3,3,2,4,1,1,3,4,3
bebb9e83a35717,阳101H32,2,20,阳101H32,7,1,低幅波动型,2,1,1,2,2,2,3,3,3,3,2,3,3,2,4,1,1,3,5,3
bec60ba0a4af49,阳101H31,,,阳101H31,1,2,早期上升趋缓型,1,2,2,3,5,1,1,4,4,4,1,1,2,1,6,2,3,2,1,4
becbf95becd3b8,泸206H10,3,10,泸206H10,2,3,迟缓响应持续上升型,1,1,4,5,1,1,1,1,1,1,1,1,2,5,2,2,3,4,2,6
bef846949574eb,阳101H2,,,阳101H2,3,1,低幅波动型,2,1,1,2,2,2,3,3,3,3,2,3,3,2,4,1,1,3,4,1
befb3302b47132,阳101H34,3,20,阳101H34,4,3,迟缓响应持续上升型,1,2,4,1,6,1,1,1,1,1,1,1,2,5,2,2,3,4,2,6
bf1e157bf84a4d,泸201H5,3,24,泸201H5,2,1,低幅波动型,2,1,1,2,4,2,3,3,3,3,2,3,3,2,1,1,1,3,5,3
bf22bc42d9d4e4,阳101H31,,,阳101H31,3,3,迟缓响应持续上升型,1,2,4,1,6,1,1,1,1,1,1,1,2,5,2,2,3,4,2,5
bf3dce8942809d,泸203H91,,,泸203H91,2,3,迟缓响应持续上升型,1,2,4,1,6,1,1,1,1,1,1,1,2,5,2,2,3,4,2,5
bf43d4f7cf84fa,泸208H2,8,4,泸208H2,6,3,迟缓响应持续上升型,1,2,4,1,6,1,1,1,1,1,1,1,2,5,2,2,3,4,2,5
bf93609ccf7e4c,阳101H31,,,阳101H31,2,2,早期上升趋缓型,1,2,2,3,5,1,1,4,5,5,1,1,2,1,6,2,3,2,1,4
bfa6a2b6c17ec9,泸203H8,4,3,泸203H8,2,3,迟缓响应持续上升型,1,2,4,1,6,1,1,4,4,4,1,1,2,1,6,2,3,2,1,5
bfb7a1ad3e28aa,阳101H2,,,阳101H2,4,3,迟缓响应持续上升型,1,2,4,5,1,1,1,1,1,1,1,1,2,1,6,2,3,2,1,5
bfd369d7951828,泸206H8,4,18,泸206H8,3,3,迟缓响应持续上升型,1,2,4,1,6,1,1,4,4,4,1,1,2,1,6,2,3,2,1,5
bfd72e46afeae4,泸206H8,5,4,泸206H8,7,1,低幅波动型,2,1,1,2,2,2,3,3,3,3,2,3,3,2,4,1,1,3,4,1
bff7f583bada0d,泸203H91,,,泸203H91,4,1,低幅波动型,2,1,1,2,2,2,3,3,3,3,2,3,3,2,1,1,1,3,5,3
c001dc76a8aa7e,泸206H8,4,4,泸206H8,3,1,低幅波动型,2,1,1,2,4,2,3,3,3,3,2,2,1,3,1,1,1,3,5,3
c018f98a98e854,泸208H2,9,15,泸208H2,10,3,迟缓响应持续上升型,1,2,4,1,6,1,1,4,4,4,1,1,2,5,2,2,3,4,2,5
c0438765d6d879,阳101H2,6,19,阳101H2,2,3,迟缓响应持续上升型,1,1,4,5,1,1,1,1,1,1,1,3,2,5,2,2,3,4,2,6
c0500a0a93418f,泸203H66,3,13,泸203H66,1,4,降压主导型,2,3,3,4,4,2,2,2,2,2,2,2,1,3,3,1,2,1,3,2
c05b7d9b3a951c,泸208H2,7,16,泸208H2,6,3,迟缓响应持续上升型,1,2,4,5,1,1,1,1,1,1,1,1,2,5,2,2,3,4,2,5
c08da1b21a5ebb,泸201H5,2,16,泸201H5,4,1,低幅波动型,2,1,1,2,4,2,3,3,3,3,2,2,1,2,1,1,2,1,5,3
c090e9bb978810,阳101H34,3,10,阳101H34,2,2,早期上升趋缓型,1,2,2,3,5,1,1,4,5,5,1,1,2,1,6,2,3,2,1,4
c0a960c6cd1575,阳101H32,6,18,阳101H32,7,1,低幅波动型,2,1,1,2,2,2,3,3,3,3,2,3,3,2,1,1,1,3,5,3
c0af9bef8fc56b,阳101H2,322,6,阳101H2,8,1,低幅波动型,2,1,1,2,2,2,3,3,3,3,2,3,3,2,4,1,1,3,4,1
c0b91be3845004,泸206H8,2,18,泸206H8,1,3,迟缓响应持续上升型,1,2,4,1,6,1,1,4,4,4,1,1,2,1,6,2,3,2,1,5
c0ec949c704588,阳101H2,,,阳101H2,3,1,低幅波动型,2,1,1,2,2,2,3,3,3,3,2,3,3,2,4,1,1,3,4,1
c1338c464ad0a9,泸203H76,2,10,泸203H76,3,3,迟缓响应持续上升型,1,2,4,5,1,1,1,1,1,1,1,1,2,5,2,2,3,4,2,6
c143bc64166439,阳101H31,3,18,阳101H31,6,4,降压主导型,2,3,3,4,3,2,2,2,2,6,2,2,1,3,1,1,2,1,3,2
c155aed810c1be,阳101H2,,,阳101H2,3,1,低幅波动型,2,1,1,2,2,2,3,3,3,3,2,3,3,2,4,1,1,3,5,3
c1bd7a97f3f16e,阳101H35,3,8,阳101H35,1,3,迟缓响应持续上升型,1,2,4,5,1,1,1,1,1,1,1,1,2,1,6,2,3,2,1,5
c1c5751109b7a3,阳101H31,3,16,阳101H31,4,4,降压主导型,2,3,3,4,4,2,2,2,2,2,2,2,1,3,3,1,2,1,3,2
c1f353c94a1f17,泸208H2,1,6,泸208H2,2,2,早期上升趋缓型,1,2,2,3,5,1,1,4,5,5,1,1,2,1,6,2,3,2,1,4
c1fe5933979848,泸203H66,2,15,泸203H66,3,2,早期上升趋缓型,1,2,2,3,5,1,1,4,5,5,1,1,2,1,6,2,3,2,1,4
c1fec1295cecd1,泸208H2,9,21,泸208H2,10,3,迟缓响应持续上升型,1,2,4,1,6,1,1,4,4,4,1,1,2,1,6,2,3,2,1,5
c20293b5139114,阳101H26,,,阳101H26,4,1,低幅波动型,2,1,1,2,2,1,1,1,1,1,1,3,3,2,4,1,1,3,4,1
c203c2e249aa5c,阳101H34,3,22,阳101H34,2,3,迟缓响应持续上升型,1,2,4,1,6,1,1,4,4,4,1,1,2,5,2,2,3,2,1,5
c2064e2a4c0ace,阳101H26,,,阳101H26,2,1,低幅波动型,2,1,1,2,4,2,2,2,2,2,2,3,3,2,1,1,1,3,5,3
c207c73c1e80bb,泸206H10,4,11,泸206H10,3,3,迟缓响应持续上升型,1,2,4,5,1,1,1,1,1,1,1,1,2,5,2,2,3,4,2,6
c20cbf264a4b06,泸201H5,2,16,泸201H5,1,1,低幅波动型,2,1,1,2,4,2,3,3,3,3,2,3,3,2,1,1,1,3,5,3
c2152e0a9db617,泸208H2,4,2,泸208H2,5,3,迟缓响应持续上升型,1,2,4,1,6,1,1,4,4,4,1,1,2,5,2,2,3,4,2,6
c218d5ce8ea9a9,阳101H31,3,15,阳101H31,6,1,低幅波动型,2,1,1,2,2,2,3,3,3,3,2,3,3,2,4,1,1,3,4,1
c2293333d562d3,阳101H26,,,阳101H26,3,3,迟缓响应持续上升型,1,2,4,5,1,1,1,1,1,1,1,1,2,5,2,2,3,4,2,6
c22937686e1248,阳101H2,4,18,阳101H2,5,3,迟缓响应持续上升型,1,2,4,1,6,1,1,4,4,4,1,1,2,5,2,2,3,4,2,5
c22fbd56aaec69,泸206H8,,,泸206H8,4,1,低幅波动型,2,1,1,2,2,2,3,3,3,3,1,3,3,5,4,1,1,3,4,1
c2374e310fa596,泸208H1,5,14,泸208H1,6,3,迟缓响应持续上升型,1,2,4,1,6,1,1,4,4,4,1,3,2,5,2,2,3,4,2,6
c23c32b5b9335e,泸201H5,3,19,泸201H5,2,1,低幅波动型,2,1,1,2,4,2,3,3,3,3,2,3,3,2,1,1,1,3,5,3
c2537a6e246874,泸203H10,,,泸203H10,3,3,迟缓响应持续上升型,1,2,4,1,6,1,1,4,4,4,1,1,2,5,2,2,3,4,2,6
c2568e909d2662,泸203H11,6,13,泸203H11,5,2,早期上升趋缓型,1,2,2,1,6,1,1,4,4,4,1,1,2,1,6,2,3,2,1,4
c27f39f78553de,泸201H5,3,4,泸201H5,4,3,迟缓响应持续上升型,1,2,4,5,1,1,1,1,1,1,1,1,2,5,2,2,3,4,2,6
c29094039da629,泸201H5,2,11,泸201H5,3,1,低幅波动型,2,1,1,2,2,2,3,3,3,3,2,3,3,2,4,1,1,3,4,1
c293f089dff51d,泸203H153,4,16,泸203H153,6,3,迟缓响应持续上升型,1,2,4,1,6,1,1,4,4,4,1,1,2,1,6,2,3,2,1,5
c2a4657502bdeb,泸201H5,1,15,泸201H5,3,1,低幅波动型,2,1,1,2,2,2,3,3,3,3,1,3,3,2,4,1,1,3,4,1
c2b141d47aae59,泸203H11,2,8,泸203H11,3,2,早期上升趋缓型,1,2,2,3,5,1,1,4,5,5,1,1,2,1,6,2,3,2,1,4
c2cfdebb497a64,阳101H2,322,1,阳101H2,3,1,低幅波动型,2,1,1,2,2,2,3,3,3,3,2,3,3,2,4,1,1,3,4,1
c2da8a31024709,阳101H51,2,19,阳101H51,3,1,低幅波动型,2,1,1,2,2,2,2,2,2,2,2,3,3,2,1,1,1,3,4,3
c2efbbaa9a3209,泸206H8,4,1,泸206H8,1,1,低幅波动型,2,1,1,2,2,2,3,3,3,3,2,3,3,2,1,1,1,3,5,3
c2f07a8b213d46,阳101H31,3,17,阳101H31,5,4,降压主导型,2,3,3,4,4,2,2,2,2,2,2,2,1,3,3,1,2,1,3,2
c2f5f8f9f594a9,阳101H51,3,7,阳101H51,2,3,迟缓响应持续上升型,1,2,4,5,1,1,1,1,1,1,1,1,2,5,2,2,3,4,2,6
c2f9e69035c062,阳101H33,2,7,阳101H33,1,3,迟缓响应持续上升型,1,2,4,5,1,1,1,1,1,1,1,1,2,5,2,2,3,4,2,5
c2fbb04809951f,泸206H8,,,泸206H8,4,1,低幅波动型,2,1,1,2,2,2,3,3,3,3,2,3,3,2,4,1,1,3,4,1
c30705a4efd17c,泸203H76,3,12,泸203H76,2,1,低幅波动型,2,1,1,5,1,1,1,1,1,1,1,3,3,5,4,2,1,4,2,1
c31dd2eda9c65e,阳101H35,3,20,阳101H35,1,1,低幅波动型,2,1,1,2,4,2,2,2,2,2,2,3,3,2,1,1,1,3,5,3
c340969b761973,泸203H153,7,5,泸203H153,2,2,早期上升趋缓型,1,2,2,3,5,1,1,1,1,1,1,1,2,1,6,2,3,2,1,4
c341401ae9a58a,阳101H2,6,20,阳101H2,4,3,迟缓响应持续上升型,1,2,4,5,1,1,1,1,1,1,1,1,2,5,2,2,3,4,2,6
c347d0092b9bc3,阳101H32,4,22,阳101H32,3,1,低幅波动型,2,3,1,2,2,2,3,3,3,3,2,3,3,2,4,1,1,3,4,1
c3665ee48ac823,泸203H76,3,11,泸203H76,2,3,迟缓响应持续上升型,1,2,4,1,6,1,1,4,4,4,1,1,2,5,2,2,3,2,1,5
c36b81ca3badf4,阳101H51,5,3,阳101H51,6,2,早期上升趋缓型,1,2,2,3,5,1,1,1,1,1,1,1,2,1,6,2,3,2,1,4
c3855f3532a810,阳101H26,,,阳101H26,3,3,迟缓响应持续上升型,1,1,4,5,1,1,1,1,1,1,1,1,2,5,2,2,3,4,2,6
c399ad1a6580f9,泸203H6,1,11,泸203H6,sensor:5通道,3,迟缓响应持续上升型,1,2,4,5,1,1,1,1,1,1,1,1,2,1,6,2,3,2,1,5
c3e922af7f6bc6,阳101H51,1,10,阳101H51,2,2,早期上升趋缓型,1,2,2,3,5,1,1,1,1,1,1,1,2,1,6,2,3,2,1,4
c3ea3c0ad08b2d,泸208H2,7,5,泸208H2,8,2,早期上升趋缓型,1,2,2,3,5,1,1,1,1,1,1,1,2,5,2,2,3,2,1,5
c3f3fa010d9e45,阳101H35,3,3,阳101H35,1,4,降压主导型,2,3,3,4,3,2,2,2,2,6,2,3,3,2,1,1,2,1,5,2
c4013bf261d990,泸203H64,4,8,泸203H64,3,2,早期上升趋缓型,1,2,2,1,6,1,1,4,4,4,1,1,2,1,6,2,3,2,1,5
c41771fae8fada,阳101H31,4,18,阳101H31,5,3,迟缓响应持续上升型,1,2,4,5,1,1,1,1,1,1,1,1,2,1,6,2,3,2,1,4
c41a546006ddba,阳101H51,3,3,阳101H51,1,1,低幅波动型,2,1,1,5,4,2,2,2,2,2,2,3,3,2,4,1,1,3,4,1
c45380ea123cdc,阳101H2,5,15,阳101H2,2,4,降压主导型,2,3,3,4,4,2,2,2,2,2,2,2,1,3,3,1,2,1,3,2
c45f901506f09e,泸203H64,1,6,泸203H64,3,2,早期上升趋缓型,1,1,2,3,5,1,1,1,1,1,1,1,2,1,6,2,3,2,1,4
c46f2890e01bd4,泸206H8,4,18,泸206H8,5,2,早期上升趋缓型,1,2,2,3,5,1,1,1,1,1,1,1,2,1,6,2,3,2,1,4
c49e8572ec5046,阳101H35,1,22,阳101H35,4,3,迟缓响应持续上升型,1,2,4,5,1,1,1,1,1,1,1,1,2,1,6,2,3,2,1,4
c4b31a898f8f11,阳101H31,3,14,阳101H31,6,1,低幅波动型,2,1,1,2,2,2,3,3,3,3,2,3,3,2,4,1,1,3,4,1
c4bd53b04263c0,阳101H2,42,21,阳101H32,7,4,降压主导型,2,3,3,4,4,2,2,2,2,2,2,2,1,3,3,1,2,1,3,2
c4bea93a5285ad,泸203H64,5,2,泸203H58,3,1,低幅波动型,2,1,1,2,2,2,3,3,3,3,2,3,3,2,4,1,1,3,4,3
c4d9f2b42a25ee,泸206H8,5,14,泸206H8,8,1,低幅波动型,2,1,1,2,2,2,3,3,3,3,2,3,3,2,1,1,1,3,5,3
c4e472ea7af353,泸201H5,1,20,泸201H5,3,1,低幅波动型,2,1,1,2,2,2,3,3,3,3,2,3,3,2,4,1,1,3,4,3
c4ec43d47574cd,阳101H51,3,13,阳101H51,4,2,早期上升趋缓型,1,2,2,3,5,1,1,4,4,4,1,1,2,1,6,2,3,2,1,4
c4f5905d29c21e,阳101H2,5,8,阳101H2,4,3,迟缓响应持续上升型,1,2,4,5,1,1,1,1,1,1,1,1,2,1,2,2,3,4,2,6
c54accbade6c35,泸201H5,2,22,泸201H5,4,1,低幅波动型,2,1,1,2,2,2,3,3,3,3,2,3,3,2,4,1,1,3,4,1
c55609a41fdd09,阳101H32,2,17,阳101H32,3,1,低幅波动型,2,1,1,2,2,2,3,3,3,3,2,3,3,2,4,1,1,3,4,1
c56e8e49b2a75c,泸206H10,4,8,泸206H10,3,3,迟缓响应持续上升型,1,2,4,5,1,1,1,1,1,1,1,1,2,1,6,2,3,4,1,5
c59a406b74ed73,阳101H31,,,阳101H31,1,3,迟缓响应持续上升型,1,2,4,1,6,1,1,1,1,1,1,1,2,5,2,2,3,4,2,5
c5a8079427b4f4,泸208H2,4,5,泸208H2,5,3,迟缓响应持续上升型,1,2,4,1,6,1,1,4,4,4,1,1,2,5,2,2,3,4,2,5
c5be7d51da49b0,泸208H2,6,9,泸208H2,8,3,迟缓响应持续上升型,1,2,4,1,1,1,1,1,1,1,1,1,2,5,2,2,3,4,2,6
c5bf02387d9ba7,阳101H26,,,阳101H26,2,1,低幅波动型,2,1,1,2,2,2,3,3,3,3,2,3,3,2,4,1,1,3,4,1
c5db6fa4699048,阳101H2,2,16,阳101H2,6,1,低幅波动型,2,1,1,2,2,2,3,3,3,3,2,3,3,2,4,1,1,3,4,1
c5ea3e5b91726c,阳101H35,,,阳101H35,2,2,早期上升趋缓型,1,2,2,3,5,1,1,4,5,5,1,1,2,1,6,2,3,2,1,4
c613a71bc00dbb,泸201H5,2,22,泸201H5,3,1,低幅波动型,2,1,1,2,2,2,3,3,3,3,2,3,3,2,4,1,1,3,4,1
c617dd0ef50595,泸206H8,2,19,泸206H8,3,3,迟缓响应持续上升型,1,2,4,1,6,1,1,4,4,4,1,1,2,5,2,2,3,4,2,5
c662666fe7a1bb,泸201H5,2,2,泸201H5,3,1,低幅波动型,2,1,1,2,2,2,3,3,3,3,2,3,3,2,4,1,1,3,4,1
c6834e549f4a29,阳101H26,,,阳101H26,3,3,迟缓响应持续上升型,1,2,4,1,6,1,1,4,4,4,1,1,2,5,2,2,3,4,2,5
c68603dab66868,泸203H64,3,10,泸203H64,5,3,迟缓响应持续上升型,1,2,4,1,6,1,1,4,4,4,1,1,2,5,2,2,3,2,1,5
c6c4e3169bea64,阳101H2,4,17,阳101H2,5,2,早期上升趋缓型,1,2,2,3,5,1,1,4,5,5,1,1,2,1,6,2,3,2,1,4
c6cb96cb331a6b,泸208H2,10,19,泸208H2,9,2,早期上升趋缓型,1,2,2,3,5,1,1,4,4,4,1,1,2,1,6,2,3,2,1,4
c6e120de691942,泸206H8,2,21,泸206H8,4,1,低幅波动型,2,1,1,2,2,2,3,3,3,3,1,3,3,2,4,1,1,3,4,1
c6ebf845c43a56,阳101H32,4,5,阳101H32,7,1,低幅波动型,2,1,1,2,2,2,3,3,3,3,2,3,3,2,4,1,1,3,4,1
c6ebfa4acb6604,泸201H5,2,15,泸201H5,1,1,低幅波动型,2,1,1,2,2,2,3,3,3,3,2,3,3,2,4,1,1,3,4,1
c6f1fa419bf1e6,泸201H5,4,2,泸201H5,1,1,低幅波动型,2,1,1,2,2,2,3,3,3,3,2,3,3,2,1,1,1,3,5,3
c70029fd76a135,阳101H31,5,19,阳101H31,6,4,降压主导型,2,3,3,4,3,2,2,2,2,6,2,2,1,3,3,1,2,1,3,2
c7019ed4f266f6,泸203H66,2,16,泸203H66,1,2,早期上升趋缓型,1,2,2,3,5,1,1,4,5,5,1,1,2,1,6,2,3,2,1,4
c708e7eaac0ee1,阳101H35,3,13,阳101H35,2,3,迟缓响应持续上升型,1,1,4,5,1,1,1,1,1,1,1,1,2,5,2,2,3,4,2,6
c70e988149dc42,阳101H2,,,阳101H2,4,2,早期上升趋缓型,1,2,2,5,1,1,1,1,1,1,1,1,2,1,6,2,3,2,1,4
c70ea5d5f8606b,泸203H76,3,20,泸203H76,2,3,迟缓响应持续上升型,1,2,4,5,1,1,1,1,1,1,1,1,2,5,2,2,3,2,1,5
c74513ad0a4605,阳101H2,,,阳101H2,3,1,低幅波动型,2,1,1,2,2,2,3,3,3,3,2,3,3,2,4,1,1,3,4,3
c74e7eb9e89ea6,泸208H1,5,3,泸208H1,6,2,早期上升趋缓型,1,2,2,3,5,1,1,4,5,5,1,1,2,1,6,2,3,2,1,4
c751f9d5828058,阳101H26,,,阳101H26,4,1,低幅波动型,2,1,1,2,2,2,3,3,3,3,2,3,3,2,4,1,1,3,4,1
c75e5004100395,泸203H153,2,25,泸203H153,7,3,迟缓响应持续上升型,1,2,4,5,1,1,1,4,5,5,1,1,2,5,2,2,3,2,1,5
c790ea6bafc442,泸203H9,,,泸203H9,4,2,早期上升趋缓型,1,2,2,3,5,1,1,4,5,5,1,1,2,1,6,2,3,2,1,4
c7983c4debb78b,泸208H2,9,17,泸208H2,10,2,早期上升趋缓型,1,2,2,1,6,1,1,4,4,4,1,1,2,1,6,2,3,2,1,4
c79bed4c47926f,泸208H2,8,16,泸208H2,9,3,迟缓响应持续上升型,1,1,4,5,1,1,1,1,1,1,1,3,3,5,2,2,3,4,2,6
c7b48392b0847d,泸208H2,8,10,泸208H2,9,2,早期上升趋缓型,1,2,2,3,5,1,1,1,1,1,1,1,2,1,6,2,3,2,1,5
c7b76989890d1d,泸203H11,2,12,泸203H11,1,2,早期上升趋缓型,1,2,2,1,6,1,1,4,4,4,1,1,2,1,6,2,3,2,1,4
c7b95cf9ad3b79,阳101H2,,,阳101H2,6,1,低幅波动型,2,1,1,2,2,2,3,3,3,3,2,3,3,2,4,1,1,3,4,1
c7cbca9cfbcb65,泸203H64,1,15,泸203H64,4,1,低幅波动型,2,1,1,2,2,2,3,3,3,3,2,3,3,2,1,1,1,3,5,3
c7df92f70ad5ea,阳101H32,5,23,阳101H32,6,2,早期上升趋缓型,1,2,2,3,5,1,1,1,1,1,1,1,2,1,6,2,3,2,1,4
c7f45eab7a2972,泸203H76,1,12,泸203H76,2,3,迟缓响应持续上升型,1,2,4,5,1,1,1,1,1,1,1,3,3,5,2,2,3,4,2,6
c80510f7ff8edf,泸203H76,3,10,泸203H76,4,2,早期上升趋缓型,1,2,2,3,5,1,1,4,5,5,1,1,2,1,6,2,3,2,1,4
c806d88b23f7f6,阳101H51,1,19,阳101H51,2,3,迟缓响应持续上升型,1,2,4,5,1,1,1,1,1,1,1,1,2,5,2,2,3,4,2,6
c81a402b597fac,阳101H37,3,12,阳101H37,2,3,迟缓响应持续上升型,1,2,4,1,6,1,1,4,4,4,1,1,2,5,2,2,3,4,2,5
c81c3918c1fca9,阳101H2,2,13,阳101H2,6,2,早期上升趋缓型,1,2,2,1,6,1,1,4,4,4,1,1,2,1,6,2,3,2,1,5
c829110e4ad498,阳101H2,5,16,阳101H2,2,4,降压主导型,2,3,3,4,4,2,2,2,2,2,2,2,1,3,3,1,2,1,3,2
c8355a087b3c43,泸203H9,3,25,泸203H9,2,3,迟缓响应持续上升型,1,2,4,1,6,1,1,4,4,4,1,1,2,5,2,2,3,4,2,5
c83ad504d7cb10,泸203H64,5,6,泸203H64,4,3,迟缓响应持续上升型,1,2,4,1,6,1,1,4,4,4,1,1,2,5,2,2,3,2,1,5
c851c0321ea0db,泸203H10,2,16,泸203H10,1,3,迟缓响应持续上升型,1,2,4,1,6,1,1,4,4,4,1,1,2,1,6,2,3,2,1,5
c8579e0c6d4c0f,泸203H76,3,15,泸203H76,4,2,早期上升趋缓型,1,2,2,3,5,1,1,1,1,1,1,1,2,1,6,2,3,2,1,4
c86ce7d5205f5c,泸203H64,1,10,泸203H64,4,3,迟缓响应持续上升型,1,2,4,1,6,1,1,4,4,4,1,1,2,1,6,2,3,2,1,5
c89784c70c709d,阳101H32,6,19,阳101H32,5,1,低幅波动型,2,1,1,2,2,2,3,3,3,3,2,3,3,2,1,1,1,3,5,3
c8b7a070187561,阳101H31,5,24,阳101H31,7,3,迟缓响应持续上升型,1,2,4,1,6,1,1,1,1,1,1,1,2,1,6,2,3,2,1,5
c8cb7c337eb179,阳101H35,1,14,阳101H35,4,1,低幅波动型,2,1,1,2,2,2,3,3,3,3,2,3,3,2,4,1,1,3,4,1
c8ce9dc6e0f967,泸206H8,5,11,泸206H8,2,1,低幅波动型,2,1,1,2,4,2,3,3,3,3,2,3,3,2,1,1,1,3,5,3
c8da0d6d1fd023,泸203H64,1,16,泸203H64,4,1,低幅波动型,2,1,1,2,2,2,3,3,3,3,2,3,3,2,4,1,1,3,4,3
c8dce6b7b73ce6,阳101H33,4,2,阳101H33,3,3,迟缓响应持续上升型,1,2,4,1,6,1,1,4,5,5,1,1,2,1,6,2,3,2,1,5
c8e88ab688f35a,阳101H2,4,19,阳101H2,2,4,降压主导型,2,3,3,4,4,2,2,2,2,2,2,2,1,3,3,1,2,1,3,2
c8f334b483d14d,阳101H31,,,阳101H31,2,2,早期上升趋缓型,1,2,2,3,5,1,1,4,5,5,1,1,2,1,6,2,3,2,1,4
c8f65303642d4c,阳101H31,3,9,阳101H31,5,1,低幅波动型,2,1,1,2,2,2,3,3,3,3,2,3,3,2,1,1,1,3,5,3
c8ff68590ae4a9,阳101H31,2,10,阳101H31,3,2,早期上升趋缓型,1,2,2,3,5,1,1,4,5,5,1,1,2,1,6,2,3,2,1,4
c9081c26783222,泸203H64,5,1,泸203H64,1,4,降压主导型,2,3,3,4,4,2,2,2,2,2,2,2,1,3,1,1,2,1,3,2
c922d846c07ef1,阳101H32,2,14,阳101H32,3,1,低幅波动型,2,1,1,2,2,2,3,3,3,3,2,3,3,2,1,1,1,3,5,3
c9230e875ca9fc,泸208H2,10,16,泸208H2,9,2,早期上升趋缓型,1,2,2,1,6,1,1,4,4,4,1,1,2,1,6,2,3,2,1,5
c928ad541e508f,泸203H64,4,7,泸203H64,5,1,低幅波动型,2,1,1,2,2,2,3,3,3,3,2,3,3,2,4,1,1,3,4,3
c93723262a6eb2,阳101H32,6,9,阳101H32,3,1,低幅波动型,2,1,1,2,2,2,3,3,3,3,2,3,3,2,4,1,1,3,4,1
c93df703c52160,泸208H1,5,26,泸208H1,4,3,迟缓响应持续上升型,1,2,4,1,6,1,1,1,1,1,1,1,2,5,2,2,3,4,2,5
c94f278c51e3c0,阳101H2,6,21,阳101H2,4,2,早期上升趋缓型,1,2,2,3,5,1,1,1,1,1,1,1,2,1,6,2,3,2,1,4
c9660833fbf6a9,泸203H66,2,24,泸203H66,3,3,迟缓响应持续上升型,1,2,4,5,1,1,1,1,1,1,1,1,2,1,6,2,3,2,1,5
c968204e49f3e4,阳101H35,2,12,阳101H35,3,3,迟缓响应持续上升型,1,2,4,5,1,1,1,1,1,1,1,1,2,1,6,2,3,2,1,5
c9955eca449819,泸208H2,9,22,泸208H2,10,2,早期上升趋缓型,1,2,2,3,5,1,1,4,5,5,1,1,2,1,6,2,3,2,1,4
c99aa4458afce4,泸201H5,2,24,泸201H5,4,1,低幅波动型,2,1,1,2,2,2,3,3,3,3,2,3,3,2,4,1,1,3,5,3
c99d25375e8d0a,泸201H5,4,12,泸201H5,2,1,低幅波动型,2,1,1,2,2,2,3,3,3,3,2,3,3,2,1,1,1,3,5,3
c9b24f83c13a85,阳101H35,2,20,阳101H35,1,1,低幅波动型,1,1,1,5,1,1,1,1,1,1,1,3,2,5,2,2,3,4,2,6
c9cbc8e311ea1b,泸203H64,5,15,泸203H64,3,4,降压主导型,2,3,3,4,4,2,2,2,2,2,2,2,1,3,3,1,2,1,3,2
c9d9563fd9c134,泸208H2,3,26,泸208H2,4,2,早期上升趋缓型,1,2,2,3,5,1,1,4,5,5,1,1,2,1,6,2,3,2,1,4
c9e7a8dd9a14d0,泸208H1,4,2,泸208H1,5,3,迟缓响应持续上升型,1,2,4,1,6,2,2,2,2,6,1,3,3,5,4,2,3,4,2,6
ca0276a8b7a600,阳101H34,2,7,阳101H34,6,2,早期上升趋缓型,1,2,2,3,5,1,1,1,1,1,1,1,2,1,6,2,3,2,1,4
ca0eaaa786c326,阳101H32,6,15,阳101H32,3,1,低幅波动型,2,1,1,2,2,2,3,3,3,3,2,3,3,2,1,1,1,3,5,3
ca24c4e63f5b21,阳101H32,6,12,阳101H32,4,3,迟缓响应持续上升型,1,2,4,5,1,1,1,1,1,1,1,1,2,1,6,2,3,2,1,4
ca289c72e09b94,泸201H5,4,16,泸201H5,2,1,低幅波动型,2,1,1,2,2,2,3,3,3,3,2,3,3,2,4,1,1,3,4,3
ca2aa434d9b01a,阳101H26,,,阳101H26,3,1,低幅波动型,2,1,1,2,2,2,3,3,3,3,2,2,1,2,1,1,1,3,5,3
ca4477887b852c,阳101H6,8,26,阳101H6,7,3,迟缓响应持续上升型,1,2,4,1,6,1,1,4,4,4,1,1,2,5,2,2,3,2,1,5
ca9edab03e4e03,泸206H8,5,4,泸206H8,8,3,迟缓响应持续上升型,1,1,4,5,1,1,1,1,1,1,1,1,2,1,6,2,3,4,2,6
caab9465000a37,阳101H2,282,15,阳101H32,8,3,迟缓响应持续上升型,1,1,4,5,1,1,1,1,1,1,1,1,2,5,2,2,3,4,2,6
cac34ac7bd9cb6,阳101H26,,,阳101H26,1,1,低幅波动型,2,1,1,2,2,2,3,3,3,3,2,3,3,2,4,1,1,3,4,1
cac99308df1a4a,阳101H31,4,20,阳101H31,5,2,早期上升趋缓型,1,2,2,3,5,1,1,1,1,1,1,1,2,1,6,2,3,2,1,4
cada1b8d8ffb22,阳101H32,2,13,阳101H32,4,2,早期上升趋缓型,1,2,2,3,5,1,1,4,5,5,1,1,2,1,6,2,3,2,1,4
cadbd7fecb54a3,泸208H1,1,10,泸208H1,2,3,迟缓响应持续上升型,1,2,4,1,6,1,1,1,1,1,1,1,2,1,6,2,3,2,1,5
cae0596f9ed522,阳101H31,3,17,阳101H31,6,2,早期上升趋缓型,1,2,2,5,1,1,1,1,1,1,1,1,2,1,6,2,3,2,1,4
cb0045a45f78bf,泸203H76,3,7,泸203H76,2,3,迟缓响应持续上升型,1,2,4,5,1,1,1,1,1,1,1,1,2,5,2,2,3,4,2,6
cb313fa6d3cf57,阳101H26,,,阳101H26,2,1,低幅波动型,2,1,1,2,2,2,3,3,3,3,1,3,3,5,4,1,1,3,4,1
cb3f645fdf6f46,泸206H10,3,9,泸206H10,2,3,迟缓响应持续上升型,1,1,4,5,1,1,1,1,1,1,1,1,2,5,2,2,3,4,2,6
cb610f8043233f,泸206H8,4,2,泸206H8,1,1,低幅波动型,2,1,1,2,2,2,3,3,3,3,2,3,3,2,4,1,1,3,4,3
cb6ead397bd6f0,阳101H34,2,4,阳101H34,4,3,迟缓响应持续上升型,1,2,4,5,1,1,1,1,1,1,1,1,2,5,2,2,3,4,2,6
cb8acdd4ffe6d0,阳101H31,,,阳101H31,1,2,早期上升趋缓型,1,2,2,3,5,1,1,4,5,5,1,1,2,1,6,2,3,2,1,4
cb8c784edde2e8,阳101H26,,,阳101H26,2,1,低幅波动型,2,1,1,2,2,2,3,3,3,3,2,3,3,2,4,1,1,3,4,1
cb8f60c57d86b4,阳101H35,3,11,阳101H35,4,3,迟缓响应持续上升型,1,1,4,5,1,1,1,1,1,1,1,1,2,1,6,2,3,2,1,6
cbb98c8724f59b,阳101H34,3,17,阳101H34,2,3,迟缓响应持续上升型,1,2,4,1,6,1,1,1,1,1,1,1,2,5,2,2,3,4,2,6
cbbdc9151b2f81,阳101H35,2,5,阳101H35,3,3,迟缓响应持续上升型,1,1,4,5,1,1,1,1,1,1,1,1,2,5,2,2,3,4,2,6
cc150d5b8a8384,泸203H76,3,8,泸203H76,1,4,降压主导型,2,3,3,4,4,2,2,2,2,2,2,2,1,3,1,1,2,1,5,2
cc1cec99c72e71,阳101H2,272,13,阳101H32,7,1,低幅波动型,2,1,1,2,2,2,3,3,3,3,2,3,3,2,4,1,1,3,4,1
cc47e9be61635f,阳101H32,2,11,阳101H32,1,1,低幅波动型,2,1,1,2,2,2,3,3,3,3,2,3,3,2,4,1,1,3,5,3
cc5b3c3ca1b906,阳101H2,2,2,阳101H2,1,2,早期上升趋缓型,1,2,2,3,5,1,1,1,1,1,1,1,2,1,6,2,3,2,1,4
cc6002002c5dbd,泸203H66,1,19,泸203H66,3,3,迟缓响应持续上升型,1,2,4,1,6,1,1,1,1,1,1,1,2,5,2,2,3,4,2,5
cc8862463aed6b,泸201H5,2,21,泸201H5,4,1,低幅波动型,2,1,1,2,2,2,3,3,3,3,2,3,3,2,4,1,1,3,4,1
cc92a674845f7a,阳101H2,4,3,阳101H32,4,1,低幅波动型,2,1,1,2,2,2,3,3,3,3,1,3,3,2,4,1,1,3,4,1
ccc73e399b0cd3,泸208H2,8,2,泸208H2,6,3,迟缓响应持续上升型,1,2,4,1,6,1,1,1,1,1,1,1,2,5,2,2,3,4,2,5
ccdb4c1ead5a50,阳101H2,4,19,阳101H2,6,2,早期上升趋缓型,1,2,2,3,5,1,1,4,5,5,1,1,2,1,6,2,3,2,1,4
ccff704a5fcb95,泸203H8,2,5,泸203H8,1,3,迟缓响应持续上升型,1,2,4,1,6,1,1,4,4,4,1,1,2,5,2,2,3,4,2,5
cd0f1d7ef4cb04,阳101H31,3,16,阳101H31,7,1,低幅波动型,2,1,1,5,1,2,3,3,3,3,1,3,3,5,4,2,1,4,2,6
cd20832756e333,阳101H31,5,20,阳101H31,6,2,早期上升趋缓型,1,2,2,3,5,1,1,4,4,4,1,1,2,1,6,2,3,2,1,5
cd2cd6d2135a69,泸206H8,5,11,泸206H8,1,1,低幅波动型,2,1,1,2,4,2,3,3,3,3,2,2,1,3,1,1,2,1,5,3
cd41169a2b9c17,泸206H8,4,20,泸206H8,2,3,迟缓响应持续上升型,1,2,4,5,1,1,1,1,1,1,1,1,2,5,2,2,3,4,2,6
cd45ee10bf1a53,泸203H64,2,8,泸203H64,4,1,低幅波动型,2,1,1,2,2,2,3,3,3,3,2,3,3,2,4,1,1,3,4,1
cd939896a61c03,阳101H31,6,27,阳101H31,4,3,迟缓响应持续上升型,1,2,4,5,1,1,1,1,1,1,1,1,2,5,2,2,3,4,1,5
ce33a3e1348cf0,泸203H76,1,15,泸203H76,3,4,降压主导型,2,3,3,4,4,2,2,2,2,2,2,2,1,3,3,1,2,1,3,2
ce4d258edb8997,泸206H8,4,21,泸206H8,6,1,低幅波动型,1,1,1,5,1,1,1,1,1,1,2,3,3,2,4,1,1,3,4,1
ce529ade4489a2,阳101H2,,,阳101H2,2,3,迟缓响应持续上升型,1,1,4,5,1,1,1,1,1,1,1,1,2,5,2,2,3,4,2,6
ce5f9051e535b7,泸208H2,8,10,泸208H2,10,1,低幅波动型,1,1,1,5,1,1,1,1,1,1,1,1,2,5,2,2,3,4,2,6
ce9d0f37339c74,阳101H2,4,3,阳101H2,5,3,迟缓响应持续上升型,1,2,4,5,1,1,1,1,1,1,1,1,2,1,6,2,3,2,1,4
cea580085fc07f,阳101H2,,,阳101H2,5,1,低幅波动型,2,1,1,2,2,2,3,3,3,3,2,3,3,2,4,1,1,3,4,1
ceba1e06156621,阳101H51,4,6,阳101H51,1,3,迟缓响应持续上升型,1,2,4,5,1,1,1,1,1,1,1,1,2,1,6,2,3,2,1,4
cecd5cb6321230,阳101H51,2,10,阳101H51,3,3,迟缓响应持续上升型,1,1,4,5,1,1,1,1,1,1,1,1,2,5,2,2,3,4,2,6
cece39fcc6e6a5,阳101H51,1,2,阳101H51,2,2,早期上升趋缓型,1,2,2,3,5,1,1,4,5,5,1,1,2,1,6,2,3,2,1,4
ced559b514b0df,阳101H31,3,4,阳101H31,6,1,低幅波动型,2,1,1,2,2,2,3,3,3,3,2,3,3,2,4,1,1,3,4,3
ced781da856cec,阳101H31,5,14,阳101H31,6,3,迟缓响应持续上升型,1,2,4,5,1,1,1,1,1,1,1,1,2,1,6,2,3,2,1,5
cf0baacd57e130,泸208H1,5,15,泸208H1,4,2,早期上升趋缓型,1,2,2,3,5,1,1,4,5,5,1,1,2,1,6,2,3,2,1,4
cf0cd0455bc0ad,阳101H31,,,阳101H31,2,2,早期上升趋缓型,1,2,2,3,5,1,1,4,4,4,1,1,2,1,6,2,3,2,1,4
cf184f0fc754f1,泸203H66,1,17,泸203H66,2,2,早期上升趋缓型,1,2,2,3,5,1,1,1,1,1,1,1,2,1,6,2,3,2,1,4
cf1bfa781903d3,泸208H2,6,9,泸208H2,7,3,迟缓响应持续上升型,1,2,4,1,6,1,1,1,1,1,1,1,2,5,2,2,3,4,2,5
cf1e03fff22e6a,泸203H76,3,21,泸203H76,1,1,低幅波动型,2,1,1,2,2,2,3,3,3,3,2,3,3,2,4,1,1,3,5,3
cf5cef07312e02,泸201H5,3,8,泸201H5,4,1,低幅波动型,2,1,1,5,1,2,2,2,2,2,2,3,3,2,4,1,1,4,2,6
cfd38a4507e0b4,泸208H2,8,3,泸208H2,6,3,迟缓响应持续上升型,1,2,4,5,1,1,1,1,1,1,1,1,2,5,2,2,3,4,2,6
cff0ffde9fef89,泸201H5,3,11,泸201H5,1,4,降压主导型,2,3,3,4,3,2,2,2,2,2,2,2,1,3,1,1,2,1,3,2
d0242647c0cf92,泸203H76,1,2,泸203H76,2,2,早期上升趋缓型,1,2,2,3,5,1,1,4,5,5,1,1,2,1,6,2,3,2,1,4
d04a4dd51727a2,泸201H5,4,11,泸201H5,1,1,低幅波动型,2,1,1,2,2,2,3,3,3,3,2,3,3,2,4,1,1,3,4,3
d086e22a8cd710,阳101H37,3,12,阳101H37,2,2,早期上升趋缓型,1,2,2,3,5,1,1,1,1,1,1,1,2,1,6,2,3,2,1,4
d09a7d65f54a33,阳101H51,5,3,阳101H51,4,3,迟缓响应持续上升型,1,2,4,5,1,1,1,1,1,1,1,1,2,1,6,2,3,2,1,4
d0c3fdd94bd8e1,阳101H26,,,阳101H26,1,1,低幅波动型,2,1,1,2,2,2,3,3,3,3,2,3,3,2,4,1,1,3,4,3
d10673568d82e0,泸203H91,,,泸203H91,2,2,早期上升趋缓型,1,2,2,1,6,1,1,4,4,4,1,1,2,1,6,2,3,2,1,4
d129a06c0ef911,阳101H2,,,阳101H2,3,1,低幅波动型,2,1,1,2,2,2,3,3,3,3,2,3,3,2,1,1,1,3,5,3
d15fcf99e1ca0a,泸208H2,7,10,泸208H2,6,2,早期上升趋缓型,1,2,2,3,5,1,1,4,5,5,1,1,2,1,6,2,3,2,1,4
d167da759a8610,阳101H35,1,8,阳101H35,2,3,迟缓响应持续上升型,1,2,4,1,6,1,1,1,1,1,1,1,2,1,6,2,3,2,1,5
d16939892c7098,阳101H2,,,阳101H2,4,2,早期上升趋缓型,1,2,2,3,5,1,1,4,5,5,1,1,2,1,6,2,3,2,1,4
d172da0c629aa0,阳101H2,,,阳101H2,3,1,低幅波动型,2,1,1,2,2,2,3,3,3,3,2,3,3,2,4,1,1,3,4,1
d187693873d0b3,泸203H76,2,13,泸203H76,3,3,迟缓响应持续上升型,1,2,4,5,1,1,1,1,1,1,1,1,2,1,6,2,3,2,1,4
d198b5f0935072,阳101H32,6,19,阳101H32,3,1,低幅波动型,2,1,1,2,2,2,3,3,3,3,2,3,3,2,4,1,1,3,5,3
d1e8da2d62d877,阳101H26,,,阳101H26,4,1,低幅波动型,2,1,1,2,2,2,3,3,3,3,2,3,3,2,4,1,1,3,4,1
d1f36cd573826a,泸206H8,5,6,泸206H8,2,1,低幅波动型,2,1,1,2,2,2,3,3,3,3,2,3,3,2,1,1,1,3,5,3
d20f466b1f9b42,泸203H66,1,13,泸203H66,3,2,早期上升趋缓型,1,2,2,3,5,1,1,4,5,5,1,1,4,4,5,2,3,2,1,4
d2136d57288f51,阳101H32,6,6,阳101H32,1,1,低幅波动型,2,1,1,2,2,2,3,3,3,3,2,3,3,2,4,1,1,3,4,3
d236055291be91,阳101H26,,,阳101H26,3,3,迟缓响应持续上升型,1,1,4,5,1,1,1,1,1,1,1,1,2,1,6,2,3,4,2,6
d236d905252544,泸201H5,3,13,泸201H5,2,1,低幅波动型,2,3,1,2,4,2,3,3,3,3,2,2,1,3,1,1,2,1,5,3
d23b0813a256e8,阳101H35,1,2,阳101H35,4,1,低幅波动型,2,1,1,2,2,2,3,3,3,3,2,3,3,2,4,1,1,3,4,3
d247569487a383,泸201H5,1,6,泸201H5,2,3,迟缓响应持续上升型,1,1,4,5,1,1,1,1,1,1,1,3,2,5,2,2,3,4,2,6
d24828bb128bba,泸201H5,4,4,泸201H5,2,1,低幅波动型,2,1,1,5,2,2,3,3,3,3,1,1,2,5,2,2,3,4,2,6
d2546c20ed2e5c,阳101H26,,,阳101H26,4,4,降压主导型,2,3,3,4,3,2,2,2,2,6,2,2,1,3,3,1,2,1,3,2
d26e85e47bfd9e,阳101H2,2,2,阳101H2,8,2,早期上升趋缓型,1,2,2,3,5,1,1,1,1,1,1,1,2,1,6,2,3,2,1,4
d27a2816ff82d8,阳101H35,2,2,阳101H35,3,3,迟缓响应持续上升型,1,1,4,5,1,1,1,1,1,1,1,1,2,5,2,2,3,4,2,6
d28c25f6ad5cf8,阳101H35,1,3,阳101H35,4,1,低幅波动型,2,1,1,2,2,2,3,3,3,3,2,3,3,2,4,1,1,3,4,1
d295d505c21eb7,泸208H2,7,15,泸208H2,6,3,迟缓响应持续上升型,1,2,4,5,1,1,1,1,1,1,1,1,2,1,6,2,3,2,1,5
d2960fa51b82bc,阳101H32,6,20,阳101H32,4,2,早期上升趋缓型,1,2,2,3,5,1,1,4,5,5,1,1,2,1,6,2,3,2,1,4
d2996ad70f61e0,阳101H2,2,10,阳101H2,1,1,低幅波动型,2,1,1,5,2,2,3,3,3,3,1,1,2,5,2,2,3,4,2,6
d2a7f9766f34c8,阳101H35,2,1,阳101H35,1,3,迟缓响应持续上升型,1,2,4,1,6,1,1,4,4,4,1,1,2,5,2,2,3,4,2,6
d2c33463429ac1,阳101H35,2,19,阳101H35,1,1,低幅波动型,2,1,1,2,2,2,3,3,3,3,2,3,3,2,4,1,1,3,4,1
d2f54708c07322,泸208H1,4,14,泸208H1,5,3,迟缓响应持续上升型,1,2,4,1,6,1,1,4,4,4,1,1,2,5,2,2,3,4,2,5
d2fcbc8928dabd,阳101H2,,,阳101H2,4,1,低幅波动型,2,1,1,2,2,2,3,3,3,3,2,3,3,2,4,1,1,3,4,1
d3044965272bdc,泸206H8,5,12,泸206H8,7,1,低幅波动型,2,1,1,2,2,2,3,3,3,3,2,3,3,2,4,1,1,3,4,3
d3082b2400ff17,泸203H64,3,14,泸203H64,1,4,降压主导型,2,3,3,4,4,2,2,2,2,2,2,2,1,3,3,1,2,1,3,2
d31fccbeebcc4a,泸201H5,3,14,泸201H5,2,1,低幅波动型,2,1,1,2,4,2,3,3,3,3,2,2,1,3,1,1,2,1,5,3
d3245190f9f901,阳101H31,2,8,阳101H31,3,2,早期上升趋缓型,1,2,2,3,5,1,1,1,1,1,1,1,2,1,6,2,3,2,1,4
d35a220b9da68c,阳101H31,5,21,阳101H31,6,2,早期上升趋缓型,1,2,2,3,5,1,1,4,5,5,1,1,2,1,6,2,3,2,1,4
d36e375b7272a3,阳101H35,3,16,阳101H35,4,3,迟缓响应持续上升型,1,2,4,5,1,1,1,1,1,1,1,1,2,1,2,2,3,4,2,6
d37ab3242f2999,阳101H2,322,4,阳101H2,8,4,降压主导型,2,3,3,4,3,2,2,2,2,6,2,2,1,3,3,1,2,1,3,2
d38f5c1bd8c806,阳101H51,2,7,阳101H51,3,2,早期上升趋缓型,1,2,2,3,5,1,1,4,5,5,1,1,2,1,6,2,3,2,1,4
d39066d171b98c,阳101H32,4,13,阳101H32,1,1,低幅波动型,2,1,1,2,2,2,3,3,3,3,2,3,3,2,4,1,1,3,4,1
d3a885c104ac82,阳101H2,6,20,阳101H32,4,2,早期上升趋缓型,1,2,2,3,5,1,1,4,5,5,1,1,2,1,6,2,3,2,1,4
d3c5bc21d3b8a9,泸201H5,1,7,泸201H5,4,1,低幅波动型,2,3,1,2,4,2,3,3,3,3,2,2,1,3,3,1,2,1,5,2
d3ca0d7739ed02,阳101H25,1,25,阳101H25,3,1,低幅波动型,2,1,1,5,1,1,1,1,1,1,1,3,3,5,4,2,1,4,2,6
d3d03cb5d69557,泸208H2,10,4,泸208H2,9,2,早期上升趋缓型,1,2,2,3,5,1,1,4,5,5,1,1,2,1,6,2,3,2,1,4
d3f741d6fbd42d,泸201H5,1,23,泸201H5,4,1,低幅波动型,2,1,1,2,2,2,3,3,3,3,2,3,3,2,4,1,1,3,4,3
d4265dd9843fcc,阳101H35,2,10,阳101H35,1,3,迟缓响应持续上升型,1,2,4,5,1,1,1,1,1,1,1,1,2,5,2,2,3,4,2,6
d441943ca6a331,泸201H5,4,10,泸201H5,3,4,降压主导型,2,3,3,4,3,2,2,2,2,6,2,2,1,3,3,1,2,1,3,2
d4487c5f56f8b2,泸203H64,4,8,泸203H64,1,1,低幅波动型,2,1,1,2,2,2,3,3,3,3,2,3,3,2,4,1,1,3,4,1
d44dc97e568dcc,泸203H64,4,4,泸203H64,5,4,降压主导型,2,3,3,4,4,2,2,2,2,2,2,2,1,3,3,1,2,1,3,2
d452e01eb13e16,泸206H8,4,1,泸206H8,6,1,低幅波动型,2,1,1,2,2,2,3,3,3,3,2,3,3,2,4,1,1,3,4,1
d458c0227e191a,泸203H76,1,16,泸203H76,3,4,降压主导型,2,3,3,4,3,2,2,2,2,6,2,2,1,3,3,1,2,1,3,2
d45d51dcc74eaf,阳101H31,3,5,阳101H31,1,3,迟缓响应持续上升型,1,2,4,5,1,1,1,1,1,1,1,1,2,5,2,2,3,4,2,6
d45d82152a148b,泸203H64,1,18,泸203H64,3,3,迟缓响应持续上升型,1,2,4,5,1,1,1,1,1,1,1,1,2,5,2,2,3,4,2,6
d46a7299395d46,阳101H32,4,17,阳101H32,7,1,低幅波动型,2,1,1,2,2,2,3,3,3,3,2,3,3,2,4,1,1,3,5,3
d4dfa60a246402,阳101H6,8,29,阳101H6,7,3,迟缓响应持续上升型,1,2,4,1,6,1,1,4,5,5,1,1,2,1,6,2,3,2,1,5
d4e6aad65d1bf1,阳101H26,,,阳101H26,4,1,低幅波动型,2,1,1,2,2,2,3,3,3,3,2,3,3,2,4,1,1,3,4,1
d4fbf196ccf535,阳101H2,22,19,阳101H32,7,1,低幅波动型,2,1,1,2,2,2,3,3,3,3,2,3,3,2,4,1,1,3,4,1
d534637362d7c6,阳101H32,4,2,阳101H32,5,1,低幅波动型,2,1,1,2,2,2,3,3,3,3,2,3,3,2,4,1,1,3,4,1
d5519f8386d669,泸203H66,2,12,泸203H66,sensor:No09,3,迟缓响应持续上升型,1,2,4,5,1,1,1,1,1,1,1,1,2,5,2,2,3,4,2,5
d5669007e1b97b,泸208H2,7,14,泸208H2,6,3,迟缓响应持续上升型,1,2,4,5,1,1,1,1,1,1,1,1,2,5,2,2,3,4,1,5
d57d039ee680fe,泸203H10,4,9,泸203H10,3,3,迟缓响应持续上升型,1,2,4,1,6,1,1,1,1,1,1,1,2,1,6,2,3,2,1,5
d5a637228f3c76,阳101H31,7,20,阳101H31,5,2,早期上升趋缓型,1,2,2,3,5,1,1,1,1,1,1,1,2,1,6,2,3,2,1,5
d5d78636252226,阳101H34,2,21,阳101H34,3,3,迟缓响应持续上升型,1,2,4,1,6,1,1,1,1,1,1,1,2,5,2,2,3,4,2,5
d61731346bf388,阳101H2,2,9,阳101H2,1,3,迟缓响应持续上升型,1,1,4,5,1,1,1,1,1,1,1,1,2,5,2,2,3,4,2,6
d621eb4b0f77fb,阳101H2,4,4,阳101H2,5,3,迟缓响应持续上升型,1,2,4,5,1,1,1,1,1,1,1,1,2,1,6,2,3,2,1,5
d63ed4317ec847,泸206H10,3,9,泸206H10,1,1,低幅波动型,2,1,1,2,4,2,3,3,3,3,2,2,1,3,1,1,2,1,5,3
d647bb076213a2,阳101H35,3,6,阳101H35,4,1,低幅波动型,2,1,1,2,2,2,3,3,3,3,2,3,3,2,4,1,1,3,4,1
d6641f52f55bdd,阳101H75,6,7,阳101H75,5,3,迟缓响应持续上升型,1,2,4,1,6,1,1,4,4,4,1,1,2,5,2,2,3,2,1,5
d664e17f0056a7,泸208H2,6,15,泸208H2,7,2,早期上升趋缓型,1,2,2,3,5,1,1,1,1,1,1,1,2,1,6,2,3,2,1,4
d66a06f2560358,泸203H64,3,11,泸203H64,2,1,低幅波动型,2,1,1,5,1,2,2,2,2,2,2,3,3,2,4,1,1,4,2,6
d67e06441b84d2,阳101H31,3,18,阳101H31,4,1,低幅波动型,2,1,1,2,2,2,3,3,3,3,2,3,3,2,1,1,1,3,5,3
d6ac601159d813,泸203H64,4,10,泸203H64,1,1,低幅波动型,2,1,1,2,2,2,3,3,3,3,2,3,3,2,4,1,1,3,4,3
d6dc56c2ea4032,泸203H64,5,12,泸203H64,2,3,迟缓响应持续上升型,1,2,4,5,1,1,1,1,1,1,1,1,2,1,6,2,3,2,1,4
d6e2fac41ff759,泸203H76,1,7,泸203H76,2,4,降压主导型,2,3,3,4,3,2,2,2,2,2,2,2,1,3,3,1,2,1,3,2
d6fc3331d1cdc3,阳101H26,,,阳101H26,3,2,早期上升趋缓型,1,2,2,3,5,1,1,1,1,1,1,1,2,1,6,2,3,2,1,4
d705ed705aa9a3,泸203H76,1,5,泸203H76,3,4,降压主导型,2,3,3,4,3,2,2,2,2,6,2,2,1,3,3,1,2,1,3,2
d7144ceb6d0111,泸203H76,4,10,泸203H76,3,2,早期上升趋缓型,1,2,2,3,5,1,1,4,5,5,1,1,2,1,6,2,3,2,1,4
d71b5c7fe27554,泸203H76,2,13,泸203H76,1,3,迟缓响应持续上升型,1,1,4,5,1,1,1,1,1,1,1,1,2,5,2,2,3,4,2,6
d7421455fb1e22,阳101H6,8,12,阳101H6,7,3,迟缓响应持续上升型,1,2,4,1,6,1,1,4,4,4,1,1,2,5,2,2,3,4,2,5
d74cbfb7e76b55,阳101H33,3,10,阳101H33,4,2,早期上升趋缓型,1,2,2,3,5,1,1,4,5,5,1,1,2,1,6,2,3,2,1,4
d75053ea6bafd0,泸203H11,4,3,泸203H11,3,2,早期上升趋缓型,1,2,2,3,5,1,1,4,5,5,1,1,2,1,6,2,3,2,1,4
d77b792152573d,阳101H32,2,20,阳101H32,1,1,低幅波动型,2,1,1,2,2,2,3,3,3,3,2,3,3,2,4,1,1,3,4,3
d77c691d3a2d83,阳101H2,2,14,阳101H2,5,1,低幅波动型,2,1,1,2,2,1,1,1,1,1,2,3,3,2,4,1,1,3,4,3
d784b320c90216,阳101H34,3,8,阳101H34,4,3,迟缓响应持续上升型,1,2,4,5,1,1,1,1,1,1,1,1,2,5,2,2,3,2,1,5
d79335c519f1bd,阳101H34,3,16,阳101H34,4,2,早期上升趋缓型,1,2,2,3,5,1,1,1,1,1,1,1,2,1,6,2,3,2,1,4
d7a1b53d1583cd,阳101H2,,,阳101H2,4,1,低幅波动型,2,1,1,2,2,2,3,3,3,3,2,3,3,2,4,1,1,3,4,1
d7adab3399367d,阳101H51,3,3,阳101H51,2,2,早期上升趋缓型,1,2,2,3,5,1,1,4,5,5,1,1,2,1,6,2,3,2,1,4
d7c96374af1fc3,阳101H32,6,13,阳101H32,5,4,降压主导型,2,3,3,4,4,2,2,2,2,2,2,2,1,3,3,1,2,1,3,2
d7d7e31f592d15,阳101H32,6,18,阳101H32,3,1,低幅波动型,2,1,1,2,2,2,3,3,3,3,2,3,3,2,4,1,1,3,4,3
d7db6d0c72ed3f,泸206H8,4,3,泸206H8,3,1,低幅波动型,2,1,1,2,2,2,3,3,3,3,2,3,3,2,4,1,1,3,4,1
d7f8a00360571e,泸201H5,3,4,泸201H5,1,1,低幅波动型,2,1,1,2,4,2,3,3,3,3,2,2,1,3,1,1,2,1,5,3
d8089a21412441,阳101H31,2,2,阳101H31,1,3,迟缓响应持续上升型,1,2,4,1,6,1,1,4,4,4,1,1,2,1,6,2,3,2,1,5
d80c5c4fd0745a,泸203H64,1,11,泸203H64,3,3,迟缓响应持续上升型,1,1,4,5,1,1,1,1,1,1,1,1,2,5,2,2,3,4,2,6
d83c52602bbdf5,泸203H64,5,14,泸203H64,3,4,降压主导型,2,3,3,4,4,2,2,2,2,2,2,2,1,3,3,1,2,1,3,2
d872f005e7175f,阳101H32,5,23,阳101H32,4,4,降压主导型,2,3,3,4,4,2,2,2,2,2,2,2,1,3,1,1,2,1,3,2
d87a8b084ec2b7,泸201H5,4,8,泸201H5,1,4,降压主导型,2,3,3,4,4,2,2,2,2,2,2,2,1,3,3,1,2,1,3,2
d87fdb8c9140b8,泸206H8,5,11,泸206H8,6,1,低幅波动型,2,1,1,2,2,1,1,1,1,1,2,3,3,2,4,1,1,3,4,1
d88c3355087d1a,泸203H64,5,7,泸203H64,4,3,迟缓响应持续上升型,1,2,4,5,1,1,1,1,1,1,1,1,2,5,2,2,3,4,2,6
d8a56c75c7f4f8,阳101H31,1,20,阳101H31,3,3,迟缓响应持续上升型,1,2,4,5,1,1,1,1,1,1,1,1,2,5,2,2,3,4,2,6
d8a6e082b90473,阳101H31,1,14,阳101H31,2,2,早期上升趋缓型,1,2,2,3,5,1,1,4,5,5,1,1,2,1,6,2,3,2,1,4
d8cb9ac0ce5a07,泸206H8,4,9,泸206H8,1,4,降压主导型,2,3,3,4,3,2,2,2,2,2,2,2,1,3,3,1,2,1,3,2
d8e3799391e549,泸208H1,2,17,泸208H2,5,3,迟缓响应持续上升型,1,2,4,5,1,1,1,1,1,1,1,1,2,5,2,2,3,4,2,5
d8fa52c052171e,阳101H2,4,3,阳101H32,2,3,迟缓响应持续上升型,1,2,4,1,6,1,1,1,1,1,1,3,3,5,2,2,3,4,2,6
d934cf88acda8a,阳101H51,1,18,阳101H51,3,3,迟缓响应持续上升型,1,1,4,5,1,1,1,1,1,1,1,1,2,5,2,2,3,4,2,6
d9370c0b9e5299,阳101H31,7,22,阳101H31,5,4,降压主导型,2,3,3,4,3,2,2,2,2,6,2,3,3,2,1,1,1,3,5,3
d93fe865f551f2,阳101H31,5,20,阳101H31,7,3,迟缓响应持续上升型,1,2,4,3,6,1,1,4,4,4,1,1,2,5,2,2,3,2,1,5
d9406665a84451,阳101H2,2,9,阳101H2,4,3,迟缓响应持续上升型,1,2,4,1,6,1,1,4,4,4,1,1,2,1,6,2,3,2,1,5
d9543279c70508,泸201H5,2,10,泸201H5,1,1,低幅波动型,2,1,1,2,4,2,3,3,3,3,2,2,1,3,1,1,2,1,5,2
d9671672afef94,泸203H76,3,7,泸203H76,4,2,早期上升趋缓型,1,2,2,3,5,1,1,4,5,5,1,1,2,1,6,2,3,2,1,4
d9928df4193b0c,阳101H35,,,阳101H35,1,3,迟缓响应持续上升型,1,2,4,1,6,1,1,4,4,4,1,1,2,5,2,2,3,4,2,5
d9b5972b006d4f,阳101H2,4,17,阳101H2,1,3,迟缓响应持续上升型,1,2,4,5,1,1,1,1,1,1,1,1,2,5,2,2,3,4,2,6
d9cc21b285e59c,阳101H51,1,16,阳101H51,3,3,迟缓响应持续上升型,1,2,4,5,1,1,1,1,1,1,1,1,2,5,2,2,3,4,2,6
d9deae29405110,阳101H31,2,12,阳101H31,1,3,迟缓响应持续上升型,1,2,4,1,6,1,1,1,1,1,1,1,2,1,6,2,3,2,1,5
da068981066e54,泸203H64,4,5,泸203H64,2,1,低幅波动型,2,1,1,2,2,2,3,3,3,3,2,3,3,2,4,1,1,3,5,3
da107fd2500d9f,阳101H2,6,20,阳101H2,5,4,降压主导型,2,3,3,4,3,2,2,2,2,6,2,2,1,3,3,1,2,1,3,2
da1bd350be386c,阳101H25,1,27,阳101H25,2,3,迟缓响应持续上升型,1,2,4,5,1,1,1,1,1,1,1,1,2,5,2,2,3,4,2,6
da2d50f994c791,阳101H34,3,13,阳101H34,4,2,早期上升趋缓型,1,2,2,3,5,1,1,4,5,5,1,1,2,1,6,2,3,2,1,4
da36eb17c79b5e,阳101H35,3,14,阳101H35,1,4,降压主导型,2,3,3,4,3,2,2,2,2,6,2,2,1,3,3,1,2,1,3,2
da3c7d3f21f229,阳101H32,6,7,阳101H32,5,4,降压主导型,2,3,3,4,4,2,2,2,2,2,2,2,1,3,3,1,2,1,3,2
da6086e85ef837,泸201H5,2,13,泸201H5,3,1,低幅波动型,2,1,1,2,2,2,3,3,3,3,2,3,3,2,4,1,1,3,4,1
da6c50474b67a6,阳101H32,6,19,阳101H32,4,2,早期上升趋缓型,1,2,2,3,5,1,1,4,5,5,1,1,2,1,6,2,3,2,1,4
da7d0a6f4903d1,阳101H2,,,阳101H2,4,2,早期上升趋缓型,1,1,2,5,1,1,1,1,1,1,1,1,2,1,6,2,3,2,1,4
da7ee75ec9ef41,阳101H6,8,28,阳101H6,7,2,早期上升趋缓型,1,2,2,3,5,1,1,4,5,5,1,1,2,1,6,2,3,2,1,4
da8bf26b24fa80,泸203H64,5,15,泸203H64,1,1,低幅波动型,2,1,1,2,2,2,3,3,3,3,1,3,3,2,4,1,1,3,4,1
da8e5542cd5281,阳101H32,4,14,阳101H32,6,2,早期上升趋缓型,1,2,2,3,5,1,1,4,5,5,1,1,2,1,6,2,3,2,1,4
daa775c8664d15,阳101H2,5,20,阳101H2,1,1,低幅波动型,2,1,1,2,2,2,3,3,3,3,2,3,3,2,4,1,1,3,4,1
dabdcb0a7b8ad2,泸201H5,3,5,泸201H5,2,1,低幅波动型,2,1,1,2,2,2,3,3,3,3,2,3,3,2,4,1,1,3,4,3
dabf8449ab1672,阳101H2,6,19,阳101H2,1,3,迟缓响应持续上升型,1,2,4,5,1,1,1,1,1,1,1,1,2,5,2,2,3,4,2,6
daf867dfe2c41e,阳101H51,3,10,阳101H51,4,3,迟缓响应持续上升型,1,2,4,5,1,1,1,1,1,1,1,1,2,5,2,2,3,4,2,5
dafcc82abdaa6c,阳101H31,,,阳101H31,1,3,迟缓响应持续上升型,1,2,4,1,6,1,1,4,4,4,1,1,2,1,6,2,3,2,1,5
db0a8351f2a5dd,泸208H2,3,20,泸208H2,4,3,迟缓响应持续上升型,1,2,4,1,6,1,1,4,4,4,1,1,2,5,2,2,3,2,1,5
db0c7b370ec9d1,阳101H35,2,17,阳101H35,3,3,迟缓响应持续上升型,1,2,4,5,1,1,1,1,1,1,1,1,2,5,2,2,3,4,1,5
db1d1ec4729c87,阳101H34,3,4,阳101H34,2,2,早期上升趋缓型,1,2,2,3,5,1,1,4,5,5,1,1,2,1,6,2,3,2,1,4
db27428e32e040,阳101H35,3,7,阳101H35,sensor:套压,2,早期上升趋缓型,1,2,2,3,5,1,1,1,1,1,1,1,2,1,6,2,3,2,1,4
db2dc1e352de11,泸208H2,7,3,泸208H2,6,2,早期上升趋缓型,1,2,2,3,5,1,1,4,5,5,1,1,2,1,6,2,3,2,1,4
db48618c039b76,阳101H26,,,阳101H26,4,3,迟缓响应持续上升型,1,1,4,5,1,1,1,1,1,1,1,1,2,1,2,2,3,4,2,6
db4c6aded1389c,阳101H31,7,27,阳101H31,4,2,早期上升趋缓型,1,2,2,3,5,1,1,1,1,1,1,1,2,1,6,2,3,2,1,4
db7bde6a1a3c61,阳101H31,3,9,阳101H31,1,3,迟缓响应持续上升型,1,2,4,5,1,1,1,1,1,1,1,1,2,1,6,2,3,2,1,5
db862b28189226,阳101H31,1,18,阳101H31,3,3,迟缓响应持续上升型,1,2,4,5,1,1,1,1,1,1,1,1,2,5,2,2,3,4,2,6
db8741a231ec9e,阳101H51,1,2,阳101H51,3,3,迟缓响应持续上升型,1,2,4,5,1,1,1,1,1,1,1,1,2,5,2,2,3,4,2,6
db934240258cca,阳101H32,4,22,阳101H32,2,3,迟缓响应持续上升型,1,2,4,5,1,1,1,1,1,1,1,1,2,5,2,2,3,4,2,6
dba5933f6c9056,阳101H34,1,14,阳101H34,3,3,迟缓响应持续上升型,1,2,4,5,1,1,1,1,1,1,1,1,2,1,6,2,3,2,1,4
dba5a5fec61081,阳101H2,,,阳101H2,3,1,低幅波动型,2,1,1,2,2,2,3,3,3,3,2,3,3,2,4,1,1,3,4,1
dbbc97c020dcdb,泸203H64,1,16,泸203H64,5,1,低幅波动型,2,1,1,2,2,2,3,3,3,3,2,3,3,2,4,1,1,3,4,3
dbfc429014544d,泸203H153,2,6,泸203H153,7,3,迟缓响应持续上升型,1,2,4,5,1,1,1,1,1,1,1,1,2,5,2,2,3,4,2,6
dc3499d33e412d,阳101H2,2,15,阳101H2,6,2,早期上升趋缓型,1,2,2,1,6,1,1,4,4,4,1,1,2,1,6,2,3,2,1,4
dc6e82464335da,泸203H76,1,8,泸203H76,4,3,迟缓响应持续上升型,1,2,4,5,1,1,1,1,1,1,1,1,2,1,6,2,3,2,1,4
dc832e2ca0b460,泸203H76,3,18,泸203H76,1,2,早期上升趋缓型,1,2,2,3,5,1,1,1,1,1,1,1,2,1,6,2,3,2,1,4
dc90407098f9c2,阳101H2,324,20,阳101H2,8,3,迟缓响应持续上升型,1,2,4,5,1,1,1,1,1,1,1,1,2,5,2,2,3,4,2,6
dcab0e0a3e8c84,泸203H76,2,17,泸203H76,1,2,早期上升趋缓型,1,2,2,3,5,1,1,4,5,5,1,1,2,1,6,2,3,2,1,4
dcb4d7b262c1e9,阳101H31,6,26,阳101H31,7,3,迟缓响应持续上升型,1,2,4,5,1,1,1,1,1,1,1,1,2,1,6,2,3,2,1,5
dcdfbdec2be7f3,泸203H64,5,7,泸203H64,2,1,低幅波动型,2,1,1,2,2,2,3,3,3,3,1,3,3,2,4,1,1,3,4,1
dce1fd6653cbc9,阳101H31,,,阳101H31,3,2,早期上升趋缓型,1,2,2,3,5,1,1,1,1,1,1,1,2,1,6,2,3,2,1,4
dcf2fcd3ff0358,阳101H2,2,22,阳101H2,6,2,早期上升趋缓型,1,2,2,5,1,1,1,1,1,1,1,1,2,1,6,2,3,2,1,4
dcf4c36e3efe35,泸203H64,4,4,泸203H64,3,3,迟缓响应持续上升型,1,2,4,1,6,1,1,4,4,4,1,1,2,5,2,2,3,2,1,5
dd028114141c0b,阳101H31,,,阳101H31,2,2,早期上升趋缓型,1,2,2,3,5,1,1,4,5,5,1,1,2,1,6,2,3,2,1,4
dd117deb1e679f,泸201H5,3,10,泸201H5,4,3,迟缓响应持续上升型,1,2,4,1,6,1,1,1,1,1,1,1,2,5,2,2,3,4,2,5
dd5b6029f5a2ae,泸201H5,2,3,泸201H5,3,1,低幅波动型,2,1,1,2,2,2,3,3,3,3,2,3,3,2,4,1,1,3,4,1
dd7e9678420c44,泸203H91,,,泸203H91,2,3,迟缓响应持续上升型,1,2,4,1,6,1,1,4,4,4,1,1,2,1,6,2,3,2,1,5
dd834834985e8f,泸206H10,3,10,泸206H10,4,1,低幅波动型,2,3,1,2,4,2,3,3,3,3,2,2,1,3,1,1,2,1,5,2
dd8aa90d02b8de,阳101H51,6,4,阳101H51,5,2,早期上升趋缓型,1,2,2,3,5,1,1,4,5,5,1,1,2,1,6,2,3,2,1,4
ddbcefdf188257,阳101H75,6,9,阳101H75,5,2,早期上升趋缓型,1,2,2,3,5,1,1,4,5,5,1,1,2,1,6,2,3,2,1,4
ddf3d522ff9153,泸206H8,4,3,泸206H8,8,1,低幅波动型,2,1,1,2,2,1,1,1,1,1,2,3,3,2,4,1,1,3,4,1
de1343cb8b097c,泸201H5,1,14,泸201H5,3,1,低幅波动型,2,1,1,2,2,2,3,3,3,3,2,3,3,2,4,1,1,3,4,1
de18ace76096a4,阳101H35,3,21,阳101H35,2,3,迟缓响应持续上升型,1,2,4,5,1,1,1,1,1,1,1,1,2,5,2,2,3,4,2,6
de53432565df35,阳101H2,5,20,阳101H2,6,1,低幅波动型,2,1,1,2,2,2,3,3,3,3,2,2,1,2,1,1,1,3,5,3
de59b36d358373,泸201H5,1,14,泸201H5,4,1,低幅波动型,2,3,1,2,4,2,3,3,3,3,2,2,1,3,1,1,2,1,5,2
de68023660c755,阳101H26,,,阳101H26,4,3,迟缓响应持续上升型,1,2,4,5,1,1,1,1,1,1,1,1,2,1,6,2,3,2,1,4
de6b4259437633,阳101H2,,,阳101H2,6,1,低幅波动型,2,1,1,2,2,2,3,3,3,3,2,3,3,2,4,1,1,3,4,1
de8f4125663c62,阳101H32,4,15,阳101H32,6,3,迟缓响应持续上升型,1,2,4,5,1,1,1,1,1,1,1,1,2,5,2,2,3,4,2,6
de94c44da38c29,泸203H76,2,10,泸203H76,1,2,早期上升趋缓型,1,2,2,3,5,1,1,4,5,5,1,1,2,1,6,2,3,2,1,4
deb2172603c15a,泸203H76,3,12,泸203H76,1,3,迟缓响应持续上升型,1,2,4,5,1,1,1,1,1,1,1,1,2,1,6,2,3,4,2,5
dec9db98e40123,阳101H35,1,19,阳101H35,3,3,迟缓响应持续上升型,1,1,4,5,1,1,1,1,1,1,1,1,2,5,2,2,3,4,2,6
deca62c28deed8,阳101H35,1,10,阳101H35,4,3,迟缓响应持续上升型,1,1,4,5,1,1,1,1,1,1,1,1,2,5,2,2,3,4,2,6
dee49b0f887591,泸203H64,3,14,泸203H64,4,3,迟缓响应持续上升型,1,2,4,1,6,1,1,1,1,1,1,1,2,5,2,2,3,4,2,5
deea7a8dfb4e3f,泸203H64,5,3,泸203H64,4,1,低幅波动型,2,1,1,2,2,2,3,3,3,3,2,3,3,2,4,1,1,3,4,1
df1e28037a1368,泸203H66,,,泸203H66,sensor:压力（MPa）,3,迟缓响应持续上升型,1,2,4,1,6,1,1,1,1,1,1,3,3,5,2,2,3,4,2,6
df4b173223a1e3,泸208H2,7,4,泸208H2,6,2,早期上升趋缓型,1,2,2,3,5,1,1,4,5,5,1,1,2,1,6,2,3,2,1,4
df4c7dec761340,阳101H51,1,15,阳101H51,2,3,迟缓响应持续上升型,1,2,4,5,1,1,1,1,1,1,1,1,2,5,2,2,3,4,2,6
df4fb418fdbac7,阳101H2,6,14,阳101H2,4,2,早期上升趋缓型,1,2,2,3,5,1,1,4,5,5,1,1,2,1,6,2,3,2,1,4
df53a1026cb9a4,阳101H31,3,12,阳101H31,2,2,早期上升趋缓型,1,2,2,3,5,1,1,4,4,4,1,1,2,1,6,2,3,2,1,4
df9cb69254d33f,泸203H64,5,3,泸203H64,2,1,低幅波动型,2,1,1,2,2,2,3,3,3,3,2,3,3,2,4,1,1,3,4,1
dfc1c4920aacea,泸208H1,3,1,泸208H1,4,3,迟缓响应持续上升型,1,2,4,1,6,1,1,4,4,4,1,1,2,1,2,2,3,2,1,5
dfc20ae5cdcce1,阳101H31,2,4,阳101H25,4,1,低幅波动型,2,1,1,2,2,2,3,3,3,3,2,3,3,2,4,1,1,3,4,3
dfc2c2954a0f59,阳101H25,1,25,阳101H25,2,3,迟缓响应持续上升型,1,2,4,5,1,1,1,1,1,1,1,1,2,5,2,2,3,4,2,6
dff2dd8995fd65,阳101H31,3,10,阳101H31,1,3,迟缓响应持续上升型,1,2,4,1,6,1,1,1,1,1,1,1,2,5,2,2,3,4,2,5
e00488e3d5dd07,阳101H35,,,阳101H35,2,2,早期上升趋缓型,1,2,2,3,5,1,1,4,5,5,1,1,2,1,6,2,3,2,1,4
e0103798e26da6,阳101H35,3,22,阳101H35,1,3,迟缓响应持续上升型,1,1,4,5,1,1,1,1,1,1,1,1,2,5,2,2,3,4,2,6
e014a83c274fdf,阳101H2,,,阳101H2,1,3,迟缓响应持续上升型,1,2,4,5,1,1,1,1,1,1,1,1,2,5,2,2,3,4,2,5
e0262811c44fc3,阳101H32,2,11,阳101H32,5,4,降压主导型,2,3,3,4,4,2,2,2,2,2,2,2,1,3,3,1,2,1,3,2
e02e8cde295c52,阳101H35,1,11,阳101H35,2,3,迟缓响应持续上升型,1,2,4,1,6,1,1,4,4,4,1,1,2,1,6,2,3,2,1,5
e0338280e80f0c,阳101H34,2,12,阳101H34,1,3,迟缓响应持续上升型,1,2,4,5,1,1,1,1,1,1,1,1,2,1,6,2,3,2,1,5
e051022ee83a8f,泸206H8,4,8,泸206H8,6,1,低幅波动型,2,1,1,2,2,2,2,2,2,2,2,3,3,2,4,1,1,3,4,3
e063c4e5df4359,阳101H35,2,14,阳101H35,4,3,迟缓响应持续上升型,1,1,4,5,1,1,1,1,1,1,1,1,2,5,2,2,3,4,2,6
e07998355bde7b,阳101H32,4,20,阳101H32,6,2,早期上升趋缓型,1,2,2,3,5,1,1,4,5,5,1,1,2,1,6,2,3,2,1,4
e07e23a3b5fda9,泸203H76,3,17,泸203H76,4,2,早期上升趋缓型,1,2,2,3,5,1,1,1,1,1,1,1,2,1,6,2,3,2,1,4
e08ac40854363e,阳101H26,,,阳101H26,4,4,降压主导型,2,3,3,4,3,2,2,2,2,6,2,3,3,2,1,1,2,1,5,3
e097a32107c2c4,阳101H32,6,13,阳101H32,1,1,低幅波动型,2,1,1,2,4,2,3,3,3,3,2,2,1,3,1,1,2,1,5,3
e09af8bf480178,阳101H31,5,15,阳101H31,6,1,低幅波动型,2,1,1,2,2,2,3,3,3,3,2,3,3,2,4,1,1,3,4,1
e0c47e71a977a8,阳101H75,2,6,阳101H75,4,3,迟缓响应持续上升型,1,1,4,5,1,1,1,1,1,1,1,1,2,1,6,2,3,4,2,6
e0c55c9a421274,泸206H8,3,20,泸206H8,4,1,低幅波动型,2,1,1,2,2,2,3,3,3,3,2,3,3,2,4,1,1,3,4,1
e0ce74184a90df,阳101H35,,,阳101H35,3,3,迟缓响应持续上升型,1,2,4,5,1,1,1,1,1,1,1,1,2,1,6,2,3,2,1,4
e0d2077ac3f06d,泸203H11,5,3,泸203H11,6,3,迟缓响应持续上升型,1,2,4,1,6,1,1,4,4,4,1,1,2,1,6,2,3,2,1,5
e0ec48ff5c308e,阳101H31,5,21,阳101H31,4,2,早期上升趋缓型,1,2,2,3,5,1,1,1,1,1,1,1,2,1,6,2,3,2,1,4
e0fac697f3960a,阳101H26,,,阳101H26,2,1,低幅波动型,2,1,1,2,2,2,3,3,3,3,2,3,3,2,4,1,1,3,4,3
e1007f953320b9,阳101H31,3,1,阳101H31,7,1,低幅波动型,1,1,1,5,2,1,1,1,1,1,1,1,2,5,2,2,3,4,2,1
e1216adc3b101b,泸203H64,5,12,泸203H64,3,3,迟缓响应持续上升型,2,1,4,5,1,2,2,2,2,2,2,3,3,2,4,1,1,4,2,6
e121a6a72610cf,阳101H2,2,15,阳101H2,5,1,低幅波动型,2,1,1,2,4,2,3,3,3,3,2,3,3,2,1,1,1,3,5,3
e13f6c8b8bfe3c,阳101H31,7,25,阳101H31,6,2,早期上升趋缓型,1,2,2,3,5,1,1,4,5,5,1,1,2,1,6,2,3,2,1,4
e15b5bdcd0d80a,泸203H66,2,18,泸203H66,sensor:No02,3,迟缓响应持续上升型,1,2,4,5,1,1,1,1,1,1,1,1,2,1,6,2,3,2,1,5
e1678c4cbe4b7d,泸203H64,4,6,泸203H64,2,1,低幅波动型,2,1,1,2,2,2,3,3,3,3,2,3,3,2,4,1,1,3,4,3
e16d8e2f22e191,泸203H64,5,3,泸203H64,1,4,降压主导型,2,3,3,4,3,2,2,2,2,6,2,2,1,3,3,1,2,1,3,2
e174b903c658b3,阳101H2,6,18,阳101H2,4,2,早期上升趋缓型,1,2,2,3,5,1,1,4,5,5,1,1,2,1,6,2,3,2,1,4
e17f8ad8345b73,阳101H31,3,12,阳101H31,6,1,低幅波动型,2,1,1,2,2,2,3,3,3,3,1,3,3,2,4,1,1,3,4,1
e1926f4c58fbe9,泸208H2,8,4,泸208H2,9,3,迟缓响应持续上升型,1,2,4,1,6,1,1,4,4,4,1,1,2,5,2,2,3,2,1,5
e193d504e9e6d1,泸201H5,1,16,泸201H5,3,1,低幅波动型,2,1,1,2,2,2,3,3,3,3,2,3,3,2,4,1,1,3,4,1
e19843043833c3,阳101H35,,,阳101H35,3,1,低幅波动型,2,1,1,5,1,1,1,1,1,1,1,1,2,5,2,2,3,4,2,6
e198987e6732cd,泸208H2,3,24,泸208H2,4,2,早期上升趋缓型,1,2,2,3,5,1,1,4,5,5,1,1,2,1,6,2,3,2,1,4
e1a0def468f4dd,泸206H10,4,10,泸206H10,3,3,迟缓响应持续上升型,1,2,4,5,1,1,1,1,1,1,1,1,2,5,2,2,3,4,2,6
e1f93ca2b94a6d,阳101H35,2,4,阳101H35,1,3,迟缓响应持续上升型,1,2,4,1,6,1,1,4,4,4,1,1,2,5,2,2,3,4,2,5
e202485d4b57af,阳101H2,4,22,阳101H2,6,3,迟缓响应持续上升型,1,2,4,1,6,1,1,4,4,4,1,1,2,1,6,2,3,2,1,5
e20262951cfa1d,阳101H32,2,8,阳101H32,5,4,降压主导型,2,3,3,4,4,2,2,2,2,2,2,2,1,3,3,1,2,1,3,2
e211c1a9417188,阳101H2,,,阳101H2,4,3,迟缓响应持续上升型,1,2,4,5,1,1,1,1,1,1,1,1,2,1,6,2,3,2,1,4
e21ae7fd4c19d1,阳101H32,4,15,阳101H32,5,1,低幅波动型,2,1,1,2,2,2,3,3,3,3,1,3,3,2,4,1,1,3,4,1
e233dcb75df5f8,泸203H9,4,5,泸203H9,3,2,早期上升趋缓型,1,2,2,1,6,1,1,4,4,4,1,1,2,1,6,2,3,2,1,4
e24180619d6f9e,阳101H32,6,12,阳101H32,2,4,降压主导型,2,3,3,4,4,2,2,2,2,2,2,2,1,3,3,1,2,1,3,2
e2436d50ce7457,泸203H64,5,1,泸203H64,2,4,降压主导型,2,3,3,4,4,2,2,2,2,2,2,2,1,3,3,1,2,1,3,2
e24a10f33cad45,阳101H2,2,8,阳101H2,4,3,迟缓响应持续上升型,1,2,4,5,1,1,1,1,1,1,1,1,2,1,6,2,3,2,1,5
e25773a930fd7e,泸206H8,3,19,泸206H8,2,2,早期上升趋缓型,1,2,2,3,5,1,1,1,1,1,1,1,2,1,6,2,3,2,1,4
e279c275ab2589,泸208H2,5,15,泸208H2,3,2,早期上升趋缓型,1,2,2,3,5,1,1,4,5,5,1,1,2,1,6,2,3,2,1,4
e2c4aede486031,阳101H51,2,8,阳101H51,1,3,迟缓响应持续上升型,1,2,4,1,6,1,1,1,1,1,1,1,2,1,6,2,3,2,1,5
e2d5d80b18d0f1,泸208H1,2,11,泸208H2,5,3,迟缓响应持续上升型,1,2,4,1,6,1,1,4,4,4,1,1,2,5,2,2,3,4,2,5
e2de8369f1492d,阳101H35,1,18,阳101H35,4,1,低幅波动型,2,1,1,2,2,2,3,3,3,3,2,3,3,2,4,1,1,3,4,1
e2ec2b36e3d4de,阳101H32,2,6,阳101H32,6,3,迟缓响应持续上升型,1,2,4,5,1,1,1,1,1,1,1,1,2,5,2,2,3,4,2,5
e2f6c83c7d69fa,阳101H34,4,6,阳101H34,3,3,迟缓响应持续上升型,1,2,4,5,1,1,1,1,1,1,1,1,2,1,6,2,3,2,1,5
e301dde0d98096,阳101H26,,,阳101H26,2,4,降压主导型,2,3,3,4,4,2,2,2,2,2,2,2,1,3,1,1,2,1,3,2
e31626dabb24cc,阳101H32,2,15,阳101H32,4,2,早期上升趋缓型,1,2,2,3,5,1,1,4,5,5,1,1,2,1,6,2,3,2,1,4
e31a4d18de551c,泸203H91,,,泸203H91,3,3,迟缓响应持续上升型,1,2,4,1,6,1,1,4,4,4,1,1,2,5,2,2,3,4,2,5
e32236c573352b,阳101H2,5,16,阳101H2,1,1,低幅波动型,2,1,1,2,2,1,1,1,1,1,1,1,2,1,6,2,3,2,4,1
e32d6c3e6f8320,泸208H2,9,16,泸208H2,8,3,迟缓响应持续上升型,1,2,4,5,1,1,1,1,1,1,1,1,2,5,2,2,3,2,1,5
e3301b38d706e1,阳101H35,1,11,阳101H35,4,3,迟缓响应持续上升型,1,1,4,5,1,1,1,1,1,1,1,1,2,1,6,2,3,2,1,6
e34b2d17237858,泸203H8,2,6,泸203H8,1,3,迟缓响应持续上升型,1,2,4,1,6,1,1,4,4,4,1,1,2,5,2,2,3,4,2,5
e35066f278bee8,泸208H1,5,7,泸208H1,6,3,迟缓响应持续上升型,1,2,4,1,6,1,1,4,4,4,1,1,2,5,2,2,3,4,2,5
e364739cd2fd79,阳101H35,1,16,阳101H35,4,1,低幅波动型,2,1,1,2,2,2,3,3,3,3,2,3,3,2,4,1,1,3,4,1
e397889defeb39,泸206H8,4,3,泸206H8,5,1,低幅波动型,2,1,1,2,2,2,3,3,3,3,2,3,3,2,4,1,1,3,4,1
e3a322637cb307,阳101H26,,,阳101H26,1,1,低幅波动型,2,1,1,2,2,2,3,3,3,3,2,3,3,2,4,1,1,3,4,3
e3bb977233d291,阳101H34,2,18,阳101H34,3,2,早期上升趋缓型,1,2,2,3,5,1,1,4,5,5,1,1,2,1,6,2,3,2,1,4
e3de786591bec0,泸203H66,2,18,泸203H66,3,2,早期上升趋缓型,1,2,2,1,6,1,1,4,4,4,1,1,2,1,6,2,3,2,1,5
e3e6d42c08b3f3,泸208H1,5,5,泸208H1,6,3,迟缓响应持续上升型,1,2,4,1,6,1,1,4,4,4,1,1,2,5,2,2,3,4,2,5
e416b8238213dc,泸208H2,7,16,泸208H2,8,3,迟缓响应持续上升型,1,2,4,1,6,1,1,1,1,1,1,1,2,5,2,2,3,4,1,5
e4184ac0135203,阳101H35,3,18,阳101H35,sensor:压力,4,降压主导型,2,3,3,4,3,2,2,2,2,6,2,3,3,2,1,1,2,1,5,3
e4224a083fb6b2,阳101H35,1,8,阳101H35,3,4,降压主导型,2,3,3,4,3,2,2,2,2,6,2,2,1,3,3,1,2,1,3,2
e44bee5e36a7a2,阳101H35,,,阳101H35,2,1,低幅波动型,2,1,1,2,2,2,3,3,3,3,2,3,3,2,1,1,1,3,5,3
e45bfa28e09f60,阳101H32,4,15,阳101H32,3,1,低幅波动型,2,1,1,2,2,2,3,3,3,3,2,3,3,2,4,1,1,3,4,1
e46777ebfeefd9,阳101H31,1,3,阳101H31,2,3,迟缓响应持续上升型,1,2,4,1,6,1,1,4,4,4,1,1,2,1,6,2,3,2,1,5
e4c31e42a4cf4e,阳101H2,2,8,阳101H2,6,2,早期上升趋缓型,1,2,2,3,5,1,1,1,1,1,1,1,2,5,2,2,3,4,2,6
e50baa8113e83c,泸201H5,4,8,泸201H5,2,1,低幅波动型,2,3,1,2,4,2,3,3,3,3,2,2,1,3,1,1,2,1,5,2
e50e740a1b9890,泸203H76,2,7,泸203H76,1,2,早期上升趋缓型,1,2,2,3,5,1,1,4,5,5,1,1,2,1,6,2,3,2,1,4
e528f059099a5f,泸208H2,5,13,泸208H2,4,3,迟缓响应持续上升型,1,2,4,1,6,1,1,4,4,4,1,1,2,5,2,2,3,4,2,5
e542e176a8946e,泸206H10,4,14,泸206H10,2,4,降压主导型,2,3,3,4,4,2,2,2,2,2,2,2,1,3,3,1,2,1,3,2
e548676e1b66a5,阳101H51,1,18,阳101H51,2,3,迟缓响应持续上升型,1,2,4,5,1,1,1,1,1,1,1,1,2,5,2,2,3,4,2,6
e54a16a26fd30c,泸203H64,2,1,泸203H64,3,4,降压主导型,2,3,3,4,3,2,2,2,2,2,2,2,1,3,3,1,2,1,3,2
e58077d9379656,泸203H9,3,3,泸203H9,2,3,迟缓响应持续上升型,1,2,4,1,6,1,1,4,4,4,1,1,2,1,6,2,3,2,1,5
e5b1b5eaf2efea,泸203H76,2,17,泸203H76,4,1,低幅波动型,2,1,1,5,1,2,2,2,2,2,1,3,3,5,4,2,1,4,2,6
e5c4992b491132,泸206H10,3,3,泸206H10,2,3,迟缓响应持续上升型,1,2,4,1,6,1,1,1,1,1,1,1,2,1,6,2,3,2,1,5
e5e1bc42fb7f6e,泸201H5,2,16,泸201H5,3,1,低幅波动型,2,1,1,2,2,2,3,3,3,3,2,3,3,2,1,1,1,3,5,3
e5f9fb24220223,泸208H2,6,12,泸208H2,7,3,迟缓响应持续上升型,1,2,4,1,6,1,1,4,4,4,1,1,2,5,2,2,3,4,2,5
e60133e8aa6ecd,阳101H35,1,22,阳101H35,2,3,迟缓响应持续上升型,1,2,4,1,6,1,1,4,4,4,1,1,2,5,2,2,3,4,2,5
e63011ccd07851,阳101H51,3,10,阳101H51,1,3,迟缓响应持续上升型,1,1,4,5,1,1,1,1,1,1,1,1,2,5,2,2,3,4,2,6
e6325ae05824cd,阳101H32,4,2,阳101H32,1,1,低幅波动型,2,1,1,2,2,2,3,3,3,3,2,3,3,2,1,1,1,3,5,3
e663b740be638f,泸203H64,5,15,泸203H64,2,4,降压主导型,2,3,3,4,4,2,2,2,2,2,2,2,1,3,3,1,2,1,3,2
e66d6ab12f5335,泸206H10,2,10,泸206H10,5,1,低幅波动型,2,1,1,2,2,2,3,3,3,3,2,3,3,2,4,1,1,3,4,1
e676c28bdce962,阳101H31,3,5,阳101H31,6,1,低幅波动型,2,1,1,2,2,2,3,3,3,3,1,3,3,2,4,1,1,3,4,1
e67aec16e188ae,阳101H34,3,19,阳101H34,4,3,迟缓响应持续上升型,1,2,4,5,1,1,1,1,1,1,1,1,2,5,2,2,3,4,2,6
e7036b8462e81f,阳101H2,2,22,阳101H2,6,1,低幅波动型,2,1,1,2,2,2,3,3,3,3,2,3,3,2,4,1,1,3,4,1
e718e0650b14c1,泸203H64,4,14,泸203H64,2,4,降压主导型,2,3,3,4,4,2,2,2,2,2,2,2,1,3,3,1,2,1,3,2
e7275235201579,阳101H35,1,17,阳101H35,2,3,迟缓响应持续上升型,1,2,4,5,1,1,1,1,1,1,1,1,2,5,2,2,3,4,2,6
e73515f8bd3490,阳101H51,5,6,阳101H51,4,3,迟缓响应持续上升型,1,1,4,5,1,1,1,1,1,1,1,1,2,5,2,2,3,4,2,6
e7519af7855373,阳101H26,,,阳101H26,3,1,低幅波动型,2,1,1,2,2,2,3,3,3,3,2,3,3,2,1,1,1,3,5,3
e75ab818844bac,泸208H1,5,2,泸208H1,6,2,早期上升趋缓型,1,2,2,3,5,1,1,4,4,4,1,1,2,1,6,2,3,2,1,4
e7774a9a7b4121,泸203H64,5,10,泸203H64,4,4,降压主导型,2,3,3,4,4,2,2,2,2,2,2,2,1,3,3,1,2,1,3,2
e77e5d48197ea1,泸201H5,3,23,泸201H5,1,4,降压主导型,2,3,3,4,4,2,2,2,2,2,2,2,3,2,1,1,2,1,5,3
e787d11a44ec38,阳101H51,4,8,阳101H51,5,3,迟缓响应持续上升型,1,1,4,5,1,1,1,1,1,1,1,1,2,5,2,2,3,4,2,6
e7a57352ff31bf,阳101H43,,,阳101H43,2,3,迟缓响应持续上升型,1,2,4,1,6,1,1,1,1,1,1,1,2,5,2,2,3,4,1,5
e7a6c489857646,泸206H8,5,14,泸206H8,7,4,降压主导型,2,3,3,4,3,2,2,2,2,6,2,3,3,2,4,1,1,3,4,1
e7ce07462c818c,泸203H64,4,9,泸203H64,2,3,迟缓响应持续上升型,1,1,4,5,1,1,1,1,1,1,1,1,2,1,6,2,3,4,2,6
e7d763fcba7d48,泸208H2,7,21,泸208H2,6,3,迟缓响应持续上升型,1,2,4,3,5,1,1,1,1,1,1,1,2,1,6,2,3,2,1,4
e7e7370b93437b,泸206H8,3,20,泸206H8,6,4,降压主导型,2,3,3,4,4,2,2,2,2,6,2,3,3,2,4,1,1,3,4,1
e7ebf0a59aaf0b,阳101H51,3,14,阳101H51,6,3,迟缓响应持续上升型,1,2,4,5,1,1,1,1,1,1,1,1,2,5,2,2,3,4,2,5
e7fb723bbab626,泸208H2,10,14,泸208H2,9,3,迟缓响应持续上升型,1,2,4,5,1,1,1,1,1,1,1,1,2,5,2,2,3,4,2,6
e7ffa7e346492d,阳101H34,3,17,阳101H34,4,3,迟缓响应持续上升型,1,2,4,5,1,1,1,1,1,1,1,1,2,5,2,2,3,4,2,5
e8065975064c1e,阳101H51,6,3,阳101H51,5,2,早期上升趋缓型,1,2,2,3,5,1,1,4,5,5,1,1,2,1,6,2,3,2,1,4
e81b4d93b50a70,阳101H32,6,12,阳101H32,3,1,低幅波动型,2,1,1,2,2,2,3,3,3,3,2,3,3,2,1,1,1,3,5,3
e821725f201d4a,阳101H26,,,阳101H26,4,1,低幅波动型,2,1,1,2,2,2,3,3,3,3,1,3,3,2,4,1,1,3,4,1
e8420024e4f097,阳101H32,2,9,阳101H32,4,3,迟缓响应持续上升型,1,2,4,1,6,1,1,4,4,4,1,1,2,1,6,2,3,2,1,5
e85af12f0cdee3,阳101H2,2,21,阳101H2,5,1,低幅波动型,2,1,1,2,2,2,3,3,3,3,2,3,3,2,4,1,1,3,4,3
e85fb3d19543ef,泸208H1,5,16,泸208H1,4,2,早期上升趋缓型,1,2,2,3,5,1,1,4,5,5,1,1,2,1,6,2,3,2,1,4
e87f608cb24ce5,阳101H26,,,阳101H26,2,1,低幅波动型,2,3,1,2,4,2,2,2,2,2,2,2,1,3,1,1,2,1,5,2
e88284fd2130c6,阳101H2,,,阳101H2,4,1,低幅波动型,2,1,1,2,2,2,3,3,3,3,2,3,3,2,4,1,1,3,4,3
e891344704b774,阳101H31,,,阳101H31,1,2,早期上升趋缓型,1,2,2,3,5,1,1,4,5,5,1,1,2,1,6,2,3,2,1,4
e899fd8031aefa,阳101H35,3,15,阳101H35,2,3,迟缓响应持续上升型,1,2,4,5,1,1,1,1,1,1,1,1,2,1,6,2,3,2,1,5
e8a80c801035f7,阳101H34,3,22,阳101H34,4,3,迟缓响应持续上升型,1,2,4,1,1,1,1,1,1,1,1,1,2,5,2,2,3,4,2,5
e8c7c0d80b4840,阳101H31,,,阳101H31,1,2,早期上升趋缓型,1,2,2,3,5,1,1,4,5,5,1,1,2,1,6,2,3,2,1,4
e8dfe5ec3d2532,泸208H1,4,4,泸208H1,3,3,迟缓响应持续上升型,1,2,4,1,6,1,1,4,4,4,1,1,2,5,2,2,3,4,2,6
e903bea8adc8ed,泸206H8,3,20,泸206H8,7,1,低幅波动型,2,1,1,2,2,2,3,3,3,3,2,3,3,2,4,1,1,3,4,1
e90648dfabd454,泸201H5,2,19,泸201H5,3,1,低幅波动型,2,1,1,2,2,2,3,3,3,3,2,3,3,2,4,1,1,3,4,3
e91577d190b0b6,阳101H32,4,6,阳101H32,3,1,低幅波动型,2,1,1,2,2,2,3,3,3,3,2,3,3,2,4,1,1,3,4,1
e92d5394de6e43,泸201H5,4,7,泸201H5,1,1,低幅波动型,2,1,1,2,2,2,3,3,3,3,1,3,3,5,2,2,1,4,4,1
e95477e4fa7aaa,阳101H31,3,3,阳101H31,4,4,降压主导型,2,3,3,4,4,2,2,2,2,2,2,2,1,3,3,1,2,1,3,2
e95ffb10be0af2,阳101H31,2,2,阳101H31,3,3,迟缓响应持续上升型,1,2,4,1,6,1,1,1,1,1,1,1,2,5,2,2,3,2,1,5
e9750de642f4ac,阳101H35,1,13,阳101H35,2,4,降压主导型,2,3,3,4,3,2,2,2,2,6,2,2,1,3,3,1,2,1,3,2
e979bada28d824,阳101H31,,,阳101H31,1,2,早期上升趋缓型,1,2,2,3,5,1,1,4,5,5,1,1,2,1,6,2,3,2,1,4
e997092657107b,阳101H75,6,6,阳101H75,4,3,迟缓响应持续上升型,1,2,4,1,1,1,1,1,1,1,1,1,2,5,2,2,3,4,2,5
e9b262ae78f408,泸201H5,2,12,泸201H5,4,1,低幅波动型,2,1,1,2,2,2,3,3,3,3,2,3,3,2,4,1,1,3,5,3
e9e203f1f5d1f9,泸206H8,5,5,泸206H8,8,2,早期上升趋缓型,1,2,2,3,5,1,1,4,5,5,1,1,2,5,4,2,3,2,1,4
e9eead629dfa17,阳101H2,4,19,阳101H2,1,3,迟缓响应持续上升型,1,2,4,5,1,1,1,1,1,1,1,1,2,5,2,2,3,4,2,6
e9f40775c911dc,泸201H5,3,17,泸201H5,2,1,低幅波动型,2,3,1,2,4,2,3,3,3,3,2,2,1,3,1,1,2,1,5,2
ea2941495934be,泸208H2,6,6,泸208H2,7,2,早期上升趋缓型,1,2,2,3,5,1,1,4,5,5,1,1,2,1,6,2,3,2,1,4
ea4a03b0e11cfd,泸208H2,5,7,泸208H2,4,2,早期上升趋缓型,1,2,2,3,5,1,1,1,1,1,1,1,2,1,6,2,3,2,1,4
ea4f6ba2c421aa,阳101H51,4,4,阳101H51,2,3,迟缓响应持续上升型,1,1,4,5,1,1,1,1,1,1,1,1,2,5,2,2,3,4,2,6
ea57d21f91379e,阳101H31,1,6,阳101H31,2,4,降压主导型,2,3,3,4,3,2,2,2,2,6,1,1,2,1,6,2,3,2,1,4
eac641673b3757,阳101H31,1,6,阳101H31,3,2,早期上升趋缓型,1,2,2,3,5,1,1,4,5,5,1,1,2,1,6,2,3,2,1,4
eac7e53c39fed0,阳101H31,4,19,阳101H31,6,3,迟缓响应持续上升型,1,2,4,1,6,1,1,4,4,4,1,1,2,5,2,2,3,2,1,5
ead66c8db4ffb5,阳101H26,,,阳101H26,3,1,低幅波动型,2,1,1,2,2,2,3,3,3,3,2,3,3,2,4,1,1,3,4,1
eae5e5f6345dcb,阳101H32,6,19,阳101H32,1,1,低幅波动型,2,1,1,2,2,2,3,3,3,3,2,3,3,2,4,1,1,3,5,3
eaeaf166a173f8,泸203H6,1,8,泸203H6,2,3,迟缓响应持续上升型,1,2,4,5,1,1,1,1,1,1,1,1,2,5,2,2,3,4,2,6
eb0f704fe5b8c4,阳101H31,5,23,阳101H31,4,2,早期上升趋缓型,1,2,2,3,5,1,1,4,5,5,1,1,2,1,6,2,3,2,1,4
eb10e1f3d0f3f4,泸201H5,1,20,泸201H5,4,1,低幅波动型,2,1,1,2,2,2,3,3,3,3,2,3,3,2,4,1,1,3,4,3
eb35ad148b1cbc,泸203H76,3,19,泸203H76,2,3,迟缓响应持续上升型,1,2,4,5,1,1,1,1,1,1,1,1,2,1,6,2,3,2,1,5
eb423716633442,泸206H8,5,7,泸206H8,7,2,早期上升趋缓型,1,1,2,3,5,1,1,1,1,1,1,1,2,1,6,2,3,2,1,4
eb5316eeed6167,泸208H2,7,22,泸208H2,6,3,迟缓响应持续上升型,1,2,4,1,6,1,1,1,1,1,1,1,2,5,2,2,3,4,2,5
eb57305884c26c,泸203H76,4,7,泸203H76,2,4,降压主导型,2,3,3,4,4,2,2,2,2,2,2,2,1,3,3,1,2,1,3,2
eb666d28d5d459,阳101H32,4,16,阳101H32,6,2,早期上升趋缓型,1,2,2,3,5,1,1,4,5,5,1,1,2,1,6,2,3,2,1,4
eb9fe709c73857,泸203H76,1,9,泸203H76,2,2,早期上升趋缓型,1,2,2,3,5,1,1,1,1,1,1,1,2,1,6,2,3,2,1,4
ebb3abd8cec58f,阳101H26,,,阳101H26,2,1,低幅波动型,2,1,1,2,2,2,3,3,3,3,2,3,3,2,4,1,1,3,4,1
ebb6aba83279ca,阳101H32,4,2,阳101H32,2,4,降压主导型,2,3,3,4,4,2,2,2,2,2,2,2,1,3,3,1,2,1,3,2
ebc43cef152b69,阳101H2,2,16,阳101H2,4,1,低幅波动型,2,1,1,2,2,2,3,3,3,3,1,1,2,5,2,2,1,4,2,1
ebdebf955d44dc,泸201H5,2,11,泸201H5,1,1,低幅波动型,2,1,1,2,4,2,3,3,3,3,2,3,3,2,1,1,1,3,5,3
ebfa5d91a9a844,阳101H51,3,7,阳101H51,1,3,迟缓响应持续上升型,1,2,4,5,1,1,1,1,1,1,1,1,2,5,2,2,3,4,2,6
ec0f0f220462ad,泸208H2,7,14,泸208H2,8,3,迟缓响应持续上升型,1,2,4,5,1,1,1,1,1,1,1,1,2,5,2,2,3,4,2,6
ec109f2daf627e,泸206H8,4,3,泸206H8,2,1,低幅波动型,2,1,1,2,4,2,3,3,3,3,2,2,1,3,1,1,2,1,5,2
ec1699b7e0dc2d,泸206H8,4,2,泸206H8,7,2,早期上升趋缓型,1,1,2,3,5,1,1,1,1,1,1,3,3,2,4,1,1,3,4,1
ec1c16d622675e,泸203H76,3,7,泸203H76,1,3,迟缓响应持续上升型,1,2,4,5,1,1,1,1,1,1,1,1,2,1,6,2,3,2,1,5
ec5a29ba44c39b,泸208H1,2,16,泸208H1,1,3,迟缓响应持续上升型,1,2,4,1,6,1,1,1,1,1,1,1,2,5,2,2,3,4,1,5
eca257b63b5aeb,阳101H34,2,1,阳101H34,3,3,迟缓响应持续上升型,1,2,4,1,6,1,1,4,4,4,1,1,2,1,6,2,3,2,1,5
ecb00615dfa05a,阳101H32,2,22,阳101H32,5,4,降压主导型,2,3,3,4,4,2,2,2,2,2,2,2,1,3,3,1,2,1,3,2
ecb32162ad57a1,阳101H26,,,阳101H26,1,1,低幅波动型,2,1,1,2,2,2,3,3,3,3,2,3,3,2,4,1,1,3,4,3
ecbbacbd773661,泸201H5,4,27,泸201H5,2,1,低幅波动型,2,1,1,2,2,2,3,3,3,3,2,3,3,2,4,1,1,3,4,1
ecc4a386be407e,泸203H64,2,5,泸203H64,1,1,低幅波动型,2,3,1,2,4,2,3,3,3,3,2,2,1,3,1,1,2,1,5,2
ecc7cd1b303b7a,阳101H26,,,阳101H26,4,3,迟缓响应持续上升型,1,1,4,5,1,1,1,1,1,1,1,1,2,5,2,2,3,4,2,6
eccb5b1030e9c7,泸208H2,6,7,泸208H2,7,2,早期上升趋缓型,1,2,2,3,5,1,1,1,1,1,1,1,2,1,6,2,3,2,1,4
ecd27c3cce9323,泸203H9,4,5,泸203H9,2,1,低幅波动型,2,1,1,2,2,2,3,3,3,3,2,3,3,2,4,1,1,3,4,3
ecf22eb615c33d,阳101H32,5,8,阳101H32,6,4,降压主导型,2,3,3,4,4,2,2,2,2,2,2,2,1,3,3,1,2,1,3,2
ed33c4d539f456,泸203H76,4,13,泸203H76,1,3,迟缓响应持续上升型,1,1,4,5,1,1,1,1,1,1,1,1,2,1,6,2,3,2,1,5
ed60335907066c,泸203H64,5,3,泸203H64,3,3,迟缓响应持续上升型,1,1,4,5,1,1,1,1,1,1,1,1,2,5,2,2,3,4,2,6
ed6d8d65e5b9b2,泸201H5,3,2,泸201H5,1,1,低幅波动型,2,1,1,2,2,2,3,3,3,3,2,3,3,2,4,1,1,3,4,3
ed84ee6f871d52,阳101H26,,,阳101H26,2,1,低幅波动型,2,1,1,2,2,2,3,3,3,3,1,3,3,2,4,1,1,3,4,1
eda6e6e41acf2a,泸206H8,5,13,泸206H8,7,1,低幅波动型,2,3,1,2,4,2,3,3,3,3,2,2,1,3,1,1,2,1,5,3
edad87182fdb48,阳101H35,2,13,阳101H35,3,3,迟缓响应持续上升型,1,2,4,5,1,1,1,1,1,1,1,1,2,5,2,2,3,4,2,6
edb53f41eb7a46,泸208H2,8,9,泸208H2,10,3,迟缓响应持续上升型,1,2,4,5,1,1,1,1,1,1,1,1,2,5,2,2,3,4,2,6
edb745d0071826,阳101H31,3,17,阳101H31,7,1,低幅波动型,2,1,1,2,2,2,3,3,3,3,1,1,2,5,2,2,1,4,4,1
edce297d7c4376,阳101H32,2,6,阳101H32,3,1,低幅波动型,2,1,1,2,2,2,3,3,3,3,2,3,3,2,4,1,1,3,4,3
edd52ebc02d9a0,泸206H10,4,14,泸206H10,5,1,低幅波动型,2,1,1,2,2,2,3,3,3,3,2,3,3,2,1,1,1,3,5,3
edea0f781fce26,阳101H34,3,2,阳101H34,2,2,早期上升趋缓型,1,2,2,3,5,1,1,4,5,5,1,1,2,1,6,2,3,2,1,4
ee0436bc620ada,泸208H2,5,4,泸208H2,3,2,早期上升趋缓型,1,2,2,3,5,1,1,1,1,1,1,1,2,1,6,2,3,2,1,4
ee1659aa064cfe,泸201H5,2,14,泸201H5,1,1,低幅波动型,2,1,1,2,4,2,3,3,3,3,2,3,3,2,1,1,1,3,5,3
ee26827952519e,泸203H64,5,14,泸203H64,1,1,低幅波动型,2,1,1,2,2,1,1,1,1,1,1,1,2,1,6,2,3,4,4,1
ee38a852f5c113,阳101H2,,,阳101H2,4,1,低幅波动型,1,1,1,2,2,1,1,1,1,1,1,1,2,1,6,2,3,2,1,4
ee3b2ddb9cc9bd,阳101H32,4,3,阳101H32,2,3,迟缓响应持续上升型,1,1,4,5,1,1,1,1,1,1,1,1,2,5,2,2,3,4,2,6
ee4cf475bf8beb,阳101H31,1,15,阳101H31,3,3,迟缓响应持续上升型,1,2,4,5,1,1,1,1,1,1,1,1,2,5,2,2,3,4,2,5
ee6d67da82b625,泸203H64,5,3,泸203H64,6,3,迟缓响应持续上升型,1,2,4,5,1,1,1,1,1,1,1,1,2,5,2,2,3,4,2,6
ee7f5a3926413d,泸201H5,3,17,泸201H5,1,1,低幅波动型,2,3,1,2,4,2,3,3,3,3,2,2,1,3,1,1,2,1,5,3
ee7ff5ba9dfad7,泸203H66,3,9,泸203H66,4,1,低幅波动型,2,1,1,2,2,2,3,3,3,3,2,3,3,2,4,1,1,3,4,1
ee962657ea853d,泸206H8,,,泸206H8,5,3,迟缓响应持续上升型,1,1,4,5,1,1,1,1,1,1,1,1,2,1,6,2,3,2,1,5
eea6a98770e757,泸203H76,1,18,泸203H76,3,4,降压主导型,2,3,3,4,4,2,2,2,2,2,2,2,1,3,3,1,2,1,3,2
eec159d3ab33fb,阳101H51,1,10,阳101H51,2,2,早期上升趋缓型,1,2,2,5,1,1,1,1,1,1,1,1,2,1,6,2,3,2,1,4
eed3c0dd3a2b6c,阳101H26,,,阳101H26,2,1,低幅波动型,2,1,1,2,2,2,3,3,3,3,2,3,3,2,4,1,1,3,4,1
eedaf153684a9f,泸201H5,3,6,泸201H5,2,1,低幅波动型,2,1,1,2,2,2,3,3,3,3,2,3,3,2,4,1,1,3,4,1
eede434a3d949c,阳101H2,,,阳101H2,3,1,低幅波动型,2,1,1,2,2,2,3,3,3,3,2,3,3,2,4,1,1,3,4,3
eef4b6adda0551,阳101H2,,,阳101H2,2,3,迟缓响应持续上升型,1,2,4,5,1,1,1,1,1,1,1,1,2,5,2,2,3,4,2,6
ef10e5b4247a1e,泸201H5,2,2,泸201H5,4,1,低幅波动型,1,1,1,5,1,1,1,1,1,1,1,1,2,1,6,2,3,2,1,6
ef1e851dadb317,泸208H2,6,5,泸208H2,7,2,早期上升趋缓型,1,2,2,3,5,1,1,4,5,5,1,1,2,1,6,2,3,2,1,4
ef2dd2dc00fc2e,泸203H91,3,5,泸203H91,2,3,迟缓响应持续上升型,1,2,4,1,6,1,1,4,4,4,1,1,2,1,2,2,3,2,1,5
ef5668972bbcb8,阳101H51,4,8,阳101H51,6,3,迟缓响应持续上升型,1,2,4,5,1,1,1,1,1,1,1,1,2,1,2,2,3,4,2,6
ef6c1fe273173a,阳101H31,1,2,阳101H31,3,3,迟缓响应持续上升型,1,1,4,5,1,1,1,1,1,1,1,1,2,5,2,2,3,4,2,6
ef9603bcf9a1e2,泸201H5,4,17,泸201H5,3,3,迟缓响应持续上升型,1,2,4,5,1,1,1,1,1,1,1,1,2,5,2,2,3,4,2,5
efa4c7130d0812,阳101H2,2,21,阳101H2,6,3,迟缓响应持续上升型,1,2,4,5,1,1,1,1,1,1,1,1,2,1,6,2,3,2,1,5
efc16ba1c04311,阳101H31,4,23,阳101H31,5,1,低幅波动型,2,1,1,2,4,2,2,2,2,2,2,3,3,2,4,1,1,3,4,1
efc248ca46e0c3,泸201H5,4,7,泸201H5,2,1,低幅波动型,2,1,1,2,2,1,1,1,1,1,1,1,2,1,6,2,3,2,1,1
f010eeb76e772f,阳101H2,,,阳101H2,2,4,降压主导型,2,3,3,4,4,2,2,2,2,2,2,2,1,3,3,1,2,1,3,2
f03762b6e9ac79,泸201H5,1,16,泸201H5,2,1,低幅波动型,2,1,1,2,4,2,3,3,3,3,2,2,1,3,1,1,1,3,5,3
f0438db9565082,泸203H76,2,10,泸203H76,4,3,迟缓响应持续上升型,1,2,4,5,1,1,1,1,1,1,1,1,2,5,2,2,3,4,2,6
f04cc414d5f606,泸208H2,9,11,泸208H2,8,2,早期上升趋缓型,1,2,2,1,6,1,1,4,4,4,1,1,2,1,6,2,3,2,1,5
f06baa284d3ec3,泸206H10,3,11,泸206H10,4,1,低幅波动型,1,1,1,5,1,1,1,1,1,1,1,1,2,5,2,2,3,4,2,6
f0a2723c14a49e,泸203H66,2,22,泸203H66,1,3,迟缓响应持续上升型,1,2,4,1,6,1,1,4,4,4,1,1,2,1,6,2,3,2,1,5
f0bbda337805bd,阳101H32,5,23,阳101H32,1,1,低幅波动型,2,1,1,2,2,2,3,3,3,3,2,3,3,2,4,1,1,3,4,3
f0cbfaae85aedb,阳101H31,,,阳101H31,1,3,迟缓响应持续上升型,1,2,4,3,5,1,1,1,1,1,1,1,2,1,6,2,3,2,1,5
f0e65a28fd3fb0,泸201H5,3,3,泸201H5,2,1,低幅波动型,2,1,1,2,4,2,3,3,3,3,2,3,3,2,1,1,1,3,5,3
f0e98f351d6a56,阳101H2,4,15,阳101H2,3,1,低幅波动型,2,1,1,2,2,2,3,3,3,3,2,3,3,2,4,1,1,3,4,1
f0eaf3b2ed485c,泸208H1,3,3,泸208H1,5,3,迟缓响应持续上升型,1,2,4,1,6,1,1,4,4,4,1,1,2,5,2,2,3,4,2,6
f0f3e6d7b58187,阳101H31,3,13,阳101H31,2,2,早期上升趋缓型,1,2,2,3,6,1,1,4,4,4,1,1,2,1,6,2,3,2,1,4
f10357c9de8e2c,泸203H76,2,9,泸203H76,3,3,迟缓响应持续上升型,1,2,4,5,1,1,1,1,1,1,1,1,2,5,2,2,3,4,2,5
f10cac58a0b3bd,阳101H31,3,13,阳101H31,7,1,低幅波动型,2,1,1,2,2,2,3,3,3,3,1,3,3,5,2,2,1,3,4,1
f10ee23ff03d1b,泸208H2,1,14,泸208H2,2,2,早期上升趋缓型,1,2,2,3,5,1,1,4,5,5,1,1,2,1,6,2,3,2,1,4
f13dad48350e51,阳101H2,2,13,阳101H2,1,3,迟缓响应持续上升型,1,1,4,5,1,1,1,1,1,1,1,1,2,5,2,2,3,4,2,6
f16e8cfb48a023,泸208H2,8,11,泸208H2,9,2,早期上升趋缓型,1,2,2,1,6,1,1,4,4,4,1,1,2,1,6,2,3,2,1,5
f1747a00005ebb,泸203H9,4,6,泸203H9,5,1,低幅波动型,2,1,1,2,2,2,3,3,3,3,1,3,3,5,4,1,1,3,4,1
f1a35d0ab6d9de,泸203H91,3,6,泸203H91,2,2,早期上升趋缓型,1,2,2,1,6,1,1,4,4,4,1,1,2,1,6,2,3,2,1,5
f1c1b2480e33b7,阳101H32,6,12,阳101H32,7,1,低幅波动型,2,1,1,2,2,2,3,3,3,3,2,3,3,2,1,1,1,3,5,3
f1ca3f4e762e9a,阳101H51,1,21,阳101H51,2,3,迟缓响应持续上升型,1,2,4,1,6,1,1,4,4,4,1,1,2,1,6,2,3,2,1,5
f1ca508bc13f01,阳101H51,6,2,阳101H51,5,2,早期上升趋缓型,1,2,2,3,5,1,1,4,5,5,1,1,2,1,6,2,3,2,1,4
f1ed420fedb630,阳101H34,3,7,阳101H34,4,3,迟缓响应持续上升型,1,2,4,5,1,1,1,1,1,1,1,1,2,5,2,2,3,4,1,5
f1ed6b167466f7,阳101H26,,,阳101H26,2,1,低幅波动型,2,1,1,2,2,2,3,3,3,3,2,3,3,2,4,1,1,3,4,1
f20dd1eac8412b,泸201H5,2,21,泸201H5,3,1,低幅波动型,2,1,1,2,2,2,3,3,3,3,2,3,3,2,4,1,1,3,4,1
f24441339ee16a,泸208H2,2,5,泸208H2,1,3,迟缓响应持续上升型,1,1,4,5,1,1,1,1,1,1,1,1,2,5,2,2,3,4,2,6
f247297d1c4f5d,泸208H2,9,14,泸208H2,10,3,迟缓响应持续上升型,1,2,4,1,6,1,1,1,1,1,1,1,2,5,2,2,3,4,2,6
f24e45eab7c733,泸203H64,4,15,泸203H64,5,2,早期上升趋缓型,1,2,2,3,5,1,1,4,5,5,1,1,2,1,6,2,3,2,1,4
f2504e4d9c3903,泸203H64,5,10,泸203H64,1,1,低幅波动型,2,1,1,2,2,2,3,3,3,3,2,3,3,2,4,1,1,3,5,3
f263ef698effe8,泸208H1,4,4,泸208H1,5,3,迟缓响应持续上升型,1,2,4,1,6,1,1,4,4,4,1,1,2,5,2,2,3,4,2,6
f28c8391effe69,阳101H32,4,4,阳101H32,5,4,降压主导型,2,3,3,4,3,2,2,2,2,6,2,3,3,2,4,1,1,3,4,3
f28fec3c609f1e,泸203H64,4,8,泸203H64,2,1,低幅波动型,2,1,1,2,2,2,3,3,3,3,2,3,3,2,1,1,1,3,5,3
f2bde15a77ae51,泸203H66,3,25,泸203H66,1,4,降压主导型,2,3,3,4,4,2,2,2,2,2,2,2,1,3,3,1,2,1,3,2
f2c405c2be56d4,阳101H51,3,14,阳101H51,4,2,早期上升趋缓型,1,2,2,3,5,1,1,4,5,5,1,1,2,1,6,2,3,2,1,4
f2cb9271e24b2e,阳101H2,322,1,阳101H2,1,2,早期上升趋缓型,1,2,2,3,5,1,1,1,1,1,1,1,2,1,6,2,3,2,1,4
f2d095f9d585b4,泸203H64,3,13,泸203H64,2,4,降压主导型,2,3,3,4,3,2,2,2,2,6,2,3,3,2,4,1,1,3,4,3
f2dc11962b70e5,阳101H32,2,11,阳101H32,6,2,早期上升趋缓型,1,2,2,3,5,1,1,4,5,5,1,1,2,1,6,2,3,2,1,4
f2de200e086c17,泸201H5,1,11,泸201H5,3,1,低幅波动型,2,1,1,2,2,2,3,3,3,3,2,3,3,2,4,1,1,3,4,1
f2e7a7e4f86863,泸208H2,2,2,泸208H2,1,3,迟缓响应持续上升型,1,2,4,5,1,1,1,1,1,1,1,1,2,5,2,2,3,4,2,5
f2f4064719f794,阳101H31,3,13,阳101H31,5,3,迟缓响应持续上升型,1,1,4,5,1,1,1,1,1,1,2,3,3,2,4,2,1,4,2,6
f339415f2d589a,泸203H76,1,20,泸203H76,2,2,早期上升趋缓型,1,2,2,3,5,1,1,1,1,1,1,1,2,1,6,2,3,2,1,4
f353a944f0b123,阳101H31,,,阳101H31,1,2,早期上升趋缓型,1,2,2,3,5,2,2,2,2,6,1,3,3,2,4,2,3,4,2,6
f379bcb15fdc62,阳101H2,262,12,阳101H32,8,4,降压主导型,2,3,3,4,4,2,2,2,2,2,2,2,1,3,3,1,2,1,3,2
f37fb1e4a5218b,泸206H8,5,4,泸206H8,4,4,降压主导型,2,3,3,4,4,2,2,2,2,2,2,2,1,3,3,1,2,1,3,2
f386135c6cb3c4,阳101H32,4,22,阳101H32,7,1,低幅波动型,2,1,1,2,2,2,3,3,3,3,2,3,3,2,4,1,1,3,4,3
f39ff3d2ec469f,泸201H5,4,25,泸201H5,3,3,迟缓响应持续上升型,1,2,4,1,6,1,1,4,4,4,1,1,2,1,6,2,3,2,1,5
f3a088f2d38d8b,阳101H31,1,12,阳101H31,3,2,早期上升趋缓型,1,2,2,3,5,1,1,4,4,4,1,1,2,1,6,2,3,2,1,5
f3aa37e4b4b9f5,阳101H2,2,6,阳101H2,4,3,迟缓响应持续上升型,1,2,4,1,6,1,1,1,1,1,1,1,2,5,2,2,3,4,2,5
f3c1e454246160,阳101H51,3,12,阳101H51,2,3,迟缓响应持续上升型,1,2,4,1,6,1,1,1,1,1,1,1,2,1,6,2,3,2,1,5
f3d67bb77f3ccf,阳101H2,4,2,阳101H2,5,2,早期上升趋缓型,1,2,2,3,5,1,1,4,5,5,1,1,2,1,6,2,3,2,1,4
f3e943eaf27755,阳101H31,3,16,阳101H31,5,4,降压主导型,2,3,3,4,4,2,2,2,2,2,2,2,1,3,3,1,2,1,3,2
f3ea9a4b84340a,阳101H2,272,13,阳101H32,8,3,迟缓响应持续上升型,1,2,4,5,1,1,1,1,1,1,1,1,2,5,2,2,3,4,2,6
f3fb4dc9b5d325,阳101H31,4,23,阳101H31,6,1,低幅波动型,2,1,1,5,1,2,2,2,2,2,1,3,3,5,4,2,1,4,2,6
f40294181c8308,阳101H26,,,阳101H26,2,1,低幅波动型,2,1,1,2,2,2,3,3,3,3,2,3,3,2,4,1,1,3,5,3
f409e65abb6edf,阳101H33,1,10,阳101H33,2,3,迟缓响应持续上升型,1,2,4,1,6,1,1,4,4,4,1,1,2,1,6,2,3,2,1,5
f410db2a67fc51,阳101H32,6,12,阳101H32,1,1,低幅波动型,2,1,1,2,2,2,3,3,3,3,2,3,3,2,1,1,1,3,5,3
f412651127aa3e,阳101H31,3,8,阳101H31,1,3,迟缓响应持续上升型,1,2,4,1,6,1,1,4,4,4,1,1,2,1,6,2,3,2,1,5
f4140a25faf382,阳101H2,6,12,阳101H2,4,3,迟缓响应持续上升型,1,1,4,5,1,1,1,1,1,1,1,1,2,1,6,2,3,4,1,6
f41931709899b5,泸203H9,,,泸203H9,4,2,早期上升趋缓型,1,2,2,3,5,1,1,4,5,5,1,1,2,1,6,2,3,2,1,4
f434dbcfdc78db,阳101H32,2,13,阳101H32,3,1,低幅波动型,2,1,1,2,2,2,3,3,3,3,2,3,3,2,4,1,1,3,5,3
f44e6518a619cb,泸208H2,1,4,泸208H2,2,3,迟缓响应持续上升型,1,2,4,1,6,1,1,4,4,4,1,1,2,5,2,2,3,4,1,5
f455033ecd1764,阳101H31,3,6,阳101H31,4,4,降压主导型,2,3,3,4,4,2,2,2,2,2,2,2,1,3,3,1,2,1,3,2
f473598ae74a44,阳101H51,2,6,阳101H51,3,2,早期上升趋缓型,1,2,2,3,5,1,1,4,5,5,1,1,2,1,6,2,3,2,1,4
f4763fc625d4f5,阳101H35,2,8,阳101H35,3,3,迟缓响应持续上升型,1,2,4,1,6,1,1,4,4,4,1,1,2,5,2,2,3,4,2,5
f48f0fac3dadbe,泸206H10,3,4,泸206H10,2,3,迟缓响应持续上升型,1,2,4,5,1,1,1,1,1,1,1,1,2,5,2,2,3,4,2,6
f4a751b3426119,阳101H2,,,阳101H2,5,3,迟缓响应持续上升型,1,2,4,1,6,1,1,4,5,5,1,1,2,5,2,2,3,4,2,6
f4b7eca6190215,阳101H34,3,8,阳101H34,1,3,迟缓响应持续上升型,1,2,4,5,1,1,1,1,1,1,1,1,2,5,2,2,3,4,2,6
f4c83a16544b40,泸203H64,3,8,泸203H64,2,1,低幅波动型,2,1,1,2,4,2,3,3,3,3,2,2,1,3,1,1,1,3,5,3
f4de7433cd4ef0,阳101H2,2,8,阳101H2,5,1,低幅波动型,2,1,1,2,2,2,3,3,3,3,2,3,3,2,4,1,1,3,4,3
f4ece97b24a14b,泸203H64,3,10,泸203H64,4,4,降压主导型,2,3,3,4,4,2,2,2,2,2,2,2,1,3,3,1,2,1,3,2
f5047c57e35a6c,泸203H64,1,16,泸203H64,3,3,迟缓响应持续上升型,1,1,4,5,1,1,1,1,1,1,1,1,2,5,2,2,3,4,2,6
f5256462847a78,泸206H8,4,4,泸206H8,8,1,低幅波动型,2,1,1,2,2,2,3,3,3,3,2,3,3,2,4,1,1,3,4,3
f5381412632314,阳101H31,2,1,阳101H31,1,2,早期上升趋缓型,1,2,2,3,5,1,1,4,5,5,1,1,2,1,6,2,3,2,1,4
f54975080bdee1,泸208H2,1,16,泸208H2,2,2,早期上升趋缓型,1,2,2,3,5,1,1,4,5,5,1,1,2,1,6,2,3,2,1,4
f57a1789799f2d,泸203H64,4,2,泸203H64,1,1,低幅波动型,2,3,1,2,4,2,3,3,3,3,2,2,1,3,1,1,2,1,5,2
f5b1848f53ec94,泸208H2,3,23,泸208H2,4,3,迟缓响应持续上升型,1,2,4,1,6,1,1,4,4,4,1,1,2,5,2,2,3,2,1,5
f5bf1cf61aeee2,阳101H26,,,阳101H26,3,3,迟缓响应持续上升型,1,2,4,5,1,1,1,1,1,1,1,1,2,1,6,2,3,2,1,5
f5bfd14c5d308a,阳101H2,6,15,阳101H2,4,2,早期上升趋缓型,1,2,2,3,5,1,1,4,4,4,1,1,2,1,6,2,3,2,1,4
f5ca501532a9e6,阳101H32,2,16,阳101H26,3,3,迟缓响应持续上升型,1,2,4,5,1,1,1,1,1,1,1,1,2,5,2,2,3,4,2,6
f5fc36263e779e,阳101H35,2,1,阳101H35,3,1,低幅波动型,2,1,1,2,2,2,3,3,3,3,2,3,3,2,1,1,1,3,5,3
f622c632561908,阳101H2,6,20,阳101H2,4,2,早期上升趋缓型,1,2,2,3,5,1,1,4,5,5,1,1,2,1,6,2,3,2,1,4
f62fbe7bc76d9e,阳101H26,,,阳101H26,1,1,低幅波动型,2,1,1,2,2,2,3,3,3,3,2,3,3,2,4,1,1,3,4,1
f63f81a970a38a,阳101H35,3,10,阳101H35,4,1,低幅波动型,1,1,1,5,1,1,1,1,1,1,1,1,2,5,2,2,3,4,2,6
f66e352629fcd2,阳101H32,4,15,阳101H32,7,1,低幅波动型,2,1,1,2,2,2,3,3,3,3,2,3,3,2,4,1,1,3,4,1
f681e7d3bab145,阳101H31,3,12,阳101H31,4,1,低幅波动型,2,1,1,2,2,2,3,3,3,3,2,2,1,2,1,1,1,3,5,3
f691ddf2104b7a,阳101H32,2,7,阳101H32,4,3,迟缓响应持续上升型,1,2,4,1,6,1,1,4,4,4,1,1,2,1,6,2,3,2,1,5
f69b95bb0e816c,泸203H64,1,6,泸203H64,2,1,低幅波动型,2,1,1,2,2,2,3,3,3,3,2,3,3,2,4,1,1,3,4,3
f6a47495ac29df,阳101H2,302,16,阳101H32,7,1,低幅波动型,2,1,1,2,2,2,3,3,3,3,2,3,3,2,4,1,1,3,4,1
f6a4c545c3e5c0,阳101H35,1,7,阳101H35,4,1,低幅波动型,2,1,1,2,2,2,3,3,3,3,2,3,3,2,4,1,1,3,4,3
f75345cdf6f6db,泸203H76,1,13,泸203H76,2,2,早期上升趋缓型,1,2,2,5,1,1,1,1,1,1,1,1,2,1,6,2,3,2,1,4
f7563e95c8874b,阳101H51,,,阳101H51,5,3,迟缓响应持续上升型,1,2,4,5,1,1,1,1,1,1,1,1,2,1,6,2,3,2,1,5
f7653073917785,泸208H1,1,12,泸208H1,2,2,早期上升趋缓型,1,2,2,5,1,1,1,1,1,1,1,1,2,1,6,2,3,2,1,4
f775f2ab371cde,泸208H1,2,8,泸208H1,1,2,早期上升趋缓型,1,2,2,3,5,1,1,4,5,5,1,1,2,1,6,2,3,2,1,4
f785c5bcfe5a6e,阳101H34,3,20,阳101H34,2,3,迟缓响应持续上升型,1,2,4,1,6,1,1,1,1,1,1,1,2,5,2,2,3,4,2,5
f787d4e20907fd,阳101H33,3,4,阳101H33,1,3,迟缓响应持续上升型,1,2,4,5,1,1,1,1,1,1,1,1,2,5,2,2,3,4,2,6
f7a544ad14f5a3,阳101H31,1,5,阳101H31,3,2,早期上升趋缓型,1,2,2,3,5,1,1,4,5,5,1,1,2,1,6,2,3,2,1,4
f7ad8383246fa2,泸201H5,2,23,泸201H5,1,1,低幅波动型,2,1,1,2,2,2,3,3,3,3,2,3,3,2,4,1,1,3,4,1
f7e9a4adf041d6,泸208H1,4,3,泸208H1,3,3,迟缓响应持续上升型,1,2,4,1,6,1,1,4,4,4,1,3,3,5,2,2,3,4,2,6
f7f2d016b2d92f,阳101H2,2,11,阳101H2,3,3,迟缓响应持续上升型,1,2,4,5,1,1,1,1,1,1,1,1,2,5,2,2,3,4,2,6
f7f40e66a1f95a,泸203H64,1,2,泸203H64,4,4,降压主导型,2,3,3,4,4,2,2,2,2,2,2,2,1,3,3,1,2,1,3,2
f83accc5ebbf10,泸201H5,2,18,泸201H5,4,1,低幅波动型,2,1,1,2,2,2,3,3,3,3,2,3,3,2,4,1,1,3,4,3
f83e5130364585,泸203H9,4,5,泸203H9,5,1,低幅波动型,2,1,1,2,2,2,3,3,3,3,2,3,3,2,4,1,1,3,4,1
f84a431bdf40d0,阳101H31,7,24,阳101H31,4,3,迟缓响应持续上升型,1,2,4,5,1,1,1,1,1,1,1,1,2,1,6,2,3,2,1,5
f84f1114108829,泸203H76,3,18,泸203H76,4,1,低幅波动型,1,1,1,5,1,1,1,1,1,1,1,1,2,1,6,2,3,2,1,4
f856dd317e1b80,阳101H32,2,15,阳101H32,5,4,降压主导型,2,3,3,4,4,2,2,2,2,2,2,2,1,3,3,1,2,1,3,2
f868d440642d67,泸203H76,1,9,泸203H76,3,4,降压主导型,2,3,3,4,3,2,2,2,2,6,2,2,1,3,3,1,2,1,3,2
f8784a69936845,阳101H32,2,15,阳101H32,7,1,低幅波动型,2,1,1,2,2,2,3,3,3,3,2,3,3,2,4,1,1,3,4,3
f8c9e7624a9f3e,泸203H76,2,8,泸203H76,4,3,迟缓响应持续上升型,1,2,4,1,6,1,1,1,1,1,1,1,2,5,2,2,3,4,2,5
f8f249e4cb8460,阳101H31,3,2,阳101H31,6,1,低幅波动型,2,1,1,2,2,2,3,3,3,3,2,3,3,2,1,1,1,3,5,3
f8feebd2024a0c,阳101H37,5,27,阳101H37,4,3,迟缓响应持续上升型,1,2,4,5,1,1,1,1,1,1,1,1,2,5,2,2,3,4,2,6
f906b10e545427,泸203H64,5,11,泸203H64,4,4,降压主导型,2,3,3,4,4,2,2,2,2,2,2,2,1,3,3,1,2,1,3,2
f91b5a245ec346,阳101H32,4,20,阳101H32,7,1,低幅波动型,2,1,1,2,2,2,3,3,3,3,2,3,3,2,4,1,1,3,4,3
f91e94284677f8,阳101H2,322,2,阳101H2,8,2,早期上升趋缓型,1,2,2,3,5,1,1,1,1,1,1,1,2,1,6,2,3,2,1,4
f91ffb122ec0ac,阳101H26,,,阳101H26,3,3,迟缓响应持续上升型,1,1,4,5,1,1,1,1,1,1,1,1,2,5,2,2,3,4,2,6
f93fc80659516a,泸208H2,10,22,泸208H2,9,3,迟缓响应持续上升型,1,2,4,1,6,1,1,1,1,1,1,1,2,5,2,2,3,4,2,5
f9462d2b85aa9d,阳101H34,1,13,阳101H34,2,2,早期上升趋缓型,1,2,2,3,5,1,1,1,1,1,1,1,2,1,6,2,3,2,1,4
f97712ed96c488,泸201H5,2,8,泸201H5,4,1,低幅波动型,2,3,1,2,4,2,3,3,3,3,2,2,1,3,1,1,2,1,5,2
f979bfa768725e,阳101H32,4,22,阳101H32,6,3,迟缓响应持续上升型,1,2,4,1,6,1,1,4,4,4,1,1,2,5,2,2,3,4,1,5
f97d0bee15aeac,泸206H8,5,5,泸206H8,3,4,降压主导型,2,3,3,4,4,2,2,2,2,2,2,2,1,3,3,1,2,1,3,2
f98386e2c32636,阳101H35,2,18,阳101H35,3,3,迟缓响应持续上升型,1,1,4,5,1,1,1,1,1,1,1,1,2,5,2,2,3,4,2,6
f9a2598cff1188,泸206H8,3,19,泸206H8,6,1,低幅波动型,2,1,1,2,4,2,3,3,3,3,2,2,1,3,1,1,2,1,5,3
f9a7f96c4e5043,泸201H5,3,22,泸201H5,4,3,迟缓响应持续上升型,1,2,4,5,1,1,1,1,1,1,1,1,2,5,2,2,3,4,2,6
f9aaeb8056fb90,泸203H66,1,7,泸203H66,3,3,迟缓响应持续上升型,1,2,4,1,6,1,1,1,1,1,1,1,2,5,2,2,3,4,2,5
f9c78331c33276,阳101H34,3,25,阳101H34,4,3,迟缓响应持续上升型,1,2,4,1,1,1,1,1,1,1,1,1,2,5,2,2,3,4,1,5
f9eb8fbfc9eb11,阳101H31,5,16,阳101H31,6,2,早期上升趋缓型,1,2,2,3,5,1,1,1,1,1,1,1,2,1,6,2,3,2,1,4
f9f021b282b64b,阳101H51,2,13,阳101H51,1,3,迟缓响应持续上升型,1,2,4,5,1,1,1,1,1,1,1,1,2,5,2,2,3,4,2,5
f9fac8851596dd,泸203H64,5,7,泸203H64,3,3,迟缓响应持续上升型,1,2,4,1,6,1,1,4,4,4,1,1,2,5,2,2,3,4,2,5
fa3bec94a9884a,阳101H25,1,26,阳101H25,4,1,低幅波动型,2,1,1,2,2,2,3,3,3,3,2,3,3,2,1,1,1,3,5,3
fa59deeef0ac3f,阳101H51,4,5,阳101H51,5,1,低幅波动型,2,1,1,5,1,2,3,3,3,3,1,3,3,5,2,2,1,4,2,6
fa64b5b098d964,泸203H91,4,4,泸203H91,3,2,早期上升趋缓型,1,2,2,3,5,1,1,4,5,5,1,1,2,1,6,2,3,2,1,4
fa74e7d7522e2b,泸208H2,9,5,泸208H2,8,3,迟缓响应持续上升型,1,1,4,5,1,1,1,1,1,1,1,1,2,5,2,2,3,4,2,6
fa7879ff1198cd,阳101H51,1,13,阳101H51,3,3,迟缓响应持续上升型,1,2,4,5,1,1,1,1,1,1,1,1,2,5,2,2,3,4,2,6
fa8d86f774e7cb,泸203H64,3,1,泸203H64,5,2,早期上升趋缓型,1,2,2,3,5,1,1,4,5,5,1,1,2,1,6,2,3,2,1,4
fac29a9b490876,泸203H64,3,13,泸203H64,2,3,迟缓响应持续上升型,1,2,4,1,6,1,1,1,1,1,1,1,2,5,2,2,3,4,2,6
fac9eee0ba7d0a,阳101H31,5,23,阳101H31,6,2,早期上升趋缓型,1,2,2,3,5,1,1,4,5,5,1,1,2,1,6,2,3,2,1,4
fae3083e94ad53,泸208H1,2,13,泸208H1,1,2,早期上升趋缓型,1,2,2,3,5,1,1,1,1,1,1,1,2,1,6,2,3,2,1,4
fae4ca2d50b885,阳101H2,2,13,阳101H2,5,1,低幅波动型,2,1,1,2,4,2,2,2,2,2,2,3,3,2,1,1,1,3,5,3
faf4bd9e4ff9b3,泸203H64,5,3,泸203H64,7,3,迟缓响应持续上升型,1,2,4,1,6,1,1,1,1,1,1,1,2,5,2,2,3,4,2,6
fb006435de3671,阳101H51,2,4,阳101H51,1,3,迟缓响应持续上升型,1,2,4,3,1,1,1,1,1,1,1,1,2,1,6,2,3,2,1,5
fb0d77028fe1fc,阳101H35,1,20,阳101H35,3,3,迟缓响应持续上升型,1,1,4,5,1,1,1,1,1,1,1,1,2,5,2,2,3,4,2,6
fb1ad992a3bce2,泸206H10,2,10,泸206H10,3,1,低幅波动型,2,1,1,2,2,2,3,3,3,3,2,3,3,2,4,1,1,3,4,3
fb29f573c0cb88,阳101H26,,,阳101H26,4,1,低幅波动型,2,1,1,2,2,2,3,3,3,3,2,3,3,2,1,1,1,3,5,3
fb5e1aae4ea8c0,泸206H8,2,19,泸206H8,3,3,迟缓响应持续上升型,1,2,4,1,6,1,1,4,4,4,1,1,2,5,2,2,3,2,1,5
fb6bb6c3200425,阳101H26,,,阳101H26,1,1,低幅波动型,1,1,1,5,1,1,1,1,1,1,1,1,2,5,2,2,3,4,2,6
fb7e42989c055c,阳101H35,3,20,阳101H35,4,1,低幅波动型,2,1,1,2,2,2,3,3,3,3,2,3,3,2,4,1,1,3,4,1
fba89e461df925,泸208H2,9,8,泸208H2,8,3,迟缓响应持续上升型,1,2,4,5,1,1,1,1,1,1,1,1,2,1,6,2,3,4,1,5
fbb75ec16b66c9,阳101H51,3,8,阳101H51,2,3,迟缓响应持续上升型,1,2,4,5,1,1,1,1,1,1,1,1,2,5,2,2,3,4,2,6
fbc0f940a5bc59,阳101H35,3,22,阳101H35,4,1,低幅波动型,2,1,1,2,2,1,1,1,1,1,1,3,3,2,4,1,1,3,4,1
fbc644e2fe9caf,阳101H31,,,阳101H31,1,2,早期上升趋缓型,1,2,2,3,5,1,1,1,1,1,1,1,2,1,6,2,3,2,1,5
fbcce5409f1685,阳101H32,4,3,阳101H32,3,1,低幅波动型,2,1,1,2,2,2,3,3,3,3,2,3,3,2,4,1,1,3,5,3
fbda846e9abd66,泸201H5,4,16,泸201H5,1,1,低幅波动型,2,1,1,2,2,2,3,3,3,3,2,3,3,2,4,1,1,3,4,1
fbe9fc33dca597,阳101H2,4,18,阳101H2,3,1,低幅波动型,2,1,1,2,2,2,3,3,3,3,2,3,3,2,4,1,1,3,4,3
fc01c4c4c973ef,阳101H32,2,14,阳101H32,1,1,低幅波动型,2,1,1,2,2,2,3,3,3,3,2,3,3,2,1,1,1,3,5,3
fc06482d61d277,阳101H32,6,9,阳101H32,3,1,低幅波动型,2,1,1,2,2,2,3,3,3,3,2,3,3,2,4,1,1,3,4,1
fc42dff7295e79,阳101H2,4,16,阳101H2,2,1,低幅波动型,2,1,1,2,4,2,2,2,2,2,2,2,1,3,1,1,1,3,5,3
fcade2fbdea704,泸203H64,5,3,泸203H64,4,1,低幅波动型,2,1,1,2,2,2,3,3,3,3,2,3,3,2,4,1,1,3,4,1
fcd481469045e5,阳101H2,,,阳101H2,3,1,低幅波动型,2,1,1,2,2,2,3,3,3,3,2,3,3,2,4,1,1,3,4,1
fce5d588858304,泸206H8,4,9,泸206H8,5,4,降压主导型,2,3,3,4,4,2,2,2,2,2,2,2,1,3,1,1,2,1,5,2
fced65f3ec92a2,泸201H5,4,25,泸201H5,1,1,低幅波动型,2,1,1,2,2,2,3,3,3,3,2,3,3,2,1,1,1,3,5,3
fd048e56182f46,阳101H32,2,17,阳101H32,1,1,低幅波动型,2,1,1,2,2,2,3,3,3,3,2,3,3,2,4,1,1,3,4,3
fd07be0b2bcc1b,泸206H10,3,5,泸206H10,4,3,迟缓响应持续上升型,1,2,4,5,1,1,1,1,1,1,1,1,2,5,2,2,3,4,2,6
fd119a1bfdfe57,泸203H76,2,19,泸203H76,1,3,迟缓响应持续上升型,1,2,4,5,1,1,1,1,1,1,1,1,2,5,2,2,3,4,2,6
fd1433b4430522,泸208H2,4,15,泸208H2,5,2,早期上升趋缓型,1,2,2,3,5,1,1,4,5,5,1,1,2,1,6,2,3,2,1,4
fd652708d6ab60,泸203H64,5,13,泸203H64,2,4,降压主导型,2,3,3,4,4,2,2,2,2,2,2,2,1,3,3,1,2,1,3,2
fd7fdab88f6720,阳101H75,,,阳101H75,5,2,早期上升趋缓型,1,2,2,3,5,1,1,4,5,5,1,1,2,1,6,2,3,2,1,4
fd834c30f808f3,泸208H1,2,18,泸208H2,4,3,迟缓响应持续上升型,1,2,4,5,1,1,1,1,1,1,1,1,2,5,2,2,3,4,2,6
fd9f538bb853c3,泸203H76,4,14,泸203H76,2,4,降压主导型,2,3,3,4,4,2,2,2,2,2,2,2,1,3,3,1,2,1,3,2
fdbfd40464cd8d,阳101H31,,,阳101H31,2,2,早期上升趋缓型,1,2,2,3,5,1,1,4,4,4,1,1,2,1,6,2,3,2,1,4
fde28ef232975d,泸203H64,4,5,泸203H64,5,4,降压主导型,2,3,3,4,4,2,2,2,2,2,2,2,1,3,1,1,2,1,3,2
fde7ca6b6f18cd,泸201H5,4,14,泸201H5,3,3,迟缓响应持续上升型,1,2,4,5,1,1,1,1,1,1,1,1,2,1,6,2,3,2,1,5
fdfe776e6fc38d,泸203H91,,,泸203H91,2,3,迟缓响应持续上升型,1,2,4,5,1,1,1,1,1,1,1,1,2,5,2,2,3,4,2,6
fe1325e90b5784,阳101H31,3,6,阳101H31,2,2,早期上升趋缓型,1,2,2,1,6,1,1,4,4,4,1,1,2,1,6,2,3,2,1,5
fe18d91ddba352,阳101H31,3,14,阳101H31,7,1,低幅波动型,2,1,1,2,2,2,3,3,3,3,2,3,3,2,4,1,1,3,4,1
fe3b6035b6d159,阳101H2,2,21,阳101H2,4,1,低幅波动型,2,1,1,2,2,2,3,3,3,3,2,3,3,2,4,1,1,3,4,3
fe426e93965c89,阳101H31,3,13,阳101H31,1,3,迟缓响应持续上升型,1,2,4,1,6,1,1,4,4,4,1,1,2,1,6,2,3,2,1,4
fe5884ab88eafa,阳101H31,3,1,阳101H31,6,1,低幅波动型,2,1,1,2,2,2,3,3,3,3,2,3,3,2,4,1,1,3,4,3
fe60c52749f588,阳101H31,3,11,阳101H31,1,3,迟缓响应持续上升型,1,2,4,1,6,1,1,1,1,1,1,1,2,5,2,2,3,4,2,5
fe82ffd2a70576,泸203H11,6,22,泸203H11,5,2,早期上升趋缓型,1,2,2,3,5,1,1,4,5,5,1,1,2,1,6,2,3,2,1,4
fecdee2f429685,阳101H26,,,阳101H26,3,3,迟缓响应持续上升型,1,2,4,5,1,1,1,1,1,1,1,1,2,1,6,2,3,2,1,5
fed7f9d94e20d0,泸203H64,3,8,泸203H64,4,4,降压主导型,2,3,3,4,4,2,2,2,2,2,2,2,1,3,3,1,2,1,3,2
ff1d4bc750ed60,泸203H76,4,18,泸203H76,3,4,降压主导型,2,3,3,4,4,2,2,2,2,2,2,2,1,3,3,1,2,1,3,2
ff4a7c4534d126,阳101H26,,,阳101H26,4,1,低幅波动型,2,1,1,2,2,2,3,3,3,3,2,3,3,2,4,1,1,3,4,3
ff6815a04616e7,阳101H32,4,4,阳101H32,7,1,低幅波动型,2,1,1,2,2,2,3,3,3,3,2,3,3,2,4,1,1,3,4,1
ff6a2637f122fd,泸203H66,2,17,泸203H66,3,2,早期上升趋缓型,1,2,2,3,5,1,1,4,5,5,1,1,2,1,6,2,3,2,1,4
ffa57d7df6ce28,泸203H9,3,3,泸203H9,4,2,早期上升趋缓型,1,2,2,3,5,1,1,4,5,5,1,1,2,1,6,2,3,2,1,4
ffbe0373c59e62,阳101H2,,,阳101H2,2,3,迟缓响应持续上升型,1,2,4,5,1,1,1,1,1,1,1,1,2,5,2,2,3,4,2,6
fffb23e8c3abfe,阳101H34,2,23,阳101H34,1,3,迟缓响应持续上升型,1,2,4,5,1,1,1,1,1,1,1,1,2,1,6,2,3,2,1,5
