sample_id,computed_pump_relative_delay_min,date_and_baseline_supported_delay,caution
000d87594f00d1,,False,Onset censoring and source timestamp validity still require review; clock-only values are not verified response delays.
0046b06fe12699,,False,Onset censoring and source timestamp validity still require review; clock-only values are not verified response delays.
005b693c7fa118,,False,Onset censoring and source timestamp validity still require review; clock-only values are not verified response delays.
005e4f1a5d26a8,,False,Onset censoring and source timestamp validity still require review; clock-only values are not verified response delays.
005edb3b0c1a72,23.5,False,Onset censoring and source timestamp validity still require review; clock-only values are not verified response delays.
00708041741928,,False,Onset censoring and source timestamp validity still require review; clock-only values are not verified response delays.
00713f559b2d76,,False,Onset censoring and source timestamp validity still require review; clock-only values are not verified response delays.
008d8d8ad779df,,False,Onset censoring and source timestamp validity still require review; clock-only values are not verified response delays.
00a4514ac57a90,14.0,False,Onset censoring and source timestamp validity still require review; clock-only values are not verified response delays.
00c2925a3ba81f,,False,Onset censoring and source timestamp validity still require review; clock-only values are not verified response delays.
00fb4ca4c7c417,19.0,True,Onset censoring and source timestamp validity still require review; clock-only values are not verified response delays.
0105b0c0c812a2,,False,Onset censoring and source timestamp validity still require review; clock-only values are not verified response delays.
0136078b1dd1f3,,False,Onset censoring and source timestamp validity still require review; clock-only values are not verified response delays.
01542982b133dc,,False,Onset censoring and source timestamp validity still require review; clock-only values are not verified response delays.
01596ef8a128e1,,False,Onset censoring and source timestamp validity still require review; clock-only values are not verified response delays.
0186ea390bb736,,False,Onset censoring and source timestamp validity still require review; clock-only values are not verified response delays.
01a84d24bda45e,9.0,False,Onset censoring and source timestamp validity still require review; clock-only values are not verified response delays.
01ba7af482e352,,False,Onset censoring and source timestamp validity still require review; clock-only values are not verified response delays.
01c16ff17711b1,,False,Onset censoring and source timestamp validity still require review; clock-only values are not verified response delays.
01cc963f8701ed,,False,Onset censoring and source timestamp validity still require review; clock-only values are not verified response delays.
01ccc50dfae259,,False,Onset censoring and source timestamp validity still require review; clock-only values are not verified response delays.
021f1226aa000c,,False,Onset censoring and source timestamp validity still require review; clock-only values are not verified response delays.
022010542f8270,,False,Onset censoring and source timestamp validity still require review; clock-only values are not verified response delays.
0265487417a70a,,False,Onset censoring and source timestamp validity still require review; clock-only values are not verified response delays.
0269171c2f3beb,,False,Onset censoring and source timestamp validity still require review; clock-only values are not verified response delays.
026cf2a319460c,,False,Onset censoring and source timestamp validity still require review; clock-only values are not verified response delays.
029ddcaf104bb6,64.5,False,Onset censoring and source timestamp validity still require review; clock-only values are not verified response delays.
02aa35ea21031e,,False,Onset censoring and source timestamp validity still require review; clock-only values are not verified response delays.
02df4dc547b70c,,False,Onset censoring and source timestamp validity still require review; clock-only values are not verified response delays.
02df54ce531f12,8.5,False,Onset censoring and source timestamp validity still require review; clock-only values are not verified response delays.
02e16cd7cec036,,False,Onset censoring and source timestamp validity still require review; clock-only values are not verified response delays.
02eeb67cda39df,43.5,False,Onset censoring and source timestamp validity still require review; clock-only values are not verified response delays.
0301b0503dc63e,27.0,False,Onset censoring and source timestamp validity still require review; clock-only values are not verified response delays.
0313771e18e1cb,,False,Onset censoring and source timestamp validity still require review; clock-only values are not verified response delays.
0319a720094d4b,,False,Onset censoring and source timestamp validity still require review; clock-only values are not verified response delays.
03278152bdb87d,,False,Onset censoring and source timestamp validity still require review; clock-only values are not verified response delays.
035c48c246a359,,False,Onset censoring and source timestamp validity still require review; clock-only values are not verified response delays.
0383d7bf737156,,False,Onset censoring and source timestamp validity still require review; clock-only values are not verified response delays.
039040253f10c4,,False,Onset censoring and source timestamp validity still require review; clock-only values are not verified response delays.
03adeb22595bf6,90.0,False,Onset censoring and source timestamp validity still require review; clock-only values are not verified response delays.
03b6bd18333fe0,,False,Onset censoring and source timestamp validity still require review; clock-only values are not verified response delays.
03bb47c3df36e6,29.5,False,Onset censoring and source timestamp validity still require review; clock-only values are not verified response delays.
03bd0cc9ae8743,,False,Onset censoring and source timestamp validity still require review; clock-only values are not verified response delays.
03be013afe578a,,False,Onset censoring and source timestamp validity still require review; clock-only values are not verified response delays.
03be811339f454,154.5,True,Onset censoring and source timestamp validity still require review; clock-only values are not verified response delays.
03c4993e3a3802,,False,Onset censoring and source timestamp validity still require review; clock-only values are not verified response delays.
03c4d09f38c8c5,,False,Onset censoring and source timestamp validity still require review; clock-only values are not verified response delays.
03c8c4e0ad63d4,,False,Onset censoring and source timestamp validity still require review; clock-only values are not verified response delays.
03d064cd9d3399,,False,Onset censoring and source timestamp validity still require review; clock-only values are not verified response delays.
03e9b9a069b224,,False,Onset censoring and source timestamp validity still require review; clock-only values are not verified response delays.
03ea2387352d97,,False,Onset censoring and source timestamp validity still require review; clock-only values are not verified response delays.
03f0c4cfe3c762,2.0,True,Onset censoring and source timestamp validity still require review; clock-only values are not verified response delays.
04091f4aecef70,,False,Onset censoring and source timestamp validity still require review; clock-only values are not verified response delays.
04147e98bed2d8,,False,Onset censoring and source timestamp validity still require review; clock-only values are not verified response delays.
0417ed00e351b7,,False,Onset censoring and source timestamp validity still require review; clock-only values are not verified response delays.
044acecce0871b,,False,Onset censoring and source timestamp validity still require review; clock-only values are not verified response delays.
0478191a5b4c87,,False,Onset censoring and source timestamp validity still require review; clock-only values are not verified response delays.
04a0c7fc508f4d,30.5,False,Onset censoring and source timestamp validity still require review; clock-only values are not verified response delays.
04a7bc8c037dc8,,False,Onset censoring and source timestamp validity still require review; clock-only values are not verified response delays.
04e7bba88fb5f5,,False,Onset censoring and source timestamp validity still require review; clock-only values are not verified response delays.
05006dc1881a8b,,False,Onset censoring and source timestamp validity still require review; clock-only values are not verified response delays.
0507b5e160b25c,60.06666666666667,False,Onset censoring and source timestamp validity still require review; clock-only values are not verified response delays.
051aab523cbdd7,,False,Onset censoring and source timestamp validity still require review; clock-only values are not verified response delays.
051fcce55ac97a,,False,Onset censoring and source timestamp validity still require review; clock-only values are not verified response delays.
054236c04bc4be,,False,Onset censoring and source timestamp validity still require review; clock-only values are not verified response delays.
057202057c8ddb,1.5,False,Onset censoring and source timestamp validity still require review; clock-only values are not verified response delays.
0572694920f4ce,,False,Onset censoring and source timestamp validity still require review; clock-only values are not verified response delays.
05aeb8ae0e764c,15.5,False,Onset censoring and source timestamp validity still require review; clock-only values are not verified response delays.
05e2b21cad8160,,False,Onset censoring and source timestamp validity still require review; clock-only values are not verified response delays.
05e78b67e4848c,,False,Onset censoring and source timestamp validity still require review; clock-only values are not verified response delays.
05fd7961f7c4fe,,False,Onset censoring and source timestamp validity still require review; clock-only values are not verified response delays.
061cfca37b783f,,False,Onset censoring and source timestamp validity still require review; clock-only values are not verified response delays.
064c13493054ab,,False,Onset censoring and source timestamp validity still require review; clock-only values are not verified response delays.
065a40297665dc,,False,Onset censoring and source timestamp validity still require review; clock-only values are not verified response delays.
0669e673cf13db,14.5,False,Onset censoring and source timestamp validity still require review; clock-only values are not verified response delays.
066f181922cd85,,False,Onset censoring and source timestamp validity still require review; clock-only values are not verified response delays.
06833045d88d3d,,False,Onset censoring and source timestamp validity still require review; clock-only values are not verified response delays.
0688457a3e0089,,False,Onset censoring and source timestamp validity still require review; clock-only values are not verified response delays.
068d8d6f2714e8,,False,Onset censoring and source timestamp validity still require review; clock-only values are not verified response delays.
069926f741f9b7,,False,Onset censoring and source timestamp validity still require review; clock-only values are not verified response delays.
06ade3c14fa2ce,,False,Onset censoring and source timestamp validity still require review; clock-only values are not verified response delays.
06b3d59751a202,27.5,True,Onset censoring and source timestamp validity still require review; clock-only values are not verified response delays.
06bba88a544e3b,36.5,True,Onset censoring and source timestamp validity still require review; clock-only values are not verified response delays.
06be3c6d42a0d9,,False,Onset censoring and source timestamp validity still require review; clock-only values are not verified response delays.
06c792599db96a,,False,Onset censoring and source timestamp validity still require review; clock-only values are not verified response delays.
06ca430ed4e89a,7.5,False,Onset censoring and source timestamp validity still require review; clock-only values are not verified response delays.
06f65056b6fd5d,,False,Onset censoring and source timestamp validity still require review; clock-only values are not verified response delays.
06f823469632fe,,False,Onset censoring and source timestamp validity still require review; clock-only values are not verified response delays.
06fd55de27df94,,False,Onset censoring and source timestamp validity still require review; clock-only values are not verified response delays.
0708ef0b48b036,3.0,False,Onset censoring and source timestamp validity still require review; clock-only values are not verified response delays.
0717b2bb00d821,,False,Onset censoring and source timestamp validity still require review; clock-only values are not verified response delays.
072d811e02541e,47.5,False,Onset censoring and source timestamp validity still require review; clock-only values are not verified response delays.
074a07cdc56b44,,False,Onset censoring and source timestamp validity still require review; clock-only values are not verified response delays.
0763435229cc0a,,False,Onset censoring and source timestamp validity still require review; clock-only values are not verified response delays.
07657351df4c29,,False,Onset censoring and source timestamp validity still require review; clock-only values are not verified response delays.
0767003162c953,,False,Onset censoring and source timestamp validity still require review; clock-only values are not verified response delays.
079770d1cc3140,,False,Onset censoring and source timestamp validity still require review; clock-only values are not verified response delays.
07a0f38943099f,,False,Onset censoring and source timestamp validity still require review; clock-only values are not verified response delays.
07aa6a121e64be,,False,Onset censoring and source timestamp validity still require review; clock-only values are not verified response delays.
07d6911c2931e5,,False,Onset censoring and source timestamp validity still require review; clock-only values are not verified response delays.
07e98b6d20c202,,False,Onset censoring and source timestamp validity still require review; clock-only values are not verified response delays.
0819019fb989a8,,False,Onset censoring and source timestamp validity still require review; clock-only values are not verified response delays.
0836f729b357a3,2.0,False,Onset censoring and source timestamp validity still require review; clock-only values are not verified response delays.
085774fe56ef73,,False,Onset censoring and source timestamp validity still require review; clock-only values are not verified response delays.
087ce7583b2d2c,,False,Onset censoring and source timestamp validity still require review; clock-only values are not verified response delays.
087fa1334a0873,,False,Onset censoring and source timestamp validity still require review; clock-only values are not verified response delays.
08885e078c1caf,71.5,False,Onset censoring and source timestamp validity still require review; clock-only values are not verified response delays.
08ae7ab4add9f6,,False,Onset censoring and source timestamp validity still require review; clock-only values are not verified response delays.
08af838d590059,,False,Onset censoring and source timestamp validity still require review; clock-only values are not verified response delays.
08afd51fc7b9ff,,False,Onset censoring and source timestamp validity still require review; clock-only values are not verified response delays.
08b45d6b1f9500,,False,Onset censoring and source timestamp validity still require review; clock-only values are not verified response delays.
08be048e11b7cb,,False,Onset censoring and source timestamp validity still require review; clock-only values are not verified response delays.
08bec6f9ea77e1,,False,Onset censoring and source timestamp validity still require review; clock-only values are not verified response delays.
08c86fbff98a47,,False,Onset censoring and source timestamp validity still require review; clock-only values are not verified response delays.
09054c7af07930,,False,Onset censoring and source timestamp validity still require review; clock-only values are not verified response delays.
091a39a357c1d8,,False,Onset censoring and source timestamp validity still require review; clock-only values are not verified response delays.
093a227ade4bd2,,False,Onset censoring and source timestamp validity still require review; clock-only values are not verified response delays.
094610aca16163,4.0,False,Onset censoring and source timestamp validity still require review; clock-only values are not verified response delays.
0958764af7c844,,False,Onset censoring and source timestamp validity still require review; clock-only values are not verified response delays.
0958fed43b5619,,False,Onset censoring and source timestamp validity still require review; clock-only values are not verified response delays.
097f934284ca28,,False,Onset censoring and source timestamp validity still require review; clock-only values are not verified response delays.
098bec8b4ae3fb,59.5,False,Onset censoring and source timestamp validity still require review; clock-only values are not verified response delays.
099a42112cf12a,,False,Onset censoring and source timestamp validity still require review; clock-only values are not verified response delays.
09acc704e5206b,,False,Onset censoring and source timestamp validity still require review; clock-only values are not verified response delays.
09df8252cfb6bd,,False,Onset censoring and source timestamp validity still require review; clock-only values are not verified response delays.
09eee7ad39b7e4,,False,Onset censoring and source timestamp validity still require review; clock-only values are not verified response delays.
0a3bae28c4c109,,False,Onset censoring and source timestamp validity still require review; clock-only values are not verified response delays.
0a4e4d0688759e,,False,Onset censoring and source timestamp validity still require review; clock-only values are not verified response delays.
0a4fd103ed5459,43.0,False,Onset censoring and source timestamp validity still require review; clock-only values are not verified response delays.
0a5478f38a4226,,False,Onset censoring and source timestamp validity still require review; clock-only values are not verified response delays.
0a6aba48c0f912,,False,Onset censoring and source timestamp validity still require review; clock-only values are not verified response delays.
0a8bf09103b9f4,,False,Onset censoring and source timestamp validity still require review; clock-only values are not verified response delays.
0a98f1c5e862b2,,False,Onset censoring and source timestamp validity still require review; clock-only values are not verified response delays.
0aaea127889e21,,False,Onset censoring and source timestamp validity still require review; clock-only values are not verified response delays.
0ac0e260f6d891,,False,Onset censoring and source timestamp validity still require review; clock-only values are not verified response delays.
0ae85051464019,,False,Onset censoring and source timestamp validity still require review; clock-only values are not verified response delays.
0af8da0cb75b52,,False,Onset censoring and source timestamp validity still require review; clock-only values are not verified response delays.
0b17486870e804,,False,Onset censoring and source timestamp validity still require review; clock-only values are not verified response delays.
0b1749180329eb,,False,Onset censoring and source timestamp validity still require review; clock-only values are not verified response delays.
0b6999736fdddc,,False,Onset censoring and source timestamp validity still require review; clock-only values are not verified response delays.
0b79bc5aa1372b,48.0,False,Onset censoring and source timestamp validity still require review; clock-only values are not verified response delays.
0b8f7535ee698a,,False,Onset censoring and source timestamp validity still require review; clock-only values are not verified response delays.
0b91631ef51957,,False,Onset censoring and source timestamp validity still require review; clock-only values are not verified response delays.
0bbe998bee4468,,False,Onset censoring and source timestamp validity still require review; clock-only values are not verified response delays.
0bc1013e4313f9,,False,Onset censoring and source timestamp validity still require review; clock-only values are not verified response delays.
0bc1818c937315,,False,Onset censoring and source timestamp validity still require review; clock-only values are not verified response delays.
0bd288d88c11d8,,False,Onset censoring and source timestamp validity still require review; clock-only values are not verified response delays.
0bde477d232cf2,,False,Onset censoring and source timestamp validity still require review; clock-only values are not verified response delays.
0be17ae5a2eddc,45.5,False,Onset censoring and source timestamp validity still require review; clock-only values are not verified response delays.
0be7aff9060a91,,False,Onset censoring and source timestamp validity still require review; clock-only values are not verified response delays.
0be8206baaa0bc,,False,Onset censoring and source timestamp validity still require review; clock-only values are not verified response delays.
0bf71f1af904c3,,False,Onset censoring and source timestamp validity still require review; clock-only values are not verified response delays.
0c2d87e829cc1c,,False,Onset censoring and source timestamp validity still require review; clock-only values are not verified response delays.
0c619a9f98994e,,False,Onset censoring and source timestamp validity still require review; clock-only values are not verified response delays.
0c78396992a5ae,,False,Onset censoring and source timestamp validity still require review; clock-only values are not verified response delays.
0c85d55c07266b,,False,Onset censoring and source timestamp validity still require review; clock-only values are not verified response delays.
0ca0af1f98c047,,False,Onset censoring and source timestamp validity still require review; clock-only values are not verified response delays.
0ca2c9f08caa38,,False,Onset censoring and source timestamp validity still require review; clock-only values are not verified response delays.
0ca6185b2de705,,False,Onset censoring and source timestamp validity still require review; clock-only values are not verified response delays.
0ca693ae16a964,,False,Onset censoring and source timestamp validity still require review; clock-only values are not verified response delays.
0cad5d18aa7c61,,False,Onset censoring and source timestamp validity still require review; clock-only values are not verified response delays.
0cced351d386a1,,False,Onset censoring and source timestamp validity still require review; clock-only values are not verified response delays.
0ce3b0e15a20d9,83.0,True,Onset censoring and source timestamp validity still require review; clock-only values are not verified response delays.
0cf36b678fa9e4,,False,Onset censoring and source timestamp validity still require review; clock-only values are not verified response delays.
0cf7ceba6616af,142.5,True,Onset censoring and source timestamp validity still require review; clock-only values are not verified response delays.
0d01f3b58ae830,12.0,False,Onset censoring and source timestamp validity still require review; clock-only values are not verified response delays.
0d1a1c6c39a528,,False,Onset censoring and source timestamp validity still require review; clock-only values are not verified response delays.
0d229be8f2a003,64.0,False,Onset censoring and source timestamp validity still require review; clock-only values are not verified response delays.
0d31fedd78cd74,,False,Onset censoring and source timestamp validity still require review; clock-only values are not verified response delays.
0d4afd3d2a17e4,168.5,True,Onset censoring and source timestamp validity still require review; clock-only values are not verified response delays.
0d6ab575618f02,,False,Onset censoring and source timestamp validity still require review; clock-only values are not verified response delays.
0d6cad52a9a8a5,,False,Onset censoring and source timestamp validity still require review; clock-only values are not verified response delays.
0de954bd2cd22e,,False,Onset censoring and source timestamp validity still require review; clock-only values are not verified response delays.
0dffb8db6e242c,,False,Onset censoring and source timestamp validity still require review; clock-only values are not verified response delays.
0e081d52b41022,39.0,False,Onset censoring and source timestamp validity still require review; clock-only values are not verified response delays.
0e0b631fef7bbd,,False,Onset censoring and source timestamp validity still require review; clock-only values are not verified response delays.
0e10f80c78aa41,,False,Onset censoring and source timestamp validity still require review; clock-only values are not verified response delays.
0e2cea5a7e8a6d,,False,Onset censoring and source timestamp validity still require review; clock-only values are not verified response delays.
0e334b36f7823f,93.5,False,Onset censoring and source timestamp validity still require review; clock-only values are not verified response delays.
0e3385796d6207,,False,Onset censoring and source timestamp validity still require review; clock-only values are not verified response delays.
0e3dff5f65f915,,False,Onset censoring and source timestamp validity still require review; clock-only values are not verified response delays.
0e406deca8dc28,,False,Onset censoring and source timestamp validity still require review; clock-only values are not verified response delays.
0e44b33442b634,,False,Onset censoring and source timestamp validity still require review; clock-only values are not verified response delays.
0e4aec85f49143,,False,Onset censoring and source timestamp validity still require review; clock-only values are not verified response delays.
0e5883b8711ebd,,False,Onset censoring and source timestamp validity still require review; clock-only values are not verified response delays.
0e63ebe3a9a85c,,False,Onset censoring and source timestamp validity still require review; clock-only values are not verified response delays.
0e98baf9e71c73,,False,Onset censoring and source timestamp validity still require review; clock-only values are not verified response delays.
0e9b00941ec0ee,,False,Onset censoring and source timestamp validity still require review; clock-only values are not verified response delays.
0eb26d7d843230,,False,Onset censoring and source timestamp validity still require review; clock-only values are not verified response delays.
0ebccc0e3cb0a6,,False,Onset censoring and source timestamp validity still require review; clock-only values are not verified response delays.
0ede52b71e7c4e,,False,Onset censoring and source timestamp validity still require review; clock-only values are not verified response delays.
0eeb6809e83083,,False,Onset censoring and source timestamp validity still require review; clock-only values are not verified response delays.
0f27af5d5f834a,,False,Onset censoring and source timestamp validity still require review; clock-only values are not verified response delays.
0f47322a2e15a7,,False,Onset censoring and source timestamp validity still require review; clock-only values are not verified response delays.
0f6593a561d83b,,False,Onset censoring and source timestamp validity still require review; clock-only values are not verified response delays.
0f6b2e10ceaf63,,False,Onset censoring and source timestamp validity still require review; clock-only values are not verified response delays.
0f8814172d0526,,False,Onset censoring and source timestamp validity still require review; clock-only values are not verified response delays.
0f8fc821311a0b,,False,Onset censoring and source timestamp validity still require review; clock-only values are not verified response delays.
0f9487f58a9261,,False,Onset censoring and source timestamp validity still require review; clock-only values are not verified response delays.
0f94d566885dfc,,False,Onset censoring and source timestamp validity still require review; clock-only values are not verified response delays.
0fa4f27951c0e0,,False,Onset censoring and source timestamp validity still require review; clock-only values are not verified response delays.
0fbb65964f2a1e,,False,Onset censoring and source timestamp validity still require review; clock-only values are not verified response delays.
0fbb6e1935c88b,,False,Onset censoring and source timestamp validity still require review; clock-only values are not verified response delays.
0fc6f4dc71213f,,False,Onset censoring and source timestamp validity still require review; clock-only values are not verified response delays.
0fdd2fd4249ff5,,False,Onset censoring and source timestamp validity still require review; clock-only values are not verified response delays.
0ff0299b4f6805,15.0,True,Onset censoring and source timestamp validity still require review; clock-only values are not verified response delays.
0ffdc4462d73bd,,False,Onset censoring and source timestamp validity still require review; clock-only values are not verified response delays.
100803fb6c165a,,False,Onset censoring and source timestamp validity still require review; clock-only values are not verified response delays.
100cda03877bcf,61.0,False,Onset censoring and source timestamp validity still require review; clock-only values are not verified response delays.
1013a1b4aee135,,False,Onset censoring and source timestamp validity still require review; clock-only values are not verified response delays.
1043b7772cff60,,False,Onset censoring and source timestamp validity still require review; clock-only values are not verified response delays.
1071a5c32c9faa,,False,Onset censoring and source timestamp validity still require review; clock-only values are not verified response delays.
107c48b342f325,,False,Onset censoring and source timestamp validity still require review; clock-only values are not verified response delays.
10835e1703186b,,False,Onset censoring and source timestamp validity still require review; clock-only values are not verified response delays.
10904f3a5c4bb7,,False,Onset censoring and source timestamp validity still require review; clock-only values are not verified response delays.
1094a1ff165817,23.0,False,Onset censoring and source timestamp validity still require review; clock-only values are not verified response delays.
10b12874ceb028,,False,Onset censoring and source timestamp validity still require review; clock-only values are not verified response delays.
10b40102d3ce52,,False,Onset censoring and source timestamp validity still require review; clock-only values are not verified response delays.
10d6eca4c6c4ac,,False,Onset censoring and source timestamp validity still require review; clock-only values are not verified response delays.
10dfaa09e1b6c1,,False,Onset censoring and source timestamp validity still require review; clock-only values are not verified response delays.
10f4e933a16dd0,4.0,False,Onset censoring and source timestamp validity still require review; clock-only values are not verified response delays.
1171093ec6504a,,False,Onset censoring and source timestamp validity still require review; clock-only values are not verified response delays.
117b77b89faa24,,False,Onset censoring and source timestamp validity still require review; clock-only values are not verified response delays.
1193d87a7828c9,28.933333333333334,False,Onset censoring and source timestamp validity still require review; clock-only values are not verified response delays.
1198ab14822ae8,,False,Onset censoring and source timestamp validity still require review; clock-only values are not verified response delays.
11b224736d732d,11.0,False,Onset censoring and source timestamp validity still require review; clock-only values are not verified response delays.
11b97de4ba3021,,False,Onset censoring and source timestamp validity still require review; clock-only values are not verified response delays.
11cf9f4e35892e,,False,Onset censoring and source timestamp validity still require review; clock-only values are not verified response delays.
11f1a04b2c4fce,95.0,True,Onset censoring and source timestamp validity still require review; clock-only values are not verified response delays.
120033330ed3bc,58.5,True,Onset censoring and source timestamp validity still require review; clock-only values are not verified response delays.
12098fe847e93c,64.0,False,Onset censoring and source timestamp validity still require review; clock-only values are not verified response delays.
120d084ef9324c,,False,Onset censoring and source timestamp validity still require review; clock-only values are not verified response delays.
12410a86fc8a8e,,False,Onset censoring and source timestamp validity still require review; clock-only values are not verified response delays.
125a7df9f266d5,,False,Onset censoring and source timestamp validity still require review; clock-only values are not verified response delays.
1267a8a5c6a147,6.0,False,Onset censoring and source timestamp validity still require review; clock-only values are not verified response delays.
126dc10ea9d7d2,,False,Onset censoring and source timestamp validity still require review; clock-only values are not verified response delays.
1286c37bf6264f,,False,Onset censoring and source timestamp validity still require review; clock-only values are not verified response delays.
12894557121a81,,False,Onset censoring and source timestamp validity still require review; clock-only values are not verified response delays.
12aab38fc9194f,,False,Onset censoring and source timestamp validity still require review; clock-only values are not verified response delays.
12bf9740568fae,,False,Onset censoring and source timestamp validity still require review; clock-only values are not verified response delays.
12d57a9fd8783c,43.46666666666667,False,Onset censoring and source timestamp validity still require review; clock-only values are not verified response delays.
1317d055e6d06d,,False,Onset censoring and source timestamp validity still require review; clock-only values are not verified response delays.
134d657954c0e4,3.0,True,Onset censoring and source timestamp validity still require review; clock-only values are not verified response delays.
136c40ad75fedb,,False,Onset censoring and source timestamp validity still require review; clock-only values are not verified response delays.
136ce363048ff1,,False,Onset censoring and source timestamp validity still require review; clock-only values are not verified response delays.
137ae76c8fe45d,,False,Onset censoring and source timestamp validity still require review; clock-only values are not verified response delays.
13c1c7c7ef6722,51.5,False,Onset censoring and source timestamp validity still require review; clock-only values are not verified response delays.
13f0c02be06d96,,False,Onset censoring and source timestamp validity still require review; clock-only values are not verified response delays.
1406a5eea67233,,False,Onset censoring and source timestamp validity still require review; clock-only values are not verified response delays.
14259545ac7a79,,False,Onset censoring and source timestamp validity still require review; clock-only values are not verified response delays.
14279e6fa0fac0,,False,Onset censoring and source timestamp validity still require review; clock-only values are not verified response delays.
142b02e1142ed5,,False,Onset censoring and source timestamp validity still require review; clock-only values are not verified response delays.
143d86a6a03164,,False,Onset censoring and source timestamp validity still require review; clock-only values are not verified response delays.
144ab4222f48aa,,False,Onset censoring and source timestamp validity still require review; clock-only values are not verified response delays.
146b8534aa8679,,False,Onset censoring and source timestamp validity still require review; clock-only values are not verified response delays.
14a8c739577be2,20.0,True,Onset censoring and source timestamp validity still require review; clock-only values are not verified response delays.
14aa51a67beca0,89.5,False,Onset censoring and source timestamp validity still require review; clock-only values are not verified response delays.
14b9c641c5f831,,False,Onset censoring and source timestamp validity still require review; clock-only values are not verified response delays.
14c9e4df869bad,,False,Onset censoring and source timestamp validity still require review; clock-only values are not verified response delays.
14ca6377e9f5b0,,False,Onset censoring and source timestamp validity still require review; clock-only values are not verified response delays.
14f4c0b6846b24,,False,Onset censoring and source timestamp validity still require review; clock-only values are not verified response delays.
151e97d417cd84,,False,Onset censoring and source timestamp validity still require review; clock-only values are not verified response delays.
152d735839b2dc,,False,Onset censoring and source timestamp validity still require review; clock-only values are not verified response delays.
153819a79118c3,,False,Onset censoring and source timestamp validity still require review; clock-only values are not verified response delays.
15407eca941854,,False,Onset censoring and source timestamp validity still require review; clock-only values are not verified response delays.
154334fa243ca2,,False,Onset censoring and source timestamp validity still require review; clock-only values are not verified response delays.
157b64251f9dea,,False,Onset censoring and source timestamp validity still require review; clock-only values are not verified response delays.
15831bbda50f3c,10.0,False,Onset censoring and source timestamp validity still require review; clock-only values are not verified response delays.
15905fa7a6c2da,,False,Onset censoring and source timestamp validity still require review; clock-only values are not verified response delays.
15a59a526a7ac0,,False,Onset censoring and source timestamp validity still require review; clock-only values are not verified response delays.
15da825d224bb5,,False,Onset censoring and source timestamp validity still require review; clock-only values are not verified response delays.
15f1df44fbc22e,,False,Onset censoring and source timestamp validity still require review; clock-only values are not verified response delays.
1606404b5fac98,,False,Onset censoring and source timestamp validity still require review; clock-only values are not verified response delays.
16389632bc9b35,,False,Onset censoring and source timestamp validity still require review; clock-only values are not verified response delays.
165a4144d7fcb2,108.5,True,Onset censoring and source timestamp validity still require review; clock-only values are not verified response delays.
165c1226c41f30,,False,Onset censoring and source timestamp validity still require review; clock-only values are not verified response delays.
16757ac5822fdf,,False,Onset censoring and source timestamp validity still require review; clock-only values are not verified response delays.
1682a5d007ed8b,,False,Onset censoring and source timestamp validity still require review; clock-only values are not verified response delays.
16892e71b47925,,False,Onset censoring and source timestamp validity still require review; clock-only values are not verified response delays.
16b4f6a0ad46b2,,False,Onset censoring and source timestamp validity still require review; clock-only values are not verified response delays.
16bcbb310b8658,,False,Onset censoring and source timestamp validity still require review; clock-only values are not verified response delays.
16bffd7477b9e9,,False,Onset censoring and source timestamp validity still require review; clock-only values are not verified response delays.
16f47b261c62da,,False,Onset censoring and source timestamp validity still require review; clock-only values are not verified response delays.
1714723c57ff75,,False,Onset censoring and source timestamp validity still require review; clock-only values are not verified response delays.
1721f6d000043e,,False,Onset censoring and source timestamp validity still require review; clock-only values are not verified response delays.
172dc10d865e90,,False,Onset censoring and source timestamp validity still require review; clock-only values are not verified response delays.
1730a897fb55c9,,False,Onset censoring and source timestamp validity still require review; clock-only values are not verified response delays.
174628678247f5,,False,Onset censoring and source timestamp validity still require review; clock-only values are not verified response delays.
1749cd99c58818,,False,Onset censoring and source timestamp validity still require review; clock-only values are not verified response delays.
1751fe0e122e8b,5.5,False,Onset censoring and source timestamp validity still require review; clock-only values are not verified response delays.
17631b3287ff10,,False,Onset censoring and source timestamp validity still require review; clock-only values are not verified response delays.
1775c867d60695,,False,Onset censoring and source timestamp validity still require review; clock-only values are not verified response delays.
1787f9cdc586e0,,False,Onset censoring and source timestamp validity still require review; clock-only values are not verified response delays.
178cacc798829f,,False,Onset censoring and source timestamp validity still require review; clock-only values are not verified response delays.
1792e939c0aaea,,False,Onset censoring and source timestamp validity still require review; clock-only values are not verified response delays.
179308ddba2cbb,,False,Onset censoring and source timestamp validity still require review; clock-only values are not verified response delays.
17945766d1a6bb,,False,Onset censoring and source timestamp validity still require review; clock-only values are not verified response delays.
17eb8a046a4c51,,False,Onset censoring and source timestamp validity still require review; clock-only values are not verified response delays.
17fc360dfeca75,,False,Onset censoring and source timestamp validity still require review; clock-only values are not verified response delays.
182eae42fdf5c8,,False,Onset censoring and source timestamp validity still require review; clock-only values are not verified response delays.
18319290e5f17f,44.5,False,Onset censoring and source timestamp validity still require review; clock-only values are not verified response delays.
18359f7d07aeb0,,False,Onset censoring and source timestamp validity still require review; clock-only values are not verified response delays.
18364bdf5628de,,False,Onset censoring and source timestamp validity still require review; clock-only values are not verified response delays.
183b74f07bf90a,,False,Onset censoring and source timestamp validity still require review; clock-only values are not verified response delays.
18558ef59b1931,,False,Onset censoring and source timestamp validity still require review; clock-only values are not verified response delays.
188e7ab80b7528,,False,Onset censoring and source timestamp validity still require review; clock-only values are not verified response delays.
188fde950d2f93,,False,Onset censoring and source timestamp validity still require review; clock-only values are not verified response delays.
189d07b0c08ed5,,False,Onset censoring and source timestamp validity still require review; clock-only values are not verified response delays.
18b47bff520ff1,,False,Onset censoring and source timestamp validity still require review; clock-only values are not verified response delays.
18b7f53df32b8a,,False,Onset censoring and source timestamp validity still require review; clock-only values are not verified response delays.
18c702348bb849,10.0,False,Onset censoring and source timestamp validity still require review; clock-only values are not verified response delays.
18c7722439c780,,False,Onset censoring and source timestamp validity still require review; clock-only values are not verified response delays.
18e5d9366c876e,,False,Onset censoring and source timestamp validity still require review; clock-only values are not verified response delays.
190e33dd5bfc6c,,False,Onset censoring and source timestamp validity still require review; clock-only values are not verified response delays.
1931fcc505b0dc,0.5,False,Onset censoring and source timestamp validity still require review; clock-only values are not verified response delays.
194ef006903355,,False,Onset censoring and source timestamp validity still require review; clock-only values are not verified response delays.
19bba028634ef6,,False,Onset censoring and source timestamp validity still require review; clock-only values are not verified response delays.
19c03bf99fcc3d,,False,Onset censoring and source timestamp validity still require review; clock-only values are not verified response delays.
1a11e82a584766,,False,Onset censoring and source timestamp validity still require review; clock-only values are not verified response delays.
1a39da74b54e8a,,False,Onset censoring and source timestamp validity still require review; clock-only values are not verified response delays.
1a3b88b1ecc005,,False,Onset censoring and source timestamp validity still require review; clock-only values are not verified response delays.
1a43b90a1f92fe,,False,Onset censoring and source timestamp validity still require review; clock-only values are not verified response delays.
1a51eb8a07bc47,,False,Onset censoring and source timestamp validity still require review; clock-only values are not verified response delays.
1a5a11fad7b0e4,,False,Onset censoring and source timestamp validity still require review; clock-only values are not verified response delays.
1a6331ae8091c3,56.5,False,Onset censoring and source timestamp validity still require review; clock-only values are not verified response delays.
1aad6280508974,13.0,False,Onset censoring and source timestamp validity still require review; clock-only values are not verified response delays.
1ab27165d07cc8,,False,Onset censoring and source timestamp validity still require review; clock-only values are not verified response delays.
1ae87466ff0a0d,,False,Onset censoring and source timestamp validity still require review; clock-only values are not verified response delays.
1ae99f113e557d,45.5,False,Onset censoring and source timestamp validity still require review; clock-only values are not verified response delays.
1aeb6e0e67b57f,,False,Onset censoring and source timestamp validity still require review; clock-only values are not verified response delays.
1af2b383c4f9c7,,False,Onset censoring and source timestamp validity still require review; clock-only values are not verified response delays.
1b3a34f93d005a,,False,Onset censoring and source timestamp validity still require review; clock-only values are not verified response delays.
1b81992eb7746c,,False,Onset censoring and source timestamp validity still require review; clock-only values are not verified response delays.
1ba402f39ba430,,False,Onset censoring and source timestamp validity still require review; clock-only values are not verified response delays.
1ba54785f0ca1f,,False,Onset censoring and source timestamp validity still require review; clock-only values are not verified response delays.
1bb7cf29a71aa1,52.0,True,Onset censoring and source timestamp validity still require review; clock-only values are not verified response delays.
1bd057eadd92c0,,False,Onset censoring and source timestamp validity still require review; clock-only values are not verified response delays.
1bd91e6c74f711,,False,Onset censoring and source timestamp validity still require review; clock-only values are not verified response delays.
1be12598bb7629,,False,Onset censoring and source timestamp validity still require review; clock-only values are not verified response delays.
1be45526c95afc,,False,Onset censoring and source timestamp validity still require review; clock-only values are not verified response delays.
1be5bd6269610e,,False,Onset censoring and source timestamp validity still require review; clock-only values are not verified response delays.
1befba130b453d,,False,Onset censoring and source timestamp validity still require review; clock-only values are not verified response delays.
1c44b93ad7357b,,False,Onset censoring and source timestamp validity still require review; clock-only values are not verified response delays.
1c47da4b17a86f,,False,Onset censoring and source timestamp validity still require review; clock-only values are not verified response delays.
1c548b91f110cc,34.983333333333334,False,Onset censoring and source timestamp validity still require review; clock-only values are not verified response delays.
1c57bcd507e59b,40.0,True,Onset censoring and source timestamp validity still require review; clock-only values are not verified response delays.
1c5b1fe6760fcc,,False,Onset censoring and source timestamp validity still require review; clock-only values are not verified response delays.
1c5f600becbbd7,,False,Onset censoring and source timestamp validity still require review; clock-only values are not verified response delays.
1c98211fc1cbee,,False,Onset censoring and source timestamp validity still require review; clock-only values are not verified response delays.
1c9c96fe2d4e2b,,False,Onset censoring and source timestamp validity still require review; clock-only values are not verified response delays.
1c9fd22e575f77,62.5,False,Onset censoring and source timestamp validity still require review; clock-only values are not verified response delays.
1cac6a750523ab,7.0,False,Onset censoring and source timestamp validity still require review; clock-only values are not verified response delays.
1ccbb2d12ec867,14.0,False,Onset censoring and source timestamp validity still require review; clock-only values are not verified response delays.
1ce31a471121d0,,False,Onset censoring and source timestamp validity still require review; clock-only values are not verified response delays.
1cf59da8410a0f,,False,Onset censoring and source timestamp validity still require review; clock-only values are not verified response delays.
1cf686b6b3eea6,72.5,True,Onset censoring and source timestamp validity still require review; clock-only values are not verified response delays.
1d133461208816,150.5,False,Onset censoring and source timestamp validity still require review; clock-only values are not verified response delays.
1d165cd04788f5,1.5,True,Onset censoring and source timestamp validity still require review; clock-only values are not verified response delays.
1d28e572f35254,,False,Onset censoring and source timestamp validity still require review; clock-only values are not verified response delays.
1d37cfc0a47149,,False,Onset censoring and source timestamp validity still require review; clock-only values are not verified response delays.
1d4a9e216f6bb2,145.5,True,Onset censoring and source timestamp validity still require review; clock-only values are not verified response delays.
1d719f866e94f7,208.0,True,Onset censoring and source timestamp validity still require review; clock-only values are not verified response delays.
1d870b9174f6d1,6.0,False,Onset censoring and source timestamp validity still require review; clock-only values are not verified response delays.
1d9c9a459aef4f,,False,Onset censoring and source timestamp validity still require review; clock-only values are not verified response delays.
1dad4ec1d9135b,,False,Onset censoring and source timestamp validity still require review; clock-only values are not verified response delays.
1db09770aa7875,,False,Onset censoring and source timestamp validity still require review; clock-only values are not verified response delays.
1db46fb34a7423,18.5,True,Onset censoring and source timestamp validity still require review; clock-only values are not verified response delays.
1dbc8f84c17823,,False,Onset censoring and source timestamp validity still require review; clock-only values are not verified response delays.
1dbf8c9c5c8b87,,False,Onset censoring and source timestamp validity still require review; clock-only values are not verified response delays.
1dd6d5d9c3bfc2,,False,Onset censoring and source timestamp validity still require review; clock-only values are not verified response delays.
1dec29381cc5d8,,False,Onset censoring and source timestamp validity still require review; clock-only values are not verified response delays.
1deffb31abc528,,False,Onset censoring and source timestamp validity still require review; clock-only values are not verified response delays.
1df5215ff08f57,39.0,True,Onset censoring and source timestamp validity still require review; clock-only values are not verified response delays.
1e0ad9f114cc03,,False,Onset censoring and source timestamp validity still require review; clock-only values are not verified response delays.
1e34b41f5af11f,,False,Onset censoring and source timestamp validity still require review; clock-only values are not verified response delays.
1e385e1ebe17c2,,False,Onset censoring and source timestamp validity still require review; clock-only values are not verified response delays.
1e415408befc28,,False,Onset censoring and source timestamp validity still require review; clock-only values are not verified response delays.
1e45d1c2be6c9f,,False,Onset censoring and source timestamp validity still require review; clock-only values are not verified response delays.
1e47465392dcc1,,False,Onset censoring and source timestamp validity still require review; clock-only values are not verified response delays.
1e48dfac1f44e2,,False,Onset censoring and source timestamp validity still require review; clock-only values are not verified response delays.
1e5a210a536ddd,,False,Onset censoring and source timestamp validity still require review; clock-only values are not verified response delays.
1e5eddb10c0d5a,,False,Onset censoring and source timestamp validity still require review; clock-only values are not verified response delays.
1e6e9604061afc,4.983333333333333,False,Onset censoring and source timestamp validity still require review; clock-only values are not verified response delays.
1ea34ba7c7c0c5,,False,Onset censoring and source timestamp validity still require review; clock-only values are not verified response delays.
1ec9592d05f4c1,,False,Onset censoring and source timestamp validity still require review; clock-only values are not verified response delays.
1ecfdfd0dfbeba,,False,Onset censoring and source timestamp validity still require review; clock-only values are not verified response delays.
1ee082dc9c7758,,False,Onset censoring and source timestamp validity still require review; clock-only values are not verified response delays.
1ef068af2fa2e7,,False,Onset censoring and source timestamp validity still require review; clock-only values are not verified response delays.
1f02855d81e467,,False,Onset censoring and source timestamp validity still require review; clock-only values are not verified response delays.
1f0a7433928e6d,,False,Onset censoring and source timestamp validity still require review; clock-only values are not verified response delays.
1f14205af68419,,False,Onset censoring and source timestamp validity still require review; clock-only values are not verified response delays.
1f2484e836de98,,False,Onset censoring and source timestamp validity still require review; clock-only values are not verified response delays.
1f2ac0fae1d6ae,,False,Onset censoring and source timestamp validity still require review; clock-only values are not verified response delays.
1f33b73fb3ea5d,,False,Onset censoring and source timestamp validity still require review; clock-only values are not verified response delays.
1f484dbf023051,44.5,True,Onset censoring and source timestamp validity still require review; clock-only values are not verified response delays.
1f71fa59b658aa,22.0,True,Onset censoring and source timestamp validity still require review; clock-only values are not verified response delays.
1f74d658291853,,False,Onset censoring and source timestamp validity still require review; clock-only values are not verified response delays.
1f87de47545d2e,,False,Onset censoring and source timestamp validity still require review; clock-only values are not verified response delays.
1f94215b5637bc,,False,Onset censoring and source timestamp validity still require review; clock-only values are not verified response delays.
1f9a443cd21c51,,False,Onset censoring and source timestamp validity still require review; clock-only values are not verified response delays.
1fa4eefa59e53f,,False,Onset censoring and source timestamp validity still require review; clock-only values are not verified response delays.
1fac41a9600eb6,,False,Onset censoring and source timestamp validity still require review; clock-only values are not verified response delays.
1fd33fa9e2369d,,False,Onset censoring and source timestamp validity still require review; clock-only values are not verified response delays.
1fec6b0a15b123,,False,Onset censoring and source timestamp validity still require review; clock-only values are not verified response delays.
1fecf79e38a3a2,,False,Onset censoring and source timestamp validity still require review; clock-only values are not verified response delays.
20257e42b0616f,,False,Onset censoring and source timestamp validity still require review; clock-only values are not verified response delays.
202d73574c003d,,False,Onset censoring and source timestamp validity still require review; clock-only values are not verified response delays.
202fba08f41e76,,False,Onset censoring and source timestamp validity still require review; clock-only values are not verified response delays.
20609fed3a6ace,,False,Onset censoring and source timestamp validity still require review; clock-only values are not verified response delays.
207a859818941e,,False,Onset censoring and source timestamp validity still require review; clock-only values are not verified response delays.
20850a15f8405c,,False,Onset censoring and source timestamp validity still require review; clock-only values are not verified response delays.
20905000d82ce6,,False,Onset censoring and source timestamp validity still require review; clock-only values are not verified response delays.
20a789e6b3c0fe,,False,Onset censoring and source timestamp validity still require review; clock-only values are not verified response delays.
20be1008e760e5,,False,Onset censoring and source timestamp validity still require review; clock-only values are not verified response delays.
20ccef9c6ddcc5,,False,Onset censoring and source timestamp validity still require review; clock-only values are not verified response delays.
20cfb15ab8a1ed,25.0,True,Onset censoring and source timestamp validity still require review; clock-only values are not verified response delays.
20d3d12764587a,,False,Onset censoring and source timestamp validity still require review; clock-only values are not verified response delays.
20d505775e8305,,False,Onset censoring and source timestamp validity still require review; clock-only values are not verified response delays.
20d58decd6c4d2,62.5,True,Onset censoring and source timestamp validity still require review; clock-only values are not verified response delays.
20f5e7a38c639c,,False,Onset censoring and source timestamp validity still require review; clock-only values are not verified response delays.
211abb69735092,,False,Onset censoring and source timestamp validity still require review; clock-only values are not verified response delays.
21405b69eadb48,,False,Onset censoring and source timestamp validity still require review; clock-only values are not verified response delays.
216f0c41dcf37e,,False,Onset censoring and source timestamp validity still require review; clock-only values are not verified response delays.
2183a6851cdfc2,,False,Onset censoring and source timestamp validity still require review; clock-only values are not verified response delays.
2185aa9cba6809,28.0,False,Onset censoring and source timestamp validity still require review; clock-only values are not verified response delays.
218bdee23f9168,,False,Onset censoring and source timestamp validity still require review; clock-only values are not verified response delays.
21c0300e75b12e,,False,Onset censoring and source timestamp validity still require review; clock-only values are not verified response delays.
21d3ba83824ce3,,False,Onset censoring and source timestamp validity still require review; clock-only values are not verified response delays.
21eb8d92542476,9.0,True,Onset censoring and source timestamp validity still require review; clock-only values are not verified response delays.
21ec247be7bba7,,False,Onset censoring and source timestamp validity still require review; clock-only values are not verified response delays.
220646143f6fa0,28.0,True,Onset censoring and source timestamp validity still require review; clock-only values are not verified response delays.
2207d5adec9d07,160.0,False,Onset censoring and source timestamp validity still require review; clock-only values are not verified response delays.
220e4e28576497,,False,Onset censoring and source timestamp validity still require review; clock-only values are not verified response delays.
2219d8c458a4e1,,False,Onset censoring and source timestamp validity still require review; clock-only values are not verified response delays.
222bf45624799a,,False,Onset censoring and source timestamp validity still require review; clock-only values are not verified response delays.
223f9fd3533bfc,,False,Onset censoring and source timestamp validity still require review; clock-only values are not verified response delays.
225556d24308f0,,False,Onset censoring and source timestamp validity still require review; clock-only values are not verified response delays.
22aee0c627ea5d,,False,Onset censoring and source timestamp validity still require review; clock-only values are not verified response delays.
22b3eea083edf2,,False,Onset censoring and source timestamp validity still require review; clock-only values are not verified response delays.
22df8cf54cb593,,False,Onset censoring and source timestamp validity still require review; clock-only values are not verified response delays.
22ecb9dc61ea12,,False,Onset censoring and source timestamp validity still require review; clock-only values are not verified response delays.
230caf7114a8dd,,False,Onset censoring and source timestamp validity still require review; clock-only values are not verified response delays.
23123faf4e1a2d,,False,Onset censoring and source timestamp validity still require review; clock-only values are not verified response delays.
2328e2fc04730a,,False,Onset censoring and source timestamp validity still require review; clock-only values are not verified response delays.
2333b5489c51db,,False,Onset censoring and source timestamp validity still require review; clock-only values are not verified response delays.
234840fa5c3ca1,,False,Onset censoring and source timestamp validity still require review; clock-only values are not verified response delays.
2354d0f6ff5bcf,,False,Onset censoring and source timestamp validity still require review; clock-only values are not verified response delays.
2369b717cdd080,,False,Onset censoring and source timestamp validity still require review; clock-only values are not verified response delays.
2370eab4e3d5de,,False,Onset censoring and source timestamp validity still require review; clock-only values are not verified response delays.
2376fb4d13b8fe,,False,Onset censoring and source timestamp validity still require review; clock-only values are not verified response delays.
238a9206e73b45,,False,Onset censoring and source timestamp validity still require review; clock-only values are not verified response delays.
239d2bd76f42e9,,False,Onset censoring and source timestamp validity still require review; clock-only values are not verified response delays.
23a688fa580fef,,False,Onset censoring and source timestamp validity still require review; clock-only values are not verified response delays.
23b04c5403f1fb,,False,Onset censoring and source timestamp validity still require review; clock-only values are not verified response delays.
23eaf1391616c3,,False,Onset censoring and source timestamp validity still require review; clock-only values are not verified response delays.
23eef5a3ee9f1c,,False,Onset censoring and source timestamp validity still require review; clock-only values are not verified response delays.
24004eec1e65d0,,False,Onset censoring and source timestamp validity still require review; clock-only values are not verified response delays.
2407cb1efc3e43,,False,Onset censoring and source timestamp validity still require review; clock-only values are not verified response delays.
2407e8fd75af6f,,False,Onset censoring and source timestamp validity still require review; clock-only values are not verified response delays.
242b4ffcb2f427,,False,Onset censoring and source timestamp validity still require review; clock-only values are not verified response delays.
24302fa3efe120,8.0,True,Onset censoring and source timestamp validity still require review; clock-only values are not verified response delays.
24493d8c276105,,False,Onset censoring and source timestamp validity still require review; clock-only values are not verified response delays.
245d466755bb9a,,False,Onset censoring and source timestamp validity still require review; clock-only values are not verified response delays.
245debde91ae2f,138.0,False,Onset censoring and source timestamp validity still require review; clock-only values are not verified response delays.
247436773d4c2c,,False,Onset censoring and source timestamp validity still require review; clock-only values are not verified response delays.
247600d07781b1,73.5,True,Onset censoring and source timestamp validity still require review; clock-only values are not verified response delays.
2482417569d490,128.0,True,Onset censoring and source timestamp validity still require review; clock-only values are not verified response delays.
2489f9f1a6b5fd,,False,Onset censoring and source timestamp validity still require review; clock-only values are not verified response delays.
24d705e7996847,,False,Onset censoring and source timestamp validity still require review; clock-only values are not verified response delays.
24e49411a0a716,,False,Onset censoring and source timestamp validity still require review; clock-only values are not verified response delays.
24e8011c6091dc,,False,Onset censoring and source timestamp validity still require review; clock-only values are not verified response delays.
255602a358a0b0,,False,Onset censoring and source timestamp validity still require review; clock-only values are not verified response delays.
2561f0a7682fc2,,False,Onset censoring and source timestamp validity still require review; clock-only values are not verified response delays.
256293b6ca58f6,,False,Onset censoring and source timestamp validity still require review; clock-only values are not verified response delays.
257fc7b8bd4864,,False,Onset censoring and source timestamp validity still require review; clock-only values are not verified response delays.
259a83e727eddc,25.0,False,Onset censoring and source timestamp validity still require review; clock-only values are not verified response delays.
25b72c23af7339,,False,Onset censoring and source timestamp validity still require review; clock-only values are not verified response delays.
25bffbb84ab338,,False,Onset censoring and source timestamp validity still require review; clock-only values are not verified response delays.
25ce7c37cbb045,,False,Onset censoring and source timestamp validity still require review; clock-only values are not verified response delays.
25e487af23c76a,19.5,True,Onset censoring and source timestamp validity still require review; clock-only values are not verified response delays.
25f2cbd5f31ba1,,False,Onset censoring and source timestamp validity still require review; clock-only values are not verified response delays.
25f4d81d516aa7,,False,Onset censoring and source timestamp validity still require review; clock-only values are not verified response delays.
25f9516d0d4292,,False,Onset censoring and source timestamp validity still require review; clock-only values are not verified response delays.
25fc17f3883821,23.5,True,Onset censoring and source timestamp validity still require review; clock-only values are not verified response delays.
2628694c7b2684,,False,Onset censoring and source timestamp validity still require review; clock-only values are not verified response delays.
262c7e526d0b8c,,False,Onset censoring and source timestamp validity still require review; clock-only values are not verified response delays.
264d49a8eb2e89,,False,Onset censoring and source timestamp validity still require review; clock-only values are not verified response delays.
26537374bbf06c,,False,Onset censoring and source timestamp validity still require review; clock-only values are not verified response delays.
2670a9121a0b6e,,False,Onset censoring and source timestamp validity still require review; clock-only values are not verified response delays.
26758006eaa5de,,False,Onset censoring and source timestamp validity still require review; clock-only values are not verified response delays.
267652fdea2ce2,,False,Onset censoring and source timestamp validity still require review; clock-only values are not verified response delays.
2683ed3679f335,,False,Onset censoring and source timestamp validity still require review; clock-only values are not verified response delays.
269640705952a2,19.5,True,Onset censoring and source timestamp validity still require review; clock-only values are not verified response delays.
2698830447f168,,False,Onset censoring and source timestamp validity still require review; clock-only values are not verified response delays.
26af337a190074,,False,Onset censoring and source timestamp validity still require review; clock-only values are not verified response delays.
26ba57eb523b2d,6.0,False,Onset censoring and source timestamp validity still require review; clock-only values are not verified response delays.
26da0b380b6b43,,False,Onset censoring and source timestamp validity still require review; clock-only values are not verified response delays.
26f6e42af25b04,11.0,True,Onset censoring and source timestamp validity still require review; clock-only values are not verified response delays.
26fadc8d0570bd,12.0,False,Onset censoring and source timestamp validity still require review; clock-only values are not verified response delays.
27002ff336139f,,False,Onset censoring and source timestamp validity still require review; clock-only values are not verified response delays.
2731452f6cafa8,,False,Onset censoring and source timestamp validity still require review; clock-only values are not verified response delays.
275dce5cb4dc8b,,False,Onset censoring and source timestamp validity still require review; clock-only values are not verified response delays.
277a9708a89f3e,,False,Onset censoring and source timestamp validity still require review; clock-only values are not verified response delays.
27847024c7d3b2,,False,Onset censoring and source timestamp validity still require review; clock-only values are not verified response delays.
278fb4f7093653,,False,Onset censoring and source timestamp validity still require review; clock-only values are not verified response delays.
279abea03d0069,21.0,False,Onset censoring and source timestamp validity still require review; clock-only values are not verified response delays.
27a4499606d142,,False,Onset censoring and source timestamp validity still require review; clock-only values are not verified response delays.
27a7eb99ef86a8,,False,Onset censoring and source timestamp validity still require review; clock-only values are not verified response delays.
27aa2fe48c8ae5,,False,Onset censoring and source timestamp validity still require review; clock-only values are not verified response delays.
27d8b16ad22f60,,False,Onset censoring and source timestamp validity still require review; clock-only values are not verified response delays.
27e7d00bd0e564,7.8,True,Onset censoring and source timestamp validity still require review; clock-only values are not verified response delays.
281553ff9508e7,59.0,False,Onset censoring and source timestamp validity still require review; clock-only values are not verified response delays.
282d081a3f0242,,False,Onset censoring and source timestamp validity still require review; clock-only values are not verified response delays.
2883e4a723c849,34.5,True,Onset censoring and source timestamp validity still require review; clock-only values are not verified response delays.
28c1c4b94cf94a,,False,Onset censoring and source timestamp validity still require review; clock-only values are not verified response delays.
28cba86b27aedd,,False,Onset censoring and source timestamp validity still require review; clock-only values are not verified response delays.
28ccc14fe6edfd,,False,Onset censoring and source timestamp validity still require review; clock-only values are not verified response delays.
28e694718b13e5,,False,Onset censoring and source timestamp validity still require review; clock-only values are not verified response delays.
28fa5e7fd21f4f,,False,Onset censoring and source timestamp validity still require review; clock-only values are not verified response delays.
28fa775aaefeb4,,False,Onset censoring and source timestamp validity still require review; clock-only values are not verified response delays.
29003ea4cb4893,,False,Onset censoring and source timestamp validity still require review; clock-only values are not verified response delays.
291c1197b39ee4,,False,Onset censoring and source timestamp validity still require review; clock-only values are not verified response delays.
2925ca8d53dd49,,False,Onset censoring and source timestamp validity still require review; clock-only values are not verified response delays.
29474e29b6ae2a,,False,Onset censoring and source timestamp validity still require review; clock-only values are not verified response delays.
294869910f125a,,False,Onset censoring and source timestamp validity still require review; clock-only values are not verified response delays.
2952a3ba06c5aa,,False,Onset censoring and source timestamp validity still require review; clock-only values are not verified response delays.
296927b9df7514,,False,Onset censoring and source timestamp validity still require review; clock-only values are not verified response delays.
298625a9e1a17a,,False,Onset censoring and source timestamp validity still require review; clock-only values are not verified response delays.
29968b218aec43,,False,Onset censoring and source timestamp validity still require review; clock-only values are not verified response delays.
29dbf3f2c66062,,False,Onset censoring and source timestamp validity still require review; clock-only values are not verified response delays.
29e537c9702bfa,,False,Onset censoring and source timestamp validity still require review; clock-only values are not verified response delays.
2a0498124b4d4f,49.0,True,Onset censoring and source timestamp validity still require review; clock-only values are not verified response delays.
2a20d649ca9bcf,,False,Onset censoring and source timestamp validity still require review; clock-only values are not verified response delays.
2a280380e90abd,,False,Onset censoring and source timestamp validity still require review; clock-only values are not verified response delays.
2a5fd11e9d33d1,31.0,True,Onset censoring and source timestamp validity still require review; clock-only values are not verified response delays.
2a6599e5f5ccf2,,False,Onset censoring and source timestamp validity still require review; clock-only values are not verified response delays.
2a734542b743a2,,False,Onset censoring and source timestamp validity still require review; clock-only values are not verified response delays.
2a83f995666bd3,,False,Onset censoring and source timestamp validity still require review; clock-only values are not verified response delays.
2ac12a6251185c,59.016666666666666,False,Onset censoring and source timestamp validity still require review; clock-only values are not verified response delays.
2b074b52bd0cfd,,False,Onset censoring and source timestamp validity still require review; clock-only values are not verified response delays.
2b10c9b8b271d5,,False,Onset censoring and source timestamp validity still require review; clock-only values are not verified response delays.
2b431717a7c78b,,False,Onset censoring and source timestamp validity still require review; clock-only values are not verified response delays.
2b77a48dd941ff,,False,Onset censoring and source timestamp validity still require review; clock-only values are not verified response delays.
2b9d7114626960,32.5,True,Onset censoring and source timestamp validity still require review; clock-only values are not verified response delays.
2bfdf49e20ac3a,,False,Onset censoring and source timestamp validity still require review; clock-only values are not verified response delays.
2c0be9979efd33,,False,Onset censoring and source timestamp validity still require review; clock-only values are not verified response delays.
2c2944aef1842b,,False,Onset censoring and source timestamp validity still require review; clock-only values are not verified response delays.
2c36044ca1b399,,False,Onset censoring and source timestamp validity still require review; clock-only values are not verified response delays.
2c4e6555dfb4e3,,False,Onset censoring and source timestamp validity still require review; clock-only values are not verified response delays.
2c73d067a29c5f,,False,Onset censoring and source timestamp validity still require review; clock-only values are not verified response delays.
2cc7de01bea2cf,,False,Onset censoring and source timestamp validity still require review; clock-only values are not verified response delays.
2cd93a3f5b6b97,,False,Onset censoring and source timestamp validity still require review; clock-only values are not verified response delays.
2cf6810106e83b,,False,Onset censoring and source timestamp validity still require review; clock-only values are not verified response delays.
2d150f573c9948,,False,Onset censoring and source timestamp validity still require review; clock-only values are not verified response delays.
2d248856ed0b3e,,False,Onset censoring and source timestamp validity still require review; clock-only values are not verified response delays.
2d25642adea42d,,False,Onset censoring and source timestamp validity still require review; clock-only values are not verified response delays.
2d2d61197d331f,,False,Onset censoring and source timestamp validity still require review; clock-only values are not verified response delays.
2d33275db72531,,False,Onset censoring and source timestamp validity still require review; clock-only values are not verified response delays.
2d42f832c27f6f,,False,Onset censoring and source timestamp validity still require review; clock-only values are not verified response delays.
2d46112a46b3f0,,False,Onset censoring and source timestamp validity still require review; clock-only values are not verified response delays.
2d4adcab6b933d,,False,Onset censoring and source timestamp validity still require review; clock-only values are not verified response delays.
2d8791473a04a7,,False,Onset censoring and source timestamp validity still require review; clock-only values are not verified response delays.
2d88325d451e28,,False,Onset censoring and source timestamp validity still require review; clock-only values are not verified response delays.
2d8b960caa0692,,False,Onset censoring and source timestamp validity still require review; clock-only values are not verified response delays.
2d92430544929e,,False,Onset censoring and source timestamp validity still require review; clock-only values are not verified response delays.
2db60bf76dcf00,,False,Onset censoring and source timestamp validity still require review; clock-only values are not verified response delays.
2dbac17f70a882,,False,Onset censoring and source timestamp validity still require review; clock-only values are not verified response delays.
2e245bcbf93129,,False,Onset censoring and source timestamp validity still require review; clock-only values are not verified response delays.
2e352172c08383,,False,Onset censoring and source timestamp validity still require review; clock-only values are not verified response delays.
2e5477158e8e50,,False,Onset censoring and source timestamp validity still require review; clock-only values are not verified response delays.
2e6366ac001f0c,,False,Onset censoring and source timestamp validity still require review; clock-only values are not verified response delays.
2e660b03d05cff,,False,Onset censoring and source timestamp validity still require review; clock-only values are not verified response delays.
2e93cd70700b93,,False,Onset censoring and source timestamp validity still require review; clock-only values are not verified response delays.
2e9cec47fe39b5,,False,Onset censoring and source timestamp validity still require review; clock-only values are not verified response delays.
2eb1d992cfe37c,,False,Onset censoring and source timestamp validity still require review; clock-only values are not verified response delays.
2eb801c5c88ed3,,False,Onset censoring and source timestamp validity still require review; clock-only values are not verified response delays.
2eb92eb6d72028,,False,Onset censoring and source timestamp validity still require review; clock-only values are not verified response delays.
2ec37727adacf5,,False,Onset censoring and source timestamp validity still require review; clock-only values are not verified response delays.
2ecf302d1f133e,,False,Onset censoring and source timestamp validity still require review; clock-only values are not verified response delays.
2ed7b6d79e1817,,False,Onset censoring and source timestamp validity still require review; clock-only values are not verified response delays.
2ede09ce85d0a8,42.5,True,Onset censoring and source timestamp validity still require review; clock-only values are not verified response delays.
2ef1828a57b910,,False,Onset censoring and source timestamp validity still require review; clock-only values are not verified response delays.
2f23a5ac1e7e26,,False,Onset censoring and source timestamp validity still require review; clock-only values are not verified response delays.
2f34562203057e,,False,Onset censoring and source timestamp validity still require review; clock-only values are not verified response delays.
2f46ac60737759,,False,Onset censoring and source timestamp validity still require review; clock-only values are not verified response delays.
2f734a61a7f0cd,,False,Onset censoring and source timestamp validity still require review; clock-only values are not verified response delays.
2f7c3b7b688a2a,67.0,False,Onset censoring and source timestamp validity still require review; clock-only values are not verified response delays.
2f84b894527c72,38.5,False,Onset censoring and source timestamp validity still require review; clock-only values are not verified response delays.
2fa875487acb77,,False,Onset censoring and source timestamp validity still require review; clock-only values are not verified response delays.
2fb6a42d87fadd,5.0,False,Onset censoring and source timestamp validity still require review; clock-only values are not verified response delays.
2fccbc017c5a61,,False,Onset censoring and source timestamp validity still require review; clock-only values are not verified response delays.
2fd0bb5ff53f75,,False,Onset censoring and source timestamp validity still require review; clock-only values are not verified response delays.
2fdadfab8a36e4,,False,Onset censoring and source timestamp validity still require review; clock-only values are not verified response delays.
2ff1907e5978ba,,False,Onset censoring and source timestamp validity still require review; clock-only values are not verified response delays.
2ffa87299aa599,,False,Onset censoring and source timestamp validity still require review; clock-only values are not verified response delays.
301dbc64663ccc,,False,Onset censoring and source timestamp validity still require review; clock-only values are not verified response delays.
3039c7f5d1bba2,,False,Onset censoring and source timestamp validity still require review; clock-only values are not verified response delays.
303c86f669aa8d,,False,Onset censoring and source timestamp validity still require review; clock-only values are not verified response delays.
304354494e50ff,,False,Onset censoring and source timestamp validity still require review; clock-only values are not verified response delays.
304e31ef0b6cf6,,False,Onset censoring and source timestamp validity still require review; clock-only values are not verified response delays.
306e19b58ef900,,False,Onset censoring and source timestamp validity still require review; clock-only values are not verified response delays.
307439eb46edaa,,False,Onset censoring and source timestamp validity still require review; clock-only values are not verified response delays.
307a2ad7cb4f3d,,False,Onset censoring and source timestamp validity still require review; clock-only values are not verified response delays.
3084a372866127,43.0,False,Onset censoring and source timestamp validity still require review; clock-only values are not verified response delays.
3087ce5b3a03f0,,False,Onset censoring and source timestamp validity still require review; clock-only values are not verified response delays.
30a6cd74002b9c,,False,Onset censoring and source timestamp validity still require review; clock-only values are not verified response delays.
30c8cae0d8d947,,False,Onset censoring and source timestamp validity still require review; clock-only values are not verified response delays.
30f7504b607240,,False,Onset censoring and source timestamp validity still require review; clock-only values are not verified response delays.
31109b441ae974,31.5,True,Onset censoring and source timestamp validity still require review; clock-only values are not verified response delays.
3134511acd1355,,False,Onset censoring and source timestamp validity still require review; clock-only values are not verified response delays.
313bcc73ae07e3,,False,Onset censoring and source timestamp validity still require review; clock-only values are not verified response delays.
31414469e3290a,,False,Onset censoring and source timestamp validity still require review; clock-only values are not verified response delays.
315719fb1afa3a,,False,Onset censoring and source timestamp validity still require review; clock-only values are not verified response delays.
317bb1bd34ddab,,False,Onset censoring and source timestamp validity still require review; clock-only values are not verified response delays.
3196989e5fc0db,,False,Onset censoring and source timestamp validity still require review; clock-only values are not verified response delays.
31992bb5212732,37.0,True,Onset censoring and source timestamp validity still require review; clock-only values are not verified response delays.
31cafddc6c76c5,,False,Onset censoring and source timestamp validity still require review; clock-only values are not verified response delays.
31cb5c3ef400e9,,False,Onset censoring and source timestamp validity still require review; clock-only values are not verified response delays.
31dddced0c4992,,False,Onset censoring and source timestamp validity still require review; clock-only values are not verified response delays.
31f5594cea6b6b,,False,Onset censoring and source timestamp validity still require review; clock-only values are not verified response delays.
31fd95d49e6fa4,,False,Onset censoring and source timestamp validity still require review; clock-only values are not verified response delays.
32005902d30853,,False,Onset censoring and source timestamp validity still require review; clock-only values are not verified response delays.
320eb3145e2856,,False,Onset censoring and source timestamp validity still require review; clock-only values are not verified response delays.
3216d10ede359c,,False,Onset censoring and source timestamp validity still require review; clock-only values are not verified response delays.
3251d8f5a9765e,,False,Onset censoring and source timestamp validity still require review; clock-only values are not verified response delays.
326966502c8184,11.0,False,Onset censoring and source timestamp validity still require review; clock-only values are not verified response delays.
328191ae892bbd,,False,Onset censoring and source timestamp validity still require review; clock-only values are not verified response delays.
328b01bed37cea,,False,Onset censoring and source timestamp validity still require review; clock-only values are not verified response delays.
32a40a728546c5,2.5,True,Onset censoring and source timestamp validity still require review; clock-only values are not verified response delays.
32a535815baf5a,,False,Onset censoring and source timestamp validity still require review; clock-only values are not verified response delays.
32ab562d7bc224,,False,Onset censoring and source timestamp validity still require review; clock-only values are not verified response delays.
32c6847c913d28,,False,Onset censoring and source timestamp validity still require review; clock-only values are not verified response delays.
32d3ccc3b7473b,,False,Onset censoring and source timestamp validity still require review; clock-only values are not verified response delays.
32d692fff9b47d,13.5,False,Onset censoring and source timestamp validity still require review; clock-only values are not verified response delays.
330e4d1fb7f9b0,,False,Onset censoring and source timestamp validity still require review; clock-only values are not verified response delays.
3332f98ca27cf4,,False,Onset censoring and source timestamp validity still require review; clock-only values are not verified response delays.
3333868133f742,,False,Onset censoring and source timestamp validity still require review; clock-only values are not verified response delays.
333c369ad02ddb,,False,Onset censoring and source timestamp validity still require review; clock-only values are not verified response delays.
334816ca95a240,,False,Onset censoring and source timestamp validity still require review; clock-only values are not verified response delays.
334b333cede204,,False,Onset censoring and source timestamp validity still require review; clock-only values are not verified response delays.
33772d4b4dec7d,,False,Onset censoring and source timestamp validity still require review; clock-only values are not verified response delays.
338003a0efb054,,False,Onset censoring and source timestamp validity still require review; clock-only values are not verified response delays.
3387a25bf398fb,,False,Onset censoring and source timestamp validity still require review; clock-only values are not verified response delays.
33cbfa73aab135,,False,Onset censoring and source timestamp validity still require review; clock-only values are not verified response delays.
33ccfcbccded0b,22.5,False,Onset censoring and source timestamp validity still require review; clock-only values are not verified response delays.
33f18f83bc6b03,45.0,False,Onset censoring and source timestamp validity still require review; clock-only values are not verified response delays.
3432d5e826086f,,False,Onset censoring and source timestamp validity still require review; clock-only values are not verified response delays.
34368fd7f03a49,99.0,False,Onset censoring and source timestamp validity still require review; clock-only values are not verified response delays.
34466b5a5677d2,,False,Onset censoring and source timestamp validity still require review; clock-only values are not verified response delays.
3448a58788d554,10.0,False,Onset censoring and source timestamp validity still require review; clock-only values are not verified response delays.
345297a63aae53,,False,Onset censoring and source timestamp validity still require review; clock-only values are not verified response delays.
345e5c9bef3db5,,False,Onset censoring and source timestamp validity still require review; clock-only values are not verified response delays.
3461245a6c4bad,19.5,True,Onset censoring and source timestamp validity still require review; clock-only values are not verified response delays.
34852d4aa223b4,,False,Onset censoring and source timestamp validity still require review; clock-only values are not verified response delays.
3489eeaa3ac558,,False,Onset censoring and source timestamp validity still require review; clock-only values are not verified response delays.
34a213582ab672,72.5,False,Onset censoring and source timestamp validity still require review; clock-only values are not verified response delays.
34c00e3297b31e,,False,Onset censoring and source timestamp validity still require review; clock-only values are not verified response delays.
34c4fa2cd34d23,,False,Onset censoring and source timestamp validity still require review; clock-only values are not verified response delays.
34cfe03c8b1af4,,False,Onset censoring and source timestamp validity still require review; clock-only values are not verified response delays.
34d3c5d0130a83,,False,Onset censoring and source timestamp validity still require review; clock-only values are not verified response delays.
34e45e1aa83b48,,False,Onset censoring and source timestamp validity still require review; clock-only values are not verified response delays.
34ef30eacb9f7c,,False,Onset censoring and source timestamp validity still require review; clock-only values are not verified response delays.
34fe8a559bb221,,False,Onset censoring and source timestamp validity still require review; clock-only values are not verified response delays.
35147c7e8efac0,,False,Onset censoring and source timestamp validity still require review; clock-only values are not verified response delays.
354576fb2c9383,40.5,False,Onset censoring and source timestamp validity still require review; clock-only values are not verified response delays.
3547163fb41b3f,1.0,True,Onset censoring and source timestamp validity still require review; clock-only values are not verified response delays.
3547db0223e168,,False,Onset censoring and source timestamp validity still require review; clock-only values are not verified response delays.
355195f51ed14c,,False,Onset censoring and source timestamp validity still require review; clock-only values are not verified response delays.
3571be42766879,16.5,True,Onset censoring and source timestamp validity still require review; clock-only values are not verified response delays.
35781634743c6e,,False,Onset censoring and source timestamp validity still require review; clock-only values are not verified response delays.
35ad885ffa8f52,,False,Onset censoring and source timestamp validity still require review; clock-only values are not verified response delays.
35d0fa91c5ecf9,,False,Onset censoring and source timestamp validity still require review; clock-only values are not verified response delays.
35ef4f554f4c2a,88.0,False,Onset censoring and source timestamp validity still require review; clock-only values are not verified response delays.
35f5122a23322d,143.5,False,Onset censoring and source timestamp validity still require review; clock-only values are not verified response delays.
36062e8d085b3d,,False,Onset censoring and source timestamp validity still require review; clock-only values are not verified response delays.
36276dc927c6e1,,False,Onset censoring and source timestamp validity still require review; clock-only values are not verified response delays.
3634f8de1ab85c,32.5,True,Onset censoring and source timestamp validity still require review; clock-only values are not verified response delays.
36366860bbacdb,,False,Onset censoring and source timestamp validity still require review; clock-only values are not verified response delays.
3643cf7d78a7b6,,False,Onset censoring and source timestamp validity still require review; clock-only values are not verified response delays.
3643f93ca5b24c,,False,Onset censoring and source timestamp validity still require review; clock-only values are not verified response delays.
36525a655fb92c,,False,Onset censoring and source timestamp validity still require review; clock-only values are not verified response delays.
3655696090d350,,False,Onset censoring and source timestamp validity still require review; clock-only values are not verified response delays.
367e9f180ec69a,,False,Onset censoring and source timestamp validity still require review; clock-only values are not verified response delays.
368512d2ec5854,,False,Onset censoring and source timestamp validity still require review; clock-only values are not verified response delays.
369c145d6e4209,,False,Onset censoring and source timestamp validity still require review; clock-only values are not verified response delays.
36d3979007f01a,,False,Onset censoring and source timestamp validity still require review; clock-only values are not verified response delays.
36d55f755b0bb3,,False,Onset censoring and source timestamp validity still require review; clock-only values are not verified response delays.
36eb8e400103b1,,False,Onset censoring and source timestamp validity still require review; clock-only values are not verified response delays.
36f6287eaa4813,9.0,False,Onset censoring and source timestamp validity still require review; clock-only values are not verified response delays.
370a2437c226b1,,False,Onset censoring and source timestamp validity still require review; clock-only values are not verified response delays.
3723616cca9449,,False,Onset censoring and source timestamp validity still require review; clock-only values are not verified response delays.
3727a7dfde75ab,11.0,False,Onset censoring and source timestamp validity still require review; clock-only values are not verified response delays.
37485de2cdaa5d,,False,Onset censoring and source timestamp validity still require review; clock-only values are not verified response delays.
3766de9c454d31,201.0,True,Onset censoring and source timestamp validity still require review; clock-only values are not verified response delays.
376aff7c3f1864,,False,Onset censoring and source timestamp validity still require review; clock-only values are not verified response delays.
376b2f33776044,,False,Onset censoring and source timestamp validity still require review; clock-only values are not verified response delays.
378d4da8a29692,,False,Onset censoring and source timestamp validity still require review; clock-only values are not verified response delays.
3790e075859faa,,False,Onset censoring and source timestamp validity still require review; clock-only values are not verified response delays.
379b4a60562602,,False,Onset censoring and source timestamp validity still require review; clock-only values are not verified response delays.
37df52d96fa2d6,,False,Onset censoring and source timestamp validity still require review; clock-only values are not verified response delays.
37df8b844430bb,,False,Onset censoring and source timestamp validity still require review; clock-only values are not verified response delays.
37e8e43eb8d1b3,,False,Onset censoring and source timestamp validity still require review; clock-only values are not verified response delays.
37efa2f701c0c4,166.0,True,Onset censoring and source timestamp validity still require review; clock-only values are not verified response delays.
37feb22c34f013,,False,Onset censoring and source timestamp validity still require review; clock-only values are not verified response delays.
381004f88d0840,,False,Onset censoring and source timestamp validity still require review; clock-only values are not verified response delays.
383caff6a8103a,,False,Onset censoring and source timestamp validity still require review; clock-only values are not verified response delays.
3861c707c87620,,False,Onset censoring and source timestamp validity still require review; clock-only values are not verified response delays.
3865210cd19dad,,False,Onset censoring and source timestamp validity still require review; clock-only values are not verified response delays.
386719f4ad0628,,False,Onset censoring and source timestamp validity still require review; clock-only values are not verified response delays.
38734833a5302a,,False,Onset censoring and source timestamp validity still require review; clock-only values are not verified response delays.
38ad4d2824440f,,False,Onset censoring and source timestamp validity still require review; clock-only values are not verified response delays.
38b001527c47aa,,False,Onset censoring and source timestamp validity still require review; clock-only values are not verified response delays.
38ccd050f26afb,,False,Onset censoring and source timestamp validity still require review; clock-only values are not verified response delays.
38d9212455fa69,,False,Onset censoring and source timestamp validity still require review; clock-only values are not verified response delays.
39107df6e4db8c,,False,Onset censoring and source timestamp validity still require review; clock-only values are not verified response delays.
3932a075d5be51,,False,Onset censoring and source timestamp validity still require review; clock-only values are not verified response delays.
393b351440627c,,False,Onset censoring and source timestamp validity still require review; clock-only values are not verified response delays.
394eccc7d0bc49,,False,Onset censoring and source timestamp validity still require review; clock-only values are not verified response delays.
3957398b6f0551,,False,Onset censoring and source timestamp validity still require review; clock-only values are not verified response delays.
3958c00a53f7a0,,False,Onset censoring and source timestamp validity still require review; clock-only values are not verified response delays.
39760b896ec8c7,,False,Onset censoring and source timestamp validity still require review; clock-only values are not verified response delays.
397d42dcdd100b,,False,Onset censoring and source timestamp validity still require review; clock-only values are not verified response delays.
398db991466ef4,,False,Onset censoring and source timestamp validity still require review; clock-only values are not verified response delays.
39bdb0bf67004f,,False,Onset censoring and source timestamp validity still require review; clock-only values are not verified response delays.
39c6f4cf109f55,,False,Onset censoring and source timestamp validity still require review; clock-only values are not verified response delays.
39da2daccfe400,,False,Onset censoring and source timestamp validity still require review; clock-only values are not verified response delays.
39e8aae61ee6d9,,False,Onset censoring and source timestamp validity still require review; clock-only values are not verified response delays.
39fe9fa7599220,,False,Onset censoring and source timestamp validity still require review; clock-only values are not verified response delays.
39ff1920c4ed3c,,False,Onset censoring and source timestamp validity still require review; clock-only values are not verified response delays.
3a25803391681e,,False,Onset censoring and source timestamp validity still require review; clock-only values are not verified response delays.
3a2f396959e72f,,False,Onset censoring and source timestamp validity still require review; clock-only values are not verified response delays.
3a51488c24abde,,False,Onset censoring and source timestamp validity still require review; clock-only values are not verified response delays.
3a5f8f19ea399f,,False,Onset censoring and source timestamp validity still require review; clock-only values are not verified response delays.
3a68f96fbfc864,,False,Onset censoring and source timestamp validity still require review; clock-only values are not verified response delays.
3aa43d2f98776c,,False,Onset censoring and source timestamp validity still require review; clock-only values are not verified response delays.
3aa6d77e508697,,False,Onset censoring and source timestamp validity still require review; clock-only values are not verified response delays.
3ab9a7416dc187,,False,Onset censoring and source timestamp validity still require review; clock-only values are not verified response delays.
3abcf3767d6a78,,False,Onset censoring and source timestamp validity still require review; clock-only values are not verified response delays.
3ac4ffb8a75a7c,,False,Onset censoring and source timestamp validity still require review; clock-only values are not verified response delays.
3acaea1e80e7bf,2.5,False,Onset censoring and source timestamp validity still require review; clock-only values are not verified response delays.
3adcae36af1955,,False,Onset censoring and source timestamp validity still require review; clock-only values are not verified response delays.
3ae99e5c7bb419,,False,Onset censoring and source timestamp validity still require review; clock-only values are not verified response delays.
3b0e5e1a21a443,,False,Onset censoring and source timestamp validity still require review; clock-only values are not verified response delays.
3b178ac817d6f1,,False,Onset censoring and source timestamp validity still require review; clock-only values are not verified response delays.
3b18df97cfbc77,,False,Onset censoring and source timestamp validity still require review; clock-only values are not verified response delays.
3b1e8a86bb8a60,,False,Onset censoring and source timestamp validity still require review; clock-only values are not verified response delays.
3b3d7ad126d45e,,False,Onset censoring and source timestamp validity still require review; clock-only values are not verified response delays.
3b424fecc72b4e,,False,Onset censoring and source timestamp validity still require review; clock-only values are not verified response delays.
3b4e8d305da8a3,,False,Onset censoring and source timestamp validity still require review; clock-only values are not verified response delays.
3b5039c9797bcf,,False,Onset censoring and source timestamp validity still require review; clock-only values are not verified response delays.
3b516ecffebbb8,,False,Onset censoring and source timestamp validity still require review; clock-only values are not verified response delays.
3b6e4647481522,66.5,True,Onset censoring and source timestamp validity still require review; clock-only values are not verified response delays.
3ba56a9b75e7cc,,False,Onset censoring and source timestamp validity still require review; clock-only values are not verified response delays.
3bdce133f83913,,False,Onset censoring and source timestamp validity still require review; clock-only values are not verified response delays.
3bee2037a116d0,,False,Onset censoring and source timestamp validity still require review; clock-only values are not verified response delays.
3c524d22353020,,False,Onset censoring and source timestamp validity still require review; clock-only values are not verified response delays.
3c7f5bad275db1,,False,Onset censoring and source timestamp validity still require review; clock-only values are not verified response delays.
3c856183ce410b,,False,Onset censoring and source timestamp validity still require review; clock-only values are not verified response delays.
3cbb7f8c4970c1,,False,Onset censoring and source timestamp validity still require review; clock-only values are not verified response delays.
3cc201da65a9c7,,False,Onset censoring and source timestamp validity still require review; clock-only values are not verified response delays.
3cc652bcf5c4af,,False,Onset censoring and source timestamp validity still require review; clock-only values are not verified response delays.
3cefaf4873f89e,,False,Onset censoring and source timestamp validity still require review; clock-only values are not verified response delays.
3d0b2e52e7b954,,False,Onset censoring and source timestamp validity still require review; clock-only values are not verified response delays.
3d0c11cbf54c37,,False,Onset censoring and source timestamp validity still require review; clock-only values are not verified response delays.
3d33db1ab61050,,False,Onset censoring and source timestamp validity still require review; clock-only values are not verified response delays.
3d3a8a325ab09a,,False,Onset censoring and source timestamp validity still require review; clock-only values are not verified response delays.
3d491a7248842a,96.5,True,Onset censoring and source timestamp validity still require review; clock-only values are not verified response delays.
3d87616650f5ff,,False,Onset censoring and source timestamp validity still require review; clock-only values are not verified response delays.
3d89f75850d4c6,,False,Onset censoring and source timestamp validity still require review; clock-only values are not verified response delays.
3d8a43f8864b02,,False,Onset censoring and source timestamp validity still require review; clock-only values are not verified response delays.
3d928b1536eda0,,False,Onset censoring and source timestamp validity still require review; clock-only values are not verified response delays.
3daea777d1d5ee,,False,Onset censoring and source timestamp validity still require review; clock-only values are not verified response delays.
3db2beeed2d287,,False,Onset censoring and source timestamp validity still require review; clock-only values are not verified response delays.
3e1fb34aa91a4e,,False,Onset censoring and source timestamp validity still require review; clock-only values are not verified response delays.
3e29f2fc09b0a7,,False,Onset censoring and source timestamp validity still require review; clock-only values are not verified response delays.
3e5c70f85fa081,136.5,True,Onset censoring and source timestamp validity still require review; clock-only values are not verified response delays.
3e6b1aab5291f8,4.0,True,Onset censoring and source timestamp validity still require review; clock-only values are not verified response delays.
3e8b04d83f6c19,,False,Onset censoring and source timestamp validity still require review; clock-only values are not verified response delays.
3e93fc4eebd6ee,20.0,True,Onset censoring and source timestamp validity still require review; clock-only values are not verified response delays.
3eb41ba1a46128,,False,Onset censoring and source timestamp validity still require review; clock-only values are not verified response delays.
3eb85a30eaa507,,False,Onset censoring and source timestamp validity still require review; clock-only values are not verified response delays.
3ebb362c161a5a,,False,Onset censoring and source timestamp validity still require review; clock-only values are not verified response delays.
3f193f9fd04070,,False,Onset censoring and source timestamp validity still require review; clock-only values are not verified response delays.
3f1a8984219799,,False,Onset censoring and source timestamp validity still require review; clock-only values are not verified response delays.
3f3a91e8d82ef8,,False,Onset censoring and source timestamp validity still require review; clock-only values are not verified response delays.
3f46d384a23340,,False,Onset censoring and source timestamp validity still require review; clock-only values are not verified response delays.
3f58f5e1f0185a,,False,Onset censoring and source timestamp validity still require review; clock-only values are not verified response delays.
3f730dd8f7cc17,,False,Onset censoring and source timestamp validity still require review; clock-only values are not verified response delays.
3fea614fceb3f6,26.0,False,Onset censoring and source timestamp validity still require review; clock-only values are not verified response delays.
3feab41693bf09,22.0,True,Onset censoring and source timestamp validity still require review; clock-only values are not verified response delays.
3ff8edcd4fe764,,False,Onset censoring and source timestamp validity still require review; clock-only values are not verified response delays.
40085c484995d4,,False,Onset censoring and source timestamp validity still require review; clock-only values are not verified response delays.
40097c2fc7a30e,,False,Onset censoring and source timestamp validity still require review; clock-only values are not verified response delays.
40306b69ad92a0,38.0,True,Onset censoring and source timestamp validity still require review; clock-only values are not verified response delays.
403100c565e2d5,,False,Onset censoring and source timestamp validity still require review; clock-only values are not verified response delays.
4038e0c81ed159,,False,Onset censoring and source timestamp validity still require review; clock-only values are not verified response delays.
40571daf7514c8,,False,Onset censoring and source timestamp validity still require review; clock-only values are not verified response delays.
4065ac9744f0f2,,False,Onset censoring and source timestamp validity still require review; clock-only values are not verified response delays.
4066f4fa56bb78,,False,Onset censoring and source timestamp validity still require review; clock-only values are not verified response delays.
406d09ac022641,,False,Onset censoring and source timestamp validity still require review; clock-only values are not verified response delays.
407e233ec9ab7a,,False,Onset censoring and source timestamp validity still require review; clock-only values are not verified response delays.
40950e2c560337,,False,Onset censoring and source timestamp validity still require review; clock-only values are not verified response delays.
40987312f782b2,82.0,False,Onset censoring and source timestamp validity still require review; clock-only values are not verified response delays.
40a6ad54b533a0,,False,Onset censoring and source timestamp validity still require review; clock-only values are not verified response delays.
40c96d8fa1a4f0,,False,Onset censoring and source timestamp validity still require review; clock-only values are not verified response delays.
40ce93577695eb,,False,Onset censoring and source timestamp validity still require review; clock-only values are not verified response delays.
40edf094e9afae,,False,Onset censoring and source timestamp validity still require review; clock-only values are not verified response delays.
412b3dd53d5a5e,,False,Onset censoring and source timestamp validity still require review; clock-only values are not verified response delays.
4133e5ffc20b3c,,False,Onset censoring and source timestamp validity still require review; clock-only values are not verified response delays.
415b90b7f7dde0,,False,Onset censoring and source timestamp validity still require review; clock-only values are not verified response delays.
415ef1d4af0117,,False,Onset censoring and source timestamp validity still require review; clock-only values are not verified response delays.
4167d471bb9ece,,False,Onset censoring and source timestamp validity still require review; clock-only values are not verified response delays.
41774b2542263e,,False,Onset censoring and source timestamp validity still require review; clock-only values are not verified response delays.
4192501b6a7f1b,,False,Onset censoring and source timestamp validity still require review; clock-only values are not verified response delays.
41997f2cb0f44d,116.5,True,Onset censoring and source timestamp validity still require review; clock-only values are not verified response delays.
41aa346b9a1c50,,False,Onset censoring and source timestamp validity still require review; clock-only values are not verified response delays.
41dacfc12b3b34,12.0,False,Onset censoring and source timestamp validity still require review; clock-only values are not verified response delays.
41f13828806f3c,,False,Onset censoring and source timestamp validity still require review; clock-only values are not verified response delays.
4203ec0a8ef59e,188.0,True,Onset censoring and source timestamp validity still require review; clock-only values are not verified response delays.
420d63789cadff,,False,Onset censoring and source timestamp validity still require review; clock-only values are not verified response delays.
42149c422846bd,,False,Onset censoring and source timestamp validity still require review; clock-only values are not verified response delays.
424214c7f7d605,,False,Onset censoring and source timestamp validity still require review; clock-only values are not verified response delays.
424701276b77e4,,False,Onset censoring and source timestamp validity still require review; clock-only values are not verified response delays.
425ccf061b0b82,,False,Onset censoring and source timestamp validity still require review; clock-only values are not verified response delays.
4274db635d3067,,False,Onset censoring and source timestamp validity still require review; clock-only values are not verified response delays.
427c6d882be0d4,50.5,True,Onset censoring and source timestamp validity still require review; clock-only values are not verified response delays.
42840c4d4accc2,,False,Onset censoring and source timestamp validity still require review; clock-only values are not verified response delays.
4287f18cd3936d,,False,Onset censoring and source timestamp validity still require review; clock-only values are not verified response delays.
42ed9937c45a84,,False,Onset censoring and source timestamp validity still require review; clock-only values are not verified response delays.
43313c5d383c1d,,False,Onset censoring and source timestamp validity still require review; clock-only values are not verified response delays.
4350fa8ebd8b21,21.5,False,Onset censoring and source timestamp validity still require review; clock-only values are not verified response delays.
43694d136d750f,,False,Onset censoring and source timestamp validity still require review; clock-only values are not verified response delays.
436d9ccf950cf7,69.5,True,Onset censoring and source timestamp validity still require review; clock-only values are not verified response delays.
437ce3818c71b2,4.5,False,Onset censoring and source timestamp validity still require review; clock-only values are not verified response delays.
4399c5bac367ec,11.5,False,Onset censoring and source timestamp validity still require review; clock-only values are not verified response delays.
43a188055ebaa4,,False,Onset censoring and source timestamp validity still require review; clock-only values are not verified response delays.
43b3812d10b5d9,100.5,True,Onset censoring and source timestamp validity still require review; clock-only values are not verified response delays.
43be489b98a6d5,231.0,False,Onset censoring and source timestamp validity still require review; clock-only values are not verified response delays.
43d1aabd0cfd37,,False,Onset censoring and source timestamp validity still require review; clock-only values are not verified response delays.
43ebbbadd2f73b,111.5,True,Onset censoring and source timestamp validity still require review; clock-only values are not verified response delays.
4419c63964c15c,,False,Onset censoring and source timestamp validity still require review; clock-only values are not verified response delays.
444c2d53436059,,False,Onset censoring and source timestamp validity still require review; clock-only values are not verified response delays.
444d5d1259bca2,,False,Onset censoring and source timestamp validity still require review; clock-only values are not verified response delays.
4455da6ac8f069,,False,Onset censoring and source timestamp validity still require review; clock-only values are not verified response delays.
44708cb31b52ff,,False,Onset censoring and source timestamp validity still require review; clock-only values are not verified response delays.
44754145b644f6,,False,Onset censoring and source timestamp validity still require review; clock-only values are not verified response delays.
448645fa04a2e3,100.5,True,Onset censoring and source timestamp validity still require review; clock-only values are not verified response delays.
44b8e1a1b0f03e,,False,Onset censoring and source timestamp validity still require review; clock-only values are not verified response delays.
44beaf82320181,,False,Onset censoring and source timestamp validity still require review; clock-only values are not verified response delays.
44c57297836ba5,,False,Onset censoring and source timestamp validity still require review; clock-only values are not verified response delays.
44cb8328e65581,,False,Onset censoring and source timestamp validity still require review; clock-only values are not verified response delays.
44db62b5714126,,False,Onset censoring and source timestamp validity still require review; clock-only values are not verified response delays.
44fa59338dda84,,False,Onset censoring and source timestamp validity still require review; clock-only values are not verified response delays.
4504c38be125f3,,False,Onset censoring and source timestamp validity still require review; clock-only values are not verified response delays.
4523def2616b83,,False,Onset censoring and source timestamp validity still require review; clock-only values are not verified response delays.
453b4b3c1da95f,,False,Onset censoring and source timestamp validity still require review; clock-only values are not verified response delays.
453df0d91b6456,,False,Onset censoring and source timestamp validity still require review; clock-only values are not verified response delays.
453f399df82ddc,,False,Onset censoring and source timestamp validity still require review; clock-only values are not verified response delays.
45515238b8292a,,False,Onset censoring and source timestamp validity still require review; clock-only values are not verified response delays.
456d3cd79dfaa0,,False,Onset censoring and source timestamp validity still require review; clock-only values are not verified response delays.
4584963975611d,,False,Onset censoring and source timestamp validity still require review; clock-only values are not verified response delays.
458b97da85e8c5,,False,Onset censoring and source timestamp validity still require review; clock-only values are not verified response delays.
458cba35d01815,5.5,False,Onset censoring and source timestamp validity still require review; clock-only values are not verified response delays.
4599832292995c,,False,Onset censoring and source timestamp validity still require review; clock-only values are not verified response delays.
45a0d21604d5df,,False,Onset censoring and source timestamp validity still require review; clock-only values are not verified response delays.
45caa9f963a664,,False,Onset censoring and source timestamp validity still require review; clock-only values are not verified response delays.
45d1e787889bdd,,False,Onset censoring and source timestamp validity still require review; clock-only values are not verified response delays.
45d8ee941388f7,,False,Onset censoring and source timestamp validity still require review; clock-only values are not verified response delays.
45dd2de67edce5,,False,Onset censoring and source timestamp validity still require review; clock-only values are not verified response delays.
45f5077701b03a,,False,Onset censoring and source timestamp validity still require review; clock-only values are not verified response delays.
45fb20fcb8887c,,False,Onset censoring and source timestamp validity still require review; clock-only values are not verified response delays.
4600a49e6fc6db,,False,Onset censoring and source timestamp validity still require review; clock-only values are not verified response delays.
4603885dd27596,,False,Onset censoring and source timestamp validity still require review; clock-only values are not verified response delays.
461605d379cd23,45.5,False,Onset censoring and source timestamp validity still require review; clock-only values are not verified response delays.
4631b145530760,,False,Onset censoring and source timestamp validity still require review; clock-only values are not verified response delays.
4650ab430399fe,,False,Onset censoring and source timestamp validity still require review; clock-only values are not verified response delays.
466a7e6ba86a5d,,False,Onset censoring and source timestamp validity still require review; clock-only values are not verified response delays.
466aba89b68ff4,,False,Onset censoring and source timestamp validity still require review; clock-only values are not verified response delays.
46a656398e8198,,False,Onset censoring and source timestamp validity still require review; clock-only values are not verified response delays.
46a8b9726e00b2,,False,Onset censoring and source timestamp validity still require review; clock-only values are not verified response delays.
46b08860fa7b4e,,False,Onset censoring and source timestamp validity still require review; clock-only values are not verified response delays.
46c6293b5c6d82,,False,Onset censoring and source timestamp validity still require review; clock-only values are not verified response delays.
46d68350c5b0d6,,False,Onset censoring and source timestamp validity still require review; clock-only values are not verified response delays.
46f9c5c6b10789,,False,Onset censoring and source timestamp validity still require review; clock-only values are not verified response delays.
46fc4c1f905276,,False,Onset censoring and source timestamp validity still require review; clock-only values are not verified response delays.
471b6a4ada2923,,False,Onset censoring and source timestamp validity still require review; clock-only values are not verified response delays.
47278024ed081f,25.0,True,Onset censoring and source timestamp validity still require review; clock-only values are not verified response delays.
472b9c36d68c62,,False,Onset censoring and source timestamp validity still require review; clock-only values are not verified response delays.
472fa4f7c7e35a,,False,Onset censoring and source timestamp validity still require review; clock-only values are not verified response delays.
4739e684861ce2,,False,Onset censoring and source timestamp validity still require review; clock-only values are not verified response delays.
4762ff6c68f76c,,False,Onset censoring and source timestamp validity still require review; clock-only values are not verified response delays.
4779a893fed0ed,,False,Onset censoring and source timestamp validity still require review; clock-only values are not verified response delays.
477e0c311a5d26,7.0,False,Onset censoring and source timestamp validity still require review; clock-only values are not verified response delays.
478b02f4d0ef8a,,False,Onset censoring and source timestamp validity still require review; clock-only values are not verified response delays.
47bf973a93e986,69.5,False,Onset censoring and source timestamp validity still require review; clock-only values are not verified response delays.
47cd4741a3b375,,False,Onset censoring and source timestamp validity still require review; clock-only values are not verified response delays.
47de5060f86379,,False,Onset censoring and source timestamp validity still require review; clock-only values are not verified response delays.
47e88900427264,,False,Onset censoring and source timestamp validity still require review; clock-only values are not verified response delays.
47fab25f488178,,False,Onset censoring and source timestamp validity still require review; clock-only values are not verified response delays.
4806e8f85ae9da,,False,Onset censoring and source timestamp validity still require review; clock-only values are not verified response delays.
480b6b035df8b5,,False,Onset censoring and source timestamp validity still require review; clock-only values are not verified response delays.
48122bc79bc841,,False,Onset censoring and source timestamp validity still require review; clock-only values are not verified response delays.
481abd45fbb6e9,,False,Onset censoring and source timestamp validity still require review; clock-only values are not verified response delays.
4826f867967b99,120.5,False,Onset censoring and source timestamp validity still require review; clock-only values are not verified response delays.
4829766de59363,,False,Onset censoring and source timestamp validity still require review; clock-only values are not verified response delays.
482bfc279a7cce,,False,Onset censoring and source timestamp validity still require review; clock-only values are not verified response delays.
487524a08a9709,,False,Onset censoring and source timestamp validity still require review; clock-only values are not verified response delays.
48787d3e379b35,,False,Onset censoring and source timestamp validity still require review; clock-only values are not verified response delays.
4882a814449645,,False,Onset censoring and source timestamp validity still require review; clock-only values are not verified response delays.
48a6c3981a6853,,False,Onset censoring and source timestamp validity still require review; clock-only values are not verified response delays.
48ec4487eabd44,48.5,True,Onset censoring and source timestamp validity still require review; clock-only values are not verified response delays.
48fb18f7deb1a5,6.0,False,Onset censoring and source timestamp validity still require review; clock-only values are not verified response delays.
490ba78f484bd8,110.0,False,Onset censoring and source timestamp validity still require review; clock-only values are not verified response delays.
49111a216d79c2,3.0,False,Onset censoring and source timestamp validity still require review; clock-only values are not verified response delays.
49296c1bccb738,,False,Onset censoring and source timestamp validity still require review; clock-only values are not verified response delays.
492bd946a159b1,,False,Onset censoring and source timestamp validity still require review; clock-only values are not verified response delays.
493165f436e777,,False,Onset censoring and source timestamp validity still require review; clock-only values are not verified response delays.
4933bfcd27e8d9,,False,Onset censoring and source timestamp validity still require review; clock-only values are not verified response delays.
493ae76710867e,,False,Onset censoring and source timestamp validity still require review; clock-only values are not verified response delays.
494784e6d3e0b7,,False,Onset censoring and source timestamp validity still require review; clock-only values are not verified response delays.
4978fa9c55f6b9,,False,Onset censoring and source timestamp validity still require review; clock-only values are not verified response delays.
49826c0c1be83f,,False,Onset censoring and source timestamp validity still require review; clock-only values are not verified response delays.
49cb30f7213982,35.0,False,Onset censoring and source timestamp validity still require review; clock-only values are not verified response delays.
49e27c1230a828,,False,Onset censoring and source timestamp validity still require review; clock-only values are not verified response delays.
49f44136800860,,False,Onset censoring and source timestamp validity still require review; clock-only values are not verified response delays.
49f6dbf680372a,,False,Onset censoring and source timestamp validity still require review; clock-only values are not verified response delays.
4a45b854e90155,,False,Onset censoring and source timestamp validity still require review; clock-only values are not verified response delays.
4a46ec6115d48e,,False,Onset censoring and source timestamp validity still require review; clock-only values are not verified response delays.
4a57e38b2be911,,False,Onset censoring and source timestamp validity still require review; clock-only values are not verified response delays.
4a620aa02416fa,11.0,False,Onset censoring and source timestamp validity still require review; clock-only values are not verified response delays.
4a628621f690dc,,False,Onset censoring and source timestamp validity still require review; clock-only values are not verified response delays.
4a88cb1457025e,,False,Onset censoring and source timestamp validity still require review; clock-only values are not verified response delays.
4ab3b22f1fce58,,False,Onset censoring and source timestamp validity still require review; clock-only values are not verified response delays.
4ac9c72b3446ed,,False,Onset censoring and source timestamp validity still require review; clock-only values are not verified response delays.
4add6127a73f9f,,False,Onset censoring and source timestamp validity still require review; clock-only values are not verified response delays.
4ae367e596b0a6,,False,Onset censoring and source timestamp validity still require review; clock-only values are not verified response delays.
4ae4fb614dc242,,False,Onset censoring and source timestamp validity still require review; clock-only values are not verified response delays.
4ae982342c42a0,,False,Onset censoring and source timestamp validity still require review; clock-only values are not verified response delays.
4aef725b676b4d,,False,Onset censoring and source timestamp validity still require review; clock-only values are not verified response delays.
4af7e143ab0055,4.0,False,Onset censoring and source timestamp validity still require review; clock-only values are not verified response delays.
4b12b84f1d7be3,,False,Onset censoring and source timestamp validity still require review; clock-only values are not verified response delays.
4b45586405f03c,,False,Onset censoring and source timestamp validity still require review; clock-only values are not verified response delays.
4b4e091a606301,,False,Onset censoring and source timestamp validity still require review; clock-only values are not verified response delays.
4b8fcd45d21991,,False,Onset censoring and source timestamp validity still require review; clock-only values are not verified response delays.
4bb0a1760e5611,,False,Onset censoring and source timestamp validity still require review; clock-only values are not verified response delays.
4bc04bade68f4f,,False,Onset censoring and source timestamp validity still require review; clock-only values are not verified response delays.
4bcc85fd501732,,False,Onset censoring and source timestamp validity still require review; clock-only values are not verified response delays.
4bd702071e8892,,False,Onset censoring and source timestamp validity still require review; clock-only values are not verified response delays.
4bdf87159a63cb,,False,Onset censoring and source timestamp validity still require review; clock-only values are not verified response delays.
4c256282b2a506,,False,Onset censoring and source timestamp validity still require review; clock-only values are not verified response delays.
4c286394433479,,False,Onset censoring and source timestamp validity still require review; clock-only values are not verified response delays.
4c3a8ffba737d0,,False,Onset censoring and source timestamp validity still require review; clock-only values are not verified response delays.
4c42f0fcc6f7a0,,False,Onset censoring and source timestamp validity still require review; clock-only values are not verified response delays.
4c4e8a3e79088a,21.5,False,Onset censoring and source timestamp validity still require review; clock-only values are not verified response delays.
4c64939859d8ca,,False,Onset censoring and source timestamp validity still require review; clock-only values are not verified response delays.
4c85b715e20c68,,False,Onset censoring and source timestamp validity still require review; clock-only values are not verified response delays.
4ca4c15d9c8953,,False,Onset censoring and source timestamp validity still require review; clock-only values are not verified response delays.
4ca6da4047a6dd,,False,Onset censoring and source timestamp validity still require review; clock-only values are not verified response delays.
4ccf5aa55da573,,False,Onset censoring and source timestamp validity still require review; clock-only values are not verified response delays.
4ce61856ead5b8,71.5,True,Onset censoring and source timestamp validity still require review; clock-only values are not verified response delays.
4cf7738d4e7e48,,False,Onset censoring and source timestamp validity still require review; clock-only values are not verified response delays.
4d0d557cd091ec,,False,Onset censoring and source timestamp validity still require review; clock-only values are not verified response delays.
4d174876f451a8,,False,Onset censoring and source timestamp validity still require review; clock-only values are not verified response delays.
4d2e4767b64058,,False,Onset censoring and source timestamp validity still require review; clock-only values are not verified response delays.
4d33eb2a515346,,False,Onset censoring and source timestamp validity still require review; clock-only values are not verified response delays.
4d4ae941028765,,False,Onset censoring and source timestamp validity still require review; clock-only values are not verified response delays.
4d653ab4772b0c,,False,Onset censoring and source timestamp validity still require review; clock-only values are not verified response delays.
4d6996f6fad3ae,,False,Onset censoring and source timestamp validity still require review; clock-only values are not verified response delays.
4d77592e255fef,,False,Onset censoring and source timestamp validity still require review; clock-only values are not verified response delays.
4d9db36dfc0f87,,False,Onset censoring and source timestamp validity still require review; clock-only values are not verified response delays.
4da951fdd6b297,,False,Onset censoring and source timestamp validity still require review; clock-only values are not verified response delays.
4db002daf878d4,,False,Onset censoring and source timestamp validity still require review; clock-only values are not verified response delays.
4dc6a2af9503a8,,False,Onset censoring and source timestamp validity still require review; clock-only values are not verified response delays.
4dc7aa0e9900fa,,False,Onset censoring and source timestamp validity still require review; clock-only values are not verified response delays.
4e00a5452ea1bd,8.0,False,Onset censoring and source timestamp validity still require review; clock-only values are not verified response delays.
4e03ec4247522f,,False,Onset censoring and source timestamp validity still require review; clock-only values are not verified response delays.
4e0729e2f2848b,,False,Onset censoring and source timestamp validity still require review; clock-only values are not verified response delays.
4e28d0f19bf47b,,False,Onset censoring and source timestamp validity still require review; clock-only values are not verified response delays.
4e2d6b07ce4673,,False,Onset censoring and source timestamp validity still require review; clock-only values are not verified response delays.
4e31fb8f5db60d,230.0,True,Onset censoring and source timestamp validity still require review; clock-only values are not verified response delays.
4e399f812c7649,8.0,True,Onset censoring and source timestamp validity still require review; clock-only values are not verified response delays.
4e3ef8d9132c4a,,False,Onset censoring and source timestamp validity still require review; clock-only values are not verified response delays.
4e42ed3eb29717,,False,Onset censoring and source timestamp validity still require review; clock-only values are not verified response delays.
4e4c46304ee3a4,,False,Onset censoring and source timestamp validity still require review; clock-only values are not verified response delays.
4e5b2c24cfda01,,False,Onset censoring and source timestamp validity still require review; clock-only values are not verified response delays.
4e69c0a87e6b17,,False,Onset censoring and source timestamp validity still require review; clock-only values are not verified response delays.
4ea274c3b8dfe2,,False,Onset censoring and source timestamp validity still require review; clock-only values are not verified response delays.
4eaec4c491a7f9,,False,Onset censoring and source timestamp validity still require review; clock-only values are not verified response delays.
4eb5eeb6fbabf8,,False,Onset censoring and source timestamp validity still require review; clock-only values are not verified response delays.
4ed0c2fb5c6a15,,False,Onset censoring and source timestamp validity still require review; clock-only values are not verified response delays.
4ee09bf021be22,,False,Onset censoring and source timestamp validity still require review; clock-only values are not verified response delays.
4ee3ba262c361d,,False,Onset censoring and source timestamp validity still require review; clock-only values are not verified response delays.
4f03a971ee9611,,False,Onset censoring and source timestamp validity still require review; clock-only values are not verified response delays.
4f25e315ee9927,,False,Onset censoring and source timestamp validity still require review; clock-only values are not verified response delays.
4f2b16758e2b6d,,False,Onset censoring and source timestamp validity still require review; clock-only values are not verified response delays.
4f38a76424e4dd,,False,Onset censoring and source timestamp validity still require review; clock-only values are not verified response delays.
4f3db73ea6af05,,False,Onset censoring and source timestamp validity still require review; clock-only values are not verified response delays.
4f3ec435fe0e22,,False,Onset censoring and source timestamp validity still require review; clock-only values are not verified response delays.
4f5a61c9c64927,14.0,False,Onset censoring and source timestamp validity still require review; clock-only values are not verified response delays.
4f5d5a4d06a674,135.0,False,Onset censoring and source timestamp validity still require review; clock-only values are not verified response delays.
4f6c0355a9f1cd,,False,Onset censoring and source timestamp validity still require review; clock-only values are not verified response delays.
4fe8da9e08ad85,,False,Onset censoring and source timestamp validity still require review; clock-only values are not verified response delays.
4ffc44f1c5661f,,False,Onset censoring and source timestamp validity still require review; clock-only values are not verified response delays.
501f214dcb8984,,False,Onset censoring and source timestamp validity still require review; clock-only values are not verified response delays.
5025e28cc550e0,16.0,True,Onset censoring and source timestamp validity still require review; clock-only values are not verified response delays.
5029f762ff2367,185.0,True,Onset censoring and source timestamp validity still require review; clock-only values are not verified response delays.
50420278ae7472,,False,Onset censoring and source timestamp validity still require review; clock-only values are not verified response delays.
504c43ef80725d,,False,Onset censoring and source timestamp validity still require review; clock-only values are not verified response delays.
50500ad58f8118,,False,Onset censoring and source timestamp validity still require review; clock-only values are not verified response delays.
50630fca270754,43.5,True,Onset censoring and source timestamp validity still require review; clock-only values are not verified response delays.
507731e2b8632f,,False,Onset censoring and source timestamp validity still require review; clock-only values are not verified response delays.
507b6e97b30f9d,,False,Onset censoring and source timestamp validity still require review; clock-only values are not verified response delays.
50c44f0dc217b7,,False,Onset censoring and source timestamp validity still require review; clock-only values are not verified response delays.
50f0f5eaee31bf,,False,Onset censoring and source timestamp validity still require review; clock-only values are not verified response delays.
5107e63b933958,,False,Onset censoring and source timestamp validity still require review; clock-only values are not verified response delays.
510babe55781f4,99.0,False,Onset censoring and source timestamp validity still require review; clock-only values are not verified response delays.
5117fdf5e3bc89,38.0,False,Onset censoring and source timestamp validity still require review; clock-only values are not verified response delays.
511bab1f318293,16.0,False,Onset censoring and source timestamp validity still require review; clock-only values are not verified response delays.
5136970d12e8d3,,False,Onset censoring and source timestamp validity still require review; clock-only values are not verified response delays.
5138d2a66cd18a,,False,Onset censoring and source timestamp validity still require review; clock-only values are not verified response delays.
513faab44f3335,,False,Onset censoring and source timestamp validity still require review; clock-only values are not verified response delays.
514a39087f897a,,False,Onset censoring and source timestamp validity still require review; clock-only values are not verified response delays.
5179a57eb0bd01,,False,Onset censoring and source timestamp validity still require review; clock-only values are not verified response delays.
5186a090a78d17,,False,Onset censoring and source timestamp validity still require review; clock-only values are not verified response delays.
5186b2f7e14163,,False,Onset censoring and source timestamp validity still require review; clock-only values are not verified response delays.
521abc1ea74834,1.0,True,Onset censoring and source timestamp validity still require review; clock-only values are not verified response delays.
521f045e719130,,False,Onset censoring and source timestamp validity still require review; clock-only values are not verified response delays.
52291f7f657b3b,80.0,True,Onset censoring and source timestamp validity still require review; clock-only values are not verified response delays.
5233a755278ab9,,False,Onset censoring and source timestamp validity still require review; clock-only values are not verified response delays.
5237c4a67882e5,21.5,True,Onset censoring and source timestamp validity still require review; clock-only values are not verified response delays.
523b13fe7ee8c8,,False,Onset censoring and source timestamp validity still require review; clock-only values are not verified response delays.
526bef71ea11f8,,False,Onset censoring and source timestamp validity still require review; clock-only values are not verified response delays.
526c1032d4eae0,,False,Onset censoring and source timestamp validity still require review; clock-only values are not verified response delays.
52730f2760943f,,False,Onset censoring and source timestamp validity still require review; clock-only values are not verified response delays.
5280e76d495a8a,,False,Onset censoring and source timestamp validity still require review; clock-only values are not verified response delays.
5288ef95efe2f2,,False,Onset censoring and source timestamp validity still require review; clock-only values are not verified response delays.
5297b89fde6593,,False,Onset censoring and source timestamp validity still require review; clock-only values are not verified response delays.
52b72c84321208,,False,Onset censoring and source timestamp validity still require review; clock-only values are not verified response delays.
52bd155da5c5d5,,False,Onset censoring and source timestamp validity still require review; clock-only values are not verified response delays.
52cd60e282b5f9,96.5,True,Onset censoring and source timestamp validity still require review; clock-only values are not verified response delays.
52d0501d00cc6c,,False,Onset censoring and source timestamp validity still require review; clock-only values are not verified response delays.
52d628e57d97e6,,False,Onset censoring and source timestamp validity still require review; clock-only values are not verified response delays.
53070d79d65293,,False,Onset censoring and source timestamp validity still require review; clock-only values are not verified response delays.
532195dd50f43f,,False,Onset censoring and source timestamp validity still require review; clock-only values are not verified response delays.
532383fa35d96e,,False,Onset censoring and source timestamp validity still require review; clock-only values are not verified response delays.
5324ba895b8ca9,,False,Onset censoring and source timestamp validity still require review; clock-only values are not verified response delays.
53367061875f64,,False,Onset censoring and source timestamp validity still require review; clock-only values are not verified response delays.
535765d2362a98,,False,Onset censoring and source timestamp validity still require review; clock-only values are not verified response delays.
535f5f691298fb,105.5,True,Onset censoring and source timestamp validity still require review; clock-only values are not verified response delays.
536fb191d11f16,,False,Onset censoring and source timestamp validity still require review; clock-only values are not verified response delays.
5382fc1d885834,,False,Onset censoring and source timestamp validity still require review; clock-only values are not verified response delays.
5397717ab3d2c2,,False,Onset censoring and source timestamp validity still require review; clock-only values are not verified response delays.
53af162a9a9cfc,,False,Onset censoring and source timestamp validity still require review; clock-only values are not verified response delays.
53c362c2aed82b,,False,Onset censoring and source timestamp validity still require review; clock-only values are not verified response delays.
53cabdcb28fc35,,False,Onset censoring and source timestamp validity still require review; clock-only values are not verified response delays.
53d7b859bd1c54,,False,Onset censoring and source timestamp validity still require review; clock-only values are not verified response delays.
53d92a879442b1,52.0,True,Onset censoring and source timestamp validity still require review; clock-only values are not verified response delays.
53e53d35a44f6c,,False,Onset censoring and source timestamp validity still require review; clock-only values are not verified response delays.
53ee85c51c5b56,,False,Onset censoring and source timestamp validity still require review; clock-only values are not verified response delays.
540e1f279b8f2b,,False,Onset censoring and source timestamp validity still require review; clock-only values are not verified response delays.
54119cc15e42f6,,False,Onset censoring and source timestamp validity still require review; clock-only values are not verified response delays.
541e48459d92cc,,False,Onset censoring and source timestamp validity still require review; clock-only values are not verified response delays.
54242ceaeb9fc4,,False,Onset censoring and source timestamp validity still require review; clock-only values are not verified response delays.
544203d005fa70,,False,Onset censoring and source timestamp validity still require review; clock-only values are not verified response delays.
5480262b44f05c,11.5,False,Onset censoring and source timestamp validity still require review; clock-only values are not verified response delays.
549c6be6aec473,,False,Onset censoring and source timestamp validity still require review; clock-only values are not verified response delays.
549fca221baa2f,,False,Onset censoring and source timestamp validity still require review; clock-only values are not verified response delays.
54a8282a817ee8,,False,Onset censoring and source timestamp validity still require review; clock-only values are not verified response delays.
54b335d2671ba9,,False,Onset censoring and source timestamp validity still require review; clock-only values are not verified response delays.
54d6fa25c6f7fa,,False,Onset censoring and source timestamp validity still require review; clock-only values are not verified response delays.
54dc6a40f31e5f,,False,Onset censoring and source timestamp validity still require review; clock-only values are not verified response delays.
54ddaf80d3ce6e,,False,Onset censoring and source timestamp validity still require review; clock-only values are not verified response delays.
54e487e3b65732,,False,Onset censoring and source timestamp validity still require review; clock-only values are not verified response delays.
54f28adc857e74,,False,Onset censoring and source timestamp validity still require review; clock-only values are not verified response delays.
550383dbf7542c,,False,Onset censoring and source timestamp validity still require review; clock-only values are not verified response delays.
55153e5edc0850,,False,Onset censoring and source timestamp validity still require review; clock-only values are not verified response delays.
5519ffda317263,,False,Onset censoring and source timestamp validity still require review; clock-only values are not verified response delays.
552964b41bc074,10.5,False,Onset censoring and source timestamp validity still require review; clock-only values are not verified response delays.
554224b818ac55,,False,Onset censoring and source timestamp validity still require review; clock-only values are not verified response delays.
5542d630de983e,,False,Onset censoring and source timestamp validity still require review; clock-only values are not verified response delays.
55bd125d5fad0d,,False,Onset censoring and source timestamp validity still require review; clock-only values are not verified response delays.
55c2d4c35fdc9f,,False,Onset censoring and source timestamp validity still require review; clock-only values are not verified response delays.
55e95e18f35411,,False,Onset censoring and source timestamp validity still require review; clock-only values are not verified response delays.
55fb3034af9451,,False,Onset censoring and source timestamp validity still require review; clock-only values are not verified response delays.
5629b64199b802,,False,Onset censoring and source timestamp validity still require review; clock-only values are not verified response delays.
56335945b7f145,,False,Onset censoring and source timestamp validity still require review; clock-only values are not verified response delays.
563e85dbb949af,,False,Onset censoring and source timestamp validity still require review; clock-only values are not verified response delays.
5644581abef8b1,,False,Onset censoring and source timestamp validity still require review; clock-only values are not verified response delays.
566cce6c68ae84,28.0,True,Onset censoring and source timestamp validity still require review; clock-only values are not verified response delays.
5674996bf78583,,False,Onset censoring and source timestamp validity still require review; clock-only values are not verified response delays.
5681aba7f89cba,,False,Onset censoring and source timestamp validity still require review; clock-only values are not verified response delays.
569f9e82478254,,False,Onset censoring and source timestamp validity still require review; clock-only values are not verified response delays.
56bad8b5d3d079,0.5,False,Onset censoring and source timestamp validity still require review; clock-only values are not verified response delays.
56f1169634cfa1,,False,Onset censoring and source timestamp validity still require review; clock-only values are not verified response delays.
57015c199b23cc,,False,Onset censoring and source timestamp validity still require review; clock-only values are not verified response delays.
570b9cae0f2674,,False,Onset censoring and source timestamp validity still require review; clock-only values are not verified response delays.
57200a7675c679,,False,Onset censoring and source timestamp validity still require review; clock-only values are not verified response delays.
572f1d874aacdc,,False,Onset censoring and source timestamp validity still require review; clock-only values are not verified response delays.
573526a2da4f61,,False,Onset censoring and source timestamp validity still require review; clock-only values are not verified response delays.
5737eae6460827,,False,Onset censoring and source timestamp validity still require review; clock-only values are not verified response delays.
573c0206271be4,,False,Onset censoring and source timestamp validity still require review; clock-only values are not verified response delays.
5741a27e7e7aca,,False,Onset censoring and source timestamp validity still require review; clock-only values are not verified response delays.
5741ed4c997617,,False,Onset censoring and source timestamp validity still require review; clock-only values are not verified response delays.
5746a8de8afd53,,False,Onset censoring and source timestamp validity still require review; clock-only values are not verified response delays.
574b3e4de1053f,,False,Onset censoring and source timestamp validity still require review; clock-only values are not verified response delays.
57acffc9ca2e5e,62.0,False,Onset censoring and source timestamp validity still require review; clock-only values are not verified response delays.
57b5e7cbf64309,,False,Onset censoring and source timestamp validity still require review; clock-only values are not verified response delays.
57bb4494167ce2,5.5,False,Onset censoring and source timestamp validity still require review; clock-only values are not verified response delays.
57d377a15624e5,,False,Onset censoring and source timestamp validity still require review; clock-only values are not verified response delays.
57e2d4f2126974,,False,Onset censoring and source timestamp validity still require review; clock-only values are not verified response delays.
5803b5ca4dfad0,18.5,False,Onset censoring and source timestamp validity still require review; clock-only values are not verified response delays.
58304179c90daa,85.0,True,Onset censoring and source timestamp validity still require review; clock-only values are not verified response delays.
584e01c7ec7c95,,False,Onset censoring and source timestamp validity still require review; clock-only values are not verified response delays.
5859b0273340a3,12.5,False,Onset censoring and source timestamp validity still require review; clock-only values are not verified response delays.
589202bdf33474,108.5,False,Onset censoring and source timestamp validity still require review; clock-only values are not verified response delays.
58ad96ce5d2d11,,False,Onset censoring and source timestamp validity still require review; clock-only values are not verified response delays.
58b9e0cf898520,,False,Onset censoring and source timestamp validity still require review; clock-only values are not verified response delays.
58bb8a73c81c46,54.733333333333334,False,Onset censoring and source timestamp validity still require review; clock-only values are not verified response delays.
58eb45901eb75e,1.5,True,Onset censoring and source timestamp validity still require review; clock-only values are not verified response delays.
58fcf74c15961c,,False,Onset censoring and source timestamp validity still require review; clock-only values are not verified response delays.
590ab4cd0b2253,,False,Onset censoring and source timestamp validity still require review; clock-only values are not verified response delays.
591047a5d752a4,,False,Onset censoring and source timestamp validity still require review; clock-only values are not verified response delays.
59392c772f7896,,False,Onset censoring and source timestamp validity still require review; clock-only values are not verified response delays.
593b737ef55637,86.0,True,Onset censoring and source timestamp validity still require review; clock-only values are not verified response delays.
596d396715e818,,False,Onset censoring and source timestamp validity still require review; clock-only values are not verified response delays.
596f4a3fb04aad,,False,Onset censoring and source timestamp validity still require review; clock-only values are not verified response delays.
59b474a6132275,,False,Onset censoring and source timestamp validity still require review; clock-only values are not verified response delays.
59b4f834dd4eaf,,False,Onset censoring and source timestamp validity still require review; clock-only values are not verified response delays.
59c37bde9fc011,6.0,False,Onset censoring and source timestamp validity still require review; clock-only values are not verified response delays.
59c841bebc0547,61.5,False,Onset censoring and source timestamp validity still require review; clock-only values are not verified response delays.
5a30798f89745a,,False,Onset censoring and source timestamp validity still require review; clock-only values are not verified response delays.
5a55dea21e32ee,,False,Onset censoring and source timestamp validity still require review; clock-only values are not verified response delays.
5a5a359f2e009f,9.5,True,Onset censoring and source timestamp validity still require review; clock-only values are not verified response delays.
5a5cccd0f99886,82.5,False,Onset censoring and source timestamp validity still require review; clock-only values are not verified response delays.
5a6f0b4b6ebd96,33.0,False,Onset censoring and source timestamp validity still require review; clock-only values are not verified response delays.
5a73330c0fec37,,False,Onset censoring and source timestamp validity still require review; clock-only values are not verified response delays.
5a907710ca1ce9,,False,Onset censoring and source timestamp validity still require review; clock-only values are not verified response delays.
5aa008c63da129,,False,Onset censoring and source timestamp validity still require review; clock-only values are not verified response delays.
5aae697fdeb250,,False,Onset censoring and source timestamp validity still require review; clock-only values are not verified response delays.
5ab30e12b4cd64,,False,Onset censoring and source timestamp validity still require review; clock-only values are not verified response delays.
5ab98cb99a4d50,62.0,True,Onset censoring and source timestamp validity still require review; clock-only values are not verified response delays.
5abedddcf22b46,22.5,False,Onset censoring and source timestamp validity still require review; clock-only values are not verified response delays.
5ac444adb2f53b,,False,Onset censoring and source timestamp validity still require review; clock-only values are not verified response delays.
5ad584fc9b8ac1,,False,Onset censoring and source timestamp validity still require review; clock-only values are not verified response delays.
5ae4edcd1b1c6b,,False,Onset censoring and source timestamp validity still require review; clock-only values are not verified response delays.
5b0e6747e11b12,3.5,False,Onset censoring and source timestamp validity still require review; clock-only values are not verified response delays.
5b1607fd7d2bca,5.5,False,Onset censoring and source timestamp validity still require review; clock-only values are not verified response delays.
5b439f26afe8c7,42.0,False,Onset censoring and source timestamp validity still require review; clock-only values are not verified response delays.
5b53ec9aff334b,35.0,True,Onset censoring and source timestamp validity still require review; clock-only values are not verified response delays.
5b7fd0b881d62e,,False,Onset censoring and source timestamp validity still require review; clock-only values are not verified response delays.
5b918aecbdee40,29.5,False,Onset censoring and source timestamp validity still require review; clock-only values are not verified response delays.
5bace6a15d2ed6,,False,Onset censoring and source timestamp validity still require review; clock-only values are not verified response delays.
5bb66f54b13232,,False,Onset censoring and source timestamp validity still require review; clock-only values are not verified response delays.
5bc207c5338372,,False,Onset censoring and source timestamp validity still require review; clock-only values are not verified response delays.
5bc49ddbb7db9b,,False,Onset censoring and source timestamp validity still require review; clock-only values are not verified response delays.
5bcf44551abac8,,False,Onset censoring and source timestamp validity still require review; clock-only values are not verified response delays.
5bd2119f8b0946,22.5,True,Onset censoring and source timestamp validity still require review; clock-only values are not verified response delays.
5bdece58abce55,,False,Onset censoring and source timestamp validity still require review; clock-only values are not verified response delays.
5bff8e7260fc38,,False,Onset censoring and source timestamp validity still require review; clock-only values are not verified response delays.
5c1566f6a78909,,False,Onset censoring and source timestamp validity still require review; clock-only values are not verified response delays.
5c214b146dc182,,False,Onset censoring and source timestamp validity still require review; clock-only values are not verified response delays.
5c32123d6d0b20,,False,Onset censoring and source timestamp validity still require review; clock-only values are not verified response delays.
5c33a9ff1f5560,104.5,True,Onset censoring and source timestamp validity still require review; clock-only values are not verified response delays.
5c3f2267bd51ef,,False,Onset censoring and source timestamp validity still require review; clock-only values are not verified response delays.
5c678b70de88af,,False,Onset censoring and source timestamp validity still require review; clock-only values are not verified response delays.
5c72738601eb5b,,False,Onset censoring and source timestamp validity still require review; clock-only values are not verified response delays.
5c7ae57ff745b1,,False,Onset censoring and source timestamp validity still require review; clock-only values are not verified response delays.
5cb35af8100ac3,,False,Onset censoring and source timestamp validity still require review; clock-only values are not verified response delays.
5cb7d1e9764293,,False,Onset censoring and source timestamp validity still require review; clock-only values are not verified response delays.
5cbe3001e14379,,False,Onset censoring and source timestamp validity still require review; clock-only values are not verified response delays.
5cbe46467d9a95,30.5,False,Onset censoring and source timestamp validity still require review; clock-only values are not verified response delays.
5cdd15b4c285e0,,False,Onset censoring and source timestamp validity still require review; clock-only values are not verified response delays.
5cf779600632e3,,False,Onset censoring and source timestamp validity still require review; clock-only values are not verified response delays.
5cf8bb46bf10eb,,False,Onset censoring and source timestamp validity still require review; clock-only values are not verified response delays.
5d050f4444f829,,False,Onset censoring and source timestamp validity still require review; clock-only values are not verified response delays.
5d05bc64bf788e,,False,Onset censoring and source timestamp validity still require review; clock-only values are not verified response delays.
5d34adee435d97,,False,Onset censoring and source timestamp validity still require review; clock-only values are not verified response delays.
5d3af918868d30,,False,Onset censoring and source timestamp validity still require review; clock-only values are not verified response delays.
5d8d95fd46dccb,,False,Onset censoring and source timestamp validity still require review; clock-only values are not verified response delays.
5dbc78fc421fa9,,False,Onset censoring and source timestamp validity still require review; clock-only values are not verified response delays.
5dc19e3ca55662,,False,Onset censoring and source timestamp validity still require review; clock-only values are not verified response delays.
5e313ce34fb953,,False,Onset censoring and source timestamp validity still require review; clock-only values are not verified response delays.
5e3655f2508e21,18.5,False,Onset censoring and source timestamp validity still require review; clock-only values are not verified response delays.
5e3e05d1162f86,,False,Onset censoring and source timestamp validity still require review; clock-only values are not verified response delays.
5e73f08da57295,,False,Onset censoring and source timestamp validity still require review; clock-only values are not verified response delays.
5e96923f342b90,,False,Onset censoring and source timestamp validity still require review; clock-only values are not verified response delays.
5e9e11f84cf9f7,,False,Onset censoring and source timestamp validity still require review; clock-only values are not verified response delays.
5ea915350ede20,,False,Onset censoring and source timestamp validity still require review; clock-only values are not verified response delays.
5eade7d675392b,,False,Onset censoring and source timestamp validity still require review; clock-only values are not verified response delays.
5f1107017b3abd,,False,Onset censoring and source timestamp validity still require review; clock-only values are not verified response delays.
5f2d4c93ac87bb,,False,Onset censoring and source timestamp validity still require review; clock-only values are not verified response delays.
5f81b0fca51567,68.0,False,Onset censoring and source timestamp validity still require review; clock-only values are not verified response delays.
5f89338afc9c77,,False,Onset censoring and source timestamp validity still require review; clock-only values are not verified response delays.
5f94a76b711a75,,False,Onset censoring and source timestamp validity still require review; clock-only values are not verified response delays.
5f97af2977f537,,False,Onset censoring and source timestamp validity still require review; clock-only values are not verified response delays.
5fa3b4375c0f25,,False,Onset censoring and source timestamp validity still require review; clock-only values are not verified response delays.
5fa5bf28e13802,,False,Onset censoring and source timestamp validity still require review; clock-only values are not verified response delays.
5fb5dd1a6a1343,,False,Onset censoring and source timestamp validity still require review; clock-only values are not verified response delays.
5fb9e3a8fa7a60,,False,Onset censoring and source timestamp validity still require review; clock-only values are not verified response delays.
5fcd50776a218e,,False,Onset censoring and source timestamp validity still require review; clock-only values are not verified response delays.
5fd33964698279,,False,Onset censoring and source timestamp validity still require review; clock-only values are not verified response delays.
6008c13a0a216a,,False,Onset censoring and source timestamp validity still require review; clock-only values are not verified response delays.
6008f86553aeb1,,False,Onset censoring and source timestamp validity still require review; clock-only values are not verified response delays.
602a2f1478877c,,False,Onset censoring and source timestamp validity still require review; clock-only values are not verified response delays.
602baf602b3751,,False,Onset censoring and source timestamp validity still require review; clock-only values are not verified response delays.
6035d8f67fe33b,,False,Onset censoring and source timestamp validity still require review; clock-only values are not verified response delays.
6047d67ba66f54,,False,Onset censoring and source timestamp validity still require review; clock-only values are not verified response delays.
6048660bb861fb,,False,Onset censoring and source timestamp validity still require review; clock-only values are not verified response delays.
605702bd8a086a,1.0,False,Onset censoring and source timestamp validity still require review; clock-only values are not verified response delays.
60593b9f290ad6,,False,Onset censoring and source timestamp validity still require review; clock-only values are not verified response delays.
605b05ffaab649,,False,Onset censoring and source timestamp validity still require review; clock-only values are not verified response delays.
606acc00f750bd,,False,Onset censoring and source timestamp validity still require review; clock-only values are not verified response delays.
606ce7edc41caf,,False,Onset censoring and source timestamp validity still require review; clock-only values are not verified response delays.
6086583fa3420a,,False,Onset censoring and source timestamp validity still require review; clock-only values are not verified response delays.
6086fb3b41a67e,8.0,False,Onset censoring and source timestamp validity still require review; clock-only values are not verified response delays.
608bbfe41bd144,,False,Onset censoring and source timestamp validity still require review; clock-only values are not verified response delays.
60982327d3d308,,False,Onset censoring and source timestamp validity still require review; clock-only values are not verified response delays.
60a3192ca656c2,,False,Onset censoring and source timestamp validity still require review; clock-only values are not verified response delays.
60e9f5e680f00b,,False,Onset censoring and source timestamp validity still require review; clock-only values are not verified response delays.
614624bfa3a871,,False,Onset censoring and source timestamp validity still require review; clock-only values are not verified response delays.
6152a28e99650b,,False,Onset censoring and source timestamp validity still require review; clock-only values are not verified response delays.
615632dbe4bb18,,False,Onset censoring and source timestamp validity still require review; clock-only values are not verified response delays.
615f0d6b1f344c,6.0,False,Onset censoring and source timestamp validity still require review; clock-only values are not verified response delays.
6168c749309ee7,,False,Onset censoring and source timestamp validity still require review; clock-only values are not verified response delays.
6172e11c0027a7,,False,Onset censoring and source timestamp validity still require review; clock-only values are not verified response delays.
618fe381047920,,False,Onset censoring and source timestamp validity still require review; clock-only values are not verified response delays.
6195e45dc59d9b,,False,Onset censoring and source timestamp validity still require review; clock-only values are not verified response delays.
61a6455ed001b9,,False,Onset censoring and source timestamp validity still require review; clock-only values are not verified response delays.
61afce6a272516,,False,Onset censoring and source timestamp validity still require review; clock-only values are not verified response delays.
61cf0903543766,,False,Onset censoring and source timestamp validity still require review; clock-only values are not verified response delays.
61d3396dae5a7a,,False,Onset censoring and source timestamp validity still require review; clock-only values are not verified response delays.
61d8e193edd055,,False,Onset censoring and source timestamp validity still require review; clock-only values are not verified response delays.
61dc08aa5bbf2d,49.0,False,Onset censoring and source timestamp validity still require review; clock-only values are not verified response delays.
61e3c2032712bc,,False,Onset censoring and source timestamp validity still require review; clock-only values are not verified response delays.
61e6bc54213132,,False,Onset censoring and source timestamp validity still require review; clock-only values are not verified response delays.
620d41ba8d6dba,,False,Onset censoring and source timestamp validity still require review; clock-only values are not verified response delays.
621a403335a029,,False,Onset censoring and source timestamp validity still require review; clock-only values are not verified response delays.
6225a03af39077,,False,Onset censoring and source timestamp validity still require review; clock-only values are not verified response delays.
622cd899b8cc08,,False,Onset censoring and source timestamp validity still require review; clock-only values are not verified response delays.
6265d67791cf55,,False,Onset censoring and source timestamp validity still require review; clock-only values are not verified response delays.
627be9ef66915b,,False,Onset censoring and source timestamp validity still require review; clock-only values are not verified response delays.
62820a93a45618,,False,Onset censoring and source timestamp validity still require review; clock-only values are not verified response delays.
62aec7cda0fcff,,False,Onset censoring and source timestamp validity still require review; clock-only values are not verified response delays.
62b5c307cc24ab,136.0,False,Onset censoring and source timestamp validity still require review; clock-only values are not verified response delays.
62cc73065ace10,,False,Onset censoring and source timestamp validity still require review; clock-only values are not verified response delays.
62d9a2603ea023,,False,Onset censoring and source timestamp validity still require review; clock-only values are not verified response delays.
62e81652eef613,,False,Onset censoring and source timestamp validity still require review; clock-only values are not verified response delays.
62ef683a483f4b,,False,Onset censoring and source timestamp validity still require review; clock-only values are not verified response delays.
62fca9ac341dd7,,False,Onset censoring and source timestamp validity still require review; clock-only values are not verified response delays.
6324987fdab6c1,,False,Onset censoring and source timestamp validity still require review; clock-only values are not verified response delays.
632be789914bbf,,False,Onset censoring and source timestamp validity still require review; clock-only values are not verified response delays.
632fddc7b9c67f,,False,Onset censoring and source timestamp validity still require review; clock-only values are not verified response delays.
63523acbb9f729,,False,Onset censoring and source timestamp validity still require review; clock-only values are not verified response delays.
63711552306909,,False,Onset censoring and source timestamp validity still require review; clock-only values are not verified response delays.
638717f6e76092,,False,Onset censoring and source timestamp validity still require review; clock-only values are not verified response delays.
639ecfb4a4b2b1,,False,Onset censoring and source timestamp validity still require review; clock-only values are not verified response delays.
63a6f30fa346ef,,False,Onset censoring and source timestamp validity still require review; clock-only values are not verified response delays.
63bf15eb31bb66,,False,Onset censoring and source timestamp validity still require review; clock-only values are not verified response delays.
63d89047d7c5d0,,False,Onset censoring and source timestamp validity still require review; clock-only values are not verified response delays.
63f0a2af78f362,,False,Onset censoring and source timestamp validity still require review; clock-only values are not verified response delays.
6412a771dacf53,,False,Onset censoring and source timestamp validity still require review; clock-only values are not verified response delays.
6415f21823c83a,,False,Onset censoring and source timestamp validity still require review; clock-only values are not verified response delays.
643d034c135f0d,,False,Onset censoring and source timestamp validity still require review; clock-only values are not verified response delays.
644515f0c3b8a9,,False,Onset censoring and source timestamp validity still require review; clock-only values are not verified response delays.
6463f1caa91230,17.5,True,Onset censoring and source timestamp validity still require review; clock-only values are not verified response delays.
6465e838960552,,False,Onset censoring and source timestamp validity still require review; clock-only values are not verified response delays.
64728573c327c2,14.0,False,Onset censoring and source timestamp validity still require review; clock-only values are not verified response delays.
647ceaa36c6843,,False,Onset censoring and source timestamp validity still require review; clock-only values are not verified response delays.
6480cc0b192689,,False,Onset censoring and source timestamp validity still require review; clock-only values are not verified response delays.
648f97b26f4edb,22.5,True,Onset censoring and source timestamp validity still require review; clock-only values are not verified response delays.
64a7c27b76a6cb,,False,Onset censoring and source timestamp validity still require review; clock-only values are not verified response delays.
64b9a53c75d0ca,,False,Onset censoring and source timestamp validity still require review; clock-only values are not verified response delays.
64bba4a4336d91,,False,Onset censoring and source timestamp validity still require review; clock-only values are not verified response delays.
64cd8469f5346a,85.5,True,Onset censoring and source timestamp validity still require review; clock-only values are not verified response delays.
64e1db0d250945,,False,Onset censoring and source timestamp validity still require review; clock-only values are not verified response delays.
64f2516e9cdc80,,False,Onset censoring and source timestamp validity still require review; clock-only values are not verified response delays.
64f6f1ca395249,33.0,True,Onset censoring and source timestamp validity still require review; clock-only values are not verified response delays.
652b2e7fceadbc,,False,Onset censoring and source timestamp validity still require review; clock-only values are not verified response delays.
652b44e9fa8943,,False,Onset censoring and source timestamp validity still require review; clock-only values are not verified response delays.
655ca49c4b3264,,False,Onset censoring and source timestamp validity still require review; clock-only values are not verified response delays.
65693b9e44c68a,,False,Onset censoring and source timestamp validity still require review; clock-only values are not verified response delays.
6574d9972c88e0,,False,Onset censoring and source timestamp validity still require review; clock-only values are not verified response delays.
6580902c370099,,False,Onset censoring and source timestamp validity still require review; clock-only values are not verified response delays.
658b07fde4b84c,,False,Onset censoring and source timestamp validity still require review; clock-only values are not verified response delays.
659cd9914c1c4a,,False,Onset censoring and source timestamp validity still require review; clock-only values are not verified response delays.
65b7f9eba4a20e,,False,Onset censoring and source timestamp validity still require review; clock-only values are not verified response delays.
65d8280f8466ca,45.0,False,Onset censoring and source timestamp validity still require review; clock-only values are not verified response delays.
65e0678afec26b,,False,Onset censoring and source timestamp validity still require review; clock-only values are not verified response delays.
65e1427fc7b33a,37.0,False,Onset censoring and source timestamp validity still require review; clock-only values are not verified response delays.
65e6d88801700f,31.5,False,Onset censoring and source timestamp validity still require review; clock-only values are not verified response delays.
65f145f272b78a,177.0,False,Onset censoring and source timestamp validity still require review; clock-only values are not verified response delays.
6611a23aeaa47f,38.5,True,Onset censoring and source timestamp validity still require review; clock-only values are not verified response delays.
66185bb4779f9d,,False,Onset censoring and source timestamp validity still require review; clock-only values are not verified response delays.
661febba24749b,83.0,False,Onset censoring and source timestamp validity still require review; clock-only values are not verified response delays.
662011263c3805,,False,Onset censoring and source timestamp validity still require review; clock-only values are not verified response delays.
6624f1e57e4d20,20.0,False,Onset censoring and source timestamp validity still require review; clock-only values are not verified response delays.
664a20f834226f,28.5,False,Onset censoring and source timestamp validity still require review; clock-only values are not verified response delays.
665751b4e6d4dd,,False,Onset censoring and source timestamp validity still require review; clock-only values are not verified response delays.
66633209dc073a,44.0,True,Onset censoring and source timestamp validity still require review; clock-only values are not verified response delays.
66695d42ca1416,,False,Onset censoring and source timestamp validity still require review; clock-only values are not verified response delays.
6686f97688e290,,False,Onset censoring and source timestamp validity still require review; clock-only values are not verified response delays.
6694cd44484c82,,False,Onset censoring and source timestamp validity still require review; clock-only values are not verified response delays.
66bc70adc60627,15.5,False,Onset censoring and source timestamp validity still require review; clock-only values are not verified response delays.
66d3c39f5ed8ce,2.0,False,Onset censoring and source timestamp validity still require review; clock-only values are not verified response delays.
66df5914512fd8,,False,Onset censoring and source timestamp validity still require review; clock-only values are not verified response delays.
66dfe2db1581db,,False,Onset censoring and source timestamp validity still require review; clock-only values are not verified response delays.
670343ddd5d56a,13.5,False,Onset censoring and source timestamp validity still require review; clock-only values are not verified response delays.
6715e016634ab0,,False,Onset censoring and source timestamp validity still require review; clock-only values are not verified response delays.
6729d5340d62c6,,False,Onset censoring and source timestamp validity still require review; clock-only values are not verified response delays.
673a440cc42ec1,,False,Onset censoring and source timestamp validity still require review; clock-only values are not verified response delays.
67ad3d91c0efa5,2.5,False,Onset censoring and source timestamp validity still require review; clock-only values are not verified response delays.
67b80e5d2d3d91,,False,Onset censoring and source timestamp validity still require review; clock-only values are not verified response delays.
67bfe939510bcd,,False,Onset censoring and source timestamp validity still require review; clock-only values are not verified response delays.
683ae9556aa7a6,,False,Onset censoring and source timestamp validity still require review; clock-only values are not verified response delays.
683bf27f35b48b,,False,Onset censoring and source timestamp validity still require review; clock-only values are not verified response delays.
684c5659bffa32,,False,Onset censoring and source timestamp validity still require review; clock-only values are not verified response delays.
68552ad50b2d7d,,False,Onset censoring and source timestamp validity still require review; clock-only values are not verified response delays.
686bccaaf5c04b,,False,Onset censoring and source timestamp validity still require review; clock-only values are not verified response delays.
687094debd3a99,,False,Onset censoring and source timestamp validity still require review; clock-only values are not verified response delays.
687ea13d620a54,,False,Onset censoring and source timestamp validity still require review; clock-only values are not verified response delays.
68a92afaab4da8,,False,Onset censoring and source timestamp validity still require review; clock-only values are not verified response delays.
68b55cf43a95a7,,False,Onset censoring and source timestamp validity still require review; clock-only values are not verified response delays.
68b7d9b81213a9,24.0,False,Onset censoring and source timestamp validity still require review; clock-only values are not verified response delays.
68bca83c7b6b83,,False,Onset censoring and source timestamp validity still require review; clock-only values are not verified response delays.
68c797987c4178,,False,Onset censoring and source timestamp validity still require review; clock-only values are not verified response delays.
68e00c4d12b8de,,False,Onset censoring and source timestamp validity still require review; clock-only values are not verified response delays.
68e130187a8a90,,False,Onset censoring and source timestamp validity still require review; clock-only values are not verified response delays.
68f618e14c0b82,,False,Onset censoring and source timestamp validity still require review; clock-only values are not verified response delays.
68fcf92a48810a,4.5,True,Onset censoring and source timestamp validity still require review; clock-only values are not verified response delays.
693858fd7e4f50,,False,Onset censoring and source timestamp validity still require review; clock-only values are not verified response delays.
693e8e34478aa6,,False,Onset censoring and source timestamp validity still require review; clock-only values are not verified response delays.
6959718d2ce203,,False,Onset censoring and source timestamp validity still require review; clock-only values are not verified response delays.
696b306c716d9b,66.5,True,Onset censoring and source timestamp validity still require review; clock-only values are not verified response delays.
697a7aa0e187ee,,False,Onset censoring and source timestamp validity still require review; clock-only values are not verified response delays.
697f58d8932686,,False,Onset censoring and source timestamp validity still require review; clock-only values are not verified response delays.
698444f4decdb1,,False,Onset censoring and source timestamp validity still require review; clock-only values are not verified response delays.
69957c8c6e458a,,False,Onset censoring and source timestamp validity still require review; clock-only values are not verified response delays.
69a4cd07267edf,,False,Onset censoring and source timestamp validity still require review; clock-only values are not verified response delays.
69f5c570862910,9.5,False,Onset censoring and source timestamp validity still require review; clock-only values are not verified response delays.
6a5c64defd9824,,False,Onset censoring and source timestamp validity still require review; clock-only values are not verified response delays.
6a77ff16135294,,False,Onset censoring and source timestamp validity still require review; clock-only values are not verified response delays.
6a7ad9355182b7,,False,Onset censoring and source timestamp validity still require review; clock-only values are not verified response delays.
6a7f27f90a18ec,,False,Onset censoring and source timestamp validity still require review; clock-only values are not verified response delays.
6ac8ced09cd0ef,,False,Onset censoring and source timestamp validity still require review; clock-only values are not verified response delays.
6ace2b5f058c4c,38.5,False,Onset censoring and source timestamp validity still require review; clock-only values are not verified response delays.
6ade0f60f8faa8,,False,Onset censoring and source timestamp validity still require review; clock-only values are not verified response delays.
6adebd4d2d2af6,49.0,True,Onset censoring and source timestamp validity still require review; clock-only values are not verified response delays.
6b0fea76fa622c,,False,Onset censoring and source timestamp validity still require review; clock-only values are not verified response delays.
6b1bc7727c58f0,,False,Onset censoring and source timestamp validity still require review; clock-only values are not verified response delays.
6b28966bdef4d9,,False,Onset censoring and source timestamp validity still require review; clock-only values are not verified response delays.
6b29006f21e8d1,18.5,True,Onset censoring and source timestamp validity still require review; clock-only values are not verified response delays.
6b30b39889861e,,False,Onset censoring and source timestamp validity still require review; clock-only values are not verified response delays.
6b3136c8e1f33d,30.0,False,Onset censoring and source timestamp validity still require review; clock-only values are not verified response delays.
6b41dbab7d5433,,False,Onset censoring and source timestamp validity still require review; clock-only values are not verified response delays.
6b61cf1c081d59,,False,Onset censoring and source timestamp validity still require review; clock-only values are not verified response delays.
6b6c5d91759c1e,,False,Onset censoring and source timestamp validity still require review; clock-only values are not verified response delays.
6b76356ac3b411,,False,Onset censoring and source timestamp validity still require review; clock-only values are not verified response delays.
6b79de0c677ed9,,False,Onset censoring and source timestamp validity still require review; clock-only values are not verified response delays.
6b94b5b86e6531,,False,Onset censoring and source timestamp validity still require review; clock-only values are not verified response delays.
6b9b3e4d1e018d,,False,Onset censoring and source timestamp validity still require review; clock-only values are not verified response delays.
6baa7abced517f,,False,Onset censoring and source timestamp validity still require review; clock-only values are not verified response delays.
6badc35e98658c,,False,Onset censoring and source timestamp validity still require review; clock-only values are not verified response delays.
6bb07c21740dac,,False,Onset censoring and source timestamp validity still require review; clock-only values are not verified response delays.
6bbee6e5ddb004,,False,Onset censoring and source timestamp validity still require review; clock-only values are not verified response delays.
6bdfe209d5890a,,False,Onset censoring and source timestamp validity still require review; clock-only values are not verified response delays.
6c4027ee2fe289,34.5,False,Onset censoring and source timestamp validity still require review; clock-only values are not verified response delays.
6c9423835134b0,,False,Onset censoring and source timestamp validity still require review; clock-only values are not verified response delays.
6caa1ec9e92488,,False,Onset censoring and source timestamp validity still require review; clock-only values are not verified response delays.
6cb97ef41341bf,,False,Onset censoring and source timestamp validity still require review; clock-only values are not verified response delays.
6cbcb1891d7fb1,16.416666666666668,True,Onset censoring and source timestamp validity still require review; clock-only values are not verified response delays.
6cd919d2ef2547,,False,Onset censoring and source timestamp validity still require review; clock-only values are not verified response delays.
6cdf15842f5ce0,,False,Onset censoring and source timestamp validity still require review; clock-only values are not verified response delays.
6cf3f3381f66d8,,False,Onset censoring and source timestamp validity still require review; clock-only values are not verified response delays.
6cfab7c028c8f3,,False,Onset censoring and source timestamp validity still require review; clock-only values are not verified response delays.
6d12c94f8bb5dc,,False,Onset censoring and source timestamp validity still require review; clock-only values are not verified response delays.
6d4d04d52542ad,1.5,False,Onset censoring and source timestamp validity still require review; clock-only values are not verified response delays.
6d560699831e78,,False,Onset censoring and source timestamp validity still require review; clock-only values are not verified response delays.
6d646e350ac92d,65.0,True,Onset censoring and source timestamp validity still require review; clock-only values are not verified response delays.
6dad3be7d6489a,,False,Onset censoring and source timestamp validity still require review; clock-only values are not verified response delays.
6db0ef640ec31e,,False,Onset censoring and source timestamp validity still require review; clock-only values are not verified response delays.
6dbc9f593f8cad,,False,Onset censoring and source timestamp validity still require review; clock-only values are not verified response delays.
6dcdf08984817c,27.5,False,Onset censoring and source timestamp validity still require review; clock-only values are not verified response delays.
6ddaa87692f26a,,False,Onset censoring and source timestamp validity still require review; clock-only values are not verified response delays.
6de1d34ae39414,32.0,False,Onset censoring and source timestamp validity still require review; clock-only values are not verified response delays.
6e20144662146d,,False,Onset censoring and source timestamp validity still require review; clock-only values are not verified response delays.
6e26bc2cd49a48,,False,Onset censoring and source timestamp validity still require review; clock-only values are not verified response delays.
6e39d1e76905f1,3.5,False,Onset censoring and source timestamp validity still require review; clock-only values are not verified response delays.
6e5f409a813a56,,False,Onset censoring and source timestamp validity still require review; clock-only values are not verified response delays.
6e698af0525c62,78.5,False,Onset censoring and source timestamp validity still require review; clock-only values are not verified response delays.
6e6dc3452c46cb,,False,Onset censoring and source timestamp validity still require review; clock-only values are not verified response delays.
6e6e0d4e2b25fc,,False,Onset censoring and source timestamp validity still require review; clock-only values are not verified response delays.
6e7da10c09e823,69.0,False,Onset censoring and source timestamp validity still require review; clock-only values are not verified response delays.
6e7ec502d63e42,33.0,False,Onset censoring and source timestamp validity still require review; clock-only values are not verified response delays.
6ec68c6c13b815,,False,Onset censoring and source timestamp validity still require review; clock-only values are not verified response delays.
6f04c5904d3354,,False,Onset censoring and source timestamp validity still require review; clock-only values are not verified response delays.
6f14a53a85bffa,,False,Onset censoring and source timestamp validity still require review; clock-only values are not verified response delays.
6f26855f462c16,,False,Onset censoring and source timestamp validity still require review; clock-only values are not verified response delays.
6f70a9ee8c974d,,False,Onset censoring and source timestamp validity still require review; clock-only values are not verified response delays.
6f7a6c8be2514d,,False,Onset censoring and source timestamp validity still require review; clock-only values are not verified response delays.
6f8ec4f0b821ec,,False,Onset censoring and source timestamp validity still require review; clock-only values are not verified response delays.
6fb35e1ab2bf7c,,False,Onset censoring and source timestamp validity still require review; clock-only values are not verified response delays.
6fb4c7db220361,,False,Onset censoring and source timestamp validity still require review; clock-only values are not verified response delays.
6fde5b54412ec1,,False,Onset censoring and source timestamp validity still require review; clock-only values are not verified response delays.
6ff1071c6e6ba5,,False,Onset censoring and source timestamp validity still require review; clock-only values are not verified response delays.
7014827b61a78b,,False,Onset censoring and source timestamp validity still require review; clock-only values are not verified response delays.
702a352ca16dac,,False,Onset censoring and source timestamp validity still require review; clock-only values are not verified response delays.
703ce1d7c0af82,,False,Onset censoring and source timestamp validity still require review; clock-only values are not verified response delays.
707409ea31a5d3,3.5,False,Onset censoring and source timestamp validity still require review; clock-only values are not verified response delays.
708790e416ff08,,False,Onset censoring and source timestamp validity still require review; clock-only values are not verified response delays.
70a99d654f9deb,,False,Onset censoring and source timestamp validity still require review; clock-only values are not verified response delays.
70fff3a91ce708,,False,Onset censoring and source timestamp validity still require review; clock-only values are not verified response delays.
71106dfde39dac,,False,Onset censoring and source timestamp validity still require review; clock-only values are not verified response delays.
7124492fa26382,,False,Onset censoring and source timestamp validity still require review; clock-only values are not verified response delays.
713d5ae3ebf6bb,,False,Onset censoring and source timestamp validity still require review; clock-only values are not verified response delays.
714f792e95007a,,False,Onset censoring and source timestamp validity still require review; clock-only values are not verified response delays.
715c296d573f64,,False,Onset censoring and source timestamp validity still require review; clock-only values are not verified response delays.
718a5e3b1e883c,8.5,False,Onset censoring and source timestamp validity still require review; clock-only values are not verified response delays.
7196b427523105,,False,Onset censoring and source timestamp validity still require review; clock-only values are not verified response delays.
71b9d58ef84b90,,False,Onset censoring and source timestamp validity still require review; clock-only values are not verified response delays.
71c8db62b20dc9,,False,Onset censoring and source timestamp validity still require review; clock-only values are not verified response delays.
71d700f32f6ccb,,False,Onset censoring and source timestamp validity still require review; clock-only values are not verified response delays.
71fcb300ae28d4,,False,Onset censoring and source timestamp validity still require review; clock-only values are not verified response delays.
7201868f1e374f,,False,Onset censoring and source timestamp validity still require review; clock-only values are not verified response delays.
7207b0818a9c33,,False,Onset censoring and source timestamp validity still require review; clock-only values are not verified response delays.
722441e93d7785,,False,Onset censoring and source timestamp validity still require review; clock-only values are not verified response delays.
722ca2d4d8f2db,,False,Onset censoring and source timestamp validity still require review; clock-only values are not verified response delays.
72367cfa9f64d8,10.5,False,Onset censoring and source timestamp validity still require review; clock-only values are not verified response delays.
725d2e8572de48,,False,Onset censoring and source timestamp validity still require review; clock-only values are not verified response delays.
7262d47490fe4d,,False,Onset censoring and source timestamp validity still require review; clock-only values are not verified response delays.
7267b84c9c8e82,,False,Onset censoring and source timestamp validity still require review; clock-only values are not verified response delays.
7270107cf3c170,,False,Onset censoring and source timestamp validity still require review; clock-only values are not verified response delays.
7289f63e38d3e3,,False,Onset censoring and source timestamp validity still require review; clock-only values are not verified response delays.
728bb19e404483,,False,Onset censoring and source timestamp validity still require review; clock-only values are not verified response delays.
728d805913c8fe,,False,Onset censoring and source timestamp validity still require review; clock-only values are not verified response delays.
729a497a443029,,False,Onset censoring and source timestamp validity still require review; clock-only values are not verified response delays.
72b4c6d09b4167,,False,Onset censoring and source timestamp validity still require review; clock-only values are not verified response delays.
72bb31538147cb,,False,Onset censoring and source timestamp validity still require review; clock-only values are not verified response delays.
72ca47788f5ff3,8.5,False,Onset censoring and source timestamp validity still require review; clock-only values are not verified response delays.
72e3ae9ceb9d7d,,False,Onset censoring and source timestamp validity still require review; clock-only values are not verified response delays.
7307b7fee85f5d,,False,Onset censoring and source timestamp validity still require review; clock-only values are not verified response delays.
730aba82469807,,False,Onset censoring and source timestamp validity still require review; clock-only values are not verified response delays.
7314866e45e4a3,,False,Onset censoring and source timestamp validity still require review; clock-only values are not verified response delays.
731df474044f34,,False,Onset censoring and source timestamp validity still require review; clock-only values are not verified response delays.
732191bf86b5e2,,False,Onset censoring and source timestamp validity still require review; clock-only values are not verified response delays.
732cbe2bd45d5b,,False,Onset censoring and source timestamp validity still require review; clock-only values are not verified response delays.
734216483fbbcd,,False,Onset censoring and source timestamp validity still require review; clock-only values are not verified response delays.
73480407dbf76f,,False,Onset censoring and source timestamp validity still require review; clock-only values are not verified response delays.
734c37c2dfb666,4.0,False,Onset censoring and source timestamp validity still require review; clock-only values are not verified response delays.
734e2b95a86783,,False,Onset censoring and source timestamp validity still require review; clock-only values are not verified response delays.
737cbe5378afb2,,False,Onset censoring and source timestamp validity still require review; clock-only values are not verified response delays.
739eb990ac71d8,,False,Onset censoring and source timestamp validity still require review; clock-only values are not verified response delays.
73a6e90444e232,,False,Onset censoring and source timestamp validity still require review; clock-only values are not verified response delays.
73b37e8f4a7297,,False,Onset censoring and source timestamp validity still require review; clock-only values are not verified response delays.
73c285ef6179a6,,False,Onset censoring and source timestamp validity still require review; clock-only values are not verified response delays.
73c4a935914d28,,False,Onset censoring and source timestamp validity still require review; clock-only values are not verified response delays.
73d3a2b31ebe81,,False,Onset censoring and source timestamp validity still require review; clock-only values are not verified response delays.
73f98e91a0244a,89.5,True,Onset censoring and source timestamp validity still require review; clock-only values are not verified response delays.
73fbbf5a92eb26,,False,Onset censoring and source timestamp validity still require review; clock-only values are not verified response delays.
7400f601b6a9f8,,False,Onset censoring and source timestamp validity still require review; clock-only values are not verified response delays.
7413fdf77c50cc,,False,Onset censoring and source timestamp validity still require review; clock-only values are not verified response delays.
742c5c66891086,,False,Onset censoring and source timestamp validity still require review; clock-only values are not verified response delays.
7460bcdfce6976,,False,Onset censoring and source timestamp validity still require review; clock-only values are not verified response delays.
747176e6bdb900,,False,Onset censoring and source timestamp validity still require review; clock-only values are not verified response delays.
748824eaeb0f79,,False,Onset censoring and source timestamp validity still require review; clock-only values are not verified response delays.
748b04f8f2e1a3,,False,Onset censoring and source timestamp validity still require review; clock-only values are not verified response delays.
74ab617c950c3d,,False,Onset censoring and source timestamp validity still require review; clock-only values are not verified response delays.
74e3fba1b2d7f4,,False,Onset censoring and source timestamp validity still require review; clock-only values are not verified response delays.
74efc10be832ef,,False,Onset censoring and source timestamp validity still require review; clock-only values are not verified response delays.
75288901a3c188,,False,Onset censoring and source timestamp validity still require review; clock-only values are not verified response delays.
752dbea7369114,32.5,False,Onset censoring and source timestamp validity still require review; clock-only values are not verified response delays.
752dec239efc72,,False,Onset censoring and source timestamp validity still require review; clock-only values are not verified response delays.
754b85f9cbf5ac,,False,Onset censoring and source timestamp validity still require review; clock-only values are not verified response delays.
754cb8b2f8b0dd,,False,Onset censoring and source timestamp validity still require review; clock-only values are not verified response delays.
7568578bcf81b0,,False,Onset censoring and source timestamp validity still require review; clock-only values are not verified response delays.
756e96023b0ff5,,False,Onset censoring and source timestamp validity still require review; clock-only values are not verified response delays.
7598c94a8e38e9,8.0,False,Onset censoring and source timestamp validity still require review; clock-only values are not verified response delays.
75a2fb610a00b5,,False,Onset censoring and source timestamp validity still require review; clock-only values are not verified response delays.
75ad46e5d54bcf,,False,Onset censoring and source timestamp validity still require review; clock-only values are not verified response delays.
75ef3a49a309d7,,False,Onset censoring and source timestamp validity still require review; clock-only values are not verified response delays.
75f149cd733bbf,,False,Onset censoring and source timestamp validity still require review; clock-only values are not verified response delays.
75f2a338656a30,,False,Onset censoring and source timestamp validity still require review; clock-only values are not verified response delays.
760c676d4a0585,,False,Onset censoring and source timestamp validity still require review; clock-only values are not verified response delays.
7612592eabfdf8,7.0,True,Onset censoring and source timestamp validity still require review; clock-only values are not verified response delays.
7628a9bd07546a,,False,Onset censoring and source timestamp validity still require review; clock-only values are not verified response delays.
7632c147352e8d,,False,Onset censoring and source timestamp validity still require review; clock-only values are not verified response delays.
76392cb8a66569,,False,Onset censoring and source timestamp validity still require review; clock-only values are not verified response delays.
763bc3b8aa1c27,,False,Onset censoring and source timestamp validity still require review; clock-only values are not verified response delays.
763f0bbcf5aa86,,False,Onset censoring and source timestamp validity still require review; clock-only values are not verified response delays.
7656ef8d63724f,,False,Onset censoring and source timestamp validity still require review; clock-only values are not verified response delays.
765819411e9427,152.5,True,Onset censoring and source timestamp validity still require review; clock-only values are not verified response delays.
76676084368b6a,,False,Onset censoring and source timestamp validity still require review; clock-only values are not verified response delays.
766f36cecdc6cb,,False,Onset censoring and source timestamp validity still require review; clock-only values are not verified response delays.
76a0d616fc740f,3.0,True,Onset censoring and source timestamp validity still require review; clock-only values are not verified response delays.
76a2fafb2fed4c,,False,Onset censoring and source timestamp validity still require review; clock-only values are not verified response delays.
76ab254f4da31a,,False,Onset censoring and source timestamp validity still require review; clock-only values are not verified response delays.
76b2e5a7448d80,32.5,False,Onset censoring and source timestamp validity still require review; clock-only values are not verified response delays.
76b380aa50b4cd,106.0,True,Onset censoring and source timestamp validity still require review; clock-only values are not verified response delays.
76c5ce2f1d3ba3,,False,Onset censoring and source timestamp validity still require review; clock-only values are not verified response delays.
76cf7c7b056f4c,,False,Onset censoring and source timestamp validity still require review; clock-only values are not verified response delays.
76d087f24f007c,20.5,False,Onset censoring and source timestamp validity still require review; clock-only values are not verified response delays.
7711c19a483e60,55.5,True,Onset censoring and source timestamp validity still require review; clock-only values are not verified response delays.
772fee93fd271e,,False,Onset censoring and source timestamp validity still require review; clock-only values are not verified response delays.
7746573a40752b,,False,Onset censoring and source timestamp validity still require review; clock-only values are not verified response delays.
7760ac967cca6a,55.5,False,Onset censoring and source timestamp validity still require review; clock-only values are not verified response delays.
7786aa958bd98c,,False,Onset censoring and source timestamp validity still require review; clock-only values are not verified response delays.
778d26d38eb7f0,,False,Onset censoring and source timestamp validity still require review; clock-only values are not verified response delays.
7797783699bfd3,23.0,False,Onset censoring and source timestamp validity still require review; clock-only values are not verified response delays.
779a8a6961ff35,,False,Onset censoring and source timestamp validity still require review; clock-only values are not verified response delays.
77b898a65eaf38,,False,Onset censoring and source timestamp validity still require review; clock-only values are not verified response delays.
77bdfa38524e20,42.0,True,Onset censoring and source timestamp validity still require review; clock-only values are not verified response delays.
77e3a7985632ef,,False,Onset censoring and source timestamp validity still require review; clock-only values are not verified response delays.
78265a68e51851,28.5,True,Onset censoring and source timestamp validity still require review; clock-only values are not verified response delays.
782926af4f2509,,False,Onset censoring and source timestamp validity still require review; clock-only values are not verified response delays.
7843980d032151,,False,Onset censoring and source timestamp validity still require review; clock-only values are not verified response delays.
784fb37d9f1b27,,False,Onset censoring and source timestamp validity still require review; clock-only values are not verified response delays.
7878ba1f447136,75.5,False,Onset censoring and source timestamp validity still require review; clock-only values are not verified response delays.
788666e7af8bb6,,False,Onset censoring and source timestamp validity still require review; clock-only values are not verified response delays.
78c564849b4f80,16.0,True,Onset censoring and source timestamp validity still require review; clock-only values are not verified response delays.
78d64985511a7a,,False,Onset censoring and source timestamp validity still require review; clock-only values are not verified response delays.
78ddc34a226e79,,False,Onset censoring and source timestamp validity still require review; clock-only values are not verified response delays.
7903c04a9efcc2,,False,Onset censoring and source timestamp validity still require review; clock-only values are not verified response delays.
7946ec8b3c1f38,,False,Onset censoring and source timestamp validity still require review; clock-only values are not verified response delays.
7969a7d98ebf71,,False,Onset censoring and source timestamp validity still require review; clock-only values are not verified response delays.
796d955fdeeb9a,,False,Onset censoring and source timestamp validity still require review; clock-only values are not verified response delays.
79f8bd66f42856,,False,Onset censoring and source timestamp validity still require review; clock-only values are not verified response delays.
79fa0dba5a19f3,,False,Onset censoring and source timestamp validity still require review; clock-only values are not verified response delays.
7a3978017eef0a,,False,Onset censoring and source timestamp validity still require review; clock-only values are not verified response delays.
7a7a1fa163fd1c,,False,Onset censoring and source timestamp validity still require review; clock-only values are not verified response delays.
7a829fb38e3b13,,False,Onset censoring and source timestamp validity still require review; clock-only values are not verified response delays.
7a9f22b719b3a0,,False,Onset censoring and source timestamp validity still require review; clock-only values are not verified response delays.
7aa137d4f124bf,118.5,False,Onset censoring and source timestamp validity still require review; clock-only values are not verified response delays.
7aac3c64055a4a,,False,Onset censoring and source timestamp validity still require review; clock-only values are not verified response delays.
7ad474df197976,,False,Onset censoring and source timestamp validity still require review; clock-only values are not verified response delays.
7b0299b99dd527,,False,Onset censoring and source timestamp validity still require review; clock-only values are not verified response delays.
7b09b6158a5223,,False,Onset censoring and source timestamp validity still require review; clock-only values are not verified response delays.
7b11bf8bda451e,,False,Onset censoring and source timestamp validity still require review; clock-only values are not verified response delays.
7b258de359e951,,False,Onset censoring and source timestamp validity still require review; clock-only values are not verified response delays.
7b6a3e305a37b8,,False,Onset censoring and source timestamp validity still require review; clock-only values are not verified response delays.
7b8ea635ff54cb,16.5,False,Onset censoring and source timestamp validity still require review; clock-only values are not verified response delays.
7b990c9b90087f,15.0,True,Onset censoring and source timestamp validity still require review; clock-only values are not verified response delays.
7bb888c92457c1,7.0,False,Onset censoring and source timestamp validity still require review; clock-only values are not verified response delays.
7bb91394437a02,16.5,False,Onset censoring and source timestamp validity still require review; clock-only values are not verified response delays.
7bbceac59d5d63,,False,Onset censoring and source timestamp validity still require review; clock-only values are not verified response delays.
7bc37b23a20544,,False,Onset censoring and source timestamp validity still require review; clock-only values are not verified response delays.
7bdd9409ec0bd0,64.0,True,Onset censoring and source timestamp validity still require review; clock-only values are not verified response delays.
7c01dbb2fad912,,False,Onset censoring and source timestamp validity still require review; clock-only values are not verified response delays.
7c17e775df5aea,,False,Onset censoring and source timestamp validity still require review; clock-only values are not verified response delays.
7c1f6e17952bea,,False,Onset censoring and source timestamp validity still require review; clock-only values are not verified response delays.
7c22e4b3f9228f,,False,Onset censoring and source timestamp validity still require review; clock-only values are not verified response delays.
7c28349c7a1b57,,False,Onset censoring and source timestamp validity still require review; clock-only values are not verified response delays.
7c36fb631968ab,88.5,False,Onset censoring and source timestamp validity still require review; clock-only values are not verified response delays.
7c4f19fb73434c,,False,Onset censoring and source timestamp validity still require review; clock-only values are not verified response delays.
7c5b428e4672aa,,False,Onset censoring and source timestamp validity still require review; clock-only values are not verified response delays.
7c64d087b88478,51.5,True,Onset censoring and source timestamp validity still require review; clock-only values are not verified response delays.
7c6989ab1ad369,8.0,True,Onset censoring and source timestamp validity still require review; clock-only values are not verified response delays.
7cb0a1a7bd752d,,False,Onset censoring and source timestamp validity still require review; clock-only values are not verified response delays.
7cdd37ba33db3c,,False,Onset censoring and source timestamp validity still require review; clock-only values are not verified response delays.
7d1be19a0d26b8,8.5,False,Onset censoring and source timestamp validity still require review; clock-only values are not verified response delays.
7d2024ad4a1354,,False,Onset censoring and source timestamp validity still require review; clock-only values are not verified response delays.
7d4efc2da90b83,,False,Onset censoring and source timestamp validity still require review; clock-only values are not verified response delays.
7d584c60f496f3,,False,Onset censoring and source timestamp validity still require review; clock-only values are not verified response delays.
7da057dc2faedb,,False,Onset censoring and source timestamp validity still require review; clock-only values are not verified response delays.
7db8f5de343fbe,,False,Onset censoring and source timestamp validity still require review; clock-only values are not verified response delays.
7dc0c2dce9d1d9,,False,Onset censoring and source timestamp validity still require review; clock-only values are not verified response delays.
7deae4154926ad,,False,Onset censoring and source timestamp validity still require review; clock-only values are not verified response delays.
7e03d41670dddb,,False,Onset censoring and source timestamp validity still require review; clock-only values are not verified response delays.
7e0822a63c888a,22.0,False,Onset censoring and source timestamp validity still require review; clock-only values are not verified response delays.
7e161205c550b8,,False,Onset censoring and source timestamp validity still require review; clock-only values are not verified response delays.
7e1bc3fc8c4767,,False,Onset censoring and source timestamp validity still require review; clock-only values are not verified response delays.
7e39fb42e4c231,90.0,False,Onset censoring and source timestamp validity still require review; clock-only values are not verified response delays.
7e4f1dfa8395fe,104.0,False,Onset censoring and source timestamp validity still require review; clock-only values are not verified response delays.
7e75e7aaa2d728,,False,Onset censoring and source timestamp validity still require review; clock-only values are not verified response delays.
7e96227f85eb48,,False,Onset censoring and source timestamp validity still require review; clock-only values are not verified response delays.
7ea8243c73d68e,,False,Onset censoring and source timestamp validity still require review; clock-only values are not verified response delays.
7eaa9476134b15,77.0,True,Onset censoring and source timestamp validity still require review; clock-only values are not verified response delays.
7eac2ac3d5b8a7,,False,Onset censoring and source timestamp validity still require review; clock-only values are not verified response delays.
7ec85cb3daa0b9,,False,Onset censoring and source timestamp validity still require review; clock-only values are not verified response delays.
7eff10a4311c05,,False,Onset censoring and source timestamp validity still require review; clock-only values are not verified response delays.
7f00b01e5f15f1,,False,Onset censoring and source timestamp validity still require review; clock-only values are not verified response delays.
7f029a69033299,,False,Onset censoring and source timestamp validity still require review; clock-only values are not verified response delays.
7f1d634a6aa887,14.5,False,Onset censoring and source timestamp validity still require review; clock-only values are not verified response delays.
7f265a41ef93e8,,False,Onset censoring and source timestamp validity still require review; clock-only values are not verified response delays.
7f2d1ad693c70b,,False,Onset censoring and source timestamp validity still require review; clock-only values are not verified response delays.
7f670e604e13b1,,False,Onset censoring and source timestamp validity still require review; clock-only values are not verified response delays.
7f693ddf88e36f,0.0,False,Onset censoring and source timestamp validity still require review; clock-only values are not verified response delays.
7f77107acaf8d2,,False,Onset censoring and source timestamp validity still require review; clock-only values are not verified response delays.
7f8065b88b5320,,False,Onset censoring and source timestamp validity still require review; clock-only values are not verified response delays.
7f941e02588ffa,,False,Onset censoring and source timestamp validity still require review; clock-only values are not verified response delays.
7fa42e3c9bea2e,,False,Onset censoring and source timestamp validity still require review; clock-only values are not verified response delays.
7fb609e1b1ff03,,False,Onset censoring and source timestamp validity still require review; clock-only values are not verified response delays.
7fbd96369b0627,,False,Onset censoring and source timestamp validity still require review; clock-only values are not verified response delays.
7fbeb55739b514,,False,Onset censoring and source timestamp validity still require review; clock-only values are not verified response delays.
7ff9ca32cde1f0,,False,Onset censoring and source timestamp validity still require review; clock-only values are not verified response delays.
8003c9f1dc8011,,False,Onset censoring and source timestamp validity still require review; clock-only values are not verified response delays.
800ae859c6ca51,,False,Onset censoring and source timestamp validity still require review; clock-only values are not verified response delays.
80208aabc47222,,False,Onset censoring and source timestamp validity still require review; clock-only values are not verified response delays.
802a824f67ea36,,False,Onset censoring and source timestamp validity still require review; clock-only values are not verified response delays.
80361dcb6859d9,16.0,False,Onset censoring and source timestamp validity still require review; clock-only values are not verified response delays.
80634da2b01ed5,19.5,True,Onset censoring and source timestamp validity still require review; clock-only values are not verified response delays.
808ce12c91f412,,False,Onset censoring and source timestamp validity still require review; clock-only values are not verified response delays.
80b127bab9ca1d,,False,Onset censoring and source timestamp validity still require review; clock-only values are not verified response delays.
80b43518e55f33,,False,Onset censoring and source timestamp validity still require review; clock-only values are not verified response delays.
80c0cac37e7a90,,False,Onset censoring and source timestamp validity still require review; clock-only values are not verified response delays.
80cd54964d7c57,,False,Onset censoring and source timestamp validity still require review; clock-only values are not verified response delays.
80dda23b6438f3,,False,Onset censoring and source timestamp validity still require review; clock-only values are not verified response delays.
80e61536e51458,,False,Onset censoring and source timestamp validity still require review; clock-only values are not verified response delays.
80ed8bb9fd0b10,,False,Onset censoring and source timestamp validity still require review; clock-only values are not verified response delays.
813fd4f7ffee35,,False,Onset censoring and source timestamp validity still require review; clock-only values are not verified response delays.
8158684d6a05f3,,False,Onset censoring and source timestamp validity still require review; clock-only values are not verified response delays.
8169a81ae20ca9,19.0,False,Onset censoring and source timestamp validity still require review; clock-only values are not verified response delays.
818fa3a322b7ef,,False,Onset censoring and source timestamp validity still require review; clock-only values are not verified response delays.
81b355abeb2a73,,False,Onset censoring and source timestamp validity still require review; clock-only values are not verified response delays.
81b740f5d3c901,,False,Onset censoring and source timestamp validity still require review; clock-only values are not verified response delays.
81b74b1622fc1c,,False,Onset censoring and source timestamp validity still require review; clock-only values are not verified response delays.
81b75d354a3435,,False,Onset censoring and source timestamp validity still require review; clock-only values are not verified response delays.
81ccbefb55373a,,False,Onset censoring and source timestamp validity still require review; clock-only values are not verified response delays.
820d12ee3ad183,,False,Onset censoring and source timestamp validity still require review; clock-only values are not verified response delays.
8213651b6e80a5,45.5,False,Onset censoring and source timestamp validity still require review; clock-only values are not verified response delays.
82196f58c83c3e,1.0,True,Onset censoring and source timestamp validity still require review; clock-only values are not verified response delays.
821b40b7e217e4,,False,Onset censoring and source timestamp validity still require review; clock-only values are not verified response delays.
8240b5479db680,,False,Onset censoring and source timestamp validity still require review; clock-only values are not verified response delays.
826de0a79ab618,8.5,False,Onset censoring and source timestamp validity still require review; clock-only values are not verified response delays.
8271240cbcbda7,,False,Onset censoring and source timestamp validity still require review; clock-only values are not verified response delays.
827a2d9308a3ca,,False,Onset censoring and source timestamp validity still require review; clock-only values are not verified response delays.
8288223168c2fa,,False,Onset censoring and source timestamp validity still require review; clock-only values are not verified response delays.
8291e9c7fe2405,,False,Onset censoring and source timestamp validity still require review; clock-only values are not verified response delays.
82973e396a4356,,False,Onset censoring and source timestamp validity still require review; clock-only values are not verified response delays.
82b8e4a99f46c3,,False,Onset censoring and source timestamp validity still require review; clock-only values are not verified response delays.
82c773d4a8ed5c,122.0,False,Onset censoring and source timestamp validity still require review; clock-only values are not verified response delays.
82d4fe8d436d2a,,False,Onset censoring and source timestamp validity still require review; clock-only values are not verified response delays.
82e9755b572fc8,,False,Onset censoring and source timestamp validity still require review; clock-only values are not verified response delays.
8303201d41a150,21.5,True,Onset censoring and source timestamp validity still require review; clock-only values are not verified response delays.
8319f7f6beed56,,False,Onset censoring and source timestamp validity still require review; clock-only values are not verified response delays.
831ae074185271,37.0,False,Onset censoring and source timestamp validity still require review; clock-only values are not verified response delays.
832f57dfdba0c7,,False,Onset censoring and source timestamp validity still require review; clock-only values are not verified response delays.
834009dd400fc1,,False,Onset censoring and source timestamp validity still require review; clock-only values are not verified response delays.
8348fb940a1392,1.0,False,Onset censoring and source timestamp validity still require review; clock-only values are not verified response delays.
835f6ac61cc926,88.0,True,Onset censoring and source timestamp validity still require review; clock-only values are not verified response delays.
836f5d445d1e6a,,False,Onset censoring and source timestamp validity still require review; clock-only values are not verified response delays.
837caf24b8f771,70.5,False,Onset censoring and source timestamp validity still require review; clock-only values are not verified response delays.
83ab10b32dbdc2,,False,Onset censoring and source timestamp validity still require review; clock-only values are not verified response delays.
83af4e003ebeff,,False,Onset censoring and source timestamp validity still require review; clock-only values are not verified response delays.
83b343a76d9f3c,,False,Onset censoring and source timestamp validity still require review; clock-only values are not verified response delays.
83c94da279db3b,21.0,True,Onset censoring and source timestamp validity still require review; clock-only values are not verified response delays.
83d0fd8674eab7,10.5,False,Onset censoring and source timestamp validity still require review; clock-only values are not verified response delays.
83e106f0e0cbbd,,False,Onset censoring and source timestamp validity still require review; clock-only values are not verified response delays.
83e1835bf060b5,,False,Onset censoring and source timestamp validity still require review; clock-only values are not verified response delays.
840c2e5a561c68,,False,Onset censoring and source timestamp validity still require review; clock-only values are not verified response delays.
840c66379798da,,False,Onset censoring and source timestamp validity still require review; clock-only values are not verified response delays.
842e02a6337a9f,8.0,False,Onset censoring and source timestamp validity still require review; clock-only values are not verified response delays.
8430411839d685,,False,Onset censoring and source timestamp validity still require review; clock-only values are not verified response delays.
8436c36c83830c,33.0,True,Onset censoring and source timestamp validity still require review; clock-only values are not verified response delays.
8438cf19ea2a4f,,False,Onset censoring and source timestamp validity still require review; clock-only values are not verified response delays.
844a51a7c93d18,,False,Onset censoring and source timestamp validity still require review; clock-only values are not verified response delays.
8459027b880871,48.0,False,Onset censoring and source timestamp validity still require review; clock-only values are not verified response delays.
84ad0528b23a4c,,False,Onset censoring and source timestamp validity still require review; clock-only values are not verified response delays.
84b58785444edf,,False,Onset censoring and source timestamp validity still require review; clock-only values are not verified response delays.
84ba72f3d589cd,,False,Onset censoring and source timestamp validity still require review; clock-only values are not verified response delays.
84c9175ca4d49a,,False,Onset censoring and source timestamp validity still require review; clock-only values are not verified response delays.
84dd97fd9defd9,,False,Onset censoring and source timestamp validity still require review; clock-only values are not verified response delays.
84eafb572cb7c0,,False,Onset censoring and source timestamp validity still require review; clock-only values are not verified response delays.
850c988ebc2e62,,False,Onset censoring and source timestamp validity still require review; clock-only values are not verified response delays.
852d282374749b,,False,Onset censoring and source timestamp validity still require review; clock-only values are not verified response delays.
852e49b8b63f5c,,False,Onset censoring and source timestamp validity still require review; clock-only values are not verified response delays.
854a083d53443c,,False,Onset censoring and source timestamp validity still require review; clock-only values are not verified response delays.
854a1638ff6f8f,,False,Onset censoring and source timestamp validity still require review; clock-only values are not verified response delays.
8551fc51361d56,,False,Onset censoring and source timestamp validity still require review; clock-only values are not verified response delays.
8598b7a99bfe88,,False,Onset censoring and source timestamp validity still require review; clock-only values are not verified response delays.
85ad94166ab5a7,,False,Onset censoring and source timestamp validity still require review; clock-only values are not verified response delays.
85fe388cddfba9,16.5,False,Onset censoring and source timestamp validity still require review; clock-only values are not verified response delays.
8612e941de227a,,False,Onset censoring and source timestamp validity still require review; clock-only values are not verified response delays.
86175bac75de2a,,False,Onset censoring and source timestamp validity still require review; clock-only values are not verified response delays.
862f9def792763,,False,Onset censoring and source timestamp validity still require review; clock-only values are not verified response delays.
8646eb7f246b15,,False,Onset censoring and source timestamp validity still require review; clock-only values are not verified response delays.
864d723ff37757,,False,Onset censoring and source timestamp validity still require review; clock-only values are not verified response delays.
865a5c0666e563,,False,Onset censoring and source timestamp validity still require review; clock-only values are not verified response delays.
869ff6e270f4bf,,False,Onset censoring and source timestamp validity still require review; clock-only values are not verified response delays.
86b7570ab052e8,9.0,False,Onset censoring and source timestamp validity still require review; clock-only values are not verified response delays.
86e1cf4d3386ff,,False,Onset censoring and source timestamp validity still require review; clock-only values are not verified response delays.
870dfb65319ccd,,False,Onset censoring and source timestamp validity still require review; clock-only values are not verified response delays.
87134bab057e5d,,False,Onset censoring and source timestamp validity still require review; clock-only values are not verified response delays.
87179bf8c72f72,97.5,False,Onset censoring and source timestamp validity still require review; clock-only values are not verified response delays.
873f052c7a9109,,False,Onset censoring and source timestamp validity still require review; clock-only values are not verified response delays.
873fd10fad7d84,,False,Onset censoring and source timestamp validity still require review; clock-only values are not verified response delays.
87480d2cd8ee0e,,False,Onset censoring and source timestamp validity still require review; clock-only values are not verified response delays.
874aa4c95bd03a,37.5,False,Onset censoring and source timestamp validity still require review; clock-only values are not verified response delays.
875b60c44310e4,,False,Onset censoring and source timestamp validity still require review; clock-only values are not verified response delays.
87642e1b562d93,,False,Onset censoring and source timestamp validity still require review; clock-only values are not verified response delays.
877eb5379188c1,,False,Onset censoring and source timestamp validity still require review; clock-only values are not verified response delays.
878b4bc49f0c88,,False,Onset censoring and source timestamp validity still require review; clock-only values are not verified response delays.
87b9d80daed036,,False,Onset censoring and source timestamp validity still require review; clock-only values are not verified response delays.
87d07a62bc563d,,False,Onset censoring and source timestamp validity still require review; clock-only values are not verified response delays.
87dbe993b446ee,,False,Onset censoring and source timestamp validity still require review; clock-only values are not verified response delays.
881db431bfc0a5,,False,Onset censoring and source timestamp validity still require review; clock-only values are not verified response delays.
8848b87d70b420,,False,Onset censoring and source timestamp validity still require review; clock-only values are not verified response delays.
886b03c77ea5a3,,False,Onset censoring and source timestamp validity still require review; clock-only values are not verified response delays.
8871994ee47b7b,35.5,False,Onset censoring and source timestamp validity still require review; clock-only values are not verified response delays.
888621743083f2,,False,Onset censoring and source timestamp validity still require review; clock-only values are not verified response delays.
888668a0516b53,,False,Onset censoring and source timestamp validity still require review; clock-only values are not verified response delays.
888f69998ab16d,48.5,True,Onset censoring and source timestamp validity still require review; clock-only values are not verified response delays.
88902f6a456486,,False,Onset censoring and source timestamp validity still require review; clock-only values are not verified response delays.
889b76d3fe2047,,False,Onset censoring and source timestamp validity still require review; clock-only values are not verified response delays.
88a175986a8e99,,False,Onset censoring and source timestamp validity still require review; clock-only values are not verified response delays.
88bbf3da88b8c1,,False,Onset censoring and source timestamp validity still require review; clock-only values are not verified response delays.
88c3368802685c,,False,Onset censoring and source timestamp validity still require review; clock-only values are not verified response delays.
88d604e38b9a23,,False,Onset censoring and source timestamp validity still require review; clock-only values are not verified response delays.
88ead40cb02cad,,False,Onset censoring and source timestamp validity still require review; clock-only values are not verified response delays.
891df42a1be292,,False,Onset censoring and source timestamp validity still require review; clock-only values are not verified response delays.
894d934c0451a0,,False,Onset censoring and source timestamp validity still require review; clock-only values are not verified response delays.
8960977ede1e54,,False,Onset censoring and source timestamp validity still require review; clock-only values are not verified response delays.
897f84c9357025,144.0,True,Onset censoring and source timestamp validity still require review; clock-only values are not verified response delays.
8985fd422d2a83,43.0,False,Onset censoring and source timestamp validity still require review; clock-only values are not verified response delays.
89a3ca523c6cb9,,False,Onset censoring and source timestamp validity still require review; clock-only values are not verified response delays.
89ab8f935c5121,19.5,False,Onset censoring and source timestamp validity still require review; clock-only values are not verified response delays.
89aed3b159bb8b,,False,Onset censoring and source timestamp validity still require review; clock-only values are not verified response delays.
89b2015bfda95b,,False,Onset censoring and source timestamp validity still require review; clock-only values are not verified response delays.
89c7c0e0ddd20c,5.5,True,Onset censoring and source timestamp validity still require review; clock-only values are not verified response delays.
89e92924664ce3,81.0,True,Onset censoring and source timestamp validity still require review; clock-only values are not verified response delays.
89f48bc1e83f2a,,False,Onset censoring and source timestamp validity still require review; clock-only values are not verified response delays.
89f7625fcd2995,,False,Onset censoring and source timestamp validity still require review; clock-only values are not verified response delays.
8a127adfe84533,,False,Onset censoring and source timestamp validity still require review; clock-only values are not verified response delays.
8a1945d059b2b6,34.5,True,Onset censoring and source timestamp validity still require review; clock-only values are not verified response delays.
8a484ec49aa94c,,False,Onset censoring and source timestamp validity still require review; clock-only values are not verified response delays.
8a58d5d83e7b4d,225.5,True,Onset censoring and source timestamp validity still require review; clock-only values are not verified response delays.
8a6c8b62f8282d,,False,Onset censoring and source timestamp validity still require review; clock-only values are not verified response delays.
8a88fc4ca14f7e,24.5,False,Onset censoring and source timestamp validity still require review; clock-only values are not verified response delays.
8a8c7e1a40c396,,False,Onset censoring and source timestamp validity still require review; clock-only values are not verified response delays.
8abb42d0d37adc,89.5,False,Onset censoring and source timestamp validity still require review; clock-only values are not verified response delays.
8ac76d3e397596,,False,Onset censoring and source timestamp validity still require review; clock-only values are not verified response delays.
8ad50ccf6e2e18,,False,Onset censoring and source timestamp validity still require review; clock-only values are not verified response delays.
8ad5447a992305,,False,Onset censoring and source timestamp validity still require review; clock-only values are not verified response delays.
8ae0acf2b29148,,False,Onset censoring and source timestamp validity still require review; clock-only values are not verified response delays.
8b0737105f8ef3,,False,Onset censoring and source timestamp validity still require review; clock-only values are not verified response delays.
8b288287d344dc,4.466666666666667,False,Onset censoring and source timestamp validity still require review; clock-only values are not verified response delays.
8b9f552203060c,108.5,True,Onset censoring and source timestamp validity still require review; clock-only values are not verified response delays.
8ba3efb978eb63,,False,Onset censoring and source timestamp validity still require review; clock-only values are not verified response delays.
8bc4dc2f22d8bc,,False,Onset censoring and source timestamp validity still require review; clock-only values are not verified response delays.
8bc8f5778129a5,,False,Onset censoring and source timestamp validity still require review; clock-only values are not verified response delays.
8bdb258ed60531,9.5,False,Onset censoring and source timestamp validity still require review; clock-only values are not verified response delays.
8bddbe55440244,,False,Onset censoring and source timestamp validity still require review; clock-only values are not verified response delays.
8bdfddefc428f0,,False,Onset censoring and source timestamp validity still require review; clock-only values are not verified response delays.
8be551c6abacf2,111.0,True,Onset censoring and source timestamp validity still require review; clock-only values are not verified response delays.
8be8bb332eb26a,,False,Onset censoring and source timestamp validity still require review; clock-only values are not verified response delays.
8bfd1936ad81de,,False,Onset censoring and source timestamp validity still require review; clock-only values are not verified response delays.
8c0bc7fcfea1b0,5.5,False,Onset censoring and source timestamp validity still require review; clock-only values are not verified response delays.
8c207e38230842,,False,Onset censoring and source timestamp validity still require review; clock-only values are not verified response delays.
8c373b9598fdd0,,False,Onset censoring and source timestamp validity still require review; clock-only values are not verified response delays.
8c40c8b60faa52,,False,Onset censoring and source timestamp validity still require review; clock-only values are not verified response delays.
8c440c61e350d0,9.5,False,Onset censoring and source timestamp validity still require review; clock-only values are not verified response delays.
8c863e32d7ac90,,False,Onset censoring and source timestamp validity still require review; clock-only values are not verified response delays.
8c929261741eef,9.5,False,Onset censoring and source timestamp validity still require review; clock-only values are not verified response delays.
8cb4cff5930839,16.5,False,Onset censoring and source timestamp validity still require review; clock-only values are not verified response delays.
8ce431aff538a8,12.0,True,Onset censoring and source timestamp validity still require review; clock-only values are not verified response delays.
8d1e26e4aa1090,,False,Onset censoring and source timestamp validity still require review; clock-only values are not verified response delays.
8d42fb95f25996,,False,Onset censoring and source timestamp validity still require review; clock-only values are not verified response delays.
8d4d9f552a7529,,False,Onset censoring and source timestamp validity still require review; clock-only values are not verified response delays.
8d4e36fe65edbd,,False,Onset censoring and source timestamp validity still require review; clock-only values are not verified response delays.
8d58b1478059ba,,False,Onset censoring and source timestamp validity still require review; clock-only values are not verified response delays.
8d59ee629c2c0a,,False,Onset censoring and source timestamp validity still require review; clock-only values are not verified response delays.
8d7f9ee70e7f42,,False,Onset censoring and source timestamp validity still require review; clock-only values are not verified response delays.
8d94744c0f6ad7,,False,Onset censoring and source timestamp validity still require review; clock-only values are not verified response delays.
8da5400378ef6e,,False,Onset censoring and source timestamp validity still require review; clock-only values are not verified response delays.
8db4eb7f6d9f39,,False,Onset censoring and source timestamp validity still require review; clock-only values are not verified response delays.
8db505ca7d3e97,,False,Onset censoring and source timestamp validity still require review; clock-only values are not verified response delays.
8dc219f8d088a3,,False,Onset censoring and source timestamp validity still require review; clock-only values are not verified response delays.
8dc7be7df0263a,,False,Onset censoring and source timestamp validity still require review; clock-only values are not verified response delays.
8dc9e8728bd99d,,False,Onset censoring and source timestamp validity still require review; clock-only values are not verified response delays.
8dcded55399ba1,,False,Onset censoring and source timestamp validity still require review; clock-only values are not verified response delays.
8dd98abe9389d3,,False,Onset censoring and source timestamp validity still require review; clock-only values are not verified response delays.
8df521c2c71f5f,55.5,False,Onset censoring and source timestamp validity still require review; clock-only values are not verified response delays.
8dfc676e8fd3cb,,False,Onset censoring and source timestamp validity still require review; clock-only values are not verified response delays.
8dfcdfb89bf92c,,False,Onset censoring and source timestamp validity still require review; clock-only values are not verified response delays.
8e012233b69b27,,False,Onset censoring and source timestamp validity still require review; clock-only values are not verified response delays.
8e51d5cb87a21e,,False,Onset censoring and source timestamp validity still require review; clock-only values are not verified response delays.
8e827aaaea6d97,,False,Onset censoring and source timestamp validity still require review; clock-only values are not verified response delays.
8e847615081d5f,,False,Onset censoring and source timestamp validity still require review; clock-only values are not verified response delays.
8e9e133ba385dc,,False,Onset censoring and source timestamp validity still require review; clock-only values are not verified response delays.
8ea019800da52f,,False,Onset censoring and source timestamp validity still require review; clock-only values are not verified response delays.
8eb2ae72267a01,,False,Onset censoring and source timestamp validity still require review; clock-only values are not verified response delays.
8ebf68870a550e,,False,Onset censoring and source timestamp validity still require review; clock-only values are not verified response delays.
8ecade509811c9,26.5,True,Onset censoring and source timestamp validity still require review; clock-only values are not verified response delays.
8ee0f6cdfaa2ab,68.0,False,Onset censoring and source timestamp validity still require review; clock-only values are not verified response delays.
8f082f4000d8fc,,False,Onset censoring and source timestamp validity still require review; clock-only values are not verified response delays.
8f1d1d2513bfdb,,False,Onset censoring and source timestamp validity still require review; clock-only values are not verified response delays.
8f24cf0a2f1f11,76.5,False,Onset censoring and source timestamp validity still require review; clock-only values are not verified response delays.
8f3607f0ff00b3,,False,Onset censoring and source timestamp validity still require review; clock-only values are not verified response delays.
8f512b51cdcf50,0.0,False,Onset censoring and source timestamp validity still require review; clock-only values are not verified response delays.
8f6277eb0d0086,,False,Onset censoring and source timestamp validity still require review; clock-only values are not verified response delays.
8f79045342982d,,False,Onset censoring and source timestamp validity still require review; clock-only values are not verified response delays.
8f8166000c5d5d,,False,Onset censoring and source timestamp validity still require review; clock-only values are not verified response delays.
8f9e5be29d2070,10.5,False,Onset censoring and source timestamp validity still require review; clock-only values are not verified response delays.
8fd2bbceebc966,,False,Onset censoring and source timestamp validity still require review; clock-only values are not verified response delays.
901ad7082b483a,,False,Onset censoring and source timestamp validity still require review; clock-only values are not verified response delays.
9070eccd66649e,,False,Onset censoring and source timestamp validity still require review; clock-only values are not verified response delays.
9074a222800c54,,False,Onset censoring and source timestamp validity still require review; clock-only values are not verified response delays.
908c233669af9d,,False,Onset censoring and source timestamp validity still require review; clock-only values are not verified response delays.
908d264b0007e0,,False,Onset censoring and source timestamp validity still require review; clock-only values are not verified response delays.
909b13cc0d3d00,,False,Onset censoring and source timestamp validity still require review; clock-only values are not verified response delays.
90b1b1f4be4dfb,,False,Onset censoring and source timestamp validity still require review; clock-only values are not verified response delays.
90bbf4e0db2de8,,False,Onset censoring and source timestamp validity still require review; clock-only values are not verified response delays.
90be16ac94ebc6,,False,Onset censoring and source timestamp validity still require review; clock-only values are not verified response delays.
90e108e07f0c71,,False,Onset censoring and source timestamp validity still require review; clock-only values are not verified response delays.
90f7b642e4f514,,False,Onset censoring and source timestamp validity still require review; clock-only values are not verified response delays.
90f88fc3209d8c,,False,Onset censoring and source timestamp validity still require review; clock-only values are not verified response delays.
912d8ccb436e44,114.5,True,Onset censoring and source timestamp validity still require review; clock-only values are not verified response delays.
913b93c7c343c5,,False,Onset censoring and source timestamp validity still require review; clock-only values are not verified response delays.
91567fc6d09a14,110.0,True,Onset censoring and source timestamp validity still require review; clock-only values are not verified response delays.
916fe44cd848c8,,False,Onset censoring and source timestamp validity still require review; clock-only values are not verified response delays.
9195af83a48905,35.5,False,Onset censoring and source timestamp validity still require review; clock-only values are not verified response delays.
91d51ab8506af5,,False,Onset censoring and source timestamp validity still require review; clock-only values are not verified response delays.
91d7b51b15098a,,False,Onset censoring and source timestamp validity still require review; clock-only values are not verified response delays.
91fad3d8f5fc03,,False,Onset censoring and source timestamp validity still require review; clock-only values are not verified response delays.
923f0a9d547dac,,False,Onset censoring and source timestamp validity still require review; clock-only values are not verified response delays.
9240553ae0bf9b,13.5,False,Onset censoring and source timestamp validity still require review; clock-only values are not verified response delays.
9250711b093642,,False,Onset censoring and source timestamp validity still require review; clock-only values are not verified response delays.
927c3f6cb9fb74,,False,Onset censoring and source timestamp validity still require review; clock-only values are not verified response delays.
928c121d65eafc,,False,Onset censoring and source timestamp validity still require review; clock-only values are not verified response delays.
9290b3ffe8b685,,False,Onset censoring and source timestamp validity still require review; clock-only values are not verified response delays.
92917c6d0f12b8,,False,Onset censoring and source timestamp validity still require review; clock-only values are not verified response delays.
92992aae571496,,False,Onset censoring and source timestamp validity still require review; clock-only values are not verified response delays.
92f98e7919afb4,,False,Onset censoring and source timestamp validity still require review; clock-only values are not verified response delays.
92ff2ea7b26c3e,,False,Onset censoring and source timestamp validity still require review; clock-only values are not verified response delays.
9314b5f6d30553,,False,Onset censoring and source timestamp validity still require review; clock-only values are not verified response delays.
931791308d76cb,,False,Onset censoring and source timestamp validity still require review; clock-only values are not verified response delays.
9327eb749508c2,,False,Onset censoring and source timestamp validity still require review; clock-only values are not verified response delays.
932dbf9ad423fd,,False,Onset censoring and source timestamp validity still require review; clock-only values are not verified response delays.
9332c809a32414,,False,Onset censoring and source timestamp validity still require review; clock-only values are not verified response delays.
9336ee3b12e64d,,False,Onset censoring and source timestamp validity still require review; clock-only values are not verified response delays.
9360ca60c06847,,False,Onset censoring and source timestamp validity still require review; clock-only values are not verified response delays.
93618a8978f226,,False,Onset censoring and source timestamp validity still require review; clock-only values are not verified response delays.
93689292a9498d,,False,Onset censoring and source timestamp validity still require review; clock-only values are not verified response delays.
937b69dbc45797,,False,Onset censoring and source timestamp validity still require review; clock-only values are not verified response delays.
9398996cbdbad2,,False,Onset censoring and source timestamp validity still require review; clock-only values are not verified response delays.
93ac80fee29e60,,False,Onset censoring and source timestamp validity still require review; clock-only values are not verified response delays.
93d955cde0256e,56.0,False,Onset censoring and source timestamp validity still require review; clock-only values are not verified response delays.
93e0e70c9d44fe,,False,Onset censoring and source timestamp validity still require review; clock-only values are not verified response delays.
94025cbf9bd488,,False,Onset censoring and source timestamp validity still require review; clock-only values are not verified response delays.
940999d2bea296,,False,Onset censoring and source timestamp validity still require review; clock-only values are not verified response delays.
940eb2b7cc3bba,,False,Onset censoring and source timestamp validity still require review; clock-only values are not verified response delays.
941ca5324b83e1,,False,Onset censoring and source timestamp validity still require review; clock-only values are not verified response delays.
9421acc6a93459,25.0,False,Onset censoring and source timestamp validity still require review; clock-only values are not verified response delays.
943de7b45abb8a,,False,Onset censoring and source timestamp validity still require review; clock-only values are not verified response delays.
944e7ac5e7b6a7,,False,Onset censoring and source timestamp validity still require review; clock-only values are not verified response delays.
946fb0dda26ad6,,False,Onset censoring and source timestamp validity still require review; clock-only values are not verified response delays.
949c5c386184c9,,False,Onset censoring and source timestamp validity still require review; clock-only values are not verified response delays.
94bfbe6c613e73,,False,Onset censoring and source timestamp validity still require review; clock-only values are not verified response delays.
94c3e96fc9967c,,False,Onset censoring and source timestamp validity still require review; clock-only values are not verified response delays.
94d4380e5eb90c,,False,Onset censoring and source timestamp validity still require review; clock-only values are not verified response delays.
94d7e8e0367d20,,False,Onset censoring and source timestamp validity still require review; clock-only values are not verified response delays.
94ec4589c20606,12.5,True,Onset censoring and source timestamp validity still require review; clock-only values are not verified response delays.
9502c3769b1f71,,False,Onset censoring and source timestamp validity still require review; clock-only values are not verified response delays.
95248f80e64d68,,False,Onset censoring and source timestamp validity still require review; clock-only values are not verified response delays.
953153ce85ee4b,,False,Onset censoring and source timestamp validity still require review; clock-only values are not verified response delays.
95336f8e525778,,False,Onset censoring and source timestamp validity still require review; clock-only values are not verified response delays.
954af6cd6852c5,,False,Onset censoring and source timestamp validity still require review; clock-only values are not verified response delays.
958eb003d98ad2,,False,Onset censoring and source timestamp validity still require review; clock-only values are not verified response delays.
95993c5a1e0d63,,False,Onset censoring and source timestamp validity still require review; clock-only values are not verified response delays.
95a558e3172c1d,3.5,False,Onset censoring and source timestamp validity still require review; clock-only values are not verified response delays.
95b5ea821c420e,,False,Onset censoring and source timestamp validity still require review; clock-only values are not verified response delays.
95cdcdedd62409,,False,Onset censoring and source timestamp validity still require review; clock-only values are not verified response delays.
95d13ed705223a,,False,Onset censoring and source timestamp validity still require review; clock-only values are not verified response delays.
95de3c9122697c,,False,Onset censoring and source timestamp validity still require review; clock-only values are not verified response delays.
95e0b542e3cd20,,False,Onset censoring and source timestamp validity still require review; clock-only values are not verified response delays.
95ee56b54a655d,,False,Onset censoring and source timestamp validity still require review; clock-only values are not verified response delays.
95ee5f654f57be,36.0,False,Onset censoring and source timestamp validity still require review; clock-only values are not verified response delays.
964fe1172e5f5e,52.0,False,Onset censoring and source timestamp validity still require review; clock-only values are not verified response delays.
9659ab4bf9f124,,False,Onset censoring and source timestamp validity still require review; clock-only values are not verified response delays.
966085ebd1220f,,False,Onset censoring and source timestamp validity still require review; clock-only values are not verified response delays.
9698a6e5a992e5,24.0,False,Onset censoring and source timestamp validity still require review; clock-only values are not verified response delays.
969b7e2145a8aa,,False,Onset censoring and source timestamp validity still require review; clock-only values are not verified response delays.
96a02d78b12d04,,False,Onset censoring and source timestamp validity still require review; clock-only values are not verified response delays.
96ad91d4da6065,,False,Onset censoring and source timestamp validity still require review; clock-only values are not verified response delays.
96afb25f6c3b82,,False,Onset censoring and source timestamp validity still require review; clock-only values are not verified response delays.
96c033a3a2b896,,False,Onset censoring and source timestamp validity still require review; clock-only values are not verified response delays.
96c13644b0765e,,False,Onset censoring and source timestamp validity still require review; clock-only values are not verified response delays.
96e3c0a09a45e8,,False,Onset censoring and source timestamp validity still require review; clock-only values are not verified response delays.
96ec430df98e21,,False,Onset censoring and source timestamp validity still require review; clock-only values are not verified response delays.
96f12ef3f57f11,5.5,False,Onset censoring and source timestamp validity still require review; clock-only values are not verified response delays.
973ba92401d3f0,,False,Onset censoring and source timestamp validity still require review; clock-only values are not verified response delays.
974f69aae12c7a,103.5,True,Onset censoring and source timestamp validity still require review; clock-only values are not verified response delays.
976e1bf2dd6c3f,,False,Onset censoring and source timestamp validity still require review; clock-only values are not verified response delays.
9770785f7e9016,,False,Onset censoring and source timestamp validity still require review; clock-only values are not verified response delays.
977b95c6d14e5e,,False,Onset censoring and source timestamp validity still require review; clock-only values are not verified response delays.
9787aa4e37b476,,False,Onset censoring and source timestamp validity still require review; clock-only values are not verified response delays.
97889515dec57d,,False,Onset censoring and source timestamp validity still require review; clock-only values are not verified response delays.
97afbc34556108,,False,Onset censoring and source timestamp validity still require review; clock-only values are not verified response delays.
97c2d15a4fc389,,False,Onset censoring and source timestamp validity still require review; clock-only values are not verified response delays.
97dbad4c86f381,,False,Onset censoring and source timestamp validity still require review; clock-only values are not verified response delays.
97f08f32231d54,,False,Onset censoring and source timestamp validity still require review; clock-only values are not verified response delays.
97fc29efd38541,,False,Onset censoring and source timestamp validity still require review; clock-only values are not verified response delays.
98589bbc7718c3,,False,Onset censoring and source timestamp validity still require review; clock-only values are not verified response delays.
9872be710476a6,,False,Onset censoring and source timestamp validity still require review; clock-only values are not verified response delays.
9883347d90fc13,,False,Onset censoring and source timestamp validity still require review; clock-only values are not verified response delays.
988fc47951b361,35.0,False,Onset censoring and source timestamp validity still require review; clock-only values are not verified response delays.
989b8f6c0be6bf,,False,Onset censoring and source timestamp validity still require review; clock-only values are not verified response delays.
98b1402a81f83e,,False,Onset censoring and source timestamp validity still require review; clock-only values are not verified response delays.
98c04bdb142e24,,False,Onset censoring and source timestamp validity still require review; clock-only values are not verified response delays.
98c985060f23ca,,False,Onset censoring and source timestamp validity still require review; clock-only values are not verified response delays.
98e05dff95ed2c,,False,Onset censoring and source timestamp validity still require review; clock-only values are not verified response delays.
98f92a918dba12,,False,Onset censoring and source timestamp validity still require review; clock-only values are not verified response delays.
990e11eef9722b,,False,Onset censoring and source timestamp validity still require review; clock-only values are not verified response delays.
99135b0772f82f,,False,Onset censoring and source timestamp validity still require review; clock-only values are not verified response delays.
99381f1250586a,,False,Onset censoring and source timestamp validity still require review; clock-only values are not verified response delays.
9951435b18c818,32.0,False,Onset censoring and source timestamp validity still require review; clock-only values are not verified response delays.
996aa2a54463c3,,False,Onset censoring and source timestamp validity still require review; clock-only values are not verified response delays.
998a8429a82e98,,False,Onset censoring and source timestamp validity still require review; clock-only values are not verified response delays.
999447648bc214,,False,Onset censoring and source timestamp validity still require review; clock-only values are not verified response delays.
99ae95896bb210,,False,Onset censoring and source timestamp validity still require review; clock-only values are not verified response delays.
99b41d41a5ea9b,13.5,False,Onset censoring and source timestamp validity still require review; clock-only values are not verified response delays.
99bb80abc8cf75,,False,Onset censoring and source timestamp validity still require review; clock-only values are not verified response delays.
99c23c936d7726,71.5,False,Onset censoring and source timestamp validity still require review; clock-only values are not verified response delays.
99dcd015eb5375,,False,Onset censoring and source timestamp validity still require review; clock-only values are not verified response delays.
99e514bfa9f30e,,False,Onset censoring and source timestamp validity still require review; clock-only values are not verified response delays.
9a0c76e5a43271,,False,Onset censoring and source timestamp validity still require review; clock-only values are not verified response delays.
9a2490a0a4f36f,,False,Onset censoring and source timestamp validity still require review; clock-only values are not verified response delays.
9a25d004126805,,False,Onset censoring and source timestamp validity still require review; clock-only values are not verified response delays.
9a3360a2057c11,,False,Onset censoring and source timestamp validity still require review; clock-only values are not verified response delays.
9a36d69b025e84,,False,Onset censoring and source timestamp validity still require review; clock-only values are not verified response delays.
9a3f1ae3b50502,,False,Onset censoring and source timestamp validity still require review; clock-only values are not verified response delays.
9a4dace7e6cc9d,,False,Onset censoring and source timestamp validity still require review; clock-only values are not verified response delays.
9a5a1438af6133,,False,Onset censoring and source timestamp validity still require review; clock-only values are not verified response delays.
9a5db56f9930a7,,False,Onset censoring and source timestamp validity still require review; clock-only values are not verified response delays.
9a6012a2074315,,False,Onset censoring and source timestamp validity still require review; clock-only values are not verified response delays.
9a7eed32c31231,,False,Onset censoring and source timestamp validity still require review; clock-only values are not verified response delays.
9a860262b31fa8,,False,Onset censoring and source timestamp validity still require review; clock-only values are not verified response delays.
9a8d57bb292325,64.5,True,Onset censoring and source timestamp validity still require review; clock-only values are not verified response delays.
9a96f118bdf636,,False,Onset censoring and source timestamp validity still require review; clock-only values are not verified response delays.
9a9dc7af57ec7f,,False,Onset censoring and source timestamp validity still require review; clock-only values are not verified response delays.
9aad4e5a2074d7,,False,Onset censoring and source timestamp validity still require review; clock-only values are not verified response delays.
9ab082941bce3a,,False,Onset censoring and source timestamp validity still require review; clock-only values are not verified response delays.
9aba2be82ee139,,False,Onset censoring and source timestamp validity still require review; clock-only values are not verified response delays.
9ac4d77f07c25a,,False,Onset censoring and source timestamp validity still require review; clock-only values are not verified response delays.
9ad1ae08716c67,,False,Onset censoring and source timestamp validity still require review; clock-only values are not verified response delays.
9afb16f866dfb8,,False,Onset censoring and source timestamp validity still require review; clock-only values are not verified response delays.
9b0caab25508cd,28.5,True,Onset censoring and source timestamp validity still require review; clock-only values are not verified response delays.
9b15d319fb7007,24.016666666666666,False,Onset censoring and source timestamp validity still require review; clock-only values are not verified response delays.
9b1788a1753969,6.0,True,Onset censoring and source timestamp validity still require review; clock-only values are not verified response delays.
9b1859a80fc675,,False,Onset censoring and source timestamp validity still require review; clock-only values are not verified response delays.
9b1e1207980dc5,13.5,False,Onset censoring and source timestamp validity still require review; clock-only values are not verified response delays.
9b323abe0256b3,,False,Onset censoring and source timestamp validity still require review; clock-only values are not verified response delays.
9b493e1e9b9686,,False,Onset censoring and source timestamp validity still require review; clock-only values are not verified response delays.
9b5083bfb94511,,False,Onset censoring and source timestamp validity still require review; clock-only values are not verified response delays.
9b782c23416f18,,False,Onset censoring and source timestamp validity still require review; clock-only values are not verified response delays.
9b8f217711e306,,False,Onset censoring and source timestamp validity still require review; clock-only values are not verified response delays.
9be0b63b8a3649,,False,Onset censoring and source timestamp validity still require review; clock-only values are not verified response delays.
9bee3e4e0882b0,,False,Onset censoring and source timestamp validity still require review; clock-only values are not verified response delays.
9bee6bf8cbb21d,,False,Onset censoring and source timestamp validity still require review; clock-only values are not verified response delays.
9c34026a240f80,64.0,False,Onset censoring and source timestamp validity still require review; clock-only values are not verified response delays.
9c371926b22199,,False,Onset censoring and source timestamp validity still require review; clock-only values are not verified response delays.
9c5b59d7f12e0c,,False,Onset censoring and source timestamp validity still require review; clock-only values are not verified response delays.
9c72de47178afc,34.0,True,Onset censoring and source timestamp validity still require review; clock-only values are not verified response delays.
9c7967ebd24e39,,False,Onset censoring and source timestamp validity still require review; clock-only values are not verified response delays.
9c99e69ee75172,0.0,False,Onset censoring and source timestamp validity still require review; clock-only values are not verified response delays.
9ca9cffd58cb6b,,False,Onset censoring and source timestamp validity still require review; clock-only values are not verified response delays.
9caaf96fd619bd,,False,Onset censoring and source timestamp validity still require review; clock-only values are not verified response delays.
9cbd37076d2f1d,,False,Onset censoring and source timestamp validity still require review; clock-only values are not verified response delays.
9ce8edcc0c1496,,False,Onset censoring and source timestamp validity still require review; clock-only values are not verified response delays.
9cf4b034339710,,False,Onset censoring and source timestamp validity still require review; clock-only values are not verified response delays.
9cfbd48d5036cc,,False,Onset censoring and source timestamp validity still require review; clock-only values are not verified response delays.
9d03ba0678bad7,28.5,False,Onset censoring and source timestamp validity still require review; clock-only values are not verified response delays.
9d11bb1afc315e,37.0,False,Onset censoring and source timestamp validity still require review; clock-only values are not verified response delays.
9d1d34ba5434af,64.0,False,Onset censoring and source timestamp validity still require review; clock-only values are not verified response delays.
9d219611392899,42.5,False,Onset censoring and source timestamp validity still require review; clock-only values are not verified response delays.
9d46b53a9e94e8,,False,Onset censoring and source timestamp validity still require review; clock-only values are not verified response delays.
9d5b2c40f662dd,4.5,False,Onset censoring and source timestamp validity still require review; clock-only values are not verified response delays.
9d9e980b1edcbe,28.0,True,Onset censoring and source timestamp validity still require review; clock-only values are not verified response delays.
9da40fbca60b89,,False,Onset censoring and source timestamp validity still require review; clock-only values are not verified response delays.
9dbbef41722220,,False,Onset censoring and source timestamp validity still require review; clock-only values are not verified response delays.
9dc7a8a4919498,,False,Onset censoring and source timestamp validity still require review; clock-only values are not verified response delays.
9dd38df120b567,,False,Onset censoring and source timestamp validity still require review; clock-only values are not verified response delays.
9dd92b442aaa49,,False,Onset censoring and source timestamp validity still require review; clock-only values are not verified response delays.
9ded9821a23b20,,False,Onset censoring and source timestamp validity still require review; clock-only values are not verified response delays.
9dfcc70a6cafe9,5.0,False,Onset censoring and source timestamp validity still require review; clock-only values are not verified response delays.
9e3d5212bdcc1d,20.5,False,Onset censoring and source timestamp validity still require review; clock-only values are not verified response delays.
9e54abb2e99efd,,False,Onset censoring and source timestamp validity still require review; clock-only values are not verified response delays.
9e646c539b41f3,25.0,True,Onset censoring and source timestamp validity still require review; clock-only values are not verified response delays.
9e84ae8b975d61,,False,Onset censoring and source timestamp validity still require review; clock-only values are not verified response delays.
9ea8dbdab7d06e,,False,Onset censoring and source timestamp validity still require review; clock-only values are not verified response delays.
9eb406bc9e214e,,False,Onset censoring and source timestamp validity still require review; clock-only values are not verified response delays.
9ed3aba15914a5,,False,Onset censoring and source timestamp validity still require review; clock-only values are not verified response delays.
9ede60b4c148d2,,False,Onset censoring and source timestamp validity still require review; clock-only values are not verified response delays.
9f0a6e5db2d792,133.0,True,Onset censoring and source timestamp validity still require review; clock-only values are not verified response delays.
9f2e1f64b15506,,False,Onset censoring and source timestamp validity still require review; clock-only values are not verified response delays.
9f38e49f180279,,False,Onset censoring and source timestamp validity still require review; clock-only values are not verified response delays.
9f3a44e846cfe7,,False,Onset censoring and source timestamp validity still require review; clock-only values are not verified response delays.
9f435ca96b7311,,False,Onset censoring and source timestamp validity still require review; clock-only values are not verified response delays.
9f5ab78de8f5fd,2.0,False,Onset censoring and source timestamp validity still require review; clock-only values are not verified response delays.
9f5cadc9b47b91,,False,Onset censoring and source timestamp validity still require review; clock-only values are not verified response delays.
9f6bf46e02ab07,,False,Onset censoring and source timestamp validity still require review; clock-only values are not verified response delays.
9f80ba2e93d3f8,,False,Onset censoring and source timestamp validity still require review; clock-only values are not verified response delays.
9f832e556683bd,,False,Onset censoring and source timestamp validity still require review; clock-only values are not verified response delays.
9f93193fd77749,,False,Onset censoring and source timestamp validity still require review; clock-only values are not verified response delays.
9faf529cd422d2,,False,Onset censoring and source timestamp validity still require review; clock-only values are not verified response delays.
9fc11f23663a5a,,False,Onset censoring and source timestamp validity still require review; clock-only values are not verified response delays.
9fcc61f97e7227,21.5,False,Onset censoring and source timestamp validity still require review; clock-only values are not verified response delays.
9fd45f73957401,,False,Onset censoring and source timestamp validity still require review; clock-only values are not verified response delays.
9fd5d8ed2298ff,,False,Onset censoring and source timestamp validity still require review; clock-only values are not verified response delays.
a0083de8310eb2,22.5,False,Onset censoring and source timestamp validity still require review; clock-only values are not verified response delays.
a014942d61819e,,False,Onset censoring and source timestamp validity still require review; clock-only values are not verified response delays.
a02ec8cbb443a5,,False,Onset censoring and source timestamp validity still require review; clock-only values are not verified response delays.
a0303ca9ffa0ff,,False,Onset censoring and source timestamp validity still require review; clock-only values are not verified response delays.
a07db939584d48,,False,Onset censoring and source timestamp validity still require review; clock-only values are not verified response delays.
a085487274ea62,,False,Onset censoring and source timestamp validity still require review; clock-only values are not verified response delays.
a08fd1c83a14a8,,False,Onset censoring and source timestamp validity still require review; clock-only values are not verified response delays.
a0b1f2fd260702,21.0,False,Onset censoring and source timestamp validity still require review; clock-only values are not verified response delays.
a0b615c986e114,,False,Onset censoring and source timestamp validity still require review; clock-only values are not verified response delays.
a0e881668011ac,,False,Onset censoring and source timestamp validity still require review; clock-only values are not verified response delays.
a10bf3a013b760,,False,Onset censoring and source timestamp validity still require review; clock-only values are not verified response delays.
a10e8603a99461,,False,Onset censoring and source timestamp validity still require review; clock-only values are not verified response delays.
a12529c77331fa,23.0,False,Onset censoring and source timestamp validity still require review; clock-only values are not verified response delays.
a1409b635ccc0a,,False,Onset censoring and source timestamp validity still require review; clock-only values are not verified response delays.
a149cf4a98905f,74.0,False,Onset censoring and source timestamp validity still require review; clock-only values are not verified response delays.
a16fbd5096d255,,False,Onset censoring and source timestamp validity still require review; clock-only values are not verified response delays.
a18f95a8e52803,,False,Onset censoring and source timestamp validity still require review; clock-only values are not verified response delays.
a1b2dde6726ebe,30.0,False,Onset censoring and source timestamp validity still require review; clock-only values are not verified response delays.
a1bf80fd129bff,,False,Onset censoring and source timestamp validity still require review; clock-only values are not verified response delays.
a1ed0701a0bc0b,74.5,False,Onset censoring and source timestamp validity still require review; clock-only values are not verified response delays.
a23aa2b820b948,,False,Onset censoring and source timestamp validity still require review; clock-only values are not verified response delays.
a24964589238d7,,False,Onset censoring and source timestamp validity still require review; clock-only values are not verified response delays.
a249cce53c1abc,34.0,True,Onset censoring and source timestamp validity still require review; clock-only values are not verified response delays.
a2764d067955b5,,False,Onset censoring and source timestamp validity still require review; clock-only values are not verified response delays.
a27e1cc94cc8ea,,False,Onset censoring and source timestamp validity still require review; clock-only values are not verified response delays.
a288491658bb5a,,False,Onset censoring and source timestamp validity still require review; clock-only values are not verified response delays.
a28c17d8261f97,,False,Onset censoring and source timestamp validity still require review; clock-only values are not verified response delays.
a2a793d626ca57,,False,Onset censoring and source timestamp validity still require review; clock-only values are not verified response delays.
a2c463166c24fe,,False,Onset censoring and source timestamp validity still require review; clock-only values are not verified response delays.
a2e1f7aa55f5ff,,False,Onset censoring and source timestamp validity still require review; clock-only values are not verified response delays.
a2f8b2b61f4b93,,False,Onset censoring and source timestamp validity still require review; clock-only values are not verified response delays.
a2fd767b95cfa9,,False,Onset censoring and source timestamp validity still require review; clock-only values are not verified response delays.
a2fe9346a68fcd,,False,Onset censoring and source timestamp validity still require review; clock-only values are not verified response delays.
a308fe300d5591,,False,Onset censoring and source timestamp validity still require review; clock-only values are not verified response delays.
a31187d5ba95ee,,False,Onset censoring and source timestamp validity still require review; clock-only values are not verified response delays.
a318f16a2180c8,12.0,False,Onset censoring and source timestamp validity still require review; clock-only values are not verified response delays.
a344d0252b4f0a,,False,Onset censoring and source timestamp validity still require review; clock-only values are not verified response delays.
a347915dd5b0bc,,False,Onset censoring and source timestamp validity still require review; clock-only values are not verified response delays.
a359c8a0df84ab,,False,Onset censoring and source timestamp validity still require review; clock-only values are not verified response delays.
a39ad07012273f,20.0,True,Onset censoring and source timestamp validity still require review; clock-only values are not verified response delays.
a39e8935e6afaf,,False,Onset censoring and source timestamp validity still require review; clock-only values are not verified response delays.
a3bf7d8f40d133,,False,Onset censoring and source timestamp validity still require review; clock-only values are not verified response delays.
a3c86a4a5f695a,55.5,False,Onset censoring and source timestamp validity still require review; clock-only values are not verified response delays.
a3c8797f8a85ed,,False,Onset censoring and source timestamp validity still require review; clock-only values are not verified response delays.
a3f59949d5307c,,False,Onset censoring and source timestamp validity still require review; clock-only values are not verified response delays.
a4157ac88e1734,,False,Onset censoring and source timestamp validity still require review; clock-only values are not verified response delays.
a41c3518e45f3a,,False,Onset censoring and source timestamp validity still require review; clock-only values are not verified response delays.
a41cb7bc63be77,,False,Onset censoring and source timestamp validity still require review; clock-only values are not verified response delays.
a460cc5dafbddd,34.0,False,Onset censoring and source timestamp validity still require review; clock-only values are not verified response delays.
a46114f9e34c11,,False,Onset censoring and source timestamp validity still require review; clock-only values are not verified response delays.
a46ee8de942d49,,False,Onset censoring and source timestamp validity still require review; clock-only values are not verified response delays.
a47c2eb49dc7fb,,False,Onset censoring and source timestamp validity still require review; clock-only values are not verified response delays.
a48e16746faa22,,False,Onset censoring and source timestamp validity still require review; clock-only values are not verified response delays.
a4968f5a0688ec,,False,Onset censoring and source timestamp validity still require review; clock-only values are not verified response delays.
a49c78ab2c3592,,False,Onset censoring and source timestamp validity still require review; clock-only values are not verified response delays.
a49dfd2563966a,,False,Onset censoring and source timestamp validity still require review; clock-only values are not verified response delays.
a4d81eab839486,,False,Onset censoring and source timestamp validity still require review; clock-only values are not verified response delays.
a4f3bcff371999,59.5,True,Onset censoring and source timestamp validity still require review; clock-only values are not verified response delays.
a50325bd653dba,,False,Onset censoring and source timestamp validity still require review; clock-only values are not verified response delays.
a50333b2036094,78.5,False,Onset censoring and source timestamp validity still require review; clock-only values are not verified response delays.
a530026c0618d1,,False,Onset censoring and source timestamp validity still require review; clock-only values are not verified response delays.
a53a56527d0f35,,False,Onset censoring and source timestamp validity still require review; clock-only values are not verified response delays.
a5656924d0128d,,False,Onset censoring and source timestamp validity still require review; clock-only values are not verified response delays.
a58a9b8cf7985f,,False,Onset censoring and source timestamp validity still require review; clock-only values are not verified response delays.
a59c17a02ec87d,,False,Onset censoring and source timestamp validity still require review; clock-only values are not verified response delays.
a5e0a117d8ac29,,False,Onset censoring and source timestamp validity still require review; clock-only values are not verified response delays.
a5e9ea913b24fd,,False,Onset censoring and source timestamp validity still require review; clock-only values are not verified response delays.
a5f0b05f51cee4,,False,Onset censoring and source timestamp validity still require review; clock-only values are not verified response delays.
a5f565c0a853c5,,False,Onset censoring and source timestamp validity still require review; clock-only values are not verified response delays.
a5fa14e96af5ca,75.0,True,Onset censoring and source timestamp validity still require review; clock-only values are not verified response delays.
a610bf8491dcaf,,False,Onset censoring and source timestamp validity still require review; clock-only values are not verified response delays.
a6137bfd4502a2,,False,Onset censoring and source timestamp validity still require review; clock-only values are not verified response delays.
a64c251a026788,,False,Onset censoring and source timestamp validity still require review; clock-only values are not verified response delays.
a66dc884c761f6,,False,Onset censoring and source timestamp validity still require review; clock-only values are not verified response delays.
a671cc1d974d97,,False,Onset censoring and source timestamp validity still require review; clock-only values are not verified response delays.
a672d5d8a81399,60.0,False,Onset censoring and source timestamp validity still require review; clock-only values are not verified response delays.
a68f494ea3b277,,False,Onset censoring and source timestamp validity still require review; clock-only values are not verified response delays.
a69acd951026db,31.0,False,Onset censoring and source timestamp validity still require review; clock-only values are not verified response delays.
a69bce6bbdf222,,False,Onset censoring and source timestamp validity still require review; clock-only values are not verified response delays.
a69befae208d67,,False,Onset censoring and source timestamp validity still require review; clock-only values are not verified response delays.
a69f6bf2065bcc,,False,Onset censoring and source timestamp validity still require review; clock-only values are not verified response delays.
a6ae5e25cdcdc5,37.0,False,Onset censoring and source timestamp validity still require review; clock-only values are not verified response delays.
a6d9478bdf3823,,False,Onset censoring and source timestamp validity still require review; clock-only values are not verified response delays.
a6f4e21f48f0d9,,False,Onset censoring and source timestamp validity still require review; clock-only values are not verified response delays.
a6f71daccb56ab,,False,Onset censoring and source timestamp validity still require review; clock-only values are not verified response delays.
a6ff286af7f7c3,6.5,False,Onset censoring and source timestamp validity still require review; clock-only values are not verified response delays.
a6ff3faafe5698,130.5,True,Onset censoring and source timestamp validity still require review; clock-only values are not verified response delays.
a71da068b60dbd,,False,Onset censoring and source timestamp validity still require review; clock-only values are not verified response delays.
a7225a71d181a8,8.5,True,Onset censoring and source timestamp validity still require review; clock-only values are not verified response delays.
a72a77386ce3c5,,False,Onset censoring and source timestamp validity still require review; clock-only values are not verified response delays.
a73b2ab93f8e3a,,False,Onset censoring and source timestamp validity still require review; clock-only values are not verified response delays.
a74ce3bc61fe96,6.5,False,Onset censoring and source timestamp validity still require review; clock-only values are not verified response delays.
a74eb440f3879c,,False,Onset censoring and source timestamp validity still require review; clock-only values are not verified response delays.
a765ee3c8a4ca9,,False,Onset censoring and source timestamp validity still require review; clock-only values are not verified response delays.
a76cdcf9ca658f,,False,Onset censoring and source timestamp validity still require review; clock-only values are not verified response delays.
a7cb72a3af85a1,,False,Onset censoring and source timestamp validity still require review; clock-only values are not verified response delays.
a7cc8cc7563303,,False,Onset censoring and source timestamp validity still require review; clock-only values are not verified response delays.
a7d6b2b0c1e487,,False,Onset censoring and source timestamp validity still require review; clock-only values are not verified response delays.
a7e2034b8fda91,,False,Onset censoring and source timestamp validity still require review; clock-only values are not verified response delays.
a806dfad13dcd1,,False,Onset censoring and source timestamp validity still require review; clock-only values are not verified response delays.
a8114597814abf,,False,Onset censoring and source timestamp validity still require review; clock-only values are not verified response delays.
a81c00fd86644e,,False,Onset censoring and source timestamp validity still require review; clock-only values are not verified response delays.
a82265aac26f68,23.5,False,Onset censoring and source timestamp validity still require review; clock-only values are not verified response delays.
a82b4f494c393b,,False,Onset censoring and source timestamp validity still require review; clock-only values are not verified response delays.
a85fe5dc44d9fe,,False,Onset censoring and source timestamp validity still require review; clock-only values are not verified response delays.
a86153f1ea0d81,,False,Onset censoring and source timestamp validity still require review; clock-only values are not verified response delays.
a8652fd86a661c,55.0,False,Onset censoring and source timestamp validity still require review; clock-only values are not verified response delays.
a87a5d2f53e787,,False,Onset censoring and source timestamp validity still require review; clock-only values are not verified response delays.
a89caf1d9e15ea,,False,Onset censoring and source timestamp validity still require review; clock-only values are not verified response delays.
a8abbaa9de151e,32.5,False,Onset censoring and source timestamp validity still require review; clock-only values are not verified response delays.
a8b1b2661b828b,,False,Onset censoring and source timestamp validity still require review; clock-only values are not verified response delays.
a8b69323f34993,,False,Onset censoring and source timestamp validity still require review; clock-only values are not verified response delays.
a8bc7a9508fc2d,,False,Onset censoring and source timestamp validity still require review; clock-only values are not verified response delays.
a8e2ef1c77a90b,,False,Onset censoring and source timestamp validity still require review; clock-only values are not verified response delays.
a8f407f39b3a3a,,False,Onset censoring and source timestamp validity still require review; clock-only values are not verified response delays.
a905ddf2052939,18.5,False,Onset censoring and source timestamp validity still require review; clock-only values are not verified response delays.
a9202fab5f0ba8,,False,Onset censoring and source timestamp validity still require review; clock-only values are not verified response delays.
a9220fb001e44e,,False,Onset censoring and source timestamp validity still require review; clock-only values are not verified response delays.
a92414ca80013a,,False,Onset censoring and source timestamp validity still require review; clock-only values are not verified response delays.
a92910b4610ecc,,False,Onset censoring and source timestamp validity still require review; clock-only values are not verified response delays.
a97eaf313e88e4,,False,Onset censoring and source timestamp validity still require review; clock-only values are not verified response delays.
a97f6dbb25cfd6,,False,Onset censoring and source timestamp validity still require review; clock-only values are not verified response delays.
a98a16ea780702,,False,Onset censoring and source timestamp validity still require review; clock-only values are not verified response delays.
a9965027bd042a,,False,Onset censoring and source timestamp validity still require review; clock-only values are not verified response delays.
a997667b1a2f5b,8.5,False,Onset censoring and source timestamp validity still require review; clock-only values are not verified response delays.
a9ba89aee7efce,,False,Onset censoring and source timestamp validity still require review; clock-only values are not verified response delays.
a9babecf1556ca,,False,Onset censoring and source timestamp validity still require review; clock-only values are not verified response delays.
a9f1fae3e5f33f,,False,Onset censoring and source timestamp validity still require review; clock-only values are not verified response delays.
a9fe00ea8070c4,,False,Onset censoring and source timestamp validity still require review; clock-only values are not verified response delays.
aa01809e8cf9ae,,False,Onset censoring and source timestamp validity still require review; clock-only values are not verified response delays.
aa0b17b01dd832,,False,Onset censoring and source timestamp validity still require review; clock-only values are not verified response delays.
aa1fc4a74c4770,5.0,False,Onset censoring and source timestamp validity still require review; clock-only values are not verified response delays.
aa3d175acea623,,False,Onset censoring and source timestamp validity still require review; clock-only values are not verified response delays.
aa3ec2273f249c,11.0,True,Onset censoring and source timestamp validity still require review; clock-only values are not verified response delays.
aa3fd0e89954a5,,False,Onset censoring and source timestamp validity still require review; clock-only values are not verified response delays.
aa54e2fff85cfa,0.0,True,Onset censoring and source timestamp validity still require review; clock-only values are not verified response delays.
aa674e645f26af,,False,Onset censoring and source timestamp validity still require review; clock-only values are not verified response delays.
aa7f3a3b2ebddf,9.0,False,Onset censoring and source timestamp validity still require review; clock-only values are not verified response delays.
aaa44d13805ca2,,False,Onset censoring and source timestamp validity still require review; clock-only values are not verified response delays.
aaa958f25ff0af,,False,Onset censoring and source timestamp validity still require review; clock-only values are not verified response delays.
aab873d38ae521,,False,Onset censoring and source timestamp validity still require review; clock-only values are not verified response delays.
aae74089fd9613,50.0,True,Onset censoring and source timestamp validity still require review; clock-only values are not verified response delays.
aaffff0527a1fb,,False,Onset censoring and source timestamp validity still require review; clock-only values are not verified response delays.
ab0846afa084f8,,False,Onset censoring and source timestamp validity still require review; clock-only values are not verified response delays.
ab225b8dfed397,,False,Onset censoring and source timestamp validity still require review; clock-only values are not verified response delays.
ab30ccc20192eb,,False,Onset censoring and source timestamp validity still require review; clock-only values are not verified response delays.
ab36e81b07180c,,False,Onset censoring and source timestamp validity still require review; clock-only values are not verified response delays.
ab3c765365f922,,False,Onset censoring and source timestamp validity still require review; clock-only values are not verified response delays.
ab3de2e5e0f7eb,,False,Onset censoring and source timestamp validity still require review; clock-only values are not verified response delays.
ab50b114e3be68,,False,Onset censoring and source timestamp validity still require review; clock-only values are not verified response delays.
ab6d43a65a39c9,7.0,False,Onset censoring and source timestamp validity still require review; clock-only values are not verified response delays.
ab8ff00921aa5b,,False,Onset censoring and source timestamp validity still require review; clock-only values are not verified response delays.
ab93756f32db97,,False,Onset censoring and source timestamp validity still require review; clock-only values are not verified response delays.
ab94b7adeb4e24,,False,Onset censoring and source timestamp validity still require review; clock-only values are not verified response delays.
abba37dc71127c,44.0,False,Onset censoring and source timestamp validity still require review; clock-only values are not verified response delays.
abc0fbc652def0,,False,Onset censoring and source timestamp validity still require review; clock-only values are not verified response delays.
abcb47dc63d306,,False,Onset censoring and source timestamp validity still require review; clock-only values are not verified response delays.
abcd3f0ae0bd3f,,False,Onset censoring and source timestamp validity still require review; clock-only values are not verified response delays.
abeee49f017741,,False,Onset censoring and source timestamp validity still require review; clock-only values are not verified response delays.
ac1a35726966ff,,False,Onset censoring and source timestamp validity still require review; clock-only values are not verified response delays.
ac1f162df68a74,,False,Onset censoring and source timestamp validity still require review; clock-only values are not verified response delays.
ac334ff4b44eab,,False,Onset censoring and source timestamp validity still require review; clock-only values are not verified response delays.
ac5a1ff2ddb4a5,,False,Onset censoring and source timestamp validity still require review; clock-only values are not verified response delays.
ac70879b61ff5b,,False,Onset censoring and source timestamp validity still require review; clock-only values are not verified response delays.
aca550dfdac7b5,,False,Onset censoring and source timestamp validity still require review; clock-only values are not verified response delays.
acd2cb26300a51,11.5,True,Onset censoring and source timestamp validity still require review; clock-only values are not verified response delays.
acf439822e89be,,False,Onset censoring and source timestamp validity still require review; clock-only values are not verified response delays.
acfc664cec9fa8,,False,Onset censoring and source timestamp validity still require review; clock-only values are not verified response delays.
ad17636f98ed04,,False,Onset censoring and source timestamp validity still require review; clock-only values are not verified response delays.
ad262886acac40,,False,Onset censoring and source timestamp validity still require review; clock-only values are not verified response delays.
ad4099ffdc3c58,120.0,True,Onset censoring and source timestamp validity still require review; clock-only values are not verified response delays.
ad6b47f82740f6,,False,Onset censoring and source timestamp validity still require review; clock-only values are not verified response delays.
ad7a870245261b,77.5,True,Onset censoring and source timestamp validity still require review; clock-only values are not verified response delays.
ad7a934304956f,,False,Onset censoring and source timestamp validity still require review; clock-only values are not verified response delays.
ad866e985dea23,,False,Onset censoring and source timestamp validity still require review; clock-only values are not verified response delays.
ad872c6bf15032,,False,Onset censoring and source timestamp validity still require review; clock-only values are not verified response delays.
ad99f2f08cb4a4,,False,Onset censoring and source timestamp validity still require review; clock-only values are not verified response delays.
ada0adb292c8b3,,False,Onset censoring and source timestamp validity still require review; clock-only values are not verified response delays.
adb38536623be9,,False,Onset censoring and source timestamp validity still require review; clock-only values are not verified response delays.
adb85a3a2cffa2,,False,Onset censoring and source timestamp validity still require review; clock-only values are not verified response delays.
adc540e282e67f,,False,Onset censoring and source timestamp validity still require review; clock-only values are not verified response delays.
addebd390afe80,,False,Onset censoring and source timestamp validity still require review; clock-only values are not verified response delays.
ae1c78cfec9b3e,,False,Onset censoring and source timestamp validity still require review; clock-only values are not verified response delays.
ae2c4fe31347b2,,False,Onset censoring and source timestamp validity still require review; clock-only values are not verified response delays.
ae763b61574811,75.0,False,Onset censoring and source timestamp validity still require review; clock-only values are not verified response delays.
ae7a9610a4f680,,False,Onset censoring and source timestamp validity still require review; clock-only values are not verified response delays.
ae8807e083c33d,,False,Onset censoring and source timestamp validity still require review; clock-only values are not verified response delays.
aecb4acbcb59e3,127.5,False,Onset censoring and source timestamp validity still require review; clock-only values are not verified response delays.
aed4415ce4dab3,,False,Onset censoring and source timestamp validity still require review; clock-only values are not verified response delays.
aede46623f6252,,False,Onset censoring and source timestamp validity still require review; clock-only values are not verified response delays.
aeece83917ee89,,False,Onset censoring and source timestamp validity still require review; clock-only values are not verified response delays.
aef19174aa9392,,False,Onset censoring and source timestamp validity still require review; clock-only values are not verified response delays.
aefc61a61f4d08,15.5,False,Onset censoring and source timestamp validity still require review; clock-only values are not verified response delays.
af083b91175165,13.5,False,Onset censoring and source timestamp validity still require review; clock-only values are not verified response delays.
af0e76c4e13a93,,False,Onset censoring and source timestamp validity still require review; clock-only values are not verified response delays.
af0ea8c2092c74,,False,Onset censoring and source timestamp validity still require review; clock-only values are not verified response delays.
af0f2e28e6509d,,False,Onset censoring and source timestamp validity still require review; clock-only values are not verified response delays.
af24fa8e160a74,,False,Onset censoring and source timestamp validity still require review; clock-only values are not verified response delays.
af2984bfe7a1a3,,False,Onset censoring and source timestamp validity still require review; clock-only values are not verified response delays.
af3cdfbd9d2de7,,False,Onset censoring and source timestamp validity still require review; clock-only values are not verified response delays.
af6b97b6bad4e8,,False,Onset censoring and source timestamp validity still require review; clock-only values are not verified response delays.
af721d8719f390,,False,Onset censoring and source timestamp validity still require review; clock-only values are not verified response delays.
af74acfeca9ce9,,False,Onset censoring and source timestamp validity still require review; clock-only values are not verified response delays.
af7f63fce934a0,52.0,False,Onset censoring and source timestamp validity still require review; clock-only values are not verified response delays.
af849008992c30,,False,Onset censoring and source timestamp validity still require review; clock-only values are not verified response delays.
af938fc857bf78,,False,Onset censoring and source timestamp validity still require review; clock-only values are not verified response delays.
afb592f3f2b2b4,,False,Onset censoring and source timestamp validity still require review; clock-only values are not verified response delays.
afcde557ef05f8,,False,Onset censoring and source timestamp validity still require review; clock-only values are not verified response delays.
afe06cc81f4f02,,False,Onset censoring and source timestamp validity still require review; clock-only values are not verified response delays.
afe458b40ac33e,,False,Onset censoring and source timestamp validity still require review; clock-only values are not verified response delays.
afe9182d558104,,False,Onset censoring and source timestamp validity still require review; clock-only values are not verified response delays.
aff62f63476747,,False,Onset censoring and source timestamp validity still require review; clock-only values are not verified response delays.
aff6424abbd573,,False,Onset censoring and source timestamp validity still require review; clock-only values are not verified response delays.
b00b456fdd6d6d,,False,Onset censoring and source timestamp validity still require review; clock-only values are not verified response delays.
b021e181c751f8,,False,Onset censoring and source timestamp validity still require review; clock-only values are not verified response delays.
b02343b6828b07,20.5,True,Onset censoring and source timestamp validity still require review; clock-only values are not verified response delays.
b02ae557e2cbaf,,False,Onset censoring and source timestamp validity still require review; clock-only values are not verified response delays.
b0412f3a8a9f41,27.0,True,Onset censoring and source timestamp validity still require review; clock-only values are not verified response delays.
b0455ca31a2b51,,False,Onset censoring and source timestamp validity still require review; clock-only values are not verified response delays.
b05e3132ec3c38,11.0,False,Onset censoring and source timestamp validity still require review; clock-only values are not verified response delays.
b079397619d275,,False,Onset censoring and source timestamp validity still require review; clock-only values are not verified response delays.
b0b82bf945d0ae,,False,Onset censoring and source timestamp validity still require review; clock-only values are not verified response delays.
b0c3f162bf728a,,False,Onset censoring and source timestamp validity still require review; clock-only values are not verified response delays.
b0da5527b7cb05,,False,Onset censoring and source timestamp validity still require review; clock-only values are not verified response delays.
b0e0db17231158,,False,Onset censoring and source timestamp validity still require review; clock-only values are not verified response delays.
b0ee6db155e970,,False,Onset censoring and source timestamp validity still require review; clock-only values are not verified response delays.
b0f181eaa43423,,False,Onset censoring and source timestamp validity still require review; clock-only values are not verified response delays.
b105d1be7e7d55,,False,Onset censoring and source timestamp validity still require review; clock-only values are not verified response delays.
b135f687e96bfb,,False,Onset censoring and source timestamp validity still require review; clock-only values are not verified response delays.
b13bf6778220e9,,False,Onset censoring and source timestamp validity still require review; clock-only values are not verified response delays.
b14c5300ebc0ea,,False,Onset censoring and source timestamp validity still require review; clock-only values are not verified response delays.
b14caba2b1be5b,,False,Onset censoring and source timestamp validity still require review; clock-only values are not verified response delays.
b1593b1bdb5642,,False,Onset censoring and source timestamp validity still require review; clock-only values are not verified response delays.
b165f8cbb4b7f4,,False,Onset censoring and source timestamp validity still require review; clock-only values are not verified response delays.
b18661e5d3d23f,64.35,False,Onset censoring and source timestamp validity still require review; clock-only values are not verified response delays.
b1cae27fb6226b,9.5,False,Onset censoring and source timestamp validity still require review; clock-only values are not verified response delays.
b1d89d2ef4149f,,False,Onset censoring and source timestamp validity still require review; clock-only values are not verified response delays.
b1f06fd9d6a82f,,False,Onset censoring and source timestamp validity still require review; clock-only values are not verified response delays.
b1fd9e03bfd599,,False,Onset censoring and source timestamp validity still require review; clock-only values are not verified response delays.
b244fe650930de,,False,Onset censoring and source timestamp validity still require review; clock-only values are not verified response delays.
b246e5fbb47c5c,,False,Onset censoring and source timestamp validity still require review; clock-only values are not verified response delays.
b24875db69c2b4,119.0,True,Onset censoring and source timestamp validity still require review; clock-only values are not verified response delays.
b25d05db3b88d4,,False,Onset censoring and source timestamp validity still require review; clock-only values are not verified response delays.
b25dca86a41390,,False,Onset censoring and source timestamp validity still require review; clock-only values are not verified response delays.
b2613b099cca40,14.5,False,Onset censoring and source timestamp validity still require review; clock-only values are not verified response delays.
b267340a9425d3,,False,Onset censoring and source timestamp validity still require review; clock-only values are not verified response delays.
b284895d4dcce0,,False,Onset censoring and source timestamp validity still require review; clock-only values are not verified response delays.
b293aad89d6d4a,,False,Onset censoring and source timestamp validity still require review; clock-only values are not verified response delays.
b2a0e599839ed2,,False,Onset censoring and source timestamp validity still require review; clock-only values are not verified response delays.
b2a0f454faa134,,False,Onset censoring and source timestamp validity still require review; clock-only values are not verified response delays.
b2c623265a1bde,,False,Onset censoring and source timestamp validity still require review; clock-only values are not verified response delays.
b2c6605812d554,,False,Onset censoring and source timestamp validity still require review; clock-only values are not verified response delays.
b2d2e236c92da4,,False,Onset censoring and source timestamp validity still require review; clock-only values are not verified response delays.
b2e3b42a675710,,False,Onset censoring and source timestamp validity still require review; clock-only values are not verified response delays.
b2f1351f8a9524,,False,Onset censoring and source timestamp validity still require review; clock-only values are not verified response delays.
b2f8833f226e01,,False,Onset censoring and source timestamp validity still require review; clock-only values are not verified response delays.
b307953b0ac0cd,48.0,False,Onset censoring and source timestamp validity still require review; clock-only values are not verified response delays.
b31d65b8846a50,,False,Onset censoring and source timestamp validity still require review; clock-only values are not verified response delays.
b322e481a8c003,,False,Onset censoring and source timestamp validity still require review; clock-only values are not verified response delays.
b343e4f66129c5,,False,Onset censoring and source timestamp validity still require review; clock-only values are not verified response delays.
b345d7df1ce127,,False,Onset censoring and source timestamp validity still require review; clock-only values are not verified response delays.
b347977a376e39,,False,Onset censoring and source timestamp validity still require review; clock-only values are not verified response delays.
b394fc360da6d9,,False,Onset censoring and source timestamp validity still require review; clock-only values are not verified response delays.
b3abc0ee8d299f,,False,Onset censoring and source timestamp validity still require review; clock-only values are not verified response delays.
b3b655e611c0e6,,False,Onset censoring and source timestamp validity still require review; clock-only values are not verified response delays.
b3dd3ee1c83ac6,,False,Onset censoring and source timestamp validity still require review; clock-only values are not verified response delays.
b3e1cefc239b7b,,False,Onset censoring and source timestamp validity still require review; clock-only values are not verified response delays.
b40ab2cac0df99,,False,Onset censoring and source timestamp validity still require review; clock-only values are not verified response delays.
b423fa01e964a3,,False,Onset censoring and source timestamp validity still require review; clock-only values are not verified response delays.
b443579c8b6d6a,,False,Onset censoring and source timestamp validity still require review; clock-only values are not verified response delays.
b46636818e59c6,24.0,False,Onset censoring and source timestamp validity still require review; clock-only values are not verified response delays.
b482999a71dbab,,False,Onset censoring and source timestamp validity still require review; clock-only values are not verified response delays.
b48acc3883d6ea,,False,Onset censoring and source timestamp validity still require review; clock-only values are not verified response delays.
b4b102570079b7,,False,Onset censoring and source timestamp validity still require review; clock-only values are not verified response delays.
b4df898e77d033,,False,Onset censoring and source timestamp validity still require review; clock-only values are not verified response delays.
b4ecf3f320d466,,False,Onset censoring and source timestamp validity still require review; clock-only values are not verified response delays.
b50c8458bbd87b,,False,Onset censoring and source timestamp validity still require review; clock-only values are not verified response delays.
b5284ff66f3fd4,0.0,False,Onset censoring and source timestamp validity still require review; clock-only values are not verified response delays.
b52f0cf17773c0,,False,Onset censoring and source timestamp validity still require review; clock-only values are not verified response delays.
b531c7345b9412,,False,Onset censoring and source timestamp validity still require review; clock-only values are not verified response delays.
b549af5a48af04,,False,Onset censoring and source timestamp validity still require review; clock-only values are not verified response delays.
b54fb8adac5093,,False,Onset censoring and source timestamp validity still require review; clock-only values are not verified response delays.
b5b2e28060aaa0,19.5,True,Onset censoring and source timestamp validity still require review; clock-only values are not verified response delays.
b5c3a4b0a1fe3c,,False,Onset censoring and source timestamp validity still require review; clock-only values are not verified response delays.
b5d9a46f53238e,,False,Onset censoring and source timestamp validity still require review; clock-only values are not verified response delays.
b5ee85abeb0c10,,False,Onset censoring and source timestamp validity still require review; clock-only values are not verified response delays.
b5fa74b26b2f3e,,False,Onset censoring and source timestamp validity still require review; clock-only values are not verified response delays.
b6274254d59967,,False,Onset censoring and source timestamp validity still require review; clock-only values are not verified response delays.
b632fd6574495c,,False,Onset censoring and source timestamp validity still require review; clock-only values are not verified response delays.
b655f8499bccde,,False,Onset censoring and source timestamp validity still require review; clock-only values are not verified response delays.
b66a4cc9c9a218,,False,Onset censoring and source timestamp validity still require review; clock-only values are not verified response delays.
b66da973f13a59,9.5,False,Onset censoring and source timestamp validity still require review; clock-only values are not verified response delays.
b68a6140775e96,6.5,False,Onset censoring and source timestamp validity still require review; clock-only values are not verified response delays.
b694f7ddee9d1c,13.5,True,Onset censoring and source timestamp validity still require review; clock-only values are not verified response delays.
b697cb23309fab,,False,Onset censoring and source timestamp validity still require review; clock-only values are not verified response delays.
b69b93794a8d95,,False,Onset censoring and source timestamp validity still require review; clock-only values are not verified response delays.
b6a0bc95143887,,False,Onset censoring and source timestamp validity still require review; clock-only values are not verified response delays.
b6cb1c48c613f4,,False,Onset censoring and source timestamp validity still require review; clock-only values are not verified response delays.
b6d37817e3d91b,,False,Onset censoring and source timestamp validity still require review; clock-only values are not verified response delays.
b6da0144d53396,,False,Onset censoring and source timestamp validity still require review; clock-only values are not verified response delays.
b6e60a94a58c71,,False,Onset censoring and source timestamp validity still require review; clock-only values are not verified response delays.
b718e1e21512d6,,False,Onset censoring and source timestamp validity still require review; clock-only values are not verified response delays.
b71d021bab87fc,,False,Onset censoring and source timestamp validity still require review; clock-only values are not verified response delays.
b728c9a9f985e3,,False,Onset censoring and source timestamp validity still require review; clock-only values are not verified response delays.
b7298304447b30,,False,Onset censoring and source timestamp validity still require review; clock-only values are not verified response delays.
b74d2f59d64236,,False,Onset censoring and source timestamp validity still require review; clock-only values are not verified response delays.
b75818fe1e7f10,,False,Onset censoring and source timestamp validity still require review; clock-only values are not verified response delays.
b775e7f83d5bec,10.5,False,Onset censoring and source timestamp validity still require review; clock-only values are not verified response delays.
b77f5531fd2053,,False,Onset censoring and source timestamp validity still require review; clock-only values are not verified response delays.
b79f3fa45cf014,,False,Onset censoring and source timestamp validity still require review; clock-only values are not verified response delays.
b7a2d3714ca188,,False,Onset censoring and source timestamp validity still require review; clock-only values are not verified response delays.
b7b157960a6461,,False,Onset censoring and source timestamp validity still require review; clock-only values are not verified response delays.
b7dc8aa4406d35,3.0,True,Onset censoring and source timestamp validity still require review; clock-only values are not verified response delays.
b7ec00c7b1919b,,False,Onset censoring and source timestamp validity still require review; clock-only values are not verified response delays.
b7f9d2b2fa1659,,False,Onset censoring and source timestamp validity still require review; clock-only values are not verified response delays.
b8066d1c98dc3b,,False,Onset censoring and source timestamp validity still require review; clock-only values are not verified response delays.
b865276956aea8,,False,Onset censoring and source timestamp validity still require review; clock-only values are not verified response delays.
b8780f21921ae2,,False,Onset censoring and source timestamp validity still require review; clock-only values are not verified response delays.
b8a3d207d3450d,65.0,True,Onset censoring and source timestamp validity still require review; clock-only values are not verified response delays.
b8a5254d81072a,,False,Onset censoring and source timestamp validity still require review; clock-only values are not verified response delays.
b8b1004bf52086,63.5,False,Onset censoring and source timestamp validity still require review; clock-only values are not verified response delays.
b8c04b518ac47d,,False,Onset censoring and source timestamp validity still require review; clock-only values are not verified response delays.
b8c88150ed3493,,False,Onset censoring and source timestamp validity still require review; clock-only values are not verified response delays.
b8d4e7f128a3ab,,False,Onset censoring and source timestamp validity still require review; clock-only values are not verified response delays.
b9153318342a1f,12.5,False,Onset censoring and source timestamp validity still require review; clock-only values are not verified response delays.
b9205e8cbf8a2e,,False,Onset censoring and source timestamp validity still require review; clock-only values are not verified response delays.
b93be1a0067c06,,False,Onset censoring and source timestamp validity still require review; clock-only values are not verified response delays.
b95058fd538b2b,,False,Onset censoring and source timestamp validity still require review; clock-only values are not verified response delays.
b9b36401d9a203,362.0,True,Onset censoring and source timestamp validity still require review; clock-only values are not verified response delays.
b9bb6aa0e0d58e,3.0,False,Onset censoring and source timestamp validity still require review; clock-only values are not verified response delays.
b9c0d66d5230f0,,False,Onset censoring and source timestamp validity still require review; clock-only values are not verified response delays.
b9cd217b057bd5,,False,Onset censoring and source timestamp validity still require review; clock-only values are not verified response delays.
b9cd2ef5b14914,,False,Onset censoring and source timestamp validity still require review; clock-only values are not verified response delays.
b9d78926f0b8ee,,False,Onset censoring and source timestamp validity still require review; clock-only values are not verified response delays.
b9fde4f72a481a,,False,Onset censoring and source timestamp validity still require review; clock-only values are not verified response delays.
ba1e7f062e51d3,,False,Onset censoring and source timestamp validity still require review; clock-only values are not verified response delays.
ba3d24424fa169,,False,Onset censoring and source timestamp validity still require review; clock-only values are not verified response delays.
ba50e5fc05cc18,,False,Onset censoring and source timestamp validity still require review; clock-only values are not verified response delays.
ba5a22ba0a0942,,False,Onset censoring and source timestamp validity still require review; clock-only values are not verified response delays.
ba5fe53a328f03,,False,Onset censoring and source timestamp validity still require review; clock-only values are not verified response delays.
ba8105525f6332,,False,Onset censoring and source timestamp validity still require review; clock-only values are not verified response delays.
baa03106e6fc38,,False,Onset censoring and source timestamp validity still require review; clock-only values are not verified response delays.
baa5125e6bfaf9,,False,Onset censoring and source timestamp validity still require review; clock-only values are not verified response delays.
baae599929aaa5,,False,Onset censoring and source timestamp validity still require review; clock-only values are not verified response delays.
babad329c9de42,4.0,False,Onset censoring and source timestamp validity still require review; clock-only values are not verified response delays.
bafcf6fab3148c,,False,Onset censoring and source timestamp validity still require review; clock-only values are not verified response delays.
bb47a575e8d93c,,False,Onset censoring and source timestamp validity still require review; clock-only values are not verified response delays.
bb6e083c990b83,,False,Onset censoring and source timestamp validity still require review; clock-only values are not verified response delays.
bb7fbca523baac,,False,Onset censoring and source timestamp validity still require review; clock-only values are not verified response delays.
bb811c2a6113af,5.5,True,Onset censoring and source timestamp validity still require review; clock-only values are not verified response delays.
bb86b359f49625,,False,Onset censoring and source timestamp validity still require review; clock-only values are not verified response delays.
bbc00d8e373e7d,45.55,False,Onset censoring and source timestamp validity still require review; clock-only values are not verified response delays.
bbd20c18c672dc,2.466666666666667,False,Onset censoring and source timestamp validity still require review; clock-only values are not verified response delays.
bbe5e5811869e4,,False,Onset censoring and source timestamp validity still require review; clock-only values are not verified response delays.
bbe81bbef08d0c,43.0,False,Onset censoring and source timestamp validity still require review; clock-only values are not verified response delays.
bbec9437885642,,False,Onset censoring and source timestamp validity still require review; clock-only values are not verified response delays.
bbf4fd90169dff,,False,Onset censoring and source timestamp validity still require review; clock-only values are not verified response delays.
bc099fd3917649,72.5,False,Onset censoring and source timestamp validity still require review; clock-only values are not verified response delays.
bc0e7bd0783b93,,False,Onset censoring and source timestamp validity still require review; clock-only values are not verified response delays.
bc11947e04f1a7,,False,Onset censoring and source timestamp validity still require review; clock-only values are not verified response delays.
bc242f38027233,,False,Onset censoring and source timestamp validity still require review; clock-only values are not verified response delays.
bc45345aaf5695,,False,Onset censoring and source timestamp validity still require review; clock-only values are not verified response delays.
bc996378ff9bf6,,False,Onset censoring and source timestamp validity still require review; clock-only values are not verified response delays.
bc99c5698681e8,,False,Onset censoring and source timestamp validity still require review; clock-only values are not verified response delays.
bca032a5d9c818,,False,Onset censoring and source timestamp validity still require review; clock-only values are not verified response delays.
bcabe9f14e762a,,False,Onset censoring and source timestamp validity still require review; clock-only values are not verified response delays.
bcb4e8b43b1b13,,False,Onset censoring and source timestamp validity still require review; clock-only values are not verified response delays.
bcc7807608ee3d,,False,Onset censoring and source timestamp validity still require review; clock-only values are not verified response delays.
bcd255aec24495,,False,Onset censoring and source timestamp validity still require review; clock-only values are not verified response delays.
bd2da2178bc6de,,False,Onset censoring and source timestamp validity still require review; clock-only values are not verified response delays.
bd39e969579c55,1.0,True,Onset censoring and source timestamp validity still require review; clock-only values are not verified response delays.
bd7d5f0d1ee7f0,78.0,False,Onset censoring and source timestamp validity still require review; clock-only values are not verified response delays.
bd87952a68b701,,False,Onset censoring and source timestamp validity still require review; clock-only values are not verified response delays.
bd9c01c4889227,,False,Onset censoring and source timestamp validity still require review; clock-only values are not verified response delays.
bde761fb405783,,False,Onset censoring and source timestamp validity still require review; clock-only values are not verified response delays.
bdf356ac82668b,129.5,False,Onset censoring and source timestamp validity still require review; clock-only values are not verified response delays.
be13307142e1bc,,False,Onset censoring and source timestamp validity still require review; clock-only values are not verified response delays.
be2491de90d665,,False,Onset censoring and source timestamp validity still require review; clock-only values are not verified response delays.
be380ec4315eb0,16.0,False,Onset censoring and source timestamp validity still require review; clock-only values are not verified response delays.
be3cf95b07c4a9,58.5,False,Onset censoring and source timestamp validity still require review; clock-only values are not verified response delays.
be6395499fcdf7,,False,Onset censoring and source timestamp validity still require review; clock-only values are not verified response delays.
be6c2fa5c152e0,16.7,False,Onset censoring and source timestamp validity still require review; clock-only values are not verified response delays.
be86d7dde8250d,,False,Onset censoring and source timestamp validity still require review; clock-only values are not verified response delays.
bea64a10f3c5dd,,False,Onset censoring and source timestamp validity still require review; clock-only values are not verified response delays.
bea7c9c0f32124,9.0,False,Onset censoring and source timestamp validity still require review; clock-only values are not verified response delays.
beabae893b56dd,77.0,True,Onset censoring and source timestamp validity still require review; clock-only values are not verified response delays.
beb0ca161005ea,,False,Onset censoring and source timestamp validity still require review; clock-only values are not verified response delays.
bebb9e83a35717,,False,Onset censoring and source timestamp validity still require review; clock-only values are not verified response delays.
bec60ba0a4af49,,False,Onset censoring and source timestamp validity still require review; clock-only values are not verified response delays.
becbf95becd3b8,,False,Onset censoring and source timestamp validity still require review; clock-only values are not verified response delays.
bef846949574eb,,False,Onset censoring and source timestamp validity still require review; clock-only values are not verified response delays.
befb3302b47132,,False,Onset censoring and source timestamp validity still require review; clock-only values are not verified response delays.
bf1e157bf84a4d,,False,Onset censoring and source timestamp validity still require review; clock-only values are not verified response delays.
bf22bc42d9d4e4,,False,Onset censoring and source timestamp validity still require review; clock-only values are not verified response delays.
bf3dce8942809d,,False,Onset censoring and source timestamp validity still require review; clock-only values are not verified response delays.
bf43d4f7cf84fa,,False,Onset censoring and source timestamp validity still require review; clock-only values are not verified response delays.
bf93609ccf7e4c,,False,Onset censoring and source timestamp validity still require review; clock-only values are not verified response delays.
bfa6a2b6c17ec9,,False,Onset censoring and source timestamp validity still require review; clock-only values are not verified response delays.
bfb7a1ad3e28aa,,False,Onset censoring and source timestamp validity still require review; clock-only values are not verified response delays.
bfd369d7951828,,False,Onset censoring and source timestamp validity still require review; clock-only values are not verified response delays.
bfd72e46afeae4,137.0,True,Onset censoring and source timestamp validity still require review; clock-only values are not verified response delays.
bff7f583bada0d,,False,Onset censoring and source timestamp validity still require review; clock-only values are not verified response delays.
c001dc76a8aa7e,,False,Onset censoring and source timestamp validity still require review; clock-only values are not verified response delays.
c018f98a98e854,,False,Onset censoring and source timestamp validity still require review; clock-only values are not verified response delays.
c0438765d6d879,,False,Onset censoring and source timestamp validity still require review; clock-only values are not verified response delays.
c0500a0a93418f,,False,Onset censoring and source timestamp validity still require review; clock-only values are not verified response delays.
c05b7d9b3a951c,,False,Onset censoring and source timestamp validity still require review; clock-only values are not verified response delays.
c08da1b21a5ebb,,False,Onset censoring and source timestamp validity still require review; clock-only values are not verified response delays.
c090e9bb978810,,False,Onset censoring and source timestamp validity still require review; clock-only values are not verified response delays.
c0a960c6cd1575,,False,Onset censoring and source timestamp validity still require review; clock-only values are not verified response delays.
c0af9bef8fc56b,,False,Onset censoring and source timestamp validity still require review; clock-only values are not verified response delays.
c0b91be3845004,28.0,True,Onset censoring and source timestamp validity still require review; clock-only values are not verified response delays.
c0ec949c704588,,False,Onset censoring and source timestamp validity still require review; clock-only values are not verified response delays.
c1338c464ad0a9,,False,Onset censoring and source timestamp validity still require review; clock-only values are not verified response delays.
c143bc64166439,,False,Onset censoring and source timestamp validity still require review; clock-only values are not verified response delays.
c155aed810c1be,,False,Onset censoring and source timestamp validity still require review; clock-only values are not verified response delays.
c1bd7a97f3f16e,27.533333333333335,False,Onset censoring and source timestamp validity still require review; clock-only values are not verified response delays.
c1c5751109b7a3,,False,Onset censoring and source timestamp validity still require review; clock-only values are not verified response delays.
c1f353c94a1f17,16.0,False,Onset censoring and source timestamp validity still require review; clock-only values are not verified response delays.
c1fe5933979848,10.066666666666666,False,Onset censoring and source timestamp validity still require review; clock-only values are not verified response delays.
c1fec1295cecd1,,False,Onset censoring and source timestamp validity still require review; clock-only values are not verified response delays.
c20293b5139114,,False,Onset censoring and source timestamp validity still require review; clock-only values are not verified response delays.
c203c2e249aa5c,6.0,False,Onset censoring and source timestamp validity still require review; clock-only values are not verified response delays.
c2064e2a4c0ace,,False,Onset censoring and source timestamp validity still require review; clock-only values are not verified response delays.
c207c73c1e80bb,,False,Onset censoring and source timestamp validity still require review; clock-only values are not verified response delays.
c20cbf264a4b06,,False,Onset censoring and source timestamp validity still require review; clock-only values are not verified response delays.
c2152e0a9db617,,False,Onset censoring and source timestamp validity still require review; clock-only values are not verified response delays.
c218d5ce8ea9a9,,False,Onset censoring and source timestamp validity still require review; clock-only values are not verified response delays.
c2293333d562d3,,False,Onset censoring and source timestamp validity still require review; clock-only values are not verified response delays.
c22937686e1248,,False,Onset censoring and source timestamp validity still require review; clock-only values are not verified response delays.
c22fbd56aaec69,,False,Onset censoring and source timestamp validity still require review; clock-only values are not verified response delays.
c2374e310fa596,125.5,False,Onset censoring and source timestamp validity still require review; clock-only values are not verified response delays.
c23c32b5b9335e,,False,Onset censoring and source timestamp validity still require review; clock-only values are not verified response delays.
c2537a6e246874,,False,Onset censoring and source timestamp validity still require review; clock-only values are not verified response delays.
c2568e909d2662,11.0,False,Onset censoring and source timestamp validity still require review; clock-only values are not verified response delays.
c27f39f78553de,35.5,True,Onset censoring and source timestamp validity still require review; clock-only values are not verified response delays.
c29094039da629,,False,Onset censoring and source timestamp validity still require review; clock-only values are not verified response delays.
c293f089dff51d,33.0,True,Onset censoring and source timestamp validity still require review; clock-only values are not verified response delays.
c2a4657502bdeb,,False,Onset censoring and source timestamp validity still require review; clock-only values are not verified response delays.
c2b141d47aae59,1.5,False,Onset censoring and source timestamp validity still require review; clock-only values are not verified response delays.
c2cfdebb497a64,,False,Onset censoring and source timestamp validity still require review; clock-only values are not verified response delays.
c2da8a31024709,,False,Onset censoring and source timestamp validity still require review; clock-only values are not verified response delays.
c2efbbaa9a3209,,False,Onset censoring and source timestamp validity still require review; clock-only values are not verified response delays.
c2f07a8b213d46,,False,Onset censoring and source timestamp validity still require review; clock-only values are not verified response delays.
c2f5f8f9f594a9,,False,Onset censoring and source timestamp validity still require review; clock-only values are not verified response delays.
c2f9e69035c062,45.0,True,Onset censoring and source timestamp validity still require review; clock-only values are not verified response delays.
c2fbb04809951f,,False,Onset censoring and source timestamp validity still require review; clock-only values are not verified response delays.
c30705a4efd17c,,False,Onset censoring and source timestamp validity still require review; clock-only values are not verified response delays.
c31dd2eda9c65e,,False,Onset censoring and source timestamp validity still require review; clock-only values are not verified response delays.
c340969b761973,,False,Onset censoring and source timestamp validity still require review; clock-only values are not verified response delays.
c341401ae9a58a,,False,Onset censoring and source timestamp validity still require review; clock-only values are not verified response delays.
c347d0092b9bc3,,False,Onset censoring and source timestamp validity still require review; clock-only values are not verified response delays.
c3665ee48ac823,12.0,False,Onset censoring and source timestamp validity still require review; clock-only values are not verified response delays.
c36b81ca3badf4,,False,Onset censoring and source timestamp validity still require review; clock-only values are not verified response delays.
c3855f3532a810,,False,Onset censoring and source timestamp validity still require review; clock-only values are not verified response delays.
c399ad1a6580f9,,False,Onset censoring and source timestamp validity still require review; clock-only values are not verified response delays.
c3e922af7f6bc6,,False,Onset censoring and source timestamp validity still require review; clock-only values are not verified response delays.
c3ea3c0ad08b2d,,False,Onset censoring and source timestamp validity still require review; clock-only values are not verified response delays.
c3f3fa010d9e45,,False,Onset censoring and source timestamp validity still require review; clock-only values are not verified response delays.
c4013bf261d990,6.5,False,Onset censoring and source timestamp validity still require review; clock-only values are not verified response delays.
c41771fae8fada,,False,Onset censoring and source timestamp validity still require review; clock-only values are not verified response delays.
c41a546006ddba,,False,Onset censoring and source timestamp validity still require review; clock-only values are not verified response delays.
c45380ea123cdc,,False,Onset censoring and source timestamp validity still require review; clock-only values are not verified response delays.
c45f901506f09e,,False,Onset censoring and source timestamp validity still require review; clock-only values are not verified response delays.
c46f2890e01bd4,,False,Onset censoring and source timestamp validity still require review; clock-only values are not verified response delays.
c49e8572ec5046,,False,Onset censoring and source timestamp validity still require review; clock-only values are not verified response delays.
c4b31a898f8f11,,False,Onset censoring and source timestamp validity still require review; clock-only values are not verified response delays.
c4bd53b04263c0,,False,Onset censoring and source timestamp validity still require review; clock-only values are not verified response delays.
c4bea93a5285ad,,False,Onset censoring and source timestamp validity still require review; clock-only values are not verified response delays.
c4d9f2b42a25ee,,False,Onset censoring and source timestamp validity still require review; clock-only values are not verified response delays.
c4e472ea7af353,,False,Onset censoring and source timestamp validity still require review; clock-only values are not verified response delays.
c4ec43d47574cd,22.5,True,Onset censoring and source timestamp validity still require review; clock-only values are not verified response delays.
c4f5905d29c21e,,False,Onset censoring and source timestamp validity still require review; clock-only values are not verified response delays.
c54accbade6c35,,False,Onset censoring and source timestamp validity still require review; clock-only values are not verified response delays.
c55609a41fdd09,,False,Onset censoring and source timestamp validity still require review; clock-only values are not verified response delays.
c56e8e49b2a75c,,False,Onset censoring and source timestamp validity still require review; clock-only values are not verified response delays.
c59a406b74ed73,,False,Onset censoring and source timestamp validity still require review; clock-only values are not verified response delays.
c5a8079427b4f4,,False,Onset censoring and source timestamp validity still require review; clock-only values are not verified response delays.
c5be7d51da49b0,36.0,False,Onset censoring and source timestamp validity still require review; clock-only values are not verified response delays.
c5bf02387d9ba7,,False,Onset censoring and source timestamp validity still require review; clock-only values are not verified response delays.
c5db6fa4699048,,False,Onset censoring and source timestamp validity still require review; clock-only values are not verified response delays.
c5ea3e5b91726c,,False,Onset censoring and source timestamp validity still require review; clock-only values are not verified response delays.
c613a71bc00dbb,,False,Onset censoring and source timestamp validity still require review; clock-only values are not verified response delays.
c617dd0ef50595,,False,Onset censoring and source timestamp validity still require review; clock-only values are not verified response delays.
c662666fe7a1bb,,False,Onset censoring and source timestamp validity still require review; clock-only values are not verified response delays.
c6834e549f4a29,,False,Onset censoring and source timestamp validity still require review; clock-only values are not verified response delays.
c68603dab66868,47.0,False,Onset censoring and source timestamp validity still require review; clock-only values are not verified response delays.
c6c4e3169bea64,,False,Onset censoring and source timestamp validity still require review; clock-only values are not verified response delays.
c6cb96cb331a6b,8.0,False,Onset censoring and source timestamp validity still require review; clock-only values are not verified response delays.
c6e120de691942,,False,Onset censoring and source timestamp validity still require review; clock-only values are not verified response delays.
c6ebf845c43a56,,False,Onset censoring and source timestamp validity still require review; clock-only values are not verified response delays.
c6ebfa4acb6604,,False,Onset censoring and source timestamp validity still require review; clock-only values are not verified response delays.
c6f1fa419bf1e6,,False,Onset censoring and source timestamp validity still require review; clock-only values are not verified response delays.
c70029fd76a135,,False,Onset censoring and source timestamp validity still require review; clock-only values are not verified response delays.
c7019ed4f266f6,6.0,False,Onset censoring and source timestamp validity still require review; clock-only values are not verified response delays.
c708e7eaac0ee1,,False,Onset censoring and source timestamp validity still require review; clock-only values are not verified response delays.
c70e988149dc42,,False,Onset censoring and source timestamp validity still require review; clock-only values are not verified response delays.
c70ea5d5f8606b,12.5,False,Onset censoring and source timestamp validity still require review; clock-only values are not verified response delays.
c74513ad0a4605,,False,Onset censoring and source timestamp validity still require review; clock-only values are not verified response delays.
c74e7eb9e89ea6,1.0,False,Onset censoring and source timestamp validity still require review; clock-only values are not verified response delays.
c751f9d5828058,,False,Onset censoring and source timestamp validity still require review; clock-only values are not verified response delays.
c75e5004100395,,False,Onset censoring and source timestamp validity still require review; clock-only values are not verified response delays.
c790ea6bafc442,,False,Onset censoring and source timestamp validity still require review; clock-only values are not verified response delays.
c7983c4debb78b,12.0,False,Onset censoring and source timestamp validity still require review; clock-only values are not verified response delays.
c79bed4c47926f,,False,Onset censoring and source timestamp validity still require review; clock-only values are not verified response delays.
c7b48392b0847d,9.5,False,Onset censoring and source timestamp validity still require review; clock-only values are not verified response delays.
c7b76989890d1d,8.5,False,Onset censoring and source timestamp validity still require review; clock-only values are not verified response delays.
c7b95cf9ad3b79,,False,Onset censoring and source timestamp validity still require review; clock-only values are not verified response delays.
c7cbca9cfbcb65,,False,Onset censoring and source timestamp validity still require review; clock-only values are not verified response delays.
c7df92f70ad5ea,,False,Onset censoring and source timestamp validity still require review; clock-only values are not verified response delays.
c7f45eab7a2972,95.0,False,Onset censoring and source timestamp validity still require review; clock-only values are not verified response delays.
c80510f7ff8edf,,False,Onset censoring and source timestamp validity still require review; clock-only values are not verified response delays.
c806d88b23f7f6,,False,Onset censoring and source timestamp validity still require review; clock-only values are not verified response delays.
c81a402b597fac,5.5,True,Onset censoring and source timestamp validity still require review; clock-only values are not verified response delays.
c81c3918c1fca9,,False,Onset censoring and source timestamp validity still require review; clock-only values are not verified response delays.
c829110e4ad498,,False,Onset censoring and source timestamp validity still require review; clock-only values are not verified response delays.
c8355a087b3c43,,False,Onset censoring and source timestamp validity still require review; clock-only values are not verified response delays.
c83ad504d7cb10,,False,Onset censoring and source timestamp validity still require review; clock-only values are not verified response delays.
c851c0321ea0db,35.93333333333333,False,Onset censoring and source timestamp validity still require review; clock-only values are not verified response delays.
c8579e0c6d4c0f,,False,Onset censoring and source timestamp validity still require review; clock-only values are not verified response delays.
c86ce7d5205f5c,,False,Onset censoring and source timestamp validity still require review; clock-only values are not verified response delays.
c89784c70c709d,,False,Onset censoring and source timestamp validity still require review; clock-only values are not verified response delays.
c8b7a070187561,,False,Onset censoring and source timestamp validity still require review; clock-only values are not verified response delays.
c8cb7c337eb179,,False,Onset censoring and source timestamp validity still require review; clock-only values are not verified response delays.
c8ce9dc6e0f967,,False,Onset censoring and source timestamp validity still require review; clock-only values are not verified response delays.
c8da0d6d1fd023,,False,Onset censoring and source timestamp validity still require review; clock-only values are not verified response delays.
c8dce6b7b73ce6,,False,Onset censoring and source timestamp validity still require review; clock-only values are not verified response delays.
c8e88ab688f35a,,False,Onset censoring and source timestamp validity still require review; clock-only values are not verified response delays.
c8f334b483d14d,,False,Onset censoring and source timestamp validity still require review; clock-only values are not verified response delays.
c8f65303642d4c,,False,Onset censoring and source timestamp validity still require review; clock-only values are not verified response delays.
c8ff68590ae4a9,,False,Onset censoring and source timestamp validity still require review; clock-only values are not verified response delays.
c9081c26783222,,False,Onset censoring and source timestamp validity still require review; clock-only values are not verified response delays.
c922d846c07ef1,,False,Onset censoring and source timestamp validity still require review; clock-only values are not verified response delays.
c9230e875ca9fc,6.5,False,Onset censoring and source timestamp validity still require review; clock-only values are not verified response delays.
c928ad541e508f,,False,Onset censoring and source timestamp validity still require review; clock-only values are not verified response delays.
c93723262a6eb2,,False,Onset censoring and source timestamp validity still require review; clock-only values are not verified response delays.
c93df703c52160,41.0,False,Onset censoring and source timestamp validity still require review; clock-only values are not verified response delays.
c94f278c51e3c0,,False,Onset censoring and source timestamp validity still require review; clock-only values are not verified response delays.
c9660833fbf6a9,25.0,False,Onset censoring and source timestamp validity still require review; clock-only values are not verified response delays.
c968204e49f3e4,,False,Onset censoring and source timestamp validity still require review; clock-only values are not verified response delays.
c9955eca449819,0.0,False,Onset censoring and source timestamp validity still require review; clock-only values are not verified response delays.
c99aa4458afce4,,False,Onset censoring and source timestamp validity still require review; clock-only values are not verified response delays.
c99d25375e8d0a,,False,Onset censoring and source timestamp validity still require review; clock-only values are not verified response delays.
c9b24f83c13a85,,False,Onset censoring and source timestamp validity still require review; clock-only values are not verified response delays.
c9cbc8e311ea1b,,False,Onset censoring and source timestamp validity still require review; clock-only values are not verified response delays.
c9d9563fd9c134,,False,Onset censoring and source timestamp validity still require review; clock-only values are not verified response delays.
c9e7a8dd9a14d0,,False,Onset censoring and source timestamp validity still require review; clock-only values are not verified response delays.
ca0276a8b7a600,8.5,False,Onset censoring and source timestamp validity still require review; clock-only values are not verified response delays.
ca0eaaa786c326,,False,Onset censoring and source timestamp validity still require review; clock-only values are not verified response delays.
ca24c4e63f5b21,,False,Onset censoring and source timestamp validity still require review; clock-only values are not verified response delays.
ca289c72e09b94,,False,Onset censoring and source timestamp validity still require review; clock-only values are not verified response delays.
ca2aa434d9b01a,,False,Onset censoring and source timestamp validity still require review; clock-only values are not verified response delays.
ca4477887b852c,,False,Onset censoring and source timestamp validity still require review; clock-only values are not verified response delays.
ca9edab03e4e03,3.0,True,Onset censoring and source timestamp validity still require review; clock-only values are not verified response delays.
caab9465000a37,,False,Onset censoring and source timestamp validity still require review; clock-only values are not verified response delays.
cac34ac7bd9cb6,,False,Onset censoring and source timestamp validity still require review; clock-only values are not verified response delays.
cac99308df1a4a,,False,Onset censoring and source timestamp validity still require review; clock-only values are not verified response delays.
cada1b8d8ffb22,,False,Onset censoring and source timestamp validity still require review; clock-only values are not verified response delays.
cadbd7fecb54a3,,False,Onset censoring and source timestamp validity still require review; clock-only values are not verified response delays.
cae0596f9ed522,,False,Onset censoring and source timestamp validity still require review; clock-only values are not verified response delays.
cb0045a45f78bf,55.35,False,Onset censoring and source timestamp validity still require review; clock-only values are not verified response delays.
cb313fa6d3cf57,,False,Onset censoring and source timestamp validity still require review; clock-only values are not verified response delays.
cb3f645fdf6f46,,False,Onset censoring and source timestamp validity still require review; clock-only values are not verified response delays.
cb610f8043233f,,False,Onset censoring and source timestamp validity still require review; clock-only values are not verified response delays.
cb6ead397bd6f0,,False,Onset censoring and source timestamp validity still require review; clock-only values are not verified response delays.
cb8acdd4ffe6d0,,False,Onset censoring and source timestamp validity still require review; clock-only values are not verified response delays.
cb8c784edde2e8,,False,Onset censoring and source timestamp validity still require review; clock-only values are not verified response delays.
cb8f60c57d86b4,,False,Onset censoring and source timestamp validity still require review; clock-only values are not verified response delays.
cbb98c8724f59b,44.5,False,Onset censoring and source timestamp validity still require review; clock-only values are not verified response delays.
cbbdc9151b2f81,,False,Onset censoring and source timestamp validity still require review; clock-only values are not verified response delays.
cc150d5b8a8384,,False,Onset censoring and source timestamp validity still require review; clock-only values are not verified response delays.
cc1cec99c72e71,,False,Onset censoring and source timestamp validity still require review; clock-only values are not verified response delays.
cc47e9be61635f,,False,Onset censoring and source timestamp validity still require review; clock-only values are not verified response delays.
cc5b3c3ca1b906,,False,Onset censoring and source timestamp validity still require review; clock-only values are not verified response delays.
cc6002002c5dbd,,False,Onset censoring and source timestamp validity still require review; clock-only values are not verified response delays.
cc8862463aed6b,,False,Onset censoring and source timestamp validity still require review; clock-only values are not verified response delays.
cc92a674845f7a,,False,Onset censoring and source timestamp validity still require review; clock-only values are not verified response delays.
ccc73e399b0cd3,,False,Onset censoring and source timestamp validity still require review; clock-only values are not verified response delays.
ccdb4c1ead5a50,,False,Onset censoring and source timestamp validity still require review; clock-only values are not verified response delays.
ccff704a5fcb95,,False,Onset censoring and source timestamp validity still require review; clock-only values are not verified response delays.
cd0f1d7ef4cb04,,False,Onset censoring and source timestamp validity still require review; clock-only values are not verified response delays.
cd20832756e333,,False,Onset censoring and source timestamp validity still require review; clock-only values are not verified response delays.
cd2cd6d2135a69,,False,Onset censoring and source timestamp validity still require review; clock-only values are not verified response delays.
cd41169a2b9c17,90.0,True,Onset censoring and source timestamp validity still require review; clock-only values are not verified response delays.
cd45ee10bf1a53,,False,Onset censoring and source timestamp validity still require review; clock-only values are not verified response delays.
cd939896a61c03,,False,Onset censoring and source timestamp validity still require review; clock-only values are not verified response delays.
ce33a3e1348cf0,,False,Onset censoring and source timestamp validity still require review; clock-only values are not verified response delays.
ce4d258edb8997,10.0,True,Onset censoring and source timestamp validity still require review; clock-only values are not verified response delays.
ce529ade4489a2,,False,Onset censoring and source timestamp validity still require review; clock-only values are not verified response delays.
ce5f9051e535b7,169.5,False,Onset censoring and source timestamp validity still require review; clock-only values are not verified response delays.
ce9d0f37339c74,,False,Onset censoring and source timestamp validity still require review; clock-only values are not verified response delays.
cea580085fc07f,,False,Onset censoring and source timestamp validity still require review; clock-only values are not verified response delays.
ceba1e06156621,,False,Onset censoring and source timestamp validity still require review; clock-only values are not verified response delays.
cecd5cb6321230,,False,Onset censoring and source timestamp validity still require review; clock-only values are not verified response delays.
cece39fcc6e6a5,,False,Onset censoring and source timestamp validity still require review; clock-only values are not verified response delays.
ced559b514b0df,,False,Onset censoring and source timestamp validity still require review; clock-only values are not verified response delays.
ced781da856cec,,False,Onset censoring and source timestamp validity still require review; clock-only values are not verified response delays.
cf0baacd57e130,23.0,False,Onset censoring and source timestamp validity still require review; clock-only values are not verified response delays.
cf0cd0455bc0ad,,False,Onset censoring and source timestamp validity still require review; clock-only values are not verified response delays.
cf184f0fc754f1,,False,Onset censoring and source timestamp validity still require review; clock-only values are not verified response delays.
cf1bfa781903d3,18.0,False,Onset censoring and source timestamp validity still require review; clock-only values are not verified response delays.
cf1e03fff22e6a,23.0,False,Onset censoring and source timestamp validity still require review; clock-only values are not verified response delays.
cf5cef07312e02,191.5,True,Onset censoring and source timestamp validity still require review; clock-only values are not verified response delays.
cfd38a4507e0b4,,False,Onset censoring and source timestamp validity still require review; clock-only values are not verified response delays.
cff0ffde9fef89,,False,Onset censoring and source timestamp validity still require review; clock-only values are not verified response delays.
d0242647c0cf92,,False,Onset censoring and source timestamp validity still require review; clock-only values are not verified response delays.
d04a4dd51727a2,,False,Onset censoring and source timestamp validity still require review; clock-only values are not verified response delays.
d086e22a8cd710,,False,Onset censoring and source timestamp validity still require review; clock-only values are not verified response delays.
d09a7d65f54a33,,False,Onset censoring and source timestamp validity still require review; clock-only values are not verified response delays.
d0c3fdd94bd8e1,,False,Onset censoring and source timestamp validity still require review; clock-only values are not verified response delays.
d10673568d82e0,,False,Onset censoring and source timestamp validity still require review; clock-only values are not verified response delays.
d129a06c0ef911,,False,Onset censoring and source timestamp validity still require review; clock-only values are not verified response delays.
d15fcf99e1ca0a,7.5,False,Onset censoring and source timestamp validity still require review; clock-only values are not verified response delays.
d167da759a8610,,False,Onset censoring and source timestamp validity still require review; clock-only values are not verified response delays.
d16939892c7098,,False,Onset censoring and source timestamp validity still require review; clock-only values are not verified response delays.
d172da0c629aa0,,False,Onset censoring and source timestamp validity still require review; clock-only values are not verified response delays.
d187693873d0b3,,False,Onset censoring and source timestamp validity still require review; clock-only values are not verified response delays.
d198b5f0935072,,False,Onset censoring and source timestamp validity still require review; clock-only values are not verified response delays.
d1e8da2d62d877,,False,Onset censoring and source timestamp validity still require review; clock-only values are not verified response delays.
d1f36cd573826a,,False,Onset censoring and source timestamp validity still require review; clock-only values are not verified response delays.
d20f466b1f9b42,4.0,False,Onset censoring and source timestamp validity still require review; clock-only values are not verified response delays.
d2136d57288f51,,False,Onset censoring and source timestamp validity still require review; clock-only values are not verified response delays.
d236055291be91,,False,Onset censoring and source timestamp validity still require review; clock-only values are not verified response delays.
d236d905252544,,False,Onset censoring and source timestamp validity still require review; clock-only values are not verified response delays.
d23b0813a256e8,,False,Onset censoring and source timestamp validity still require review; clock-only values are not verified response delays.
d247569487a383,105.5,True,Onset censoring and source timestamp validity still require review; clock-only values are not verified response delays.
d24828bb128bba,204.0,True,Onset censoring and source timestamp validity still require review; clock-only values are not verified response delays.
d2546c20ed2e5c,,False,Onset censoring and source timestamp validity still require review; clock-only values are not verified response delays.
d26e85e47bfd9e,,False,Onset censoring and source timestamp validity still require review; clock-only values are not verified response delays.
d27a2816ff82d8,,False,Onset censoring and source timestamp validity still require review; clock-only values are not verified response delays.
d28c25f6ad5cf8,,False,Onset censoring and source timestamp validity still require review; clock-only values are not verified response delays.
d295d505c21eb7,,False,Onset censoring and source timestamp validity still require review; clock-only values are not verified response delays.
d2960fa51b82bc,,False,Onset censoring and source timestamp validity still require review; clock-only values are not verified response delays.
d2996ad70f61e0,,False,Onset censoring and source timestamp validity still require review; clock-only values are not verified response delays.
d2a7f9766f34c8,98.0,False,Onset censoring and source timestamp validity still require review; clock-only values are not verified response delays.
d2c33463429ac1,,False,Onset censoring and source timestamp validity still require review; clock-only values are not verified response delays.
d2f54708c07322,5.5,False,Onset censoring and source timestamp validity still require review; clock-only values are not verified response delays.
d2fcbc8928dabd,,False,Onset censoring and source timestamp validity still require review; clock-only values are not verified response delays.
d3044965272bdc,,False,Onset censoring and source timestamp validity still require review; clock-only values are not verified response delays.
d3082b2400ff17,,False,Onset censoring and source timestamp validity still require review; clock-only values are not verified response delays.
d31fccbeebcc4a,,False,Onset censoring and source timestamp validity still require review; clock-only values are not verified response delays.
d3245190f9f901,,False,Onset censoring and source timestamp validity still require review; clock-only values are not verified response delays.
d35a220b9da68c,,False,Onset censoring and source timestamp validity still require review; clock-only values are not verified response delays.
d36e375b7272a3,,False,Onset censoring and source timestamp validity still require review; clock-only values are not verified response delays.
d37ab3242f2999,,False,Onset censoring and source timestamp validity still require review; clock-only values are not verified response delays.
d38f5c1bd8c806,1.5,True,Onset censoring and source timestamp validity still require review; clock-only values are not verified response delays.
d39066d171b98c,,False,Onset censoring and source timestamp validity still require review; clock-only values are not verified response delays.
d3a885c104ac82,,False,Onset censoring and source timestamp validity still require review; clock-only values are not verified response delays.
d3c5bc21d3b8a9,,False,Onset censoring and source timestamp validity still require review; clock-only values are not verified response delays.
d3ca0d7739ed02,,False,Onset censoring and source timestamp validity still require review; clock-only values are not verified response delays.
d3d03cb5d69557,,False,Onset censoring and source timestamp validity still require review; clock-only values are not verified response delays.
d3f741d6fbd42d,,False,Onset censoring and source timestamp validity still require review; clock-only values are not verified response delays.
d4265dd9843fcc,,False,Onset censoring and source timestamp validity still require review; clock-only values are not verified response delays.
d441943ca6a331,,False,Onset censoring and source timestamp validity still require review; clock-only values are not verified response delays.
d4487c5f56f8b2,,False,Onset censoring and source timestamp validity still require review; clock-only values are not verified response delays.
d44dc97e568dcc,,False,Onset censoring and source timestamp validity still require review; clock-only values are not verified response delays.
d452e01eb13e16,,False,Onset censoring and source timestamp validity still require review; clock-only values are not verified response delays.
d458c0227e191a,,False,Onset censoring and source timestamp validity still require review; clock-only values are not verified response delays.
d45d51dcc74eaf,,False,Onset censoring and source timestamp validity still require review; clock-only values are not verified response delays.
d45d82152a148b,,False,Onset censoring and source timestamp validity still require review; clock-only values are not verified response delays.
d46a7299395d46,,False,Onset censoring and source timestamp validity still require review; clock-only values are not verified response delays.
d4dfa60a246402,,False,Onset censoring and source timestamp validity still require review; clock-only values are not verified response delays.
d4e6aad65d1bf1,,False,Onset censoring and source timestamp validity still require review; clock-only values are not verified response delays.
d4fbf196ccf535,,False,Onset censoring and source timestamp validity still require review; clock-only values are not verified response delays.
d534637362d7c6,,False,Onset censoring and source timestamp validity still require review; clock-only values are not verified response delays.
d5519f8386d669,,False,Onset censoring and source timestamp validity still require review; clock-only values are not verified response delays.
d5669007e1b97b,,False,Onset censoring and source timestamp validity still require review; clock-only values are not verified response delays.
d57d039ee680fe,46.016666666666666,False,Onset censoring and source timestamp validity still require review; clock-only values are not verified response delays.
d5a637228f3c76,,False,Onset censoring and source timestamp validity still require review; clock-only values are not verified response delays.
d5d78636252226,,False,Onset censoring and source timestamp validity still require review; clock-only values are not verified response delays.
d61731346bf388,,False,Onset censoring and source timestamp validity still require review; clock-only values are not verified response delays.
d621eb4b0f77fb,,False,Onset censoring and source timestamp validity still require review; clock-only values are not verified response delays.
d63ed4317ec847,,False,Onset censoring and source timestamp validity still require review; clock-only values are not verified response delays.
d647bb076213a2,,False,Onset censoring and source timestamp validity still require review; clock-only values are not verified response delays.
d6641f52f55bdd,,False,Onset censoring and source timestamp validity still require review; clock-only values are not verified response delays.
d664e17f0056a7,,False,Onset censoring and source timestamp validity still require review; clock-only values are not verified response delays.
d66a06f2560358,115.0,False,Onset censoring and source timestamp validity still require review; clock-only values are not verified response delays.
d67e06441b84d2,,False,Onset censoring and source timestamp validity still require review; clock-only values are not verified response delays.
d6ac601159d813,,False,Onset censoring and source timestamp validity still require review; clock-only values are not verified response delays.
d6dc56c2ea4032,24.0,False,Onset censoring and source timestamp validity still require review; clock-only values are not verified response delays.
d6e2fac41ff759,,False,Onset censoring and source timestamp validity still require review; clock-only values are not verified response delays.
d6fc3331d1cdc3,,False,Onset censoring and source timestamp validity still require review; clock-only values are not verified response delays.
d705ed705aa9a3,,False,Onset censoring and source timestamp validity still require review; clock-only values are not verified response delays.
d7144ceb6d0111,16.0,False,Onset censoring and source timestamp validity still require review; clock-only values are not verified response delays.
d71b5c7fe27554,,False,Onset censoring and source timestamp validity still require review; clock-only values are not verified response delays.
d7421455fb1e22,,False,Onset censoring and source timestamp validity still require review; clock-only values are not verified response delays.
d74cbfb7e76b55,12.5,True,Onset censoring and source timestamp validity still require review; clock-only values are not verified response delays.
d75053ea6bafd0,2.5,False,Onset censoring and source timestamp validity still require review; clock-only values are not verified response delays.
d77b792152573d,,False,Onset censoring and source timestamp validity still require review; clock-only values are not verified response delays.
d77c691d3a2d83,,False,Onset censoring and source timestamp validity still require review; clock-only values are not verified response delays.
d784b320c90216,51.5,False,Onset censoring and source timestamp validity still require review; clock-only values are not verified response delays.
d79335c519f1bd,,False,Onset censoring and source timestamp validity still require review; clock-only values are not verified response delays.
d7a1b53d1583cd,,False,Onset censoring and source timestamp validity still require review; clock-only values are not verified response delays.
d7adab3399367d,,False,Onset censoring and source timestamp validity still require review; clock-only values are not verified response delays.
d7c96374af1fc3,,False,Onset censoring and source timestamp validity still require review; clock-only values are not verified response delays.
d7d7e31f592d15,,False,Onset censoring and source timestamp validity still require review; clock-only values are not verified response delays.
d7db6d0c72ed3f,,False,Onset censoring and source timestamp validity still require review; clock-only values are not verified response delays.
d7f8a00360571e,,False,Onset censoring and source timestamp validity still require review; clock-only values are not verified response delays.
d8089a21412441,,False,Onset censoring and source timestamp validity still require review; clock-only values are not verified response delays.
d80c5c4fd0745a,,False,Onset censoring and source timestamp validity still require review; clock-only values are not verified response delays.
d83c52602bbdf5,,False,Onset censoring and source timestamp validity still require review; clock-only values are not verified response delays.
d872f005e7175f,,False,Onset censoring and source timestamp validity still require review; clock-only values are not verified response delays.
d87a8b084ec2b7,,False,Onset censoring and source timestamp validity still require review; clock-only values are not verified response delays.
d87fdb8c9140b8,3.5,True,Onset censoring and source timestamp validity still require review; clock-only values are not verified response delays.
d88c3355087d1a,72.5,False,Onset censoring and source timestamp validity still require review; clock-only values are not verified response delays.
d8a56c75c7f4f8,,False,Onset censoring and source timestamp validity still require review; clock-only values are not verified response delays.
d8a6e082b90473,,False,Onset censoring and source timestamp validity still require review; clock-only values are not verified response delays.
d8cb9ac0ce5a07,,False,Onset censoring and source timestamp validity still require review; clock-only values are not verified response delays.
d8e3799391e549,,False,Onset censoring and source timestamp validity still require review; clock-only values are not verified response delays.
d8fa52c052171e,,False,Onset censoring and source timestamp validity still require review; clock-only values are not verified response delays.
d934cf88acda8a,,False,Onset censoring and source timestamp validity still require review; clock-only values are not verified response delays.
d9370c0b9e5299,,False,Onset censoring and source timestamp validity still require review; clock-only values are not verified response delays.
d93fe865f551f2,,False,Onset censoring and source timestamp validity still require review; clock-only values are not verified response delays.
d9406665a84451,,False,Onset censoring and source timestamp validity still require review; clock-only values are not verified response delays.
d9543279c70508,,False,Onset censoring and source timestamp validity still require review; clock-only values are not verified response delays.
d9671672afef94,3.35,False,Onset censoring and source timestamp validity still require review; clock-only values are not verified response delays.
d9928df4193b0c,,False,Onset censoring and source timestamp validity still require review; clock-only values are not verified response delays.
d9b5972b006d4f,,False,Onset censoring and source timestamp validity still require review; clock-only values are not verified response delays.
d9cc21b285e59c,,False,Onset censoring and source timestamp validity still require review; clock-only values are not verified response delays.
d9deae29405110,,False,Onset censoring and source timestamp validity still require review; clock-only values are not verified response delays.
da068981066e54,,False,Onset censoring and source timestamp validity still require review; clock-only values are not verified response delays.
da107fd2500d9f,,False,Onset censoring and source timestamp validity still require review; clock-only values are not verified response delays.
da1bd350be386c,,False,Onset censoring and source timestamp validity still require review; clock-only values are not verified response delays.
da2d50f994c791,11.0,False,Onset censoring and source timestamp validity still require review; clock-only values are not verified response delays.
da36eb17c79b5e,,False,Onset censoring and source timestamp validity still require review; clock-only values are not verified response delays.
da3c7d3f21f229,,False,Onset censoring and source timestamp validity still require review; clock-only values are not verified response delays.
da6086e85ef837,,False,Onset censoring and source timestamp validity still require review; clock-only values are not verified response delays.
da6c50474b67a6,,False,Onset censoring and source timestamp validity still require review; clock-only values are not verified response delays.
da7d0a6f4903d1,,False,Onset censoring and source timestamp validity still require review; clock-only values are not verified response delays.
da7ee75ec9ef41,,False,Onset censoring and source timestamp validity still require review; clock-only values are not verified response delays.
da8bf26b24fa80,156.0,False,Onset censoring and source timestamp validity still require review; clock-only values are not verified response delays.
da8e5542cd5281,,False,Onset censoring and source timestamp validity still require review; clock-only values are not verified response delays.
daa775c8664d15,,False,Onset censoring and source timestamp validity still require review; clock-only values are not verified response delays.
dabdcb0a7b8ad2,,False,Onset censoring and source timestamp validity still require review; clock-only values are not verified response delays.
dabf8449ab1672,,False,Onset censoring and source timestamp validity still require review; clock-only values are not verified response delays.
daf867dfe2c41e,,False,Onset censoring and source timestamp validity still require review; clock-only values are not verified response delays.
dafcc82abdaa6c,,False,Onset censoring and source timestamp validity still require review; clock-only values are not verified response delays.
db0a8351f2a5dd,,False,Onset censoring and source timestamp validity still require review; clock-only values are not verified response delays.
db0c7b370ec9d1,,False,Onset censoring and source timestamp validity still require review; clock-only values are not verified response delays.
db1d1ec4729c87,,False,Onset censoring and source timestamp validity still require review; clock-only values are not verified response delays.
db27428e32e040,,False,Onset censoring and source timestamp validity still require review; clock-only values are not verified response delays.
db2dc1e352de11,,False,Onset censoring and source timestamp validity still require review; clock-only values are not verified response delays.
db48618c039b76,,False,Onset censoring and source timestamp validity still require review; clock-only values are not verified response delays.
db4c6aded1389c,,False,Onset censoring and source timestamp validity still require review; clock-only values are not verified response delays.
db7bde6a1a3c61,,False,Onset censoring and source timestamp validity still require review; clock-only values are not verified response delays.
db862b28189226,,False,Onset censoring and source timestamp validity still require review; clock-only values are not verified response delays.
db8741a231ec9e,,False,Onset censoring and source timestamp validity still require review; clock-only values are not verified response delays.
db934240258cca,,False,Onset censoring and source timestamp validity still require review; clock-only values are not verified response delays.
dba5933f6c9056,,False,Onset censoring and source timestamp validity still require review; clock-only values are not verified response delays.
dba5a5fec61081,,False,Onset censoring and source timestamp validity still require review; clock-only values are not verified response delays.
dbbc97c020dcdb,,False,Onset censoring and source timestamp validity still require review; clock-only values are not verified response delays.
dbfc429014544d,,False,Onset censoring and source timestamp validity still require review; clock-only values are not verified response delays.
dc3499d33e412d,,False,Onset censoring and source timestamp validity still require review; clock-only values are not verified response delays.
dc6e82464335da,,False,Onset censoring and source timestamp validity still require review; clock-only values are not verified response delays.
dc832e2ca0b460,3.0,False,Onset censoring and source timestamp validity still require review; clock-only values are not verified response delays.
dc90407098f9c2,,False,Onset censoring and source timestamp validity still require review; clock-only values are not verified response delays.
dcab0e0a3e8c84,1.5,False,Onset censoring and source timestamp validity still require review; clock-only values are not verified response delays.
dcb4d7b262c1e9,,False,Onset censoring and source timestamp validity still require review; clock-only values are not verified response delays.
dcdfbdec2be7f3,,False,Onset censoring and source timestamp validity still require review; clock-only values are not verified response delays.
dce1fd6653cbc9,,False,Onset censoring and source timestamp validity still require review; clock-only values are not verified response delays.
dcf2fcd3ff0358,,False,Onset censoring and source timestamp validity still require review; clock-only values are not verified response delays.
dcf4c36e3efe35,8.5,False,Onset censoring and source timestamp validity still require review; clock-only values are not verified response delays.
dd028114141c0b,,False,Onset censoring and source timestamp validity still require review; clock-only values are not verified response delays.
dd117deb1e679f,53.5,True,Onset censoring and source timestamp validity still require review; clock-only values are not verified response delays.
dd5b6029f5a2ae,,False,Onset censoring and source timestamp validity still require review; clock-only values are not verified response delays.
dd7e9678420c44,,False,Onset censoring and source timestamp validity still require review; clock-only values are not verified response delays.
dd834834985e8f,,False,Onset censoring and source timestamp validity still require review; clock-only values are not verified response delays.
dd8aa90d02b8de,12.0,True,Onset censoring and source timestamp validity still require review; clock-only values are not verified response delays.
ddbcefdf188257,,False,Onset censoring and source timestamp validity still require review; clock-only values are not verified response delays.
ddf3d522ff9153,1.0,True,Onset censoring and source timestamp validity still require review; clock-only values are not verified response delays.
de1343cb8b097c,,False,Onset censoring and source timestamp validity still require review; clock-only values are not verified response delays.
de18ace76096a4,,False,Onset censoring and source timestamp validity still require review; clock-only values are not verified response delays.
de53432565df35,,False,Onset censoring and source timestamp validity still require review; clock-only values are not verified response delays.
de59b36d358373,,False,Onset censoring and source timestamp validity still require review; clock-only values are not verified response delays.
de68023660c755,,False,Onset censoring and source timestamp validity still require review; clock-only values are not verified response delays.
de6b4259437633,,False,Onset censoring and source timestamp validity still require review; clock-only values are not verified response delays.
de8f4125663c62,,False,Onset censoring and source timestamp validity still require review; clock-only values are not verified response delays.
de94c44da38c29,,False,Onset censoring and source timestamp validity still require review; clock-only values are not verified response delays.
deb2172603c15a,,False,Onset censoring and source timestamp validity still require review; clock-only values are not verified response delays.
dec9db98e40123,,False,Onset censoring and source timestamp validity still require review; clock-only values are not verified response delays.
deca62c28deed8,101.0,False,Onset censoring and source timestamp validity still require review; clock-only values are not verified response delays.
dee49b0f887591,64.0,False,Onset censoring and source timestamp validity still require review; clock-only values are not verified response delays.
deea7a8dfb4e3f,,False,Onset censoring and source timestamp validity still require review; clock-only values are not verified response delays.
df1e28037a1368,,False,Onset censoring and source timestamp validity still require review; clock-only values are not verified response delays.
df4b173223a1e3,8.5,False,Onset censoring and source timestamp validity still require review; clock-only values are not verified response delays.
df4c7dec761340,,False,Onset censoring and source timestamp validity still require review; clock-only values are not verified response delays.
df4fb418fdbac7,,False,Onset censoring and source timestamp validity still require review; clock-only values are not verified response delays.
df53a1026cb9a4,,False,Onset censoring and source timestamp validity still require review; clock-only values are not verified response delays.
df9cb69254d33f,,False,Onset censoring and source timestamp validity still require review; clock-only values are not verified response delays.
dfc1c4920aacea,3.0,False,Onset censoring and source timestamp validity still require review; clock-only values are not verified response delays.
dfc20ae5cdcce1,,False,Onset censoring and source timestamp validity still require review; clock-only values are not verified response delays.
dfc2c2954a0f59,,False,Onset censoring and source timestamp validity still require review; clock-only values are not verified response delays.
dff2dd8995fd65,,False,Onset censoring and source timestamp validity still require review; clock-only values are not verified response delays.
e00488e3d5dd07,,False,Onset censoring and source timestamp validity still require review; clock-only values are not verified response delays.
e0103798e26da6,,False,Onset censoring and source timestamp validity still require review; clock-only values are not verified response delays.
e014a83c274fdf,,False,Onset censoring and source timestamp validity still require review; clock-only values are not verified response delays.
e0262811c44fc3,,False,Onset censoring and source timestamp validity still require review; clock-only values are not verified response delays.
e02e8cde295c52,16.5,False,Onset censoring and source timestamp validity still require review; clock-only values are not verified response delays.
e0338280e80f0c,,False,Onset censoring and source timestamp validity still require review; clock-only values are not verified response delays.
e051022ee83a8f,,False,Onset censoring and source timestamp validity still require review; clock-only values are not verified response delays.
e063c4e5df4359,,False,Onset censoring and source timestamp validity still require review; clock-only values are not verified response delays.
e07998355bde7b,,False,Onset censoring and source timestamp validity still require review; clock-only values are not verified response delays.
e07e23a3b5fda9,11.0,False,Onset censoring and source timestamp validity still require review; clock-only values are not verified response delays.
e08ac40854363e,,False,Onset censoring and source timestamp validity still require review; clock-only values are not verified response delays.
e097a32107c2c4,,False,Onset censoring and source timestamp validity still require review; clock-only values are not verified response delays.
e09af8bf480178,,False,Onset censoring and source timestamp validity still require review; clock-only values are not verified response delays.
e0c47e71a977a8,14.5,False,Onset censoring and source timestamp validity still require review; clock-only values are not verified response delays.
e0c55c9a421274,,False,Onset censoring and source timestamp validity still require review; clock-only values are not verified response delays.
e0ce74184a90df,,False,Onset censoring and source timestamp validity still require review; clock-only values are not verified response delays.
e0d2077ac3f06d,30.0,False,Onset censoring and source timestamp validity still require review; clock-only values are not verified response delays.
e0ec48ff5c308e,,False,Onset censoring and source timestamp validity still require review; clock-only values are not verified response delays.
e0fac697f3960a,,False,Onset censoring and source timestamp validity still require review; clock-only values are not verified response delays.
e1007f953320b9,,False,Onset censoring and source timestamp validity still require review; clock-only values are not verified response delays.
e1216adc3b101b,113.0,False,Onset censoring and source timestamp validity still require review; clock-only values are not verified response delays.
e121a6a72610cf,,False,Onset censoring and source timestamp validity still require review; clock-only values are not verified response delays.
e13f6c8b8bfe3c,,False,Onset censoring and source timestamp validity still require review; clock-only values are not verified response delays.
e15b5bdcd0d80a,,False,Onset censoring and source timestamp validity still require review; clock-only values are not verified response delays.
e1678c4cbe4b7d,,False,Onset censoring and source timestamp validity still require review; clock-only values are not verified response delays.
e16d8e2f22e191,,False,Onset censoring and source timestamp validity still require review; clock-only values are not verified response delays.
e174b903c658b3,,False,Onset censoring and source timestamp validity still require review; clock-only values are not verified response delays.
e17f8ad8345b73,,False,Onset censoring and source timestamp validity still require review; clock-only values are not verified response delays.
e1926f4c58fbe9,,False,Onset censoring and source timestamp validity still require review; clock-only values are not verified response delays.
e193d504e9e6d1,,False,Onset censoring and source timestamp validity still require review; clock-only values are not verified response delays.
e19843043833c3,,False,Onset censoring and source timestamp validity still require review; clock-only values are not verified response delays.
e198987e6732cd,,False,Onset censoring and source timestamp validity still require review; clock-only values are not verified response delays.
e1a0def468f4dd,,False,Onset censoring and source timestamp validity still require review; clock-only values are not verified response delays.
e1f93ca2b94a6d,15.0,False,Onset censoring and source timestamp validity still require review; clock-only values are not verified response delays.
e202485d4b57af,,False,Onset censoring and source timestamp validity still require review; clock-only values are not verified response delays.
e20262951cfa1d,,False,Onset censoring and source timestamp validity still require review; clock-only values are not verified response delays.
e211c1a9417188,,False,Onset censoring and source timestamp validity still require review; clock-only values are not verified response delays.
e21ae7fd4c19d1,,False,Onset censoring and source timestamp validity still require review; clock-only values are not verified response delays.
e233dcb75df5f8,4.0,False,Onset censoring and source timestamp validity still require review; clock-only values are not verified response delays.
e24180619d6f9e,,False,Onset censoring and source timestamp validity still require review; clock-only values are not verified response delays.
e2436d50ce7457,,False,Onset censoring and source timestamp validity still require review; clock-only values are not verified response delays.
e24a10f33cad45,,False,Onset censoring and source timestamp validity still require review; clock-only values are not verified response delays.
e25773a930fd7e,,False,Onset censoring and source timestamp validity still require review; clock-only values are not verified response delays.
e279c275ab2589,,False,Onset censoring and source timestamp validity still require review; clock-only values are not verified response delays.
e2c4aede486031,26.5,True,Onset censoring and source timestamp validity still require review; clock-only values are not verified response delays.
e2d5d80b18d0f1,,False,Onset censoring and source timestamp validity still require review; clock-only values are not verified response delays.
e2de8369f1492d,,False,Onset censoring and source timestamp validity still require review; clock-only values are not verified response delays.
e2ec2b36e3d4de,,False,Onset censoring and source timestamp validity still require review; clock-only values are not verified response delays.
e2f6c83c7d69fa,,False,Onset censoring and source timestamp validity still require review; clock-only values are not verified response delays.
e301dde0d98096,,False,Onset censoring and source timestamp validity still require review; clock-only values are not verified response delays.
e31626dabb24cc,,False,Onset censoring and source timestamp validity still require review; clock-only values are not verified response delays.
e31a4d18de551c,,False,Onset censoring and source timestamp validity still require review; clock-only values are not verified response delays.
e32236c573352b,,False,Onset censoring and source timestamp validity still require review; clock-only values are not verified response delays.
e32d6c3e6f8320,14.5,False,Onset censoring and source timestamp validity still require review; clock-only values are not verified response delays.
e3301b38d706e1,57.0,False,Onset censoring and source timestamp validity still require review; clock-only values are not verified response delays.
e34b2d17237858,26.5,True,Onset censoring and source timestamp validity still require review; clock-only values are not verified response delays.
e35066f278bee8,16.5,False,Onset censoring and source timestamp validity still require review; clock-only values are not verified response delays.
e364739cd2fd79,,False,Onset censoring and source timestamp validity still require review; clock-only values are not verified response delays.
e397889defeb39,,False,Onset censoring and source timestamp validity still require review; clock-only values are not verified response delays.
e3a322637cb307,,False,Onset censoring and source timestamp validity still require review; clock-only values are not verified response delays.
e3bb977233d291,,False,Onset censoring and source timestamp validity still require review; clock-only values are not verified response delays.
e3de786591bec0,,False,Onset censoring and source timestamp validity still require review; clock-only values are not verified response delays.
e3e6d42c08b3f3,65.0,False,Onset censoring and source timestamp validity still require review; clock-only values are not verified response delays.
e416b8238213dc,29.5,False,Onset censoring and source timestamp validity still require review; clock-only values are not verified response delays.
e4184ac0135203,,False,Onset censoring and source timestamp validity still require review; clock-only values are not verified response delays.
e4224a083fb6b2,,False,Onset censoring and source timestamp validity still require review; clock-only values are not verified response delays.
e44bee5e36a7a2,,False,Onset censoring and source timestamp validity still require review; clock-only values are not verified response delays.
e45bfa28e09f60,,False,Onset censoring and source timestamp validity still require review; clock-only values are not verified response delays.
e46777ebfeefd9,,False,Onset censoring and source timestamp validity still require review; clock-only values are not verified response delays.
e4c31e42a4cf4e,,False,Onset censoring and source timestamp validity still require review; clock-only values are not verified response delays.
e50baa8113e83c,,False,Onset censoring and source timestamp validity still require review; clock-only values are not verified response delays.
e50e740a1b9890,,False,Onset censoring and source timestamp validity still require review; clock-only values are not verified response delays.
e528f059099a5f,,False,Onset censoring and source timestamp validity still require review; clock-only values are not verified response delays.
e542e176a8946e,,False,Onset censoring and source timestamp validity still require review; clock-only values are not verified response delays.
e548676e1b66a5,,False,Onset censoring and source timestamp validity still require review; clock-only values are not verified response delays.
e54a16a26fd30c,,False,Onset censoring and source timestamp validity still require review; clock-only values are not verified response delays.
e58077d9379656,,False,Onset censoring and source timestamp validity still require review; clock-only values are not verified response delays.
e5b1b5eaf2efea,86.0,False,Onset censoring and source timestamp validity still require review; clock-only values are not verified response delays.
e5c4992b491132,,False,Onset censoring and source timestamp validity still require review; clock-only values are not verified response delays.
e5e1bc42fb7f6e,,False,Onset censoring and source timestamp validity still require review; clock-only values are not verified response delays.
e5f9fb24220223,,False,Onset censoring and source timestamp validity still require review; clock-only values are not verified response delays.
e60133e8aa6ecd,,False,Onset censoring and source timestamp validity still require review; clock-only values are not verified response delays.
e63011ccd07851,,False,Onset censoring and source timestamp validity still require review; clock-only values are not verified response delays.
e6325ae05824cd,,False,Onset censoring and source timestamp validity still require review; clock-only values are not verified response delays.
e663b740be638f,,False,Onset censoring and source timestamp validity still require review; clock-only values are not verified response delays.
e66d6ab12f5335,,False,Onset censoring and source timestamp validity still require review; clock-only values are not verified response delays.
e676c28bdce962,,False,Onset censoring and source timestamp validity still require review; clock-only values are not verified response delays.
e67aec16e188ae,,False,Onset censoring and source timestamp validity still require review; clock-only values are not verified response delays.
e7036b8462e81f,,False,Onset censoring and source timestamp validity still require review; clock-only values are not verified response delays.
e718e0650b14c1,,False,Onset censoring and source timestamp validity still require review; clock-only values are not verified response delays.
e7275235201579,,False,Onset censoring and source timestamp validity still require review; clock-only values are not verified response delays.
e73515f8bd3490,,False,Onset censoring and source timestamp validity still require review; clock-only values are not verified response delays.
e7519af7855373,,False,Onset censoring and source timestamp validity still require review; clock-only values are not verified response delays.
e75ab818844bac,13.5,False,Onset censoring and source timestamp validity still require review; clock-only values are not verified response delays.
e7774a9a7b4121,,False,Onset censoring and source timestamp validity still require review; clock-only values are not verified response delays.
e77e5d48197ea1,,False,Onset censoring and source timestamp validity still require review; clock-only values are not verified response delays.
e787d11a44ec38,,False,Onset censoring and source timestamp validity still require review; clock-only values are not verified response delays.
e7a57352ff31bf,,False,Onset censoring and source timestamp validity still require review; clock-only values are not verified response delays.
e7a6c489857646,117.5,True,Onset censoring and source timestamp validity still require review; clock-only values are not verified response delays.
e7ce07462c818c,72.0,False,Onset censoring and source timestamp validity still require review; clock-only values are not verified response delays.
e7d763fcba7d48,,False,Onset censoring and source timestamp validity still require review; clock-only values are not verified response delays.
e7e7370b93437b,,False,Onset censoring and source timestamp validity still require review; clock-only values are not verified response delays.
e7ebf0a59aaf0b,65.5,True,Onset censoring and source timestamp validity still require review; clock-only values are not verified response delays.
e7fb723bbab626,63.5,False,Onset censoring and source timestamp validity still require review; clock-only values are not verified response delays.
e7ffa7e346492d,21.5,False,Onset censoring and source timestamp validity still require review; clock-only values are not verified response delays.
e8065975064c1e,,False,Onset censoring and source timestamp validity still require review; clock-only values are not verified response delays.
e81b4d93b50a70,,False,Onset censoring and source timestamp validity still require review; clock-only values are not verified response delays.
e821725f201d4a,,False,Onset censoring and source timestamp validity still require review; clock-only values are not verified response delays.
e8420024e4f097,,False,Onset censoring and source timestamp validity still require review; clock-only values are not verified response delays.
e85af12f0cdee3,,False,Onset censoring and source timestamp validity still require review; clock-only values are not verified response delays.
e85fb3d19543ef,0.5,False,Onset censoring and source timestamp validity still require review; clock-only values are not verified response delays.
e87f608cb24ce5,,False,Onset censoring and source timestamp validity still require review; clock-only values are not verified response delays.
e88284fd2130c6,,False,Onset censoring and source timestamp validity still require review; clock-only values are not verified response delays.
e891344704b774,,False,Onset censoring and source timestamp validity still require review; clock-only values are not verified response delays.
e899fd8031aefa,,False,Onset censoring and source timestamp validity still require review; clock-only values are not verified response delays.
e8a80c801035f7,20.5,False,Onset censoring and source timestamp validity still require review; clock-only values are not verified response delays.
e8c7c0d80b4840,,False,Onset censoring and source timestamp validity still require review; clock-only values are not verified response delays.
e8dfe5ec3d2532,52.0,False,Onset censoring and source timestamp validity still require review; clock-only values are not verified response delays.
e903bea8adc8ed,,False,Onset censoring and source timestamp validity still require review; clock-only values are not verified response delays.
e90648dfabd454,,False,Onset censoring and source timestamp validity still require review; clock-only values are not verified response delays.
e91577d190b0b6,,False,Onset censoring and source timestamp validity still require review; clock-only values are not verified response delays.
e92d5394de6e43,,False,Onset censoring and source timestamp validity still require review; clock-only values are not verified response delays.
e95477e4fa7aaa,,False,Onset censoring and source timestamp validity still require review; clock-only values are not verified response delays.
e95ffb10be0af2,,False,Onset censoring and source timestamp validity still require review; clock-only values are not verified response delays.
e9750de642f4ac,,False,Onset censoring and source timestamp validity still require review; clock-only values are not verified response delays.
e979bada28d824,,False,Onset censoring and source timestamp validity still require review; clock-only values are not verified response delays.
e997092657107b,,False,Onset censoring and source timestamp validity still require review; clock-only values are not verified response delays.
e9b262ae78f408,,False,Onset censoring and source timestamp validity still require review; clock-only values are not verified response delays.
e9e203f1f5d1f9,14.5,True,Onset censoring and source timestamp validity still require review; clock-only values are not verified response delays.
e9eead629dfa17,,False,Onset censoring and source timestamp validity still require review; clock-only values are not verified response delays.
e9f40775c911dc,,False,Onset censoring and source timestamp validity still require review; clock-only values are not verified response delays.
ea2941495934be,,False,Onset censoring and source timestamp validity still require review; clock-only values are not verified response delays.
ea4a03b0e11cfd,,False,Onset censoring and source timestamp validity still require review; clock-only values are not verified response delays.
ea4f6ba2c421aa,,False,Onset censoring and source timestamp validity still require review; clock-only values are not verified response delays.
ea57d21f91379e,,False,Onset censoring and source timestamp validity still require review; clock-only values are not verified response delays.
eac641673b3757,,False,Onset censoring and source timestamp validity still require review; clock-only values are not verified response delays.
eac7e53c39fed0,,False,Onset censoring and source timestamp validity still require review; clock-only values are not verified response delays.
ead66c8db4ffb5,,False,Onset censoring and source timestamp validity still require review; clock-only values are not verified response delays.
eae5e5f6345dcb,,False,Onset censoring and source timestamp validity still require review; clock-only values are not verified response delays.
eaeaf166a173f8,,False,Onset censoring and source timestamp validity still require review; clock-only values are not verified response delays.
eb0f704fe5b8c4,,False,Onset censoring and source timestamp validity still require review; clock-only values are not verified response delays.
eb10e1f3d0f3f4,,False,Onset censoring and source timestamp validity still require review; clock-only values are not verified response delays.
eb35ad148b1cbc,,False,Onset censoring and source timestamp validity still require review; clock-only values are not verified response delays.
eb423716633442,5.0,True,Onset censoring and source timestamp validity still require review; clock-only values are not verified response delays.
eb5316eeed6167,,False,Onset censoring and source timestamp validity still require review; clock-only values are not verified response delays.
eb57305884c26c,,False,Onset censoring and source timestamp validity still require review; clock-only values are not verified response delays.
eb666d28d5d459,,False,Onset censoring and source timestamp validity still require review; clock-only values are not verified response delays.
eb9fe709c73857,,False,Onset censoring and source timestamp validity still require review; clock-only values are not verified response delays.
ebb3abd8cec58f,,False,Onset censoring and source timestamp validity still require review; clock-only values are not verified response delays.
ebb6aba83279ca,,False,Onset censoring and source timestamp validity still require review; clock-only values are not verified response delays.
ebc43cef152b69,,False,Onset censoring and source timestamp validity still require review; clock-only values are not verified response delays.
ebdebf955d44dc,,False,Onset censoring and source timestamp validity still require review; clock-only values are not verified response delays.
ebfa5d91a9a844,,False,Onset censoring and source timestamp validity still require review; clock-only values are not verified response delays.
ec0f0f220462ad,54.0,False,Onset censoring and source timestamp validity still require review; clock-only values are not verified response delays.
ec109f2daf627e,,False,Onset censoring and source timestamp validity still require review; clock-only values are not verified response delays.
ec1699b7e0dc2d,8.0,True,Onset censoring and source timestamp validity still require review; clock-only values are not verified response delays.
ec1c16d622675e,,False,Onset censoring and source timestamp validity still require review; clock-only values are not verified response delays.
ec5a29ba44c39b,,False,Onset censoring and source timestamp validity still require review; clock-only values are not verified response delays.
eca257b63b5aeb,,False,Onset censoring and source timestamp validity still require review; clock-only values are not verified response delays.
ecb00615dfa05a,,False,Onset censoring and source timestamp validity still require review; clock-only values are not verified response delays.
ecb32162ad57a1,,False,Onset censoring and source timestamp validity still require review; clock-only values are not verified response delays.
ecbbacbd773661,,False,Onset censoring and source timestamp validity still require review; clock-only values are not verified response delays.
ecc4a386be407e,,False,Onset censoring and source timestamp validity still require review; clock-only values are not verified response delays.
ecc7cd1b303b7a,,False,Onset censoring and source timestamp validity still require review; clock-only values are not verified response delays.
eccb5b1030e9c7,,False,Onset censoring and source timestamp validity still require review; clock-only values are not verified response delays.
ecd27c3cce9323,,False,Onset censoring and source timestamp validity still require review; clock-only values are not verified response delays.
ecf22eb615c33d,,False,Onset censoring and source timestamp validity still require review; clock-only values are not verified response delays.
ed33c4d539f456,40.5,False,Onset censoring and source timestamp validity still require review; clock-only values are not verified response delays.
ed60335907066c,,False,Onset censoring and source timestamp validity still require review; clock-only values are not verified response delays.
ed6d8d65e5b9b2,,False,Onset censoring and source timestamp validity still require review; clock-only values are not verified response delays.
ed84ee6f871d52,,False,Onset censoring and source timestamp validity still require review; clock-only values are not verified response delays.
eda6e6e41acf2a,,False,Onset censoring and source timestamp validity still require review; clock-only values are not verified response delays.
edad87182fdb48,,False,Onset censoring and source timestamp validity still require review; clock-only values are not verified response delays.
edb53f41eb7a46,,False,Onset censoring and source timestamp validity still require review; clock-only values are not verified response delays.
edb745d0071826,,False,Onset censoring and source timestamp validity still require review; clock-only values are not verified response delays.
edce297d7c4376,,False,Onset censoring and source timestamp validity still require review; clock-only values are not verified response delays.
edd52ebc02d9a0,,False,Onset censoring and source timestamp validity still require review; clock-only values are not verified response delays.
edea0f781fce26,,False,Onset censoring and source timestamp validity still require review; clock-only values are not verified response delays.
ee0436bc620ada,,False,Onset censoring and source timestamp validity still require review; clock-only values are not verified response delays.
ee1659aa064cfe,,False,Onset censoring and source timestamp validity still require review; clock-only values are not verified response delays.
ee26827952519e,62.5,False,Onset censoring and source timestamp validity still require review; clock-only values are not verified response delays.
ee38a852f5c113,,False,Onset censoring and source timestamp validity still require review; clock-only values are not verified response delays.
ee3b2ddb9cc9bd,,False,Onset censoring and source timestamp validity still require review; clock-only values are not verified response delays.
ee4cf475bf8beb,,False,Onset censoring and source timestamp validity still require review; clock-only values are not verified response delays.
ee6d67da82b625,,False,Onset censoring and source timestamp validity still require review; clock-only values are not verified response delays.
ee7f5a3926413d,,False,Onset censoring and source timestamp validity still require review; clock-only values are not verified response delays.
ee7ff5ba9dfad7,,False,Onset censoring and source timestamp validity still require review; clock-only values are not verified response delays.
ee962657ea853d,,False,Onset censoring and source timestamp validity still require review; clock-only values are not verified response delays.
eea6a98770e757,,False,Onset censoring and source timestamp validity still require review; clock-only values are not verified response delays.
eec159d3ab33fb,,False,Onset censoring and source timestamp validity still require review; clock-only values are not verified response delays.
eed3c0dd3a2b6c,,False,Onset censoring and source timestamp validity still require review; clock-only values are not verified response delays.
eedaf153684a9f,,False,Onset censoring and source timestamp validity still require review; clock-only values are not verified response delays.
eede434a3d949c,,False,Onset censoring and source timestamp validity still require review; clock-only values are not verified response delays.
eef4b6adda0551,,False,Onset censoring and source timestamp validity still require review; clock-only values are not verified response delays.
ef10e5b4247a1e,89.0,True,Onset censoring and source timestamp validity still require review; clock-only values are not verified response delays.
ef1e851dadb317,2.0,False,Onset censoring and source timestamp validity still require review; clock-only values are not verified response delays.
ef2dd2dc00fc2e,8.0,False,Onset censoring and source timestamp validity still require review; clock-only values are not verified response delays.
ef5668972bbcb8,,False,Onset censoring and source timestamp validity still require review; clock-only values are not verified response delays.
ef6c1fe273173a,,False,Onset censoring and source timestamp validity still require review; clock-only values are not verified response delays.
ef9603bcf9a1e2,23.0,True,Onset censoring and source timestamp validity still require review; clock-only values are not verified response delays.
efa4c7130d0812,,False,Onset censoring and source timestamp validity still require review; clock-only values are not verified response delays.
efc16ba1c04311,,False,Onset censoring and source timestamp validity still require review; clock-only values are not verified response delays.
efc248ca46e0c3,,False,Onset censoring and source timestamp validity still require review; clock-only values are not verified response delays.
f010eeb76e772f,,False,Onset censoring and source timestamp validity still require review; clock-only values are not verified response delays.
f03762b6e9ac79,,False,Onset censoring and source timestamp validity still require review; clock-only values are not verified response delays.
f0438db9565082,,False,Onset censoring and source timestamp validity still require review; clock-only values are not verified response delays.
f04cc414d5f606,,False,Onset censoring and source timestamp validity still require review; clock-only values are not verified response delays.
f06baa284d3ec3,,False,Onset censoring and source timestamp validity still require review; clock-only values are not verified response delays.
f0a2723c14a49e,10.0,False,Onset censoring and source timestamp validity still require review; clock-only values are not verified response delays.
f0bbda337805bd,,False,Onset censoring and source timestamp validity still require review; clock-only values are not verified response delays.
f0cbfaae85aedb,,False,Onset censoring and source timestamp validity still require review; clock-only values are not verified response delays.
f0e65a28fd3fb0,,False,Onset censoring and source timestamp validity still require review; clock-only values are not verified response delays.
f0e98f351d6a56,,False,Onset censoring and source timestamp validity still require review; clock-only values are not verified response delays.
f0eaf3b2ed485c,,False,Onset censoring and source timestamp validity still require review; clock-only values are not verified response delays.
f0f3e6d7b58187,,False,Onset censoring and source timestamp validity still require review; clock-only values are not verified response delays.
f10357c9de8e2c,,False,Onset censoring and source timestamp validity still require review; clock-only values are not verified response delays.
f10cac58a0b3bd,,False,Onset censoring and source timestamp validity still require review; clock-only values are not verified response delays.
f10ee23ff03d1b,,False,Onset censoring and source timestamp validity still require review; clock-only values are not verified response delays.
f13dad48350e51,,False,Onset censoring and source timestamp validity still require review; clock-only values are not verified response delays.
f16e8cfb48a023,9.0,False,Onset censoring and source timestamp validity still require review; clock-only values are not verified response delays.
f1747a00005ebb,,False,Onset censoring and source timestamp validity still require review; clock-only values are not verified response delays.
f1a35d0ab6d9de,5.5,False,Onset censoring and source timestamp validity still require review; clock-only values are not verified response delays.
f1c1b2480e33b7,,False,Onset censoring and source timestamp validity still require review; clock-only values are not verified response delays.
f1ca3f4e762e9a,17.0,True,Onset censoring and source timestamp validity still require review; clock-only values are not verified response delays.
f1ca508bc13f01,,False,Onset censoring and source timestamp validity still require review; clock-only values are not verified response delays.
f1ed420fedb630,38.5,False,Onset censoring and source timestamp validity still require review; clock-only values are not verified response delays.
f1ed6b167466f7,,False,Onset censoring and source timestamp validity still require review; clock-only values are not verified response delays.
f20dd1eac8412b,,False,Onset censoring and source timestamp validity still require review; clock-only values are not verified response delays.
f24441339ee16a,,False,Onset censoring and source timestamp validity still require review; clock-only values are not verified response delays.
f247297d1c4f5d,39.0,False,Onset censoring and source timestamp validity still require review; clock-only values are not verified response delays.
f24e45eab7c733,,False,Onset censoring and source timestamp validity still require review; clock-only values are not verified response delays.
f2504e4d9c3903,,False,Onset censoring and source timestamp validity still require review; clock-only values are not verified response delays.
f263ef698effe8,37.5,False,Onset censoring and source timestamp validity still require review; clock-only values are not verified response delays.
f28c8391effe69,,False,Onset censoring and source timestamp validity still require review; clock-only values are not verified response delays.
f28fec3c609f1e,,False,Onset censoring and source timestamp validity still require review; clock-only values are not verified response delays.
f2bde15a77ae51,,False,Onset censoring and source timestamp validity still require review; clock-only values are not verified response delays.
f2c405c2be56d4,12.0,True,Onset censoring and source timestamp validity still require review; clock-only values are not verified response delays.
f2cb9271e24b2e,,False,Onset censoring and source timestamp validity still require review; clock-only values are not verified response delays.
f2d095f9d585b4,,False,Onset censoring and source timestamp validity still require review; clock-only values are not verified response delays.
f2dc11962b70e5,,False,Onset censoring and source timestamp validity still require review; clock-only values are not verified response delays.
f2de200e086c17,,False,Onset censoring and source timestamp validity still require review; clock-only values are not verified response delays.
f2e7a7e4f86863,,False,Onset censoring and source timestamp validity still require review; clock-only values are not verified response delays.
f2f4064719f794,,False,Onset censoring and source timestamp validity still require review; clock-only values are not verified response delays.
f339415f2d589a,,False,Onset censoring and source timestamp validity still require review; clock-only values are not verified response delays.
f353a944f0b123,,False,Onset censoring and source timestamp validity still require review; clock-only values are not verified response delays.
f379bcb15fdc62,,False,Onset censoring and source timestamp validity still require review; clock-only values are not verified response delays.
f37fb1e4a5218b,,False,Onset censoring and source timestamp validity still require review; clock-only values are not verified response delays.
f386135c6cb3c4,,False,Onset censoring and source timestamp validity still require review; clock-only values are not verified response delays.
f39ff3d2ec469f,12.0,True,Onset censoring and source timestamp validity still require review; clock-only values are not verified response delays.
f3a088f2d38d8b,,False,Onset censoring and source timestamp validity still require review; clock-only values are not verified response delays.
f3aa37e4b4b9f5,,False,Onset censoring and source timestamp validity still require review; clock-only values are not verified response delays.
f3c1e454246160,,False,Onset censoring and source timestamp validity still require review; clock-only values are not verified response delays.
f3d67bb77f3ccf,,False,Onset censoring and source timestamp validity still require review; clock-only values are not verified response delays.
f3e943eaf27755,,False,Onset censoring and source timestamp validity still require review; clock-only values are not verified response delays.
f3ea9a4b84340a,,False,Onset censoring and source timestamp validity still require review; clock-only values are not verified response delays.
f3fb4dc9b5d325,,False,Onset censoring and source timestamp validity still require review; clock-only values are not verified response delays.
f40294181c8308,,False,Onset censoring and source timestamp validity still require review; clock-only values are not verified response delays.
f409e65abb6edf,14.0,True,Onset censoring and source timestamp validity still require review; clock-only values are not verified response delays.
f410db2a67fc51,,False,Onset censoring and source timestamp validity still require review; clock-only values are not verified response delays.
f412651127aa3e,,False,Onset censoring and source timestamp validity still require review; clock-only values are not verified response delays.
f4140a25faf382,,False,Onset censoring and source timestamp validity still require review; clock-only values are not verified response delays.
f41931709899b5,,False,Onset censoring and source timestamp validity still require review; clock-only values are not verified response delays.
f434dbcfdc78db,,False,Onset censoring and source timestamp validity still require review; clock-only values are not verified response delays.
f44e6518a619cb,,False,Onset censoring and source timestamp validity still require review; clock-only values are not verified response delays.
f455033ecd1764,,False,Onset censoring and source timestamp validity still require review; clock-only values are not verified response delays.
f473598ae74a44,,False,Onset censoring and source timestamp validity still require review; clock-only values are not verified response delays.
f4763fc625d4f5,,False,Onset censoring and source timestamp validity still require review; clock-only values are not verified response delays.
f48f0fac3dadbe,,False,Onset censoring and source timestamp validity still require review; clock-only values are not verified response delays.
f4a751b3426119,,False,Onset censoring and source timestamp validity still require review; clock-only values are not verified response delays.
f4b7eca6190215,68.0,False,Onset censoring and source timestamp validity still require review; clock-only values are not verified response delays.
f4c83a16544b40,,False,Onset censoring and source timestamp validity still require review; clock-only values are not verified response delays.
f4de7433cd4ef0,,False,Onset censoring and source timestamp validity still require review; clock-only values are not verified response delays.
f4ece97b24a14b,,False,Onset censoring and source timestamp validity still require review; clock-only values are not verified response delays.
f5047c57e35a6c,,False,Onset censoring and source timestamp validity still require review; clock-only values are not verified response delays.
f5256462847a78,,False,Onset censoring and source timestamp validity still require review; clock-only values are not verified response delays.
f5381412632314,,False,Onset censoring and source timestamp validity still require review; clock-only values are not verified response delays.
f54975080bdee1,,False,Onset censoring and source timestamp validity still require review; clock-only values are not verified response delays.
f57a1789799f2d,,False,Onset censoring and source timestamp validity still require review; clock-only values are not verified response delays.
f5b1848f53ec94,25.0,False,Onset censoring and source timestamp validity still require review; clock-only values are not verified response delays.
f5bf1cf61aeee2,,False,Onset censoring and source timestamp validity still require review; clock-only values are not verified response delays.
f5bfd14c5d308a,,False,Onset censoring and source timestamp validity still require review; clock-only values are not verified response delays.
f5ca501532a9e6,,False,Onset censoring and source timestamp validity still require review; clock-only values are not verified response delays.
f5fc36263e779e,,False,Onset censoring and source timestamp validity still require review; clock-only values are not verified response delays.
f622c632561908,,False,Onset censoring and source timestamp validity still require review; clock-only values are not verified response delays.
f62fbe7bc76d9e,,False,Onset censoring and source timestamp validity still require review; clock-only values are not verified response delays.
f63f81a970a38a,,False,Onset censoring and source timestamp validity still require review; clock-only values are not verified response delays.
f66e352629fcd2,,False,Onset censoring and source timestamp validity still require review; clock-only values are not verified response delays.
f681e7d3bab145,,False,Onset censoring and source timestamp validity still require review; clock-only values are not verified response delays.
f691ddf2104b7a,,False,Onset censoring and source timestamp validity still require review; clock-only values are not verified response delays.
f69b95bb0e816c,,False,Onset censoring and source timestamp validity still require review; clock-only values are not verified response delays.
f6a47495ac29df,,False,Onset censoring and source timestamp validity still require review; clock-only values are not verified response delays.
f6a4c545c3e5c0,,False,Onset censoring and source timestamp validity still require review; clock-only values are not verified response delays.
f75345cdf6f6db,,False,Onset censoring and source timestamp validity still require review; clock-only values are not verified response delays.
f7563e95c8874b,,False,Onset censoring and source timestamp validity still require review; clock-only values are not verified response delays.
f7653073917785,,False,Onset censoring and source timestamp validity still require review; clock-only values are not verified response delays.
f775f2ab371cde,,False,Onset censoring and source timestamp validity still require review; clock-only values are not verified response delays.
f785c5bcfe5a6e,,False,Onset censoring and source timestamp validity still require review; clock-only values are not verified response delays.
f787d4e20907fd,30.5,False,Onset censoring and source timestamp validity still require review; clock-only values are not verified response delays.
f7a544ad14f5a3,,False,Onset censoring and source timestamp validity still require review; clock-only values are not verified response delays.
f7ad8383246fa2,134.5,True,Onset censoring and source timestamp validity still require review; clock-only values are not verified response delays.
f7e9a4adf041d6,86.0,False,Onset censoring and source timestamp validity still require review; clock-only values are not verified response delays.
f7f2d016b2d92f,,False,Onset censoring and source timestamp validity still require review; clock-only values are not verified response delays.
f7f40e66a1f95a,,False,Onset censoring and source timestamp validity still require review; clock-only values are not verified response delays.
f83accc5ebbf10,,False,Onset censoring and source timestamp validity still require review; clock-only values are not verified response delays.
f83e5130364585,,False,Onset censoring and source timestamp validity still require review; clock-only values are not verified response delays.
f84a431bdf40d0,,False,Onset censoring and source timestamp validity still require review; clock-only values are not verified response delays.
f84f1114108829,40.5,False,Onset censoring and source timestamp validity still require review; clock-only values are not verified response delays.
f856dd317e1b80,,False,Onset censoring and source timestamp validity still require review; clock-only values are not verified response delays.
f868d440642d67,,False,Onset censoring and source timestamp validity still require review; clock-only values are not verified response delays.
f8784a69936845,,False,Onset censoring and source timestamp validity still require review; clock-only values are not verified response delays.
f8c9e7624a9f3e,,False,Onset censoring and source timestamp validity still require review; clock-only values are not verified response delays.
f8f249e4cb8460,,False,Onset censoring and source timestamp validity still require review; clock-only values are not verified response delays.
f8feebd2024a0c,,False,Onset censoring and source timestamp validity still require review; clock-only values are not verified response delays.
f906b10e545427,,False,Onset censoring and source timestamp validity still require review; clock-only values are not verified response delays.
f91b5a245ec346,,False,Onset censoring and source timestamp validity still require review; clock-only values are not verified response delays.
f91e94284677f8,,False,Onset censoring and source timestamp validity still require review; clock-only values are not verified response delays.
f91ffb122ec0ac,,False,Onset censoring and source timestamp validity still require review; clock-only values are not verified response delays.
f93fc80659516a,,False,Onset censoring and source timestamp validity still require review; clock-only values are not verified response delays.
f9462d2b85aa9d,,False,Onset censoring and source timestamp validity still require review; clock-only values are not verified response delays.
f97712ed96c488,,False,Onset censoring and source timestamp validity still require review; clock-only values are not verified response delays.
f979bfa768725e,,False,Onset censoring and source timestamp validity still require review; clock-only values are not verified response delays.
f97d0bee15aeac,,False,Onset censoring and source timestamp validity still require review; clock-only values are not verified response delays.
f98386e2c32636,,False,Onset censoring and source timestamp validity still require review; clock-only values are not verified response delays.
f9a2598cff1188,,False,Onset censoring and source timestamp validity still require review; clock-only values are not verified response delays.
f9a7f96c4e5043,69.5,True,Onset censoring and source timestamp validity still require review; clock-only values are not verified response delays.
f9aaeb8056fb90,,False,Onset censoring and source timestamp validity still require review; clock-only values are not verified response delays.
f9c78331c33276,,False,Onset censoring and source timestamp validity still require review; clock-only values are not verified response delays.
f9eb8fbfc9eb11,,False,Onset censoring and source timestamp validity still require review; clock-only values are not verified response delays.
f9f021b282b64b,,False,Onset censoring and source timestamp validity still require review; clock-only values are not verified response delays.
f9fac8851596dd,29.0,False,Onset censoring and source timestamp validity still require review; clock-only values are not verified response delays.
fa3bec94a9884a,,False,Onset censoring and source timestamp validity still require review; clock-only values are not verified response delays.
fa59deeef0ac3f,,False,Onset censoring and source timestamp validity still require review; clock-only values are not verified response delays.
fa64b5b098d964,,False,Onset censoring and source timestamp validity still require review; clock-only values are not verified response delays.
fa74e7d7522e2b,71.5,False,Onset censoring and source timestamp validity still require review; clock-only values are not verified response delays.
fa7879ff1198cd,31.5,True,Onset censoring and source timestamp validity still require review; clock-only values are not verified response delays.
fa8d86f774e7cb,20.0,False,Onset censoring and source timestamp validity still require review; clock-only values are not verified response delays.
fac29a9b490876,50.5,False,Onset censoring and source timestamp validity still require review; clock-only values are not verified response delays.
fac9eee0ba7d0a,,False,Onset censoring and source timestamp validity still require review; clock-only values are not verified response delays.
fae3083e94ad53,,False,Onset censoring and source timestamp validity still require review; clock-only values are not verified response delays.
fae4ca2d50b885,,False,Onset censoring and source timestamp validity still require review; clock-only values are not verified response delays.
faf4bd9e4ff9b3,,False,Onset censoring and source timestamp validity still require review; clock-only values are not verified response delays.
fb006435de3671,,False,Onset censoring and source timestamp validity still require review; clock-only values are not verified response delays.
fb0d77028fe1fc,,False,Onset censoring and source timestamp validity still require review; clock-only values are not verified response delays.
fb1ad992a3bce2,,False,Onset censoring and source timestamp validity still require review; clock-only values are not verified response delays.
fb29f573c0cb88,,False,Onset censoring and source timestamp validity still require review; clock-only values are not verified response delays.
fb5e1aae4ea8c0,22.0,True,Onset censoring and source timestamp validity still require review; clock-only values are not verified response delays.
fb6bb6c3200425,,False,Onset censoring and source timestamp validity still require review; clock-only values are not verified response delays.
fb7e42989c055c,,False,Onset censoring and source timestamp validity still require review; clock-only values are not verified response delays.
fba89e461df925,,False,Onset censoring and source timestamp validity still require review; clock-only values are not verified response delays.
fbb75ec16b66c9,,False,Onset censoring and source timestamp validity still require review; clock-only values are not verified response delays.
fbc0f940a5bc59,,False,Onset censoring and source timestamp validity still require review; clock-only values are not verified response delays.
fbc644e2fe9caf,,False,Onset censoring and source timestamp validity still require review; clock-only values are not verified response delays.
fbcce5409f1685,,False,Onset censoring and source timestamp validity still require review; clock-only values are not verified response delays.
fbda846e9abd66,,False,Onset censoring and source timestamp validity still require review; clock-only values are not verified response delays.
fbe9fc33dca597,,False,Onset censoring and source timestamp validity still require review; clock-only values are not verified response delays.
fc01c4c4c973ef,,False,Onset censoring and source timestamp validity still require review; clock-only values are not verified response delays.
fc06482d61d277,,False,Onset censoring and source timestamp validity still require review; clock-only values are not verified response delays.
fc42dff7295e79,,False,Onset censoring and source timestamp validity still require review; clock-only values are not verified response delays.
fcade2fbdea704,,False,Onset censoring and source timestamp validity still require review; clock-only values are not verified response delays.
fcd481469045e5,,False,Onset censoring and source timestamp validity still require review; clock-only values are not verified response delays.
fce5d588858304,,False,Onset censoring and source timestamp validity still require review; clock-only values are not verified response delays.
fced65f3ec92a2,34.0,True,Onset censoring and source timestamp validity still require review; clock-only values are not verified response delays.
fd048e56182f46,,False,Onset censoring and source timestamp validity still require review; clock-only values are not verified response delays.
fd07be0b2bcc1b,,False,Onset censoring and source timestamp validity still require review; clock-only values are not verified response delays.
fd119a1bfdfe57,,False,Onset censoring and source timestamp validity still require review; clock-only values are not verified response delays.
fd1433b4430522,,False,Onset censoring and source timestamp validity still require review; clock-only values are not verified response delays.
fd652708d6ab60,,False,Onset censoring and source timestamp validity still require review; clock-only values are not verified response delays.
fd7fdab88f6720,,False,Onset censoring and source timestamp validity still require review; clock-only values are not verified response delays.
fd834c30f808f3,,False,Onset censoring and source timestamp validity still require review; clock-only values are not verified response delays.
fd9f538bb853c3,,False,Onset censoring and source timestamp validity still require review; clock-only values are not verified response delays.
fdbfd40464cd8d,,False,Onset censoring and source timestamp validity still require review; clock-only values are not verified response delays.
fde28ef232975d,,False,Onset censoring and source timestamp validity still require review; clock-only values are not verified response delays.
fde7ca6b6f18cd,24.5,True,Onset censoring and source timestamp validity still require review; clock-only values are not verified response delays.
fdfe776e6fc38d,,False,Onset censoring and source timestamp validity still require review; clock-only values are not verified response delays.
fe1325e90b5784,,False,Onset censoring and source timestamp validity still require review; clock-only values are not verified response delays.
fe18d91ddba352,,False,Onset censoring and source timestamp validity still require review; clock-only values are not verified response delays.
fe3b6035b6d159,,False,Onset censoring and source timestamp validity still require review; clock-only values are not verified response delays.
fe426e93965c89,,False,Onset censoring and source timestamp validity still require review; clock-only values are not verified response delays.
fe5884ab88eafa,,False,Onset censoring and source timestamp validity still require review; clock-only values are not verified response delays.
fe60c52749f588,,False,Onset censoring and source timestamp validity still require review; clock-only values are not verified response delays.
fe82ffd2a70576,8.5,False,Onset censoring and source timestamp validity still require review; clock-only values are not verified response delays.
fecdee2f429685,,False,Onset censoring and source timestamp validity still require review; clock-only values are not verified response delays.
fed7f9d94e20d0,,False,Onset censoring and source timestamp validity still require review; clock-only values are not verified response delays.
ff1d4bc750ed60,,False,Onset censoring and source timestamp validity still require review; clock-only values are not verified response delays.
ff4a7c4534d126,,False,Onset censoring and source timestamp validity still require review; clock-only values are not verified response delays.
ff6815a04616e7,,False,Onset censoring and source timestamp validity still require review; clock-only values are not verified response delays.
ff6a2637f122fd,,False,Onset censoring and source timestamp validity still require review; clock-only values are not verified response delays.
ffa57d7df6ce28,0.5,False,Onset censoring and source timestamp validity still require review; clock-only values are not verified response delays.
ffbe0373c59e62,,False,Onset censoring and source timestamp validity still require review; clock-only values are not verified response delays.
fffb23e8c3abfe,,False,Onset censoring and source timestamp validity still require review; clock-only values are not verified response delays.
