sample_id,morphology_v3,k5,k6,k7,k8,k9
000d87594f00d1,后期加速上升型,3,4,4,3,9
0046b06fe12699,后期加速上升型,3,5,5,4,8
005b693c7fa118,降压主导型,1,3,2,7,4
005e4f1a5d26a8,涨幅微弱型,5,2,7,2,1
005edb3b0c1a72,稳定缓升型,4,1,3,6,9
00708041741928,涨幅微弱型,1,3,2,7,4
00713f559b2d76,涨幅微弱型,1,3,2,7,4
008d8d8ad779df,后期加速上升型,4,5,5,4,8
00a4514ac57a90,渐进上升型,4,1,3,6,5
00c2925a3ba81f,涨幅微弱型,5,2,7,2,1
00fb4ca4c7c417,稳定缓升型,4,5,5,4,8
0105b0c0c812a2,后期加速上升型,5,2,7,5,7
0136078b1dd1f3,涨幅微弱型,5,2,7,2,1
01542982b133dc,涨幅微弱型,5,2,7,2,1
01596ef8a128e1,涨幅微弱型,1,3,2,7,4
0186ea390bb736,稳定缓升型,2,6,1,8,3
01a84d24bda45e,后期加速上升型,3,4,4,5,7
01ba7af482e352,降压主导型,1,3,2,7,4
01c16ff17711b1,涨幅微弱型,5,2,7,2,1
01cc963f8701ed,快速稳定型,3,4,4,3,2
01ccc50dfae259,后期加速上升型,3,4,4,3,7
021f1226aa000c,冲高回落型,5,4,4,2,2
022010542f8270,渐进上升型,3,4,4,3,9
0265487417a70a,渐进上升型,4,1,3,6,5
0269171c2f3beb,降压主导型,1,3,2,7,4
026cf2a319460c,涨幅微弱型,5,2,7,2,1
029ddcaf104bb6,后期加速上升型,3,4,4,5,7
02aa35ea21031e,涨幅微弱型,5,2,7,2,1
02df4dc547b70c,后期加速上升型,5,2,7,5,7
02df54ce531f12,快速稳定型,3,4,4,3,2
02e16cd7cec036,后期加速上升型,3,4,4,5,7
02eeb67cda39df,渐进上升型,4,1,3,3,9
0301b0503dc63e,渐进上升型,4,1,3,6,5
0313771e18e1cb,稳定缓升型,4,1,6,1,6
0319a720094d4b,涨幅微弱型,5,2,7,5,1
03278152bdb87d,后期加速上升型,3,5,5,4,8
035c48c246a359,涨幅微弱型,5,2,7,2,1
0383d7bf737156,渐进上升型,3,4,4,3,9
039040253f10c4,后期加速上升型,4,5,5,4,8
03adeb22595bf6,先降后升型,3,4,4,5,7
03b6bd18333fe0,稳定缓升型,4,1,3,6,5
03bb47c3df36e6,后期加速上升型,4,1,5,4,5
03bd0cc9ae8743,降压主导型,1,3,2,7,4
03be013afe578a,涨幅微弱型,1,3,2,7,4
03be811339f454,涨幅微弱型,5,2,7,2,1
03c4993e3a3802,稳定缓升型,2,6,1,8,3
03c4d09f38c8c5,冲高回落型,1,3,6,1,2
03c8c4e0ad63d4,降压主导型,1,3,2,7,4
03d064cd9d3399,稳定缓升型,2,1,6,1,6
03e9b9a069b224,涨幅微弱型,5,4,4,5,2
03ea2387352d97,涨幅微弱型,5,2,7,2,1
03f0c4cfe3c762,复杂波动或待判型,5,3,4,5,7
04091f4aecef70,涨幅微弱型,5,2,7,2,1
04147e98bed2d8,后期加速上升型,3,4,4,5,7
0417ed00e351b7,稳定缓升型,2,6,6,1,6
044acecce0871b,后期加速上升型,3,4,4,3,7
0478191a5b4c87,先降后升型,5,4,4,5,7
04a0c7fc508f4d,后期加速上升型,4,5,5,4,8
04a7bc8c037dc8,涨幅微弱型,5,2,7,2,1
04e7bba88fb5f5,后期加速上升型,3,4,4,3,9
05006dc1881a8b,涨幅微弱型,1,3,2,7,4
0507b5e160b25c,后期加速上升型,4,5,5,4,8
051aab523cbdd7,涨幅微弱型,5,2,7,2,1
051fcce55ac97a,降压主导型,1,3,2,7,4
054236c04bc4be,后期加速上升型,3,5,5,4,9
057202057c8ddb,稳定缓升型,2,6,1,8,3
0572694920f4ce,后期加速上升型,3,5,5,4,8
05aeb8ae0e764c,稳定缓升型,3,4,4,3,2
05e2b21cad8160,快速稳定型,2,1,6,1,6
05e78b67e4848c,快速稳定型,2,6,6,1,6
05fd7961f7c4fe,后期加速上升型,3,4,4,5,7
061cfca37b783f,涨幅微弱型,1,3,2,7,4
064c13493054ab,渐进上升型,3,4,4,3,9
065a40297665dc,涨幅微弱型,5,2,7,2,1
0669e673cf13db,稳定缓升型,3,4,4,3,9
066f181922cd85,后期加速上升型,3,4,4,3,9
06833045d88d3d,稳定缓升型,2,6,6,1,6
0688457a3e0089,渐进上升型,3,4,4,3,2
068d8d6f2714e8,渐进上升型,4,1,6,1,6
069926f741f9b7,涨幅微弱型,5,2,7,2,1
06ade3c14fa2ce,涨幅微弱型,5,2,7,2,1
06b3d59751a202,渐进上升型,4,1,3,6,5
06bba88a544e3b,后期加速上升型,3,5,5,4,9
06be3c6d42a0d9,涨幅微弱型,5,2,7,2,1
06c792599db96a,涨幅微弱型,1,3,2,7,4
06ca430ed4e89a,稳定缓升型,2,6,6,1,6
06f65056b6fd5d,降压主导型,1,3,2,7,4
06f823469632fe,后期加速上升型,3,4,4,5,7
06fd55de27df94,后期加速上升型,3,4,4,5,7
0708ef0b48b036,稳定缓升型,4,1,3,4,8
0717b2bb00d821,冲高回落型,1,3,2,7,4
072d811e02541e,后期加速上升型,3,5,5,4,8
074a07cdc56b44,涨幅微弱型,5,2,7,2,1
0763435229cc0a,涨幅微弱型,5,2,7,2,1
07657351df4c29,复杂波动或待判型,2,6,1,8,3
0767003162c953,后期加速上升型,3,4,4,3,9
079770d1cc3140,涨幅微弱型,1,3,2,7,4
07a0f38943099f,涨幅微弱型,5,2,7,2,1
07aa6a121e64be,降压主导型,1,3,2,7,4
07d6911c2931e5,降压主导型,1,3,2,7,4
07e98b6d20c202,降压主导型,1,3,2,7,4
0819019fb989a8,快速稳定型,5,2,7,2,2
0836f729b357a3,稳定缓升型,2,6,1,8,3
085774fe56ef73,稳定缓升型,2,6,6,4,9
087ce7583b2d2c,后期加速上升型,5,2,7,5,7
087fa1334a0873,涨幅微弱型,1,3,2,7,4
08885e078c1caf,后期加速上升型,3,5,5,4,8
08ae7ab4add9f6,后期加速上升型,3,4,4,3,9
08af838d590059,冲高回落型,1,3,2,7,4
08afd51fc7b9ff,涨幅微弱型,5,2,7,2,1
08b45d6b1f9500,涨幅微弱型,5,2,7,2,1
08be048e11b7cb,快速稳定型,3,4,4,3,9
08bec6f9ea77e1,涨幅微弱型,5,2,7,2,1
08c86fbff98a47,涨幅微弱型,1,3,2,7,4
09054c7af07930,涨幅微弱型,5,2,7,2,1
091a39a357c1d8,渐进上升型,3,4,4,3,9
093a227ade4bd2,涨幅微弱型,5,2,7,2,1
094610aca16163,快速稳定型,2,1,6,1,6
0958764af7c844,冲高回落型,5,2,7,2,2
0958fed43b5619,渐进上升型,4,1,3,6,5
097f934284ca28,稳定缓升型,4,1,3,6,5
098bec8b4ae3fb,后期加速上升型,3,4,4,5,7
099a42112cf12a,涨幅微弱型,5,2,7,2,1
09acc704e5206b,稳定缓升型,3,4,4,3,9
09df8252cfb6bd,稳定缓升型,4,1,6,1,6
09eee7ad39b7e4,涨幅微弱型,1,3,2,7,4
0a3bae28c4c109,降压主导型,1,3,2,7,4
0a4e4d0688759e,涨幅微弱型,1,3,2,7,4
0a4fd103ed5459,先降后升型,2,6,1,8,3
0a5478f38a4226,涨幅微弱型,5,2,7,2,1
0a6aba48c0f912,稳定缓升型,3,4,4,3,9
0a8bf09103b9f4,后期加速上升型,4,5,5,4,9
0a98f1c5e862b2,渐进上升型,4,1,3,6,5
0aaea127889e21,降压主导型,1,3,2,7,4
0ac0e260f6d891,后期加速上升型,3,4,4,5,7
0ae85051464019,快速稳定型,2,6,1,8,3
0af8da0cb75b52,稳定缓升型,4,1,6,1,6
0b17486870e804,后期加速上升型,3,5,5,4,9
0b1749180329eb,快速稳定型,3,4,4,3,9
0b6999736fdddc,涨幅微弱型,5,2,7,2,1
0b79bc5aa1372b,后期加速上升型,3,4,4,3,9
0b8f7535ee698a,渐进上升型,3,4,4,5,7
0b91631ef51957,涨幅微弱型,5,2,7,2,1
0bbe998bee4468,涨幅微弱型,5,2,7,2,1
0bc1013e4313f9,快速稳定型,3,4,6,3,9
0bc1818c937315,先降后升型,5,2,7,2,1
0bd288d88c11d8,后期加速上升型,3,4,4,5,7
0bde477d232cf2,稳定缓升型,2,6,6,3,9
0be17ae5a2eddc,渐进上升型,4,1,4,3,9
0be7aff9060a91,涨幅微弱型,5,2,7,2,1
0be8206baaa0bc,后期加速上升型,3,4,4,5,7
0bf71f1af904c3,降压主导型,1,3,2,7,4
0c2d87e829cc1c,涨幅微弱型,1,3,2,7,4
0c619a9f98994e,涨幅微弱型,5,2,7,2,1
0c78396992a5ae,涨幅微弱型,1,3,2,7,4
0c85d55c07266b,涨幅微弱型,5,2,7,2,1
0ca0af1f98c047,涨幅微弱型,5,2,7,2,2
0ca2c9f08caa38,涨幅微弱型,5,2,7,2,1
0ca6185b2de705,稳定缓升型,3,4,6,3,9
0ca693ae16a964,稳定缓升型,3,4,4,3,9
0cad5d18aa7c61,复杂波动或待判型,1,3,2,5,7
0cced351d386a1,涨幅微弱型,1,3,2,7,4
0ce3b0e15a20d9,后期加速上升型,3,4,4,5,7
0cf36b678fa9e4,涨幅微弱型,5,2,7,2,1
0cf7ceba6616af,涨幅微弱型,5,2,7,2,1
0d01f3b58ae830,稳定缓升型,4,1,3,6,5
0d1a1c6c39a528,渐进上升型,4,1,3,6,5
0d229be8f2a003,后期加速上升型,3,4,4,3,9
0d31fedd78cd74,先降后升型,5,2,7,2,1
0d4afd3d2a17e4,后期加速上升型,3,4,4,5,7
0d6ab575618f02,渐进上升型,4,1,6,3,9
0d6cad52a9a8a5,降压主导型,1,3,2,7,4
0de954bd2cd22e,后期加速上升型,5,2,7,5,7
0dffb8db6e242c,涨幅微弱型,5,2,7,2,1
0e081d52b41022,后期加速上升型,3,4,4,5,7
0e0b631fef7bbd,涨幅微弱型,5,2,7,2,1
0e10f80c78aa41,后期加速上升型,3,5,5,4,8
0e2cea5a7e8a6d,涨幅微弱型,5,2,7,2,2
0e334b36f7823f,后期加速上升型,5,4,4,5,7
0e3385796d6207,稳定缓升型,3,4,6,3,9
0e3dff5f65f915,涨幅微弱型,5,2,7,2,1
0e406deca8dc28,涨幅微弱型,5,2,7,2,1
0e44b33442b634,快速稳定型,3,4,6,3,9
0e4aec85f49143,涨幅微弱型,5,2,7,2,1
0e5883b8711ebd,稳定缓升型,2,6,1,8,3
0e63ebe3a9a85c,降压主导型,1,3,2,7,4
0e98baf9e71c73,涨幅微弱型,1,3,2,7,4
0e9b00941ec0ee,后期加速上升型,3,4,4,3,9
0eb26d7d843230,渐进上升型,3,4,4,3,9
0ebccc0e3cb0a6,快速稳定型,2,6,6,1,6
0ede52b71e7c4e,先降后升型,3,4,4,5,7
0eeb6809e83083,后期加速上升型,4,5,5,4,8
0f27af5d5f834a,渐进上升型,4,1,6,1,6
0f47322a2e15a7,渐进上升型,3,4,4,3,9
0f6593a561d83b,后期加速上升型,4,1,3,6,5
0f6b2e10ceaf63,涨幅微弱型,1,3,2,7,4
0f8814172d0526,降压主导型,1,3,2,7,4
0f8fc821311a0b,后期加速上升型,4,5,5,4,8
0f9487f58a9261,后期加速上升型,3,4,4,5,7
0f94d566885dfc,后期加速上升型,4,5,5,4,8
0fa4f27951c0e0,后期加速上升型,3,5,5,3,9
0fbb65964f2a1e,稳定缓升型,3,4,4,3,9
0fbb6e1935c88b,稳定缓升型,2,6,6,1,3
0fc6f4dc71213f,先降后升型,3,4,4,5,2
0fdd2fd4249ff5,涨幅微弱型,5,3,2,2,2
0ff0299b4f6805,渐进上升型,4,1,6,1,6
0ffdc4462d73bd,稳定缓升型,2,6,6,1,6
100803fb6c165a,后期加速上升型,3,5,5,4,9
100cda03877bcf,后期加速上升型,4,5,5,4,8
1013a1b4aee135,降压主导型,1,3,2,7,4
1043b7772cff60,降压主导型,1,3,2,7,4
1071a5c32c9faa,涨幅微弱型,1,3,2,7,4
107c48b342f325,降压主导型,1,3,2,7,4
10835e1703186b,涨幅微弱型,5,2,7,2,1
10904f3a5c4bb7,先降后升型,2,6,1,8,3
1094a1ff165817,渐进上升型,4,1,3,6,5
10b12874ceb028,涨幅微弱型,5,2,7,2,1
10b40102d3ce52,后期加速上升型,3,4,4,5,7
10d6eca4c6c4ac,涨幅微弱型,1,3,2,7,4
10dfaa09e1b6c1,降压主导型,1,3,2,7,4
10f4e933a16dd0,后期加速上升型,2,6,1,8,3
1171093ec6504a,渐进上升型,3,4,4,3,9
117b77b89faa24,涨幅微弱型,5,2,7,2,1
1193d87a7828c9,渐进上升型,4,1,3,6,5
1198ab14822ae8,稳定缓升型,4,1,6,1,6
11b224736d732d,渐进上升型,4,1,6,1,6
11b97de4ba3021,后期加速上升型,3,4,5,3,9
11cf9f4e35892e,渐进上升型,3,4,4,3,9
11f1a04b2c4fce,渐进上升型,3,4,4,3,9
120033330ed3bc,后期加速上升型,3,5,5,4,9
12098fe847e93c,后期加速上升型,3,4,4,5,7
120d084ef9324c,降压主导型,1,3,2,7,4
12410a86fc8a8e,稳定缓升型,2,6,6,1,6
125a7df9f266d5,后期加速上升型,3,4,4,3,9
1267a8a5c6a147,渐进上升型,4,1,3,6,5
126dc10ea9d7d2,稳定缓升型,2,6,6,1,6
1286c37bf6264f,涨幅微弱型,5,2,7,2,1
12894557121a81,先降后升型,3,4,4,5,7
12aab38fc9194f,稳定缓升型,3,4,4,3,9
12bf9740568fae,后期加速上升型,3,5,5,4,9
12d57a9fd8783c,渐进上升型,4,1,3,3,9
1317d055e6d06d,后期加速上升型,3,4,4,5,7
134d657954c0e4,复杂波动或待判型,5,2,7,2,2
136c40ad75fedb,降压主导型,1,3,2,7,4
136ce363048ff1,后期加速上升型,3,4,4,3,9
137ae76c8fe45d,降压主导型,1,3,2,7,4
13c1c7c7ef6722,后期加速上升型,3,4,4,3,9
13f0c02be06d96,降压主导型,1,3,2,7,4
1406a5eea67233,后期加速上升型,4,5,5,4,8
14259545ac7a79,稳定缓升型,3,4,4,3,9
14279e6fa0fac0,涨幅微弱型,5,2,7,2,1
142b02e1142ed5,渐进上升型,4,1,3,6,5
143d86a6a03164,快速稳定型,2,6,6,1,6
144ab4222f48aa,冲高回落型,1,3,2,7,2
146b8534aa8679,稳定缓升型,3,4,4,5,2
14a8c739577be2,稳定缓升型,4,1,6,1,6
14aa51a67beca0,渐进上升型,3,4,4,5,7
14b9c641c5f831,渐进上升型,3,4,4,3,9
14c9e4df869bad,稳定缓升型,4,1,6,1,6
14ca6377e9f5b0,涨幅微弱型,5,2,7,2,2
14f4c0b6846b24,涨幅微弱型,5,2,7,2,1
151e97d417cd84,涨幅微弱型,1,3,7,7,1
152d735839b2dc,复杂波动或待判型,2,6,1,8,3
153819a79118c3,降压主导型,1,3,2,7,4
15407eca941854,涨幅微弱型,5,2,7,2,1
154334fa243ca2,后期加速上升型,4,5,5,4,8
157b64251f9dea,快速稳定型,2,1,6,1,6
15831bbda50f3c,快速稳定型,2,6,6,1,6
15905fa7a6c2da,快速稳定型,2,6,6,1,6
15a59a526a7ac0,后期加速上升型,3,4,4,3,9
15da825d224bb5,后期加速上升型,3,5,5,4,8
15f1df44fbc22e,涨幅微弱型,5,2,7,2,1
1606404b5fac98,降压主导型,1,3,2,7,4
16389632bc9b35,涨幅微弱型,1,3,2,7,4
165a4144d7fcb2,后期加速上升型,5,4,4,5,7
165c1226c41f30,复杂波动或待判型,3,4,4,3,2
16757ac5822fdf,复杂波动或待判型,5,2,7,2,2
1682a5d007ed8b,稳定缓升型,3,4,4,3,9
16892e71b47925,涨幅微弱型,5,2,7,2,1
16b4f6a0ad46b2,降压主导型,1,3,2,7,4
16bcbb310b8658,降压主导型,1,3,2,7,4
16bffd7477b9e9,稳定缓升型,3,4,6,3,9
16f47b261c62da,降压主导型,1,3,2,7,4
1714723c57ff75,后期加速上升型,3,5,5,3,9
1721f6d000043e,后期加速上升型,3,4,4,5,7
172dc10d865e90,稳定缓升型,3,4,4,3,2
1730a897fb55c9,涨幅微弱型,5,2,7,2,1
174628678247f5,稳定缓升型,4,1,6,1,9
1749cd99c58818,降压主导型,1,3,2,7,4
1751fe0e122e8b,渐进上升型,4,1,3,6,5
17631b3287ff10,降压主导型,1,3,2,7,4
1775c867d60695,后期加速上升型,3,5,5,4,9
1787f9cdc586e0,稳定缓升型,4,1,6,1,6
178cacc798829f,渐进上升型,3,4,4,3,9
1792e939c0aaea,降压主导型,1,3,2,7,4
179308ddba2cbb,涨幅微弱型,5,2,7,2,1
17945766d1a6bb,涨幅微弱型,5,2,7,2,1
17eb8a046a4c51,涨幅微弱型,5,2,7,5,7
17fc360dfeca75,冲高回落型,2,6,6,1,6
182eae42fdf5c8,后期加速上升型,5,2,4,5,7
18319290e5f17f,渐进上升型,3,4,4,3,9
18359f7d07aeb0,降压主导型,1,3,2,7,4
18364bdf5628de,渐进上升型,4,1,6,1,6
183b74f07bf90a,涨幅微弱型,5,2,7,2,1
18558ef59b1931,涨幅微弱型,1,3,2,7,4
188e7ab80b7528,降压主导型,1,3,2,7,4
188fde950d2f93,降压主导型,1,3,2,7,4
189d07b0c08ed5,涨幅微弱型,5,2,7,2,1
18b47bff520ff1,涨幅微弱型,5,2,7,2,1
18b7f53df32b8a,涨幅微弱型,1,3,2,7,4
18c702348bb849,后期加速上升型,4,5,5,4,8
18c7722439c780,涨幅微弱型,5,2,7,2,1
18e5d9366c876e,后期加速上升型,3,5,5,4,9
190e33dd5bfc6c,渐进上升型,4,1,3,6,5
1931fcc505b0dc,稳定缓升型,2,6,6,1,6
194ef006903355,稳定缓升型,2,6,6,1,6
19bba028634ef6,降压主导型,1,3,2,7,4
19c03bf99fcc3d,涨幅微弱型,5,2,7,2,1
1a11e82a584766,后期加速上升型,3,4,4,5,7
1a39da74b54e8a,后期加速上升型,4,5,5,4,8
1a3b88b1ecc005,涨幅微弱型,5,2,7,2,1
1a43b90a1f92fe,涨幅微弱型,1,3,2,7,4
1a51eb8a07bc47,降压主导型,1,3,2,7,4
1a5a11fad7b0e4,渐进上升型,3,4,4,3,9
1a6331ae8091c3,先降后升型,3,4,4,5,7
1aad6280508974,快速稳定型,2,1,6,1,6
1ab27165d07cc8,涨幅微弱型,5,2,7,2,1
1ae87466ff0a0d,后期加速上升型,3,4,4,5,7
1ae99f113e557d,渐进上升型,3,4,4,3,9
1aeb6e0e67b57f,涨幅微弱型,5,2,7,2,1
1af2b383c4f9c7,稳定缓升型,4,5,6,1,6
1b3a34f93d005a,降压主导型,1,3,2,7,4
1b81992eb7746c,涨幅微弱型,5,2,7,2,2
1ba402f39ba430,涨幅微弱型,5,2,7,2,1
1ba54785f0ca1f,后期加速上升型,3,4,4,3,9
1bb7cf29a71aa1,后期加速上升型,4,5,5,4,8
1bd057eadd92c0,渐进上升型,4,1,6,3,9
1bd91e6c74f711,涨幅微弱型,5,2,7,2,1
1be12598bb7629,降压主导型,1,3,2,7,4
1be45526c95afc,渐进上升型,4,1,3,6,5
1be5bd6269610e,渐进上升型,4,1,3,6,5
1befba130b453d,涨幅微弱型,1,2,7,2,1
1c44b93ad7357b,稳定缓升型,4,1,6,1,6
1c47da4b17a86f,涨幅微弱型,5,2,7,2,1
1c548b91f110cc,后期加速上升型,3,5,5,4,8
1c57bcd507e59b,渐进上升型,4,1,3,6,5
1c5b1fe6760fcc,涨幅微弱型,1,3,2,7,4
1c5f600becbbd7,涨幅微弱型,1,3,2,7,4
1c98211fc1cbee,稳定缓升型,3,4,4,3,9
1c9c96fe2d4e2b,涨幅微弱型,1,3,2,7,4
1c9fd22e575f77,后期加速上升型,3,4,4,5,7
1cac6a750523ab,渐进上升型,4,1,3,6,5
1ccbb2d12ec867,渐进上升型,3,4,4,3,9
1ce31a471121d0,涨幅微弱型,5,2,7,2,1
1cf59da8410a0f,后期加速上升型,3,4,4,3,9
1cf686b6b3eea6,后期加速上升型,3,4,4,3,7
1d133461208816,涨幅微弱型,5,2,7,2,2
1d165cd04788f5,复杂波动或待判型,1,3,2,5,2
1d28e572f35254,快速稳定型,2,6,1,8,3
1d37cfc0a47149,稳定缓升型,4,1,3,6,5
1d4a9e216f6bb2,涨幅微弱型,5,2,7,5,7
1d719f866e94f7,后期加速上升型,3,4,4,5,7
1d870b9174f6d1,快速稳定型,2,6,6,1,6
1d9c9a459aef4f,稳定缓升型,2,6,6,1,6
1dad4ec1d9135b,后期加速上升型,3,5,5,4,8
1db09770aa7875,渐进上升型,4,1,3,6,5
1db46fb34a7423,稳定缓升型,2,6,6,1,9
1dbc8f84c17823,后期加速上升型,4,5,5,4,8
1dbf8c9c5c8b87,涨幅微弱型,1,3,2,7,1
1dd6d5d9c3bfc2,后期加速上升型,4,5,5,4,8
1dec29381cc5d8,涨幅微弱型,5,2,7,2,1
1deffb31abc528,涨幅微弱型,5,2,7,2,1
1df5215ff08f57,复杂波动或待判型,5,2,7,2,2
1e0ad9f114cc03,渐进上升型,4,1,3,6,5
1e34b41f5af11f,先降后升型,3,4,4,5,7
1e385e1ebe17c2,稳定缓升型,2,6,1,8,3
1e415408befc28,渐进上升型,5,2,7,2,2
1e45d1c2be6c9f,涨幅微弱型,5,2,7,2,1
1e47465392dcc1,涨幅微弱型,5,2,7,2,1
1e48dfac1f44e2,渐进上升型,4,1,3,6,5
1e5a210a536ddd,冲高回落型,4,1,3,6,5
1e5eddb10c0d5a,降压主导型,1,3,2,7,4
1e6e9604061afc,稳定缓升型,4,1,3,6,5
1ea34ba7c7c0c5,涨幅微弱型,5,2,7,2,1
1ec9592d05f4c1,先降后升型,1,3,2,7,4
1ecfdfd0dfbeba,渐进上升型,4,1,6,1,6
1ee082dc9c7758,快速稳定型,3,4,4,3,2
1ef068af2fa2e7,涨幅微弱型,5,2,7,2,1
1f02855d81e467,涨幅微弱型,5,2,7,2,1
1f0a7433928e6d,涨幅微弱型,5,2,7,2,1
1f14205af68419,渐进上升型,4,1,6,1,6
1f2484e836de98,涨幅微弱型,5,2,7,2,1
1f2ac0fae1d6ae,涨幅微弱型,5,2,7,2,1
1f33b73fb3ea5d,降压主导型,1,3,2,7,4
1f484dbf023051,快速稳定型,2,6,6,1,6
1f71fa59b658aa,后期加速上升型,3,4,4,5,2
1f74d658291853,涨幅微弱型,1,3,2,7,4
1f87de47545d2e,后期加速上升型,3,6,6,3,9
1f94215b5637bc,涨幅微弱型,5,2,7,2,1
1f9a443cd21c51,稳定缓升型,4,5,5,4,8
1fa4eefa59e53f,涨幅微弱型,5,2,7,2,1
1fac41a9600eb6,降压主导型,1,3,2,7,4
1fd33fa9e2369d,稳定缓升型,4,5,5,3,9
1fec6b0a15b123,涨幅微弱型,5,2,7,2,1
1fecf79e38a3a2,后期加速上升型,3,4,4,5,7
20257e42b0616f,涨幅微弱型,1,3,2,7,4
202d73574c003d,先降后升型,5,4,4,5,7
202fba08f41e76,涨幅微弱型,5,2,7,2,1
20609fed3a6ace,涨幅微弱型,1,3,2,7,4
207a859818941e,稳定缓升型,4,1,3,1,6
20850a15f8405c,涨幅微弱型,5,2,7,2,1
20905000d82ce6,后期加速上升型,2,6,1,8,3
20a789e6b3c0fe,涨幅微弱型,3,4,4,5,2
20be1008e760e5,涨幅微弱型,5,2,7,2,1
20ccef9c6ddcc5,涨幅微弱型,5,2,7,2,1
20cfb15ab8a1ed,后期加速上升型,3,4,4,3,9
20d3d12764587a,降压主导型,1,3,2,7,4
20d505775e8305,涨幅微弱型,5,2,7,2,1
20d58decd6c4d2,后期加速上升型,3,4,4,5,7
20f5e7a38c639c,涨幅微弱型,5,2,7,2,1
211abb69735092,稳定缓升型,3,4,4,3,9
21405b69eadb48,渐进上升型,4,1,6,1,6
216f0c41dcf37e,先降后升型,3,4,4,5,7
2183a6851cdfc2,稳定缓升型,3,4,4,3,9
2185aa9cba6809,稳定缓升型,3,4,4,5,2
218bdee23f9168,涨幅微弱型,5,2,7,2,1
21c0300e75b12e,降压主导型,1,3,2,7,4
21d3ba83824ce3,快速稳定型,5,2,7,2,2
21eb8d92542476,渐进上升型,4,1,3,6,5
21ec247be7bba7,快速稳定型,3,4,4,3,2
220646143f6fa0,后期加速上升型,4,5,5,4,8
2207d5adec9d07,先降后升型,5,2,7,5,7
220e4e28576497,复杂波动或待判型,1,3,2,7,4
2219d8c458a4e1,先降后升型,3,4,4,5,7
222bf45624799a,降压主导型,1,3,2,7,4
223f9fd3533bfc,涨幅微弱型,1,3,2,7,4
225556d24308f0,涨幅微弱型,5,2,7,2,1
22aee0c627ea5d,快速稳定型,5,2,7,2,2
22b3eea083edf2,稳定缓升型,3,4,4,3,9
22df8cf54cb593,降压主导型,1,3,2,7,4
22ecb9dc61ea12,涨幅微弱型,5,2,7,2,1
230caf7114a8dd,渐进上升型,3,4,6,3,9
23123faf4e1a2d,冲高回落型,2,6,6,1,6
2328e2fc04730a,涨幅微弱型,5,2,7,2,1
2333b5489c51db,涨幅微弱型,5,2,7,2,1
234840fa5c3ca1,涨幅微弱型,5,2,7,2,1
2354d0f6ff5bcf,稳定缓升型,4,1,6,1,6
2369b717cdd080,先降后升型,5,2,7,5,7
2370eab4e3d5de,涨幅微弱型,5,2,7,2,1
2376fb4d13b8fe,涨幅微弱型,3,4,4,5,7
238a9206e73b45,后期加速上升型,3,4,4,3,9
239d2bd76f42e9,涨幅微弱型,1,3,2,7,4
23a688fa580fef,涨幅微弱型,1,3,2,7,4
23b04c5403f1fb,先降后升型,3,4,4,5,7
23eaf1391616c3,涨幅微弱型,5,2,7,2,1
23eef5a3ee9f1c,稳定缓升型,2,1,6,1,6
24004eec1e65d0,稳定缓升型,3,4,4,3,9
2407cb1efc3e43,先降后升型,5,4,4,5,7
2407e8fd75af6f,涨幅微弱型,5,2,7,2,1
242b4ffcb2f427,渐进上升型,3,4,4,3,9
24302fa3efe120,稳定缓升型,4,1,3,6,5
24493d8c276105,涨幅微弱型,5,2,7,2,1
245d466755bb9a,涨幅微弱型,5,2,7,2,1
245debde91ae2f,先降后升型,3,4,4,5,7
247436773d4c2c,涨幅微弱型,1,3,2,7,4
247600d07781b1,后期加速上升型,3,4,4,3,9
2482417569d490,涨幅微弱型,5,2,7,5,7
2489f9f1a6b5fd,稳定缓升型,4,1,6,1,6
24d705e7996847,涨幅微弱型,5,2,7,2,1
24e49411a0a716,后期加速上升型,2,6,1,8,3
24e8011c6091dc,稳定缓升型,2,1,6,1,6
255602a358a0b0,涨幅微弱型,5,2,7,2,1
2561f0a7682fc2,后期加速上升型,3,4,4,5,7
256293b6ca58f6,快速稳定型,2,1,6,1,6
257fc7b8bd4864,降压主导型,1,3,2,7,4
259a83e727eddc,后期加速上升型,4,5,5,4,8
25b72c23af7339,涨幅微弱型,5,2,7,2,1
25bffbb84ab338,渐进上升型,4,1,3,6,5
25ce7c37cbb045,冲高回落型,2,6,6,1,6
25e487af23c76a,稳定缓升型,2,6,1,8,3
25f2cbd5f31ba1,后期加速上升型,3,4,4,5,7
25f4d81d516aa7,稳定缓升型,4,5,5,4,8
25f9516d0d4292,后期加速上升型,3,5,5,4,8
25fc17f3883821,后期加速上升型,4,5,5,4,8
2628694c7b2684,降压主导型,1,3,2,7,4
262c7e526d0b8c,渐进上升型,4,1,3,6,5
264d49a8eb2e89,后期加速上升型,4,5,5,4,8
26537374bbf06c,稳定缓升型,3,4,4,5,7
2670a9121a0b6e,降压主导型,1,3,2,7,4
26758006eaa5de,涨幅微弱型,5,2,7,2,1
267652fdea2ce2,降压主导型,1,3,2,7,4
2683ed3679f335,涨幅微弱型,5,2,7,2,1
269640705952a2,渐进上升型,4,1,3,6,5
2698830447f168,后期加速上升型,3,4,4,5,7
26af337a190074,渐进上升型,3,4,4,3,9
26ba57eb523b2d,渐进上升型,4,1,3,6,5
26da0b380b6b43,快速稳定型,2,6,1,8,3
26f6e42af25b04,涨幅微弱型,1,3,2,2,2
26fadc8d0570bd,快速稳定型,2,6,6,1,6
27002ff336139f,后期加速上升型,3,6,5,3,9
2731452f6cafa8,先降后升型,5,2,7,5,7
275dce5cb4dc8b,后期加速上升型,3,4,4,5,7
277a9708a89f3e,涨幅微弱型,5,2,7,2,1
27847024c7d3b2,涨幅微弱型,5,2,7,2,1
278fb4f7093653,复杂波动或待判型,3,4,4,3,2
279abea03d0069,后期加速上升型,4,5,5,4,8
27a4499606d142,涨幅微弱型,5,2,7,2,1
27a7eb99ef86a8,渐进上升型,4,1,3,6,5
27aa2fe48c8ae5,涨幅微弱型,5,2,7,2,1
27d8b16ad22f60,降压主导型,1,3,2,7,4
27e7d00bd0e564,稳定缓升型,3,4,6,3,9
281553ff9508e7,后期加速上升型,3,4,4,5,7
282d081a3f0242,先降后升型,1,3,2,7,4
2883e4a723c849,渐进上升型,4,1,3,6,5
28c1c4b94cf94a,快速稳定型,2,6,6,1,6
28cba86b27aedd,涨幅微弱型,5,2,7,2,1
28ccc14fe6edfd,涨幅微弱型,5,2,7,2,2
28e694718b13e5,涨幅微弱型,1,3,2,7,4
28fa5e7fd21f4f,冲高回落型,3,4,4,3,2
28fa775aaefeb4,涨幅微弱型,5,2,7,2,1
29003ea4cb4893,稳定缓升型,2,6,1,8,3
291c1197b39ee4,稳定缓升型,2,6,6,1,6
2925ca8d53dd49,涨幅微弱型,5,2,7,2,1
29474e29b6ae2a,后期加速上升型,4,5,5,4,8
294869910f125a,涨幅微弱型,1,3,2,7,4
2952a3ba06c5aa,先降后升型,3,4,4,5,7
296927b9df7514,稳定缓升型,2,1,6,1,6
298625a9e1a17a,涨幅微弱型,5,2,7,2,1
29968b218aec43,降压主导型,1,3,2,7,4
29dbf3f2c66062,后期加速上升型,3,4,4,5,7
29e537c9702bfa,渐进上升型,4,1,3,6,5
2a0498124b4d4f,后期加速上升型,4,5,5,4,8
2a20d649ca9bcf,降压主导型,1,3,2,7,4
2a280380e90abd,渐进上升型,4,1,3,6,5
2a5fd11e9d33d1,涨幅微弱型,5,2,7,2,2
2a6599e5f5ccf2,稳定缓升型,3,4,4,3,9
2a734542b743a2,涨幅微弱型,5,2,7,2,1
2a83f995666bd3,先降后升型,3,4,4,5,7
2ac12a6251185c,渐进上升型,4,1,3,6,5
2b074b52bd0cfd,涨幅微弱型,5,2,7,2,2
2b10c9b8b271d5,后期加速上升型,4,5,5,4,8
2b431717a7c78b,涨幅微弱型,1,3,2,7,4
2b77a48dd941ff,渐进上升型,4,1,6,1,6
2b9d7114626960,涨幅微弱型,5,2,7,2,2
2bfdf49e20ac3a,渐进上升型,4,1,6,3,9
2c0be9979efd33,涨幅微弱型,1,3,2,7,4
2c2944aef1842b,稳定缓升型,3,4,4,3,9
2c36044ca1b399,涨幅微弱型,5,2,7,2,1
2c4e6555dfb4e3,涨幅微弱型,1,3,2,7,4
2c73d067a29c5f,降压主导型,1,3,2,7,4
2cc7de01bea2cf,后期加速上升型,4,5,5,4,8
2cd93a3f5b6b97,涨幅微弱型,1,3,2,7,4
2cf6810106e83b,涨幅微弱型,1,2,7,2,1
2d150f573c9948,降压主导型,1,3,2,7,4
2d248856ed0b3e,稳定缓升型,2,6,6,1,6
2d25642adea42d,涨幅微弱型,5,2,7,2,1
2d2d61197d331f,稳定缓升型,4,1,3,6,5
2d33275db72531,先降后升型,2,6,1,8,3
2d42f832c27f6f,快速稳定型,2,6,6,1,6
2d46112a46b3f0,快速稳定型,2,6,6,1,6
2d4adcab6b933d,后期加速上升型,4,5,5,4,8
2d8791473a04a7,后期加速上升型,3,4,4,3,9
2d88325d451e28,稳定缓升型,4,1,3,6,5
2d8b960caa0692,降压主导型,1,3,2,7,4
2d92430544929e,稳定缓升型,3,4,4,5,2
2db60bf76dcf00,稳定缓升型,4,5,5,4,8
2dbac17f70a882,涨幅微弱型,5,2,7,2,1
2e245bcbf93129,渐进上升型,3,4,4,5,2
2e352172c08383,稳定缓升型,3,4,4,3,9
2e5477158e8e50,后期加速上升型,4,1,3,6,5
2e6366ac001f0c,降压主导型,1,3,2,7,4
2e660b03d05cff,冲高回落型,1,3,2,7,4
2e93cd70700b93,快速稳定型,2,6,6,1,6
2e9cec47fe39b5,涨幅微弱型,5,2,7,2,1
2eb1d992cfe37c,涨幅微弱型,1,3,2,7,4
2eb801c5c88ed3,降压主导型,1,3,2,7,4
2eb92eb6d72028,先降后升型,3,4,4,5,7
2ec37727adacf5,先降后升型,1,3,2,5,7
2ecf302d1f133e,稳定缓升型,2,1,6,1,9
2ed7b6d79e1817,涨幅微弱型,5,2,7,2,1
2ede09ce85d0a8,渐进上升型,4,1,3,3,9
2ef1828a57b910,涨幅微弱型,5,2,7,2,1
2f23a5ac1e7e26,涨幅微弱型,5,2,7,2,1
2f34562203057e,快速稳定型,3,4,4,3,2
2f46ac60737759,降压主导型,1,3,2,7,4
2f734a61a7f0cd,稳定缓升型,2,1,6,1,6
2f7c3b7b688a2a,后期加速上升型,3,5,5,4,8
2f84b894527c72,后期加速上升型,3,5,5,4,9
2fa875487acb77,涨幅微弱型,5,2,7,2,1
2fb6a42d87fadd,稳定缓升型,2,1,6,1,9
2fccbc017c5a61,后期加速上升型,3,5,5,4,8
2fd0bb5ff53f75,涨幅微弱型,1,3,2,7,4
2fdadfab8a36e4,快速稳定型,2,6,1,8,3
2ff1907e5978ba,涨幅微弱型,5,2,7,2,1
2ffa87299aa599,稳定缓升型,2,1,6,1,6
301dbc64663ccc,渐进上升型,4,1,6,1,9
3039c7f5d1bba2,后期加速上升型,4,1,3,6,5
303c86f669aa8d,后期加速上升型,2,6,1,8,3
304354494e50ff,后期加速上升型,4,5,5,4,8
304e31ef0b6cf6,涨幅微弱型,5,2,7,2,1
306e19b58ef900,后期加速上升型,4,5,5,4,8
307439eb46edaa,降压主导型,1,3,2,7,4
307a2ad7cb4f3d,渐进上升型,4,1,3,6,5
3084a372866127,后期加速上升型,3,5,5,3,9
3087ce5b3a03f0,涨幅微弱型,5,2,7,2,1
30a6cd74002b9c,后期加速上升型,3,5,5,4,9
30c8cae0d8d947,涨幅微弱型,5,2,7,2,1
30f7504b607240,涨幅微弱型,5,2,7,2,1
31109b441ae974,渐进上升型,4,1,3,6,5
3134511acd1355,涨幅微弱型,5,2,7,2,1
313bcc73ae07e3,降压主导型,1,3,2,7,4
31414469e3290a,稳定缓升型,3,4,4,3,9
315719fb1afa3a,涨幅微弱型,1,3,2,7,4
317bb1bd34ddab,先降后升型,3,4,4,5,7
3196989e5fc0db,后期加速上升型,3,4,4,5,7
31992bb5212732,后期加速上升型,3,4,4,3,9
31cafddc6c76c5,渐进上升型,4,1,6,1,6
31cb5c3ef400e9,稳定缓升型,2,6,6,1,6
31dddced0c4992,稳定缓升型,2,6,1,8,3
31f5594cea6b6b,涨幅微弱型,5,2,7,2,1
31fd95d49e6fa4,涨幅微弱型,5,2,7,2,1
32005902d30853,冲高回落型,2,1,6,1,6
320eb3145e2856,后期加速上升型,2,6,1,8,3
3216d10ede359c,涨幅微弱型,5,2,7,2,1
3251d8f5a9765e,涨幅微弱型,1,3,2,7,4
326966502c8184,后期加速上升型,4,5,5,4,8
328191ae892bbd,降压主导型,1,3,2,7,4
328b01bed37cea,后期加速上升型,3,4,4,5,7
32a40a728546c5,快速稳定型,2,6,6,1,6
32a535815baf5a,渐进上升型,4,1,6,1,6
32ab562d7bc224,后期加速上升型,3,4,4,5,7
32c6847c913d28,降压主导型,1,3,2,7,4
32d3ccc3b7473b,降压主导型,1,3,2,7,4
32d692fff9b47d,稳定缓升型,2,6,1,8,3
330e4d1fb7f9b0,稳定缓升型,3,4,4,3,9
3332f98ca27cf4,涨幅微弱型,5,2,7,2,1
3333868133f742,涨幅微弱型,5,2,7,2,1
333c369ad02ddb,降压主导型,1,3,2,7,4
334816ca95a240,涨幅微弱型,3,4,4,5,2
334b333cede204,后期加速上升型,3,5,5,4,9
33772d4b4dec7d,降压主导型,1,3,2,7,4
338003a0efb054,稳定缓升型,2,1,6,1,6
3387a25bf398fb,快速稳定型,2,6,1,8,3
33cbfa73aab135,稳定缓升型,3,4,4,3,9
33ccfcbccded0b,渐进上升型,4,1,3,6,5
33f18f83bc6b03,稳定缓升型,5,4,4,5,2
3432d5e826086f,后期加速上升型,2,6,1,8,3
34368fd7f03a49,稳定缓升型,3,4,4,5,2
34466b5a5677d2,涨幅微弱型,5,2,7,2,1
3448a58788d554,稳定缓升型,2,1,6,1,6
345297a63aae53,涨幅微弱型,5,2,7,2,1
345e5c9bef3db5,稳定缓升型,3,1,6,3,9
3461245a6c4bad,冲高回落型,2,6,6,1,6
34852d4aa223b4,涨幅微弱型,5,2,7,2,1
3489eeaa3ac558,渐进上升型,4,1,3,6,5
34a213582ab672,渐进上升型,3,4,4,3,9
34c00e3297b31e,渐进上升型,4,1,6,1,9
34c4fa2cd34d23,后期加速上升型,3,4,4,3,9
34cfe03c8b1af4,涨幅微弱型,5,2,7,2,1
34d3c5d0130a83,渐进上升型,3,4,4,3,2
34e45e1aa83b48,涨幅微弱型,1,3,2,7,4
34ef30eacb9f7c,涨幅微弱型,5,2,7,2,1
34fe8a559bb221,涨幅微弱型,1,3,2,7,4
35147c7e8efac0,后期加速上升型,3,5,5,4,9
354576fb2c9383,后期加速上升型,3,4,4,3,9
3547163fb41b3f,复杂波动或待判型,2,6,1,8,3
3547db0223e168,涨幅微弱型,5,2,7,2,1
355195f51ed14c,涨幅微弱型,5,2,7,2,1
3571be42766879,稳定缓升型,4,5,6,3,9
35781634743c6e,降压主导型,1,3,2,7,4
35ad885ffa8f52,稳定缓升型,4,1,6,1,6
35d0fa91c5ecf9,降压主导型,1,3,2,7,4
35ef4f554f4c2a,涨幅微弱型,5,2,7,5,7
35f5122a23322d,先降后升型,5,2,7,5,7
36062e8d085b3d,涨幅微弱型,5,2,7,2,1
36276dc927c6e1,复杂波动或待判型,3,4,4,5,2
3634f8de1ab85c,后期加速上升型,4,5,5,4,8
36366860bbacdb,降压主导型,1,3,2,7,4
3643cf7d78a7b6,稳定缓升型,2,6,6,1,6
3643f93ca5b24c,先降后升型,3,4,4,5,7
36525a655fb92c,后期加速上升型,3,4,4,5,7
3655696090d350,涨幅微弱型,5,2,7,2,1
367e9f180ec69a,涨幅微弱型,5,2,7,2,1
368512d2ec5854,涨幅微弱型,1,3,2,7,4
369c145d6e4209,冲高回落型,1,3,2,7,2
36d3979007f01a,稳定缓升型,2,6,6,1,6
36d55f755b0bb3,涨幅微弱型,1,3,2,7,4
36eb8e400103b1,降压主导型,1,3,2,7,4
36f6287eaa4813,稳定缓升型,2,6,1,8,3
370a2437c226b1,涨幅微弱型,5,2,7,2,1
3723616cca9449,渐进上升型,4,1,6,1,6
3727a7dfde75ab,渐进上升型,4,1,3,6,5
37485de2cdaa5d,渐进上升型,4,1,3,6,5
3766de9c454d31,涨幅微弱型,5,2,7,2,1
376aff7c3f1864,渐进上升型,3,4,4,3,9
376b2f33776044,后期加速上升型,4,5,5,4,8
378d4da8a29692,稳定缓升型,4,1,6,1,9
3790e075859faa,涨幅微弱型,5,2,7,2,2
379b4a60562602,涨幅微弱型,1,3,2,7,4
37df52d96fa2d6,涨幅微弱型,5,2,7,2,1
37df8b844430bb,涨幅微弱型,1,3,2,7,4
37e8e43eb8d1b3,降压主导型,1,3,2,7,4
37efa2f701c0c4,后期加速上升型,3,4,4,5,7
37feb22c34f013,涨幅微弱型,1,3,2,7,4
381004f88d0840,涨幅微弱型,1,3,2,7,4
383caff6a8103a,复杂波动或待判型,3,4,4,5,7
3861c707c87620,后期加速上升型,3,4,4,5,7
3865210cd19dad,后期加速上升型,3,4,4,5,7
386719f4ad0628,涨幅微弱型,5,2,7,2,1
38734833a5302a,涨幅微弱型,5,2,7,2,1
38ad4d2824440f,降压主导型,1,3,2,7,4
38b001527c47aa,渐进上升型,4,1,6,1,6
38ccd050f26afb,涨幅微弱型,5,2,7,2,1
38d9212455fa69,涨幅微弱型,5,2,7,2,1
39107df6e4db8c,涨幅微弱型,5,2,7,2,1
3932a075d5be51,后期加速上升型,3,4,4,5,7
393b351440627c,后期加速上升型,3,5,5,4,8
394eccc7d0bc49,涨幅微弱型,5,2,7,2,1
3957398b6f0551,后期加速上升型,3,4,4,5,7
3958c00a53f7a0,稳定缓升型,4,1,6,1,6
39760b896ec8c7,涨幅微弱型,5,2,7,2,1
397d42dcdd100b,后期加速上升型,3,4,4,5,7
398db991466ef4,渐进上升型,4,1,3,6,5
39bdb0bf67004f,降压主导型,1,3,2,7,4
39c6f4cf109f55,后期加速上升型,3,5,5,5,7
39da2daccfe400,后期加速上升型,3,5,5,4,8
39e8aae61ee6d9,涨幅微弱型,5,2,7,2,1
39fe9fa7599220,涨幅微弱型,5,2,7,2,2
39ff1920c4ed3c,涨幅微弱型,5,2,7,2,1
3a25803391681e,涨幅微弱型,5,2,7,2,1
3a2f396959e72f,稳定缓升型,3,5,5,3,9
3a51488c24abde,快速稳定型,2,6,1,8,3
3a5f8f19ea399f,降压主导型,1,3,2,7,4
3a68f96fbfc864,复杂波动或待判型,1,3,2,7,4
3aa43d2f98776c,冲高回落型,1,3,2,7,2
3aa6d77e508697,渐进上升型,4,1,3,6,5
3ab9a7416dc187,复杂波动或待判型,3,4,4,3,2
3abcf3767d6a78,冲高回落型,3,4,6,3,2
3ac4ffb8a75a7c,后期加速上升型,3,4,4,5,7
3acaea1e80e7bf,快速稳定型,2,6,1,8,3
3adcae36af1955,先降后升型,3,4,4,5,7
3ae99e5c7bb419,降压主导型,1,3,2,7,4
3b0e5e1a21a443,涨幅微弱型,5,2,7,2,1
3b178ac817d6f1,快速稳定型,2,6,1,8,3
3b18df97cfbc77,渐进上升型,4,1,3,6,5
3b1e8a86bb8a60,降压主导型,1,3,2,7,4
3b3d7ad126d45e,稳定缓升型,2,6,6,1,6
3b424fecc72b4e,复杂波动或待判型,5,4,4,5,2
3b4e8d305da8a3,快速稳定型,2,6,6,3,9
3b5039c9797bcf,涨幅微弱型,5,2,7,2,1
3b516ecffebbb8,复杂波动或待判型,2,6,1,8,3
3b6e4647481522,后期加速上升型,4,5,5,4,8
3ba56a9b75e7cc,渐进上升型,4,1,3,6,5
3bdce133f83913,渐进上升型,4,1,3,6,5
3bee2037a116d0,后期加速上升型,4,5,5,4,8
3c524d22353020,后期加速上升型,5,4,4,5,7
3c7f5bad275db1,涨幅微弱型,1,3,2,7,4
3c856183ce410b,后期加速上升型,3,4,4,5,7
3cbb7f8c4970c1,复杂波动或待判型,2,6,1,8,3
3cc201da65a9c7,后期加速上升型,5,2,7,5,7
3cc652bcf5c4af,后期加速上升型,3,4,4,5,7
3cefaf4873f89e,冲高回落型,1,3,2,7,2
3d0b2e52e7b954,冲高回落型,2,6,6,1,6
3d0c11cbf54c37,先降后升型,3,4,4,5,7
3d33db1ab61050,稳定缓升型,3,4,4,3,9
3d3a8a325ab09a,涨幅微弱型,5,4,4,5,2
3d491a7248842a,涨幅微弱型,5,2,7,2,2
3d87616650f5ff,后期加速上升型,4,5,5,4,8
3d89f75850d4c6,稳定缓升型,4,1,6,3,9
3d8a43f8864b02,渐进上升型,4,1,6,3,9
3d928b1536eda0,稳定缓升型,3,4,4,3,2
3daea777d1d5ee,涨幅微弱型,5,2,7,2,1
3db2beeed2d287,后期加速上升型,3,4,4,3,9
3e1fb34aa91a4e,稳定缓升型,2,6,6,1,6
3e29f2fc09b0a7,稳定缓升型,3,4,4,3,9
3e5c70f85fa081,涨幅微弱型,5,2,7,2,1
3e6b1aab5291f8,快速稳定型,5,2,7,2,2
3e8b04d83f6c19,后期加速上升型,3,4,4,3,9
3e93fc4eebd6ee,复杂波动或待判型,5,4,4,3,2
3eb41ba1a46128,涨幅微弱型,5,2,7,2,1
3eb85a30eaa507,涨幅微弱型,5,2,7,2,1
3ebb362c161a5a,涨幅微弱型,5,2,7,2,1
3f193f9fd04070,降压主导型,1,3,2,7,4
3f1a8984219799,先降后升型,3,4,4,5,7
3f3a91e8d82ef8,涨幅微弱型,5,2,7,2,2
3f46d384a23340,稳定缓升型,4,1,3,1,6
3f58f5e1f0185a,降压主导型,1,3,2,7,4
3f730dd8f7cc17,渐进上升型,4,1,6,1,6
3fea614fceb3f6,快速稳定型,2,6,6,1,6
3feab41693bf09,稳定缓升型,4,5,5,4,8
3ff8edcd4fe764,稳定缓升型,2,6,6,1,6
40085c484995d4,后期加速上升型,4,5,5,4,8
40097c2fc7a30e,冲高回落型,1,3,2,7,4
40306b69ad92a0,稳定缓升型,4,1,3,6,5
403100c565e2d5,复杂波动或待判型,2,6,1,8,3
4038e0c81ed159,后期加速上升型,3,4,4,5,7
40571daf7514c8,涨幅微弱型,1,3,2,7,4
4065ac9744f0f2,渐进上升型,3,4,4,5,7
4066f4fa56bb78,后期加速上升型,3,4,4,3,9
406d09ac022641,渐进上升型,3,4,6,3,9
407e233ec9ab7a,渐进上升型,4,1,6,1,6
40950e2c560337,涨幅微弱型,1,3,2,7,4
40987312f782b2,后期加速上升型,3,4,4,5,7
40a6ad54b533a0,涨幅微弱型,5,2,7,2,1
40c96d8fa1a4f0,后期加速上升型,3,4,4,5,7
40ce93577695eb,降压主导型,1,3,2,7,4
40edf094e9afae,渐进上升型,4,1,6,3,9
412b3dd53d5a5e,快速稳定型,2,6,1,8,3
4133e5ffc20b3c,稳定缓升型,2,1,6,1,6
415b90b7f7dde0,降压主导型,1,3,2,7,4
415ef1d4af0117,涨幅微弱型,5,2,7,2,1
4167d471bb9ece,涨幅微弱型,5,2,7,2,1
41774b2542263e,后期加速上升型,4,5,5,4,8
4192501b6a7f1b,涨幅微弱型,5,2,7,2,1
41997f2cb0f44d,后期加速上升型,3,4,4,5,7
41aa346b9a1c50,涨幅微弱型,3,4,4,5,2
41dacfc12b3b34,快速稳定型,5,2,7,2,2
41f13828806f3c,渐进上升型,4,1,3,3,9
4203ec0a8ef59e,先降后升型,3,4,4,5,7
420d63789cadff,涨幅微弱型,5,2,7,2,1
42149c422846bd,降压主导型,1,3,2,7,4
424214c7f7d605,涨幅微弱型,5,2,7,2,1
424701276b77e4,冲高回落型,2,6,1,8,3
425ccf061b0b82,渐进上升型,3,4,4,5,7
4274db635d3067,涨幅微弱型,1,3,2,7,4
427c6d882be0d4,后期加速上升型,3,4,4,5,7
42840c4d4accc2,快速稳定型,2,6,6,1,6
4287f18cd3936d,涨幅微弱型,5,2,7,2,1
42ed9937c45a84,涨幅微弱型,5,4,4,5,2
43313c5d383c1d,稳定缓升型,2,6,1,8,3
4350fa8ebd8b21,后期加速上升型,4,5,5,4,8
43694d136d750f,后期加速上升型,4,1,3,6,5
436d9ccf950cf7,后期加速上升型,3,4,4,5,7
437ce3818c71b2,稳定缓升型,2,6,1,8,3
4399c5bac367ec,稳定缓升型,2,6,1,8,3
43a188055ebaa4,渐进上升型,4,1,3,6,5
43b3812d10b5d9,渐进上升型,5,2,7,2,2
43be489b98a6d5,涨幅微弱型,5,2,7,2,1
43d1aabd0cfd37,快速稳定型,3,4,4,3,2
43ebbbadd2f73b,先降后升型,3,4,4,5,7
4419c63964c15c,快速稳定型,2,6,6,1,6
444c2d53436059,涨幅微弱型,5,2,7,2,1
444d5d1259bca2,稳定缓升型,4,1,6,3,9
4455da6ac8f069,涨幅微弱型,5,2,7,2,1
44708cb31b52ff,稳定缓升型,2,6,6,1,6
44754145b644f6,涨幅微弱型,5,2,7,2,1
448645fa04a2e3,后期加速上升型,3,4,4,5,7
44b8e1a1b0f03e,稳定缓升型,2,6,6,1,6
44beaf82320181,涨幅微弱型,5,2,7,2,2
44c57297836ba5,涨幅微弱型,1,3,2,7,4
44cb8328e65581,渐进上升型,3,4,4,3,2
44db62b5714126,降压主导型,1,3,2,7,4
44fa59338dda84,涨幅微弱型,5,2,7,2,1
4504c38be125f3,后期加速上升型,2,6,1,8,3
4523def2616b83,渐进上升型,4,1,3,6,5
453b4b3c1da95f,涨幅微弱型,1,3,2,7,4
453df0d91b6456,后期加速上升型,3,5,5,4,7
453f399df82ddc,复杂波动或待判型,2,6,1,8,3
45515238b8292a,稳定缓升型,2,6,6,1,6
456d3cd79dfaa0,涨幅微弱型,5,2,7,2,1
4584963975611d,稳定缓升型,2,6,6,1,6
458b97da85e8c5,稳定缓升型,3,4,6,3,9
458cba35d01815,稳定缓升型,2,1,6,1,6
4599832292995c,涨幅微弱型,3,4,4,5,2
45a0d21604d5df,稳定缓升型,3,4,4,3,9
45caa9f963a664,先降后升型,5,2,4,5,7
45d1e787889bdd,涨幅微弱型,5,2,7,5,2
45d8ee941388f7,渐进上升型,3,1,6,3,9
45dd2de67edce5,涨幅微弱型,5,2,7,2,1
45f5077701b03a,快速稳定型,2,6,6,1,6
45fb20fcb8887c,稳定缓升型,2,6,1,8,3
4600a49e6fc6db,涨幅微弱型,5,2,7,2,1
4603885dd27596,降压主导型,1,3,2,7,4
461605d379cd23,先降后升型,3,4,4,3,9
4631b145530760,后期加速上升型,3,5,5,4,8
4650ab430399fe,降压主导型,1,3,2,7,4
466a7e6ba86a5d,涨幅微弱型,5,2,7,2,1
466aba89b68ff4,冲高回落型,5,2,7,2,1
46a656398e8198,降压主导型,1,3,2,7,4
46a8b9726e00b2,涨幅微弱型,5,2,7,2,1
46b08860fa7b4e,降压主导型,1,3,2,7,4
46c6293b5c6d82,后期加速上升型,3,4,4,5,7
46d68350c5b0d6,涨幅微弱型,5,2,7,2,1
46f9c5c6b10789,快速稳定型,2,6,1,8,3
46fc4c1f905276,涨幅微弱型,1,3,2,7,4
471b6a4ada2923,降压主导型,1,3,2,7,4
47278024ed081f,稳定缓升型,4,1,6,3,9
472b9c36d68c62,涨幅微弱型,5,2,7,2,1
472fa4f7c7e35a,后期加速上升型,3,4,4,5,7
4739e684861ce2,渐进上升型,4,1,6,3,9
4762ff6c68f76c,冲高回落型,1,3,2,7,4
4779a893fed0ed,涨幅微弱型,1,3,2,7,4
477e0c311a5d26,渐进上升型,4,1,3,6,5
478b02f4d0ef8a,涨幅微弱型,5,2,7,2,1
47bf973a93e986,后期加速上升型,3,5,5,4,8
47cd4741a3b375,渐进上升型,4,1,6,1,6
47de5060f86379,涨幅微弱型,5,2,7,2,1
47e88900427264,涨幅微弱型,5,2,7,2,1
47fab25f488178,涨幅微弱型,5,2,7,2,1
4806e8f85ae9da,后期加速上升型,3,5,5,3,9
480b6b035df8b5,降压主导型,1,3,2,7,4
48122bc79bc841,复杂波动或待判型,2,6,1,8,3
481abd45fbb6e9,后期加速上升型,3,4,4,5,7
4826f867967b99,后期加速上升型,3,4,4,5,7
4829766de59363,渐进上升型,4,1,3,6,5
482bfc279a7cce,后期加速上升型,3,4,4,5,7
487524a08a9709,涨幅微弱型,5,2,7,2,1
48787d3e379b35,后期加速上升型,2,6,1,8,3
4882a814449645,快速稳定型,2,6,6,1,6
48a6c3981a6853,后期加速上升型,3,4,4,5,7
48ec4487eabd44,涨幅微弱型,5,2,7,2,2
48fb18f7deb1a5,稳定缓升型,4,1,3,6,5
490ba78f484bd8,后期加速上升型,3,5,5,5,7
49111a216d79c2,渐进上升型,4,1,6,1,6
49296c1bccb738,后期加速上升型,3,5,5,5,7
492bd946a159b1,涨幅微弱型,1,3,2,7,4
493165f436e777,后期加速上升型,5,2,7,5,7
4933bfcd27e8d9,涨幅微弱型,5,2,7,2,1
493ae76710867e,降压主导型,1,3,2,7,4
494784e6d3e0b7,涨幅微弱型,5,2,7,2,1
4978fa9c55f6b9,降压主导型,1,3,2,7,4
49826c0c1be83f,涨幅微弱型,5,2,7,2,1
49cb30f7213982,渐进上升型,4,1,3,3,9
49e27c1230a828,涨幅微弱型,5,2,7,2,1
49f44136800860,降压主导型,1,3,2,7,4
49f6dbf680372a,快速稳定型,3,4,4,3,2
4a45b854e90155,降压主导型,1,3,2,7,4
4a46ec6115d48e,涨幅微弱型,5,2,7,2,1
4a57e38b2be911,渐进上升型,4,1,3,6,5
4a620aa02416fa,渐进上升型,4,1,3,6,5
4a628621f690dc,涨幅微弱型,1,3,2,7,4
4a88cb1457025e,渐进上升型,3,4,4,3,9
4ab3b22f1fce58,后期加速上升型,3,5,5,4,9
4ac9c72b3446ed,后期加速上升型,4,5,5,4,8
4add6127a73f9f,降压主导型,1,3,2,7,4
4ae367e596b0a6,先降后升型,2,6,5,4,9
4ae4fb614dc242,降压主导型,1,3,2,7,4
4ae982342c42a0,后期加速上升型,3,5,5,4,7
4aef725b676b4d,涨幅微弱型,5,2,7,2,1
4af7e143ab0055,稳定缓升型,2,6,1,8,3
4b12b84f1d7be3,涨幅微弱型,5,2,7,2,1
4b45586405f03c,降压主导型,1,3,2,7,4
4b4e091a606301,后期加速上升型,3,5,5,4,9
4b8fcd45d21991,涨幅微弱型,5,2,7,2,1
4bb0a1760e5611,后期加速上升型,3,4,4,3,9
4bc04bade68f4f,稳定缓升型,2,6,1,8,3
4bcc85fd501732,涨幅微弱型,5,2,7,2,1
4bd702071e8892,涨幅微弱型,5,2,7,2,1
4bdf87159a63cb,涨幅微弱型,5,2,7,2,1
4c256282b2a506,稳定缓升型,2,1,6,1,6
4c286394433479,涨幅微弱型,5,2,7,2,1
4c3a8ffba737d0,渐进上升型,3,4,4,3,9
4c42f0fcc6f7a0,快速稳定型,2,1,6,1,6
4c4e8a3e79088a,后期加速上升型,4,1,3,6,5
4c64939859d8ca,先降后升型,5,2,7,5,7
4c85b715e20c68,后期加速上升型,3,4,4,3,9
4ca4c15d9c8953,后期加速上升型,3,4,4,3,9
4ca6da4047a6dd,快速稳定型,3,4,4,3,2
4ccf5aa55da573,先降后升型,5,4,4,5,7
4ce61856ead5b8,后期加速上升型,3,5,5,4,8
4cf7738d4e7e48,后期加速上升型,3,4,4,3,9
4d0d557cd091ec,后期加速上升型,3,4,4,5,7
4d174876f451a8,稳定缓升型,2,6,1,8,3
4d2e4767b64058,降压主导型,1,3,2,7,4
4d33eb2a515346,涨幅微弱型,5,2,7,2,1
4d4ae941028765,渐进上升型,4,1,3,6,5
4d653ab4772b0c,后期加速上升型,3,4,4,5,7
4d6996f6fad3ae,涨幅微弱型,5,2,7,2,1
4d77592e255fef,先降后升型,3,4,4,5,7
4d9db36dfc0f87,涨幅微弱型,5,2,7,5,7
4da951fdd6b297,快速稳定型,2,6,6,1,6
4db002daf878d4,稳定缓升型,4,1,3,6,5
4dc6a2af9503a8,后期加速上升型,3,4,4,3,9
4dc7aa0e9900fa,涨幅微弱型,5,2,7,2,1
4e00a5452ea1bd,快速稳定型,2,6,6,1,6
4e03ec4247522f,渐进上升型,3,4,6,3,9
4e0729e2f2848b,稳定缓升型,2,1,6,1,6
4e28d0f19bf47b,涨幅微弱型,5,2,7,2,2
4e2d6b07ce4673,降压主导型,1,3,2,7,4
4e31fb8f5db60d,涨幅微弱型,5,2,7,2,2
4e399f812c7649,快速稳定型,2,6,1,8,3
4e3ef8d9132c4a,先降后升型,5,2,7,5,7
4e42ed3eb29717,涨幅微弱型,5,2,7,5,7
4e4c46304ee3a4,涨幅微弱型,1,3,2,7,4
4e5b2c24cfda01,快速稳定型,3,4,4,3,2
4e69c0a87e6b17,涨幅微弱型,5,2,7,2,1
4ea274c3b8dfe2,降压主导型,1,3,2,7,4
4eaec4c491a7f9,涨幅微弱型,5,2,7,2,1
4eb5eeb6fbabf8,后期加速上升型,3,4,4,5,7
4ed0c2fb5c6a15,复杂波动或待判型,2,6,1,8,3
4ee09bf021be22,降压主导型,1,3,2,7,4
4ee3ba262c361d,后期加速上升型,4,5,5,4,8
4f03a971ee9611,渐进上升型,4,1,6,1,6
4f25e315ee9927,冲高回落型,1,3,2,7,4
4f2b16758e2b6d,降压主导型,1,3,2,7,4
4f38a76424e4dd,渐进上升型,3,4,4,3,9
4f3db73ea6af05,涨幅微弱型,5,2,7,2,1
4f3ec435fe0e22,涨幅微弱型,5,2,7,2,1
4f5a61c9c64927,后期加速上升型,4,5,5,4,8
4f5d5a4d06a674,后期加速上升型,3,5,5,4,8
4f6c0355a9f1cd,后期加速上升型,4,1,3,6,5
4fe8da9e08ad85,后期加速上升型,3,5,5,4,8
4ffc44f1c5661f,后期加速上升型,2,6,6,1,6
501f214dcb8984,涨幅微弱型,1,3,2,7,4
5025e28cc550e0,稳定缓升型,4,1,3,6,5
5029f762ff2367,复杂波动或待判型,5,2,7,5,7
50420278ae7472,后期加速上升型,3,4,4,5,7
504c43ef80725d,降压主导型,1,3,2,7,4
50500ad58f8118,稳定缓升型,4,1,6,1,9
50630fca270754,渐进上升型,4,1,6,3,9
507731e2b8632f,后期加速上升型,3,4,4,5,7
507b6e97b30f9d,后期加速上升型,3,4,4,3,9
50c44f0dc217b7,涨幅微弱型,5,2,7,2,1
50f0f5eaee31bf,涨幅微弱型,5,2,7,2,1
5107e63b933958,涨幅微弱型,5,2,7,2,1
510babe55781f4,后期加速上升型,3,4,4,5,7
5117fdf5e3bc89,渐进上升型,3,4,4,3,9
511bab1f318293,后期加速上升型,3,5,5,3,9
5136970d12e8d3,降压主导型,1,3,2,7,4
5138d2a66cd18a,渐进上升型,3,4,4,5,7
513faab44f3335,后期加速上升型,3,4,4,5,7
514a39087f897a,稳定缓升型,2,6,6,1,6
5179a57eb0bd01,涨幅微弱型,1,3,2,7,4
5186a090a78d17,快速稳定型,2,6,1,8,3
5186b2f7e14163,降压主导型,1,3,2,7,4
521abc1ea74834,复杂波动或待判型,3,4,4,5,7
521f045e719130,涨幅微弱型,1,3,2,7,4
52291f7f657b3b,后期加速上升型,3,4,4,3,9
5233a755278ab9,涨幅微弱型,1,3,2,7,4
5237c4a67882e5,后期加速上升型,3,4,4,3,9
523b13fe7ee8c8,涨幅微弱型,5,2,7,2,2
526bef71ea11f8,涨幅微弱型,1,2,7,2,1
526c1032d4eae0,后期加速上升型,3,4,4,3,9
52730f2760943f,稳定缓升型,3,4,4,3,2
5280e76d495a8a,渐进上升型,4,1,4,3,9
5288ef95efe2f2,稳定缓升型,2,6,6,1,6
5297b89fde6593,稳定缓升型,3,4,6,3,9
52b72c84321208,涨幅微弱型,5,2,7,2,1
52bd155da5c5d5,冲高回落型,1,3,2,7,4
52cd60e282b5f9,复杂波动或待判型,3,5,5,4,8
52d0501d00cc6c,降压主导型,1,3,2,7,4
52d628e57d97e6,后期加速上升型,3,4,4,3,9
53070d79d65293,涨幅微弱型,5,2,7,2,1
532195dd50f43f,后期加速上升型,4,5,5,4,8
532383fa35d96e,复杂波动或待判型,2,6,1,8,3
5324ba895b8ca9,渐进上升型,4,1,3,6,5
53367061875f64,稳定缓升型,3,4,6,3,9
535765d2362a98,涨幅微弱型,1,3,2,5,4
535f5f691298fb,后期加速上升型,3,4,4,3,7
536fb191d11f16,涨幅微弱型,1,3,2,7,4
5382fc1d885834,稳定缓升型,3,4,4,3,9
5397717ab3d2c2,涨幅微弱型,5,2,7,2,1
53af162a9a9cfc,涨幅微弱型,1,3,2,7,4
53c362c2aed82b,快速稳定型,2,6,1,8,3
53cabdcb28fc35,涨幅微弱型,5,2,7,2,1
53d7b859bd1c54,快速稳定型,2,6,6,1,6
53d92a879442b1,稳定缓升型,3,4,4,3,9
53e53d35a44f6c,后期加速上升型,3,5,5,4,8
53ee85c51c5b56,后期加速上升型,4,5,5,4,8
540e1f279b8f2b,快速稳定型,2,6,6,1,6
54119cc15e42f6,涨幅微弱型,1,3,2,7,4
541e48459d92cc,降压主导型,1,3,2,7,4
54242ceaeb9fc4,后期加速上升型,3,4,4,3,9
544203d005fa70,后期加速上升型,3,4,4,5,7
5480262b44f05c,快速稳定型,2,1,6,1,6
549c6be6aec473,涨幅微弱型,5,4,4,5,2
549fca221baa2f,渐进上升型,4,1,3,6,5
54a8282a817ee8,渐进上升型,4,1,3,6,5
54b335d2671ba9,后期加速上升型,3,4,4,3,9
54d6fa25c6f7fa,快速稳定型,2,4,6,3,9
54dc6a40f31e5f,渐进上升型,4,1,6,1,6
54ddaf80d3ce6e,降压主导型,1,3,2,7,4
54e487e3b65732,稳定缓升型,3,4,4,5,2
54f28adc857e74,涨幅微弱型,5,2,7,2,1
550383dbf7542c,先降后升型,3,4,4,5,7
55153e5edc0850,复杂波动或待判型,5,2,7,5,2
5519ffda317263,快速稳定型,3,4,4,3,2
552964b41bc074,稳定缓升型,2,6,1,8,3
554224b818ac55,降压主导型,1,3,2,7,4
5542d630de983e,涨幅微弱型,5,2,7,2,1
55bd125d5fad0d,涨幅微弱型,1,3,2,7,4
55c2d4c35fdc9f,涨幅微弱型,5,2,7,2,1
55e95e18f35411,涨幅微弱型,3,4,4,5,2
55fb3034af9451,涨幅微弱型,5,2,7,2,1
5629b64199b802,渐进上升型,4,1,3,6,5
56335945b7f145,涨幅微弱型,1,3,2,7,4
563e85dbb949af,降压主导型,1,3,2,7,4
5644581abef8b1,后期加速上升型,3,4,4,5,7
566cce6c68ae84,稳定缓升型,2,6,6,1,6
5674996bf78583,后期加速上升型,4,5,5,4,8
5681aba7f89cba,冲高回落型,3,4,4,3,2
569f9e82478254,涨幅微弱型,5,2,7,2,1
56bad8b5d3d079,快速稳定型,2,6,6,1,6
56f1169634cfa1,后期加速上升型,3,4,4,3,9
57015c199b23cc,渐进上升型,3,4,4,3,9
570b9cae0f2674,涨幅微弱型,5,2,7,2,1
57200a7675c679,降压主导型,1,3,2,7,4
572f1d874aacdc,稳定缓升型,3,4,4,3,7
573526a2da4f61,涨幅微弱型,5,2,7,2,1
5737eae6460827,涨幅微弱型,5,2,7,2,1
573c0206271be4,后期加速上升型,3,4,5,3,9
5741a27e7e7aca,涨幅微弱型,5,2,7,2,1
5741ed4c997617,降压主导型,1,3,2,7,4
5746a8de8afd53,稳定缓升型,3,4,6,3,9
574b3e4de1053f,降压主导型,1,3,2,7,4
57acffc9ca2e5e,后期加速上升型,3,5,5,4,8
57b5e7cbf64309,涨幅微弱型,5,2,7,2,1
57bb4494167ce2,稳定缓升型,4,1,6,1,9
57d377a15624e5,涨幅微弱型,1,3,7,7,4
57e2d4f2126974,后期加速上升型,5,2,7,2,1
5803b5ca4dfad0,稳定缓升型,3,5,5,3,9
58304179c90daa,先降后升型,3,5,5,4,8
584e01c7ec7c95,后期加速上升型,3,4,4,5,7
5859b0273340a3,渐进上升型,4,1,3,6,5
589202bdf33474,先降后升型,3,4,4,5,7
58ad96ce5d2d11,渐进上升型,3,4,4,5,7
58b9e0cf898520,降压主导型,1,3,2,7,4
58bb8a73c81c46,后期加速上升型,4,5,5,4,8
58eb45901eb75e,降压主导型,1,3,2,7,4
58fcf74c15961c,降压主导型,1,3,2,7,4
590ab4cd0b2253,稳定缓升型,5,4,4,5,2
591047a5d752a4,涨幅微弱型,5,2,7,2,1
59392c772f7896,后期加速上升型,3,5,5,4,8
593b737ef55637,渐进上升型,3,4,4,3,7
596d396715e818,涨幅微弱型,5,2,7,2,1
596f4a3fb04aad,渐进上升型,3,4,4,3,9
59b474a6132275,渐进上升型,3,4,4,3,9
59b4f834dd4eaf,降压主导型,1,3,2,7,4
59c37bde9fc011,稳定缓升型,2,6,6,1,6
59c841bebc0547,后期加速上升型,3,4,4,5,7
5a30798f89745a,后期加速上升型,3,5,5,4,8
5a55dea21e32ee,涨幅微弱型,5,2,7,2,1
5a5a359f2e009f,稳定缓升型,4,1,6,1,6
5a5cccd0f99886,先降后升型,3,5,5,4,8
5a6f0b4b6ebd96,后期加速上升型,3,4,4,3,9
5a73330c0fec37,降压主导型,1,3,2,7,4
5a907710ca1ce9,涨幅微弱型,5,2,7,2,1
5aa008c63da129,稳定缓升型,4,1,3,1,6
5aae697fdeb250,冲高回落型,5,2,7,2,2
5ab30e12b4cd64,涨幅微弱型,5,2,7,2,1
5ab98cb99a4d50,渐进上升型,4,1,6,3,9
5abedddcf22b46,快速稳定型,2,6,6,1,6
5ac444adb2f53b,降压主导型,1,3,2,7,4
5ad584fc9b8ac1,涨幅微弱型,1,3,2,7,4
5ae4edcd1b1c6b,降压主导型,1,3,2,7,4
5b0e6747e11b12,快速稳定型,2,6,6,1,6
5b1607fd7d2bca,后期加速上升型,3,4,4,3,9
5b439f26afe8c7,渐进上升型,5,2,7,2,1
5b53ec9aff334b,涨幅微弱型,5,2,7,2,2
5b7fd0b881d62e,降压主导型,1,3,2,7,4
5b918aecbdee40,渐进上升型,4,1,3,6,5
5bace6a15d2ed6,渐进上升型,4,1,3,6,5
5bb66f54b13232,渐进上升型,4,1,3,6,5
5bc207c5338372,涨幅微弱型,5,2,7,2,1
5bc49ddbb7db9b,稳定缓升型,2,6,1,8,3
5bcf44551abac8,快速稳定型,2,6,1,8,3
5bd2119f8b0946,后期加速上升型,3,4,4,3,9
5bdece58abce55,涨幅微弱型,5,2,7,2,1
5bff8e7260fc38,降压主导型,1,3,2,7,4
5c1566f6a78909,稳定缓升型,2,6,6,1,6
5c214b146dc182,稳定缓升型,4,1,6,1,6
5c32123d6d0b20,涨幅微弱型,1,3,2,7,4
5c33a9ff1f5560,先降后升型,3,4,4,5,7
5c3f2267bd51ef,后期加速上升型,3,4,4,3,9
5c678b70de88af,渐进上升型,4,1,3,6,5
5c72738601eb5b,后期加速上升型,3,4,4,5,7
5c7ae57ff745b1,涨幅微弱型,5,2,7,5,7
5cb35af8100ac3,涨幅微弱型,1,3,2,7,4
5cb7d1e9764293,涨幅微弱型,1,3,2,7,4
5cbe3001e14379,稳定缓升型,2,6,6,1,6
5cbe46467d9a95,稳定缓升型,2,6,1,8,3
5cdd15b4c285e0,降压主导型,1,3,2,7,4
5cf779600632e3,涨幅微弱型,5,2,7,2,1
5cf8bb46bf10eb,降压主导型,1,3,2,7,4
5d050f4444f829,渐进上升型,4,1,3,6,5
5d05bc64bf788e,稳定缓升型,2,5,5,4,8
5d34adee435d97,涨幅微弱型,5,2,7,2,1
5d3af918868d30,涨幅微弱型,5,2,7,2,1
5d8d95fd46dccb,先降后升型,5,2,7,5,7
5dbc78fc421fa9,涨幅微弱型,1,3,2,7,4
5dc19e3ca55662,先降后升型,3,4,4,5,7
5e313ce34fb953,后期加速上升型,3,4,4,3,9
5e3655f2508e21,稳定缓升型,4,1,6,3,9
5e3e05d1162f86,涨幅微弱型,5,2,7,2,1
5e73f08da57295,后期加速上升型,2,6,1,8,3
5e96923f342b90,涨幅微弱型,5,2,7,2,1
5e9e11f84cf9f7,后期加速上升型,3,5,5,4,9
5ea915350ede20,涨幅微弱型,1,3,2,7,4
5eade7d675392b,稳定缓升型,5,4,4,5,2
5f1107017b3abd,后期加速上升型,3,4,4,5,7
5f2d4c93ac87bb,降压主导型,1,3,2,7,4
5f81b0fca51567,后期加速上升型,4,5,5,4,8
5f89338afc9c77,渐进上升型,4,1,3,6,5
5f94a76b711a75,渐进上升型,3,4,4,3,9
5f97af2977f537,后期加速上升型,3,4,4,5,7
5fa3b4375c0f25,降压主导型,1,3,2,7,4
5fa5bf28e13802,后期加速上升型,3,4,4,3,9
5fb5dd1a6a1343,涨幅微弱型,5,2,7,2,2
5fb9e3a8fa7a60,渐进上升型,4,1,6,1,6
5fcd50776a218e,渐进上升型,4,1,3,6,5
5fd33964698279,涨幅微弱型,5,2,7,2,1
6008c13a0a216a,渐进上升型,4,1,6,1,9
6008f86553aeb1,快速稳定型,2,6,6,1,6
602a2f1478877c,稳定缓升型,3,4,4,3,9
602baf602b3751,快速稳定型,2,6,1,8,3
6035d8f67fe33b,后期加速上升型,3,5,5,4,9
6047d67ba66f54,稳定缓升型,4,1,6,1,6
6048660bb861fb,涨幅微弱型,5,2,7,2,1
605702bd8a086a,稳定缓升型,4,5,5,4,8
60593b9f290ad6,涨幅微弱型,5,2,7,2,1
605b05ffaab649,后期加速上升型,3,5,5,3,9
606acc00f750bd,降压主导型,1,3,2,7,4
606ce7edc41caf,涨幅微弱型,5,2,7,2,1
6086583fa3420a,后期加速上升型,3,5,5,3,9
6086fb3b41a67e,渐进上升型,4,1,3,6,5
608bbfe41bd144,降压主导型,1,3,2,7,4
60982327d3d308,后期加速上升型,4,5,5,4,8
60a3192ca656c2,稳定缓升型,3,4,4,3,9
60e9f5e680f00b,快速稳定型,4,1,6,1,6
614624bfa3a871,涨幅微弱型,5,2,7,2,1
6152a28e99650b,涨幅微弱型,5,2,7,2,1
615632dbe4bb18,涨幅微弱型,5,2,7,2,1
615f0d6b1f344c,渐进上升型,4,1,6,3,9
6168c749309ee7,降压主导型,1,3,2,7,4
6172e11c0027a7,稳定缓升型,2,6,6,1,6
618fe381047920,渐进上升型,4,1,6,1,6
6195e45dc59d9b,涨幅微弱型,1,3,2,7,4
61a6455ed001b9,复杂波动或待判型,1,3,2,7,4
61afce6a272516,涨幅微弱型,5,2,7,2,1
61cf0903543766,涨幅微弱型,5,2,7,2,1
61d3396dae5a7a,稳定缓升型,2,6,6,1,6
61d8e193edd055,涨幅微弱型,5,2,7,2,1
61dc08aa5bbf2d,渐进上升型,4,1,3,6,5
61e3c2032712bc,渐进上升型,4,1,6,1,6
61e6bc54213132,渐进上升型,4,1,3,6,5
620d41ba8d6dba,涨幅微弱型,5,2,7,2,1
621a403335a029,冲高回落型,1,3,2,7,4
6225a03af39077,降压主导型,1,3,2,7,4
622cd899b8cc08,稳定缓升型,2,6,6,1,6
6265d67791cf55,涨幅微弱型,5,2,7,2,1
627be9ef66915b,渐进上升型,4,1,3,6,5
62820a93a45618,涨幅微弱型,1,3,2,7,4
62aec7cda0fcff,涨幅微弱型,5,2,7,2,2
62b5c307cc24ab,先降后升型,3,4,4,5,7
62cc73065ace10,涨幅微弱型,5,2,7,2,1
62d9a2603ea023,稳定缓升型,3,4,4,3,2
62e81652eef613,涨幅微弱型,5,2,7,2,1
62ef683a483f4b,渐进上升型,5,2,4,2,2
62fca9ac341dd7,冲高回落型,5,2,7,2,2
6324987fdab6c1,涨幅微弱型,5,2,7,2,1
632be789914bbf,先降后升型,3,4,4,5,7
632fddc7b9c67f,复杂波动或待判型,1,3,2,7,4
63523acbb9f729,涨幅微弱型,5,2,7,2,1
63711552306909,降压主导型,1,3,2,7,4
638717f6e76092,涨幅微弱型,1,3,2,7,4
639ecfb4a4b2b1,涨幅微弱型,1,3,2,7,4
63a6f30fa346ef,降压主导型,1,3,2,7,4
63bf15eb31bb66,冲高回落型,5,4,4,3,2
63d89047d7c5d0,涨幅微弱型,5,2,7,2,1
63f0a2af78f362,快速稳定型,2,6,1,8,3
6412a771dacf53,先降后升型,4,5,3,6,5
6415f21823c83a,冲高回落型,3,4,4,3,2
643d034c135f0d,涨幅微弱型,1,3,2,7,4
644515f0c3b8a9,稳定缓升型,3,4,4,3,9
6463f1caa91230,复杂波动或待判型,2,6,1,8,3
6465e838960552,降压主导型,1,3,2,7,4
64728573c327c2,渐进上升型,4,1,3,6,5
647ceaa36c6843,降压主导型,1,3,2,7,4
6480cc0b192689,先降后升型,5,4,4,5,7
648f97b26f4edb,快速稳定型,2,6,6,1,6
64a7c27b76a6cb,后期加速上升型,3,4,4,3,9
64b9a53c75d0ca,先降后升型,3,5,5,5,7
64bba4a4336d91,稳定缓升型,2,1,6,1,6
64cd8469f5346a,后期加速上升型,3,4,4,5,7
64e1db0d250945,稳定缓升型,2,6,1,8,3
64f2516e9cdc80,涨幅微弱型,5,2,7,2,1
64f6f1ca395249,稳定缓升型,3,4,4,3,9
652b2e7fceadbc,涨幅微弱型,1,3,2,7,4
652b44e9fa8943,涨幅微弱型,1,3,2,7,4
655ca49c4b3264,涨幅微弱型,5,2,7,5,7
65693b9e44c68a,快速稳定型,5,4,4,2,2
6574d9972c88e0,涨幅微弱型,5,2,7,2,1
6580902c370099,稳定缓升型,3,4,4,3,9
658b07fde4b84c,渐进上升型,5,2,7,2,2
659cd9914c1c4a,涨幅微弱型,5,2,7,2,1
65b7f9eba4a20e,渐进上升型,4,1,3,3,9
65d8280f8466ca,渐进上升型,4,1,3,6,5
65e0678afec26b,涨幅微弱型,1,3,2,7,4
65e1427fc7b33a,后期加速上升型,3,4,4,3,9
65e6d88801700f,渐进上升型,4,1,3,3,9
65f145f272b78a,后期加速上升型,3,5,5,4,8
6611a23aeaa47f,后期加速上升型,3,4,4,3,9
66185bb4779f9d,后期加速上升型,4,5,5,4,8
661febba24749b,渐进上升型,5,2,7,5,7
662011263c3805,涨幅微弱型,5,2,7,2,1
6624f1e57e4d20,稳定缓升型,3,4,4,3,9
664a20f834226f,渐进上升型,4,1,3,6,5
665751b4e6d4dd,涨幅微弱型,5,2,7,2,1
66633209dc073a,稳定缓升型,3,4,4,3,2
66695d42ca1416,渐进上升型,3,4,4,3,7
6686f97688e290,后期加速上升型,4,5,5,4,8
6694cd44484c82,后期加速上升型,3,5,5,4,8
66bc70adc60627,渐进上升型,4,1,3,6,5
66d3c39f5ed8ce,渐进上升型,4,1,3,3,9
66df5914512fd8,涨幅微弱型,1,3,2,7,4
66dfe2db1581db,降压主导型,1,3,2,7,4
670343ddd5d56a,后期加速上升型,4,5,5,4,8
6715e016634ab0,涨幅微弱型,5,2,7,2,1
6729d5340d62c6,涨幅微弱型,5,2,7,2,1
673a440cc42ec1,渐进上升型,4,1,3,6,5
67ad3d91c0efa5,快速稳定型,2,6,6,1,2
67b80e5d2d3d91,冲高回落型,5,2,7,2,2
67bfe939510bcd,涨幅微弱型,1,3,2,7,4
683ae9556aa7a6,涨幅微弱型,5,2,7,5,1
683bf27f35b48b,涨幅微弱型,5,2,7,2,1
684c5659bffa32,后期加速上升型,3,4,4,3,9
68552ad50b2d7d,涨幅微弱型,5,2,7,5,7
686bccaaf5c04b,渐进上升型,4,1,3,6,5
687094debd3a99,后期加速上升型,3,4,4,5,7
687ea13d620a54,稳定缓升型,5,4,4,5,2
68a92afaab4da8,快速稳定型,2,6,1,8,3
68b55cf43a95a7,渐进上升型,3,4,6,3,9
68b7d9b81213a9,后期加速上升型,2,5,5,4,8
68bca83c7b6b83,后期加速上升型,3,4,4,3,9
68c797987c4178,稳定缓升型,2,6,6,1,6
68e00c4d12b8de,降压主导型,1,3,2,7,4
68e130187a8a90,稳定缓升型,5,4,4,5,2
68f618e14c0b82,涨幅微弱型,5,2,7,2,1
68fcf92a48810a,渐进上升型,4,1,3,6,5
693858fd7e4f50,涨幅微弱型,5,2,7,2,1
693e8e34478aa6,后期加速上升型,3,5,5,3,9
6959718d2ce203,后期加速上升型,3,4,4,5,7
696b306c716d9b,后期加速上升型,3,4,4,3,9
697a7aa0e187ee,后期加速上升型,5,2,7,5,7
697f58d8932686,稳定缓升型,3,4,4,3,9
698444f4decdb1,后期加速上升型,2,6,1,8,3
69957c8c6e458a,涨幅微弱型,5,2,7,2,1
69a4cd07267edf,稳定缓升型,3,4,6,3,9
69f5c570862910,后期加速上升型,4,5,5,4,8
6a5c64defd9824,后期加速上升型,3,4,4,5,7
6a77ff16135294,涨幅微弱型,1,3,2,7,4
6a7ad9355182b7,后期加速上升型,4,5,5,4,8
6a7f27f90a18ec,稳定缓升型,2,6,6,1,6
6ac8ced09cd0ef,涨幅微弱型,1,3,2,7,4
6ace2b5f058c4c,后期加速上升型,3,4,4,3,9
6ade0f60f8faa8,稳定缓升型,4,1,6,1,6
6adebd4d2d2af6,后期加速上升型,3,5,5,4,9
6b0fea76fa622c,降压主导型,1,3,2,7,4
6b1bc7727c58f0,涨幅微弱型,5,2,7,2,1
6b28966bdef4d9,涨幅微弱型,5,2,7,2,1
6b29006f21e8d1,稳定缓升型,4,1,3,6,5
6b30b39889861e,涨幅微弱型,5,2,7,2,1
6b3136c8e1f33d,渐进上升型,4,1,3,6,5
6b41dbab7d5433,后期加速上升型,3,4,4,3,9
6b61cf1c081d59,涨幅微弱型,5,2,7,2,1
6b6c5d91759c1e,渐进上升型,3,4,6,3,9
6b76356ac3b411,后期加速上升型,3,4,4,3,9
6b79de0c677ed9,后期加速上升型,4,5,5,4,8
6b94b5b86e6531,涨幅微弱型,5,2,7,2,1
6b9b3e4d1e018d,渐进上升型,3,1,6,3,9
6baa7abced517f,涨幅微弱型,1,3,2,7,4
6badc35e98658c,涨幅微弱型,5,2,7,2,1
6bb07c21740dac,涨幅微弱型,5,2,7,2,1
6bbee6e5ddb004,后期加速上升型,3,4,4,5,7
6bdfe209d5890a,涨幅微弱型,5,2,7,2,1
6c4027ee2fe289,快速稳定型,2,1,6,1,6
6c9423835134b0,降压主导型,1,3,2,7,4
6caa1ec9e92488,后期加速上升型,3,4,4,5,7
6cb97ef41341bf,降压主导型,1,3,2,7,4
6cbcb1891d7fb1,涨幅微弱型,5,2,4,5,7
6cd919d2ef2547,涨幅微弱型,5,2,7,2,1
6cdf15842f5ce0,渐进上升型,3,4,4,5,7
6cf3f3381f66d8,涨幅微弱型,5,2,7,2,1
6cfab7c028c8f3,降压主导型,1,3,2,7,4
6d12c94f8bb5dc,渐进上升型,4,1,6,1,6
6d4d04d52542ad,渐进上升型,4,1,3,6,5
6d560699831e78,渐进上升型,4,1,6,3,9
6d646e350ac92d,后期加速上升型,4,5,5,4,8
6dad3be7d6489a,涨幅微弱型,5,2,7,2,1
6db0ef640ec31e,稳定缓升型,4,1,6,1,6
6dbc9f593f8cad,稳定缓升型,3,4,4,3,9
6dcdf08984817c,后期加速上升型,4,5,5,4,8
6ddaa87692f26a,稳定缓升型,4,1,6,1,9
6de1d34ae39414,快速稳定型,2,6,6,1,6
6e20144662146d,降压主导型,1,3,2,7,4
6e26bc2cd49a48,涨幅微弱型,1,3,2,7,1
6e39d1e76905f1,快速稳定型,2,6,6,1,6
6e5f409a813a56,涨幅微弱型,5,2,7,2,1
6e698af0525c62,后期加速上升型,3,4,4,5,7
6e6dc3452c46cb,先降后升型,5,2,7,7,1
6e6e0d4e2b25fc,渐进上升型,4,1,6,1,6
6e7da10c09e823,后期加速上升型,3,4,4,5,7
6e7ec502d63e42,渐进上升型,4,1,3,6,5
6ec68c6c13b815,降压主导型,1,3,2,7,4
6f04c5904d3354,涨幅微弱型,1,3,7,7,1
6f14a53a85bffa,渐进上升型,3,4,4,3,9
6f26855f462c16,降压主导型,1,3,2,7,4
6f70a9ee8c974d,降压主导型,1,3,2,7,4
6f7a6c8be2514d,后期加速上升型,3,4,4,5,7
6f8ec4f0b821ec,涨幅微弱型,5,2,7,2,1
6fb35e1ab2bf7c,涨幅微弱型,1,3,2,7,4
6fb4c7db220361,涨幅微弱型,5,2,7,2,1
6fde5b54412ec1,稳定缓升型,4,1,6,3,9
6ff1071c6e6ba5,快速稳定型,3,4,4,3,2
7014827b61a78b,降压主导型,1,3,2,7,4
702a352ca16dac,稳定缓升型,2,6,6,1,9
703ce1d7c0af82,涨幅微弱型,5,2,7,2,1
707409ea31a5d3,先降后升型,5,2,7,5,7
708790e416ff08,降压主导型,1,3,2,7,4
70a99d654f9deb,稳定缓升型,3,4,4,3,2
70fff3a91ce708,渐进上升型,4,1,3,6,5
71106dfde39dac,涨幅微弱型,1,3,2,7,4
7124492fa26382,稳定缓升型,2,1,6,1,6
713d5ae3ebf6bb,冲高回落型,3,4,4,3,2
714f792e95007a,稳定缓升型,2,6,6,1,6
715c296d573f64,稳定缓升型,3,4,4,3,9
718a5e3b1e883c,稳定缓升型,4,1,6,1,6
7196b427523105,涨幅微弱型,5,2,7,2,1
71b9d58ef84b90,快速稳定型,2,6,6,1,6
71c8db62b20dc9,稳定缓升型,2,6,6,1,6
71d700f32f6ccb,后期加速上升型,4,5,5,4,8
71fcb300ae28d4,渐进上升型,4,1,6,1,6
7201868f1e374f,后期加速上升型,3,5,6,3,9
7207b0818a9c33,后期加速上升型,3,4,4,3,9
722441e93d7785,后期加速上升型,4,5,5,4,9
722ca2d4d8f2db,渐进上升型,3,4,4,3,9
72367cfa9f64d8,后期加速上升型,2,6,1,8,3
725d2e8572de48,涨幅微弱型,5,2,7,2,1
7262d47490fe4d,涨幅微弱型,5,2,7,2,1
7267b84c9c8e82,渐进上升型,4,1,3,6,5
7270107cf3c170,稳定缓升型,3,4,6,3,9
7289f63e38d3e3,降压主导型,1,3,2,7,4
728bb19e404483,涨幅微弱型,5,2,7,2,1
728d805913c8fe,涨幅微弱型,5,2,7,2,1
729a497a443029,降压主导型,1,3,2,7,4
72b4c6d09b4167,涨幅微弱型,5,2,7,2,1
72bb31538147cb,后期加速上升型,3,4,4,5,7
72ca47788f5ff3,渐进上升型,4,1,3,6,5
72e3ae9ceb9d7d,渐进上升型,4,1,3,6,5
7307b7fee85f5d,涨幅微弱型,5,2,7,2,1
730aba82469807,渐进上升型,5,2,7,2,1
7314866e45e4a3,降压主导型,1,3,2,7,4
731df474044f34,降压主导型,1,3,2,7,4
732191bf86b5e2,降压主导型,1,3,2,7,4
732cbe2bd45d5b,复杂波动或待判型,2,6,1,8,3
734216483fbbcd,涨幅微弱型,5,2,7,5,7
73480407dbf76f,涨幅微弱型,5,2,7,2,1
734c37c2dfb666,稳定缓升型,4,1,3,6,5
734e2b95a86783,涨幅微弱型,5,2,7,2,1
737cbe5378afb2,稳定缓升型,2,1,6,1,6
739eb990ac71d8,快速稳定型,2,6,6,1,6
73a6e90444e232,涨幅微弱型,5,2,7,5,7
73b37e8f4a7297,渐进上升型,3,4,4,3,9
73c285ef6179a6,稳定缓升型,2,6,6,1,6
73c4a935914d28,后期加速上升型,3,4,4,5,7
73d3a2b31ebe81,渐进上升型,3,4,4,3,9
73f98e91a0244a,后期加速上升型,3,4,4,5,7
73fbbf5a92eb26,涨幅微弱型,5,2,7,2,1
7400f601b6a9f8,稳定缓升型,4,1,6,1,6
7413fdf77c50cc,渐进上升型,4,1,3,6,5
742c5c66891086,稳定缓升型,3,4,4,3,9
7460bcdfce6976,涨幅微弱型,5,2,7,5,7
747176e6bdb900,降压主导型,1,3,2,7,4
748824eaeb0f79,稳定缓升型,3,4,4,3,9
748b04f8f2e1a3,后期加速上升型,3,5,5,4,7
74ab617c950c3d,后期加速上升型,3,4,4,5,7
74e3fba1b2d7f4,稳定缓升型,3,4,4,3,2
74efc10be832ef,渐进上升型,4,1,3,6,5
75288901a3c188,后期加速上升型,2,6,1,8,3
752dbea7369114,渐进上升型,4,1,3,3,9
752dec239efc72,稳定缓升型,2,6,1,8,3
754b85f9cbf5ac,降压主导型,1,3,2,7,4
754cb8b2f8b0dd,涨幅微弱型,5,2,7,2,2
7568578bcf81b0,涨幅微弱型,5,2,7,2,1
756e96023b0ff5,后期加速上升型,3,4,4,5,7
7598c94a8e38e9,稳定缓升型,2,6,1,8,3
75a2fb610a00b5,涨幅微弱型,1,3,2,7,4
75ad46e5d54bcf,降压主导型,1,3,2,7,4
75ef3a49a309d7,涨幅微弱型,5,2,7,2,1
75f149cd733bbf,渐进上升型,4,1,3,6,5
75f2a338656a30,渐进上升型,4,1,3,6,9
760c676d4a0585,稳定缓升型,3,4,4,3,2
7612592eabfdf8,稳定缓升型,2,6,1,8,3
7628a9bd07546a,涨幅微弱型,5,2,7,2,1
7632c147352e8d,降压主导型,1,3,2,7,4
76392cb8a66569,后期加速上升型,3,5,5,4,8
763bc3b8aa1c27,后期加速上升型,3,4,4,5,7
763f0bbcf5aa86,后期加速上升型,3,4,4,3,9
7656ef8d63724f,降压主导型,1,3,2,7,4
765819411e9427,涨幅微弱型,5,2,7,2,1
76676084368b6a,涨幅微弱型,5,2,7,2,1
766f36cecdc6cb,涨幅微弱型,5,2,7,2,1
76a0d616fc740f,快速稳定型,2,6,1,8,3
76a2fafb2fed4c,后期加速上升型,3,4,4,5,7
76ab254f4da31a,稳定缓升型,3,4,4,5,2
76b2e5a7448d80,渐进上升型,4,1,3,6,5
76b380aa50b4cd,后期加速上升型,3,4,4,3,9
76c5ce2f1d3ba3,降压主导型,1,3,2,7,4
76cf7c7b056f4c,后期加速上升型,3,4,4,5,7
76d087f24f007c,快速稳定型,4,1,3,6,6
7711c19a483e60,后期加速上升型,3,4,4,3,9
772fee93fd271e,后期加速上升型,3,4,4,3,9
7746573a40752b,涨幅微弱型,5,2,7,2,1
7760ac967cca6a,渐进上升型,4,1,3,6,5
7786aa958bd98c,涨幅微弱型,5,2,7,2,1
778d26d38eb7f0,先降后升型,5,2,4,5,7
7797783699bfd3,渐进上升型,3,1,6,3,9
779a8a6961ff35,后期加速上升型,4,5,5,4,8
77b898a65eaf38,涨幅微弱型,5,2,7,2,1
77bdfa38524e20,后期加速上升型,3,4,4,3,9
77e3a7985632ef,涨幅微弱型,5,2,7,2,1
78265a68e51851,后期加速上升型,2,6,1,8,3
782926af4f2509,降压主导型,1,3,2,7,4
7843980d032151,渐进上升型,4,1,6,1,6
784fb37d9f1b27,稳定缓升型,2,6,1,8,3
7878ba1f447136,后期加速上升型,3,4,4,5,7
788666e7af8bb6,先降后升型,5,2,7,5,7
78c564849b4f80,快速稳定型,2,6,1,8,3
78d64985511a7a,稳定缓升型,3,4,4,3,9
78ddc34a226e79,后期加速上升型,3,4,4,5,7
7903c04a9efcc2,稳定缓升型,4,1,6,3,9
7946ec8b3c1f38,先降后升型,5,2,7,5,7
7969a7d98ebf71,后期加速上升型,3,4,4,3,9
796d955fdeeb9a,降压主导型,1,3,2,7,4
79f8bd66f42856,快速稳定型,2,6,6,1,6
79fa0dba5a19f3,稳定缓升型,2,6,6,1,6
7a3978017eef0a,稳定缓升型,2,6,6,1,6
7a7a1fa163fd1c,降压主导型,1,3,2,7,4
7a829fb38e3b13,渐进上升型,3,4,4,5,7
7a9f22b719b3a0,渐进上升型,3,4,4,3,9
7aa137d4f124bf,复杂波动或待判型,3,4,4,5,7
7aac3c64055a4a,渐进上升型,4,1,6,3,9
7ad474df197976,后期加速上升型,4,5,5,4,8
7b0299b99dd527,后期加速上升型,3,4,4,5,7
7b09b6158a5223,稳定缓升型,4,1,6,1,9
7b11bf8bda451e,涨幅微弱型,5,2,7,2,1
7b258de359e951,后期加速上升型,3,4,4,3,9
7b6a3e305a37b8,涨幅微弱型,5,2,7,2,1
7b8ea635ff54cb,后期加速上升型,4,5,5,4,8
7b990c9b90087f,后期加速上升型,3,5,5,3,9
7bb888c92457c1,冲高回落型,2,6,1,8,3
7bb91394437a02,后期加速上升型,4,5,5,4,8
7bbceac59d5d63,冲高回落型,1,3,2,7,4
7bc37b23a20544,涨幅微弱型,5,2,7,2,1
7bdd9409ec0bd0,渐进上升型,3,4,4,5,7
7c01dbb2fad912,涨幅微弱型,5,2,7,2,1
7c17e775df5aea,涨幅微弱型,5,2,7,2,1
7c1f6e17952bea,渐进上升型,4,1,6,1,6
7c22e4b3f9228f,快速稳定型,2,6,1,8,3
7c28349c7a1b57,后期加速上升型,3,4,4,3,9
7c36fb631968ab,后期加速上升型,4,5,5,4,8
7c4f19fb73434c,后期加速上升型,3,4,4,3,9
7c5b428e4672aa,渐进上升型,3,4,4,3,9
7c64d087b88478,后期加速上升型,3,4,4,3,9
7c6989ab1ad369,复杂波动或待判型,5,4,4,5,2
7cb0a1a7bd752d,涨幅微弱型,5,2,7,2,1
7cdd37ba33db3c,稳定缓升型,3,4,4,3,9
7d1be19a0d26b8,稳定缓升型,5,2,7,2,2
7d2024ad4a1354,涨幅微弱型,5,2,7,2,1
7d4efc2da90b83,涨幅微弱型,5,2,7,2,1
7d584c60f496f3,涨幅微弱型,5,2,7,2,1
7da057dc2faedb,涨幅微弱型,5,2,7,2,1
7db8f5de343fbe,涨幅微弱型,5,2,7,2,1
7dc0c2dce9d1d9,复杂波动或待判型,5,2,7,5,7
7deae4154926ad,先降后升型,3,4,4,5,7
7e03d41670dddb,涨幅微弱型,5,2,7,2,1
7e0822a63c888a,后期加速上升型,3,4,4,3,9
7e161205c550b8,复杂波动或待判型,2,6,1,8,3
7e1bc3fc8c4767,涨幅微弱型,5,2,7,2,1
7e39fb42e4c231,先降后升型,4,5,5,4,8
7e4f1dfa8395fe,后期加速上升型,4,5,5,4,8
7e75e7aaa2d728,稳定缓升型,3,4,4,3,9
7e96227f85eb48,渐进上升型,4,1,3,6,5
7ea8243c73d68e,稳定缓升型,3,4,4,3,9
7eaa9476134b15,后期加速上升型,3,4,4,5,7
7eac2ac3d5b8a7,渐进上升型,5,4,4,3,2
7ec85cb3daa0b9,后期加速上升型,4,5,5,4,8
7eff10a4311c05,快速稳定型,2,6,1,8,3
7f00b01e5f15f1,涨幅微弱型,5,2,7,2,2
7f029a69033299,涨幅微弱型,5,2,7,2,1
7f1d634a6aa887,渐进上升型,4,1,3,6,5
7f265a41ef93e8,涨幅微弱型,5,2,7,2,1
7f2d1ad693c70b,稳定缓升型,4,1,3,6,5
7f670e604e13b1,稳定缓升型,4,1,3,6,5
7f693ddf88e36f,快速稳定型,2,6,1,8,3
7f77107acaf8d2,稳定缓升型,3,4,4,3,9
7f8065b88b5320,降压主导型,1,3,2,7,4
7f941e02588ffa,渐进上升型,4,1,3,6,5
7fa42e3c9bea2e,渐进上升型,4,1,6,1,6
7fb609e1b1ff03,涨幅微弱型,5,2,7,2,1
7fbd96369b0627,涨幅微弱型,5,2,7,2,1
7fbeb55739b514,涨幅微弱型,5,2,7,2,1
7ff9ca32cde1f0,渐进上升型,4,1,6,1,6
8003c9f1dc8011,后期加速上升型,3,5,5,4,9
800ae859c6ca51,稳定缓升型,4,1,6,1,6
80208aabc47222,涨幅微弱型,5,2,7,2,1
802a824f67ea36,冲高回落型,5,2,7,2,2
80361dcb6859d9,稳定缓升型,3,4,4,3,9
80634da2b01ed5,稳定缓升型,2,6,6,1,6
808ce12c91f412,稳定缓升型,4,5,5,4,9
80b127bab9ca1d,涨幅微弱型,1,3,2,7,4
80b43518e55f33,快速稳定型,2,6,6,1,6
80c0cac37e7a90,后期加速上升型,3,5,5,4,9
80cd54964d7c57,降压主导型,1,3,2,7,4
80dda23b6438f3,快速稳定型,5,2,7,2,2
80e61536e51458,涨幅微弱型,5,2,7,2,1
80ed8bb9fd0b10,后期加速上升型,3,4,4,3,7
813fd4f7ffee35,稳定缓升型,3,4,4,5,2
8158684d6a05f3,涨幅微弱型,5,2,7,2,1
8169a81ae20ca9,稳定缓升型,2,6,1,8,3
818fa3a322b7ef,后期加速上升型,3,4,4,3,9
81b355abeb2a73,涨幅微弱型,1,3,2,7,4
81b740f5d3c901,复杂波动或待判型,1,3,2,7,4
81b74b1622fc1c,涨幅微弱型,5,2,7,2,1
81b75d354a3435,后期加速上升型,3,4,4,5,7
81ccbefb55373a,冲高回落型,1,3,2,7,4
820d12ee3ad183,涨幅微弱型,5,2,7,2,1
8213651b6e80a5,渐进上升型,4,1,3,3,9
82196f58c83c3e,渐进上升型,4,1,3,6,5
821b40b7e217e4,涨幅微弱型,5,2,7,2,1
8240b5479db680,复杂波动或待判型,2,6,1,8,3
826de0a79ab618,稳定缓升型,3,4,6,3,9
8271240cbcbda7,稳定缓升型,3,4,4,3,9
827a2d9308a3ca,后期加速上升型,4,5,5,4,8
8288223168c2fa,渐进上升型,5,2,4,2,2
8291e9c7fe2405,涨幅微弱型,5,2,7,2,1
82973e396a4356,快速稳定型,2,6,6,1,6
82b8e4a99f46c3,涨幅微弱型,1,3,2,7,4
82c773d4a8ed5c,渐进上升型,3,4,4,3,9
82d4fe8d436d2a,先降后升型,3,4,4,5,7
82e9755b572fc8,后期加速上升型,5,2,7,5,7
8303201d41a150,渐进上升型,4,1,3,6,5
8319f7f6beed56,稳定缓升型,2,6,6,3,9
831ae074185271,稳定缓升型,3,4,4,3,7
832f57dfdba0c7,涨幅微弱型,5,4,4,5,2
834009dd400fc1,降压主导型,1,3,2,7,4
8348fb940a1392,快速稳定型,2,6,1,8,3
835f6ac61cc926,后期加速上升型,3,4,4,5,7
836f5d445d1e6a,涨幅微弱型,5,2,7,2,1
837caf24b8f771,稳定缓升型,5,4,4,5,2
83ab10b32dbdc2,涨幅微弱型,5,2,7,2,1
83af4e003ebeff,后期加速上升型,3,5,5,4,9
83b343a76d9f3c,后期加速上升型,3,4,4,5,7
83c94da279db3b,稳定缓升型,4,5,6,1,6
83d0fd8674eab7,后期加速上升型,3,4,4,3,9
83e106f0e0cbbd,降压主导型,1,3,2,7,4
83e1835bf060b5,涨幅微弱型,5,2,7,2,1
840c2e5a561c68,涨幅微弱型,5,2,7,2,1
840c66379798da,后期加速上升型,4,5,5,4,8
842e02a6337a9f,后期加速上升型,2,6,1,8,3
8430411839d685,稳定缓升型,4,5,5,4,8
8436c36c83830c,渐进上升型,4,1,3,6,5
8438cf19ea2a4f,涨幅微弱型,5,2,7,2,1
844a51a7c93d18,先降后升型,4,1,3,6,5
8459027b880871,后期加速上升型,3,4,4,5,7
84ad0528b23a4c,涨幅微弱型,5,2,7,2,1
84b58785444edf,后期加速上升型,4,5,5,4,8
84ba72f3d589cd,稳定缓升型,3,4,4,3,2
84c9175ca4d49a,渐进上升型,4,1,6,3,9
84dd97fd9defd9,降压主导型,1,3,2,7,4
84eafb572cb7c0,涨幅微弱型,5,2,7,2,1
850c988ebc2e62,涨幅微弱型,5,2,7,2,1
852d282374749b,降压主导型,1,3,2,7,4
852e49b8b63f5c,降压主导型,1,3,2,7,4
854a083d53443c,降压主导型,1,3,2,7,4
854a1638ff6f8f,后期加速上升型,3,4,4,5,7
8551fc51361d56,稳定缓升型,3,4,4,3,9
8598b7a99bfe88,稳定缓升型,2,6,1,8,3
85ad94166ab5a7,冲高回落型,1,3,2,7,4
85fe388cddfba9,快速稳定型,2,6,6,1,6
8612e941de227a,涨幅微弱型,5,2,7,2,1
86175bac75de2a,降压主导型,1,3,2,7,4
862f9def792763,后期加速上升型,3,4,4,5,7
8646eb7f246b15,稳定缓升型,2,6,6,1,6
864d723ff37757,稳定缓升型,2,1,6,1,6
865a5c0666e563,稳定缓升型,2,1,3,1,6
869ff6e270f4bf,稳定缓升型,2,6,6,1,6
86b7570ab052e8,渐进上升型,4,1,3,6,5
86e1cf4d3386ff,稳定缓升型,4,1,6,3,9
870dfb65319ccd,先降后升型,5,2,7,5,7
87134bab057e5d,冲高回落型,1,3,2,7,2
87179bf8c72f72,涨幅微弱型,5,2,7,2,2
873f052c7a9109,涨幅微弱型,5,2,7,2,1
873fd10fad7d84,渐进上升型,4,1,3,6,5
87480d2cd8ee0e,稳定缓升型,4,1,3,6,9
874aa4c95bd03a,后期加速上升型,3,5,5,4,8
875b60c44310e4,快速稳定型,2,6,6,1,6
87642e1b562d93,后期加速上升型,3,4,4,3,9
877eb5379188c1,涨幅微弱型,5,2,7,2,1
878b4bc49f0c88,后期加速上升型,3,4,4,5,7
87b9d80daed036,涨幅微弱型,1,3,2,7,4
87d07a62bc563d,涨幅微弱型,1,3,2,7,4
87dbe993b446ee,后期加速上升型,3,4,4,5,7
881db431bfc0a5,涨幅微弱型,5,2,7,2,1
8848b87d70b420,涨幅微弱型,5,2,7,2,1
886b03c77ea5a3,降压主导型,1,3,2,7,4
8871994ee47b7b,后期加速上升型,3,5,5,4,8
888621743083f2,涨幅微弱型,5,2,7,2,1
888668a0516b53,先降后升型,5,2,7,5,7
888f69998ab16d,渐进上升型,3,4,4,3,7
88902f6a456486,降压主导型,1,3,2,7,4
889b76d3fe2047,渐进上升型,3,4,4,3,9
88a175986a8e99,涨幅微弱型,5,2,7,2,1
88bbf3da88b8c1,后期加速上升型,4,5,5,4,8
88c3368802685c,渐进上升型,4,1,6,1,6
88d604e38b9a23,降压主导型,1,3,2,7,4
88ead40cb02cad,涨幅微弱型,5,2,7,2,1
891df42a1be292,降压主导型,1,3,2,7,4
894d934c0451a0,涨幅微弱型,1,3,2,7,4
8960977ede1e54,后期加速上升型,4,5,5,4,8
897f84c9357025,涨幅微弱型,5,2,7,2,2
8985fd422d2a83,后期加速上升型,4,5,5,4,8
89a3ca523c6cb9,渐进上升型,5,2,7,2,2
89ab8f935c5121,后期加速上升型,4,5,5,4,8
89aed3b159bb8b,涨幅微弱型,5,2,7,2,1
89b2015bfda95b,涨幅微弱型,5,2,7,2,1
89c7c0e0ddd20c,渐进上升型,4,1,3,6,5
89e92924664ce3,涨幅微弱型,5,2,7,2,2
89f48bc1e83f2a,涨幅微弱型,1,3,2,7,4
89f7625fcd2995,降压主导型,1,3,2,7,4
8a127adfe84533,快速稳定型,2,4,6,3,9
8a1945d059b2b6,后期加速上升型,3,5,5,3,9
8a484ec49aa94c,稳定缓升型,3,4,4,5,2
8a58d5d83e7b4d,涨幅微弱型,5,2,7,2,1
8a6c8b62f8282d,涨幅微弱型,5,2,7,2,1
8a88fc4ca14f7e,涨幅微弱型,5,2,7,2,2
8a8c7e1a40c396,快速稳定型,2,6,1,8,3
8abb42d0d37adc,先降后升型,3,4,4,5,7
8ac76d3e397596,稳定缓升型,2,1,6,1,6
8ad50ccf6e2e18,降压主导型,1,3,2,7,4
8ad5447a992305,降压主导型,1,3,2,7,4
8ae0acf2b29148,稳定缓升型,2,6,6,1,6
8b0737105f8ef3,涨幅微弱型,5,2,7,2,1
8b288287d344dc,快速稳定型,2,1,6,1,6
8b9f552203060c,涨幅微弱型,5,2,7,2,1
8ba3efb978eb63,后期加速上升型,4,5,5,4,9
8bc4dc2f22d8bc,涨幅微弱型,1,3,2,7,4
8bc8f5778129a5,后期加速上升型,3,4,4,5,7
8bdb258ed60531,稳定缓升型,2,6,1,8,3
8bddbe55440244,渐进上升型,4,1,3,6,5
8bdfddefc428f0,涨幅微弱型,5,2,7,2,1
8be551c6abacf2,后期加速上升型,4,5,5,4,5
8be8bb332eb26a,后期加速上升型,3,4,4,3,9
8bfd1936ad81de,后期加速上升型,5,4,4,5,7
8c0bc7fcfea1b0,稳定缓升型,4,1,3,6,5
8c207e38230842,先降后升型,5,2,7,5,7
8c373b9598fdd0,降压主导型,1,3,2,7,4
8c40c8b60faa52,渐进上升型,4,1,3,6,5
8c440c61e350d0,稳定缓升型,2,6,6,1,6
8c863e32d7ac90,涨幅微弱型,5,2,7,2,1
8c929261741eef,稳定缓升型,4,1,3,1,6
8cb4cff5930839,后期加速上升型,2,6,1,8,3
8ce431aff538a8,稳定缓升型,3,1,6,3,9
8d1e26e4aa1090,渐进上升型,4,1,3,6,5
8d42fb95f25996,涨幅微弱型,5,2,7,2,1
8d4d9f552a7529,后期加速上升型,3,4,4,5,7
8d4e36fe65edbd,快速稳定型,2,6,6,1,6
8d58b1478059ba,涨幅微弱型,1,3,2,2,1
8d59ee629c2c0a,后期加速上升型,4,5,5,4,8
8d7f9ee70e7f42,涨幅微弱型,5,2,7,2,1
8d94744c0f6ad7,后期加速上升型,3,4,4,5,7
8da5400378ef6e,稳定缓升型,4,1,6,1,6
8db4eb7f6d9f39,后期加速上升型,4,5,5,4,8
8db505ca7d3e97,快速稳定型,2,1,6,1,6
8dc219f8d088a3,涨幅微弱型,5,2,7,2,1
8dc7be7df0263a,涨幅微弱型,1,3,2,7,4
8dc9e8728bd99d,涨幅微弱型,5,2,7,2,1
8dcded55399ba1,后期加速上升型,4,5,5,4,8
8dd98abe9389d3,后期加速上升型,3,5,5,4,8
8df521c2c71f5f,降压主导型,1,3,2,7,4
8dfc676e8fd3cb,后期加速上升型,3,4,4,5,7
8dfcdfb89bf92c,涨幅微弱型,1,3,2,7,4
8e012233b69b27,渐进上升型,4,1,3,6,5
8e51d5cb87a21e,涨幅微弱型,5,2,7,2,1
8e827aaaea6d97,后期加速上升型,4,5,5,4,9
8e847615081d5f,后期加速上升型,3,4,4,5,7
8e9e133ba385dc,快速稳定型,2,6,6,1,6
8ea019800da52f,涨幅微弱型,5,2,7,2,1
8eb2ae72267a01,降压主导型,1,3,2,7,4
8ebf68870a550e,涨幅微弱型,3,4,4,5,2
8ecade509811c9,快速稳定型,2,6,6,1,6
8ee0f6cdfaa2ab,渐进上升型,3,4,4,3,9
8f082f4000d8fc,涨幅微弱型,1,3,2,7,4
8f1d1d2513bfdb,后期加速上升型,3,4,4,5,7
8f24cf0a2f1f11,后期加速上升型,3,4,4,3,9
8f3607f0ff00b3,复杂波动或待判型,2,6,1,8,3
8f512b51cdcf50,快速稳定型,2,6,6,1,6
8f6277eb0d0086,涨幅微弱型,5,2,7,2,1
8f79045342982d,涨幅微弱型,5,2,7,2,1
8f8166000c5d5d,后期加速上升型,3,4,4,5,7
8f9e5be29d2070,渐进上升型,4,1,3,6,5
8fd2bbceebc966,涨幅微弱型,1,3,2,7,4
901ad7082b483a,渐进上升型,3,4,4,3,9
9070eccd66649e,降压主导型,1,3,2,7,4
9074a222800c54,渐进上升型,3,4,4,3,9
908c233669af9d,渐进上升型,3,1,6,3,9
908d264b0007e0,快速稳定型,2,6,6,3,9
909b13cc0d3d00,涨幅微弱型,5,2,7,2,1
90b1b1f4be4dfb,涨幅微弱型,5,2,7,2,1
90bbf4e0db2de8,涨幅微弱型,5,2,7,2,1
90be16ac94ebc6,涨幅微弱型,5,2,7,2,1
90e108e07f0c71,后期加速上升型,3,4,4,3,9
90f7b642e4f514,涨幅微弱型,5,2,7,2,1
90f88fc3209d8c,渐进上升型,3,4,4,3,9
912d8ccb436e44,后期加速上升型,3,4,4,5,7
913b93c7c343c5,渐进上升型,4,1,3,6,5
91567fc6d09a14,后期加速上升型,5,4,4,5,7
916fe44cd848c8,快速稳定型,2,6,6,1,6
9195af83a48905,渐进上升型,4,1,3,6,5
91d51ab8506af5,降压主导型,1,3,2,7,4
91d7b51b15098a,降压主导型,1,3,2,7,4
91fad3d8f5fc03,渐进上升型,4,1,3,6,5
923f0a9d547dac,后期加速上升型,2,6,1,8,3
9240553ae0bf9b,渐进上升型,4,1,3,6,5
9250711b093642,后期加速上升型,5,2,7,5,7
927c3f6cb9fb74,涨幅微弱型,1,3,2,7,4
928c121d65eafc,先降后升型,5,2,7,5,7
9290b3ffe8b685,涨幅微弱型,3,4,4,5,7
92917c6d0f12b8,降压主导型,1,3,2,7,4
92992aae571496,冲高回落型,5,2,7,2,2
92f98e7919afb4,稳定缓升型,3,4,4,3,7
92ff2ea7b26c3e,快速稳定型,2,6,6,1,6
9314b5f6d30553,后期加速上升型,3,5,5,4,9
931791308d76cb,稳定缓升型,4,1,6,1,9
9327eb749508c2,涨幅微弱型,1,3,2,7,4
932dbf9ad423fd,稳定缓升型,2,6,6,1,6
9332c809a32414,涨幅微弱型,5,2,7,2,1
9336ee3b12e64d,后期加速上升型,3,5,5,4,8
9360ca60c06847,渐进上升型,4,1,3,6,5
93618a8978f226,后期加速上升型,3,4,4,5,7
93689292a9498d,涨幅微弱型,5,2,7,2,1
937b69dbc45797,稳定缓升型,2,6,1,8,3
9398996cbdbad2,涨幅微弱型,1,3,2,7,4
93ac80fee29e60,涨幅微弱型,1,3,2,7,4
93d955cde0256e,后期加速上升型,3,5,5,4,7
93e0e70c9d44fe,涨幅微弱型,5,2,7,2,1
94025cbf9bd488,涨幅微弱型,5,2,7,2,1
940999d2bea296,涨幅微弱型,5,2,7,2,1
940eb2b7cc3bba,复杂波动或待判型,1,3,2,7,4
941ca5324b83e1,后期加速上升型,4,5,5,4,8
9421acc6a93459,渐进上升型,4,1,3,6,5
943de7b45abb8a,渐进上升型,3,1,6,3,9
944e7ac5e7b6a7,快速稳定型,2,6,6,1,6
946fb0dda26ad6,涨幅微弱型,5,2,7,2,1
949c5c386184c9,涨幅微弱型,5,2,7,2,1
94bfbe6c613e73,涨幅微弱型,5,2,7,2,1
94c3e96fc9967c,渐进上升型,4,1,3,6,5
94d4380e5eb90c,稳定缓升型,4,1,6,1,6
94d7e8e0367d20,涨幅微弱型,5,2,7,2,1
94ec4589c20606,快速稳定型,2,6,1,8,3
9502c3769b1f71,涨幅微弱型,5,2,7,2,1
95248f80e64d68,涨幅微弱型,5,2,7,2,1
953153ce85ee4b,涨幅微弱型,5,2,7,2,1
95336f8e525778,涨幅微弱型,5,2,7,2,1
954af6cd6852c5,快速稳定型,4,1,6,1,9
958eb003d98ad2,后期加速上升型,3,5,5,4,9
95993c5a1e0d63,涨幅微弱型,5,2,7,2,1
95a558e3172c1d,复杂波动或待判型,2,6,1,8,3
95b5ea821c420e,后期加速上升型,3,4,4,5,7
95cdcdedd62409,稳定缓升型,2,6,6,1,6
95d13ed705223a,涨幅微弱型,1,3,2,7,4
95de3c9122697c,涨幅微弱型,1,2,7,2,1
95e0b542e3cd20,渐进上升型,4,1,3,6,5
95ee56b54a655d,先降后升型,5,2,7,5,7
95ee5f654f57be,后期加速上升型,4,5,5,4,8
964fe1172e5f5e,后期加速上升型,3,5,5,5,7
9659ab4bf9f124,稳定缓升型,2,6,6,1,6
966085ebd1220f,稳定缓升型,2,6,6,1,6
9698a6e5a992e5,稳定缓升型,5,2,7,5,7
969b7e2145a8aa,后期加速上升型,3,4,4,5,7
96a02d78b12d04,降压主导型,1,3,2,7,4
96ad91d4da6065,快速稳定型,3,4,4,3,9
96afb25f6c3b82,稳定缓升型,2,6,1,8,3
96c033a3a2b896,快速稳定型,2,6,1,8,3
96c13644b0765e,降压主导型,1,3,2,7,4
96e3c0a09a45e8,涨幅微弱型,1,3,2,7,4
96ec430df98e21,稳定缓升型,4,1,3,6,5
96f12ef3f57f11,渐进上升型,4,1,3,6,5
973ba92401d3f0,稳定缓升型,3,4,4,3,9
974f69aae12c7a,后期加速上升型,3,4,4,5,7
976e1bf2dd6c3f,稳定缓升型,2,6,6,1,6
9770785f7e9016,后期加速上升型,3,5,5,4,8
977b95c6d14e5e,后期加速上升型,5,4,4,5,7
9787aa4e37b476,后期加速上升型,4,5,5,4,9
97889515dec57d,降压主导型,1,3,2,7,4
97afbc34556108,涨幅微弱型,5,2,7,2,1
97c2d15a4fc389,后期加速上升型,3,4,4,5,7
97dbad4c86f381,后期加速上升型,3,5,5,4,8
97f08f32231d54,涨幅微弱型,1,3,2,7,4
97fc29efd38541,涨幅微弱型,5,2,7,2,1
98589bbc7718c3,降压主导型,1,3,2,7,4
9872be710476a6,降压主导型,1,3,2,7,4
9883347d90fc13,涨幅微弱型,5,2,7,2,1
988fc47951b361,后期加速上升型,3,4,4,3,7
989b8f6c0be6bf,涨幅微弱型,5,2,7,2,1
98b1402a81f83e,渐进上升型,3,4,4,3,2
98c04bdb142e24,涨幅微弱型,5,2,7,2,1
98c985060f23ca,降压主导型,1,3,2,7,4
98e05dff95ed2c,降压主导型,1,3,2,7,4
98f92a918dba12,稳定缓升型,2,6,6,1,6
990e11eef9722b,后期加速上升型,3,4,4,3,9
99135b0772f82f,稳定缓升型,2,6,6,1,9
99381f1250586a,渐进上升型,4,1,3,6,5
9951435b18c818,稳定缓升型,5,2,7,5,2
996aa2a54463c3,涨幅微弱型,5,2,7,2,1
998a8429a82e98,先降后升型,3,4,4,5,7
999447648bc214,稳定缓升型,3,4,5,3,9
99ae95896bb210,涨幅微弱型,5,2,7,2,1
99b41d41a5ea9b,稳定缓升型,3,4,4,3,9
99bb80abc8cf75,先降后升型,3,4,4,5,7
99c23c936d7726,冲高回落型,1,3,2,7,4
99dcd015eb5375,涨幅微弱型,1,3,2,7,4
99e514bfa9f30e,涨幅微弱型,5,2,7,2,1
9a0c76e5a43271,稳定缓升型,4,1,6,1,9
9a2490a0a4f36f,复杂波动或待判型,1,3,2,7,2
9a25d004126805,涨幅微弱型,5,2,7,2,1
9a3360a2057c11,后期加速上升型,4,5,5,4,8
9a36d69b025e84,涨幅微弱型,5,2,7,2,1
9a3f1ae3b50502,涨幅微弱型,5,2,7,2,1
9a4dace7e6cc9d,降压主导型,1,3,2,7,4
9a5a1438af6133,后期加速上升型,5,2,7,5,7
9a5db56f9930a7,涨幅微弱型,5,2,7,2,1
9a6012a2074315,涨幅微弱型,5,2,7,5,7
9a7eed32c31231,涨幅微弱型,5,2,7,2,1
9a860262b31fa8,涨幅微弱型,1,3,2,7,4
9a8d57bb292325,后期加速上升型,3,5,5,4,7
9a96f118bdf636,涨幅微弱型,5,2,7,2,1
9a9dc7af57ec7f,涨幅微弱型,5,2,7,2,1
9aad4e5a2074d7,复杂波动或待判型,2,6,1,8,3
9ab082941bce3a,先降后升型,3,4,4,5,7
9aba2be82ee139,冲高回落型,2,6,6,1,6
9ac4d77f07c25a,涨幅微弱型,5,2,7,2,1
9ad1ae08716c67,涨幅微弱型,5,2,7,2,1
9afb16f866dfb8,涨幅微弱型,5,2,7,2,1
9b0caab25508cd,后期加速上升型,3,4,4,3,9
9b15d319fb7007,渐进上升型,4,1,3,6,5
9b1788a1753969,涨幅微弱型,5,2,7,2,1
9b1859a80fc675,后期加速上升型,3,4,4,3,9
9b1e1207980dc5,后期加速上升型,4,5,5,4,8
9b323abe0256b3,涨幅微弱型,5,2,7,2,1
9b493e1e9b9686,涨幅微弱型,5,2,7,2,1
9b5083bfb94511,先降后升型,3,4,4,3,9
9b782c23416f18,涨幅微弱型,5,2,7,2,1
9b8f217711e306,渐进上升型,3,4,4,3,9
9be0b63b8a3649,后期加速上升型,3,4,4,3,9
9bee3e4e0882b0,涨幅微弱型,1,3,2,7,4
9bee6bf8cbb21d,后期加速上升型,3,5,5,5,7
9c34026a240f80,后期加速上升型,3,4,4,5,7
9c371926b22199,涨幅微弱型,5,2,7,2,1
9c5b59d7f12e0c,涨幅微弱型,1,3,2,7,4
9c72de47178afc,快速稳定型,3,4,4,5,2
9c7967ebd24e39,涨幅微弱型,1,3,7,2,1
9c99e69ee75172,复杂波动或待判型,2,6,1,8,3
9ca9cffd58cb6b,涨幅微弱型,5,2,7,2,1
9caaf96fd619bd,后期加速上升型,4,5,5,4,8
9cbd37076d2f1d,稳定缓升型,3,4,4,3,9
9ce8edcc0c1496,涨幅微弱型,1,3,2,7,4
9cf4b034339710,涨幅微弱型,5,2,7,2,2
9cfbd48d5036cc,后期加速上升型,3,4,4,3,9
9d03ba0678bad7,稳定缓升型,4,5,5,4,8
9d11bb1afc315e,稳定缓升型,3,4,4,5,2
9d1d34ba5434af,先降后升型,3,4,4,5,7
9d219611392899,后期加速上升型,4,5,3,4,5
9d46b53a9e94e8,快速稳定型,2,1,6,1,6
9d5b2c40f662dd,快速稳定型,2,6,6,1,6
9d9e980b1edcbe,渐进上升型,4,1,3,6,5
9da40fbca60b89,涨幅微弱型,5,2,7,2,1
9dbbef41722220,渐进上升型,3,4,4,3,9
9dc7a8a4919498,涨幅微弱型,5,2,7,2,1
9dd38df120b567,后期加速上升型,3,4,4,5,7
9dd92b442aaa49,后期加速上升型,3,4,4,5,7
9ded9821a23b20,降压主导型,1,3,2,7,4
9dfcc70a6cafe9,快速稳定型,2,6,6,1,6
9e3d5212bdcc1d,后期加速上升型,4,1,3,6,5
9e54abb2e99efd,涨幅微弱型,5,2,7,2,2
9e646c539b41f3,渐进上升型,4,1,3,6,5
9e84ae8b975d61,后期加速上升型,5,4,4,5,2
9ea8dbdab7d06e,快速稳定型,2,6,1,8,3
9eb406bc9e214e,先降后升型,5,2,7,5,7
9ed3aba15914a5,后期加速上升型,3,4,4,5,7
9ede60b4c148d2,涨幅微弱型,5,2,7,2,1
9f0a6e5db2d792,涨幅微弱型,5,2,7,2,1
9f2e1f64b15506,快速稳定型,2,6,1,8,3
9f38e49f180279,稳定缓升型,2,6,6,1,6
9f3a44e846cfe7,涨幅微弱型,5,2,7,2,1
9f435ca96b7311,涨幅微弱型,5,2,7,2,1
9f5ab78de8f5fd,渐进上升型,4,1,3,6,5
9f5cadc9b47b91,稳定缓升型,4,1,3,6,5
9f6bf46e02ab07,渐进上升型,3,4,4,3,9
9f80ba2e93d3f8,渐进上升型,4,1,6,1,6
9f832e556683bd,后期加速上升型,3,4,4,5,7
9f93193fd77749,涨幅微弱型,5,2,7,2,1
9faf529cd422d2,稳定缓升型,4,1,6,1,9
9fc11f23663a5a,后期加速上升型,3,4,4,3,9
9fcc61f97e7227,稳定缓升型,4,1,6,3,9
9fd45f73957401,后期加速上升型,3,5,5,4,8
9fd5d8ed2298ff,涨幅微弱型,5,2,7,2,1
a0083de8310eb2,后期加速上升型,4,1,3,6,5
a014942d61819e,涨幅微弱型,5,2,7,2,1
a02ec8cbb443a5,降压主导型,1,3,2,7,4
a0303ca9ffa0ff,后期加速上升型,3,4,4,3,7
a07db939584d48,涨幅微弱型,5,2,7,2,1
a085487274ea62,快速稳定型,3,4,4,3,9
a08fd1c83a14a8,渐进上升型,4,1,6,1,6
a0b1f2fd260702,后期加速上升型,4,5,5,4,8
a0b615c986e114,快速稳定型,2,6,6,1,6
a0e881668011ac,涨幅微弱型,5,2,7,2,2
a10bf3a013b760,渐进上升型,3,4,6,3,9
a10e8603a99461,快速稳定型,2,6,6,1,6
a12529c77331fa,稳定缓升型,3,4,4,3,9
a1409b635ccc0a,渐进上升型,3,4,4,3,9
a149cf4a98905f,后期加速上升型,3,4,4,5,7
a16fbd5096d255,涨幅微弱型,1,3,2,7,4
a18f95a8e52803,涨幅微弱型,5,2,7,2,1
a1b2dde6726ebe,后期加速上升型,2,5,5,4,8
a1bf80fd129bff,涨幅微弱型,5,2,7,2,1
a1ed0701a0bc0b,后期加速上升型,3,5,5,4,8
a23aa2b820b948,稳定缓升型,2,6,6,3,9
a24964589238d7,涨幅微弱型,1,3,2,7,4
a249cce53c1abc,后期加速上升型,3,4,4,3,9
a2764d067955b5,涨幅微弱型,5,2,7,2,2
a27e1cc94cc8ea,涨幅微弱型,5,2,7,2,1
a288491658bb5a,渐进上升型,4,1,6,1,6
a28c17d8261f97,稳定缓升型,4,5,5,4,8
a2a793d626ca57,涨幅微弱型,5,2,7,2,1
a2c463166c24fe,快速稳定型,2,6,6,1,6
a2e1f7aa55f5ff,稳定缓升型,2,6,6,1,6
a2f8b2b61f4b93,稳定缓升型,4,1,6,1,6
a2fd767b95cfa9,快速稳定型,3,4,4,3,2
a2fe9346a68fcd,稳定缓升型,2,1,6,1,6
a308fe300d5591,涨幅微弱型,5,2,7,2,1
a31187d5ba95ee,涨幅微弱型,1,3,2,7,4
a318f16a2180c8,稳定缓升型,4,5,5,4,8
a344d0252b4f0a,快速稳定型,3,4,4,3,9
a347915dd5b0bc,降压主导型,1,3,2,7,4
a359c8a0df84ab,降压主导型,1,3,2,7,4
a39ad07012273f,后期加速上升型,3,5,5,3,9
a39e8935e6afaf,稳定缓升型,4,1,6,1,9
a3bf7d8f40d133,后期加速上升型,3,4,4,5,7
a3c86a4a5f695a,渐进上升型,5,2,4,2,2
a3c8797f8a85ed,涨幅微弱型,5,2,7,2,1
a3f59949d5307c,后期加速上升型,3,4,4,5,7
a4157ac88e1734,涨幅微弱型,5,2,7,2,1
a41c3518e45f3a,稳定缓升型,3,4,4,3,9
a41cb7bc63be77,快速稳定型,2,6,1,8,3
a460cc5dafbddd,渐进上升型,4,1,3,6,5
a46114f9e34c11,后期加速上升型,3,4,4,5,7
a46ee8de942d49,渐进上升型,4,1,6,3,9
a47c2eb49dc7fb,渐进上升型,3,4,4,3,9
a48e16746faa22,降压主导型,1,3,2,7,4
a4968f5a0688ec,快速稳定型,2,6,1,8,3
a49c78ab2c3592,快速稳定型,3,4,6,3,9
a49dfd2563966a,降压主导型,1,3,2,7,4
a4d81eab839486,降压主导型,1,3,2,7,4
a4f3bcff371999,后期加速上升型,3,4,4,3,7
a50325bd653dba,涨幅微弱型,5,2,7,2,1
a50333b2036094,先降后升型,3,4,4,5,7
a530026c0618d1,快速稳定型,3,4,4,3,2
a53a56527d0f35,降压主导型,1,3,2,7,4
a5656924d0128d,涨幅微弱型,5,2,7,2,1
a58a9b8cf7985f,涨幅微弱型,5,2,7,2,1
a59c17a02ec87d,涨幅微弱型,5,2,7,2,2
a5e0a117d8ac29,后期加速上升型,4,5,5,4,8
a5e9ea913b24fd,涨幅微弱型,1,3,2,7,4
a5f0b05f51cee4,后期加速上升型,3,4,4,5,7
a5f565c0a853c5,先降后升型,3,4,4,5,7
a5fa14e96af5ca,涨幅微弱型,5,2,7,5,2
a610bf8491dcaf,涨幅微弱型,1,3,2,7,4
a6137bfd4502a2,涨幅微弱型,5,2,7,2,1
a64c251a026788,降压主导型,1,3,2,7,4
a66dc884c761f6,涨幅微弱型,5,2,7,2,1
a671cc1d974d97,涨幅微弱型,1,3,2,7,4
a672d5d8a81399,后期加速上升型,4,5,5,4,8
a68f494ea3b277,后期加速上升型,3,4,4,3,9
a69acd951026db,后期加速上升型,3,4,4,3,9
a69bce6bbdf222,稳定缓升型,2,6,6,1,6
a69befae208d67,涨幅微弱型,5,2,7,2,1
a69f6bf2065bcc,涨幅微弱型,1,2,7,2,1
a6ae5e25cdcdc5,涨幅微弱型,5,2,7,2,2
a6d9478bdf3823,后期加速上升型,3,4,4,3,9
a6f4e21f48f0d9,后期加速上升型,3,4,4,5,7
a6f71daccb56ab,涨幅微弱型,5,2,7,2,2
a6ff286af7f7c3,稳定缓升型,4,1,3,6,5
a6ff3faafe5698,后期加速上升型,3,4,4,5,7
a71da068b60dbd,涨幅微弱型,1,3,2,7,4
a7225a71d181a8,复杂波动或待判型,5,4,4,5,2
a72a77386ce3c5,快速稳定型,2,1,6,1,6
a73b2ab93f8e3a,后期加速上升型,3,4,4,3,9
a74ce3bc61fe96,后期加速上升型,4,5,5,4,8
a74eb440f3879c,冲高回落型,1,3,2,7,2
a765ee3c8a4ca9,涨幅微弱型,5,2,7,2,1
a76cdcf9ca658f,稳定缓升型,2,1,6,1,6
a7cb72a3af85a1,后期加速上升型,2,6,1,8,3
a7cc8cc7563303,稳定缓升型,4,1,6,1,6
a7d6b2b0c1e487,涨幅微弱型,5,2,7,2,1
a7e2034b8fda91,涨幅微弱型,5,2,7,2,1
a806dfad13dcd1,稳定缓升型,2,6,1,8,3
a8114597814abf,稳定缓升型,3,4,4,3,9
a81c00fd86644e,快速稳定型,2,6,1,8,3
a82265aac26f68,后期加速上升型,3,4,4,3,9
a82b4f494c393b,渐进上升型,3,4,4,3,9
a85fe5dc44d9fe,稳定缓升型,2,6,6,1,6
a86153f1ea0d81,涨幅微弱型,5,2,7,2,1
a8652fd86a661c,后期加速上升型,3,4,4,3,7
a87a5d2f53e787,涨幅微弱型,5,2,7,2,1
a89caf1d9e15ea,涨幅微弱型,5,2,7,2,1
a8abbaa9de151e,渐进上升型,4,1,3,6,5
a8b1b2661b828b,渐进上升型,4,1,6,1,6
a8b69323f34993,稳定缓升型,3,4,4,5,2
a8bc7a9508fc2d,稳定缓升型,3,4,4,3,9
a8e2ef1c77a90b,涨幅微弱型,5,2,7,2,1
a8f407f39b3a3a,快速稳定型,2,6,1,8,3
a905ddf2052939,稳定缓升型,4,1,3,1,6
a9202fab5f0ba8,涨幅微弱型,5,2,7,2,1
a9220fb001e44e,降压主导型,1,3,2,7,4
a92414ca80013a,涨幅微弱型,5,2,7,2,1
a92910b4610ecc,稳定缓升型,3,4,6,3,9
a97eaf313e88e4,涨幅微弱型,5,2,7,2,1
a97f6dbb25cfd6,后期加速上升型,3,5,5,3,9
a98a16ea780702,复杂波动或待判型,1,3,2,7,4
a9965027bd042a,涨幅微弱型,5,2,7,2,1
a997667b1a2f5b,渐进上升型,4,1,3,6,5
a9ba89aee7efce,渐进上升型,4,1,3,6,5
a9babecf1556ca,涨幅微弱型,1,3,2,7,4
a9f1fae3e5f33f,后期加速上升型,3,4,4,5,7
a9fe00ea8070c4,涨幅微弱型,5,2,7,2,1
aa01809e8cf9ae,稳定缓升型,2,6,1,8,3
aa0b17b01dd832,涨幅微弱型,1,3,2,7,4
aa1fc4a74c4770,复杂波动或待判型,2,6,1,8,3
aa3d175acea623,稳定缓升型,2,6,6,3,9
aa3ec2273f249c,稳定缓升型,2,1,6,1,6
aa3fd0e89954a5,降压主导型,1,3,2,7,4
aa54e2fff85cfa,复杂波动或待判型,1,3,2,7,4
aa674e645f26af,涨幅微弱型,5,2,7,2,1
aa7f3a3b2ebddf,快速稳定型,2,6,1,8,3
aaa44d13805ca2,降压主导型,1,3,2,7,4
aaa958f25ff0af,渐进上升型,3,4,4,3,9
aab873d38ae521,降压主导型,1,3,2,7,4
aae74089fd9613,后期加速上升型,3,4,4,3,9
aaffff0527a1fb,涨幅微弱型,5,2,7,2,1
ab0846afa084f8,涨幅微弱型,5,2,7,2,1
ab225b8dfed397,涨幅微弱型,5,2,7,2,1
ab30ccc20192eb,快速稳定型,5,2,7,2,2
ab36e81b07180c,涨幅微弱型,1,3,2,7,4
ab3c765365f922,后期加速上升型,4,5,5,4,9
ab3de2e5e0f7eb,涨幅微弱型,5,2,7,2,1
ab50b114e3be68,涨幅微弱型,5,2,7,2,1
ab6d43a65a39c9,快速稳定型,3,4,6,3,9
ab8ff00921aa5b,涨幅微弱型,5,2,7,2,1
ab93756f32db97,渐进上升型,4,1,3,6,5
ab94b7adeb4e24,后期加速上升型,4,1,5,4,5
abba37dc71127c,后期加速上升型,4,5,5,4,8
abc0fbc652def0,涨幅微弱型,5,2,7,5,7
abcb47dc63d306,渐进上升型,4,1,3,6,5
abcd3f0ae0bd3f,降压主导型,1,3,2,7,4
abeee49f017741,涨幅微弱型,5,2,7,2,1
ac1a35726966ff,稳定缓升型,4,1,3,6,5
ac1f162df68a74,快速稳定型,2,6,6,3,2
ac334ff4b44eab,后期加速上升型,4,1,5,4,9
ac5a1ff2ddb4a5,快速稳定型,2,6,1,8,3
ac70879b61ff5b,渐进上升型,3,4,4,3,9
aca550dfdac7b5,渐进上升型,4,1,3,6,5
acd2cb26300a51,稳定缓升型,4,1,6,1,6
acf439822e89be,后期加速上升型,4,5,5,4,9
acfc664cec9fa8,后期加速上升型,3,4,4,3,9
ad17636f98ed04,后期加速上升型,4,5,5,4,8
ad262886acac40,渐进上升型,4,1,3,6,5
ad4099ffdc3c58,涨幅微弱型,5,2,7,5,7
ad6b47f82740f6,渐进上升型,3,4,4,3,9
ad7a870245261b,后期加速上升型,3,4,4,5,7
ad7a934304956f,渐进上升型,4,1,6,1,9
ad866e985dea23,涨幅微弱型,5,2,7,2,1
ad872c6bf15032,涨幅微弱型,5,2,7,2,1
ad99f2f08cb4a4,渐进上升型,3,4,4,3,7
ada0adb292c8b3,涨幅微弱型,5,2,7,2,1
adb38536623be9,涨幅微弱型,5,2,7,2,1
adb85a3a2cffa2,涨幅微弱型,5,2,7,2,2
adc540e282e67f,涨幅微弱型,1,3,2,7,4
addebd390afe80,快速稳定型,5,2,7,2,2
ae1c78cfec9b3e,涨幅微弱型,5,2,7,2,1
ae2c4fe31347b2,降压主导型,1,3,2,7,4
ae763b61574811,后期加速上升型,3,4,4,5,7
ae7a9610a4f680,涨幅微弱型,5,2,7,2,1
ae8807e083c33d,涨幅微弱型,5,2,7,2,1
aecb4acbcb59e3,后期加速上升型,3,5,5,5,7
aed4415ce4dab3,渐进上升型,3,4,4,3,9
aede46623f6252,降压主导型,1,3,2,7,4
aeece83917ee89,降压主导型,1,3,2,7,4
aef19174aa9392,涨幅微弱型,5,2,7,2,1
aefc61a61f4d08,快速稳定型,2,6,6,1,6
af083b91175165,后期加速上升型,4,5,5,4,8
af0e76c4e13a93,渐进上升型,4,1,3,6,5
af0ea8c2092c74,涨幅微弱型,1,3,2,7,4
af0f2e28e6509d,后期加速上升型,3,4,4,5,7
af24fa8e160a74,后期加速上升型,4,5,5,4,8
af2984bfe7a1a3,稳定缓升型,4,1,6,1,6
af3cdfbd9d2de7,稳定缓升型,3,4,4,3,2
af6b97b6bad4e8,涨幅微弱型,5,2,7,2,1
af721d8719f390,渐进上升型,4,1,6,1,5
af74acfeca9ce9,稳定缓升型,3,4,4,3,9
af7f63fce934a0,后期加速上升型,4,5,5,4,8
af849008992c30,后期加速上升型,3,4,4,3,9
af938fc857bf78,涨幅微弱型,5,2,7,2,1
afb592f3f2b2b4,稳定缓升型,2,1,6,1,6
afcde557ef05f8,后期加速上升型,3,4,4,5,7
afe06cc81f4f02,降压主导型,1,3,2,7,4
afe458b40ac33e,先降后升型,3,4,4,5,7
afe9182d558104,涨幅微弱型,5,2,7,2,1
aff62f63476747,后期加速上升型,4,5,5,4,8
aff6424abbd573,先降后升型,5,4,4,5,7
b00b456fdd6d6d,后期加速上升型,3,4,4,5,7
b021e181c751f8,涨幅微弱型,1,3,2,7,4
b02343b6828b07,稳定缓升型,2,1,6,1,6
b02ae557e2cbaf,后期加速上升型,3,4,4,5,7
b0412f3a8a9f41,稳定缓升型,4,1,3,6,5
b0455ca31a2b51,涨幅微弱型,5,2,7,2,1
b05e3132ec3c38,稳定缓升型,2,6,1,8,3
b079397619d275,复杂波动或待判型,2,6,1,8,3
b0b82bf945d0ae,涨幅微弱型,5,2,7,2,1
b0c3f162bf728a,渐进上升型,4,1,6,1,6
b0da5527b7cb05,后期加速上升型,4,5,5,4,9
b0e0db17231158,涨幅微弱型,5,2,7,2,1
b0ee6db155e970,稳定缓升型,2,6,6,1,6
b0f181eaa43423,渐进上升型,4,1,3,3,9
b105d1be7e7d55,涨幅微弱型,5,2,7,2,1
b135f687e96bfb,稳定缓升型,3,4,4,3,2
b13bf6778220e9,先降后升型,3,5,5,4,8
b14c5300ebc0ea,渐进上升型,3,4,4,3,9
b14caba2b1be5b,降压主导型,1,3,2,7,4
b1593b1bdb5642,后期加速上升型,4,5,5,4,8
b165f8cbb4b7f4,稳定缓升型,2,6,6,1,6
b18661e5d3d23f,先降后升型,3,4,4,5,7
b1cae27fb6226b,稳定缓升型,4,5,5,4,8
b1d89d2ef4149f,后期加速上升型,4,5,5,4,8
b1f06fd9d6a82f,涨幅微弱型,5,2,7,2,1
b1fd9e03bfd599,涨幅微弱型,5,2,7,2,1
b244fe650930de,涨幅微弱型,5,2,7,2,1
b246e5fbb47c5c,稳定缓升型,4,1,6,1,6
b24875db69c2b4,涨幅微弱型,5,2,7,2,2
b25d05db3b88d4,涨幅微弱型,1,3,2,7,4
b25dca86a41390,涨幅微弱型,1,3,2,7,4
b2613b099cca40,后期加速上升型,4,5,5,4,9
b267340a9425d3,涨幅微弱型,5,2,7,2,2
b284895d4dcce0,渐进上升型,4,1,3,6,5
b293aad89d6d4a,渐进上升型,3,4,4,3,7
b2a0e599839ed2,涨幅微弱型,5,2,7,2,1
b2a0f454faa134,稳定缓升型,2,6,6,1,6
b2c623265a1bde,后期加速上升型,3,4,4,5,7
b2c6605812d554,涨幅微弱型,5,2,7,2,1
b2d2e236c92da4,后期加速上升型,3,5,5,4,8
b2e3b42a675710,涨幅微弱型,5,2,7,2,1
b2f1351f8a9524,后期加速上升型,3,5,5,5,7
b2f8833f226e01,涨幅微弱型,1,3,2,7,4
b307953b0ac0cd,后期加速上升型,4,5,5,4,8
b31d65b8846a50,涨幅微弱型,5,2,7,2,1
b322e481a8c003,降压主导型,1,3,2,7,4
b343e4f66129c5,涨幅微弱型,5,2,7,2,1
b345d7df1ce127,渐进上升型,4,1,3,6,5
b347977a376e39,稳定缓升型,2,6,6,1,6
b394fc360da6d9,涨幅微弱型,5,2,7,2,1
b3abc0ee8d299f,涨幅微弱型,5,2,7,2,1
b3b655e611c0e6,降压主导型,1,3,2,7,4
b3dd3ee1c83ac6,复杂波动或待判型,2,6,1,8,3
b3e1cefc239b7b,复杂波动或待判型,1,3,2,7,4
b40ab2cac0df99,涨幅微弱型,1,3,2,7,4
b423fa01e964a3,冲高回落型,5,2,7,2,2
b443579c8b6d6a,涨幅微弱型,5,2,7,2,1
b46636818e59c6,渐进上升型,3,4,4,3,2
b482999a71dbab,涨幅微弱型,1,3,2,7,4
b48acc3883d6ea,稳定缓升型,4,1,6,3,9
b4b102570079b7,涨幅微弱型,5,2,7,2,1
b4df898e77d033,后期加速上升型,3,4,4,5,7
b4ecf3f320d466,涨幅微弱型,5,2,7,2,1
b50c8458bbd87b,涨幅微弱型,5,2,7,2,1
b5284ff66f3fd4,快速稳定型,2,6,4,3,2
b52f0cf17773c0,涨幅微弱型,5,2,7,2,1
b531c7345b9412,先降后升型,3,4,4,5,7
b549af5a48af04,涨幅微弱型,5,2,7,2,1
b54fb8adac5093,涨幅微弱型,5,2,7,2,1
b5b2e28060aaa0,快速稳定型,2,6,6,1,6
b5c3a4b0a1fe3c,后期加速上升型,3,5,5,3,9
b5d9a46f53238e,稳定缓升型,3,4,4,3,9
b5ee85abeb0c10,稳定缓升型,4,1,6,1,6
b5fa74b26b2f3e,稳定缓升型,3,4,4,3,9
b6274254d59967,稳定缓升型,3,4,4,3,9
b632fd6574495c,快速稳定型,2,6,6,1,6
b655f8499bccde,快速稳定型,3,4,4,3,2
b66a4cc9c9a218,涨幅微弱型,5,2,7,2,1
b66da973f13a59,渐进上升型,4,1,3,6,5
b68a6140775e96,稳定缓升型,4,1,3,6,5
b694f7ddee9d1c,涨幅微弱型,5,2,7,2,2
b697cb23309fab,涨幅微弱型,5,2,7,2,1
b69b93794a8d95,涨幅微弱型,5,2,7,2,1
b6a0bc95143887,涨幅微弱型,5,2,7,2,2
b6cb1c48c613f4,后期加速上升型,3,5,5,4,9
b6d37817e3d91b,涨幅微弱型,5,2,7,2,1
b6da0144d53396,涨幅微弱型,5,2,7,2,1
b6e60a94a58c71,快速稳定型,3,4,4,3,9
b718e1e21512d6,涨幅微弱型,5,2,7,2,1
b71d021bab87fc,稳定缓升型,3,4,4,3,2
b728c9a9f985e3,涨幅微弱型,5,2,7,2,1
b7298304447b30,涨幅微弱型,1,3,2,7,4
b74d2f59d64236,后期加速上升型,4,5,5,4,8
b75818fe1e7f10,涨幅微弱型,1,3,2,7,4
b775e7f83d5bec,稳定缓升型,3,4,4,3,9
b77f5531fd2053,涨幅微弱型,5,2,7,2,1
b79f3fa45cf014,后期加速上升型,4,5,5,4,8
b7a2d3714ca188,冲高回落型,2,6,6,1,6
b7b157960a6461,涨幅微弱型,5,2,7,2,1
b7dc8aa4406d35,复杂波动或待判型,1,3,2,7,4
b7ec00c7b1919b,复杂波动或待判型,5,2,7,2,1
b7f9d2b2fa1659,涨幅微弱型,5,2,7,2,1
b8066d1c98dc3b,渐进上升型,3,4,4,3,9
b865276956aea8,冲高回落型,5,2,7,2,2
b8780f21921ae2,涨幅微弱型,1,3,2,7,4
b8a3d207d3450d,后期加速上升型,4,5,5,4,8
b8a5254d81072a,复杂波动或待判型,2,6,1,8,3
b8b1004bf52086,涨幅微弱型,5,2,7,2,1
b8c04b518ac47d,渐进上升型,4,1,3,3,9
b8c88150ed3493,冲高回落型,5,2,7,2,2
b8d4e7f128a3ab,渐进上升型,3,4,4,3,9
b9153318342a1f,渐进上升型,4,1,3,6,5
b9205e8cbf8a2e,降压主导型,1,3,2,7,4
b93be1a0067c06,后期加速上升型,4,5,5,4,9
b95058fd538b2b,渐进上升型,3,1,4,3,9
b9b36401d9a203,涨幅微弱型,3,4,4,5,2
b9bb6aa0e0d58e,稳定缓升型,4,1,3,6,5
b9c0d66d5230f0,渐进上升型,4,1,3,6,5
b9cd217b057bd5,涨幅微弱型,1,3,2,7,4
b9cd2ef5b14914,后期加速上升型,3,4,4,5,7
b9d78926f0b8ee,渐进上升型,4,1,3,6,5
b9fde4f72a481a,涨幅微弱型,5,2,7,2,1
ba1e7f062e51d3,后期加速上升型,3,4,4,5,7
ba3d24424fa169,稳定缓升型,3,4,4,3,9
ba50e5fc05cc18,涨幅微弱型,5,2,7,2,1
ba5a22ba0a0942,稳定缓升型,3,4,4,3,9
ba5fe53a328f03,后期加速上升型,4,1,3,6,5
ba8105525f6332,先降后升型,2,6,1,8,3
baa03106e6fc38,稳定缓升型,3,4,6,3,9
baa5125e6bfaf9,涨幅微弱型,5,2,7,2,1
baae599929aaa5,涨幅微弱型,5,2,7,2,1
babad329c9de42,稳定缓升型,4,1,6,1,6
bafcf6fab3148c,涨幅微弱型,5,2,7,2,1
bb47a575e8d93c,涨幅微弱型,5,2,7,2,1
bb6e083c990b83,后期加速上升型,3,4,4,3,9
bb7fbca523baac,快速稳定型,2,6,6,1,6
bb811c2a6113af,快速稳定型,2,6,6,1,6
bb86b359f49625,后期加速上升型,4,5,5,4,8
bbc00d8e373e7d,渐进上升型,4,1,3,6,5
bbd20c18c672dc,后期加速上升型,3,4,4,5,7
bbe5e5811869e4,涨幅微弱型,5,2,7,2,1
bbe81bbef08d0c,后期加速上升型,3,5,5,4,9
bbec9437885642,稳定缓升型,4,1,6,1,9
bbf4fd90169dff,涨幅微弱型,5,2,7,2,1
bc099fd3917649,涨幅微弱型,5,2,7,2,2
bc0e7bd0783b93,涨幅微弱型,5,2,7,2,1
bc11947e04f1a7,涨幅微弱型,5,2,7,2,1
bc242f38027233,涨幅微弱型,1,3,2,7,4
bc45345aaf5695,降压主导型,1,3,2,7,4
bc996378ff9bf6,快速稳定型,2,6,6,1,2
bc99c5698681e8,渐进上升型,4,1,3,6,5
bca032a5d9c818,降压主导型,1,3,2,7,4
bcabe9f14e762a,涨幅微弱型,1,3,2,7,4
bcb4e8b43b1b13,涨幅微弱型,5,2,7,2,1
bcc7807608ee3d,涨幅微弱型,5,2,7,2,1
bcd255aec24495,涨幅微弱型,5,2,7,2,1
bd2da2178bc6de,涨幅微弱型,1,2,7,2,1
bd39e969579c55,复杂波动或待判型,3,4,4,5,2
bd7d5f0d1ee7f0,后期加速上升型,3,4,4,5,7
bd87952a68b701,涨幅微弱型,5,2,7,2,1
bd9c01c4889227,先降后升型,3,4,4,5,7
bde761fb405783,稳定缓升型,3,4,4,3,9
bdf356ac82668b,先降后升型,3,4,4,5,7
be13307142e1bc,降压主导型,1,3,2,7,4
be2491de90d665,冲高回落型,5,2,7,2,2
be380ec4315eb0,后期加速上升型,4,5,5,4,8
be3cf95b07c4a9,后期加速上升型,3,4,4,3,9
be6395499fcdf7,先降后升型,3,4,4,5,7
be6c2fa5c152e0,复杂波动或待判型,1,3,2,7,4
be86d7dde8250d,涨幅微弱型,5,2,7,2,1
bea64a10f3c5dd,后期加速上升型,3,4,4,3,7
bea7c9c0f32124,快速稳定型,2,6,6,1,6
beabae893b56dd,后期加速上升型,5,2,4,5,7
beb0ca161005ea,先降后升型,3,4,4,5,7
bebb9e83a35717,涨幅微弱型,5,2,7,2,1
bec60ba0a4af49,稳定缓升型,4,1,6,1,6
becbf95becd3b8,后期加速上升型,3,4,4,5,7
bef846949574eb,涨幅微弱型,5,2,7,2,1
befb3302b47132,后期加速上升型,3,5,5,4,8
bf1e157bf84a4d,涨幅微弱型,1,3,7,2,1
bf22bc42d9d4e4,后期加速上升型,3,5,5,4,9
bf3dce8942809d,后期加速上升型,4,5,5,4,9
bf43d4f7cf84fa,后期加速上升型,4,5,5,4,9
bf93609ccf7e4c,稳定缓升型,2,6,1,8,3
bfa6a2b6c17ec9,稳定缓升型,4,1,6,1,9
bfb7a1ad3e28aa,渐进上升型,3,4,4,3,2
bfd369d7951828,稳定缓升型,4,1,6,1,6
bfd72e46afeae4,先降后升型,5,2,7,5,7
bff7f583bada0d,涨幅微弱型,1,3,7,2,1
c001dc76a8aa7e,涨幅微弱型,1,2,7,2,1
c018f98a98e854,后期加速上升型,4,5,5,4,8
c0438765d6d879,后期加速上升型,3,4,4,5,7
c0500a0a93418f,降压主导型,1,3,2,7,4
c05b7d9b3a951c,后期加速上升型,3,4,4,3,9
c08da1b21a5ebb,涨幅微弱型,1,3,2,7,4
c090e9bb978810,稳定缓升型,2,6,6,1,6
c0a960c6cd1575,涨幅微弱型,5,2,7,2,1
c0af9bef8fc56b,涨幅微弱型,5,2,7,2,1
c0b91be3845004,稳定缓升型,2,6,1,8,3
c0ec949c704588,涨幅微弱型,5,2,7,2,1
c1338c464ad0a9,渐进上升型,3,4,4,3,9
c143bc64166439,复杂波动或待判型,1,3,2,5,4
c155aed810c1be,涨幅微弱型,5,2,7,2,1
c1bd7a97f3f16e,稳定缓升型,3,4,4,3,9
c1c5751109b7a3,涨幅微弱型,1,3,2,7,4
c1f353c94a1f17,快速稳定型,4,1,6,1,6
c1fe5933979848,渐进上升型,4,1,3,6,5
c1fec1295cecd1,复杂波动或待判型,2,6,1,8,3
c20293b5139114,复杂波动或待判型,3,4,4,3,2
c203c2e249aa5c,后期加速上升型,4,5,5,4,8
c2064e2a4c0ace,涨幅微弱型,5,2,7,2,1
c207c73c1e80bb,渐进上升型,3,4,4,3,9
c20cbf264a4b06,涨幅微弱型,1,3,2,7,4
c2152e0a9db617,后期加速上升型,3,5,5,4,8
c218d5ce8ea9a9,涨幅微弱型,5,2,7,2,1
c2293333d562d3,后期加速上升型,3,4,4,5,7
c22937686e1248,后期加速上升型,4,5,5,4,8
c22fbd56aaec69,涨幅微弱型,5,2,7,2,1
c2374e310fa596,先降后升型,3,5,5,4,8
c23c32b5b9335e,涨幅微弱型,1,3,2,7,4
c2537a6e246874,后期加速上升型,4,5,5,4,8
c2568e909d2662,稳定缓升型,2,6,1,8,3
c27f39f78553de,后期加速上升型,3,4,4,3,9
c29094039da629,涨幅微弱型,5,2,7,2,1
c293f089dff51d,渐进上升型,4,1,3,6,5
c2a4657502bdeb,涨幅微弱型,5,2,7,2,1
c2b141d47aae59,快速稳定型,2,6,6,1,6
c2cfdebb497a64,涨幅微弱型,5,2,7,2,1
c2da8a31024709,先降后升型,3,4,4,5,7
c2efbbaa9a3209,涨幅微弱型,5,2,7,2,1
c2f07a8b213d46,降压主导型,1,3,2,7,4
c2f5f8f9f594a9,后期加速上升型,3,4,4,3,7
c2f9e69035c062,后期加速上升型,3,4,4,3,9
c2fbb04809951f,涨幅微弱型,5,2,7,2,1
c30705a4efd17c,涨幅微弱型,5,2,7,5,7
c31dd2eda9c65e,涨幅微弱型,5,2,7,2,1
c340969b761973,渐进上升型,4,1,3,6,5
c341401ae9a58a,渐进上升型,3,4,4,3,9
c347d0092b9bc3,冲高回落型,1,3,2,2,2
c3665ee48ac823,后期加速上升型,4,1,3,6,5
c36b81ca3badf4,快速稳定型,2,6,6,1,6
c3855f3532a810,后期加速上升型,3,4,4,5,7
c399ad1a6580f9,稳定缓升型,3,4,6,3,9
c3e922af7f6bc6,快速稳定型,2,6,6,1,6
c3ea3c0ad08b2d,复杂波动或待判型,2,6,1,8,3
c3f3fa010d9e45,冲高回落型,1,3,2,7,4
c4013bf261d990,稳定缓升型,4,1,3,6,5
c41771fae8fada,稳定缓升型,2,6,6,3,9
c41a546006ddba,先降后升型,3,4,4,5,7
c45380ea123cdc,降压主导型,1,3,2,7,4
c45f901506f09e,涨幅微弱型,5,2,7,2,2
c46f2890e01bd4,快速稳定型,2,4,6,3,9
c49e8572ec5046,稳定缓升型,3,4,4,3,9
c4b31a898f8f11,涨幅微弱型,5,2,7,2,2
c4bd53b04263c0,降压主导型,1,3,2,7,4
c4bea93a5285ad,涨幅微弱型,5,2,7,2,1
c4d9f2b42a25ee,涨幅微弱型,5,2,7,2,2
c4e472ea7af353,涨幅微弱型,5,2,7,2,1
c4ec43d47574cd,稳定缓升型,2,6,6,1,6
c4f5905d29c21e,稳定缓升型,3,4,4,3,9
c54accbade6c35,涨幅微弱型,5,2,7,2,1
c55609a41fdd09,涨幅微弱型,5,2,7,2,1
c56e8e49b2a75c,稳定缓升型,3,4,4,3,9
c59a406b74ed73,后期加速上升型,3,5,5,3,9
c5a8079427b4f4,后期加速上升型,4,5,5,4,8
c5be7d51da49b0,后期加速上升型,3,5,5,4,8
c5bf02387d9ba7,涨幅微弱型,5,2,7,2,1
c5db6fa4699048,涨幅微弱型,5,2,7,2,1
c5ea3e5b91726c,冲高回落型,2,6,1,8,3
c613a71bc00dbb,涨幅微弱型,5,2,7,2,1
c617dd0ef50595,后期加速上升型,4,5,5,4,8
c662666fe7a1bb,涨幅微弱型,5,2,7,2,1
c6834e549f4a29,后期加速上升型,4,5,5,4,8
c68603dab66868,渐进上升型,4,1,3,6,5
c6c4e3169bea64,冲高回落型,2,6,1,8,3
c6cb96cb331a6b,稳定缓升型,2,6,1,8,3
c6e120de691942,涨幅微弱型,5,2,7,2,1
c6ebf845c43a56,涨幅微弱型,5,2,7,2,1
c6ebfa4acb6604,涨幅微弱型,5,2,7,2,1
c6f1fa419bf1e6,涨幅微弱型,5,2,7,2,1
c70029fd76a135,降压主导型,1,3,2,7,4
c7019ed4f266f6,快速稳定型,2,6,6,1,6
c708e7eaac0ee1,先降后升型,3,4,4,5,7
c70e988149dc42,快速稳定型,3,4,4,5,2
c70ea5d5f8606b,稳定缓升型,3,4,4,3,9
c74513ad0a4605,涨幅微弱型,5,2,7,2,1
c74e7eb9e89ea6,快速稳定型,2,6,6,1,6
c751f9d5828058,涨幅微弱型,5,2,7,2,1
c75e5004100395,复杂波动或待判型,2,6,1,8,3
c790ea6bafc442,冲高回落型,2,6,6,1,6
c7983c4debb78b,渐进上升型,4,1,3,6,5
c79bed4c47926f,后期加速上升型,5,2,7,5,7
c7b48392b0847d,复杂波动或待判型,2,6,1,8,3
c7b76989890d1d,稳定缓升型,2,6,1,8,3
c7b95cf9ad3b79,涨幅微弱型,5,2,7,2,1
c7cbca9cfbcb65,涨幅微弱型,5,2,7,2,1
c7df92f70ad5ea,快速稳定型,3,4,4,3,2
c7f45eab7a2972,先降后升型,3,5,5,4,7
c80510f7ff8edf,快速稳定型,2,6,6,1,6
c806d88b23f7f6,后期加速上升型,3,4,4,5,7
c81a402b597fac,后期加速上升型,3,5,5,4,8
c81c3918c1fca9,稳定缓升型,4,1,6,1,6
c829110e4ad498,降压主导型,1,3,2,7,4
c8355a087b3c43,后期加速上升型,4,5,5,4,8
c83ad504d7cb10,后期加速上升型,4,5,5,4,8
c851c0321ea0db,渐进上升型,4,1,3,6,5
c8579e0c6d4c0f,快速稳定型,5,2,7,2,2
c86ce7d5205f5c,渐进上升型,4,1,3,6,5
c89784c70c709d,涨幅微弱型,5,2,7,2,1
c8b7a070187561,稳定缓升型,4,1,6,1,9
c8cb7c337eb179,涨幅微弱型,5,2,7,2,1
c8ce9dc6e0f967,涨幅微弱型,1,3,2,7,4
c8da0d6d1fd023,涨幅微弱型,5,2,7,2,1
c8dce6b7b73ce6,稳定缓升型,4,1,3,6,5
c8e88ab688f35a,复杂波动或待判型,5,2,7,5,7
c8f334b483d14d,稳定缓升型,2,1,6,1,6
c8f65303642d4c,涨幅微弱型,5,2,7,2,1
c8ff68590ae4a9,稳定缓升型,4,1,6,1,6
c9081c26783222,复杂波动或待判型,1,3,2,7,4
c922d846c07ef1,涨幅微弱型,5,2,7,2,1
c9230e875ca9fc,稳定缓升型,4,1,3,6,5
c928ad541e508f,涨幅微弱型,5,2,7,2,1
c93723262a6eb2,涨幅微弱型,5,2,7,2,1
c93df703c52160,后期加速上升型,4,5,5,4,8
c94f278c51e3c0,冲高回落型,3,4,4,3,2
c9660833fbf6a9,稳定缓升型,2,6,6,3,9
c968204e49f3e4,渐进上升型,3,4,4,3,9
c9955eca449819,复杂波动或待判型,2,6,1,8,3
c99aa4458afce4,涨幅微弱型,5,2,7,2,1
c99d25375e8d0a,涨幅微弱型,5,2,7,2,1
c9b24f83c13a85,涨幅微弱型,5,2,7,5,7
c9cbc8e311ea1b,降压主导型,1,3,2,7,4
c9d9563fd9c134,快速稳定型,2,6,1,8,3
c9e7a8dd9a14d0,先降后升型,4,5,5,4,8
ca0276a8b7a600,快速稳定型,2,6,6,1,2
ca0eaaa786c326,涨幅微弱型,5,2,7,2,1
ca24c4e63f5b21,快速稳定型,3,4,4,3,2
ca289c72e09b94,涨幅微弱型,5,2,7,2,1
ca2aa434d9b01a,涨幅微弱型,1,3,2,7,4
ca4477887b852c,稳定缓升型,4,5,5,4,8
ca9edab03e4e03,冲高回落型,3,4,4,3,2
caab9465000a37,渐进上升型,3,4,4,3,2
cac34ac7bd9cb6,涨幅微弱型,5,2,7,2,1
cac99308df1a4a,快速稳定型,2,6,6,3,6
cada1b8d8ffb22,渐进上升型,4,1,3,6,5
cadbd7fecb54a3,稳定缓升型,2,6,1,8,3
cae0596f9ed522,涨幅微弱型,5,2,7,5,2
cb0045a45f78bf,渐进上升型,4,1,3,6,5
cb313fa6d3cf57,涨幅微弱型,5,2,7,2,1
cb3f645fdf6f46,先降后升型,3,4,4,5,7
cb610f8043233f,涨幅微弱型,5,2,7,2,1
cb6ead397bd6f0,后期加速上升型,3,4,4,3,7
cb8acdd4ffe6d0,稳定缓升型,2,6,1,8,3
cb8c784edde2e8,涨幅微弱型,5,2,7,2,1
cb8f60c57d86b4,稳定缓升型,3,4,4,5,2
cbb98c8724f59b,后期加速上升型,4,5,5,3,9
cbbdc9151b2f81,后期加速上升型,3,4,4,5,7
cc150d5b8a8384,复杂波动或待判型,1,3,2,7,4
cc1cec99c72e71,涨幅微弱型,5,2,7,2,1
cc47e9be61635f,涨幅微弱型,5,2,7,2,1
cc5b3c3ca1b906,快速稳定型,3,4,4,3,2
cc6002002c5dbd,后期加速上升型,4,5,5,4,8
cc8862463aed6b,涨幅微弱型,5,2,7,2,1
cc92a674845f7a,涨幅微弱型,5,2,7,2,1
ccc73e399b0cd3,后期加速上升型,3,5,5,4,9
ccdb4c1ead5a50,渐进上升型,4,1,6,1,6
ccff704a5fcb95,后期加速上升型,4,5,5,4,8
cd0f1d7ef4cb04,复杂波动或待判型,1,3,2,7,4
cd20832756e333,渐进上升型,4,1,6,1,6
cd2cd6d2135a69,涨幅微弱型,1,3,2,7,4
cd41169a2b9c17,先降后升型,3,4,4,3,9
cd45ee10bf1a53,涨幅微弱型,5,2,7,2,1
cd939896a61c03,稳定缓升型,3,4,4,3,9
ce33a3e1348cf0,降压主导型,1,3,2,7,4
ce4d258edb8997,复杂波动或待判型,5,2,4,5,7
ce529ade4489a2,后期加速上升型,3,4,4,5,7
ce5f9051e535b7,后期加速上升型,5,2,7,5,7
ce9d0f37339c74,快速稳定型,3,4,4,3,2
cea580085fc07f,涨幅微弱型,5,2,7,2,1
ceba1e06156621,稳定缓升型,3,4,4,3,2
cecd5cb6321230,渐进上升型,5,4,4,5,7
cece39fcc6e6a5,稳定缓升型,2,6,1,8,3
ced559b514b0df,涨幅微弱型,5,2,7,2,1
ced781da856cec,稳定缓升型,3,4,6,3,9
cf0baacd57e130,快速稳定型,2,6,1,8,3
cf0cd0455bc0ad,稳定缓升型,2,6,6,1,6
cf184f0fc754f1,快速稳定型,5,2,7,2,2
cf1bfa781903d3,后期加速上升型,3,5,5,4,8
cf1e03fff22e6a,冲高回落型,1,3,2,7,4
cf5cef07312e02,先降后升型,3,4,4,5,7
cfd38a4507e0b4,后期加速上升型,3,5,5,4,7
cff0ffde9fef89,降压主导型,1,3,2,7,4
d0242647c0cf92,快速稳定型,2,6,6,1,6
d04a4dd51727a2,涨幅微弱型,5,2,7,2,1
d086e22a8cd710,快速稳定型,2,6,6,1,6
d09a7d65f54a33,稳定缓升型,3,4,4,3,2
d0c3fdd94bd8e1,涨幅微弱型,5,2,7,2,1
d10673568d82e0,稳定缓升型,2,6,6,1,6
d129a06c0ef911,涨幅微弱型,1,3,2,7,4
d15fcf99e1ca0a,快速稳定型,2,6,1,8,3
d167da759a8610,渐进上升型,4,1,3,6,5
d16939892c7098,快速稳定型,2,6,6,1,6
d172da0c629aa0,涨幅微弱型,5,2,7,2,1
d187693873d0b3,快速稳定型,3,4,4,3,2
d198b5f0935072,涨幅微弱型,5,2,7,2,1
d1e8da2d62d877,涨幅微弱型,5,2,7,2,1
d1f36cd573826a,涨幅微弱型,1,3,2,2,1
d20f466b1f9b42,复杂波动或待判型,2,6,1,8,3
d2136d57288f51,涨幅微弱型,5,2,7,2,1
d236055291be91,稳定缓升型,3,4,4,5,7
d236d905252544,涨幅微弱型,1,3,2,7,4
d23b0813a256e8,涨幅微弱型,5,2,7,2,1
d247569487a383,后期加速上升型,3,4,4,5,7
d24828bb128bba,涨幅微弱型,5,2,7,2,2
d2546c20ed2e5c,降压主导型,1,3,2,5,7
d26e85e47bfd9e,快速稳定型,3,4,4,3,2
d27a2816ff82d8,渐进上升型,3,4,4,5,7
d28c25f6ad5cf8,涨幅微弱型,5,2,7,2,1
d295d505c21eb7,稳定缓升型,3,4,4,3,9
d2960fa51b82bc,渐进上升型,4,1,6,1,6
d2996ad70f61e0,后期加速上升型,5,2,7,5,7
d2a7f9766f34c8,后期加速上升型,4,5,5,4,8
d2c33463429ac1,涨幅微弱型,5,2,7,2,1
d2f54708c07322,后期加速上升型,4,5,5,4,8
d2fcbc8928dabd,涨幅微弱型,5,2,7,2,1
d3044965272bdc,涨幅微弱型,5,2,7,2,1
d3082b2400ff17,先降后升型,1,3,2,7,4
d31fccbeebcc4a,涨幅微弱型,1,3,2,7,4
d3245190f9f901,渐进上升型,4,1,3,6,5
d35a220b9da68c,稳定缓升型,4,1,6,1,6
d36e375b7272a3,后期加速上升型,3,4,4,5,7
d37ab3242f2999,降压主导型,1,3,2,7,4
d38f5c1bd8c806,快速稳定型,2,6,1,8,3
d39066d171b98c,涨幅微弱型,5,2,7,2,1
d3a885c104ac82,稳定缓升型,2,1,6,1,6
d3c5bc21d3b8a9,涨幅微弱型,1,3,2,7,4
d3ca0d7739ed02,后期加速上升型,5,4,4,5,7
d3d03cb5d69557,稳定缓升型,2,1,6,1,6
d3f741d6fbd42d,涨幅微弱型,5,2,7,2,1
d4265dd9843fcc,后期加速上升型,3,4,4,3,9
d441943ca6a331,先降后升型,3,4,4,5,7
d4487c5f56f8b2,涨幅微弱型,5,2,7,2,1
d44dc97e568dcc,降压主导型,1,3,2,7,4
d452e01eb13e16,涨幅微弱型,5,2,7,2,1
d458c0227e191a,降压主导型,1,3,2,7,4
d45d51dcc74eaf,后期加速上升型,3,4,4,3,9
d45d82152a148b,后期加速上升型,3,4,4,5,7
d46a7299395d46,涨幅微弱型,5,2,7,2,1
d4dfa60a246402,稳定缓升型,2,6,1,8,3
d4e6aad65d1bf1,涨幅微弱型,5,2,7,2,1
d4fbf196ccf535,涨幅微弱型,5,2,7,2,1
d534637362d7c6,涨幅微弱型,5,2,7,2,1
d5519f8386d669,后期加速上升型,3,4,4,3,9
d5669007e1b97b,渐进上升型,3,4,4,3,9
d57d039ee680fe,渐进上升型,4,1,3,6,5
d5a637228f3c76,复杂波动或待判型,2,6,1,8,3
d5d78636252226,后期加速上升型,3,5,5,4,8
d61731346bf388,渐进上升型,3,4,4,5,7
d621eb4b0f77fb,渐进上升型,3,4,4,3,9
d63ed4317ec847,涨幅微弱型,1,3,2,7,4
d647bb076213a2,涨幅微弱型,5,2,7,2,1
d6641f52f55bdd,渐进上升型,4,1,3,6,5
d664e17f0056a7,快速稳定型,2,1,6,1,6
d66a06f2560358,先降后升型,3,4,4,5,7
d67e06441b84d2,涨幅微弱型,5,2,7,2,1
d6ac601159d813,涨幅微弱型,5,2,7,2,1
d6dc56c2ea4032,稳定缓升型,3,4,4,5,2
d6e2fac41ff759,降压主导型,1,3,2,7,4
d6fc3331d1cdc3,快速稳定型,3,4,4,3,2
d705ed705aa9a3,降压主导型,1,3,2,7,4
d7144ceb6d0111,冲高回落型,2,6,6,1,6
d71b5c7fe27554,稳定缓升型,5,4,4,5,7
d7421455fb1e22,后期加速上升型,4,5,5,4,8
d74cbfb7e76b55,稳定缓升型,4,1,6,1,6
d75053ea6bafd0,快速稳定型,2,6,1,8,3
d77b792152573d,涨幅微弱型,5,2,7,2,1
d77c691d3a2d83,涨幅微弱型,5,2,7,5,7
d784b320c90216,渐进上升型,3,4,4,3,9
d79335c519f1bd,快速稳定型,2,1,6,1,6
d7a1b53d1583cd,涨幅微弱型,5,2,7,2,1
d7adab3399367d,复杂波动或待判型,2,6,1,8,3
d7c96374af1fc3,降压主导型,1,3,2,7,4
d7d7e31f592d15,涨幅微弱型,5,2,7,2,1
d7db6d0c72ed3f,涨幅微弱型,5,2,7,2,1
d7f8a00360571e,涨幅微弱型,1,3,2,7,4
d8089a21412441,渐进上升型,4,1,3,6,5
d80c5c4fd0745a,后期加速上升型,3,4,4,5,7
d83c52602bbdf5,降压主导型,1,3,2,7,4
d872f005e7175f,降压主导型,1,3,2,7,4
d87a8b084ec2b7,降压主导型,1,3,2,7,4
d87fdb8c9140b8,复杂波动或待判型,1,3,2,7,4
d88c3355087d1a,先降后升型,3,4,4,5,7
d8a56c75c7f4f8,后期加速上升型,3,4,4,5,7
d8a6e082b90473,稳定缓升型,2,6,6,1,6
d8cb9ac0ce5a07,降压主导型,1,3,2,7,4
d8e3799391e549,后期加速上升型,3,4,4,5,7
d8fa52c052171e,后期加速上升型,3,4,4,5,7
d934cf88acda8a,后期加速上升型,3,4,4,5,7
d9370c0b9e5299,复杂波动或待判型,4,1,3,6,5
d93fe865f551f2,后期加速上升型,4,1,6,1,9
d9406665a84451,稳定缓升型,4,1,6,1,6
d9543279c70508,涨幅微弱型,1,3,2,7,4
d9671672afef94,快速稳定型,2,1,6,1,6
d9928df4193b0c,后期加速上升型,4,5,5,4,8
d9b5972b006d4f,后期加速上升型,3,4,4,5,7
d9cc21b285e59c,后期加速上升型,3,4,4,5,7
d9deae29405110,渐进上升型,4,1,6,1,6
da068981066e54,涨幅微弱型,1,3,2,7,4
da107fd2500d9f,降压主导型,1,3,2,7,4
da1bd350be386c,后期加速上升型,3,4,4,3,9
da2d50f994c791,稳定缓升型,4,1,6,1,6
da36eb17c79b5e,降压主导型,1,3,2,7,4
da3c7d3f21f229,涨幅微弱型,1,3,2,7,4
da6086e85ef837,涨幅微弱型,5,2,7,2,1
da6c50474b67a6,渐进上升型,4,1,3,6,5
da7d0a6f4903d1,涨幅微弱型,5,2,4,2,2
da7ee75ec9ef41,快速稳定型,2,6,1,8,3
da8bf26b24fa80,涨幅微弱型,5,2,7,2,2
da8e5542cd5281,渐进上升型,4,1,3,6,5
daa775c8664d15,涨幅微弱型,5,2,7,2,1
dabdcb0a7b8ad2,涨幅微弱型,5,2,7,2,1
dabf8449ab1672,渐进上升型,3,4,4,3,9
daf867dfe2c41e,稳定缓升型,3,4,4,3,9
dafcc82abdaa6c,渐进上升型,4,1,6,1,6
db0a8351f2a5dd,渐进上升型,4,1,3,6,5
db0c7b370ec9d1,稳定缓升型,3,4,4,3,9
db1d1ec4729c87,快速稳定型,2,6,6,1,6
db27428e32e040,快速稳定型,2,6,6,1,6
db2dc1e352de11,快速稳定型,2,6,6,1,6
db48618c039b76,后期加速上升型,3,4,4,3,2
db4c6aded1389c,快速稳定型,2,6,1,8,3
db7bde6a1a3c61,渐进上升型,4,1,6,3,9
db862b28189226,后期加速上升型,3,4,4,3,9
db8741a231ec9e,稳定缓升型,3,4,4,3,9
db934240258cca,后期加速上升型,3,4,4,5,7
dba5933f6c9056,渐进上升型,3,4,4,3,2
dba5a5fec61081,涨幅微弱型,5,2,7,2,1
dbbc97c020dcdb,涨幅微弱型,5,2,7,2,1
dbfc429014544d,后期加速上升型,3,5,5,5,7
dc3499d33e412d,渐进上升型,4,1,6,1,6
dc6e82464335da,稳定缓升型,3,4,4,3,9
dc832e2ca0b460,稳定缓升型,3,4,4,5,7
dc90407098f9c2,后期加速上升型,3,4,4,3,9
dcab0e0a3e8c84,快速稳定型,4,1,6,1,6
dcb4d7b262c1e9,稳定缓升型,3,4,4,3,9
dcdfbdec2be7f3,涨幅微弱型,5,2,7,2,2
dce1fd6653cbc9,渐进上升型,4,1,6,1,6
dcf2fcd3ff0358,快速稳定型,3,4,6,3,9
dcf4c36e3efe35,后期加速上升型,4,1,3,6,5
dd028114141c0b,稳定缓升型,4,1,6,1,6
dd117deb1e679f,后期加速上升型,3,5,5,4,8
dd5b6029f5a2ae,涨幅微弱型,5,2,7,2,1
dd7e9678420c44,渐进上升型,4,1,3,6,5
dd834834985e8f,涨幅微弱型,1,3,2,7,4
dd8aa90d02b8de,快速稳定型,2,1,6,1,6
ddbcefdf188257,快速稳定型,2,1,6,1,6
ddf3d522ff9153,复杂波动或待判型,1,3,2,5,7
de1343cb8b097c,涨幅微弱型,5,2,7,2,1
de18ace76096a4,后期加速上升型,3,4,4,3,9
de53432565df35,涨幅微弱型,5,2,7,2,1
de59b36d358373,涨幅微弱型,1,3,2,7,4
de68023660c755,稳定缓升型,3,4,4,3,9
de6b4259437633,涨幅微弱型,5,2,7,2,1
de8f4125663c62,渐进上升型,3,4,4,3,9
de94c44da38c29,渐进上升型,4,1,3,6,5
deb2172603c15a,涨幅微弱型,5,2,7,2,1
dec9db98e40123,渐进上升型,5,4,4,5,7
deca62c28deed8,涨幅微弱型,5,2,7,5,2
dee49b0f887591,后期加速上升型,4,5,5,4,8
deea7a8dfb4e3f,涨幅微弱型,5,2,7,2,1
df1e28037a1368,后期加速上升型,3,4,4,5,7
df4b173223a1e3,复杂波动或待判型,2,6,1,8,3
df4c7dec761340,先降后升型,3,4,4,5,7
df4fb418fdbac7,快速稳定型,2,6,6,1,6
df53a1026cb9a4,稳定缓升型,2,6,6,1,6
df9cb69254d33f,涨幅微弱型,5,2,7,2,1
dfc1c4920aacea,渐进上升型,4,1,3,6,5
dfc20ae5cdcce1,涨幅微弱型,5,2,7,2,1
dfc2c2954a0f59,后期加速上升型,3,4,4,3,9
dff2dd8995fd65,后期加速上升型,3,5,5,4,9
e00488e3d5dd07,冲高回落型,2,6,1,8,3
e0103798e26da6,后期加速上升型,5,2,4,5,7
e014a83c274fdf,渐进上升型,3,4,4,3,9
e0262811c44fc3,降压主导型,1,3,2,7,4
e02e8cde295c52,稳定缓升型,4,5,6,3,9
e0338280e80f0c,渐进上升型,4,1,6,3,9
e051022ee83a8f,复杂波动或待判型,5,4,4,5,2
e063c4e5df4359,涨幅微弱型,5,4,4,5,7
e07998355bde7b,渐进上升型,4,1,6,1,6
e07e23a3b5fda9,稳定缓升型,3,4,4,5,2
e08ac40854363e,冲高回落型,1,3,2,7,2
e097a32107c2c4,涨幅微弱型,1,3,2,7,4
e09af8bf480178,涨幅微弱型,5,2,7,2,1
e0c47e71a977a8,稳定缓升型,5,2,7,5,7
e0c55c9a421274,涨幅微弱型,5,2,7,2,1
e0ce74184a90df,渐进上升型,3,4,4,3,2
e0d2077ac3f06d,稳定缓升型,4,1,3,6,5
e0ec48ff5c308e,后期加速上升型,2,6,1,8,3
e0fac697f3960a,涨幅微弱型,5,2,7,2,1
e1007f953320b9,涨幅微弱型,5,2,7,2,2
e1216adc3b101b,先降后升型,3,4,4,5,7
e121a6a72610cf,冲高回落型,1,3,2,7,4
e13f6c8b8bfe3c,稳定缓升型,2,6,1,8,3
e15b5bdcd0d80a,稳定缓升型,3,5,5,3,9
e1678c4cbe4b7d,涨幅微弱型,1,3,2,7,4
e16d8e2f22e191,降压主导型,1,3,2,7,4
e174b903c658b3,快速稳定型,2,1,6,1,6
e17f8ad8345b73,冲高回落型,5,2,7,2,2
e1926f4c58fbe9,渐进上升型,4,1,3,6,5
e193d504e9e6d1,涨幅微弱型,5,2,7,2,1
e19843043833c3,渐进上升型,3,4,4,5,7
e198987e6732cd,复杂波动或待判型,2,6,1,8,3
e1a0def468f4dd,后期加速上升型,3,4,4,3,9
e1f93ca2b94a6d,后期加速上升型,2,6,1,8,3
e202485d4b57af,稳定缓升型,4,5,5,4,8
e20262951cfa1d,降压主导型,1,3,2,7,4
e211c1a9417188,渐进上升型,5,4,4,2,2
e21ae7fd4c19d1,涨幅微弱型,5,2,7,2,2
e233dcb75df5f8,渐进上升型,4,1,3,6,5
e24180619d6f9e,降压主导型,1,3,2,7,4
e2436d50ce7457,复杂波动或待判型,1,3,2,7,4
e24a10f33cad45,渐进上升型,3,4,4,3,9
e25773a930fd7e,复杂波动或待判型,2,6,1,8,3
e279c275ab2589,复杂波动或待判型,2,6,1,8,3
e2c4aede486031,渐进上升型,4,1,6,3,9
e2d5d80b18d0f1,后期加速上升型,4,5,5,4,8
e2de8369f1492d,涨幅微弱型,5,2,7,2,1
e2ec2b36e3d4de,后期加速上升型,3,4,4,3,9
e2f6c83c7d69fa,稳定缓升型,3,1,6,3,9
e301dde0d98096,降压主导型,1,3,2,7,4
e31626dabb24cc,快速稳定型,2,6,1,8,3
e31a4d18de551c,后期加速上升型,4,5,5,4,8
e32236c573352b,涨幅微弱型,5,2,7,2,2
e32d6c3e6f8320,后期加速上升型,3,4,4,3,9
e3301b38d706e1,稳定缓升型,3,4,4,5,2
e34b2d17237858,渐进上升型,4,1,3,6,5
e35066f278bee8,后期加速上升型,4,5,5,4,8
e364739cd2fd79,涨幅微弱型,5,2,7,2,1
e397889defeb39,涨幅微弱型,5,2,7,2,1
e3a322637cb307,涨幅微弱型,5,2,7,2,1
e3bb977233d291,快速稳定型,2,6,6,1,6
e3de786591bec0,稳定缓升型,4,1,3,6,5
e3e6d42c08b3f3,后期加速上升型,4,1,3,6,5
e416b8238213dc,渐进上升型,4,1,3,6,9
e4184ac0135203,冲高回落型,1,3,2,7,4
e4224a083fb6b2,降压主导型,1,3,2,7,4
e44bee5e36a7a2,涨幅微弱型,5,2,7,2,1
e45bfa28e09f60,涨幅微弱型,5,2,7,2,1
e46777ebfeefd9,渐进上升型,4,1,6,1,6
e4c31e42a4cf4e,渐进上升型,4,1,3,6,5
e50baa8113e83c,涨幅微弱型,1,3,2,7,4
e50e740a1b9890,快速稳定型,2,1,6,1,6
e528f059099a5f,后期加速上升型,2,6,1,8,3
e542e176a8946e,降压主导型,1,3,2,7,4
e548676e1b66a5,后期加速上升型,3,4,4,5,7
e54a16a26fd30c,降压主导型,1,3,2,7,4
e58077d9379656,渐进上升型,4,1,3,6,5
e5b1b5eaf2efea,后期加速上升型,5,2,7,5,7
e5c4992b491132,渐进上升型,4,1,3,6,5
e5e1bc42fb7f6e,涨幅微弱型,5,2,7,2,1
e5f9fb24220223,后期加速上升型,3,5,5,4,8
e60133e8aa6ecd,后期加速上升型,4,5,5,4,8
e63011ccd07851,后期加速上升型,3,4,4,5,7
e6325ae05824cd,涨幅微弱型,5,2,7,2,1
e663b740be638f,降压主导型,1,3,2,7,4
e66d6ab12f5335,涨幅微弱型,5,2,7,2,1
e676c28bdce962,涨幅微弱型,5,2,7,2,2
e67aec16e188ae,后期加速上升型,3,4,4,3,9
e7036b8462e81f,涨幅微弱型,5,2,7,2,1
e718e0650b14c1,降压主导型,1,3,2,7,4
e7275235201579,渐进上升型,3,4,4,3,9
e73515f8bd3490,渐进上升型,3,4,4,5,7
e7519af7855373,涨幅微弱型,5,2,7,2,1
e75ab818844bac,稳定缓升型,2,6,1,8,3
e7774a9a7b4121,先降后升型,1,3,2,7,4
e77e5d48197ea1,复杂波动或待判型,1,3,2,7,4
e787d11a44ec38,后期加速上升型,3,4,4,5,7
e7a57352ff31bf,稳定缓升型,2,6,6,3,9
e7a6c489857646,复杂波动或待判型,5,4,4,5,7
e7ce07462c818c,稳定缓升型,5,4,4,5,2
e7d763fcba7d48,渐进上升型,4,1,6,3,9
e7e7370b93437b,涨幅微弱型,1,3,2,7,4
e7ebf0a59aaf0b,稳定缓升型,3,4,4,3,9
e7fb723bbab626,后期加速上升型,3,4,4,5,7
e7ffa7e346492d,后期加速上升型,3,4,4,3,9
e8065975064c1e,稳定缓升型,2,1,6,1,6
e81b4d93b50a70,涨幅微弱型,5,2,7,2,1
e821725f201d4a,涨幅微弱型,5,2,7,2,1
e8420024e4f097,稳定缓升型,4,1,6,1,6
e85af12f0cdee3,涨幅微弱型,5,2,7,2,1
e85fb3d19543ef,渐进上升型,4,1,3,6,5
e87f608cb24ce5,涨幅微弱型,5,2,7,2,1
e88284fd2130c6,冲高回落型,1,3,2,7,4
e891344704b774,渐进上升型,4,1,6,1,6
e899fd8031aefa,渐进上升型,4,1,6,3,9
e8a80c801035f7,后期加速上升型,3,5,5,4,8
e8c7c0d80b4840,稳定缓升型,2,6,6,1,6
e8dfe5ec3d2532,后期加速上升型,4,5,5,4,8
e903bea8adc8ed,涨幅微弱型,5,2,7,2,1
e90648dfabd454,涨幅微弱型,5,2,7,2,1
e91577d190b0b6,涨幅微弱型,5,2,7,2,1
e92d5394de6e43,涨幅微弱型,5,2,7,5,1
e95477e4fa7aaa,涨幅微弱型,1,3,2,7,4
e95ffb10be0af2,渐进上升型,4,1,6,1,6
e9750de642f4ac,降压主导型,1,3,2,7,4
e979bada28d824,稳定缓升型,2,6,1,8,3
e997092657107b,后期加速上升型,3,5,5,3,9
e9b262ae78f408,涨幅微弱型,5,2,7,2,1
e9e203f1f5d1f9,复杂波动或待判型,3,4,6,3,2
e9eead629dfa17,后期加速上升型,3,4,4,3,7
e9f40775c911dc,涨幅微弱型,1,3,2,7,4
ea2941495934be,稳定缓升型,2,6,1,8,3
ea4a03b0e11cfd,渐进上升型,4,1,6,1,6
ea4f6ba2c421aa,后期加速上升型,3,4,4,5,7
ea57d21f91379e,复杂波动或待判型,1,1,6,1,6
eac641673b3757,稳定缓升型,2,1,6,1,6
eac7e53c39fed0,稳定缓升型,2,6,6,1,6
ead66c8db4ffb5,涨幅微弱型,5,2,7,2,1
eae5e5f6345dcb,涨幅微弱型,5,2,7,2,1
eaeaf166a173f8,后期加速上升型,3,4,4,3,9
eb0f704fe5b8c4,快速稳定型,2,6,6,1,6
eb10e1f3d0f3f4,涨幅微弱型,5,2,7,2,1
eb35ad148b1cbc,稳定缓升型,3,4,4,3,9
eb423716633442,冲高回落型,5,2,7,2,2
eb5316eeed6167,后期加速上升型,3,5,5,4,9
eb57305884c26c,降压主导型,1,3,2,7,4
eb666d28d5d459,渐进上升型,4,1,3,6,5
eb9fe709c73857,稳定缓升型,3,4,4,3,9
ebb3abd8cec58f,涨幅微弱型,5,2,7,2,1
ebb6aba83279ca,降压主导型,1,3,2,7,4
ebc43cef152b69,涨幅微弱型,5,2,7,2,1
ebdebf955d44dc,涨幅微弱型,1,3,2,7,4
ebfa5d91a9a844,后期加速上升型,3,4,4,5,7
ec0f0f220462ad,后期加速上升型,3,4,4,3,9
ec109f2daf627e,涨幅微弱型,5,2,7,2,2
ec1699b7e0dc2d,复杂波动或待判型,5,2,4,2,2
ec1c16d622675e,渐进上升型,3,4,4,3,9
ec5a29ba44c39b,渐进上升型,4,1,3,6,5
eca257b63b5aeb,渐进上升型,4,1,3,6,5
ecb00615dfa05a,降压主导型,1,3,2,7,4
ecb32162ad57a1,涨幅微弱型,5,2,7,2,1
ecbbacbd773661,涨幅微弱型,5,2,7,2,1
ecc4a386be407e,涨幅微弱型,1,3,2,7,4
ecc7cd1b303b7a,后期加速上升型,3,4,4,5,7
eccb5b1030e9c7,快速稳定型,3,4,4,3,2
ecd27c3cce9323,涨幅微弱型,5,2,7,2,1
ecf22eb615c33d,降压主导型,1,3,2,7,4
ed33c4d539f456,快速稳定型,5,2,7,2,2
ed60335907066c,后期加速上升型,5,4,4,5,2
ed6d8d65e5b9b2,涨幅微弱型,5,2,7,2,1
ed84ee6f871d52,涨幅微弱型,5,2,7,2,1
eda6e6e41acf2a,涨幅微弱型,1,3,2,7,4
edad87182fdb48,渐进上升型,3,4,4,3,9
edb53f41eb7a46,后期加速上升型,3,4,4,5,7
edb745d0071826,涨幅微弱型,5,2,7,2,2
edce297d7c4376,涨幅微弱型,5,2,7,2,1
edd52ebc02d9a0,涨幅微弱型,5,2,7,2,1
edea0f781fce26,快速稳定型,2,1,6,1,6
ee0436bc620ada,稳定缓升型,3,4,6,3,9
ee1659aa064cfe,涨幅微弱型,5,2,7,2,1
ee26827952519e,涨幅微弱型,5,2,7,2,2
ee38a852f5c113,冲高回落型,5,2,7,2,2
ee3b2ddb9cc9bd,后期加速上升型,3,4,4,5,7
ee4cf475bf8beb,后期加速上升型,3,4,4,3,9
ee6d67da82b625,后期加速上升型,3,5,5,4,9
ee7f5a3926413d,涨幅微弱型,1,3,2,7,4
ee7ff5ba9dfad7,涨幅微弱型,5,2,7,2,1
ee962657ea853d,涨幅微弱型,5,4,4,5,2
eea6a98770e757,降压主导型,1,3,2,7,4
eec159d3ab33fb,快速稳定型,5,2,7,2,2
eed3c0dd3a2b6c,涨幅微弱型,5,2,7,2,1
eedaf153684a9f,涨幅微弱型,5,2,7,2,1
eede434a3d949c,涨幅微弱型,5,2,7,2,1
eef4b6adda0551,后期加速上升型,3,4,4,3,9
ef10e5b4247a1e,涨幅微弱型,5,2,7,2,2
ef1e851dadb317,稳定缓升型,2,6,6,1,6
ef2dd2dc00fc2e,稳定缓升型,4,1,3,6,5
ef5668972bbcb8,稳定缓升型,3,4,4,3,9
ef6c1fe273173a,先降后升型,3,4,4,5,7
ef9603bcf9a1e2,后期加速上升型,3,5,5,3,9
efa4c7130d0812,稳定缓升型,3,4,4,3,9
efc16ba1c04311,冲高回落型,1,3,2,2,2
efc248ca46e0c3,涨幅微弱型,5,2,7,2,2
f010eeb76e772f,降压主导型,1,3,2,7,4
f03762b6e9ac79,涨幅微弱型,5,2,7,2,1
f0438db9565082,渐进上升型,3,4,4,3,9
f04cc414d5f606,稳定缓升型,2,6,6,1,6
f06baa284d3ec3,涨幅微弱型,5,2,7,5,7
f0a2723c14a49e,渐进上升型,4,1,3,6,5
f0bbda337805bd,涨幅微弱型,5,2,7,2,1
f0cbfaae85aedb,稳定缓升型,2,6,6,1,6
f0e65a28fd3fb0,涨幅微弱型,5,2,7,2,1
f0e98f351d6a56,涨幅微弱型,5,2,7,2,1
f0eaf3b2ed485c,后期加速上升型,3,5,5,4,8
f0f3e6d7b58187,稳定缓升型,2,6,6,1,6
f10357c9de8e2c,稳定缓升型,3,4,4,3,9
f10cac58a0b3bd,涨幅微弱型,5,2,7,5,7
f10ee23ff03d1b,快速稳定型,2,6,6,1,6
f13dad48350e51,后期加速上升型,3,4,4,5,7
f16e8cfb48a023,渐进上升型,4,1,3,6,5
f1747a00005ebb,涨幅微弱型,5,2,7,2,1
f1a35d0ab6d9de,稳定缓升型,4,1,6,1,5
f1c1b2480e33b7,涨幅微弱型,5,2,7,2,1
f1ca3f4e762e9a,稳定缓升型,2,6,1,8,3
f1ca508bc13f01,快速稳定型,2,6,6,1,6
f1ed420fedb630,渐进上升型,3,4,4,3,9
f1ed6b167466f7,涨幅微弱型,5,2,7,2,1
f20dd1eac8412b,涨幅微弱型,5,2,7,2,1
f24441339ee16a,后期加速上升型,3,4,4,5,7
f247297d1c4f5d,后期加速上升型,3,5,5,4,8
f24e45eab7c733,快速稳定型,2,1,6,1,6
f2504e4d9c3903,冲高回落型,1,3,2,7,4
f263ef698effe8,后期加速上升型,4,5,5,4,8
f28c8391effe69,后期加速上升型,2,6,1,8,3
f28fec3c609f1e,涨幅微弱型,5,2,7,7,1
f2bde15a77ae51,先降后升型,5,4,4,5,7
f2c405c2be56d4,快速稳定型,2,6,6,1,6
f2cb9271e24b2e,快速稳定型,2,6,4,3,2
f2d095f9d585b4,冲高回落型,1,3,2,7,2
f2dc11962b70e5,稳定缓升型,4,1,6,1,6
f2de200e086c17,涨幅微弱型,5,2,7,2,1
f2e7a7e4f86863,后期加速上升型,3,5,5,3,9
f2f4064719f794,复杂波动或待判型,1,3,2,7,4
f339415f2d589a,冲高回落型,5,2,7,2,2
f353a944f0b123,后期加速上升型,2,6,1,8,3
f379bcb15fdc62,降压主导型,1,3,2,7,4
f37fb1e4a5218b,降压主导型,1,3,2,7,4
f386135c6cb3c4,涨幅微弱型,5,2,7,2,1
f39ff3d2ec469f,稳定缓升型,4,1,6,1,6
f3a088f2d38d8b,稳定缓升型,2,6,1,8,3
f3aa37e4b4b9f5,后期加速上升型,3,5,5,3,9
f3c1e454246160,渐进上升型,4,1,6,3,9
f3d67bb77f3ccf,快速稳定型,2,6,1,8,3
f3e943eaf27755,涨幅微弱型,1,3,2,7,4
f3ea9a4b84340a,后期加速上升型,3,4,4,5,7
f3fb4dc9b5d325,渐进上升型,3,4,4,5,7
f40294181c8308,涨幅微弱型,1,3,2,2,2
f409e65abb6edf,稳定缓升型,4,1,3,6,5
f410db2a67fc51,涨幅微弱型,1,3,2,7,4
f412651127aa3e,稳定缓升型,4,1,6,1,9
f4140a25faf382,渐进上升型,3,4,4,3,2
f41931709899b5,稳定缓升型,4,1,3,6,5
f434dbcfdc78db,涨幅微弱型,5,2,7,2,1
f44e6518a619cb,渐进上升型,4,1,3,6,5
f455033ecd1764,降压主导型,1,3,2,7,4
f473598ae74a44,复杂波动或待判型,2,6,1,8,3
f4763fc625d4f5,后期加速上升型,4,5,5,4,8
f48f0fac3dadbe,后期加速上升型,3,4,4,5,7
f4a751b3426119,后期加速上升型,4,5,5,4,8
f4b7eca6190215,渐进上升型,3,4,4,3,9
f4c83a16544b40,涨幅微弱型,1,3,2,7,4
f4de7433cd4ef0,复杂波动或待判型,1,3,2,2,4
f4ece97b24a14b,降压主导型,1,3,2,7,4
f5047c57e35a6c,后期加速上升型,3,4,4,5,7
f5256462847a78,涨幅微弱型,5,2,4,5,7
f5381412632314,快速稳定型,2,6,6,1,6
f54975080bdee1,快速稳定型,2,6,6,1,6
f57a1789799f2d,涨幅微弱型,1,3,2,7,4
f5b1848f53ec94,渐进上升型,4,1,3,6,5
f5bf1cf61aeee2,渐进上升型,3,4,6,3,9
f5bfd14c5d308a,快速稳定型,2,6,6,1,6
f5ca501532a9e6,渐进上升型,3,4,4,3,9
f5fc36263e779e,涨幅微弱型,1,3,2,7,4
f622c632561908,稳定缓升型,2,1,6,1,6
f62fbe7bc76d9e,涨幅微弱型,5,2,7,2,1
f63f81a970a38a,涨幅微弱型,5,2,7,2,1
f66e352629fcd2,涨幅微弱型,5,2,7,2,1
f681e7d3bab145,涨幅微弱型,1,3,2,7,4
f691ddf2104b7a,渐进上升型,4,1,3,6,5
f69b95bb0e816c,涨幅微弱型,5,2,7,2,1
f6a47495ac29df,涨幅微弱型,5,2,7,2,1
f6a4c545c3e5c0,涨幅微弱型,5,2,7,2,1
f75345cdf6f6db,稳定缓升型,3,4,4,3,2
f7563e95c8874b,稳定缓升型,3,4,4,3,9
f7653073917785,渐进上升型,3,4,4,3,9
f775f2ab371cde,稳定缓升型,2,6,6,1,6
f785c5bcfe5a6e,后期加速上升型,3,5,5,4,9
f787d4e20907fd,后期加速上升型,3,4,4,3,9
f7a544ad14f5a3,渐进上升型,4,1,6,1,6
f7ad8383246fa2,涨幅微弱型,5,2,7,5,7
f7e9a4adf041d6,后期加速上升型,3,5,5,4,8
f7f2d016b2d92f,后期加速上升型,3,4,4,5,7
f7f40e66a1f95a,降压主导型,1,3,2,7,4
f83accc5ebbf10,涨幅微弱型,5,2,7,2,1
f83e5130364585,涨幅微弱型,5,2,7,2,1
f84a431bdf40d0,稳定缓升型,3,4,4,3,9
f84f1114108829,涨幅微弱型,5,2,7,2,1
f856dd317e1b80,降压主导型,1,3,2,7,4
f868d440642d67,降压主导型,1,3,2,7,4
f8784a69936845,涨幅微弱型,5,2,7,2,1
f8c9e7624a9f3e,后期加速上升型,3,5,5,4,9
f8f249e4cb8460,涨幅微弱型,5,2,7,2,1
f8feebd2024a0c,后期加速上升型,3,4,4,3,9
f906b10e545427,降压主导型,1,3,2,7,4
f91b5a245ec346,涨幅微弱型,5,2,7,2,1
f91e94284677f8,快速稳定型,3,4,6,3,9
f91ffb122ec0ac,后期加速上升型,3,4,4,5,7
f93fc80659516a,后期加速上升型,4,5,5,4,9
f9462d2b85aa9d,快速稳定型,2,1,6,1,6
f97712ed96c488,涨幅微弱型,1,3,2,7,4
f979bfa768725e,后期加速上升型,4,5,5,4,8
f97d0bee15aeac,涨幅微弱型,1,3,2,7,4
f98386e2c32636,后期加速上升型,3,4,4,5,7
f9a2598cff1188,涨幅微弱型,1,3,2,7,4
f9a7f96c4e5043,后期加速上升型,3,4,4,5,7
f9aaeb8056fb90,后期加速上升型,3,5,5,4,9
f9c78331c33276,稳定缓升型,4,5,5,3,9
f9eb8fbfc9eb11,复杂波动或待判型,2,6,1,8,3
f9f021b282b64b,后期加速上升型,3,4,4,3,9
f9fac8851596dd,后期加速上升型,4,5,5,4,8
fa3bec94a9884a,涨幅微弱型,5,2,7,2,1
fa59deeef0ac3f,涨幅微弱型,5,4,4,5,7
fa64b5b098d964,快速稳定型,2,6,6,1,6
fa74e7d7522e2b,后期加速上升型,3,4,4,5,7
fa7879ff1198cd,后期加速上升型,3,4,4,3,9
fa8d86f774e7cb,快速稳定型,2,6,1,8,3
fac29a9b490876,渐进上升型,4,1,3,6,5
fac9eee0ba7d0a,快速稳定型,2,6,6,1,6
fae3083e94ad53,渐进上升型,4,1,6,1,6
fae4ca2d50b885,复杂波动或待判型,1,3,2,7,4
faf4bd9e4ff9b3,后期加速上升型,3,5,5,4,8
fb006435de3671,稳定缓升型,2,6,1,3,9
fb0d77028fe1fc,渐进上升型,5,4,4,5,7
fb1ad992a3bce2,涨幅微弱型,5,2,7,2,1
fb29f573c0cb88,涨幅微弱型,5,2,7,2,1
fb5e1aae4ea8c0,稳定缓升型,2,6,1,8,3
fb6bb6c3200425,涨幅微弱型,5,2,7,5,2
fb7e42989c055c,涨幅微弱型,5,2,7,5,7
fba89e461df925,渐进上升型,3,4,4,3,9
fbb75ec16b66c9,后期加速上升型,3,5,5,4,7
fbc0f940a5bc59,涨幅微弱型,5,2,7,2,2
fbc644e2fe9caf,快速稳定型,2,6,1,8,3
fbcce5409f1685,涨幅微弱型,5,2,7,2,1
fbda846e9abd66,涨幅微弱型,5,2,7,2,1
fbe9fc33dca597,涨幅微弱型,5,2,7,2,1
fc01c4c4c973ef,涨幅微弱型,1,2,7,2,1
fc06482d61d277,涨幅微弱型,5,2,7,2,1
fc42dff7295e79,先降后升型,5,2,7,5,7
fcade2fbdea704,涨幅微弱型,5,2,7,2,1
fcd481469045e5,涨幅微弱型,5,2,7,2,1
fce5d588858304,先降后升型,5,2,7,5,7
fced65f3ec92a2,降压主导型,1,3,2,7,2
fd048e56182f46,涨幅微弱型,5,2,7,2,1
fd07be0b2bcc1b,后期加速上升型,3,4,4,5,7
fd119a1bfdfe57,后期加速上升型,3,4,4,5,7
fd1433b4430522,稳定缓升型,4,1,3,6,5
fd652708d6ab60,降压主导型,1,3,2,7,4
fd7fdab88f6720,快速稳定型,2,6,6,1,6
fd834c30f808f3,后期加速上升型,3,4,4,3,9
fd9f538bb853c3,降压主导型,1,3,2,7,4
fdbfd40464cd8d,稳定缓升型,2,6,6,1,6
fde28ef232975d,降压主导型,1,3,2,7,4
fde7ca6b6f18cd,稳定缓升型,3,4,6,3,9
fdfe776e6fc38d,后期加速上升型,3,5,5,4,9
fe1325e90b5784,稳定缓升型,2,6,6,1,6
fe18d91ddba352,涨幅微弱型,5,2,7,2,1
fe3b6035b6d159,涨幅微弱型,5,2,7,2,1
fe426e93965c89,稳定缓升型,2,6,6,1,6
fe5884ab88eafa,涨幅微弱型,5,2,7,2,1
fe60c52749f588,后期加速上升型,4,5,5,4,9
fe82ffd2a70576,快速稳定型,2,6,6,1,6
fecdee2f429685,渐进上升型,3,4,4,3,9
fed7f9d94e20d0,降压主导型,1,3,2,7,4
ff1d4bc750ed60,降压主导型,1,3,2,7,4
ff4a7c4534d126,涨幅微弱型,5,2,7,2,1
ff6815a04616e7,涨幅微弱型,5,2,7,2,1
ff6a2637f122fd,快速稳定型,2,6,6,1,6
ffa57d7df6ce28,快速稳定型,2,6,6,1,6
ffbe0373c59e62,后期加速上升型,3,4,4,5,7
fffb23e8c3abfe,稳定缓升型,3,4,4,3,9
