file,sheet,monitor,reason,details
E:\压裂窜扰项目\02 规范化\不重要的\泸206H10\泸206H10 邻井压力监测\新建文件夹_4井_4井第11段压裂期间-2.、3井压力.xlsx,4井第11段压裂期间-2.、3井压力,2,无可唯一匹配施工事件,4/11
E:\压裂窜扰项目\02 规范化\不重要的\泸206H10\泸206H10 邻井压力监测\新建文件夹_4井_4井第11段压裂期间-2.、3井压力.xlsx,4井第11段压裂期间-2.、3井压力,3,无可唯一匹配施工事件,4/11
E:\压裂窜扰项目\02 规范化\不重要的\泸206H10\泸206H10 邻井压力监测\新建文件夹_4井_4井第7段压裂期间-3井压力.xlsx,4井第7段压裂期间-3井压力,3,无可唯一匹配施工事件,4/7
E:\压裂窜扰项目\02 规范化\不重要的\泸206H10\泸206H10 邻井压力监测\新建文件夹_4井_4井第9段压裂期间-3井压力.xlsx,4井第9段压裂期间-3井压力,3,无可唯一匹配施工事件,4/9
E:\压裂窜扰项目\02 规范化\不重要的\泸206H10\泸206H10 邻井压力监测\泸206H10-2-10段压裂施工-3、5井压力监测.xlsx,2井第10段压裂期间-3、5压力,3,无可唯一匹配施工事件,2/10
E:\压裂窜扰项目\02 规范化\不重要的\泸206H10\泸206H10 邻井压力监测\泸206H10-2-10段压裂施工-3、5井压力监测.xlsx,2井第10段压裂期间-3、5压力,5,无可唯一匹配施工事件,2/10
E:\压裂窜扰项目\02 规范化\不重要的\泸206H10\泸206H10 邻井压力监测\泸206H10-2-15段压裂施工-1、3、4、5井压力监测.xlsx,2井第15段压裂期间-1、3、4、5井压力,1,无可唯一匹配施工事件,2/15
E:\压裂窜扰项目\02 规范化\不重要的\泸206H10\泸206H10 邻井压力监测\泸206H10-2-15段压裂施工-1、3、4、5井压力监测.xlsx,2井第15段压裂期间-1、3、4、5井压力,3,无可唯一匹配施工事件,2/15
E:\压裂窜扰项目\02 规范化\不重要的\泸206H10\泸206H10 邻井压力监测\泸206H10-2-15段压裂施工-1、3、4、5井压力监测.xlsx,2井第15段压裂期间-1、3、4、5井压力,4,无可唯一匹配施工事件,2/15
E:\压裂窜扰项目\02 规范化\不重要的\泸206H10\泸206H10 邻井压力监测\泸206H10-2-15段压裂施工-1、3、4、5井压力监测.xlsx,2井第15段压裂期间-1、3、4、5井压力,5,无可唯一匹配施工事件,2/15
E:\压裂窜扰项目\02 规范化\不重要的\泸206H10\泸206H10 邻井压力监测\泸206H10-2-7段压裂施工-3、4井压力监测.xlsx,2井第7段压裂期间-3、4井压力,4,无可唯一匹配施工事件,2/7
E:\压裂窜扰项目\02 规范化\不重要的\泸206H10\泸206H10 邻井压力监测\泸206H10-2-7段压裂施工-3、4井压力监测.xlsx,2井第7段压裂期间-3、4井压力,3,无可唯一匹配施工事件,2/7
E:\压裂窜扰项目\02 规范化\不重要的\泸206H10\泸206H10 邻井压力监测\泸206H10-2-8段压裂施工-3、4井压力监测.xlsx,2井第8段压裂期间-3、4井压力,3,无可唯一匹配施工事件,2/8
E:\压裂窜扰项目\02 规范化\不重要的\泸206H10\泸206H10 邻井压力监测\泸206H10-2-8段压裂施工-3、4井压力监测.xlsx,2井第8段压裂期间-3、4井压力,4,无可唯一匹配施工事件,2/8
E:\压裂窜扰项目\02 规范化\不重要的\泸206H10\泸206H10 邻井压力监测\泸206H10-3-10段压裂施工-1、2、4、5井压力监测.xlsx,3井第10段压裂期间-1、2、4、5井压力,1,无可唯一匹配施工事件,3/10
E:\压裂窜扰项目\02 规范化\不重要的\泸206H10\泸206H10 邻井压力监测\泸206H10-3-10段压裂施工-1、2、4、5井压力监测.xlsx,3井第10段压裂期间-1、2、4、5井压力,2,无可唯一匹配施工事件,3/10
E:\压裂窜扰项目\02 规范化\不重要的\泸206H10\泸206H10 邻井压力监测\泸206H10-3-10段压裂施工-1、2、4、5井压力监测.xlsx,3井第10段压裂期间-1、2、4、5井压力,4,无可唯一匹配施工事件,3/10
E:\压裂窜扰项目\02 规范化\不重要的\泸206H10\泸206H10 邻井压力监测\泸206H10-3-10段压裂施工-1、2、4、5井压力监测.xlsx,3井第10段压裂期间-1、2、4、5井压力,5,无可唯一匹配施工事件,3/10
E:\压裂窜扰项目\02 规范化\不重要的\泸206H10\泸206H10 邻井压力监测\泸206H10-3-11段压裂施工-1、2、4、5井压力监测.xlsx,3井第11段压裂期间-1、2、4、5井压力,1,无可唯一匹配施工事件,3/11
E:\压裂窜扰项目\02 规范化\不重要的\泸206H10\泸206H10 邻井压力监测\泸206H10-3-11段压裂施工-1、2、4、5井压力监测.xlsx,3井第11段压裂期间-1、2、4、5井压力,2,无可唯一匹配施工事件,3/11
E:\压裂窜扰项目\02 规范化\不重要的\泸206H10\泸206H10 邻井压力监测\泸206H10-3-11段压裂施工-1、2、4、5井压力监测.xlsx,3井第11段压裂期间-1、2、4、5井压力,4,无可唯一匹配施工事件,3/11
E:\压裂窜扰项目\02 规范化\不重要的\泸206H10\泸206H10 邻井压力监测\泸206H10-3-11段压裂施工-1、2、4、5井压力监测.xlsx,3井第11段压裂期间-1、2、4、5井压力,5,无可唯一匹配施工事件,3/11
E:\压裂窜扰项目\02 规范化\不重要的\泸206H10\泸206H10 邻井压力监测\泸206H10-3-12段压裂施工-1、2、4、5井压力监测.xlsx,3井第12段压裂期间-1、2、4、5井压力,1,无可唯一匹配施工事件,3/12
E:\压裂窜扰项目\02 规范化\不重要的\泸206H10\泸206H10 邻井压力监测\泸206H10-3-12段压裂施工-1、2、4、5井压力监测.xlsx,3井第12段压裂期间-1、2、4、5井压力,2,无可唯一匹配施工事件,3/12
E:\压裂窜扰项目\02 规范化\不重要的\泸206H10\泸206H10 邻井压力监测\泸206H10-3-12段压裂施工-1、2、4、5井压力监测.xlsx,3井第12段压裂期间-1、2、4、5井压力,4,无可唯一匹配施工事件,3/12
E:\压裂窜扰项目\02 规范化\不重要的\泸206H10\泸206H10 邻井压力监测\泸206H10-3-12段压裂施工-1、2、4、5井压力监测.xlsx,3井第12段压裂期间-1、2、4、5井压力,5,无可唯一匹配施工事件,3/12
E:\压裂窜扰项目\02 规范化\不重要的\泸206H10\泸206H10 邻井压力监测\泸206H10-3-2段压裂施工-2、4井压力监测.xlsx,3井第2段压裂期间-2、4井压力,2,无可唯一匹配施工事件,3/2
E:\压裂窜扰项目\02 规范化\不重要的\泸206H10\泸206H10 邻井压力监测\泸206H10-3-2段压裂施工-2、4井压力监测.xlsx,3井第2段压裂期间-2、4井压力,4,无可唯一匹配施工事件,3/2
E:\压裂窜扰项目\02 规范化\不重要的\泸206H10\泸206H10 邻井压力监测\泸206H10-3-3段压裂施工-2、4井压力监测.xlsx,3井第3段压裂期间-2、4井压力,2,无可唯一匹配施工事件,3/3
E:\压裂窜扰项目\02 规范化\不重要的\泸206H10\泸206H10 邻井压力监测\泸206H10-3-3段压裂施工-2、4井压力监测.xlsx,3井第3段压裂期间-2、4井压力,4,无可唯一匹配施工事件,3/3
E:\压裂窜扰项目\02 规范化\不重要的\泸206H10\泸206H10 邻井压力监测\泸206H10-3-4段压裂施工-2、4井压力监测.xlsx,3井第4段压裂期间-2、4井压力,2,无可唯一匹配施工事件,3/4
E:\压裂窜扰项目\02 规范化\不重要的\泸206H10\泸206H10 邻井压力监测\泸206H10-3-4段压裂施工-2、4井压力监测.xlsx,3井第4段压裂期间-2、4井压力,4,无可唯一匹配施工事件,3/4
E:\压裂窜扰项目\02 规范化\不重要的\泸206H10\泸206H10 邻井压力监测\泸206H10-3-5段压裂施工-2、4井压力监测.xlsx,3井第5段压裂期间-2、4井压力,2,无可唯一匹配施工事件,3/5
E:\压裂窜扰项目\02 规范化\不重要的\泸206H10\泸206H10 邻井压力监测\泸206H10-3-5段压裂施工-2、4井压力监测.xlsx,3井第5段压裂期间-2、4井压力,4,无可唯一匹配施工事件,3/5
E:\压裂窜扰项目\02 规范化\不重要的\泸206H10\泸206H10 邻井压力监测\泸206H10-3-7段压裂施工-1、2、4、5井压力监测.xlsx,3井第7段压裂期间-1、2、4、5压力,1,无可唯一匹配施工事件,3/7
E:\压裂窜扰项目\02 规范化\不重要的\泸206H10\泸206H10 邻井压力监测\泸206H10-3-7段压裂施工-1、2、4、5井压力监测.xlsx,3井第7段压裂期间-1、2、4、5压力,2,无可唯一匹配施工事件,3/7
E:\压裂窜扰项目\02 规范化\不重要的\泸206H10\泸206H10 邻井压力监测\泸206H10-3-7段压裂施工-1、2、4、5井压力监测.xlsx,3井第7段压裂期间-1、2、4、5压力,4,无可唯一匹配施工事件,3/7
E:\压裂窜扰项目\02 规范化\不重要的\泸206H10\泸206H10 邻井压力监测\泸206H10-3-7段压裂施工-1、2、4、5井压力监测.xlsx,3井第7段压裂期间-1、2、4、5压力,5,无可唯一匹配施工事件,3/7
E:\压裂窜扰项目\02 规范化\不重要的\泸206H10\泸206H10 邻井压力监测\泸206H10-3-9段压裂施工-1、2、4、5井压力监测.xlsx,3井第9段压裂期间-1、2、4、5压力,1,无可唯一匹配施工事件,3/9
E:\压裂窜扰项目\02 规范化\不重要的\泸206H10\泸206H10 邻井压力监测\泸206H10-3-9段压裂施工-1、2、4、5井压力监测.xlsx,3井第9段压裂期间-1、2、4、5压力,2,无可唯一匹配施工事件,3/9
E:\压裂窜扰项目\02 规范化\不重要的\泸206H10\泸206H10 邻井压力监测\泸206H10-3-9段压裂施工-1、2、4、5井压力监测.xlsx,3井第9段压裂期间-1、2、4、5压力,4,无可唯一匹配施工事件,3/9
E:\压裂窜扰项目\02 规范化\不重要的\泸206H10\泸206H10 邻井压力监测\泸206H10-3-9段压裂施工-1、2、4、5井压力监测.xlsx,3井第9段压裂期间-1、2、4、5压力,5,无可唯一匹配施工事件,3/9
E:\压裂窜扰项目\02 规范化\不重要的\泸206H10\泸206H10 邻井压力监测\泸206H10-4-10段压裂施工-2、3井压力监测.xlsx,4井第10段压裂期间-2、3井压力,2,无可唯一匹配施工事件,4/10
E:\压裂窜扰项目\02 规范化\不重要的\泸206H10\泸206H10 邻井压力监测\泸206H10-4-10段压裂施工-2、3井压力监测.xlsx,4井第10段压裂期间-2、3井压力,3,无可唯一匹配施工事件,4/10
E:\压裂窜扰项目\02 规范化\不重要的\泸206H10\泸206H10 邻井压力监测\泸206H10-4-14段压裂施工-1、2、3、5井压力监测.xlsx,4井第14段压裂期间-1、2、3、5井压力,1,无可唯一匹配施工事件,4/14
E:\压裂窜扰项目\02 规范化\不重要的\泸206H10\泸206H10 邻井压力监测\泸206H10-4-14段压裂施工-1、2、3、5井压力监测.xlsx,4井第14段压裂期间-1、2、3、5井压力,2,无可唯一匹配施工事件,4/14
E:\压裂窜扰项目\02 规范化\不重要的\泸206H10\泸206H10 邻井压力监测\泸206H10-4-14段压裂施工-1、2、3、5井压力监测.xlsx,4井第14段压裂期间-1、2、3、5井压力,3,无可唯一匹配施工事件,4/14
E:\压裂窜扰项目\02 规范化\不重要的\泸206H10\泸206H10 邻井压力监测\泸206H10-4-14段压裂施工-1、2、3、5井压力监测.xlsx,4井第14段压裂期间-1、2、3、5井压力,5,无可唯一匹配施工事件,4/14
E:\压裂窜扰项目\02 规范化\不重要的\泸206H10\泸206H10 邻井压力监测\泸206H10-4-8段压裂施工-2、3井压力监测.xlsx,4井第8段压裂期间-2、3井压力,2,无可唯一匹配施工事件,4/8
E:\压裂窜扰项目\02 规范化\不重要的\泸206H10\泸206H10 邻井压力监测\泸206H10-4-8段压裂施工-2、3井压力监测.xlsx,4井第8段压裂期间-2、3井压力,3,无可唯一匹配施工事件,4/8
E:\压裂窜扰项目\02 规范化\不重要的\自205H1\自205H1 邻井压力监测\自205H1平台5-8井监测数据-2.xlsx,,,未解析出压力通道,[]
E:\压裂窜扰项目\02 规范化\不重要的\自205H1\自205H1 邻井压力监测\自205H1平台5-8井监测数据.xlsx,,,未解析出压力通道,[]
E:\压裂窜扰项目\02 规范化\不重要的\阳101H2\补充来源_常规汇总\2_邻井压力监测\阳101H26平台各井压裂分数据   叠合图.12.14.xlsx,,,文件名平台与目录归属冲突,阳101H26 vs 阳101H2
E:\压裂窜扰项目\02 规范化\不重要的\阳101H2\补充来源_常规汇总\2_邻井压力监测\阳101H26平台各井压裂分数据.   叠合图12.13(2).xlsx,,,文件名平台与目录归属冲突,阳101H26 vs 阳101H2
E:\压裂窜扰项目\02 规范化\不重要的\阳101H2\补充来源_常规汇总\2_邻井压力监测\阳101H26平台各井压裂分数据.12.12(1).xlsx,,,文件名平台与目录归属冲突,阳101H26 vs 阳101H2
E:\压裂窜扰项目\02 规范化\不重要的\阳101H2\补充来源_常规汇总\2_邻井压力监测\阳101H26平台各井压裂分数据.12.12.xlsx,,,文件名平台与目录归属冲突,阳101H26 vs 阳101H2
E:\压裂窜扰项目\02 规范化\不重要的\阳101H2\补充来源_常规汇总\2_邻井压力监测\阳101H26平台各井压裂分数据.12.13(1).xlsx,,,文件名平台与目录归属冲突,阳101H26 vs 阳101H2
E:\压裂窜扰项目\02 规范化\不重要的\阳101H2\补充来源_常规汇总\2_邻井压力监测\阳101H26平台各井压裂分数据.12.13(2).xlsx,,,文件名平台与目录归属冲突,阳101H26 vs 阳101H2
E:\压裂窜扰项目\02 规范化\不重要的\阳101H2\补充来源_常规汇总\2_邻井压力监测\阳101H26平台各井压裂分数据.12.14(1).xlsx,,,文件名平台与目录归属冲突,阳101H26 vs 阳101H2
E:\压裂窜扰项目\02 规范化\不重要的\阳101H2\补充来源_常规汇总\2_邻井压力监测\阳101H26平台各井压裂分数据.12.16(1).xlsx,,,文件名平台与目录归属冲突,阳101H26 vs 阳101H2
E:\压裂窜扰项目\02 规范化\不重要的\阳101H2\补充来源_常规汇总\2_邻井压力监测\阳101H26平台各井压裂分数据.12.17.xlsx,,,文件名平台与目录归属冲突,阳101H26 vs 阳101H2
E:\压裂窜扰项目\02 规范化\不重要的\阳101H2\补充来源_常规汇总\2_邻井压力监测\阳101H26平台各井压裂分数据.12.19(1).xlsx,,,文件名平台与目录归属冲突,阳101H26 vs 阳101H2
E:\压裂窜扰项目\02 规范化\不重要的\阳101H2\补充来源_常规汇总\2_邻井压力监测\阳101H26平台各井压裂分数据.12.26(1).xlsx,,,文件名平台与目录归属冲突,阳101H26 vs 阳101H2
E:\压裂窜扰项目\02 规范化\不重要的\阳101H2\补充来源_常规汇总\2_邻井压力监测\阳101H26平台各井压裂分数据.12.27.xlsx,,,文件名平台与目录归属冲突,阳101H26 vs 阳101H2
E:\压裂窜扰项目\02 规范化\不重要的\阳101H2\补充来源_常规汇总\2_邻井压力监测\阳101H26平台各井压裂分数据.12.29.xlsx,,,文件名平台与目录归属冲突,阳101H26 vs 阳101H2
E:\压裂窜扰项目\02 规范化\不重要的\阳101H2\补充来源_常规汇总\2_邻井压力监测\阳101H26平台各井压裂分数据.12.29__B1DD799A.xlsx,,,文件名平台与目录归属冲突,阳101H26 vs 阳101H2
E:\压裂窜扰项目\02 规范化\不重要的\阳101H2\阳101H2 邻井压力监测\4井3段 施工邻井压力叠合图  (1).xlsx,Sheet1,1,无可唯一匹配施工事件,4/3
E:\压裂窜扰项目\02 规范化\不重要的\阳101H2\阳101H2 邻井压力监测\4井3段 施工邻井压力叠合图  (1).xlsx,Sheet1,2,无可唯一匹配施工事件,4/3
E:\压裂窜扰项目\02 规范化\不重要的\阳101H2\阳101H2 邻井压力监测\4井3段 施工邻井压力叠合图  (1).xlsx,Sheet1,3,无可唯一匹配施工事件,4/3
E:\压裂窜扰项目\02 规范化\不重要的\阳101H2\阳101H2 邻井压力监测\4井3段 施工邻井压力叠合图  (1).xlsx,Sheet1,5,无可唯一匹配施工事件,4/3
E:\压裂窜扰项目\02 规范化\不重要的\阳101H2\阳101H2 邻井压力监测\4井3段 施工邻井压力叠合图  (1).xlsx,Sheet1,6,无可唯一匹配施工事件,4/3
E:\压裂窜扰项目\02 规范化\不重要的\阳101H2\阳101H2 邻井压力监测\4井3段 施工邻井压力叠合图  (1).xlsx,Sheet1,7,无可唯一匹配施工事件,4/3
E:\压裂窜扰项目\02 规范化\不重要的\阳101H2\阳101H2 邻井压力监测\4井3段 施工邻井压力叠合图  (1).xlsx,Sheet1,1,无可唯一匹配施工事件,4/3
E:\压裂窜扰项目\02 规范化\不重要的\阳101H2\阳101H2 邻井压力监测\4井3段 施工邻井压力叠合图  (1).xlsx,Sheet1,2,无可唯一匹配施工事件,4/3
E:\压裂窜扰项目\02 规范化\不重要的\阳101H2\阳101H2 邻井压力监测\4井3段 施工邻井压力叠合图  (1).xlsx,Sheet1,3,无可唯一匹配施工事件,4/3
E:\压裂窜扰项目\02 规范化\不重要的\阳101H2\阳101H2 邻井压力监测\4井3段 施工邻井压力叠合图  (1).xlsx,Sheet1,4,无可唯一匹配施工事件,4/3
E:\压裂窜扰项目\02 规范化\不重要的\阳101H2\阳101H2 邻井压力监测\4井3段 施工邻井压力叠合图  (1).xlsx,Sheet1,5,无可唯一匹配施工事件,4/3
E:\压裂窜扰项目\02 规范化\不重要的\阳101H2\阳101H2 邻井压力监测\4井3段 施工邻井压力叠合图  (1).xlsx,Sheet1,6,无可唯一匹配施工事件,4/3
E:\压裂窜扰项目\02 规范化\不重要的\阳101H2\阳101H2 邻井压力监测\4井8：00到13：40套压数据.xls,导出数据,4,无可唯一匹配施工事件,/
E:\压裂窜扰项目\02 规范化\不重要的\阳101H2\阳101H2 邻井压力监测\4井第5段（6井套压秒点数据）.xls,导出数据,4,无可唯一匹配施工事件,4/5
E:\压裂窜扰项目\02 规范化\不重要的\阳101H2\阳101H2 邻井压力监测\5井套压分点数据11.6.xls,导出数据,5,无可唯一匹配施工事件,/
E:\压裂窜扰项目\02 规范化\不重要的\阳101H2\阳101H2 邻井压力监测\5井套压秒点.xlsx,导出数据,5,无可唯一匹配施工事件,/
E:\压裂窜扰项目\02 规范化\不重要的\阳101H2\阳101H2 邻井压力监测\压裂质量数量监控表1.2 2井19段   叠合图  ..xlsx,1.邻井压力监测表,7,无可唯一匹配施工事件,22/19
E:\压裂窜扰项目\02 规范化\不重要的\阳101H2\阳101H2 邻井压力监测\压裂质量数量监控表1.2 2井19段   叠合图  ..xlsx,1.邻井压力监测表,8,无可唯一匹配施工事件,22/19
E:\压裂窜扰项目\02 规范化\不重要的\阳101H2\阳101H2 邻井压力监测\压裂质量数量监控表1.4 2井21段 ..xlsx,1.邻井压力监测表,7,无可唯一匹配施工事件,42/21
E:\压裂窜扰项目\02 规范化\不重要的\阳101H2\阳101H2 邻井压力监测\压裂质量数量监控表1.4 2井21段 ..xlsx,1.邻井压力监测表,8,无可唯一匹配施工事件,42/21
E:\压裂窜扰项目\02 规范化\不重要的\阳101H2\阳101H2 邻井压力监测\压裂质量数量监控表1.5 2井22段 ..xlsx,1.邻井压力监测表,7,无可唯一匹配施工事件,52/22
E:\压裂窜扰项目\02 规范化\不重要的\阳101H2\阳101H2 邻井压力监测\压裂质量数量监控表1.5 2井22段 ..xlsx,1.邻井压力监测表,8,无可唯一匹配施工事件,52/22
E:\压裂窜扰项目\02 规范化\不重要的\阳101H2\阳101H2 邻井压力监测\压裂质量数量监控表12.10 2井1段.xlsx,1.邻井压力监测表,7,无可唯一匹配施工事件,102/1
E:\压裂窜扰项目\02 规范化\不重要的\阳101H2\阳101H2 邻井压力监测\压裂质量数量监控表12.10 2井1段.xlsx,1.邻井压力监测表,8,无可唯一匹配施工事件,102/1
E:\压裂窜扰项目\02 规范化\不重要的\阳101H2\阳101H2 邻井压力监测\压裂质量数量监控表12.10 4井17段.xlsx,1.邻井压力监测表,7,无可唯一匹配施工事件,104/17
E:\压裂窜扰项目\02 规范化\不重要的\阳101H2\阳101H2 邻井压力监测\压裂质量数量监控表12.10 4井17段.xlsx,1.邻井压力监测表,8,无可唯一匹配施工事件,104/17
E:\压裂窜扰项目\02 规范化\不重要的\阳101H2\阳101H2 邻井压力监测\压裂质量数量监控表12.11    邻井叠合图 2井2段.xlsx,1.邻井压力监测表,7,无可唯一匹配施工事件,2/2
E:\压裂窜扰项目\02 规范化\不重要的\阳101H2\阳101H2 邻井压力监测\压裂质量数量监控表12.11    邻井叠合图 2井2段.xlsx,1.邻井压力监测表,8,无可唯一匹配施工事件,2/2
E:\压裂窜扰项目\02 规范化\不重要的\阳101H2\阳101H2 邻井压力监测\压裂质量数量监控表12.11 4井18段.xlsx,1.邻井压力监测表,7,无可唯一匹配施工事件,114/18
E:\压裂窜扰项目\02 规范化\不重要的\阳101H2\阳101H2 邻井压力监测\压裂质量数量监控表12.11 4井18段.xlsx,1.邻井压力监测表,8,无可唯一匹配施工事件,114/18
E:\压裂窜扰项目\02 规范化\不重要的\阳101H2\阳101H2 邻井压力监测\压裂质量数量监控表12.12 2井3段.xlsx,1.邻井压力监测表,7,无可唯一匹配施工事件,122/3
E:\压裂窜扰项目\02 规范化\不重要的\阳101H2\阳101H2 邻井压力监测\压裂质量数量监控表12.12 2井3段.xlsx,1.邻井压力监测表,8,无可唯一匹配施工事件,122/3
E:\压裂窜扰项目\02 规范化\不重要的\阳101H2\阳101H2 邻井压力监测\压裂质量数量监控表12.13 4井20段.xlsx,1.邻井压力监测表,7,无可唯一匹配施工事件,134/20
E:\压裂窜扰项目\02 规范化\不重要的\阳101H2\阳101H2 邻井压力监测\压裂质量数量监控表12.13 4井20段.xlsx,1.邻井压力监测表,8,无可唯一匹配施工事件,134/20
E:\压裂窜扰项目\02 规范化\不重要的\阳101H2\阳101H2 邻井压力监测\压裂质量数量监控表12.22 2井9段.xlsx,1.邻井压力监测表,7,无可唯一匹配施工事件,222/9
E:\压裂窜扰项目\02 规范化\不重要的\阳101H2\阳101H2 邻井压力监测\压裂质量数量监控表12.22 2井9段.xlsx,1.邻井压力监测表,8,无可唯一匹配施工事件,222/9
E:\压裂窜扰项目\02 规范化\不重要的\阳101H2\阳101H2 邻井压力监测\压裂质量数量监控表12.26 2井12段.xlsx,1.邻井压力监测表,7,无可唯一匹配施工事件,262/12
E:\压裂窜扰项目\02 规范化\不重要的\阳101H2\阳101H2 邻井压力监测\压裂质量数量监控表12.26 2井12段.xlsx,1.邻井压力监测表,8,无可唯一匹配施工事件,262/12
E:\压裂窜扰项目\02 规范化\不重要的\阳101H2\阳101H2 邻井压力监测\压裂质量数量监控表12.27 2井13段.xlsx,1.邻井压力监测表,7,无可唯一匹配施工事件,272/13
E:\压裂窜扰项目\02 规范化\不重要的\阳101H2\阳101H2 邻井压力监测\压裂质量数量监控表12.27 2井13段.xlsx,1.邻井压力监测表,8,无可唯一匹配施工事件,272/13
E:\压裂窜扰项目\02 规范化\不重要的\阳101H2\阳101H2 邻井压力监测\压裂质量数量监控表12.28 2井15段.xlsx,1.邻井压力监测表,7,无可唯一匹配施工事件,282/15
E:\压裂窜扰项目\02 规范化\不重要的\阳101H2\阳101H2 邻井压力监测\压裂质量数量监控表12.28 2井15段.xlsx,1.邻井压力监测表,8,无可唯一匹配施工事件,282/15
E:\压裂窜扰项目\02 规范化\不重要的\阳101H2\阳101H2 邻井压力监测\压裂质量数量监控表12.30 2井16段.xlsx,1.邻井压力监测表,7,无可唯一匹配施工事件,302/16
E:\压裂窜扰项目\02 规范化\不重要的\阳101H2\阳101H2 邻井压力监测\压裂质量数量监控表12.30 2井16段.xlsx,1.邻井压力监测表,8,无可唯一匹配施工事件,302/16
E:\压裂窜扰项目\02 规范化\不重要的\阳101H2\阳101H2 邻井压力监测\压裂质量数量监控表12.30 5井23段.xlsx,1.邻井压力监测表,7,无可唯一匹配施工事件,305/23
E:\压裂窜扰项目\02 规范化\不重要的\阳101H2\阳101H2 邻井压力监测\压裂质量数量监控表12.30 5井23段.xlsx,1.邻井压力监测表,8,无可唯一匹配施工事件,305/23
E:\压裂窜扰项目\02 规范化\不重要的\阳101H2\阳101H2 邻井压力监测\压裂质量数量监控表12.6 6井19段.xlsx,1.邻井压力监测表,7,无可唯一匹配施工事件,66/19
E:\压裂窜扰项目\02 规范化\不重要的\阳101H2\阳101H2 邻井压力监测\压裂质量数量监控表12.6 6井19段.xlsx,1.邻井压力监测表,8,无可唯一匹配施工事件,66/19
E:\压裂窜扰项目\02 规范化\不重要的\阳101H2\阳101H2 邻井压力监测\压裂质量数量监控表12.6 6井19段叠合图.xlsx,1.邻井压力监测表,7,无可唯一匹配施工事件,66/19
E:\压裂窜扰项目\02 规范化\不重要的\阳101H2\阳101H2 邻井压力监测\压裂质量数量监控表12.6 6井19段叠合图.xlsx,1.邻井压力监测表,8,无可唯一匹配施工事件,66/19
E:\压裂窜扰项目\02 规范化\不重要的\阳101H2\阳101H2 邻井压力监测\压裂质量数量监控表12.7 4井15段.xlsx,1.邻井压力监测表,7,无可唯一匹配施工事件,74/15
E:\压裂窜扰项目\02 规范化\不重要的\阳101H2\阳101H2 邻井压力监测\压裂质量数量监控表12.7 4井15段.xlsx,1.邻井压力监测表,8,无可唯一匹配施工事件,74/15
E:\压裂窜扰项目\02 规范化\不重要的\阳101H2\阳101H2 邻井压力监测\压裂质量数量监控表12.8 4井16段.xlsx,1.邻井压力监测表,7,无可唯一匹配施工事件,84/16
E:\压裂窜扰项目\02 规范化\不重要的\阳101H2\阳101H2 邻井压力监测\压裂质量数量监控表12.8 4井16段.xlsx,1.邻井压力监测表,8,无可唯一匹配施工事件,84/16
E:\压裂窜扰项目\02 规范化\不重要的\阳101H2\阳101H2 邻井压力监测\压裂质量数量监控表12.9 6井21段.xlsx,1.邻井压力监测表,7,无可唯一匹配施工事件,96/21
E:\压裂窜扰项目\02 规范化\不重要的\阳101H2\阳101H2 邻井压力监测\压裂质量数量监控表12.9 6井21段.xlsx,1.邻井压力监测表,8,无可唯一匹配施工事件,96/21
E:\压裂窜扰项目\02 规范化\不重要的\阳101H2\阳101H2 邻井压力监测\阳10132-6井第4段     H2平台邻井井涨压施工叠合图20251112.xlsx,Sheet1,1,无可唯一匹配施工事件,6/4
E:\压裂窜扰项目\02 规范化\不重要的\阳101H2\阳101H2 邻井压力监测\阳10132-6井第4段     H2平台邻井井涨压施工叠合图20251112.xlsx,Sheet1,2,无可唯一匹配施工事件,6/4
E:\压裂窜扰项目\02 规范化\不重要的\阳101H2\阳101H2 邻井压力监测\阳10132-6井第4段     H2平台邻井井涨压施工叠合图20251112.xlsx,Sheet1,3,无可唯一匹配施工事件,6/4
E:\压裂窜扰项目\02 规范化\不重要的\阳101H2\阳101H2 邻井压力监测\阳10132-6井第4段     H2平台邻井井涨压施工叠合图20251112.xlsx,Sheet1,4,无可唯一匹配施工事件,6/4
E:\压裂窜扰项目\02 规范化\不重要的\阳101H2\阳101H2 邻井压力监测\阳10132-6井第4段     H2平台邻井井涨压施工叠合图20251112.xlsx,Sheet1,5,无可唯一匹配施工事件,6/4
E:\压裂窜扰项目\02 规范化\不重要的\阳101H2\阳101H2 邻井压力监测\阳10132-6井第4段     H2平台邻井井涨压施工叠合图20251112.xlsx,Sheet1,6,无可唯一匹配施工事件,6/4
E:\压裂窜扰项目\02 规范化\不重要的\阳101H2\阳101H2 邻井压力监测\阳101H2-1、2、3、4、5、6井油压、环空压力监测6井第8段施工   20251119.xlsx,Sheet1,1,无可唯一匹配施工事件,6/8
E:\压裂窜扰项目\02 规范化\不重要的\阳101H2\阳101H2 邻井压力监测\阳101H2-1、2、3、4、5、6井油压、环空压力监测6井第8段施工   20251119.xlsx,Sheet1,2,无可唯一匹配施工事件,6/8
E:\压裂窜扰项目\02 规范化\不重要的\阳101H2\阳101H2 邻井压力监测\阳101H2-1、2、3、4、5、6井油压、环空压力监测6井第8段施工   20251119.xlsx,Sheet1,3,无可唯一匹配施工事件,6/8
E:\压裂窜扰项目\02 规范化\不重要的\阳101H2\阳101H2 邻井压力监测\阳101H2-1、2、3、4、5、6井油压、环空压力监测6井第8段施工   20251119.xlsx,Sheet1,4,无可唯一匹配施工事件,6/8
E:\压裂窜扰项目\02 规范化\不重要的\阳101H2\阳101H2 邻井压力监测\阳101H2-1、2、3、4、5、6井油压、环空压力监测6井第8段施工   20251119.xlsx,Sheet1,5,无可唯一匹配施工事件,6/8
E:\压裂窜扰项目\02 规范化\不重要的\阳101H2\阳101H2 邻井压力监测\阳101H2-1、2、3、4、5、6井油压、环空压力监测6井第8段施工   20251119.xlsx,Sheet1,6,无可唯一匹配施工事件,6/8
E:\压裂窜扰项目\02 规范化\不重要的\阳101H2\阳101H2 邻井压力监测\阳101H2-2-11段压裂施工-3、4、6井分点压力监测.xlsx,导出数据,4,无可唯一匹配施工事件,2/11
E:\压裂窜扰项目\02 规范化\不重要的\阳101H2\阳101H2 邻井压力监测\阳101H2-2-11段压裂施工-3、4、6井分点压力监测.xlsx,导出数据,6,无可唯一匹配施工事件,2/11
E:\压裂窜扰项目\02 规范化\不重要的\阳101H2\阳101H2 邻井压力监测\阳101H2-2-11段压裂施工-3、4、6井分点压力监测.xlsx,导出数据,3,无可唯一匹配施工事件,2/11
E:\压裂窜扰项目\02 规范化\不重要的\阳101H2\阳101H2 邻井压力监测\阳101H2-2-11段压裂施工-4、6井分点压力监测.xls,导出数据,4,无可唯一匹配施工事件,2/11
E:\压裂窜扰项目\02 规范化\不重要的\阳101H2\阳101H2 邻井压力监测\阳101H2-2-11段压裂施工-4、6井分点压力监测.xls,导出数据,6,无可唯一匹配施工事件,2/11
E:\压裂窜扰项目\02 规范化\不重要的\阳101H2\阳101H2 邻井压力监测\阳101H2-2-11段压裂施工-4、6井秒点压力监测.xls,导出数据,4,无可唯一匹配施工事件,2/11
E:\压裂窜扰项目\02 规范化\不重要的\阳101H2\阳101H2 邻井压力监测\阳101H2-2-11段压裂施工-4、6井秒点压力监测.xls,导出数据,6,无可唯一匹配施工事件,2/11
E:\压裂窜扰项目\02 规范化\不重要的\阳101H2\阳101H2 邻井压力监测\阳101H2-2-12段压裂施工-3、4、6井分点压力监测.xlsx,导出数据,4,无可唯一匹配施工事件,2/12
E:\压裂窜扰项目\02 规范化\不重要的\阳101H2\阳101H2 邻井压力监测\阳101H2-2-12段压裂施工-3、4、6井分点压力监测.xlsx,导出数据,6,无可唯一匹配施工事件,2/12
E:\压裂窜扰项目\02 规范化\不重要的\阳101H2\阳101H2 邻井压力监测\阳101H2-2-12段压裂施工-3、4、6井分点压力监测.xlsx,导出数据,3,无可唯一匹配施工事件,2/12
E:\压裂窜扰项目\02 规范化\不重要的\阳101H2\阳101H2 邻井压力监测\阳101H2-2-12段压裂施工-4、6井分点压力监测.xls,导出数据,4,无可唯一匹配施工事件,2/12
E:\压裂窜扰项目\02 规范化\不重要的\阳101H2\阳101H2 邻井压力监测\阳101H2-2-12段压裂施工-4、6井分点压力监测.xls,导出数据,6,无可唯一匹配施工事件,2/12
E:\压裂窜扰项目\02 规范化\不重要的\阳101H2\阳101H2 邻井压力监测\阳101H2-2-12段压裂施工-4、6井秒点压力监测.xls,导出数据,4,无可唯一匹配施工事件,2/12
E:\压裂窜扰项目\02 规范化\不重要的\阳101H2\阳101H2 邻井压力监测\阳101H2-2-12段压裂施工-4、6井秒点压力监测.xls,导出数据,6,无可唯一匹配施工事件,2/12
E:\压裂窜扰项目\02 规范化\不重要的\阳101H2\阳101H2 邻井压力监测\阳101H2-2-13段压裂施工-4、6井分点压力监测.xls,导出数据,4,无可唯一匹配施工事件,2/13
E:\压裂窜扰项目\02 规范化\不重要的\阳101H2\阳101H2 邻井压力监测\阳101H2-2-13段压裂施工-4、6井分点压力监测.xls,导出数据,6,无可唯一匹配施工事件,2/13
E:\压裂窜扰项目\02 规范化\不重要的\阳101H2\阳101H2 邻井压力监测\阳101H2-2-13段压裂施工-4、6井秒点压力监测.xls,导出数据,4,无可唯一匹配施工事件,2/13
E:\压裂窜扰项目\02 规范化\不重要的\阳101H2\阳101H2 邻井压力监测\阳101H2-2-13段压裂施工-4、6井秒点压力监测.xls,导出数据,6,无可唯一匹配施工事件,2/13
E:\压裂窜扰项目\02 规范化\不重要的\阳101H2\阳101H2 邻井压力监测\阳101H2-2-15段压裂施工-4、6井分点压力监测.xls,导出数据,4,无可唯一匹配施工事件,2/15
E:\压裂窜扰项目\02 规范化\不重要的\阳101H2\阳101H2 邻井压力监测\阳101H2-2-15段压裂施工-4、6井分点压力监测.xls,导出数据,6,无可唯一匹配施工事件,2/15
E:\压裂窜扰项目\02 规范化\不重要的\阳101H2\阳101H2 邻井压力监测\阳101H2-2-15段压裂施工-4、6井秒点压力监测.xls,导出数据,4,无可唯一匹配施工事件,2/15
E:\压裂窜扰项目\02 规范化\不重要的\阳101H2\阳101H2 邻井压力监测\阳101H2-2-15段压裂施工-4、6井秒点压力监测.xls,导出数据,6,无可唯一匹配施工事件,2/15
E:\压裂窜扰项目\02 规范化\不重要的\阳101H2\阳101H2 邻井压力监测\阳101H2-2-16段压裂施工-4、6井分点压力监测.xls,导出数据,4,无可唯一匹配施工事件,2/16
E:\压裂窜扰项目\02 规范化\不重要的\阳101H2\阳101H2 邻井压力监测\阳101H2-2-16段压裂施工-4、6井分点压力监测.xls,导出数据,6,无可唯一匹配施工事件,2/16
E:\压裂窜扰项目\02 规范化\不重要的\阳101H2\阳101H2 邻井压力监测\阳101H2-2-16段压裂施工-4、6井秒点压力监测.xls,导出数据,4,无可唯一匹配施工事件,2/16
E:\压裂窜扰项目\02 规范化\不重要的\阳101H2\阳101H2 邻井压力监测\阳101H2-2-16段压裂施工-4、6井秒点压力监测.xls,导出数据,6,无可唯一匹配施工事件,2/16
E:\压裂窜扰项目\02 规范化\不重要的\阳101H2\阳101H2 邻井压力监测\阳101H2-2-21段压裂施工-4、6井分点压力监测.xls,导出数据,4,无可唯一匹配施工事件,2/21
E:\压裂窜扰项目\02 规范化\不重要的\阳101H2\阳101H2 邻井压力监测\阳101H2-2-21段压裂施工-4、6井分点压力监测.xls,导出数据,6,无可唯一匹配施工事件,2/21
E:\压裂窜扰项目\02 规范化\不重要的\阳101H2\阳101H2 邻井压力监测\阳101H2-2-22段压裂施工-4、6井分点压力监测.xls,导出数据,4,无可唯一匹配施工事件,2/22
E:\压裂窜扰项目\02 规范化\不重要的\阳101H2\阳101H2 邻井压力监测\阳101H2-2-22段压裂施工-4、6井分点压力监测.xls,导出数据,6,无可唯一匹配施工事件,2/22
E:\压裂窜扰项目\02 规范化\不重要的\阳101H2\阳101H2 邻井压力监测\阳101H2-2-22段压裂施工-4、6井秒点压力监测.xls,导出数据,4,无可唯一匹配施工事件,2/22
E:\压裂窜扰项目\02 规范化\不重要的\阳101H2\阳101H2 邻井压力监测\阳101H2-2-22段压裂施工-4、6井秒点压力监测.xls,导出数据,6,无可唯一匹配施工事件,2/22
E:\压裂窜扰项目\02 规范化\不重要的\阳101H2\阳101H2 邻井压力监测\阳101H2-2-6段压裂施工-4、6井分点压力监测.xls,导出数据,4,无可唯一匹配施工事件,2/6
E:\压裂窜扰项目\02 规范化\不重要的\阳101H2\阳101H2 邻井压力监测\阳101H2-2-6段压裂施工-4、6井分点压力监测.xls,导出数据,6,无可唯一匹配施工事件,2/6
E:\压裂窜扰项目\02 规范化\不重要的\阳101H2\阳101H2 邻井压力监测\阳101H2-2-6段压裂施工-4、6井秒点压力监测.xls,导出数据,4,无可唯一匹配施工事件,2/6
E:\压裂窜扰项目\02 规范化\不重要的\阳101H2\阳101H2 邻井压力监测\阳101H2-2-6段压裂施工-4、6井秒点压力监测.xls,导出数据,6,无可唯一匹配施工事件,2/6
E:\压裂窜扰项目\02 规范化\不重要的\阳101H2\阳101H2 邻井压力监测\阳101H2-2-8段压裂施工-3、4、6井分点压力监测.xlsx,导出数据,4,无可唯一匹配施工事件,2/8
E:\压裂窜扰项目\02 规范化\不重要的\阳101H2\阳101H2 邻井压力监测\阳101H2-2-8段压裂施工-3、4、6井分点压力监测.xlsx,导出数据,6,无可唯一匹配施工事件,2/8
E:\压裂窜扰项目\02 规范化\不重要的\阳101H2\阳101H2 邻井压力监测\阳101H2-2-8段压裂施工-3、4、6井分点压力监测.xlsx,导出数据,3,无可唯一匹配施工事件,2/8
E:\压裂窜扰项目\02 规范化\不重要的\阳101H2\阳101H2 邻井压力监测\阳101H2-2-9段压裂施工-4、6井秒点压力监测.xls,导出数据,4,无可唯一匹配施工事件,2/9
E:\压裂窜扰项目\02 规范化\不重要的\阳101H2\阳101H2 邻井压力监测\阳101H2-2-9段压裂施工-4、6井秒点压力监测.xls,导出数据,6,无可唯一匹配施工事件,2/9
E:\压裂窜扰项目\02 规范化\不重要的\阳101H2\阳101H2 邻井压力监测\阳101H2-4-11段压裂施工-6井分点压力监测.xls,导出数据,6,无可唯一匹配施工事件,4/11
E:\压裂窜扰项目\02 规范化\不重要的\阳101H2\阳101H2 邻井压力监测\阳101H2-4-11段压裂施工-6井秒点压力监测.xls,导出数据,6,无可唯一匹配施工事件,4/11
E:\压裂窜扰项目\02 规范化\不重要的\阳101H2\阳101H2 邻井压力监测\阳101H2-4-13段压裂施工-6井分点压力监测.xls,导出数据,6,无可唯一匹配施工事件,4/13
E:\压裂窜扰项目\02 规范化\不重要的\阳101H2\阳101H2 邻井压力监测\阳101H2-4-13段压裂施工-6井秒点压力监测.xls,导出数据,6,无可唯一匹配施工事件,4/13
E:\压裂窜扰项目\02 规范化\不重要的\阳101H2\阳101H2 邻井压力监测\阳101H2-4-15段压裂施工-6井分点压力监测.xls,导出数据,6,无可唯一匹配施工事件,4/15
E:\压裂窜扰项目\02 规范化\不重要的\阳101H2\阳101H2 邻井压力监测\阳101H2-4-15段压裂施工-6井秒点压力监测.xls,导出数据,6,无可唯一匹配施工事件,4/15
E:\压裂窜扰项目\02 规范化\不重要的\阳101H2\阳101H2 邻井压力监测\阳101H2-4-17段压裂施工-6井分点压力监测.xls,导出数据,6,无可唯一匹配施工事件,4/17
E:\压裂窜扰项目\02 规范化\不重要的\阳101H2\阳101H2 邻井压力监测\阳101H2-4-17段压裂施工-6井秒点压力监测.xls,导出数据,6,无可唯一匹配施工事件,4/17
E:\压裂窜扰项目\02 规范化\不重要的\阳101H2\阳101H2 邻井压力监测\阳101H2-4-19段压裂施工-6井分点压力监测.xls,导出数据,6,无可唯一匹配施工事件,4/19
E:\压裂窜扰项目\02 规范化\不重要的\阳101H2\阳101H2 邻井压力监测\阳101H2-4-19段压裂施工-6井秒点压力监测.xls,导出数据,6,无可唯一匹配施工事件,4/19
E:\压裂窜扰项目\02 规范化\不重要的\阳101H2\阳101H2 邻井压力监测\阳101H2-4-20段压裂施工-6井分点压力监测.xls,导出数据,6,无可唯一匹配施工事件,4/20
E:\压裂窜扰项目\02 规范化\不重要的\阳101H2\阳101H2 邻井压力监测\阳101H2-4-20段压裂施工-6井秒点压力监测.xls,导出数据,6,无可唯一匹配施工事件,4/20
E:\压裂窜扰项目\02 规范化\不重要的\阳101H2\阳101H2 邻井压力监测\阳101H2-4-22段压裂施工-6井分点压力监测.xls,导出数据,6,无可唯一匹配施工事件,4/22
E:\压裂窜扰项目\02 规范化\不重要的\阳101H2\阳101H2 邻井压力监测\阳101H2-4-22段压裂施工-6井秒点压力监测.xls,导出数据,6,无可唯一匹配施工事件,4/22
E:\压裂窜扰项目\02 规范化\不重要的\阳101H2\阳101H2 邻井压力监测\阳101H2-4-2段压裂施工-5井分点压力监测.xls,导出数据,5,无可唯一匹配施工事件,4/2
E:\压裂窜扰项目\02 规范化\不重要的\阳101H2\阳101H2 邻井压力监测\阳101H2-4-2段压裂施工-5井秒点压力监测.xls,导出数据,5,无可唯一匹配施工事件,4/2
E:\压裂窜扰项目\02 规范化\不重要的\阳101H2\阳101H2 邻井压力监测\阳101H2-4-2段压裂施工-6井分点压力监测.xls,导出数据,6,无可唯一匹配施工事件,4/2
E:\压裂窜扰项目\02 规范化\不重要的\阳101H2\阳101H2 邻井压力监测\阳101H2-4-2段压裂施工-6井秒点压力监测.xls,导出数据,6,无可唯一匹配施工事件,4/2
E:\压裂窜扰项目\02 规范化\不重要的\阳101H2\阳101H2 邻井压力监测\阳101H2-4-3段压裂施工-2井分点压力监测.xls,导出数据,2,无可唯一匹配施工事件,4/3
E:\压裂窜扰项目\02 规范化\不重要的\阳101H2\阳101H2 邻井压力监测\阳101H2-4-3段压裂施工-2井秒点压力监测.xls,导出数据,2,无可唯一匹配施工事件,4/3
E:\压裂窜扰项目\02 规范化\不重要的\阳101H2\阳101H2 邻井压力监测\阳101H2-4-3段压裂施工-5井分点压力监测.xls,导出数据,5,无可唯一匹配施工事件,4/3
E:\压裂窜扰项目\02 规范化\不重要的\阳101H2\阳101H2 邻井压力监测\阳101H2-4-3段压裂施工-5井秒点压力监测.xls,导出数据,5,无可唯一匹配施工事件,4/3
E:\压裂窜扰项目\02 规范化\不重要的\阳101H2\阳101H2 邻井压力监测\阳101H2-4-3段压裂施工-6井分点压力监测.xls,导出数据,6,无可唯一匹配施工事件,4/3
E:\压裂窜扰项目\02 规范化\不重要的\阳101H2\阳101H2 邻井压力监测\阳101H2-4-3段压裂施工-6井秒点压力监测.xls,导出数据,6,无可唯一匹配施工事件,4/3
E:\压裂窜扰项目\02 规范化\不重要的\阳101H2\阳101H2 邻井压力监测\阳101H2-4-4段压裂施工-2井分点压力监测.xls,导出数据,2,无可唯一匹配施工事件,4/4
E:\压裂窜扰项目\02 规范化\不重要的\阳101H2\阳101H2 邻井压力监测\阳101H2-4-4段压裂施工-2井秒点压力监测.xls,导出数据,2,无可唯一匹配施工事件,4/4
E:\压裂窜扰项目\02 规范化\不重要的\阳101H2\阳101H2 邻井压力监测\阳101H2-4-4段压裂施工-5井分点压力监测.xls,导出数据,5,无可唯一匹配施工事件,4/4
E:\压裂窜扰项目\02 规范化\不重要的\阳101H2\阳101H2 邻井压力监测\阳101H2-4-4段压裂施工-5井秒点压力监测.xls,导出数据,5,无可唯一匹配施工事件,4/4
E:\压裂窜扰项目\02 规范化\不重要的\阳101H2\阳101H2 邻井压力监测\阳101H2-4-5段压裂施工-2井分点压力监测.xls,导出数据,2,无可唯一匹配施工事件,4/5
E:\压裂窜扰项目\02 规范化\不重要的\阳101H2\阳101H2 邻井压力监测\阳101H2-4-5段压裂施工-2井秒点压力监测.xls,导出数据,2,无可唯一匹配施工事件,4/5
E:\压裂窜扰项目\02 规范化\不重要的\阳101H2\阳101H2 邻井压力监测\阳101H2-4-5段压裂施工-6井分点压力监测.xls,导出数据,6,无可唯一匹配施工事件,4/5
E:\压裂窜扰项目\02 规范化\不重要的\阳101H2\阳101H2 邻井压力监测\阳101H2-4-6段压裂施工-2井分点压力监测.xls,导出数据,2,无可唯一匹配施工事件,4/6
E:\压裂窜扰项目\02 规范化\不重要的\阳101H2\阳101H2 邻井压力监测\阳101H2-4-6段压裂施工-2井秒点压力监测.xls,导出数据,2,无可唯一匹配施工事件,4/6
E:\压裂窜扰项目\02 规范化\不重要的\阳101H2\阳101H2 邻井压力监测\阳101H2-4-6段压裂施工-5井分点压力监测.xls,导出数据,5,无可唯一匹配施工事件,4/6
E:\压裂窜扰项目\02 规范化\不重要的\阳101H2\阳101H2 邻井压力监测\阳101H2-4-6段压裂施工-5井秒点压力监测.xls,导出数据,5,无可唯一匹配施工事件,4/6
E:\压裂窜扰项目\02 规范化\不重要的\阳101H2\阳101H2 邻井压力监测\阳101H2-4-8段压裂施工-2井分点压力监测.xls,导出数据,2,无可唯一匹配施工事件,4/8
E:\压裂窜扰项目\02 规范化\不重要的\阳101H2\阳101H2 邻井压力监测\阳101H2-4-8段压裂施工-2井秒点压力监测.xls,导出数据,2,无可唯一匹配施工事件,4/8
E:\压裂窜扰项目\02 规范化\不重要的\阳101H2\阳101H2 邻井压力监测\阳101H2-4-8段压裂施工-6井分点压力监测.xls,导出数据,6,无可唯一匹配施工事件,4/8
E:\压裂窜扰项目\02 规范化\不重要的\阳101H2\阳101H2 邻井压力监测\阳101H2-5-23段压裂施工-6井分点压力监测.xls,导出数据,6,无可唯一匹配施工事件,5/23
E:\压裂窜扰项目\02 规范化\不重要的\阳101H2\阳101H2 邻井压力监测\阳101H2-5-23段压裂施工-6井秒点压力监测.xls,导出数据,6,无可唯一匹配施工事件,5/23
E:\压裂窜扰项目\02 规范化\不重要的\阳101H2\阳101H2 邻井压力监测\阳101H2-5-4段压裂施工-4井分点压力监测.xls,导出数据,4,无可唯一匹配施工事件,5/4
E:\压裂窜扰项目\02 规范化\不重要的\阳101H2\阳101H2 邻井压力监测\阳101H2-5-4段压裂施工-4井秒点压力监测.xls,导出数据,4,无可唯一匹配施工事件,5/4
E:\压裂窜扰项目\02 规范化\不重要的\阳101H2\阳101H2 邻井压力监测\阳101H2-5-8段压裂施工-4井分点压力监测.xls,导出数据,4,无可唯一匹配施工事件,5/8
E:\压裂窜扰项目\02 规范化\不重要的\阳101H2\阳101H2 邻井压力监测\阳101H2-5-8段压裂施工-4井秒点压力监测.xls,导出数据,4,无可唯一匹配施工事件,5/8
E:\压裂窜扰项目\02 规范化\不重要的\阳101H2\阳101H2 邻井压力监测\阳101H2-6-10段压裂施工-4井分点压力监测.xls,导出数据,4,无可唯一匹配施工事件,6/10
E:\压裂窜扰项目\02 规范化\不重要的\阳101H2\阳101H2 邻井压力监测\阳101H2-6-10段压裂施工-4井秒点压力监测.xls,导出数据,4,无可唯一匹配施工事件,6/10
E:\压裂窜扰项目\02 规范化\不重要的\阳101H2\阳101H2 邻井压力监测\阳101H2-6-11段压裂施工-4井分点压力监测.xls,导出数据,4,无可唯一匹配施工事件,6/11
E:\压裂窜扰项目\02 规范化\不重要的\阳101H2\阳101H2 邻井压力监测\阳101H2-6-11段压裂施工-4井秒点压力监测.xls,导出数据,4,无可唯一匹配施工事件,6/11
E:\压裂窜扰项目\02 规范化\不重要的\阳101H2\阳101H2 邻井压力监测\阳101H2-6-12段压裂施工-4井分点压力监测.xls,导出数据,4,无可唯一匹配施工事件,6/12
E:\压裂窜扰项目\02 规范化\不重要的\阳101H2\阳101H2 邻井压力监测\阳101H2-6-12段压裂施工-4井秒点压力监测.xls,导出数据,4,无可唯一匹配施工事件,6/12
E:\压裂窜扰项目\02 规范化\不重要的\阳101H2\阳101H2 邻井压力监测\阳101H2-6-13段压裂施工-4井分点压力监测.xls,导出数据,4,无可唯一匹配施工事件,6/13
E:\压裂窜扰项目\02 规范化\不重要的\阳101H2\阳101H2 邻井压力监测\阳101H2-6-13段压裂施工-4井秒点压力监测.xls,导出数据,4,无可唯一匹配施工事件,6/13
E:\压裂窜扰项目\02 规范化\不重要的\阳101H2\阳101H2 邻井压力监测\阳101H2-6-14段压裂施工-4井分点压力监测.xls,导出数据,4,无可唯一匹配施工事件,6/14
E:\压裂窜扰项目\02 规范化\不重要的\阳101H2\阳101H2 邻井压力监测\阳101H2-6-15段压裂施工-4井分点压力监测.xls,导出数据,4,无可唯一匹配施工事件,6/15
E:\压裂窜扰项目\02 规范化\不重要的\阳101H2\阳101H2 邻井压力监测\阳101H2-6-15段压裂施工-4井秒点压力监测.xls,导出数据,4,无可唯一匹配施工事件,6/15
E:\压裂窜扰项目\02 规范化\不重要的\阳101H2\阳101H2 邻井压力监测\阳101H2-6-18段压裂施工-4井分点压力监测.xls,导出数据,4,无可唯一匹配施工事件,6/18
E:\压裂窜扰项目\02 规范化\不重要的\阳101H2\阳101H2 邻井压力监测\阳101H2-6-18段压裂施工-4井秒点压力监测.xls,导出数据,4,无可唯一匹配施工事件,6/18
E:\压裂窜扰项目\02 规范化\不重要的\阳101H2\阳101H2 邻井压力监测\阳101H2-6-19段压裂施工-4井分点压力监测.xls,导出数据,4,无可唯一匹配施工事件,6/19
E:\压裂窜扰项目\02 规范化\不重要的\阳101H2\阳101H2 邻井压力监测\阳101H2-6-19段压裂施工-4井秒点压力监测.xls,导出数据,4,无可唯一匹配施工事件,6/19
E:\压裂窜扰项目\02 规范化\不重要的\阳101H2\阳101H2 邻井压力监测\阳101H2-6-20段压裂施工-4井分点压力监测.xls,导出数据,4,无可唯一匹配施工事件,6/20
E:\压裂窜扰项目\02 规范化\不重要的\阳101H2\阳101H2 邻井压力监测\阳101H2-6-20段压裂施工-4井秒点压力监测.xls,导出数据,4,无可唯一匹配施工事件,6/20
E:\压裂窜扰项目\02 规范化\不重要的\阳101H2\阳101H2 邻井压力监测\阳101H2-6-4段压裂施工-4井分点压力监测.xls,导出数据,4,无可唯一匹配施工事件,6/4
E:\压裂窜扰项目\02 规范化\不重要的\阳101H2\阳101H2 邻井压力监测\阳101H2-6-4段压裂施工-4井秒点压力监测.xls,导出数据,4,无可唯一匹配施工事件,6/4
E:\压裂窜扰项目\02 规范化\不重要的\阳101H2\阳101H2 邻井压力监测\阳101H2-6-9段压裂施工-2井分点压力监测.xls,导出数据,2,无可唯一匹配施工事件,6/9
E:\压裂窜扰项目\02 规范化\不重要的\阳101H2\阳101H2 邻井压力监测\阳101H2-6-9段压裂施工-2井秒点压力监测.xls,导出数据,2,无可唯一匹配施工事件,6/9
E:\压裂窜扰项目\02 规范化\不重要的\阳101H2\阳101H2 邻井压力监测\阳101H2-8井压力监测数据表.xlsx,,,未解析出压力通道,[]
E:\压裂窜扰项目\02 规范化\不重要的\阳101H2\阳101H2 邻井压力监测\阳101H2-8井压力监测数据表2井11段.xlsx,,,未解析出压力通道,[]
E:\压裂窜扰项目\02 规范化\不重要的\阳101H2\阳101H2 邻井压力监测\阳101H2-8井压力监测数据表2井12段.xlsx,,,未解析出压力通道,[]
E:\压裂窜扰项目\02 规范化\不重要的\阳101H2\阳101H2 邻井压力监测\阳101H2-8井压力监测数据表2井13段.xlsx,,,未解析出压力通道,[]
E:\压裂窜扰项目\02 规范化\不重要的\阳101H2\阳101H2 邻井压力监测\阳101H2-8井压力监测数据表2井15段.xlsx,,,未解析出压力通道,[]
E:\压裂窜扰项目\02 规范化\不重要的\阳101H2\阳101H2 邻井压力监测\阳101H2-8井压力监测数据表2井16段.xlsx,,,未解析出压力通道,[]
E:\压裂窜扰项目\02 规范化\不重要的\阳101H2\阳101H2 邻井压力监测\阳101H2-8井压力监测数据表2井19段.xlsx,,,未解析出压力通道,[]
E:\压裂窜扰项目\02 规范化\不重要的\阳101H2\阳101H2 邻井压力监测\阳101H2-8井压力监测数据表2井21段.xlsx,,,未解析出压力通道,[]
E:\压裂窜扰项目\02 规范化\不重要的\阳101H2\阳101H2 邻井压力监测\阳101H2-8井压力监测数据表2井22段.xlsx,,,未解析出压力通道,[]
E:\压裂窜扰项目\02 规范化\不重要的\阳101H2\阳101H2 邻井压力监测\阳101H2-8井压力监测数据表5井23段.xlsx,,,未解析出压力通道,[]
E:\压裂窜扰项目\02 规范化\不重要的\阳101H2\阳101H2 邻井压力监测\阳101H2-8井压力监测数据表H32 2井1段.xlsx,,,未解析出压力通道,[]
E:\压裂窜扰项目\02 规范化\不重要的\阳101H2\阳101H2 邻井压力监测\阳101H2-8井压力监测数据表H32 2井2段.xlsx,,,未解析出压力通道,[]
E:\压裂窜扰项目\02 规范化\不重要的\阳101H2\阳101H2 邻井压力监测\阳101H2-8井压力监测数据表H32 2井3段.xlsx,,,未解析出压力通道,[]
E:\压裂窜扰项目\02 规范化\不重要的\阳101H2\阳101H2 邻井压力监测\阳101H2-8井压力监测数据表H32 2井4段.xlsx,,,未解析出压力通道,[]
E:\压裂窜扰项目\02 规范化\不重要的\阳101H2\阳101H2 邻井压力监测\阳101H2-8井压力监测数据表H32 2井6段.xlsx,,,未解析出压力通道,[]
E:\压裂窜扰项目\02 规范化\不重要的\阳101H2\阳101H2 邻井压力监测\阳101H2-8井压力监测数据表H32 2井8段.xlsx,,,未解析出压力通道,[]
E:\压裂窜扰项目\02 规范化\不重要的\阳101H2\阳101H2 邻井压力监测\阳101H2-8井压力监测数据表H32 4井16段.xlsx,,,未解析出压力通道,[]
E:\压裂窜扰项目\02 规范化\不重要的\阳101H2\阳101H2 邻井压力监测\阳101H2-8井压力监测数据表H32 4井19段.xlsx,,,未解析出压力通道,[]
E:\压裂窜扰项目\02 规范化\不重要的\阳101H2\阳101H2 邻井压力监测\阳101H2-8井压力监测数据表H32 4井20段.xlsx,,,未解析出压力通道,[]
E:\压裂窜扰项目\02 规范化\不重要的\阳101H2\阳101H2 邻井压力监测\阳101H2-8井压力监测数据表H32 4井21段.xlsx,,,未解析出压力通道,[]
E:\压裂窜扰项目\02 规范化\不重要的\阳101H2\阳101H2 邻井压力监测\阳101H2-8井压力监测数据表H32 6井20段.xlsx,,,未解析出压力通道,[]
E:\压裂窜扰项目\02 规范化\不重要的\阳101H2\阳101H2 邻井压力监测\阳101H2-8井压力监测数据表H32 6井21段、5井15段.xlsx,,,未解析出压力通道,[]
E:\压裂窜扰项目\02 规范化\不重要的\阳101H2\阳101H2 邻井压力监测\阳101H2平台井口压力监测记录表          叠合图 1.5.xlsx,,,未解析出压力通道,[]
E:\压裂窜扰项目\02 规范化\不重要的\阳101H2\阳101H2 邻井压力监测\阳101H2平台井口压力监测记录表   叠合图  1.4.xlsx,,,未解析出压力通道,[]
E:\压裂窜扰项目\02 规范化\不重要的\阳101H2\阳101H2 邻井压力监测\阳101H2平台井口压力监测记录表1.4.xlsx,,,未解析出压力通道,[]
E:\压裂窜扰项目\02 规范化\不重要的\阳101H2\阳101H2 邻井压力监测\阳101H2平台井口压力监测记录表1.5.xlsx,,,未解析出压力通道,[]
E:\压裂窜扰项目\02 规范化\不重要的\阳101H2\阳101H2 邻井压力监测\阳101H2平台压力监测          叠合图   12.29.xlsx,1,1,无可唯一匹配施工事件,/
E:\压裂窜扰项目\02 规范化\不重要的\阳101H2\阳101H2 邻井压力监测\阳101H2平台压力监测          叠合图   12.29.xlsx,1,2,无可唯一匹配施工事件,/
E:\压裂窜扰项目\02 规范化\不重要的\阳101H2\阳101H2 邻井压力监测\阳101H2平台压力监测          叠合图   12.29.xlsx,1,3,无可唯一匹配施工事件,/
E:\压裂窜扰项目\02 规范化\不重要的\阳101H2\阳101H2 邻井压力监测\阳101H2平台压力监测          叠合图   12.29.xlsx,1,4,无可唯一匹配施工事件,/
E:\压裂窜扰项目\02 规范化\不重要的\阳101H2\阳101H2 邻井压力监测\阳101H2平台压力监测          叠合图   12.29.xlsx,1,5,无可唯一匹配施工事件,/
E:\压裂窜扰项目\02 规范化\不重要的\阳101H2\阳101H2 邻井压力监测\阳101H2平台压力监测          叠合图   12.29.xlsx,1,6,无可唯一匹配施工事件,/
E:\压裂窜扰项目\02 规范化\不重要的\阳101H2\阳101H2 邻井压力监测\阳101H2平台压力监测    叠合图12.13.xlsx,1,1,无可唯一匹配施工事件,/
E:\压裂窜扰项目\02 规范化\不重要的\阳101H2\阳101H2 邻井压力监测\阳101H2平台压力监测    叠合图12.13.xlsx,1,2,无可唯一匹配施工事件,/
E:\压裂窜扰项目\02 规范化\不重要的\阳101H2\阳101H2 邻井压力监测\阳101H2平台压力监测    叠合图12.13.xlsx,1,3,无可唯一匹配施工事件,/
E:\压裂窜扰项目\02 规范化\不重要的\阳101H2\阳101H2 邻井压力监测\阳101H2平台压力监测    叠合图12.13.xlsx,1,4,无可唯一匹配施工事件,/
E:\压裂窜扰项目\02 规范化\不重要的\阳101H2\阳101H2 邻井压力监测\阳101H2平台压力监测    叠合图12.13.xlsx,1,5,无可唯一匹配施工事件,/
E:\压裂窜扰项目\02 规范化\不重要的\阳101H2\阳101H2 邻井压力监测\阳101H2平台压力监测    叠合图12.13.xlsx,1,6,无可唯一匹配施工事件,/
E:\压裂窜扰项目\02 规范化\不重要的\阳101H2\阳101H2 邻井压力监测\阳101H2平台压力监测   叠合图  12.12(1).xlsx,1,1,无可唯一匹配施工事件,/
E:\压裂窜扰项目\02 规范化\不重要的\阳101H2\阳101H2 邻井压力监测\阳101H2平台压力监测   叠合图  12.12(1).xlsx,1,2,无可唯一匹配施工事件,/
E:\压裂窜扰项目\02 规范化\不重要的\阳101H2\阳101H2 邻井压力监测\阳101H2平台压力监测   叠合图  12.12(1).xlsx,1,3,无可唯一匹配施工事件,/
E:\压裂窜扰项目\02 规范化\不重要的\阳101H2\阳101H2 邻井压力监测\阳101H2平台压力监测   叠合图  12.12(1).xlsx,1,4,无可唯一匹配施工事件,/
E:\压裂窜扰项目\02 规范化\不重要的\阳101H2\阳101H2 邻井压力监测\阳101H2平台压力监测   叠合图  12.12(1).xlsx,1,5,无可唯一匹配施工事件,/
E:\压裂窜扰项目\02 规范化\不重要的\阳101H2\阳101H2 邻井压力监测\阳101H2平台压力监测   叠合图  12.12(1).xlsx,1,6,无可唯一匹配施工事件,/
E:\压裂窜扰项目\02 规范化\不重要的\阳101H2\阳101H2 邻井压力监测\阳101H2平台压力监测   叠合图  12.12(1).xlsx,2,1,无可唯一匹配施工事件,/
E:\压裂窜扰项目\02 规范化\不重要的\阳101H2\阳101H2 邻井压力监测\阳101H2平台压力监测   叠合图  12.12(1).xlsx,2,2,无可唯一匹配施工事件,/
E:\压裂窜扰项目\02 规范化\不重要的\阳101H2\阳101H2 邻井压力监测\阳101H2平台压力监测   叠合图  12.12(1).xlsx,2,3,无可唯一匹配施工事件,/
E:\压裂窜扰项目\02 规范化\不重要的\阳101H2\阳101H2 邻井压力监测\阳101H2平台压力监测   叠合图  12.12(1).xlsx,2,4,无可唯一匹配施工事件,/
E:\压裂窜扰项目\02 规范化\不重要的\阳101H2\阳101H2 邻井压力监测\阳101H2平台压力监测   叠合图  12.12(1).xlsx,2,5,无可唯一匹配施工事件,/
E:\压裂窜扰项目\02 规范化\不重要的\阳101H2\阳101H2 邻井压力监测\阳101H2平台压力监测   叠合图  12.12(1).xlsx,2,6,无可唯一匹配施工事件,/
E:\压裂窜扰项目\02 规范化\不重要的\阳101H2\阳101H2 邻井压力监测\阳101H2平台压力监测   叠合图  12.15.xlsx,1,1,无可唯一匹配施工事件,/
E:\压裂窜扰项目\02 规范化\不重要的\阳101H2\阳101H2 邻井压力监测\阳101H2平台压力监测   叠合图  12.15.xlsx,1,2,无可唯一匹配施工事件,/
E:\压裂窜扰项目\02 规范化\不重要的\阳101H2\阳101H2 邻井压力监测\阳101H2平台压力监测   叠合图  12.15.xlsx,1,3,无可唯一匹配施工事件,/
E:\压裂窜扰项目\02 规范化\不重要的\阳101H2\阳101H2 邻井压力监测\阳101H2平台压力监测   叠合图  12.15.xlsx,1,4,无可唯一匹配施工事件,/
E:\压裂窜扰项目\02 规范化\不重要的\阳101H2\阳101H2 邻井压力监测\阳101H2平台压力监测   叠合图  12.15.xlsx,1,5,无可唯一匹配施工事件,/
E:\压裂窜扰项目\02 规范化\不重要的\阳101H2\阳101H2 邻井压力监测\阳101H2平台压力监测   叠合图  12.15.xlsx,1,6,无可唯一匹配施工事件,/
E:\压裂窜扰项目\02 规范化\不重要的\阳101H2\阳101H2 邻井压力监测\阳101H2平台压力监测   叠合图12.12.xlsx,1,1,无可唯一匹配施工事件,/
E:\压裂窜扰项目\02 规范化\不重要的\阳101H2\阳101H2 邻井压力监测\阳101H2平台压力监测   叠合图12.12.xlsx,1,2,无可唯一匹配施工事件,/
E:\压裂窜扰项目\02 规范化\不重要的\阳101H2\阳101H2 邻井压力监测\阳101H2平台压力监测   叠合图12.12.xlsx,1,3,无可唯一匹配施工事件,/
E:\压裂窜扰项目\02 规范化\不重要的\阳101H2\阳101H2 邻井压力监测\阳101H2平台压力监测   叠合图12.12.xlsx,1,4,无可唯一匹配施工事件,/
E:\压裂窜扰项目\02 规范化\不重要的\阳101H2\阳101H2 邻井压力监测\阳101H2平台压力监测   叠合图12.12.xlsx,1,5,无可唯一匹配施工事件,/
E:\压裂窜扰项目\02 规范化\不重要的\阳101H2\阳101H2 邻井压力监测\阳101H2平台压力监测   叠合图12.12.xlsx,1,6,无可唯一匹配施工事件,/
E:\压裂窜扰项目\02 规范化\不重要的\阳101H2\阳101H2 邻井压力监测\阳101H2平台压力监测  邻井叠合图12.07(2).xlsx,1,1,无可唯一匹配施工事件,/
E:\压裂窜扰项目\02 规范化\不重要的\阳101H2\阳101H2 邻井压力监测\阳101H2平台压力监测  邻井叠合图12.07(2).xlsx,1,2,无可唯一匹配施工事件,/
E:\压裂窜扰项目\02 规范化\不重要的\阳101H2\阳101H2 邻井压力监测\阳101H2平台压力监测  邻井叠合图12.07(2).xlsx,1,3,无可唯一匹配施工事件,/
E:\压裂窜扰项目\02 规范化\不重要的\阳101H2\阳101H2 邻井压力监测\阳101H2平台压力监测  邻井叠合图12.07(2).xlsx,1,4,无可唯一匹配施工事件,/
E:\压裂窜扰项目\02 规范化\不重要的\阳101H2\阳101H2 邻井压力监测\阳101H2平台压力监测  邻井叠合图12.07(2).xlsx,1,5,无可唯一匹配施工事件,/
E:\压裂窜扰项目\02 规范化\不重要的\阳101H2\阳101H2 邻井压力监测\阳101H2平台压力监测  邻井叠合图12.07(2).xlsx,1,6,无可唯一匹配施工事件,/
E:\压裂窜扰项目\02 规范化\不重要的\阳101H2\阳101H2 邻井压力监测\阳101H2平台压力监测  邻井叠合图12.07(2).xlsx,1,8,无可唯一匹配施工事件,/
E:\压裂窜扰项目\02 规范化\不重要的\阳101H2\阳101H2 邻井压力监测\阳101H2平台压力监测  邻井叠合图12.07(2).xlsx,1,4,无可唯一匹配施工事件,/
E:\压裂窜扰项目\02 规范化\不重要的\阳101H2\阳101H2 邻井压力监测\阳101H2平台压力监测11.25.xlsx,1,1,无可唯一匹配施工事件,/
E:\压裂窜扰项目\02 规范化\不重要的\阳101H2\阳101H2 邻井压力监测\阳101H2平台压力监测11.25.xlsx,1,2,无可唯一匹配施工事件,/
E:\压裂窜扰项目\02 规范化\不重要的\阳101H2\阳101H2 邻井压力监测\阳101H2平台压力监测11.25.xlsx,1,3,无可唯一匹配施工事件,/
E:\压裂窜扰项目\02 规范化\不重要的\阳101H2\阳101H2 邻井压力监测\阳101H2平台压力监测11.25.xlsx,1,4,无可唯一匹配施工事件,/
E:\压裂窜扰项目\02 规范化\不重要的\阳101H2\阳101H2 邻井压力监测\阳101H2平台压力监测11.25.xlsx,1,5,无可唯一匹配施工事件,/
E:\压裂窜扰项目\02 规范化\不重要的\阳101H2\阳101H2 邻井压力监测\阳101H2平台压力监测11.25.xlsx,1,6,无可唯一匹配施工事件,/
E:\压裂窜扰项目\02 规范化\不重要的\阳101H2\阳101H2 邻井压力监测\阳101H2平台压力监测11.26.xlsx,1,1,无可唯一匹配施工事件,/
E:\压裂窜扰项目\02 规范化\不重要的\阳101H2\阳101H2 邻井压力监测\阳101H2平台压力监测11.26.xlsx,1,2,无可唯一匹配施工事件,/
E:\压裂窜扰项目\02 规范化\不重要的\阳101H2\阳101H2 邻井压力监测\阳101H2平台压力监测11.26.xlsx,1,3,无可唯一匹配施工事件,/
E:\压裂窜扰项目\02 规范化\不重要的\阳101H2\阳101H2 邻井压力监测\阳101H2平台压力监测11.26.xlsx,1,4,无可唯一匹配施工事件,/
E:\压裂窜扰项目\02 规范化\不重要的\阳101H2\阳101H2 邻井压力监测\阳101H2平台压力监测11.26.xlsx,1,5,无可唯一匹配施工事件,/
E:\压裂窜扰项目\02 规范化\不重要的\阳101H2\阳101H2 邻井压力监测\阳101H2平台压力监测11.26.xlsx,1,6,无可唯一匹配施工事件,/
E:\压裂窜扰项目\02 规范化\不重要的\阳101H2\阳101H2 邻井压力监测\阳101H2平台压力监测11.27(2).xlsx,1,1,无可唯一匹配施工事件,/
E:\压裂窜扰项目\02 规范化\不重要的\阳101H2\阳101H2 邻井压力监测\阳101H2平台压力监测11.27(2).xlsx,1,2,无可唯一匹配施工事件,/
E:\压裂窜扰项目\02 规范化\不重要的\阳101H2\阳101H2 邻井压力监测\阳101H2平台压力监测11.27(2).xlsx,1,3,无可唯一匹配施工事件,/
E:\压裂窜扰项目\02 规范化\不重要的\阳101H2\阳101H2 邻井压力监测\阳101H2平台压力监测11.27(2).xlsx,1,4,无可唯一匹配施工事件,/
E:\压裂窜扰项目\02 规范化\不重要的\阳101H2\阳101H2 邻井压力监测\阳101H2平台压力监测11.27(2).xlsx,1,5,无可唯一匹配施工事件,/
E:\压裂窜扰项目\02 规范化\不重要的\阳101H2\阳101H2 邻井压力监测\阳101H2平台压力监测11.27(2).xlsx,1,6,无可唯一匹配施工事件,/
E:\压裂窜扰项目\02 规范化\不重要的\阳101H2\阳101H2 邻井压力监测\阳101H2平台压力监测11.27(2).xlsx,2,1,无可唯一匹配施工事件,/
E:\压裂窜扰项目\02 规范化\不重要的\阳101H2\阳101H2 邻井压力监测\阳101H2平台压力监测11.27(2).xlsx,2,2,无可唯一匹配施工事件,/
E:\压裂窜扰项目\02 规范化\不重要的\阳101H2\阳101H2 邻井压力监测\阳101H2平台压力监测11.27(2).xlsx,2,3,无可唯一匹配施工事件,/
E:\压裂窜扰项目\02 规范化\不重要的\阳101H2\阳101H2 邻井压力监测\阳101H2平台压力监测11.27(2).xlsx,2,4,无可唯一匹配施工事件,/
E:\压裂窜扰项目\02 规范化\不重要的\阳101H2\阳101H2 邻井压力监测\阳101H2平台压力监测11.27(2).xlsx,2,5,无可唯一匹配施工事件,/
E:\压裂窜扰项目\02 规范化\不重要的\阳101H2\阳101H2 邻井压力监测\阳101H2平台压力监测11.27(2).xlsx,2,6,无可唯一匹配施工事件,/
E:\压裂窜扰项目\02 规范化\不重要的\阳101H2\阳101H2 邻井压力监测\阳101H2平台压力监测11.27(2).xlsx,2,2,无可唯一匹配施工事件,/
E:\压裂窜扰项目\02 规范化\不重要的\阳101H2\阳101H2 邻井压力监测\阳101H2平台压力监测11.27.xlsx,1,1,无可唯一匹配施工事件,/
E:\压裂窜扰项目\02 规范化\不重要的\阳101H2\阳101H2 邻井压力监测\阳101H2平台压力监测11.27.xlsx,1,2,无可唯一匹配施工事件,/
E:\压裂窜扰项目\02 规范化\不重要的\阳101H2\阳101H2 邻井压力监测\阳101H2平台压力监测11.27.xlsx,1,3,无可唯一匹配施工事件,/
E:\压裂窜扰项目\02 规范化\不重要的\阳101H2\阳101H2 邻井压力监测\阳101H2平台压力监测11.27.xlsx,1,4,无可唯一匹配施工事件,/
E:\压裂窜扰项目\02 规范化\不重要的\阳101H2\阳101H2 邻井压力监测\阳101H2平台压力监测11.27.xlsx,1,5,无可唯一匹配施工事件,/
E:\压裂窜扰项目\02 规范化\不重要的\阳101H2\阳101H2 邻井压力监测\阳101H2平台压力监测11.27.xlsx,1,6,无可唯一匹配施工事件,/
E:\压裂窜扰项目\02 规范化\不重要的\阳101H2\阳101H2 邻井压力监测\阳101H2平台压力监测11.28.xlsx,1,1,无可唯一匹配施工事件,/
E:\压裂窜扰项目\02 规范化\不重要的\阳101H2\阳101H2 邻井压力监测\阳101H2平台压力监测11.28.xlsx,1,2,无可唯一匹配施工事件,/
E:\压裂窜扰项目\02 规范化\不重要的\阳101H2\阳101H2 邻井压力监测\阳101H2平台压力监测11.28.xlsx,1,3,无可唯一匹配施工事件,/
E:\压裂窜扰项目\02 规范化\不重要的\阳101H2\阳101H2 邻井压力监测\阳101H2平台压力监测11.28.xlsx,1,4,无可唯一匹配施工事件,/
E:\压裂窜扰项目\02 规范化\不重要的\阳101H2\阳101H2 邻井压力监测\阳101H2平台压力监测11.28.xlsx,1,5,无可唯一匹配施工事件,/
E:\压裂窜扰项目\02 规范化\不重要的\阳101H2\阳101H2 邻井压力监测\阳101H2平台压力监测11.28.xlsx,1,6,无可唯一匹配施工事件,/
E:\压裂窜扰项目\02 规范化\不重要的\阳101H2\阳101H2 邻井压力监测\阳101H2平台压力监测11.28.xlsx,1,4,无可唯一匹配施工事件,/
E:\压裂窜扰项目\02 规范化\不重要的\阳101H2\阳101H2 邻井压力监测\阳101H2平台压力监测11.6(1).xlsx,,,未解析出压力通道,[]
E:\压裂窜扰项目\02 规范化\不重要的\阳101H2\阳101H2 邻井压力监测\阳101H2平台压力监测11.7.xlsx,7,1,无可唯一匹配施工事件,/
E:\压裂窜扰项目\02 规范化\不重要的\阳101H2\阳101H2 邻井压力监测\阳101H2平台压力监测11.7.xlsx,7,2,无可唯一匹配施工事件,/
E:\压裂窜扰项目\02 规范化\不重要的\阳101H2\阳101H2 邻井压力监测\阳101H2平台压力监测11.7.xlsx,7,3,无可唯一匹配施工事件,/
E:\压裂窜扰项目\02 规范化\不重要的\阳101H2\阳101H2 邻井压力监测\阳101H2平台压力监测11.7.xlsx,7,4,无可唯一匹配施工事件,/
E:\压裂窜扰项目\02 规范化\不重要的\阳101H2\阳101H2 邻井压力监测\阳101H2平台压力监测11.7.xlsx,7,5,无可唯一匹配施工事件,/
E:\压裂窜扰项目\02 规范化\不重要的\阳101H2\阳101H2 邻井压力监测\阳101H2平台压力监测11.7.xlsx,7,6,无可唯一匹配施工事件,/
E:\压裂窜扰项目\02 规范化\不重要的\阳101H2\阳101H2 邻井压力监测\阳101H2平台压力监测11.7.xlsx,8,1,无可唯一匹配施工事件,/
E:\压裂窜扰项目\02 规范化\不重要的\阳101H2\阳101H2 邻井压力监测\阳101H2平台压力监测11.7.xlsx,8,2,无可唯一匹配施工事件,/
E:\压裂窜扰项目\02 规范化\不重要的\阳101H2\阳101H2 邻井压力监测\阳101H2平台压力监测11.7.xlsx,8,3,无可唯一匹配施工事件,/
E:\压裂窜扰项目\02 规范化\不重要的\阳101H2\阳101H2 邻井压力监测\阳101H2平台压力监测11.7.xlsx,8,4,无可唯一匹配施工事件,/
E:\压裂窜扰项目\02 规范化\不重要的\阳101H2\阳101H2 邻井压力监测\阳101H2平台压力监测11.7.xlsx,8,5,无可唯一匹配施工事件,/
E:\压裂窜扰项目\02 规范化\不重要的\阳101H2\阳101H2 邻井压力监测\阳101H2平台压力监测11.7.xlsx,8,6,无可唯一匹配施工事件,/
E:\压裂窜扰项目\02 规范化\不重要的\阳101H2\阳101H2 邻井压力监测\阳101H2平台压力监测12.02(2).xlsx,1,1,无可唯一匹配施工事件,/
E:\压裂窜扰项目\02 规范化\不重要的\阳101H2\阳101H2 邻井压力监测\阳101H2平台压力监测12.02(2).xlsx,1,2,无可唯一匹配施工事件,/
E:\压裂窜扰项目\02 规范化\不重要的\阳101H2\阳101H2 邻井压力监测\阳101H2平台压力监测12.02(2).xlsx,1,3,无可唯一匹配施工事件,/
E:\压裂窜扰项目\02 规范化\不重要的\阳101H2\阳101H2 邻井压力监测\阳101H2平台压力监测12.02(2).xlsx,1,4,无可唯一匹配施工事件,/
E:\压裂窜扰项目\02 规范化\不重要的\阳101H2\阳101H2 邻井压力监测\阳101H2平台压力监测12.02(2).xlsx,1,5,无可唯一匹配施工事件,/
E:\压裂窜扰项目\02 规范化\不重要的\阳101H2\阳101H2 邻井压力监测\阳101H2平台压力监测12.02(2).xlsx,1,6,无可唯一匹配施工事件,/
E:\压裂窜扰项目\02 规范化\不重要的\阳101H2\阳101H2 邻井压力监测\阳101H2平台压力监测12.02(2).xlsx,2,1,无可唯一匹配施工事件,/
E:\压裂窜扰项目\02 规范化\不重要的\阳101H2\阳101H2 邻井压力监测\阳101H2平台压力监测12.02(2).xlsx,2,2,无可唯一匹配施工事件,/
E:\压裂窜扰项目\02 规范化\不重要的\阳101H2\阳101H2 邻井压力监测\阳101H2平台压力监测12.02(2).xlsx,2,3,无可唯一匹配施工事件,/
E:\压裂窜扰项目\02 规范化\不重要的\阳101H2\阳101H2 邻井压力监测\阳101H2平台压力监测12.02(2).xlsx,2,4,无可唯一匹配施工事件,/
E:\压裂窜扰项目\02 规范化\不重要的\阳101H2\阳101H2 邻井压力监测\阳101H2平台压力监测12.02(2).xlsx,2,5,无可唯一匹配施工事件,/
E:\压裂窜扰项目\02 规范化\不重要的\阳101H2\阳101H2 邻井压力监测\阳101H2平台压力监测12.02(2).xlsx,2,6,无可唯一匹配施工事件,/
E:\压裂窜扰项目\02 规范化\不重要的\阳101H2\阳101H2 邻井压力监测\阳101H2平台压力监测12.02.xlsx,1,1,无可唯一匹配施工事件,/
E:\压裂窜扰项目\02 规范化\不重要的\阳101H2\阳101H2 邻井压力监测\阳101H2平台压力监测12.02.xlsx,1,2,无可唯一匹配施工事件,/
E:\压裂窜扰项目\02 规范化\不重要的\阳101H2\阳101H2 邻井压力监测\阳101H2平台压力监测12.02.xlsx,1,3,无可唯一匹配施工事件,/
E:\压裂窜扰项目\02 规范化\不重要的\阳101H2\阳101H2 邻井压力监测\阳101H2平台压力监测12.02.xlsx,1,4,无可唯一匹配施工事件,/
E:\压裂窜扰项目\02 规范化\不重要的\阳101H2\阳101H2 邻井压力监测\阳101H2平台压力监测12.02.xlsx,1,5,无可唯一匹配施工事件,/
E:\压裂窜扰项目\02 规范化\不重要的\阳101H2\阳101H2 邻井压力监测\阳101H2平台压力监测12.02.xlsx,1,6,无可唯一匹配施工事件,/
E:\压裂窜扰项目\02 规范化\不重要的\阳101H2\阳101H2 邻井压力监测\阳101H2平台压力监测12.04.xlsx,1,1,无可唯一匹配施工事件,/
E:\压裂窜扰项目\02 规范化\不重要的\阳101H2\阳101H2 邻井压力监测\阳101H2平台压力监测12.04.xlsx,1,2,无可唯一匹配施工事件,/
E:\压裂窜扰项目\02 规范化\不重要的\阳101H2\阳101H2 邻井压力监测\阳101H2平台压力监测12.04.xlsx,1,3,无可唯一匹配施工事件,/
E:\压裂窜扰项目\02 规范化\不重要的\阳101H2\阳101H2 邻井压力监测\阳101H2平台压力监测12.04.xlsx,1,4,无可唯一匹配施工事件,/
E:\压裂窜扰项目\02 规范化\不重要的\阳101H2\阳101H2 邻井压力监测\阳101H2平台压力监测12.04.xlsx,1,5,无可唯一匹配施工事件,/
E:\压裂窜扰项目\02 规范化\不重要的\阳101H2\阳101H2 邻井压力监测\阳101H2平台压力监测12.04.xlsx,1,6,无可唯一匹配施工事件,/
E:\压裂窜扰项目\02 规范化\不重要的\阳101H2\阳101H2 邻井压力监测\阳101H2平台压力监测12.04.xlsx,2,1,无可唯一匹配施工事件,/
E:\压裂窜扰项目\02 规范化\不重要的\阳101H2\阳101H2 邻井压力监测\阳101H2平台压力监测12.04.xlsx,2,2,无可唯一匹配施工事件,/
E:\压裂窜扰项目\02 规范化\不重要的\阳101H2\阳101H2 邻井压力监测\阳101H2平台压力监测12.04.xlsx,2,3,无可唯一匹配施工事件,/
E:\压裂窜扰项目\02 规范化\不重要的\阳101H2\阳101H2 邻井压力监测\阳101H2平台压力监测12.04.xlsx,2,4,无可唯一匹配施工事件,/
E:\压裂窜扰项目\02 规范化\不重要的\阳101H2\阳101H2 邻井压力监测\阳101H2平台压力监测12.04.xlsx,2,5,无可唯一匹配施工事件,/
E:\压裂窜扰项目\02 规范化\不重要的\阳101H2\阳101H2 邻井压力监测\阳101H2平台压力监测12.04.xlsx,2,6,无可唯一匹配施工事件,/
E:\压裂窜扰项目\02 规范化\不重要的\阳101H2\阳101H2 邻井压力监测\阳101H2平台压力监测12.05(1).xlsx,1,1,无可唯一匹配施工事件,/
E:\压裂窜扰项目\02 规范化\不重要的\阳101H2\阳101H2 邻井压力监测\阳101H2平台压力监测12.05(1).xlsx,1,2,无可唯一匹配施工事件,/
E:\压裂窜扰项目\02 规范化\不重要的\阳101H2\阳101H2 邻井压力监测\阳101H2平台压力监测12.05(1).xlsx,1,3,无可唯一匹配施工事件,/
E:\压裂窜扰项目\02 规范化\不重要的\阳101H2\阳101H2 邻井压力监测\阳101H2平台压力监测12.05(1).xlsx,1,4,无可唯一匹配施工事件,/
E:\压裂窜扰项目\02 规范化\不重要的\阳101H2\阳101H2 邻井压力监测\阳101H2平台压力监测12.05(1).xlsx,1,5,无可唯一匹配施工事件,/
E:\压裂窜扰项目\02 规范化\不重要的\阳101H2\阳101H2 邻井压力监测\阳101H2平台压力监测12.05(1).xlsx,1,6,无可唯一匹配施工事件,/
E:\压裂窜扰项目\02 规范化\不重要的\阳101H2\阳101H2 邻井压力监测\阳101H2平台压力监测12.05(1).xlsx,2,1,无可唯一匹配施工事件,/
E:\压裂窜扰项目\02 规范化\不重要的\阳101H2\阳101H2 邻井压力监测\阳101H2平台压力监测12.05(1).xlsx,2,2,无可唯一匹配施工事件,/
E:\压裂窜扰项目\02 规范化\不重要的\阳101H2\阳101H2 邻井压力监测\阳101H2平台压力监测12.05(1).xlsx,2,3,无可唯一匹配施工事件,/
E:\压裂窜扰项目\02 规范化\不重要的\阳101H2\阳101H2 邻井压力监测\阳101H2平台压力监测12.05(1).xlsx,2,4,无可唯一匹配施工事件,/
E:\压裂窜扰项目\02 规范化\不重要的\阳101H2\阳101H2 邻井压力监测\阳101H2平台压力监测12.05(1).xlsx,2,5,无可唯一匹配施工事件,/
E:\压裂窜扰项目\02 规范化\不重要的\阳101H2\阳101H2 邻井压力监测\阳101H2平台压力监测12.05(1).xlsx,2,6,无可唯一匹配施工事件,/
E:\压裂窜扰项目\02 规范化\不重要的\阳101H2\阳101H2 邻井压力监测\阳101H2平台压力监测12.05.xlsx,1,1,无可唯一匹配施工事件,/
E:\压裂窜扰项目\02 规范化\不重要的\阳101H2\阳101H2 邻井压力监测\阳101H2平台压力监测12.05.xlsx,1,2,无可唯一匹配施工事件,/
E:\压裂窜扰项目\02 规范化\不重要的\阳101H2\阳101H2 邻井压力监测\阳101H2平台压力监测12.05.xlsx,1,3,无可唯一匹配施工事件,/
E:\压裂窜扰项目\02 规范化\不重要的\阳101H2\阳101H2 邻井压力监测\阳101H2平台压力监测12.05.xlsx,1,4,无可唯一匹配施工事件,/
E:\压裂窜扰项目\02 规范化\不重要的\阳101H2\阳101H2 邻井压力监测\阳101H2平台压力监测12.05.xlsx,1,5,无可唯一匹配施工事件,/
E:\压裂窜扰项目\02 规范化\不重要的\阳101H2\阳101H2 邻井压力监测\阳101H2平台压力监测12.05.xlsx,1,6,无可唯一匹配施工事件,/
E:\压裂窜扰项目\02 规范化\不重要的\阳101H2\阳101H2 邻井压力监测\阳101H2平台压力监测12.06.xlsx,1,1,无可唯一匹配施工事件,/
E:\压裂窜扰项目\02 规范化\不重要的\阳101H2\阳101H2 邻井压力监测\阳101H2平台压力监测12.06.xlsx,1,2,无可唯一匹配施工事件,/
E:\压裂窜扰项目\02 规范化\不重要的\阳101H2\阳101H2 邻井压力监测\阳101H2平台压力监测12.06.xlsx,1,3,无可唯一匹配施工事件,/
E:\压裂窜扰项目\02 规范化\不重要的\阳101H2\阳101H2 邻井压力监测\阳101H2平台压力监测12.06.xlsx,1,4,无可唯一匹配施工事件,/
E:\压裂窜扰项目\02 规范化\不重要的\阳101H2\阳101H2 邻井压力监测\阳101H2平台压力监测12.06.xlsx,1,5,无可唯一匹配施工事件,/
E:\压裂窜扰项目\02 规范化\不重要的\阳101H2\阳101H2 邻井压力监测\阳101H2平台压力监测12.06.xlsx,1,6,无可唯一匹配施工事件,/
E:\压裂窜扰项目\02 规范化\不重要的\阳101H2\阳101H2 邻井压力监测\阳101H2平台压力监测12.06.xlsx,2,1,无可唯一匹配施工事件,/
E:\压裂窜扰项目\02 规范化\不重要的\阳101H2\阳101H2 邻井压力监测\阳101H2平台压力监测12.06.xlsx,2,2,无可唯一匹配施工事件,/
E:\压裂窜扰项目\02 规范化\不重要的\阳101H2\阳101H2 邻井压力监测\阳101H2平台压力监测12.06.xlsx,2,3,无可唯一匹配施工事件,/
E:\压裂窜扰项目\02 规范化\不重要的\阳101H2\阳101H2 邻井压力监测\阳101H2平台压力监测12.06.xlsx,2,4,无可唯一匹配施工事件,/
E:\压裂窜扰项目\02 规范化\不重要的\阳101H2\阳101H2 邻井压力监测\阳101H2平台压力监测12.06.xlsx,2,5,无可唯一匹配施工事件,/
E:\压裂窜扰项目\02 规范化\不重要的\阳101H2\阳101H2 邻井压力监测\阳101H2平台压力监测12.06.xlsx,2,6,无可唯一匹配施工事件,/
E:\压裂窜扰项目\02 规范化\不重要的\阳101H2\阳101H2 邻井压力监测\阳101H2平台压力监测12.07(3).xlsx,1,1,无可唯一匹配施工事件,/
E:\压裂窜扰项目\02 规范化\不重要的\阳101H2\阳101H2 邻井压力监测\阳101H2平台压力监测12.07(3).xlsx,1,2,无可唯一匹配施工事件,/
E:\压裂窜扰项目\02 规范化\不重要的\阳101H2\阳101H2 邻井压力监测\阳101H2平台压力监测12.07(3).xlsx,1,3,无可唯一匹配施工事件,/
E:\压裂窜扰项目\02 规范化\不重要的\阳101H2\阳101H2 邻井压力监测\阳101H2平台压力监测12.07(3).xlsx,1,4,无可唯一匹配施工事件,/
E:\压裂窜扰项目\02 规范化\不重要的\阳101H2\阳101H2 邻井压力监测\阳101H2平台压力监测12.07(3).xlsx,1,5,无可唯一匹配施工事件,/
E:\压裂窜扰项目\02 规范化\不重要的\阳101H2\阳101H2 邻井压力监测\阳101H2平台压力监测12.07(3).xlsx,1,6,无可唯一匹配施工事件,/
E:\压裂窜扰项目\02 规范化\不重要的\阳101H2\阳101H2 邻井压力监测\阳101H2平台压力监测12.07(3).xlsx,2,1,无可唯一匹配施工事件,/
E:\压裂窜扰项目\02 规范化\不重要的\阳101H2\阳101H2 邻井压力监测\阳101H2平台压力监测12.07(3).xlsx,2,2,无可唯一匹配施工事件,/
E:\压裂窜扰项目\02 规范化\不重要的\阳101H2\阳101H2 邻井压力监测\阳101H2平台压力监测12.07(3).xlsx,2,3,无可唯一匹配施工事件,/
E:\压裂窜扰项目\02 规范化\不重要的\阳101H2\阳101H2 邻井压力监测\阳101H2平台压力监测12.07(3).xlsx,2,4,无可唯一匹配施工事件,/
E:\压裂窜扰项目\02 规范化\不重要的\阳101H2\阳101H2 邻井压力监测\阳101H2平台压力监测12.07(3).xlsx,2,5,无可唯一匹配施工事件,/
E:\压裂窜扰项目\02 规范化\不重要的\阳101H2\阳101H2 邻井压力监测\阳101H2平台压力监测12.07(3).xlsx,2,6,无可唯一匹配施工事件,/
E:\压裂窜扰项目\02 规范化\不重要的\阳101H2\阳101H2 邻井压力监测\阳101H2平台压力监测12.08.xlsx,1,1,无可唯一匹配施工事件,/
E:\压裂窜扰项目\02 规范化\不重要的\阳101H2\阳101H2 邻井压力监测\阳101H2平台压力监测12.08.xlsx,1,2,无可唯一匹配施工事件,/
E:\压裂窜扰项目\02 规范化\不重要的\阳101H2\阳101H2 邻井压力监测\阳101H2平台压力监测12.08.xlsx,1,3,无可唯一匹配施工事件,/
E:\压裂窜扰项目\02 规范化\不重要的\阳101H2\阳101H2 邻井压力监测\阳101H2平台压力监测12.08.xlsx,1,4,无可唯一匹配施工事件,/
E:\压裂窜扰项目\02 规范化\不重要的\阳101H2\阳101H2 邻井压力监测\阳101H2平台压力监测12.08.xlsx,1,5,无可唯一匹配施工事件,/
E:\压裂窜扰项目\02 规范化\不重要的\阳101H2\阳101H2 邻井压力监测\阳101H2平台压力监测12.08.xlsx,1,6,无可唯一匹配施工事件,/
E:\压裂窜扰项目\02 规范化\不重要的\阳101H2\阳101H2 邻井压力监测\阳101H2平台压力监测12.09   叠合图.xlsx,1,1,无可唯一匹配施工事件,/
E:\压裂窜扰项目\02 规范化\不重要的\阳101H2\阳101H2 邻井压力监测\阳101H2平台压力监测12.09   叠合图.xlsx,1,2,无可唯一匹配施工事件,/
E:\压裂窜扰项目\02 规范化\不重要的\阳101H2\阳101H2 邻井压力监测\阳101H2平台压力监测12.09   叠合图.xlsx,1,3,无可唯一匹配施工事件,/
E:\压裂窜扰项目\02 规范化\不重要的\阳101H2\阳101H2 邻井压力监测\阳101H2平台压力监测12.09   叠合图.xlsx,1,4,无可唯一匹配施工事件,/
E:\压裂窜扰项目\02 规范化\不重要的\阳101H2\阳101H2 邻井压力监测\阳101H2平台压力监测12.09   叠合图.xlsx,1,5,无可唯一匹配施工事件,/
E:\压裂窜扰项目\02 规范化\不重要的\阳101H2\阳101H2 邻井压力监测\阳101H2平台压力监测12.09   叠合图.xlsx,1,6,无可唯一匹配施工事件,/
E:\压裂窜扰项目\02 规范化\不重要的\阳101H2\阳101H2 邻井压力监测\阳101H2平台压力监测12.09   叠合图.xlsx,2,1,无可唯一匹配施工事件,/
E:\压裂窜扰项目\02 规范化\不重要的\阳101H2\阳101H2 邻井压力监测\阳101H2平台压力监测12.09   叠合图.xlsx,2,2,无可唯一匹配施工事件,/
E:\压裂窜扰项目\02 规范化\不重要的\阳101H2\阳101H2 邻井压力监测\阳101H2平台压力监测12.09   叠合图.xlsx,2,3,无可唯一匹配施工事件,/
E:\压裂窜扰项目\02 规范化\不重要的\阳101H2\阳101H2 邻井压力监测\阳101H2平台压力监测12.09   叠合图.xlsx,2,4,无可唯一匹配施工事件,/
E:\压裂窜扰项目\02 规范化\不重要的\阳101H2\阳101H2 邻井压力监测\阳101H2平台压力监测12.09   叠合图.xlsx,2,5,无可唯一匹配施工事件,/
E:\压裂窜扰项目\02 规范化\不重要的\阳101H2\阳101H2 邻井压力监测\阳101H2平台压力监测12.09   叠合图.xlsx,2,6,无可唯一匹配施工事件,/
E:\压裂窜扰项目\02 规范化\不重要的\阳101H2\阳101H2 邻井压力监测\阳101H2平台压力监测12.09(1).xlsx,1,1,无可唯一匹配施工事件,/
E:\压裂窜扰项目\02 规范化\不重要的\阳101H2\阳101H2 邻井压力监测\阳101H2平台压力监测12.09(1).xlsx,1,2,无可唯一匹配施工事件,/
E:\压裂窜扰项目\02 规范化\不重要的\阳101H2\阳101H2 邻井压力监测\阳101H2平台压力监测12.09(1).xlsx,1,3,无可唯一匹配施工事件,/
E:\压裂窜扰项目\02 规范化\不重要的\阳101H2\阳101H2 邻井压力监测\阳101H2平台压力监测12.09(1).xlsx,1,4,无可唯一匹配施工事件,/
E:\压裂窜扰项目\02 规范化\不重要的\阳101H2\阳101H2 邻井压力监测\阳101H2平台压力监测12.09(1).xlsx,1,5,无可唯一匹配施工事件,/
E:\压裂窜扰项目\02 规范化\不重要的\阳101H2\阳101H2 邻井压力监测\阳101H2平台压力监测12.09(1).xlsx,1,6,无可唯一匹配施工事件,/
E:\压裂窜扰项目\02 规范化\不重要的\阳101H2\阳101H2 邻井压力监测\阳101H2平台压力监测12.09(1).xlsx,2,1,无可唯一匹配施工事件,/
E:\压裂窜扰项目\02 规范化\不重要的\阳101H2\阳101H2 邻井压力监测\阳101H2平台压力监测12.09(1).xlsx,2,2,无可唯一匹配施工事件,/
E:\压裂窜扰项目\02 规范化\不重要的\阳101H2\阳101H2 邻井压力监测\阳101H2平台压力监测12.09(1).xlsx,2,3,无可唯一匹配施工事件,/
E:\压裂窜扰项目\02 规范化\不重要的\阳101H2\阳101H2 邻井压力监测\阳101H2平台压力监测12.09(1).xlsx,2,4,无可唯一匹配施工事件,/
E:\压裂窜扰项目\02 规范化\不重要的\阳101H2\阳101H2 邻井压力监测\阳101H2平台压力监测12.09(1).xlsx,2,5,无可唯一匹配施工事件,/
E:\压裂窜扰项目\02 规范化\不重要的\阳101H2\阳101H2 邻井压力监测\阳101H2平台压力监测12.09(1).xlsx,2,6,无可唯一匹配施工事件,/
E:\压裂窜扰项目\02 规范化\不重要的\阳101H2\阳101H2 邻井压力监测\阳101H2平台压力监测12.10   叠合图.xlsx,1,1,无可唯一匹配施工事件,/
E:\压裂窜扰项目\02 规范化\不重要的\阳101H2\阳101H2 邻井压力监测\阳101H2平台压力监测12.10   叠合图.xlsx,1,2,无可唯一匹配施工事件,/
E:\压裂窜扰项目\02 规范化\不重要的\阳101H2\阳101H2 邻井压力监测\阳101H2平台压力监测12.10   叠合图.xlsx,1,3,无可唯一匹配施工事件,/
E:\压裂窜扰项目\02 规范化\不重要的\阳101H2\阳101H2 邻井压力监测\阳101H2平台压力监测12.10   叠合图.xlsx,1,4,无可唯一匹配施工事件,/
E:\压裂窜扰项目\02 规范化\不重要的\阳101H2\阳101H2 邻井压力监测\阳101H2平台压力监测12.10   叠合图.xlsx,1,5,无可唯一匹配施工事件,/
E:\压裂窜扰项目\02 规范化\不重要的\阳101H2\阳101H2 邻井压力监测\阳101H2平台压力监测12.10   叠合图.xlsx,1,6,无可唯一匹配施工事件,/
E:\压裂窜扰项目\02 规范化\不重要的\阳101H2\阳101H2 邻井压力监测\阳101H2平台压力监测12.11  叠合图.xlsx,1,1,无可唯一匹配施工事件,/
E:\压裂窜扰项目\02 规范化\不重要的\阳101H2\阳101H2 邻井压力监测\阳101H2平台压力监测12.11  叠合图.xlsx,1,2,无可唯一匹配施工事件,/
E:\压裂窜扰项目\02 规范化\不重要的\阳101H2\阳101H2 邻井压力监测\阳101H2平台压力监测12.11  叠合图.xlsx,1,3,无可唯一匹配施工事件,/
E:\压裂窜扰项目\02 规范化\不重要的\阳101H2\阳101H2 邻井压力监测\阳101H2平台压力监测12.11  叠合图.xlsx,1,4,无可唯一匹配施工事件,/
E:\压裂窜扰项目\02 规范化\不重要的\阳101H2\阳101H2 邻井压力监测\阳101H2平台压力监测12.11  叠合图.xlsx,1,5,无可唯一匹配施工事件,/
E:\压裂窜扰项目\02 规范化\不重要的\阳101H2\阳101H2 邻井压力监测\阳101H2平台压力监测12.11  叠合图.xlsx,1,6,无可唯一匹配施工事件,/
E:\压裂窜扰项目\02 规范化\不重要的\阳101H2\阳101H2 邻井压力监测\阳101H2平台压力监测12.11(1).xlsx,1,1,无可唯一匹配施工事件,/
E:\压裂窜扰项目\02 规范化\不重要的\阳101H2\阳101H2 邻井压力监测\阳101H2平台压力监测12.11(1).xlsx,1,2,无可唯一匹配施工事件,/
E:\压裂窜扰项目\02 规范化\不重要的\阳101H2\阳101H2 邻井压力监测\阳101H2平台压力监测12.11(1).xlsx,1,3,无可唯一匹配施工事件,/
E:\压裂窜扰项目\02 规范化\不重要的\阳101H2\阳101H2 邻井压力监测\阳101H2平台压力监测12.11(1).xlsx,1,4,无可唯一匹配施工事件,/
E:\压裂窜扰项目\02 规范化\不重要的\阳101H2\阳101H2 邻井压力监测\阳101H2平台压力监测12.11(1).xlsx,1,5,无可唯一匹配施工事件,/
E:\压裂窜扰项目\02 规范化\不重要的\阳101H2\阳101H2 邻井压力监测\阳101H2平台压力监测12.11(1).xlsx,1,6,无可唯一匹配施工事件,/
E:\压裂窜扰项目\02 规范化\不重要的\阳101H2\阳101H2 邻井压力监测\阳101H2平台压力监测12.11(1).xlsx,2,1,无可唯一匹配施工事件,/
E:\压裂窜扰项目\02 规范化\不重要的\阳101H2\阳101H2 邻井压力监测\阳101H2平台压力监测12.11(1).xlsx,2,2,无可唯一匹配施工事件,/
E:\压裂窜扰项目\02 规范化\不重要的\阳101H2\阳101H2 邻井压力监测\阳101H2平台压力监测12.11(1).xlsx,2,3,无可唯一匹配施工事件,/
E:\压裂窜扰项目\02 规范化\不重要的\阳101H2\阳101H2 邻井压力监测\阳101H2平台压力监测12.11(1).xlsx,2,4,无可唯一匹配施工事件,/
E:\压裂窜扰项目\02 规范化\不重要的\阳101H2\阳101H2 邻井压力监测\阳101H2平台压力监测12.11(1).xlsx,2,5,无可唯一匹配施工事件,/
E:\压裂窜扰项目\02 规范化\不重要的\阳101H2\阳101H2 邻井压力监测\阳101H2平台压力监测12.11(1).xlsx,2,6,无可唯一匹配施工事件,/
E:\压裂窜扰项目\02 规范化\不重要的\阳101H2\阳101H2 邻井压力监测\阳101H2平台压力监测12.14.xlsx,1,1,无可唯一匹配施工事件,/
E:\压裂窜扰项目\02 规范化\不重要的\阳101H2\阳101H2 邻井压力监测\阳101H2平台压力监测12.14.xlsx,1,2,无可唯一匹配施工事件,/
E:\压裂窜扰项目\02 规范化\不重要的\阳101H2\阳101H2 邻井压力监测\阳101H2平台压力监测12.14.xlsx,1,3,无可唯一匹配施工事件,/
E:\压裂窜扰项目\02 规范化\不重要的\阳101H2\阳101H2 邻井压力监测\阳101H2平台压力监测12.14.xlsx,1,4,无可唯一匹配施工事件,/
E:\压裂窜扰项目\02 规范化\不重要的\阳101H2\阳101H2 邻井压力监测\阳101H2平台压力监测12.14.xlsx,1,5,无可唯一匹配施工事件,/
E:\压裂窜扰项目\02 规范化\不重要的\阳101H2\阳101H2 邻井压力监测\阳101H2平台压力监测12.14.xlsx,1,6,无可唯一匹配施工事件,/
E:\压裂窜扰项目\02 规范化\不重要的\阳101H2\阳101H2 邻井压力监测\阳101H2平台压力监测12.17.xlsx,1,1,无可唯一匹配施工事件,/
E:\压裂窜扰项目\02 规范化\不重要的\阳101H2\阳101H2 邻井压力监测\阳101H2平台压力监测12.17.xlsx,1,2,无可唯一匹配施工事件,/
E:\压裂窜扰项目\02 规范化\不重要的\阳101H2\阳101H2 邻井压力监测\阳101H2平台压力监测12.17.xlsx,1,3,无可唯一匹配施工事件,/
E:\压裂窜扰项目\02 规范化\不重要的\阳101H2\阳101H2 邻井压力监测\阳101H2平台压力监测12.17.xlsx,1,4,无可唯一匹配施工事件,/
E:\压裂窜扰项目\02 规范化\不重要的\阳101H2\阳101H2 邻井压力监测\阳101H2平台压力监测12.17.xlsx,1,5,无可唯一匹配施工事件,/
E:\压裂窜扰项目\02 规范化\不重要的\阳101H2\阳101H2 邻井压力监测\阳101H2平台压力监测12.17.xlsx,1,6,无可唯一匹配施工事件,/
E:\压裂窜扰项目\02 规范化\不重要的\阳101H2\阳101H2 邻井压力监测\阳101H2平台压力监测12.18.xlsx,1,1,无可唯一匹配施工事件,/
E:\压裂窜扰项目\02 规范化\不重要的\阳101H2\阳101H2 邻井压力监测\阳101H2平台压力监测12.18.xlsx,1,2,无可唯一匹配施工事件,/
E:\压裂窜扰项目\02 规范化\不重要的\阳101H2\阳101H2 邻井压力监测\阳101H2平台压力监测12.18.xlsx,1,3,无可唯一匹配施工事件,/
E:\压裂窜扰项目\02 规范化\不重要的\阳101H2\阳101H2 邻井压力监测\阳101H2平台压力监测12.18.xlsx,1,4,无可唯一匹配施工事件,/
E:\压裂窜扰项目\02 规范化\不重要的\阳101H2\阳101H2 邻井压力监测\阳101H2平台压力监测12.18.xlsx,1,5,无可唯一匹配施工事件,/
E:\压裂窜扰项目\02 规范化\不重要的\阳101H2\阳101H2 邻井压力监测\阳101H2平台压力监测12.18.xlsx,1,6,无可唯一匹配施工事件,/
E:\压裂窜扰项目\02 规范化\不重要的\阳101H2\阳101H2 邻井压力监测\阳101H2平台压力监测12.20.xlsx,1,1,无可唯一匹配施工事件,/
E:\压裂窜扰项目\02 规范化\不重要的\阳101H2\阳101H2 邻井压力监测\阳101H2平台压力监测12.20.xlsx,1,2,无可唯一匹配施工事件,/
E:\压裂窜扰项目\02 规范化\不重要的\阳101H2\阳101H2 邻井压力监测\阳101H2平台压力监测12.20.xlsx,1,3,无可唯一匹配施工事件,/
E:\压裂窜扰项目\02 规范化\不重要的\阳101H2\阳101H2 邻井压力监测\阳101H2平台压力监测12.20.xlsx,1,4,无可唯一匹配施工事件,/
E:\压裂窜扰项目\02 规范化\不重要的\阳101H2\阳101H2 邻井压力监测\阳101H2平台压力监测12.20.xlsx,1,5,无可唯一匹配施工事件,/
E:\压裂窜扰项目\02 规范化\不重要的\阳101H2\阳101H2 邻井压力监测\阳101H2平台压力监测12.20.xlsx,1,6,无可唯一匹配施工事件,/
E:\压裂窜扰项目\02 规范化\不重要的\阳101H2\阳101H2 邻井压力监测\阳101H2平台压力监测12.22.xlsx,1,1,无可唯一匹配施工事件,/
E:\压裂窜扰项目\02 规范化\不重要的\阳101H2\阳101H2 邻井压力监测\阳101H2平台压力监测12.22.xlsx,1,2,无可唯一匹配施工事件,/
E:\压裂窜扰项目\02 规范化\不重要的\阳101H2\阳101H2 邻井压力监测\阳101H2平台压力监测12.22.xlsx,1,3,无可唯一匹配施工事件,/
E:\压裂窜扰项目\02 规范化\不重要的\阳101H2\阳101H2 邻井压力监测\阳101H2平台压力监测12.22.xlsx,1,4,无可唯一匹配施工事件,/
E:\压裂窜扰项目\02 规范化\不重要的\阳101H2\阳101H2 邻井压力监测\阳101H2平台压力监测12.22.xlsx,1,5,无可唯一匹配施工事件,/
E:\压裂窜扰项目\02 规范化\不重要的\阳101H2\阳101H2 邻井压力监测\阳101H2平台压力监测12.22.xlsx,1,6,无可唯一匹配施工事件,/
E:\压裂窜扰项目\02 规范化\不重要的\阳101H2\阳101H2 邻井压力监测\阳101H2平台压力监测12.22.xlsx,1 (2),3,无可唯一匹配施工事件,/
E:\压裂窜扰项目\02 规范化\不重要的\阳101H2\阳101H2 邻井压力监测\阳101H2平台压力监测12.23.xlsx,1,1,无可唯一匹配施工事件,/
E:\压裂窜扰项目\02 规范化\不重要的\阳101H2\阳101H2 邻井压力监测\阳101H2平台压力监测12.23.xlsx,1,2,无可唯一匹配施工事件,/
E:\压裂窜扰项目\02 规范化\不重要的\阳101H2\阳101H2 邻井压力监测\阳101H2平台压力监测12.23.xlsx,1,3,无可唯一匹配施工事件,/
E:\压裂窜扰项目\02 规范化\不重要的\阳101H2\阳101H2 邻井压力监测\阳101H2平台压力监测12.23.xlsx,1,4,无可唯一匹配施工事件,/
E:\压裂窜扰项目\02 规范化\不重要的\阳101H2\阳101H2 邻井压力监测\阳101H2平台压力监测12.23.xlsx,1,5,无可唯一匹配施工事件,/
E:\压裂窜扰项目\02 规范化\不重要的\阳101H2\阳101H2 邻井压力监测\阳101H2平台压力监测12.23.xlsx,1,6,无可唯一匹配施工事件,/
E:\压裂窜扰项目\02 规范化\不重要的\阳101H2\阳101H2 邻井压力监测\阳101H2平台压力监测12.25.xlsx,1,1,无可唯一匹配施工事件,/
E:\压裂窜扰项目\02 规范化\不重要的\阳101H2\阳101H2 邻井压力监测\阳101H2平台压力监测12.25.xlsx,1,2,无可唯一匹配施工事件,/
E:\压裂窜扰项目\02 规范化\不重要的\阳101H2\阳101H2 邻井压力监测\阳101H2平台压力监测12.25.xlsx,1,3,无可唯一匹配施工事件,/
E:\压裂窜扰项目\02 规范化\不重要的\阳101H2\阳101H2 邻井压力监测\阳101H2平台压力监测12.25.xlsx,1,4,无可唯一匹配施工事件,/
E:\压裂窜扰项目\02 规范化\不重要的\阳101H2\阳101H2 邻井压力监测\阳101H2平台压力监测12.25.xlsx,1,5,无可唯一匹配施工事件,/
E:\压裂窜扰项目\02 规范化\不重要的\阳101H2\阳101H2 邻井压力监测\阳101H2平台压力监测12.25.xlsx,1,6,无可唯一匹配施工事件,/
E:\压裂窜扰项目\02 规范化\不重要的\阳101H2\阳101H2 邻井压力监测\阳101H2平台压力监测12.25.xlsx,1 (2),3,无可唯一匹配施工事件,/
E:\压裂窜扰项目\02 规范化\不重要的\阳101H2\阳101H2 邻井压力监测\阳101H2平台压力监测12.26.xlsx,1 (2),1,无可唯一匹配施工事件,/
E:\压裂窜扰项目\02 规范化\不重要的\阳101H2\阳101H2 邻井压力监测\阳101H2平台压力监测12.26.xlsx,1 (2),2,无可唯一匹配施工事件,/
E:\压裂窜扰项目\02 规范化\不重要的\阳101H2\阳101H2 邻井压力监测\阳101H2平台压力监测12.26.xlsx,1 (2),3,无可唯一匹配施工事件,/
E:\压裂窜扰项目\02 规范化\不重要的\阳101H2\阳101H2 邻井压力监测\阳101H2平台压力监测12.26.xlsx,1 (2),4,无可唯一匹配施工事件,/
E:\压裂窜扰项目\02 规范化\不重要的\阳101H2\阳101H2 邻井压力监测\阳101H2平台压力监测12.26.xlsx,1 (2),5,无可唯一匹配施工事件,/
E:\压裂窜扰项目\02 规范化\不重要的\阳101H2\阳101H2 邻井压力监测\阳101H2平台压力监测12.26.xlsx,1 (2),6,无可唯一匹配施工事件,/
E:\压裂窜扰项目\02 规范化\不重要的\阳101H2\阳101H2 邻井压力监测\阳101H2平台压力监测12.27   叠合图.xlsx,1,1,无可唯一匹配施工事件,/
E:\压裂窜扰项目\02 规范化\不重要的\阳101H2\阳101H2 邻井压力监测\阳101H2平台压力监测12.27   叠合图.xlsx,1,2,无可唯一匹配施工事件,/
E:\压裂窜扰项目\02 规范化\不重要的\阳101H2\阳101H2 邻井压力监测\阳101H2平台压力监测12.27   叠合图.xlsx,1,3,无可唯一匹配施工事件,/
E:\压裂窜扰项目\02 规范化\不重要的\阳101H2\阳101H2 邻井压力监测\阳101H2平台压力监测12.27   叠合图.xlsx,1,4,无可唯一匹配施工事件,/
E:\压裂窜扰项目\02 规范化\不重要的\阳101H2\阳101H2 邻井压力监测\阳101H2平台压力监测12.27   叠合图.xlsx,1,5,无可唯一匹配施工事件,/
E:\压裂窜扰项目\02 规范化\不重要的\阳101H2\阳101H2 邻井压力监测\阳101H2平台压力监测12.27   叠合图.xlsx,1,6,无可唯一匹配施工事件,/
E:\压裂窜扰项目\02 规范化\不重要的\阳101H2\阳101H2 邻井压力监测\阳101H2平台压力监测12.27   叠合图.xlsx,1 (2),3,无可唯一匹配施工事件,/
E:\压裂窜扰项目\02 规范化\不重要的\阳101H2\阳101H2 邻井压力监测\阳101H2平台压力监测12.28  叠合图.xlsx,1,1,无可唯一匹配施工事件,/
E:\压裂窜扰项目\02 规范化\不重要的\阳101H2\阳101H2 邻井压力监测\阳101H2平台压力监测12.28  叠合图.xlsx,1,2,无可唯一匹配施工事件,/
E:\压裂窜扰项目\02 规范化\不重要的\阳101H2\阳101H2 邻井压力监测\阳101H2平台压力监测12.28  叠合图.xlsx,1,3,无可唯一匹配施工事件,/
E:\压裂窜扰项目\02 规范化\不重要的\阳101H2\阳101H2 邻井压力监测\阳101H2平台压力监测12.28  叠合图.xlsx,1,4,无可唯一匹配施工事件,/
E:\压裂窜扰项目\02 规范化\不重要的\阳101H2\阳101H2 邻井压力监测\阳101H2平台压力监测12.28  叠合图.xlsx,1,5,无可唯一匹配施工事件,/
E:\压裂窜扰项目\02 规范化\不重要的\阳101H2\阳101H2 邻井压力监测\阳101H2平台压力监测12.28  叠合图.xlsx,1,6,无可唯一匹配施工事件,/
E:\压裂窜扰项目\02 规范化\不重要的\阳101H2\阳101H2 邻井压力监测\阳101H2平台压力监测12.28  叠合图.xlsx,1 (2),3,无可唯一匹配施工事件,/
E:\压裂窜扰项目\02 规范化\不重要的\阳101H2\阳101H2 邻井压力监测\阳101H2平台压力监测12.30.xlsx,1,1,无可唯一匹配施工事件,/
E:\压裂窜扰项目\02 规范化\不重要的\阳101H2\阳101H2 邻井压力监测\阳101H2平台压力监测12.30.xlsx,1,2,无可唯一匹配施工事件,/
E:\压裂窜扰项目\02 规范化\不重要的\阳101H2\阳101H2 邻井压力监测\阳101H2平台压力监测12.30.xlsx,1,3,无可唯一匹配施工事件,/
E:\压裂窜扰项目\02 规范化\不重要的\阳101H2\阳101H2 邻井压力监测\阳101H2平台压力监测12.30.xlsx,1,4,无可唯一匹配施工事件,/
E:\压裂窜扰项目\02 规范化\不重要的\阳101H2\阳101H2 邻井压力监测\阳101H2平台压力监测12.30.xlsx,1,5,无可唯一匹配施工事件,/
E:\压裂窜扰项目\02 规范化\不重要的\阳101H2\阳101H2 邻井压力监测\阳101H2平台压力监测12.30.xlsx,1,6,无可唯一匹配施工事件,/
E:\压裂窜扰项目\02 规范化\不重要的\阳101H2\阳101H2 邻井压力监测\阳101H2平台压力监测21.01(1).xlsx,1,1,无可唯一匹配施工事件,/
E:\压裂窜扰项目\02 规范化\不重要的\阳101H2\阳101H2 邻井压力监测\阳101H2平台压力监测21.01(1).xlsx,1,2,无可唯一匹配施工事件,/
E:\压裂窜扰项目\02 规范化\不重要的\阳101H2\阳101H2 邻井压力监测\阳101H2平台压力监测21.01(1).xlsx,1,3,无可唯一匹配施工事件,/
E:\压裂窜扰项目\02 规范化\不重要的\阳101H2\阳101H2 邻井压力监测\阳101H2平台压力监测21.01(1).xlsx,1,4,无可唯一匹配施工事件,/
E:\压裂窜扰项目\02 规范化\不重要的\阳101H2\阳101H2 邻井压力监测\阳101H2平台压力监测21.01(1).xlsx,1,5,无可唯一匹配施工事件,/
E:\压裂窜扰项目\02 规范化\不重要的\阳101H2\阳101H2 邻井压力监测\阳101H2平台压力监测21.01(1).xlsx,1,6,无可唯一匹配施工事件,/
E:\压裂窜扰项目\02 规范化\不重要的\阳101H2\阳101H2 邻井压力监测\阳101H2平台压力监测21.01(2).xlsx,1,1,无可唯一匹配施工事件,/
E:\压裂窜扰项目\02 规范化\不重要的\阳101H2\阳101H2 邻井压力监测\阳101H2平台压力监测21.01(2).xlsx,1,2,无可唯一匹配施工事件,/
E:\压裂窜扰项目\02 规范化\不重要的\阳101H2\阳101H2 邻井压力监测\阳101H2平台压力监测21.01(2).xlsx,1,3,无可唯一匹配施工事件,/
E:\压裂窜扰项目\02 规范化\不重要的\阳101H2\阳101H2 邻井压力监测\阳101H2平台压力监测21.01(2).xlsx,1,4,无可唯一匹配施工事件,/
E:\压裂窜扰项目\02 规范化\不重要的\阳101H2\阳101H2 邻井压力监测\阳101H2平台压力监测21.01(2).xlsx,1,5,无可唯一匹配施工事件,/
E:\压裂窜扰项目\02 规范化\不重要的\阳101H2\阳101H2 邻井压力监测\阳101H2平台压力监测21.01(2).xlsx,1,6,无可唯一匹配施工事件,/
E:\压裂窜扰项目\02 规范化\不重要的\阳101H2\阳101H2 邻井压力监测\阳101H2平台压力监测21.01(2).xlsx,2,1,无可唯一匹配施工事件,/
E:\压裂窜扰项目\02 规范化\不重要的\阳101H2\阳101H2 邻井压力监测\阳101H2平台压力监测21.01(2).xlsx,2,2,无可唯一匹配施工事件,/
E:\压裂窜扰项目\02 规范化\不重要的\阳101H2\阳101H2 邻井压力监测\阳101H2平台压力监测21.01(2).xlsx,2,3,无可唯一匹配施工事件,/
E:\压裂窜扰项目\02 规范化\不重要的\阳101H2\阳101H2 邻井压力监测\阳101H2平台压力监测21.01(2).xlsx,2,4,无可唯一匹配施工事件,/
E:\压裂窜扰项目\02 规范化\不重要的\阳101H2\阳101H2 邻井压力监测\阳101H2平台压力监测21.01(2).xlsx,2,5,无可唯一匹配施工事件,/
E:\压裂窜扰项目\02 规范化\不重要的\阳101H2\阳101H2 邻井压力监测\阳101H2平台压力监测21.01(2).xlsx,2,6,无可唯一匹配施工事件,/
E:\压裂窜扰项目\02 规范化\不重要的\阳101H2\阳101H2 邻井压力监测\阳101H2平台及32平台压力监测（ 11.24.xlsx,1,1,无可唯一匹配施工事件,/
E:\压裂窜扰项目\02 规范化\不重要的\阳101H2\阳101H2 邻井压力监测\阳101H2平台及32平台压力监测（ 11.24.xlsx,1,2,无可唯一匹配施工事件,/
E:\压裂窜扰项目\02 规范化\不重要的\阳101H2\阳101H2 邻井压力监测\阳101H2平台及32平台压力监测（ 11.24.xlsx,1,3,无可唯一匹配施工事件,/
E:\压裂窜扰项目\02 规范化\不重要的\阳101H2\阳101H2 邻井压力监测\阳101H2平台及32平台压力监测（ 11.24.xlsx,1,4,无可唯一匹配施工事件,/
E:\压裂窜扰项目\02 规范化\不重要的\阳101H2\阳101H2 邻井压力监测\阳101H2平台及32平台压力监测（ 11.24.xlsx,1,5,无可唯一匹配施工事件,/
E:\压裂窜扰项目\02 规范化\不重要的\阳101H2\阳101H2 邻井压力监测\阳101H2平台及32平台压力监测（ 11.24.xlsx,1,6,无可唯一匹配施工事件,/
E:\压裂窜扰项目\02 规范化\不重要的\阳101H2\阳101H2 邻井压力监测\阳101H2平台）.xlsx,,,未解析出压力通道,[]
E:\压裂窜扰项目\02 规范化\不重要的\阳101H2\阳101H2 邻井压力监测\阳101h26平台临井压裂监测数据   叠合图1.1.xlsx,2025.11.21,1,无可唯一匹配施工事件,/
E:\压裂窜扰项目\02 规范化\不重要的\阳101H2\阳101H2 邻井压力监测\阳101h26平台临井压裂监测数据   叠合图1.1.xlsx,2025.11.21,2,无可唯一匹配施工事件,/
E:\压裂窜扰项目\02 规范化\不重要的\阳101H2\阳101H2 邻井压力监测\阳101h26平台临井压裂监测数据   叠合图1.1.xlsx,2025.11.21,3,无可唯一匹配施工事件,/
E:\压裂窜扰项目\02 规范化\不重要的\阳101H2\阳101H2 邻井压力监测\阳101h26平台临井压裂监测数据   叠合图1.1.xlsx,2025.11.21,4,无可唯一匹配施工事件,/
E:\压裂窜扰项目\02 规范化\不重要的\阳101H2\阳101H2 邻井压力监测\阳101h26平台临井压裂监测数据   叠合图1.1.xlsx,2025.11.22,1,无可唯一匹配施工事件,/
E:\压裂窜扰项目\02 规范化\不重要的\阳101H2\阳101H2 邻井压力监测\阳101h26平台临井压裂监测数据   叠合图1.1.xlsx,2025.11.22,2,无可唯一匹配施工事件,/
E:\压裂窜扰项目\02 规范化\不重要的\阳101H2\阳101H2 邻井压力监测\阳101h26平台临井压裂监测数据   叠合图1.1.xlsx,2025.11.22,3,无可唯一匹配施工事件,/
E:\压裂窜扰项目\02 规范化\不重要的\阳101H2\阳101H2 邻井压力监测\阳101h26平台临井压裂监测数据   叠合图1.1.xlsx,2025.11.22,4,无可唯一匹配施工事件,/
E:\压裂窜扰项目\02 规范化\不重要的\阳101H2\阳101H2 邻井压力监测\阳101h26平台临井压裂监测数据   叠合图1.1.xlsx,2025.11.23,1,无可唯一匹配施工事件,/
E:\压裂窜扰项目\02 规范化\不重要的\阳101H2\阳101H2 邻井压力监测\阳101h26平台临井压裂监测数据   叠合图1.1.xlsx,2025.11.23,2,无可唯一匹配施工事件,/
E:\压裂窜扰项目\02 规范化\不重要的\阳101H2\阳101H2 邻井压力监测\阳101h26平台临井压裂监测数据   叠合图1.1.xlsx,2025.11.23,3,无可唯一匹配施工事件,/
E:\压裂窜扰项目\02 规范化\不重要的\阳101H2\阳101H2 邻井压力监测\阳101h26平台临井压裂监测数据   叠合图1.1.xlsx,2025.11.23,4,无可唯一匹配施工事件,/
E:\压裂窜扰项目\02 规范化\不重要的\阳101H2\阳101H2 邻井压力监测\阳101h26平台临井压裂监测数据   叠合图1.1.xlsx,2025.11.24,1,无可唯一匹配施工事件,/
E:\压裂窜扰项目\02 规范化\不重要的\阳101H2\阳101H2 邻井压力监测\阳101h26平台临井压裂监测数据   叠合图1.1.xlsx,2025.11.24,2,无可唯一匹配施工事件,/
E:\压裂窜扰项目\02 规范化\不重要的\阳101H2\阳101H2 邻井压力监测\阳101h26平台临井压裂监测数据   叠合图1.1.xlsx,2025.11.24,3,无可唯一匹配施工事件,/
E:\压裂窜扰项目\02 规范化\不重要的\阳101H2\阳101H2 邻井压力监测\阳101h26平台临井压裂监测数据   叠合图1.1.xlsx,2025.11.24,4,无可唯一匹配施工事件,/
E:\压裂窜扰项目\02 规范化\不重要的\阳101H2\阳101H2 邻井压力监测\阳101h26平台临井压裂监测数据   叠合图1.1.xlsx,2025.11.25,1,无可唯一匹配施工事件,/
E:\压裂窜扰项目\02 规范化\不重要的\阳101H2\阳101H2 邻井压力监测\阳101h26平台临井压裂监测数据   叠合图1.1.xlsx,2025.11.25,2,无可唯一匹配施工事件,/
E:\压裂窜扰项目\02 规范化\不重要的\阳101H2\阳101H2 邻井压力监测\阳101h26平台临井压裂监测数据   叠合图1.1.xlsx,2025.11.25,3,无可唯一匹配施工事件,/
E:\压裂窜扰项目\02 规范化\不重要的\阳101H2\阳101H2 邻井压力监测\阳101h26平台临井压裂监测数据   叠合图1.1.xlsx,2025.11.25,4,无可唯一匹配施工事件,/
E:\压裂窜扰项目\02 规范化\不重要的\阳101H2\阳101H2 邻井压力监测\阳101h26平台临井压裂监测数据   叠合图1.1.xlsx,2025.11.26,1,无可唯一匹配施工事件,/
E:\压裂窜扰项目\02 规范化\不重要的\阳101H2\阳101H2 邻井压力监测\阳101h26平台临井压裂监测数据   叠合图1.1.xlsx,2025.11.26,2,无可唯一匹配施工事件,/
E:\压裂窜扰项目\02 规范化\不重要的\阳101H2\阳101H2 邻井压力监测\阳101h26平台临井压裂监测数据   叠合图1.1.xlsx,2025.11.26,3,无可唯一匹配施工事件,/
E:\压裂窜扰项目\02 规范化\不重要的\阳101H2\阳101H2 邻井压力监测\阳101h26平台临井压裂监测数据   叠合图1.1.xlsx,2025.11.26,4,无可唯一匹配施工事件,/
E:\压裂窜扰项目\02 规范化\不重要的\阳101H2\阳101H2 邻井压力监测\阳101h26平台临井压裂监测数据   叠合图1.1.xlsx,2025.11.30,1,无可唯一匹配施工事件,/
E:\压裂窜扰项目\02 规范化\不重要的\阳101H2\阳101H2 邻井压力监测\阳101h26平台临井压裂监测数据   叠合图1.1.xlsx,2025.11.30,2,无可唯一匹配施工事件,/
E:\压裂窜扰项目\02 规范化\不重要的\阳101H2\阳101H2 邻井压力监测\阳101h26平台临井压裂监测数据   叠合图1.1.xlsx,2025.11.30,3,无可唯一匹配施工事件,/
E:\压裂窜扰项目\02 规范化\不重要的\阳101H2\阳101H2 邻井压力监测\阳101h26平台临井压裂监测数据   叠合图1.1.xlsx,2025.11.30,4,无可唯一匹配施工事件,/
E:\压裂窜扰项目\02 规范化\不重要的\阳101H2\阳101H2 邻井压力监测\阳101h26平台临井压裂监测数据   叠合图1.1.xlsx,2025.12.1,1,无可唯一匹配施工事件,/
E:\压裂窜扰项目\02 规范化\不重要的\阳101H2\阳101H2 邻井压力监测\阳101h26平台临井压裂监测数据   叠合图1.1.xlsx,2025.12.1,2,无可唯一匹配施工事件,/
E:\压裂窜扰项目\02 规范化\不重要的\阳101H2\阳101H2 邻井压力监测\阳101h26平台临井压裂监测数据   叠合图1.1.xlsx,2025.12.1,3,无可唯一匹配施工事件,/
E:\压裂窜扰项目\02 规范化\不重要的\阳101H2\阳101H2 邻井压力监测\阳101h26平台临井压裂监测数据   叠合图1.1.xlsx,2025.12.1,4,无可唯一匹配施工事件,/
E:\压裂窜扰项目\02 规范化\不重要的\阳101H2\阳101H2 邻井压力监测\阳101h26平台临井压裂监测数据   叠合图1.1.xlsx,2025.12.2,1,无可唯一匹配施工事件,/
E:\压裂窜扰项目\02 规范化\不重要的\阳101H2\阳101H2 邻井压力监测\阳101h26平台临井压裂监测数据   叠合图1.1.xlsx,2025.12.2,2,无可唯一匹配施工事件,/
E:\压裂窜扰项目\02 规范化\不重要的\阳101H2\阳101H2 邻井压力监测\阳101h26平台临井压裂监测数据   叠合图1.1.xlsx,2025.12.2,3,无可唯一匹配施工事件,/
E:\压裂窜扰项目\02 规范化\不重要的\阳101H2\阳101H2 邻井压力监测\阳101h26平台临井压裂监测数据   叠合图1.1.xlsx,2025.12.2,4,无可唯一匹配施工事件,/
E:\压裂窜扰项目\02 规范化\不重要的\阳101H2\阳101H2 邻井压力监测\阳101h26平台临井压裂监测数据   叠合图1.1.xlsx,2025.12.3,1,无可唯一匹配施工事件,/
E:\压裂窜扰项目\02 规范化\不重要的\阳101H2\阳101H2 邻井压力监测\阳101h26平台临井压裂监测数据   叠合图1.1.xlsx,2025.12.3,2,无可唯一匹配施工事件,/
E:\压裂窜扰项目\02 规范化\不重要的\阳101H2\阳101H2 邻井压力监测\阳101h26平台临井压裂监测数据   叠合图1.1.xlsx,2025.12.3,3,无可唯一匹配施工事件,/
E:\压裂窜扰项目\02 规范化\不重要的\阳101H2\阳101H2 邻井压力监测\阳101h26平台临井压裂监测数据   叠合图1.1.xlsx,2025.12.3,4,无可唯一匹配施工事件,/
E:\压裂窜扰项目\02 规范化\不重要的\阳101H2\阳101H2 邻井压力监测\阳101h26平台临井压裂监测数据   叠合图1.1.xlsx,2025.12.4,1,无可唯一匹配施工事件,/
E:\压裂窜扰项目\02 规范化\不重要的\阳101H2\阳101H2 邻井压力监测\阳101h26平台临井压裂监测数据   叠合图1.1.xlsx,2025.12.4,2,无可唯一匹配施工事件,/
E:\压裂窜扰项目\02 规范化\不重要的\阳101H2\阳101H2 邻井压力监测\阳101h26平台临井压裂监测数据   叠合图1.1.xlsx,2025.12.4,3,无可唯一匹配施工事件,/
E:\压裂窜扰项目\02 规范化\不重要的\阳101H2\阳101H2 邻井压力监测\阳101h26平台临井压裂监测数据   叠合图1.1.xlsx,2025.12.4,4,无可唯一匹配施工事件,/
E:\压裂窜扰项目\02 规范化\不重要的\阳101H2\阳101H2 邻井压力监测\阳101h26平台临井压裂监测数据   叠合图1.1.xlsx,2025.12.5,1,无可唯一匹配施工事件,/
E:\压裂窜扰项目\02 规范化\不重要的\阳101H2\阳101H2 邻井压力监测\阳101h26平台临井压裂监测数据   叠合图1.1.xlsx,2025.12.5,2,无可唯一匹配施工事件,/
E:\压裂窜扰项目\02 规范化\不重要的\阳101H2\阳101H2 邻井压力监测\阳101h26平台临井压裂监测数据   叠合图1.1.xlsx,2025.12.5,3,无可唯一匹配施工事件,/
E:\压裂窜扰项目\02 规范化\不重要的\阳101H2\阳101H2 邻井压力监测\阳101h26平台临井压裂监测数据   叠合图1.1.xlsx,2025.12.5,4,无可唯一匹配施工事件,/
E:\压裂窜扰项目\02 规范化\不重要的\阳101H2\阳101H2 邻井压力监测\阳101h26平台临井压裂监测数据   叠合图1.1.xlsx,2025.12.6,1,无可唯一匹配施工事件,/
E:\压裂窜扰项目\02 规范化\不重要的\阳101H2\阳101H2 邻井压力监测\阳101h26平台临井压裂监测数据   叠合图1.1.xlsx,2025.12.6,2,无可唯一匹配施工事件,/
E:\压裂窜扰项目\02 规范化\不重要的\阳101H2\阳101H2 邻井压力监测\阳101h26平台临井压裂监测数据   叠合图1.1.xlsx,2025.12.6,3,无可唯一匹配施工事件,/
E:\压裂窜扰项目\02 规范化\不重要的\阳101H2\阳101H2 邻井压力监测\阳101h26平台临井压裂监测数据   叠合图1.1.xlsx,2025.12.6,4,无可唯一匹配施工事件,/
E:\压裂窜扰项目\02 规范化\不重要的\阳101H2\阳101H2 邻井压力监测\阳101h26平台临井压裂监测数据   叠合图1.1.xlsx,2025.12.7,1,无可唯一匹配施工事件,/
E:\压裂窜扰项目\02 规范化\不重要的\阳101H2\阳101H2 邻井压力监测\阳101h26平台临井压裂监测数据   叠合图1.1.xlsx,2025.12.7,2,无可唯一匹配施工事件,/
E:\压裂窜扰项目\02 规范化\不重要的\阳101H2\阳101H2 邻井压力监测\阳101h26平台临井压裂监测数据   叠合图1.1.xlsx,2025.12.7,3,无可唯一匹配施工事件,/
E:\压裂窜扰项目\02 规范化\不重要的\阳101H2\阳101H2 邻井压力监测\阳101h26平台临井压裂监测数据   叠合图1.1.xlsx,2025.12.7,4,无可唯一匹配施工事件,/
E:\压裂窜扰项目\02 规范化\不重要的\阳101H2\阳101H2 邻井压力监测\阳101h26平台临井压裂监测数据   叠合图1.1.xlsx,2025.12.8,1,无可唯一匹配施工事件,/
E:\压裂窜扰项目\02 规范化\不重要的\阳101H2\阳101H2 邻井压力监测\阳101h26平台临井压裂监测数据   叠合图1.1.xlsx,2025.12.8,2,无可唯一匹配施工事件,/
E:\压裂窜扰项目\02 规范化\不重要的\阳101H2\阳101H2 邻井压力监测\阳101h26平台临井压裂监测数据   叠合图1.1.xlsx,2025.12.8,3,无可唯一匹配施工事件,/
E:\压裂窜扰项目\02 规范化\不重要的\阳101H2\阳101H2 邻井压力监测\阳101h26平台临井压裂监测数据   叠合图1.1.xlsx,2025.12.8,4,无可唯一匹配施工事件,/
E:\压裂窜扰项目\02 规范化\不重要的\阳101H2\阳101H2 邻井压力监测\阳101h26平台临井压裂监测数据   叠合图1.1.xlsx,2025.12.9,1,无可唯一匹配施工事件,/
E:\压裂窜扰项目\02 规范化\不重要的\阳101H2\阳101H2 邻井压力监测\阳101h26平台临井压裂监测数据   叠合图1.1.xlsx,2025.12.9,2,无可唯一匹配施工事件,/
E:\压裂窜扰项目\02 规范化\不重要的\阳101H2\阳101H2 邻井压力监测\阳101h26平台临井压裂监测数据   叠合图1.1.xlsx,2025.12.9,3,无可唯一匹配施工事件,/
E:\压裂窜扰项目\02 规范化\不重要的\阳101H2\阳101H2 邻井压力监测\阳101h26平台临井压裂监测数据   叠合图1.1.xlsx,2025.12.9,4,无可唯一匹配施工事件,/
E:\压裂窜扰项目\02 规范化\不重要的\阳101H2\阳101H2 邻井压力监测\阳101h26平台临井压裂监测数据   叠合图1.1.xlsx,2025.12.10,1,无可唯一匹配施工事件,/
E:\压裂窜扰项目\02 规范化\不重要的\阳101H2\阳101H2 邻井压力监测\阳101h26平台临井压裂监测数据   叠合图1.1.xlsx,2025.12.10,2,无可唯一匹配施工事件,/
E:\压裂窜扰项目\02 规范化\不重要的\阳101H2\阳101H2 邻井压力监测\阳101h26平台临井压裂监测数据   叠合图1.1.xlsx,2025.12.10,3,无可唯一匹配施工事件,/
E:\压裂窜扰项目\02 规范化\不重要的\阳101H2\阳101H2 邻井压力监测\阳101h26平台临井压裂监测数据   叠合图1.1.xlsx,2025.12.10,4,无可唯一匹配施工事件,/
E:\压裂窜扰项目\02 规范化\不重要的\阳101H2\阳101H2 邻井压力监测\阳101h26平台临井压裂监测数据   叠合图1.1.xlsx,2025.12.11,1,无可唯一匹配施工事件,/
E:\压裂窜扰项目\02 规范化\不重要的\阳101H2\阳101H2 邻井压力监测\阳101h26平台临井压裂监测数据   叠合图1.1.xlsx,2025.12.11,2,无可唯一匹配施工事件,/
E:\压裂窜扰项目\02 规范化\不重要的\阳101H2\阳101H2 邻井压力监测\阳101h26平台临井压裂监测数据   叠合图1.1.xlsx,2025.12.11,3,无可唯一匹配施工事件,/
E:\压裂窜扰项目\02 规范化\不重要的\阳101H2\阳101H2 邻井压力监测\阳101h26平台临井压裂监测数据   叠合图1.1.xlsx,2025.12.11,4,无可唯一匹配施工事件,/
E:\压裂窜扰项目\02 规范化\不重要的\阳101H2\阳101H2 邻井压力监测\阳101h26平台临井压裂监测数据   叠合图1.1.xlsx,2025.12.12,1,无可唯一匹配施工事件,/
E:\压裂窜扰项目\02 规范化\不重要的\阳101H2\阳101H2 邻井压力监测\阳101h26平台临井压裂监测数据   叠合图1.1.xlsx,2025.12.12,2,无可唯一匹配施工事件,/
E:\压裂窜扰项目\02 规范化\不重要的\阳101H2\阳101H2 邻井压力监测\阳101h26平台临井压裂监测数据   叠合图1.1.xlsx,2025.12.12,3,无可唯一匹配施工事件,/
E:\压裂窜扰项目\02 规范化\不重要的\阳101H2\阳101H2 邻井压力监测\阳101h26平台临井压裂监测数据   叠合图1.1.xlsx,2025.12.12,4,无可唯一匹配施工事件,/
E:\压裂窜扰项目\02 规范化\不重要的\阳101H2\阳101H2 邻井压力监测\阳101h26平台临井压裂监测数据   叠合图1.1.xlsx,2025.12.13,1,无可唯一匹配施工事件,/
E:\压裂窜扰项目\02 规范化\不重要的\阳101H2\阳101H2 邻井压力监测\阳101h26平台临井压裂监测数据   叠合图1.1.xlsx,2025.12.13,2,无可唯一匹配施工事件,/
E:\压裂窜扰项目\02 规范化\不重要的\阳101H2\阳101H2 邻井压力监测\阳101h26平台临井压裂监测数据   叠合图1.1.xlsx,2025.12.13,3,无可唯一匹配施工事件,/
E:\压裂窜扰项目\02 规范化\不重要的\阳101H2\阳101H2 邻井压力监测\阳101h26平台临井压裂监测数据   叠合图1.1.xlsx,2025.12.13,4,无可唯一匹配施工事件,/
E:\压裂窜扰项目\02 规范化\不重要的\阳101H2\阳101H2 邻井压力监测\阳101h26平台临井压裂监测数据   叠合图1.1.xlsx,2025.12.14,1,无可唯一匹配施工事件,/
E:\压裂窜扰项目\02 规范化\不重要的\阳101H2\阳101H2 邻井压力监测\阳101h26平台临井压裂监测数据   叠合图1.1.xlsx,2025.12.14,2,无可唯一匹配施工事件,/
E:\压裂窜扰项目\02 规范化\不重要的\阳101H2\阳101H2 邻井压力监测\阳101h26平台临井压裂监测数据   叠合图1.1.xlsx,2025.12.14,3,无可唯一匹配施工事件,/
E:\压裂窜扰项目\02 规范化\不重要的\阳101H2\阳101H2 邻井压力监测\阳101h26平台临井压裂监测数据   叠合图1.1.xlsx,2025.12.14,4,无可唯一匹配施工事件,/
E:\压裂窜扰项目\02 规范化\不重要的\阳101H2\阳101H2 邻井压力监测\阳101h26平台临井压裂监测数据   叠合图1.1.xlsx,2025.12.15,1,无可唯一匹配施工事件,/
E:\压裂窜扰项目\02 规范化\不重要的\阳101H2\阳101H2 邻井压力监测\阳101h26平台临井压裂监测数据   叠合图1.1.xlsx,2025.12.15,2,无可唯一匹配施工事件,/
E:\压裂窜扰项目\02 规范化\不重要的\阳101H2\阳101H2 邻井压力监测\阳101h26平台临井压裂监测数据   叠合图1.1.xlsx,2025.12.15,3,无可唯一匹配施工事件,/
E:\压裂窜扰项目\02 规范化\不重要的\阳101H2\阳101H2 邻井压力监测\阳101h26平台临井压裂监测数据   叠合图1.1.xlsx,2025.12.15,4,无可唯一匹配施工事件,/
E:\压裂窜扰项目\02 规范化\不重要的\阳101H2\阳101H2 邻井压力监测\阳101h26平台临井压裂监测数据   叠合图1.1.xlsx,2025.12.16,1,无可唯一匹配施工事件,/
E:\压裂窜扰项目\02 规范化\不重要的\阳101H2\阳101H2 邻井压力监测\阳101h26平台临井压裂监测数据   叠合图1.1.xlsx,2025.12.16,2,无可唯一匹配施工事件,/
E:\压裂窜扰项目\02 规范化\不重要的\阳101H2\阳101H2 邻井压力监测\阳101h26平台临井压裂监测数据   叠合图1.1.xlsx,2025.12.16,3,无可唯一匹配施工事件,/
E:\压裂窜扰项目\02 规范化\不重要的\阳101H2\阳101H2 邻井压力监测\阳101h26平台临井压裂监测数据   叠合图1.1.xlsx,2025.12.16,4,无可唯一匹配施工事件,/
E:\压裂窜扰项目\02 规范化\不重要的\阳101H2\阳101H2 邻井压力监测\阳101h26平台临井压裂监测数据   叠合图1.1.xlsx,2025.12.17,1,无可唯一匹配施工事件,/
E:\压裂窜扰项目\02 规范化\不重要的\阳101H2\阳101H2 邻井压力监测\阳101h26平台临井压裂监测数据   叠合图1.1.xlsx,2025.12.17,2,无可唯一匹配施工事件,/
E:\压裂窜扰项目\02 规范化\不重要的\阳101H2\阳101H2 邻井压力监测\阳101h26平台临井压裂监测数据   叠合图1.1.xlsx,2025.12.17,3,无可唯一匹配施工事件,/
E:\压裂窜扰项目\02 规范化\不重要的\阳101H2\阳101H2 邻井压力监测\阳101h26平台临井压裂监测数据   叠合图1.1.xlsx,2025.12.17,4,无可唯一匹配施工事件,/
E:\压裂窜扰项目\02 规范化\不重要的\阳101H2\阳101H2 邻井压力监测\阳101h26平台临井压裂监测数据   叠合图1.1.xlsx,2025.12.18,1,无可唯一匹配施工事件,/
E:\压裂窜扰项目\02 规范化\不重要的\阳101H2\阳101H2 邻井压力监测\阳101h26平台临井压裂监测数据   叠合图1.1.xlsx,2025.12.18,2,无可唯一匹配施工事件,/
E:\压裂窜扰项目\02 规范化\不重要的\阳101H2\阳101H2 邻井压力监测\阳101h26平台临井压裂监测数据   叠合图1.1.xlsx,2025.12.18,3,无可唯一匹配施工事件,/
E:\压裂窜扰项目\02 规范化\不重要的\阳101H2\阳101H2 邻井压力监测\阳101h26平台临井压裂监测数据   叠合图1.1.xlsx,2025.12.18,4,无可唯一匹配施工事件,/
E:\压裂窜扰项目\02 规范化\不重要的\阳101H2\阳101H2 邻井压力监测\阳101h26平台临井压裂监测数据   叠合图1.1.xlsx,2025.12.19,1,无可唯一匹配施工事件,/
E:\压裂窜扰项目\02 规范化\不重要的\阳101H2\阳101H2 邻井压力监测\阳101h26平台临井压裂监测数据   叠合图1.1.xlsx,2025.12.19,2,无可唯一匹配施工事件,/
E:\压裂窜扰项目\02 规范化\不重要的\阳101H2\阳101H2 邻井压力监测\阳101h26平台临井压裂监测数据   叠合图1.1.xlsx,2025.12.19,3,无可唯一匹配施工事件,/
E:\压裂窜扰项目\02 规范化\不重要的\阳101H2\阳101H2 邻井压力监测\阳101h26平台临井压裂监测数据   叠合图1.1.xlsx,2025.12.19,4,无可唯一匹配施工事件,/
E:\压裂窜扰项目\02 规范化\不重要的\阳101H2\阳101H2 邻井压力监测\阳101h26平台临井压裂监测数据   叠合图1.1.xlsx,2025.12.20,1,无可唯一匹配施工事件,/
E:\压裂窜扰项目\02 规范化\不重要的\阳101H2\阳101H2 邻井压力监测\阳101h26平台临井压裂监测数据   叠合图1.1.xlsx,2025.12.20,2,无可唯一匹配施工事件,/
E:\压裂窜扰项目\02 规范化\不重要的\阳101H2\阳101H2 邻井压力监测\阳101h26平台临井压裂监测数据   叠合图1.1.xlsx,2025.12.20,3,无可唯一匹配施工事件,/
E:\压裂窜扰项目\02 规范化\不重要的\阳101H2\阳101H2 邻井压力监测\阳101h26平台临井压裂监测数据   叠合图1.1.xlsx,2025.12.20,4,无可唯一匹配施工事件,/
E:\压裂窜扰项目\02 规范化\不重要的\阳101H2\阳101H2 邻井压力监测\阳101h26平台临井压裂监测数据   叠合图1.1.xlsx,2025.12.21,1,无可唯一匹配施工事件,/
E:\压裂窜扰项目\02 规范化\不重要的\阳101H2\阳101H2 邻井压力监测\阳101h26平台临井压裂监测数据   叠合图1.1.xlsx,2025.12.21,2,无可唯一匹配施工事件,/
E:\压裂窜扰项目\02 规范化\不重要的\阳101H2\阳101H2 邻井压力监测\阳101h26平台临井压裂监测数据   叠合图1.1.xlsx,2025.12.21,3,无可唯一匹配施工事件,/
E:\压裂窜扰项目\02 规范化\不重要的\阳101H2\阳101H2 邻井压力监测\阳101h26平台临井压裂监测数据   叠合图1.1.xlsx,2025.12.21,4,无可唯一匹配施工事件,/
E:\压裂窜扰项目\02 规范化\不重要的\阳101H2\阳101H2 邻井压力监测\阳101h26平台临井压裂监测数据   叠合图1.1.xlsx,2025.12.22,1,无可唯一匹配施工事件,/
E:\压裂窜扰项目\02 规范化\不重要的\阳101H2\阳101H2 邻井压力监测\阳101h26平台临井压裂监测数据   叠合图1.1.xlsx,2025.12.22,2,无可唯一匹配施工事件,/
E:\压裂窜扰项目\02 规范化\不重要的\阳101H2\阳101H2 邻井压力监测\阳101h26平台临井压裂监测数据   叠合图1.1.xlsx,2025.12.22,3,无可唯一匹配施工事件,/
E:\压裂窜扰项目\02 规范化\不重要的\阳101H2\阳101H2 邻井压力监测\阳101h26平台临井压裂监测数据   叠合图1.1.xlsx,2025.12.22,4,无可唯一匹配施工事件,/
E:\压裂窜扰项目\02 规范化\不重要的\阳101H2\阳101H2 邻井压力监测\阳101h26平台临井压裂监测数据   叠合图1.1.xlsx,2025.12.23,1,无可唯一匹配施工事件,/
E:\压裂窜扰项目\02 规范化\不重要的\阳101H2\阳101H2 邻井压力监测\阳101h26平台临井压裂监测数据   叠合图1.1.xlsx,2025.12.23,2,无可唯一匹配施工事件,/
E:\压裂窜扰项目\02 规范化\不重要的\阳101H2\阳101H2 邻井压力监测\阳101h26平台临井压裂监测数据   叠合图1.1.xlsx,2025.12.23,3,无可唯一匹配施工事件,/
E:\压裂窜扰项目\02 规范化\不重要的\阳101H2\阳101H2 邻井压力监测\阳101h26平台临井压裂监测数据   叠合图1.1.xlsx,2025.12.23,4,无可唯一匹配施工事件,/
E:\压裂窜扰项目\02 规范化\不重要的\阳101H2\阳101H2 邻井压力监测\阳101h26平台临井压裂监测数据   叠合图1.1.xlsx,2025.12.24,1,无可唯一匹配施工事件,/
E:\压裂窜扰项目\02 规范化\不重要的\阳101H2\阳101H2 邻井压力监测\阳101h26平台临井压裂监测数据   叠合图1.1.xlsx,2025.12.24,2,无可唯一匹配施工事件,/
E:\压裂窜扰项目\02 规范化\不重要的\阳101H2\阳101H2 邻井压力监测\阳101h26平台临井压裂监测数据   叠合图1.1.xlsx,2025.12.24,3,无可唯一匹配施工事件,/
E:\压裂窜扰项目\02 规范化\不重要的\阳101H2\阳101H2 邻井压力监测\阳101h26平台临井压裂监测数据   叠合图1.1.xlsx,2025.12.24,4,无可唯一匹配施工事件,/
E:\压裂窜扰项目\02 规范化\不重要的\阳101H2\阳101H2 邻井压力监测\阳101h26平台临井压裂监测数据   叠合图1.1.xlsx,2025.12.25,1,无可唯一匹配施工事件,/
E:\压裂窜扰项目\02 规范化\不重要的\阳101H2\阳101H2 邻井压力监测\阳101h26平台临井压裂监测数据   叠合图1.1.xlsx,2025.12.25,2,无可唯一匹配施工事件,/
E:\压裂窜扰项目\02 规范化\不重要的\阳101H2\阳101H2 邻井压力监测\阳101h26平台临井压裂监测数据   叠合图1.1.xlsx,2025.12.25,3,无可唯一匹配施工事件,/
E:\压裂窜扰项目\02 规范化\不重要的\阳101H2\阳101H2 邻井压力监测\阳101h26平台临井压裂监测数据   叠合图1.1.xlsx,2025.12.25,4,无可唯一匹配施工事件,/
E:\压裂窜扰项目\02 规范化\不重要的\阳101H2\阳101H2 邻井压力监测\阳101h26平台临井压裂监测数据   叠合图1.1.xlsx,2025.12.26,1,无可唯一匹配施工事件,/
E:\压裂窜扰项目\02 规范化\不重要的\阳101H2\阳101H2 邻井压力监测\阳101h26平台临井压裂监测数据   叠合图1.1.xlsx,2025.12.26,2,无可唯一匹配施工事件,/
E:\压裂窜扰项目\02 规范化\不重要的\阳101H2\阳101H2 邻井压力监测\阳101h26平台临井压裂监测数据   叠合图1.1.xlsx,2025.12.26,3,无可唯一匹配施工事件,/
E:\压裂窜扰项目\02 规范化\不重要的\阳101H2\阳101H2 邻井压力监测\阳101h26平台临井压裂监测数据   叠合图1.1.xlsx,2025.12.26,4,无可唯一匹配施工事件,/
E:\压裂窜扰项目\02 规范化\不重要的\阳101H2\阳101H2 邻井压力监测\阳101h26平台临井压裂监测数据   叠合图1.1.xlsx,2025.12.27,1,无可唯一匹配施工事件,/
E:\压裂窜扰项目\02 规范化\不重要的\阳101H2\阳101H2 邻井压力监测\阳101h26平台临井压裂监测数据   叠合图1.1.xlsx,2025.12.27,2,无可唯一匹配施工事件,/
E:\压裂窜扰项目\02 规范化\不重要的\阳101H2\阳101H2 邻井压力监测\阳101h26平台临井压裂监测数据   叠合图1.1.xlsx,2025.12.27,3,无可唯一匹配施工事件,/
E:\压裂窜扰项目\02 规范化\不重要的\阳101H2\阳101H2 邻井压力监测\阳101h26平台临井压裂监测数据   叠合图1.1.xlsx,2025.12.27,4,无可唯一匹配施工事件,/
E:\压裂窜扰项目\02 规范化\不重要的\阳101H2\阳101H2 邻井压力监测\阳101h26平台临井压裂监测数据   叠合图1.1.xlsx,2025.12.28,1,无可唯一匹配施工事件,/
E:\压裂窜扰项目\02 规范化\不重要的\阳101H2\阳101H2 邻井压力监测\阳101h26平台临井压裂监测数据   叠合图1.1.xlsx,2025.12.28,2,无可唯一匹配施工事件,/
E:\压裂窜扰项目\02 规范化\不重要的\阳101H2\阳101H2 邻井压力监测\阳101h26平台临井压裂监测数据   叠合图1.1.xlsx,2025.12.28,3,无可唯一匹配施工事件,/
E:\压裂窜扰项目\02 规范化\不重要的\阳101H2\阳101H2 邻井压力监测\阳101h26平台临井压裂监测数据   叠合图1.1.xlsx,2025.12.28,4,无可唯一匹配施工事件,/
E:\压裂窜扰项目\02 规范化\不重要的\阳101H2\阳101H2 邻井压力监测\阳101h26平台临井压裂监测数据   叠合图1.1.xlsx,2025.12.29,1,无可唯一匹配施工事件,/
E:\压裂窜扰项目\02 规范化\不重要的\阳101H2\阳101H2 邻井压力监测\阳101h26平台临井压裂监测数据   叠合图1.1.xlsx,2025.12.29,2,无可唯一匹配施工事件,/
E:\压裂窜扰项目\02 规范化\不重要的\阳101H2\阳101H2 邻井压力监测\阳101h26平台临井压裂监测数据   叠合图1.1.xlsx,2025.12.29,3,无可唯一匹配施工事件,/
E:\压裂窜扰项目\02 规范化\不重要的\阳101H2\阳101H2 邻井压力监测\阳101h26平台临井压裂监测数据   叠合图1.1.xlsx,2025.12.29,4,无可唯一匹配施工事件,/
E:\压裂窜扰项目\02 规范化\不重要的\阳101H2\阳101H2 邻井压力监测\阳101h26平台临井压裂监测数据   叠合图1.1.xlsx,2025.12.31,1,无可唯一匹配施工事件,/
E:\压裂窜扰项目\02 规范化\不重要的\阳101H2\阳101H2 邻井压力监测\阳101h26平台临井压裂监测数据   叠合图1.1.xlsx,2025.12.31,2,无可唯一匹配施工事件,/
E:\压裂窜扰项目\02 规范化\不重要的\阳101H2\阳101H2 邻井压力监测\阳101h26平台临井压裂监测数据   叠合图1.1.xlsx,2025.12.31,3,无可唯一匹配施工事件,/
E:\压裂窜扰项目\02 规范化\不重要的\阳101H2\阳101H2 邻井压力监测\阳101h26平台临井压裂监测数据   叠合图1.1.xlsx,2025.12.31,4,无可唯一匹配施工事件,/
E:\压裂窜扰项目\02 规范化\不重要的\阳101H2\阳101H2 邻井压力监测\阳101h26平台临井压裂监测数据   叠合图1.1.xlsx,2026.1.1 ,1,无可唯一匹配施工事件,/
E:\压裂窜扰项目\02 规范化\不重要的\阳101H2\阳101H2 邻井压力监测\阳101h26平台临井压裂监测数据   叠合图1.1.xlsx,2026.1.1 ,2,无可唯一匹配施工事件,/
E:\压裂窜扰项目\02 规范化\不重要的\阳101H2\阳101H2 邻井压力监测\阳101h26平台临井压裂监测数据   叠合图1.1.xlsx,2026.1.1 ,3,无可唯一匹配施工事件,/
E:\压裂窜扰项目\02 规范化\不重要的\阳101H2\阳101H2 邻井压力监测\阳101h26平台临井压裂监测数据   叠合图1.1.xlsx,2026.1.1 ,4,无可唯一匹配施工事件,/
E:\压裂窜扰项目\02 规范化\不重要的\阳101H2\阳101H2 邻井压力监测\阳101h26平台临井压裂监测数据(10).xlsx,2025.12.10,1,无可唯一匹配施工事件,/
E:\压裂窜扰项目\02 规范化\不重要的\阳101H2\阳101H2 邻井压力监测\阳101h26平台临井压裂监测数据(10).xlsx,2025.12.10,2,无可唯一匹配施工事件,/
E:\压裂窜扰项目\02 规范化\不重要的\阳101H2\阳101H2 邻井压力监测\阳101h26平台临井压裂监测数据(10).xlsx,2025.12.10,3,无可唯一匹配施工事件,/
E:\压裂窜扰项目\02 规范化\不重要的\阳101H2\阳101H2 邻井压力监测\阳101h26平台临井压裂监测数据(10).xlsx,2025.12.10,4,无可唯一匹配施工事件,/
E:\压裂窜扰项目\02 规范化\不重要的\阳101H2\阳101H2 邻井压力监测\阳101h26平台临井压裂监测数据(11).xlsx,2025.11.21,1,无可唯一匹配施工事件,/
E:\压裂窜扰项目\02 规范化\不重要的\阳101H2\阳101H2 邻井压力监测\阳101h26平台临井压裂监测数据(11).xlsx,2025.11.21,2,无可唯一匹配施工事件,/
E:\压裂窜扰项目\02 规范化\不重要的\阳101H2\阳101H2 邻井压力监测\阳101h26平台临井压裂监测数据(11).xlsx,2025.11.21,3,无可唯一匹配施工事件,/
E:\压裂窜扰项目\02 规范化\不重要的\阳101H2\阳101H2 邻井压力监测\阳101h26平台临井压裂监测数据(11).xlsx,2025.11.21,4,无可唯一匹配施工事件,/
E:\压裂窜扰项目\02 规范化\不重要的\阳101H2\阳101H2 邻井压力监测\阳101h26平台临井压裂监测数据(11).xlsx,2025.11.22,1,无可唯一匹配施工事件,/
E:\压裂窜扰项目\02 规范化\不重要的\阳101H2\阳101H2 邻井压力监测\阳101h26平台临井压裂监测数据(11).xlsx,2025.11.22,2,无可唯一匹配施工事件,/
E:\压裂窜扰项目\02 规范化\不重要的\阳101H2\阳101H2 邻井压力监测\阳101h26平台临井压裂监测数据(11).xlsx,2025.11.22,3,无可唯一匹配施工事件,/
E:\压裂窜扰项目\02 规范化\不重要的\阳101H2\阳101H2 邻井压力监测\阳101h26平台临井压裂监测数据(11).xlsx,2025.11.22,4,无可唯一匹配施工事件,/
E:\压裂窜扰项目\02 规范化\不重要的\阳101H2\阳101H2 邻井压力监测\阳101h26平台临井压裂监测数据(11).xlsx,2025.11.23,1,无可唯一匹配施工事件,/
E:\压裂窜扰项目\02 规范化\不重要的\阳101H2\阳101H2 邻井压力监测\阳101h26平台临井压裂监测数据(11).xlsx,2025.11.23,2,无可唯一匹配施工事件,/
E:\压裂窜扰项目\02 规范化\不重要的\阳101H2\阳101H2 邻井压力监测\阳101h26平台临井压裂监测数据(11).xlsx,2025.11.23,3,无可唯一匹配施工事件,/
E:\压裂窜扰项目\02 规范化\不重要的\阳101H2\阳101H2 邻井压力监测\阳101h26平台临井压裂监测数据(11).xlsx,2025.11.23,4,无可唯一匹配施工事件,/
E:\压裂窜扰项目\02 规范化\不重要的\阳101H2\阳101H2 邻井压力监测\阳101h26平台临井压裂监测数据(11).xlsx,2025.11.24,1,无可唯一匹配施工事件,/
E:\压裂窜扰项目\02 规范化\不重要的\阳101H2\阳101H2 邻井压力监测\阳101h26平台临井压裂监测数据(11).xlsx,2025.11.24,2,无可唯一匹配施工事件,/
E:\压裂窜扰项目\02 规范化\不重要的\阳101H2\阳101H2 邻井压力监测\阳101h26平台临井压裂监测数据(11).xlsx,2025.11.24,3,无可唯一匹配施工事件,/
E:\压裂窜扰项目\02 规范化\不重要的\阳101H2\阳101H2 邻井压力监测\阳101h26平台临井压裂监测数据(11).xlsx,2025.11.24,4,无可唯一匹配施工事件,/
E:\压裂窜扰项目\02 规范化\不重要的\阳101H2\阳101H2 邻井压力监测\阳101h26平台临井压裂监测数据(11).xlsx,2025.11.25,1,无可唯一匹配施工事件,/
E:\压裂窜扰项目\02 规范化\不重要的\阳101H2\阳101H2 邻井压力监测\阳101h26平台临井压裂监测数据(11).xlsx,2025.11.25,2,无可唯一匹配施工事件,/
E:\压裂窜扰项目\02 规范化\不重要的\阳101H2\阳101H2 邻井压力监测\阳101h26平台临井压裂监测数据(11).xlsx,2025.11.25,3,无可唯一匹配施工事件,/
E:\压裂窜扰项目\02 规范化\不重要的\阳101H2\阳101H2 邻井压力监测\阳101h26平台临井压裂监测数据(11).xlsx,2025.11.25,4,无可唯一匹配施工事件,/
E:\压裂窜扰项目\02 规范化\不重要的\阳101H2\阳101H2 邻井压力监测\阳101h26平台临井压裂监测数据(11).xlsx,2025.11.26,1,无可唯一匹配施工事件,/
E:\压裂窜扰项目\02 规范化\不重要的\阳101H2\阳101H2 邻井压力监测\阳101h26平台临井压裂监测数据(11).xlsx,2025.11.26,2,无可唯一匹配施工事件,/
E:\压裂窜扰项目\02 规范化\不重要的\阳101H2\阳101H2 邻井压力监测\阳101h26平台临井压裂监测数据(11).xlsx,2025.11.26,3,无可唯一匹配施工事件,/
E:\压裂窜扰项目\02 规范化\不重要的\阳101H2\阳101H2 邻井压力监测\阳101h26平台临井压裂监测数据(11).xlsx,2025.11.26,4,无可唯一匹配施工事件,/
E:\压裂窜扰项目\02 规范化\不重要的\阳101H2\阳101H2 邻井压力监测\阳101h26平台临井压裂监测数据(11).xlsx,2025.11.30,1,无可唯一匹配施工事件,/
E:\压裂窜扰项目\02 规范化\不重要的\阳101H2\阳101H2 邻井压力监测\阳101h26平台临井压裂监测数据(11).xlsx,2025.11.30,2,无可唯一匹配施工事件,/
E:\压裂窜扰项目\02 规范化\不重要的\阳101H2\阳101H2 邻井压力监测\阳101h26平台临井压裂监测数据(11).xlsx,2025.11.30,3,无可唯一匹配施工事件,/
E:\压裂窜扰项目\02 规范化\不重要的\阳101H2\阳101H2 邻井压力监测\阳101h26平台临井压裂监测数据(11).xlsx,2025.11.30,4,无可唯一匹配施工事件,/
E:\压裂窜扰项目\02 规范化\不重要的\阳101H2\阳101H2 邻井压力监测\阳101h26平台临井压裂监测数据(11).xlsx,2025.12.1,1,无可唯一匹配施工事件,/
E:\压裂窜扰项目\02 规范化\不重要的\阳101H2\阳101H2 邻井压力监测\阳101h26平台临井压裂监测数据(11).xlsx,2025.12.1,2,无可唯一匹配施工事件,/
E:\压裂窜扰项目\02 规范化\不重要的\阳101H2\阳101H2 邻井压力监测\阳101h26平台临井压裂监测数据(11).xlsx,2025.12.1,3,无可唯一匹配施工事件,/
E:\压裂窜扰项目\02 规范化\不重要的\阳101H2\阳101H2 邻井压力监测\阳101h26平台临井压裂监测数据(11).xlsx,2025.12.1,4,无可唯一匹配施工事件,/
E:\压裂窜扰项目\02 规范化\不重要的\阳101H2\阳101H2 邻井压力监测\阳101h26平台临井压裂监测数据(11).xlsx,2025.12.2,1,无可唯一匹配施工事件,/
E:\压裂窜扰项目\02 规范化\不重要的\阳101H2\阳101H2 邻井压力监测\阳101h26平台临井压裂监测数据(11).xlsx,2025.12.2,2,无可唯一匹配施工事件,/
E:\压裂窜扰项目\02 规范化\不重要的\阳101H2\阳101H2 邻井压力监测\阳101h26平台临井压裂监测数据(11).xlsx,2025.12.2,3,无可唯一匹配施工事件,/
E:\压裂窜扰项目\02 规范化\不重要的\阳101H2\阳101H2 邻井压力监测\阳101h26平台临井压裂监测数据(11).xlsx,2025.12.2,4,无可唯一匹配施工事件,/
E:\压裂窜扰项目\02 规范化\不重要的\阳101H2\阳101H2 邻井压力监测\阳101h26平台临井压裂监测数据(11).xlsx,2025.12.3,1,无可唯一匹配施工事件,/
E:\压裂窜扰项目\02 规范化\不重要的\阳101H2\阳101H2 邻井压力监测\阳101h26平台临井压裂监测数据(11).xlsx,2025.12.3,2,无可唯一匹配施工事件,/
E:\压裂窜扰项目\02 规范化\不重要的\阳101H2\阳101H2 邻井压力监测\阳101h26平台临井压裂监测数据(11).xlsx,2025.12.3,3,无可唯一匹配施工事件,/
E:\压裂窜扰项目\02 规范化\不重要的\阳101H2\阳101H2 邻井压力监测\阳101h26平台临井压裂监测数据(11).xlsx,2025.12.3,4,无可唯一匹配施工事件,/
E:\压裂窜扰项目\02 规范化\不重要的\阳101H2\阳101H2 邻井压力监测\阳101h26平台临井压裂监测数据(11).xlsx,2025.12.4,1,无可唯一匹配施工事件,/
E:\压裂窜扰项目\02 规范化\不重要的\阳101H2\阳101H2 邻井压力监测\阳101h26平台临井压裂监测数据(11).xlsx,2025.12.4,2,无可唯一匹配施工事件,/
E:\压裂窜扰项目\02 规范化\不重要的\阳101H2\阳101H2 邻井压力监测\阳101h26平台临井压裂监测数据(11).xlsx,2025.12.4,3,无可唯一匹配施工事件,/
E:\压裂窜扰项目\02 规范化\不重要的\阳101H2\阳101H2 邻井压力监测\阳101h26平台临井压裂监测数据(11).xlsx,2025.12.4,4,无可唯一匹配施工事件,/
E:\压裂窜扰项目\02 规范化\不重要的\阳101H2\阳101H2 邻井压力监测\阳101h26平台临井压裂监测数据(11).xlsx,2025.12.5,1,无可唯一匹配施工事件,/
E:\压裂窜扰项目\02 规范化\不重要的\阳101H2\阳101H2 邻井压力监测\阳101h26平台临井压裂监测数据(11).xlsx,2025.12.5,2,无可唯一匹配施工事件,/
E:\压裂窜扰项目\02 规范化\不重要的\阳101H2\阳101H2 邻井压力监测\阳101h26平台临井压裂监测数据(11).xlsx,2025.12.5,3,无可唯一匹配施工事件,/
E:\压裂窜扰项目\02 规范化\不重要的\阳101H2\阳101H2 邻井压力监测\阳101h26平台临井压裂监测数据(11).xlsx,2025.12.5,4,无可唯一匹配施工事件,/
E:\压裂窜扰项目\02 规范化\不重要的\阳101H2\阳101H2 邻井压力监测\阳101h26平台临井压裂监测数据(11).xlsx,2025.12.6,1,无可唯一匹配施工事件,/
E:\压裂窜扰项目\02 规范化\不重要的\阳101H2\阳101H2 邻井压力监测\阳101h26平台临井压裂监测数据(11).xlsx,2025.12.6,2,无可唯一匹配施工事件,/
E:\压裂窜扰项目\02 规范化\不重要的\阳101H2\阳101H2 邻井压力监测\阳101h26平台临井压裂监测数据(11).xlsx,2025.12.6,3,无可唯一匹配施工事件,/
E:\压裂窜扰项目\02 规范化\不重要的\阳101H2\阳101H2 邻井压力监测\阳101h26平台临井压裂监测数据(11).xlsx,2025.12.6,4,无可唯一匹配施工事件,/
E:\压裂窜扰项目\02 规范化\不重要的\阳101H2\阳101H2 邻井压力监测\阳101h26平台临井压裂监测数据(11).xlsx,2025.12.7,1,无可唯一匹配施工事件,/
E:\压裂窜扰项目\02 规范化\不重要的\阳101H2\阳101H2 邻井压力监测\阳101h26平台临井压裂监测数据(11).xlsx,2025.12.7,2,无可唯一匹配施工事件,/
E:\压裂窜扰项目\02 规范化\不重要的\阳101H2\阳101H2 邻井压力监测\阳101h26平台临井压裂监测数据(11).xlsx,2025.12.7,3,无可唯一匹配施工事件,/
E:\压裂窜扰项目\02 规范化\不重要的\阳101H2\阳101H2 邻井压力监测\阳101h26平台临井压裂监测数据(11).xlsx,2025.12.7,4,无可唯一匹配施工事件,/
E:\压裂窜扰项目\02 规范化\不重要的\阳101H2\阳101H2 邻井压力监测\阳101h26平台临井压裂监测数据(11).xlsx,2025.12.8,1,无可唯一匹配施工事件,/
E:\压裂窜扰项目\02 规范化\不重要的\阳101H2\阳101H2 邻井压力监测\阳101h26平台临井压裂监测数据(11).xlsx,2025.12.8,2,无可唯一匹配施工事件,/
E:\压裂窜扰项目\02 规范化\不重要的\阳101H2\阳101H2 邻井压力监测\阳101h26平台临井压裂监测数据(11).xlsx,2025.12.8,3,无可唯一匹配施工事件,/
E:\压裂窜扰项目\02 规范化\不重要的\阳101H2\阳101H2 邻井压力监测\阳101h26平台临井压裂监测数据(11).xlsx,2025.12.8,4,无可唯一匹配施工事件,/
E:\压裂窜扰项目\02 规范化\不重要的\阳101H2\阳101H2 邻井压力监测\阳101h26平台临井压裂监测数据(11).xlsx,2025.12.9,1,无可唯一匹配施工事件,/
E:\压裂窜扰项目\02 规范化\不重要的\阳101H2\阳101H2 邻井压力监测\阳101h26平台临井压裂监测数据(11).xlsx,2025.12.9,2,无可唯一匹配施工事件,/
E:\压裂窜扰项目\02 规范化\不重要的\阳101H2\阳101H2 邻井压力监测\阳101h26平台临井压裂监测数据(11).xlsx,2025.12.9,3,无可唯一匹配施工事件,/
E:\压裂窜扰项目\02 规范化\不重要的\阳101H2\阳101H2 邻井压力监测\阳101h26平台临井压裂监测数据(11).xlsx,2025.12.9,4,无可唯一匹配施工事件,/
E:\压裂窜扰项目\02 规范化\不重要的\阳101H2\阳101H2 邻井压力监测\阳101h26平台临井压裂监测数据(11).xlsx,2025.12.10,1,无可唯一匹配施工事件,/
E:\压裂窜扰项目\02 规范化\不重要的\阳101H2\阳101H2 邻井压力监测\阳101h26平台临井压裂监测数据(11).xlsx,2025.12.10,2,无可唯一匹配施工事件,/
E:\压裂窜扰项目\02 规范化\不重要的\阳101H2\阳101H2 邻井压力监测\阳101h26平台临井压裂监测数据(11).xlsx,2025.12.10,3,无可唯一匹配施工事件,/
E:\压裂窜扰项目\02 规范化\不重要的\阳101H2\阳101H2 邻井压力监测\阳101h26平台临井压裂监测数据(11).xlsx,2025.12.10,4,无可唯一匹配施工事件,/
E:\压裂窜扰项目\02 规范化\不重要的\阳101H2\阳101H2 邻井压力监测\阳101h26平台临井压裂监测数据(11).xlsx,2025.12.11,1,无可唯一匹配施工事件,/
E:\压裂窜扰项目\02 规范化\不重要的\阳101H2\阳101H2 邻井压力监测\阳101h26平台临井压裂监测数据(11).xlsx,2025.12.11,2,无可唯一匹配施工事件,/
E:\压裂窜扰项目\02 规范化\不重要的\阳101H2\阳101H2 邻井压力监测\阳101h26平台临井压裂监测数据(11).xlsx,2025.12.11,3,无可唯一匹配施工事件,/
E:\压裂窜扰项目\02 规范化\不重要的\阳101H2\阳101H2 邻井压力监测\阳101h26平台临井压裂监测数据(11).xlsx,2025.12.11,4,无可唯一匹配施工事件,/
E:\压裂窜扰项目\02 规范化\不重要的\阳101H2\阳101H2 邻井压力监测\阳101h26平台临井压裂监测数据(14).xlsx,2025.11.21,1,无可唯一匹配施工事件,/
E:\压裂窜扰项目\02 规范化\不重要的\阳101H2\阳101H2 邻井压力监测\阳101h26平台临井压裂监测数据(14).xlsx,2025.11.21,2,无可唯一匹配施工事件,/
E:\压裂窜扰项目\02 规范化\不重要的\阳101H2\阳101H2 邻井压力监测\阳101h26平台临井压裂监测数据(14).xlsx,2025.11.21,3,无可唯一匹配施工事件,/
E:\压裂窜扰项目\02 规范化\不重要的\阳101H2\阳101H2 邻井压力监测\阳101h26平台临井压裂监测数据(14).xlsx,2025.11.21,4,无可唯一匹配施工事件,/
E:\压裂窜扰项目\02 规范化\不重要的\阳101H2\阳101H2 邻井压力监测\阳101h26平台临井压裂监测数据(14).xlsx,2025.11.22,1,无可唯一匹配施工事件,/
E:\压裂窜扰项目\02 规范化\不重要的\阳101H2\阳101H2 邻井压力监测\阳101h26平台临井压裂监测数据(14).xlsx,2025.11.22,2,无可唯一匹配施工事件,/
E:\压裂窜扰项目\02 规范化\不重要的\阳101H2\阳101H2 邻井压力监测\阳101h26平台临井压裂监测数据(14).xlsx,2025.11.22,3,无可唯一匹配施工事件,/
E:\压裂窜扰项目\02 规范化\不重要的\阳101H2\阳101H2 邻井压力监测\阳101h26平台临井压裂监测数据(14).xlsx,2025.11.22,4,无可唯一匹配施工事件,/
E:\压裂窜扰项目\02 规范化\不重要的\阳101H2\阳101H2 邻井压力监测\阳101h26平台临井压裂监测数据(14).xlsx,2025.11.23,1,无可唯一匹配施工事件,/
E:\压裂窜扰项目\02 规范化\不重要的\阳101H2\阳101H2 邻井压力监测\阳101h26平台临井压裂监测数据(14).xlsx,2025.11.23,2,无可唯一匹配施工事件,/
E:\压裂窜扰项目\02 规范化\不重要的\阳101H2\阳101H2 邻井压力监测\阳101h26平台临井压裂监测数据(14).xlsx,2025.11.23,3,无可唯一匹配施工事件,/
E:\压裂窜扰项目\02 规范化\不重要的\阳101H2\阳101H2 邻井压力监测\阳101h26平台临井压裂监测数据(14).xlsx,2025.11.23,4,无可唯一匹配施工事件,/
E:\压裂窜扰项目\02 规范化\不重要的\阳101H2\阳101H2 邻井压力监测\阳101h26平台临井压裂监测数据(14).xlsx,2025.11.24,1,无可唯一匹配施工事件,/
E:\压裂窜扰项目\02 规范化\不重要的\阳101H2\阳101H2 邻井压力监测\阳101h26平台临井压裂监测数据(14).xlsx,2025.11.24,2,无可唯一匹配施工事件,/
E:\压裂窜扰项目\02 规范化\不重要的\阳101H2\阳101H2 邻井压力监测\阳101h26平台临井压裂监测数据(14).xlsx,2025.11.24,3,无可唯一匹配施工事件,/
E:\压裂窜扰项目\02 规范化\不重要的\阳101H2\阳101H2 邻井压力监测\阳101h26平台临井压裂监测数据(14).xlsx,2025.11.24,4,无可唯一匹配施工事件,/
E:\压裂窜扰项目\02 规范化\不重要的\阳101H2\阳101H2 邻井压力监测\阳101h26平台临井压裂监测数据(14).xlsx,2025.11.25,1,无可唯一匹配施工事件,/
E:\压裂窜扰项目\02 规范化\不重要的\阳101H2\阳101H2 邻井压力监测\阳101h26平台临井压裂监测数据(14).xlsx,2025.11.25,2,无可唯一匹配施工事件,/
E:\压裂窜扰项目\02 规范化\不重要的\阳101H2\阳101H2 邻井压力监测\阳101h26平台临井压裂监测数据(14).xlsx,2025.11.25,3,无可唯一匹配施工事件,/
E:\压裂窜扰项目\02 规范化\不重要的\阳101H2\阳101H2 邻井压力监测\阳101h26平台临井压裂监测数据(14).xlsx,2025.11.25,4,无可唯一匹配施工事件,/
E:\压裂窜扰项目\02 规范化\不重要的\阳101H2\阳101H2 邻井压力监测\阳101h26平台临井压裂监测数据(14).xlsx,2025.11.26,1,无可唯一匹配施工事件,/
E:\压裂窜扰项目\02 规范化\不重要的\阳101H2\阳101H2 邻井压力监测\阳101h26平台临井压裂监测数据(14).xlsx,2025.11.26,2,无可唯一匹配施工事件,/
E:\压裂窜扰项目\02 规范化\不重要的\阳101H2\阳101H2 邻井压力监测\阳101h26平台临井压裂监测数据(14).xlsx,2025.11.26,3,无可唯一匹配施工事件,/
E:\压裂窜扰项目\02 规范化\不重要的\阳101H2\阳101H2 邻井压力监测\阳101h26平台临井压裂监测数据(14).xlsx,2025.11.26,4,无可唯一匹配施工事件,/
E:\压裂窜扰项目\02 规范化\不重要的\阳101H2\阳101H2 邻井压力监测\阳101h26平台临井压裂监测数据(14).xlsx,2025.11.30,1,无可唯一匹配施工事件,/
E:\压裂窜扰项目\02 规范化\不重要的\阳101H2\阳101H2 邻井压力监测\阳101h26平台临井压裂监测数据(14).xlsx,2025.11.30,2,无可唯一匹配施工事件,/
E:\压裂窜扰项目\02 规范化\不重要的\阳101H2\阳101H2 邻井压力监测\阳101h26平台临井压裂监测数据(14).xlsx,2025.11.30,3,无可唯一匹配施工事件,/
E:\压裂窜扰项目\02 规范化\不重要的\阳101H2\阳101H2 邻井压力监测\阳101h26平台临井压裂监测数据(14).xlsx,2025.11.30,4,无可唯一匹配施工事件,/
E:\压裂窜扰项目\02 规范化\不重要的\阳101H2\阳101H2 邻井压力监测\阳101h26平台临井压裂监测数据(14).xlsx,2025.12.1,1,无可唯一匹配施工事件,/
E:\压裂窜扰项目\02 规范化\不重要的\阳101H2\阳101H2 邻井压力监测\阳101h26平台临井压裂监测数据(14).xlsx,2025.12.1,2,无可唯一匹配施工事件,/
E:\压裂窜扰项目\02 规范化\不重要的\阳101H2\阳101H2 邻井压力监测\阳101h26平台临井压裂监测数据(14).xlsx,2025.12.1,3,无可唯一匹配施工事件,/
E:\压裂窜扰项目\02 规范化\不重要的\阳101H2\阳101H2 邻井压力监测\阳101h26平台临井压裂监测数据(14).xlsx,2025.12.1,4,无可唯一匹配施工事件,/
E:\压裂窜扰项目\02 规范化\不重要的\阳101H2\阳101H2 邻井压力监测\阳101h26平台临井压裂监测数据(14).xlsx,2025.12.2,1,无可唯一匹配施工事件,/
E:\压裂窜扰项目\02 规范化\不重要的\阳101H2\阳101H2 邻井压力监测\阳101h26平台临井压裂监测数据(14).xlsx,2025.12.2,2,无可唯一匹配施工事件,/
E:\压裂窜扰项目\02 规范化\不重要的\阳101H2\阳101H2 邻井压力监测\阳101h26平台临井压裂监测数据(14).xlsx,2025.12.2,3,无可唯一匹配施工事件,/
E:\压裂窜扰项目\02 规范化\不重要的\阳101H2\阳101H2 邻井压力监测\阳101h26平台临井压裂监测数据(14).xlsx,2025.12.2,4,无可唯一匹配施工事件,/
E:\压裂窜扰项目\02 规范化\不重要的\阳101H2\阳101H2 邻井压力监测\阳101h26平台临井压裂监测数据(14).xlsx,2025.12.3,1,无可唯一匹配施工事件,/
E:\压裂窜扰项目\02 规范化\不重要的\阳101H2\阳101H2 邻井压力监测\阳101h26平台临井压裂监测数据(14).xlsx,2025.12.3,2,无可唯一匹配施工事件,/
E:\压裂窜扰项目\02 规范化\不重要的\阳101H2\阳101H2 邻井压力监测\阳101h26平台临井压裂监测数据(14).xlsx,2025.12.3,3,无可唯一匹配施工事件,/
E:\压裂窜扰项目\02 规范化\不重要的\阳101H2\阳101H2 邻井压力监测\阳101h26平台临井压裂监测数据(14).xlsx,2025.12.3,4,无可唯一匹配施工事件,/
E:\压裂窜扰项目\02 规范化\不重要的\阳101H2\阳101H2 邻井压力监测\阳101h26平台临井压裂监测数据(14).xlsx,2025.12.4,1,无可唯一匹配施工事件,/
E:\压裂窜扰项目\02 规范化\不重要的\阳101H2\阳101H2 邻井压力监测\阳101h26平台临井压裂监测数据(14).xlsx,2025.12.4,2,无可唯一匹配施工事件,/
E:\压裂窜扰项目\02 规范化\不重要的\阳101H2\阳101H2 邻井压力监测\阳101h26平台临井压裂监测数据(14).xlsx,2025.12.4,3,无可唯一匹配施工事件,/
E:\压裂窜扰项目\02 规范化\不重要的\阳101H2\阳101H2 邻井压力监测\阳101h26平台临井压裂监测数据(14).xlsx,2025.12.4,4,无可唯一匹配施工事件,/
E:\压裂窜扰项目\02 规范化\不重要的\阳101H2\阳101H2 邻井压力监测\阳101h26平台临井压裂监测数据(14).xlsx,2025.12.5,1,无可唯一匹配施工事件,/
E:\压裂窜扰项目\02 规范化\不重要的\阳101H2\阳101H2 邻井压力监测\阳101h26平台临井压裂监测数据(14).xlsx,2025.12.5,2,无可唯一匹配施工事件,/
E:\压裂窜扰项目\02 规范化\不重要的\阳101H2\阳101H2 邻井压力监测\阳101h26平台临井压裂监测数据(14).xlsx,2025.12.5,3,无可唯一匹配施工事件,/
E:\压裂窜扰项目\02 规范化\不重要的\阳101H2\阳101H2 邻井压力监测\阳101h26平台临井压裂监测数据(14).xlsx,2025.12.5,4,无可唯一匹配施工事件,/
E:\压裂窜扰项目\02 规范化\不重要的\阳101H2\阳101H2 邻井压力监测\阳101h26平台临井压裂监测数据(14).xlsx,2025.12.6,1,无可唯一匹配施工事件,/
E:\压裂窜扰项目\02 规范化\不重要的\阳101H2\阳101H2 邻井压力监测\阳101h26平台临井压裂监测数据(14).xlsx,2025.12.6,2,无可唯一匹配施工事件,/
E:\压裂窜扰项目\02 规范化\不重要的\阳101H2\阳101H2 邻井压力监测\阳101h26平台临井压裂监测数据(14).xlsx,2025.12.6,3,无可唯一匹配施工事件,/
E:\压裂窜扰项目\02 规范化\不重要的\阳101H2\阳101H2 邻井压力监测\阳101h26平台临井压裂监测数据(14).xlsx,2025.12.6,4,无可唯一匹配施工事件,/
E:\压裂窜扰项目\02 规范化\不重要的\阳101H2\阳101H2 邻井压力监测\阳101h26平台临井压裂监测数据(14).xlsx,2025.12.7,1,无可唯一匹配施工事件,/
E:\压裂窜扰项目\02 规范化\不重要的\阳101H2\阳101H2 邻井压力监测\阳101h26平台临井压裂监测数据(14).xlsx,2025.12.7,2,无可唯一匹配施工事件,/
E:\压裂窜扰项目\02 规范化\不重要的\阳101H2\阳101H2 邻井压力监测\阳101h26平台临井压裂监测数据(14).xlsx,2025.12.7,3,无可唯一匹配施工事件,/
E:\压裂窜扰项目\02 规范化\不重要的\阳101H2\阳101H2 邻井压力监测\阳101h26平台临井压裂监测数据(14).xlsx,2025.12.7,4,无可唯一匹配施工事件,/
E:\压裂窜扰项目\02 规范化\不重要的\阳101H2\阳101H2 邻井压力监测\阳101h26平台临井压裂监测数据(14).xlsx,2025.12.8,1,无可唯一匹配施工事件,/
E:\压裂窜扰项目\02 规范化\不重要的\阳101H2\阳101H2 邻井压力监测\阳101h26平台临井压裂监测数据(14).xlsx,2025.12.8,2,无可唯一匹配施工事件,/
E:\压裂窜扰项目\02 规范化\不重要的\阳101H2\阳101H2 邻井压力监测\阳101h26平台临井压裂监测数据(14).xlsx,2025.12.8,3,无可唯一匹配施工事件,/
E:\压裂窜扰项目\02 规范化\不重要的\阳101H2\阳101H2 邻井压力监测\阳101h26平台临井压裂监测数据(14).xlsx,2025.12.8,4,无可唯一匹配施工事件,/
E:\压裂窜扰项目\02 规范化\不重要的\阳101H2\阳101H2 邻井压力监测\阳101h26平台临井压裂监测数据(14).xlsx,2025.12.9,1,无可唯一匹配施工事件,/
E:\压裂窜扰项目\02 规范化\不重要的\阳101H2\阳101H2 邻井压力监测\阳101h26平台临井压裂监测数据(14).xlsx,2025.12.9,2,无可唯一匹配施工事件,/
E:\压裂窜扰项目\02 规范化\不重要的\阳101H2\阳101H2 邻井压力监测\阳101h26平台临井压裂监测数据(14).xlsx,2025.12.9,3,无可唯一匹配施工事件,/
E:\压裂窜扰项目\02 规范化\不重要的\阳101H2\阳101H2 邻井压力监测\阳101h26平台临井压裂监测数据(14).xlsx,2025.12.9,4,无可唯一匹配施工事件,/
E:\压裂窜扰项目\02 规范化\不重要的\阳101H2\阳101H2 邻井压力监测\阳101h26平台临井压裂监测数据(14).xlsx,2025.12.10,1,无可唯一匹配施工事件,/
E:\压裂窜扰项目\02 规范化\不重要的\阳101H2\阳101H2 邻井压力监测\阳101h26平台临井压裂监测数据(14).xlsx,2025.12.10,2,无可唯一匹配施工事件,/
E:\压裂窜扰项目\02 规范化\不重要的\阳101H2\阳101H2 邻井压力监测\阳101h26平台临井压裂监测数据(14).xlsx,2025.12.10,3,无可唯一匹配施工事件,/
E:\压裂窜扰项目\02 规范化\不重要的\阳101H2\阳101H2 邻井压力监测\阳101h26平台临井压裂监测数据(14).xlsx,2025.12.10,4,无可唯一匹配施工事件,/
E:\压裂窜扰项目\02 规范化\不重要的\阳101H2\阳101H2 邻井压力监测\阳101h26平台临井压裂监测数据(14).xlsx,2025.12.11,1,无可唯一匹配施工事件,/
E:\压裂窜扰项目\02 规范化\不重要的\阳101H2\阳101H2 邻井压力监测\阳101h26平台临井压裂监测数据(14).xlsx,2025.12.11,2,无可唯一匹配施工事件,/
E:\压裂窜扰项目\02 规范化\不重要的\阳101H2\阳101H2 邻井压力监测\阳101h26平台临井压裂监测数据(14).xlsx,2025.12.11,3,无可唯一匹配施工事件,/
E:\压裂窜扰项目\02 规范化\不重要的\阳101H2\阳101H2 邻井压力监测\阳101h26平台临井压裂监测数据(14).xlsx,2025.12.11,4,无可唯一匹配施工事件,/
E:\压裂窜扰项目\02 规范化\不重要的\阳101H2\阳101H2 邻井压力监测\阳101h26平台临井压裂监测数据(14).xlsx,2025.12.12,1,无可唯一匹配施工事件,/
E:\压裂窜扰项目\02 规范化\不重要的\阳101H2\阳101H2 邻井压力监测\阳101h26平台临井压裂监测数据(14).xlsx,2025.12.12,2,无可唯一匹配施工事件,/
E:\压裂窜扰项目\02 规范化\不重要的\阳101H2\阳101H2 邻井压力监测\阳101h26平台临井压裂监测数据(14).xlsx,2025.12.12,3,无可唯一匹配施工事件,/
E:\压裂窜扰项目\02 规范化\不重要的\阳101H2\阳101H2 邻井压力监测\阳101h26平台临井压裂监测数据(14).xlsx,2025.12.12,4,无可唯一匹配施工事件,/
E:\压裂窜扰项目\02 规范化\不重要的\阳101H2\阳101H2 邻井压力监测\阳101h26平台临井压裂监测数据(16).xlsx,2025.11.21,1,无可唯一匹配施工事件,/
E:\压裂窜扰项目\02 规范化\不重要的\阳101H2\阳101H2 邻井压力监测\阳101h26平台临井压裂监测数据(16).xlsx,2025.11.21,2,无可唯一匹配施工事件,/
E:\压裂窜扰项目\02 规范化\不重要的\阳101H2\阳101H2 邻井压力监测\阳101h26平台临井压裂监测数据(16).xlsx,2025.11.21,3,无可唯一匹配施工事件,/
E:\压裂窜扰项目\02 规范化\不重要的\阳101H2\阳101H2 邻井压力监测\阳101h26平台临井压裂监测数据(16).xlsx,2025.11.21,4,无可唯一匹配施工事件,/
E:\压裂窜扰项目\02 规范化\不重要的\阳101H2\阳101H2 邻井压力监测\阳101h26平台临井压裂监测数据(16).xlsx,2025.11.22,1,无可唯一匹配施工事件,/
E:\压裂窜扰项目\02 规范化\不重要的\阳101H2\阳101H2 邻井压力监测\阳101h26平台临井压裂监测数据(16).xlsx,2025.11.22,2,无可唯一匹配施工事件,/
E:\压裂窜扰项目\02 规范化\不重要的\阳101H2\阳101H2 邻井压力监测\阳101h26平台临井压裂监测数据(16).xlsx,2025.11.22,3,无可唯一匹配施工事件,/
E:\压裂窜扰项目\02 规范化\不重要的\阳101H2\阳101H2 邻井压力监测\阳101h26平台临井压裂监测数据(16).xlsx,2025.11.22,4,无可唯一匹配施工事件,/
E:\压裂窜扰项目\02 规范化\不重要的\阳101H2\阳101H2 邻井压力监测\阳101h26平台临井压裂监测数据(16).xlsx,2025.11.23,1,无可唯一匹配施工事件,/
E:\压裂窜扰项目\02 规范化\不重要的\阳101H2\阳101H2 邻井压力监测\阳101h26平台临井压裂监测数据(16).xlsx,2025.11.23,2,无可唯一匹配施工事件,/
E:\压裂窜扰项目\02 规范化\不重要的\阳101H2\阳101H2 邻井压力监测\阳101h26平台临井压裂监测数据(16).xlsx,2025.11.23,3,无可唯一匹配施工事件,/
E:\压裂窜扰项目\02 规范化\不重要的\阳101H2\阳101H2 邻井压力监测\阳101h26平台临井压裂监测数据(16).xlsx,2025.11.23,4,无可唯一匹配施工事件,/
E:\压裂窜扰项目\02 规范化\不重要的\阳101H2\阳101H2 邻井压力监测\阳101h26平台临井压裂监测数据(16).xlsx,2025.11.24,1,无可唯一匹配施工事件,/
E:\压裂窜扰项目\02 规范化\不重要的\阳101H2\阳101H2 邻井压力监测\阳101h26平台临井压裂监测数据(16).xlsx,2025.11.24,2,无可唯一匹配施工事件,/
E:\压裂窜扰项目\02 规范化\不重要的\阳101H2\阳101H2 邻井压力监测\阳101h26平台临井压裂监测数据(16).xlsx,2025.11.24,3,无可唯一匹配施工事件,/
E:\压裂窜扰项目\02 规范化\不重要的\阳101H2\阳101H2 邻井压力监测\阳101h26平台临井压裂监测数据(16).xlsx,2025.11.24,4,无可唯一匹配施工事件,/
E:\压裂窜扰项目\02 规范化\不重要的\阳101H2\阳101H2 邻井压力监测\阳101h26平台临井压裂监测数据(16).xlsx,2025.11.25,1,无可唯一匹配施工事件,/
E:\压裂窜扰项目\02 规范化\不重要的\阳101H2\阳101H2 邻井压力监测\阳101h26平台临井压裂监测数据(16).xlsx,2025.11.25,2,无可唯一匹配施工事件,/
E:\压裂窜扰项目\02 规范化\不重要的\阳101H2\阳101H2 邻井压力监测\阳101h26平台临井压裂监测数据(16).xlsx,2025.11.25,3,无可唯一匹配施工事件,/
E:\压裂窜扰项目\02 规范化\不重要的\阳101H2\阳101H2 邻井压力监测\阳101h26平台临井压裂监测数据(16).xlsx,2025.11.25,4,无可唯一匹配施工事件,/
E:\压裂窜扰项目\02 规范化\不重要的\阳101H2\阳101H2 邻井压力监测\阳101h26平台临井压裂监测数据(16).xlsx,2025.11.26,1,无可唯一匹配施工事件,/
E:\压裂窜扰项目\02 规范化\不重要的\阳101H2\阳101H2 邻井压力监测\阳101h26平台临井压裂监测数据(16).xlsx,2025.11.26,2,无可唯一匹配施工事件,/
E:\压裂窜扰项目\02 规范化\不重要的\阳101H2\阳101H2 邻井压力监测\阳101h26平台临井压裂监测数据(16).xlsx,2025.11.26,3,无可唯一匹配施工事件,/
E:\压裂窜扰项目\02 规范化\不重要的\阳101H2\阳101H2 邻井压力监测\阳101h26平台临井压裂监测数据(16).xlsx,2025.11.26,4,无可唯一匹配施工事件,/
E:\压裂窜扰项目\02 规范化\不重要的\阳101H2\阳101H2 邻井压力监测\阳101h26平台临井压裂监测数据(16).xlsx,2025.11.30,1,无可唯一匹配施工事件,/
E:\压裂窜扰项目\02 规范化\不重要的\阳101H2\阳101H2 邻井压力监测\阳101h26平台临井压裂监测数据(16).xlsx,2025.11.30,2,无可唯一匹配施工事件,/
E:\压裂窜扰项目\02 规范化\不重要的\阳101H2\阳101H2 邻井压力监测\阳101h26平台临井压裂监测数据(16).xlsx,2025.11.30,3,无可唯一匹配施工事件,/
E:\压裂窜扰项目\02 规范化\不重要的\阳101H2\阳101H2 邻井压力监测\阳101h26平台临井压裂监测数据(16).xlsx,2025.11.30,4,无可唯一匹配施工事件,/
E:\压裂窜扰项目\02 规范化\不重要的\阳101H2\阳101H2 邻井压力监测\阳101h26平台临井压裂监测数据(16).xlsx,2025.12.1,1,无可唯一匹配施工事件,/
E:\压裂窜扰项目\02 规范化\不重要的\阳101H2\阳101H2 邻井压力监测\阳101h26平台临井压裂监测数据(16).xlsx,2025.12.1,2,无可唯一匹配施工事件,/
E:\压裂窜扰项目\02 规范化\不重要的\阳101H2\阳101H2 邻井压力监测\阳101h26平台临井压裂监测数据(16).xlsx,2025.12.1,3,无可唯一匹配施工事件,/
E:\压裂窜扰项目\02 规范化\不重要的\阳101H2\阳101H2 邻井压力监测\阳101h26平台临井压裂监测数据(16).xlsx,2025.12.1,4,无可唯一匹配施工事件,/
E:\压裂窜扰项目\02 规范化\不重要的\阳101H2\阳101H2 邻井压力监测\阳101h26平台临井压裂监测数据(16).xlsx,2025.12.2,1,无可唯一匹配施工事件,/
E:\压裂窜扰项目\02 规范化\不重要的\阳101H2\阳101H2 邻井压力监测\阳101h26平台临井压裂监测数据(16).xlsx,2025.12.2,2,无可唯一匹配施工事件,/
E:\压裂窜扰项目\02 规范化\不重要的\阳101H2\阳101H2 邻井压力监测\阳101h26平台临井压裂监测数据(16).xlsx,2025.12.2,3,无可唯一匹配施工事件,/
E:\压裂窜扰项目\02 规范化\不重要的\阳101H2\阳101H2 邻井压力监测\阳101h26平台临井压裂监测数据(16).xlsx,2025.12.2,4,无可唯一匹配施工事件,/
E:\压裂窜扰项目\02 规范化\不重要的\阳101H2\阳101H2 邻井压力监测\阳101h26平台临井压裂监测数据(16).xlsx,2025.12.3,1,无可唯一匹配施工事件,/
E:\压裂窜扰项目\02 规范化\不重要的\阳101H2\阳101H2 邻井压力监测\阳101h26平台临井压裂监测数据(16).xlsx,2025.12.3,2,无可唯一匹配施工事件,/
E:\压裂窜扰项目\02 规范化\不重要的\阳101H2\阳101H2 邻井压力监测\阳101h26平台临井压裂监测数据(16).xlsx,2025.12.3,3,无可唯一匹配施工事件,/
E:\压裂窜扰项目\02 规范化\不重要的\阳101H2\阳101H2 邻井压力监测\阳101h26平台临井压裂监测数据(16).xlsx,2025.12.3,4,无可唯一匹配施工事件,/
E:\压裂窜扰项目\02 规范化\不重要的\阳101H2\阳101H2 邻井压力监测\阳101h26平台临井压裂监测数据(16).xlsx,2025.12.4,1,无可唯一匹配施工事件,/
E:\压裂窜扰项目\02 规范化\不重要的\阳101H2\阳101H2 邻井压力监测\阳101h26平台临井压裂监测数据(16).xlsx,2025.12.4,2,无可唯一匹配施工事件,/
E:\压裂窜扰项目\02 规范化\不重要的\阳101H2\阳101H2 邻井压力监测\阳101h26平台临井压裂监测数据(16).xlsx,2025.12.4,3,无可唯一匹配施工事件,/
E:\压裂窜扰项目\02 规范化\不重要的\阳101H2\阳101H2 邻井压力监测\阳101h26平台临井压裂监测数据(16).xlsx,2025.12.4,4,无可唯一匹配施工事件,/
E:\压裂窜扰项目\02 规范化\不重要的\阳101H2\阳101H2 邻井压力监测\阳101h26平台临井压裂监测数据(16).xlsx,2025.12.5,1,无可唯一匹配施工事件,/
E:\压裂窜扰项目\02 规范化\不重要的\阳101H2\阳101H2 邻井压力监测\阳101h26平台临井压裂监测数据(16).xlsx,2025.12.5,2,无可唯一匹配施工事件,/
E:\压裂窜扰项目\02 规范化\不重要的\阳101H2\阳101H2 邻井压力监测\阳101h26平台临井压裂监测数据(16).xlsx,2025.12.5,3,无可唯一匹配施工事件,/
E:\压裂窜扰项目\02 规范化\不重要的\阳101H2\阳101H2 邻井压力监测\阳101h26平台临井压裂监测数据(16).xlsx,2025.12.5,4,无可唯一匹配施工事件,/
E:\压裂窜扰项目\02 规范化\不重要的\阳101H2\阳101H2 邻井压力监测\阳101h26平台临井压裂监测数据(16).xlsx,2025.12.6,1,无可唯一匹配施工事件,/
E:\压裂窜扰项目\02 规范化\不重要的\阳101H2\阳101H2 邻井压力监测\阳101h26平台临井压裂监测数据(16).xlsx,2025.12.6,2,无可唯一匹配施工事件,/
E:\压裂窜扰项目\02 规范化\不重要的\阳101H2\阳101H2 邻井压力监测\阳101h26平台临井压裂监测数据(16).xlsx,2025.12.6,3,无可唯一匹配施工事件,/
E:\压裂窜扰项目\02 规范化\不重要的\阳101H2\阳101H2 邻井压力监测\阳101h26平台临井压裂监测数据(16).xlsx,2025.12.6,4,无可唯一匹配施工事件,/
E:\压裂窜扰项目\02 规范化\不重要的\阳101H2\阳101H2 邻井压力监测\阳101h26平台临井压裂监测数据(16).xlsx,2025.12.7,1,无可唯一匹配施工事件,/
E:\压裂窜扰项目\02 规范化\不重要的\阳101H2\阳101H2 邻井压力监测\阳101h26平台临井压裂监测数据(16).xlsx,2025.12.7,2,无可唯一匹配施工事件,/
E:\压裂窜扰项目\02 规范化\不重要的\阳101H2\阳101H2 邻井压力监测\阳101h26平台临井压裂监测数据(16).xlsx,2025.12.7,3,无可唯一匹配施工事件,/
E:\压裂窜扰项目\02 规范化\不重要的\阳101H2\阳101H2 邻井压力监测\阳101h26平台临井压裂监测数据(16).xlsx,2025.12.7,4,无可唯一匹配施工事件,/
E:\压裂窜扰项目\02 规范化\不重要的\阳101H2\阳101H2 邻井压力监测\阳101h26平台临井压裂监测数据(16).xlsx,2025.12.8,1,无可唯一匹配施工事件,/
E:\压裂窜扰项目\02 规范化\不重要的\阳101H2\阳101H2 邻井压力监测\阳101h26平台临井压裂监测数据(16).xlsx,2025.12.8,2,无可唯一匹配施工事件,/
E:\压裂窜扰项目\02 规范化\不重要的\阳101H2\阳101H2 邻井压力监测\阳101h26平台临井压裂监测数据(16).xlsx,2025.12.8,3,无可唯一匹配施工事件,/
E:\压裂窜扰项目\02 规范化\不重要的\阳101H2\阳101H2 邻井压力监测\阳101h26平台临井压裂监测数据(16).xlsx,2025.12.8,4,无可唯一匹配施工事件,/
E:\压裂窜扰项目\02 规范化\不重要的\阳101H2\阳101H2 邻井压力监测\阳101h26平台临井压裂监测数据(16).xlsx,2025.12.9,1,无可唯一匹配施工事件,/
E:\压裂窜扰项目\02 规范化\不重要的\阳101H2\阳101H2 邻井压力监测\阳101h26平台临井压裂监测数据(16).xlsx,2025.12.9,2,无可唯一匹配施工事件,/
E:\压裂窜扰项目\02 规范化\不重要的\阳101H2\阳101H2 邻井压力监测\阳101h26平台临井压裂监测数据(16).xlsx,2025.12.9,3,无可唯一匹配施工事件,/
E:\压裂窜扰项目\02 规范化\不重要的\阳101H2\阳101H2 邻井压力监测\阳101h26平台临井压裂监测数据(16).xlsx,2025.12.9,4,无可唯一匹配施工事件,/
E:\压裂窜扰项目\02 规范化\不重要的\阳101H2\阳101H2 邻井压力监测\阳101h26平台临井压裂监测数据(16).xlsx,2025.12.10,1,无可唯一匹配施工事件,/
E:\压裂窜扰项目\02 规范化\不重要的\阳101H2\阳101H2 邻井压力监测\阳101h26平台临井压裂监测数据(16).xlsx,2025.12.10,2,无可唯一匹配施工事件,/
E:\压裂窜扰项目\02 规范化\不重要的\阳101H2\阳101H2 邻井压力监测\阳101h26平台临井压裂监测数据(16).xlsx,2025.12.10,3,无可唯一匹配施工事件,/
E:\压裂窜扰项目\02 规范化\不重要的\阳101H2\阳101H2 邻井压力监测\阳101h26平台临井压裂监测数据(16).xlsx,2025.12.10,4,无可唯一匹配施工事件,/
E:\压裂窜扰项目\02 规范化\不重要的\阳101H2\阳101H2 邻井压力监测\阳101h26平台临井压裂监测数据(16).xlsx,2025.12.11,1,无可唯一匹配施工事件,/
E:\压裂窜扰项目\02 规范化\不重要的\阳101H2\阳101H2 邻井压力监测\阳101h26平台临井压裂监测数据(16).xlsx,2025.12.11,2,无可唯一匹配施工事件,/
E:\压裂窜扰项目\02 规范化\不重要的\阳101H2\阳101H2 邻井压力监测\阳101h26平台临井压裂监测数据(16).xlsx,2025.12.11,3,无可唯一匹配施工事件,/
E:\压裂窜扰项目\02 规范化\不重要的\阳101H2\阳101H2 邻井压力监测\阳101h26平台临井压裂监测数据(16).xlsx,2025.12.11,4,无可唯一匹配施工事件,/
E:\压裂窜扰项目\02 规范化\不重要的\阳101H2\阳101H2 邻井压力监测\阳101h26平台临井压裂监测数据(16).xlsx,2025.12.12,1,无可唯一匹配施工事件,/
E:\压裂窜扰项目\02 规范化\不重要的\阳101H2\阳101H2 邻井压力监测\阳101h26平台临井压裂监测数据(16).xlsx,2025.12.12,2,无可唯一匹配施工事件,/
E:\压裂窜扰项目\02 规范化\不重要的\阳101H2\阳101H2 邻井压力监测\阳101h26平台临井压裂监测数据(16).xlsx,2025.12.12,3,无可唯一匹配施工事件,/
E:\压裂窜扰项目\02 规范化\不重要的\阳101H2\阳101H2 邻井压力监测\阳101h26平台临井压裂监测数据(16).xlsx,2025.12.12,4,无可唯一匹配施工事件,/
E:\压裂窜扰项目\02 规范化\不重要的\阳101H2\阳101H2 邻井压力监测\阳101h26平台临井压裂监测数据(16).xlsx,2025.12.13,1,无可唯一匹配施工事件,/
E:\压裂窜扰项目\02 规范化\不重要的\阳101H2\阳101H2 邻井压力监测\阳101h26平台临井压裂监测数据(16).xlsx,2025.12.13,2,无可唯一匹配施工事件,/
E:\压裂窜扰项目\02 规范化\不重要的\阳101H2\阳101H2 邻井压力监测\阳101h26平台临井压裂监测数据(16).xlsx,2025.12.13,3,无可唯一匹配施工事件,/
E:\压裂窜扰项目\02 规范化\不重要的\阳101H2\阳101H2 邻井压力监测\阳101h26平台临井压裂监测数据(16).xlsx,2025.12.13,4,无可唯一匹配施工事件,/
E:\压裂窜扰项目\02 规范化\不重要的\阳101H2\阳101H2 邻井压力监测\阳101h26平台临井压裂监测数据(17).xlsx,2025.11.21,1,无可唯一匹配施工事件,/
E:\压裂窜扰项目\02 规范化\不重要的\阳101H2\阳101H2 邻井压力监测\阳101h26平台临井压裂监测数据(17).xlsx,2025.11.21,2,无可唯一匹配施工事件,/
E:\压裂窜扰项目\02 规范化\不重要的\阳101H2\阳101H2 邻井压力监测\阳101h26平台临井压裂监测数据(17).xlsx,2025.11.21,3,无可唯一匹配施工事件,/
E:\压裂窜扰项目\02 规范化\不重要的\阳101H2\阳101H2 邻井压力监测\阳101h26平台临井压裂监测数据(17).xlsx,2025.11.21,4,无可唯一匹配施工事件,/
E:\压裂窜扰项目\02 规范化\不重要的\阳101H2\阳101H2 邻井压力监测\阳101h26平台临井压裂监测数据(17).xlsx,2025.11.22,1,无可唯一匹配施工事件,/
E:\压裂窜扰项目\02 规范化\不重要的\阳101H2\阳101H2 邻井压力监测\阳101h26平台临井压裂监测数据(17).xlsx,2025.11.22,2,无可唯一匹配施工事件,/
E:\压裂窜扰项目\02 规范化\不重要的\阳101H2\阳101H2 邻井压力监测\阳101h26平台临井压裂监测数据(17).xlsx,2025.11.22,3,无可唯一匹配施工事件,/
E:\压裂窜扰项目\02 规范化\不重要的\阳101H2\阳101H2 邻井压力监测\阳101h26平台临井压裂监测数据(17).xlsx,2025.11.22,4,无可唯一匹配施工事件,/
E:\压裂窜扰项目\02 规范化\不重要的\阳101H2\阳101H2 邻井压力监测\阳101h26平台临井压裂监测数据(17).xlsx,2025.11.23,1,无可唯一匹配施工事件,/
E:\压裂窜扰项目\02 规范化\不重要的\阳101H2\阳101H2 邻井压力监测\阳101h26平台临井压裂监测数据(17).xlsx,2025.11.23,2,无可唯一匹配施工事件,/
E:\压裂窜扰项目\02 规范化\不重要的\阳101H2\阳101H2 邻井压力监测\阳101h26平台临井压裂监测数据(17).xlsx,2025.11.23,3,无可唯一匹配施工事件,/
E:\压裂窜扰项目\02 规范化\不重要的\阳101H2\阳101H2 邻井压力监测\阳101h26平台临井压裂监测数据(17).xlsx,2025.11.23,4,无可唯一匹配施工事件,/
E:\压裂窜扰项目\02 规范化\不重要的\阳101H2\阳101H2 邻井压力监测\阳101h26平台临井压裂监测数据(17).xlsx,2025.11.24,1,无可唯一匹配施工事件,/
E:\压裂窜扰项目\02 规范化\不重要的\阳101H2\阳101H2 邻井压力监测\阳101h26平台临井压裂监测数据(17).xlsx,2025.11.24,2,无可唯一匹配施工事件,/
E:\压裂窜扰项目\02 规范化\不重要的\阳101H2\阳101H2 邻井压力监测\阳101h26平台临井压裂监测数据(17).xlsx,2025.11.24,3,无可唯一匹配施工事件,/
E:\压裂窜扰项目\02 规范化\不重要的\阳101H2\阳101H2 邻井压力监测\阳101h26平台临井压裂监测数据(17).xlsx,2025.11.24,4,无可唯一匹配施工事件,/
E:\压裂窜扰项目\02 规范化\不重要的\阳101H2\阳101H2 邻井压力监测\阳101h26平台临井压裂监测数据(17).xlsx,2025.11.25,1,无可唯一匹配施工事件,/
E:\压裂窜扰项目\02 规范化\不重要的\阳101H2\阳101H2 邻井压力监测\阳101h26平台临井压裂监测数据(17).xlsx,2025.11.25,2,无可唯一匹配施工事件,/
E:\压裂窜扰项目\02 规范化\不重要的\阳101H2\阳101H2 邻井压力监测\阳101h26平台临井压裂监测数据(17).xlsx,2025.11.25,3,无可唯一匹配施工事件,/
E:\压裂窜扰项目\02 规范化\不重要的\阳101H2\阳101H2 邻井压力监测\阳101h26平台临井压裂监测数据(17).xlsx,2025.11.25,4,无可唯一匹配施工事件,/
E:\压裂窜扰项目\02 规范化\不重要的\阳101H2\阳101H2 邻井压力监测\阳101h26平台临井压裂监测数据(17).xlsx,2025.11.26,1,无可唯一匹配施工事件,/
E:\压裂窜扰项目\02 规范化\不重要的\阳101H2\阳101H2 邻井压力监测\阳101h26平台临井压裂监测数据(17).xlsx,2025.11.26,2,无可唯一匹配施工事件,/
E:\压裂窜扰项目\02 规范化\不重要的\阳101H2\阳101H2 邻井压力监测\阳101h26平台临井压裂监测数据(17).xlsx,2025.11.26,3,无可唯一匹配施工事件,/
E:\压裂窜扰项目\02 规范化\不重要的\阳101H2\阳101H2 邻井压力监测\阳101h26平台临井压裂监测数据(17).xlsx,2025.11.26,4,无可唯一匹配施工事件,/
E:\压裂窜扰项目\02 规范化\不重要的\阳101H2\阳101H2 邻井压力监测\阳101h26平台临井压裂监测数据(17).xlsx,2025.11.30,1,无可唯一匹配施工事件,/
E:\压裂窜扰项目\02 规范化\不重要的\阳101H2\阳101H2 邻井压力监测\阳101h26平台临井压裂监测数据(17).xlsx,2025.11.30,2,无可唯一匹配施工事件,/
E:\压裂窜扰项目\02 规范化\不重要的\阳101H2\阳101H2 邻井压力监测\阳101h26平台临井压裂监测数据(17).xlsx,2025.11.30,3,无可唯一匹配施工事件,/
E:\压裂窜扰项目\02 规范化\不重要的\阳101H2\阳101H2 邻井压力监测\阳101h26平台临井压裂监测数据(17).xlsx,2025.11.30,4,无可唯一匹配施工事件,/
E:\压裂窜扰项目\02 规范化\不重要的\阳101H2\阳101H2 邻井压力监测\阳101h26平台临井压裂监测数据(17).xlsx,2025.12.1,1,无可唯一匹配施工事件,/
E:\压裂窜扰项目\02 规范化\不重要的\阳101H2\阳101H2 邻井压力监测\阳101h26平台临井压裂监测数据(17).xlsx,2025.12.1,2,无可唯一匹配施工事件,/
E:\压裂窜扰项目\02 规范化\不重要的\阳101H2\阳101H2 邻井压力监测\阳101h26平台临井压裂监测数据(17).xlsx,2025.12.1,3,无可唯一匹配施工事件,/
E:\压裂窜扰项目\02 规范化\不重要的\阳101H2\阳101H2 邻井压力监测\阳101h26平台临井压裂监测数据(17).xlsx,2025.12.1,4,无可唯一匹配施工事件,/
E:\压裂窜扰项目\02 规范化\不重要的\阳101H2\阳101H2 邻井压力监测\阳101h26平台临井压裂监测数据(17).xlsx,2025.12.2,1,无可唯一匹配施工事件,/
E:\压裂窜扰项目\02 规范化\不重要的\阳101H2\阳101H2 邻井压力监测\阳101h26平台临井压裂监测数据(17).xlsx,2025.12.2,2,无可唯一匹配施工事件,/
E:\压裂窜扰项目\02 规范化\不重要的\阳101H2\阳101H2 邻井压力监测\阳101h26平台临井压裂监测数据(17).xlsx,2025.12.2,3,无可唯一匹配施工事件,/
E:\压裂窜扰项目\02 规范化\不重要的\阳101H2\阳101H2 邻井压力监测\阳101h26平台临井压裂监测数据(17).xlsx,2025.12.2,4,无可唯一匹配施工事件,/
E:\压裂窜扰项目\02 规范化\不重要的\阳101H2\阳101H2 邻井压力监测\阳101h26平台临井压裂监测数据(17).xlsx,2025.12.3,1,无可唯一匹配施工事件,/
E:\压裂窜扰项目\02 规范化\不重要的\阳101H2\阳101H2 邻井压力监测\阳101h26平台临井压裂监测数据(17).xlsx,2025.12.3,2,无可唯一匹配施工事件,/
E:\压裂窜扰项目\02 规范化\不重要的\阳101H2\阳101H2 邻井压力监测\阳101h26平台临井压裂监测数据(17).xlsx,2025.12.3,3,无可唯一匹配施工事件,/
E:\压裂窜扰项目\02 规范化\不重要的\阳101H2\阳101H2 邻井压力监测\阳101h26平台临井压裂监测数据(17).xlsx,2025.12.3,4,无可唯一匹配施工事件,/
E:\压裂窜扰项目\02 规范化\不重要的\阳101H2\阳101H2 邻井压力监测\阳101h26平台临井压裂监测数据(17).xlsx,2025.12.4,1,无可唯一匹配施工事件,/
E:\压裂窜扰项目\02 规范化\不重要的\阳101H2\阳101H2 邻井压力监测\阳101h26平台临井压裂监测数据(17).xlsx,2025.12.4,2,无可唯一匹配施工事件,/
E:\压裂窜扰项目\02 规范化\不重要的\阳101H2\阳101H2 邻井压力监测\阳101h26平台临井压裂监测数据(17).xlsx,2025.12.4,3,无可唯一匹配施工事件,/
E:\压裂窜扰项目\02 规范化\不重要的\阳101H2\阳101H2 邻井压力监测\阳101h26平台临井压裂监测数据(17).xlsx,2025.12.4,4,无可唯一匹配施工事件,/
E:\压裂窜扰项目\02 规范化\不重要的\阳101H2\阳101H2 邻井压力监测\阳101h26平台临井压裂监测数据(17).xlsx,2025.12.5,1,无可唯一匹配施工事件,/
E:\压裂窜扰项目\02 规范化\不重要的\阳101H2\阳101H2 邻井压力监测\阳101h26平台临井压裂监测数据(17).xlsx,2025.12.5,2,无可唯一匹配施工事件,/
E:\压裂窜扰项目\02 规范化\不重要的\阳101H2\阳101H2 邻井压力监测\阳101h26平台临井压裂监测数据(17).xlsx,2025.12.5,3,无可唯一匹配施工事件,/
E:\压裂窜扰项目\02 规范化\不重要的\阳101H2\阳101H2 邻井压力监测\阳101h26平台临井压裂监测数据(17).xlsx,2025.12.5,4,无可唯一匹配施工事件,/
E:\压裂窜扰项目\02 规范化\不重要的\阳101H2\阳101H2 邻井压力监测\阳101h26平台临井压裂监测数据(17).xlsx,2025.12.6,1,无可唯一匹配施工事件,/
E:\压裂窜扰项目\02 规范化\不重要的\阳101H2\阳101H2 邻井压力监测\阳101h26平台临井压裂监测数据(17).xlsx,2025.12.6,2,无可唯一匹配施工事件,/
E:\压裂窜扰项目\02 规范化\不重要的\阳101H2\阳101H2 邻井压力监测\阳101h26平台临井压裂监测数据(17).xlsx,2025.12.6,3,无可唯一匹配施工事件,/
E:\压裂窜扰项目\02 规范化\不重要的\阳101H2\阳101H2 邻井压力监测\阳101h26平台临井压裂监测数据(17).xlsx,2025.12.6,4,无可唯一匹配施工事件,/
E:\压裂窜扰项目\02 规范化\不重要的\阳101H2\阳101H2 邻井压力监测\阳101h26平台临井压裂监测数据(17).xlsx,2025.12.7,1,无可唯一匹配施工事件,/
E:\压裂窜扰项目\02 规范化\不重要的\阳101H2\阳101H2 邻井压力监测\阳101h26平台临井压裂监测数据(17).xlsx,2025.12.7,2,无可唯一匹配施工事件,/
E:\压裂窜扰项目\02 规范化\不重要的\阳101H2\阳101H2 邻井压力监测\阳101h26平台临井压裂监测数据(17).xlsx,2025.12.7,3,无可唯一匹配施工事件,/
E:\压裂窜扰项目\02 规范化\不重要的\阳101H2\阳101H2 邻井压力监测\阳101h26平台临井压裂监测数据(17).xlsx,2025.12.7,4,无可唯一匹配施工事件,/
E:\压裂窜扰项目\02 规范化\不重要的\阳101H2\阳101H2 邻井压力监测\阳101h26平台临井压裂监测数据(17).xlsx,2025.12.8,1,无可唯一匹配施工事件,/
E:\压裂窜扰项目\02 规范化\不重要的\阳101H2\阳101H2 邻井压力监测\阳101h26平台临井压裂监测数据(17).xlsx,2025.12.8,2,无可唯一匹配施工事件,/
E:\压裂窜扰项目\02 规范化\不重要的\阳101H2\阳101H2 邻井压力监测\阳101h26平台临井压裂监测数据(17).xlsx,2025.12.8,3,无可唯一匹配施工事件,/
E:\压裂窜扰项目\02 规范化\不重要的\阳101H2\阳101H2 邻井压力监测\阳101h26平台临井压裂监测数据(17).xlsx,2025.12.8,4,无可唯一匹配施工事件,/
E:\压裂窜扰项目\02 规范化\不重要的\阳101H2\阳101H2 邻井压力监测\阳101h26平台临井压裂监测数据(17).xlsx,2025.12.9,1,无可唯一匹配施工事件,/
E:\压裂窜扰项目\02 规范化\不重要的\阳101H2\阳101H2 邻井压力监测\阳101h26平台临井压裂监测数据(17).xlsx,2025.12.9,2,无可唯一匹配施工事件,/
E:\压裂窜扰项目\02 规范化\不重要的\阳101H2\阳101H2 邻井压力监测\阳101h26平台临井压裂监测数据(17).xlsx,2025.12.9,3,无可唯一匹配施工事件,/
E:\压裂窜扰项目\02 规范化\不重要的\阳101H2\阳101H2 邻井压力监测\阳101h26平台临井压裂监测数据(17).xlsx,2025.12.9,4,无可唯一匹配施工事件,/
E:\压裂窜扰项目\02 规范化\不重要的\阳101H2\阳101H2 邻井压力监测\阳101h26平台临井压裂监测数据(17).xlsx,2025.12.10,1,无可唯一匹配施工事件,/
E:\压裂窜扰项目\02 规范化\不重要的\阳101H2\阳101H2 邻井压力监测\阳101h26平台临井压裂监测数据(17).xlsx,2025.12.10,2,无可唯一匹配施工事件,/
E:\压裂窜扰项目\02 规范化\不重要的\阳101H2\阳101H2 邻井压力监测\阳101h26平台临井压裂监测数据(17).xlsx,2025.12.10,3,无可唯一匹配施工事件,/
E:\压裂窜扰项目\02 规范化\不重要的\阳101H2\阳101H2 邻井压力监测\阳101h26平台临井压裂监测数据(17).xlsx,2025.12.10,4,无可唯一匹配施工事件,/
E:\压裂窜扰项目\02 规范化\不重要的\阳101H2\阳101H2 邻井压力监测\阳101h26平台临井压裂监测数据(17).xlsx,2025.12.11,1,无可唯一匹配施工事件,/
E:\压裂窜扰项目\02 规范化\不重要的\阳101H2\阳101H2 邻井压力监测\阳101h26平台临井压裂监测数据(17).xlsx,2025.12.11,2,无可唯一匹配施工事件,/
E:\压裂窜扰项目\02 规范化\不重要的\阳101H2\阳101H2 邻井压力监测\阳101h26平台临井压裂监测数据(17).xlsx,2025.12.11,3,无可唯一匹配施工事件,/
E:\压裂窜扰项目\02 规范化\不重要的\阳101H2\阳101H2 邻井压力监测\阳101h26平台临井压裂监测数据(17).xlsx,2025.12.11,4,无可唯一匹配施工事件,/
E:\压裂窜扰项目\02 规范化\不重要的\阳101H2\阳101H2 邻井压力监测\阳101h26平台临井压裂监测数据(17).xlsx,2025.12.12,1,无可唯一匹配施工事件,/
E:\压裂窜扰项目\02 规范化\不重要的\阳101H2\阳101H2 邻井压力监测\阳101h26平台临井压裂监测数据(17).xlsx,2025.12.12,2,无可唯一匹配施工事件,/
E:\压裂窜扰项目\02 规范化\不重要的\阳101H2\阳101H2 邻井压力监测\阳101h26平台临井压裂监测数据(17).xlsx,2025.12.12,3,无可唯一匹配施工事件,/
E:\压裂窜扰项目\02 规范化\不重要的\阳101H2\阳101H2 邻井压力监测\阳101h26平台临井压裂监测数据(17).xlsx,2025.12.12,4,无可唯一匹配施工事件,/
E:\压裂窜扰项目\02 规范化\不重要的\阳101H2\阳101H2 邻井压力监测\阳101h26平台临井压裂监测数据(17).xlsx,2025.12.13,1,无可唯一匹配施工事件,/
E:\压裂窜扰项目\02 规范化\不重要的\阳101H2\阳101H2 邻井压力监测\阳101h26平台临井压裂监测数据(17).xlsx,2025.12.13,2,无可唯一匹配施工事件,/
E:\压裂窜扰项目\02 规范化\不重要的\阳101H2\阳101H2 邻井压力监测\阳101h26平台临井压裂监测数据(17).xlsx,2025.12.13,3,无可唯一匹配施工事件,/
E:\压裂窜扰项目\02 规范化\不重要的\阳101H2\阳101H2 邻井压力监测\阳101h26平台临井压裂监测数据(17).xlsx,2025.12.13,4,无可唯一匹配施工事件,/
E:\压裂窜扰项目\02 规范化\不重要的\阳101H2\阳101H2 邻井压力监测\阳101h26平台临井压裂监测数据(2).xlsx,2025.11.21,1,无可唯一匹配施工事件,/
E:\压裂窜扰项目\02 规范化\不重要的\阳101H2\阳101H2 邻井压力监测\阳101h26平台临井压裂监测数据(2).xlsx,2025.11.21,2,无可唯一匹配施工事件,/
E:\压裂窜扰项目\02 规范化\不重要的\阳101H2\阳101H2 邻井压力监测\阳101h26平台临井压裂监测数据(2).xlsx,2025.11.21,3,无可唯一匹配施工事件,/
E:\压裂窜扰项目\02 规范化\不重要的\阳101H2\阳101H2 邻井压力监测\阳101h26平台临井压裂监测数据(2).xlsx,2025.11.21,4,无可唯一匹配施工事件,/
E:\压裂窜扰项目\02 规范化\不重要的\阳101H2\阳101H2 邻井压力监测\阳101h26平台临井压裂监测数据(2).xlsx,2025.11.22,1,无可唯一匹配施工事件,/
E:\压裂窜扰项目\02 规范化\不重要的\阳101H2\阳101H2 邻井压力监测\阳101h26平台临井压裂监测数据(2).xlsx,2025.11.22,2,无可唯一匹配施工事件,/
E:\压裂窜扰项目\02 规范化\不重要的\阳101H2\阳101H2 邻井压力监测\阳101h26平台临井压裂监测数据(2).xlsx,2025.11.22,3,无可唯一匹配施工事件,/
E:\压裂窜扰项目\02 规范化\不重要的\阳101H2\阳101H2 邻井压力监测\阳101h26平台临井压裂监测数据(2).xlsx,2025.11.22,4,无可唯一匹配施工事件,/
E:\压裂窜扰项目\02 规范化\不重要的\阳101H2\阳101H2 邻井压力监测\阳101h26平台临井压裂监测数据(2).xlsx,2025.11.23,1,无可唯一匹配施工事件,/
E:\压裂窜扰项目\02 规范化\不重要的\阳101H2\阳101H2 邻井压力监测\阳101h26平台临井压裂监测数据(2).xlsx,2025.11.23,2,无可唯一匹配施工事件,/
E:\压裂窜扰项目\02 规范化\不重要的\阳101H2\阳101H2 邻井压力监测\阳101h26平台临井压裂监测数据(2).xlsx,2025.11.23,3,无可唯一匹配施工事件,/
E:\压裂窜扰项目\02 规范化\不重要的\阳101H2\阳101H2 邻井压力监测\阳101h26平台临井压裂监测数据(2).xlsx,2025.11.23,4,无可唯一匹配施工事件,/
E:\压裂窜扰项目\02 规范化\不重要的\阳101H2\阳101H2 邻井压力监测\阳101h26平台临井压裂监测数据(2).xlsx,2025.11.24,1,无可唯一匹配施工事件,/
E:\压裂窜扰项目\02 规范化\不重要的\阳101H2\阳101H2 邻井压力监测\阳101h26平台临井压裂监测数据(2).xlsx,2025.11.24,2,无可唯一匹配施工事件,/
E:\压裂窜扰项目\02 规范化\不重要的\阳101H2\阳101H2 邻井压力监测\阳101h26平台临井压裂监测数据(2).xlsx,2025.11.24,3,无可唯一匹配施工事件,/
E:\压裂窜扰项目\02 规范化\不重要的\阳101H2\阳101H2 邻井压力监测\阳101h26平台临井压裂监测数据(2).xlsx,2025.11.24,4,无可唯一匹配施工事件,/
E:\压裂窜扰项目\02 规范化\不重要的\阳101H2\阳101H2 邻井压力监测\阳101h26平台临井压裂监测数据(2).xlsx,2025.11.25,1,无可唯一匹配施工事件,/
E:\压裂窜扰项目\02 规范化\不重要的\阳101H2\阳101H2 邻井压力监测\阳101h26平台临井压裂监测数据(2).xlsx,2025.11.25,2,无可唯一匹配施工事件,/
E:\压裂窜扰项目\02 规范化\不重要的\阳101H2\阳101H2 邻井压力监测\阳101h26平台临井压裂监测数据(2).xlsx,2025.11.25,3,无可唯一匹配施工事件,/
E:\压裂窜扰项目\02 规范化\不重要的\阳101H2\阳101H2 邻井压力监测\阳101h26平台临井压裂监测数据(2).xlsx,2025.11.25,4,无可唯一匹配施工事件,/
E:\压裂窜扰项目\02 规范化\不重要的\阳101H2\阳101H2 邻井压力监测\阳101h26平台临井压裂监测数据(2).xlsx,2025.11.26,1,无可唯一匹配施工事件,/
E:\压裂窜扰项目\02 规范化\不重要的\阳101H2\阳101H2 邻井压力监测\阳101h26平台临井压裂监测数据(2).xlsx,2025.11.26,2,无可唯一匹配施工事件,/
E:\压裂窜扰项目\02 规范化\不重要的\阳101H2\阳101H2 邻井压力监测\阳101h26平台临井压裂监测数据(2).xlsx,2025.11.26,3,无可唯一匹配施工事件,/
E:\压裂窜扰项目\02 规范化\不重要的\阳101H2\阳101H2 邻井压力监测\阳101h26平台临井压裂监测数据(2).xlsx,2025.11.26,4,无可唯一匹配施工事件,/
E:\压裂窜扰项目\02 规范化\不重要的\阳101H2\阳101H2 邻井压力监测\阳101h26平台临井压裂监测数据(2).xlsx,2025.11.30,1,无可唯一匹配施工事件,/
E:\压裂窜扰项目\02 规范化\不重要的\阳101H2\阳101H2 邻井压力监测\阳101h26平台临井压裂监测数据(2).xlsx,2025.11.30,2,无可唯一匹配施工事件,/
E:\压裂窜扰项目\02 规范化\不重要的\阳101H2\阳101H2 邻井压力监测\阳101h26平台临井压裂监测数据(2).xlsx,2025.11.30,3,无可唯一匹配施工事件,/
E:\压裂窜扰项目\02 规范化\不重要的\阳101H2\阳101H2 邻井压力监测\阳101h26平台临井压裂监测数据(2).xlsx,2025.11.30,4,无可唯一匹配施工事件,/
E:\压裂窜扰项目\02 规范化\不重要的\阳101H2\阳101H2 邻井压力监测\阳101h26平台临井压裂监测数据(2).xlsx,2025.12.1,1,无可唯一匹配施工事件,/
E:\压裂窜扰项目\02 规范化\不重要的\阳101H2\阳101H2 邻井压力监测\阳101h26平台临井压裂监测数据(2).xlsx,2025.12.1,2,无可唯一匹配施工事件,/
E:\压裂窜扰项目\02 规范化\不重要的\阳101H2\阳101H2 邻井压力监测\阳101h26平台临井压裂监测数据(2).xlsx,2025.12.1,3,无可唯一匹配施工事件,/
E:\压裂窜扰项目\02 规范化\不重要的\阳101H2\阳101H2 邻井压力监测\阳101h26平台临井压裂监测数据(2).xlsx,2025.12.1,4,无可唯一匹配施工事件,/
E:\压裂窜扰项目\02 规范化\不重要的\阳101H2\阳101H2 邻井压力监测\阳101h26平台临井压裂监测数据(2).xlsx,2025.12.2,1,无可唯一匹配施工事件,/
E:\压裂窜扰项目\02 规范化\不重要的\阳101H2\阳101H2 邻井压力监测\阳101h26平台临井压裂监测数据(2).xlsx,2025.12.2,2,无可唯一匹配施工事件,/
E:\压裂窜扰项目\02 规范化\不重要的\阳101H2\阳101H2 邻井压力监测\阳101h26平台临井压裂监测数据(2).xlsx,2025.12.2,3,无可唯一匹配施工事件,/
E:\压裂窜扰项目\02 规范化\不重要的\阳101H2\阳101H2 邻井压力监测\阳101h26平台临井压裂监测数据(2).xlsx,2025.12.2,4,无可唯一匹配施工事件,/
E:\压裂窜扰项目\02 规范化\不重要的\阳101H2\阳101H2 邻井压力监测\阳101h26平台临井压裂监测数据(2).xlsx,2025.12.3,1,无可唯一匹配施工事件,/
E:\压裂窜扰项目\02 规范化\不重要的\阳101H2\阳101H2 邻井压力监测\阳101h26平台临井压裂监测数据(2).xlsx,2025.12.3,2,无可唯一匹配施工事件,/
E:\压裂窜扰项目\02 规范化\不重要的\阳101H2\阳101H2 邻井压力监测\阳101h26平台临井压裂监测数据(2).xlsx,2025.12.3,3,无可唯一匹配施工事件,/
E:\压裂窜扰项目\02 规范化\不重要的\阳101H2\阳101H2 邻井压力监测\阳101h26平台临井压裂监测数据(2).xlsx,2025.12.3,4,无可唯一匹配施工事件,/
E:\压裂窜扰项目\02 规范化\不重要的\阳101H2\阳101H2 邻井压力监测\阳101h26平台临井压裂监测数据(2).xlsx,2025.12.4,1,无可唯一匹配施工事件,/
E:\压裂窜扰项目\02 规范化\不重要的\阳101H2\阳101H2 邻井压力监测\阳101h26平台临井压裂监测数据(2).xlsx,2025.12.4,2,无可唯一匹配施工事件,/
E:\压裂窜扰项目\02 规范化\不重要的\阳101H2\阳101H2 邻井压力监测\阳101h26平台临井压裂监测数据(2).xlsx,2025.12.4,3,无可唯一匹配施工事件,/
E:\压裂窜扰项目\02 规范化\不重要的\阳101H2\阳101H2 邻井压力监测\阳101h26平台临井压裂监测数据(2).xlsx,2025.12.4,4,无可唯一匹配施工事件,/
E:\压裂窜扰项目\02 规范化\不重要的\阳101H2\阳101H2 邻井压力监测\阳101h26平台临井压裂监测数据(2).xlsx,2025.12.5,1,无可唯一匹配施工事件,/
E:\压裂窜扰项目\02 规范化\不重要的\阳101H2\阳101H2 邻井压力监测\阳101h26平台临井压裂监测数据(2).xlsx,2025.12.5,2,无可唯一匹配施工事件,/
E:\压裂窜扰项目\02 规范化\不重要的\阳101H2\阳101H2 邻井压力监测\阳101h26平台临井压裂监测数据(2).xlsx,2025.12.5,3,无可唯一匹配施工事件,/
E:\压裂窜扰项目\02 规范化\不重要的\阳101H2\阳101H2 邻井压力监测\阳101h26平台临井压裂监测数据(2).xlsx,2025.12.5,4,无可唯一匹配施工事件,/
E:\压裂窜扰项目\02 规范化\不重要的\阳101H2\阳101H2 邻井压力监测\阳101h26平台临井压裂监测数据(2).xlsx,2025.12.6,1,无可唯一匹配施工事件,/
E:\压裂窜扰项目\02 规范化\不重要的\阳101H2\阳101H2 邻井压力监测\阳101h26平台临井压裂监测数据(2).xlsx,2025.12.6,2,无可唯一匹配施工事件,/
E:\压裂窜扰项目\02 规范化\不重要的\阳101H2\阳101H2 邻井压力监测\阳101h26平台临井压裂监测数据(2).xlsx,2025.12.6,3,无可唯一匹配施工事件,/
E:\压裂窜扰项目\02 规范化\不重要的\阳101H2\阳101H2 邻井压力监测\阳101h26平台临井压裂监测数据(2).xlsx,2025.12.6,4,无可唯一匹配施工事件,/
E:\压裂窜扰项目\02 规范化\不重要的\阳101H2\阳101H2 邻井压力监测\阳101h26平台临井压裂监测数据(22).xlsx,2025.11.21,1,无可唯一匹配施工事件,/
E:\压裂窜扰项目\02 规范化\不重要的\阳101H2\阳101H2 邻井压力监测\阳101h26平台临井压裂监测数据(22).xlsx,2025.11.21,2,无可唯一匹配施工事件,/
E:\压裂窜扰项目\02 规范化\不重要的\阳101H2\阳101H2 邻井压力监测\阳101h26平台临井压裂监测数据(22).xlsx,2025.11.21,3,无可唯一匹配施工事件,/
E:\压裂窜扰项目\02 规范化\不重要的\阳101H2\阳101H2 邻井压力监测\阳101h26平台临井压裂监测数据(22).xlsx,2025.11.21,4,无可唯一匹配施工事件,/
E:\压裂窜扰项目\02 规范化\不重要的\阳101H2\阳101H2 邻井压力监测\阳101h26平台临井压裂监测数据(22).xlsx,2025.11.22,1,无可唯一匹配施工事件,/
E:\压裂窜扰项目\02 规范化\不重要的\阳101H2\阳101H2 邻井压力监测\阳101h26平台临井压裂监测数据(22).xlsx,2025.11.22,2,无可唯一匹配施工事件,/
E:\压裂窜扰项目\02 规范化\不重要的\阳101H2\阳101H2 邻井压力监测\阳101h26平台临井压裂监测数据(22).xlsx,2025.11.22,3,无可唯一匹配施工事件,/
E:\压裂窜扰项目\02 规范化\不重要的\阳101H2\阳101H2 邻井压力监测\阳101h26平台临井压裂监测数据(22).xlsx,2025.11.22,4,无可唯一匹配施工事件,/
E:\压裂窜扰项目\02 规范化\不重要的\阳101H2\阳101H2 邻井压力监测\阳101h26平台临井压裂监测数据(22).xlsx,2025.11.23,1,无可唯一匹配施工事件,/
E:\压裂窜扰项目\02 规范化\不重要的\阳101H2\阳101H2 邻井压力监测\阳101h26平台临井压裂监测数据(22).xlsx,2025.11.23,2,无可唯一匹配施工事件,/
E:\压裂窜扰项目\02 规范化\不重要的\阳101H2\阳101H2 邻井压力监测\阳101h26平台临井压裂监测数据(22).xlsx,2025.11.23,3,无可唯一匹配施工事件,/
E:\压裂窜扰项目\02 规范化\不重要的\阳101H2\阳101H2 邻井压力监测\阳101h26平台临井压裂监测数据(22).xlsx,2025.11.23,4,无可唯一匹配施工事件,/
E:\压裂窜扰项目\02 规范化\不重要的\阳101H2\阳101H2 邻井压力监测\阳101h26平台临井压裂监测数据(22).xlsx,2025.11.24,1,无可唯一匹配施工事件,/
E:\压裂窜扰项目\02 规范化\不重要的\阳101H2\阳101H2 邻井压力监测\阳101h26平台临井压裂监测数据(22).xlsx,2025.11.24,2,无可唯一匹配施工事件,/
E:\压裂窜扰项目\02 规范化\不重要的\阳101H2\阳101H2 邻井压力监测\阳101h26平台临井压裂监测数据(22).xlsx,2025.11.24,3,无可唯一匹配施工事件,/
E:\压裂窜扰项目\02 规范化\不重要的\阳101H2\阳101H2 邻井压力监测\阳101h26平台临井压裂监测数据(22).xlsx,2025.11.24,4,无可唯一匹配施工事件,/
E:\压裂窜扰项目\02 规范化\不重要的\阳101H2\阳101H2 邻井压力监测\阳101h26平台临井压裂监测数据(22).xlsx,2025.11.25,1,无可唯一匹配施工事件,/
E:\压裂窜扰项目\02 规范化\不重要的\阳101H2\阳101H2 邻井压力监测\阳101h26平台临井压裂监测数据(22).xlsx,2025.11.25,2,无可唯一匹配施工事件,/
E:\压裂窜扰项目\02 规范化\不重要的\阳101H2\阳101H2 邻井压力监测\阳101h26平台临井压裂监测数据(22).xlsx,2025.11.25,3,无可唯一匹配施工事件,/
E:\压裂窜扰项目\02 规范化\不重要的\阳101H2\阳101H2 邻井压力监测\阳101h26平台临井压裂监测数据(22).xlsx,2025.11.25,4,无可唯一匹配施工事件,/
E:\压裂窜扰项目\02 规范化\不重要的\阳101H2\阳101H2 邻井压力监测\阳101h26平台临井压裂监测数据(22).xlsx,2025.11.26,1,无可唯一匹配施工事件,/
E:\压裂窜扰项目\02 规范化\不重要的\阳101H2\阳101H2 邻井压力监测\阳101h26平台临井压裂监测数据(22).xlsx,2025.11.26,2,无可唯一匹配施工事件,/
E:\压裂窜扰项目\02 规范化\不重要的\阳101H2\阳101H2 邻井压力监测\阳101h26平台临井压裂监测数据(22).xlsx,2025.11.26,3,无可唯一匹配施工事件,/
E:\压裂窜扰项目\02 规范化\不重要的\阳101H2\阳101H2 邻井压力监测\阳101h26平台临井压裂监测数据(22).xlsx,2025.11.26,4,无可唯一匹配施工事件,/
E:\压裂窜扰项目\02 规范化\不重要的\阳101H2\阳101H2 邻井压力监测\阳101h26平台临井压裂监测数据(22).xlsx,2025.11.30,1,无可唯一匹配施工事件,/
E:\压裂窜扰项目\02 规范化\不重要的\阳101H2\阳101H2 邻井压力监测\阳101h26平台临井压裂监测数据(22).xlsx,2025.11.30,2,无可唯一匹配施工事件,/
E:\压裂窜扰项目\02 规范化\不重要的\阳101H2\阳101H2 邻井压力监测\阳101h26平台临井压裂监测数据(22).xlsx,2025.11.30,3,无可唯一匹配施工事件,/
E:\压裂窜扰项目\02 规范化\不重要的\阳101H2\阳101H2 邻井压力监测\阳101h26平台临井压裂监测数据(22).xlsx,2025.11.30,4,无可唯一匹配施工事件,/
E:\压裂窜扰项目\02 规范化\不重要的\阳101H2\阳101H2 邻井压力监测\阳101h26平台临井压裂监测数据(22).xlsx,2025.12.1,1,无可唯一匹配施工事件,/
E:\压裂窜扰项目\02 规范化\不重要的\阳101H2\阳101H2 邻井压力监测\阳101h26平台临井压裂监测数据(22).xlsx,2025.12.1,2,无可唯一匹配施工事件,/
E:\压裂窜扰项目\02 规范化\不重要的\阳101H2\阳101H2 邻井压力监测\阳101h26平台临井压裂监测数据(22).xlsx,2025.12.1,3,无可唯一匹配施工事件,/
E:\压裂窜扰项目\02 规范化\不重要的\阳101H2\阳101H2 邻井压力监测\阳101h26平台临井压裂监测数据(22).xlsx,2025.12.1,4,无可唯一匹配施工事件,/
E:\压裂窜扰项目\02 规范化\不重要的\阳101H2\阳101H2 邻井压力监测\阳101h26平台临井压裂监测数据(22).xlsx,2025.12.2,1,无可唯一匹配施工事件,/
E:\压裂窜扰项目\02 规范化\不重要的\阳101H2\阳101H2 邻井压力监测\阳101h26平台临井压裂监测数据(22).xlsx,2025.12.2,2,无可唯一匹配施工事件,/
E:\压裂窜扰项目\02 规范化\不重要的\阳101H2\阳101H2 邻井压力监测\阳101h26平台临井压裂监测数据(22).xlsx,2025.12.2,3,无可唯一匹配施工事件,/
E:\压裂窜扰项目\02 规范化\不重要的\阳101H2\阳101H2 邻井压力监测\阳101h26平台临井压裂监测数据(22).xlsx,2025.12.2,4,无可唯一匹配施工事件,/
E:\压裂窜扰项目\02 规范化\不重要的\阳101H2\阳101H2 邻井压力监测\阳101h26平台临井压裂监测数据(22).xlsx,2025.12.3,1,无可唯一匹配施工事件,/
E:\压裂窜扰项目\02 规范化\不重要的\阳101H2\阳101H2 邻井压力监测\阳101h26平台临井压裂监测数据(22).xlsx,2025.12.3,2,无可唯一匹配施工事件,/
E:\压裂窜扰项目\02 规范化\不重要的\阳101H2\阳101H2 邻井压力监测\阳101h26平台临井压裂监测数据(22).xlsx,2025.12.3,3,无可唯一匹配施工事件,/
E:\压裂窜扰项目\02 规范化\不重要的\阳101H2\阳101H2 邻井压力监测\阳101h26平台临井压裂监测数据(22).xlsx,2025.12.3,4,无可唯一匹配施工事件,/
E:\压裂窜扰项目\02 规范化\不重要的\阳101H2\阳101H2 邻井压力监测\阳101h26平台临井压裂监测数据(22).xlsx,2025.12.4,1,无可唯一匹配施工事件,/
E:\压裂窜扰项目\02 规范化\不重要的\阳101H2\阳101H2 邻井压力监测\阳101h26平台临井压裂监测数据(22).xlsx,2025.12.4,2,无可唯一匹配施工事件,/
E:\压裂窜扰项目\02 规范化\不重要的\阳101H2\阳101H2 邻井压力监测\阳101h26平台临井压裂监测数据(22).xlsx,2025.12.4,3,无可唯一匹配施工事件,/
E:\压裂窜扰项目\02 规范化\不重要的\阳101H2\阳101H2 邻井压力监测\阳101h26平台临井压裂监测数据(22).xlsx,2025.12.4,4,无可唯一匹配施工事件,/
E:\压裂窜扰项目\02 规范化\不重要的\阳101H2\阳101H2 邻井压力监测\阳101h26平台临井压裂监测数据(22).xlsx,2025.12.5,1,无可唯一匹配施工事件,/
E:\压裂窜扰项目\02 规范化\不重要的\阳101H2\阳101H2 邻井压力监测\阳101h26平台临井压裂监测数据(22).xlsx,2025.12.5,2,无可唯一匹配施工事件,/
E:\压裂窜扰项目\02 规范化\不重要的\阳101H2\阳101H2 邻井压力监测\阳101h26平台临井压裂监测数据(22).xlsx,2025.12.5,3,无可唯一匹配施工事件,/
E:\压裂窜扰项目\02 规范化\不重要的\阳101H2\阳101H2 邻井压力监测\阳101h26平台临井压裂监测数据(22).xlsx,2025.12.5,4,无可唯一匹配施工事件,/
E:\压裂窜扰项目\02 规范化\不重要的\阳101H2\阳101H2 邻井压力监测\阳101h26平台临井压裂监测数据(22).xlsx,2025.12.6,1,无可唯一匹配施工事件,/
E:\压裂窜扰项目\02 规范化\不重要的\阳101H2\阳101H2 邻井压力监测\阳101h26平台临井压裂监测数据(22).xlsx,2025.12.6,2,无可唯一匹配施工事件,/
E:\压裂窜扰项目\02 规范化\不重要的\阳101H2\阳101H2 邻井压力监测\阳101h26平台临井压裂监测数据(22).xlsx,2025.12.6,3,无可唯一匹配施工事件,/
E:\压裂窜扰项目\02 规范化\不重要的\阳101H2\阳101H2 邻井压力监测\阳101h26平台临井压裂监测数据(22).xlsx,2025.12.6,4,无可唯一匹配施工事件,/
E:\压裂窜扰项目\02 规范化\不重要的\阳101H2\阳101H2 邻井压力监测\阳101h26平台临井压裂监测数据(22).xlsx,2025.12.7,1,无可唯一匹配施工事件,/
E:\压裂窜扰项目\02 规范化\不重要的\阳101H2\阳101H2 邻井压力监测\阳101h26平台临井压裂监测数据(22).xlsx,2025.12.7,2,无可唯一匹配施工事件,/
E:\压裂窜扰项目\02 规范化\不重要的\阳101H2\阳101H2 邻井压力监测\阳101h26平台临井压裂监测数据(22).xlsx,2025.12.7,3,无可唯一匹配施工事件,/
E:\压裂窜扰项目\02 规范化\不重要的\阳101H2\阳101H2 邻井压力监测\阳101h26平台临井压裂监测数据(22).xlsx,2025.12.7,4,无可唯一匹配施工事件,/
E:\压裂窜扰项目\02 规范化\不重要的\阳101H2\阳101H2 邻井压力监测\阳101h26平台临井压裂监测数据(22).xlsx,2025.12.8,1,无可唯一匹配施工事件,/
E:\压裂窜扰项目\02 规范化\不重要的\阳101H2\阳101H2 邻井压力监测\阳101h26平台临井压裂监测数据(22).xlsx,2025.12.8,2,无可唯一匹配施工事件,/
E:\压裂窜扰项目\02 规范化\不重要的\阳101H2\阳101H2 邻井压力监测\阳101h26平台临井压裂监测数据(22).xlsx,2025.12.8,3,无可唯一匹配施工事件,/
E:\压裂窜扰项目\02 规范化\不重要的\阳101H2\阳101H2 邻井压力监测\阳101h26平台临井压裂监测数据(22).xlsx,2025.12.8,4,无可唯一匹配施工事件,/
E:\压裂窜扰项目\02 规范化\不重要的\阳101H2\阳101H2 邻井压力监测\阳101h26平台临井压裂监测数据(22).xlsx,2025.12.9,1,无可唯一匹配施工事件,/
E:\压裂窜扰项目\02 规范化\不重要的\阳101H2\阳101H2 邻井压力监测\阳101h26平台临井压裂监测数据(22).xlsx,2025.12.9,2,无可唯一匹配施工事件,/
E:\压裂窜扰项目\02 规范化\不重要的\阳101H2\阳101H2 邻井压力监测\阳101h26平台临井压裂监测数据(22).xlsx,2025.12.9,3,无可唯一匹配施工事件,/
E:\压裂窜扰项目\02 规范化\不重要的\阳101H2\阳101H2 邻井压力监测\阳101h26平台临井压裂监测数据(22).xlsx,2025.12.9,4,无可唯一匹配施工事件,/
E:\压裂窜扰项目\02 规范化\不重要的\阳101H2\阳101H2 邻井压力监测\阳101h26平台临井压裂监测数据(22).xlsx,2025.12.10,1,无可唯一匹配施工事件,/
E:\压裂窜扰项目\02 规范化\不重要的\阳101H2\阳101H2 邻井压力监测\阳101h26平台临井压裂监测数据(22).xlsx,2025.12.10,2,无可唯一匹配施工事件,/
E:\压裂窜扰项目\02 规范化\不重要的\阳101H2\阳101H2 邻井压力监测\阳101h26平台临井压裂监测数据(22).xlsx,2025.12.10,3,无可唯一匹配施工事件,/
E:\压裂窜扰项目\02 规范化\不重要的\阳101H2\阳101H2 邻井压力监测\阳101h26平台临井压裂监测数据(22).xlsx,2025.12.10,4,无可唯一匹配施工事件,/
E:\压裂窜扰项目\02 规范化\不重要的\阳101H2\阳101H2 邻井压力监测\阳101h26平台临井压裂监测数据(22).xlsx,2025.12.11,1,无可唯一匹配施工事件,/
E:\压裂窜扰项目\02 规范化\不重要的\阳101H2\阳101H2 邻井压力监测\阳101h26平台临井压裂监测数据(22).xlsx,2025.12.11,2,无可唯一匹配施工事件,/
E:\压裂窜扰项目\02 规范化\不重要的\阳101H2\阳101H2 邻井压力监测\阳101h26平台临井压裂监测数据(22).xlsx,2025.12.11,3,无可唯一匹配施工事件,/
E:\压裂窜扰项目\02 规范化\不重要的\阳101H2\阳101H2 邻井压力监测\阳101h26平台临井压裂监测数据(22).xlsx,2025.12.11,4,无可唯一匹配施工事件,/
E:\压裂窜扰项目\02 规范化\不重要的\阳101H2\阳101H2 邻井压力监测\阳101h26平台临井压裂监测数据(22).xlsx,2025.12.12,1,无可唯一匹配施工事件,/
E:\压裂窜扰项目\02 规范化\不重要的\阳101H2\阳101H2 邻井压力监测\阳101h26平台临井压裂监测数据(22).xlsx,2025.12.12,2,无可唯一匹配施工事件,/
E:\压裂窜扰项目\02 规范化\不重要的\阳101H2\阳101H2 邻井压力监测\阳101h26平台临井压裂监测数据(22).xlsx,2025.12.12,3,无可唯一匹配施工事件,/
E:\压裂窜扰项目\02 规范化\不重要的\阳101H2\阳101H2 邻井压力监测\阳101h26平台临井压裂监测数据(22).xlsx,2025.12.12,4,无可唯一匹配施工事件,/
E:\压裂窜扰项目\02 规范化\不重要的\阳101H2\阳101H2 邻井压力监测\阳101h26平台临井压裂监测数据(22).xlsx,2025.12.13,1,无可唯一匹配施工事件,/
E:\压裂窜扰项目\02 规范化\不重要的\阳101H2\阳101H2 邻井压力监测\阳101h26平台临井压裂监测数据(22).xlsx,2025.12.13,2,无可唯一匹配施工事件,/
E:\压裂窜扰项目\02 规范化\不重要的\阳101H2\阳101H2 邻井压力监测\阳101h26平台临井压裂监测数据(22).xlsx,2025.12.13,3,无可唯一匹配施工事件,/
E:\压裂窜扰项目\02 规范化\不重要的\阳101H2\阳101H2 邻井压力监测\阳101h26平台临井压裂监测数据(22).xlsx,2025.12.13,4,无可唯一匹配施工事件,/
E:\压裂窜扰项目\02 规范化\不重要的\阳101H2\阳101H2 邻井压力监测\阳101h26平台临井压裂监测数据(22).xlsx,2025.12.14,1,无可唯一匹配施工事件,/
E:\压裂窜扰项目\02 规范化\不重要的\阳101H2\阳101H2 邻井压力监测\阳101h26平台临井压裂监测数据(22).xlsx,2025.12.14,2,无可唯一匹配施工事件,/
E:\压裂窜扰项目\02 规范化\不重要的\阳101H2\阳101H2 邻井压力监测\阳101h26平台临井压裂监测数据(22).xlsx,2025.12.14,3,无可唯一匹配施工事件,/
E:\压裂窜扰项目\02 规范化\不重要的\阳101H2\阳101H2 邻井压力监测\阳101h26平台临井压裂监测数据(22).xlsx,2025.12.14,4,无可唯一匹配施工事件,/
E:\压裂窜扰项目\02 规范化\不重要的\阳101H2\阳101H2 邻井压力监测\阳101h26平台临井压裂监测数据(22).xlsx,2025.12.15,1,无可唯一匹配施工事件,/
E:\压裂窜扰项目\02 规范化\不重要的\阳101H2\阳101H2 邻井压力监测\阳101h26平台临井压裂监测数据(22).xlsx,2025.12.15,2,无可唯一匹配施工事件,/
E:\压裂窜扰项目\02 规范化\不重要的\阳101H2\阳101H2 邻井压力监测\阳101h26平台临井压裂监测数据(22).xlsx,2025.12.15,3,无可唯一匹配施工事件,/
E:\压裂窜扰项目\02 规范化\不重要的\阳101H2\阳101H2 邻井压力监测\阳101h26平台临井压裂监测数据(22).xlsx,2025.12.15,4,无可唯一匹配施工事件,/
E:\压裂窜扰项目\02 规范化\不重要的\阳101H2\阳101H2 邻井压力监测\阳101h26平台临井压裂监测数据(22).xlsx,2025.12.16,1,无可唯一匹配施工事件,/
E:\压裂窜扰项目\02 规范化\不重要的\阳101H2\阳101H2 邻井压力监测\阳101h26平台临井压裂监测数据(22).xlsx,2025.12.16,2,无可唯一匹配施工事件,/
E:\压裂窜扰项目\02 规范化\不重要的\阳101H2\阳101H2 邻井压力监测\阳101h26平台临井压裂监测数据(22).xlsx,2025.12.16,3,无可唯一匹配施工事件,/
E:\压裂窜扰项目\02 规范化\不重要的\阳101H2\阳101H2 邻井压力监测\阳101h26平台临井压裂监测数据(22).xlsx,2025.12.16,4,无可唯一匹配施工事件,/
E:\压裂窜扰项目\02 规范化\不重要的\阳101H2\阳101H2 邻井压力监测\阳101h26平台临井压裂监测数据(23).xlsx,2025.11.21,1,无可唯一匹配施工事件,/
E:\压裂窜扰项目\02 规范化\不重要的\阳101H2\阳101H2 邻井压力监测\阳101h26平台临井压裂监测数据(23).xlsx,2025.11.21,2,无可唯一匹配施工事件,/
E:\压裂窜扰项目\02 规范化\不重要的\阳101H2\阳101H2 邻井压力监测\阳101h26平台临井压裂监测数据(23).xlsx,2025.11.21,3,无可唯一匹配施工事件,/
E:\压裂窜扰项目\02 规范化\不重要的\阳101H2\阳101H2 邻井压力监测\阳101h26平台临井压裂监测数据(23).xlsx,2025.11.21,4,无可唯一匹配施工事件,/
E:\压裂窜扰项目\02 规范化\不重要的\阳101H2\阳101H2 邻井压力监测\阳101h26平台临井压裂监测数据(23).xlsx,2025.11.22,1,无可唯一匹配施工事件,/
E:\压裂窜扰项目\02 规范化\不重要的\阳101H2\阳101H2 邻井压力监测\阳101h26平台临井压裂监测数据(23).xlsx,2025.11.22,2,无可唯一匹配施工事件,/
E:\压裂窜扰项目\02 规范化\不重要的\阳101H2\阳101H2 邻井压力监测\阳101h26平台临井压裂监测数据(23).xlsx,2025.11.22,3,无可唯一匹配施工事件,/
E:\压裂窜扰项目\02 规范化\不重要的\阳101H2\阳101H2 邻井压力监测\阳101h26平台临井压裂监测数据(23).xlsx,2025.11.22,4,无可唯一匹配施工事件,/
E:\压裂窜扰项目\02 规范化\不重要的\阳101H2\阳101H2 邻井压力监测\阳101h26平台临井压裂监测数据(23).xlsx,2025.11.23,1,无可唯一匹配施工事件,/
E:\压裂窜扰项目\02 规范化\不重要的\阳101H2\阳101H2 邻井压力监测\阳101h26平台临井压裂监测数据(23).xlsx,2025.11.23,2,无可唯一匹配施工事件,/
E:\压裂窜扰项目\02 规范化\不重要的\阳101H2\阳101H2 邻井压力监测\阳101h26平台临井压裂监测数据(23).xlsx,2025.11.23,3,无可唯一匹配施工事件,/
E:\压裂窜扰项目\02 规范化\不重要的\阳101H2\阳101H2 邻井压力监测\阳101h26平台临井压裂监测数据(23).xlsx,2025.11.23,4,无可唯一匹配施工事件,/
E:\压裂窜扰项目\02 规范化\不重要的\阳101H2\阳101H2 邻井压力监测\阳101h26平台临井压裂监测数据(23).xlsx,2025.11.24,1,无可唯一匹配施工事件,/
E:\压裂窜扰项目\02 规范化\不重要的\阳101H2\阳101H2 邻井压力监测\阳101h26平台临井压裂监测数据(23).xlsx,2025.11.24,2,无可唯一匹配施工事件,/
E:\压裂窜扰项目\02 规范化\不重要的\阳101H2\阳101H2 邻井压力监测\阳101h26平台临井压裂监测数据(23).xlsx,2025.11.24,3,无可唯一匹配施工事件,/
E:\压裂窜扰项目\02 规范化\不重要的\阳101H2\阳101H2 邻井压力监测\阳101h26平台临井压裂监测数据(23).xlsx,2025.11.24,4,无可唯一匹配施工事件,/
E:\压裂窜扰项目\02 规范化\不重要的\阳101H2\阳101H2 邻井压力监测\阳101h26平台临井压裂监测数据(23).xlsx,2025.11.25,1,无可唯一匹配施工事件,/
E:\压裂窜扰项目\02 规范化\不重要的\阳101H2\阳101H2 邻井压力监测\阳101h26平台临井压裂监测数据(23).xlsx,2025.11.25,2,无可唯一匹配施工事件,/
E:\压裂窜扰项目\02 规范化\不重要的\阳101H2\阳101H2 邻井压力监测\阳101h26平台临井压裂监测数据(23).xlsx,2025.11.25,3,无可唯一匹配施工事件,/
E:\压裂窜扰项目\02 规范化\不重要的\阳101H2\阳101H2 邻井压力监测\阳101h26平台临井压裂监测数据(23).xlsx,2025.11.25,4,无可唯一匹配施工事件,/
E:\压裂窜扰项目\02 规范化\不重要的\阳101H2\阳101H2 邻井压力监测\阳101h26平台临井压裂监测数据(23).xlsx,2025.11.26,1,无可唯一匹配施工事件,/
E:\压裂窜扰项目\02 规范化\不重要的\阳101H2\阳101H2 邻井压力监测\阳101h26平台临井压裂监测数据(23).xlsx,2025.11.26,2,无可唯一匹配施工事件,/
E:\压裂窜扰项目\02 规范化\不重要的\阳101H2\阳101H2 邻井压力监测\阳101h26平台临井压裂监测数据(23).xlsx,2025.11.26,3,无可唯一匹配施工事件,/
E:\压裂窜扰项目\02 规范化\不重要的\阳101H2\阳101H2 邻井压力监测\阳101h26平台临井压裂监测数据(23).xlsx,2025.11.26,4,无可唯一匹配施工事件,/
E:\压裂窜扰项目\02 规范化\不重要的\阳101H2\阳101H2 邻井压力监测\阳101h26平台临井压裂监测数据(23).xlsx,2025.11.30,1,无可唯一匹配施工事件,/
E:\压裂窜扰项目\02 规范化\不重要的\阳101H2\阳101H2 邻井压力监测\阳101h26平台临井压裂监测数据(23).xlsx,2025.11.30,2,无可唯一匹配施工事件,/
E:\压裂窜扰项目\02 规范化\不重要的\阳101H2\阳101H2 邻井压力监测\阳101h26平台临井压裂监测数据(23).xlsx,2025.11.30,3,无可唯一匹配施工事件,/
E:\压裂窜扰项目\02 规范化\不重要的\阳101H2\阳101H2 邻井压力监测\阳101h26平台临井压裂监测数据(23).xlsx,2025.11.30,4,无可唯一匹配施工事件,/
E:\压裂窜扰项目\02 规范化\不重要的\阳101H2\阳101H2 邻井压力监测\阳101h26平台临井压裂监测数据(23).xlsx,2025.12.1,1,无可唯一匹配施工事件,/
E:\压裂窜扰项目\02 规范化\不重要的\阳101H2\阳101H2 邻井压力监测\阳101h26平台临井压裂监测数据(23).xlsx,2025.12.1,2,无可唯一匹配施工事件,/
E:\压裂窜扰项目\02 规范化\不重要的\阳101H2\阳101H2 邻井压力监测\阳101h26平台临井压裂监测数据(23).xlsx,2025.12.1,3,无可唯一匹配施工事件,/
E:\压裂窜扰项目\02 规范化\不重要的\阳101H2\阳101H2 邻井压力监测\阳101h26平台临井压裂监测数据(23).xlsx,2025.12.1,4,无可唯一匹配施工事件,/
E:\压裂窜扰项目\02 规范化\不重要的\阳101H2\阳101H2 邻井压力监测\阳101h26平台临井压裂监测数据(23).xlsx,2025.12.2,1,无可唯一匹配施工事件,/
E:\压裂窜扰项目\02 规范化\不重要的\阳101H2\阳101H2 邻井压力监测\阳101h26平台临井压裂监测数据(23).xlsx,2025.12.2,2,无可唯一匹配施工事件,/
E:\压裂窜扰项目\02 规范化\不重要的\阳101H2\阳101H2 邻井压力监测\阳101h26平台临井压裂监测数据(23).xlsx,2025.12.2,3,无可唯一匹配施工事件,/
E:\压裂窜扰项目\02 规范化\不重要的\阳101H2\阳101H2 邻井压力监测\阳101h26平台临井压裂监测数据(23).xlsx,2025.12.2,4,无可唯一匹配施工事件,/
E:\压裂窜扰项目\02 规范化\不重要的\阳101H2\阳101H2 邻井压力监测\阳101h26平台临井压裂监测数据(23).xlsx,2025.12.3,1,无可唯一匹配施工事件,/
E:\压裂窜扰项目\02 规范化\不重要的\阳101H2\阳101H2 邻井压力监测\阳101h26平台临井压裂监测数据(23).xlsx,2025.12.3,2,无可唯一匹配施工事件,/
E:\压裂窜扰项目\02 规范化\不重要的\阳101H2\阳101H2 邻井压力监测\阳101h26平台临井压裂监测数据(23).xlsx,2025.12.3,3,无可唯一匹配施工事件,/
E:\压裂窜扰项目\02 规范化\不重要的\阳101H2\阳101H2 邻井压力监测\阳101h26平台临井压裂监测数据(23).xlsx,2025.12.3,4,无可唯一匹配施工事件,/
E:\压裂窜扰项目\02 规范化\不重要的\阳101H2\阳101H2 邻井压力监测\阳101h26平台临井压裂监测数据(23).xlsx,2025.12.4,1,无可唯一匹配施工事件,/
E:\压裂窜扰项目\02 规范化\不重要的\阳101H2\阳101H2 邻井压力监测\阳101h26平台临井压裂监测数据(23).xlsx,2025.12.4,2,无可唯一匹配施工事件,/
E:\压裂窜扰项目\02 规范化\不重要的\阳101H2\阳101H2 邻井压力监测\阳101h26平台临井压裂监测数据(23).xlsx,2025.12.4,3,无可唯一匹配施工事件,/
E:\压裂窜扰项目\02 规范化\不重要的\阳101H2\阳101H2 邻井压力监测\阳101h26平台临井压裂监测数据(23).xlsx,2025.12.4,4,无可唯一匹配施工事件,/
E:\压裂窜扰项目\02 规范化\不重要的\阳101H2\阳101H2 邻井压力监测\阳101h26平台临井压裂监测数据(23).xlsx,2025.12.5,1,无可唯一匹配施工事件,/
E:\压裂窜扰项目\02 规范化\不重要的\阳101H2\阳101H2 邻井压力监测\阳101h26平台临井压裂监测数据(23).xlsx,2025.12.5,2,无可唯一匹配施工事件,/
E:\压裂窜扰项目\02 规范化\不重要的\阳101H2\阳101H2 邻井压力监测\阳101h26平台临井压裂监测数据(23).xlsx,2025.12.5,3,无可唯一匹配施工事件,/
E:\压裂窜扰项目\02 规范化\不重要的\阳101H2\阳101H2 邻井压力监测\阳101h26平台临井压裂监测数据(23).xlsx,2025.12.5,4,无可唯一匹配施工事件,/
E:\压裂窜扰项目\02 规范化\不重要的\阳101H2\阳101H2 邻井压力监测\阳101h26平台临井压裂监测数据(23).xlsx,2025.12.6,1,无可唯一匹配施工事件,/
E:\压裂窜扰项目\02 规范化\不重要的\阳101H2\阳101H2 邻井压力监测\阳101h26平台临井压裂监测数据(23).xlsx,2025.12.6,2,无可唯一匹配施工事件,/
E:\压裂窜扰项目\02 规范化\不重要的\阳101H2\阳101H2 邻井压力监测\阳101h26平台临井压裂监测数据(23).xlsx,2025.12.6,3,无可唯一匹配施工事件,/
E:\压裂窜扰项目\02 规范化\不重要的\阳101H2\阳101H2 邻井压力监测\阳101h26平台临井压裂监测数据(23).xlsx,2025.12.6,4,无可唯一匹配施工事件,/
E:\压裂窜扰项目\02 规范化\不重要的\阳101H2\阳101H2 邻井压力监测\阳101h26平台临井压裂监测数据(23).xlsx,2025.12.7,1,无可唯一匹配施工事件,/
E:\压裂窜扰项目\02 规范化\不重要的\阳101H2\阳101H2 邻井压力监测\阳101h26平台临井压裂监测数据(23).xlsx,2025.12.7,2,无可唯一匹配施工事件,/
E:\压裂窜扰项目\02 规范化\不重要的\阳101H2\阳101H2 邻井压力监测\阳101h26平台临井压裂监测数据(23).xlsx,2025.12.7,3,无可唯一匹配施工事件,/
E:\压裂窜扰项目\02 规范化\不重要的\阳101H2\阳101H2 邻井压力监测\阳101h26平台临井压裂监测数据(23).xlsx,2025.12.7,4,无可唯一匹配施工事件,/
E:\压裂窜扰项目\02 规范化\不重要的\阳101H2\阳101H2 邻井压力监测\阳101h26平台临井压裂监测数据(23).xlsx,2025.12.8,1,无可唯一匹配施工事件,/
E:\压裂窜扰项目\02 规范化\不重要的\阳101H2\阳101H2 邻井压力监测\阳101h26平台临井压裂监测数据(23).xlsx,2025.12.8,2,无可唯一匹配施工事件,/
E:\压裂窜扰项目\02 规范化\不重要的\阳101H2\阳101H2 邻井压力监测\阳101h26平台临井压裂监测数据(23).xlsx,2025.12.8,3,无可唯一匹配施工事件,/
E:\压裂窜扰项目\02 规范化\不重要的\阳101H2\阳101H2 邻井压力监测\阳101h26平台临井压裂监测数据(23).xlsx,2025.12.8,4,无可唯一匹配施工事件,/
E:\压裂窜扰项目\02 规范化\不重要的\阳101H2\阳101H2 邻井压力监测\阳101h26平台临井压裂监测数据(23).xlsx,2025.12.9,1,无可唯一匹配施工事件,/
E:\压裂窜扰项目\02 规范化\不重要的\阳101H2\阳101H2 邻井压力监测\阳101h26平台临井压裂监测数据(23).xlsx,2025.12.9,2,无可唯一匹配施工事件,/
E:\压裂窜扰项目\02 规范化\不重要的\阳101H2\阳101H2 邻井压力监测\阳101h26平台临井压裂监测数据(23).xlsx,2025.12.9,3,无可唯一匹配施工事件,/
E:\压裂窜扰项目\02 规范化\不重要的\阳101H2\阳101H2 邻井压力监测\阳101h26平台临井压裂监测数据(23).xlsx,2025.12.9,4,无可唯一匹配施工事件,/
E:\压裂窜扰项目\02 规范化\不重要的\阳101H2\阳101H2 邻井压力监测\阳101h26平台临井压裂监测数据(23).xlsx,2025.12.10,1,无可唯一匹配施工事件,/
E:\压裂窜扰项目\02 规范化\不重要的\阳101H2\阳101H2 邻井压力监测\阳101h26平台临井压裂监测数据(23).xlsx,2025.12.10,2,无可唯一匹配施工事件,/
E:\压裂窜扰项目\02 规范化\不重要的\阳101H2\阳101H2 邻井压力监测\阳101h26平台临井压裂监测数据(23).xlsx,2025.12.10,3,无可唯一匹配施工事件,/
E:\压裂窜扰项目\02 规范化\不重要的\阳101H2\阳101H2 邻井压力监测\阳101h26平台临井压裂监测数据(23).xlsx,2025.12.10,4,无可唯一匹配施工事件,/
E:\压裂窜扰项目\02 规范化\不重要的\阳101H2\阳101H2 邻井压力监测\阳101h26平台临井压裂监测数据(23).xlsx,2025.12.11,1,无可唯一匹配施工事件,/
E:\压裂窜扰项目\02 规范化\不重要的\阳101H2\阳101H2 邻井压力监测\阳101h26平台临井压裂监测数据(23).xlsx,2025.12.11,2,无可唯一匹配施工事件,/
E:\压裂窜扰项目\02 规范化\不重要的\阳101H2\阳101H2 邻井压力监测\阳101h26平台临井压裂监测数据(23).xlsx,2025.12.11,3,无可唯一匹配施工事件,/
E:\压裂窜扰项目\02 规范化\不重要的\阳101H2\阳101H2 邻井压力监测\阳101h26平台临井压裂监测数据(23).xlsx,2025.12.11,4,无可唯一匹配施工事件,/
E:\压裂窜扰项目\02 规范化\不重要的\阳101H2\阳101H2 邻井压力监测\阳101h26平台临井压裂监测数据(23).xlsx,2025.12.12,1,无可唯一匹配施工事件,/
E:\压裂窜扰项目\02 规范化\不重要的\阳101H2\阳101H2 邻井压力监测\阳101h26平台临井压裂监测数据(23).xlsx,2025.12.12,2,无可唯一匹配施工事件,/
E:\压裂窜扰项目\02 规范化\不重要的\阳101H2\阳101H2 邻井压力监测\阳101h26平台临井压裂监测数据(23).xlsx,2025.12.12,3,无可唯一匹配施工事件,/
E:\压裂窜扰项目\02 规范化\不重要的\阳101H2\阳101H2 邻井压力监测\阳101h26平台临井压裂监测数据(23).xlsx,2025.12.12,4,无可唯一匹配施工事件,/
E:\压裂窜扰项目\02 规范化\不重要的\阳101H2\阳101H2 邻井压力监测\阳101h26平台临井压裂监测数据(23).xlsx,2025.12.13,1,无可唯一匹配施工事件,/
E:\压裂窜扰项目\02 规范化\不重要的\阳101H2\阳101H2 邻井压力监测\阳101h26平台临井压裂监测数据(23).xlsx,2025.12.13,2,无可唯一匹配施工事件,/
E:\压裂窜扰项目\02 规范化\不重要的\阳101H2\阳101H2 邻井压力监测\阳101h26平台临井压裂监测数据(23).xlsx,2025.12.13,3,无可唯一匹配施工事件,/
E:\压裂窜扰项目\02 规范化\不重要的\阳101H2\阳101H2 邻井压力监测\阳101h26平台临井压裂监测数据(23).xlsx,2025.12.13,4,无可唯一匹配施工事件,/
E:\压裂窜扰项目\02 规范化\不重要的\阳101H2\阳101H2 邻井压力监测\阳101h26平台临井压裂监测数据(23).xlsx,2025.12.14,1,无可唯一匹配施工事件,/
E:\压裂窜扰项目\02 规范化\不重要的\阳101H2\阳101H2 邻井压力监测\阳101h26平台临井压裂监测数据(23).xlsx,2025.12.14,2,无可唯一匹配施工事件,/
E:\压裂窜扰项目\02 规范化\不重要的\阳101H2\阳101H2 邻井压力监测\阳101h26平台临井压裂监测数据(23).xlsx,2025.12.14,3,无可唯一匹配施工事件,/
E:\压裂窜扰项目\02 规范化\不重要的\阳101H2\阳101H2 邻井压力监测\阳101h26平台临井压裂监测数据(23).xlsx,2025.12.14,4,无可唯一匹配施工事件,/
E:\压裂窜扰项目\02 规范化\不重要的\阳101H2\阳101H2 邻井压力监测\阳101h26平台临井压裂监测数据(23).xlsx,2025.12.15,1,无可唯一匹配施工事件,/
E:\压裂窜扰项目\02 规范化\不重要的\阳101H2\阳101H2 邻井压力监测\阳101h26平台临井压裂监测数据(23).xlsx,2025.12.15,2,无可唯一匹配施工事件,/
E:\压裂窜扰项目\02 规范化\不重要的\阳101H2\阳101H2 邻井压力监测\阳101h26平台临井压裂监测数据(23).xlsx,2025.12.15,3,无可唯一匹配施工事件,/
E:\压裂窜扰项目\02 规范化\不重要的\阳101H2\阳101H2 邻井压力监测\阳101h26平台临井压裂监测数据(23).xlsx,2025.12.15,4,无可唯一匹配施工事件,/
E:\压裂窜扰项目\02 规范化\不重要的\阳101H2\阳101H2 邻井压力监测\阳101h26平台临井压裂监测数据(23).xlsx,2025.12.16,1,无可唯一匹配施工事件,/
E:\压裂窜扰项目\02 规范化\不重要的\阳101H2\阳101H2 邻井压力监测\阳101h26平台临井压裂监测数据(23).xlsx,2025.12.16,2,无可唯一匹配施工事件,/
E:\压裂窜扰项目\02 规范化\不重要的\阳101H2\阳101H2 邻井压力监测\阳101h26平台临井压裂监测数据(23).xlsx,2025.12.16,3,无可唯一匹配施工事件,/
E:\压裂窜扰项目\02 规范化\不重要的\阳101H2\阳101H2 邻井压力监测\阳101h26平台临井压裂监测数据(23).xlsx,2025.12.16,4,无可唯一匹配施工事件,/
E:\压裂窜扰项目\02 规范化\不重要的\阳101H2\阳101H2 邻井压力监测\阳101h26平台临井压裂监测数据(4).xlsx,2025.11.21,1,无可唯一匹配施工事件,/
E:\压裂窜扰项目\02 规范化\不重要的\阳101H2\阳101H2 邻井压力监测\阳101h26平台临井压裂监测数据(4).xlsx,2025.11.21,2,无可唯一匹配施工事件,/
E:\压裂窜扰项目\02 规范化\不重要的\阳101H2\阳101H2 邻井压力监测\阳101h26平台临井压裂监测数据(4).xlsx,2025.11.21,3,无可唯一匹配施工事件,/
E:\压裂窜扰项目\02 规范化\不重要的\阳101H2\阳101H2 邻井压力监测\阳101h26平台临井压裂监测数据(4).xlsx,2025.11.21,4,无可唯一匹配施工事件,/
E:\压裂窜扰项目\02 规范化\不重要的\阳101H2\阳101H2 邻井压力监测\阳101h26平台临井压裂监测数据(4).xlsx,2025.11.22,1,无可唯一匹配施工事件,/
E:\压裂窜扰项目\02 规范化\不重要的\阳101H2\阳101H2 邻井压力监测\阳101h26平台临井压裂监测数据(4).xlsx,2025.11.22,2,无可唯一匹配施工事件,/
E:\压裂窜扰项目\02 规范化\不重要的\阳101H2\阳101H2 邻井压力监测\阳101h26平台临井压裂监测数据(4).xlsx,2025.11.22,3,无可唯一匹配施工事件,/
E:\压裂窜扰项目\02 规范化\不重要的\阳101H2\阳101H2 邻井压力监测\阳101h26平台临井压裂监测数据(4).xlsx,2025.11.22,4,无可唯一匹配施工事件,/
E:\压裂窜扰项目\02 规范化\不重要的\阳101H2\阳101H2 邻井压力监测\阳101h26平台临井压裂监测数据(4).xlsx,2025.11.23,1,无可唯一匹配施工事件,/
E:\压裂窜扰项目\02 规范化\不重要的\阳101H2\阳101H2 邻井压力监测\阳101h26平台临井压裂监测数据(4).xlsx,2025.11.23,2,无可唯一匹配施工事件,/
E:\压裂窜扰项目\02 规范化\不重要的\阳101H2\阳101H2 邻井压力监测\阳101h26平台临井压裂监测数据(4).xlsx,2025.11.23,3,无可唯一匹配施工事件,/
E:\压裂窜扰项目\02 规范化\不重要的\阳101H2\阳101H2 邻井压力监测\阳101h26平台临井压裂监测数据(4).xlsx,2025.11.23,4,无可唯一匹配施工事件,/
E:\压裂窜扰项目\02 规范化\不重要的\阳101H2\阳101H2 邻井压力监测\阳101h26平台临井压裂监测数据(4).xlsx,2025.11.24,1,无可唯一匹配施工事件,/
E:\压裂窜扰项目\02 规范化\不重要的\阳101H2\阳101H2 邻井压力监测\阳101h26平台临井压裂监测数据(4).xlsx,2025.11.24,2,无可唯一匹配施工事件,/
E:\压裂窜扰项目\02 规范化\不重要的\阳101H2\阳101H2 邻井压力监测\阳101h26平台临井压裂监测数据(4).xlsx,2025.11.24,3,无可唯一匹配施工事件,/
E:\压裂窜扰项目\02 规范化\不重要的\阳101H2\阳101H2 邻井压力监测\阳101h26平台临井压裂监测数据(4).xlsx,2025.11.24,4,无可唯一匹配施工事件,/
E:\压裂窜扰项目\02 规范化\不重要的\阳101H2\阳101H2 邻井压力监测\阳101h26平台临井压裂监测数据(4).xlsx,2025.11.25,1,无可唯一匹配施工事件,/
E:\压裂窜扰项目\02 规范化\不重要的\阳101H2\阳101H2 邻井压力监测\阳101h26平台临井压裂监测数据(4).xlsx,2025.11.25,2,无可唯一匹配施工事件,/
E:\压裂窜扰项目\02 规范化\不重要的\阳101H2\阳101H2 邻井压力监测\阳101h26平台临井压裂监测数据(4).xlsx,2025.11.25,3,无可唯一匹配施工事件,/
E:\压裂窜扰项目\02 规范化\不重要的\阳101H2\阳101H2 邻井压力监测\阳101h26平台临井压裂监测数据(4).xlsx,2025.11.25,4,无可唯一匹配施工事件,/
E:\压裂窜扰项目\02 规范化\不重要的\阳101H2\阳101H2 邻井压力监测\阳101h26平台临井压裂监测数据(4).xlsx,2025.11.26,1,无可唯一匹配施工事件,/
E:\压裂窜扰项目\02 规范化\不重要的\阳101H2\阳101H2 邻井压力监测\阳101h26平台临井压裂监测数据(4).xlsx,2025.11.26,2,无可唯一匹配施工事件,/
E:\压裂窜扰项目\02 规范化\不重要的\阳101H2\阳101H2 邻井压力监测\阳101h26平台临井压裂监测数据(4).xlsx,2025.11.26,3,无可唯一匹配施工事件,/
E:\压裂窜扰项目\02 规范化\不重要的\阳101H2\阳101H2 邻井压力监测\阳101h26平台临井压裂监测数据(4).xlsx,2025.11.26,4,无可唯一匹配施工事件,/
E:\压裂窜扰项目\02 规范化\不重要的\阳101H2\阳101H2 邻井压力监测\阳101h26平台临井压裂监测数据(4).xlsx,2025.11.30,1,无可唯一匹配施工事件,/
E:\压裂窜扰项目\02 规范化\不重要的\阳101H2\阳101H2 邻井压力监测\阳101h26平台临井压裂监测数据(4).xlsx,2025.11.30,2,无可唯一匹配施工事件,/
E:\压裂窜扰项目\02 规范化\不重要的\阳101H2\阳101H2 邻井压力监测\阳101h26平台临井压裂监测数据(4).xlsx,2025.11.30,3,无可唯一匹配施工事件,/
E:\压裂窜扰项目\02 规范化\不重要的\阳101H2\阳101H2 邻井压力监测\阳101h26平台临井压裂监测数据(4).xlsx,2025.11.30,4,无可唯一匹配施工事件,/
E:\压裂窜扰项目\02 规范化\不重要的\阳101H2\阳101H2 邻井压力监测\阳101h26平台临井压裂监测数据(4).xlsx,2025.12.1,1,无可唯一匹配施工事件,/
E:\压裂窜扰项目\02 规范化\不重要的\阳101H2\阳101H2 邻井压力监测\阳101h26平台临井压裂监测数据(4).xlsx,2025.12.1,2,无可唯一匹配施工事件,/
E:\压裂窜扰项目\02 规范化\不重要的\阳101H2\阳101H2 邻井压力监测\阳101h26平台临井压裂监测数据(4).xlsx,2025.12.1,3,无可唯一匹配施工事件,/
E:\压裂窜扰项目\02 规范化\不重要的\阳101H2\阳101H2 邻井压力监测\阳101h26平台临井压裂监测数据(4).xlsx,2025.12.1,4,无可唯一匹配施工事件,/
E:\压裂窜扰项目\02 规范化\不重要的\阳101H2\阳101H2 邻井压力监测\阳101h26平台临井压裂监测数据(4).xlsx,2025.12.2,1,无可唯一匹配施工事件,/
E:\压裂窜扰项目\02 规范化\不重要的\阳101H2\阳101H2 邻井压力监测\阳101h26平台临井压裂监测数据(4).xlsx,2025.12.2,2,无可唯一匹配施工事件,/
E:\压裂窜扰项目\02 规范化\不重要的\阳101H2\阳101H2 邻井压力监测\阳101h26平台临井压裂监测数据(4).xlsx,2025.12.2,3,无可唯一匹配施工事件,/
E:\压裂窜扰项目\02 规范化\不重要的\阳101H2\阳101H2 邻井压力监测\阳101h26平台临井压裂监测数据(4).xlsx,2025.12.2,4,无可唯一匹配施工事件,/
E:\压裂窜扰项目\02 规范化\不重要的\阳101H2\阳101H2 邻井压力监测\阳101h26平台临井压裂监测数据(4).xlsx,2025.12.3,1,无可唯一匹配施工事件,/
E:\压裂窜扰项目\02 规范化\不重要的\阳101H2\阳101H2 邻井压力监测\阳101h26平台临井压裂监测数据(4).xlsx,2025.12.3,2,无可唯一匹配施工事件,/
E:\压裂窜扰项目\02 规范化\不重要的\阳101H2\阳101H2 邻井压力监测\阳101h26平台临井压裂监测数据(4).xlsx,2025.12.3,3,无可唯一匹配施工事件,/
E:\压裂窜扰项目\02 规范化\不重要的\阳101H2\阳101H2 邻井压力监测\阳101h26平台临井压裂监测数据(4).xlsx,2025.12.3,4,无可唯一匹配施工事件,/
E:\压裂窜扰项目\02 规范化\不重要的\阳101H2\阳101H2 邻井压力监测\阳101h26平台临井压裂监测数据(4).xlsx,2025.12.4,1,无可唯一匹配施工事件,/
E:\压裂窜扰项目\02 规范化\不重要的\阳101H2\阳101H2 邻井压力监测\阳101h26平台临井压裂监测数据(4).xlsx,2025.12.4,2,无可唯一匹配施工事件,/
E:\压裂窜扰项目\02 规范化\不重要的\阳101H2\阳101H2 邻井压力监测\阳101h26平台临井压裂监测数据(4).xlsx,2025.12.4,3,无可唯一匹配施工事件,/
E:\压裂窜扰项目\02 规范化\不重要的\阳101H2\阳101H2 邻井压力监测\阳101h26平台临井压裂监测数据(4).xlsx,2025.12.4,4,无可唯一匹配施工事件,/
E:\压裂窜扰项目\02 规范化\不重要的\阳101H2\阳101H2 邻井压力监测\阳101h26平台临井压裂监测数据(4).xlsx,2025.12.5,1,无可唯一匹配施工事件,/
E:\压裂窜扰项目\02 规范化\不重要的\阳101H2\阳101H2 邻井压力监测\阳101h26平台临井压裂监测数据(4).xlsx,2025.12.5,2,无可唯一匹配施工事件,/
E:\压裂窜扰项目\02 规范化\不重要的\阳101H2\阳101H2 邻井压力监测\阳101h26平台临井压裂监测数据(4).xlsx,2025.12.5,3,无可唯一匹配施工事件,/
E:\压裂窜扰项目\02 规范化\不重要的\阳101H2\阳101H2 邻井压力监测\阳101h26平台临井压裂监测数据(4).xlsx,2025.12.5,4,无可唯一匹配施工事件,/
E:\压裂窜扰项目\02 规范化\不重要的\阳101H2\阳101H2 邻井压力监测\阳101h26平台临井压裂监测数据(4).xlsx,2025.12.6,1,无可唯一匹配施工事件,/
E:\压裂窜扰项目\02 规范化\不重要的\阳101H2\阳101H2 邻井压力监测\阳101h26平台临井压裂监测数据(4).xlsx,2025.12.6,2,无可唯一匹配施工事件,/
E:\压裂窜扰项目\02 规范化\不重要的\阳101H2\阳101H2 邻井压力监测\阳101h26平台临井压裂监测数据(4).xlsx,2025.12.6,3,无可唯一匹配施工事件,/
E:\压裂窜扰项目\02 规范化\不重要的\阳101H2\阳101H2 邻井压力监测\阳101h26平台临井压裂监测数据(4).xlsx,2025.12.6,4,无可唯一匹配施工事件,/
E:\压裂窜扰项目\02 规范化\不重要的\阳101H2\阳101H2 邻井压力监测\阳101h26平台临井压裂监测数据(5).xlsx,2025.11.21,1,无可唯一匹配施工事件,/
E:\压裂窜扰项目\02 规范化\不重要的\阳101H2\阳101H2 邻井压力监测\阳101h26平台临井压裂监测数据(5).xlsx,2025.11.21,2,无可唯一匹配施工事件,/
E:\压裂窜扰项目\02 规范化\不重要的\阳101H2\阳101H2 邻井压力监测\阳101h26平台临井压裂监测数据(5).xlsx,2025.11.21,3,无可唯一匹配施工事件,/
E:\压裂窜扰项目\02 规范化\不重要的\阳101H2\阳101H2 邻井压力监测\阳101h26平台临井压裂监测数据(5).xlsx,2025.11.21,4,无可唯一匹配施工事件,/
E:\压裂窜扰项目\02 规范化\不重要的\阳101H2\阳101H2 邻井压力监测\阳101h26平台临井压裂监测数据(5).xlsx,2025.11.22,1,无可唯一匹配施工事件,/
E:\压裂窜扰项目\02 规范化\不重要的\阳101H2\阳101H2 邻井压力监测\阳101h26平台临井压裂监测数据(5).xlsx,2025.11.22,2,无可唯一匹配施工事件,/
E:\压裂窜扰项目\02 规范化\不重要的\阳101H2\阳101H2 邻井压力监测\阳101h26平台临井压裂监测数据(5).xlsx,2025.11.22,3,无可唯一匹配施工事件,/
E:\压裂窜扰项目\02 规范化\不重要的\阳101H2\阳101H2 邻井压力监测\阳101h26平台临井压裂监测数据(5).xlsx,2025.11.22,4,无可唯一匹配施工事件,/
E:\压裂窜扰项目\02 规范化\不重要的\阳101H2\阳101H2 邻井压力监测\阳101h26平台临井压裂监测数据(5).xlsx,2025.11.23,1,无可唯一匹配施工事件,/
E:\压裂窜扰项目\02 规范化\不重要的\阳101H2\阳101H2 邻井压力监测\阳101h26平台临井压裂监测数据(5).xlsx,2025.11.23,2,无可唯一匹配施工事件,/
E:\压裂窜扰项目\02 规范化\不重要的\阳101H2\阳101H2 邻井压力监测\阳101h26平台临井压裂监测数据(5).xlsx,2025.11.23,3,无可唯一匹配施工事件,/
E:\压裂窜扰项目\02 规范化\不重要的\阳101H2\阳101H2 邻井压力监测\阳101h26平台临井压裂监测数据(5).xlsx,2025.11.23,4,无可唯一匹配施工事件,/
E:\压裂窜扰项目\02 规范化\不重要的\阳101H2\阳101H2 邻井压力监测\阳101h26平台临井压裂监测数据(5).xlsx,2025.11.24,1,无可唯一匹配施工事件,/
E:\压裂窜扰项目\02 规范化\不重要的\阳101H2\阳101H2 邻井压力监测\阳101h26平台临井压裂监测数据(5).xlsx,2025.11.24,2,无可唯一匹配施工事件,/
E:\压裂窜扰项目\02 规范化\不重要的\阳101H2\阳101H2 邻井压力监测\阳101h26平台临井压裂监测数据(5).xlsx,2025.11.24,3,无可唯一匹配施工事件,/
E:\压裂窜扰项目\02 规范化\不重要的\阳101H2\阳101H2 邻井压力监测\阳101h26平台临井压裂监测数据(5).xlsx,2025.11.24,4,无可唯一匹配施工事件,/
E:\压裂窜扰项目\02 规范化\不重要的\阳101H2\阳101H2 邻井压力监测\阳101h26平台临井压裂监测数据(5).xlsx,2025.11.25,1,无可唯一匹配施工事件,/
E:\压裂窜扰项目\02 规范化\不重要的\阳101H2\阳101H2 邻井压力监测\阳101h26平台临井压裂监测数据(5).xlsx,2025.11.25,2,无可唯一匹配施工事件,/
E:\压裂窜扰项目\02 规范化\不重要的\阳101H2\阳101H2 邻井压力监测\阳101h26平台临井压裂监测数据(5).xlsx,2025.11.25,3,无可唯一匹配施工事件,/
E:\压裂窜扰项目\02 规范化\不重要的\阳101H2\阳101H2 邻井压力监测\阳101h26平台临井压裂监测数据(5).xlsx,2025.11.25,4,无可唯一匹配施工事件,/
E:\压裂窜扰项目\02 规范化\不重要的\阳101H2\阳101H2 邻井压力监测\阳101h26平台临井压裂监测数据(5).xlsx,2025.11.26,1,无可唯一匹配施工事件,/
E:\压裂窜扰项目\02 规范化\不重要的\阳101H2\阳101H2 邻井压力监测\阳101h26平台临井压裂监测数据(5).xlsx,2025.11.26,2,无可唯一匹配施工事件,/
E:\压裂窜扰项目\02 规范化\不重要的\阳101H2\阳101H2 邻井压力监测\阳101h26平台临井压裂监测数据(5).xlsx,2025.11.26,3,无可唯一匹配施工事件,/
E:\压裂窜扰项目\02 规范化\不重要的\阳101H2\阳101H2 邻井压力监测\阳101h26平台临井压裂监测数据(5).xlsx,2025.11.26,4,无可唯一匹配施工事件,/
E:\压裂窜扰项目\02 规范化\不重要的\阳101H2\阳101H2 邻井压力监测\阳101h26平台临井压裂监测数据(5).xlsx,2025.11.30,1,无可唯一匹配施工事件,/
E:\压裂窜扰项目\02 规范化\不重要的\阳101H2\阳101H2 邻井压力监测\阳101h26平台临井压裂监测数据(5).xlsx,2025.11.30,2,无可唯一匹配施工事件,/
E:\压裂窜扰项目\02 规范化\不重要的\阳101H2\阳101H2 邻井压力监测\阳101h26平台临井压裂监测数据(5).xlsx,2025.11.30,3,无可唯一匹配施工事件,/
E:\压裂窜扰项目\02 规范化\不重要的\阳101H2\阳101H2 邻井压力监测\阳101h26平台临井压裂监测数据(5).xlsx,2025.11.30,4,无可唯一匹配施工事件,/
E:\压裂窜扰项目\02 规范化\不重要的\阳101H2\阳101H2 邻井压力监测\阳101h26平台临井压裂监测数据(5).xlsx,2025.12.1,1,无可唯一匹配施工事件,/
E:\压裂窜扰项目\02 规范化\不重要的\阳101H2\阳101H2 邻井压力监测\阳101h26平台临井压裂监测数据(5).xlsx,2025.12.1,2,无可唯一匹配施工事件,/
E:\压裂窜扰项目\02 规范化\不重要的\阳101H2\阳101H2 邻井压力监测\阳101h26平台临井压裂监测数据(5).xlsx,2025.12.1,3,无可唯一匹配施工事件,/
E:\压裂窜扰项目\02 规范化\不重要的\阳101H2\阳101H2 邻井压力监测\阳101h26平台临井压裂监测数据(5).xlsx,2025.12.1,4,无可唯一匹配施工事件,/
E:\压裂窜扰项目\02 规范化\不重要的\阳101H2\阳101H2 邻井压力监测\阳101h26平台临井压裂监测数据(5).xlsx,2025.12.2,1,无可唯一匹配施工事件,/
E:\压裂窜扰项目\02 规范化\不重要的\阳101H2\阳101H2 邻井压力监测\阳101h26平台临井压裂监测数据(5).xlsx,2025.12.2,2,无可唯一匹配施工事件,/
E:\压裂窜扰项目\02 规范化\不重要的\阳101H2\阳101H2 邻井压力监测\阳101h26平台临井压裂监测数据(5).xlsx,2025.12.2,3,无可唯一匹配施工事件,/
E:\压裂窜扰项目\02 规范化\不重要的\阳101H2\阳101H2 邻井压力监测\阳101h26平台临井压裂监测数据(5).xlsx,2025.12.2,4,无可唯一匹配施工事件,/
E:\压裂窜扰项目\02 规范化\不重要的\阳101H2\阳101H2 邻井压力监测\阳101h26平台临井压裂监测数据(5).xlsx,2025.12.3,1,无可唯一匹配施工事件,/
E:\压裂窜扰项目\02 规范化\不重要的\阳101H2\阳101H2 邻井压力监测\阳101h26平台临井压裂监测数据(5).xlsx,2025.12.3,2,无可唯一匹配施工事件,/
E:\压裂窜扰项目\02 规范化\不重要的\阳101H2\阳101H2 邻井压力监测\阳101h26平台临井压裂监测数据(5).xlsx,2025.12.3,3,无可唯一匹配施工事件,/
E:\压裂窜扰项目\02 规范化\不重要的\阳101H2\阳101H2 邻井压力监测\阳101h26平台临井压裂监测数据(5).xlsx,2025.12.3,4,无可唯一匹配施工事件,/
E:\压裂窜扰项目\02 规范化\不重要的\阳101H2\阳101H2 邻井压力监测\阳101h26平台临井压裂监测数据(5).xlsx,2025.12.4,1,无可唯一匹配施工事件,/
E:\压裂窜扰项目\02 规范化\不重要的\阳101H2\阳101H2 邻井压力监测\阳101h26平台临井压裂监测数据(5).xlsx,2025.12.4,2,无可唯一匹配施工事件,/
E:\压裂窜扰项目\02 规范化\不重要的\阳101H2\阳101H2 邻井压力监测\阳101h26平台临井压裂监测数据(5).xlsx,2025.12.4,3,无可唯一匹配施工事件,/
E:\压裂窜扰项目\02 规范化\不重要的\阳101H2\阳101H2 邻井压力监测\阳101h26平台临井压裂监测数据(5).xlsx,2025.12.4,4,无可唯一匹配施工事件,/
E:\压裂窜扰项目\02 规范化\不重要的\阳101H2\阳101H2 邻井压力监测\阳101h26平台临井压裂监测数据(5).xlsx,2025.12.5,1,无可唯一匹配施工事件,/
E:\压裂窜扰项目\02 规范化\不重要的\阳101H2\阳101H2 邻井压力监测\阳101h26平台临井压裂监测数据(5).xlsx,2025.12.5,2,无可唯一匹配施工事件,/
E:\压裂窜扰项目\02 规范化\不重要的\阳101H2\阳101H2 邻井压力监测\阳101h26平台临井压裂监测数据(5).xlsx,2025.12.5,3,无可唯一匹配施工事件,/
E:\压裂窜扰项目\02 规范化\不重要的\阳101H2\阳101H2 邻井压力监测\阳101h26平台临井压裂监测数据(5).xlsx,2025.12.5,4,无可唯一匹配施工事件,/
E:\压裂窜扰项目\02 规范化\不重要的\阳101H2\阳101H2 邻井压力监测\阳101h26平台临井压裂监测数据(5).xlsx,2025.12.6,1,无可唯一匹配施工事件,/
E:\压裂窜扰项目\02 规范化\不重要的\阳101H2\阳101H2 邻井压力监测\阳101h26平台临井压裂监测数据(5).xlsx,2025.12.6,2,无可唯一匹配施工事件,/
E:\压裂窜扰项目\02 规范化\不重要的\阳101H2\阳101H2 邻井压力监测\阳101h26平台临井压裂监测数据(5).xlsx,2025.12.6,3,无可唯一匹配施工事件,/
E:\压裂窜扰项目\02 规范化\不重要的\阳101H2\阳101H2 邻井压力监测\阳101h26平台临井压裂监测数据(5).xlsx,2025.12.6,4,无可唯一匹配施工事件,/
E:\压裂窜扰项目\02 规范化\不重要的\阳101H2\阳101H2 邻井压力监测\阳101h26平台临井压裂监测数据(5).xlsx,2025.12.7,1,无可唯一匹配施工事件,/
E:\压裂窜扰项目\02 规范化\不重要的\阳101H2\阳101H2 邻井压力监测\阳101h26平台临井压裂监测数据(5).xlsx,2025.12.7,2,无可唯一匹配施工事件,/
E:\压裂窜扰项目\02 规范化\不重要的\阳101H2\阳101H2 邻井压力监测\阳101h26平台临井压裂监测数据(5).xlsx,2025.12.7,3,无可唯一匹配施工事件,/
E:\压裂窜扰项目\02 规范化\不重要的\阳101H2\阳101H2 邻井压力监测\阳101h26平台临井压裂监测数据(5).xlsx,2025.12.7,4,无可唯一匹配施工事件,/
E:\压裂窜扰项目\02 规范化\不重要的\阳101H2\阳101H2 邻井压力监测\阳101h26平台临井压裂监测数据(6).xlsx,2025.11.21,1,无可唯一匹配施工事件,/
E:\压裂窜扰项目\02 规范化\不重要的\阳101H2\阳101H2 邻井压力监测\阳101h26平台临井压裂监测数据(6).xlsx,2025.11.21,2,无可唯一匹配施工事件,/
E:\压裂窜扰项目\02 规范化\不重要的\阳101H2\阳101H2 邻井压力监测\阳101h26平台临井压裂监测数据(6).xlsx,2025.11.21,3,无可唯一匹配施工事件,/
E:\压裂窜扰项目\02 规范化\不重要的\阳101H2\阳101H2 邻井压力监测\阳101h26平台临井压裂监测数据(6).xlsx,2025.11.21,4,无可唯一匹配施工事件,/
E:\压裂窜扰项目\02 规范化\不重要的\阳101H2\阳101H2 邻井压力监测\阳101h26平台临井压裂监测数据(6).xlsx,2025.11.22,1,无可唯一匹配施工事件,/
E:\压裂窜扰项目\02 规范化\不重要的\阳101H2\阳101H2 邻井压力监测\阳101h26平台临井压裂监测数据(6).xlsx,2025.11.22,2,无可唯一匹配施工事件,/
E:\压裂窜扰项目\02 规范化\不重要的\阳101H2\阳101H2 邻井压力监测\阳101h26平台临井压裂监测数据(6).xlsx,2025.11.22,3,无可唯一匹配施工事件,/
E:\压裂窜扰项目\02 规范化\不重要的\阳101H2\阳101H2 邻井压力监测\阳101h26平台临井压裂监测数据(6).xlsx,2025.11.22,4,无可唯一匹配施工事件,/
E:\压裂窜扰项目\02 规范化\不重要的\阳101H2\阳101H2 邻井压力监测\阳101h26平台临井压裂监测数据(6).xlsx,2025.11.23,1,无可唯一匹配施工事件,/
E:\压裂窜扰项目\02 规范化\不重要的\阳101H2\阳101H2 邻井压力监测\阳101h26平台临井压裂监测数据(6).xlsx,2025.11.23,2,无可唯一匹配施工事件,/
E:\压裂窜扰项目\02 规范化\不重要的\阳101H2\阳101H2 邻井压力监测\阳101h26平台临井压裂监测数据(6).xlsx,2025.11.23,3,无可唯一匹配施工事件,/
E:\压裂窜扰项目\02 规范化\不重要的\阳101H2\阳101H2 邻井压力监测\阳101h26平台临井压裂监测数据(6).xlsx,2025.11.23,4,无可唯一匹配施工事件,/
E:\压裂窜扰项目\02 规范化\不重要的\阳101H2\阳101H2 邻井压力监测\阳101h26平台临井压裂监测数据(6).xlsx,2025.11.24,1,无可唯一匹配施工事件,/
E:\压裂窜扰项目\02 规范化\不重要的\阳101H2\阳101H2 邻井压力监测\阳101h26平台临井压裂监测数据(6).xlsx,2025.11.24,2,无可唯一匹配施工事件,/
E:\压裂窜扰项目\02 规范化\不重要的\阳101H2\阳101H2 邻井压力监测\阳101h26平台临井压裂监测数据(6).xlsx,2025.11.24,3,无可唯一匹配施工事件,/
E:\压裂窜扰项目\02 规范化\不重要的\阳101H2\阳101H2 邻井压力监测\阳101h26平台临井压裂监测数据(6).xlsx,2025.11.24,4,无可唯一匹配施工事件,/
E:\压裂窜扰项目\02 规范化\不重要的\阳101H2\阳101H2 邻井压力监测\阳101h26平台临井压裂监测数据(6).xlsx,2025.11.25,1,无可唯一匹配施工事件,/
E:\压裂窜扰项目\02 规范化\不重要的\阳101H2\阳101H2 邻井压力监测\阳101h26平台临井压裂监测数据(6).xlsx,2025.11.25,2,无可唯一匹配施工事件,/
E:\压裂窜扰项目\02 规范化\不重要的\阳101H2\阳101H2 邻井压力监测\阳101h26平台临井压裂监测数据(6).xlsx,2025.11.25,3,无可唯一匹配施工事件,/
E:\压裂窜扰项目\02 规范化\不重要的\阳101H2\阳101H2 邻井压力监测\阳101h26平台临井压裂监测数据(6).xlsx,2025.11.25,4,无可唯一匹配施工事件,/
E:\压裂窜扰项目\02 规范化\不重要的\阳101H2\阳101H2 邻井压力监测\阳101h26平台临井压裂监测数据(6).xlsx,2025.11.26,1,无可唯一匹配施工事件,/
E:\压裂窜扰项目\02 规范化\不重要的\阳101H2\阳101H2 邻井压力监测\阳101h26平台临井压裂监测数据(6).xlsx,2025.11.26,2,无可唯一匹配施工事件,/
E:\压裂窜扰项目\02 规范化\不重要的\阳101H2\阳101H2 邻井压力监测\阳101h26平台临井压裂监测数据(6).xlsx,2025.11.26,3,无可唯一匹配施工事件,/
E:\压裂窜扰项目\02 规范化\不重要的\阳101H2\阳101H2 邻井压力监测\阳101h26平台临井压裂监测数据(6).xlsx,2025.11.26,4,无可唯一匹配施工事件,/
E:\压裂窜扰项目\02 规范化\不重要的\阳101H2\阳101H2 邻井压力监测\阳101h26平台临井压裂监测数据(6).xlsx,2025.11.30,1,无可唯一匹配施工事件,/
E:\压裂窜扰项目\02 规范化\不重要的\阳101H2\阳101H2 邻井压力监测\阳101h26平台临井压裂监测数据(6).xlsx,2025.11.30,2,无可唯一匹配施工事件,/
E:\压裂窜扰项目\02 规范化\不重要的\阳101H2\阳101H2 邻井压力监测\阳101h26平台临井压裂监测数据(6).xlsx,2025.11.30,3,无可唯一匹配施工事件,/
E:\压裂窜扰项目\02 规范化\不重要的\阳101H2\阳101H2 邻井压力监测\阳101h26平台临井压裂监测数据(6).xlsx,2025.11.30,4,无可唯一匹配施工事件,/
E:\压裂窜扰项目\02 规范化\不重要的\阳101H2\阳101H2 邻井压力监测\阳101h26平台临井压裂监测数据(6).xlsx,2025.12.1,1,无可唯一匹配施工事件,/
E:\压裂窜扰项目\02 规范化\不重要的\阳101H2\阳101H2 邻井压力监测\阳101h26平台临井压裂监测数据(6).xlsx,2025.12.1,2,无可唯一匹配施工事件,/
E:\压裂窜扰项目\02 规范化\不重要的\阳101H2\阳101H2 邻井压力监测\阳101h26平台临井压裂监测数据(6).xlsx,2025.12.1,3,无可唯一匹配施工事件,/
E:\压裂窜扰项目\02 规范化\不重要的\阳101H2\阳101H2 邻井压力监测\阳101h26平台临井压裂监测数据(6).xlsx,2025.12.1,4,无可唯一匹配施工事件,/
E:\压裂窜扰项目\02 规范化\不重要的\阳101H2\阳101H2 邻井压力监测\阳101h26平台临井压裂监测数据(6).xlsx,2025.12.2,1,无可唯一匹配施工事件,/
E:\压裂窜扰项目\02 规范化\不重要的\阳101H2\阳101H2 邻井压力监测\阳101h26平台临井压裂监测数据(6).xlsx,2025.12.2,2,无可唯一匹配施工事件,/
E:\压裂窜扰项目\02 规范化\不重要的\阳101H2\阳101H2 邻井压力监测\阳101h26平台临井压裂监测数据(6).xlsx,2025.12.2,3,无可唯一匹配施工事件,/
E:\压裂窜扰项目\02 规范化\不重要的\阳101H2\阳101H2 邻井压力监测\阳101h26平台临井压裂监测数据(6).xlsx,2025.12.2,4,无可唯一匹配施工事件,/
E:\压裂窜扰项目\02 规范化\不重要的\阳101H2\阳101H2 邻井压力监测\阳101h26平台临井压裂监测数据(6).xlsx,2025.12.3,1,无可唯一匹配施工事件,/
E:\压裂窜扰项目\02 规范化\不重要的\阳101H2\阳101H2 邻井压力监测\阳101h26平台临井压裂监测数据(6).xlsx,2025.12.3,2,无可唯一匹配施工事件,/
E:\压裂窜扰项目\02 规范化\不重要的\阳101H2\阳101H2 邻井压力监测\阳101h26平台临井压裂监测数据(6).xlsx,2025.12.3,3,无可唯一匹配施工事件,/
E:\压裂窜扰项目\02 规范化\不重要的\阳101H2\阳101H2 邻井压力监测\阳101h26平台临井压裂监测数据(6).xlsx,2025.12.3,4,无可唯一匹配施工事件,/
E:\压裂窜扰项目\02 规范化\不重要的\阳101H2\阳101H2 邻井压力监测\阳101h26平台临井压裂监测数据(6).xlsx,2025.12.4,1,无可唯一匹配施工事件,/
E:\压裂窜扰项目\02 规范化\不重要的\阳101H2\阳101H2 邻井压力监测\阳101h26平台临井压裂监测数据(6).xlsx,2025.12.4,2,无可唯一匹配施工事件,/
E:\压裂窜扰项目\02 规范化\不重要的\阳101H2\阳101H2 邻井压力监测\阳101h26平台临井压裂监测数据(6).xlsx,2025.12.4,3,无可唯一匹配施工事件,/
E:\压裂窜扰项目\02 规范化\不重要的\阳101H2\阳101H2 邻井压力监测\阳101h26平台临井压裂监测数据(6).xlsx,2025.12.4,4,无可唯一匹配施工事件,/
E:\压裂窜扰项目\02 规范化\不重要的\阳101H2\阳101H2 邻井压力监测\阳101h26平台临井压裂监测数据(6).xlsx,2025.12.5,1,无可唯一匹配施工事件,/
E:\压裂窜扰项目\02 规范化\不重要的\阳101H2\阳101H2 邻井压力监测\阳101h26平台临井压裂监测数据(6).xlsx,2025.12.5,2,无可唯一匹配施工事件,/
E:\压裂窜扰项目\02 规范化\不重要的\阳101H2\阳101H2 邻井压力监测\阳101h26平台临井压裂监测数据(6).xlsx,2025.12.5,3,无可唯一匹配施工事件,/
E:\压裂窜扰项目\02 规范化\不重要的\阳101H2\阳101H2 邻井压力监测\阳101h26平台临井压裂监测数据(6).xlsx,2025.12.5,4,无可唯一匹配施工事件,/
E:\压裂窜扰项目\02 规范化\不重要的\阳101H2\阳101H2 邻井压力监测\阳101h26平台临井压裂监测数据(6).xlsx,2025.12.6,1,无可唯一匹配施工事件,/
E:\压裂窜扰项目\02 规范化\不重要的\阳101H2\阳101H2 邻井压力监测\阳101h26平台临井压裂监测数据(6).xlsx,2025.12.6,2,无可唯一匹配施工事件,/
E:\压裂窜扰项目\02 规范化\不重要的\阳101H2\阳101H2 邻井压力监测\阳101h26平台临井压裂监测数据(6).xlsx,2025.12.6,3,无可唯一匹配施工事件,/
E:\压裂窜扰项目\02 规范化\不重要的\阳101H2\阳101H2 邻井压力监测\阳101h26平台临井压裂监测数据(6).xlsx,2025.12.6,4,无可唯一匹配施工事件,/
E:\压裂窜扰项目\02 规范化\不重要的\阳101H2\阳101H2 邻井压力监测\阳101h26平台临井压裂监测数据(6).xlsx,2025.12.7,1,无可唯一匹配施工事件,/
E:\压裂窜扰项目\02 规范化\不重要的\阳101H2\阳101H2 邻井压力监测\阳101h26平台临井压裂监测数据(6).xlsx,2025.12.7,2,无可唯一匹配施工事件,/
E:\压裂窜扰项目\02 规范化\不重要的\阳101H2\阳101H2 邻井压力监测\阳101h26平台临井压裂监测数据(6).xlsx,2025.12.7,3,无可唯一匹配施工事件,/
E:\压裂窜扰项目\02 规范化\不重要的\阳101H2\阳101H2 邻井压力监测\阳101h26平台临井压裂监测数据(6).xlsx,2025.12.7,4,无可唯一匹配施工事件,/
E:\压裂窜扰项目\02 规范化\不重要的\阳101H2\阳101H2 邻井压力监测\阳101h26平台临井压裂监测数据(7).xlsx,2025.11.21,1,无可唯一匹配施工事件,/
E:\压裂窜扰项目\02 规范化\不重要的\阳101H2\阳101H2 邻井压力监测\阳101h26平台临井压裂监测数据(7).xlsx,2025.11.21,2,无可唯一匹配施工事件,/
E:\压裂窜扰项目\02 规范化\不重要的\阳101H2\阳101H2 邻井压力监测\阳101h26平台临井压裂监测数据(7).xlsx,2025.11.21,3,无可唯一匹配施工事件,/
E:\压裂窜扰项目\02 规范化\不重要的\阳101H2\阳101H2 邻井压力监测\阳101h26平台临井压裂监测数据(7).xlsx,2025.11.21,4,无可唯一匹配施工事件,/
E:\压裂窜扰项目\02 规范化\不重要的\阳101H2\阳101H2 邻井压力监测\阳101h26平台临井压裂监测数据(7).xlsx,2025.11.22,1,无可唯一匹配施工事件,/
E:\压裂窜扰项目\02 规范化\不重要的\阳101H2\阳101H2 邻井压力监测\阳101h26平台临井压裂监测数据(7).xlsx,2025.11.22,2,无可唯一匹配施工事件,/
E:\压裂窜扰项目\02 规范化\不重要的\阳101H2\阳101H2 邻井压力监测\阳101h26平台临井压裂监测数据(7).xlsx,2025.11.22,3,无可唯一匹配施工事件,/
E:\压裂窜扰项目\02 规范化\不重要的\阳101H2\阳101H2 邻井压力监测\阳101h26平台临井压裂监测数据(7).xlsx,2025.11.22,4,无可唯一匹配施工事件,/
E:\压裂窜扰项目\02 规范化\不重要的\阳101H2\阳101H2 邻井压力监测\阳101h26平台临井压裂监测数据(7).xlsx,2025.11.23,1,无可唯一匹配施工事件,/
E:\压裂窜扰项目\02 规范化\不重要的\阳101H2\阳101H2 邻井压力监测\阳101h26平台临井压裂监测数据(7).xlsx,2025.11.23,2,无可唯一匹配施工事件,/
E:\压裂窜扰项目\02 规范化\不重要的\阳101H2\阳101H2 邻井压力监测\阳101h26平台临井压裂监测数据(7).xlsx,2025.11.23,3,无可唯一匹配施工事件,/
E:\压裂窜扰项目\02 规范化\不重要的\阳101H2\阳101H2 邻井压力监测\阳101h26平台临井压裂监测数据(7).xlsx,2025.11.23,4,无可唯一匹配施工事件,/
E:\压裂窜扰项目\02 规范化\不重要的\阳101H2\阳101H2 邻井压力监测\阳101h26平台临井压裂监测数据(7).xlsx,2025.11.24,1,无可唯一匹配施工事件,/
E:\压裂窜扰项目\02 规范化\不重要的\阳101H2\阳101H2 邻井压力监测\阳101h26平台临井压裂监测数据(7).xlsx,2025.11.24,2,无可唯一匹配施工事件,/
E:\压裂窜扰项目\02 规范化\不重要的\阳101H2\阳101H2 邻井压力监测\阳101h26平台临井压裂监测数据(7).xlsx,2025.11.24,3,无可唯一匹配施工事件,/
E:\压裂窜扰项目\02 规范化\不重要的\阳101H2\阳101H2 邻井压力监测\阳101h26平台临井压裂监测数据(7).xlsx,2025.11.24,4,无可唯一匹配施工事件,/
E:\压裂窜扰项目\02 规范化\不重要的\阳101H2\阳101H2 邻井压力监测\阳101h26平台临井压裂监测数据(7).xlsx,2025.11.25,1,无可唯一匹配施工事件,/
E:\压裂窜扰项目\02 规范化\不重要的\阳101H2\阳101H2 邻井压力监测\阳101h26平台临井压裂监测数据(7).xlsx,2025.11.25,2,无可唯一匹配施工事件,/
E:\压裂窜扰项目\02 规范化\不重要的\阳101H2\阳101H2 邻井压力监测\阳101h26平台临井压裂监测数据(7).xlsx,2025.11.25,3,无可唯一匹配施工事件,/
E:\压裂窜扰项目\02 规范化\不重要的\阳101H2\阳101H2 邻井压力监测\阳101h26平台临井压裂监测数据(7).xlsx,2025.11.25,4,无可唯一匹配施工事件,/
E:\压裂窜扰项目\02 规范化\不重要的\阳101H2\阳101H2 邻井压力监测\阳101h26平台临井压裂监测数据(7).xlsx,2025.11.26,1,无可唯一匹配施工事件,/
E:\压裂窜扰项目\02 规范化\不重要的\阳101H2\阳101H2 邻井压力监测\阳101h26平台临井压裂监测数据(7).xlsx,2025.11.26,2,无可唯一匹配施工事件,/
E:\压裂窜扰项目\02 规范化\不重要的\阳101H2\阳101H2 邻井压力监测\阳101h26平台临井压裂监测数据(7).xlsx,2025.11.26,3,无可唯一匹配施工事件,/
E:\压裂窜扰项目\02 规范化\不重要的\阳101H2\阳101H2 邻井压力监测\阳101h26平台临井压裂监测数据(7).xlsx,2025.11.26,4,无可唯一匹配施工事件,/
E:\压裂窜扰项目\02 规范化\不重要的\阳101H2\阳101H2 邻井压力监测\阳101h26平台临井压裂监测数据(7).xlsx,2025.11.30,1,无可唯一匹配施工事件,/
E:\压裂窜扰项目\02 规范化\不重要的\阳101H2\阳101H2 邻井压力监测\阳101h26平台临井压裂监测数据(7).xlsx,2025.11.30,2,无可唯一匹配施工事件,/
E:\压裂窜扰项目\02 规范化\不重要的\阳101H2\阳101H2 邻井压力监测\阳101h26平台临井压裂监测数据(7).xlsx,2025.11.30,3,无可唯一匹配施工事件,/
E:\压裂窜扰项目\02 规范化\不重要的\阳101H2\阳101H2 邻井压力监测\阳101h26平台临井压裂监测数据(7).xlsx,2025.11.30,4,无可唯一匹配施工事件,/
E:\压裂窜扰项目\02 规范化\不重要的\阳101H2\阳101H2 邻井压力监测\阳101h26平台临井压裂监测数据(7).xlsx,2025.12.1,1,无可唯一匹配施工事件,/
E:\压裂窜扰项目\02 规范化\不重要的\阳101H2\阳101H2 邻井压力监测\阳101h26平台临井压裂监测数据(7).xlsx,2025.12.1,2,无可唯一匹配施工事件,/
E:\压裂窜扰项目\02 规范化\不重要的\阳101H2\阳101H2 邻井压力监测\阳101h26平台临井压裂监测数据(7).xlsx,2025.12.1,3,无可唯一匹配施工事件,/
E:\压裂窜扰项目\02 规范化\不重要的\阳101H2\阳101H2 邻井压力监测\阳101h26平台临井压裂监测数据(7).xlsx,2025.12.1,4,无可唯一匹配施工事件,/
E:\压裂窜扰项目\02 规范化\不重要的\阳101H2\阳101H2 邻井压力监测\阳101h26平台临井压裂监测数据(7).xlsx,2025.12.2,1,无可唯一匹配施工事件,/
E:\压裂窜扰项目\02 规范化\不重要的\阳101H2\阳101H2 邻井压力监测\阳101h26平台临井压裂监测数据(7).xlsx,2025.12.2,2,无可唯一匹配施工事件,/
E:\压裂窜扰项目\02 规范化\不重要的\阳101H2\阳101H2 邻井压力监测\阳101h26平台临井压裂监测数据(7).xlsx,2025.12.2,3,无可唯一匹配施工事件,/
E:\压裂窜扰项目\02 规范化\不重要的\阳101H2\阳101H2 邻井压力监测\阳101h26平台临井压裂监测数据(7).xlsx,2025.12.2,4,无可唯一匹配施工事件,/
E:\压裂窜扰项目\02 规范化\不重要的\阳101H2\阳101H2 邻井压力监测\阳101h26平台临井压裂监测数据(7).xlsx,2025.12.3,1,无可唯一匹配施工事件,/
E:\压裂窜扰项目\02 规范化\不重要的\阳101H2\阳101H2 邻井压力监测\阳101h26平台临井压裂监测数据(7).xlsx,2025.12.3,2,无可唯一匹配施工事件,/
E:\压裂窜扰项目\02 规范化\不重要的\阳101H2\阳101H2 邻井压力监测\阳101h26平台临井压裂监测数据(7).xlsx,2025.12.3,3,无可唯一匹配施工事件,/
E:\压裂窜扰项目\02 规范化\不重要的\阳101H2\阳101H2 邻井压力监测\阳101h26平台临井压裂监测数据(7).xlsx,2025.12.3,4,无可唯一匹配施工事件,/
E:\压裂窜扰项目\02 规范化\不重要的\阳101H2\阳101H2 邻井压力监测\阳101h26平台临井压裂监测数据(7).xlsx,2025.12.4,1,无可唯一匹配施工事件,/
E:\压裂窜扰项目\02 规范化\不重要的\阳101H2\阳101H2 邻井压力监测\阳101h26平台临井压裂监测数据(7).xlsx,2025.12.4,2,无可唯一匹配施工事件,/
E:\压裂窜扰项目\02 规范化\不重要的\阳101H2\阳101H2 邻井压力监测\阳101h26平台临井压裂监测数据(7).xlsx,2025.12.4,3,无可唯一匹配施工事件,/
E:\压裂窜扰项目\02 规范化\不重要的\阳101H2\阳101H2 邻井压力监测\阳101h26平台临井压裂监测数据(7).xlsx,2025.12.4,4,无可唯一匹配施工事件,/
E:\压裂窜扰项目\02 规范化\不重要的\阳101H2\阳101H2 邻井压力监测\阳101h26平台临井压裂监测数据(7).xlsx,2025.12.5,1,无可唯一匹配施工事件,/
E:\压裂窜扰项目\02 规范化\不重要的\阳101H2\阳101H2 邻井压力监测\阳101h26平台临井压裂监测数据(7).xlsx,2025.12.5,2,无可唯一匹配施工事件,/
E:\压裂窜扰项目\02 规范化\不重要的\阳101H2\阳101H2 邻井压力监测\阳101h26平台临井压裂监测数据(7).xlsx,2025.12.5,3,无可唯一匹配施工事件,/
E:\压裂窜扰项目\02 规范化\不重要的\阳101H2\阳101H2 邻井压力监测\阳101h26平台临井压裂监测数据(7).xlsx,2025.12.5,4,无可唯一匹配施工事件,/
E:\压裂窜扰项目\02 规范化\不重要的\阳101H2\阳101H2 邻井压力监测\阳101h26平台临井压裂监测数据(7).xlsx,2025.12.6,1,无可唯一匹配施工事件,/
E:\压裂窜扰项目\02 规范化\不重要的\阳101H2\阳101H2 邻井压力监测\阳101h26平台临井压裂监测数据(7).xlsx,2025.12.6,2,无可唯一匹配施工事件,/
E:\压裂窜扰项目\02 规范化\不重要的\阳101H2\阳101H2 邻井压力监测\阳101h26平台临井压裂监测数据(7).xlsx,2025.12.6,3,无可唯一匹配施工事件,/
E:\压裂窜扰项目\02 规范化\不重要的\阳101H2\阳101H2 邻井压力监测\阳101h26平台临井压裂监测数据(7).xlsx,2025.12.6,4,无可唯一匹配施工事件,/
E:\压裂窜扰项目\02 规范化\不重要的\阳101H2\阳101H2 邻井压力监测\阳101h26平台临井压裂监测数据(7).xlsx,2025.12.7,1,无可唯一匹配施工事件,/
E:\压裂窜扰项目\02 规范化\不重要的\阳101H2\阳101H2 邻井压力监测\阳101h26平台临井压裂监测数据(7).xlsx,2025.12.7,2,无可唯一匹配施工事件,/
E:\压裂窜扰项目\02 规范化\不重要的\阳101H2\阳101H2 邻井压力监测\阳101h26平台临井压裂监测数据(7).xlsx,2025.12.7,3,无可唯一匹配施工事件,/
E:\压裂窜扰项目\02 规范化\不重要的\阳101H2\阳101H2 邻井压力监测\阳101h26平台临井压裂监测数据(7).xlsx,2025.12.7,4,无可唯一匹配施工事件,/
E:\压裂窜扰项目\02 规范化\不重要的\阳101H2\阳101H2 邻井压力监测\阳101h26平台临井压裂监测数据(7).xlsx,2025.12.8,1,无可唯一匹配施工事件,/
E:\压裂窜扰项目\02 规范化\不重要的\阳101H2\阳101H2 邻井压力监测\阳101h26平台临井压裂监测数据(7).xlsx,2025.12.8,2,无可唯一匹配施工事件,/
E:\压裂窜扰项目\02 规范化\不重要的\阳101H2\阳101H2 邻井压力监测\阳101h26平台临井压裂监测数据(7).xlsx,2025.12.8,3,无可唯一匹配施工事件,/
E:\压裂窜扰项目\02 规范化\不重要的\阳101H2\阳101H2 邻井压力监测\阳101h26平台临井压裂监测数据(7).xlsx,2025.12.8,4,无可唯一匹配施工事件,/
E:\压裂窜扰项目\02 规范化\不重要的\阳101H2\阳101H2 邻井压力监测\阳101h26平台临井压裂监测数据(8).xlsx,2025.11.21,1,无可唯一匹配施工事件,/
E:\压裂窜扰项目\02 规范化\不重要的\阳101H2\阳101H2 邻井压力监测\阳101h26平台临井压裂监测数据(8).xlsx,2025.11.21,2,无可唯一匹配施工事件,/
E:\压裂窜扰项目\02 规范化\不重要的\阳101H2\阳101H2 邻井压力监测\阳101h26平台临井压裂监测数据(8).xlsx,2025.11.21,3,无可唯一匹配施工事件,/
E:\压裂窜扰项目\02 规范化\不重要的\阳101H2\阳101H2 邻井压力监测\阳101h26平台临井压裂监测数据(8).xlsx,2025.11.21,4,无可唯一匹配施工事件,/
E:\压裂窜扰项目\02 规范化\不重要的\阳101H2\阳101H2 邻井压力监测\阳101h26平台临井压裂监测数据(8).xlsx,2025.11.22,1,无可唯一匹配施工事件,/
E:\压裂窜扰项目\02 规范化\不重要的\阳101H2\阳101H2 邻井压力监测\阳101h26平台临井压裂监测数据(8).xlsx,2025.11.22,2,无可唯一匹配施工事件,/
E:\压裂窜扰项目\02 规范化\不重要的\阳101H2\阳101H2 邻井压力监测\阳101h26平台临井压裂监测数据(8).xlsx,2025.11.22,3,无可唯一匹配施工事件,/
E:\压裂窜扰项目\02 规范化\不重要的\阳101H2\阳101H2 邻井压力监测\阳101h26平台临井压裂监测数据(8).xlsx,2025.11.22,4,无可唯一匹配施工事件,/
E:\压裂窜扰项目\02 规范化\不重要的\阳101H2\阳101H2 邻井压力监测\阳101h26平台临井压裂监测数据(8).xlsx,2025.11.23,1,无可唯一匹配施工事件,/
E:\压裂窜扰项目\02 规范化\不重要的\阳101H2\阳101H2 邻井压力监测\阳101h26平台临井压裂监测数据(8).xlsx,2025.11.23,2,无可唯一匹配施工事件,/
E:\压裂窜扰项目\02 规范化\不重要的\阳101H2\阳101H2 邻井压力监测\阳101h26平台临井压裂监测数据(8).xlsx,2025.11.23,3,无可唯一匹配施工事件,/
E:\压裂窜扰项目\02 规范化\不重要的\阳101H2\阳101H2 邻井压力监测\阳101h26平台临井压裂监测数据(8).xlsx,2025.11.23,4,无可唯一匹配施工事件,/
E:\压裂窜扰项目\02 规范化\不重要的\阳101H2\阳101H2 邻井压力监测\阳101h26平台临井压裂监测数据(8).xlsx,2025.11.24,1,无可唯一匹配施工事件,/
E:\压裂窜扰项目\02 规范化\不重要的\阳101H2\阳101H2 邻井压力监测\阳101h26平台临井压裂监测数据(8).xlsx,2025.11.24,2,无可唯一匹配施工事件,/
E:\压裂窜扰项目\02 规范化\不重要的\阳101H2\阳101H2 邻井压力监测\阳101h26平台临井压裂监测数据(8).xlsx,2025.11.24,3,无可唯一匹配施工事件,/
E:\压裂窜扰项目\02 规范化\不重要的\阳101H2\阳101H2 邻井压力监测\阳101h26平台临井压裂监测数据(8).xlsx,2025.11.24,4,无可唯一匹配施工事件,/
E:\压裂窜扰项目\02 规范化\不重要的\阳101H2\阳101H2 邻井压力监测\阳101h26平台临井压裂监测数据(8).xlsx,2025.11.25,1,无可唯一匹配施工事件,/
E:\压裂窜扰项目\02 规范化\不重要的\阳101H2\阳101H2 邻井压力监测\阳101h26平台临井压裂监测数据(8).xlsx,2025.11.25,2,无可唯一匹配施工事件,/
E:\压裂窜扰项目\02 规范化\不重要的\阳101H2\阳101H2 邻井压力监测\阳101h26平台临井压裂监测数据(8).xlsx,2025.11.25,3,无可唯一匹配施工事件,/
E:\压裂窜扰项目\02 规范化\不重要的\阳101H2\阳101H2 邻井压力监测\阳101h26平台临井压裂监测数据(8).xlsx,2025.11.25,4,无可唯一匹配施工事件,/
E:\压裂窜扰项目\02 规范化\不重要的\阳101H2\阳101H2 邻井压力监测\阳101h26平台临井压裂监测数据(8).xlsx,2025.11.26,1,无可唯一匹配施工事件,/
E:\压裂窜扰项目\02 规范化\不重要的\阳101H2\阳101H2 邻井压力监测\阳101h26平台临井压裂监测数据(8).xlsx,2025.11.26,2,无可唯一匹配施工事件,/
E:\压裂窜扰项目\02 规范化\不重要的\阳101H2\阳101H2 邻井压力监测\阳101h26平台临井压裂监测数据(8).xlsx,2025.11.26,3,无可唯一匹配施工事件,/
E:\压裂窜扰项目\02 规范化\不重要的\阳101H2\阳101H2 邻井压力监测\阳101h26平台临井压裂监测数据(8).xlsx,2025.11.26,4,无可唯一匹配施工事件,/
E:\压裂窜扰项目\02 规范化\不重要的\阳101H2\阳101H2 邻井压力监测\阳101h26平台临井压裂监测数据(8).xlsx,2025.11.30,1,无可唯一匹配施工事件,/
E:\压裂窜扰项目\02 规范化\不重要的\阳101H2\阳101H2 邻井压力监测\阳101h26平台临井压裂监测数据(8).xlsx,2025.11.30,2,无可唯一匹配施工事件,/
E:\压裂窜扰项目\02 规范化\不重要的\阳101H2\阳101H2 邻井压力监测\阳101h26平台临井压裂监测数据(8).xlsx,2025.11.30,3,无可唯一匹配施工事件,/
E:\压裂窜扰项目\02 规范化\不重要的\阳101H2\阳101H2 邻井压力监测\阳101h26平台临井压裂监测数据(8).xlsx,2025.11.30,4,无可唯一匹配施工事件,/
E:\压裂窜扰项目\02 规范化\不重要的\阳101H2\阳101H2 邻井压力监测\阳101h26平台临井压裂监测数据(8).xlsx,2025.12.1,1,无可唯一匹配施工事件,/
E:\压裂窜扰项目\02 规范化\不重要的\阳101H2\阳101H2 邻井压力监测\阳101h26平台临井压裂监测数据(8).xlsx,2025.12.1,2,无可唯一匹配施工事件,/
E:\压裂窜扰项目\02 规范化\不重要的\阳101H2\阳101H2 邻井压力监测\阳101h26平台临井压裂监测数据(8).xlsx,2025.12.1,3,无可唯一匹配施工事件,/
E:\压裂窜扰项目\02 规范化\不重要的\阳101H2\阳101H2 邻井压力监测\阳101h26平台临井压裂监测数据(8).xlsx,2025.12.1,4,无可唯一匹配施工事件,/
E:\压裂窜扰项目\02 规范化\不重要的\阳101H2\阳101H2 邻井压力监测\阳101h26平台临井压裂监测数据(8).xlsx,2025.12.2,1,无可唯一匹配施工事件,/
E:\压裂窜扰项目\02 规范化\不重要的\阳101H2\阳101H2 邻井压力监测\阳101h26平台临井压裂监测数据(8).xlsx,2025.12.2,2,无可唯一匹配施工事件,/
E:\压裂窜扰项目\02 规范化\不重要的\阳101H2\阳101H2 邻井压力监测\阳101h26平台临井压裂监测数据(8).xlsx,2025.12.2,3,无可唯一匹配施工事件,/
E:\压裂窜扰项目\02 规范化\不重要的\阳101H2\阳101H2 邻井压力监测\阳101h26平台临井压裂监测数据(8).xlsx,2025.12.2,4,无可唯一匹配施工事件,/
E:\压裂窜扰项目\02 规范化\不重要的\阳101H2\阳101H2 邻井压力监测\阳101h26平台临井压裂监测数据(8).xlsx,2025.12.3,1,无可唯一匹配施工事件,/
E:\压裂窜扰项目\02 规范化\不重要的\阳101H2\阳101H2 邻井压力监测\阳101h26平台临井压裂监测数据(8).xlsx,2025.12.3,2,无可唯一匹配施工事件,/
E:\压裂窜扰项目\02 规范化\不重要的\阳101H2\阳101H2 邻井压力监测\阳101h26平台临井压裂监测数据(8).xlsx,2025.12.3,3,无可唯一匹配施工事件,/
E:\压裂窜扰项目\02 规范化\不重要的\阳101H2\阳101H2 邻井压力监测\阳101h26平台临井压裂监测数据(8).xlsx,2025.12.3,4,无可唯一匹配施工事件,/
E:\压裂窜扰项目\02 规范化\不重要的\阳101H2\阳101H2 邻井压力监测\阳101h26平台临井压裂监测数据(8).xlsx,2025.12.4,1,无可唯一匹配施工事件,/
E:\压裂窜扰项目\02 规范化\不重要的\阳101H2\阳101H2 邻井压力监测\阳101h26平台临井压裂监测数据(8).xlsx,2025.12.4,2,无可唯一匹配施工事件,/
E:\压裂窜扰项目\02 规范化\不重要的\阳101H2\阳101H2 邻井压力监测\阳101h26平台临井压裂监测数据(8).xlsx,2025.12.4,3,无可唯一匹配施工事件,/
E:\压裂窜扰项目\02 规范化\不重要的\阳101H2\阳101H2 邻井压力监测\阳101h26平台临井压裂监测数据(8).xlsx,2025.12.4,4,无可唯一匹配施工事件,/
E:\压裂窜扰项目\02 规范化\不重要的\阳101H2\阳101H2 邻井压力监测\阳101h26平台临井压裂监测数据(8).xlsx,2025.12.5,1,无可唯一匹配施工事件,/
E:\压裂窜扰项目\02 规范化\不重要的\阳101H2\阳101H2 邻井压力监测\阳101h26平台临井压裂监测数据(8).xlsx,2025.12.5,2,无可唯一匹配施工事件,/
E:\压裂窜扰项目\02 规范化\不重要的\阳101H2\阳101H2 邻井压力监测\阳101h26平台临井压裂监测数据(8).xlsx,2025.12.5,3,无可唯一匹配施工事件,/
E:\压裂窜扰项目\02 规范化\不重要的\阳101H2\阳101H2 邻井压力监测\阳101h26平台临井压裂监测数据(8).xlsx,2025.12.5,4,无可唯一匹配施工事件,/
E:\压裂窜扰项目\02 规范化\不重要的\阳101H2\阳101H2 邻井压力监测\阳101h26平台临井压裂监测数据(8).xlsx,2025.12.6,1,无可唯一匹配施工事件,/
E:\压裂窜扰项目\02 规范化\不重要的\阳101H2\阳101H2 邻井压力监测\阳101h26平台临井压裂监测数据(8).xlsx,2025.12.6,2,无可唯一匹配施工事件,/
E:\压裂窜扰项目\02 规范化\不重要的\阳101H2\阳101H2 邻井压力监测\阳101h26平台临井压裂监测数据(8).xlsx,2025.12.6,3,无可唯一匹配施工事件,/
E:\压裂窜扰项目\02 规范化\不重要的\阳101H2\阳101H2 邻井压力监测\阳101h26平台临井压裂监测数据(8).xlsx,2025.12.6,4,无可唯一匹配施工事件,/
E:\压裂窜扰项目\02 规范化\不重要的\阳101H2\阳101H2 邻井压力监测\阳101h26平台临井压裂监测数据(8).xlsx,2025.12.7,1,无可唯一匹配施工事件,/
E:\压裂窜扰项目\02 规范化\不重要的\阳101H2\阳101H2 邻井压力监测\阳101h26平台临井压裂监测数据(8).xlsx,2025.12.7,2,无可唯一匹配施工事件,/
E:\压裂窜扰项目\02 规范化\不重要的\阳101H2\阳101H2 邻井压力监测\阳101h26平台临井压裂监测数据(8).xlsx,2025.12.7,3,无可唯一匹配施工事件,/
E:\压裂窜扰项目\02 规范化\不重要的\阳101H2\阳101H2 邻井压力监测\阳101h26平台临井压裂监测数据(8).xlsx,2025.12.7,4,无可唯一匹配施工事件,/
E:\压裂窜扰项目\02 规范化\不重要的\阳101H2\阳101H2 邻井压力监测\阳101h26平台临井压裂监测数据(8).xlsx,2025.12.8,1,无可唯一匹配施工事件,/
E:\压裂窜扰项目\02 规范化\不重要的\阳101H2\阳101H2 邻井压力监测\阳101h26平台临井压裂监测数据(8).xlsx,2025.12.8,2,无可唯一匹配施工事件,/
E:\压裂窜扰项目\02 规范化\不重要的\阳101H2\阳101H2 邻井压力监测\阳101h26平台临井压裂监测数据(8).xlsx,2025.12.8,3,无可唯一匹配施工事件,/
E:\压裂窜扰项目\02 规范化\不重要的\阳101H2\阳101H2 邻井压力监测\阳101h26平台临井压裂监测数据(8).xlsx,2025.12.8,4,无可唯一匹配施工事件,/
E:\压裂窜扰项目\02 规范化\不重要的\阳101H2\阳101H2 邻井压力监测\阳101h26平台临井压裂监测数据(8).xlsx,2025.12.9,1,无可唯一匹配施工事件,/
E:\压裂窜扰项目\02 规范化\不重要的\阳101H2\阳101H2 邻井压力监测\阳101h26平台临井压裂监测数据(8).xlsx,2025.12.9,2,无可唯一匹配施工事件,/
E:\压裂窜扰项目\02 规范化\不重要的\阳101H2\阳101H2 邻井压力监测\阳101h26平台临井压裂监测数据(8).xlsx,2025.12.9,3,无可唯一匹配施工事件,/
E:\压裂窜扰项目\02 规范化\不重要的\阳101H2\阳101H2 邻井压力监测\阳101h26平台临井压裂监测数据(8).xlsx,2025.12.9,4,无可唯一匹配施工事件,/
E:\压裂窜扰项目\02 规范化\不重要的\阳101H2\阳101H2 邻井压力监测\阳101h26平台临井压裂监测数据.xlsx,2025.11.21,1,无可唯一匹配施工事件,/
E:\压裂窜扰项目\02 规范化\不重要的\阳101H2\阳101H2 邻井压力监测\阳101h26平台临井压裂监测数据.xlsx,2025.11.21,2,无可唯一匹配施工事件,/
E:\压裂窜扰项目\02 规范化\不重要的\阳101H2\阳101H2 邻井压力监测\阳101h26平台临井压裂监测数据.xlsx,2025.11.21,3,无可唯一匹配施工事件,/
E:\压裂窜扰项目\02 规范化\不重要的\阳101H2\阳101H2 邻井压力监测\阳101h26平台临井压裂监测数据.xlsx,2025.11.21,4,无可唯一匹配施工事件,/
E:\压裂窜扰项目\02 规范化\不重要的\阳101H2\阳101H2 邻井压力监测\阳101h26平台临井压裂监测数据.xlsx,2025.11.22,1,无可唯一匹配施工事件,/
E:\压裂窜扰项目\02 规范化\不重要的\阳101H2\阳101H2 邻井压力监测\阳101h26平台临井压裂监测数据.xlsx,2025.11.22,2,无可唯一匹配施工事件,/
E:\压裂窜扰项目\02 规范化\不重要的\阳101H2\阳101H2 邻井压力监测\阳101h26平台临井压裂监测数据.xlsx,2025.11.22,3,无可唯一匹配施工事件,/
E:\压裂窜扰项目\02 规范化\不重要的\阳101H2\阳101H2 邻井压力监测\阳101h26平台临井压裂监测数据.xlsx,2025.11.22,4,无可唯一匹配施工事件,/
E:\压裂窜扰项目\02 规范化\不重要的\阳101H2\阳101H2 邻井压力监测\阳101h26平台临井压裂监测数据.xlsx,2025.11.23,1,无可唯一匹配施工事件,/
E:\压裂窜扰项目\02 规范化\不重要的\阳101H2\阳101H2 邻井压力监测\阳101h26平台临井压裂监测数据.xlsx,2025.11.23,2,无可唯一匹配施工事件,/
E:\压裂窜扰项目\02 规范化\不重要的\阳101H2\阳101H2 邻井压力监测\阳101h26平台临井压裂监测数据.xlsx,2025.11.23,3,无可唯一匹配施工事件,/
E:\压裂窜扰项目\02 规范化\不重要的\阳101H2\阳101H2 邻井压力监测\阳101h26平台临井压裂监测数据.xlsx,2025.11.23,4,无可唯一匹配施工事件,/
E:\压裂窜扰项目\02 规范化\不重要的\阳101H2\阳101H2 邻井压力监测\阳101h26平台临井压裂监测数据.xlsx,2025.11.24,1,无可唯一匹配施工事件,/
E:\压裂窜扰项目\02 规范化\不重要的\阳101H2\阳101H2 邻井压力监测\阳101h26平台临井压裂监测数据.xlsx,2025.11.24,2,无可唯一匹配施工事件,/
E:\压裂窜扰项目\02 规范化\不重要的\阳101H2\阳101H2 邻井压力监测\阳101h26平台临井压裂监测数据.xlsx,2025.11.24,3,无可唯一匹配施工事件,/
E:\压裂窜扰项目\02 规范化\不重要的\阳101H2\阳101H2 邻井压力监测\阳101h26平台临井压裂监测数据.xlsx,2025.11.24,4,无可唯一匹配施工事件,/
E:\压裂窜扰项目\02 规范化\不重要的\阳101H2\阳101H2 邻井压力监测\阳101h26平台临井压裂监测数据.xlsx,2025.11.25,1,无可唯一匹配施工事件,/
E:\压裂窜扰项目\02 规范化\不重要的\阳101H2\阳101H2 邻井压力监测\阳101h26平台临井压裂监测数据.xlsx,2025.11.25,2,无可唯一匹配施工事件,/
E:\压裂窜扰项目\02 规范化\不重要的\阳101H2\阳101H2 邻井压力监测\阳101h26平台临井压裂监测数据.xlsx,2025.11.25,3,无可唯一匹配施工事件,/
E:\压裂窜扰项目\02 规范化\不重要的\阳101H2\阳101H2 邻井压力监测\阳101h26平台临井压裂监测数据.xlsx,2025.11.25,4,无可唯一匹配施工事件,/
E:\压裂窜扰项目\02 规范化\不重要的\阳101H2\阳101H2 邻井压力监测\阳101h26平台临井压裂监测数据.xlsx,2025.11.26,1,无可唯一匹配施工事件,/
E:\压裂窜扰项目\02 规范化\不重要的\阳101H2\阳101H2 邻井压力监测\阳101h26平台临井压裂监测数据.xlsx,2025.11.26,2,无可唯一匹配施工事件,/
E:\压裂窜扰项目\02 规范化\不重要的\阳101H2\阳101H2 邻井压力监测\阳101h26平台临井压裂监测数据.xlsx,2025.11.26,3,无可唯一匹配施工事件,/
E:\压裂窜扰项目\02 规范化\不重要的\阳101H2\阳101H2 邻井压力监测\阳101h26平台临井压裂监测数据.xlsx,2025.11.26,4,无可唯一匹配施工事件,/
E:\压裂窜扰项目\02 规范化\不重要的\阳101H2\阳101H2 邻井压力监测\阳101h26平台临井压裂监测数据.xlsx,2025.11.30,1,无可唯一匹配施工事件,/
E:\压裂窜扰项目\02 规范化\不重要的\阳101H2\阳101H2 邻井压力监测\阳101h26平台临井压裂监测数据.xlsx,2025.11.30,2,无可唯一匹配施工事件,/
E:\压裂窜扰项目\02 规范化\不重要的\阳101H2\阳101H2 邻井压力监测\阳101h26平台临井压裂监测数据.xlsx,2025.11.30,3,无可唯一匹配施工事件,/
E:\压裂窜扰项目\02 规范化\不重要的\阳101H2\阳101H2 邻井压力监测\阳101h26平台临井压裂监测数据.xlsx,2025.11.30,4,无可唯一匹配施工事件,/
E:\压裂窜扰项目\02 规范化\不重要的\阳101H2\阳101H2 邻井压力监测\阳101h26平台临井压裂监测数据.xlsx,2025.12.1,1,无可唯一匹配施工事件,/
E:\压裂窜扰项目\02 规范化\不重要的\阳101H2\阳101H2 邻井压力监测\阳101h26平台临井压裂监测数据.xlsx,2025.12.1,2,无可唯一匹配施工事件,/
E:\压裂窜扰项目\02 规范化\不重要的\阳101H2\阳101H2 邻井压力监测\阳101h26平台临井压裂监测数据.xlsx,2025.12.1,3,无可唯一匹配施工事件,/
E:\压裂窜扰项目\02 规范化\不重要的\阳101H2\阳101H2 邻井压力监测\阳101h26平台临井压裂监测数据.xlsx,2025.12.1,4,无可唯一匹配施工事件,/
E:\压裂窜扰项目\02 规范化\不重要的\阳101H2\阳101H2 邻井压力监测\阳101h26平台临井压裂监测数据.xlsx,2025.12.2,1,无可唯一匹配施工事件,/
E:\压裂窜扰项目\02 规范化\不重要的\阳101H2\阳101H2 邻井压力监测\阳101h26平台临井压裂监测数据.xlsx,2025.12.2,2,无可唯一匹配施工事件,/
E:\压裂窜扰项目\02 规范化\不重要的\阳101H2\阳101H2 邻井压力监测\阳101h26平台临井压裂监测数据.xlsx,2025.12.2,3,无可唯一匹配施工事件,/
E:\压裂窜扰项目\02 规范化\不重要的\阳101H2\阳101H2 邻井压力监测\阳101h26平台临井压裂监测数据.xlsx,2025.12.2,4,无可唯一匹配施工事件,/
E:\压裂窜扰项目\02 规范化\不重要的\阳101H2\阳101H2 邻井压力监测\阳101h26平台临井压裂监测数据.xlsx,2025.12.4,1,无可唯一匹配施工事件,/
E:\压裂窜扰项目\02 规范化\不重要的\阳101H2\阳101H2 邻井压力监测\阳101h26平台临井压裂监测数据.xlsx,2025.12.4,2,无可唯一匹配施工事件,/
E:\压裂窜扰项目\02 规范化\不重要的\阳101H2\阳101H2 邻井压力监测\阳101h26平台临井压裂监测数据.xlsx,2025.12.4,3,无可唯一匹配施工事件,/
E:\压裂窜扰项目\02 规范化\不重要的\阳101H2\阳101H2 邻井压力监测\阳101h26平台临井压裂监测数据.xlsx,2025.12.4,4,无可唯一匹配施工事件,/
E:\压裂窜扰项目\02 规范化\不重要的\阳101H2\阳101H2 邻井压力监测\阳101h26平台临井压裂监测数据.xlsx,2025.12.5,1,无可唯一匹配施工事件,/
E:\压裂窜扰项目\02 规范化\不重要的\阳101H2\阳101H2 邻井压力监测\阳101h26平台临井压裂监测数据.xlsx,2025.12.5,2,无可唯一匹配施工事件,/
E:\压裂窜扰项目\02 规范化\不重要的\阳101H2\阳101H2 邻井压力监测\阳101h26平台临井压裂监测数据.xlsx,2025.12.5,3,无可唯一匹配施工事件,/
E:\压裂窜扰项目\02 规范化\不重要的\阳101H2\阳101H2 邻井压力监测\阳101h26平台临井压裂监测数据.xlsx,2025.12.5,4,无可唯一匹配施工事件,/
E:\压裂窜扰项目\02 规范化\不重要的\阳101H2\阳101H2 邻井压力监测\阳101h26平台临井压裂监测数据10.17.xlsx,2025.11.21,1,无可唯一匹配施工事件,/
E:\压裂窜扰项目\02 规范化\不重要的\阳101H2\阳101H2 邻井压力监测\阳101h26平台临井压裂监测数据10.17.xlsx,2025.11.21,2,无可唯一匹配施工事件,/
E:\压裂窜扰项目\02 规范化\不重要的\阳101H2\阳101H2 邻井压力监测\阳101h26平台临井压裂监测数据10.17.xlsx,2025.11.21,3,无可唯一匹配施工事件,/
E:\压裂窜扰项目\02 规范化\不重要的\阳101H2\阳101H2 邻井压力监测\阳101h26平台临井压裂监测数据10.17.xlsx,2025.11.21,4,无可唯一匹配施工事件,/
E:\压裂窜扰项目\02 规范化\不重要的\阳101H2\阳101H2 邻井压力监测\阳101h26平台临井压裂监测数据10.17.xlsx,2025.11.22,1,无可唯一匹配施工事件,/
E:\压裂窜扰项目\02 规范化\不重要的\阳101H2\阳101H2 邻井压力监测\阳101h26平台临井压裂监测数据10.17.xlsx,2025.11.22,2,无可唯一匹配施工事件,/
E:\压裂窜扰项目\02 规范化\不重要的\阳101H2\阳101H2 邻井压力监测\阳101h26平台临井压裂监测数据10.17.xlsx,2025.11.22,3,无可唯一匹配施工事件,/
E:\压裂窜扰项目\02 规范化\不重要的\阳101H2\阳101H2 邻井压力监测\阳101h26平台临井压裂监测数据10.17.xlsx,2025.11.22,4,无可唯一匹配施工事件,/
E:\压裂窜扰项目\02 规范化\不重要的\阳101H2\阳101H2 邻井压力监测\阳101h26平台临井压裂监测数据10.17.xlsx,2025.11.23,1,无可唯一匹配施工事件,/
E:\压裂窜扰项目\02 规范化\不重要的\阳101H2\阳101H2 邻井压力监测\阳101h26平台临井压裂监测数据10.17.xlsx,2025.11.23,2,无可唯一匹配施工事件,/
E:\压裂窜扰项目\02 规范化\不重要的\阳101H2\阳101H2 邻井压力监测\阳101h26平台临井压裂监测数据10.17.xlsx,2025.11.23,3,无可唯一匹配施工事件,/
E:\压裂窜扰项目\02 规范化\不重要的\阳101H2\阳101H2 邻井压力监测\阳101h26平台临井压裂监测数据10.17.xlsx,2025.11.23,4,无可唯一匹配施工事件,/
E:\压裂窜扰项目\02 规范化\不重要的\阳101H2\阳101H2 邻井压力监测\阳101h26平台临井压裂监测数据10.17.xlsx,2025.11.24,1,无可唯一匹配施工事件,/
E:\压裂窜扰项目\02 规范化\不重要的\阳101H2\阳101H2 邻井压力监测\阳101h26平台临井压裂监测数据10.17.xlsx,2025.11.24,2,无可唯一匹配施工事件,/
E:\压裂窜扰项目\02 规范化\不重要的\阳101H2\阳101H2 邻井压力监测\阳101h26平台临井压裂监测数据10.17.xlsx,2025.11.24,3,无可唯一匹配施工事件,/
E:\压裂窜扰项目\02 规范化\不重要的\阳101H2\阳101H2 邻井压力监测\阳101h26平台临井压裂监测数据10.17.xlsx,2025.11.24,4,无可唯一匹配施工事件,/
E:\压裂窜扰项目\02 规范化\不重要的\阳101H2\阳101H2 邻井压力监测\阳101h26平台临井压裂监测数据10.17.xlsx,2025.11.25,1,无可唯一匹配施工事件,/
E:\压裂窜扰项目\02 规范化\不重要的\阳101H2\阳101H2 邻井压力监测\阳101h26平台临井压裂监测数据10.17.xlsx,2025.11.25,2,无可唯一匹配施工事件,/
E:\压裂窜扰项目\02 规范化\不重要的\阳101H2\阳101H2 邻井压力监测\阳101h26平台临井压裂监测数据10.17.xlsx,2025.11.25,3,无可唯一匹配施工事件,/
E:\压裂窜扰项目\02 规范化\不重要的\阳101H2\阳101H2 邻井压力监测\阳101h26平台临井压裂监测数据10.17.xlsx,2025.11.25,4,无可唯一匹配施工事件,/
E:\压裂窜扰项目\02 规范化\不重要的\阳101H2\阳101H2 邻井压力监测\阳101h26平台临井压裂监测数据10.17.xlsx,2025.11.26,1,无可唯一匹配施工事件,/
E:\压裂窜扰项目\02 规范化\不重要的\阳101H2\阳101H2 邻井压力监测\阳101h26平台临井压裂监测数据10.17.xlsx,2025.11.26,2,无可唯一匹配施工事件,/
E:\压裂窜扰项目\02 规范化\不重要的\阳101H2\阳101H2 邻井压力监测\阳101h26平台临井压裂监测数据10.17.xlsx,2025.11.26,3,无可唯一匹配施工事件,/
E:\压裂窜扰项目\02 规范化\不重要的\阳101H2\阳101H2 邻井压力监测\阳101h26平台临井压裂监测数据10.17.xlsx,2025.11.26,4,无可唯一匹配施工事件,/
E:\压裂窜扰项目\02 规范化\不重要的\阳101H2\阳101H2 邻井压力监测\阳101h26平台临井压裂监测数据10.17.xlsx,2025.11.30,1,无可唯一匹配施工事件,/
E:\压裂窜扰项目\02 规范化\不重要的\阳101H2\阳101H2 邻井压力监测\阳101h26平台临井压裂监测数据10.17.xlsx,2025.11.30,2,无可唯一匹配施工事件,/
E:\压裂窜扰项目\02 规范化\不重要的\阳101H2\阳101H2 邻井压力监测\阳101h26平台临井压裂监测数据10.17.xlsx,2025.11.30,3,无可唯一匹配施工事件,/
E:\压裂窜扰项目\02 规范化\不重要的\阳101H2\阳101H2 邻井压力监测\阳101h26平台临井压裂监测数据10.17.xlsx,2025.11.30,4,无可唯一匹配施工事件,/
E:\压裂窜扰项目\02 规范化\不重要的\阳101H2\阳101H2 邻井压力监测\阳101h26平台临井压裂监测数据10.17.xlsx,2025.12.1,1,无可唯一匹配施工事件,/
E:\压裂窜扰项目\02 规范化\不重要的\阳101H2\阳101H2 邻井压力监测\阳101h26平台临井压裂监测数据10.17.xlsx,2025.12.1,2,无可唯一匹配施工事件,/
E:\压裂窜扰项目\02 规范化\不重要的\阳101H2\阳101H2 邻井压力监测\阳101h26平台临井压裂监测数据10.17.xlsx,2025.12.1,3,无可唯一匹配施工事件,/
E:\压裂窜扰项目\02 规范化\不重要的\阳101H2\阳101H2 邻井压力监测\阳101h26平台临井压裂监测数据10.17.xlsx,2025.12.1,4,无可唯一匹配施工事件,/
E:\压裂窜扰项目\02 规范化\不重要的\阳101H2\阳101H2 邻井压力监测\阳101h26平台临井压裂监测数据10.17.xlsx,2025.12.2,1,无可唯一匹配施工事件,/
E:\压裂窜扰项目\02 规范化\不重要的\阳101H2\阳101H2 邻井压力监测\阳101h26平台临井压裂监测数据10.17.xlsx,2025.12.2,2,无可唯一匹配施工事件,/
E:\压裂窜扰项目\02 规范化\不重要的\阳101H2\阳101H2 邻井压力监测\阳101h26平台临井压裂监测数据10.17.xlsx,2025.12.2,3,无可唯一匹配施工事件,/
E:\压裂窜扰项目\02 规范化\不重要的\阳101H2\阳101H2 邻井压力监测\阳101h26平台临井压裂监测数据10.17.xlsx,2025.12.2,4,无可唯一匹配施工事件,/
E:\压裂窜扰项目\02 规范化\不重要的\阳101H2\阳101H2 邻井压力监测\阳101h26平台临井压裂监测数据10.17.xlsx,2025.12.3,1,无可唯一匹配施工事件,/
E:\压裂窜扰项目\02 规范化\不重要的\阳101H2\阳101H2 邻井压力监测\阳101h26平台临井压裂监测数据10.17.xlsx,2025.12.3,2,无可唯一匹配施工事件,/
E:\压裂窜扰项目\02 规范化\不重要的\阳101H2\阳101H2 邻井压力监测\阳101h26平台临井压裂监测数据10.17.xlsx,2025.12.3,3,无可唯一匹配施工事件,/
E:\压裂窜扰项目\02 规范化\不重要的\阳101H2\阳101H2 邻井压力监测\阳101h26平台临井压裂监测数据10.17.xlsx,2025.12.3,4,无可唯一匹配施工事件,/
E:\压裂窜扰项目\02 规范化\不重要的\阳101H2\阳101H2 邻井压力监测\阳101h26平台临井压裂监测数据10.17.xlsx,2025.12.4,1,无可唯一匹配施工事件,/
E:\压裂窜扰项目\02 规范化\不重要的\阳101H2\阳101H2 邻井压力监测\阳101h26平台临井压裂监测数据10.17.xlsx,2025.12.4,2,无可唯一匹配施工事件,/
E:\压裂窜扰项目\02 规范化\不重要的\阳101H2\阳101H2 邻井压力监测\阳101h26平台临井压裂监测数据10.17.xlsx,2025.12.4,3,无可唯一匹配施工事件,/
E:\压裂窜扰项目\02 规范化\不重要的\阳101H2\阳101H2 邻井压力监测\阳101h26平台临井压裂监测数据10.17.xlsx,2025.12.4,4,无可唯一匹配施工事件,/
E:\压裂窜扰项目\02 规范化\不重要的\阳101H2\阳101H2 邻井压力监测\阳101h26平台临井压裂监测数据10.17.xlsx,2025.12.5,1,无可唯一匹配施工事件,/
E:\压裂窜扰项目\02 规范化\不重要的\阳101H2\阳101H2 邻井压力监测\阳101h26平台临井压裂监测数据10.17.xlsx,2025.12.5,2,无可唯一匹配施工事件,/
E:\压裂窜扰项目\02 规范化\不重要的\阳101H2\阳101H2 邻井压力监测\阳101h26平台临井压裂监测数据10.17.xlsx,2025.12.5,3,无可唯一匹配施工事件,/
E:\压裂窜扰项目\02 规范化\不重要的\阳101H2\阳101H2 邻井压力监测\阳101h26平台临井压裂监测数据10.17.xlsx,2025.12.5,4,无可唯一匹配施工事件,/
E:\压裂窜扰项目\02 规范化\不重要的\阳101H2\阳101H2 邻井压力监测\阳101h26平台临井压裂监测数据10.17.xlsx,2025.12.6,1,无可唯一匹配施工事件,/
E:\压裂窜扰项目\02 规范化\不重要的\阳101H2\阳101H2 邻井压力监测\阳101h26平台临井压裂监测数据10.17.xlsx,2025.12.6,2,无可唯一匹配施工事件,/
E:\压裂窜扰项目\02 规范化\不重要的\阳101H2\阳101H2 邻井压力监测\阳101h26平台临井压裂监测数据10.17.xlsx,2025.12.6,3,无可唯一匹配施工事件,/
E:\压裂窜扰项目\02 规范化\不重要的\阳101H2\阳101H2 邻井压力监测\阳101h26平台临井压裂监测数据10.17.xlsx,2025.12.6,4,无可唯一匹配施工事件,/
E:\压裂窜扰项目\02 规范化\不重要的\阳101H2\阳101H2 邻井压力监测\阳101h26平台临井压裂监测数据10.17.xlsx,2025.12.7,1,无可唯一匹配施工事件,/
E:\压裂窜扰项目\02 规范化\不重要的\阳101H2\阳101H2 邻井压力监测\阳101h26平台临井压裂监测数据10.17.xlsx,2025.12.7,2,无可唯一匹配施工事件,/
E:\压裂窜扰项目\02 规范化\不重要的\阳101H2\阳101H2 邻井压力监测\阳101h26平台临井压裂监测数据10.17.xlsx,2025.12.7,3,无可唯一匹配施工事件,/
E:\压裂窜扰项目\02 规范化\不重要的\阳101H2\阳101H2 邻井压力监测\阳101h26平台临井压裂监测数据10.17.xlsx,2025.12.7,4,无可唯一匹配施工事件,/
E:\压裂窜扰项目\02 规范化\不重要的\阳101H2\阳101H2 邻井压力监测\阳101h26平台临井压裂监测数据10.17.xlsx,2025.12.8,1,无可唯一匹配施工事件,/
E:\压裂窜扰项目\02 规范化\不重要的\阳101H2\阳101H2 邻井压力监测\阳101h26平台临井压裂监测数据10.17.xlsx,2025.12.8,2,无可唯一匹配施工事件,/
E:\压裂窜扰项目\02 规范化\不重要的\阳101H2\阳101H2 邻井压力监测\阳101h26平台临井压裂监测数据10.17.xlsx,2025.12.8,3,无可唯一匹配施工事件,/
E:\压裂窜扰项目\02 规范化\不重要的\阳101H2\阳101H2 邻井压力监测\阳101h26平台临井压裂监测数据10.17.xlsx,2025.12.8,4,无可唯一匹配施工事件,/
E:\压裂窜扰项目\02 规范化\不重要的\阳101H2\阳101H2 邻井压力监测\阳101h26平台临井压裂监测数据10.17.xlsx,2025.12.9,1,无可唯一匹配施工事件,/
E:\压裂窜扰项目\02 规范化\不重要的\阳101H2\阳101H2 邻井压力监测\阳101h26平台临井压裂监测数据10.17.xlsx,2025.12.9,2,无可唯一匹配施工事件,/
E:\压裂窜扰项目\02 规范化\不重要的\阳101H2\阳101H2 邻井压力监测\阳101h26平台临井压裂监测数据10.17.xlsx,2025.12.9,3,无可唯一匹配施工事件,/
E:\压裂窜扰项目\02 规范化\不重要的\阳101H2\阳101H2 邻井压力监测\阳101h26平台临井压裂监测数据10.17.xlsx,2025.12.9,4,无可唯一匹配施工事件,/
E:\压裂窜扰项目\02 规范化\不重要的\阳101H2\阳101H2 邻井压力监测\阳101h26平台临井压裂监测数据10.17.xlsx,2025.12.10,1,无可唯一匹配施工事件,/
E:\压裂窜扰项目\02 规范化\不重要的\阳101H2\阳101H2 邻井压力监测\阳101h26平台临井压裂监测数据10.17.xlsx,2025.12.10,2,无可唯一匹配施工事件,/
E:\压裂窜扰项目\02 规范化\不重要的\阳101H2\阳101H2 邻井压力监测\阳101h26平台临井压裂监测数据10.17.xlsx,2025.12.10,3,无可唯一匹配施工事件,/
E:\压裂窜扰项目\02 规范化\不重要的\阳101H2\阳101H2 邻井压力监测\阳101h26平台临井压裂监测数据10.17.xlsx,2025.12.10,4,无可唯一匹配施工事件,/
E:\压裂窜扰项目\02 规范化\不重要的\阳101H2\阳101H2 邻井压力监测\阳101h26平台临井压裂监测数据10.17.xlsx,2025.12.11,1,无可唯一匹配施工事件,/
E:\压裂窜扰项目\02 规范化\不重要的\阳101H2\阳101H2 邻井压力监测\阳101h26平台临井压裂监测数据10.17.xlsx,2025.12.11,2,无可唯一匹配施工事件,/
E:\压裂窜扰项目\02 规范化\不重要的\阳101H2\阳101H2 邻井压力监测\阳101h26平台临井压裂监测数据10.17.xlsx,2025.12.11,3,无可唯一匹配施工事件,/
E:\压裂窜扰项目\02 规范化\不重要的\阳101H2\阳101H2 邻井压力监测\阳101h26平台临井压裂监测数据10.17.xlsx,2025.12.11,4,无可唯一匹配施工事件,/
E:\压裂窜扰项目\02 规范化\不重要的\阳101H2\阳101H2 邻井压力监测\阳101h26平台临井压裂监测数据10.17.xlsx,2025.12.12,1,无可唯一匹配施工事件,/
E:\压裂窜扰项目\02 规范化\不重要的\阳101H2\阳101H2 邻井压力监测\阳101h26平台临井压裂监测数据10.17.xlsx,2025.12.12,2,无可唯一匹配施工事件,/
E:\压裂窜扰项目\02 规范化\不重要的\阳101H2\阳101H2 邻井压力监测\阳101h26平台临井压裂监测数据10.17.xlsx,2025.12.12,3,无可唯一匹配施工事件,/
E:\压裂窜扰项目\02 规范化\不重要的\阳101H2\阳101H2 邻井压力监测\阳101h26平台临井压裂监测数据10.17.xlsx,2025.12.12,4,无可唯一匹配施工事件,/
E:\压裂窜扰项目\02 规范化\不重要的\阳101H2\阳101H2 邻井压力监测\阳101h26平台临井压裂监测数据10.17.xlsx,2025.12.13,1,无可唯一匹配施工事件,/
E:\压裂窜扰项目\02 规范化\不重要的\阳101H2\阳101H2 邻井压力监测\阳101h26平台临井压裂监测数据10.17.xlsx,2025.12.13,2,无可唯一匹配施工事件,/
E:\压裂窜扰项目\02 规范化\不重要的\阳101H2\阳101H2 邻井压力监测\阳101h26平台临井压裂监测数据10.17.xlsx,2025.12.13,3,无可唯一匹配施工事件,/
E:\压裂窜扰项目\02 规范化\不重要的\阳101H2\阳101H2 邻井压力监测\阳101h26平台临井压裂监测数据10.17.xlsx,2025.12.13,4,无可唯一匹配施工事件,/
E:\压裂窜扰项目\02 规范化\不重要的\阳101H2\阳101H2 邻井压力监测\阳101h26平台临井压裂监测数据10.17.xlsx,2025.12.14,1,无可唯一匹配施工事件,/
E:\压裂窜扰项目\02 规范化\不重要的\阳101H2\阳101H2 邻井压力监测\阳101h26平台临井压裂监测数据10.17.xlsx,2025.12.14,2,无可唯一匹配施工事件,/
E:\压裂窜扰项目\02 规范化\不重要的\阳101H2\阳101H2 邻井压力监测\阳101h26平台临井压裂监测数据10.17.xlsx,2025.12.14,3,无可唯一匹配施工事件,/
E:\压裂窜扰项目\02 规范化\不重要的\阳101H2\阳101H2 邻井压力监测\阳101h26平台临井压裂监测数据10.17.xlsx,2025.12.14,4,无可唯一匹配施工事件,/
E:\压裂窜扰项目\02 规范化\不重要的\阳101H2\阳101H2 邻井压力监测\阳101h26平台临井压裂监测数据10.17.xlsx,2025.12.15,1,无可唯一匹配施工事件,/
E:\压裂窜扰项目\02 规范化\不重要的\阳101H2\阳101H2 邻井压力监测\阳101h26平台临井压裂监测数据10.17.xlsx,2025.12.15,2,无可唯一匹配施工事件,/
E:\压裂窜扰项目\02 规范化\不重要的\阳101H2\阳101H2 邻井压力监测\阳101h26平台临井压裂监测数据10.17.xlsx,2025.12.15,3,无可唯一匹配施工事件,/
E:\压裂窜扰项目\02 规范化\不重要的\阳101H2\阳101H2 邻井压力监测\阳101h26平台临井压裂监测数据10.17.xlsx,2025.12.15,4,无可唯一匹配施工事件,/
E:\压裂窜扰项目\02 规范化\不重要的\阳101H2\阳101H2 邻井压力监测\阳101h26平台临井压裂监测数据10.17.xlsx,2025.12.16,1,无可唯一匹配施工事件,/
E:\压裂窜扰项目\02 规范化\不重要的\阳101H2\阳101H2 邻井压力监测\阳101h26平台临井压裂监测数据10.17.xlsx,2025.12.16,2,无可唯一匹配施工事件,/
E:\压裂窜扰项目\02 规范化\不重要的\阳101H2\阳101H2 邻井压力监测\阳101h26平台临井压裂监测数据10.17.xlsx,2025.12.16,3,无可唯一匹配施工事件,/
E:\压裂窜扰项目\02 规范化\不重要的\阳101H2\阳101H2 邻井压力监测\阳101h26平台临井压裂监测数据10.17.xlsx,2025.12.16,4,无可唯一匹配施工事件,/
E:\压裂窜扰项目\02 规范化\不重要的\阳101H2\阳101H2 邻井压力监测\阳101h26平台临井压裂监测数据10.17.xlsx,Sheet1,1,无可唯一匹配施工事件,/
E:\压裂窜扰项目\02 规范化\不重要的\阳101H2\阳101H2 邻井压力监测\阳101h26平台临井压裂监测数据10.17.xlsx,Sheet1,2,无可唯一匹配施工事件,/
E:\压裂窜扰项目\02 规范化\不重要的\阳101H2\阳101H2 邻井压力监测\阳101h26平台临井压裂监测数据10.17.xlsx,Sheet1,3,无可唯一匹配施工事件,/
E:\压裂窜扰项目\02 规范化\不重要的\阳101H2\阳101H2 邻井压力监测\阳101h26平台临井压裂监测数据10.17.xlsx,Sheet1,4,无可唯一匹配施工事件,/
E:\压裂窜扰项目\02 规范化\不重要的\阳101H2\阳101H2 邻井压力监测\阳101h26平台临井压裂监测数据10.25.xlsx,2025.11.21,1,无可唯一匹配施工事件,/
E:\压裂窜扰项目\02 规范化\不重要的\阳101H2\阳101H2 邻井压力监测\阳101h26平台临井压裂监测数据10.25.xlsx,2025.11.21,2,无可唯一匹配施工事件,/
E:\压裂窜扰项目\02 规范化\不重要的\阳101H2\阳101H2 邻井压力监测\阳101h26平台临井压裂监测数据10.25.xlsx,2025.11.21,3,无可唯一匹配施工事件,/
E:\压裂窜扰项目\02 规范化\不重要的\阳101H2\阳101H2 邻井压力监测\阳101h26平台临井压裂监测数据10.25.xlsx,2025.11.21,4,无可唯一匹配施工事件,/
E:\压裂窜扰项目\02 规范化\不重要的\阳101H2\阳101H2 邻井压力监测\阳101h26平台临井压裂监测数据10.25.xlsx,2025.11.22,1,无可唯一匹配施工事件,/
E:\压裂窜扰项目\02 规范化\不重要的\阳101H2\阳101H2 邻井压力监测\阳101h26平台临井压裂监测数据10.25.xlsx,2025.11.22,2,无可唯一匹配施工事件,/
E:\压裂窜扰项目\02 规范化\不重要的\阳101H2\阳101H2 邻井压力监测\阳101h26平台临井压裂监测数据10.25.xlsx,2025.11.22,3,无可唯一匹配施工事件,/
E:\压裂窜扰项目\02 规范化\不重要的\阳101H2\阳101H2 邻井压力监测\阳101h26平台临井压裂监测数据10.25.xlsx,2025.11.22,4,无可唯一匹配施工事件,/
E:\压裂窜扰项目\02 规范化\不重要的\阳101H2\阳101H2 邻井压力监测\阳101h26平台临井压裂监测数据10.25.xlsx,2025.11.23,1,无可唯一匹配施工事件,/
E:\压裂窜扰项目\02 规范化\不重要的\阳101H2\阳101H2 邻井压力监测\阳101h26平台临井压裂监测数据10.25.xlsx,2025.11.23,2,无可唯一匹配施工事件,/
E:\压裂窜扰项目\02 规范化\不重要的\阳101H2\阳101H2 邻井压力监测\阳101h26平台临井压裂监测数据10.25.xlsx,2025.11.23,3,无可唯一匹配施工事件,/
E:\压裂窜扰项目\02 规范化\不重要的\阳101H2\阳101H2 邻井压力监测\阳101h26平台临井压裂监测数据10.25.xlsx,2025.11.23,4,无可唯一匹配施工事件,/
E:\压裂窜扰项目\02 规范化\不重要的\阳101H2\阳101H2 邻井压力监测\阳101h26平台临井压裂监测数据10.25.xlsx,2025.11.24,1,无可唯一匹配施工事件,/
E:\压裂窜扰项目\02 规范化\不重要的\阳101H2\阳101H2 邻井压力监测\阳101h26平台临井压裂监测数据10.25.xlsx,2025.11.24,2,无可唯一匹配施工事件,/
E:\压裂窜扰项目\02 规范化\不重要的\阳101H2\阳101H2 邻井压力监测\阳101h26平台临井压裂监测数据10.25.xlsx,2025.11.24,3,无可唯一匹配施工事件,/
E:\压裂窜扰项目\02 规范化\不重要的\阳101H2\阳101H2 邻井压力监测\阳101h26平台临井压裂监测数据10.25.xlsx,2025.11.24,4,无可唯一匹配施工事件,/
E:\压裂窜扰项目\02 规范化\不重要的\阳101H2\阳101H2 邻井压力监测\阳101h26平台临井压裂监测数据10.25.xlsx,2025.11.25,1,无可唯一匹配施工事件,/
E:\压裂窜扰项目\02 规范化\不重要的\阳101H2\阳101H2 邻井压力监测\阳101h26平台临井压裂监测数据10.25.xlsx,2025.11.25,2,无可唯一匹配施工事件,/
E:\压裂窜扰项目\02 规范化\不重要的\阳101H2\阳101H2 邻井压力监测\阳101h26平台临井压裂监测数据10.25.xlsx,2025.11.25,3,无可唯一匹配施工事件,/
E:\压裂窜扰项目\02 规范化\不重要的\阳101H2\阳101H2 邻井压力监测\阳101h26平台临井压裂监测数据10.25.xlsx,2025.11.25,4,无可唯一匹配施工事件,/
E:\压裂窜扰项目\02 规范化\不重要的\阳101H2\阳101H2 邻井压力监测\阳101h26平台临井压裂监测数据10.25.xlsx,2025.11.26,1,无可唯一匹配施工事件,/
E:\压裂窜扰项目\02 规范化\不重要的\阳101H2\阳101H2 邻井压力监测\阳101h26平台临井压裂监测数据10.25.xlsx,2025.11.26,2,无可唯一匹配施工事件,/
E:\压裂窜扰项目\02 规范化\不重要的\阳101H2\阳101H2 邻井压力监测\阳101h26平台临井压裂监测数据10.25.xlsx,2025.11.26,3,无可唯一匹配施工事件,/
E:\压裂窜扰项目\02 规范化\不重要的\阳101H2\阳101H2 邻井压力监测\阳101h26平台临井压裂监测数据10.25.xlsx,2025.11.26,4,无可唯一匹配施工事件,/
E:\压裂窜扰项目\02 规范化\不重要的\阳101H2\阳101H2 邻井压力监测\阳101h26平台临井压裂监测数据10.25.xlsx,2025.11.30,1,无可唯一匹配施工事件,/
E:\压裂窜扰项目\02 规范化\不重要的\阳101H2\阳101H2 邻井压力监测\阳101h26平台临井压裂监测数据10.25.xlsx,2025.11.30,2,无可唯一匹配施工事件,/
E:\压裂窜扰项目\02 规范化\不重要的\阳101H2\阳101H2 邻井压力监测\阳101h26平台临井压裂监测数据10.25.xlsx,2025.11.30,3,无可唯一匹配施工事件,/
E:\压裂窜扰项目\02 规范化\不重要的\阳101H2\阳101H2 邻井压力监测\阳101h26平台临井压裂监测数据10.25.xlsx,2025.11.30,4,无可唯一匹配施工事件,/
E:\压裂窜扰项目\02 规范化\不重要的\阳101H2\阳101H2 邻井压力监测\阳101h26平台临井压裂监测数据10.25.xlsx,2025.12.1,1,无可唯一匹配施工事件,/
E:\压裂窜扰项目\02 规范化\不重要的\阳101H2\阳101H2 邻井压力监测\阳101h26平台临井压裂监测数据10.25.xlsx,2025.12.1,2,无可唯一匹配施工事件,/
E:\压裂窜扰项目\02 规范化\不重要的\阳101H2\阳101H2 邻井压力监测\阳101h26平台临井压裂监测数据10.25.xlsx,2025.12.1,3,无可唯一匹配施工事件,/
E:\压裂窜扰项目\02 规范化\不重要的\阳101H2\阳101H2 邻井压力监测\阳101h26平台临井压裂监测数据10.25.xlsx,2025.12.1,4,无可唯一匹配施工事件,/
E:\压裂窜扰项目\02 规范化\不重要的\阳101H2\阳101H2 邻井压力监测\阳101h26平台临井压裂监测数据10.25.xlsx,2025.12.2,1,无可唯一匹配施工事件,/
E:\压裂窜扰项目\02 规范化\不重要的\阳101H2\阳101H2 邻井压力监测\阳101h26平台临井压裂监测数据10.25.xlsx,2025.12.2,2,无可唯一匹配施工事件,/
E:\压裂窜扰项目\02 规范化\不重要的\阳101H2\阳101H2 邻井压力监测\阳101h26平台临井压裂监测数据10.25.xlsx,2025.12.2,3,无可唯一匹配施工事件,/
E:\压裂窜扰项目\02 规范化\不重要的\阳101H2\阳101H2 邻井压力监测\阳101h26平台临井压裂监测数据10.25.xlsx,2025.12.2,4,无可唯一匹配施工事件,/
E:\压裂窜扰项目\02 规范化\不重要的\阳101H2\阳101H2 邻井压力监测\阳101h26平台临井压裂监测数据10.25.xlsx,2025.12.3,1,无可唯一匹配施工事件,/
E:\压裂窜扰项目\02 规范化\不重要的\阳101H2\阳101H2 邻井压力监测\阳101h26平台临井压裂监测数据10.25.xlsx,2025.12.3,2,无可唯一匹配施工事件,/
E:\压裂窜扰项目\02 规范化\不重要的\阳101H2\阳101H2 邻井压力监测\阳101h26平台临井压裂监测数据10.25.xlsx,2025.12.3,3,无可唯一匹配施工事件,/
E:\压裂窜扰项目\02 规范化\不重要的\阳101H2\阳101H2 邻井压力监测\阳101h26平台临井压裂监测数据10.25.xlsx,2025.12.3,4,无可唯一匹配施工事件,/
E:\压裂窜扰项目\02 规范化\不重要的\阳101H2\阳101H2 邻井压力监测\阳101h26平台临井压裂监测数据10.25.xlsx,2025.12.4,1,无可唯一匹配施工事件,/
E:\压裂窜扰项目\02 规范化\不重要的\阳101H2\阳101H2 邻井压力监测\阳101h26平台临井压裂监测数据10.25.xlsx,2025.12.4,2,无可唯一匹配施工事件,/
E:\压裂窜扰项目\02 规范化\不重要的\阳101H2\阳101H2 邻井压力监测\阳101h26平台临井压裂监测数据10.25.xlsx,2025.12.4,3,无可唯一匹配施工事件,/
E:\压裂窜扰项目\02 规范化\不重要的\阳101H2\阳101H2 邻井压力监测\阳101h26平台临井压裂监测数据10.25.xlsx,2025.12.4,4,无可唯一匹配施工事件,/
E:\压裂窜扰项目\02 规范化\不重要的\阳101H2\阳101H2 邻井压力监测\阳101h26平台临井压裂监测数据10.25.xlsx,2025.12.5,1,无可唯一匹配施工事件,/
E:\压裂窜扰项目\02 规范化\不重要的\阳101H2\阳101H2 邻井压力监测\阳101h26平台临井压裂监测数据10.25.xlsx,2025.12.5,2,无可唯一匹配施工事件,/
E:\压裂窜扰项目\02 规范化\不重要的\阳101H2\阳101H2 邻井压力监测\阳101h26平台临井压裂监测数据10.25.xlsx,2025.12.5,3,无可唯一匹配施工事件,/
E:\压裂窜扰项目\02 规范化\不重要的\阳101H2\阳101H2 邻井压力监测\阳101h26平台临井压裂监测数据10.25.xlsx,2025.12.5,4,无可唯一匹配施工事件,/
E:\压裂窜扰项目\02 规范化\不重要的\阳101H2\阳101H2 邻井压力监测\阳101h26平台临井压裂监测数据10.25.xlsx,2025.12.6,1,无可唯一匹配施工事件,/
E:\压裂窜扰项目\02 规范化\不重要的\阳101H2\阳101H2 邻井压力监测\阳101h26平台临井压裂监测数据10.25.xlsx,2025.12.6,2,无可唯一匹配施工事件,/
E:\压裂窜扰项目\02 规范化\不重要的\阳101H2\阳101H2 邻井压力监测\阳101h26平台临井压裂监测数据10.25.xlsx,2025.12.6,3,无可唯一匹配施工事件,/
E:\压裂窜扰项目\02 规范化\不重要的\阳101H2\阳101H2 邻井压力监测\阳101h26平台临井压裂监测数据10.25.xlsx,2025.12.6,4,无可唯一匹配施工事件,/
E:\压裂窜扰项目\02 规范化\不重要的\阳101H2\阳101H2 邻井压力监测\阳101h26平台临井压裂监测数据10.25.xlsx,2025.12.7,1,无可唯一匹配施工事件,/
E:\压裂窜扰项目\02 规范化\不重要的\阳101H2\阳101H2 邻井压力监测\阳101h26平台临井压裂监测数据10.25.xlsx,2025.12.7,2,无可唯一匹配施工事件,/
E:\压裂窜扰项目\02 规范化\不重要的\阳101H2\阳101H2 邻井压力监测\阳101h26平台临井压裂监测数据10.25.xlsx,2025.12.7,3,无可唯一匹配施工事件,/
E:\压裂窜扰项目\02 规范化\不重要的\阳101H2\阳101H2 邻井压力监测\阳101h26平台临井压裂监测数据10.25.xlsx,2025.12.7,4,无可唯一匹配施工事件,/
E:\压裂窜扰项目\02 规范化\不重要的\阳101H2\阳101H2 邻井压力监测\阳101h26平台临井压裂监测数据10.25.xlsx,2025.12.8,1,无可唯一匹配施工事件,/
E:\压裂窜扰项目\02 规范化\不重要的\阳101H2\阳101H2 邻井压力监测\阳101h26平台临井压裂监测数据10.25.xlsx,2025.12.8,2,无可唯一匹配施工事件,/
E:\压裂窜扰项目\02 规范化\不重要的\阳101H2\阳101H2 邻井压力监测\阳101h26平台临井压裂监测数据10.25.xlsx,2025.12.8,3,无可唯一匹配施工事件,/
E:\压裂窜扰项目\02 规范化\不重要的\阳101H2\阳101H2 邻井压力监测\阳101h26平台临井压裂监测数据10.25.xlsx,2025.12.8,4,无可唯一匹配施工事件,/
E:\压裂窜扰项目\02 规范化\不重要的\阳101H2\阳101H2 邻井压力监测\阳101h26平台临井压裂监测数据10.25.xlsx,2025.12.9,1,无可唯一匹配施工事件,/
E:\压裂窜扰项目\02 规范化\不重要的\阳101H2\阳101H2 邻井压力监测\阳101h26平台临井压裂监测数据10.25.xlsx,2025.12.9,2,无可唯一匹配施工事件,/
E:\压裂窜扰项目\02 规范化\不重要的\阳101H2\阳101H2 邻井压力监测\阳101h26平台临井压裂监测数据10.25.xlsx,2025.12.9,3,无可唯一匹配施工事件,/
E:\压裂窜扰项目\02 规范化\不重要的\阳101H2\阳101H2 邻井压力监测\阳101h26平台临井压裂监测数据10.25.xlsx,2025.12.9,4,无可唯一匹配施工事件,/
E:\压裂窜扰项目\02 规范化\不重要的\阳101H2\阳101H2 邻井压力监测\阳101h26平台临井压裂监测数据10.25.xlsx,2025.12.10,1,无可唯一匹配施工事件,/
E:\压裂窜扰项目\02 规范化\不重要的\阳101H2\阳101H2 邻井压力监测\阳101h26平台临井压裂监测数据10.25.xlsx,2025.12.10,2,无可唯一匹配施工事件,/
E:\压裂窜扰项目\02 规范化\不重要的\阳101H2\阳101H2 邻井压力监测\阳101h26平台临井压裂监测数据10.25.xlsx,2025.12.10,3,无可唯一匹配施工事件,/
E:\压裂窜扰项目\02 规范化\不重要的\阳101H2\阳101H2 邻井压力监测\阳101h26平台临井压裂监测数据10.25.xlsx,2025.12.10,4,无可唯一匹配施工事件,/
E:\压裂窜扰项目\02 规范化\不重要的\阳101H2\阳101H2 邻井压力监测\阳101h26平台临井压裂监测数据10.25.xlsx,2025.12.11,1,无可唯一匹配施工事件,/
E:\压裂窜扰项目\02 规范化\不重要的\阳101H2\阳101H2 邻井压力监测\阳101h26平台临井压裂监测数据10.25.xlsx,2025.12.11,2,无可唯一匹配施工事件,/
E:\压裂窜扰项目\02 规范化\不重要的\阳101H2\阳101H2 邻井压力监测\阳101h26平台临井压裂监测数据10.25.xlsx,2025.12.11,3,无可唯一匹配施工事件,/
E:\压裂窜扰项目\02 规范化\不重要的\阳101H2\阳101H2 邻井压力监测\阳101h26平台临井压裂监测数据10.25.xlsx,2025.12.11,4,无可唯一匹配施工事件,/
E:\压裂窜扰项目\02 规范化\不重要的\阳101H2\阳101H2 邻井压力监测\阳101h26平台临井压裂监测数据10.25.xlsx,2025.12.12,1,无可唯一匹配施工事件,/
E:\压裂窜扰项目\02 规范化\不重要的\阳101H2\阳101H2 邻井压力监测\阳101h26平台临井压裂监测数据10.25.xlsx,2025.12.12,2,无可唯一匹配施工事件,/
E:\压裂窜扰项目\02 规范化\不重要的\阳101H2\阳101H2 邻井压力监测\阳101h26平台临井压裂监测数据10.25.xlsx,2025.12.12,3,无可唯一匹配施工事件,/
E:\压裂窜扰项目\02 规范化\不重要的\阳101H2\阳101H2 邻井压力监测\阳101h26平台临井压裂监测数据10.25.xlsx,2025.12.12,4,无可唯一匹配施工事件,/
E:\压裂窜扰项目\02 规范化\不重要的\阳101H2\阳101H2 邻井压力监测\阳101h26平台临井压裂监测数据10.25.xlsx,2025.12.13,1,无可唯一匹配施工事件,/
E:\压裂窜扰项目\02 规范化\不重要的\阳101H2\阳101H2 邻井压力监测\阳101h26平台临井压裂监测数据10.25.xlsx,2025.12.13,2,无可唯一匹配施工事件,/
E:\压裂窜扰项目\02 规范化\不重要的\阳101H2\阳101H2 邻井压力监测\阳101h26平台临井压裂监测数据10.25.xlsx,2025.12.13,3,无可唯一匹配施工事件,/
E:\压裂窜扰项目\02 规范化\不重要的\阳101H2\阳101H2 邻井压力监测\阳101h26平台临井压裂监测数据10.25.xlsx,2025.12.13,4,无可唯一匹配施工事件,/
E:\压裂窜扰项目\02 规范化\不重要的\阳101H2\阳101H2 邻井压力监测\阳101h26平台临井压裂监测数据10.25.xlsx,2025.12.14,1,无可唯一匹配施工事件,/
E:\压裂窜扰项目\02 规范化\不重要的\阳101H2\阳101H2 邻井压力监测\阳101h26平台临井压裂监测数据10.25.xlsx,2025.12.14,2,无可唯一匹配施工事件,/
E:\压裂窜扰项目\02 规范化\不重要的\阳101H2\阳101H2 邻井压力监测\阳101h26平台临井压裂监测数据10.25.xlsx,2025.12.14,3,无可唯一匹配施工事件,/
E:\压裂窜扰项目\02 规范化\不重要的\阳101H2\阳101H2 邻井压力监测\阳101h26平台临井压裂监测数据10.25.xlsx,2025.12.14,4,无可唯一匹配施工事件,/
E:\压裂窜扰项目\02 规范化\不重要的\阳101H2\阳101H2 邻井压力监测\阳101h26平台临井压裂监测数据10.25.xlsx,2025.12.15,1,无可唯一匹配施工事件,/
E:\压裂窜扰项目\02 规范化\不重要的\阳101H2\阳101H2 邻井压力监测\阳101h26平台临井压裂监测数据10.25.xlsx,2025.12.15,2,无可唯一匹配施工事件,/
E:\压裂窜扰项目\02 规范化\不重要的\阳101H2\阳101H2 邻井压力监测\阳101h26平台临井压裂监测数据10.25.xlsx,2025.12.15,3,无可唯一匹配施工事件,/
E:\压裂窜扰项目\02 规范化\不重要的\阳101H2\阳101H2 邻井压力监测\阳101h26平台临井压裂监测数据10.25.xlsx,2025.12.15,4,无可唯一匹配施工事件,/
E:\压裂窜扰项目\02 规范化\不重要的\阳101H2\阳101H2 邻井压力监测\阳101h26平台临井压裂监测数据10.25.xlsx,2025.12.16,1,无可唯一匹配施工事件,/
E:\压裂窜扰项目\02 规范化\不重要的\阳101H2\阳101H2 邻井压力监测\阳101h26平台临井压裂监测数据10.25.xlsx,2025.12.16,2,无可唯一匹配施工事件,/
E:\压裂窜扰项目\02 规范化\不重要的\阳101H2\阳101H2 邻井压力监测\阳101h26平台临井压裂监测数据10.25.xlsx,2025.12.16,3,无可唯一匹配施工事件,/
E:\压裂窜扰项目\02 规范化\不重要的\阳101H2\阳101H2 邻井压力监测\阳101h26平台临井压裂监测数据10.25.xlsx,2025.12.16,4,无可唯一匹配施工事件,/
E:\压裂窜扰项目\02 规范化\不重要的\阳101H2\阳101H2 邻井压力监测\阳101h26平台临井压裂监测数据10.25.xlsx,2025.12.17,1,无可唯一匹配施工事件,/
E:\压裂窜扰项目\02 规范化\不重要的\阳101H2\阳101H2 邻井压力监测\阳101h26平台临井压裂监测数据10.25.xlsx,2025.12.17,2,无可唯一匹配施工事件,/
E:\压裂窜扰项目\02 规范化\不重要的\阳101H2\阳101H2 邻井压力监测\阳101h26平台临井压裂监测数据10.25.xlsx,2025.12.17,3,无可唯一匹配施工事件,/
E:\压裂窜扰项目\02 规范化\不重要的\阳101H2\阳101H2 邻井压力监测\阳101h26平台临井压裂监测数据10.25.xlsx,2025.12.17,4,无可唯一匹配施工事件,/
E:\压裂窜扰项目\02 规范化\不重要的\阳101H2\阳101H2 邻井压力监测\阳101h26平台临井压裂监测数据10.25.xlsx,2025.12.18,1,无可唯一匹配施工事件,/
E:\压裂窜扰项目\02 规范化\不重要的\阳101H2\阳101H2 邻井压力监测\阳101h26平台临井压裂监测数据10.25.xlsx,2025.12.18,2,无可唯一匹配施工事件,/
E:\压裂窜扰项目\02 规范化\不重要的\阳101H2\阳101H2 邻井压力监测\阳101h26平台临井压裂监测数据10.25.xlsx,2025.12.18,3,无可唯一匹配施工事件,/
E:\压裂窜扰项目\02 规范化\不重要的\阳101H2\阳101H2 邻井压力监测\阳101h26平台临井压裂监测数据10.25.xlsx,2025.12.18,4,无可唯一匹配施工事件,/
E:\压裂窜扰项目\02 规范化\不重要的\阳101H2\阳101H2 邻井压力监测\阳101h26平台临井压裂监测数据10.25.xlsx,2025.12.19,1,无可唯一匹配施工事件,/
E:\压裂窜扰项目\02 规范化\不重要的\阳101H2\阳101H2 邻井压力监测\阳101h26平台临井压裂监测数据10.25.xlsx,2025.12.19,2,无可唯一匹配施工事件,/
E:\压裂窜扰项目\02 规范化\不重要的\阳101H2\阳101H2 邻井压力监测\阳101h26平台临井压裂监测数据10.25.xlsx,2025.12.19,3,无可唯一匹配施工事件,/
E:\压裂窜扰项目\02 规范化\不重要的\阳101H2\阳101H2 邻井压力监测\阳101h26平台临井压裂监测数据10.25.xlsx,2025.12.19,4,无可唯一匹配施工事件,/
E:\压裂窜扰项目\02 规范化\不重要的\阳101H2\阳101H2 邻井压力监测\阳101h26平台临井压裂监测数据10.25.xlsx,2025.12.20,1,无可唯一匹配施工事件,/
E:\压裂窜扰项目\02 规范化\不重要的\阳101H2\阳101H2 邻井压力监测\阳101h26平台临井压裂监测数据10.25.xlsx,2025.12.20,2,无可唯一匹配施工事件,/
E:\压裂窜扰项目\02 规范化\不重要的\阳101H2\阳101H2 邻井压力监测\阳101h26平台临井压裂监测数据10.25.xlsx,2025.12.20,3,无可唯一匹配施工事件,/
E:\压裂窜扰项目\02 规范化\不重要的\阳101H2\阳101H2 邻井压力监测\阳101h26平台临井压裂监测数据10.25.xlsx,2025.12.20,4,无可唯一匹配施工事件,/
E:\压裂窜扰项目\02 规范化\不重要的\阳101H2\阳101H2 邻井压力监测\阳101h26平台临井压裂监测数据10.25.xlsx,2025.12.21,1,无可唯一匹配施工事件,/
E:\压裂窜扰项目\02 规范化\不重要的\阳101H2\阳101H2 邻井压力监测\阳101h26平台临井压裂监测数据10.25.xlsx,2025.12.21,2,无可唯一匹配施工事件,/
E:\压裂窜扰项目\02 规范化\不重要的\阳101H2\阳101H2 邻井压力监测\阳101h26平台临井压裂监测数据10.25.xlsx,2025.12.21,3,无可唯一匹配施工事件,/
E:\压裂窜扰项目\02 规范化\不重要的\阳101H2\阳101H2 邻井压力监测\阳101h26平台临井压裂监测数据10.25.xlsx,2025.12.21,4,无可唯一匹配施工事件,/
E:\压裂窜扰项目\02 规范化\不重要的\阳101H2\阳101H2 邻井压力监测\阳101h26平台临井压裂监测数据10.25.xlsx,2025.12.22,1,无可唯一匹配施工事件,/
E:\压裂窜扰项目\02 规范化\不重要的\阳101H2\阳101H2 邻井压力监测\阳101h26平台临井压裂监测数据10.25.xlsx,2025.12.22,2,无可唯一匹配施工事件,/
E:\压裂窜扰项目\02 规范化\不重要的\阳101H2\阳101H2 邻井压力监测\阳101h26平台临井压裂监测数据10.25.xlsx,2025.12.22,3,无可唯一匹配施工事件,/
E:\压裂窜扰项目\02 规范化\不重要的\阳101H2\阳101H2 邻井压力监测\阳101h26平台临井压裂监测数据10.25.xlsx,2025.12.22,4,无可唯一匹配施工事件,/
E:\压裂窜扰项目\02 规范化\不重要的\阳101H2\阳101H2 邻井压力监测\阳101h26平台临井压裂监测数据10.25.xlsx,2025.12.23,1,无可唯一匹配施工事件,/
E:\压裂窜扰项目\02 规范化\不重要的\阳101H2\阳101H2 邻井压力监测\阳101h26平台临井压裂监测数据10.25.xlsx,2025.12.23,2,无可唯一匹配施工事件,/
E:\压裂窜扰项目\02 规范化\不重要的\阳101H2\阳101H2 邻井压力监测\阳101h26平台临井压裂监测数据10.25.xlsx,2025.12.23,3,无可唯一匹配施工事件,/
E:\压裂窜扰项目\02 规范化\不重要的\阳101H2\阳101H2 邻井压力监测\阳101h26平台临井压裂监测数据10.25.xlsx,2025.12.23,4,无可唯一匹配施工事件,/
E:\压裂窜扰项目\02 规范化\不重要的\阳101H2\阳101H2 邻井压力监测\阳101h26平台临井压裂监测数据10.25.xlsx,2025.12.24,1,无可唯一匹配施工事件,/
E:\压裂窜扰项目\02 规范化\不重要的\阳101H2\阳101H2 邻井压力监测\阳101h26平台临井压裂监测数据10.25.xlsx,2025.12.24,2,无可唯一匹配施工事件,/
E:\压裂窜扰项目\02 规范化\不重要的\阳101H2\阳101H2 邻井压力监测\阳101h26平台临井压裂监测数据10.25.xlsx,2025.12.24,3,无可唯一匹配施工事件,/
E:\压裂窜扰项目\02 规范化\不重要的\阳101H2\阳101H2 邻井压力监测\阳101h26平台临井压裂监测数据10.25.xlsx,2025.12.24,4,无可唯一匹配施工事件,/
E:\压裂窜扰项目\02 规范化\不重要的\阳101H2\阳101H2 邻井压力监测\阳101h26平台临井压裂监测数据10.25.xlsx,2025.12.25,1,无可唯一匹配施工事件,/
E:\压裂窜扰项目\02 规范化\不重要的\阳101H2\阳101H2 邻井压力监测\阳101h26平台临井压裂监测数据10.25.xlsx,2025.12.25,2,无可唯一匹配施工事件,/
E:\压裂窜扰项目\02 规范化\不重要的\阳101H2\阳101H2 邻井压力监测\阳101h26平台临井压裂监测数据10.25.xlsx,2025.12.25,3,无可唯一匹配施工事件,/
E:\压裂窜扰项目\02 规范化\不重要的\阳101H2\阳101H2 邻井压力监测\阳101h26平台临井压裂监测数据10.25.xlsx,2025.12.25,4,无可唯一匹配施工事件,/
E:\压裂窜扰项目\02 规范化\不重要的\阳101H2\阳101H2 邻井压力监测\阳101h26平台临井压裂监测数据10.26(2).xlsx,2025.11.21,1,无可唯一匹配施工事件,/
E:\压裂窜扰项目\02 规范化\不重要的\阳101H2\阳101H2 邻井压力监测\阳101h26平台临井压裂监测数据10.26(2).xlsx,2025.11.21,2,无可唯一匹配施工事件,/
E:\压裂窜扰项目\02 规范化\不重要的\阳101H2\阳101H2 邻井压力监测\阳101h26平台临井压裂监测数据10.26(2).xlsx,2025.11.21,3,无可唯一匹配施工事件,/
E:\压裂窜扰项目\02 规范化\不重要的\阳101H2\阳101H2 邻井压力监测\阳101h26平台临井压裂监测数据10.26(2).xlsx,2025.11.21,4,无可唯一匹配施工事件,/
E:\压裂窜扰项目\02 规范化\不重要的\阳101H2\阳101H2 邻井压力监测\阳101h26平台临井压裂监测数据10.26(2).xlsx,2025.11.22,1,无可唯一匹配施工事件,/
E:\压裂窜扰项目\02 规范化\不重要的\阳101H2\阳101H2 邻井压力监测\阳101h26平台临井压裂监测数据10.26(2).xlsx,2025.11.22,2,无可唯一匹配施工事件,/
E:\压裂窜扰项目\02 规范化\不重要的\阳101H2\阳101H2 邻井压力监测\阳101h26平台临井压裂监测数据10.26(2).xlsx,2025.11.22,3,无可唯一匹配施工事件,/
E:\压裂窜扰项目\02 规范化\不重要的\阳101H2\阳101H2 邻井压力监测\阳101h26平台临井压裂监测数据10.26(2).xlsx,2025.11.22,4,无可唯一匹配施工事件,/
E:\压裂窜扰项目\02 规范化\不重要的\阳101H2\阳101H2 邻井压力监测\阳101h26平台临井压裂监测数据10.26(2).xlsx,2025.11.23,1,无可唯一匹配施工事件,/
E:\压裂窜扰项目\02 规范化\不重要的\阳101H2\阳101H2 邻井压力监测\阳101h26平台临井压裂监测数据10.26(2).xlsx,2025.11.23,2,无可唯一匹配施工事件,/
E:\压裂窜扰项目\02 规范化\不重要的\阳101H2\阳101H2 邻井压力监测\阳101h26平台临井压裂监测数据10.26(2).xlsx,2025.11.23,3,无可唯一匹配施工事件,/
E:\压裂窜扰项目\02 规范化\不重要的\阳101H2\阳101H2 邻井压力监测\阳101h26平台临井压裂监测数据10.26(2).xlsx,2025.11.23,4,无可唯一匹配施工事件,/
E:\压裂窜扰项目\02 规范化\不重要的\阳101H2\阳101H2 邻井压力监测\阳101h26平台临井压裂监测数据10.26(2).xlsx,2025.11.24,1,无可唯一匹配施工事件,/
E:\压裂窜扰项目\02 规范化\不重要的\阳101H2\阳101H2 邻井压力监测\阳101h26平台临井压裂监测数据10.26(2).xlsx,2025.11.24,2,无可唯一匹配施工事件,/
E:\压裂窜扰项目\02 规范化\不重要的\阳101H2\阳101H2 邻井压力监测\阳101h26平台临井压裂监测数据10.26(2).xlsx,2025.11.24,3,无可唯一匹配施工事件,/
E:\压裂窜扰项目\02 规范化\不重要的\阳101H2\阳101H2 邻井压力监测\阳101h26平台临井压裂监测数据10.26(2).xlsx,2025.11.24,4,无可唯一匹配施工事件,/
E:\压裂窜扰项目\02 规范化\不重要的\阳101H2\阳101H2 邻井压力监测\阳101h26平台临井压裂监测数据10.26(2).xlsx,2025.11.25,1,无可唯一匹配施工事件,/
E:\压裂窜扰项目\02 规范化\不重要的\阳101H2\阳101H2 邻井压力监测\阳101h26平台临井压裂监测数据10.26(2).xlsx,2025.11.25,2,无可唯一匹配施工事件,/
E:\压裂窜扰项目\02 规范化\不重要的\阳101H2\阳101H2 邻井压力监测\阳101h26平台临井压裂监测数据10.26(2).xlsx,2025.11.25,3,无可唯一匹配施工事件,/
E:\压裂窜扰项目\02 规范化\不重要的\阳101H2\阳101H2 邻井压力监测\阳101h26平台临井压裂监测数据10.26(2).xlsx,2025.11.25,4,无可唯一匹配施工事件,/
E:\压裂窜扰项目\02 规范化\不重要的\阳101H2\阳101H2 邻井压力监测\阳101h26平台临井压裂监测数据10.26(2).xlsx,2025.11.26,1,无可唯一匹配施工事件,/
E:\压裂窜扰项目\02 规范化\不重要的\阳101H2\阳101H2 邻井压力监测\阳101h26平台临井压裂监测数据10.26(2).xlsx,2025.11.26,2,无可唯一匹配施工事件,/
E:\压裂窜扰项目\02 规范化\不重要的\阳101H2\阳101H2 邻井压力监测\阳101h26平台临井压裂监测数据10.26(2).xlsx,2025.11.26,3,无可唯一匹配施工事件,/
E:\压裂窜扰项目\02 规范化\不重要的\阳101H2\阳101H2 邻井压力监测\阳101h26平台临井压裂监测数据10.26(2).xlsx,2025.11.26,4,无可唯一匹配施工事件,/
E:\压裂窜扰项目\02 规范化\不重要的\阳101H2\阳101H2 邻井压力监测\阳101h26平台临井压裂监测数据10.26(2).xlsx,2025.11.30,1,无可唯一匹配施工事件,/
E:\压裂窜扰项目\02 规范化\不重要的\阳101H2\阳101H2 邻井压力监测\阳101h26平台临井压裂监测数据10.26(2).xlsx,2025.11.30,2,无可唯一匹配施工事件,/
E:\压裂窜扰项目\02 规范化\不重要的\阳101H2\阳101H2 邻井压力监测\阳101h26平台临井压裂监测数据10.26(2).xlsx,2025.11.30,3,无可唯一匹配施工事件,/
E:\压裂窜扰项目\02 规范化\不重要的\阳101H2\阳101H2 邻井压力监测\阳101h26平台临井压裂监测数据10.26(2).xlsx,2025.11.30,4,无可唯一匹配施工事件,/
E:\压裂窜扰项目\02 规范化\不重要的\阳101H2\阳101H2 邻井压力监测\阳101h26平台临井压裂监测数据10.26(2).xlsx,2025.12.1,1,无可唯一匹配施工事件,/
E:\压裂窜扰项目\02 规范化\不重要的\阳101H2\阳101H2 邻井压力监测\阳101h26平台临井压裂监测数据10.26(2).xlsx,2025.12.1,2,无可唯一匹配施工事件,/
E:\压裂窜扰项目\02 规范化\不重要的\阳101H2\阳101H2 邻井压力监测\阳101h26平台临井压裂监测数据10.26(2).xlsx,2025.12.1,3,无可唯一匹配施工事件,/
E:\压裂窜扰项目\02 规范化\不重要的\阳101H2\阳101H2 邻井压力监测\阳101h26平台临井压裂监测数据10.26(2).xlsx,2025.12.1,4,无可唯一匹配施工事件,/
E:\压裂窜扰项目\02 规范化\不重要的\阳101H2\阳101H2 邻井压力监测\阳101h26平台临井压裂监测数据10.26(2).xlsx,2025.12.2,1,无可唯一匹配施工事件,/
E:\压裂窜扰项目\02 规范化\不重要的\阳101H2\阳101H2 邻井压力监测\阳101h26平台临井压裂监测数据10.26(2).xlsx,2025.12.2,2,无可唯一匹配施工事件,/
E:\压裂窜扰项目\02 规范化\不重要的\阳101H2\阳101H2 邻井压力监测\阳101h26平台临井压裂监测数据10.26(2).xlsx,2025.12.2,3,无可唯一匹配施工事件,/
E:\压裂窜扰项目\02 规范化\不重要的\阳101H2\阳101H2 邻井压力监测\阳101h26平台临井压裂监测数据10.26(2).xlsx,2025.12.2,4,无可唯一匹配施工事件,/
E:\压裂窜扰项目\02 规范化\不重要的\阳101H2\阳101H2 邻井压力监测\阳101h26平台临井压裂监测数据10.26(2).xlsx,2025.12.3,1,无可唯一匹配施工事件,/
E:\压裂窜扰项目\02 规范化\不重要的\阳101H2\阳101H2 邻井压力监测\阳101h26平台临井压裂监测数据10.26(2).xlsx,2025.12.3,2,无可唯一匹配施工事件,/
E:\压裂窜扰项目\02 规范化\不重要的\阳101H2\阳101H2 邻井压力监测\阳101h26平台临井压裂监测数据10.26(2).xlsx,2025.12.3,3,无可唯一匹配施工事件,/
E:\压裂窜扰项目\02 规范化\不重要的\阳101H2\阳101H2 邻井压力监测\阳101h26平台临井压裂监测数据10.26(2).xlsx,2025.12.3,4,无可唯一匹配施工事件,/
E:\压裂窜扰项目\02 规范化\不重要的\阳101H2\阳101H2 邻井压力监测\阳101h26平台临井压裂监测数据10.26(2).xlsx,2025.12.4,1,无可唯一匹配施工事件,/
E:\压裂窜扰项目\02 规范化\不重要的\阳101H2\阳101H2 邻井压力监测\阳101h26平台临井压裂监测数据10.26(2).xlsx,2025.12.4,2,无可唯一匹配施工事件,/
E:\压裂窜扰项目\02 规范化\不重要的\阳101H2\阳101H2 邻井压力监测\阳101h26平台临井压裂监测数据10.26(2).xlsx,2025.12.4,3,无可唯一匹配施工事件,/
E:\压裂窜扰项目\02 规范化\不重要的\阳101H2\阳101H2 邻井压力监测\阳101h26平台临井压裂监测数据10.26(2).xlsx,2025.12.4,4,无可唯一匹配施工事件,/
E:\压裂窜扰项目\02 规范化\不重要的\阳101H2\阳101H2 邻井压力监测\阳101h26平台临井压裂监测数据10.26(2).xlsx,2025.12.5,1,无可唯一匹配施工事件,/
E:\压裂窜扰项目\02 规范化\不重要的\阳101H2\阳101H2 邻井压力监测\阳101h26平台临井压裂监测数据10.26(2).xlsx,2025.12.5,2,无可唯一匹配施工事件,/
E:\压裂窜扰项目\02 规范化\不重要的\阳101H2\阳101H2 邻井压力监测\阳101h26平台临井压裂监测数据10.26(2).xlsx,2025.12.5,3,无可唯一匹配施工事件,/
E:\压裂窜扰项目\02 规范化\不重要的\阳101H2\阳101H2 邻井压力监测\阳101h26平台临井压裂监测数据10.26(2).xlsx,2025.12.5,4,无可唯一匹配施工事件,/
E:\压裂窜扰项目\02 规范化\不重要的\阳101H2\阳101H2 邻井压力监测\阳101h26平台临井压裂监测数据10.26(2).xlsx,2025.12.6,1,无可唯一匹配施工事件,/
E:\压裂窜扰项目\02 规范化\不重要的\阳101H2\阳101H2 邻井压力监测\阳101h26平台临井压裂监测数据10.26(2).xlsx,2025.12.6,2,无可唯一匹配施工事件,/
E:\压裂窜扰项目\02 规范化\不重要的\阳101H2\阳101H2 邻井压力监测\阳101h26平台临井压裂监测数据10.26(2).xlsx,2025.12.6,3,无可唯一匹配施工事件,/
E:\压裂窜扰项目\02 规范化\不重要的\阳101H2\阳101H2 邻井压力监测\阳101h26平台临井压裂监测数据10.26(2).xlsx,2025.12.6,4,无可唯一匹配施工事件,/
E:\压裂窜扰项目\02 规范化\不重要的\阳101H2\阳101H2 邻井压力监测\阳101h26平台临井压裂监测数据10.26(2).xlsx,2025.12.7,1,无可唯一匹配施工事件,/
E:\压裂窜扰项目\02 规范化\不重要的\阳101H2\阳101H2 邻井压力监测\阳101h26平台临井压裂监测数据10.26(2).xlsx,2025.12.7,2,无可唯一匹配施工事件,/
E:\压裂窜扰项目\02 规范化\不重要的\阳101H2\阳101H2 邻井压力监测\阳101h26平台临井压裂监测数据10.26(2).xlsx,2025.12.7,3,无可唯一匹配施工事件,/
E:\压裂窜扰项目\02 规范化\不重要的\阳101H2\阳101H2 邻井压力监测\阳101h26平台临井压裂监测数据10.26(2).xlsx,2025.12.7,4,无可唯一匹配施工事件,/
E:\压裂窜扰项目\02 规范化\不重要的\阳101H2\阳101H2 邻井压力监测\阳101h26平台临井压裂监测数据10.26(2).xlsx,2025.12.8,1,无可唯一匹配施工事件,/
E:\压裂窜扰项目\02 规范化\不重要的\阳101H2\阳101H2 邻井压力监测\阳101h26平台临井压裂监测数据10.26(2).xlsx,2025.12.8,2,无可唯一匹配施工事件,/
E:\压裂窜扰项目\02 规范化\不重要的\阳101H2\阳101H2 邻井压力监测\阳101h26平台临井压裂监测数据10.26(2).xlsx,2025.12.8,3,无可唯一匹配施工事件,/
E:\压裂窜扰项目\02 规范化\不重要的\阳101H2\阳101H2 邻井压力监测\阳101h26平台临井压裂监测数据10.26(2).xlsx,2025.12.8,4,无可唯一匹配施工事件,/
E:\压裂窜扰项目\02 规范化\不重要的\阳101H2\阳101H2 邻井压力监测\阳101h26平台临井压裂监测数据10.26(2).xlsx,2025.12.9,1,无可唯一匹配施工事件,/
E:\压裂窜扰项目\02 规范化\不重要的\阳101H2\阳101H2 邻井压力监测\阳101h26平台临井压裂监测数据10.26(2).xlsx,2025.12.9,2,无可唯一匹配施工事件,/
E:\压裂窜扰项目\02 规范化\不重要的\阳101H2\阳101H2 邻井压力监测\阳101h26平台临井压裂监测数据10.26(2).xlsx,2025.12.9,3,无可唯一匹配施工事件,/
E:\压裂窜扰项目\02 规范化\不重要的\阳101H2\阳101H2 邻井压力监测\阳101h26平台临井压裂监测数据10.26(2).xlsx,2025.12.9,4,无可唯一匹配施工事件,/
E:\压裂窜扰项目\02 规范化\不重要的\阳101H2\阳101H2 邻井压力监测\阳101h26平台临井压裂监测数据10.26(2).xlsx,2025.12.10,1,无可唯一匹配施工事件,/
E:\压裂窜扰项目\02 规范化\不重要的\阳101H2\阳101H2 邻井压力监测\阳101h26平台临井压裂监测数据10.26(2).xlsx,2025.12.10,2,无可唯一匹配施工事件,/
E:\压裂窜扰项目\02 规范化\不重要的\阳101H2\阳101H2 邻井压力监测\阳101h26平台临井压裂监测数据10.26(2).xlsx,2025.12.10,3,无可唯一匹配施工事件,/
E:\压裂窜扰项目\02 规范化\不重要的\阳101H2\阳101H2 邻井压力监测\阳101h26平台临井压裂监测数据10.26(2).xlsx,2025.12.10,4,无可唯一匹配施工事件,/
E:\压裂窜扰项目\02 规范化\不重要的\阳101H2\阳101H2 邻井压力监测\阳101h26平台临井压裂监测数据10.26(2).xlsx,2025.12.11,1,无可唯一匹配施工事件,/
E:\压裂窜扰项目\02 规范化\不重要的\阳101H2\阳101H2 邻井压力监测\阳101h26平台临井压裂监测数据10.26(2).xlsx,2025.12.11,2,无可唯一匹配施工事件,/
E:\压裂窜扰项目\02 规范化\不重要的\阳101H2\阳101H2 邻井压力监测\阳101h26平台临井压裂监测数据10.26(2).xlsx,2025.12.11,3,无可唯一匹配施工事件,/
E:\压裂窜扰项目\02 规范化\不重要的\阳101H2\阳101H2 邻井压力监测\阳101h26平台临井压裂监测数据10.26(2).xlsx,2025.12.11,4,无可唯一匹配施工事件,/
E:\压裂窜扰项目\02 规范化\不重要的\阳101H2\阳101H2 邻井压力监测\阳101h26平台临井压裂监测数据10.26(2).xlsx,2025.12.12,1,无可唯一匹配施工事件,/
E:\压裂窜扰项目\02 规范化\不重要的\阳101H2\阳101H2 邻井压力监测\阳101h26平台临井压裂监测数据10.26(2).xlsx,2025.12.12,2,无可唯一匹配施工事件,/
E:\压裂窜扰项目\02 规范化\不重要的\阳101H2\阳101H2 邻井压力监测\阳101h26平台临井压裂监测数据10.26(2).xlsx,2025.12.12,3,无可唯一匹配施工事件,/
E:\压裂窜扰项目\02 规范化\不重要的\阳101H2\阳101H2 邻井压力监测\阳101h26平台临井压裂监测数据10.26(2).xlsx,2025.12.12,4,无可唯一匹配施工事件,/
E:\压裂窜扰项目\02 规范化\不重要的\阳101H2\阳101H2 邻井压力监测\阳101h26平台临井压裂监测数据10.26(2).xlsx,2025.12.13,1,无可唯一匹配施工事件,/
E:\压裂窜扰项目\02 规范化\不重要的\阳101H2\阳101H2 邻井压力监测\阳101h26平台临井压裂监测数据10.26(2).xlsx,2025.12.13,2,无可唯一匹配施工事件,/
E:\压裂窜扰项目\02 规范化\不重要的\阳101H2\阳101H2 邻井压力监测\阳101h26平台临井压裂监测数据10.26(2).xlsx,2025.12.13,3,无可唯一匹配施工事件,/
E:\压裂窜扰项目\02 规范化\不重要的\阳101H2\阳101H2 邻井压力监测\阳101h26平台临井压裂监测数据10.26(2).xlsx,2025.12.13,4,无可唯一匹配施工事件,/
E:\压裂窜扰项目\02 规范化\不重要的\阳101H2\阳101H2 邻井压力监测\阳101h26平台临井压裂监测数据10.26(2).xlsx,2025.12.14,1,无可唯一匹配施工事件,/
E:\压裂窜扰项目\02 规范化\不重要的\阳101H2\阳101H2 邻井压力监测\阳101h26平台临井压裂监测数据10.26(2).xlsx,2025.12.14,2,无可唯一匹配施工事件,/
E:\压裂窜扰项目\02 规范化\不重要的\阳101H2\阳101H2 邻井压力监测\阳101h26平台临井压裂监测数据10.26(2).xlsx,2025.12.14,3,无可唯一匹配施工事件,/
E:\压裂窜扰项目\02 规范化\不重要的\阳101H2\阳101H2 邻井压力监测\阳101h26平台临井压裂监测数据10.26(2).xlsx,2025.12.14,4,无可唯一匹配施工事件,/
E:\压裂窜扰项目\02 规范化\不重要的\阳101H2\阳101H2 邻井压力监测\阳101h26平台临井压裂监测数据10.26(2).xlsx,2025.12.15,1,无可唯一匹配施工事件,/
E:\压裂窜扰项目\02 规范化\不重要的\阳101H2\阳101H2 邻井压力监测\阳101h26平台临井压裂监测数据10.26(2).xlsx,2025.12.15,2,无可唯一匹配施工事件,/
E:\压裂窜扰项目\02 规范化\不重要的\阳101H2\阳101H2 邻井压力监测\阳101h26平台临井压裂监测数据10.26(2).xlsx,2025.12.15,3,无可唯一匹配施工事件,/
E:\压裂窜扰项目\02 规范化\不重要的\阳101H2\阳101H2 邻井压力监测\阳101h26平台临井压裂监测数据10.26(2).xlsx,2025.12.15,4,无可唯一匹配施工事件,/
E:\压裂窜扰项目\02 规范化\不重要的\阳101H2\阳101H2 邻井压力监测\阳101h26平台临井压裂监测数据10.26(2).xlsx,2025.12.16,1,无可唯一匹配施工事件,/
E:\压裂窜扰项目\02 规范化\不重要的\阳101H2\阳101H2 邻井压力监测\阳101h26平台临井压裂监测数据10.26(2).xlsx,2025.12.16,2,无可唯一匹配施工事件,/
E:\压裂窜扰项目\02 规范化\不重要的\阳101H2\阳101H2 邻井压力监测\阳101h26平台临井压裂监测数据10.26(2).xlsx,2025.12.16,3,无可唯一匹配施工事件,/
E:\压裂窜扰项目\02 规范化\不重要的\阳101H2\阳101H2 邻井压力监测\阳101h26平台临井压裂监测数据10.26(2).xlsx,2025.12.16,4,无可唯一匹配施工事件,/
E:\压裂窜扰项目\02 规范化\不重要的\阳101H2\阳101H2 邻井压力监测\阳101h26平台临井压裂监测数据10.26(2).xlsx,2025.12.17,1,无可唯一匹配施工事件,/
E:\压裂窜扰项目\02 规范化\不重要的\阳101H2\阳101H2 邻井压力监测\阳101h26平台临井压裂监测数据10.26(2).xlsx,2025.12.17,2,无可唯一匹配施工事件,/
E:\压裂窜扰项目\02 规范化\不重要的\阳101H2\阳101H2 邻井压力监测\阳101h26平台临井压裂监测数据10.26(2).xlsx,2025.12.17,3,无可唯一匹配施工事件,/
E:\压裂窜扰项目\02 规范化\不重要的\阳101H2\阳101H2 邻井压力监测\阳101h26平台临井压裂监测数据10.26(2).xlsx,2025.12.17,4,无可唯一匹配施工事件,/
E:\压裂窜扰项目\02 规范化\不重要的\阳101H2\阳101H2 邻井压力监测\阳101h26平台临井压裂监测数据10.26(2).xlsx,2025.12.18,1,无可唯一匹配施工事件,/
E:\压裂窜扰项目\02 规范化\不重要的\阳101H2\阳101H2 邻井压力监测\阳101h26平台临井压裂监测数据10.26(2).xlsx,2025.12.18,2,无可唯一匹配施工事件,/
E:\压裂窜扰项目\02 规范化\不重要的\阳101H2\阳101H2 邻井压力监测\阳101h26平台临井压裂监测数据10.26(2).xlsx,2025.12.18,3,无可唯一匹配施工事件,/
E:\压裂窜扰项目\02 规范化\不重要的\阳101H2\阳101H2 邻井压力监测\阳101h26平台临井压裂监测数据10.26(2).xlsx,2025.12.18,4,无可唯一匹配施工事件,/
E:\压裂窜扰项目\02 规范化\不重要的\阳101H2\阳101H2 邻井压力监测\阳101h26平台临井压裂监测数据10.26(2).xlsx,2025.12.19,1,无可唯一匹配施工事件,/
E:\压裂窜扰项目\02 规范化\不重要的\阳101H2\阳101H2 邻井压力监测\阳101h26平台临井压裂监测数据10.26(2).xlsx,2025.12.19,2,无可唯一匹配施工事件,/
E:\压裂窜扰项目\02 规范化\不重要的\阳101H2\阳101H2 邻井压力监测\阳101h26平台临井压裂监测数据10.26(2).xlsx,2025.12.19,3,无可唯一匹配施工事件,/
E:\压裂窜扰项目\02 规范化\不重要的\阳101H2\阳101H2 邻井压力监测\阳101h26平台临井压裂监测数据10.26(2).xlsx,2025.12.19,4,无可唯一匹配施工事件,/
E:\压裂窜扰项目\02 规范化\不重要的\阳101H2\阳101H2 邻井压力监测\阳101h26平台临井压裂监测数据10.26(2).xlsx,2025.12.20,1,无可唯一匹配施工事件,/
E:\压裂窜扰项目\02 规范化\不重要的\阳101H2\阳101H2 邻井压力监测\阳101h26平台临井压裂监测数据10.26(2).xlsx,2025.12.20,2,无可唯一匹配施工事件,/
E:\压裂窜扰项目\02 规范化\不重要的\阳101H2\阳101H2 邻井压力监测\阳101h26平台临井压裂监测数据10.26(2).xlsx,2025.12.20,3,无可唯一匹配施工事件,/
E:\压裂窜扰项目\02 规范化\不重要的\阳101H2\阳101H2 邻井压力监测\阳101h26平台临井压裂监测数据10.26(2).xlsx,2025.12.20,4,无可唯一匹配施工事件,/
E:\压裂窜扰项目\02 规范化\不重要的\阳101H2\阳101H2 邻井压力监测\阳101h26平台临井压裂监测数据10.26(2).xlsx,2025.12.21,1,无可唯一匹配施工事件,/
E:\压裂窜扰项目\02 规范化\不重要的\阳101H2\阳101H2 邻井压力监测\阳101h26平台临井压裂监测数据10.26(2).xlsx,2025.12.21,2,无可唯一匹配施工事件,/
E:\压裂窜扰项目\02 规范化\不重要的\阳101H2\阳101H2 邻井压力监测\阳101h26平台临井压裂监测数据10.26(2).xlsx,2025.12.21,3,无可唯一匹配施工事件,/
E:\压裂窜扰项目\02 规范化\不重要的\阳101H2\阳101H2 邻井压力监测\阳101h26平台临井压裂监测数据10.26(2).xlsx,2025.12.21,4,无可唯一匹配施工事件,/
E:\压裂窜扰项目\02 规范化\不重要的\阳101H2\阳101H2 邻井压力监测\阳101h26平台临井压裂监测数据10.26(2).xlsx,2025.12.22,1,无可唯一匹配施工事件,/
E:\压裂窜扰项目\02 规范化\不重要的\阳101H2\阳101H2 邻井压力监测\阳101h26平台临井压裂监测数据10.26(2).xlsx,2025.12.22,2,无可唯一匹配施工事件,/
E:\压裂窜扰项目\02 规范化\不重要的\阳101H2\阳101H2 邻井压力监测\阳101h26平台临井压裂监测数据10.26(2).xlsx,2025.12.22,3,无可唯一匹配施工事件,/
E:\压裂窜扰项目\02 规范化\不重要的\阳101H2\阳101H2 邻井压力监测\阳101h26平台临井压裂监测数据10.26(2).xlsx,2025.12.22,4,无可唯一匹配施工事件,/
E:\压裂窜扰项目\02 规范化\不重要的\阳101H2\阳101H2 邻井压力监测\阳101h26平台临井压裂监测数据10.26(2).xlsx,2025.12.23,1,无可唯一匹配施工事件,/
E:\压裂窜扰项目\02 规范化\不重要的\阳101H2\阳101H2 邻井压力监测\阳101h26平台临井压裂监测数据10.26(2).xlsx,2025.12.23,2,无可唯一匹配施工事件,/
E:\压裂窜扰项目\02 规范化\不重要的\阳101H2\阳101H2 邻井压力监测\阳101h26平台临井压裂监测数据10.26(2).xlsx,2025.12.23,3,无可唯一匹配施工事件,/
E:\压裂窜扰项目\02 规范化\不重要的\阳101H2\阳101H2 邻井压力监测\阳101h26平台临井压裂监测数据10.26(2).xlsx,2025.12.23,4,无可唯一匹配施工事件,/
E:\压裂窜扰项目\02 规范化\不重要的\阳101H2\阳101H2 邻井压力监测\阳101h26平台临井压裂监测数据10.26(2).xlsx,2025.12.24,1,无可唯一匹配施工事件,/
E:\压裂窜扰项目\02 规范化\不重要的\阳101H2\阳101H2 邻井压力监测\阳101h26平台临井压裂监测数据10.26(2).xlsx,2025.12.24,2,无可唯一匹配施工事件,/
E:\压裂窜扰项目\02 规范化\不重要的\阳101H2\阳101H2 邻井压力监测\阳101h26平台临井压裂监测数据10.26(2).xlsx,2025.12.24,3,无可唯一匹配施工事件,/
E:\压裂窜扰项目\02 规范化\不重要的\阳101H2\阳101H2 邻井压力监测\阳101h26平台临井压裂监测数据10.26(2).xlsx,2025.12.24,4,无可唯一匹配施工事件,/
E:\压裂窜扰项目\02 规范化\不重要的\阳101H2\阳101H2 邻井压力监测\阳101h26平台临井压裂监测数据10.26(2).xlsx,2025.12.25,1,无可唯一匹配施工事件,/
E:\压裂窜扰项目\02 规范化\不重要的\阳101H2\阳101H2 邻井压力监测\阳101h26平台临井压裂监测数据10.26(2).xlsx,2025.12.25,2,无可唯一匹配施工事件,/
E:\压裂窜扰项目\02 规范化\不重要的\阳101H2\阳101H2 邻井压力监测\阳101h26平台临井压裂监测数据10.26(2).xlsx,2025.12.25,3,无可唯一匹配施工事件,/
E:\压裂窜扰项目\02 规范化\不重要的\阳101H2\阳101H2 邻井压力监测\阳101h26平台临井压裂监测数据10.26(2).xlsx,2025.12.25,4,无可唯一匹配施工事件,/
E:\压裂窜扰项目\02 规范化\不重要的\阳101H2\阳101H2 邻井压力监测\阳101h26平台临井压裂监测数据10.26(2).xlsx,2025.12.26,1,无可唯一匹配施工事件,/
E:\压裂窜扰项目\02 规范化\不重要的\阳101H2\阳101H2 邻井压力监测\阳101h26平台临井压裂监测数据10.26(2).xlsx,2025.12.26,2,无可唯一匹配施工事件,/
E:\压裂窜扰项目\02 规范化\不重要的\阳101H2\阳101H2 邻井压力监测\阳101h26平台临井压裂监测数据10.26(2).xlsx,2025.12.26,3,无可唯一匹配施工事件,/
E:\压裂窜扰项目\02 规范化\不重要的\阳101H2\阳101H2 邻井压力监测\阳101h26平台临井压裂监测数据10.26(2).xlsx,2025.12.26,4,无可唯一匹配施工事件,/
E:\压裂窜扰项目\02 规范化\不重要的\阳101H2\阳101H2 邻井压力监测\阳101h26平台临井压裂监测数据10.26(3).xlsx,2025.11.21,1,无可唯一匹配施工事件,/
E:\压裂窜扰项目\02 规范化\不重要的\阳101H2\阳101H2 邻井压力监测\阳101h26平台临井压裂监测数据10.26(3).xlsx,2025.11.21,2,无可唯一匹配施工事件,/
E:\压裂窜扰项目\02 规范化\不重要的\阳101H2\阳101H2 邻井压力监测\阳101h26平台临井压裂监测数据10.26(3).xlsx,2025.11.21,3,无可唯一匹配施工事件,/
E:\压裂窜扰项目\02 规范化\不重要的\阳101H2\阳101H2 邻井压力监测\阳101h26平台临井压裂监测数据10.26(3).xlsx,2025.11.21,4,无可唯一匹配施工事件,/
E:\压裂窜扰项目\02 规范化\不重要的\阳101H2\阳101H2 邻井压力监测\阳101h26平台临井压裂监测数据10.26(3).xlsx,2025.11.22,1,无可唯一匹配施工事件,/
E:\压裂窜扰项目\02 规范化\不重要的\阳101H2\阳101H2 邻井压力监测\阳101h26平台临井压裂监测数据10.26(3).xlsx,2025.11.22,2,无可唯一匹配施工事件,/
E:\压裂窜扰项目\02 规范化\不重要的\阳101H2\阳101H2 邻井压力监测\阳101h26平台临井压裂监测数据10.26(3).xlsx,2025.11.22,3,无可唯一匹配施工事件,/
E:\压裂窜扰项目\02 规范化\不重要的\阳101H2\阳101H2 邻井压力监测\阳101h26平台临井压裂监测数据10.26(3).xlsx,2025.11.22,4,无可唯一匹配施工事件,/
E:\压裂窜扰项目\02 规范化\不重要的\阳101H2\阳101H2 邻井压力监测\阳101h26平台临井压裂监测数据10.26(3).xlsx,2025.11.23,1,无可唯一匹配施工事件,/
E:\压裂窜扰项目\02 规范化\不重要的\阳101H2\阳101H2 邻井压力监测\阳101h26平台临井压裂监测数据10.26(3).xlsx,2025.11.23,2,无可唯一匹配施工事件,/
E:\压裂窜扰项目\02 规范化\不重要的\阳101H2\阳101H2 邻井压力监测\阳101h26平台临井压裂监测数据10.26(3).xlsx,2025.11.23,3,无可唯一匹配施工事件,/
E:\压裂窜扰项目\02 规范化\不重要的\阳101H2\阳101H2 邻井压力监测\阳101h26平台临井压裂监测数据10.26(3).xlsx,2025.11.23,4,无可唯一匹配施工事件,/
E:\压裂窜扰项目\02 规范化\不重要的\阳101H2\阳101H2 邻井压力监测\阳101h26平台临井压裂监测数据10.26(3).xlsx,2025.11.24,1,无可唯一匹配施工事件,/
E:\压裂窜扰项目\02 规范化\不重要的\阳101H2\阳101H2 邻井压力监测\阳101h26平台临井压裂监测数据10.26(3).xlsx,2025.11.24,2,无可唯一匹配施工事件,/
E:\压裂窜扰项目\02 规范化\不重要的\阳101H2\阳101H2 邻井压力监测\阳101h26平台临井压裂监测数据10.26(3).xlsx,2025.11.24,3,无可唯一匹配施工事件,/
E:\压裂窜扰项目\02 规范化\不重要的\阳101H2\阳101H2 邻井压力监测\阳101h26平台临井压裂监测数据10.26(3).xlsx,2025.11.24,4,无可唯一匹配施工事件,/
E:\压裂窜扰项目\02 规范化\不重要的\阳101H2\阳101H2 邻井压力监测\阳101h26平台临井压裂监测数据10.26(3).xlsx,2025.11.25,1,无可唯一匹配施工事件,/
E:\压裂窜扰项目\02 规范化\不重要的\阳101H2\阳101H2 邻井压力监测\阳101h26平台临井压裂监测数据10.26(3).xlsx,2025.11.25,2,无可唯一匹配施工事件,/
E:\压裂窜扰项目\02 规范化\不重要的\阳101H2\阳101H2 邻井压力监测\阳101h26平台临井压裂监测数据10.26(3).xlsx,2025.11.25,3,无可唯一匹配施工事件,/
E:\压裂窜扰项目\02 规范化\不重要的\阳101H2\阳101H2 邻井压力监测\阳101h26平台临井压裂监测数据10.26(3).xlsx,2025.11.25,4,无可唯一匹配施工事件,/
E:\压裂窜扰项目\02 规范化\不重要的\阳101H2\阳101H2 邻井压力监测\阳101h26平台临井压裂监测数据10.26(3).xlsx,2025.11.26,1,无可唯一匹配施工事件,/
E:\压裂窜扰项目\02 规范化\不重要的\阳101H2\阳101H2 邻井压力监测\阳101h26平台临井压裂监测数据10.26(3).xlsx,2025.11.26,2,无可唯一匹配施工事件,/
E:\压裂窜扰项目\02 规范化\不重要的\阳101H2\阳101H2 邻井压力监测\阳101h26平台临井压裂监测数据10.26(3).xlsx,2025.11.26,3,无可唯一匹配施工事件,/
E:\压裂窜扰项目\02 规范化\不重要的\阳101H2\阳101H2 邻井压力监测\阳101h26平台临井压裂监测数据10.26(3).xlsx,2025.11.26,4,无可唯一匹配施工事件,/
E:\压裂窜扰项目\02 规范化\不重要的\阳101H2\阳101H2 邻井压力监测\阳101h26平台临井压裂监测数据10.26(3).xlsx,2025.11.30,1,无可唯一匹配施工事件,/
E:\压裂窜扰项目\02 规范化\不重要的\阳101H2\阳101H2 邻井压力监测\阳101h26平台临井压裂监测数据10.26(3).xlsx,2025.11.30,2,无可唯一匹配施工事件,/
E:\压裂窜扰项目\02 规范化\不重要的\阳101H2\阳101H2 邻井压力监测\阳101h26平台临井压裂监测数据10.26(3).xlsx,2025.11.30,3,无可唯一匹配施工事件,/
E:\压裂窜扰项目\02 规范化\不重要的\阳101H2\阳101H2 邻井压力监测\阳101h26平台临井压裂监测数据10.26(3).xlsx,2025.11.30,4,无可唯一匹配施工事件,/
E:\压裂窜扰项目\02 规范化\不重要的\阳101H2\阳101H2 邻井压力监测\阳101h26平台临井压裂监测数据10.26(3).xlsx,2025.12.1,1,无可唯一匹配施工事件,/
E:\压裂窜扰项目\02 规范化\不重要的\阳101H2\阳101H2 邻井压力监测\阳101h26平台临井压裂监测数据10.26(3).xlsx,2025.12.1,2,无可唯一匹配施工事件,/
E:\压裂窜扰项目\02 规范化\不重要的\阳101H2\阳101H2 邻井压力监测\阳101h26平台临井压裂监测数据10.26(3).xlsx,2025.12.1,3,无可唯一匹配施工事件,/
E:\压裂窜扰项目\02 规范化\不重要的\阳101H2\阳101H2 邻井压力监测\阳101h26平台临井压裂监测数据10.26(3).xlsx,2025.12.1,4,无可唯一匹配施工事件,/
E:\压裂窜扰项目\02 规范化\不重要的\阳101H2\阳101H2 邻井压力监测\阳101h26平台临井压裂监测数据10.26(3).xlsx,2025.12.2,1,无可唯一匹配施工事件,/
E:\压裂窜扰项目\02 规范化\不重要的\阳101H2\阳101H2 邻井压力监测\阳101h26平台临井压裂监测数据10.26(3).xlsx,2025.12.2,2,无可唯一匹配施工事件,/
E:\压裂窜扰项目\02 规范化\不重要的\阳101H2\阳101H2 邻井压力监测\阳101h26平台临井压裂监测数据10.26(3).xlsx,2025.12.2,3,无可唯一匹配施工事件,/
E:\压裂窜扰项目\02 规范化\不重要的\阳101H2\阳101H2 邻井压力监测\阳101h26平台临井压裂监测数据10.26(3).xlsx,2025.12.2,4,无可唯一匹配施工事件,/
E:\压裂窜扰项目\02 规范化\不重要的\阳101H2\阳101H2 邻井压力监测\阳101h26平台临井压裂监测数据10.26(3).xlsx,2025.12.3,1,无可唯一匹配施工事件,/
E:\压裂窜扰项目\02 规范化\不重要的\阳101H2\阳101H2 邻井压力监测\阳101h26平台临井压裂监测数据10.26(3).xlsx,2025.12.3,2,无可唯一匹配施工事件,/
E:\压裂窜扰项目\02 规范化\不重要的\阳101H2\阳101H2 邻井压力监测\阳101h26平台临井压裂监测数据10.26(3).xlsx,2025.12.3,3,无可唯一匹配施工事件,/
E:\压裂窜扰项目\02 规范化\不重要的\阳101H2\阳101H2 邻井压力监测\阳101h26平台临井压裂监测数据10.26(3).xlsx,2025.12.3,4,无可唯一匹配施工事件,/
E:\压裂窜扰项目\02 规范化\不重要的\阳101H2\阳101H2 邻井压力监测\阳101h26平台临井压裂监测数据10.26(3).xlsx,2025.12.4,1,无可唯一匹配施工事件,/
E:\压裂窜扰项目\02 规范化\不重要的\阳101H2\阳101H2 邻井压力监测\阳101h26平台临井压裂监测数据10.26(3).xlsx,2025.12.4,2,无可唯一匹配施工事件,/
E:\压裂窜扰项目\02 规范化\不重要的\阳101H2\阳101H2 邻井压力监测\阳101h26平台临井压裂监测数据10.26(3).xlsx,2025.12.4,3,无可唯一匹配施工事件,/
E:\压裂窜扰项目\02 规范化\不重要的\阳101H2\阳101H2 邻井压力监测\阳101h26平台临井压裂监测数据10.26(3).xlsx,2025.12.4,4,无可唯一匹配施工事件,/
E:\压裂窜扰项目\02 规范化\不重要的\阳101H2\阳101H2 邻井压力监测\阳101h26平台临井压裂监测数据10.26(3).xlsx,2025.12.5,1,无可唯一匹配施工事件,/
E:\压裂窜扰项目\02 规范化\不重要的\阳101H2\阳101H2 邻井压力监测\阳101h26平台临井压裂监测数据10.26(3).xlsx,2025.12.5,2,无可唯一匹配施工事件,/
E:\压裂窜扰项目\02 规范化\不重要的\阳101H2\阳101H2 邻井压力监测\阳101h26平台临井压裂监测数据10.26(3).xlsx,2025.12.5,3,无可唯一匹配施工事件,/
E:\压裂窜扰项目\02 规范化\不重要的\阳101H2\阳101H2 邻井压力监测\阳101h26平台临井压裂监测数据10.26(3).xlsx,2025.12.5,4,无可唯一匹配施工事件,/
E:\压裂窜扰项目\02 规范化\不重要的\阳101H2\阳101H2 邻井压力监测\阳101h26平台临井压裂监测数据10.26(3).xlsx,2025.12.6,1,无可唯一匹配施工事件,/
E:\压裂窜扰项目\02 规范化\不重要的\阳101H2\阳101H2 邻井压力监测\阳101h26平台临井压裂监测数据10.26(3).xlsx,2025.12.6,2,无可唯一匹配施工事件,/
E:\压裂窜扰项目\02 规范化\不重要的\阳101H2\阳101H2 邻井压力监测\阳101h26平台临井压裂监测数据10.26(3).xlsx,2025.12.6,3,无可唯一匹配施工事件,/
E:\压裂窜扰项目\02 规范化\不重要的\阳101H2\阳101H2 邻井压力监测\阳101h26平台临井压裂监测数据10.26(3).xlsx,2025.12.6,4,无可唯一匹配施工事件,/
E:\压裂窜扰项目\02 规范化\不重要的\阳101H2\阳101H2 邻井压力监测\阳101h26平台临井压裂监测数据10.26(3).xlsx,2025.12.7,1,无可唯一匹配施工事件,/
E:\压裂窜扰项目\02 规范化\不重要的\阳101H2\阳101H2 邻井压力监测\阳101h26平台临井压裂监测数据10.26(3).xlsx,2025.12.7,2,无可唯一匹配施工事件,/
E:\压裂窜扰项目\02 规范化\不重要的\阳101H2\阳101H2 邻井压力监测\阳101h26平台临井压裂监测数据10.26(3).xlsx,2025.12.7,3,无可唯一匹配施工事件,/
E:\压裂窜扰项目\02 规范化\不重要的\阳101H2\阳101H2 邻井压力监测\阳101h26平台临井压裂监测数据10.26(3).xlsx,2025.12.7,4,无可唯一匹配施工事件,/
E:\压裂窜扰项目\02 规范化\不重要的\阳101H2\阳101H2 邻井压力监测\阳101h26平台临井压裂监测数据10.26(3).xlsx,2025.12.8,1,无可唯一匹配施工事件,/
E:\压裂窜扰项目\02 规范化\不重要的\阳101H2\阳101H2 邻井压力监测\阳101h26平台临井压裂监测数据10.26(3).xlsx,2025.12.8,2,无可唯一匹配施工事件,/
E:\压裂窜扰项目\02 规范化\不重要的\阳101H2\阳101H2 邻井压力监测\阳101h26平台临井压裂监测数据10.26(3).xlsx,2025.12.8,3,无可唯一匹配施工事件,/
E:\压裂窜扰项目\02 规范化\不重要的\阳101H2\阳101H2 邻井压力监测\阳101h26平台临井压裂监测数据10.26(3).xlsx,2025.12.8,4,无可唯一匹配施工事件,/
E:\压裂窜扰项目\02 规范化\不重要的\阳101H2\阳101H2 邻井压力监测\阳101h26平台临井压裂监测数据10.26(3).xlsx,2025.12.9,1,无可唯一匹配施工事件,/
E:\压裂窜扰项目\02 规范化\不重要的\阳101H2\阳101H2 邻井压力监测\阳101h26平台临井压裂监测数据10.26(3).xlsx,2025.12.9,2,无可唯一匹配施工事件,/
E:\压裂窜扰项目\02 规范化\不重要的\阳101H2\阳101H2 邻井压力监测\阳101h26平台临井压裂监测数据10.26(3).xlsx,2025.12.9,3,无可唯一匹配施工事件,/
E:\压裂窜扰项目\02 规范化\不重要的\阳101H2\阳101H2 邻井压力监测\阳101h26平台临井压裂监测数据10.26(3).xlsx,2025.12.9,4,无可唯一匹配施工事件,/
E:\压裂窜扰项目\02 规范化\不重要的\阳101H2\阳101H2 邻井压力监测\阳101h26平台临井压裂监测数据10.26(3).xlsx,2025.12.10,1,无可唯一匹配施工事件,/
E:\压裂窜扰项目\02 规范化\不重要的\阳101H2\阳101H2 邻井压力监测\阳101h26平台临井压裂监测数据10.26(3).xlsx,2025.12.10,2,无可唯一匹配施工事件,/
E:\压裂窜扰项目\02 规范化\不重要的\阳101H2\阳101H2 邻井压力监测\阳101h26平台临井压裂监测数据10.26(3).xlsx,2025.12.10,3,无可唯一匹配施工事件,/
E:\压裂窜扰项目\02 规范化\不重要的\阳101H2\阳101H2 邻井压力监测\阳101h26平台临井压裂监测数据10.26(3).xlsx,2025.12.10,4,无可唯一匹配施工事件,/
E:\压裂窜扰项目\02 规范化\不重要的\阳101H2\阳101H2 邻井压力监测\阳101h26平台临井压裂监测数据10.26(3).xlsx,2025.12.11,1,无可唯一匹配施工事件,/
E:\压裂窜扰项目\02 规范化\不重要的\阳101H2\阳101H2 邻井压力监测\阳101h26平台临井压裂监测数据10.26(3).xlsx,2025.12.11,2,无可唯一匹配施工事件,/
E:\压裂窜扰项目\02 规范化\不重要的\阳101H2\阳101H2 邻井压力监测\阳101h26平台临井压裂监测数据10.26(3).xlsx,2025.12.11,3,无可唯一匹配施工事件,/
E:\压裂窜扰项目\02 规范化\不重要的\阳101H2\阳101H2 邻井压力监测\阳101h26平台临井压裂监测数据10.26(3).xlsx,2025.12.11,4,无可唯一匹配施工事件,/
E:\压裂窜扰项目\02 规范化\不重要的\阳101H2\阳101H2 邻井压力监测\阳101h26平台临井压裂监测数据10.26(3).xlsx,2025.12.12,1,无可唯一匹配施工事件,/
E:\压裂窜扰项目\02 规范化\不重要的\阳101H2\阳101H2 邻井压力监测\阳101h26平台临井压裂监测数据10.26(3).xlsx,2025.12.12,2,无可唯一匹配施工事件,/
E:\压裂窜扰项目\02 规范化\不重要的\阳101H2\阳101H2 邻井压力监测\阳101h26平台临井压裂监测数据10.26(3).xlsx,2025.12.12,3,无可唯一匹配施工事件,/
E:\压裂窜扰项目\02 规范化\不重要的\阳101H2\阳101H2 邻井压力监测\阳101h26平台临井压裂监测数据10.26(3).xlsx,2025.12.12,4,无可唯一匹配施工事件,/
E:\压裂窜扰项目\02 规范化\不重要的\阳101H2\阳101H2 邻井压力监测\阳101h26平台临井压裂监测数据10.26(3).xlsx,2025.12.13,1,无可唯一匹配施工事件,/
E:\压裂窜扰项目\02 规范化\不重要的\阳101H2\阳101H2 邻井压力监测\阳101h26平台临井压裂监测数据10.26(3).xlsx,2025.12.13,2,无可唯一匹配施工事件,/
E:\压裂窜扰项目\02 规范化\不重要的\阳101H2\阳101H2 邻井压力监测\阳101h26平台临井压裂监测数据10.26(3).xlsx,2025.12.13,3,无可唯一匹配施工事件,/
E:\压裂窜扰项目\02 规范化\不重要的\阳101H2\阳101H2 邻井压力监测\阳101h26平台临井压裂监测数据10.26(3).xlsx,2025.12.13,4,无可唯一匹配施工事件,/
E:\压裂窜扰项目\02 规范化\不重要的\阳101H2\阳101H2 邻井压力监测\阳101h26平台临井压裂监测数据10.26(3).xlsx,2025.12.14,1,无可唯一匹配施工事件,/
E:\压裂窜扰项目\02 规范化\不重要的\阳101H2\阳101H2 邻井压力监测\阳101h26平台临井压裂监测数据10.26(3).xlsx,2025.12.14,2,无可唯一匹配施工事件,/
E:\压裂窜扰项目\02 规范化\不重要的\阳101H2\阳101H2 邻井压力监测\阳101h26平台临井压裂监测数据10.26(3).xlsx,2025.12.14,3,无可唯一匹配施工事件,/
E:\压裂窜扰项目\02 规范化\不重要的\阳101H2\阳101H2 邻井压力监测\阳101h26平台临井压裂监测数据10.26(3).xlsx,2025.12.14,4,无可唯一匹配施工事件,/
E:\压裂窜扰项目\02 规范化\不重要的\阳101H2\阳101H2 邻井压力监测\阳101h26平台临井压裂监测数据10.26(3).xlsx,2025.12.15,1,无可唯一匹配施工事件,/
E:\压裂窜扰项目\02 规范化\不重要的\阳101H2\阳101H2 邻井压力监测\阳101h26平台临井压裂监测数据10.26(3).xlsx,2025.12.15,2,无可唯一匹配施工事件,/
E:\压裂窜扰项目\02 规范化\不重要的\阳101H2\阳101H2 邻井压力监测\阳101h26平台临井压裂监测数据10.26(3).xlsx,2025.12.15,3,无可唯一匹配施工事件,/
E:\压裂窜扰项目\02 规范化\不重要的\阳101H2\阳101H2 邻井压力监测\阳101h26平台临井压裂监测数据10.26(3).xlsx,2025.12.15,4,无可唯一匹配施工事件,/
E:\压裂窜扰项目\02 规范化\不重要的\阳101H2\阳101H2 邻井压力监测\阳101h26平台临井压裂监测数据10.26(3).xlsx,2025.12.16,1,无可唯一匹配施工事件,/
E:\压裂窜扰项目\02 规范化\不重要的\阳101H2\阳101H2 邻井压力监测\阳101h26平台临井压裂监测数据10.26(3).xlsx,2025.12.16,2,无可唯一匹配施工事件,/
E:\压裂窜扰项目\02 规范化\不重要的\阳101H2\阳101H2 邻井压力监测\阳101h26平台临井压裂监测数据10.26(3).xlsx,2025.12.16,3,无可唯一匹配施工事件,/
E:\压裂窜扰项目\02 规范化\不重要的\阳101H2\阳101H2 邻井压力监测\阳101h26平台临井压裂监测数据10.26(3).xlsx,2025.12.16,4,无可唯一匹配施工事件,/
E:\压裂窜扰项目\02 规范化\不重要的\阳101H2\阳101H2 邻井压力监测\阳101h26平台临井压裂监测数据10.26(3).xlsx,2025.12.17,1,无可唯一匹配施工事件,/
E:\压裂窜扰项目\02 规范化\不重要的\阳101H2\阳101H2 邻井压力监测\阳101h26平台临井压裂监测数据10.26(3).xlsx,2025.12.17,2,无可唯一匹配施工事件,/
E:\压裂窜扰项目\02 规范化\不重要的\阳101H2\阳101H2 邻井压力监测\阳101h26平台临井压裂监测数据10.26(3).xlsx,2025.12.17,3,无可唯一匹配施工事件,/
E:\压裂窜扰项目\02 规范化\不重要的\阳101H2\阳101H2 邻井压力监测\阳101h26平台临井压裂监测数据10.26(3).xlsx,2025.12.17,4,无可唯一匹配施工事件,/
E:\压裂窜扰项目\02 规范化\不重要的\阳101H2\阳101H2 邻井压力监测\阳101h26平台临井压裂监测数据10.26(3).xlsx,2025.12.18,1,无可唯一匹配施工事件,/
E:\压裂窜扰项目\02 规范化\不重要的\阳101H2\阳101H2 邻井压力监测\阳101h26平台临井压裂监测数据10.26(3).xlsx,2025.12.18,2,无可唯一匹配施工事件,/
E:\压裂窜扰项目\02 规范化\不重要的\阳101H2\阳101H2 邻井压力监测\阳101h26平台临井压裂监测数据10.26(3).xlsx,2025.12.18,3,无可唯一匹配施工事件,/
E:\压裂窜扰项目\02 规范化\不重要的\阳101H2\阳101H2 邻井压力监测\阳101h26平台临井压裂监测数据10.26(3).xlsx,2025.12.18,4,无可唯一匹配施工事件,/
E:\压裂窜扰项目\02 规范化\不重要的\阳101H2\阳101H2 邻井压力监测\阳101h26平台临井压裂监测数据10.26(3).xlsx,2025.12.19,1,无可唯一匹配施工事件,/
E:\压裂窜扰项目\02 规范化\不重要的\阳101H2\阳101H2 邻井压力监测\阳101h26平台临井压裂监测数据10.26(3).xlsx,2025.12.19,2,无可唯一匹配施工事件,/
E:\压裂窜扰项目\02 规范化\不重要的\阳101H2\阳101H2 邻井压力监测\阳101h26平台临井压裂监测数据10.26(3).xlsx,2025.12.19,3,无可唯一匹配施工事件,/
E:\压裂窜扰项目\02 规范化\不重要的\阳101H2\阳101H2 邻井压力监测\阳101h26平台临井压裂监测数据10.26(3).xlsx,2025.12.19,4,无可唯一匹配施工事件,/
E:\压裂窜扰项目\02 规范化\不重要的\阳101H2\阳101H2 邻井压力监测\阳101h26平台临井压裂监测数据10.26(3).xlsx,2025.12.20,1,无可唯一匹配施工事件,/
E:\压裂窜扰项目\02 规范化\不重要的\阳101H2\阳101H2 邻井压力监测\阳101h26平台临井压裂监测数据10.26(3).xlsx,2025.12.20,2,无可唯一匹配施工事件,/
E:\压裂窜扰项目\02 规范化\不重要的\阳101H2\阳101H2 邻井压力监测\阳101h26平台临井压裂监测数据10.26(3).xlsx,2025.12.20,3,无可唯一匹配施工事件,/
E:\压裂窜扰项目\02 规范化\不重要的\阳101H2\阳101H2 邻井压力监测\阳101h26平台临井压裂监测数据10.26(3).xlsx,2025.12.20,4,无可唯一匹配施工事件,/
E:\压裂窜扰项目\02 规范化\不重要的\阳101H2\阳101H2 邻井压力监测\阳101h26平台临井压裂监测数据10.26(3).xlsx,2025.12.21,1,无可唯一匹配施工事件,/
E:\压裂窜扰项目\02 规范化\不重要的\阳101H2\阳101H2 邻井压力监测\阳101h26平台临井压裂监测数据10.26(3).xlsx,2025.12.21,2,无可唯一匹配施工事件,/
E:\压裂窜扰项目\02 规范化\不重要的\阳101H2\阳101H2 邻井压力监测\阳101h26平台临井压裂监测数据10.26(3).xlsx,2025.12.21,3,无可唯一匹配施工事件,/
E:\压裂窜扰项目\02 规范化\不重要的\阳101H2\阳101H2 邻井压力监测\阳101h26平台临井压裂监测数据10.26(3).xlsx,2025.12.21,4,无可唯一匹配施工事件,/
E:\压裂窜扰项目\02 规范化\不重要的\阳101H2\阳101H2 邻井压力监测\阳101h26平台临井压裂监测数据10.26(3).xlsx,2025.12.22,1,无可唯一匹配施工事件,/
E:\压裂窜扰项目\02 规范化\不重要的\阳101H2\阳101H2 邻井压力监测\阳101h26平台临井压裂监测数据10.26(3).xlsx,2025.12.22,2,无可唯一匹配施工事件,/
E:\压裂窜扰项目\02 规范化\不重要的\阳101H2\阳101H2 邻井压力监测\阳101h26平台临井压裂监测数据10.26(3).xlsx,2025.12.22,3,无可唯一匹配施工事件,/
E:\压裂窜扰项目\02 规范化\不重要的\阳101H2\阳101H2 邻井压力监测\阳101h26平台临井压裂监测数据10.26(3).xlsx,2025.12.22,4,无可唯一匹配施工事件,/
E:\压裂窜扰项目\02 规范化\不重要的\阳101H2\阳101H2 邻井压力监测\阳101h26平台临井压裂监测数据10.26(3).xlsx,2025.12.23,1,无可唯一匹配施工事件,/
E:\压裂窜扰项目\02 规范化\不重要的\阳101H2\阳101H2 邻井压力监测\阳101h26平台临井压裂监测数据10.26(3).xlsx,2025.12.23,2,无可唯一匹配施工事件,/
E:\压裂窜扰项目\02 规范化\不重要的\阳101H2\阳101H2 邻井压力监测\阳101h26平台临井压裂监测数据10.26(3).xlsx,2025.12.23,3,无可唯一匹配施工事件,/
E:\压裂窜扰项目\02 规范化\不重要的\阳101H2\阳101H2 邻井压力监测\阳101h26平台临井压裂监测数据10.26(3).xlsx,2025.12.23,4,无可唯一匹配施工事件,/
E:\压裂窜扰项目\02 规范化\不重要的\阳101H2\阳101H2 邻井压力监测\阳101h26平台临井压裂监测数据10.26(3).xlsx,2025.12.24,1,无可唯一匹配施工事件,/
E:\压裂窜扰项目\02 规范化\不重要的\阳101H2\阳101H2 邻井压力监测\阳101h26平台临井压裂监测数据10.26(3).xlsx,2025.12.24,2,无可唯一匹配施工事件,/
E:\压裂窜扰项目\02 规范化\不重要的\阳101H2\阳101H2 邻井压力监测\阳101h26平台临井压裂监测数据10.26(3).xlsx,2025.12.24,3,无可唯一匹配施工事件,/
E:\压裂窜扰项目\02 规范化\不重要的\阳101H2\阳101H2 邻井压力监测\阳101h26平台临井压裂监测数据10.26(3).xlsx,2025.12.24,4,无可唯一匹配施工事件,/
E:\压裂窜扰项目\02 规范化\不重要的\阳101H2\阳101H2 邻井压力监测\阳101h26平台临井压裂监测数据10.26(3).xlsx,2025.12.25,1,无可唯一匹配施工事件,/
E:\压裂窜扰项目\02 规范化\不重要的\阳101H2\阳101H2 邻井压力监测\阳101h26平台临井压裂监测数据10.26(3).xlsx,2025.12.25,2,无可唯一匹配施工事件,/
E:\压裂窜扰项目\02 规范化\不重要的\阳101H2\阳101H2 邻井压力监测\阳101h26平台临井压裂监测数据10.26(3).xlsx,2025.12.25,3,无可唯一匹配施工事件,/
E:\压裂窜扰项目\02 规范化\不重要的\阳101H2\阳101H2 邻井压力监测\阳101h26平台临井压裂监测数据10.26(3).xlsx,2025.12.25,4,无可唯一匹配施工事件,/
E:\压裂窜扰项目\02 规范化\不重要的\阳101H2\阳101H2 邻井压力监测\阳101h26平台临井压裂监测数据10.26(3).xlsx,2025.12.26,1,无可唯一匹配施工事件,/
E:\压裂窜扰项目\02 规范化\不重要的\阳101H2\阳101H2 邻井压力监测\阳101h26平台临井压裂监测数据10.26(3).xlsx,2025.12.26,2,无可唯一匹配施工事件,/
E:\压裂窜扰项目\02 规范化\不重要的\阳101H2\阳101H2 邻井压力监测\阳101h26平台临井压裂监测数据10.26(3).xlsx,2025.12.26,3,无可唯一匹配施工事件,/
E:\压裂窜扰项目\02 规范化\不重要的\阳101H2\阳101H2 邻井压力监测\阳101h26平台临井压裂监测数据10.26(3).xlsx,2025.12.26,4,无可唯一匹配施工事件,/
E:\压裂窜扰项目\02 规范化\不重要的\阳101H2\阳101H2 邻井压力监测\阳101h26平台临井压裂监测数据10.26(3).xlsx,2025.12.27,1,无可唯一匹配施工事件,/
E:\压裂窜扰项目\02 规范化\不重要的\阳101H2\阳101H2 邻井压力监测\阳101h26平台临井压裂监测数据10.26(3).xlsx,2025.12.27,2,无可唯一匹配施工事件,/
E:\压裂窜扰项目\02 规范化\不重要的\阳101H2\阳101H2 邻井压力监测\阳101h26平台临井压裂监测数据10.26(3).xlsx,2025.12.27,3,无可唯一匹配施工事件,/
E:\压裂窜扰项目\02 规范化\不重要的\阳101H2\阳101H2 邻井压力监测\阳101h26平台临井压裂监测数据10.26(3).xlsx,2025.12.27,4,无可唯一匹配施工事件,/
E:\压裂窜扰项目\02 规范化\不重要的\阳101H2\阳101H2 邻井压力监测\阳101h26平台临井压裂监测数据10.26(3).xlsx,2025.12.28,1,无可唯一匹配施工事件,/
E:\压裂窜扰项目\02 规范化\不重要的\阳101H2\阳101H2 邻井压力监测\阳101h26平台临井压裂监测数据10.26(3).xlsx,2025.12.28,2,无可唯一匹配施工事件,/
E:\压裂窜扰项目\02 规范化\不重要的\阳101H2\阳101H2 邻井压力监测\阳101h26平台临井压裂监测数据10.26(3).xlsx,2025.12.28,3,无可唯一匹配施工事件,/
E:\压裂窜扰项目\02 规范化\不重要的\阳101H2\阳101H2 邻井压力监测\阳101h26平台临井压裂监测数据10.26(3).xlsx,2025.12.28,4,无可唯一匹配施工事件,/
E:\压裂窜扰项目\02 规范化\不重要的\阳101H2\阳101H2 邻井压力监测\阳101h26平台临井压裂监测数据10.26.xlsx,2025.11.21,1,无可唯一匹配施工事件,/
E:\压裂窜扰项目\02 规范化\不重要的\阳101H2\阳101H2 邻井压力监测\阳101h26平台临井压裂监测数据10.26.xlsx,2025.11.21,2,无可唯一匹配施工事件,/
E:\压裂窜扰项目\02 规范化\不重要的\阳101H2\阳101H2 邻井压力监测\阳101h26平台临井压裂监测数据10.26.xlsx,2025.11.21,3,无可唯一匹配施工事件,/
E:\压裂窜扰项目\02 规范化\不重要的\阳101H2\阳101H2 邻井压力监测\阳101h26平台临井压裂监测数据10.26.xlsx,2025.11.21,4,无可唯一匹配施工事件,/
E:\压裂窜扰项目\02 规范化\不重要的\阳101H2\阳101H2 邻井压力监测\阳101h26平台临井压裂监测数据10.26.xlsx,2025.11.22,1,无可唯一匹配施工事件,/
E:\压裂窜扰项目\02 规范化\不重要的\阳101H2\阳101H2 邻井压力监测\阳101h26平台临井压裂监测数据10.26.xlsx,2025.11.22,2,无可唯一匹配施工事件,/
E:\压裂窜扰项目\02 规范化\不重要的\阳101H2\阳101H2 邻井压力监测\阳101h26平台临井压裂监测数据10.26.xlsx,2025.11.22,3,无可唯一匹配施工事件,/
E:\压裂窜扰项目\02 规范化\不重要的\阳101H2\阳101H2 邻井压力监测\阳101h26平台临井压裂监测数据10.26.xlsx,2025.11.22,4,无可唯一匹配施工事件,/
E:\压裂窜扰项目\02 规范化\不重要的\阳101H2\阳101H2 邻井压力监测\阳101h26平台临井压裂监测数据10.26.xlsx,2025.11.23,1,无可唯一匹配施工事件,/
E:\压裂窜扰项目\02 规范化\不重要的\阳101H2\阳101H2 邻井压力监测\阳101h26平台临井压裂监测数据10.26.xlsx,2025.11.23,2,无可唯一匹配施工事件,/
E:\压裂窜扰项目\02 规范化\不重要的\阳101H2\阳101H2 邻井压力监测\阳101h26平台临井压裂监测数据10.26.xlsx,2025.11.23,3,无可唯一匹配施工事件,/
E:\压裂窜扰项目\02 规范化\不重要的\阳101H2\阳101H2 邻井压力监测\阳101h26平台临井压裂监测数据10.26.xlsx,2025.11.23,4,无可唯一匹配施工事件,/
E:\压裂窜扰项目\02 规范化\不重要的\阳101H2\阳101H2 邻井压力监测\阳101h26平台临井压裂监测数据10.26.xlsx,2025.11.24,1,无可唯一匹配施工事件,/
E:\压裂窜扰项目\02 规范化\不重要的\阳101H2\阳101H2 邻井压力监测\阳101h26平台临井压裂监测数据10.26.xlsx,2025.11.24,2,无可唯一匹配施工事件,/
E:\压裂窜扰项目\02 规范化\不重要的\阳101H2\阳101H2 邻井压力监测\阳101h26平台临井压裂监测数据10.26.xlsx,2025.11.24,3,无可唯一匹配施工事件,/
E:\压裂窜扰项目\02 规范化\不重要的\阳101H2\阳101H2 邻井压力监测\阳101h26平台临井压裂监测数据10.26.xlsx,2025.11.24,4,无可唯一匹配施工事件,/
E:\压裂窜扰项目\02 规范化\不重要的\阳101H2\阳101H2 邻井压力监测\阳101h26平台临井压裂监测数据10.26.xlsx,2025.11.25,1,无可唯一匹配施工事件,/
E:\压裂窜扰项目\02 规范化\不重要的\阳101H2\阳101H2 邻井压力监测\阳101h26平台临井压裂监测数据10.26.xlsx,2025.11.25,2,无可唯一匹配施工事件,/
E:\压裂窜扰项目\02 规范化\不重要的\阳101H2\阳101H2 邻井压力监测\阳101h26平台临井压裂监测数据10.26.xlsx,2025.11.25,3,无可唯一匹配施工事件,/
E:\压裂窜扰项目\02 规范化\不重要的\阳101H2\阳101H2 邻井压力监测\阳101h26平台临井压裂监测数据10.26.xlsx,2025.11.25,4,无可唯一匹配施工事件,/
E:\压裂窜扰项目\02 规范化\不重要的\阳101H2\阳101H2 邻井压力监测\阳101h26平台临井压裂监测数据10.26.xlsx,2025.11.26,1,无可唯一匹配施工事件,/
E:\压裂窜扰项目\02 规范化\不重要的\阳101H2\阳101H2 邻井压力监测\阳101h26平台临井压裂监测数据10.26.xlsx,2025.11.26,2,无可唯一匹配施工事件,/
E:\压裂窜扰项目\02 规范化\不重要的\阳101H2\阳101H2 邻井压力监测\阳101h26平台临井压裂监测数据10.26.xlsx,2025.11.26,3,无可唯一匹配施工事件,/
E:\压裂窜扰项目\02 规范化\不重要的\阳101H2\阳101H2 邻井压力监测\阳101h26平台临井压裂监测数据10.26.xlsx,2025.11.26,4,无可唯一匹配施工事件,/
E:\压裂窜扰项目\02 规范化\不重要的\阳101H2\阳101H2 邻井压力监测\阳101h26平台临井压裂监测数据10.26.xlsx,2025.11.30,1,无可唯一匹配施工事件,/
E:\压裂窜扰项目\02 规范化\不重要的\阳101H2\阳101H2 邻井压力监测\阳101h26平台临井压裂监测数据10.26.xlsx,2025.11.30,2,无可唯一匹配施工事件,/
E:\压裂窜扰项目\02 规范化\不重要的\阳101H2\阳101H2 邻井压力监测\阳101h26平台临井压裂监测数据10.26.xlsx,2025.11.30,3,无可唯一匹配施工事件,/
E:\压裂窜扰项目\02 规范化\不重要的\阳101H2\阳101H2 邻井压力监测\阳101h26平台临井压裂监测数据10.26.xlsx,2025.11.30,4,无可唯一匹配施工事件,/
E:\压裂窜扰项目\02 规范化\不重要的\阳101H2\阳101H2 邻井压力监测\阳101h26平台临井压裂监测数据10.26.xlsx,2025.12.1,1,无可唯一匹配施工事件,/
E:\压裂窜扰项目\02 规范化\不重要的\阳101H2\阳101H2 邻井压力监测\阳101h26平台临井压裂监测数据10.26.xlsx,2025.12.1,2,无可唯一匹配施工事件,/
E:\压裂窜扰项目\02 规范化\不重要的\阳101H2\阳101H2 邻井压力监测\阳101h26平台临井压裂监测数据10.26.xlsx,2025.12.1,3,无可唯一匹配施工事件,/
E:\压裂窜扰项目\02 规范化\不重要的\阳101H2\阳101H2 邻井压力监测\阳101h26平台临井压裂监测数据10.26.xlsx,2025.12.1,4,无可唯一匹配施工事件,/
E:\压裂窜扰项目\02 规范化\不重要的\阳101H2\阳101H2 邻井压力监测\阳101h26平台临井压裂监测数据10.26.xlsx,2025.12.2,1,无可唯一匹配施工事件,/
E:\压裂窜扰项目\02 规范化\不重要的\阳101H2\阳101H2 邻井压力监测\阳101h26平台临井压裂监测数据10.26.xlsx,2025.12.2,2,无可唯一匹配施工事件,/
E:\压裂窜扰项目\02 规范化\不重要的\阳101H2\阳101H2 邻井压力监测\阳101h26平台临井压裂监测数据10.26.xlsx,2025.12.2,3,无可唯一匹配施工事件,/
E:\压裂窜扰项目\02 规范化\不重要的\阳101H2\阳101H2 邻井压力监测\阳101h26平台临井压裂监测数据10.26.xlsx,2025.12.2,4,无可唯一匹配施工事件,/
E:\压裂窜扰项目\02 规范化\不重要的\阳101H2\阳101H2 邻井压力监测\阳101h26平台临井压裂监测数据10.26.xlsx,2025.12.3,1,无可唯一匹配施工事件,/
E:\压裂窜扰项目\02 规范化\不重要的\阳101H2\阳101H2 邻井压力监测\阳101h26平台临井压裂监测数据10.26.xlsx,2025.12.3,2,无可唯一匹配施工事件,/
E:\压裂窜扰项目\02 规范化\不重要的\阳101H2\阳101H2 邻井压力监测\阳101h26平台临井压裂监测数据10.26.xlsx,2025.12.3,3,无可唯一匹配施工事件,/
E:\压裂窜扰项目\02 规范化\不重要的\阳101H2\阳101H2 邻井压力监测\阳101h26平台临井压裂监测数据10.26.xlsx,2025.12.3,4,无可唯一匹配施工事件,/
E:\压裂窜扰项目\02 规范化\不重要的\阳101H2\阳101H2 邻井压力监测\阳101h26平台临井压裂监测数据10.26.xlsx,2025.12.4,1,无可唯一匹配施工事件,/
E:\压裂窜扰项目\02 规范化\不重要的\阳101H2\阳101H2 邻井压力监测\阳101h26平台临井压裂监测数据10.26.xlsx,2025.12.4,2,无可唯一匹配施工事件,/
E:\压裂窜扰项目\02 规范化\不重要的\阳101H2\阳101H2 邻井压力监测\阳101h26平台临井压裂监测数据10.26.xlsx,2025.12.4,3,无可唯一匹配施工事件,/
E:\压裂窜扰项目\02 规范化\不重要的\阳101H2\阳101H2 邻井压力监测\阳101h26平台临井压裂监测数据10.26.xlsx,2025.12.4,4,无可唯一匹配施工事件,/
E:\压裂窜扰项目\02 规范化\不重要的\阳101H2\阳101H2 邻井压力监测\阳101h26平台临井压裂监测数据10.26.xlsx,2025.12.5,1,无可唯一匹配施工事件,/
E:\压裂窜扰项目\02 规范化\不重要的\阳101H2\阳101H2 邻井压力监测\阳101h26平台临井压裂监测数据10.26.xlsx,2025.12.5,2,无可唯一匹配施工事件,/
E:\压裂窜扰项目\02 规范化\不重要的\阳101H2\阳101H2 邻井压力监测\阳101h26平台临井压裂监测数据10.26.xlsx,2025.12.5,3,无可唯一匹配施工事件,/
E:\压裂窜扰项目\02 规范化\不重要的\阳101H2\阳101H2 邻井压力监测\阳101h26平台临井压裂监测数据10.26.xlsx,2025.12.5,4,无可唯一匹配施工事件,/
E:\压裂窜扰项目\02 规范化\不重要的\阳101H2\阳101H2 邻井压力监测\阳101h26平台临井压裂监测数据10.26.xlsx,2025.12.6,1,无可唯一匹配施工事件,/
E:\压裂窜扰项目\02 规范化\不重要的\阳101H2\阳101H2 邻井压力监测\阳101h26平台临井压裂监测数据10.26.xlsx,2025.12.6,2,无可唯一匹配施工事件,/
E:\压裂窜扰项目\02 规范化\不重要的\阳101H2\阳101H2 邻井压力监测\阳101h26平台临井压裂监测数据10.26.xlsx,2025.12.6,3,无可唯一匹配施工事件,/
E:\压裂窜扰项目\02 规范化\不重要的\阳101H2\阳101H2 邻井压力监测\阳101h26平台临井压裂监测数据10.26.xlsx,2025.12.6,4,无可唯一匹配施工事件,/
E:\压裂窜扰项目\02 规范化\不重要的\阳101H2\阳101H2 邻井压力监测\阳101h26平台临井压裂监测数据10.26.xlsx,2025.12.7,1,无可唯一匹配施工事件,/
E:\压裂窜扰项目\02 规范化\不重要的\阳101H2\阳101H2 邻井压力监测\阳101h26平台临井压裂监测数据10.26.xlsx,2025.12.7,2,无可唯一匹配施工事件,/
E:\压裂窜扰项目\02 规范化\不重要的\阳101H2\阳101H2 邻井压力监测\阳101h26平台临井压裂监测数据10.26.xlsx,2025.12.7,3,无可唯一匹配施工事件,/
E:\压裂窜扰项目\02 规范化\不重要的\阳101H2\阳101H2 邻井压力监测\阳101h26平台临井压裂监测数据10.26.xlsx,2025.12.7,4,无可唯一匹配施工事件,/
E:\压裂窜扰项目\02 规范化\不重要的\阳101H2\阳101H2 邻井压力监测\阳101h26平台临井压裂监测数据10.26.xlsx,2025.12.8,1,无可唯一匹配施工事件,/
E:\压裂窜扰项目\02 规范化\不重要的\阳101H2\阳101H2 邻井压力监测\阳101h26平台临井压裂监测数据10.26.xlsx,2025.12.8,2,无可唯一匹配施工事件,/
E:\压裂窜扰项目\02 规范化\不重要的\阳101H2\阳101H2 邻井压力监测\阳101h26平台临井压裂监测数据10.26.xlsx,2025.12.8,3,无可唯一匹配施工事件,/
E:\压裂窜扰项目\02 规范化\不重要的\阳101H2\阳101H2 邻井压力监测\阳101h26平台临井压裂监测数据10.26.xlsx,2025.12.8,4,无可唯一匹配施工事件,/
E:\压裂窜扰项目\02 规范化\不重要的\阳101H2\阳101H2 邻井压力监测\阳101h26平台临井压裂监测数据10.26.xlsx,2025.12.9,1,无可唯一匹配施工事件,/
E:\压裂窜扰项目\02 规范化\不重要的\阳101H2\阳101H2 邻井压力监测\阳101h26平台临井压裂监测数据10.26.xlsx,2025.12.9,2,无可唯一匹配施工事件,/
E:\压裂窜扰项目\02 规范化\不重要的\阳101H2\阳101H2 邻井压力监测\阳101h26平台临井压裂监测数据10.26.xlsx,2025.12.9,3,无可唯一匹配施工事件,/
E:\压裂窜扰项目\02 规范化\不重要的\阳101H2\阳101H2 邻井压力监测\阳101h26平台临井压裂监测数据10.26.xlsx,2025.12.9,4,无可唯一匹配施工事件,/
E:\压裂窜扰项目\02 规范化\不重要的\阳101H2\阳101H2 邻井压力监测\阳101h26平台临井压裂监测数据10.26.xlsx,2025.12.10,1,无可唯一匹配施工事件,/
E:\压裂窜扰项目\02 规范化\不重要的\阳101H2\阳101H2 邻井压力监测\阳101h26平台临井压裂监测数据10.26.xlsx,2025.12.10,2,无可唯一匹配施工事件,/
E:\压裂窜扰项目\02 规范化\不重要的\阳101H2\阳101H2 邻井压力监测\阳101h26平台临井压裂监测数据10.26.xlsx,2025.12.10,3,无可唯一匹配施工事件,/
E:\压裂窜扰项目\02 规范化\不重要的\阳101H2\阳101H2 邻井压力监测\阳101h26平台临井压裂监测数据10.26.xlsx,2025.12.10,4,无可唯一匹配施工事件,/
E:\压裂窜扰项目\02 规范化\不重要的\阳101H2\阳101H2 邻井压力监测\阳101h26平台临井压裂监测数据10.26.xlsx,2025.12.11,1,无可唯一匹配施工事件,/
E:\压裂窜扰项目\02 规范化\不重要的\阳101H2\阳101H2 邻井压力监测\阳101h26平台临井压裂监测数据10.26.xlsx,2025.12.11,2,无可唯一匹配施工事件,/
E:\压裂窜扰项目\02 规范化\不重要的\阳101H2\阳101H2 邻井压力监测\阳101h26平台临井压裂监测数据10.26.xlsx,2025.12.11,3,无可唯一匹配施工事件,/
E:\压裂窜扰项目\02 规范化\不重要的\阳101H2\阳101H2 邻井压力监测\阳101h26平台临井压裂监测数据10.26.xlsx,2025.12.11,4,无可唯一匹配施工事件,/
E:\压裂窜扰项目\02 规范化\不重要的\阳101H2\阳101H2 邻井压力监测\阳101h26平台临井压裂监测数据10.26.xlsx,2025.12.12,1,无可唯一匹配施工事件,/
E:\压裂窜扰项目\02 规范化\不重要的\阳101H2\阳101H2 邻井压力监测\阳101h26平台临井压裂监测数据10.26.xlsx,2025.12.12,2,无可唯一匹配施工事件,/
E:\压裂窜扰项目\02 规范化\不重要的\阳101H2\阳101H2 邻井压力监测\阳101h26平台临井压裂监测数据10.26.xlsx,2025.12.12,3,无可唯一匹配施工事件,/
E:\压裂窜扰项目\02 规范化\不重要的\阳101H2\阳101H2 邻井压力监测\阳101h26平台临井压裂监测数据10.26.xlsx,2025.12.12,4,无可唯一匹配施工事件,/
E:\压裂窜扰项目\02 规范化\不重要的\阳101H2\阳101H2 邻井压力监测\阳101h26平台临井压裂监测数据10.26.xlsx,2025.12.13,1,无可唯一匹配施工事件,/
E:\压裂窜扰项目\02 规范化\不重要的\阳101H2\阳101H2 邻井压力监测\阳101h26平台临井压裂监测数据10.26.xlsx,2025.12.13,2,无可唯一匹配施工事件,/
E:\压裂窜扰项目\02 规范化\不重要的\阳101H2\阳101H2 邻井压力监测\阳101h26平台临井压裂监测数据10.26.xlsx,2025.12.13,3,无可唯一匹配施工事件,/
E:\压裂窜扰项目\02 规范化\不重要的\阳101H2\阳101H2 邻井压力监测\阳101h26平台临井压裂监测数据10.26.xlsx,2025.12.13,4,无可唯一匹配施工事件,/
E:\压裂窜扰项目\02 规范化\不重要的\阳101H2\阳101H2 邻井压力监测\阳101h26平台临井压裂监测数据10.26.xlsx,2025.12.14,1,无可唯一匹配施工事件,/
E:\压裂窜扰项目\02 规范化\不重要的\阳101H2\阳101H2 邻井压力监测\阳101h26平台临井压裂监测数据10.26.xlsx,2025.12.14,2,无可唯一匹配施工事件,/
E:\压裂窜扰项目\02 规范化\不重要的\阳101H2\阳101H2 邻井压力监测\阳101h26平台临井压裂监测数据10.26.xlsx,2025.12.14,3,无可唯一匹配施工事件,/
E:\压裂窜扰项目\02 规范化\不重要的\阳101H2\阳101H2 邻井压力监测\阳101h26平台临井压裂监测数据10.26.xlsx,2025.12.14,4,无可唯一匹配施工事件,/
E:\压裂窜扰项目\02 规范化\不重要的\阳101H2\阳101H2 邻井压力监测\阳101h26平台临井压裂监测数据10.26.xlsx,2025.12.15,1,无可唯一匹配施工事件,/
E:\压裂窜扰项目\02 规范化\不重要的\阳101H2\阳101H2 邻井压力监测\阳101h26平台临井压裂监测数据10.26.xlsx,2025.12.15,2,无可唯一匹配施工事件,/
E:\压裂窜扰项目\02 规范化\不重要的\阳101H2\阳101H2 邻井压力监测\阳101h26平台临井压裂监测数据10.26.xlsx,2025.12.15,3,无可唯一匹配施工事件,/
E:\压裂窜扰项目\02 规范化\不重要的\阳101H2\阳101H2 邻井压力监测\阳101h26平台临井压裂监测数据10.26.xlsx,2025.12.15,4,无可唯一匹配施工事件,/
E:\压裂窜扰项目\02 规范化\不重要的\阳101H2\阳101H2 邻井压力监测\阳101h26平台临井压裂监测数据10.26.xlsx,2025.12.16,1,无可唯一匹配施工事件,/
E:\压裂窜扰项目\02 规范化\不重要的\阳101H2\阳101H2 邻井压力监测\阳101h26平台临井压裂监测数据10.26.xlsx,2025.12.16,2,无可唯一匹配施工事件,/
E:\压裂窜扰项目\02 规范化\不重要的\阳101H2\阳101H2 邻井压力监测\阳101h26平台临井压裂监测数据10.26.xlsx,2025.12.16,3,无可唯一匹配施工事件,/
E:\压裂窜扰项目\02 规范化\不重要的\阳101H2\阳101H2 邻井压力监测\阳101h26平台临井压裂监测数据10.26.xlsx,2025.12.16,4,无可唯一匹配施工事件,/
E:\压裂窜扰项目\02 规范化\不重要的\阳101H2\阳101H2 邻井压力监测\阳101h26平台临井压裂监测数据10.26.xlsx,2025.12.17,1,无可唯一匹配施工事件,/
E:\压裂窜扰项目\02 规范化\不重要的\阳101H2\阳101H2 邻井压力监测\阳101h26平台临井压裂监测数据10.26.xlsx,2025.12.17,2,无可唯一匹配施工事件,/
E:\压裂窜扰项目\02 规范化\不重要的\阳101H2\阳101H2 邻井压力监测\阳101h26平台临井压裂监测数据10.26.xlsx,2025.12.17,3,无可唯一匹配施工事件,/
E:\压裂窜扰项目\02 规范化\不重要的\阳101H2\阳101H2 邻井压力监测\阳101h26平台临井压裂监测数据10.26.xlsx,2025.12.17,4,无可唯一匹配施工事件,/
E:\压裂窜扰项目\02 规范化\不重要的\阳101H2\阳101H2 邻井压力监测\阳101h26平台临井压裂监测数据10.26.xlsx,2025.12.18,1,无可唯一匹配施工事件,/
E:\压裂窜扰项目\02 规范化\不重要的\阳101H2\阳101H2 邻井压力监测\阳101h26平台临井压裂监测数据10.26.xlsx,2025.12.18,2,无可唯一匹配施工事件,/
E:\压裂窜扰项目\02 规范化\不重要的\阳101H2\阳101H2 邻井压力监测\阳101h26平台临井压裂监测数据10.26.xlsx,2025.12.18,3,无可唯一匹配施工事件,/
E:\压裂窜扰项目\02 规范化\不重要的\阳101H2\阳101H2 邻井压力监测\阳101h26平台临井压裂监测数据10.26.xlsx,2025.12.18,4,无可唯一匹配施工事件,/
E:\压裂窜扰项目\02 规范化\不重要的\阳101H2\阳101H2 邻井压力监测\阳101h26平台临井压裂监测数据10.26.xlsx,2025.12.19,1,无可唯一匹配施工事件,/
E:\压裂窜扰项目\02 规范化\不重要的\阳101H2\阳101H2 邻井压力监测\阳101h26平台临井压裂监测数据10.26.xlsx,2025.12.19,2,无可唯一匹配施工事件,/
E:\压裂窜扰项目\02 规范化\不重要的\阳101H2\阳101H2 邻井压力监测\阳101h26平台临井压裂监测数据10.26.xlsx,2025.12.19,3,无可唯一匹配施工事件,/
E:\压裂窜扰项目\02 规范化\不重要的\阳101H2\阳101H2 邻井压力监测\阳101h26平台临井压裂监测数据10.26.xlsx,2025.12.19,4,无可唯一匹配施工事件,/
E:\压裂窜扰项目\02 规范化\不重要的\阳101H2\阳101H2 邻井压力监测\阳101h26平台临井压裂监测数据10.26.xlsx,2025.12.20,1,无可唯一匹配施工事件,/
E:\压裂窜扰项目\02 规范化\不重要的\阳101H2\阳101H2 邻井压力监测\阳101h26平台临井压裂监测数据10.26.xlsx,2025.12.20,2,无可唯一匹配施工事件,/
E:\压裂窜扰项目\02 规范化\不重要的\阳101H2\阳101H2 邻井压力监测\阳101h26平台临井压裂监测数据10.26.xlsx,2025.12.20,3,无可唯一匹配施工事件,/
E:\压裂窜扰项目\02 规范化\不重要的\阳101H2\阳101H2 邻井压力监测\阳101h26平台临井压裂监测数据10.26.xlsx,2025.12.20,4,无可唯一匹配施工事件,/
E:\压裂窜扰项目\02 规范化\不重要的\阳101H2\阳101H2 邻井压力监测\阳101h26平台临井压裂监测数据10.26.xlsx,2025.12.21,1,无可唯一匹配施工事件,/
E:\压裂窜扰项目\02 规范化\不重要的\阳101H2\阳101H2 邻井压力监测\阳101h26平台临井压裂监测数据10.26.xlsx,2025.12.21,2,无可唯一匹配施工事件,/
E:\压裂窜扰项目\02 规范化\不重要的\阳101H2\阳101H2 邻井压力监测\阳101h26平台临井压裂监测数据10.26.xlsx,2025.12.21,3,无可唯一匹配施工事件,/
E:\压裂窜扰项目\02 规范化\不重要的\阳101H2\阳101H2 邻井压力监测\阳101h26平台临井压裂监测数据10.26.xlsx,2025.12.21,4,无可唯一匹配施工事件,/
E:\压裂窜扰项目\02 规范化\不重要的\阳101H2\阳101H2 邻井压力监测\阳101h26平台临井压裂监测数据10.26.xlsx,2025.12.22,1,无可唯一匹配施工事件,/
E:\压裂窜扰项目\02 规范化\不重要的\阳101H2\阳101H2 邻井压力监测\阳101h26平台临井压裂监测数据10.26.xlsx,2025.12.22,2,无可唯一匹配施工事件,/
E:\压裂窜扰项目\02 规范化\不重要的\阳101H2\阳101H2 邻井压力监测\阳101h26平台临井压裂监测数据10.26.xlsx,2025.12.22,3,无可唯一匹配施工事件,/
E:\压裂窜扰项目\02 规范化\不重要的\阳101H2\阳101H2 邻井压力监测\阳101h26平台临井压裂监测数据10.26.xlsx,2025.12.22,4,无可唯一匹配施工事件,/
E:\压裂窜扰项目\02 规范化\不重要的\阳101H2\阳101H2 邻井压力监测\阳101h26平台临井压裂监测数据10.26.xlsx,2025.12.23,1,无可唯一匹配施工事件,/
E:\压裂窜扰项目\02 规范化\不重要的\阳101H2\阳101H2 邻井压力监测\阳101h26平台临井压裂监测数据10.26.xlsx,2025.12.23,2,无可唯一匹配施工事件,/
E:\压裂窜扰项目\02 规范化\不重要的\阳101H2\阳101H2 邻井压力监测\阳101h26平台临井压裂监测数据10.26.xlsx,2025.12.23,3,无可唯一匹配施工事件,/
E:\压裂窜扰项目\02 规范化\不重要的\阳101H2\阳101H2 邻井压力监测\阳101h26平台临井压裂监测数据10.26.xlsx,2025.12.23,4,无可唯一匹配施工事件,/
E:\压裂窜扰项目\02 规范化\不重要的\阳101H2\阳101H2 邻井压力监测\阳101h26平台临井压裂监测数据10.26.xlsx,2025.12.24,1,无可唯一匹配施工事件,/
E:\压裂窜扰项目\02 规范化\不重要的\阳101H2\阳101H2 邻井压力监测\阳101h26平台临井压裂监测数据10.26.xlsx,2025.12.24,2,无可唯一匹配施工事件,/
E:\压裂窜扰项目\02 规范化\不重要的\阳101H2\阳101H2 邻井压力监测\阳101h26平台临井压裂监测数据10.26.xlsx,2025.12.24,3,无可唯一匹配施工事件,/
E:\压裂窜扰项目\02 规范化\不重要的\阳101H2\阳101H2 邻井压力监测\阳101h26平台临井压裂监测数据10.26.xlsx,2025.12.24,4,无可唯一匹配施工事件,/
E:\压裂窜扰项目\02 规范化\不重要的\阳101H2\阳101H2 邻井压力监测\阳101h26平台临井压裂监测数据10.26.xlsx,2025.12.25,1,无可唯一匹配施工事件,/
E:\压裂窜扰项目\02 规范化\不重要的\阳101H2\阳101H2 邻井压力监测\阳101h26平台临井压裂监测数据10.26.xlsx,2025.12.25,2,无可唯一匹配施工事件,/
E:\压裂窜扰项目\02 规范化\不重要的\阳101H2\阳101H2 邻井压力监测\阳101h26平台临井压裂监测数据10.26.xlsx,2025.12.25,3,无可唯一匹配施工事件,/
E:\压裂窜扰项目\02 规范化\不重要的\阳101H2\阳101H2 邻井压力监测\阳101h26平台临井压裂监测数据10.26.xlsx,2025.12.25,4,无可唯一匹配施工事件,/
E:\压裂窜扰项目\02 规范化\不重要的\阳101H2\阳101H2 邻井压力监测\阳101h26平台临井压裂监测数据10.26.xlsx,2025.12.26,1,无可唯一匹配施工事件,/
E:\压裂窜扰项目\02 规范化\不重要的\阳101H2\阳101H2 邻井压力监测\阳101h26平台临井压裂监测数据10.26.xlsx,2025.12.26,2,无可唯一匹配施工事件,/
E:\压裂窜扰项目\02 规范化\不重要的\阳101H2\阳101H2 邻井压力监测\阳101h26平台临井压裂监测数据10.26.xlsx,2025.12.26,3,无可唯一匹配施工事件,/
E:\压裂窜扰项目\02 规范化\不重要的\阳101H2\阳101H2 邻井压力监测\阳101h26平台临井压裂监测数据10.26.xlsx,2025.12.26,4,无可唯一匹配施工事件,/
E:\压裂窜扰项目\02 规范化\不重要的\阳101H2\阳101H2 邻井压力监测\阳101h26平台临井压裂监测数据10.26.xlsx,2025.12.27,1,无可唯一匹配施工事件,/
E:\压裂窜扰项目\02 规范化\不重要的\阳101H2\阳101H2 邻井压力监测\阳101h26平台临井压裂监测数据10.26.xlsx,2025.12.27,2,无可唯一匹配施工事件,/
E:\压裂窜扰项目\02 规范化\不重要的\阳101H2\阳101H2 邻井压力监测\阳101h26平台临井压裂监测数据10.26.xlsx,2025.12.27,3,无可唯一匹配施工事件,/
E:\压裂窜扰项目\02 规范化\不重要的\阳101H2\阳101H2 邻井压力监测\阳101h26平台临井压裂监测数据10.26.xlsx,2025.12.27,4,无可唯一匹配施工事件,/
E:\压裂窜扰项目\02 规范化\不重要的\阳101H2\阳101H2 邻井压力监测\阳101h26平台临井压裂监测数据10.29.xlsx,2025.11.21,1,无可唯一匹配施工事件,/
E:\压裂窜扰项目\02 规范化\不重要的\阳101H2\阳101H2 邻井压力监测\阳101h26平台临井压裂监测数据10.29.xlsx,2025.11.21,2,无可唯一匹配施工事件,/
E:\压裂窜扰项目\02 规范化\不重要的\阳101H2\阳101H2 邻井压力监测\阳101h26平台临井压裂监测数据10.29.xlsx,2025.11.21,3,无可唯一匹配施工事件,/
E:\压裂窜扰项目\02 规范化\不重要的\阳101H2\阳101H2 邻井压力监测\阳101h26平台临井压裂监测数据10.29.xlsx,2025.11.21,4,无可唯一匹配施工事件,/
E:\压裂窜扰项目\02 规范化\不重要的\阳101H2\阳101H2 邻井压力监测\阳101h26平台临井压裂监测数据10.29.xlsx,2025.11.22,1,无可唯一匹配施工事件,/
E:\压裂窜扰项目\02 规范化\不重要的\阳101H2\阳101H2 邻井压力监测\阳101h26平台临井压裂监测数据10.29.xlsx,2025.11.22,2,无可唯一匹配施工事件,/
E:\压裂窜扰项目\02 规范化\不重要的\阳101H2\阳101H2 邻井压力监测\阳101h26平台临井压裂监测数据10.29.xlsx,2025.11.22,3,无可唯一匹配施工事件,/
E:\压裂窜扰项目\02 规范化\不重要的\阳101H2\阳101H2 邻井压力监测\阳101h26平台临井压裂监测数据10.29.xlsx,2025.11.22,4,无可唯一匹配施工事件,/
E:\压裂窜扰项目\02 规范化\不重要的\阳101H2\阳101H2 邻井压力监测\阳101h26平台临井压裂监测数据10.29.xlsx,2025.11.23,1,无可唯一匹配施工事件,/
E:\压裂窜扰项目\02 规范化\不重要的\阳101H2\阳101H2 邻井压力监测\阳101h26平台临井压裂监测数据10.29.xlsx,2025.11.23,2,无可唯一匹配施工事件,/
E:\压裂窜扰项目\02 规范化\不重要的\阳101H2\阳101H2 邻井压力监测\阳101h26平台临井压裂监测数据10.29.xlsx,2025.11.23,3,无可唯一匹配施工事件,/
E:\压裂窜扰项目\02 规范化\不重要的\阳101H2\阳101H2 邻井压力监测\阳101h26平台临井压裂监测数据10.29.xlsx,2025.11.23,4,无可唯一匹配施工事件,/
E:\压裂窜扰项目\02 规范化\不重要的\阳101H2\阳101H2 邻井压力监测\阳101h26平台临井压裂监测数据10.29.xlsx,2025.11.24,1,无可唯一匹配施工事件,/
E:\压裂窜扰项目\02 规范化\不重要的\阳101H2\阳101H2 邻井压力监测\阳101h26平台临井压裂监测数据10.29.xlsx,2025.11.24,2,无可唯一匹配施工事件,/
E:\压裂窜扰项目\02 规范化\不重要的\阳101H2\阳101H2 邻井压力监测\阳101h26平台临井压裂监测数据10.29.xlsx,2025.11.24,3,无可唯一匹配施工事件,/
E:\压裂窜扰项目\02 规范化\不重要的\阳101H2\阳101H2 邻井压力监测\阳101h26平台临井压裂监测数据10.29.xlsx,2025.11.24,4,无可唯一匹配施工事件,/
E:\压裂窜扰项目\02 规范化\不重要的\阳101H2\阳101H2 邻井压力监测\阳101h26平台临井压裂监测数据10.29.xlsx,2025.11.25,1,无可唯一匹配施工事件,/
E:\压裂窜扰项目\02 规范化\不重要的\阳101H2\阳101H2 邻井压力监测\阳101h26平台临井压裂监测数据10.29.xlsx,2025.11.25,2,无可唯一匹配施工事件,/
E:\压裂窜扰项目\02 规范化\不重要的\阳101H2\阳101H2 邻井压力监测\阳101h26平台临井压裂监测数据10.29.xlsx,2025.11.25,3,无可唯一匹配施工事件,/
E:\压裂窜扰项目\02 规范化\不重要的\阳101H2\阳101H2 邻井压力监测\阳101h26平台临井压裂监测数据10.29.xlsx,2025.11.25,4,无可唯一匹配施工事件,/
E:\压裂窜扰项目\02 规范化\不重要的\阳101H2\阳101H2 邻井压力监测\阳101h26平台临井压裂监测数据10.29.xlsx,2025.11.26,1,无可唯一匹配施工事件,/
E:\压裂窜扰项目\02 规范化\不重要的\阳101H2\阳101H2 邻井压力监测\阳101h26平台临井压裂监测数据10.29.xlsx,2025.11.26,2,无可唯一匹配施工事件,/
E:\压裂窜扰项目\02 规范化\不重要的\阳101H2\阳101H2 邻井压力监测\阳101h26平台临井压裂监测数据10.29.xlsx,2025.11.26,3,无可唯一匹配施工事件,/
E:\压裂窜扰项目\02 规范化\不重要的\阳101H2\阳101H2 邻井压力监测\阳101h26平台临井压裂监测数据10.29.xlsx,2025.11.26,4,无可唯一匹配施工事件,/
E:\压裂窜扰项目\02 规范化\不重要的\阳101H2\阳101H2 邻井压力监测\阳101h26平台临井压裂监测数据10.29.xlsx,2025.11.30,1,无可唯一匹配施工事件,/
E:\压裂窜扰项目\02 规范化\不重要的\阳101H2\阳101H2 邻井压力监测\阳101h26平台临井压裂监测数据10.29.xlsx,2025.11.30,2,无可唯一匹配施工事件,/
E:\压裂窜扰项目\02 规范化\不重要的\阳101H2\阳101H2 邻井压力监测\阳101h26平台临井压裂监测数据10.29.xlsx,2025.11.30,3,无可唯一匹配施工事件,/
E:\压裂窜扰项目\02 规范化\不重要的\阳101H2\阳101H2 邻井压力监测\阳101h26平台临井压裂监测数据10.29.xlsx,2025.11.30,4,无可唯一匹配施工事件,/
E:\压裂窜扰项目\02 规范化\不重要的\阳101H2\阳101H2 邻井压力监测\阳101h26平台临井压裂监测数据10.29.xlsx,2025.12.1,1,无可唯一匹配施工事件,/
E:\压裂窜扰项目\02 规范化\不重要的\阳101H2\阳101H2 邻井压力监测\阳101h26平台临井压裂监测数据10.29.xlsx,2025.12.1,2,无可唯一匹配施工事件,/
E:\压裂窜扰项目\02 规范化\不重要的\阳101H2\阳101H2 邻井压力监测\阳101h26平台临井压裂监测数据10.29.xlsx,2025.12.1,3,无可唯一匹配施工事件,/
E:\压裂窜扰项目\02 规范化\不重要的\阳101H2\阳101H2 邻井压力监测\阳101h26平台临井压裂监测数据10.29.xlsx,2025.12.1,4,无可唯一匹配施工事件,/
E:\压裂窜扰项目\02 规范化\不重要的\阳101H2\阳101H2 邻井压力监测\阳101h26平台临井压裂监测数据10.29.xlsx,2025.12.2,1,无可唯一匹配施工事件,/
E:\压裂窜扰项目\02 规范化\不重要的\阳101H2\阳101H2 邻井压力监测\阳101h26平台临井压裂监测数据10.29.xlsx,2025.12.2,2,无可唯一匹配施工事件,/
E:\压裂窜扰项目\02 规范化\不重要的\阳101H2\阳101H2 邻井压力监测\阳101h26平台临井压裂监测数据10.29.xlsx,2025.12.2,3,无可唯一匹配施工事件,/
E:\压裂窜扰项目\02 规范化\不重要的\阳101H2\阳101H2 邻井压力监测\阳101h26平台临井压裂监测数据10.29.xlsx,2025.12.2,4,无可唯一匹配施工事件,/
E:\压裂窜扰项目\02 规范化\不重要的\阳101H2\阳101H2 邻井压力监测\阳101h26平台临井压裂监测数据10.29.xlsx,2025.12.3,1,无可唯一匹配施工事件,/
E:\压裂窜扰项目\02 规范化\不重要的\阳101H2\阳101H2 邻井压力监测\阳101h26平台临井压裂监测数据10.29.xlsx,2025.12.3,2,无可唯一匹配施工事件,/
E:\压裂窜扰项目\02 规范化\不重要的\阳101H2\阳101H2 邻井压力监测\阳101h26平台临井压裂监测数据10.29.xlsx,2025.12.3,3,无可唯一匹配施工事件,/
E:\压裂窜扰项目\02 规范化\不重要的\阳101H2\阳101H2 邻井压力监测\阳101h26平台临井压裂监测数据10.29.xlsx,2025.12.3,4,无可唯一匹配施工事件,/
E:\压裂窜扰项目\02 规范化\不重要的\阳101H2\阳101H2 邻井压力监测\阳101h26平台临井压裂监测数据10.29.xlsx,2025.12.4,1,无可唯一匹配施工事件,/
E:\压裂窜扰项目\02 规范化\不重要的\阳101H2\阳101H2 邻井压力监测\阳101h26平台临井压裂监测数据10.29.xlsx,2025.12.4,2,无可唯一匹配施工事件,/
E:\压裂窜扰项目\02 规范化\不重要的\阳101H2\阳101H2 邻井压力监测\阳101h26平台临井压裂监测数据10.29.xlsx,2025.12.4,3,无可唯一匹配施工事件,/
E:\压裂窜扰项目\02 规范化\不重要的\阳101H2\阳101H2 邻井压力监测\阳101h26平台临井压裂监测数据10.29.xlsx,2025.12.4,4,无可唯一匹配施工事件,/
E:\压裂窜扰项目\02 规范化\不重要的\阳101H2\阳101H2 邻井压力监测\阳101h26平台临井压裂监测数据10.29.xlsx,2025.12.5,1,无可唯一匹配施工事件,/
E:\压裂窜扰项目\02 规范化\不重要的\阳101H2\阳101H2 邻井压力监测\阳101h26平台临井压裂监测数据10.29.xlsx,2025.12.5,2,无可唯一匹配施工事件,/
E:\压裂窜扰项目\02 规范化\不重要的\阳101H2\阳101H2 邻井压力监测\阳101h26平台临井压裂监测数据10.29.xlsx,2025.12.5,3,无可唯一匹配施工事件,/
E:\压裂窜扰项目\02 规范化\不重要的\阳101H2\阳101H2 邻井压力监测\阳101h26平台临井压裂监测数据10.29.xlsx,2025.12.5,4,无可唯一匹配施工事件,/
E:\压裂窜扰项目\02 规范化\不重要的\阳101H2\阳101H2 邻井压力监测\阳101h26平台临井压裂监测数据10.29.xlsx,2025.12.6,1,无可唯一匹配施工事件,/
E:\压裂窜扰项目\02 规范化\不重要的\阳101H2\阳101H2 邻井压力监测\阳101h26平台临井压裂监测数据10.29.xlsx,2025.12.6,2,无可唯一匹配施工事件,/
E:\压裂窜扰项目\02 规范化\不重要的\阳101H2\阳101H2 邻井压力监测\阳101h26平台临井压裂监测数据10.29.xlsx,2025.12.6,3,无可唯一匹配施工事件,/
E:\压裂窜扰项目\02 规范化\不重要的\阳101H2\阳101H2 邻井压力监测\阳101h26平台临井压裂监测数据10.29.xlsx,2025.12.6,4,无可唯一匹配施工事件,/
E:\压裂窜扰项目\02 规范化\不重要的\阳101H2\阳101H2 邻井压力监测\阳101h26平台临井压裂监测数据10.29.xlsx,2025.12.7,1,无可唯一匹配施工事件,/
E:\压裂窜扰项目\02 规范化\不重要的\阳101H2\阳101H2 邻井压力监测\阳101h26平台临井压裂监测数据10.29.xlsx,2025.12.7,2,无可唯一匹配施工事件,/
E:\压裂窜扰项目\02 规范化\不重要的\阳101H2\阳101H2 邻井压力监测\阳101h26平台临井压裂监测数据10.29.xlsx,2025.12.7,3,无可唯一匹配施工事件,/
E:\压裂窜扰项目\02 规范化\不重要的\阳101H2\阳101H2 邻井压力监测\阳101h26平台临井压裂监测数据10.29.xlsx,2025.12.7,4,无可唯一匹配施工事件,/
E:\压裂窜扰项目\02 规范化\不重要的\阳101H2\阳101H2 邻井压力监测\阳101h26平台临井压裂监测数据10.29.xlsx,2025.12.8,1,无可唯一匹配施工事件,/
E:\压裂窜扰项目\02 规范化\不重要的\阳101H2\阳101H2 邻井压力监测\阳101h26平台临井压裂监测数据10.29.xlsx,2025.12.8,2,无可唯一匹配施工事件,/
E:\压裂窜扰项目\02 规范化\不重要的\阳101H2\阳101H2 邻井压力监测\阳101h26平台临井压裂监测数据10.29.xlsx,2025.12.8,3,无可唯一匹配施工事件,/
E:\压裂窜扰项目\02 规范化\不重要的\阳101H2\阳101H2 邻井压力监测\阳101h26平台临井压裂监测数据10.29.xlsx,2025.12.8,4,无可唯一匹配施工事件,/
E:\压裂窜扰项目\02 规范化\不重要的\阳101H2\阳101H2 邻井压力监测\阳101h26平台临井压裂监测数据10.29.xlsx,2025.12.9,1,无可唯一匹配施工事件,/
E:\压裂窜扰项目\02 规范化\不重要的\阳101H2\阳101H2 邻井压力监测\阳101h26平台临井压裂监测数据10.29.xlsx,2025.12.9,2,无可唯一匹配施工事件,/
E:\压裂窜扰项目\02 规范化\不重要的\阳101H2\阳101H2 邻井压力监测\阳101h26平台临井压裂监测数据10.29.xlsx,2025.12.9,3,无可唯一匹配施工事件,/
E:\压裂窜扰项目\02 规范化\不重要的\阳101H2\阳101H2 邻井压力监测\阳101h26平台临井压裂监测数据10.29.xlsx,2025.12.9,4,无可唯一匹配施工事件,/
E:\压裂窜扰项目\02 规范化\不重要的\阳101H2\阳101H2 邻井压力监测\阳101h26平台临井压裂监测数据10.29.xlsx,2025.12.10,1,无可唯一匹配施工事件,/
E:\压裂窜扰项目\02 规范化\不重要的\阳101H2\阳101H2 邻井压力监测\阳101h26平台临井压裂监测数据10.29.xlsx,2025.12.10,2,无可唯一匹配施工事件,/
E:\压裂窜扰项目\02 规范化\不重要的\阳101H2\阳101H2 邻井压力监测\阳101h26平台临井压裂监测数据10.29.xlsx,2025.12.10,3,无可唯一匹配施工事件,/
E:\压裂窜扰项目\02 规范化\不重要的\阳101H2\阳101H2 邻井压力监测\阳101h26平台临井压裂监测数据10.29.xlsx,2025.12.10,4,无可唯一匹配施工事件,/
E:\压裂窜扰项目\02 规范化\不重要的\阳101H2\阳101H2 邻井压力监测\阳101h26平台临井压裂监测数据10.29.xlsx,2025.12.11,1,无可唯一匹配施工事件,/
E:\压裂窜扰项目\02 规范化\不重要的\阳101H2\阳101H2 邻井压力监测\阳101h26平台临井压裂监测数据10.29.xlsx,2025.12.11,2,无可唯一匹配施工事件,/
E:\压裂窜扰项目\02 规范化\不重要的\阳101H2\阳101H2 邻井压力监测\阳101h26平台临井压裂监测数据10.29.xlsx,2025.12.11,3,无可唯一匹配施工事件,/
E:\压裂窜扰项目\02 规范化\不重要的\阳101H2\阳101H2 邻井压力监测\阳101h26平台临井压裂监测数据10.29.xlsx,2025.12.11,4,无可唯一匹配施工事件,/
E:\压裂窜扰项目\02 规范化\不重要的\阳101H2\阳101H2 邻井压力监测\阳101h26平台临井压裂监测数据10.29.xlsx,2025.12.12,1,无可唯一匹配施工事件,/
E:\压裂窜扰项目\02 规范化\不重要的\阳101H2\阳101H2 邻井压力监测\阳101h26平台临井压裂监测数据10.29.xlsx,2025.12.12,2,无可唯一匹配施工事件,/
E:\压裂窜扰项目\02 规范化\不重要的\阳101H2\阳101H2 邻井压力监测\阳101h26平台临井压裂监测数据10.29.xlsx,2025.12.12,3,无可唯一匹配施工事件,/
E:\压裂窜扰项目\02 规范化\不重要的\阳101H2\阳101H2 邻井压力监测\阳101h26平台临井压裂监测数据10.29.xlsx,2025.12.12,4,无可唯一匹配施工事件,/
E:\压裂窜扰项目\02 规范化\不重要的\阳101H2\阳101H2 邻井压力监测\阳101h26平台临井压裂监测数据10.29.xlsx,2025.12.13,1,无可唯一匹配施工事件,/
E:\压裂窜扰项目\02 规范化\不重要的\阳101H2\阳101H2 邻井压力监测\阳101h26平台临井压裂监测数据10.29.xlsx,2025.12.13,2,无可唯一匹配施工事件,/
E:\压裂窜扰项目\02 规范化\不重要的\阳101H2\阳101H2 邻井压力监测\阳101h26平台临井压裂监测数据10.29.xlsx,2025.12.13,3,无可唯一匹配施工事件,/
E:\压裂窜扰项目\02 规范化\不重要的\阳101H2\阳101H2 邻井压力监测\阳101h26平台临井压裂监测数据10.29.xlsx,2025.12.13,4,无可唯一匹配施工事件,/
E:\压裂窜扰项目\02 规范化\不重要的\阳101H2\阳101H2 邻井压力监测\阳101h26平台临井压裂监测数据10.29.xlsx,2025.12.14,1,无可唯一匹配施工事件,/
E:\压裂窜扰项目\02 规范化\不重要的\阳101H2\阳101H2 邻井压力监测\阳101h26平台临井压裂监测数据10.29.xlsx,2025.12.14,2,无可唯一匹配施工事件,/
E:\压裂窜扰项目\02 规范化\不重要的\阳101H2\阳101H2 邻井压力监测\阳101h26平台临井压裂监测数据10.29.xlsx,2025.12.14,3,无可唯一匹配施工事件,/
E:\压裂窜扰项目\02 规范化\不重要的\阳101H2\阳101H2 邻井压力监测\阳101h26平台临井压裂监测数据10.29.xlsx,2025.12.14,4,无可唯一匹配施工事件,/
E:\压裂窜扰项目\02 规范化\不重要的\阳101H2\阳101H2 邻井压力监测\阳101h26平台临井压裂监测数据10.29.xlsx,2025.12.15,1,无可唯一匹配施工事件,/
E:\压裂窜扰项目\02 规范化\不重要的\阳101H2\阳101H2 邻井压力监测\阳101h26平台临井压裂监测数据10.29.xlsx,2025.12.15,2,无可唯一匹配施工事件,/
E:\压裂窜扰项目\02 规范化\不重要的\阳101H2\阳101H2 邻井压力监测\阳101h26平台临井压裂监测数据10.29.xlsx,2025.12.15,3,无可唯一匹配施工事件,/
E:\压裂窜扰项目\02 规范化\不重要的\阳101H2\阳101H2 邻井压力监测\阳101h26平台临井压裂监测数据10.29.xlsx,2025.12.15,4,无可唯一匹配施工事件,/
E:\压裂窜扰项目\02 规范化\不重要的\阳101H2\阳101H2 邻井压力监测\阳101h26平台临井压裂监测数据10.29.xlsx,2025.12.16,1,无可唯一匹配施工事件,/
E:\压裂窜扰项目\02 规范化\不重要的\阳101H2\阳101H2 邻井压力监测\阳101h26平台临井压裂监测数据10.29.xlsx,2025.12.16,2,无可唯一匹配施工事件,/
E:\压裂窜扰项目\02 规范化\不重要的\阳101H2\阳101H2 邻井压力监测\阳101h26平台临井压裂监测数据10.29.xlsx,2025.12.16,3,无可唯一匹配施工事件,/
E:\压裂窜扰项目\02 规范化\不重要的\阳101H2\阳101H2 邻井压力监测\阳101h26平台临井压裂监测数据10.29.xlsx,2025.12.16,4,无可唯一匹配施工事件,/
E:\压裂窜扰项目\02 规范化\不重要的\阳101H2\阳101H2 邻井压力监测\阳101h26平台临井压裂监测数据10.29.xlsx,2025.12.17,1,无可唯一匹配施工事件,/
E:\压裂窜扰项目\02 规范化\不重要的\阳101H2\阳101H2 邻井压力监测\阳101h26平台临井压裂监测数据10.29.xlsx,2025.12.17,2,无可唯一匹配施工事件,/
E:\压裂窜扰项目\02 规范化\不重要的\阳101H2\阳101H2 邻井压力监测\阳101h26平台临井压裂监测数据10.29.xlsx,2025.12.17,3,无可唯一匹配施工事件,/
E:\压裂窜扰项目\02 规范化\不重要的\阳101H2\阳101H2 邻井压力监测\阳101h26平台临井压裂监测数据10.29.xlsx,2025.12.17,4,无可唯一匹配施工事件,/
E:\压裂窜扰项目\02 规范化\不重要的\阳101H2\阳101H2 邻井压力监测\阳101h26平台临井压裂监测数据10.29.xlsx,2025.12.18,1,无可唯一匹配施工事件,/
E:\压裂窜扰项目\02 规范化\不重要的\阳101H2\阳101H2 邻井压力监测\阳101h26平台临井压裂监测数据10.29.xlsx,2025.12.18,2,无可唯一匹配施工事件,/
E:\压裂窜扰项目\02 规范化\不重要的\阳101H2\阳101H2 邻井压力监测\阳101h26平台临井压裂监测数据10.29.xlsx,2025.12.18,3,无可唯一匹配施工事件,/
E:\压裂窜扰项目\02 规范化\不重要的\阳101H2\阳101H2 邻井压力监测\阳101h26平台临井压裂监测数据10.29.xlsx,2025.12.18,4,无可唯一匹配施工事件,/
E:\压裂窜扰项目\02 规范化\不重要的\阳101H2\阳101H2 邻井压力监测\阳101h26平台临井压裂监测数据10.29.xlsx,2025.12.19,1,无可唯一匹配施工事件,/
E:\压裂窜扰项目\02 规范化\不重要的\阳101H2\阳101H2 邻井压力监测\阳101h26平台临井压裂监测数据10.29.xlsx,2025.12.19,2,无可唯一匹配施工事件,/
E:\压裂窜扰项目\02 规范化\不重要的\阳101H2\阳101H2 邻井压力监测\阳101h26平台临井压裂监测数据10.29.xlsx,2025.12.19,3,无可唯一匹配施工事件,/
E:\压裂窜扰项目\02 规范化\不重要的\阳101H2\阳101H2 邻井压力监测\阳101h26平台临井压裂监测数据10.29.xlsx,2025.12.19,4,无可唯一匹配施工事件,/
E:\压裂窜扰项目\02 规范化\不重要的\阳101H2\阳101H2 邻井压力监测\阳101h26平台临井压裂监测数据10.29.xlsx,2025.12.20,1,无可唯一匹配施工事件,/
E:\压裂窜扰项目\02 规范化\不重要的\阳101H2\阳101H2 邻井压力监测\阳101h26平台临井压裂监测数据10.29.xlsx,2025.12.20,2,无可唯一匹配施工事件,/
E:\压裂窜扰项目\02 规范化\不重要的\阳101H2\阳101H2 邻井压力监测\阳101h26平台临井压裂监测数据10.29.xlsx,2025.12.20,3,无可唯一匹配施工事件,/
E:\压裂窜扰项目\02 规范化\不重要的\阳101H2\阳101H2 邻井压力监测\阳101h26平台临井压裂监测数据10.29.xlsx,2025.12.20,4,无可唯一匹配施工事件,/
E:\压裂窜扰项目\02 规范化\不重要的\阳101H2\阳101H2 邻井压力监测\阳101h26平台临井压裂监测数据10.29.xlsx,2025.12.21,1,无可唯一匹配施工事件,/
E:\压裂窜扰项目\02 规范化\不重要的\阳101H2\阳101H2 邻井压力监测\阳101h26平台临井压裂监测数据10.29.xlsx,2025.12.21,2,无可唯一匹配施工事件,/
E:\压裂窜扰项目\02 规范化\不重要的\阳101H2\阳101H2 邻井压力监测\阳101h26平台临井压裂监测数据10.29.xlsx,2025.12.21,3,无可唯一匹配施工事件,/
E:\压裂窜扰项目\02 规范化\不重要的\阳101H2\阳101H2 邻井压力监测\阳101h26平台临井压裂监测数据10.29.xlsx,2025.12.21,4,无可唯一匹配施工事件,/
E:\压裂窜扰项目\02 规范化\不重要的\阳101H2\阳101H2 邻井压力监测\阳101h26平台临井压裂监测数据10.29.xlsx,2025.12.22,1,无可唯一匹配施工事件,/
E:\压裂窜扰项目\02 规范化\不重要的\阳101H2\阳101H2 邻井压力监测\阳101h26平台临井压裂监测数据10.29.xlsx,2025.12.22,2,无可唯一匹配施工事件,/
E:\压裂窜扰项目\02 规范化\不重要的\阳101H2\阳101H2 邻井压力监测\阳101h26平台临井压裂监测数据10.29.xlsx,2025.12.22,3,无可唯一匹配施工事件,/
E:\压裂窜扰项目\02 规范化\不重要的\阳101H2\阳101H2 邻井压力监测\阳101h26平台临井压裂监测数据10.29.xlsx,2025.12.22,4,无可唯一匹配施工事件,/
E:\压裂窜扰项目\02 规范化\不重要的\阳101H2\阳101H2 邻井压力监测\阳101h26平台临井压裂监测数据10.29.xlsx,2025.12.23,1,无可唯一匹配施工事件,/
E:\压裂窜扰项目\02 规范化\不重要的\阳101H2\阳101H2 邻井压力监测\阳101h26平台临井压裂监测数据10.29.xlsx,2025.12.23,2,无可唯一匹配施工事件,/
E:\压裂窜扰项目\02 规范化\不重要的\阳101H2\阳101H2 邻井压力监测\阳101h26平台临井压裂监测数据10.29.xlsx,2025.12.23,3,无可唯一匹配施工事件,/
E:\压裂窜扰项目\02 规范化\不重要的\阳101H2\阳101H2 邻井压力监测\阳101h26平台临井压裂监测数据10.29.xlsx,2025.12.23,4,无可唯一匹配施工事件,/
E:\压裂窜扰项目\02 规范化\不重要的\阳101H2\阳101H2 邻井压力监测\阳101h26平台临井压裂监测数据10.29.xlsx,2025.12.24,1,无可唯一匹配施工事件,/
E:\压裂窜扰项目\02 规范化\不重要的\阳101H2\阳101H2 邻井压力监测\阳101h26平台临井压裂监测数据10.29.xlsx,2025.12.24,2,无可唯一匹配施工事件,/
E:\压裂窜扰项目\02 规范化\不重要的\阳101H2\阳101H2 邻井压力监测\阳101h26平台临井压裂监测数据10.29.xlsx,2025.12.24,3,无可唯一匹配施工事件,/
E:\压裂窜扰项目\02 规范化\不重要的\阳101H2\阳101H2 邻井压力监测\阳101h26平台临井压裂监测数据10.29.xlsx,2025.12.24,4,无可唯一匹配施工事件,/
E:\压裂窜扰项目\02 规范化\不重要的\阳101H2\阳101H2 邻井压力监测\阳101h26平台临井压裂监测数据10.29.xlsx,2025.12.25,1,无可唯一匹配施工事件,/
E:\压裂窜扰项目\02 规范化\不重要的\阳101H2\阳101H2 邻井压力监测\阳101h26平台临井压裂监测数据10.29.xlsx,2025.12.25,2,无可唯一匹配施工事件,/
E:\压裂窜扰项目\02 规范化\不重要的\阳101H2\阳101H2 邻井压力监测\阳101h26平台临井压裂监测数据10.29.xlsx,2025.12.25,3,无可唯一匹配施工事件,/
E:\压裂窜扰项目\02 规范化\不重要的\阳101H2\阳101H2 邻井压力监测\阳101h26平台临井压裂监测数据10.29.xlsx,2025.12.25,4,无可唯一匹配施工事件,/
E:\压裂窜扰项目\02 规范化\不重要的\阳101H2\阳101H2 邻井压力监测\阳101h26平台临井压裂监测数据10.29.xlsx,2025.12.26,1,无可唯一匹配施工事件,/
E:\压裂窜扰项目\02 规范化\不重要的\阳101H2\阳101H2 邻井压力监测\阳101h26平台临井压裂监测数据10.29.xlsx,2025.12.26,2,无可唯一匹配施工事件,/
E:\压裂窜扰项目\02 规范化\不重要的\阳101H2\阳101H2 邻井压力监测\阳101h26平台临井压裂监测数据10.29.xlsx,2025.12.26,3,无可唯一匹配施工事件,/
E:\压裂窜扰项目\02 规范化\不重要的\阳101H2\阳101H2 邻井压力监测\阳101h26平台临井压裂监测数据10.29.xlsx,2025.12.26,4,无可唯一匹配施工事件,/
E:\压裂窜扰项目\02 规范化\不重要的\阳101H2\阳101H2 邻井压力监测\阳101h26平台临井压裂监测数据10.29.xlsx,2025.12.27,1,无可唯一匹配施工事件,/
E:\压裂窜扰项目\02 规范化\不重要的\阳101H2\阳101H2 邻井压力监测\阳101h26平台临井压裂监测数据10.29.xlsx,2025.12.27,2,无可唯一匹配施工事件,/
E:\压裂窜扰项目\02 规范化\不重要的\阳101H2\阳101H2 邻井压力监测\阳101h26平台临井压裂监测数据10.29.xlsx,2025.12.27,3,无可唯一匹配施工事件,/
E:\压裂窜扰项目\02 规范化\不重要的\阳101H2\阳101H2 邻井压力监测\阳101h26平台临井压裂监测数据10.29.xlsx,2025.12.27,4,无可唯一匹配施工事件,/
E:\压裂窜扰项目\02 规范化\不重要的\阳101H2\阳101H2 邻井压力监测\阳101h26平台临井压裂监测数据10.29.xlsx,2025.12.28,1,无可唯一匹配施工事件,/
E:\压裂窜扰项目\02 规范化\不重要的\阳101H2\阳101H2 邻井压力监测\阳101h26平台临井压裂监测数据10.29.xlsx,2025.12.28,2,无可唯一匹配施工事件,/
E:\压裂窜扰项目\02 规范化\不重要的\阳101H2\阳101H2 邻井压力监测\阳101h26平台临井压裂监测数据10.29.xlsx,2025.12.28,3,无可唯一匹配施工事件,/
E:\压裂窜扰项目\02 规范化\不重要的\阳101H2\阳101H2 邻井压力监测\阳101h26平台临井压裂监测数据10.29.xlsx,2025.12.28,4,无可唯一匹配施工事件,/
E:\压裂窜扰项目\02 规范化\不重要的\阳101H2\阳101H2 邻井压力监测\阳101h26平台临井压裂监测数据10.29.xlsx,2025.12.29,1,无可唯一匹配施工事件,/
E:\压裂窜扰项目\02 规范化\不重要的\阳101H2\阳101H2 邻井压力监测\阳101h26平台临井压裂监测数据10.29.xlsx,2025.12.29,2,无可唯一匹配施工事件,/
E:\压裂窜扰项目\02 规范化\不重要的\阳101H2\阳101H2 邻井压力监测\阳101h26平台临井压裂监测数据10.29.xlsx,2025.12.29,3,无可唯一匹配施工事件,/
E:\压裂窜扰项目\02 规范化\不重要的\阳101H2\阳101H2 邻井压力监测\阳101h26平台临井压裂监测数据10.29.xlsx,2025.12.29,4,无可唯一匹配施工事件,/
E:\压裂窜扰项目\02 规范化\不重要的\阳101H2\阳101H2 邻井压力监测\阳101h26平台临井压裂监测数据10.30.xlsx,2025.11.21,1,无可唯一匹配施工事件,/
E:\压裂窜扰项目\02 规范化\不重要的\阳101H2\阳101H2 邻井压力监测\阳101h26平台临井压裂监测数据10.30.xlsx,2025.11.21,2,无可唯一匹配施工事件,/
E:\压裂窜扰项目\02 规范化\不重要的\阳101H2\阳101H2 邻井压力监测\阳101h26平台临井压裂监测数据10.30.xlsx,2025.11.21,3,无可唯一匹配施工事件,/
E:\压裂窜扰项目\02 规范化\不重要的\阳101H2\阳101H2 邻井压力监测\阳101h26平台临井压裂监测数据10.30.xlsx,2025.11.21,4,无可唯一匹配施工事件,/
E:\压裂窜扰项目\02 规范化\不重要的\阳101H2\阳101H2 邻井压力监测\阳101h26平台临井压裂监测数据10.30.xlsx,2025.11.22,1,无可唯一匹配施工事件,/
E:\压裂窜扰项目\02 规范化\不重要的\阳101H2\阳101H2 邻井压力监测\阳101h26平台临井压裂监测数据10.30.xlsx,2025.11.22,2,无可唯一匹配施工事件,/
E:\压裂窜扰项目\02 规范化\不重要的\阳101H2\阳101H2 邻井压力监测\阳101h26平台临井压裂监测数据10.30.xlsx,2025.11.22,3,无可唯一匹配施工事件,/
E:\压裂窜扰项目\02 规范化\不重要的\阳101H2\阳101H2 邻井压力监测\阳101h26平台临井压裂监测数据10.30.xlsx,2025.11.22,4,无可唯一匹配施工事件,/
E:\压裂窜扰项目\02 规范化\不重要的\阳101H2\阳101H2 邻井压力监测\阳101h26平台临井压裂监测数据10.30.xlsx,2025.11.23,1,无可唯一匹配施工事件,/
E:\压裂窜扰项目\02 规范化\不重要的\阳101H2\阳101H2 邻井压力监测\阳101h26平台临井压裂监测数据10.30.xlsx,2025.11.23,2,无可唯一匹配施工事件,/
E:\压裂窜扰项目\02 规范化\不重要的\阳101H2\阳101H2 邻井压力监测\阳101h26平台临井压裂监测数据10.30.xlsx,2025.11.23,3,无可唯一匹配施工事件,/
E:\压裂窜扰项目\02 规范化\不重要的\阳101H2\阳101H2 邻井压力监测\阳101h26平台临井压裂监测数据10.30.xlsx,2025.11.23,4,无可唯一匹配施工事件,/
E:\压裂窜扰项目\02 规范化\不重要的\阳101H2\阳101H2 邻井压力监测\阳101h26平台临井压裂监测数据10.30.xlsx,2025.11.24,1,无可唯一匹配施工事件,/
E:\压裂窜扰项目\02 规范化\不重要的\阳101H2\阳101H2 邻井压力监测\阳101h26平台临井压裂监测数据10.30.xlsx,2025.11.24,2,无可唯一匹配施工事件,/
E:\压裂窜扰项目\02 规范化\不重要的\阳101H2\阳101H2 邻井压力监测\阳101h26平台临井压裂监测数据10.30.xlsx,2025.11.24,3,无可唯一匹配施工事件,/
E:\压裂窜扰项目\02 规范化\不重要的\阳101H2\阳101H2 邻井压力监测\阳101h26平台临井压裂监测数据10.30.xlsx,2025.11.24,4,无可唯一匹配施工事件,/
E:\压裂窜扰项目\02 规范化\不重要的\阳101H2\阳101H2 邻井压力监测\阳101h26平台临井压裂监测数据10.30.xlsx,2025.11.25,1,无可唯一匹配施工事件,/
E:\压裂窜扰项目\02 规范化\不重要的\阳101H2\阳101H2 邻井压力监测\阳101h26平台临井压裂监测数据10.30.xlsx,2025.11.25,2,无可唯一匹配施工事件,/
E:\压裂窜扰项目\02 规范化\不重要的\阳101H2\阳101H2 邻井压力监测\阳101h26平台临井压裂监测数据10.30.xlsx,2025.11.25,3,无可唯一匹配施工事件,/
E:\压裂窜扰项目\02 规范化\不重要的\阳101H2\阳101H2 邻井压力监测\阳101h26平台临井压裂监测数据10.30.xlsx,2025.11.25,4,无可唯一匹配施工事件,/
E:\压裂窜扰项目\02 规范化\不重要的\阳101H2\阳101H2 邻井压力监测\阳101h26平台临井压裂监测数据10.30.xlsx,2025.11.26,1,无可唯一匹配施工事件,/
E:\压裂窜扰项目\02 规范化\不重要的\阳101H2\阳101H2 邻井压力监测\阳101h26平台临井压裂监测数据10.30.xlsx,2025.11.26,2,无可唯一匹配施工事件,/
E:\压裂窜扰项目\02 规范化\不重要的\阳101H2\阳101H2 邻井压力监测\阳101h26平台临井压裂监测数据10.30.xlsx,2025.11.26,3,无可唯一匹配施工事件,/
E:\压裂窜扰项目\02 规范化\不重要的\阳101H2\阳101H2 邻井压力监测\阳101h26平台临井压裂监测数据10.30.xlsx,2025.11.26,4,无可唯一匹配施工事件,/
E:\压裂窜扰项目\02 规范化\不重要的\阳101H2\阳101H2 邻井压力监测\阳101h26平台临井压裂监测数据10.30.xlsx,2025.11.30,1,无可唯一匹配施工事件,/
E:\压裂窜扰项目\02 规范化\不重要的\阳101H2\阳101H2 邻井压力监测\阳101h26平台临井压裂监测数据10.30.xlsx,2025.11.30,2,无可唯一匹配施工事件,/
E:\压裂窜扰项目\02 规范化\不重要的\阳101H2\阳101H2 邻井压力监测\阳101h26平台临井压裂监测数据10.30.xlsx,2025.11.30,3,无可唯一匹配施工事件,/
E:\压裂窜扰项目\02 规范化\不重要的\阳101H2\阳101H2 邻井压力监测\阳101h26平台临井压裂监测数据10.30.xlsx,2025.11.30,4,无可唯一匹配施工事件,/
E:\压裂窜扰项目\02 规范化\不重要的\阳101H2\阳101H2 邻井压力监测\阳101h26平台临井压裂监测数据10.30.xlsx,2025.12.1,1,无可唯一匹配施工事件,/
E:\压裂窜扰项目\02 规范化\不重要的\阳101H2\阳101H2 邻井压力监测\阳101h26平台临井压裂监测数据10.30.xlsx,2025.12.1,2,无可唯一匹配施工事件,/
E:\压裂窜扰项目\02 规范化\不重要的\阳101H2\阳101H2 邻井压力监测\阳101h26平台临井压裂监测数据10.30.xlsx,2025.12.1,3,无可唯一匹配施工事件,/
E:\压裂窜扰项目\02 规范化\不重要的\阳101H2\阳101H2 邻井压力监测\阳101h26平台临井压裂监测数据10.30.xlsx,2025.12.1,4,无可唯一匹配施工事件,/
E:\压裂窜扰项目\02 规范化\不重要的\阳101H2\阳101H2 邻井压力监测\阳101h26平台临井压裂监测数据10.30.xlsx,2025.12.2,1,无可唯一匹配施工事件,/
E:\压裂窜扰项目\02 规范化\不重要的\阳101H2\阳101H2 邻井压力监测\阳101h26平台临井压裂监测数据10.30.xlsx,2025.12.2,2,无可唯一匹配施工事件,/
E:\压裂窜扰项目\02 规范化\不重要的\阳101H2\阳101H2 邻井压力监测\阳101h26平台临井压裂监测数据10.30.xlsx,2025.12.2,3,无可唯一匹配施工事件,/
E:\压裂窜扰项目\02 规范化\不重要的\阳101H2\阳101H2 邻井压力监测\阳101h26平台临井压裂监测数据10.30.xlsx,2025.12.2,4,无可唯一匹配施工事件,/
E:\压裂窜扰项目\02 规范化\不重要的\阳101H2\阳101H2 邻井压力监测\阳101h26平台临井压裂监测数据10.30.xlsx,2025.12.3,1,无可唯一匹配施工事件,/
E:\压裂窜扰项目\02 规范化\不重要的\阳101H2\阳101H2 邻井压力监测\阳101h26平台临井压裂监测数据10.30.xlsx,2025.12.3,2,无可唯一匹配施工事件,/
E:\压裂窜扰项目\02 规范化\不重要的\阳101H2\阳101H2 邻井压力监测\阳101h26平台临井压裂监测数据10.30.xlsx,2025.12.3,3,无可唯一匹配施工事件,/
E:\压裂窜扰项目\02 规范化\不重要的\阳101H2\阳101H2 邻井压力监测\阳101h26平台临井压裂监测数据10.30.xlsx,2025.12.3,4,无可唯一匹配施工事件,/
E:\压裂窜扰项目\02 规范化\不重要的\阳101H2\阳101H2 邻井压力监测\阳101h26平台临井压裂监测数据10.30.xlsx,2025.12.4,1,无可唯一匹配施工事件,/
E:\压裂窜扰项目\02 规范化\不重要的\阳101H2\阳101H2 邻井压力监测\阳101h26平台临井压裂监测数据10.30.xlsx,2025.12.4,2,无可唯一匹配施工事件,/
E:\压裂窜扰项目\02 规范化\不重要的\阳101H2\阳101H2 邻井压力监测\阳101h26平台临井压裂监测数据10.30.xlsx,2025.12.4,3,无可唯一匹配施工事件,/
E:\压裂窜扰项目\02 规范化\不重要的\阳101H2\阳101H2 邻井压力监测\阳101h26平台临井压裂监测数据10.30.xlsx,2025.12.4,4,无可唯一匹配施工事件,/
E:\压裂窜扰项目\02 规范化\不重要的\阳101H2\阳101H2 邻井压力监测\阳101h26平台临井压裂监测数据10.30.xlsx,2025.12.5,1,无可唯一匹配施工事件,/
E:\压裂窜扰项目\02 规范化\不重要的\阳101H2\阳101H2 邻井压力监测\阳101h26平台临井压裂监测数据10.30.xlsx,2025.12.5,2,无可唯一匹配施工事件,/
E:\压裂窜扰项目\02 规范化\不重要的\阳101H2\阳101H2 邻井压力监测\阳101h26平台临井压裂监测数据10.30.xlsx,2025.12.5,3,无可唯一匹配施工事件,/
E:\压裂窜扰项目\02 规范化\不重要的\阳101H2\阳101H2 邻井压力监测\阳101h26平台临井压裂监测数据10.30.xlsx,2025.12.5,4,无可唯一匹配施工事件,/
E:\压裂窜扰项目\02 规范化\不重要的\阳101H2\阳101H2 邻井压力监测\阳101h26平台临井压裂监测数据10.30.xlsx,2025.12.6,1,无可唯一匹配施工事件,/
E:\压裂窜扰项目\02 规范化\不重要的\阳101H2\阳101H2 邻井压力监测\阳101h26平台临井压裂监测数据10.30.xlsx,2025.12.6,2,无可唯一匹配施工事件,/
E:\压裂窜扰项目\02 规范化\不重要的\阳101H2\阳101H2 邻井压力监测\阳101h26平台临井压裂监测数据10.30.xlsx,2025.12.6,3,无可唯一匹配施工事件,/
E:\压裂窜扰项目\02 规范化\不重要的\阳101H2\阳101H2 邻井压力监测\阳101h26平台临井压裂监测数据10.30.xlsx,2025.12.6,4,无可唯一匹配施工事件,/
E:\压裂窜扰项目\02 规范化\不重要的\阳101H2\阳101H2 邻井压力监测\阳101h26平台临井压裂监测数据10.30.xlsx,2025.12.7,1,无可唯一匹配施工事件,/
E:\压裂窜扰项目\02 规范化\不重要的\阳101H2\阳101H2 邻井压力监测\阳101h26平台临井压裂监测数据10.30.xlsx,2025.12.7,2,无可唯一匹配施工事件,/
E:\压裂窜扰项目\02 规范化\不重要的\阳101H2\阳101H2 邻井压力监测\阳101h26平台临井压裂监测数据10.30.xlsx,2025.12.7,3,无可唯一匹配施工事件,/
E:\压裂窜扰项目\02 规范化\不重要的\阳101H2\阳101H2 邻井压力监测\阳101h26平台临井压裂监测数据10.30.xlsx,2025.12.7,4,无可唯一匹配施工事件,/
E:\压裂窜扰项目\02 规范化\不重要的\阳101H2\阳101H2 邻井压力监测\阳101h26平台临井压裂监测数据10.30.xlsx,2025.12.8,1,无可唯一匹配施工事件,/
E:\压裂窜扰项目\02 规范化\不重要的\阳101H2\阳101H2 邻井压力监测\阳101h26平台临井压裂监测数据10.30.xlsx,2025.12.8,2,无可唯一匹配施工事件,/
E:\压裂窜扰项目\02 规范化\不重要的\阳101H2\阳101H2 邻井压力监测\阳101h26平台临井压裂监测数据10.30.xlsx,2025.12.8,3,无可唯一匹配施工事件,/
E:\压裂窜扰项目\02 规范化\不重要的\阳101H2\阳101H2 邻井压力监测\阳101h26平台临井压裂监测数据10.30.xlsx,2025.12.8,4,无可唯一匹配施工事件,/
E:\压裂窜扰项目\02 规范化\不重要的\阳101H2\阳101H2 邻井压力监测\阳101h26平台临井压裂监测数据10.30.xlsx,2025.12.9,1,无可唯一匹配施工事件,/
E:\压裂窜扰项目\02 规范化\不重要的\阳101H2\阳101H2 邻井压力监测\阳101h26平台临井压裂监测数据10.30.xlsx,2025.12.9,2,无可唯一匹配施工事件,/
E:\压裂窜扰项目\02 规范化\不重要的\阳101H2\阳101H2 邻井压力监测\阳101h26平台临井压裂监测数据10.30.xlsx,2025.12.9,3,无可唯一匹配施工事件,/
E:\压裂窜扰项目\02 规范化\不重要的\阳101H2\阳101H2 邻井压力监测\阳101h26平台临井压裂监测数据10.30.xlsx,2025.12.9,4,无可唯一匹配施工事件,/
E:\压裂窜扰项目\02 规范化\不重要的\阳101H2\阳101H2 邻井压力监测\阳101h26平台临井压裂监测数据10.30.xlsx,2025.12.10,1,无可唯一匹配施工事件,/
E:\压裂窜扰项目\02 规范化\不重要的\阳101H2\阳101H2 邻井压力监测\阳101h26平台临井压裂监测数据10.30.xlsx,2025.12.10,2,无可唯一匹配施工事件,/
E:\压裂窜扰项目\02 规范化\不重要的\阳101H2\阳101H2 邻井压力监测\阳101h26平台临井压裂监测数据10.30.xlsx,2025.12.10,3,无可唯一匹配施工事件,/
E:\压裂窜扰项目\02 规范化\不重要的\阳101H2\阳101H2 邻井压力监测\阳101h26平台临井压裂监测数据10.30.xlsx,2025.12.10,4,无可唯一匹配施工事件,/
E:\压裂窜扰项目\02 规范化\不重要的\阳101H2\阳101H2 邻井压力监测\阳101h26平台临井压裂监测数据10.30.xlsx,2025.12.11,1,无可唯一匹配施工事件,/
E:\压裂窜扰项目\02 规范化\不重要的\阳101H2\阳101H2 邻井压力监测\阳101h26平台临井压裂监测数据10.30.xlsx,2025.12.11,2,无可唯一匹配施工事件,/
E:\压裂窜扰项目\02 规范化\不重要的\阳101H2\阳101H2 邻井压力监测\阳101h26平台临井压裂监测数据10.30.xlsx,2025.12.11,3,无可唯一匹配施工事件,/
E:\压裂窜扰项目\02 规范化\不重要的\阳101H2\阳101H2 邻井压力监测\阳101h26平台临井压裂监测数据10.30.xlsx,2025.12.11,4,无可唯一匹配施工事件,/
E:\压裂窜扰项目\02 规范化\不重要的\阳101H2\阳101H2 邻井压力监测\阳101h26平台临井压裂监测数据10.30.xlsx,2025.12.12,1,无可唯一匹配施工事件,/
E:\压裂窜扰项目\02 规范化\不重要的\阳101H2\阳101H2 邻井压力监测\阳101h26平台临井压裂监测数据10.30.xlsx,2025.12.12,2,无可唯一匹配施工事件,/
E:\压裂窜扰项目\02 规范化\不重要的\阳101H2\阳101H2 邻井压力监测\阳101h26平台临井压裂监测数据10.30.xlsx,2025.12.12,3,无可唯一匹配施工事件,/
E:\压裂窜扰项目\02 规范化\不重要的\阳101H2\阳101H2 邻井压力监测\阳101h26平台临井压裂监测数据10.30.xlsx,2025.12.12,4,无可唯一匹配施工事件,/
E:\压裂窜扰项目\02 规范化\不重要的\阳101H2\阳101H2 邻井压力监测\阳101h26平台临井压裂监测数据10.30.xlsx,2025.12.13,1,无可唯一匹配施工事件,/
E:\压裂窜扰项目\02 规范化\不重要的\阳101H2\阳101H2 邻井压力监测\阳101h26平台临井压裂监测数据10.30.xlsx,2025.12.13,2,无可唯一匹配施工事件,/
E:\压裂窜扰项目\02 规范化\不重要的\阳101H2\阳101H2 邻井压力监测\阳101h26平台临井压裂监测数据10.30.xlsx,2025.12.13,3,无可唯一匹配施工事件,/
E:\压裂窜扰项目\02 规范化\不重要的\阳101H2\阳101H2 邻井压力监测\阳101h26平台临井压裂监测数据10.30.xlsx,2025.12.13,4,无可唯一匹配施工事件,/
E:\压裂窜扰项目\02 规范化\不重要的\阳101H2\阳101H2 邻井压力监测\阳101h26平台临井压裂监测数据10.30.xlsx,2025.12.14,1,无可唯一匹配施工事件,/
E:\压裂窜扰项目\02 规范化\不重要的\阳101H2\阳101H2 邻井压力监测\阳101h26平台临井压裂监测数据10.30.xlsx,2025.12.14,2,无可唯一匹配施工事件,/
E:\压裂窜扰项目\02 规范化\不重要的\阳101H2\阳101H2 邻井压力监测\阳101h26平台临井压裂监测数据10.30.xlsx,2025.12.14,3,无可唯一匹配施工事件,/
E:\压裂窜扰项目\02 规范化\不重要的\阳101H2\阳101H2 邻井压力监测\阳101h26平台临井压裂监测数据10.30.xlsx,2025.12.14,4,无可唯一匹配施工事件,/
E:\压裂窜扰项目\02 规范化\不重要的\阳101H2\阳101H2 邻井压力监测\阳101h26平台临井压裂监测数据10.30.xlsx,2025.12.15,1,无可唯一匹配施工事件,/
E:\压裂窜扰项目\02 规范化\不重要的\阳101H2\阳101H2 邻井压力监测\阳101h26平台临井压裂监测数据10.30.xlsx,2025.12.15,2,无可唯一匹配施工事件,/
E:\压裂窜扰项目\02 规范化\不重要的\阳101H2\阳101H2 邻井压力监测\阳101h26平台临井压裂监测数据10.30.xlsx,2025.12.15,3,无可唯一匹配施工事件,/
E:\压裂窜扰项目\02 规范化\不重要的\阳101H2\阳101H2 邻井压力监测\阳101h26平台临井压裂监测数据10.30.xlsx,2025.12.15,4,无可唯一匹配施工事件,/
E:\压裂窜扰项目\02 规范化\不重要的\阳101H2\阳101H2 邻井压力监测\阳101h26平台临井压裂监测数据10.30.xlsx,2025.12.16,1,无可唯一匹配施工事件,/
E:\压裂窜扰项目\02 规范化\不重要的\阳101H2\阳101H2 邻井压力监测\阳101h26平台临井压裂监测数据10.30.xlsx,2025.12.16,2,无可唯一匹配施工事件,/
E:\压裂窜扰项目\02 规范化\不重要的\阳101H2\阳101H2 邻井压力监测\阳101h26平台临井压裂监测数据10.30.xlsx,2025.12.16,3,无可唯一匹配施工事件,/
E:\压裂窜扰项目\02 规范化\不重要的\阳101H2\阳101H2 邻井压力监测\阳101h26平台临井压裂监测数据10.30.xlsx,2025.12.16,4,无可唯一匹配施工事件,/
E:\压裂窜扰项目\02 规范化\不重要的\阳101H2\阳101H2 邻井压力监测\阳101h26平台临井压裂监测数据10.30.xlsx,2025.12.17,1,无可唯一匹配施工事件,/
E:\压裂窜扰项目\02 规范化\不重要的\阳101H2\阳101H2 邻井压力监测\阳101h26平台临井压裂监测数据10.30.xlsx,2025.12.17,2,无可唯一匹配施工事件,/
E:\压裂窜扰项目\02 规范化\不重要的\阳101H2\阳101H2 邻井压力监测\阳101h26平台临井压裂监测数据10.30.xlsx,2025.12.17,3,无可唯一匹配施工事件,/
E:\压裂窜扰项目\02 规范化\不重要的\阳101H2\阳101H2 邻井压力监测\阳101h26平台临井压裂监测数据10.30.xlsx,2025.12.17,4,无可唯一匹配施工事件,/
E:\压裂窜扰项目\02 规范化\不重要的\阳101H2\阳101H2 邻井压力监测\阳101h26平台临井压裂监测数据10.30.xlsx,2025.12.18,1,无可唯一匹配施工事件,/
E:\压裂窜扰项目\02 规范化\不重要的\阳101H2\阳101H2 邻井压力监测\阳101h26平台临井压裂监测数据10.30.xlsx,2025.12.18,2,无可唯一匹配施工事件,/
E:\压裂窜扰项目\02 规范化\不重要的\阳101H2\阳101H2 邻井压力监测\阳101h26平台临井压裂监测数据10.30.xlsx,2025.12.18,3,无可唯一匹配施工事件,/
E:\压裂窜扰项目\02 规范化\不重要的\阳101H2\阳101H2 邻井压力监测\阳101h26平台临井压裂监测数据10.30.xlsx,2025.12.18,4,无可唯一匹配施工事件,/
E:\压裂窜扰项目\02 规范化\不重要的\阳101H2\阳101H2 邻井压力监测\阳101h26平台临井压裂监测数据10.30.xlsx,2025.12.19,1,无可唯一匹配施工事件,/
E:\压裂窜扰项目\02 规范化\不重要的\阳101H2\阳101H2 邻井压力监测\阳101h26平台临井压裂监测数据10.30.xlsx,2025.12.19,2,无可唯一匹配施工事件,/
E:\压裂窜扰项目\02 规范化\不重要的\阳101H2\阳101H2 邻井压力监测\阳101h26平台临井压裂监测数据10.30.xlsx,2025.12.19,3,无可唯一匹配施工事件,/
E:\压裂窜扰项目\02 规范化\不重要的\阳101H2\阳101H2 邻井压力监测\阳101h26平台临井压裂监测数据10.30.xlsx,2025.12.19,4,无可唯一匹配施工事件,/
E:\压裂窜扰项目\02 规范化\不重要的\阳101H2\阳101H2 邻井压力监测\阳101h26平台临井压裂监测数据10.30.xlsx,2025.12.20,1,无可唯一匹配施工事件,/
E:\压裂窜扰项目\02 规范化\不重要的\阳101H2\阳101H2 邻井压力监测\阳101h26平台临井压裂监测数据10.30.xlsx,2025.12.20,2,无可唯一匹配施工事件,/
E:\压裂窜扰项目\02 规范化\不重要的\阳101H2\阳101H2 邻井压力监测\阳101h26平台临井压裂监测数据10.30.xlsx,2025.12.20,3,无可唯一匹配施工事件,/
E:\压裂窜扰项目\02 规范化\不重要的\阳101H2\阳101H2 邻井压力监测\阳101h26平台临井压裂监测数据10.30.xlsx,2025.12.20,4,无可唯一匹配施工事件,/
E:\压裂窜扰项目\02 规范化\不重要的\阳101H2\阳101H2 邻井压力监测\阳101h26平台临井压裂监测数据10.30.xlsx,2025.12.21,1,无可唯一匹配施工事件,/
E:\压裂窜扰项目\02 规范化\不重要的\阳101H2\阳101H2 邻井压力监测\阳101h26平台临井压裂监测数据10.30.xlsx,2025.12.21,2,无可唯一匹配施工事件,/
E:\压裂窜扰项目\02 规范化\不重要的\阳101H2\阳101H2 邻井压力监测\阳101h26平台临井压裂监测数据10.30.xlsx,2025.12.21,3,无可唯一匹配施工事件,/
E:\压裂窜扰项目\02 规范化\不重要的\阳101H2\阳101H2 邻井压力监测\阳101h26平台临井压裂监测数据10.30.xlsx,2025.12.21,4,无可唯一匹配施工事件,/
E:\压裂窜扰项目\02 规范化\不重要的\阳101H2\阳101H2 邻井压力监测\阳101h26平台临井压裂监测数据10.30.xlsx,2025.12.22,1,无可唯一匹配施工事件,/
E:\压裂窜扰项目\02 规范化\不重要的\阳101H2\阳101H2 邻井压力监测\阳101h26平台临井压裂监测数据10.30.xlsx,2025.12.22,2,无可唯一匹配施工事件,/
E:\压裂窜扰项目\02 规范化\不重要的\阳101H2\阳101H2 邻井压力监测\阳101h26平台临井压裂监测数据10.30.xlsx,2025.12.22,3,无可唯一匹配施工事件,/
E:\压裂窜扰项目\02 规范化\不重要的\阳101H2\阳101H2 邻井压力监测\阳101h26平台临井压裂监测数据10.30.xlsx,2025.12.22,4,无可唯一匹配施工事件,/
E:\压裂窜扰项目\02 规范化\不重要的\阳101H2\阳101H2 邻井压力监测\阳101h26平台临井压裂监测数据10.30.xlsx,2025.12.23,1,无可唯一匹配施工事件,/
E:\压裂窜扰项目\02 规范化\不重要的\阳101H2\阳101H2 邻井压力监测\阳101h26平台临井压裂监测数据10.30.xlsx,2025.12.23,2,无可唯一匹配施工事件,/
E:\压裂窜扰项目\02 规范化\不重要的\阳101H2\阳101H2 邻井压力监测\阳101h26平台临井压裂监测数据10.30.xlsx,2025.12.23,3,无可唯一匹配施工事件,/
E:\压裂窜扰项目\02 规范化\不重要的\阳101H2\阳101H2 邻井压力监测\阳101h26平台临井压裂监测数据10.30.xlsx,2025.12.23,4,无可唯一匹配施工事件,/
E:\压裂窜扰项目\02 规范化\不重要的\阳101H2\阳101H2 邻井压力监测\阳101h26平台临井压裂监测数据10.30.xlsx,2025.12.24,1,无可唯一匹配施工事件,/
E:\压裂窜扰项目\02 规范化\不重要的\阳101H2\阳101H2 邻井压力监测\阳101h26平台临井压裂监测数据10.30.xlsx,2025.12.24,2,无可唯一匹配施工事件,/
E:\压裂窜扰项目\02 规范化\不重要的\阳101H2\阳101H2 邻井压力监测\阳101h26平台临井压裂监测数据10.30.xlsx,2025.12.24,3,无可唯一匹配施工事件,/
E:\压裂窜扰项目\02 规范化\不重要的\阳101H2\阳101H2 邻井压力监测\阳101h26平台临井压裂监测数据10.30.xlsx,2025.12.24,4,无可唯一匹配施工事件,/
E:\压裂窜扰项目\02 规范化\不重要的\阳101H2\阳101H2 邻井压力监测\阳101h26平台临井压裂监测数据10.30.xlsx,2025.12.25,1,无可唯一匹配施工事件,/
E:\压裂窜扰项目\02 规范化\不重要的\阳101H2\阳101H2 邻井压力监测\阳101h26平台临井压裂监测数据10.30.xlsx,2025.12.25,2,无可唯一匹配施工事件,/
E:\压裂窜扰项目\02 规范化\不重要的\阳101H2\阳101H2 邻井压力监测\阳101h26平台临井压裂监测数据10.30.xlsx,2025.12.25,3,无可唯一匹配施工事件,/
E:\压裂窜扰项目\02 规范化\不重要的\阳101H2\阳101H2 邻井压力监测\阳101h26平台临井压裂监测数据10.30.xlsx,2025.12.25,4,无可唯一匹配施工事件,/
E:\压裂窜扰项目\02 规范化\不重要的\阳101H2\阳101H2 邻井压力监测\阳101h26平台临井压裂监测数据10.30.xlsx,2025.12.26,1,无可唯一匹配施工事件,/
E:\压裂窜扰项目\02 规范化\不重要的\阳101H2\阳101H2 邻井压力监测\阳101h26平台临井压裂监测数据10.30.xlsx,2025.12.26,2,无可唯一匹配施工事件,/
E:\压裂窜扰项目\02 规范化\不重要的\阳101H2\阳101H2 邻井压力监测\阳101h26平台临井压裂监测数据10.30.xlsx,2025.12.26,3,无可唯一匹配施工事件,/
E:\压裂窜扰项目\02 规范化\不重要的\阳101H2\阳101H2 邻井压力监测\阳101h26平台临井压裂监测数据10.30.xlsx,2025.12.26,4,无可唯一匹配施工事件,/
E:\压裂窜扰项目\02 规范化\不重要的\阳101H2\阳101H2 邻井压力监测\阳101h26平台临井压裂监测数据10.30.xlsx,2025.12.27,1,无可唯一匹配施工事件,/
E:\压裂窜扰项目\02 规范化\不重要的\阳101H2\阳101H2 邻井压力监测\阳101h26平台临井压裂监测数据10.30.xlsx,2025.12.27,2,无可唯一匹配施工事件,/
E:\压裂窜扰项目\02 规范化\不重要的\阳101H2\阳101H2 邻井压力监测\阳101h26平台临井压裂监测数据10.30.xlsx,2025.12.27,3,无可唯一匹配施工事件,/
E:\压裂窜扰项目\02 规范化\不重要的\阳101H2\阳101H2 邻井压力监测\阳101h26平台临井压裂监测数据10.30.xlsx,2025.12.27,4,无可唯一匹配施工事件,/
E:\压裂窜扰项目\02 规范化\不重要的\阳101H2\阳101H2 邻井压力监测\阳101h26平台临井压裂监测数据10.30.xlsx,2025.12.28,1,无可唯一匹配施工事件,/
E:\压裂窜扰项目\02 规范化\不重要的\阳101H2\阳101H2 邻井压力监测\阳101h26平台临井压裂监测数据10.30.xlsx,2025.12.28,2,无可唯一匹配施工事件,/
E:\压裂窜扰项目\02 规范化\不重要的\阳101H2\阳101H2 邻井压力监测\阳101h26平台临井压裂监测数据10.30.xlsx,2025.12.28,3,无可唯一匹配施工事件,/
E:\压裂窜扰项目\02 规范化\不重要的\阳101H2\阳101H2 邻井压力监测\阳101h26平台临井压裂监测数据10.30.xlsx,2025.12.28,4,无可唯一匹配施工事件,/
E:\压裂窜扰项目\02 规范化\不重要的\阳101H2\阳101H2 邻井压力监测\阳101h26平台临井压裂监测数据10.30.xlsx,2025.12.29,1,无可唯一匹配施工事件,/
E:\压裂窜扰项目\02 规范化\不重要的\阳101H2\阳101H2 邻井压力监测\阳101h26平台临井压裂监测数据10.30.xlsx,2025.12.29,2,无可唯一匹配施工事件,/
E:\压裂窜扰项目\02 规范化\不重要的\阳101H2\阳101H2 邻井压力监测\阳101h26平台临井压裂监测数据10.30.xlsx,2025.12.29,3,无可唯一匹配施工事件,/
E:\压裂窜扰项目\02 规范化\不重要的\阳101H2\阳101H2 邻井压力监测\阳101h26平台临井压裂监测数据10.30.xlsx,2025.12.29,4,无可唯一匹配施工事件,/
E:\压裂窜扰项目\02 规范化\不重要的\阳101H2\阳101H2 邻井压力监测\阳101h26平台临井压裂监测数据10.30.xlsx,Sheet2,1,无可唯一匹配施工事件,/
E:\压裂窜扰项目\02 规范化\不重要的\阳101H2\阳101H2 邻井压力监测\阳101h26平台临井压裂监测数据10.30.xlsx,Sheet2,2,无可唯一匹配施工事件,/
E:\压裂窜扰项目\02 规范化\不重要的\阳101H2\阳101H2 邻井压力监测\阳101h26平台临井压裂监测数据10.30.xlsx,Sheet2,3,无可唯一匹配施工事件,/
E:\压裂窜扰项目\02 规范化\不重要的\阳101H2\阳101H2 邻井压力监测\阳101h26平台临井压裂监测数据10.30.xlsx,Sheet2,4,无可唯一匹配施工事件,/
E:\压裂窜扰项目\02 规范化\不重要的\阳101H2\阳101H2 邻井压力监测\阳101h26平台压力.xlsx,2025.11.21,1,无可唯一匹配施工事件,/
E:\压裂窜扰项目\02 规范化\不重要的\阳101H2\阳101H2 邻井压力监测\阳101h26平台压力.xlsx,2025.11.21,2,无可唯一匹配施工事件,/
E:\压裂窜扰项目\02 规范化\不重要的\阳101H2\阳101H2 邻井压力监测\阳101h26平台压力.xlsx,2025.11.21,3,无可唯一匹配施工事件,/
E:\压裂窜扰项目\02 规范化\不重要的\阳101H2\阳101H2 邻井压力监测\阳101h26平台压力.xlsx,2025.11.21,4,无可唯一匹配施工事件,/
E:\压裂窜扰项目\02 规范化\不重要的\阳101H2\阳101H2 邻井压力监测\阳101h26平台压力.xlsx,2025.11.22,1,无可唯一匹配施工事件,/
E:\压裂窜扰项目\02 规范化\不重要的\阳101H2\阳101H2 邻井压力监测\阳101h26平台压力.xlsx,2025.11.22,2,无可唯一匹配施工事件,/
E:\压裂窜扰项目\02 规范化\不重要的\阳101H2\阳101H2 邻井压力监测\阳101h26平台压力.xlsx,2025.11.22,3,无可唯一匹配施工事件,/
E:\压裂窜扰项目\02 规范化\不重要的\阳101H2\阳101H2 邻井压力监测\阳101h26平台压力.xlsx,2025.11.22,4,无可唯一匹配施工事件,/
E:\压裂窜扰项目\02 规范化\不重要的\阳101H2\阳101H2 邻井压力监测\阳101h26平台压力.xlsx,2025.11.23,1,无可唯一匹配施工事件,/
E:\压裂窜扰项目\02 规范化\不重要的\阳101H2\阳101H2 邻井压力监测\阳101h26平台压力.xlsx,2025.11.23,2,无可唯一匹配施工事件,/
E:\压裂窜扰项目\02 规范化\不重要的\阳101H2\阳101H2 邻井压力监测\阳101h26平台压力.xlsx,2025.11.23,3,无可唯一匹配施工事件,/
E:\压裂窜扰项目\02 规范化\不重要的\阳101H2\阳101H2 邻井压力监测\阳101h26平台压力.xlsx,2025.11.23,4,无可唯一匹配施工事件,/
E:\压裂窜扰项目\02 规范化\不重要的\阳101H2\阳101H2 邻井压力监测\阳101h26平台压力.xlsx,2025.11.24,1,无可唯一匹配施工事件,/
E:\压裂窜扰项目\02 规范化\不重要的\阳101H2\阳101H2 邻井压力监测\阳101h26平台压力.xlsx,2025.11.24,2,无可唯一匹配施工事件,/
E:\压裂窜扰项目\02 规范化\不重要的\阳101H2\阳101H2 邻井压力监测\阳101h26平台压力.xlsx,2025.11.24,3,无可唯一匹配施工事件,/
E:\压裂窜扰项目\02 规范化\不重要的\阳101H2\阳101H2 邻井压力监测\阳101h26平台压力.xlsx,2025.11.24,4,无可唯一匹配施工事件,/
E:\压裂窜扰项目\02 规范化\不重要的\阳101H2\阳101H2 邻井压力监测\阳101h26平台压力.xlsx,2025.11.25,1,无可唯一匹配施工事件,/
E:\压裂窜扰项目\02 规范化\不重要的\阳101H2\阳101H2 邻井压力监测\阳101h26平台压力.xlsx,2025.11.25,2,无可唯一匹配施工事件,/
E:\压裂窜扰项目\02 规范化\不重要的\阳101H2\阳101H2 邻井压力监测\阳101h26平台压力.xlsx,2025.11.25,3,无可唯一匹配施工事件,/
E:\压裂窜扰项目\02 规范化\不重要的\阳101H2\阳101H2 邻井压力监测\阳101h26平台压力.xlsx,2025.11.25,4,无可唯一匹配施工事件,/
E:\压裂窜扰项目\02 规范化\不重要的\阳101H2\阳101H2 邻井压力监测\阳101h26平台压力.xlsx,2025.11.26,1,无可唯一匹配施工事件,/
E:\压裂窜扰项目\02 规范化\不重要的\阳101H2\阳101H2 邻井压力监测\阳101h26平台压力.xlsx,2025.11.26,2,无可唯一匹配施工事件,/
E:\压裂窜扰项目\02 规范化\不重要的\阳101H2\阳101H2 邻井压力监测\阳101h26平台压力.xlsx,2025.11.26,3,无可唯一匹配施工事件,/
E:\压裂窜扰项目\02 规范化\不重要的\阳101H2\阳101H2 邻井压力监测\阳101h26平台压力.xlsx,2025.11.26,4,无可唯一匹配施工事件,/
E:\压裂窜扰项目\02 规范化\不重要的\阳101H2\阳101H2 邻井压力监测\阳H32 2井1段    邻井叠合图12.10  .xlsx,Sheet1,1,无可唯一匹配施工事件,322/1
E:\压裂窜扰项目\02 规范化\不重要的\阳101H2\阳101H2 邻井压力监测\阳H32 2井1段    邻井叠合图12.10  .xlsx,Sheet1,2,无可唯一匹配施工事件,322/1
E:\压裂窜扰项目\02 规范化\不重要的\阳101H2\阳101H2 邻井压力监测\阳H32 2井1段    邻井叠合图12.10  .xlsx,Sheet1,3,无可唯一匹配施工事件,322/1
E:\压裂窜扰项目\02 规范化\不重要的\阳101H2\阳101H2 邻井压力监测\阳H32 2井1段    邻井叠合图12.10  .xlsx,Sheet1,4,无可唯一匹配施工事件,322/1
E:\压裂窜扰项目\02 规范化\不重要的\阳101H2\阳101H2 邻井压力监测\阳H32 2井1段    邻井叠合图12.10  .xlsx,Sheet1,5,无可唯一匹配施工事件,322/1
E:\压裂窜扰项目\02 规范化\不重要的\阳101H2\阳101H2 邻井压力监测\阳H32 2井1段    邻井叠合图12.10  .xlsx,Sheet1,6,无可唯一匹配施工事件,322/1
E:\压裂窜扰项目\02 规范化\不重要的\阳101H37\阳101H37 邻井压力监测\阳101H37-3井压窜分析材料2.3-2.9_3井12段（4-6）压裂2井套压秒点.xls,导出数据,2,同名井段绝对日期不重叠,pressure 1675843200.0 pump 1675777701.0
E:\压裂窜扰项目\02 规范化\不重要的\阳101H37\阳101H37 邻井压力监测\阳101H37-3井套变压窜分析材料12.16-12.22_第8段.xls,导出数据,2,无可唯一匹配施工事件,/
E:\压裂窜扰项目\02 规范化\不重要的\阳101H37\阳101H37 邻井压力监测\阳101H37-3井套变压窜分析材料12.16-12.22_第8段.xls,导出数据,2,无可唯一匹配施工事件,/
E:\压裂窜扰项目\02 规范化\不重要的\阳101H37\阳101H37 邻井压力监测\阳101H37-3井套变压窜分析材料12.16-12.22_第8段.xls,导出数据,2,无可唯一匹配施工事件,/
E:\压裂窜扰项目\02 规范化\泸201H5\泸201H5 邻井压力监测\泸201H5-1-14段压裂施工-2、3、4井压力监测.xls,导出数据,2,同名井段绝对日期不重叠,pressure 1757505600.0 pump 1757424376.0
E:\压裂窜扰项目\02 规范化\泸201H5\泸201H5 邻井压力监测\泸201H5-1-14段压裂施工-2、3、4井压力监测.xls,导出数据,3,同名井段绝对日期不重叠,pressure 1757505600.0 pump 1757424376.0
E:\压裂窜扰项目\02 规范化\泸201H5\泸201H5 邻井压力监测\泸201H5-1-14段压裂施工-2、3、4井压力监测.xls,导出数据,4,同名井段绝对日期不重叠,pressure 1757505600.0 pump 1757424376.0
E:\压裂窜扰项目\02 规范化\泸201H5\泸201H5 邻井压力监测\泸201H5-1-1段压裂施工-2、3、4井压力监测.xls,导出数据,2,同名井段绝对日期不重叠,pressure 1755241260.0 pump 1755081842.0
E:\压裂窜扰项目\02 规范化\泸201H5\泸201H5 邻井压力监测\泸201H5-1-1段压裂施工-2、3、4井压力监测.xls,导出数据,3,同名井段绝对日期不重叠,pressure 1755241260.0 pump 1755081842.0
E:\压裂窜扰项目\02 规范化\泸201H5\泸201H5 邻井压力监测\泸201H5-1-1段压裂施工-2、3、4井压力监测.xls,导出数据,4,同名井段绝对日期不重叠,pressure 1755241260.0 pump 1755081842.0
E:\压裂窜扰项目\02 规范化\泸201H5\泸201H5 邻井压力监测\泸201H5-2-1段压裂施工-1、3、4井压力监测.xls,导出数据,1,同名井段绝对日期不重叠,pressure 1755078840.0 pump 1755245919.0
E:\压裂窜扰项目\02 规范化\泸201H5\泸201H5 邻井压力监测\泸201H5-2-1段压裂施工-1、3、4井压力监测.xls,导出数据,4,同名井段绝对日期不重叠,pressure 1755078840.0 pump 1755245919.0
E:\压裂窜扰项目\02 规范化\泸201H5\泸201H5 邻井压力监测\泸201H5-2-1段压裂施工-1、3、4井压力监测.xls,导出数据,3,同名井段绝对日期不重叠,pressure 1755078840.0 pump 1755245919.0
E:\压裂窜扰项目\02 规范化\泸201H5\泸201H5 邻井压力监测\泸201H5-3-17段压裂施工-1、2、4井压力监测（第1次压裂）.xls,导出数据,1,多源同期施工_归因不唯一,4井22段
E:\压裂窜扰项目\02 规范化\泸201H5\泸201H5 邻井压力监测\泸201H5-3-17段压裂施工-1、2、4井压力监测（第1次压裂）.xls,导出数据,4,监测邻井同期施工,4井22段
E:\压裂窜扰项目\02 规范化\泸201H5\泸201H5 邻井压力监测\泸201H5-3-17段压裂施工-1、2、4井压力监测（第1次压裂）.xls,导出数据,2,多源同期施工_归因不唯一,4井22段
E:\压裂窜扰项目\02 规范化\泸201H5\泸201H5 邻井压力监测\泸201H5-3-17段压裂施工-1、2、4井压力监测（第2次压裂）.xls,导出数据,1,多源同期施工_归因不唯一,4井22段
E:\压裂窜扰项目\02 规范化\泸201H5\泸201H5 邻井压力监测\泸201H5-3-17段压裂施工-1、2、4井压力监测（第2次压裂）.xls,导出数据,4,监测邻井同期施工,4井22段
E:\压裂窜扰项目\02 规范化\泸201H5\泸201H5 邻井压力监测\泸201H5-3-17段压裂施工-1、2、4井压力监测（第2次压裂）.xls,导出数据,2,多源同期施工_归因不唯一,4井22段
E:\压裂窜扰项目\02 规范化\泸201H5\泸201H5 邻井压力监测\泸201H5-4-22段压裂施工-1、2、3井压力监测.xls,导出数据,1,多源同期施工_归因不唯一,3井17段
E:\压裂窜扰项目\02 规范化\泸201H5\泸201H5 邻井压力监测\泸201H5-4-22段压裂施工-1、2、3井压力监测.xls,导出数据,2,多源同期施工_归因不唯一,3井17段
E:\压裂窜扰项目\02 规范化\泸201H5\泸201H5 邻井压力监测\泸201H5-4-22段压裂施工-1、2、3井压力监测.xls,导出数据,3,监测邻井同期施工,3井17段
E:\压裂窜扰项目\02 规范化\泸201H5\泸201H5 邻井压力监测\泸201H5-4-7段压裂施工-1、2、3井压力监测（第2次压裂）.xls,导出数据,1,同名井段绝对日期不重叠,pressure 1760512800.0 pump 1760429834.0
E:\压裂窜扰项目\02 规范化\泸201H5\泸201H5 邻井压力监测\泸201H5-4-7段压裂施工-1、2、3井压力监测（第2次压裂）.xls,导出数据,2,同名井段绝对日期不重叠,pressure 1760512800.0 pump 1760429834.0
E:\压裂窜扰项目\02 规范化\泸201H5\泸201H5 邻井压力监测\泸201H5-4-7段压裂施工-1、2、3井压力监测（第2次压裂）.xls,导出数据,3,同名井段绝对日期不重叠,pressure 1760512800.0 pump 1760429834.0
E:\压裂窜扰项目\02 规范化\泸201H5\泸201H5 邻井压力监测\泸201H5-4-8段压裂施工-1、2、3井压力监测（第2次压裂）.xls,导出数据,1,同名井段绝对日期不重叠,pressure 1760687400.0 pump 1760603766.0
E:\压裂窜扰项目\02 规范化\泸201H5\泸201H5 邻井压力监测\泸201H5-4-8段压裂施工-1、2、3井压力监测（第2次压裂）.xls,导出数据,2,同名井段绝对日期不重叠,pressure 1760687400.0 pump 1760603766.0
E:\压裂窜扰项目\02 规范化\泸201H5\泸201H5 邻井压力监测\泸201H5-4-8段压裂施工-1、2、3井压力监测（第2次压裂）.xls,导出数据,3,同名井段绝对日期不重叠,pressure 1760687400.0 pump 1760603766.0
E:\压裂窜扰项目\02 规范化\泸203H10\泸203H10 邻井压力监测\泸203H10-1井套压分点-2.xls,Sheet1,1,无可唯一匹配施工事件,/
E:\压裂窜扰项目\02 规范化\泸203H10\泸203H10 邻井压力监测\泸203H10-1井套压分点.xls,Sheet1,1,无可唯一匹配施工事件,/
E:\压裂窜扰项目\02 规范化\泸203H10\泸203H10 邻井压力监测\泸203H10-4井2井套压  6.16.xls,Sheet1,4,无可唯一匹配施工事件,/
E:\压裂窜扰项目\02 规范化\泸203H10\泸203H10 邻井压力监测\泸203H10-4井2井套压  6.16.xls,Sheet1,2,无可唯一匹配施工事件,/
E:\压裂窜扰项目\02 规范化\泸203H10\泸203H10 邻井压力监测\泸203H10平台压窜情况（5.10-5.16）_3井压力(2).xls,Sheet1,3,无可唯一匹配施工事件,/
E:\压裂窜扰项目\02 规范化\泸203H11\泸203H11 邻井压力监测\泸203H11-3-12段压裂施工-1井套压压力监测.xls,Sheet1,3,施工井自身压力通道,
E:\压裂窜扰项目\02 规范化\泸203H11\泸203H11 邻井压力监测\泸203H11-5-7段压裂施工-6井套压压力监测.xls,,,未解析出压力通道,[]
E:\压裂窜扰项目\02 规范化\泸203H11\泸203H11 邻井压力监测\泸203H11-5-9段压裂施工-6井压力监测.xls,,,未解析出压力通道,[]
E:\压裂窜扰项目\02 规范化\泸203H11\泸203H11 邻井压力监测\泸203H11-6-13段压裂施工-5井压力监测.xls,,,未解析出压力通道,[]
E:\压裂窜扰项目\02 规范化\泸203H11\泸203H11 邻井压力监测\泸203H11-6-6段压裂施工-5井压力监测.xls,,,未解析出压力通道,[]
E:\压裂窜扰项目\02 规范化\泸203H11\泸203H11 邻井压力监测\泸203H11-7-13段压裂施工-6井套压压力监测.xlsx,Sheet1,6,无可唯一匹配施工事件,7/13
E:\压裂窜扰项目\02 规范化\泸203H153\泸203H153 邻井压力监测\泸203H153-7-27段压裂施工-2井套压压力监测.xls,导出数据,2,无可唯一匹配施工事件,7/27
E:\压裂窜扰项目\02 规范化\泸203H153\泸203H153 邻井压力监测\泸203H153-7-5段压裂施工-2井套压压力监测.xls,导出数据,2,无可唯一匹配施工事件,7/5
E:\压裂窜扰项目\02 规范化\泸203H153\泸203H153 邻井压力监测\泸203H153_5-5段压裂期间5井套压数据.xls,导出数据,5,无可唯一匹配施工事件,/
E:\压裂窜扰项目\02 规范化\泸203H64\泸203H64 邻井压力监测\泸203H64-5-3段压裂施工-1、4、6、7井秒点压力监测.xls,导出数据,5,施工井自身压力通道,
E:\压裂窜扰项目\02 规范化\泸203H64\泸203H64 邻井压力监测\泸203H64-5-4段压裂施工-1、4、6、7井秒点压力监测.xls,导出数据,5,施工井自身压力通道,
E:\压裂窜扰项目\02 规范化\泸203H64\泸203H64 邻井压力监测\泸203H64平台 -   1 井第20段压裂期间 泸203H75   平台监测数据.xlsx,Sheet1,1,施工井自身压力通道,
E:\压裂窜扰项目\02 规范化\泸203H64\泸203H64 邻井压力监测\泸203H64平台压裂期间l泸203H75平台压力、液、气监测表.xlsx,9.30,1,无可唯一匹配施工事件,/
E:\压裂窜扰项目\02 规范化\泸203H64\泸203H64 邻井压力监测\泸203H64平台压裂期间l泸203H75平台压力、液、气监测表.xlsx,9.30,2,无可唯一匹配施工事件,/
E:\压裂窜扰项目\02 规范化\泸203H64\泸203H64 邻井压力监测\泸203H64平台压裂期间l泸203H75平台压力、液、气监测表.xlsx,9.30,3,无可唯一匹配施工事件,/
E:\压裂窜扰项目\02 规范化\泸203H64\泸203H64 邻井压力监测\泸203H64平台压裂期间l泸203H75平台压力、液、气监测表.xlsx,9.30,4,无可唯一匹配施工事件,/
E:\压裂窜扰项目\02 规范化\泸203H64\泸203H64 邻井压力监测\泸203H64平台压裂期间l泸203H75平台压力、液、气监测表.xlsx,9.29 (2),1,无可唯一匹配施工事件,/
E:\压裂窜扰项目\02 规范化\泸203H64\泸203H64 邻井压力监测\泸203H64平台压裂期间l泸203H75平台压力、液、气监测表.xlsx,9.29 (2),2,无可唯一匹配施工事件,/
E:\压裂窜扰项目\02 规范化\泸203H64\泸203H64 邻井压力监测\泸203H64平台压裂期间l泸203H75平台压力、液、气监测表.xlsx,9.29 (2),3,无可唯一匹配施工事件,/
E:\压裂窜扰项目\02 规范化\泸203H64\泸203H64 邻井压力监测\泸203H64平台压裂期间l泸203H75平台压力、液、气监测表.xlsx,9.29 (2),4,无可唯一匹配施工事件,/
E:\压裂窜扰项目\02 规范化\泸203H64\泸203H64 邻井压力监测\泸203H64平台压裂期间l泸203H75平台压力、液、气监测表.xlsx,10.3,1,无可唯一匹配施工事件,/
E:\压裂窜扰项目\02 规范化\泸203H64\泸203H64 邻井压力监测\泸203H64平台压裂期间l泸203H75平台压力、液、气监测表.xlsx,10.3,2,无可唯一匹配施工事件,/
E:\压裂窜扰项目\02 规范化\泸203H64\泸203H64 邻井压力监测\泸203H64平台压裂期间l泸203H75平台压力、液、气监测表.xlsx,10.3,3,无可唯一匹配施工事件,/
E:\压裂窜扰项目\02 规范化\泸203H64\泸203H64 邻井压力监测\泸203H64平台压裂期间l泸203H75平台压力、液、气监测表.xlsx,10.3,4,无可唯一匹配施工事件,/
E:\压裂窜扰项目\02 规范化\泸203H64\泸203H64 邻井压力监测\泸203H64平台压裂期间l泸203H75平台压力、液、气监测表.xlsx,10.4,1,无可唯一匹配施工事件,/
E:\压裂窜扰项目\02 规范化\泸203H64\泸203H64 邻井压力监测\泸203H64平台压裂期间l泸203H75平台压力、液、气监测表.xlsx,9.29 (4),1,无可唯一匹配施工事件,/
E:\压裂窜扰项目\02 规范化\泸203H64\泸203H64 邻井压力监测\泸203H64平台压裂期间l泸203H75平台压力、液、气监测表.xlsx,9.29 (4),2,无可唯一匹配施工事件,/
E:\压裂窜扰项目\02 规范化\泸203H64\泸203H64 邻井压力监测\泸203H64平台压裂期间l泸203H75平台压力、液、气监测表.xlsx,9.29 (4),3,无可唯一匹配施工事件,/
E:\压裂窜扰项目\02 规范化\泸203H64\泸203H64 邻井压力监测\泸203H64平台压裂期间l泸203H75平台压力、液、气监测表.xlsx,9.29 (4),4,无可唯一匹配施工事件,/
E:\压裂窜扰项目\02 规范化\泸203H64\泸203H64 邻井压力监测\泸203H64平台压裂期间l泸203H75平台压力、液、气监测表.xlsx,10.7,1,无可唯一匹配施工事件,/
E:\压裂窜扰项目\02 规范化\泸203H64\泸203H64 邻井压力监测\泸203H64平台压裂期间l泸203H75平台压力、液、气监测表.xlsx,10.7,2,无可唯一匹配施工事件,/
E:\压裂窜扰项目\02 规范化\泸203H64\泸203H64 邻井压力监测\泸203H64平台压裂期间l泸203H75平台压力、液、气监测表.xlsx,10.7,3,无可唯一匹配施工事件,/
E:\压裂窜扰项目\02 规范化\泸203H64\泸203H64 邻井压力监测\泸203H64平台压裂期间l泸203H75平台压力、液、气监测表.xlsx,10.7,4,无可唯一匹配施工事件,/
E:\压裂窜扰项目\02 规范化\泸203H64\泸203H64 邻井压力监测\泸203H64平台压裂期间l泸203H75平台压力、液、气监测表.xlsx,10.8,1,无可唯一匹配施工事件,/
E:\压裂窜扰项目\02 规范化\泸203H64\泸203H64 邻井压力监测\泸203H64平台压裂期间l泸203H75平台压力、液、气监测表.xlsx,10.9,1,无可唯一匹配施工事件,/
E:\压裂窜扰项目\02 规范化\泸203H64\泸203H64 邻井压力监测\泸203H64平台压裂期间l泸203H75平台压力、液、气监测表.xlsx,10.10,1,无可唯一匹配施工事件,/
E:\压裂窜扰项目\02 规范化\泸203H64\泸203H64 邻井压力监测\泸203H64平台压裂期间l泸203H75平台压力、液、气监测表.xlsx,10.10,2,无可唯一匹配施工事件,/
E:\压裂窜扰项目\02 规范化\泸203H64\泸203H64 邻井压力监测\泸203H64平台压裂期间l泸203H75平台压力、液、气监测表.xlsx,10.10,3,无可唯一匹配施工事件,/
E:\压裂窜扰项目\02 规范化\泸203H64\泸203H64 邻井压力监测\泸203H64平台压裂期间l泸203H75平台压力、液、气监测表.xlsx,10.10,4,无可唯一匹配施工事件,/
E:\压裂窜扰项目\02 规范化\泸203H64\泸203H64 邻井压力监测\泸203H64平台压裂期间l泸203H75平台压力、液、气监测表.xlsx,10.11,1,无可唯一匹配施工事件,/
E:\压裂窜扰项目\02 规范化\泸203H64\泸203H64 邻井压力监测\泸203H64平台压裂期间l泸203H75平台压力、液、气监测表.xlsx,10.11,2,无可唯一匹配施工事件,/
E:\压裂窜扰项目\02 规范化\泸203H64\泸203H64 邻井压力监测\泸203H64平台压裂期间l泸203H75平台压力、液、气监测表.xlsx,10.11,3,无可唯一匹配施工事件,/
E:\压裂窜扰项目\02 规范化\泸203H64\泸203H64 邻井压力监测\泸203H64平台压裂期间l泸203H75平台压力、液、气监测表.xlsx,10.11,4,无可唯一匹配施工事件,/
E:\压裂窜扰项目\02 规范化\泸203H64\泸203H64 邻井压力监测\泸203H64平台压裂期间l泸203H75平台压力、液、气监测表.xlsx,10.12,1,无可唯一匹配施工事件,/
E:\压裂窜扰项目\02 规范化\泸203H64\泸203H64 邻井压力监测\泸203H64平台压裂期间l泸203H75平台压力、液、气监测表.xlsx,10.12,2,无可唯一匹配施工事件,/
E:\压裂窜扰项目\02 规范化\泸203H64\泸203H64 邻井压力监测\泸203H64平台压裂期间l泸203H75平台压力、液、气监测表.xlsx,10.12,3,无可唯一匹配施工事件,/
E:\压裂窜扰项目\02 规范化\泸203H64\泸203H64 邻井压力监测\泸203H64平台压裂期间l泸203H75平台压力、液、气监测表.xlsx,10.12,4,无可唯一匹配施工事件,/
E:\压裂窜扰项目\02 规范化\泸203H64\泸203H64 邻井压力监测\泸203H64平台压裂期间l泸203H75平台压力、液、气监测表.xlsx,10.13,1,无可唯一匹配施工事件,/
E:\压裂窜扰项目\02 规范化\泸203H64\泸203H64 邻井压力监测\泸203H64平台压裂期间l泸203H75平台压力、液、气监测表.xlsx,10.13,2,无可唯一匹配施工事件,/
E:\压裂窜扰项目\02 规范化\泸203H64\泸203H64 邻井压力监测\泸203H64平台压裂期间l泸203H75平台压力、液、气监测表.xlsx,10.13,3,无可唯一匹配施工事件,/
E:\压裂窜扰项目\02 规范化\泸203H64\泸203H64 邻井压力监测\泸203H64平台压裂期间l泸203H75平台压力、液、气监测表.xlsx,10.13,4,无可唯一匹配施工事件,/
E:\压裂窜扰项目\02 规范化\泸203H64\泸203H64 邻井压力监测\泸203H64平台压裂期间l泸203H75平台压力、液、气监测表.xlsx,10.15,1,无可唯一匹配施工事件,/
E:\压裂窜扰项目\02 规范化\泸203H64\泸203H64 邻井压力监测\泸203H64平台压裂期间l泸203H75平台压力、液、气监测表.xlsx,10.15,2,无可唯一匹配施工事件,/
E:\压裂窜扰项目\02 规范化\泸203H64\泸203H64 邻井压力监测\泸203H64平台压裂期间l泸203H75平台压力、液、气监测表.xlsx,10.15,3,无可唯一匹配施工事件,/
E:\压裂窜扰项目\02 规范化\泸203H64\泸203H64 邻井压力监测\泸203H64平台压裂期间l泸203H75平台压力、液、气监测表.xlsx,10.15,4,无可唯一匹配施工事件,/
E:\压裂窜扰项目\02 规范化\泸203H64\泸203H64 邻井压力监测\泸203H64平台压裂期间l泸203H75平台压力、液、气监测表.xlsx,10.29,1,无可唯一匹配施工事件,/
E:\压裂窜扰项目\02 规范化\泸203H64\泸203H64 邻井压力监测\泸203H64平台压裂期间l泸203H75平台压力、液、气监测表.xlsx,11.2 ,1,无可唯一匹配施工事件,/
E:\压裂窜扰项目\02 规范化\泸203H64\泸203H64 邻井压力监测\泸203H64平台压裂期间l泸203H75平台压力、液、气监测表.xlsx,11.2 ,2,无可唯一匹配施工事件,/
E:\压裂窜扰项目\02 规范化\泸203H64\泸203H64 邻井压力监测\泸203H64平台压裂期间l泸203H75平台压力、液、气监测表.xlsx,11.2 ,3,无可唯一匹配施工事件,/
E:\压裂窜扰项目\02 规范化\泸203H64\泸203H64 邻井压力监测\泸203H64平台压裂期间l泸203H75平台压力、液、气监测表.xlsx,11.2 ,4,无可唯一匹配施工事件,/
E:\压裂窜扰项目\02 规范化\泸203H64\泸203H64 邻井压力监测\泸203H64平台压裂期间l泸203H75平台压力、液、气监测表.xlsx,11.5 ,1,无可唯一匹配施工事件,/
E:\压裂窜扰项目\02 规范化\泸203H64\泸203H64 邻井压力监测\泸203H64平台压裂期间l泸203H75平台压力、液、气监测表.xlsx,11.5 ,2,无可唯一匹配施工事件,/
E:\压裂窜扰项目\02 规范化\泸203H64\泸203H64 邻井压力监测\泸203H64平台压裂期间l泸203H75平台压力、液、气监测表.xlsx,11.5 ,3,无可唯一匹配施工事件,/
E:\压裂窜扰项目\02 规范化\泸203H64\泸203H64 邻井压力监测\泸203H64平台压裂期间l泸203H75平台压力、液、气监测表.xlsx,11.5 ,4,无可唯一匹配施工事件,/
E:\压裂窜扰项目\02 规范化\泸203H64\泸203H64 邻井压力监测\泸203H64平台压裂期间l泸203H75平台压力、液、气监测表.xlsx,11.6,1,无可唯一匹配施工事件,/
E:\压裂窜扰项目\02 规范化\泸203H64\泸203H64 邻井压力监测\泸203H64平台压裂期间l泸203H75平台压力、液、气监测表.xlsx,11.6 (2),1,无可唯一匹配施工事件,/
E:\压裂窜扰项目\02 规范化\泸203H64\泸203H64 邻井压力监测\泸203H64平台压裂期间l泸203H75平台压力、液、气监测表.xlsx,11.6 (2),2,无可唯一匹配施工事件,/
E:\压裂窜扰项目\02 规范化\泸203H64\泸203H64 邻井压力监测\泸203H64平台压裂期间l泸203H75平台压力、液、气监测表.xlsx,11.6 (2),3,无可唯一匹配施工事件,/
E:\压裂窜扰项目\02 规范化\泸203H64\泸203H64 邻井压力监测\泸203H64平台压裂期间l泸203H75平台压力、液、气监测表.xlsx,11.6 (2),4,无可唯一匹配施工事件,/
E:\压裂窜扰项目\02 规范化\泸203H64\泸203H64 邻井压力监测\泸203H64平台压裂期间l泸203H75平台压力、液、气监测表.xlsx,11.7,1,无可唯一匹配施工事件,/
E:\压裂窜扰项目\02 规范化\泸203H64\泸203H64 邻井压力监测\泸203H64平台压裂期间l泸203H75平台压力、液、气监测表.xlsx,11.7,2,无可唯一匹配施工事件,/
E:\压裂窜扰项目\02 规范化\泸203H64\泸203H64 邻井压力监测\泸203H64平台压裂期间l泸203H75平台压力、液、气监测表.xlsx,11.7,3,无可唯一匹配施工事件,/
E:\压裂窜扰项目\02 规范化\泸203H64\泸203H64 邻井压力监测\泸203H64平台压裂期间l泸203H75平台压力、液、气监测表.xlsx,11.7,4,无可唯一匹配施工事件,/
E:\压裂窜扰项目\02 规范化\泸203H64\泸203H64 邻井压力监测\泸203H64平台压裂期间泸203H58平台邻井压力、液、气监测表 - 10.29(1).xlsx,,,未解析出压力通道,[]
E:\压裂窜扰项目\02 规范化\泸203H64\泸203H64 邻井压力监测\邻井压力上涨数据_1井施工期间_75平台_11.13.2.xlsx,Sheet1,1,无可唯一匹配施工事件,/
E:\压裂窜扰项目\02 规范化\泸203H64\泸203H64 邻井压力监测\邻井压力上涨数据_1井施工期间_75平台_11.14.2.xlsx,Sheet1,1,无可唯一匹配施工事件,/
E:\压裂窜扰项目\02 规范化\泸203H64\泸203H64 邻井压力监测\邻井压力上涨数据_1井施工期间_75平台_11.14.xlsx,Sheet1,1,无可唯一匹配施工事件,/
E:\压裂窜扰项目\02 规范化\泸203H64\泸203H64 邻井压力监测\邻井压力上涨数据_1井施工期间_75平台_11.14.xlsx,Sheet1,2,无可唯一匹配施工事件,/
E:\压裂窜扰项目\02 规范化\泸203H64\泸203H64 邻井压力监测\邻井压力上涨数据_1井施工期间_75平台_11.14.xlsx,Sheet1,3,无可唯一匹配施工事件,/
E:\压裂窜扰项目\02 规范化\泸203H64\泸203H64 邻井压力监测\邻井压力上涨数据_1井施工期间_75平台_11.14.xlsx,Sheet1,4,无可唯一匹配施工事件,/
E:\压裂窜扰项目\02 规范化\泸203H64\泸203H64 邻井压力监测\邻井压力上涨数据_1井施工期间_75平台_2022.11.13.xlsx,Sheet1,1,无可唯一匹配施工事件,/
E:\压裂窜扰项目\02 规范化\泸203H64\泸203H64 邻井压力监测\邻井压力上涨数据_1井施工期间_75平台_2022.11.13.xlsx,Sheet1,2,无可唯一匹配施工事件,/
E:\压裂窜扰项目\02 规范化\泸203H64\泸203H64 邻井压力监测\邻井压力上涨数据_1井施工期间_75平台_2022.11.13.xlsx,Sheet1,3,无可唯一匹配施工事件,/
E:\压裂窜扰项目\02 规范化\泸203H64\泸203H64 邻井压力监测\邻井压力上涨数据_1井施工期间_75平台_2022.11.13.xlsx,Sheet1,4,无可唯一匹配施工事件,/
E:\压裂窜扰项目\02 规范化\泸203H64\泸203H64 邻井压力监测\邻井压力上涨数据_2井施工期间_2井压窜邻井压力上涨液量.xls,,,未解析出压力通道,[]
E:\压裂窜扰项目\02 规范化\泸203H64\泸203H64 邻井压力监测\邻井压力上涨数据_3井施工期间_第10段_液体暂堵过程记录.xlsx,,,未解析出压力通道,[]
E:\压裂窜扰项目\02 规范化\泸203H66\泸203H66 邻井压力监测\泸203H66平台-1井-13段压裂施工-1、3、4井分点压力监测.xls,Sheet1,1,施工井自身压力通道,
E:\压裂窜扰项目\02 规范化\泸203H66\泸203H66 邻井压力监测\泸203H66平台-1井-13段压裂施工-1、3、4井秒点压力监测.xls,Sheet1,1,施工井自身压力通道,
E:\压裂窜扰项目\02 规范化\泸203H66\泸203H66 邻井压力监测\泸203H66平台-1井-13段压裂施工-1井秒点压力监测-2.xls,Sheet1,1,施工井自身压力通道,
E:\压裂窜扰项目\02 规范化\泸203H66\泸203H66 邻井压力监测\泸203H66平台-1井-13段压裂施工-1井秒点压力监测-3.xls,Sheet1,1,施工井自身压力通道,
E:\压裂窜扰项目\02 规范化\泸203H66\泸203H66 邻井压力监测\泸203H66平台-1井-13段压裂施工-1井秒点压力监测-4.xls,Sheet1,1,施工井自身压力通道,
E:\压裂窜扰项目\02 规范化\泸203H66\泸203H66 邻井压力监测\泸203H66平台-1井-13段压裂施工-1井秒点压力监测-5.xls,Sheet1,1,施工井自身压力通道,
E:\压裂窜扰项目\02 规范化\泸203H66\泸203H66 邻井压力监测\泸203H66平台-1井-14段压裂施工-1、2、4井分点压力监测.xls,Sheet1,1,施工井自身压力通道,
E:\压裂窜扰项目\02 规范化\泸203H66\泸203H66 邻井压力监测\泸203H66平台-1井-14段压裂施工-1、2、4井秒点压力监测.xls,Sheet1,1,施工井自身压力通道,
E:\压裂窜扰项目\02 规范化\泸203H66\泸203H66 邻井压力监测\泸203H66平台-1井-17段压裂施工-1、2、3、4井分点压力监测.xls,Sheet1,1,施工井自身压力通道,
E:\压裂窜扰项目\02 规范化\泸203H66\泸203H66 邻井压力监测\泸203H66平台-1井-17段压裂施工-1、2、3、4井秒点压力监测.xls,Sheet1,1,施工井自身压力通道,
E:\压裂窜扰项目\02 规范化\泸203H66\泸203H66 邻井压力监测\泸203H66平台-1井-18段压裂施工-1、2、3、4井分点压力监测.xls,Sheet1,1,施工井自身压力通道,
E:\压裂窜扰项目\02 规范化\泸203H66\泸203H66 邻井压力监测\泸203H66平台-1井-18段压裂施工-1、2、3、4井秒点压力监测.xls,Sheet1,1,施工井自身压力通道,
E:\压裂窜扰项目\02 规范化\泸203H66\泸203H66 邻井压力监测\泸203H66平台-1井-19段压裂施工-邻井待核实秒点压力监测.xls,,,未解析出压力通道,[]
E:\压裂窜扰项目\02 规范化\泸203H66\泸203H66 邻井压力监测\泸203H66平台-1井-段号待核实压裂施工-2、3井分点压力监测.xls,Sheet1,2,无可唯一匹配施工事件,/
E:\压裂窜扰项目\02 规范化\泸203H66\泸203H66 邻井压力监测\泸203H66平台-1井-段号待核实压裂施工-2、3井分点压力监测.xls,Sheet1,3,无可唯一匹配施工事件,/
E:\压裂窜扰项目\02 规范化\泸203H66\泸203H66 邻井压力监测\泸203H66平台-1井-段号待核实压裂施工-2井分点压力监测.xls,Sheet1,2,无可唯一匹配施工事件,/
E:\压裂窜扰项目\02 规范化\泸203H66\泸203H66 邻井压力监测\泸203H66平台-1井-段号待核实压裂施工-2井秒点压力监测-2.xls,Sheet1,2,无可唯一匹配施工事件,/
E:\压裂窜扰项目\02 规范化\泸203H66\泸203H66 邻井压力监测\泸203H66平台-1井-段号待核实压裂施工-2井秒点压力监测-3.xls,Sheet1,2,无可唯一匹配施工事件,/
E:\压裂窜扰项目\02 规范化\泸203H66\泸203H66 邻井压力监测\泸203H66平台-1井-段号待核实压裂施工-2井秒点压力监测.xls,Sheet1,2,无可唯一匹配施工事件,/
E:\压裂窜扰项目\02 规范化\泸203H66\泸203H66 邻井压力监测\泸203H66平台-1井-段号待核实压裂施工-3井分点压力监测.xls,Sheet1,3,无可唯一匹配施工事件,/
E:\压裂窜扰项目\02 规范化\泸203H66\泸203H66 邻井压力监测\泸203H66平台-1井-段号待核实压裂施工-3井秒点压力监测-2.xls,Sheet1,3,无可唯一匹配施工事件,/
E:\压裂窜扰项目\02 规范化\泸203H66\泸203H66 邻井压力监测\泸203H66平台-1井-段号待核实压裂施工-3井秒点压力监测.xls,Sheet1,3,无可唯一匹配施工事件,/
E:\压裂窜扰项目\02 规范化\泸203H66\泸203H66 邻井压力监测\泸203H66平台-2井-12段压裂施工-邻井待核实分点压力监测.xls,,,未解析出压力通道,[]
E:\压裂窜扰项目\02 规范化\泸203H66\泸203H66 邻井压力监测\泸203H66平台-2井-15段压裂施工-邻井待核实分点压力监测.xls,,,未解析出压力通道,[]
E:\压裂窜扰项目\02 规范化\泸203H66\泸203H66 邻井压力监测\泸203H66平台-2井-17段压裂施工-1、2、3、4井分点压力监测.xlsx,Sheet1,2,施工井自身压力通道,
E:\压裂窜扰项目\02 规范化\泸203H66\泸203H66 邻井压力监测\泸203H66平台-2井-17段压裂施工-1、2、3、4井秒点压力监测.xlsx,Sheet1,2,施工井自身压力通道,
E:\压裂窜扰项目\02 规范化\泸203H66\泸203H66 邻井压力监测\泸203H66平台-2井-18段压裂施工-邻井待核实秒点压力监测.xls,,,未解析出压力通道,[]
E:\压裂窜扰项目\02 规范化\泸203H66\泸203H66 邻井压力监测\泸203H66平台-2井-19段压裂施工-邻井待核实分点压力监测.xls,,,未解析出压力通道,[]
E:\压裂窜扰项目\02 规范化\泸203H66\泸203H66 邻井压力监测\泸203H66平台-2井-19段压裂施工-邻井待核实秒点压力监测.xls,,,未解析出压力通道,[]
E:\压裂窜扰项目\02 规范化\泸203H66\泸203H66 邻井压力监测\泸203H66平台-2井-段号待核实压裂施工-1、3井秒点压力监测.xls,Sheet1,1,无可唯一匹配施工事件,/
E:\压裂窜扰项目\02 规范化\泸203H66\泸203H66 邻井压力监测\泸203H66平台-2井-段号待核实压裂施工-1、3井秒点压力监测.xls,Sheet1,3,无可唯一匹配施工事件,/
E:\压裂窜扰项目\02 规范化\泸203H66\泸203H66 邻井压力监测\泸203H66平台-2井-段号待核实压裂施工-邻井待核实分点压力监测.xls,,,未解析出压力通道,[]
E:\压裂窜扰项目\02 规范化\泸203H66\泸203H66 邻井压力监测\泸203H66平台-2井-段号待核实压裂施工-邻井待核实秒点压力监测-2.xls,,,未解析出压力通道,[]
E:\压裂窜扰项目\02 规范化\泸203H66\泸203H66 邻井压力监测\泸203H66平台-2井-段号待核实压裂施工-邻井待核实秒点压力监测.xls,,,未解析出压力通道,[]
E:\压裂窜扰项目\02 规范化\泸203H66\泸203H66 邻井压力监测\泸203H66平台-2井-段号待核实压裂施工-邻井待核实综合压力监测-2.xlsx,,,未解析出压力通道,[]
E:\压裂窜扰项目\02 规范化\泸203H66\泸203H66 邻井压力监测\泸203H66平台-2井-段号待核实压裂施工-邻井待核实综合压力监测.xlsx,,,未解析出压力通道,[]
E:\压裂窜扰项目\02 规范化\泸203H66\泸203H66 邻井压力监测\泸203H66平台-3井-段号待核实压裂施工-1、2井分点压力监测.xls,Sheet1,1,无可唯一匹配施工事件,/
E:\压裂窜扰项目\02 规范化\泸203H66\泸203H66 邻井压力监测\泸203H66平台-3井-段号待核实压裂施工-1、2井分点压力监测.xls,Sheet1,2,无可唯一匹配施工事件,/
E:\压裂窜扰项目\02 规范化\泸203H66\泸203H66 邻井压力监测\泸203H66平台-3井-段号待核实压裂施工-1、2井秒点压力监测.xls,Sheet1,1,无可唯一匹配施工事件,/
E:\压裂窜扰项目\02 规范化\泸203H66\泸203H66 邻井压力监测\泸203H66平台-3井-段号待核实压裂施工-1、2井秒点压力监测.xls,Sheet1,2,无可唯一匹配施工事件,/
E:\压裂窜扰项目\02 规范化\泸203H66\泸203H66 邻井压力监测\泸203H66平台-3井-段号待核实压裂施工-2井套压监测.xls,Sheet1,2,无可唯一匹配施工事件,/
E:\压裂窜扰项目\02 规范化\泸203H66\泸203H66 邻井压力监测\泸203H66平台-3井-段号待核实压裂施工-3井分点压力监测.xls,Sheet1,3,无可唯一匹配施工事件,/
E:\压裂窜扰项目\02 规范化\泸203H66\泸203H66 邻井压力监测\泸203H66平台-井号待核实-7段压裂施工-邻井待核实分点压力监测.xls,,,未解析出压力通道,[]
E:\压裂窜扰项目\02 规范化\泸203H6\泸203H6 邻井压力监测\泸203H6-1-10段压裂施工-井秒点压力监测.xlsx,井口曲线927,2,无可唯一匹配施工事件,1/10
E:\压裂窜扰项目\02 规范化\泸203H6\泸203H6 邻井压力监测\泸203H6-1-11段压裂施工-井秒点压力监测.xlsx,,,未解析出压力通道,[]
E:\压裂窜扰项目\02 规范化\泸203H6\泸203H6 邻井压力监测\泸203H6-1-8段压裂施工-2井秒点压力监测.xlsx,1515,2,无可唯一匹配施工事件,1/8
E:\压裂窜扰项目\02 规范化\泸203H6\泸203H6 邻井压力监测\泸203H6-1-9段压裂施工-2、3、4井秒点压力监测.xlsx,井口曲线926,3,无可唯一匹配施工事件,1/9
E:\压裂窜扰项目\02 规范化\泸203H6\泸203H6 邻井压力监测\泸203H6-1-9段压裂施工-2、3、4井秒点压力监测.xlsx,井口曲线926,4,无可唯一匹配施工事件,1/9
E:\压裂窜扰项目\02 规范化\泸203H6\泸203H6 邻井压力监测\泸203H6-1-9段压裂施工-2、3、4井秒点压力监测.xlsx,井口曲线926,2,无可唯一匹配施工事件,1/9
E:\压裂窜扰项目\02 规范化\泸203H76\泸203H76 邻井压力监测\泸203H76平台-1井-5段压裂施工-邻井待核实分点压力监测.xls,,,未解析出压力通道,[]
E:\压裂窜扰项目\02 规范化\泸203H76\泸203H76 邻井压力监测\泸203H76平台-2井-18段压裂施工-1、3、4井分点压力监测.xls,Sheet1,1,无可唯一匹配施工事件,2/18
E:\压裂窜扰项目\02 规范化\泸203H76\泸203H76 邻井压力监测\泸203H76平台-2井-18段压裂施工-1、3、4井分点压力监测.xls,Sheet1,3,无可唯一匹配施工事件,2/18
E:\压裂窜扰项目\02 规范化\泸203H76\泸203H76 邻井压力监测\泸203H76平台-2井-18段压裂施工-1、3、4井分点压力监测.xls,Sheet1,4,无可唯一匹配施工事件,2/18
E:\压裂窜扰项目\02 规范化\泸203H76\泸203H76 邻井压力监测\泸203H76平台-2井-18段压裂施工-1、3、4井秒点压力监测.xls,Sheet1,1,无可唯一匹配施工事件,2/18
E:\压裂窜扰项目\02 规范化\泸203H76\泸203H76 邻井压力监测\泸203H76平台-2井-18段压裂施工-1、3、4井秒点压力监测.xls,Sheet1,3,无可唯一匹配施工事件,2/18
E:\压裂窜扰项目\02 规范化\泸203H76\泸203H76 邻井压力监测\泸203H76平台-2井-18段压裂施工-1、3、4井秒点压力监测.xls,Sheet1,4,无可唯一匹配施工事件,2/18
E:\压裂窜扰项目\02 规范化\泸203H76\泸203H76 邻井压力监测\泸203H76平台-2井-6段压裂施工-邻井待核实分点压力监测.xls,,,未解析出压力通道,[]
E:\压裂窜扰项目\02 规范化\泸203H76\泸203H76 邻井压力监测\泸203H76平台-3井-7段压裂施工-1、2、3井分点压力监测.xls,Sheet1,3,施工井自身压力通道,
E:\压裂窜扰项目\02 规范化\泸203H76\泸203H76 邻井压力监测\泸203H76平台-4井-段号待核实压裂施工-邻井待核实分点压力监测.xls,,,未解析出压力通道,[]
E:\压裂窜扰项目\02 规范化\泸203H76\泸203H76 邻井压力监测\泸203H76平台-4井-段号待核实压裂施工-邻井待核实秒点压力监测.xls,,,未解析出压力通道,[]
E:\压裂窜扰项目\02 规范化\泸203H8\泸203H8 邻井压力监测\泸203H8平台2井第1段施工(1).xls,,,未解析出压力通道,[]
E:\压裂窜扰项目\02 规范化\泸203H8\泸203H8 邻井压力监测\泸203H8平台2井第5段施工叠合图.xls,,,未解析出压力通道,"['封面:no_time_column', '基础参数:no_time_column', '施工设计:no_time_column']"
E:\压裂窜扰项目\02 规范化\泸203H8\泸203H8 邻井压力监测\泸203H8平台2井第6段施工.xls,,,未解析出压力通道,"['封面:no_time_column', '基础参数:no_time_column', '施工设计:no_time_column']"
E:\压裂窜扰项目\02 规范化\泸203H8\泸203H8 邻井压力监测\泸203H8平台4井第2段施工(1).xls,,,未解析出压力通道,"['封面:no_time_column', '基础参数:no_time_column', '施工设计:no_time_column']"
E:\压裂窜扰项目\02 规范化\泸203H91\泸203H91 邻井压力监测\2、4井秒点数据.xls,导出数据,4,无可唯一匹配施工事件,/
E:\压裂窜扰项目\02 规范化\泸203H91\泸203H91 邻井压力监测\2、4井秒点数据.xls,导出数据,2,无可唯一匹配施工事件,/
E:\压裂窜扰项目\02 规范化\泸203H91\泸203H91 邻井压力监测\2井秒点数据(1).xls,导出数据,2,无可唯一匹配施工事件,/
E:\压裂窜扰项目\02 规范化\泸203H91\泸203H91 邻井压力监测\2井秒点数据(3).xls,导出数据,2,无可唯一匹配施工事件,/
E:\压裂窜扰项目\02 规范化\泸203H91\泸203H91 邻井压力监测\2井秒点数据1(1).xls,导出数据,2,无可唯一匹配施工事件,/
E:\压裂窜扰项目\02 规范化\泸203H91\泸203H91 邻井压力监测\2井秒点数据1(1)__D26AE2BD.xls,导出数据,2,无可唯一匹配施工事件,/
E:\压裂窜扰项目\02 规范化\泸203H91\泸203H91 邻井压力监测\3、4井秒点数据(2).xls,导出数据,4,无可唯一匹配施工事件,/
E:\压裂窜扰项目\02 规范化\泸203H91\泸203H91 邻井压力监测\3、4井秒点数据(2).xls,导出数据,3,无可唯一匹配施工事件,/
E:\压裂窜扰项目\02 规范化\泸203H91\泸203H91 邻井压力监测\3、4井秒点数据(4).xls,导出数据,4,无可唯一匹配施工事件,/
E:\压裂窜扰项目\02 规范化\泸203H91\泸203H91 邻井压力监测\3、4井秒点数据(4).xls,导出数据,3,无可唯一匹配施工事件,/
E:\压裂窜扰项目\02 规范化\泸203H91\泸203H91 邻井压力监测\3井秒点数据.xls,导出数据,3,无可唯一匹配施工事件,/
E:\压裂窜扰项目\02 规范化\泸203H91\泸203H91 邻井压力监测\泸203H91-3-11段压裂施工-2、4井压力监测.xls,导出数据,4,无可唯一匹配施工事件,3/11
E:\压裂窜扰项目\02 规范化\泸203H91\泸203H91 邻井压力监测\泸203H91-3-11段压裂施工-2、4井压力监测.xls,导出数据,2,无可唯一匹配施工事件,3/11
E:\压裂窜扰项目\02 规范化\泸203H91\泸203H91 邻井压力监测\泸203H91-4-4段压裂施工-2、3井秒点压力监测.xls,导出数据,3,无可唯一匹配施工事件,4/4
E:\压裂窜扰项目\02 规范化\泸203H91\泸203H91 邻井压力监测\泸203H91-4-4段压裂施工-2、3井秒点压力监测.xls,导出数据,2,无可唯一匹配施工事件,4/4
E:\压裂窜扰项目\02 规范化\泸203H91\泸203H91 邻井压力监测\泸203H91-4-4段压裂施工-3井秒点压力监测.xls,导出数据,3,无可唯一匹配施工事件,4/4
E:\压裂窜扰项目\02 规范化\泸203H91\泸203H91 邻井压力监测\泸203H91平台窜压数据_4井第4段_4井分点数据(2).xls,导出数据,4,无可唯一匹配施工事件,4/4
E:\压裂窜扰项目\02 规范化\泸203H9\泸203H9 邻井压力监测\泸203H9-1井压力监测秒点数据(1).xls,导出数据,1,无可唯一匹配施工事件,/
E:\压裂窜扰项目\02 规范化\泸203H9\泸203H9 邻井压力监测\泸203H9-3-25段压裂施工-2、4井秒点压力监测.xls,导出数据,4,无可唯一匹配施工事件,3/25
E:\压裂窜扰项目\02 规范化\泸203H9\泸203H9 邻井压力监测\泸203H9-3-25段压裂施工-2、4井秒点压力监测.xls,导出数据,2,无可唯一匹配施工事件,3/25
E:\压裂窜扰项目\02 规范化\泸203H9\泸203H9 邻井压力监测\泸203H9-3-26段压裂施工-2、4井秒点压力监测.xls,导出数据,4,无可唯一匹配施工事件,3/26
E:\压裂窜扰项目\02 规范化\泸203H9\泸203H9 邻井压力监测\泸203H9-3-26段压裂施工-2、4井秒点压力监测.xls,导出数据,2,无可唯一匹配施工事件,3/26
E:\压裂窜扰项目\02 规范化\泸203H9\泸203H9 邻井压力监测\泸203H9-3井压裂期间邻井秒点数据(1).xls,导出数据,5,无可唯一匹配施工事件,/
E:\压裂窜扰项目\02 规范化\泸203H9\泸203H9 邻井压力监测\泸203H9-3井压裂期间邻井秒点数据(1).xls,导出数据,4,无可唯一匹配施工事件,/
E:\压裂窜扰项目\02 规范化\泸203H9\泸203H9 邻井压力监测\泸203H9-3井压裂期间邻井秒点数据(1).xls,导出数据,2,无可唯一匹配施工事件,/
E:\压裂窜扰项目\02 规范化\泸203H9\泸203H9 邻井压力监测\泸203H9-3井压裂期间邻井秒点数据(1).xls,导出数据,1,无可唯一匹配施工事件,/
E:\压裂窜扰项目\02 规范化\泸203H9\泸203H9 邻井压力监测\泸203H9-3井压裂期间邻井秒点数据(1).xls,导出数据,6,无可唯一匹配施工事件,/
E:\压裂窜扰项目\02 规范化\泸203H9\泸203H9 邻井压力监测\泸203H9-4井压力监测数据(1).xls,导出数据,4,无可唯一匹配施工事件,/
E:\压裂窜扰项目\02 规范化\泸203H9\泸203H9 邻井压力监测\泸203H91-3井第3段压裂施工秒点数据.xlsx,,,文件名平台与目录归属冲突,泸203H91 vs 泸203H9
E:\压裂窜扰项目\02 规范化\泸203H9\泸203H9 邻井压力监测\泸203H91-3井第4段压裂施工分点数据.xls,,,文件名平台与目录归属冲突,泸203H91 vs 泸203H9
E:\压裂窜扰项目\02 规范化\泸203H9\泸203H9 邻井压力监测\泸203H91-3井第4段压裂施工秒点数据.xlsx,,,文件名平台与目录归属冲突,泸203H91 vs 泸203H9
E:\压裂窜扰项目\02 规范化\泸203H9\泸203H9 邻井压力监测\泸203H9_压窜信息_12井压窜监测数据（大于5兆帕）_页岩气井压窜统计大表-9.7-346井.xlsx,,,未解析出压力通道,"['泸203H58-4井-周森:no_time_column', '泸203H58-5井-周森:no_time_column', '泸203H58-6井-周森、李拾乔:no_time_column', '泸203H58-7井-周森、李磊:no_time_column', '阳101H3-1井-周森:no_time_column', '阳101H3-2井-周森:no_time_column', '阳101H41-8井-陈胜超:no_time_column', '泸203H59-3井陈妙:no_time_column', '泸203H59-4井陈妙:no_time_column', '泸203H60-1井-周森:no_time_column', '泸203H4-2井陈胜超:no_time_column', '泸203H4-3陈胜超、周嘉宾:no_time_column', '泸203H4-4陈胜超:no_time_column', '宁209H24-1饶哲丞:no_time_column']"
E:\压裂窜扰项目\02 规范化\泸206H8\泸206H8 邻井压力监测\泸206H8-1-14段压裂施工-2井压力监测.xls,邻井压力,2,同名井段绝对日期不重叠,pressure 1722341176.0 pump 1750234594.0
E:\压裂窜扰项目\02 规范化\泸206H8\泸206H8 邻井压力监测\泸206H8-2-19段压裂施工-1、3井分点压力监测-2.xls,导出数据,3,同名井段绝对日期不重叠,pressure 1751481000.0 pump 1751270234.0
E:\压裂窜扰项目\02 规范化\泸206H8\泸206H8 邻井压力监测\泸206H8-2-19段压裂施工-1、3井分点压力监测-2.xls,导出数据,1,同名井段绝对日期不重叠,pressure 1751481000.0 pump 1751270234.0
E:\压裂窜扰项目\02 规范化\泸206H8\泸206H8 邻井压力监测\泸206H8-2-19段压裂施工-1、3井分点压力监测.xls,导出数据,3,同名井段绝对日期不重叠,pressure 1751481000.0 pump 1751270234.0
E:\压裂窜扰项目\02 规范化\泸206H8\泸206H8 邻井压力监测\泸206H8-2-19段压裂施工-1、3井分点压力监测.xls,导出数据,1,同名井段绝对日期不重叠,pressure 1751481000.0 pump 1751270234.0
E:\压裂窜扰项目\02 规范化\泸206H8\泸206H8 邻井压力监测\泸206H8-2-19段压裂施工-1、3井秒点压力监测-2.xls,导出数据,3,同名井段绝对日期不重叠,pressure 1751481000.0 pump 1751270234.0
E:\压裂窜扰项目\02 规范化\泸206H8\泸206H8 邻井压力监测\泸206H8-2-19段压裂施工-1、3井秒点压力监测-2.xls,导出数据,1,同名井段绝对日期不重叠,pressure 1751481000.0 pump 1751270234.0
E:\压裂窜扰项目\02 规范化\泸206H8\泸206H8 邻井压力监测\泸206H8-2-19段压裂施工-1、3井秒点压力监测.xls,导出数据,3,同名井段绝对日期不重叠,pressure 1751481000.0 pump 1751270234.0
E:\压裂窜扰项目\02 规范化\泸206H8\泸206H8 邻井压力监测\泸206H8-2-19段压裂施工-1、3井秒点压力监测.xls,导出数据,1,同名井段绝对日期不重叠,pressure 1751481000.0 pump 1751270234.0
E:\压裂窜扰项目\02 规范化\泸206H8\泸206H8 邻井压力监测\泸206H8-2-21段压裂施工-1、3、4、5、6、7、8井分点压力监测.xls,导出数据,3,同名井段绝对日期不重叠,pressure 1751616000.0 pump 1751574258.0
E:\压裂窜扰项目\02 规范化\泸206H8\泸206H8 邻井压力监测\泸206H8-2-21段压裂施工-1、3、4、5、6、7、8井分点压力监测.xls,导出数据,1,同名井段绝对日期不重叠,pressure 1751616000.0 pump 1751574258.0
E:\压裂窜扰项目\02 规范化\泸206H8\泸206H8 邻井压力监测\泸206H8-2-21段压裂施工-1、3、4、5、6、7、8井分点压力监测.xls,导出数据,5,同名井段绝对日期不重叠,pressure 1751616000.0 pump 1751574258.0
E:\压裂窜扰项目\02 规范化\泸206H8\泸206H8 邻井压力监测\泸206H8-2-21段压裂施工-1、3、4、5、6、7、8井分点压力监测.xls,导出数据,8,同名井段绝对日期不重叠,pressure 1751616000.0 pump 1751574258.0
E:\压裂窜扰项目\02 规范化\泸206H8\泸206H8 邻井压力监测\泸206H8-2-21段压裂施工-1、3、4、5、6、7、8井分点压力监测.xls,导出数据,7,同名井段绝对日期不重叠,pressure 1751616000.0 pump 1751574258.0
E:\压裂窜扰项目\02 规范化\泸206H8\泸206H8 邻井压力监测\泸206H8-2-21段压裂施工-1、3、4、5、6、7、8井分点压力监测.xls,导出数据,6,同名井段绝对日期不重叠,pressure 1751616000.0 pump 1751574258.0
E:\压裂窜扰项目\02 规范化\泸206H8\泸206H8 邻井压力监测\泸206H8-2-21段压裂施工-1、3、4、5、6、7、8井分点压力监测.xls,导出数据,4,同名井段绝对日期不重叠,pressure 1751616000.0 pump 1751574258.0
E:\压裂窜扰项目\02 规范化\泸206H8\泸206H8 邻井压力监测\泸206H8-2-21段压裂施工-1、3、4、5、6、7、8井秒点压力监测.xls,导出数据,3,同名井段绝对日期不重叠,pressure 1751616000.0 pump 1751574258.0
E:\压裂窜扰项目\02 规范化\泸206H8\泸206H8 邻井压力监测\泸206H8-2-21段压裂施工-1、3、4、5、6、7、8井秒点压力监测.xls,导出数据,1,同名井段绝对日期不重叠,pressure 1751616000.0 pump 1751574258.0
E:\压裂窜扰项目\02 规范化\泸206H8\泸206H8 邻井压力监测\泸206H8-2-21段压裂施工-1、3、4、5、6、7、8井秒点压力监测.xls,导出数据,5,同名井段绝对日期不重叠,pressure 1751616000.0 pump 1751574258.0
E:\压裂窜扰项目\02 规范化\泸206H8\泸206H8 邻井压力监测\泸206H8-2-21段压裂施工-1、3、4、5、6、7、8井秒点压力监测.xls,导出数据,8,同名井段绝对日期不重叠,pressure 1751616000.0 pump 1751574258.0
E:\压裂窜扰项目\02 规范化\泸206H8\泸206H8 邻井压力监测\泸206H8-2-21段压裂施工-1、3、4、5、6、7、8井秒点压力监测.xls,导出数据,7,同名井段绝对日期不重叠,pressure 1751616000.0 pump 1751574258.0
E:\压裂窜扰项目\02 规范化\泸206H8\泸206H8 邻井压力监测\泸206H8-2-21段压裂施工-1、3、4、5、6、7、8井秒点压力监测.xls,导出数据,6,同名井段绝对日期不重叠,pressure 1751616000.0 pump 1751574258.0
E:\压裂窜扰项目\02 规范化\泸206H8\泸206H8 邻井压力监测\泸206H8-2-21段压裂施工-1、3、4、5、6、7、8井秒点压力监测.xls,导出数据,4,同名井段绝对日期不重叠,pressure 1751616000.0 pump 1751574258.0
E:\压裂窜扰项目\02 规范化\泸206H8\泸206H8 邻井压力监测\泸206H8-3-19段压裂施工-1、2、4、5、6、7、8井分点压力监测.xls,导出数据,1,同名井段绝对日期不重叠,pressure 1751524200.0 pump 1751385708.0
E:\压裂窜扰项目\02 规范化\泸206H8\泸206H8 邻井压力监测\泸206H8-3-19段压裂施工-1、2、4、5、6、7、8井分点压力监测.xls,导出数据,5,同名井段绝对日期不重叠,pressure 1751524200.0 pump 1751385708.0
E:\压裂窜扰项目\02 规范化\泸206H8\泸206H8 邻井压力监测\泸206H8-3-19段压裂施工-1、2、4、5、6、7、8井分点压力监测.xls,导出数据,8,同名井段绝对日期不重叠,pressure 1751524200.0 pump 1751385708.0
E:\压裂窜扰项目\02 规范化\泸206H8\泸206H8 邻井压力监测\泸206H8-3-19段压裂施工-1、2、4、5、6、7、8井分点压力监测.xls,导出数据,7,同名井段绝对日期不重叠,pressure 1751524200.0 pump 1751385708.0
E:\压裂窜扰项目\02 规范化\泸206H8\泸206H8 邻井压力监测\泸206H8-3-19段压裂施工-1、2、4、5、6、7、8井分点压力监测.xls,导出数据,6,同名井段绝对日期不重叠,pressure 1751524200.0 pump 1751385708.0
E:\压裂窜扰项目\02 规范化\泸206H8\泸206H8 邻井压力监测\泸206H8-3-19段压裂施工-1、2、4、5、6、7、8井分点压力监测.xls,导出数据,4,同名井段绝对日期不重叠,pressure 1751524200.0 pump 1751385708.0
E:\压裂窜扰项目\02 规范化\泸206H8\泸206H8 邻井压力监测\泸206H8-3-19段压裂施工-1、2、4、5、6、7、8井分点压力监测.xls,导出数据,2,同名井段绝对日期不重叠,pressure 1751524200.0 pump 1751385708.0
E:\压裂窜扰项目\02 规范化\泸206H8\泸206H8 邻井压力监测\泸206H8-3-19段压裂施工-1、2、4、5、6、7、8井秒点压力监测.xls,导出数据,1,同名井段绝对日期不重叠,pressure 1751524200.0 pump 1751385708.0
E:\压裂窜扰项目\02 规范化\泸206H8\泸206H8 邻井压力监测\泸206H8-3-19段压裂施工-1、2、4、5、6、7、8井秒点压力监测.xls,导出数据,5,同名井段绝对日期不重叠,pressure 1751524200.0 pump 1751385708.0
E:\压裂窜扰项目\02 规范化\泸206H8\泸206H8 邻井压力监测\泸206H8-3-19段压裂施工-1、2、4、5、6、7、8井秒点压力监测.xls,导出数据,8,同名井段绝对日期不重叠,pressure 1751524200.0 pump 1751385708.0
E:\压裂窜扰项目\02 规范化\泸206H8\泸206H8 邻井压力监测\泸206H8-3-19段压裂施工-1、2、4、5、6、7、8井秒点压力监测.xls,导出数据,7,同名井段绝对日期不重叠,pressure 1751524200.0 pump 1751385708.0
E:\压裂窜扰项目\02 规范化\泸206H8\泸206H8 邻井压力监测\泸206H8-3-19段压裂施工-1、2、4、5、6、7、8井秒点压力监测.xls,导出数据,6,同名井段绝对日期不重叠,pressure 1751524200.0 pump 1751385708.0
E:\压裂窜扰项目\02 规范化\泸206H8\泸206H8 邻井压力监测\泸206H8-3-19段压裂施工-1、2、4、5、6、7、8井秒点压力监测.xls,导出数据,4,同名井段绝对日期不重叠,pressure 1751524200.0 pump 1751385708.0
E:\压裂窜扰项目\02 规范化\泸206H8\泸206H8 邻井压力监测\泸206H8-3-19段压裂施工-1、2、4、5、6、7、8井秒点压力监测.xls,导出数据,2,同名井段绝对日期不重叠,pressure 1751524200.0 pump 1751385708.0
E:\压裂窜扰项目\02 规范化\泸206H8\泸206H8 邻井压力监测\泸206H8-3-20段压裂施工-1、2、4、5、6、7、8井分点压力监测.xls,导出数据,1,同名井段绝对日期不重叠,pressure 1751559300.0 pump 1751552980.0
E:\压裂窜扰项目\02 规范化\泸206H8\泸206H8 邻井压力监测\泸206H8-3-20段压裂施工-1、2、4、5、6、7、8井分点压力监测.xls,导出数据,5,同名井段绝对日期不重叠,pressure 1751559420.0 pump 1751552980.0
E:\压裂窜扰项目\02 规范化\泸206H8\泸206H8 邻井压力监测\泸206H8-3-20段压裂施工-1、2、4、5、6、7、8井分点压力监测.xls,导出数据,8,同名井段绝对日期不重叠,pressure 1751559420.0 pump 1751552980.0
E:\压裂窜扰项目\02 规范化\泸206H8\泸206H8 邻井压力监测\泸206H8-3-20段压裂施工-1、2、4、5、6、7、8井分点压力监测.xls,导出数据,7,同名井段绝对日期不重叠,pressure 1751559420.0 pump 1751552980.0
E:\压裂窜扰项目\02 规范化\泸206H8\泸206H8 邻井压力监测\泸206H8-3-20段压裂施工-1、2、4、5、6、7、8井分点压力监测.xls,导出数据,6,同名井段绝对日期不重叠,pressure 1751559420.0 pump 1751552980.0
E:\压裂窜扰项目\02 规范化\泸206H8\泸206H8 邻井压力监测\泸206H8-3-20段压裂施工-1、2、4、5、6、7、8井分点压力监测.xls,导出数据,4,同名井段绝对日期不重叠,pressure 1751559300.0 pump 1751552980.0
E:\压裂窜扰项目\02 规范化\泸206H8\泸206H8 邻井压力监测\泸206H8-3-20段压裂施工-1、2、4、5、6、7、8井分点压力监测.xls,导出数据,2,同名井段绝对日期不重叠,pressure 1751559300.0 pump 1751552980.0
E:\压裂窜扰项目\02 规范化\泸206H8\泸206H8 邻井压力监测\泸206H8-3-20段压裂施工-1、2、4、5、6、7、8井秒点压力监测.xls,导出数据,1,同名井段绝对日期不重叠,pressure 1751559300.0 pump 1751552980.0
E:\压裂窜扰项目\02 规范化\泸206H8\泸206H8 邻井压力监测\泸206H8-3-20段压裂施工-1、2、4、5、6、7、8井秒点压力监测.xls,导出数据,5,同名井段绝对日期不重叠,pressure 1751559439.0 pump 1751552980.0
E:\压裂窜扰项目\02 规范化\泸206H8\泸206H8 邻井压力监测\泸206H8-3-20段压裂施工-1、2、4、5、6、7、8井秒点压力监测.xls,导出数据,8,同名井段绝对日期不重叠,pressure 1751559439.0 pump 1751552980.0
E:\压裂窜扰项目\02 规范化\泸206H8\泸206H8 邻井压力监测\泸206H8-3-20段压裂施工-1、2、4、5、6、7、8井秒点压力监测.xls,导出数据,7,同名井段绝对日期不重叠,pressure 1751559440.0 pump 1751552980.0
E:\压裂窜扰项目\02 规范化\泸206H8\泸206H8 邻井压力监测\泸206H8-3-20段压裂施工-1、2、4、5、6、7、8井秒点压力监测.xls,导出数据,6,同名井段绝对日期不重叠,pressure 1751559440.0 pump 1751552980.0
E:\压裂窜扰项目\02 规范化\泸206H8\泸206H8 邻井压力监测\泸206H8-3-20段压裂施工-1、2、4、5、6、7、8井秒点压力监测.xls,导出数据,4,同名井段绝对日期不重叠,pressure 1751559300.0 pump 1751552980.0
E:\压裂窜扰项目\02 规范化\泸206H8\泸206H8 邻井压力监测\泸206H8-3-20段压裂施工-1、2、4、5、6、7、8井秒点压力监测.xls,导出数据,2,同名井段绝对日期不重叠,pressure 1751559300.0 pump 1751552980.0
E:\压裂窜扰项目\02 规范化\泸206H8\泸206H8 邻井压力监测\泸206H8-4-1段压裂施工-1、2、3、5、6、7、8井分点压力监测.xls,导出数据,4,施工井自身压力通道,
E:\压裂窜扰项目\02 规范化\泸206H8\泸206H8 邻井压力监测\泸206H8-4-2段压裂施工-1、2、3、5、6、7、8井分点压力监测.xls,导出数据,4,施工井自身压力通道,
E:\压裂窜扰项目\02 规范化\泸206H8\泸206H8 邻井压力监测\泸206H8-4-2段压裂施工-1、2、3、5、6、7、8井秒点压力监测.xls,导出数据,4,施工井自身压力通道,
E:\压裂窜扰项目\02 规范化\泸206H8\泸206H8 邻井压力监测\泸206H8-4-3段压裂施工-1、2、3、5、6、7、8井秒点压力监测.xls,导出数据,4,施工井自身压力通道,
E:\压裂窜扰项目\02 规范化\泸206H8\泸206H8 邻井压力监测\泸206H8-4-4段压裂施工-1、2、3、5、6、7、8井分点压力监测.xls,导出数据,4,施工井自身压力通道,
E:\压裂窜扰项目\02 规范化\泸206H8\泸206H8 邻井压力监测\泸206H8-4-4段压裂施工-1、2、3、5、6、7、8井秒点压力监测.xls,导出数据,4,施工井自身压力通道,
E:\压裂窜扰项目\02 规范化\泸206H8\泸206H8 邻井压力监测\泸206H8-4-8段压裂施工-1、2、3、5、6、7、8井分点压力监测.xls,导出数据,4,施工井自身压力通道,
E:\压裂窜扰项目\02 规范化\泸206H8\泸206H8 邻井压力监测\泸206H8-4-8段压裂施工-1、2、3、5、6、7、8井秒点压力监测.xls,导出数据,4,施工井自身压力通道,
E:\压裂窜扰项目\02 规范化\泸206H8\泸206H8 邻井压力监测\泸206H8-4-9段压裂施工-1、2、3、5、6、7、8井分点压力监测.xls,导出数据,4,施工井自身压力通道,
E:\压裂窜扰项目\02 规范化\泸206H8\泸206H8 邻井压力监测\泸206H8-4-9段压裂施工-1、2、3、5、6、7、8井秒点压力监测.xls,导出数据,4,施工井自身压力通道,
E:\压裂窜扰项目\02 规范化\泸206H8\泸206H8 邻井压力监测\泸206H8-4第19段压裂主泵注(邻井叠合图).xlsx,,,未解析出压力通道,"['封面:no_time_column', '基础参数:no_time_column', '施工设计:no_time_column']"
E:\压裂窜扰项目\02 规范化\泸206H8\泸206H8 邻井压力监测\泸206H8-5-11段压裂施工-1、2、3、4、6、7、8井分点压力监测.xls,导出数据,5,施工井自身压力通道,
E:\压裂窜扰项目\02 规范化\泸206H8\泸206H8 邻井压力监测\泸206H8-5-11段压裂施工-1、2、3、4、6、7、8井秒点压力监测.xls,导出数据,5,施工井自身压力通道,
E:\压裂窜扰项目\02 规范化\泸206H8\泸206H8 邻井压力监测\泸206H8-5-12段压裂施工-1、2、3、4、6、7、8井分点压力监测.xls,导出数据,5,施工井自身压力通道,
E:\压裂窜扰项目\02 规范化\泸206H8\泸206H8 邻井压力监测\泸206H8-5-12段压裂施工-1、2、3、4、6、7、8井秒点压力监测.xls,导出数据,5,施工井自身压力通道,
E:\压裂窜扰项目\02 规范化\泸206H8\泸206H8 邻井压力监测\泸206H8-5-13段压裂施工-1、2、3、4、6、7、8井分点压力监测.xls,导出数据,5,施工井自身压力通道,
E:\压裂窜扰项目\02 规范化\泸206H8\泸206H8 邻井压力监测\泸206H8-5-13段压裂施工-1、2、3、4、6、7、8井秒点压力监测.xls,导出数据,5,施工井自身压力通道,
E:\压裂窜扰项目\02 规范化\泸206H8\泸206H8 邻井压力监测\泸206H8-5-14段压裂施工-1、2、3、4、6、7、8井分点压力监测.xls,导出数据,5,施工井自身压力通道,
E:\压裂窜扰项目\02 规范化\泸206H8\泸206H8 邻井压力监测\泸206H8-5-14段压裂施工-1、2、3、4、6、7、8井秒点压力监测.xls,导出数据,5,施工井自身压力通道,
E:\压裂窜扰项目\02 规范化\泸206H8\泸206H8 邻井压力监测\泸206H8-5-3段压裂施工-1、2、3、4、6、7、8井分点压力监测.xls,导出数据,5,施工井自身压力通道,
E:\压裂窜扰项目\02 规范化\泸206H8\泸206H8 邻井压力监测\泸206H8-5-3段压裂施工-1、2、3、4、6、7、8井秒点压力监测.xls,导出数据,5,施工井自身压力通道,
E:\压裂窜扰项目\02 规范化\泸206H8\泸206H8 邻井压力监测\泸206H8-5-4段压裂施工-1、2、3、4、6、7、8井分点压力监测.xls,导出数据,5,施工井自身压力通道,
E:\压裂窜扰项目\02 规范化\泸206H8\泸206H8 邻井压力监测\泸206H8-5-4段压裂施工-1、2、3、4、6、7、8井秒点压力监测.xls,导出数据,5,施工井自身压力通道,
E:\压裂窜扰项目\02 规范化\泸206H8\泸206H8 邻井压力监测\泸206H8-5-5段压裂施工-1、2、3、4、6、7、8井分点压力监测.xls,导出数据,5,施工井自身压力通道,
E:\压裂窜扰项目\02 规范化\泸206H8\泸206H8 邻井压力监测\泸206H8-5-5段压裂施工-1、2、3、4、6、7、8井秒点压力监测.xls,导出数据,5,施工井自身压力通道,
E:\压裂窜扰项目\02 规范化\泸206H8\泸206H8 邻井压力监测\泸206H8-5-6段压裂施工-1、2、3、4、6、7、8井分点压力监测.xls,导出数据,5,施工井自身压力通道,
E:\压裂窜扰项目\02 规范化\泸206H8\泸206H8 邻井压力监测\泸206H8-5-6段压裂施工-1、2、3、4、6、7、8井秒点压力监测.xls,导出数据,5,施工井自身压力通道,
E:\压裂窜扰项目\02 规范化\泸206H8\泸206H8 邻井压力监测\泸206H8-5-7段压裂施工-1、2、3、4、6、7、8井秒点压力监测.xls,导出数据,5,施工井自身压力通道,
E:\压裂窜扰项目\02 规范化\泸206H8\泸206H8 邻井压力监测\泸206H8-5-7段压裂施工-1、2、4、6、7、8井分点压力监测.xls,导出数据,5,施工井自身压力通道,
E:\压裂窜扰项目\02 规范化\泸206H8\泸206H8 邻井压力监测\泸206H8_邻井压力数据_2.3井分点.xls,导出数据,3,无可唯一匹配施工事件,/
E:\压裂窜扰项目\02 规范化\泸206H8\泸206H8 邻井压力监测\泸206H8_邻井压力数据_2.3井分点.xls,导出数据,2,无可唯一匹配施工事件,/
E:\压裂窜扰项目\02 规范化\泸206H8\泸206H8 邻井压力监测\泸206H8_邻井压力数据_2.3井秒点.xls,导出数据,3,无可唯一匹配施工事件,/
E:\压裂窜扰项目\02 规范化\泸206H8\泸206H8 邻井压力监测\泸206H8_邻井压力数据_2.3井秒点.xls,导出数据,2,无可唯一匹配施工事件,/
E:\压裂窜扰项目\02 规范化\泸206H8\泸206H8 邻井压力监测\泸206H8_邻井压力数据_6.14号7平台压力监测.xlsx,Sheet1,1,无可唯一匹配施工事件,/
E:\压裂窜扰项目\02 规范化\泸206H8\泸206H8 邻井压力监测\泸206H8_邻井压力数据_7平台压力监测6.16.xlsx,分钟,1,无可唯一匹配施工事件,/
E:\压裂窜扰项目\02 规范化\泸206H8\泸206H8 邻井压力监测\泸206H8_邻井压力数据_7平台压力监测6.16.xlsx,分钟,2,无可唯一匹配施工事件,/
E:\压裂窜扰项目\02 规范化\泸206H8\泸206H8 邻井压力监测\泸206H8_邻井压力数据_7平台压力监测6.16.xlsx,秒点,1,无可唯一匹配施工事件,/
E:\压裂窜扰项目\02 规范化\泸206H8\泸206H8 邻井压力监测\泸206H8_邻井压力数据_7平台压力监测6.16.xlsx,秒点,2,无可唯一匹配施工事件,/
E:\压裂窜扰项目\02 规范化\泸206H8\泸206H8 邻井压力监测\泸206H8_邻井压力数据_分钟压力监测6.14.xlsx,Sheet1,1,无可唯一匹配施工事件,/
E:\压裂窜扰项目\02 规范化\泸208H1\泸208H1 邻井压力监测\泸208H1-2井.xlsx,,,未解析出压力通道,[]
E:\压裂窜扰项目\02 规范化\泸208H1\泸208H1 邻井压力监测\泸208H1-3井.xlsx,,,未解析出压力通道,[]
E:\压裂窜扰项目\02 规范化\泸208H1\泸208H1 邻井压力监测\泸208H1-5井.xlsx,,,未解析出压力通道,[]
E:\压裂窜扰项目\02 规范化\泸208H2\泸208H2 邻井压力监测\泸208H2-10-22段压裂施工-9井压力监测.xlsx,10-22-9,9,无可唯一匹配施工事件,10/22
E:\压裂窜扰项目\02 规范化\泸208H2\泸208H2 邻井压力监测\泸208H2-10井-MATLAB.xlsx,10-22-9,9,无可唯一匹配施工事件,/
E:\压裂窜扰项目\02 规范化\泸208H2\泸208H2 邻井压力监测\泸208H2-7-5段压裂施工-6井压力监测.xlsx,7-5-6,6,多源同期施工_归因不唯一,9井3段
E:\压裂窜扰项目\02 规范化\泸208H2\泸208H2 邻井压力监测\泸208H2-7-5段压裂施工-8井压力监测.xlsx,7-5-8,8,多源同期施工_归因不唯一,9井3段
E:\压裂窜扰项目\02 规范化\泸208H2\泸208H2 邻井压力监测\泸208H2-7井-MATLAB.xlsx,7-5-6,6,多源同期施工_归因不唯一,9井3段
E:\压裂窜扰项目\02 规范化\泸208H2\泸208H2 邻井压力监测\泸208H2-7井-MATLAB.xlsx,7-5-8,8,多源同期施工_归因不唯一,9井3段
E:\压裂窜扰项目\02 规范化\泸208H2\泸208H2 邻井压力监测\泸208H2-9-3段压裂施工-10井压力监测.xlsx,9-3-10,10,多源同期施工_归因不唯一,7井5段
E:\压裂窜扰项目\02 规范化\泸208H2\泸208H2 邻井压力监测\泸208H2-9井-MATLAB.xlsx,9-3-10,10,多源同期施工_归因不唯一,7井5段
E:\压裂窜扰项目\02 规范化\阳101H25\阳101H25 邻井压力监测\邻井压力监测数据_6井第19段压裂期间5井套压秒点数据.csv,,,未解析出压力通道,[]
E:\压裂窜扰项目\02 规范化\阳101H25\阳101H25 邻井压力监测\阳101H25-2井4井压裂期间秒点.xlsx,阳101H25-2井4井压裂期间秒点,2,无可唯一匹配施工事件,/
E:\压裂窜扰项目\02 规范化\阳101H25\阳101H25 邻井压力监测\阳101H25_邻井压力监测数据_邻井压力监测数据_压窜模板1井.xlsx,1-20,1,无可唯一匹配施工事件,/
E:\压裂窜扰项目\02 规范化\阳101H25\阳101H25 邻井压力监测\阳101H25_邻井压力监测数据_邻井压力监测数据_压窜模板1井.xlsx,1-20,1,无可唯一匹配施工事件,/
E:\压裂窜扰项目\02 规范化\阳101H25\阳101H25 邻井压力监测\阳101H25_邻井压力监测数据_邻井压力监测数据_压窜模板1井.xlsx,1-20,1,无可唯一匹配施工事件,/
E:\压裂窜扰项目\02 规范化\阳101H25\阳101H25 邻井压力监测\阳101H25_邻井压力监测数据_邻井压力监测数据_压窜模板1井.xlsx,1-20,2,无可唯一匹配施工事件,/
E:\压裂窜扰项目\02 规范化\阳101H25\阳101H25 邻井压力监测\阳101H25_邻井压力监测数据_邻井压力监测数据_压窜模板1井.xlsx,1-20,3,无可唯一匹配施工事件,/
E:\压裂窜扰项目\02 规范化\阳101H25\阳101H25 邻井压力监测\阳101H25_邻井压力监测数据_邻井压力监测数据_压窜模板1井.xlsx,1-20,4,无可唯一匹配施工事件,/
E:\压裂窜扰项目\02 规范化\阳101H25\阳101H25 邻井压力监测\阳101H25_邻井压力监测数据_邻井压力监测数据_压窜模板1井.xlsx,1-20,1,无可唯一匹配施工事件,/
E:\压裂窜扰项目\02 规范化\阳101H25\阳101H25 邻井压力监测\阳101H25_邻井压力监测数据_邻井压力监测数据_压窜模板1井.xlsx,1-20,1,无可唯一匹配施工事件,/
E:\压裂窜扰项目\02 规范化\阳101H25\阳101H25 邻井压力监测\阳101H25_邻井压力监测数据_邻井压力监测数据_压窜模板1井.xlsx,1-21,1,无可唯一匹配施工事件,/
E:\压裂窜扰项目\02 规范化\阳101H25\阳101H25 邻井压力监测\阳101H25_邻井压力监测数据_邻井压力监测数据_压窜模板1井.xlsx,1-21,1,无可唯一匹配施工事件,/
E:\压裂窜扰项目\02 规范化\阳101H25\阳101H25 邻井压力监测\阳101H25_邻井压力监测数据_邻井压力监测数据_压窜模板1井.xlsx,1-21,1,无可唯一匹配施工事件,/
E:\压裂窜扰项目\02 规范化\阳101H25\阳101H25 邻井压力监测\阳101H25_邻井压力监测数据_邻井压力监测数据_压窜模板1井.xlsx,1-21,2,无可唯一匹配施工事件,/
E:\压裂窜扰项目\02 规范化\阳101H25\阳101H25 邻井压力监测\阳101H25_邻井压力监测数据_邻井压力监测数据_压窜模板1井.xlsx,1-21,3,无可唯一匹配施工事件,/
E:\压裂窜扰项目\02 规范化\阳101H25\阳101H25 邻井压力监测\阳101H25_邻井压力监测数据_邻井压力监测数据_压窜模板1井.xlsx,1-21,4,无可唯一匹配施工事件,/
E:\压裂窜扰项目\02 规范化\阳101H25\阳101H25 邻井压力监测\阳101H25_邻井压力监测数据_邻井压力监测数据_压窜模板1井.xlsx,1-21,1,无可唯一匹配施工事件,/
E:\压裂窜扰项目\02 规范化\阳101H25\阳101H25 邻井压力监测\阳101H25_邻井压力监测数据_邻井压力监测数据_压窜模板1井.xlsx,1-21,1,无可唯一匹配施工事件,/
E:\压裂窜扰项目\02 规范化\阳101H25\阳101H25 邻井压力监测\阳101H25_邻井压力监测数据_邻井压力监测数据_压窜模板1井.xlsx,1-23,1,无可唯一匹配施工事件,/
E:\压裂窜扰项目\02 规范化\阳101H25\阳101H25 邻井压力监测\阳101H25_邻井压力监测数据_邻井压力监测数据_压窜模板1井.xlsx,1-23,1,无可唯一匹配施工事件,/
E:\压裂窜扰项目\02 规范化\阳101H25\阳101H25 邻井压力监测\阳101H25_邻井压力监测数据_邻井压力监测数据_压窜模板1井.xlsx,1-23,1,无可唯一匹配施工事件,/
E:\压裂窜扰项目\02 规范化\阳101H25\阳101H25 邻井压力监测\阳101H25_邻井压力监测数据_邻井压力监测数据_压窜模板1井.xlsx,1-23,2,无可唯一匹配施工事件,/
E:\压裂窜扰项目\02 规范化\阳101H25\阳101H25 邻井压力监测\阳101H25_邻井压力监测数据_邻井压力监测数据_压窜模板1井.xlsx,1-23,3,无可唯一匹配施工事件,/
E:\压裂窜扰项目\02 规范化\阳101H25\阳101H25 邻井压力监测\阳101H25_邻井压力监测数据_邻井压力监测数据_压窜模板1井.xlsx,1-23,4,无可唯一匹配施工事件,/
E:\压裂窜扰项目\02 规范化\阳101H25\阳101H25 邻井压力监测\阳101H25_邻井压力监测数据_邻井压力监测数据_压窜模板1井.xlsx,1-23,1,无可唯一匹配施工事件,/
E:\压裂窜扰项目\02 规范化\阳101H25\阳101H25 邻井压力监测\阳101H25_邻井压力监测数据_邻井压力监测数据_压窜模板1井.xlsx,1-23,1,无可唯一匹配施工事件,/
E:\压裂窜扰项目\02 规范化\阳101H25\阳101H25 邻井压力监测\阳101H25_邻井压力监测数据_邻井压力监测数据_压窜模板1井.xlsx,1-24,1,无可唯一匹配施工事件,/
E:\压裂窜扰项目\02 规范化\阳101H25\阳101H25 邻井压力监测\阳101H25_邻井压力监测数据_邻井压力监测数据_压窜模板1井.xlsx,1-24,1,无可唯一匹配施工事件,/
E:\压裂窜扰项目\02 规范化\阳101H25\阳101H25 邻井压力监测\阳101H25_邻井压力监测数据_邻井压力监测数据_压窜模板1井.xlsx,1-24,1,无可唯一匹配施工事件,/
E:\压裂窜扰项目\02 规范化\阳101H25\阳101H25 邻井压力监测\阳101H25_邻井压力监测数据_邻井压力监测数据_压窜模板1井.xlsx,1-24,2,无可唯一匹配施工事件,/
E:\压裂窜扰项目\02 规范化\阳101H25\阳101H25 邻井压力监测\阳101H25_邻井压力监测数据_邻井压力监测数据_压窜模板1井.xlsx,1-24,3,无可唯一匹配施工事件,/
E:\压裂窜扰项目\02 规范化\阳101H25\阳101H25 邻井压力监测\阳101H25_邻井压力监测数据_邻井压力监测数据_压窜模板1井.xlsx,1-24,4,无可唯一匹配施工事件,/
E:\压裂窜扰项目\02 规范化\阳101H25\阳101H25 邻井压力监测\阳101H25_邻井压力监测数据_邻井压力监测数据_压窜模板1井.xlsx,1-24,1,无可唯一匹配施工事件,/
E:\压裂窜扰项目\02 规范化\阳101H25\阳101H25 邻井压力监测\阳101H25_邻井压力监测数据_邻井压力监测数据_压窜模板1井.xlsx,1-24,1,无可唯一匹配施工事件,/
E:\压裂窜扰项目\02 规范化\阳101H25\阳101H25 邻井压力监测\阳101H25_邻井压力监测数据_邻井压力监测数据_压窜模板1井.xlsx,1-25,1,无可唯一匹配施工事件,/
E:\压裂窜扰项目\02 规范化\阳101H25\阳101H25 邻井压力监测\阳101H25_邻井压力监测数据_邻井压力监测数据_压窜模板1井.xlsx,1-25,1,无可唯一匹配施工事件,/
E:\压裂窜扰项目\02 规范化\阳101H25\阳101H25 邻井压力监测\阳101H25_邻井压力监测数据_邻井压力监测数据_压窜模板1井.xlsx,1-25,1,无可唯一匹配施工事件,/
E:\压裂窜扰项目\02 规范化\阳101H25\阳101H25 邻井压力监测\阳101H25_邻井压力监测数据_邻井压力监测数据_压窜模板1井.xlsx,1-25,2,无可唯一匹配施工事件,/
E:\压裂窜扰项目\02 规范化\阳101H25\阳101H25 邻井压力监测\阳101H25_邻井压力监测数据_邻井压力监测数据_压窜模板1井.xlsx,1-25,3,无可唯一匹配施工事件,/
E:\压裂窜扰项目\02 规范化\阳101H25\阳101H25 邻井压力监测\阳101H25_邻井压力监测数据_邻井压力监测数据_压窜模板1井.xlsx,1-25,4,无可唯一匹配施工事件,/
E:\压裂窜扰项目\02 规范化\阳101H25\阳101H25 邻井压力监测\阳101H25_邻井压力监测数据_邻井压力监测数据_压窜模板1井.xlsx,1-25,1,无可唯一匹配施工事件,/
E:\压裂窜扰项目\02 规范化\阳101H25\阳101H25 邻井压力监测\阳101H25_邻井压力监测数据_邻井压力监测数据_压窜模板1井.xlsx,1-25,1,无可唯一匹配施工事件,/
E:\压裂窜扰项目\02 规范化\阳101H25\阳101H25 邻井压力监测\阳101H25_邻井压力监测数据_邻井压力监测数据_压窜模板1井.xlsx,1-26,1,无可唯一匹配施工事件,/
E:\压裂窜扰项目\02 规范化\阳101H25\阳101H25 邻井压力监测\阳101H25_邻井压力监测数据_邻井压力监测数据_压窜模板1井.xlsx,1-26,1,无可唯一匹配施工事件,/
E:\压裂窜扰项目\02 规范化\阳101H25\阳101H25 邻井压力监测\阳101H25_邻井压力监测数据_邻井压力监测数据_压窜模板1井.xlsx,1-26,1,无可唯一匹配施工事件,/
E:\压裂窜扰项目\02 规范化\阳101H25\阳101H25 邻井压力监测\阳101H25_邻井压力监测数据_邻井压力监测数据_压窜模板1井.xlsx,1-26,2,无可唯一匹配施工事件,/
E:\压裂窜扰项目\02 规范化\阳101H25\阳101H25 邻井压力监测\阳101H25_邻井压力监测数据_邻井压力监测数据_压窜模板1井.xlsx,1-26,3,无可唯一匹配施工事件,/
E:\压裂窜扰项目\02 规范化\阳101H25\阳101H25 邻井压力监测\阳101H25_邻井压力监测数据_邻井压力监测数据_压窜模板1井.xlsx,1-26,4,无可唯一匹配施工事件,/
E:\压裂窜扰项目\02 规范化\阳101H25\阳101H25 邻井压力监测\阳101H25_邻井压力监测数据_邻井压力监测数据_压窜模板1井.xlsx,1-26,1,无可唯一匹配施工事件,/
E:\压裂窜扰项目\02 规范化\阳101H25\阳101H25 邻井压力监测\阳101H25_邻井压力监测数据_邻井压力监测数据_压窜模板1井.xlsx,1-26,1,无可唯一匹配施工事件,/
E:\压裂窜扰项目\02 规范化\阳101H25\阳101H25 邻井压力监测\阳101H25_邻井压力监测数据_邻井压力监测数据_压窜模板1井.xlsx,1-27,1,无可唯一匹配施工事件,/
E:\压裂窜扰项目\02 规范化\阳101H25\阳101H25 邻井压力监测\阳101H25_邻井压力监测数据_邻井压力监测数据_压窜模板1井.xlsx,1-27,1,无可唯一匹配施工事件,/
E:\压裂窜扰项目\02 规范化\阳101H25\阳101H25 邻井压力监测\阳101H25_邻井压力监测数据_邻井压力监测数据_压窜模板1井.xlsx,1-27,1,无可唯一匹配施工事件,/
E:\压裂窜扰项目\02 规范化\阳101H25\阳101H25 邻井压力监测\阳101H25_邻井压力监测数据_邻井压力监测数据_压窜模板1井.xlsx,1-27,2,无可唯一匹配施工事件,/
E:\压裂窜扰项目\02 规范化\阳101H25\阳101H25 邻井压力监测\阳101H25_邻井压力监测数据_邻井压力监测数据_压窜模板1井.xlsx,1-27,3,无可唯一匹配施工事件,/
E:\压裂窜扰项目\02 规范化\阳101H25\阳101H25 邻井压力监测\阳101H25_邻井压力监测数据_邻井压力监测数据_压窜模板1井.xlsx,1-27,4,无可唯一匹配施工事件,/
E:\压裂窜扰项目\02 规范化\阳101H25\阳101H25 邻井压力监测\阳101H25_邻井压力监测数据_邻井压力监测数据_压窜模板1井.xlsx,1-27,1,无可唯一匹配施工事件,/
E:\压裂窜扰项目\02 规范化\阳101H25\阳101H25 邻井压力监测\阳101H25_邻井压力监测数据_邻井压力监测数据_压窜模板1井.xlsx,1-27,1,无可唯一匹配施工事件,/
E:\压裂窜扰项目\02 规范化\阳101H25\阳101H25 邻井压力监测\阳101H25_邻井压力监测数据_邻井压力监测数据_压窜模板1井.xlsx,1-28,1,无可唯一匹配施工事件,/
E:\压裂窜扰项目\02 规范化\阳101H25\阳101H25 邻井压力监测\阳101H25_邻井压力监测数据_邻井压力监测数据_压窜模板1井.xlsx,1-28,1,无可唯一匹配施工事件,/
E:\压裂窜扰项目\02 规范化\阳101H25\阳101H25 邻井压力监测\阳101H25_邻井压力监测数据_邻井压力监测数据_压窜模板1井.xlsx,1-28,1,无可唯一匹配施工事件,/
E:\压裂窜扰项目\02 规范化\阳101H25\阳101H25 邻井压力监测\阳101H25_邻井压力监测数据_邻井压力监测数据_压窜模板1井.xlsx,1-28,2,无可唯一匹配施工事件,/
E:\压裂窜扰项目\02 规范化\阳101H25\阳101H25 邻井压力监测\阳101H25_邻井压力监测数据_邻井压力监测数据_压窜模板1井.xlsx,1-28,3,无可唯一匹配施工事件,/
E:\压裂窜扰项目\02 规范化\阳101H25\阳101H25 邻井压力监测\阳101H25_邻井压力监测数据_邻井压力监测数据_压窜模板1井.xlsx,1-28,4,无可唯一匹配施工事件,/
E:\压裂窜扰项目\02 规范化\阳101H25\阳101H25 邻井压力监测\阳101H25_邻井压力监测数据_邻井压力监测数据_压窜模板1井.xlsx,1-28,1,无可唯一匹配施工事件,/
E:\压裂窜扰项目\02 规范化\阳101H25\阳101H25 邻井压力监测\阳101H25_邻井压力监测数据_邻井压力监测数据_压窜模板1井.xlsx,1-28,1,无可唯一匹配施工事件,/
E:\压裂窜扰项目\02 规范化\阳101H25\阳101H25 邻井压力监测\阳101H25_邻井压力监测数据_邻井压力监测数据_压窜模板1井.xlsx,1-28 (2),8,无可唯一匹配施工事件,/
E:\压裂窜扰项目\02 规范化\阳101H25\阳101H25 邻井压力监测\阳101H25_邻井压力监测数据_邻井压力监测数据_压窜模板1井.xlsx,1-28 (2),8,无可唯一匹配施工事件,/
E:\压裂窜扰项目\02 规范化\阳101H25\阳101H25 邻井压力监测\阳101H25_邻井压力监测数据_邻井压力监测数据_压窜模板1井.xlsx,1-28 (2),8,无可唯一匹配施工事件,/
E:\压裂窜扰项目\02 规范化\阳101H25\阳101H25 邻井压力监测\阳101H25_邻井压力监测数据_邻井压力监测数据_压窜模板1井.xlsx,1-28 (2),2,无可唯一匹配施工事件,/
E:\压裂窜扰项目\02 规范化\阳101H25\阳101H25 邻井压力监测\阳101H25_邻井压力监测数据_邻井压力监测数据_压窜模板1井.xlsx,1-28 (2),8,无可唯一匹配施工事件,/
E:\压裂窜扰项目\02 规范化\阳101H25\阳101H25 邻井压力监测\阳101H25_邻井压力监测数据_邻井压力监测数据_压窜模板1井.xlsx,1-28 (2),8,无可唯一匹配施工事件,/
E:\压裂窜扰项目\02 规范化\阳101H25\阳101H25 邻井压力监测\阳101H25_邻井压力监测数据_邻井压力监测数据_压窜模板1井.xlsx,1-28 (3),5,无可唯一匹配施工事件,/
E:\压裂窜扰项目\02 规范化\阳101H25\阳101H25 邻井压力监测\阳101H25_邻井压力监测数据_邻井压力监测数据_压窜模板1井.xlsx,1-28 (3),8,无可唯一匹配施工事件,/
E:\压裂窜扰项目\02 规范化\阳101H25\阳101H25 邻井压力监测\阳101H25_邻井压力监测数据_邻井压力监测数据_压窜模板1井.xlsx,1-28 (3),8,无可唯一匹配施工事件,/
E:\压裂窜扰项目\02 规范化\阳101H25\阳101H25 邻井压力监测\阳101H25_邻井压力监测数据_邻井压力监测数据_压窜模板1井.xlsx,1-28 (3),2,无可唯一匹配施工事件,/
E:\压裂窜扰项目\02 规范化\阳101H25\阳101H25 邻井压力监测\阳101H25_邻井压力监测数据_邻井压力监测数据_压窜模板1井.xlsx,1-28 (3),5,无可唯一匹配施工事件,/
E:\压裂窜扰项目\02 规范化\阳101H25\阳101H25 邻井压力监测\阳101H25_邻井压力监测数据_邻井压力监测数据_压窜模板1井.xlsx,1-28 (3),5,无可唯一匹配施工事件,/
E:\压裂窜扰项目\02 规范化\阳101H31\阳101H31 邻井压力监测\1井_10_6日10点41至18点59分点数据(1).xls,text,2,无可唯一匹配施工事件,1/10
E:\压裂窜扰项目\02 规范化\阳101H31\阳101H31 邻井压力监测\1井_10_6日10点41至18点59分点数据(1).xls,text,3,无可唯一匹配施工事件,1/10
E:\压裂窜扰项目\02 规范化\阳101H31\阳101H31 邻井压力监测\1井_10_6日10点41至18点59秒点数据(1).xls,text,2,无可唯一匹配施工事件,1/10
E:\压裂窜扰项目\02 规范化\阳101H31\阳101H31 邻井压力监测\1井_10_6日10点41至18点59秒点数据(1).xls,text,3,无可唯一匹配施工事件,1/10
E:\压裂窜扰项目\02 规范化\阳101H31\阳101H31 邻井压力监测\1井_11_2025.5.7分点.xls,text,2,无可唯一匹配施工事件,1/11
E:\压裂窜扰项目\02 规范化\阳101H31\阳101H31 邻井压力监测\1井_11_2025.5.7分点.xls,text,3,无可唯一匹配施工事件,1/11
E:\压裂窜扰项目\02 规范化\阳101H31\阳101H31 邻井压力监测\1井_11_2025.5.7秒点.xls,text,2,无可唯一匹配施工事件,1/11
E:\压裂窜扰项目\02 规范化\阳101H31\阳101H31 邻井压力监测\1井_11_2025.5.7秒点.xls,text,3,无可唯一匹配施工事件,1/11
E:\压裂窜扰项目\02 规范化\阳101H31\阳101H31 邻井压力监测\1井_12_2025.5.8分点.xls,text,2,无可唯一匹配施工事件,1/12
E:\压裂窜扰项目\02 规范化\阳101H31\阳101H31 邻井压力监测\1井_12_2025.5.8分点.xls,text,3,无可唯一匹配施工事件,1/12
E:\压裂窜扰项目\02 规范化\阳101H31\阳101H31 邻井压力监测\1井_12_2025.5.8秒点.xls,text,2,无可唯一匹配施工事件,1/12
E:\压裂窜扰项目\02 规范化\阳101H31\阳101H31 邻井压力监测\1井_12_2025.5.8秒点.xls,text,3,无可唯一匹配施工事件,1/12
E:\压裂窜扰项目\02 规范化\阳101H31\阳101H31 邻井压力监测\1井_13_2025.5.9分点.xls,text,2,无可唯一匹配施工事件,1/13
E:\压裂窜扰项目\02 规范化\阳101H31\阳101H31 邻井压力监测\1井_13_2025.5.9分点.xls,text,3,无可唯一匹配施工事件,1/13
E:\压裂窜扰项目\02 规范化\阳101H31\阳101H31 邻井压力监测\1井_13_2025.5.9秒点.xls,text,2,无可唯一匹配施工事件,1/13
E:\压裂窜扰项目\02 规范化\阳101H31\阳101H31 邻井压力监测\1井_13_2025.5.9秒点.xls,text,3,无可唯一匹配施工事件,1/13
E:\压裂窜扰项目\02 规范化\阳101H31\阳101H31 邻井压力监测\1井_14_二井和三井分点数据11.xls,text,2,无可唯一匹配施工事件,1/14
E:\压裂窜扰项目\02 规范化\阳101H31\阳101H31 邻井压力监测\1井_14_二井和三井分点数据11.xls,text,3,无可唯一匹配施工事件,1/14
E:\压裂窜扰项目\02 规范化\阳101H31\阳101H31 邻井压力监测\1井_14_二井和三井秒点数据11.xls,text,2,无可唯一匹配施工事件,1/14
E:\压裂窜扰项目\02 规范化\阳101H31\阳101H31 邻井压力监测\1井_14_二井和三井秒点数据11.xls,text,3,无可唯一匹配施工事件,1/14
E:\压裂窜扰项目\02 规范化\阳101H31\阳101H31 邻井压力监测\1井_15_2025.5.12分点.xls,text,2,无可唯一匹配施工事件,1/15
E:\压裂窜扰项目\02 规范化\阳101H31\阳101H31 邻井压力监测\1井_15_2025.5.12分点.xls,text,3,无可唯一匹配施工事件,1/15
E:\压裂窜扰项目\02 规范化\阳101H31\阳101H31 邻井压力监测\1井_15_2025.5.12秒点.xls,text,2,无可唯一匹配施工事件,1/15
E:\压裂窜扰项目\02 规范化\阳101H31\阳101H31 邻井压力监测\1井_15_2025.5.12秒点.xls,text,3,无可唯一匹配施工事件,1/15
E:\压裂窜扰项目\02 规范化\阳101H31\阳101H31 邻井压力监测\1井_16_2025.5.13分点.xls,text,2,无可唯一匹配施工事件,1/16
E:\压裂窜扰项目\02 规范化\阳101H31\阳101H31 邻井压力监测\1井_16_2025.5.13分点.xls,text,3,无可唯一匹配施工事件,1/16
E:\压裂窜扰项目\02 规范化\阳101H31\阳101H31 邻井压力监测\1井_16_2025.5.13秒点.xls,text,2,无可唯一匹配施工事件,1/16
E:\压裂窜扰项目\02 规范化\阳101H31\阳101H31 邻井压力监测\1井_16_2025.5.13秒点.xls,text,3,无可唯一匹配施工事件,1/16
E:\压裂窜扰项目\02 规范化\阳101H31\阳101H31 邻井压力监测\1井_17_2025.5.14分点.xls,text,2,无可唯一匹配施工事件,1/17
E:\压裂窜扰项目\02 规范化\阳101H31\阳101H31 邻井压力监测\1井_17_2025.5.14分点.xls,text,3,无可唯一匹配施工事件,1/17
E:\压裂窜扰项目\02 规范化\阳101H31\阳101H31 邻井压力监测\1井_17_2025.5.14秒点.xls,text,2,无可唯一匹配施工事件,1/17
E:\压裂窜扰项目\02 规范化\阳101H31\阳101H31 邻井压力监测\1井_17_2025.5.14秒点.xls,text,3,无可唯一匹配施工事件,1/17
E:\压裂窜扰项目\02 规范化\阳101H31\阳101H31 邻井压力监测\1井_18_2025.5.15分点.xls,text,2,无可唯一匹配施工事件,1/18
E:\压裂窜扰项目\02 规范化\阳101H31\阳101H31 邻井压力监测\1井_18_2025.5.15分点.xls,text,3,无可唯一匹配施工事件,1/18
E:\压裂窜扰项目\02 规范化\阳101H31\阳101H31 邻井压力监测\1井_18_2025.5.15秒点.xls,text,2,无可唯一匹配施工事件,1/18
E:\压裂窜扰项目\02 规范化\阳101H31\阳101H31 邻井压力监测\1井_18_2025.5.15秒点.xls,text,3,无可唯一匹配施工事件,1/18
E:\压裂窜扰项目\02 规范化\阳101H31\阳101H31 邻井压力监测\1井_19_分点.xls,text,2,无可唯一匹配施工事件,1/19
E:\压裂窜扰项目\02 规范化\阳101H31\阳101H31 邻井压力监测\1井_19_分点.xls,text,3,无可唯一匹配施工事件,1/19
E:\压裂窜扰项目\02 规范化\阳101H31\阳101H31 邻井压力监测\1井_19_秒点.xls,text,2,无可唯一匹配施工事件,1/19
E:\压裂窜扰项目\02 规范化\阳101H31\阳101H31 邻井压力监测\1井_19_秒点.xls,text,3,无可唯一匹配施工事件,1/19
E:\压裂窜扰项目\02 规范化\阳101H31\阳101H31 邻井压力监测\1井_20_分点(1).xls,text,2,无可唯一匹配施工事件,1/20
E:\压裂窜扰项目\02 规范化\阳101H31\阳101H31 邻井压力监测\1井_20_分点(1).xls,text,3,无可唯一匹配施工事件,1/20
E:\压裂窜扰项目\02 规范化\阳101H31\阳101H31 邻井压力监测\1井_20_秒点(1).xls,text,2,无可唯一匹配施工事件,1/20
E:\压裂窜扰项目\02 规范化\阳101H31\阳101H31 邻井压力监测\1井_20_秒点(1).xls,text,3,无可唯一匹配施工事件,1/20
E:\压裂窜扰项目\02 规范化\阳101H31\阳101H31 邻井压力监测\1井_2_2025.4.16分点数据.xls,text,2,无可唯一匹配施工事件,1/2
E:\压裂窜扰项目\02 规范化\阳101H31\阳101H31 邻井压力监测\1井_2_2025.4.16分点数据.xls,text,3,无可唯一匹配施工事件,1/2
E:\压裂窜扰项目\02 规范化\阳101H31\阳101H31 邻井压力监测\1井_2_2025.4.16秒点数据.xls,text,2,无可唯一匹配施工事件,1/2
E:\压裂窜扰项目\02 规范化\阳101H31\阳101H31 邻井压力监测\1井_2_2025.4.16秒点数据.xls,text,3,无可唯一匹配施工事件,1/2
E:\压裂窜扰项目\02 规范化\阳101H31\阳101H31 邻井压力监测\1井_3_2025.4.18分点.xls,text,2,无可唯一匹配施工事件,1/3
E:\压裂窜扰项目\02 规范化\阳101H31\阳101H31 邻井压力监测\1井_3_2025.4.18分点.xls,text,3,无可唯一匹配施工事件,1/3
E:\压裂窜扰项目\02 规范化\阳101H31\阳101H31 邻井压力监测\1井_3_2025.4.18秒点.xls,text,2,无可唯一匹配施工事件,1/3
E:\压裂窜扰项目\02 规范化\阳101H31\阳101H31 邻井压力监测\1井_3_2025.4.18秒点.xls,text,3,无可唯一匹配施工事件,1/3
E:\压裂窜扰项目\02 规范化\阳101H31\阳101H31 邻井压力监测\1井_4_2025年4月21日压裂期间分点数据.xls,text,2,无可唯一匹配施工事件,1/4
E:\压裂窜扰项目\02 规范化\阳101H31\阳101H31 邻井压力监测\1井_4_2025年4月21日压裂期间分点数据.xls,text,3,无可唯一匹配施工事件,1/4
E:\压裂窜扰项目\02 规范化\阳101H31\阳101H31 邻井压力监测\1井_4_2025年4月21日压裂秒点数据.xls,text,2,无可唯一匹配施工事件,1/4
E:\压裂窜扰项目\02 规范化\阳101H31\阳101H31 邻井压力监测\1井_4_2025年4月21日压裂秒点数据.xls,text,3,无可唯一匹配施工事件,1/4
E:\压裂窜扰项目\02 规范化\阳101H31\阳101H31 邻井压力监测\1井_5_2025年4月23日秒点数据.xls,text,2,无可唯一匹配施工事件,1/5
E:\压裂窜扰项目\02 规范化\阳101H31\阳101H31 邻井压力监测\1井_5_2025年4月23日秒点数据.xls,text,3,无可唯一匹配施工事件,1/5
E:\压裂窜扰项目\02 规范化\阳101H31\阳101H31 邻井压力监测\1井_6_2025.4.26分点.xls,text,2,无可唯一匹配施工事件,1/6
E:\压裂窜扰项目\02 规范化\阳101H31\阳101H31 邻井压力监测\1井_6_2025.4.26分点.xls,text,3,无可唯一匹配施工事件,1/6
E:\压裂窜扰项目\02 规范化\阳101H31\阳101H31 邻井压力监测\1井_6_2025.4.26秒点.xls,text,2,无可唯一匹配施工事件,1/6
E:\压裂窜扰项目\02 规范化\阳101H31\阳101H31 邻井压力监测\1井_6_2025.4.26秒点.xls,text,3,无可唯一匹配施工事件,1/6
E:\压裂窜扰项目\02 规范化\阳101H31\阳101H31 邻井压力监测\1井_8_12：07-17：00.xlsx,Sheet1,5,无可唯一匹配施工事件,1/8
E:\压裂窜扰项目\02 规范化\阳101H31\阳101H31 邻井压力监测\1井_8_2025.5.2秒点.xls,text,2,无可唯一匹配施工事件,1/8
E:\压裂窜扰项目\02 规范化\阳101H31\阳101H31 邻井压力监测\1井_8_2025.5.2秒点.xls,text,3,无可唯一匹配施工事件,1/8
E:\压裂窜扰项目\02 规范化\阳101H31\阳101H31 邻井压力监测\1井_9_2025.5.4秒点1.xls,text,2,无可唯一匹配施工事件,1/9
E:\压裂窜扰项目\02 规范化\阳101H31\阳101H31 邻井压力监测\1井_9_2025.5.4秒点1.xls,text,3,无可唯一匹配施工事件,1/9
E:\压裂窜扰项目\02 规范化\阳101H31\阳101H31 邻井压力监测\2井_10_2025.5.19分点.xls,text,3,无可唯一匹配施工事件,2/10
E:\压裂窜扰项目\02 规范化\阳101H31\阳101H31 邻井压力监测\2井_10_2025.5.19分点.xls,text,1,无可唯一匹配施工事件,2/10
E:\压裂窜扰项目\02 规范化\阳101H31\阳101H31 邻井压力监测\2井_11_2025.5.20分点.xls,text,3,无可唯一匹配施工事件,2/11
E:\压裂窜扰项目\02 规范化\阳101H31\阳101H31 邻井压力监测\2井_11_2025.5.20分点.xls,text,1,无可唯一匹配施工事件,2/11
E:\压裂窜扰项目\02 规范化\阳101H31\阳101H31 邻井压力监测\2井_12_2025.5.21分点.xls,text,3,无可唯一匹配施工事件,2/12
E:\压裂窜扰项目\02 规范化\阳101H31\阳101H31 邻井压力监测\2井_12_2025.5.21分点.xls,text,1,无可唯一匹配施工事件,2/12
E:\压裂窜扰项目\02 规范化\阳101H31\阳101H31 邻井压力监测\2井_13_2025.5.22分点.xls,text,3,无可唯一匹配施工事件,2/13
E:\压裂窜扰项目\02 规范化\阳101H31\阳101H31 邻井压力监测\2井_13_2025.5.22分点.xls,text,1,无可唯一匹配施工事件,2/13
E:\压裂窜扰项目\02 规范化\阳101H31\阳101H31 邻井压力监测\2井_14_2025.5.25分点.xls,text,3,无可唯一匹配施工事件,2/14
E:\压裂窜扰项目\02 规范化\阳101H31\阳101H31 邻井压力监测\2井_14_2025.5.25分点.xls,text,1,无可唯一匹配施工事件,2/14
E:\压裂窜扰项目\02 规范化\阳101H31\阳101H31 邻井压力监测\2井_15_2025.5.27分点.xls,text,3,无可唯一匹配施工事件,2/15
E:\压裂窜扰项目\02 规范化\阳101H31\阳101H31 邻井压力监测\2井_15_2025.5.27分点.xls,text,1,无可唯一匹配施工事件,2/15
E:\压裂窜扰项目\02 规范化\阳101H31\阳101H31 邻井压力监测\2井_16_2025.5.29分点.xls,text,3,无可唯一匹配施工事件,2/16
E:\压裂窜扰项目\02 规范化\阳101H31\阳101H31 邻井压力监测\2井_16_2025.5.29分点.xls,text,1,无可唯一匹配施工事件,2/16
E:\压裂窜扰项目\02 规范化\阳101H31\阳101H31 邻井压力监测\2井_18_2025.6.2分点.xls,text,3,无可唯一匹配施工事件,2/18
E:\压裂窜扰项目\02 规范化\阳101H31\阳101H31 邻井压力监测\2井_18_2025.6.2分点.xls,text,1,无可唯一匹配施工事件,2/18
E:\压裂窜扰项目\02 规范化\阳101H31\阳101H31 邻井压力监测\2井_19_2025.6.4分点.xls,text,3,无可唯一匹配施工事件,2/19
E:\压裂窜扰项目\02 规范化\阳101H31\阳101H31 邻井压力监测\2井_19_2025.6.4分点.xls,text,1,无可唯一匹配施工事件,2/19
E:\压裂窜扰项目\02 规范化\阳101H31\阳101H31 邻井压力监测\2井_1_1井、4井分点数据.xls,text,1,无可唯一匹配施工事件,2/1
E:\压裂窜扰项目\02 规范化\阳101H31\阳101H31 邻井压力监测\2井_1_1井、4井分点数据.xls,text,4,无可唯一匹配施工事件,2/1
E:\压裂窜扰项目\02 规范化\阳101H31\阳101H31 邻井压力监测\2井_1_1井、4井数据.xls,text,1,无可唯一匹配施工事件,2/1
E:\压裂窜扰项目\02 规范化\阳101H31\阳101H31 邻井压力监测\2井_1_1井、4井数据.xls,text,4,无可唯一匹配施工事件,2/1
E:\压裂窜扰项目\02 规范化\阳101H31\阳101H31 邻井压力监测\2井_1_1井分点20250411.xls,text,1,无可唯一匹配施工事件,2/1
E:\压裂窜扰项目\02 规范化\阳101H31\阳101H31 邻井压力监测\2井_1_1井秒点2025411.xls,text,1,无可唯一匹配施工事件,2/1
E:\压裂窜扰项目\02 规范化\阳101H31\阳101H31 邻井压力监测\2井_2025.4.14秒点.xls,text,3,无可唯一匹配施工事件,/
E:\压裂窜扰项目\02 规范化\阳101H31\阳101H31 邻井压力监测\2井_2025.4.14秒点.xls,text,1,无可唯一匹配施工事件,/
E:\压裂窜扰项目\02 规范化\阳101H31\阳101H31 邻井压力监测\2井_2025.4.15秒点数据.xls,text,3,无可唯一匹配施工事件,/
E:\压裂窜扰项目\02 规范化\阳101H31\阳101H31 邻井压力监测\2井_2025.4.15秒点数据.xls,text,1,无可唯一匹配施工事件,/
E:\压裂窜扰项目\02 规范化\阳101H31\阳101H31 邻井压力监测\2井_2025.4.25秒点1.xls,text,3,无可唯一匹配施工事件,/
E:\压裂窜扰项目\02 规范化\阳101H31\阳101H31 邻井压力监测\2井_2025.4.25秒点1.xls,text,1,无可唯一匹配施工事件,/
E:\压裂窜扰项目\02 规范化\阳101H31\阳101H31 邻井压力监测\2井_2025.4.27秒点.xls,text,3,无可唯一匹配施工事件,/
E:\压裂窜扰项目\02 规范化\阳101H31\阳101H31 邻井压力监测\2井_2025.4.27秒点.xls,text,1,无可唯一匹配施工事件,/
E:\压裂窜扰项目\02 规范化\阳101H31\阳101H31 邻井压力监测\2井_2025.4.28秒点.xls,text,3,无可唯一匹配施工事件,/
E:\压裂窜扰项目\02 规范化\阳101H31\阳101H31 邻井压力监测\2井_2025.4.28秒点.xls,text,1,无可唯一匹配施工事件,/
E:\压裂窜扰项目\02 规范化\阳101H31\阳101H31 邻井压力监测\2井_2025.4.29秒点(3).xls,text,3,无可唯一匹配施工事件,/
E:\压裂窜扰项目\02 规范化\阳101H31\阳101H31 邻井压力监测\2井_2025.4.29秒点(3).xls,text,1,无可唯一匹配施工事件,/
E:\压裂窜扰项目\02 规范化\阳101H31\阳101H31 邻井压力监测\2井_2025.4.29秒点.xls,text,3,无可唯一匹配施工事件,/
E:\压裂窜扰项目\02 规范化\阳101H31\阳101H31 邻井压力监测\2井_2025.4.29秒点.xls,text,1,无可唯一匹配施工事件,/
E:\压裂窜扰项目\02 规范化\阳101H31\阳101H31 邻井压力监测\2井_2025.5.19秒点.xls,text,3,无可唯一匹配施工事件,/
E:\压裂窜扰项目\02 规范化\阳101H31\阳101H31 邻井压力监测\2井_2025.5.19秒点.xls,text,1,无可唯一匹配施工事件,/
E:\压裂窜扰项目\02 规范化\阳101H31\阳101H31 邻井压力监测\2井_2025.5.20秒点.xls,text,3,无可唯一匹配施工事件,/
E:\压裂窜扰项目\02 规范化\阳101H31\阳101H31 邻井压力监测\2井_2025.5.20秒点.xls,text,1,无可唯一匹配施工事件,/
E:\压裂窜扰项目\02 规范化\阳101H31\阳101H31 邻井压力监测\2井_2025.5.21秒点数据.xls,text,3,无可唯一匹配施工事件,/
E:\压裂窜扰项目\02 规范化\阳101H31\阳101H31 邻井压力监测\2井_2025.5.21秒点数据.xls,text,1,无可唯一匹配施工事件,/
E:\压裂窜扰项目\02 规范化\阳101H31\阳101H31 邻井压力监测\2井_2025.5.22秒点.xls,text,3,无可唯一匹配施工事件,/
E:\压裂窜扰项目\02 规范化\阳101H31\阳101H31 邻井压力监测\2井_2025.5.22秒点.xls,text,1,无可唯一匹配施工事件,/
E:\压裂窜扰项目\02 规范化\阳101H31\阳101H31 邻井压力监测\2井_2025.5.25秒点.xls,text,3,无可唯一匹配施工事件,/
E:\压裂窜扰项目\02 规范化\阳101H31\阳101H31 邻井压力监测\2井_2025.5.25秒点.xls,text,1,无可唯一匹配施工事件,/
E:\压裂窜扰项目\02 规范化\阳101H31\阳101H31 邻井压力监测\2井_2025.5.27秒点.xls,text,3,无可唯一匹配施工事件,/
E:\压裂窜扰项目\02 规范化\阳101H31\阳101H31 邻井压力监测\2井_2025.5.27秒点.xls,text,1,无可唯一匹配施工事件,/
E:\压裂窜扰项目\02 规范化\阳101H31\阳101H31 邻井压力监测\2井_2025.5.29秒点.xls,text,3,无可唯一匹配施工事件,/
E:\压裂窜扰项目\02 规范化\阳101H31\阳101H31 邻井压力监测\2井_2025.5.29秒点.xls,text,1,无可唯一匹配施工事件,/
E:\压裂窜扰项目\02 规范化\阳101H31\阳101H31 邻井压力监测\2井_2025.6.10秒点.xls,text,3,无可唯一匹配施工事件,/
E:\压裂窜扰项目\02 规范化\阳101H31\阳101H31 邻井压力监测\2井_2025.6.10秒点.xls,text,1,无可唯一匹配施工事件,/
E:\压裂窜扰项目\02 规范化\阳101H31\阳101H31 邻井压力监测\2井_2025.6.11秒点.xls,text,3,无可唯一匹配施工事件,/
E:\压裂窜扰项目\02 规范化\阳101H31\阳101H31 邻井压力监测\2井_2025.6.11秒点.xls,text,1,无可唯一匹配施工事件,/
E:\压裂窜扰项目\02 规范化\阳101H31\阳101H31 邻井压力监测\2井_2025.6.2秒点.xls,text,3,无可唯一匹配施工事件,/
E:\压裂窜扰项目\02 规范化\阳101H31\阳101H31 邻井压力监测\2井_2025.6.2秒点.xls,text,1,无可唯一匹配施工事件,/
E:\压裂窜扰项目\02 规范化\阳101H31\阳101H31 邻井压力监测\2井_2025.6.4秒点.xls,text,3,无可唯一匹配施工事件,/
E:\压裂窜扰项目\02 规范化\阳101H31\阳101H31 邻井压力监测\2井_2025.6.4秒点.xls,text,1,无可唯一匹配施工事件,/
E:\压裂窜扰项目\02 规范化\阳101H31\阳101H31 邻井压力监测\2井_2025.6.5秒点.xls,text,3,无可唯一匹配施工事件,/
E:\压裂窜扰项目\02 规范化\阳101H31\阳101H31 邻井压力监测\2井_2025.6.5秒点.xls,text,1,无可唯一匹配施工事件,/
E:\压裂窜扰项目\02 规范化\阳101H31\阳101H31 邻井压力监测\2井_20_2025.6.5分点.xls,text,3,无可唯一匹配施工事件,2/20
E:\压裂窜扰项目\02 规范化\阳101H31\阳101H31 邻井压力监测\2井_20_2025.6.5分点.xls,text,1,无可唯一匹配施工事件,2/20
E:\压裂窜扰项目\02 规范化\阳101H31\阳101H31 邻井压力监测\2井_2_2025年4月12日分点.xls,text,3,无可唯一匹配施工事件,2/2
E:\压裂窜扰项目\02 规范化\阳101H31\阳101H31 邻井压力监测\2井_2_2025年4月12日分点.xls,text,1,无可唯一匹配施工事件,2/2
E:\压裂窜扰项目\02 规范化\阳101H31\阳101H31 邻井压力监测\2井_2_2025年4月12日秒点.xls,text,3,无可唯一匹配施工事件,2/2
E:\压裂窜扰项目\02 规范化\阳101H31\阳101H31 邻井压力监测\2井_2_2025年4月12日秒点.xls,text,1,无可唯一匹配施工事件,2/2
E:\压裂窜扰项目\02 规范化\阳101H31\阳101H31 邻井压力监测\2井_2_2025年4月13日分点.xls,text,3,无可唯一匹配施工事件,2/2
E:\压裂窜扰项目\02 规范化\阳101H31\阳101H31 邻井压力监测\2井_2_2025年4月13日分点.xls,text,1,无可唯一匹配施工事件,2/2
E:\压裂窜扰项目\02 规范化\阳101H31\阳101H31 邻井压力监测\2井_2_2025年4月13日秒点.xls,text,3,无可唯一匹配施工事件,2/2
E:\压裂窜扰项目\02 规范化\阳101H31\阳101H31 邻井压力监测\2井_2_2025年4月13日秒点.xls,text,1,无可唯一匹配施工事件,2/2
E:\压裂窜扰项目\02 规范化\阳101H31\阳101H31 邻井压力监测\2井_3_2025.4.14分点.xls,text,3,无可唯一匹配施工事件,2/3
E:\压裂窜扰项目\02 规范化\阳101H31\阳101H31 邻井压力监测\2井_3_2025.4.14分点.xls,text,1,无可唯一匹配施工事件,2/3
E:\压裂窜扰项目\02 规范化\阳101H31\阳101H31 邻井压力监测\2井_4_2025.4.15分点数据.xls,text,3,无可唯一匹配施工事件,2/4
E:\压裂窜扰项目\02 规范化\阳101H31\阳101H31 邻井压力监测\2井_4_2025.4.15分点数据.xls,text,1,无可唯一匹配施工事件,2/4
E:\压裂窜扰项目\02 规范化\阳101H31\阳101H31 邻井压力监测\2井_6_2025.4.25分点1.xls,text,3,无可唯一匹配施工事件,2/6
E:\压裂窜扰项目\02 规范化\阳101H31\阳101H31 邻井压力监测\2井_6_2025.4.25分点1.xls,text,1,无可唯一匹配施工事件,2/6
E:\压裂窜扰项目\02 规范化\阳101H31\阳101H31 邻井压力监测\2井_8_2025.4.28分点.xls,text,3,无可唯一匹配施工事件,2/8
E:\压裂窜扰项目\02 规范化\阳101H31\阳101H31 邻井压力监测\2井_8_2025.4.28分点.xls,text,1,无可唯一匹配施工事件,2/8
E:\压裂窜扰项目\02 规范化\阳101H31\阳101H31 邻井压力监测\3井_10_2025.6.3分点.xls,text,2,无可唯一匹配施工事件,3/10
E:\压裂窜扰项目\02 规范化\阳101H31\阳101H31 邻井压力监测\3井_10_2025.6.3分点.xls,text,1,无可唯一匹配施工事件,3/10
E:\压裂窜扰项目\02 规范化\阳101H31\阳101H31 邻井压力监测\3井_11_2025.6.6分点.xls,text,2,无可唯一匹配施工事件,3/11
E:\压裂窜扰项目\02 规范化\阳101H31\阳101H31 邻井压力监测\3井_11_2025.6.6分点.xls,text,1,无可唯一匹配施工事件,3/11
E:\压裂窜扰项目\02 规范化\阳101H31\阳101H31 邻井压力监测\3井_12_2025.6.7分点.xls,text,2,无可唯一匹配施工事件,3/12
E:\压裂窜扰项目\02 规范化\阳101H31\阳101H31 邻井压力监测\3井_12_2025.6.7分点.xls,text,1,无可唯一匹配施工事件,3/12
E:\压裂窜扰项目\02 规范化\阳101H31\阳101H31 邻井压力监测\3井_13_2025.6.8分点.xls,text,2,无可唯一匹配施工事件,3/13
E:\压裂窜扰项目\02 规范化\阳101H31\阳101H31 邻井压力监测\3井_13_2025.6.8分点.xls,text,1,无可唯一匹配施工事件,3/13
E:\压裂窜扰项目\02 规范化\阳101H31\阳101H31 邻井压力监测\3井_1_2025.4.17、1井分点.xls,text,1,无可唯一匹配施工事件,3/1
E:\压裂窜扰项目\02 规范化\阳101H31\阳101H31 邻井压力监测\3井_1_2025.4.17、1井秒点.xls,text,1,无可唯一匹配施工事件,3/1
E:\压裂窜扰项目\02 规范化\阳101H31\阳101H31 邻井压力监测\3井_2025.4.22秒点.xls,text,2,无可唯一匹配施工事件,/
E:\压裂窜扰项目\02 规范化\阳101H31\阳101H31 邻井压力监测\3井_2025.4.22秒点.xls,text,1,无可唯一匹配施工事件,/
E:\压裂窜扰项目\02 规范化\阳101H31\阳101H31 邻井压力监测\3井_2025.5.26秒点.xls,text,2,无可唯一匹配施工事件,/
E:\压裂窜扰项目\02 规范化\阳101H31\阳101H31 邻井压力监测\3井_2025.5.26秒点.xls,text,1,无可唯一匹配施工事件,/
E:\压裂窜扰项目\02 规范化\阳101H31\阳101H31 邻井压力监测\3井_2025.5.28秒点.xls,text,2,无可唯一匹配施工事件,/
E:\压裂窜扰项目\02 规范化\阳101H31\阳101H31 邻井压力监测\3井_2025.5.28秒点.xls,text,1,无可唯一匹配施工事件,/
E:\压裂窜扰项目\02 规范化\阳101H31\阳101H31 邻井压力监测\3井_2025.6.13秒点.xls,text,2,无可唯一匹配施工事件,/
E:\压裂窜扰项目\02 规范化\阳101H31\阳101H31 邻井压力监测\3井_2025.6.13秒点.xls,text,1,无可唯一匹配施工事件,/
E:\压裂窜扰项目\02 规范化\阳101H31\阳101H31 邻井压力监测\3井_2025.6.15秒点.xls,text,2,无可唯一匹配施工事件,/
E:\压裂窜扰项目\02 规范化\阳101H31\阳101H31 邻井压力监测\3井_2025.6.15秒点.xls,text,1,无可唯一匹配施工事件,/
E:\压裂窜扰项目\02 规范化\阳101H31\阳101H31 邻井压力监测\3井_2025.6.16秒点.xls,text,2,无可唯一匹配施工事件,/
E:\压裂窜扰项目\02 规范化\阳101H31\阳101H31 邻井压力监测\3井_2025.6.16秒点.xls,text,1,无可唯一匹配施工事件,/
E:\压裂窜扰项目\02 规范化\阳101H31\阳101H31 邻井压力监测\3井_2025.6.17秒点.xls,text,2,无可唯一匹配施工事件,/
E:\压裂窜扰项目\02 规范化\阳101H31\阳101H31 邻井压力监测\3井_2025.6.17秒点.xls,text,1,无可唯一匹配施工事件,/
E:\压裂窜扰项目\02 规范化\阳101H31\阳101H31 邻井压力监测\3井_2025.6.18秒点.xls,text,2,无可唯一匹配施工事件,/
E:\压裂窜扰项目\02 规范化\阳101H31\阳101H31 邻井压力监测\3井_2025.6.18秒点.xls,text,1,无可唯一匹配施工事件,/
E:\压裂窜扰项目\02 规范化\阳101H31\阳101H31 邻井压力监测\3井_2025.6.19秒点.xls,text,2,无可唯一匹配施工事件,/
E:\压裂窜扰项目\02 规范化\阳101H31\阳101H31 邻井压力监测\3井_2025.6.19秒点.xls,text,1,无可唯一匹配施工事件,/
E:\压裂窜扰项目\02 规范化\阳101H31\阳101H31 邻井压力监测\3井_2025.6.1秒点.xls,text,2,无可唯一匹配施工事件,/
E:\压裂窜扰项目\02 规范化\阳101H31\阳101H31 邻井压力监测\3井_2025.6.1秒点.xls,text,1,无可唯一匹配施工事件,/
E:\压裂窜扰项目\02 规范化\阳101H31\阳101H31 邻井压力监测\3井_2025.6.3秒点.xls,text,2,无可唯一匹配施工事件,/
E:\压裂窜扰项目\02 规范化\阳101H31\阳101H31 邻井压力监测\3井_2025.6.3秒点.xls,text,1,无可唯一匹配施工事件,/
E:\压裂窜扰项目\02 规范化\阳101H31\阳101H31 邻井压力监测\3井_2025.6.6秒点.xls,text,2,无可唯一匹配施工事件,/
E:\压裂窜扰项目\02 规范化\阳101H31\阳101H31 邻井压力监测\3井_2025.6.6秒点.xls,text,1,无可唯一匹配施工事件,/
E:\压裂窜扰项目\02 规范化\阳101H31\阳101H31 邻井压力监测\3井_2025.6.7秒点.xls,text,2,无可唯一匹配施工事件,/
E:\压裂窜扰项目\02 规范化\阳101H31\阳101H31 邻井压力监测\3井_2025.6.7秒点.xls,text,1,无可唯一匹配施工事件,/
E:\压裂窜扰项目\02 规范化\阳101H31\阳101H31 邻井压力监测\3井_2025.6.8秒点.xls,text,2,无可唯一匹配施工事件,/
E:\压裂窜扰项目\02 规范化\阳101H31\阳101H31 邻井压力监测\3井_2025.6.8秒点.xls,text,1,无可唯一匹配施工事件,/
E:\压裂窜扰项目\02 规范化\阳101H31\阳101H31 邻井压力监测\3井_2025.6.9秒点.xls,text,2,无可唯一匹配施工事件,/
E:\压裂窜扰项目\02 规范化\阳101H31\阳101H31 邻井压力监测\3井_2025.6.9秒点.xls,text,1,无可唯一匹配施工事件,/
E:\压裂窜扰项目\02 规范化\阳101H31\阳101H31 邻井压力监测\3井_2_2025.4.19分点.xls,text,2,无可唯一匹配施工事件,3/2
E:\压裂窜扰项目\02 规范化\阳101H31\阳101H31 邻井压力监测\3井_2_2025.4.19分点.xls,text,1,无可唯一匹配施工事件,3/2
E:\压裂窜扰项目\02 规范化\阳101H31\阳101H31 邻井压力监测\3井_2_2025.4.19秒点.xls,text,2,无可唯一匹配施工事件,3/2
E:\压裂窜扰项目\02 规范化\阳101H31\阳101H31 邻井压力监测\3井_2_2025.4.19秒点.xls,text,1,无可唯一匹配施工事件,3/2
E:\压裂窜扰项目\02 规范化\阳101H31\阳101H31 邻井压力监测\3井_3_2025.4.22分点.xls,text,2,无可唯一匹配施工事件,3/3
E:\压裂窜扰项目\02 规范化\阳101H31\阳101H31 邻井压力监测\3井_3_2025.4.22分点.xls,text,1,无可唯一匹配施工事件,3/3
E:\压裂窜扰项目\02 规范化\阳101H31\阳101H31 邻井压力监测\3井_4_5.23分点数据.xls,text,2,无可唯一匹配施工事件,3/4
E:\压裂窜扰项目\02 规范化\阳101H31\阳101H31 邻井压力监测\3井_4_5.23分点数据.xls,text,1,无可唯一匹配施工事件,3/4
E:\压裂窜扰项目\02 规范化\阳101H31\阳101H31 邻井压力监测\3井_4_5.23秒点数据.xls,text,1,无可唯一匹配施工事件,3/4
E:\压裂窜扰项目\02 规范化\阳101H31\阳101H31 邻井压力监测\3井_4_5.23秒点数据.xls,text,2,无可唯一匹配施工事件,3/4
E:\压裂窜扰项目\02 规范化\阳101H31\阳101H31 邻井压力监测\3井_5_5.24分点数据.xls,text,2,无可唯一匹配施工事件,3/5
E:\压裂窜扰项目\02 规范化\阳101H31\阳101H31 邻井压力监测\3井_5_5.24分点数据.xls,text,1,无可唯一匹配施工事件,3/5
E:\压裂窜扰项目\02 规范化\阳101H31\阳101H31 邻井压力监测\3井_5_5.24秒点数据.xls,text,2,无可唯一匹配施工事件,3/5
E:\压裂窜扰项目\02 规范化\阳101H31\阳101H31 邻井压力监测\3井_5_5.24秒点数据.xls,text,1,无可唯一匹配施工事件,3/5
E:\压裂窜扰项目\02 规范化\阳101H31\阳101H31 邻井压力监测\3井_6_2025.5.26.分点.xls,text,2,无可唯一匹配施工事件,3/6
E:\压裂窜扰项目\02 规范化\阳101H31\阳101H31 邻井压力监测\3井_6_2025.5.26.分点.xls,text,1,无可唯一匹配施工事件,3/6
E:\压裂窜扰项目\02 规范化\阳101H31\阳101H31 邻井压力监测\3井_7_2025.5.28分点.xls,text,2,无可唯一匹配施工事件,3/7
E:\压裂窜扰项目\02 规范化\阳101H31\阳101H31 邻井压力监测\3井_7_2025.5.28分点.xls,text,1,无可唯一匹配施工事件,3/7
E:\压裂窜扰项目\02 规范化\阳101H31\阳101H31 邻井压力监测\3井_8_分点(2).xls,text,2,无可唯一匹配施工事件,3/8
E:\压裂窜扰项目\02 规范化\阳101H31\阳101H31 邻井压力监测\3井_8_分点(2).xls,text,1,无可唯一匹配施工事件,3/8
E:\压裂窜扰项目\02 规范化\阳101H31\阳101H31 邻井压力监测\3井_8_秒点(2).xls,text,2,无可唯一匹配施工事件,3/8
E:\压裂窜扰项目\02 规范化\阳101H31\阳101H31 邻井压力监测\3井_8_秒点(2).xls,text,1,无可唯一匹配施工事件,3/8
E:\压裂窜扰项目\02 规范化\阳101H31\阳101H31 邻井压力监测\3井_9_2025.6.1分点.xls,text,2,无可唯一匹配施工事件,3/9
E:\压裂窜扰项目\02 规范化\阳101H31\阳101H31 邻井压力监测\3井_9_2025.6.1分点.xls,text,1,无可唯一匹配施工事件,3/9
E:\压裂窜扰项目\02 规范化\阳101H31\阳101H31 邻井压力监测\4井_4井第18段压裂期间567井套压秒点数据.xlsx,3666,5,无可唯一匹配施工事件,4/18
E:\压裂窜扰项目\02 规范化\阳101H31\阳101H31 邻井压力监测\4井_4井第18段压裂期间567井套压秒点数据.xlsx,3666,6,无可唯一匹配施工事件,4/18
E:\压裂窜扰项目\02 规范化\阳101H31\阳101H31 邻井压力监测\4井_4井第18段压裂期间567井套压秒点数据.xlsx,3666,7,无可唯一匹配施工事件,4/18
E:\压裂窜扰项目\02 规范化\阳101H31\阳101H31 邻井压力监测\4井_4井第19段压裂期间567井套压秒点数据.xlsx,666,7,无可唯一匹配施工事件,4/19
E:\压裂窜扰项目\02 规范化\阳101H31\阳101H31 邻井压力监测\4井_4井第19段压裂期间567井套压秒点数据.xlsx,666,5,无可唯一匹配施工事件,4/19
E:\压裂窜扰项目\02 规范化\阳101H31\阳101H31 邻井压力监测\4井_4井第19段压裂期间567井套压秒点数据.xlsx,666,6,无可唯一匹配施工事件,4/19
E:\压裂窜扰项目\02 规范化\阳101H31\阳101H31 邻井压力监测\4井_4井第20段压裂施工期间57井套压秒点数据.xlsx,4井第20段压裂施工期间57井套压秒点数据,7,无可唯一匹配施工事件,4/20
E:\压裂窜扰项目\02 规范化\阳101H31\阳101H31 邻井压力监测\4井_4井第20段压裂施工期间57井套压秒点数据.xlsx,4井第20段压裂施工期间57井套压秒点数据,5,无可唯一匹配施工事件,4/20
E:\压裂窜扰项目\02 规范化\阳101H31\阳101H31 邻井压力监测\4井_4井第21段压裂期间567井套压秒点数据.xlsx,4井第21段压裂期间567井套压秒点数据,7,无可唯一匹配施工事件,4/21
E:\压裂窜扰项目\02 规范化\阳101H31\阳101H31 邻井压力监测\4井_4井第21段压裂期间567井套压秒点数据.xlsx,4井第21段压裂期间567井套压秒点数据,5,无可唯一匹配施工事件,4/21
E:\压裂窜扰项目\02 规范化\阳101H31\阳101H31 邻井压力监测\4井_4井第21段压裂期间567井套压秒点数据.xlsx,4井第21段压裂期间567井套压秒点数据,6,无可唯一匹配施工事件,4/21
E:\压裂窜扰项目\02 规范化\阳101H31\阳101H31 邻井压力监测\4井_4井第22段压裂期间6井套压秒点数据.xlsx,4井第22段压裂期间6井套压秒点数据,6,无可唯一匹配施工事件,4/22
E:\压裂窜扰项目\02 规范化\阳101H31\阳101H31 邻井压力监测\4井_4井第23段压裂期间567井套压秒点数据.xlsx,100,7,无可唯一匹配施工事件,4/23
E:\压裂窜扰项目\02 规范化\阳101H31\阳101H31 邻井压力监测\4井_4井第23段压裂期间567井套压秒点数据.xlsx,100,5,无可唯一匹配施工事件,4/23
E:\压裂窜扰项目\02 规范化\阳101H31\阳101H31 邻井压力监测\4井_4井第23段压裂期间567井套压秒点数据.xlsx,100,6,无可唯一匹配施工事件,4/23
E:\压裂窜扰项目\02 规范化\阳101H31\阳101H31 邻井压力监测\5井_5井第10段压裂期间467井套压秒点数据.xlsx,56565,7,无可唯一匹配施工事件,5/10
E:\压裂窜扰项目\02 规范化\阳101H31\阳101H31 邻井压力监测\5井_5井第10段压裂期间467井套压秒点数据.xlsx,56565,6,无可唯一匹配施工事件,5/10
E:\压裂窜扰项目\02 规范化\阳101H31\阳101H31 邻井压力监测\5井_5井第10段压裂期间467井套压秒点数据.xlsx,56565,4,无可唯一匹配施工事件,5/10
E:\压裂窜扰项目\02 规范化\阳101H31\阳101H31 邻井压力监测\5井_5井第11段压裂期间 467井套压秒点数据.xlsx,333,6,无可唯一匹配施工事件,5/11
E:\压裂窜扰项目\02 规范化\阳101H31\阳101H31 邻井压力监测\5井_5井第11段压裂期间 467井套压秒点数据.xlsx,333,4,无可唯一匹配施工事件,5/11
E:\压裂窜扰项目\02 规范化\阳101H31\阳101H31 邻井压力监测\5井_5井第11段压裂期间 467井套压秒点数据.xlsx,333,7,无可唯一匹配施工事件,5/11
E:\压裂窜扰项目\02 规范化\阳101H31\阳101H31 邻井压力监测\5井_5井第12段压裂期间4井套压秒点数据.xlsx,5井第12段压裂期间4井套压秒点数据,4,无可唯一匹配施工事件,5/12
E:\压裂窜扰项目\02 规范化\阳101H31\阳101H31 邻井压力监测\5井_5井第13段压裂期间47井套压秒点数据.xlsx,5井第13段压裂期间47井套压秒点数据,7,无可唯一匹配施工事件,5/13
E:\压裂窜扰项目\02 规范化\阳101H31\阳101H31 邻井压力监测\5井_5井第13段压裂期间47井套压秒点数据.xlsx,5井第13段压裂期间47井套压秒点数据,4,无可唯一匹配施工事件,5/13
E:\压裂窜扰项目\02 规范化\阳101H31\阳101H31 邻井压力监测\5井_5井第14段压裂期间467井套压秒点数据.xlsx,4744,7,无可唯一匹配施工事件,5/14
E:\压裂窜扰项目\02 规范化\阳101H31\阳101H31 邻井压力监测\5井_5井第14段压裂期间467井套压秒点数据.xlsx,4744,6,无可唯一匹配施工事件,5/14
E:\压裂窜扰项目\02 规范化\阳101H31\阳101H31 邻井压力监测\5井_5井第14段压裂期间467井套压秒点数据.xlsx,4744,4,无可唯一匹配施工事件,5/14
E:\压裂窜扰项目\02 规范化\阳101H31\阳101H31 邻井压力监测\5井_5井第15段压裂期间467井套压秒点数据.xlsx,666,7,无可唯一匹配施工事件,5/15
E:\压裂窜扰项目\02 规范化\阳101H31\阳101H31 邻井压力监测\5井_5井第15段压裂期间467井套压秒点数据.xlsx,666,6,无可唯一匹配施工事件,5/15
E:\压裂窜扰项目\02 规范化\阳101H31\阳101H31 邻井压力监测\5井_5井第15段压裂期间467井套压秒点数据.xlsx,666,4,无可唯一匹配施工事件,5/15
E:\压裂窜扰项目\02 规范化\阳101H31\阳101H31 邻井压力监测\5井_5井第16段压裂期间467井套压秒点数据.xlsx,85,7,无可唯一匹配施工事件,5/16
E:\压裂窜扰项目\02 规范化\阳101H31\阳101H31 邻井压力监测\5井_5井第16段压裂期间467井套压秒点数据.xlsx,85,6,无可唯一匹配施工事件,5/16
E:\压裂窜扰项目\02 规范化\阳101H31\阳101H31 邻井压力监测\5井_5井第16段压裂期间467井套压秒点数据.xlsx,85,4,无可唯一匹配施工事件,5/16
E:\压裂窜扰项目\02 规范化\阳101H31\阳101H31 邻井压力监测\5井_5井第18段压裂期间4井套压秒点数据.xlsx,566,4,无可唯一匹配施工事件,5/18
E:\压裂窜扰项目\02 规范化\阳101H31\阳101H31 邻井压力监测\5井_5井第19段压裂期间46井套压秒点数据.xlsx,48,6,无可唯一匹配施工事件,5/19
E:\压裂窜扰项目\02 规范化\阳101H31\阳101H31 邻井压力监测\5井_5井第19段压裂期间46井套压秒点数据.xlsx,48,4,无可唯一匹配施工事件,5/19
E:\压裂窜扰项目\02 规范化\阳101H31\阳101H31 邻井压力监测\5井_5井第20段压裂期间467井套压秒点数据.xlsx,855,6,无可唯一匹配施工事件,5/20
E:\压裂窜扰项目\02 规范化\阳101H31\阳101H31 邻井压力监测\5井_5井第20段压裂期间467井套压秒点数据.xlsx,855,4,无可唯一匹配施工事件,5/20
E:\压裂窜扰项目\02 规范化\阳101H31\阳101H31 邻井压力监测\5井_5井第20段压裂期间467井套压秒点数据.xlsx,855,7,无可唯一匹配施工事件,5/20
E:\压裂窜扰项目\02 规范化\阳101H31\阳101H31 邻井压力监测\5井_5井第21段压裂期间467井套压秒点数据.xlsx,546,7,无可唯一匹配施工事件,5/21
E:\压裂窜扰项目\02 规范化\阳101H31\阳101H31 邻井压力监测\5井_5井第21段压裂期间467井套压秒点数据.xlsx,546,6,无可唯一匹配施工事件,5/21
E:\压裂窜扰项目\02 规范化\阳101H31\阳101H31 邻井压力监测\5井_5井第21段压裂期间467井套压秒点数据.xlsx,546,4,无可唯一匹配施工事件,5/21
E:\压裂窜扰项目\02 规范化\阳101H31\阳101H31 邻井压力监测\5井_5井第23段压裂期间467井套压秒点数据上段.xlsx,454,7,无可唯一匹配施工事件,5/23
E:\压裂窜扰项目\02 规范化\阳101H31\阳101H31 邻井压力监测\5井_5井第23段压裂期间467井套压秒点数据上段.xlsx,454,6,无可唯一匹配施工事件,5/23
E:\压裂窜扰项目\02 规范化\阳101H31\阳101H31 邻井压力监测\5井_5井第23段压裂期间467井套压秒点数据上段.xlsx,454,4,无可唯一匹配施工事件,5/23
E:\压裂窜扰项目\02 规范化\阳101H31\阳101H31 邻井压力监测\5井_5井第23段压裂期间467井套压秒点数据下段.xlsx,477,7,无可唯一匹配施工事件,5/23
E:\压裂窜扰项目\02 规范化\阳101H31\阳101H31 邻井压力监测\5井_5井第23段压裂期间467井套压秒点数据下段.xlsx,477,6,无可唯一匹配施工事件,5/23
E:\压裂窜扰项目\02 规范化\阳101H31\阳101H31 邻井压力监测\5井_5井第23段压裂期间467井套压秒点数据下段.xlsx,477,4,无可唯一匹配施工事件,5/23
E:\压裂窜扰项目\02 规范化\阳101H31\阳101H31 邻井压力监测\5井_5井第24段压裂期间467井套压秒点数据.xlsx,544,6,无可唯一匹配施工事件,5/24
E:\压裂窜扰项目\02 规范化\阳101H31\阳101H31 邻井压力监测\5井_5井第24段压裂期间467井套压秒点数据.xlsx,544,4,无可唯一匹配施工事件,5/24
E:\压裂窜扰项目\02 规范化\阳101H31\阳101H31 邻井压力监测\5井_5井第24段压裂期间467井套压秒点数据.xlsx,544,7,无可唯一匹配施工事件,5/24
E:\压裂窜扰项目\02 规范化\阳101H31\阳101H31 邻井压力监测\6井_6井第26段压裂期间457井套压秒点数据.xlsx,555,4,无可唯一匹配施工事件,6/26
E:\压裂窜扰项目\02 规范化\阳101H31\阳101H31 邻井压力监测\6井_6井第26段压裂期间457井套压秒点数据.xlsx,555,5,无可唯一匹配施工事件,6/26
E:\压裂窜扰项目\02 规范化\阳101H31\阳101H31 邻井压力监测\6井_6井第26段压裂期间457井套压秒点数据.xlsx,555,7,无可唯一匹配施工事件,6/26
E:\压裂窜扰项目\02 规范化\阳101H31\阳101H31 邻井压力监测\6井_6井第27段压裂期间457井套压秒点数据.xlsx,444,5,无可唯一匹配施工事件,6/27
E:\压裂窜扰项目\02 规范化\阳101H31\阳101H31 邻井压力监测\6井_6井第27段压裂期间457井套压秒点数据.xlsx,444,7,无可唯一匹配施工事件,6/27
E:\压裂窜扰项目\02 规范化\阳101H31\阳101H31 邻井压力监测\6井_6井第27段压裂期间457井套压秒点数据.xlsx,444,4,无可唯一匹配施工事件,6/27
E:\压裂窜扰项目\02 规范化\阳101H31\阳101H31 邻井压力监测\7井_7井18段压裂期间456井套压秒点数据.xlsx,45,5,无可唯一匹配施工事件,7/18
E:\压裂窜扰项目\02 规范化\阳101H31\阳101H31 邻井压力监测\7井_7井18段压裂期间456井套压秒点数据.xlsx,45,6,无可唯一匹配施工事件,7/18
E:\压裂窜扰项目\02 规范化\阳101H31\阳101H31 邻井压力监测\7井_7井18段压裂期间456井套压秒点数据.xlsx,45,4,无可唯一匹配施工事件,7/18
E:\压裂窜扰项目\02 规范化\阳101H31\阳101H31 邻井压力监测\7井_7井19段压裂期间456井套压秒点数据.xlsx,521,5,无可唯一匹配施工事件,7/19
E:\压裂窜扰项目\02 规范化\阳101H31\阳101H31 邻井压力监测\7井_7井19段压裂期间456井套压秒点数据.xlsx,521,6,无可唯一匹配施工事件,7/19
E:\压裂窜扰项目\02 规范化\阳101H31\阳101H31 邻井压力监测\7井_7井19段压裂期间456井套压秒点数据.xlsx,521,4,无可唯一匹配施工事件,7/19
E:\压裂窜扰项目\02 规范化\阳101H31\阳101H31 邻井压力监测\7井_7井20段压裂期间456井套压秒点数据.xlsx,455,5,无可唯一匹配施工事件,7/20
E:\压裂窜扰项目\02 规范化\阳101H31\阳101H31 邻井压力监测\7井_7井20段压裂期间456井套压秒点数据.xlsx,455,6,无可唯一匹配施工事件,7/20
E:\压裂窜扰项目\02 规范化\阳101H31\阳101H31 邻井压力监测\7井_7井20段压裂期间456井套压秒点数据.xlsx,455,4,无可唯一匹配施工事件,7/20
E:\压裂窜扰项目\02 规范化\阳101H31\阳101H31 邻井压力监测\7井_7井22段压裂期间456井套压秒点数据.xlsx,233,5,无可唯一匹配施工事件,7/22
E:\压裂窜扰项目\02 规范化\阳101H31\阳101H31 邻井压力监测\7井_7井22段压裂期间456井套压秒点数据.xlsx,233,6,无可唯一匹配施工事件,7/22
E:\压裂窜扰项目\02 规范化\阳101H31\阳101H31 邻井压力监测\7井_7井22段压裂期间456井套压秒点数据.xlsx,233,4,无可唯一匹配施工事件,7/22
E:\压裂窜扰项目\02 规范化\阳101H31\阳101H31 邻井压力监测\7井_7井24段压裂期间456井套压秒点数据.xlsx,00,5,无可唯一匹配施工事件,7/24
E:\压裂窜扰项目\02 规范化\阳101H31\阳101H31 邻井压力监测\7井_7井24段压裂期间456井套压秒点数据.xlsx,00,6,无可唯一匹配施工事件,7/24
E:\压裂窜扰项目\02 规范化\阳101H31\阳101H31 邻井压力监测\7井_7井24段压裂期间456井套压秒点数据.xlsx,00,4,无可唯一匹配施工事件,7/24
E:\压裂窜扰项目\02 规范化\阳101H31\阳101H31 邻井压力监测\7井_7井第21段压裂期间456井套压秒点数据.xlsx,23,5,无可唯一匹配施工事件,7/21
E:\压裂窜扰项目\02 规范化\阳101H31\阳101H31 邻井压力监测\7井_7井第21段压裂期间456井套压秒点数据.xlsx,23,6,无可唯一匹配施工事件,7/21
E:\压裂窜扰项目\02 规范化\阳101H31\阳101H31 邻井压力监测\7井_7井第21段压裂期间456井套压秒点数据.xlsx,23,4,无可唯一匹配施工事件,7/21
E:\压裂窜扰项目\02 规范化\阳101H31\阳101H31 邻井压力监测\7井_7井第23段压裂期间456井套压秒点数据.xlsx,0000,5,无可唯一匹配施工事件,7/23
E:\压裂窜扰项目\02 规范化\阳101H31\阳101H31 邻井压力监测\7井_7井第23段压裂期间456井套压秒点数据.xlsx,0000,6,无可唯一匹配施工事件,7/23
E:\压裂窜扰项目\02 规范化\阳101H31\阳101H31 邻井压力监测\7井_7井第23段压裂期间456井套压秒点数据.xlsx,0000,4,无可唯一匹配施工事件,7/23
E:\压裂窜扰项目\02 规范化\阳101H31\阳101H31 邻井压力监测\7井_7井第25段压裂期间456井套压秒点数据.xlsx,232,5,无可唯一匹配施工事件,7/25
E:\压裂窜扰项目\02 规范化\阳101H31\阳101H31 邻井压力监测\7井_7井第25段压裂期间456井套压秒点数据.xlsx,232,6,无可唯一匹配施工事件,7/25
E:\压裂窜扰项目\02 规范化\阳101H31\阳101H31 邻井压力监测\7井_7井第25段压裂期间456井套压秒点数据.xlsx,232,4,无可唯一匹配施工事件,7/25
E:\压裂窜扰项目\02 规范化\阳101H31\阳101H31 邻井压力监测\7井_7井第27段压裂期间46井套压秒点数据.xlsx,96,6,无可唯一匹配施工事件,7/27
E:\压裂窜扰项目\02 规范化\阳101H31\阳101H31 邻井压力监测\7井_7井第27段压裂期间46井套压秒点数据.xlsx,96,4,无可唯一匹配施工事件,7/27
E:\压裂窜扰项目\02 规范化\阳101H31\阳101H31 邻井压力监测\7井_7井第30段压裂期间456井套压秒点数据.xlsx,2323,5,无可唯一匹配施工事件,7/30
E:\压裂窜扰项目\02 规范化\阳101H31\阳101H31 邻井压力监测\7井_7井第30段压裂期间456井套压秒点数据.xlsx,2323,6,无可唯一匹配施工事件,7/30
E:\压裂窜扰项目\02 规范化\阳101H31\阳101H31 邻井压力监测\7井_7井第30段压裂期间456井套压秒点数据.xlsx,2323,4,无可唯一匹配施工事件,7/30
E:\压裂窜扰项目\02 规范化\阳101H31\阳101H31 邻井压力监测\阳101H31--井第4段压裂期间阳101H25-5井压力数据.csv,text,5,无可唯一匹配施工事件,/
E:\压裂窜扰项目\02 规范化\阳101H31\阳101H31 邻井压力监测\阳101H31-3井压裂期间压力监测记录(3).xlsx,1.邻井压力监测表,1,无可唯一匹配施工事件,/
E:\压裂窜扰项目\02 规范化\阳101H31\阳101H31 邻井压力监测\阳101H31-3井压裂期间压力监测记录(3).xlsx,1.邻井压力监测表,2,无可唯一匹配施工事件,/
E:\压裂窜扰项目\02 规范化\阳101H31\阳101H31 邻井压力监测\阳101H31-3井压裂期间压力监测记录(3).xlsx,1.邻井压力监测表,4,无可唯一匹配施工事件,/
E:\压裂窜扰项目\02 规范化\阳101H31\阳101H31 邻井压力监测\阳101H31-3井压裂期间压力监测记录(3).xlsx,1.邻井压力监测表,6,无可唯一匹配施工事件,/
E:\压裂窜扰项目\02 规范化\阳101H31\阳101H31 邻井压力监测\阳101H31-3井压裂期间压力监测记录(3).xlsx,1.邻井压力监测表,7,无可唯一匹配施工事件,/
E:\压裂窜扰项目\02 规范化\阳101H31\阳101H31 邻井压力监测\阳101H31-3井压裂期间压力监测记录(3).xlsx,1.邻井压力监测表 (2),1,无可唯一匹配施工事件,/
E:\压裂窜扰项目\02 规范化\阳101H31\阳101H31 邻井压力监测\阳101H31-3井压裂期间压力监测记录(3).xlsx,1.邻井压力监测表 (2),2,无可唯一匹配施工事件,/
E:\压裂窜扰项目\02 规范化\阳101H31\阳101H31 邻井压力监测\阳101H31-3井压裂期间压力监测记录(3).xlsx,1.邻井压力监测表 (2),4,无可唯一匹配施工事件,/
E:\压裂窜扰项目\02 规范化\阳101H31\阳101H31 邻井压力监测\阳101H31-3井压裂期间压力监测记录(3).xlsx,1.邻井压力监测表 (2),5,无可唯一匹配施工事件,/
E:\压裂窜扰项目\02 规范化\阳101H31\阳101H31 邻井压力监测\阳101H31-3井压裂期间压力监测记录(3).xlsx,1.邻井压力监测表 (2),6,无可唯一匹配施工事件,/
E:\压裂窜扰项目\02 规范化\阳101H31\阳101H31 邻井压力监测\阳101H31-3井压裂期间压力监测记录(3).xlsx,1.邻井压力监测表 (3),1,无可唯一匹配施工事件,/
E:\压裂窜扰项目\02 规范化\阳101H31\阳101H31 邻井压力监测\阳101H31-3井压裂期间压力监测记录(3).xlsx,1.邻井压力监测表 (3),2,无可唯一匹配施工事件,/
E:\压裂窜扰项目\02 规范化\阳101H31\阳101H31 邻井压力监测\阳101H31-3井压裂期间压力监测记录(3).xlsx,1.邻井压力监测表 (3),4,无可唯一匹配施工事件,/
E:\压裂窜扰项目\02 规范化\阳101H31\阳101H31 邻井压力监测\阳101H31-3井压裂期间压力监测记录(3).xlsx,1.邻井压力监测表 (3),5,无可唯一匹配施工事件,/
E:\压裂窜扰项目\02 规范化\阳101H31\阳101H31 邻井压力监测\阳101H31-3井压裂期间压力监测记录(3).xlsx,1.邻井压力监测表 (3),6,无可唯一匹配施工事件,/
E:\压裂窜扰项目\02 规范化\阳101H31\阳101H31 邻井压力监测\阳101H31-3井压裂期间压力监测记录(3).xlsx,1.邻井压力监测表 (3),7,无可唯一匹配施工事件,/
E:\压裂窜扰项目\02 规范化\阳101H31\阳101H31 邻井压力监测\阳101H31-3井压裂期间压力监测记录(3).xlsx,1.邻井压力监测表 (5),1,无可唯一匹配施工事件,/
E:\压裂窜扰项目\02 规范化\阳101H31\阳101H31 邻井压力监测\阳101H31-3井压裂期间压力监测记录(3).xlsx,1.邻井压力监测表 (5),2,无可唯一匹配施工事件,/
E:\压裂窜扰项目\02 规范化\阳101H31\阳101H31 邻井压力监测\阳101H31-3井压裂期间压力监测记录(3).xlsx,1.邻井压力监测表 (5),5,无可唯一匹配施工事件,/
E:\压裂窜扰项目\02 规范化\阳101H31\阳101H31 邻井压力监测\阳101H31-3井压裂期间压力监测记录(3).xlsx,1.邻井压力监测表 (5),6,无可唯一匹配施工事件,/
E:\压裂窜扰项目\02 规范化\阳101H31\阳101H31 邻井压力监测\阳101H31-3井压裂期间压力监测记录(3).xlsx,1.邻井压力监测表 (5),7,无可唯一匹配施工事件,/
E:\压裂窜扰项目\02 规范化\阳101H31\阳101H31 邻井压力监测\阳101H31-3井压裂期间压力监测记录(3).xlsx,1.邻井压力监测表 (6),1,无可唯一匹配施工事件,/
E:\压裂窜扰项目\02 规范化\阳101H31\阳101H31 邻井压力监测\阳101H31-3井压裂期间压力监测记录(3).xlsx,1.邻井压力监测表 (6),2,无可唯一匹配施工事件,/
E:\压裂窜扰项目\02 规范化\阳101H31\阳101H31 邻井压力监测\阳101H31-3井压裂期间压力监测记录(3).xlsx,1.邻井压力监测表 (6),4,无可唯一匹配施工事件,/
E:\压裂窜扰项目\02 规范化\阳101H31\阳101H31 邻井压力监测\阳101H31-3井压裂期间压力监测记录(3).xlsx,1.邻井压力监测表 (6),5,无可唯一匹配施工事件,/
E:\压裂窜扰项目\02 规范化\阳101H31\阳101H31 邻井压力监测\阳101H31-3井压裂期间压力监测记录(3).xlsx,1.邻井压力监测表 (6),6,无可唯一匹配施工事件,/
E:\压裂窜扰项目\02 规范化\阳101H31\阳101H31 邻井压力监测\阳101H31-3井压裂期间压力监测记录(3).xlsx,1.邻井压力监测表 (6),7,无可唯一匹配施工事件,/
E:\压裂窜扰项目\02 规范化\阳101H31\阳101H31 邻井压力监测\阳101H31-3井压裂期间压力监测记录(3).xlsx,1.邻井压力监测表 (7),1,无可唯一匹配施工事件,/
E:\压裂窜扰项目\02 规范化\阳101H31\阳101H31 邻井压力监测\阳101H31-3井压裂期间压力监测记录(3).xlsx,1.邻井压力监测表 (7),2,无可唯一匹配施工事件,/
E:\压裂窜扰项目\02 规范化\阳101H31\阳101H31 邻井压力监测\阳101H31-3井压裂期间压力监测记录(3).xlsx,1.邻井压力监测表 (7),4,无可唯一匹配施工事件,/
E:\压裂窜扰项目\02 规范化\阳101H31\阳101H31 邻井压力监测\阳101H31-3井压裂期间压力监测记录(3).xlsx,1.邻井压力监测表 (7),5,无可唯一匹配施工事件,/
E:\压裂窜扰项目\02 规范化\阳101H31\阳101H31 邻井压力监测\阳101H31-3井压裂期间压力监测记录(3).xlsx,1.邻井压力监测表 (7),6,无可唯一匹配施工事件,/
E:\压裂窜扰项目\02 规范化\阳101H31\阳101H31 邻井压力监测\阳101H31-3井压裂期间压力监测记录(3).xlsx,1.邻井压力监测表 (7),7,无可唯一匹配施工事件,/
E:\压裂窜扰项目\02 规范化\阳101H31\阳101H31 邻井压力监测\阳101H31-3井压裂期间压力监测记录(3).xlsx,1.邻井压力监测表 (8),1,无可唯一匹配施工事件,/
E:\压裂窜扰项目\02 规范化\阳101H31\阳101H31 邻井压力监测\阳101H31-3井压裂期间压力监测记录(3).xlsx,1.邻井压力监测表 (8),2,无可唯一匹配施工事件,/
E:\压裂窜扰项目\02 规范化\阳101H31\阳101H31 邻井压力监测\阳101H31-3井压裂期间压力监测记录(3).xlsx,1.邻井压力监测表 (8),4,无可唯一匹配施工事件,/
E:\压裂窜扰项目\02 规范化\阳101H31\阳101H31 邻井压力监测\阳101H31-3井压裂期间压力监测记录(3).xlsx,1.邻井压力监测表 (8),5,无可唯一匹配施工事件,/
E:\压裂窜扰项目\02 规范化\阳101H31\阳101H31 邻井压力监测\阳101H31-3井压裂期间压力监测记录(3).xlsx,1.邻井压力监测表 (8),6,无可唯一匹配施工事件,/
E:\压裂窜扰项目\02 规范化\阳101H31\阳101H31 邻井压力监测\阳101H31-3井压裂期间压力监测记录(3).xlsx,1.邻井压力监测表 (8),7,无可唯一匹配施工事件,/
E:\压裂窜扰项目\02 规范化\阳101H31\阳101H31 邻井压力监测\阳101H31-3井压裂期间压力监测记录(3).xlsx,1.邻井压力监测表 (9),1,无可唯一匹配施工事件,/
E:\压裂窜扰项目\02 规范化\阳101H31\阳101H31 邻井压力监测\阳101H31-3井压裂期间压力监测记录(3).xlsx,1.邻井压力监测表 (9),2,无可唯一匹配施工事件,/
E:\压裂窜扰项目\02 规范化\阳101H31\阳101H31 邻井压力监测\阳101H31-3井压裂期间压力监测记录(3).xlsx,1.邻井压力监测表 (9),4,无可唯一匹配施工事件,/
E:\压裂窜扰项目\02 规范化\阳101H31\阳101H31 邻井压力监测\阳101H31-3井压裂期间压力监测记录(3).xlsx,1.邻井压力监测表 (9),5,无可唯一匹配施工事件,/
E:\压裂窜扰项目\02 规范化\阳101H31\阳101H31 邻井压力监测\阳101H31-3井压裂期间压力监测记录(3).xlsx,1.邻井压力监测表 (9),6,无可唯一匹配施工事件,/
E:\压裂窜扰项目\02 规范化\阳101H31\阳101H31 邻井压力监测\阳101H31-3井压裂期间压力监测记录(3).xlsx,1.邻井压力监测表 (9),7,无可唯一匹配施工事件,/
E:\压裂窜扰项目\02 规范化\阳101H31\阳101H31 邻井压力监测\阳101H31-3井压裂期间压力监测记录(3).xlsx,1.邻井压力监测表 (11),1,无可唯一匹配施工事件,/
E:\压裂窜扰项目\02 规范化\阳101H31\阳101H31 邻井压力监测\阳101H31-3井压裂期间压力监测记录(3).xlsx,1.邻井压力监测表 (11),2,无可唯一匹配施工事件,/
E:\压裂窜扰项目\02 规范化\阳101H31\阳101H31 邻井压力监测\阳101H31-3井压裂期间压力监测记录(3).xlsx,1.邻井压力监测表 (11),4,无可唯一匹配施工事件,/
E:\压裂窜扰项目\02 规范化\阳101H31\阳101H31 邻井压力监测\阳101H31-3井压裂期间压力监测记录(3).xlsx,1.邻井压力监测表 (11),5,无可唯一匹配施工事件,/
E:\压裂窜扰项目\02 规范化\阳101H31\阳101H31 邻井压力监测\阳101H31-3井压裂期间压力监测记录(3).xlsx,1.邻井压力监测表 (11),6,无可唯一匹配施工事件,/
E:\压裂窜扰项目\02 规范化\阳101H31\阳101H31 邻井压力监测\阳101H31-3井压裂期间压力监测记录(3).xlsx,1.邻井压力监测表 (11),7,无可唯一匹配施工事件,/
E:\压裂窜扰项目\02 规范化\阳101H31\阳101H31 邻井压力监测\阳101H31-3井压裂期间压力监测记录(3).xlsx,1.邻井压力监测表 (12),1,无可唯一匹配施工事件,/
E:\压裂窜扰项目\02 规范化\阳101H31\阳101H31 邻井压力监测\阳101H31-3井压裂期间压力监测记录(3).xlsx,1.邻井压力监测表 (12),2,无可唯一匹配施工事件,/
E:\压裂窜扰项目\02 规范化\阳101H31\阳101H31 邻井压力监测\阳101H31-3井压裂期间压力监测记录(3).xlsx,1.邻井压力监测表 (12),4,无可唯一匹配施工事件,/
E:\压裂窜扰项目\02 规范化\阳101H31\阳101H31 邻井压力监测\阳101H31-3井压裂期间压力监测记录(3).xlsx,1.邻井压力监测表 (12),5,无可唯一匹配施工事件,/
E:\压裂窜扰项目\02 规范化\阳101H31\阳101H31 邻井压力监测\阳101H31-3井压裂期间压力监测记录(3).xlsx,1.邻井压力监测表 (12),6,无可唯一匹配施工事件,/
E:\压裂窜扰项目\02 规范化\阳101H31\阳101H31 邻井压力监测\阳101H31-3井压裂期间压力监测记录(3).xlsx,1.邻井压力监测表 (12),7,无可唯一匹配施工事件,/
E:\压裂窜扰项目\02 规范化\阳101H31\阳101H31 邻井压力监测\阳101H31-3井压裂期间压力监测记录(3).xlsx,1.邻井压力监测表 (13),1,无可唯一匹配施工事件,/
E:\压裂窜扰项目\02 规范化\阳101H31\阳101H31 邻井压力监测\阳101H31-3井压裂期间压力监测记录(3).xlsx,1.邻井压力监测表 (13),2,无可唯一匹配施工事件,/
E:\压裂窜扰项目\02 规范化\阳101H31\阳101H31 邻井压力监测\阳101H31-3井压裂期间压力监测记录(3).xlsx,1.邻井压力监测表 (13),4,无可唯一匹配施工事件,/
E:\压裂窜扰项目\02 规范化\阳101H31\阳101H31 邻井压力监测\阳101H31-3井压裂期间压力监测记录(3).xlsx,1.邻井压力监测表 (13),5,无可唯一匹配施工事件,/
E:\压裂窜扰项目\02 规范化\阳101H31\阳101H31 邻井压力监测\阳101H31-3井压裂期间压力监测记录(3).xlsx,1.邻井压力监测表 (13),6,无可唯一匹配施工事件,/
E:\压裂窜扰项目\02 规范化\阳101H31\阳101H31 邻井压力监测\阳101H31-3井压裂期间压力监测记录(3).xlsx,1.邻井压力监测表 (13),7,无可唯一匹配施工事件,/
E:\压裂窜扰项目\02 规范化\阳101H31\阳101H31 邻井压力监测\阳101H31-3井压裂期间压力监测记录(3).xlsx,1.邻井压力监测表 (14),1,无可唯一匹配施工事件,/
E:\压裂窜扰项目\02 规范化\阳101H31\阳101H31 邻井压力监测\阳101H31-3井压裂期间压力监测记录(3).xlsx,1.邻井压力监测表 (14),2,无可唯一匹配施工事件,/
E:\压裂窜扰项目\02 规范化\阳101H31\阳101H31 邻井压力监测\阳101H31-3井压裂期间压力监测记录(3).xlsx,1.邻井压力监测表 (14),4,无可唯一匹配施工事件,/
E:\压裂窜扰项目\02 规范化\阳101H31\阳101H31 邻井压力监测\阳101H31-3井压裂期间压力监测记录(3).xlsx,1.邻井压力监测表 (14),5,无可唯一匹配施工事件,/
E:\压裂窜扰项目\02 规范化\阳101H31\阳101H31 邻井压力监测\阳101H31-3井压裂期间压力监测记录(3).xlsx,1.邻井压力监测表 (14),6,无可唯一匹配施工事件,/
E:\压裂窜扰项目\02 规范化\阳101H31\阳101H31 邻井压力监测\阳101H31-3井压裂期间压力监测记录(3).xlsx,1.邻井压力监测表 (14),7,无可唯一匹配施工事件,/
E:\压裂窜扰项目\02 规范化\阳101H31\阳101H31 邻井压力监测\阳101H31-3井压裂期间压力监测记录(3).xlsx,1.邻井压力监测表 (15),1,无可唯一匹配施工事件,/
E:\压裂窜扰项目\02 规范化\阳101H31\阳101H31 邻井压力监测\阳101H31-3井压裂期间压力监测记录(3).xlsx,1.邻井压力监测表 (15),2,无可唯一匹配施工事件,/
E:\压裂窜扰项目\02 规范化\阳101H31\阳101H31 邻井压力监测\阳101H31-3井压裂期间压力监测记录(3).xlsx,1.邻井压力监测表 (15),4,无可唯一匹配施工事件,/
E:\压裂窜扰项目\02 规范化\阳101H31\阳101H31 邻井压力监测\阳101H31-3井压裂期间压力监测记录(3).xlsx,1.邻井压力监测表 (15),5,无可唯一匹配施工事件,/
E:\压裂窜扰项目\02 规范化\阳101H31\阳101H31 邻井压力监测\阳101H31-3井压裂期间压力监测记录(3).xlsx,1.邻井压力监测表 (15),6,无可唯一匹配施工事件,/
E:\压裂窜扰项目\02 规范化\阳101H31\阳101H31 邻井压力监测\阳101H31-3井压裂期间压力监测记录(3).xlsx,1.邻井压力监测表 (15),7,无可唯一匹配施工事件,/
E:\压裂窜扰项目\02 规范化\阳101H31\阳101H31 邻井压力监测\阳101H31-3井压裂期间压力监测记录(3).xlsx,1.邻井压力监测表 (16),1,无可唯一匹配施工事件,/
E:\压裂窜扰项目\02 规范化\阳101H31\阳101H31 邻井压力监测\阳101H31-3井压裂期间压力监测记录(3).xlsx,1.邻井压力监测表 (16),2,无可唯一匹配施工事件,/
E:\压裂窜扰项目\02 规范化\阳101H31\阳101H31 邻井压力监测\阳101H31-3井压裂期间压力监测记录(3).xlsx,1.邻井压力监测表 (16),4,无可唯一匹配施工事件,/
E:\压裂窜扰项目\02 规范化\阳101H31\阳101H31 邻井压力监测\阳101H31-3井压裂期间压力监测记录(3).xlsx,1.邻井压力监测表 (16),5,无可唯一匹配施工事件,/
E:\压裂窜扰项目\02 规范化\阳101H31\阳101H31 邻井压力监测\阳101H31-3井压裂期间压力监测记录(3).xlsx,1.邻井压力监测表 (16),6,无可唯一匹配施工事件,/
E:\压裂窜扰项目\02 规范化\阳101H31\阳101H31 邻井压力监测\阳101H31-3井压裂期间压力监测记录(3).xlsx,1.邻井压力监测表 (16),7,无可唯一匹配施工事件,/
E:\压裂窜扰项目\02 规范化\阳101H31\阳101H31 邻井压力监测\阳101H31-3井压裂期间压力监测记录(3).xlsx,1.邻井压力监测表 (17),1,无可唯一匹配施工事件,/
E:\压裂窜扰项目\02 规范化\阳101H31\阳101H31 邻井压力监测\阳101H31-3井压裂期间压力监测记录(3).xlsx,1.邻井压力监测表 (17),2,无可唯一匹配施工事件,/
E:\压裂窜扰项目\02 规范化\阳101H31\阳101H31 邻井压力监测\阳101H31-3井压裂期间压力监测记录(3).xlsx,1.邻井压力监测表 (17),4,无可唯一匹配施工事件,/
E:\压裂窜扰项目\02 规范化\阳101H31\阳101H31 邻井压力监测\阳101H31-3井压裂期间压力监测记录(3).xlsx,1.邻井压力监测表 (17),5,无可唯一匹配施工事件,/
E:\压裂窜扰项目\02 规范化\阳101H31\阳101H31 邻井压力监测\阳101H31-3井压裂期间压力监测记录(3).xlsx,1.邻井压力监测表 (17),6,无可唯一匹配施工事件,/
E:\压裂窜扰项目\02 规范化\阳101H31\阳101H31 邻井压力监测\阳101H31-3井压裂期间压力监测记录(3).xlsx,1.邻井压力监测表 (17),7,无可唯一匹配施工事件,/
E:\压裂窜扰项目\02 规范化\阳101H31\阳101H31 邻井压力监测\阳101H31-3井压裂期间压力监测记录(3).xlsx,1.邻井压力监测表 (18),1,无可唯一匹配施工事件,/
E:\压裂窜扰项目\02 规范化\阳101H31\阳101H31 邻井压力监测\阳101H31-3井压裂期间压力监测记录(3).xlsx,1.邻井压力监测表 (18),2,无可唯一匹配施工事件,/
E:\压裂窜扰项目\02 规范化\阳101H31\阳101H31 邻井压力监测\阳101H31-3井压裂期间压力监测记录(3).xlsx,1.邻井压力监测表 (18),4,无可唯一匹配施工事件,/
E:\压裂窜扰项目\02 规范化\阳101H31\阳101H31 邻井压力监测\阳101H31-3井压裂期间压力监测记录(3).xlsx,1.邻井压力监测表 (18),5,无可唯一匹配施工事件,/
E:\压裂窜扰项目\02 规范化\阳101H31\阳101H31 邻井压力监测\阳101H31-3井压裂期间压力监测记录(3).xlsx,1.邻井压力监测表 (18),6,无可唯一匹配施工事件,/
E:\压裂窜扰项目\02 规范化\阳101H31\阳101H31 邻井压力监测\阳101H31-3井压裂期间压力监测记录(3).xlsx,1.邻井压力监测表 (18),7,无可唯一匹配施工事件,/
E:\压裂窜扰项目\02 规范化\阳101H31\阳101H31 邻井压力监测\阳101H31平台1井第3段压裂期间阳101H25-5井压力秒点数据(1).csv,text,5,无可唯一匹配施工事件,1/3
E:\压裂窜扰项目\02 规范化\阳101H31\阳101H31 邻井压力监测\阳101H31平台2井第3段压裂期间阳101H25平台压力秒点数据.csv,text,2,无可唯一匹配施工事件,2/3
E:\压裂窜扰项目\02 规范化\阳101H31\阳101H31 邻井压力监测\阳101H31平台2井第3段压裂期间阳101H25平台压力秒点数据.csv,text,3,无可唯一匹配施工事件,2/3
E:\压裂窜扰项目\02 规范化\阳101H31\阳101H31 邻井压力监测\阳101H31平台2井第3段压裂期间阳101H25平台压力秒点数据.csv,text,4,无可唯一匹配施工事件,2/3
E:\压裂窜扰项目\02 规范化\阳101H31\阳101H31 邻井压力监测\阳101H31平台2井第3段压裂期间阳101H25平台压力秒点数据.csv,text,1,无可唯一匹配施工事件,2/3
E:\压裂窜扰项目\02 规范化\阳101H31\阳101H31 邻井压力监测\阳101H31平台2井第3段压裂期间阳101H25平台压力秒点数据.csv,text,5,无可唯一匹配施工事件,2/3
E:\压裂窜扰项目\02 规范化\阳101H31\阳101H31 邻井压力监测\阳101H31平台2井第3段压裂期间阳101H25平台压力秒点数据.csv,text,6,无可唯一匹配施工事件,2/3
E:\压裂窜扰项目\02 规范化\阳101H31\阳101H31 邻井压力监测\阳101H31平台2井第4段压裂期间阳101H25平台秒点数据.csv,text,2,无可唯一匹配施工事件,2/4
E:\压裂窜扰项目\02 规范化\阳101H31\阳101H31 邻井压力监测\阳101H31平台2井第4段压裂期间阳101H25平台秒点数据.csv,text,3,无可唯一匹配施工事件,2/4
E:\压裂窜扰项目\02 规范化\阳101H31\阳101H31 邻井压力监测\阳101H31平台2井第4段压裂期间阳101H25平台秒点数据.csv,text,4,无可唯一匹配施工事件,2/4
E:\压裂窜扰项目\02 规范化\阳101H31\阳101H31 邻井压力监测\阳101H31平台2井第4段压裂期间阳101H25平台秒点数据.csv,text,5,无可唯一匹配施工事件,2/4
E:\压裂窜扰项目\02 规范化\阳101H31\阳101H31 邻井压力监测\阳101H31平台2井第4段压裂期间阳101H25平台秒点数据.csv,text,1,无可唯一匹配施工事件,2/4
E:\压裂窜扰项目\02 规范化\阳101H31\阳101H31 邻井压力监测\阳101H31平台北半支压窜.xlsx,,,未解析出压力通道,[]
E:\压裂窜扰项目\02 规范化\阳101H32\阳101H32 邻井压力监测\阳101H32-2-13段压裂施工-1、3、4、5、6、7井压力监测.xlsx,1.邻井压力监测表,1,无可唯一匹配施工事件,2/13
E:\压裂窜扰项目\02 规范化\阳101H32\阳101H32 邻井压力监测\阳101H32-2-13段压裂施工-1、3、4、5、6、7井压力监测.xlsx,1.邻井压力监测表,3,无可唯一匹配施工事件,2/13
E:\压裂窜扰项目\02 规范化\阳101H32\阳101H32 邻井压力监测\阳101H32-2-13段压裂施工-1、3、4、5、6、7井压力监测.xlsx,1.邻井压力监测表,4,无可唯一匹配施工事件,2/13
E:\压裂窜扰项目\02 规范化\阳101H32\阳101H32 邻井压力监测\阳101H32-2-13段压裂施工-1、3、4、5、6、7井压力监测.xlsx,1.邻井压力监测表,5,无可唯一匹配施工事件,2/13
E:\压裂窜扰项目\02 规范化\阳101H32\阳101H32 邻井压力监测\阳101H32-2-13段压裂施工-1、3、4、5、6、7井压力监测.xlsx,1.邻井压力监测表,6,无可唯一匹配施工事件,2/13
E:\压裂窜扰项目\02 规范化\阳101H32\阳101H32 邻井压力监测\阳101H32-2-13段压裂施工-1、3、4、5、6、7井压力监测.xlsx,1.邻井压力监测表,7,无可唯一匹配施工事件,2/13
E:\压裂窜扰项目\02 规范化\阳101H32\阳101H32 邻井压力监测\阳101H32-2-6段压裂施工-1、3、4、5、6、7井压力监测.xlsx,1.邻井压力监测表,1,同名井段绝对日期不重叠,pressure 1762587300.0 pump 1765956929.0
E:\压裂窜扰项目\02 规范化\阳101H32\阳101H32 邻井压力监测\阳101H32-2-6段压裂施工-1、3、4、5、6、7井压力监测.xlsx,1.邻井压力监测表,3,同名井段绝对日期不重叠,pressure 1762587300.0 pump 1765956929.0
E:\压裂窜扰项目\02 规范化\阳101H32\阳101H32 邻井压力监测\阳101H32-2-6段压裂施工-1、3、4、5、6、7井压力监测.xlsx,1.邻井压力监测表,4,同名井段绝对日期不重叠,pressure 1762587300.0 pump 1765956929.0
E:\压裂窜扰项目\02 规范化\阳101H32\阳101H32 邻井压力监测\阳101H32-2-6段压裂施工-1、3、4、5、6、7井压力监测.xlsx,1.邻井压力监测表,5,同名井段绝对日期不重叠,pressure 1762587300.0 pump 1765956929.0
E:\压裂窜扰项目\02 规范化\阳101H32\阳101H32 邻井压力监测\阳101H32-2-6段压裂施工-1、3、4、5、6、7井压力监测.xlsx,1.邻井压力监测表,6,同名井段绝对日期不重叠,pressure 1762587300.0 pump 1765956929.0
E:\压裂窜扰项目\02 规范化\阳101H32\阳101H32 邻井压力监测\阳101H32-2-6段压裂施工-1、3、4、5、6、7井压力监测.xlsx,1.邻井压力监测表,7,同名井段绝对日期不重叠,pressure 1762587300.0 pump 1765956929.0
E:\压裂窜扰项目\02 规范化\阳101H32\阳101H32 邻井压力监测\阳101H32-2-9段压裂施工-1、3、4、5、6、7井压力监测.xlsx,1.邻井压力监测表,1,无可唯一匹配施工事件,2/9
E:\压裂窜扰项目\02 规范化\阳101H32\阳101H32 邻井压力监测\阳101H32-2-9段压裂施工-1、3、4、5、6、7井压力监测.xlsx,1.邻井压力监测表,3,无可唯一匹配施工事件,2/9
E:\压裂窜扰项目\02 规范化\阳101H32\阳101H32 邻井压力监测\阳101H32-2-9段压裂施工-1、3、4、5、6、7井压力监测.xlsx,1.邻井压力监测表,4,无可唯一匹配施工事件,2/9
E:\压裂窜扰项目\02 规范化\阳101H32\阳101H32 邻井压力监测\阳101H32-2-9段压裂施工-1、3、4、5、6、7井压力监测.xlsx,1.邻井压力监测表,5,无可唯一匹配施工事件,2/9
E:\压裂窜扰项目\02 规范化\阳101H32\阳101H32 邻井压力监测\阳101H32-2-9段压裂施工-1、3、4、5、6、7井压力监测.xlsx,1.邻井压力监测表,6,无可唯一匹配施工事件,2/9
E:\压裂窜扰项目\02 规范化\阳101H32\阳101H32 邻井压力监测\阳101H32-2-9段压裂施工-1、3、4、5、6、7井压力监测.xlsx,1.邻井压力监测表,7,无可唯一匹配施工事件,2/9
E:\压裂窜扰项目\02 规范化\阳101H32\阳101H32 邻井压力监测\阳101H32-2-9段压裂施工-4、6井分点压力监测.xlsx,导出数据,4,无可唯一匹配施工事件,2/9
E:\压裂窜扰项目\02 规范化\阳101H32\阳101H32 邻井压力监测\阳101H32-2-9段压裂施工-4、6井分点压力监测.xlsx,导出数据,6,无可唯一匹配施工事件,2/9
E:\压裂窜扰项目\02 规范化\阳101H32\阳101H32 邻井压力监测\阳101H32-2井第10段压裂施工分秒点.xlsx,,,未解析出压力通道,[]
E:\压裂窜扰项目\02 规范化\阳101H32\阳101H32 邻井压力监测\阳101H32-2井第10段压裂施工报表.xlsx,,,未解析出压力通道,[]
E:\压裂窜扰项目\02 规范化\阳101H32\阳101H32 邻井压力监测\阳101H32-2井第12段压裂施工分秒点.xlsx,,,未解析出压力通道,[]
E:\压裂窜扰项目\02 规范化\阳101H32\阳101H32 邻井压力监测\阳101H32-2井第12段压裂施工报表.xlsx,,,未解析出压力通道,[]
E:\压裂窜扰项目\02 规范化\阳101H32\阳101H32 邻井压力监测\阳101H32-2井第13段压裂施工分秒点.xlsx,,,未解析出压力通道,[]
E:\压裂窜扰项目\02 规范化\阳101H32\阳101H32 邻井压力监测\阳101H32-2井第13段压裂施工报表.xlsx,,,未解析出压力通道,[]
E:\压裂窜扰项目\02 规范化\阳101H32\阳101H32 邻井压力监测\阳101H32-2井第15段-2.xlsx,,,未解析出压力通道,['CalamineError:Cannot detect file format']
E:\压裂窜扰项目\02 规范化\阳101H32\阳101H32 邻井压力监测\阳101H32-2井第8段.xlsx,,,未解析出压力通道,['CalamineError:Cannot detect file format']
E:\压裂窜扰项目\02 规范化\阳101H32\阳101H32 邻井压力监测\阳101H32-2井第9段压裂施工分秒点.xlsx,,,未解析出压力通道,[]
E:\压裂窜扰项目\02 规范化\阳101H32\阳101H32 邻井压力监测\阳101H32-2井第9段压裂施工报表.xlsx,,,未解析出压力通道,[]
E:\压裂窜扰项目\02 规范化\阳101H32\阳101H32 邻井压力监测\阳101H32-4-17段压裂施工-1、2、3、5、6、7井压力监测.xlsx,1.邻井压力监测表,1,同名井段绝对日期不重叠,pressure 1762759800.0 pump 1765351992.0
E:\压裂窜扰项目\02 规范化\阳101H32\阳101H32 邻井压力监测\阳101H32-4-17段压裂施工-1、2、3、5、6、7井压力监测.xlsx,1.邻井压力监测表,2,同名井段绝对日期不重叠,pressure 1762759800.0 pump 1765351992.0
E:\压裂窜扰项目\02 规范化\阳101H32\阳101H32 邻井压力监测\阳101H32-4-17段压裂施工-1、2、3、5、6、7井压力监测.xlsx,1.邻井压力监测表,3,同名井段绝对日期不重叠,pressure 1762759800.0 pump 1765351992.0
E:\压裂窜扰项目\02 规范化\阳101H32\阳101H32 邻井压力监测\阳101H32-4-17段压裂施工-1、2、3、5、6、7井压力监测.xlsx,1.邻井压力监测表,5,同名井段绝对日期不重叠,pressure 1762759800.0 pump 1765351992.0
E:\压裂窜扰项目\02 规范化\阳101H32\阳101H32 邻井压力监测\阳101H32-4-17段压裂施工-1、2、3、5、6、7井压力监测.xlsx,1.邻井压力监测表,6,同名井段绝对日期不重叠,pressure 1762759800.0 pump 1765351992.0
E:\压裂窜扰项目\02 规范化\阳101H32\阳101H32 邻井压力监测\阳101H32-4-17段压裂施工-1、2、3、5、6、7井压力监测.xlsx,1.邻井压力监测表,7,同名井段绝对日期不重叠,pressure 1762759800.0 pump 1765351992.0
E:\压裂窜扰项目\02 规范化\阳101H32\阳101H32 邻井压力监测\阳101H32-4-22段压裂施工-1、2、3、5、6、7井压力监测.xlsx,Sheet1,1,无可唯一匹配施工事件,4/22
E:\压裂窜扰项目\02 规范化\阳101H32\阳101H32 邻井压力监测\阳101H32-4-22段压裂施工-1、2、3、5、6、7井压力监测.xlsx,Sheet1,2,无可唯一匹配施工事件,4/22
E:\压裂窜扰项目\02 规范化\阳101H32\阳101H32 邻井压力监测\阳101H32-4-22段压裂施工-1、2、3、5、6、7井压力监测.xlsx,Sheet1,3,无可唯一匹配施工事件,4/22
E:\压裂窜扰项目\02 规范化\阳101H32\阳101H32 邻井压力监测\阳101H32-4-22段压裂施工-1、2、3、5、6、7井压力监测.xlsx,Sheet1,5,无可唯一匹配施工事件,4/22
E:\压裂窜扰项目\02 规范化\阳101H32\阳101H32 邻井压力监测\阳101H32-4-22段压裂施工-1、2、3、5、6、7井压力监测.xlsx,Sheet1,6,无可唯一匹配施工事件,4/22
E:\压裂窜扰项目\02 规范化\阳101H32\阳101H32 邻井压力监测\阳101H32-4-22段压裂施工-1、2、3、5、6、7井压力监测.xlsx,Sheet1,7,无可唯一匹配施工事件,4/22
E:\压裂窜扰项目\02 规范化\阳101H32\阳101H32 邻井压力监测\阳101H32-4-22段压裂施工-1、2、3、5、6、7井压力监测（叠合图）.xlsx,1.邻井压力监测表,1,无可唯一匹配施工事件,4/22
E:\压裂窜扰项目\02 规范化\阳101H32\阳101H32 邻井压力监测\阳101H32-4-22段压裂施工-1、2、3、5、6、7井压力监测（叠合图）.xlsx,1.邻井压力监测表,2,无可唯一匹配施工事件,4/22
E:\压裂窜扰项目\02 规范化\阳101H32\阳101H32 邻井压力监测\阳101H32-4-22段压裂施工-1、2、3、5、6、7井压力监测（叠合图）.xlsx,1.邻井压力监测表,3,无可唯一匹配施工事件,4/22
E:\压裂窜扰项目\02 规范化\阳101H32\阳101H32 邻井压力监测\阳101H32-4-22段压裂施工-1、2、3、5、6、7井压力监测（叠合图）.xlsx,1.邻井压力监测表,5,无可唯一匹配施工事件,4/22
E:\压裂窜扰项目\02 规范化\阳101H32\阳101H32 邻井压力监测\阳101H32-4-22段压裂施工-1、2、3、5、6、7井压力监测（叠合图）.xlsx,1.邻井压力监测表,6,无可唯一匹配施工事件,4/22
E:\压裂窜扰项目\02 规范化\阳101H32\阳101H32 邻井压力监测\阳101H32-4-22段压裂施工-1、2、3、5、6、7井压力监测（叠合图）.xlsx,1.邻井压力监测表,7,无可唯一匹配施工事件,4/22
E:\压裂窜扰项目\02 规范化\阳101H32\阳101H32 邻井压力监测\阳101H32-4-22段压裂施工-1、2、3、5、6、7井压力监测（叠合图）.xlsx,Sheet1,1,无可唯一匹配施工事件,4/22
E:\压裂窜扰项目\02 规范化\阳101H32\阳101H32 邻井压力监测\阳101H32-4-22段压裂施工-1、2、3、5、6、7井压力监测（叠合图）.xlsx,Sheet1,2,无可唯一匹配施工事件,4/22
E:\压裂窜扰项目\02 规范化\阳101H32\阳101H32 邻井压力监测\阳101H32-4-22段压裂施工-1、2、3、5、6、7井压力监测（叠合图）.xlsx,Sheet1,3,无可唯一匹配施工事件,4/22
E:\压裂窜扰项目\02 规范化\阳101H32\阳101H32 邻井压力监测\阳101H32-4-22段压裂施工-1、2、3、5、6、7井压力监测（叠合图）.xlsx,Sheet1,5,无可唯一匹配施工事件,4/22
E:\压裂窜扰项目\02 规范化\阳101H32\阳101H32 邻井压力监测\阳101H32-4-22段压裂施工-1、2、3、5、6、7井压力监测（叠合图）.xlsx,Sheet1,6,无可唯一匹配施工事件,4/22
E:\压裂窜扰项目\02 规范化\阳101H32\阳101H32 邻井压力监测\阳101H32-4-22段压裂施工-1、2、3、5、6、7井压力监测（叠合图）.xlsx,Sheet1,7,无可唯一匹配施工事件,4/22
E:\压裂窜扰项目\02 规范化\阳101H32\阳101H32 邻井压力监测\阳101H32-4井第2段施工邻井监测20251120.xlsx,Sheet1,4,施工井自身压力通道,
E:\压裂窜扰项目\02 规范化\阳101H32\阳101H32 邻井压力监测\阳101H32-5井第10段压裂施工报表.xlsx,,,未解析出压力通道,[]
E:\压裂窜扰项目\02 规范化\阳101H32\阳101H32 邻井压力监测\阳101H32-5井第12段压裂施工曲分秒点.xlsx,,,未解析出压力通道,[]
E:\压裂窜扰项目\02 规范化\阳101H32\阳101H32 邻井压力监测\阳101H32-5井第18段压裂施工分秒点.xlsx,,,未解析出压力通道,[]
E:\压裂窜扰项目\02 规范化\阳101H32\阳101H32 邻井压力监测\阳101H32-5井第18段压裂施工报表.xlsx,,,未解析出压力通道,[]
E:\压裂窜扰项目\02 规范化\阳101H32\阳101H32 邻井压力监测\阳101H32-5井第20段压裂施工分秒点.xlsx,,,未解析出压力通道,[]
E:\压裂窜扰项目\02 规范化\阳101H32\阳101H32 邻井压力监测\阳101H32-5井第20段压裂施工报表.xlsx,,,未解析出压力通道,[]
E:\压裂窜扰项目\02 规范化\阳101H32\阳101H32 邻井压力监测\阳101H32-6-10段压裂施工-2、5井秒点压力监测.xlsx,导出数据,5,同名井段绝对日期不重叠,pressure 1763828940.0 pump 1763796530.0
E:\压裂窜扰项目\02 规范化\阳101H32\阳101H32 邻井压力监测\阳101H32-6-10段压裂施工-2、5井秒点压力监测.xlsx,导出数据,2,同名井段绝对日期不重叠,pressure 1763828940.0 pump 1763796530.0
E:\压裂窜扰项目\02 规范化\阳101H32\阳101H32 邻井压力监测\阳101H32-6-5段压裂施工-11、14井压力监测.xlsx,Sheet1,6,施工井自身压力通道,
E:\压裂窜扰项目\02 规范化\阳101H32\阳101H32 邻井压力监测\阳101H32-6-9段压裂施工-1、2、3、4、5、7井压力监测.xlsx,1.邻井压力监测表,6,施工井自身压力通道,
E:\压裂窜扰项目\02 规范化\阳101H32\阳101H32 邻井压力监测\阳101H32-6井第7段   阳101H2平台邻井情况  20251117.xlsx,Sheet1,6,施工井自身压力通道,
E:\压裂窜扰项目\02 规范化\阳101H32\阳101H32 邻井压力监测\阳101H32_2井_2井第6段_压力监测数据表    叠合图  .xlsx,,,未解析出压力通道,[]
E:\压裂窜扰项目\02 规范化\阳101H32\阳101H32 邻井压力监测\阳101H32_压窜数据统计.xlsx,,,未解析出压力通道,"['2井:no_time_column', '4井:no_time_column', '5井:no_time_column', '6井:no_time_column', '左右最大值:no_time_column']"
E:\压裂窜扰项目\02 规范化\阳101H33\阳101H33 邻井压力监测\阳101H33-3-10段压裂施工-邻井压力监测.xlsx,,,未解析出压力通道,[]
E:\压裂窜扰项目\02 规范化\阳101H33\阳101H33 邻井压力监测\阳101H33-4-10段压裂施工-邻井压力监测.xlsx,4井第10段压裂期间临井监测数据,3,无可唯一匹配施工事件,4/10
E:\压裂窜扰项目\02 规范化\阳101H33\阳101H33 邻井压力监测\阳101H33-4-2段压裂施工-邻井压力监测.xlsx,4井第2段压裂邻井监测数据,3,无可唯一匹配施工事件,4/2
E:\压裂窜扰项目\02 规范化\阳101H33\阳101H33 邻井压力监测\阳101H33-4-3段压裂施工-3井压力监测.xlsx,4-3-3,3,无可唯一匹配施工事件,4/3
E:\压裂窜扰项目\02 规范化\阳101H33\阳101H33 邻井压力监测\阳101H33-4-3段压裂施工-邻井压力监测.xlsx,四井第三段邻井压裂监测,3,无可唯一匹配施工事件,4/3
E:\压裂窜扰项目\02 规范化\阳101H33\阳101H33 邻井压力监测\阳101H33-4-7段压裂施工-邻井压力监测.xlsx,4井7段压裂邻井监测数据,3,无可唯一匹配施工事件,4/7
E:\压裂窜扰项目\02 规范化\阳101H33\阳101H33 邻井压力监测\阳101H33-4-8段压裂施工-3井压力监测.xlsx,4-8-3,3,无可唯一匹配施工事件,4/8
E:\压裂窜扰项目\02 规范化\阳101H33\阳101H33 邻井压力监测\阳101H33-4-8段压裂施工-邻井压力监测.xlsx,4井8段压裂邻井监测数据,3,无可唯一匹配施工事件,4/8
E:\压裂窜扰项目\02 规范化\阳101H33\阳101H33 邻井压力监测\阳101H33-4-9段压裂施工-邻井压力监测.xlsx,4井9段压裂期间邻井监测数据,3,无可唯一匹配施工事件,4/9
E:\压裂窜扰项目\02 规范化\阳101H33\阳101H33 邻井压力监测\阳101H33-matlab_H33-4.xlsx,4-8-3,3,无可唯一匹配施工事件,/
E:\压裂窜扰项目\02 规范化\阳101H33\阳101H33 邻井压力监测\阳101H33-matlab_H33-4.xlsx,4-3-3,3,无可唯一匹配施工事件,/
E:\压裂窜扰项目\02 规范化\阳101H34\阳101H34 邻井压力监测\阳101H34-4-12段压裂施工-2井秒点压力监测.xls,导出数据,2,无可唯一匹配施工事件,4/12
E:\压裂窜扰项目\02 规范化\阳101H34\阳101H34 邻井压力监测\阳101H34-4-12段压裂施工-3井秒点压力监测.xls,导出数据,3,无可唯一匹配施工事件,4/12
E:\压裂窜扰项目\02 规范化\阳101H35\阳101H35 邻井压力监测\1井压裂期间邻井压力检测_1井第13段 压裂质量数量监控表（邻井压力、井口、砂量） .xlsx,1.邻井压力监测表,2,无可唯一匹配施工事件,1/13
E:\压裂窜扰项目\02 规范化\阳101H35\阳101H35 邻井压力监测\1井压裂期间邻井压力检测_1井第13段 压裂质量数量监控表（邻井压力、井口、砂量） .xlsx,1.邻井压力监测表,3,无可唯一匹配施工事件,1/13
E:\压裂窜扰项目\02 规范化\阳101H35\阳101H35 邻井压力监测\1井压裂期间邻井压力检测_1井第13段 压裂质量数量监控表（邻井压力、井口、砂量） .xlsx,1.邻井压力监测表,4,无可唯一匹配施工事件,1/13
E:\压裂窜扰项目\02 规范化\阳101H35\阳101H35 邻井压力监测\1井压裂期间邻井压力检测_1井第14段 压裂质量数量监控表（邻井压力、井口、砂量）  .xlsx,1.邻井压力监测表,2,无可唯一匹配施工事件,1/14
E:\压裂窜扰项目\02 规范化\阳101H35\阳101H35 邻井压力监测\1井压裂期间邻井压力检测_1井第14段 压裂质量数量监控表（邻井压力、井口、砂量）  .xlsx,1.邻井压力监测表,3,无可唯一匹配施工事件,1/14
E:\压裂窜扰项目\02 规范化\阳101H35\阳101H35 邻井压力监测\1井压裂期间邻井压力检测_1井第14段 压裂质量数量监控表（邻井压力、井口、砂量）  .xlsx,1.邻井压力监测表,4,无可唯一匹配施工事件,1/14
E:\压裂窜扰项目\02 规范化\阳101H35\阳101H35 邻井压力监测\1井压裂期间邻井压力检测_1井第15段 压裂质量数量监控表（邻井压力、井口、砂量）.xlsx,1.邻井压力监测表,2,无可唯一匹配施工事件,1/15
E:\压裂窜扰项目\02 规范化\阳101H35\阳101H35 邻井压力监测\1井压裂期间邻井压力检测_1井第15段 压裂质量数量监控表（邻井压力、井口、砂量）.xlsx,1.邻井压力监测表,3,无可唯一匹配施工事件,1/15
E:\压裂窜扰项目\02 规范化\阳101H35\阳101H35 邻井压力监测\1井压裂期间邻井压力检测_1井第15段 压裂质量数量监控表（邻井压力、井口、砂量）.xlsx,1.邻井压力监测表,4,无可唯一匹配施工事件,1/15
E:\压裂窜扰项目\02 规范化\阳101H35\阳101H35 邻井压力监测\1井压裂期间邻井压力检测_1井第16段 压裂质量数量监控表（邻井压力、井口、砂量）.xlsx,,,未解析出压力通道,[]
E:\压裂窜扰项目\02 规范化\阳101H35\阳101H35 邻井压力监测\1井压裂期间邻井压力检测_1井第17段 压裂质量数量监控表（邻井压力、井口、砂量）.xlsx,1.邻井压力监测表,2,无可唯一匹配施工事件,1/17
E:\压裂窜扰项目\02 规范化\阳101H35\阳101H35 邻井压力监测\1井压裂期间邻井压力检测_1井第17段 压裂质量数量监控表（邻井压力、井口、砂量）.xlsx,1.邻井压力监测表,3,无可唯一匹配施工事件,1/17
E:\压裂窜扰项目\02 规范化\阳101H35\阳101H35 邻井压力监测\1井压裂期间邻井压力检测_1井第17段 压裂质量数量监控表（邻井压力、井口、砂量）.xlsx,1.邻井压力监测表,4,无可唯一匹配施工事件,1/17
E:\压裂窜扰项目\02 规范化\阳101H35\阳101H35 邻井压力监测\1井压裂期间邻井压力检测_1井第18段 压裂质量数量监控表（邻井压力、井口、砂量）.xlsx,,,未解析出压力通道,[]
E:\压裂窜扰项目\02 规范化\阳101H35\阳101H35 邻井压力监测\1井压裂期间邻井压力检测_1井第1段 压裂质量数量监控表（邻井压力、井口、砂量）.xlsx,1.邻井压力监测表,2,无可唯一匹配施工事件,1/1
E:\压裂窜扰项目\02 规范化\阳101H35\阳101H35 邻井压力监测\1井压裂期间邻井压力检测_1井第1段 压裂质量数量监控表（邻井压力、井口、砂量）.xlsx,1.邻井压力监测表,3,无可唯一匹配施工事件,1/1
E:\压裂窜扰项目\02 规范化\阳101H35\阳101H35 邻井压力监测\1井压裂期间邻井压力检测_1井第1段 压裂质量数量监控表（邻井压力、井口、砂量）.xlsx,1.邻井压力监测表,4,无可唯一匹配施工事件,1/1
E:\压裂窜扰项目\02 规范化\阳101H35\阳101H35 邻井压力监测\1井压裂期间邻井压力检测_1井第20段 压裂质量数量监控表（邻井压力、井口、砂量）.xlsx,1.邻井压力监测表,2,无可唯一匹配施工事件,1/20
E:\压裂窜扰项目\02 规范化\阳101H35\阳101H35 邻井压力监测\1井压裂期间邻井压力检测_1井第20段 压裂质量数量监控表（邻井压力、井口、砂量）.xlsx,1.邻井压力监测表,3,无可唯一匹配施工事件,1/20
E:\压裂窜扰项目\02 规范化\阳101H35\阳101H35 邻井压力监测\1井压裂期间邻井压力检测_1井第20段 压裂质量数量监控表（邻井压力、井口、砂量）.xlsx,1.邻井压力监测表,4,无可唯一匹配施工事件,1/20
E:\压裂窜扰项目\02 规范化\阳101H35\阳101H35 邻井压力监测\1井压裂期间邻井压力检测_1井第21段 压裂质量数量监控表（邻井压力、井口、砂量）.xlsx,1.邻井压力监测表,2,无可唯一匹配施工事件,1/21
E:\压裂窜扰项目\02 规范化\阳101H35\阳101H35 邻井压力监测\1井压裂期间邻井压力检测_1井第21段 压裂质量数量监控表（邻井压力、井口、砂量）.xlsx,1.邻井压力监测表,3,无可唯一匹配施工事件,1/21
E:\压裂窜扰项目\02 规范化\阳101H35\阳101H35 邻井压力监测\1井压裂期间邻井压力检测_1井第21段 压裂质量数量监控表（邻井压力、井口、砂量）.xlsx,1.邻井压力监测表,4,无可唯一匹配施工事件,1/21
E:\压裂窜扰项目\02 规范化\阳101H35\阳101H35 邻井压力监测\1井压裂期间邻井压力检测_1井第22段 压裂质量数量监控表（邻井压力、井口、砂量）.xlsx,1.邻井压力监测表,2,无可唯一匹配施工事件,1/22
E:\压裂窜扰项目\02 规范化\阳101H35\阳101H35 邻井压力监测\1井压裂期间邻井压力检测_1井第22段 压裂质量数量监控表（邻井压力、井口、砂量）.xlsx,1.邻井压力监测表,3,无可唯一匹配施工事件,1/22
E:\压裂窜扰项目\02 规范化\阳101H35\阳101H35 邻井压力监测\1井压裂期间邻井压力检测_1井第22段 压裂质量数量监控表（邻井压力、井口、砂量）.xlsx,1.邻井压力监测表,4,无可唯一匹配施工事件,1/22
E:\压裂窜扰项目\02 规范化\阳101H35\阳101H35 邻井压力监测\1井压裂期间邻井压力检测_1井第23段 压裂质量数量监控表（邻井压力、井口、砂量）.xlsx,1.邻井压力监测表,2,无可唯一匹配施工事件,1/23
E:\压裂窜扰项目\02 规范化\阳101H35\阳101H35 邻井压力监测\1井压裂期间邻井压力检测_1井第23段 压裂质量数量监控表（邻井压力、井口、砂量）.xlsx,1.邻井压力监测表,3,无可唯一匹配施工事件,1/23
E:\压裂窜扰项目\02 规范化\阳101H35\阳101H35 邻井压力监测\1井压裂期间邻井压力检测_1井第23段 压裂质量数量监控表（邻井压力、井口、砂量）.xlsx,1.邻井压力监测表,4,无可唯一匹配施工事件,1/23
E:\压裂窜扰项目\02 规范化\阳101H35\阳101H35 邻井压力监测\1井压裂期间邻井压力检测_1井第5段 压裂质量数量监控表（邻井压力、井口、砂量）.xlsx,,,未解析出压力通道,[]
E:\压裂窜扰项目\02 规范化\阳101H35\阳101H35 邻井压力监测\1井压裂期间邻井压力检测_1井第7段 压裂质量数量监控表（邻井压力、井口、砂量）.xlsx,,,未解析出压力通道,[]
E:\压裂窜扰项目\02 规范化\阳101H35\阳101H35 邻井压力监测\2井压裂期间邻井压力检测_2井第10段 压裂质量数量监控表（邻井压力、井口、砂量） .xlsx,1.邻井压力监测表,1,无可唯一匹配施工事件,2/10
E:\压裂窜扰项目\02 规范化\阳101H35\阳101H35 邻井压力监测\2井压裂期间邻井压力检测_2井第10段 压裂质量数量监控表（邻井压力、井口、砂量） .xlsx,1.邻井压力监测表,3,无可唯一匹配施工事件,2/10
E:\压裂窜扰项目\02 规范化\阳101H35\阳101H35 邻井压力监测\2井压裂期间邻井压力检测_2井第10段 压裂质量数量监控表（邻井压力、井口、砂量） .xlsx,1.邻井压力监测表,4,无可唯一匹配施工事件,2/10
E:\压裂窜扰项目\02 规范化\阳101H35\阳101H35 邻井压力监测\2井压裂期间邻井压力检测_2井第11段 压裂质量数量监控表（邻井压力、井口、砂量）.xlsx,,,未解析出压力通道,[]
E:\压裂窜扰项目\02 规范化\阳101H35\阳101H35 邻井压力监测\2井压裂期间邻井压力检测_2井第14段 压裂质量数量监控表（邻井压力、井口、砂量）.xlsx,1.邻井压力监测表,1,无可唯一匹配施工事件,2/14
E:\压裂窜扰项目\02 规范化\阳101H35\阳101H35 邻井压力监测\2井压裂期间邻井压力检测_2井第14段 压裂质量数量监控表（邻井压力、井口、砂量）.xlsx,1.邻井压力监测表,3,无可唯一匹配施工事件,2/14
E:\压裂窜扰项目\02 规范化\阳101H35\阳101H35 邻井压力监测\2井压裂期间邻井压力检测_2井第14段 压裂质量数量监控表（邻井压力、井口、砂量）.xlsx,1.邻井压力监测表,4,无可唯一匹配施工事件,2/14
E:\压裂窜扰项目\02 规范化\阳101H35\阳101H35 邻井压力监测\2井压裂期间邻井压力检测_2井第15段 压裂质量数量监控表（邻井压力、井口、砂量）.xlsx,,,未解析出压力通道,[]
E:\压裂窜扰项目\02 规范化\阳101H35\阳101H35 邻井压力监测\2井压裂期间邻井压力检测_2井第16段 压裂质量数量监控表（邻井压力、井口、砂量）.xlsx,1.邻井压力监测表,1,无可唯一匹配施工事件,2/16
E:\压裂窜扰项目\02 规范化\阳101H35\阳101H35 邻井压力监测\2井压裂期间邻井压力检测_2井第16段 压裂质量数量监控表（邻井压力、井口、砂量）.xlsx,1.邻井压力监测表,3,无可唯一匹配施工事件,2/16
E:\压裂窜扰项目\02 规范化\阳101H35\阳101H35 邻井压力监测\2井压裂期间邻井压力检测_2井第16段 压裂质量数量监控表（邻井压力、井口、砂量）.xlsx,1.邻井压力监测表,4,无可唯一匹配施工事件,2/16
E:\压裂窜扰项目\02 规范化\阳101H35\阳101H35 邻井压力监测\2井压裂期间邻井压力检测_2井第17段 压裂质量数量监控表（邻井压力、井口、砂量）.xlsx,1.邻井压力监测表,1,无可唯一匹配施工事件,2/17
E:\压裂窜扰项目\02 规范化\阳101H35\阳101H35 邻井压力监测\2井压裂期间邻井压力检测_2井第17段 压裂质量数量监控表（邻井压力、井口、砂量）.xlsx,1.邻井压力监测表,3,无可唯一匹配施工事件,2/17
E:\压裂窜扰项目\02 规范化\阳101H35\阳101H35 邻井压力监测\2井压裂期间邻井压力检测_2井第17段 压裂质量数量监控表（邻井压力、井口、砂量）.xlsx,1.邻井压力监测表,4,无可唯一匹配施工事件,2/17
E:\压裂窜扰项目\02 规范化\阳101H35\阳101H35 邻井压力监测\2井压裂期间邻井压力检测_2井第18段 压裂质量数量监控表（邻井压力、井口、砂量）.xlsx,,,未解析出压力通道,[]
E:\压裂窜扰项目\02 规范化\阳101H35\阳101H35 邻井压力监测\2井压裂期间邻井压力检测_2井第19段 压裂质量数量监控表（邻井压力、井口、砂量） .xlsx,,,未解析出压力通道,[]
E:\压裂窜扰项目\02 规范化\阳101H35\阳101H35 邻井压力监测\2井压裂期间邻井压力检测_2井第20段 压裂质量数量监控表（邻井压力、井口、砂量）  .xlsx,,,未解析出压力通道,[]
E:\压裂窜扰项目\02 规范化\阳101H35\阳101H35 邻井压力监测\2井压裂期间邻井压力检测_2井第21段 压裂质量数量监控表（邻井压力、井口、砂量）  .xlsx,1.邻井压力监测表,1,无可唯一匹配施工事件,2/21
E:\压裂窜扰项目\02 规范化\阳101H35\阳101H35 邻井压力监测\2井压裂期间邻井压力检测_2井第21段 压裂质量数量监控表（邻井压力、井口、砂量）  .xlsx,1.邻井压力监测表,3,无可唯一匹配施工事件,2/21
E:\压裂窜扰项目\02 规范化\阳101H35\阳101H35 邻井压力监测\2井压裂期间邻井压力检测_2井第21段 压裂质量数量监控表（邻井压力、井口、砂量）  .xlsx,1.邻井压力监测表,4,无可唯一匹配施工事件,2/21
E:\压裂窜扰项目\02 规范化\阳101H35\阳101H35 邻井压力监测\2井压裂期间邻井压力检测_2井第8段 压裂质量数量监控表（邻井压力、井口、砂量）.xlsx,,,未解析出压力通道,[]
E:\压裂窜扰项目\02 规范化\阳101H35\阳101H35 邻井压力监测\2井压裂期间邻井压力检测_2井第9段 压裂质量数量监控表（邻井压力、井口、砂量） .xlsx,,,未解析出压力通道,[]
E:\压裂窜扰项目\02 规范化\阳101H35\阳101H35 邻井压力监测\35平台压裂期间36平台压力分钟数据_(1)井_1#流程_分钟数据4月11日0点至4月21日0点.csv,,,未解析出压力通道,[]
E:\压裂窜扰项目\02 规范化\阳101H35\阳101H35 邻井压力监测\35平台压裂期间36平台压力分钟数据_(1)井_1#流程_分钟数据4月21日0点至4月30日0点.csv,,,未解析出压力通道,[]
E:\压裂窜扰项目\02 规范化\阳101H35\阳101H35 邻井压力监测\35平台压裂期间36平台压力分钟数据_(1)井_1#流程_分钟数据4月30日0点至5月19日0点.csv,,,未解析出压力通道,[]
E:\压裂窜扰项目\02 规范化\阳101H35\阳101H35 邻井压力监测\35平台压裂期间36平台压力分钟数据_(1)井_1#流程_分钟数据5月19日0点至5月31日0点.csv,,,未解析出压力通道,[]
E:\压裂窜扰项目\02 规范化\阳101H35\阳101H35 邻井压力监测\35平台压裂期间36平台压力分钟数据_(1)井_1#流程_分钟数据5月31日0点至6月19日0点.csv,,,未解析出压力通道,[]
E:\压裂窜扰项目\02 规范化\阳101H35\阳101H35 邻井压力监测\35平台压裂期间36平台压力分钟数据_(1)井_1#流程_分钟数据6月19日0点至7月05日14：53.csv,,,未解析出压力通道,[]
E:\压裂窜扰项目\02 规范化\阳101H35\阳101H35 邻井压力监测\35平台压裂期间36平台压力分钟数据_(2)井_2#流程_分钟数据4月11日0点至4月30日0点.csv,,,未解析出压力通道,[]
E:\压裂窜扰项目\02 规范化\阳101H35\阳101H35 邻井压力监测\35平台压裂期间36平台压力分钟数据_(2)井_2#流程_分钟数据4月30日0点至5月19日0点.csv,,,未解析出压力通道,[]
E:\压裂窜扰项目\02 规范化\阳101H35\阳101H35 邻井压力监测\35平台压裂期间36平台压力分钟数据_(2)井_2#流程_分钟数据5月19日0点至5月31日0点.csv,,,未解析出压力通道,[]
E:\压裂窜扰项目\02 规范化\阳101H35\阳101H35 邻井压力监测\35平台压裂期间36平台压力分钟数据_(2)井_2#流程_分钟数据5月31日0点至6月19日0点.csv,,,未解析出压力通道,[]
E:\压裂窜扰项目\02 规范化\阳101H35\阳101H35 邻井压力监测\35平台压裂期间36平台压力分钟数据_(2)井_2#流程_分钟数据6月19日0点至7月05日14：53.csv,,,未解析出压力通道,[]
E:\压裂窜扰项目\02 规范化\阳101H35\阳101H35 邻井压力监测\35平台压裂期间36平台压力分钟数据_(3)井_3#流程_分钟数据4月11日0点至4月30日0点.csv,,,未解析出压力通道,[]
E:\压裂窜扰项目\02 规范化\阳101H35\阳101H35 邻井压力监测\35平台压裂期间36平台压力分钟数据_(3)井_3#流程_分钟数据4月30日0点至5月19日0点.csv,,,未解析出压力通道,[]
E:\压裂窜扰项目\02 规范化\阳101H35\阳101H35 邻井压力监测\35平台压裂期间36平台压力分钟数据_(3)井_3#流程_分钟数据5月19日0点至5月31日0点.csv,,,未解析出压力通道,[]
E:\压裂窜扰项目\02 规范化\阳101H35\阳101H35 邻井压力监测\35平台压裂期间36平台压力分钟数据_(3)井_3#流程_分钟数据5月31日0点至6月19日0点.csv,,,未解析出压力通道,[]
E:\压裂窜扰项目\02 规范化\阳101H35\阳101H35 邻井压力监测\35平台压裂期间36平台压力分钟数据_(3)井_3#流程_分钟数据6月19日0点至7月05日14：53.csv,,,未解析出压力通道,[]
E:\压裂窜扰项目\02 规范化\阳101H35\阳101H35 邻井压力监测\35平台压裂期间36平台压力分钟数据_(4)井_4#流程_分钟数据4月11日0点至4月30日0点.csv,,,未解析出压力通道,[]
E:\压裂窜扰项目\02 规范化\阳101H35\阳101H35 邻井压力监测\35平台压裂期间36平台压力分钟数据_(4)井_4#流程_分钟数据4月30日0点至5月19日0点.csv,,,未解析出压力通道,[]
E:\压裂窜扰项目\02 规范化\阳101H35\阳101H35 邻井压力监测\35平台压裂期间36平台压力分钟数据_(4)井_4#流程_分钟数据5月19日0点至5月31日0点.csv,,,未解析出压力通道,[]
E:\压裂窜扰项目\02 规范化\阳101H35\阳101H35 邻井压力监测\35平台压裂期间36平台压力分钟数据_(4)井_4#流程_分钟数据5月31日0点至6月19日0点.csv,,,未解析出压力通道,[]
E:\压裂窜扰项目\02 规范化\阳101H35\阳101H35 邻井压力监测\35平台压裂期间36平台压力分钟数据_(4)井_4#流程_分钟数据6月19日0点至7月05日14：53.csv,,,未解析出压力通道,[]
E:\压裂窜扰项目\02 规范化\阳101H35\阳101H35 邻井压力监测\35平台压裂期间36平台压力分钟数据_(5)井_5#流程_分钟数据4月11日0点至4月30日0点.csv,,,未解析出压力通道,[]
E:\压裂窜扰项目\02 规范化\阳101H35\阳101H35 邻井压力监测\35平台压裂期间36平台压力分钟数据_(5)井_5#流程_分钟数据4月30日0点至5月19日0点.csv,,,未解析出压力通道,[]
E:\压裂窜扰项目\02 规范化\阳101H35\阳101H35 邻井压力监测\35平台压裂期间36平台压力分钟数据_(5)井_5#流程_分钟数据5月19日0点至5月31日0点.csv,,,未解析出压力通道,[]
E:\压裂窜扰项目\02 规范化\阳101H35\阳101H35 邻井压力监测\35平台压裂期间36平台压力分钟数据_(5)井_5#流程_分钟数据5月31日0点至6月19日0点.csv,,,未解析出压力通道,[]
E:\压裂窜扰项目\02 规范化\阳101H35\阳101H35 邻井压力监测\35平台压裂期间36平台压力分钟数据_(5)井_5#流程_分钟数据6月19日0点至7月05日14：53.csv,,,未解析出压力通道,[]
E:\压裂窜扰项目\02 规范化\阳101H35\阳101H35 邻井压力监测\35平台压裂期间36平台压力分钟数据_(6)井_6#流程_分钟数据4月11日0点至4月30日0点.csv,,,未解析出压力通道,[]
E:\压裂窜扰项目\02 规范化\阳101H35\阳101H35 邻井压力监测\35平台压裂期间36平台压力分钟数据_(6)井_6#流程_分钟数据4月30日0点至5月19日0点.csv,,,未解析出压力通道,[]
E:\压裂窜扰项目\02 规范化\阳101H35\阳101H35 邻井压力监测\35平台压裂期间36平台压力分钟数据_(6)井_6#流程_分钟数据5月19日0点至5月31日0点.csv,,,未解析出压力通道,[]
E:\压裂窜扰项目\02 规范化\阳101H35\阳101H35 邻井压力监测\35平台压裂期间36平台压力分钟数据_(6)井_6#流程_分钟数据5月31日0点至6月19日0点.csv,,,未解析出压力通道,[]
E:\压裂窜扰项目\02 规范化\阳101H35\阳101H35 邻井压力监测\35平台压裂期间36平台压力分钟数据_(6)井_6#流程_分钟数据6月19日0点至7月05日14：53.csv,,,未解析出压力通道,[]
E:\压裂窜扰项目\02 规范化\阳101H35\阳101H35 邻井压力监测\35平台压裂期间36平台压力分钟数据_(7)井_7#流程_分钟数据4月11日0点至4月30日0点.csv,,,未解析出压力通道,[]
E:\压裂窜扰项目\02 规范化\阳101H35\阳101H35 邻井压力监测\35平台压裂期间36平台压力分钟数据_(7)井_7#流程_分钟数据4月30日0点至5月19日0点.csv,,,未解析出压力通道,[]
E:\压裂窜扰项目\02 规范化\阳101H35\阳101H35 邻井压力监测\35平台压裂期间36平台压力分钟数据_(7)井_7#流程_分钟数据5月19日0点至5月31日0点.csv,,,未解析出压力通道,[]
E:\压裂窜扰项目\02 规范化\阳101H35\阳101H35 邻井压力监测\35平台压裂期间36平台压力分钟数据_(7)井_7#流程_分钟数据5月31日0点至6月19日0点.csv,,,未解析出压力通道,[]
E:\压裂窜扰项目\02 规范化\阳101H35\阳101H35 邻井压力监测\35平台压裂期间36平台压力分钟数据_(7)井_7#流程_分钟数据6月19日0点至7月05日14：53.csv,,,未解析出压力通道,[]
E:\压裂窜扰项目\02 规范化\阳101H35\阳101H35 邻井压力监测\3井压裂期间邻井压力检测_3井第10段 压裂质量数量监控表（邻井压力、井口、砂量）.xlsx,1.邻井压力监测表,1,无可唯一匹配施工事件,3/10
E:\压裂窜扰项目\02 规范化\阳101H35\阳101H35 邻井压力监测\3井压裂期间邻井压力检测_3井第10段 压裂质量数量监控表（邻井压力、井口、砂量）.xlsx,1.邻井压力监测表,2,无可唯一匹配施工事件,3/10
E:\压裂窜扰项目\02 规范化\阳101H35\阳101H35 邻井压力监测\3井压裂期间邻井压力检测_3井第10段 压裂质量数量监控表（邻井压力、井口、砂量）.xlsx,1.邻井压力监测表,4,无可唯一匹配施工事件,3/10
E:\压裂窜扰项目\02 规范化\阳101H35\阳101H35 邻井压力监测\3井压裂期间邻井压力检测_3井第12段 压裂质量数量监控表（邻井压力、井口、砂量） .xlsx,1.邻井压力监测表,1,无可唯一匹配施工事件,3/12
E:\压裂窜扰项目\02 规范化\阳101H35\阳101H35 邻井压力监测\3井压裂期间邻井压力检测_3井第12段 压裂质量数量监控表（邻井压力、井口、砂量） .xlsx,1.邻井压力监测表,2,无可唯一匹配施工事件,3/12
E:\压裂窜扰项目\02 规范化\阳101H35\阳101H35 邻井压力监测\3井压裂期间邻井压力检测_3井第12段 压裂质量数量监控表（邻井压力、井口、砂量） .xlsx,1.邻井压力监测表,4,无可唯一匹配施工事件,3/12
E:\压裂窜扰项目\02 规范化\阳101H35\阳101H35 邻井压力监测\3井压裂期间邻井压力检测_3井第14段 压裂质量数量监控表（邻井压力、井口、砂量） .xlsx,1.邻井压力监测表,1,无可唯一匹配施工事件,3/14
E:\压裂窜扰项目\02 规范化\阳101H35\阳101H35 邻井压力监测\3井压裂期间邻井压力检测_3井第14段 压裂质量数量监控表（邻井压力、井口、砂量） .xlsx,1.邻井压力监测表,2,无可唯一匹配施工事件,3/14
E:\压裂窜扰项目\02 规范化\阳101H35\阳101H35 邻井压力监测\3井压裂期间邻井压力检测_3井第14段 压裂质量数量监控表（邻井压力、井口、砂量） .xlsx,1.邻井压力监测表,4,无可唯一匹配施工事件,3/14
E:\压裂窜扰项目\02 规范化\阳101H35\阳101H35 邻井压力监测\3井压裂期间邻井压力检测_3井第15段 压裂质量数量监控表（邻井压力、井口、砂量）.xlsx,1.邻井压力监测表,1,无可唯一匹配施工事件,3/15
E:\压裂窜扰项目\02 规范化\阳101H35\阳101H35 邻井压力监测\3井压裂期间邻井压力检测_3井第15段 压裂质量数量监控表（邻井压力、井口、砂量）.xlsx,1.邻井压力监测表,2,无可唯一匹配施工事件,3/15
E:\压裂窜扰项目\02 规范化\阳101H35\阳101H35 邻井压力监测\3井压裂期间邻井压力检测_3井第15段 压裂质量数量监控表（邻井压力、井口、砂量）.xlsx,1.邻井压力监测表,4,无可唯一匹配施工事件,3/15
E:\压裂窜扰项目\02 规范化\阳101H35\阳101H35 邻井压力监测\3井压裂期间邻井压力检测_3井第16段 压裂质量数量监控表（邻井压力、井口、砂量）.xlsx,1.邻井压力监测表,1,无可唯一匹配施工事件,3/16
E:\压裂窜扰项目\02 规范化\阳101H35\阳101H35 邻井压力监测\3井压裂期间邻井压力检测_3井第16段 压裂质量数量监控表（邻井压力、井口、砂量）.xlsx,1.邻井压力监测表,2,无可唯一匹配施工事件,3/16
E:\压裂窜扰项目\02 规范化\阳101H35\阳101H35 邻井压力监测\3井压裂期间邻井压力检测_3井第16段 压裂质量数量监控表（邻井压力、井口、砂量）.xlsx,1.邻井压力监测表,4,无可唯一匹配施工事件,3/16
E:\压裂窜扰项目\02 规范化\阳101H35\阳101H35 邻井压力监测\3井压裂期间邻井压力检测_3井第17段 压裂质量数量监控表（邻井压力、井口、砂量）.xlsx,1.邻井压力监测表,1,无可唯一匹配施工事件,3/17
E:\压裂窜扰项目\02 规范化\阳101H35\阳101H35 邻井压力监测\3井压裂期间邻井压力检测_3井第17段 压裂质量数量监控表（邻井压力、井口、砂量）.xlsx,1.邻井压力监测表,2,无可唯一匹配施工事件,3/17
E:\压裂窜扰项目\02 规范化\阳101H35\阳101H35 邻井压力监测\3井压裂期间邻井压力检测_3井第17段 压裂质量数量监控表（邻井压力、井口、砂量）.xlsx,1.邻井压力监测表,4,无可唯一匹配施工事件,3/17
E:\压裂窜扰项目\02 规范化\阳101H35\阳101H35 邻井压力监测\3井压裂期间邻井压力检测_3井第18段 压裂质量数量监控表（邻井压力、井口、砂量）.xlsx,1.邻井压力监测表,1,无可唯一匹配施工事件,3/18
E:\压裂窜扰项目\02 规范化\阳101H35\阳101H35 邻井压力监测\3井压裂期间邻井压力检测_3井第18段 压裂质量数量监控表（邻井压力、井口、砂量）.xlsx,1.邻井压力监测表,2,无可唯一匹配施工事件,3/18
E:\压裂窜扰项目\02 规范化\阳101H35\阳101H35 邻井压力监测\3井压裂期间邻井压力检测_3井第18段 压裂质量数量监控表（邻井压力、井口、砂量）.xlsx,1.邻井压力监测表,4,无可唯一匹配施工事件,3/18
E:\压裂窜扰项目\02 规范化\阳101H35\阳101H35 邻井压力监测\3井压裂期间邻井压力检测_3井第19段 压裂质量数量监控表（邻井压力、井口、砂量）.xlsx,1.邻井压力监测表,1,无可唯一匹配施工事件,3/19
E:\压裂窜扰项目\02 规范化\阳101H35\阳101H35 邻井压力监测\3井压裂期间邻井压力检测_3井第19段 压裂质量数量监控表（邻井压力、井口、砂量）.xlsx,1.邻井压力监测表,2,无可唯一匹配施工事件,3/19
E:\压裂窜扰项目\02 规范化\阳101H35\阳101H35 邻井压力监测\3井压裂期间邻井压力检测_3井第19段 压裂质量数量监控表（邻井压力、井口、砂量）.xlsx,1.邻井压力监测表,4,无可唯一匹配施工事件,3/19
E:\压裂窜扰项目\02 规范化\阳101H35\阳101H35 邻井压力监测\3井压裂期间邻井压力检测_3井第1段 压裂质量数量监控表（邻井压力、井口、砂量）.xlsx,1.邻井压力监测表,1,无可唯一匹配施工事件,3/1
E:\压裂窜扰项目\02 规范化\阳101H35\阳101H35 邻井压力监测\3井压裂期间邻井压力检测_3井第1段 压裂质量数量监控表（邻井压力、井口、砂量）.xlsx,1.邻井压力监测表,2,无可唯一匹配施工事件,3/1
E:\压裂窜扰项目\02 规范化\阳101H35\阳101H35 邻井压力监测\3井压裂期间邻井压力检测_3井第1段 压裂质量数量监控表（邻井压力、井口、砂量）.xlsx,1.邻井压力监测表,4,无可唯一匹配施工事件,3/1
E:\压裂窜扰项目\02 规范化\阳101H35\阳101H35 邻井压力监测\3井压裂期间邻井压力检测_3井第20段 压裂质量数量监控表（邻井压力、井口、砂量）.xlsx,1.邻井压力监测表,1,无可唯一匹配施工事件,3/20
E:\压裂窜扰项目\02 规范化\阳101H35\阳101H35 邻井压力监测\3井压裂期间邻井压力检测_3井第20段 压裂质量数量监控表（邻井压力、井口、砂量）.xlsx,1.邻井压力监测表,2,无可唯一匹配施工事件,3/20
E:\压裂窜扰项目\02 规范化\阳101H35\阳101H35 邻井压力监测\3井压裂期间邻井压力检测_3井第20段 压裂质量数量监控表（邻井压力、井口、砂量）.xlsx,1.邻井压力监测表,4,无可唯一匹配施工事件,3/20
E:\压裂窜扰项目\02 规范化\阳101H35\阳101H35 邻井压力监测\3井压裂期间邻井压力检测_3井第21段 压裂质量数量监控表（邻井压力、井口、砂量）.xlsx,,,未解析出压力通道,[]
E:\压裂窜扰项目\02 规范化\阳101H35\阳101H35 邻井压力监测\3井压裂期间邻井压力检测_3井第22段 压裂质量数量监控表（邻井压力、井口、砂量）.xlsx,1.邻井压力监测表,1,无可唯一匹配施工事件,3/22
E:\压裂窜扰项目\02 规范化\阳101H35\阳101H35 邻井压力监测\3井压裂期间邻井压力检测_3井第22段 压裂质量数量监控表（邻井压力、井口、砂量）.xlsx,1.邻井压力监测表,2,无可唯一匹配施工事件,3/22
E:\压裂窜扰项目\02 规范化\阳101H35\阳101H35 邻井压力监测\3井压裂期间邻井压力检测_3井第22段 压裂质量数量监控表（邻井压力、井口、砂量）.xlsx,1.邻井压力监测表,4,无可唯一匹配施工事件,3/22
E:\压裂窜扰项目\02 规范化\阳101H35\阳101H35 邻井压力监测\3井压裂期间邻井压力检测_3井第2段 压裂质量数量监控表（邻井压力、井口、砂量）.xlsx,1.邻井压力监测表,1,无可唯一匹配施工事件,3/2
E:\压裂窜扰项目\02 规范化\阳101H35\阳101H35 邻井压力监测\3井压裂期间邻井压力检测_3井第2段 压裂质量数量监控表（邻井压力、井口、砂量）.xlsx,1.邻井压力监测表,2,无可唯一匹配施工事件,3/2
E:\压裂窜扰项目\02 规范化\阳101H35\阳101H35 邻井压力监测\3井压裂期间邻井压力检测_3井第2段 压裂质量数量监控表（邻井压力、井口、砂量）.xlsx,1.邻井压力监测表,4,无可唯一匹配施工事件,3/2
E:\压裂窜扰项目\02 规范化\阳101H35\阳101H35 邻井压力监测\3井压裂期间邻井压力检测_3井第3段 压裂质量数量监控表（邻井压力、井口、砂量）.xlsx,1.邻井压力监测表,1,无可唯一匹配施工事件,3/3
E:\压裂窜扰项目\02 规范化\阳101H35\阳101H35 邻井压力监测\3井压裂期间邻井压力检测_3井第3段 压裂质量数量监控表（邻井压力、井口、砂量）.xlsx,1.邻井压力监测表,2,无可唯一匹配施工事件,3/3
E:\压裂窜扰项目\02 规范化\阳101H35\阳101H35 邻井压力监测\3井压裂期间邻井压力检测_3井第3段 压裂质量数量监控表（邻井压力、井口、砂量）.xlsx,1.邻井压力监测表,4,无可唯一匹配施工事件,3/3
E:\压裂窜扰项目\02 规范化\阳101H35\阳101H35 邻井压力监测\3井压裂期间邻井压力检测_3井第4段 压裂质量数量监控表（邻井压力、井口、砂量）.xlsx,,,未解析出压力通道,[]
E:\压裂窜扰项目\02 规范化\阳101H35\阳101H35 邻井压力监测\3井压裂期间邻井压力检测_3井第5段 压裂质量数量监控表（邻井压力、井口、砂量）.xlsx,,,未解析出压力通道,[]
E:\压裂窜扰项目\02 规范化\阳101H35\阳101H35 邻井压力监测\3井压裂期间邻井压力检测_3井第6段 压裂质量数量监控表（邻井压力、井口、砂量）.xlsx,1.邻井压力监测表,1,无可唯一匹配施工事件,3/6
E:\压裂窜扰项目\02 规范化\阳101H35\阳101H35 邻井压力监测\3井压裂期间邻井压力检测_3井第6段 压裂质量数量监控表（邻井压力、井口、砂量）.xlsx,1.邻井压力监测表,2,无可唯一匹配施工事件,3/6
E:\压裂窜扰项目\02 规范化\阳101H35\阳101H35 邻井压力监测\3井压裂期间邻井压力检测_3井第6段 压裂质量数量监控表（邻井压力、井口、砂量）.xlsx,1.邻井压力监测表,4,无可唯一匹配施工事件,3/6
E:\压裂窜扰项目\02 规范化\阳101H35\阳101H35 邻井压力监测\3井压裂期间邻井压力检测_3井第7段 压裂质量数量监控表（邻井压力、井口、砂量）.xlsx,1.邻井压力监测表,1,无可唯一匹配施工事件,3/7
E:\压裂窜扰项目\02 规范化\阳101H35\阳101H35 邻井压力监测\3井压裂期间邻井压力检测_3井第7段 压裂质量数量监控表（邻井压力、井口、砂量）.xlsx,1.邻井压力监测表,2,无可唯一匹配施工事件,3/7
E:\压裂窜扰项目\02 规范化\阳101H35\阳101H35 邻井压力监测\3井压裂期间邻井压力检测_3井第7段 压裂质量数量监控表（邻井压力、井口、砂量）.xlsx,1.邻井压力监测表,4,无可唯一匹配施工事件,3/7
E:\压裂窜扰项目\02 规范化\阳101H35\阳101H35 邻井压力监测\阳101H35平台134井套压分点数据.xls,text,4,无可唯一匹配施工事件,/
E:\压裂窜扰项目\02 规范化\阳101H35\阳101H35 邻井压力监测\阳101H35平台134井套压分点数据.xls,text,3,无可唯一匹配施工事件,/
E:\压裂窜扰项目\02 规范化\阳101H35\阳101H35 邻井压力监测\阳101H35平台134井套压分点数据.xls,text,1,无可唯一匹配施工事件,/
E:\压裂窜扰项目\02 规范化\阳101H35\阳101H35 邻井压力监测\阳101H35平台134井套压秒点数据.xls,text,4,无可唯一匹配施工事件,/
E:\压裂窜扰项目\02 规范化\阳101H35\阳101H35 邻井压力监测\阳101H35平台134井套压秒点数据.xls,text,3,无可唯一匹配施工事件,/
E:\压裂窜扰项目\02 规范化\阳101H35\阳101H35 邻井压力监测\阳101H35平台134井套压秒点数据.xls,text,1,无可唯一匹配施工事件,/
E:\压裂窜扰项目\02 规范化\阳101H35\阳101H35 邻井压力监测\阳101H35平台1井、3井（5.7上午）压力分点数据.xls,text,3,无可唯一匹配施工事件,/
E:\压裂窜扰项目\02 规范化\阳101H35\阳101H35 邻井压力监测\阳101H35平台1井、3井（5.7上午）压力分点数据.xls,text,1,无可唯一匹配施工事件,/
E:\压裂窜扰项目\02 规范化\阳101H35\阳101H35 邻井压力监测\阳101H35平台1井、3井（5.7上午）压力秒点数据.xls,text,3,无可唯一匹配施工事件,/
E:\压裂窜扰项目\02 规范化\阳101H35\阳101H35 邻井压力监测\阳101H35平台1井、3井（5.7上午）压力秒点数据.xls,text,1,无可唯一匹配施工事件,/
E:\压裂窜扰项目\02 规范化\阳101H35\阳101H35 邻井压力监测\阳101H35平台1井、3井（5.7下午）压力分点数据.xls,text,3,无可唯一匹配施工事件,/
E:\压裂窜扰项目\02 规范化\阳101H35\阳101H35 邻井压力监测\阳101H35平台1井、3井（5.7下午）压力分点数据.xls,text,1,无可唯一匹配施工事件,/
E:\压裂窜扰项目\02 规范化\阳101H35\阳101H35 邻井压力监测\阳101H35平台1井、3井（5.7下午）压力秒点数据.xls,text,3,无可唯一匹配施工事件,/
E:\压裂窜扰项目\02 规范化\阳101H35\阳101H35 邻井压力监测\阳101H35平台1井、3井（5.7下午）压力秒点数据.xls,text,1,无可唯一匹配施工事件,/
E:\压裂窜扰项目\02 规范化\阳101H35\阳101H35 邻井压力监测\阳101H35平台1井、3井（5.8）压力分点数据.xls,text,3,无可唯一匹配施工事件,/
E:\压裂窜扰项目\02 规范化\阳101H35\阳101H35 邻井压力监测\阳101H35平台1井、3井（5.8）压力分点数据.xls,text,1,无可唯一匹配施工事件,/
E:\压裂窜扰项目\02 规范化\阳101H35\阳101H35 邻井压力监测\阳101H35平台1井、3井（5.8）压力秒点数据.xls,text,3,无可唯一匹配施工事件,/
E:\压裂窜扰项目\02 规范化\阳101H35\阳101H35 邻井压力监测\阳101H35平台1井、3井（5.8）压力秒点数据.xls,text,1,无可唯一匹配施工事件,/
E:\压裂窜扰项目\02 规范化\阳101H35\阳101H35 邻井压力监测\阳101H35平台1井压力分点数据（4.13-4.29）.xls,text,1,无可唯一匹配施工事件,/
E:\压裂窜扰项目\02 规范化\阳101H35\阳101H35 邻井压力监测\阳101H35平台1井压力秒点数据（4.13-4.20）.xls,,,未解析出压力通道,[]
E:\压裂窜扰项目\02 规范化\阳101H35\阳101H35 邻井压力监测\阳101H35平台1井压力秒点数据（4.20-4.29）.xls,text,1,无可唯一匹配施工事件,/
E:\压裂窜扰项目\02 规范化\阳101H35\阳101H35 邻井压力监测\阳101H35平台1井第11压裂施工曲线图秒点5.29.xlsx,Log Data,1,无可唯一匹配施工事件,/
E:\压裂窜扰项目\02 规范化\阳101H35\阳101H35 邻井压力监测\阳101H35平台1井第11压裂施工曲线图秒点5.29.xlsx,Log Data (2),1,无可唯一匹配施工事件,/
E:\压裂窜扰项目\02 规范化\阳101H35\阳101H35 邻井压力监测\阳101H35平台1井第九段压裂期间邻井分点数据5.26.xlsx,text,1,施工井自身压力通道,
E:\压裂窜扰项目\02 规范化\阳101H35\阳101H35 邻井压力监测\阳101H35平台1井第九段压裂期间邻井秒点数据5.26.xlsx,text,1,施工井自身压力通道,
E:\压裂窜扰项目\02 规范化\阳101H35\阳101H35 邻井压力监测\阳101H35平台2井压力分点数据（4.13-4.29）.xls,text,2,无可唯一匹配施工事件,/
E:\压裂窜扰项目\02 规范化\阳101H35\阳101H35 邻井压力监测\阳101H35平台2井压力秒点数据（4.13-4.20）.xls,text,2,无可唯一匹配施工事件,/
E:\压裂窜扰项目\02 规范化\阳101H35\阳101H35 邻井压力监测\阳101H35平台2井压力秒点数据（4.20-4.29）.xls,text,2,无可唯一匹配施工事件,/
E:\压裂窜扰项目\02 规范化\阳101H35\阳101H35 邻井压力监测\阳101H35平台2井压裂第十一段邻井分点数据5.23.xlsx,text,4,无可唯一匹配施工事件,/
E:\压裂窜扰项目\02 规范化\阳101H35\阳101H35 邻井压力监测\阳101H35平台2井压裂第十一段邻井分点数据5.23.xlsx,text,3,无可唯一匹配施工事件,/
E:\压裂窜扰项目\02 规范化\阳101H35\阳101H35 邻井压力监测\阳101H35平台2井压裂第十一段邻井分点数据5.23.xlsx,text,1,无可唯一匹配施工事件,/
E:\压裂窜扰项目\02 规范化\阳101H35\阳101H35 邻井压力监测\阳101H35平台2井压裂第十一段邻井秒点数据5.23.xlsx,text,4,无可唯一匹配施工事件,/
E:\压裂窜扰项目\02 规范化\阳101H35\阳101H35 邻井压力监测\阳101H35平台2井压裂第十一段邻井秒点数据5.23.xlsx,text,3,无可唯一匹配施工事件,/
E:\压裂窜扰项目\02 规范化\阳101H35\阳101H35 邻井压力监测\阳101H35平台2井压裂第十一段邻井秒点数据5.23.xlsx,text,1,无可唯一匹配施工事件,/
E:\压裂窜扰项目\02 规范化\阳101H35\阳101H35 邻井压力监测\阳101H35平台2井第八段压裂邻井分点数据2024.5.20.xls,text,4,无可唯一匹配施工事件,2/8
E:\压裂窜扰项目\02 规范化\阳101H35\阳101H35 邻井压力监测\阳101H35平台2井第八段压裂邻井分点数据2024.5.20.xls,text,3,无可唯一匹配施工事件,2/8
E:\压裂窜扰项目\02 规范化\阳101H35\阳101H35 邻井压力监测\阳101H35平台2井第八段压裂邻井分点数据2024.5.20.xls,text,1,无可唯一匹配施工事件,2/8
E:\压裂窜扰项目\02 规范化\阳101H35\阳101H35 邻井压力监测\阳101H35平台2井第八段压裂邻井秒点数据2024.5.20.xls,text,4,无可唯一匹配施工事件,2/8
E:\压裂窜扰项目\02 规范化\阳101H35\阳101H35 邻井压力监测\阳101H35平台2井第八段压裂邻井秒点数据2024.5.20.xls,text,3,无可唯一匹配施工事件,2/8
E:\压裂窜扰项目\02 规范化\阳101H35\阳101H35 邻井压力监测\阳101H35平台2井第八段压裂邻井秒点数据2024.5.20.xls,text,1,无可唯一匹配施工事件,2/8
E:\压裂窜扰项目\02 规范化\阳101H35\阳101H35 邻井压力监测\阳101H35平台3井压力分点数据（4.13-4.29）.xls,text,3,无可唯一匹配施工事件,/
E:\压裂窜扰项目\02 规范化\阳101H35\阳101H35 邻井压力监测\阳101H35平台3井压力秒点数据（4.13-4.20）.xls,text,3,无可唯一匹配施工事件,/
E:\压裂窜扰项目\02 规范化\阳101H35\阳101H35 邻井压力监测\阳101H35平台3井压力秒点数据（4.20-4.29）.xls,text,3,无可唯一匹配施工事件,/
E:\压裂窜扰项目\02 规范化\阳101H35\阳101H35 邻井压力监测\阳101H35平台3井第7段施工36-1井曲线图分点.xlsx2024.4.23.xlsx,Log Data,1,无可唯一匹配施工事件,3/7
E:\压裂窜扰项目\02 规范化\阳101H35\阳101H35 邻井压力监测\阳101H35平台3井第八段压裂期间邻井分点数据2024.5.23.xlsx,text,3,施工井自身压力通道,
E:\压裂窜扰项目\02 规范化\阳101H35\阳101H35 邻井压力监测\阳101H35平台3井第十一段压裂期间邻井分点数据.xlsx,text,4,无可唯一匹配施工事件,/
E:\压裂窜扰项目\02 规范化\阳101H35\阳101H35 邻井压力监测\阳101H35平台3井第十一段压裂期间邻井分点数据.xlsx,text,3,无可唯一匹配施工事件,/
E:\压裂窜扰项目\02 规范化\阳101H35\阳101H35 邻井压力监测\阳101H35平台3井第十一段压裂期间邻井分点数据.xlsx,text,1,无可唯一匹配施工事件,/
E:\压裂窜扰项目\02 规范化\阳101H35\阳101H35 邻井压力监测\阳101H35平台3井第十一段压裂期间邻井分点数据.xlsx,text,2,无可唯一匹配施工事件,/
E:\压裂窜扰项目\02 规范化\阳101H35\阳101H35 邻井压力监测\阳101H35平台3井第十一段压裂期间邻井秒点数据5.27.xlsx,text,4,无可唯一匹配施工事件,/
E:\压裂窜扰项目\02 规范化\阳101H35\阳101H35 邻井压力监测\阳101H35平台3井第十一段压裂期间邻井秒点数据5.27.xlsx,text,1,无可唯一匹配施工事件,/
E:\压裂窜扰项目\02 规范化\阳101H35\阳101H35 邻井压力监测\阳101H35平台3井第十一段压裂期间邻井秒点数据5.27.xlsx,text,2,无可唯一匹配施工事件,/
E:\压裂窜扰项目\02 规范化\阳101H35\阳101H35 邻井压力监测\阳101H35平台3井第十三段压裂期间邻井分点数据5.30(1).xlsx,text,4,无可唯一匹配施工事件,/
E:\压裂窜扰项目\02 规范化\阳101H35\阳101H35 邻井压力监测\阳101H35平台3井第十三段压裂期间邻井分点数据5.30(1).xlsx,text,1,无可唯一匹配施工事件,/
E:\压裂窜扰项目\02 规范化\阳101H35\阳101H35 邻井压力监测\阳101H35平台3井第十三段压裂期间邻井分点数据5.30(1).xlsx,text,2,无可唯一匹配施工事件,/
E:\压裂窜扰项目\02 规范化\阳101H35\阳101H35 邻井压力监测\阳101H35平台3井第十三段压裂期间邻井秒点数据5.30.xlsx,text,4,无可唯一匹配施工事件,/
E:\压裂窜扰项目\02 规范化\阳101H35\阳101H35 邻井压力监测\阳101H35平台3井第十三段压裂期间邻井秒点数据5.30.xlsx,text,1,无可唯一匹配施工事件,/
E:\压裂窜扰项目\02 规范化\阳101H35\阳101H35 邻井压力监测\阳101H35平台3井第十三段压裂期间邻井秒点数据5.30.xlsx,text,2,无可唯一匹配施工事件,/
E:\压裂窜扰项目\02 规范化\阳101H35\阳101H35 邻井压力监测\阳101H35平台分点压力数据-2.xls,text,4,无可唯一匹配施工事件,/
E:\压裂窜扰项目\02 规范化\阳101H35\阳101H35 邻井压力监测\阳101H35平台分点压力数据-2.xls,text,3,无可唯一匹配施工事件,/
E:\压裂窜扰项目\02 规范化\阳101H35\阳101H35 邻井压力监测\阳101H35平台分点压力数据-2.xls,text,1,无可唯一匹配施工事件,/
E:\压裂窜扰项目\02 规范化\阳101H35\阳101H35 邻井压力监测\阳101H35平台分点压力数据.xls,text,4,无可唯一匹配施工事件,/
E:\压裂窜扰项目\02 规范化\阳101H35\阳101H35 邻井压力监测\阳101H35平台分点压力数据.xls,text,3,无可唯一匹配施工事件,/
E:\压裂窜扰项目\02 规范化\阳101H35\阳101H35 邻井压力监测\阳101H35平台分点压力数据.xls,text,1,无可唯一匹配施工事件,/
E:\压裂窜扰项目\02 规范化\阳101H35\阳101H35 邻井压力监测\阳101H35平台分点压力数据.xls,text,2,无可唯一匹配施工事件,/
E:\压裂窜扰项目\02 规范化\阳101H35\阳101H35 邻井压力监测\阳101H35平台压窜记录(4.11-4.18)_邻井压力数据_35-2-1段1井压力分点数据2024.4.14.xls,text,1,无可唯一匹配施工事件,/
E:\压裂窜扰项目\02 规范化\阳101H35\阳101H35 邻井压力监测\阳101H35平台压窜记录(4.11-4.18)_邻井压力数据_35-2-1段1井压力秒点数据2024.4.14.xls,text,1,无可唯一匹配施工事件,/
E:\压裂窜扰项目\02 规范化\阳101H35\阳101H35 邻井压力监测\阳101H35平台压窜记录(4.11-4.18)_邻井压力数据_4.18二井第二段压裂1井套压分点数据.xls,text,1,无可唯一匹配施工事件,/
E:\压裂窜扰项目\02 规范化\阳101H35\阳101H35 邻井压力监测\阳101H35平台压窜记录(4.11-4.18)_邻井压力数据_4.18二井第二段压裂1井套压秒点数据.xls,text,1,无可唯一匹配施工事件,/
E:\压裂窜扰项目\02 规范化\阳101H35\阳101H35 邻井压力监测\阳101H35平台压窜记录(4.19-4.25)_1#流程_实时数据_35-2井第3段施工结束后36-1井压力上涨2024.4.22.csv,,,未解析出压力通道,[]
E:\压裂窜扰项目\02 规范化\阳101H35\阳101H35 邻井压力监测\阳101H35平台压窜记录(4.19-4.25)_35-1井第3段施工后        4井分钟数据.csv2024.4.21.csv,,,未解析出压力通道,[]
E:\压裂窜扰项目\02 规范化\阳101H35\阳101H35 邻井压力监测\阳101H35平台压窜记录(4.19-4.25)_35-1第3段施工后36-4井3秒点2024.4.21.csv,,,未解析出压力通道,[]
E:\压裂窜扰项目\02 规范化\阳101H35\阳101H35 邻井压力监测\阳101H35平台压窜记录(4.19-4.25)_35-3井第7段施工36-1井压力数据2024.4.23.csv,,,未解析出压力通道,[]
E:\压裂窜扰项目\02 规范化\阳101H35\阳101H35 邻井压力监测\阳101H35平台压窜记录(4.19-4.25)_35-3第7段  1井分钟数据(1).csv2024.4.23.csv,,,未解析出压力通道,[]
E:\压裂窜扰项目\02 规范化\阳101H35\阳101H35 邻井压力监测\阳101H35平台压窜记录(4.19-4.25)_4#流程_实时数据_35-3井第6段施工后36-4井压力上涨2024.4.22.csv,,,未解析出压力通道,[]
E:\压裂窜扰项目\02 规范化\阳101H35\阳101H35 邻井压力监测\阳101H35平台压窜记录（5.17-5.23）_邻井压力_35-3井第8段施工36-1井分点数据2024.5.23.xlsx,,,未解析出压力通道,[]
E:\压裂窜扰项目\02 规范化\阳101H35\阳101H35 邻井压力监测\阳101H35平台压窜记录（5.17-5.23）_邻井压力_35-3井第8段施工36-1井秒点数据2024.5.23.xlsx,,,未解析出压力通道,[]
E:\压裂窜扰项目\02 规范化\阳101H35\阳101H35 邻井压力监测\阳101H35平台压窜记录（5.17-5.23）_邻井压力_阳101H36平台1井第十二段压裂期间邻井分点数据5.30.xlsx,text,4,无可唯一匹配施工事件,/
E:\压裂窜扰项目\02 规范化\阳101H35\阳101H35 邻井压力监测\阳101H35平台压窜记录（5.17-5.23）_邻井压力_阳101H36平台1井第十二段压裂期间邻井分点数据5.30.xlsx,text,3,无可唯一匹配施工事件,/
E:\压裂窜扰项目\02 规范化\阳101H35\阳101H35 邻井压力监测\阳101H35平台压窜记录（5.17-5.23）_邻井压力_阳101H36平台1井第十二段压裂期间邻井分点数据5.30.xlsx,text,2,无可唯一匹配施工事件,/
E:\压裂窜扰项目\02 规范化\阳101H35\阳101H35 邻井压力监测\阳101H35平台压窜记录（5.17-5.23）_邻井压力_阳101H36平台1井第十二段压裂期间邻井秒点数据5.30.xlsx,text,4,无可唯一匹配施工事件,/
E:\压裂窜扰项目\02 规范化\阳101H35\阳101H35 邻井压力监测\阳101H35平台压窜记录（5.17-5.23）_邻井压力_阳101H36平台1井第十二段压裂期间邻井秒点数据5.30.xlsx,text,3,无可唯一匹配施工事件,/
E:\压裂窜扰项目\02 规范化\阳101H35\阳101H35 邻井压力监测\阳101H35平台压窜记录（5.17-5.23）_邻井压力_阳101H36平台1井第十二段压裂期间邻井秒点数据5.30.xlsx,text,2,无可唯一匹配施工事件,/
E:\压裂窜扰项目\02 规范化\阳101H35\阳101H35 邻井压力监测\阳101H35平台秒点压力数据-2.xls,text,4,无可唯一匹配施工事件,/
E:\压裂窜扰项目\02 规范化\阳101H35\阳101H35 邻井压力监测\阳101H35平台秒点压力数据-2.xls,text,3,无可唯一匹配施工事件,/
E:\压裂窜扰项目\02 规范化\阳101H35\阳101H35 邻井压力监测\阳101H35平台秒点压力数据-2.xls,text,1,无可唯一匹配施工事件,/
E:\压裂窜扰项目\02 规范化\阳101H35\阳101H35 邻井压力监测\阳101H35平台秒点压力数据.xls,text,4,无可唯一匹配施工事件,/
E:\压裂窜扰项目\02 规范化\阳101H35\阳101H35 邻井压力监测\阳101H35平台秒点压力数据.xls,text,3,无可唯一匹配施工事件,/
E:\压裂窜扰项目\02 规范化\阳101H35\阳101H35 邻井压力监测\阳101H35平台秒点压力数据.xls,text,1,无可唯一匹配施工事件,/
E:\压裂窜扰项目\02 规范化\阳101H35\阳101H35 邻井压力监测\阳101H35平台秒点压力数据.xls,text,2,无可唯一匹配施工事件,/
E:\压裂窜扰项目\02 规范化\阳101H35\阳101H35 邻井压力监测\阳101H35平台邻井分点数据.xls,text,4,无可唯一匹配施工事件,/
E:\压裂窜扰项目\02 规范化\阳101H35\阳101H35 邻井压力监测\阳101H35平台邻井分点数据.xls,text,3,无可唯一匹配施工事件,/
E:\压裂窜扰项目\02 规范化\阳101H35\阳101H35 邻井压力监测\阳101H35平台邻井分点数据.xls,text,1,无可唯一匹配施工事件,/
E:\压裂窜扰项目\02 规范化\阳101H35\阳101H35 邻井压力监测\阳101H35平台邻井秒点数据.xls,text,4,无可唯一匹配施工事件,/
E:\压裂窜扰项目\02 规范化\阳101H35\阳101H35 邻井压力监测\阳101H35平台邻井秒点数据.xls,text,3,无可唯一匹配施工事件,/
E:\压裂窜扰项目\02 规范化\阳101H35\阳101H35 邻井压力监测\阳101H35平台邻井秒点数据.xls,text,1,无可唯一匹配施工事件,/
E:\压裂窜扰项目\02 规范化\阳101H43\阳101H43 邻井压力监测\阳101H43-2井压力上涨秒点数据-2.xls,导出数据,2,无可唯一匹配施工事件,/
E:\压裂窜扰项目\02 规范化\阳101H43\阳101H43 邻井压力监测\阳101H43-2井压力上涨秒点数据.xls,导出数据,2,无可唯一匹配施工事件,/
E:\压裂窜扰项目\02 规范化\阳101H43\阳101H43 邻井压力监测\阳101H43监测日志.xlsx,,,未解析出压力通道,[]
E:\压裂窜扰项目\02 规范化\阳101H51\阳101H51 邻井压力监测\阳101H51-1-10段压裂施工-2、3井秒点压力监测.xlsx,阳101H51-1井10段压裂施工期间2井、3井压力秒点数据（,2,同名井段绝对日期不重叠,pressure 1778136839.0 pump 1778072253.0
E:\压裂窜扰项目\02 规范化\阳101H51\阳101H51 邻井压力监测\阳101H51-1-10段压裂施工-2、3井秒点压力监测.xlsx,阳101H51-1井10段压裂施工期间2井、3井压力秒点数据（,3,同名井段绝对日期不重叠,pressure 1778136839.0 pump 1778072253.0
E:\压裂窜扰项目\02 规范化\阳101H51\阳101H51 邻井压力监测\阳101H51-1-14段压裂施工-2、3井秒点压力监测.xlsx,阳101H51-1井14段压裂施工期间2井、3井压力秒点数据（,2,同名井段绝对日期不重叠,pressure 1778939039.0 pump 1778916689.0
E:\压裂窜扰项目\02 规范化\阳101H51\阳101H51 邻井压力监测\阳101H51-1-14段压裂施工-2、3井秒点压力监测.xlsx,阳101H51-1井14段压裂施工期间2井、3井压力秒点数据（,3,同名井段绝对日期不重叠,pressure 1778939039.0 pump 1778916689.0
E:\压裂窜扰项目\02 规范化\阳101H51\阳101H51 邻井压力监测\阳101H51-1-2段压裂施工-2井秒点压力监测（1518）.xlsx,阳101H51-1井压裂期间2井压力秒点数据1518,2,同名井段绝对日期不重叠,pressure 1776871139.0 pump 1776843901.0
E:\压裂窜扰项目\02 规范化\阳101H51\阳101H51 邻井压力监测\阳101H51-1-2段压裂施工-3井秒点压力监测（1518）.xlsx,阳101H51-1井压裂期间3井压力秒点数据,3,同名井段绝对日期不重叠,pressure 1776871080.0 pump 1776843901.0
E:\压裂窜扰项目\02 规范化\阳101H51\阳101H51 邻井压力监测\阳101H51-2-17段压裂施工-1、3、4井秒点压力监测.xlsx,阳101H51-2井17段压裂施工期间1井、3井、4井压力秒点,1,同名井段绝对日期不重叠,pressure 1782827159.0 pump 1782805475.0
E:\压裂窜扰项目\02 规范化\阳101H51\阳101H51 邻井压力监测\阳101H51-2-17段压裂施工-1、3、4井秒点压力监测.xlsx,阳101H51-2井17段压裂施工期间1井、3井、4井压力秒点,3,同名井段绝对日期不重叠,pressure 1782827159.0 pump 1782805475.0
E:\压裂窜扰项目\02 规范化\阳101H51\阳101H51 邻井压力监测\阳101H51-2-17段压裂施工-1、3、4井秒点压力监测.xlsx,阳101H51-2井17段压裂施工期间1井、3井、4井压力秒点,4,同名井段绝对日期不重叠,pressure 1782827159.0 pump 1782805475.0
E:\压裂窜扰项目\02 规范化\阳101H51\阳101H51 邻井压力监测\阳101H51-4-8段压裂施工-2、3、5、6井秒点压力监测.xlsx,阳101H51-4井8段压裂施工期间2井、3井、5井、6井压力,3,同名井段绝对日期不重叠,pressure 1783081019.0 pump 1782976626.0
E:\压裂窜扰项目\02 规范化\阳101H51\阳101H51 邻井压力监测\阳101H51-4-8段压裂施工-2、3、5、6井秒点压力监测.xlsx,阳101H51-4井8段压裂施工期间2井、3井、5井、6井压力,5,同名井段绝对日期不重叠,pressure 1783081019.0 pump 1782976626.0
E:\压裂窜扰项目\02 规范化\阳101H51\阳101H51 邻井压力监测\阳101H51-4-8段压裂施工-2、3、5、6井秒点压力监测.xlsx,阳101H51-4井8段压裂施工期间2井、3井、5井、6井压力,6,同名井段绝对日期不重叠,pressure 1783081019.0 pump 1782976626.0
E:\压裂窜扰项目\02 规范化\阳101H51\阳101H51 邻井压力监测\阳101H51-4-8段压裂施工-2、3、5、6井秒点压力监测.xlsx,阳101H51-4井8段压裂施工期间2井、3井、5井、6井压力,2,同名井段绝对日期不重叠,pressure 1783081019.0 pump 1782976626.0
E:\压裂窜扰项目\02 规范化\阳101H51\阳101H51 邻井压力监测\阳101H51-6井8井压裂施工期间5井压力秒点数据（2026.6.15）.xlsx,阳101H51-6井8井压裂施工期间5井压力秒点数据（2026,5,无可唯一匹配施工事件,/
E:\压裂窜扰项目\02 规范化\阳101H6\阳101H6 邻井压力监测\阳101H6-6-5段压裂施工-5井套压压力监测.xls,导出数据,5,无可唯一匹配施工事件,6/5
E:\压裂窜扰项目\02 规范化\阳101H6\阳101H6 邻井压力监测\阳101H6-7-11段压裂施工-8井套压压力监测.xls,导出数据,8,无可唯一匹配施工事件,7/11
E:\压裂窜扰项目\02 规范化\阳101H6\阳101H6 邻井压力监测\阳101H6-7-11段压裂施工-8井套压压力监测.xls,导出数据,7,无可唯一匹配施工事件,7/11
E:\压裂窜扰项目\02 规范化\阳101H6\阳101H6 邻井压力监测\阳101H6-7-11段压裂施工-8井套压压力监测.xls,导出数据,7,无可唯一匹配施工事件,7/11
E:\压裂窜扰项目\02 规范化\阳101H6\阳101H6 邻井压力监测\阳101H6-7-11段压裂施工-8井套压压力监测.xls,导出数据,7,无可唯一匹配施工事件,7/11
E:\压裂窜扰项目\02 规范化\阳101H6\阳101H6 邻井压力监测\阳101H6-8-12段压裂施工-7井套压压力监测.xls,导出数据,7,无可唯一匹配施工事件,8/12
E:\压裂窜扰项目\02 规范化\阳101H6\阳101H6 邻井压力监测\阳101H6-8-12段压裂施工-7井套压压力监测.xls,导出数据,8,无可唯一匹配施工事件,8/12
E:\压裂窜扰项目\02 规范化\阳101H6\阳101H6 邻井压力监测\阳101H6-8-24段压裂施工-7井秒点压力监测.xls,导出数据,7,无可唯一匹配施工事件,8/24
E:\压裂窜扰项目\02 规范化\阳101H6\阳101H6 邻井压力监测\阳101H6-8-26段压裂施工-7井秒点压力监测.xls,导出数据,7,无可唯一匹配施工事件,8/26
E:\压裂窜扰项目\02 规范化\阳101H6\阳101H6 邻井压力监测\阳101H6-8-27段压裂施工-7井秒点压力监测.xls,导出数据,7,无可唯一匹配施工事件,8/27
E:\压裂窜扰项目\02 规范化\阳101H6\阳101H6 邻井压力监测\阳101H6-8-28段压裂施工-7井秒点压力监测.xls,导出数据,7,无可唯一匹配施工事件,8/28
E:\压裂窜扰项目\02 规范化\阳101H6\阳101H6 邻井压力监测\阳101H6-8-29段压裂施工-7井秒点压力监测.xls,导出数据,7,无可唯一匹配施工事件,8/29
E:\压裂窜扰项目\02 规范化\阳101H6\阳101H6 邻井压力监测\阳101H6-8井-27段压窜图.xls,分点数据,7,无可唯一匹配施工事件,8/27
E:\压裂窜扰项目\02 规范化\阳101H6\阳101H6 邻井压力监测\阳101H6-8井-28段压窜资料.xls,分点数据,7,无可唯一匹配施工事件,8/28
E:\压裂窜扰项目\02 规范化\阳101H6\阳101H6 邻井压力监测\阳101H6-8井-29段压窜图.xls,分点数据,7,无可唯一匹配施工事件,8/29
E:\压裂窜扰项目\02 规范化\阳101H6\阳101H6 邻井压力监测\阳101H6-8井-29段压窜资料.xls,,,未解析出压力通道,"['封面:no_time_column', '基础参数:no_time_column', '施工设计:no_time_column']"
E:\压裂窜扰项目\02 规范化\阳101H75\阳101H75 邻井压力监测\阳101H75-2-6段压裂施工-4、5井套压压力监测.xls,导出数据,4,同名井段绝对日期不重叠,pressure 1672038180.0 pump 1677593789.0
E:\压裂窜扰项目\02 规范化\阳101H75\阳101H75 邻井压力监测\阳101H75-2-6段压裂施工-4、5井套压压力监测.xls,导出数据,5,同名井段绝对日期不重叠,pressure 1672038180.0 pump 1677593789.0
E:\压裂窜扰项目\02 规范化\阳101H75\阳101H75 邻井压力监测\阳101H75-3-9段压裂施工-2井秒点压力监测.xls,导出数据,2,无可唯一匹配施工事件,3/9
E:\压裂窜扰项目\02 规范化\阳101H75\阳101H75 邻井压力监测\阳101H75-5-6段压裂施工-4井秒点压力监测.xls,导出数据,4,无可唯一匹配施工事件,5/6
E:\压裂窜扰项目\02 规范化\阳101H75\阳101H75 邻井压力监测\阳101H75-5-7段压裂施工-4井秒点压力监测.xls,导出数据,4,无可唯一匹配施工事件,5/7
E:\压裂窜扰项目\02 规范化\阳101H75\阳101H75 邻井压力监测\阳101H75平台秒点数据_3井_3井第10段2井秒点数据2023.3.8.xls,导出数据,2,无可唯一匹配施工事件,3/10
E:\压裂窜扰项目\02 规范化\阳101H75\阳101H75 邻井压力监测\阳101H75平台秒点数据_4井_4井5井秒点数据2023.2.22（6井9段）.xls,导出数据,4,无可唯一匹配施工事件,6/9
E:\压裂窜扰项目\02 规范化\阳101H75\阳101H75 邻井压力监测\阳101H75平台秒点数据_4井_4井5井秒点数据2023.2.22（6井9段）.xls,导出数据,5,无可唯一匹配施工事件,6/9
E:\压裂窜扰项目\02 规范化\阳101H75\阳101H75 邻井压力监测\阳101H75平台秒点数据_4井_4井5井秒点数据（6井8段）.xls,导出数据,4,无可唯一匹配施工事件,6/8
E:\压裂窜扰项目\02 规范化\阳101H75\阳101H75 邻井压力监测\阳101H75平台秒点数据_4井_4井5井秒点数据（6井8段）.xls,导出数据,5,无可唯一匹配施工事件,6/8
E:\压裂窜扰项目\02 规范化\阳101H75\阳101H75 邻井压力监测\阳101H75平台秒点数据_4井_4井第2段5井压力监测.xls,导出数据,5,无可唯一匹配施工事件,4/2
E:\压裂窜扰项目\02 规范化\阳101H75\阳101H75 邻井压力监测\阳101H75平台秒点数据_6井_2023.2.13压裂6井第6段期间4井秒点.xls,导出数据,4,无可唯一匹配施工事件,6/6
E:\压裂窜扰项目\02 规范化\阳101H75\阳101H75 邻井压力监测\阳101H75平台秒点数据_6井_2023.2.13压裂6井第6段期间5井秒点.xls,导出数据,5,无可唯一匹配施工事件,6/6
E:\压裂窜扰项目\02 规范化\阳101H75\阳101H75 邻井压力监测\阳101H75平台秒点数据_6井_6井第11段临井压力监测秒点数据.xls,导出数据,4,无可唯一匹配施工事件,6/11
E:\压裂窜扰项目\02 规范化\阳101H75\阳101H75 邻井压力监测\阳101H75平台秒点数据_6井_6井第11段临井压力监测秒点数据.xls,导出数据,5,无可唯一匹配施工事件,6/11
E:\压裂窜扰项目\02 规范化\阳101H75\阳101H75 邻井压力监测\阳101H75平台秒点数据_6井_6井第7段4井5井压力.xls,导出数据,4,无可唯一匹配施工事件,6/7
E:\压裂窜扰项目\02 规范化\阳101H75\阳101H75 邻井压力监测\阳101H75平台秒点数据_6井_6井第7段4井5井压力.xls,导出数据,5,无可唯一匹配施工事件,6/7
E:\压裂窜扰项目\02 规范化\阳101H75\阳101H75 邻井压力监测\阳101H75平台秒点数据_6井_六井第十段临井压力监测秒点数据.xls,导出数据,4,无可唯一匹配施工事件,/
E:\压裂窜扰项目\02 规范化\阳101H75\阳101H75 邻井压力监测\阳101H75平台秒点数据_6井_六井第十段临井压力监测秒点数据.xls,导出数据,5,无可唯一匹配施工事件,/
