sample_id,platform_id,source_well,stage_id,episode_id,monitor_well,physical_pair_id,stage_group,pressure_file,pressure_sheet,pressure_header,pressure_sha256,pump_file,pump_sheet,alignment,clock_day_shift_s,t0_s,t1_s,duration_min,native_dt_s,invalid_pressure_points,duplicate_time_points,out_of_order_points,coverage,max_gap_s,baseline_mpa,baseline_source,baseline_points,baseline_span_s,baseline_noise_mpa,baseline_slope_mpa_min,qc,reason,baseline_p90_p10_mpa,baseline_last60_mpa,max_raw_step_mpa,a60_mpa,peak_dp_mpa,min_dp_mpa,end_dp_mpa,area_mean_mpa,max_rate60_mpa_min,onset_min,onset_censored,onset_fraction,onset_threshold_mpa,smoothing_seconds,flat_fraction,duration_above_1_min,duration_above_5_min,post10min_available,post10min_dp_mpa,matrix_row,quality_rank,selected,status,cluster,prototype_distance,nearest_prototype_cluster,boundary_margin,boundary_flag,silhouette,provisional_pressure_grade
00391545a8e219,泸201H5,4,3,whole_stage,2,泸201H5|2-4,泸201H5|4|3,E:\压裂窜扰项目\02 规范化\泸201H5\泸201H5 邻井压力监测\泸201H5-4-3段压裂施工-1、2、3井压力监测.xls,导出数据,2井压力(MPa),5ec94cedd52901fbaecd24314a5a2b96019c1d676e27bfb8f331ba27ae391adf,E:\压裂窜扰项目\02 规范化\泸201H5\泸201H5 压裂施工曲线\泸201H5-4-3 压裂施工曲线.xlsx,Log Data,absolute,0,1759908857.0,1759922912.0,234.25,1.0,0,0,0,1.0,1.0,54.51,pre_pump_10min,600.0,599.0,0.01482599999999705,3.0166750491108104e-06,primary,合格,0.03999999999999915,54.51,0.060000000000002274,0.05000000000000426,0.060000000000002274,-0.03999999999999915,0.030000000000001137,-0.004501600853787746,0.030000000000001137,,True,1.0,0.1,15.0,0.2951974386339381,0.0,0.0,True,0.030000000000001137,262,0,True,primary,C1,0.017322133519739626,C1,0.9951263405763099,False,0.9398693045428511,<1 MPa
0208011b753031,泸201H5,2,20,whole_stage,3,泸201H5|2-3,泸201H5|2|20,E:\压裂窜扰项目\02 规范化\泸201H5\泸201H5 邻井压力监测\泸201H5-2-20段压裂施工-1、3、4井压力监测.xls,导出数据,3井压力(MPa),be95ddf023266d20e58d79358babd87c4ef2d83a72abdd2027de51d3c2fbc9f4,E:\压裂窜扰项目\02 规范化\泸201H5\泸201H5 压裂施工曲线\泸201H5-2-20 压裂施工曲线.xlsx,Log Data,absolute,0,1758102383.0,1758110640.0,137.61666666666667,1.0,0,0,0,1.0,1.0,0.07,pre_pump_10min,600.0,599.0,0.0,-0.00045461792949425185,primary,合格,0.010000000000000009,0.06,0.05,0.01999999999999999,0.03,-0.030000000000000006,0.01999999999999999,0.00835351822695894,0.020000000000000004,,True,1.0,0.1,15.0,0.5326389729926123,0.0,0.0,True,0.01999999999999999,101,0,True,primary,C1,0.010443111708363224,C1,0.997066004068029,False,0.9400112455337849,<1 MPa
021dd481c44144,泸201H5,4,18,whole_stage,1,泸201H5|1-4,泸201H5|4|18,E:\压裂窜扰项目\02 规范化\泸201H5\泸201H5 邻井压力监测\泸201H5-4-18段压裂施工-1、2、3井压力监测.xls,导出数据,1井压力(MPa),bb9b39014d2f6e0c35e399baca6fd5040651d834647f76696e1a141e2d5026ee,E:\压裂窜扰项目\02 规范化\泸201H5\泸201H5 压裂施工曲线\泸201H5-4-18 压裂施工曲线.xlsx,Log Data,absolute,0,1761900258.0,1761907910.0,127.53333333333333,1.0,0,0,0,1.0,1.0,44.79,pre_pump_10min,600.0,599.0,0.0,0.00029826749519116613,primary,合格,0.00999999999999801,44.79,0.04000000000000625,0.0,0.00999999999999801,-0.13000000000000256,-0.10999999999999943,-0.06765094093047462,0.020000000000003126,,True,1.0,0.1,15.0,0.49960794563512806,0.0,0.0,True,-0.10999999999999943,231,0,True,primary,C1,0.0874195624943695,C1,0.9760495525784145,False,0.9347468738970016,<1 MPa
022c1182b1cfff,泸208H2,6,4,whole_stage,7,泸208H2|6-7,泸208H2|6|4,E:\压裂窜扰项目\02 规范化\泸208H2\泸208H2 邻井压力监测\泸208H2-6-4段压裂施工-7井压力监测.xlsx,6-4-7,无表头_文件名井号,aa10d64a836f2f6c74ee1b9f152107396c1b4a5b9f91b461c882dad7f45ed546,E:\压裂窜扰项目\02 规范化\泸208H2\泸208H2 压裂施工曲线\泸208H2-6-4 压裂施工曲线（秒点）.xlsx,Log Data,named_stage_clock_only,0,28824.0,41049.0,203.75,1.0,0,68,0,1.0,2.0,53.6122,pre_pump_10min,204.0,203.0,0.015567300000000589,-0.001012961955190868,primary,合格,0.021000000000000796,53.6122,0.0945999999999998,4.814999999999998,4.8359999999999985,-0.021000000000000796,4.825499999999998,3.400854044989774,0.09469999999999601,4.333333333333333,False,0.021267893660531695,0.1,15.0,0.7639639639639639,182.16666666666666,0.0,True,5.004199999999997,1582,0,True,primary,C2,1.2869003296725252,C2,0.6495599180067638,False,0.2682328922108009,1–5 MPa
0310075b399c25,泸208H2,9,16,whole_stage,8,泸208H2|8-9,泸208H2|9|16,E:\压裂窜扰项目\02 规范化\泸208H2\泸208H2 邻井压力监测\泸208H2-9-16段压裂施工-8井压力监测.xlsx,9-16-8,无表头_文件名井号,757745300af492acee2a65ece96f917ad2dc36cca8dadce5bdfb32348eac88b3,E:\压裂窜扰项目\02 规范化\泸208H2\泸208H2 压裂施工曲线\泸208H2-9-16 压裂施工曲线（秒点）.xlsx,秒点数据,named_stage_clock_only,1725840000,1725869032.0,1725878068.0,150.6,1.0,0,0,0,1.0,1.0,53.9329,pre_pump_10min,232.0,231.0,0.015419039999995667,-0.0019829825347079545,primary,合格,0.031399999999997874,53.9329,1.2058999999999997,2.7264000000000053,2.747400000000006,-0.020899999999997476,2.747400000000006,1.1567086044710082,0.10480000000000445,15.75,False,0.10458167330677291,0.1,15.0,0.7254316069057105,76.5,0.0,True,2.9466000000000037,1745,0,True,primary,C1,1.4203920819036884,C1,0.2994749524160613,False,0.5929530997709955,1–5 MPa
0328cc9f330703,泸201H5,4,18,whole_stage,2,泸201H5|2-4,泸201H5|4|18,E:\压裂窜扰项目\02 规范化\泸201H5\泸201H5 邻井压力监测\泸201H5-4-18段压裂施工-1、2、3井压力监测.xls,导出数据,2井压力(MPa),bb9b39014d2f6e0c35e399baca6fd5040651d834647f76696e1a141e2d5026ee,E:\压裂窜扰项目\02 规范化\泸201H5\泸201H5 压裂施工曲线\泸201H5-4-18 压裂施工曲线.xlsx,Log Data,absolute,0,1761900258.0,1761907910.0,127.53333333333333,1.0,0,0,0,1.0,1.0,44.89,pre_pump_10min,600.0,599.0,0.01482599999999705,-0.0001302670285165511,primary,合格,0.01999999999999602,44.89,0.060000000000002274,0.00999999999999801,0.01999999999999602,-0.0799999999999983,-0.07000000000000028,-0.04656168322007391,0.01999999999999602,,True,1.0,0.1,15.0,0.3870883429168845,0.0,0.0,True,-0.0799999999999983,232,0,True,primary,C1,0.05779288120916696,C1,0.9840479701196682,False,0.937891872747267,<1 MPa
03787a25c1fae3,泸201H5,2,16,whole_stage,4,泸201H5|2-4,泸201H5|2|16,E:\压裂窜扰项目\02 规范化\泸201H5\泸201H5 邻井压力监测\泸201H5-2-16段压裂施工-1、3、4井压力监测.xls,导出数据,4井压力(MPa),bb869db284067cd400ed91e12cd4173da73b7b803754e50b560a7742f9097d1a,E:\压裂窜扰项目\02 规范化\泸201H5\泸201H5 压裂施工曲线\泸201H5-2-16 压裂施工曲线.xlsx,Log Data,absolute,0,1757602630.0,1757614113.0,191.38333333333333,1.0,0,0,0,1.0,1.0,23.45,pre_pump_10min,600.0,599.0,0.01482599999999705,7.185019958668882e-05,primary,合格,0.019999999999999574,23.45,0.05000000000000071,0.0,0.0,-0.14000000000000057,-0.129999999999999,-0.060467647827222054,0.020000000000003126,,True,1.0,0.1,15.0,0.402420970129757,0.0,0.0,True,-0.14000000000000057,88,0,True,primary,C1,0.07751826283197027,C1,0.9787282528361126,False,0.9357681096176413,<1 MPa
03f83dd9f232e0,泸201H5,2,7,whole_stage,1,泸201H5|1-2,泸201H5|2|7,E:\压裂窜扰项目\02 规范化\泸201H5\泸201H5 邻井压力监测\泸201H5-2-7段压裂施工-1、3、4井压力监测.xls,导出数据,1井压力(MPa),27591c2aa85746363e8f5eb467a3b84ed81aa11d90c796dc1e69391ac79f2c61,E:\压裂窜扰项目\02 规范化\泸201H5\泸201H5 压裂施工曲线\泸201H5-2-7 压裂施工曲线.xlsx,Log Data,absolute,0,1756626795.0,1756636197.0,156.7,1.0,0,0,0,1.0,1.0,56.61,pre_pump_10min,600.0,599.0,0.01482599999999705,0.0007134019816736272,primary,合格,0.02999999999999403,56.63,0.03999999999999915,0.20000000000000284,0.20000000000000284,-0.01999999999999602,0.20000000000000284,0.05585407360136232,0.030000000000001137,119.41666666666667,False,0.7620718995958308,0.1,15.0,0.47543075941289087,0.0,0.0,True,0.21999999999999886,129,0,True,primary,C1,0.06891695303155043,C1,0.9802144558033044,False,0.935542416748852,<1 MPa
04bca19f595dd6,泸208H1,5,26,whole_stage,4,泸208H1|4-5,泸208H1|5|26,E:\压裂窜扰项目\02 规范化\泸208H1\泸208H1 邻井压力监测\泸208H1-5-26段压裂施工-4井压力监测.xlsx,5-26-4,无表头_文件名井号,b47f235c1a8886c5a24620a51e6ca45e51c9ce368502d57db0d52323f1b251c2,E:\压裂窜扰项目\02 规范化\泸208H1\泸208H1 压裂施工曲线\泸208H1-5-26 压裂施工曲线（秒点）.xls,导出数据,named_stage_clock_only,0,29540.0,37474.0,132.23333333333332,1.0,0,0,0,1.0,1.0,51.03,pre_pump_10min,242.0,241.0,0.0,-0.005797697838438589,primary,合格,0.030000000000001137,51.03,0.04000000000000625,3.710000000000001,3.740000000000002,-0.07000000000000028,3.740000000000002,1.1355318880766312,0.0799999999999983,39.75,False,0.300604991177212,0.1,15.0,0.9444164355936476,57.916666666666664,0.0,True,4.18,1396,0,True,primary,C1,1.6585049215138117,C1,0.04656777689471861,True,0.4896712810197376,1–5 MPa
04f96c3d234d25,阳101H35,2,9,whole_stage,1,阳101H35|1-2,阳101H35|2|9,E:\压裂窜扰项目\02 规范化\阳101H35\阳101H35 邻井压力监测\阳101H35平台2井第九段压裂邻井秒点数据(1).xls,text,1#套压(MPa),a10d17cd150521ca4b82c35d95025bb534d26ebaff8b188e598a93d16820d98c,E:\压裂窜扰项目\02 规范化\阳101H35\阳101H35 压裂施工曲线\阳101H35-2-9 压裂施工曲线（秒点）-2.xlsx,Log Data,named_stage_clock_only,-1716249600,29066.0,35098.0,100.53333333333333,1.0,0,0,0,1.0,1.0,45.4405708312988,pre_pump_10min,506.0,505.0,0.02879867248525675,-0.007053648130438832,primary,合格,0.06475067138670454,45.4211463928223,0.03237533569340201,1.6316642761231037,1.6769905090332031,-0.12949752807610082,1.6575660705566975,0.31201468348822203,0.06474685668950286,52.583333333333336,False,0.5230437665782494,0.1,15.0,0.29293766578249336,13.916666666666666,0.0,True,2.2597274780274006,2330,0,True,primary,C1,0.5823677021984799,C1,0.8008234381314292,False,0.8507762741188101,1–5 MPa
05c01bdeb6ae63,泸203H66,1,18,whole_stage,3,泸203H66|1-3,泸203H66|1|18,E:\压裂窜扰项目\02 规范化\泸203H66\泸203H66 邻井压力监测\泸203H66平台-1井-18段压裂施工-2、3井秒点压力监测.xls,Sheet1,3井,85a7fb8df80fa6a2ca24874583df1cd03af322ecd45b637feef378139c2d15f5,E:\压裂窜扰项目\02 规范化\泸203H66\泸203H66 压裂施工曲线\泸203H66-1-18 压裂施工曲线.xlsx,LogData(s),named_stage_clock_only,-1680739200,51263.0,59138.0,131.25,1.0,0,0,0,1.0,1.0,46.63,pre_pump_10min,263.0,262.0,0.0,-0.0020731800634805355,primary,合格,0.0,46.63,0.11999999999999744,3.5,3.5,0.0,3.5,1.2752787301587285,0.13000000000000256,21.166666666666668,False,0.16126984126984129,0.1,15.0,0.9340952380952381,64.41666666666667,0.0,True,3.8699999999999974,560,0,True,primary,C1,1.695343684011931,C1,0.002885785153352582,True,0.46805102803663806,1–5 MPa
069769b190c640,泸203H64,4,2,whole_stage,5,泸203H64|4-5,泸203H64|4|2,E:\压裂窜扰项目\02 规范化\泸203H64\泸203H64 邻井压力监测\泸203H64-4-2段压裂施工-1、2、3、5井秒点压力监测.xls,导出数据,5#套压(MPa),c17235b16174ead862f6701e48b852c818190419906b1c2888ad289b3151f223,E:\压裂窜扰项目\02 规范化\泸203H64\泸203H64 压裂施工曲线\泸203H64-4-2 压裂施工曲线.csv,text,named_stage_clock_only,-1671148800,25698.0,35257.0,159.31666666666666,1.0,0,0,0,1.0,1.0,51.011,pre_pump_10min,498.0,497.0,0.020756400000004296,-0.0034066319349283125,primary,合格,0.054999999999999716,51.004,0.054999999999999716,-0.007000000000005002,0.0,-1.2550000000000026,-1.2420000000000044,-0.6434022387279033,0.054000000000002046,,True,1.0,0.1,15.0,0.2702165498483105,0.0,0.0,True,-1.2890000000000015,443,0,True,primary,C1,0.7326754666041903,C1,0.8291588430610648,False,0.8327976179979684,<1 MPa
06fc5e7d851ad9,泸203H66,2,16,whole_stage,1,泸203H66|1-2,泸203H66|2|16,E:\压裂窜扰项目\02 规范化\泸203H66\泸203H66 邻井压力监测\泸203H66平台-2井-16段压裂施工-1井秒点压力监测.xls,Sheet1,1井压力,f4acad4ad4905f9c63874eb87b7befd1deada3e4f1f470d3ea900f6eca9f2afb,E:\压裂窜扰项目\02 规范化\泸203H66\泸203H66 压裂施工曲线\泸203H66-2-16 压裂施工曲线.xlsx,LogData(s),named_stage_clock_only,-1679356800,42463.0,51864.0,156.68333333333334,1.0,0,0,0,1.0,1.0,45.56,pre_pump_10min,600.0,599.0,0.0,-0.0002249172914305119,primary,合格,0.0,45.56,0.11999999999999744,16.07,16.129999999999995,0.0,16.07,11.247834804807997,0.5,5.916666666666667,False,0.03776194021912563,0.1,15.0,0.8978832039144772,139.16666666666666,118.75,True,15.82,587,0,True,primary,C2,9.155930358783603,C2,0.2820504764873666,False,0.2982464445831416,≥5 MPa
0702d970c78b21,泸201H5,3,18,whole_stage,2,泸201H5|2-3,泸201H5|3|18,E:\压裂窜扰项目\02 规范化\泸201H5\泸201H5 邻井压力监测\泸201H5-3-18段压裂施工-1、2、4井压力监测.xls,导出数据,2井压力(MPa),8f2a35561fdb115788257ba8eb21fa076b7854201a08e5b954f7edd908540a73,E:\压裂窜扰项目\02 规范化\泸201H5\泸201H5 压裂施工曲线\泸201H5-3-18 压裂施工曲线.xlsx,Log Data,absolute,0,1763045798.0,1763056971.0,186.21666666666667,1.0,0,0,0,1.0,1.0,37.79,pre_pump_10min,600.0,599.0,0.01482599999999705,0.003935694265817878,primary,合格,0.04999999999999716,37.8,0.07000000000000028,0.00999999999999801,0.00999999999999801,-0.11999999999999744,-0.10000000000000142,-0.07792043318714717,0.020000000000003126,,True,1.0,0.1,15.0,0.28103463707151166,0.0,0.0,True,-0.10000000000000142,161,0,True,primary,C1,0.08515971918319068,C1,0.9766262417895772,False,0.935126819150064,<1 MPa
073272c209606f,泸201H5,1,17,whole_stage,4,泸201H5|1-4,泸201H5|1|17,E:\压裂窜扰项目\02 规范化\泸201H5\泸201H5 邻井压力监测\泸201H5-1-17段压裂施工-2、3、4井压力监测.xls,导出数据,4井压力(MPa),2736549893bffde241eb4709e36f7710ce590299d72eb3764b3d0e11354fc441,E:\压裂窜扰项目\02 规范化\泸201H5\泸201H5 压裂施工曲线\泸201H5-1-17 压裂施工曲线.xlsx,Log Data,absolute,0,1757920324.0,1757931262.0,182.3,1.0,0,0,0,1.0,1.0,22.34,pre_pump_10min,600.0,599.0,0.014826000000002316,-0.00027240075666721934,primary,合格,0.030000000000001137,22.345,0.060000000000002274,0.010000000000001563,0.030000000000001137,-0.030000000000001137,-0.030000000000001137,-0.0019871091607239085,0.020000000000003126,,True,1.0,0.1,15.0,0.31230572316694094,0.0,0.0,True,-0.010000000000001563,27,0,True,primary,C1,0.01800495652206549,C1,0.9949675548916274,False,0.9400944805443069,<1 MPa
07d8f106795362,泸201H5,4,13,whole_stage,3,泸201H5|3-4,泸201H5|4|13,E:\压裂窜扰项目\02 规范化\泸201H5\泸201H5 邻井压力监测\泸201H5-4-13段压裂施工-1、2、3井压力监测.xls,导出数据,3井压力(MPa),2c6524a5d94d7a3b16115c0467bb16ac7ea11a8a1fd0b44f78283d9b08beb4ee,E:\压裂窜扰项目\02 规范化\泸201H5\泸201H5 压裂施工曲线\泸201H5-4-13 压裂施工曲线.xlsx,Log Data,absolute,0,1761312978.0,1761320699.0,128.68333333333334,1.0,0,0,0,1.0,1.0,51.53,pre_pump_10min,600.0,599.0,0.029652000000004633,-0.003519493109696539,primary,合格,0.07000000000000028,51.53,0.10999999999999943,1.6299999999999955,1.6400000000000006,-0.14999999999999858,1.6400000000000006,0.43918080559512906,0.10000000000000142,51.0,False,0.396321719984458,0.1,15.0,0.3744333635539438,25.25,0.0,True,1.8799999999999955,218,0,True,primary,C1,0.6734656841722222,C1,0.760532793968391,False,0.8307753059515415,1–5 MPa
07e175d7599e84,泸201H5,4,15,whole_stage,1,泸201H5|1-4,泸201H5|4|15,E:\压裂窜扰项目\02 规范化\泸201H5\泸201H5 邻井压力监测\泸201H5-4-15段压裂施工-1、2、3井压力监测.xls,导出数据,1井压力(MPa),92f8ad8b8bfbcb3fe3d682813668d43df5a5266238176a3afddae5730c8ee272,E:\压裂窜扰项目\02 规范化\泸201H5\泸201H5 压裂施工曲线\泸201H5-4-15 压裂施工曲线.xlsx,Log Data,absolute,0,1761641133.0,1761649163.0,133.83333333333334,1.0,0,0,0,1.0,1.0,46.11,pre_pump_10min,600.0,599.0,0.0,-0.00016370045471932642,primary,合格,0.020000000000003126,46.11,0.03999999999999915,0.020000000000003126,0.030000000000001137,-0.10999999999999943,-0.030000000000001137,-0.05314694894146821,0.030000000000001137,,True,1.0,0.1,15.0,0.4316313823163138,0.0,0.0,True,0.00999999999999801,222,0,True,primary,C1,0.07122914154506838,C1,0.9803776830659543,False,0.9366771601472675,<1 MPa
0909413fcd30dc,泸203H64,4,9,whole_stage,1,泸203H64|1-4,泸203H64|4|9,E:\压裂窜扰项目\02 规范化\泸203H64\泸203H64 邻井压力监测\泸203H64-4-9段压裂施工-1、2、3、5井秒点压力监测.xls,导出数据,1#套压(MPa),6bf1d0ed5192582e7e59a4a9e57d1afb78f0a8c7760ef9ff3d7cfd58df4db38e,E:\压裂窜扰项目\02 规范化\泸203H64\泸203H64 压裂施工曲线\泸203H64-4-9 压裂施工曲线.csv,text,named_stage_clock_only,-1671408000,51332.0,60473.0,152.35,1.0,0,0,0,1.0,2.0,48.024,pre_pump_10min,332.0,331.0,0.019273799999997218,-0.003914172243798311,primary,合格,0.059000000000004604,48.018,0.03999999999999915,0.027000000000001023,0.03300000000000125,-0.21600000000000108,-0.10500000000000398,-0.07213833278634793,0.10499999999999687,,True,1.0,0.1,15.0,0.3280087527352298,0.0,0.0,False,,472,0,True,primary,C1,0.0904681605955222,C1,0.9749396891936064,False,0.933536509788885,<1 MPa
090db60a9be086,泸201H5,2,19,whole_stage,3,泸201H5|2-3,泸201H5|2|19,E:\压裂窜扰项目\02 规范化\泸201H5\泸201H5 邻井压力监测\泸201H5-2-19段压裂施工-1、3、4井压力监测.xls,导出数据,3井压力(MPa),d8200af71eab62744f7a2fc93748ee4ad2a8188abfaf59990bbaf003e5d1adce,E:\压裂窜扰项目\02 规范化\泸201H5\泸201H5 压裂施工曲线\泸201H5-2-19 压裂施工曲线.xlsx,Log Data,absolute,0,1757863596.0,1757872843.0,154.11666666666667,1.0,0,0,0,1.0,1.0,0.15,pre_pump_10min,600.0,599.0,0.0,0.0007614854485706949,primary,合格,0.01999999999999999,0.15,0.04000000000000001,0.010000000000000009,0.010000000000000009,-0.039999999999999994,-0.03,-0.0074180815399589,0.03,,True,1.0,0.1,15.0,0.5215745647236941,0.0,0.0,True,-0.03,98,0,True,primary,C1,0.01978342692330325,C1,0.9944781778152518,False,0.9401195149668655,<1 MPa
09f08c8d151523,泸208H1,5,2,whole_stage,6,泸208H1|5-6,泸208H1|5|2,E:\压裂窜扰项目\02 规范化\泸208H1\泸208H1 邻井压力监测\泸208H1-5-2段压裂施工-6井压力监测.xlsx,5-2-6,无表头_文件名井号,d725771ea16dafaf95642c37e6760f5f8220c6e87a96fdc2d66c4cfd1fa1ce6a,E:\压裂窜扰项目\02 规范化\泸208H1\泸208H1 压裂施工曲线\泸208H1-5-2 压裂施工曲线（秒点）.xls,导出数据,named_stage_clock_only,0,57912.0,66615.0,145.05,1.0,0,0,0,1.0,1.0,38.77,pre_pump_10min,229.0,228.0,0.07413000000000632,-0.05075295034624392,primary,合格,0.13000000000000256,38.68,2.520000000000003,14.93,19.25,-0.2700000000000031,13.899999999999999,7.431898196024357,11.560000000000002,15.416666666666666,False,0.10628518901528207,0.22239000000001896,15.0,0.8930253935424566,123.0,102.83333333333333,True,15.019999999999996,1397,0,True,primary,C2,4.9258139851950835,C2,0.4268927310620044,False,0.40131090477623554,≥5 MPa
0a352a3c2bf19b,泸201H5,2,8,whole_stage,3,泸201H5|2-3,泸201H5|2|8,E:\压裂窜扰项目\02 规范化\泸201H5\泸201H5 邻井压力监测\泸201H5-2-8段压裂施工-1、3、4井压力监测.xls,导出数据,3井压力(MPa),4057fcbe58e596e29b8a4a548ee391653a2b2a86e079c068764f81cd6d1b8d95,E:\压裂窜扰项目\02 规范化\泸201H5\泸201H5 压裂施工曲线\泸201H5-2-8 压裂施工曲线.xlsx,Log Data,absolute,0,1756799376.0,1756808935.0,159.31666666666666,1.0,0,0,0,1.0,1.0,0.07,pre_pump_10min,600.0,599.0,0.0,4.5533459815166905e-05,primary,合格,0.020000000000000004,0.06,0.06,0.0,0.0,-0.020000000000000004,-0.010000000000000009,-0.002651427973637411,0.020000000000000004,,True,1.0,0.1,15.0,0.6075949367088608,0.0,0.0,True,0.01999999999999999,134,0,True,primary,C1,0.013462848772541761,C1,0.9962330610912908,False,0.9402962418100622,<1 MPa
0a40242ccdaea4,泸201H5,3,3,whole_stage,1,泸201H5|1-3,泸201H5|3|3,E:\压裂窜扰项目\02 规范化\泸201H5\泸201H5 邻井压力监测\泸201H5-3-3段压裂施工-1、2、4井压力监测.xls,导出数据,1井压力(MPa),7d00067aacf6395f5ec53c18ea9d9ed7f332a75a1a27ab1c106b44ca58a4d1a3,E:\压裂窜扰项目\02 规范化\泸201H5\泸201H5 压裂施工曲线\泸201H5-3-3 压裂施工曲线.xlsx,Log Data,absolute,0,1759158778.0,1759168776.0,166.63333333333333,1.0,0,0,0,1.0,1.0,55.17,pre_pump_10min,600.0,599.0,0.01482599999999705,0.002170272695204513,primary,合格,0.030000000000001137,55.18,0.03999999999999915,0.01999999999999602,0.01999999999999602,-0.0799999999999983,-0.0799999999999983,-0.018470694138830127,0.02999999999999403,,True,1.0,0.1,15.0,0.4860972194438888,0.0,0.0,True,-0.060000000000002274,186,0,True,primary,C1,0.03602428083762239,C1,0.9899922300564159,False,0.9389390380688866,<1 MPa
0b1da307e4799a,泸201H5,1,23,whole_stage,2,泸201H5|1-2,泸201H5|1|23,E:\压裂窜扰项目\02 规范化\泸201H5\泸201H5 邻井压力监测\泸201H5-1-23段压裂施工-2、3、4井压力监测.xls,导出数据,2井压力(MPa),36dac3b344ced1d24c8821c9eed981a6dc9ad5f5f28766e3de7a7730233b7d8e,E:\压裂窜扰项目\02 规范化\泸201H5\泸201H5 压裂施工曲线\泸201H5-1-23 压裂施工曲线.xlsx,Log Data,absolute,0,1758524916.0,1758530149.0,87.21666666666667,1.0,0,0,0,1.0,1.0,62.85,pre_pump_10min,600.0,599.0,0.04447800000000168,0.006631818421722113,primary,合格,0.10099999999999909,62.83,0.0799999999999983,0.14000000000000057,0.14999999999999858,-0.05000000000000426,0.12999999999999545,0.025972673418687777,0.10999999999999943,,True,1.0,0.13343400000000505,15.0,0.29065545576151347,0.0,0.0,True,0.10999999999999943,43,0,True,primary,C1,0.037362271058112524,C1,0.9893862414763688,False,0.9383955247030848,<1 MPa
0c09653e110e7c,泸203H64,4,2,whole_stage,2,泸203H64|2-4,泸203H64|4|2,E:\压裂窜扰项目\02 规范化\泸203H64\泸203H64 邻井压力监测\泸203H64-4-2段压裂施工-1、2、3、5井秒点压力监测.xls,导出数据,2#套压(MPa),c17235b16174ead862f6701e48b852c818190419906b1c2888ad289b3151f223,E:\压裂窜扰项目\02 规范化\泸203H64\泸203H64 压裂施工曲线\泸203H64-4-2 压裂施工曲线.csv,text,named_stage_clock_only,-1671148800,25698.0,35257.0,159.31666666666666,1.0,0,0,0,1.0,1.0,45.068,pre_pump_10min,498.0,497.0,0.0296519999999941,-0.007165599289045469,primary,合格,0.07900000000000063,45.029,0.045999999999999375,0.020000000000003126,0.03900000000000148,-0.3149999999999977,-0.2949999999999946,-0.16106046657599937,0.07200000000000273,,True,1.0,0.1,15.0,0.35265195104090385,0.0,0.0,True,-0.3410000000000011,441,0,True,primary,C1,0.18613103061513,C1,0.950370154988176,False,0.9204536995001569,<1 MPa
0c88d88882c8a2,泸203H66,2,16,whole_stage,3,泸203H66|2-3,泸203H66|2|16,E:\压裂窜扰项目\02 规范化\泸203H66\泸203H66 邻井压力监测\泸203H66平台-2井-16段压裂施工-3井秒点压力监测.xls,Sheet1,3井压力,5ec5005d7987fc076637b74a5e40266322193895b8dca506ea45ed2cabc4b330,E:\压裂窜扰项目\02 规范化\泸203H66\泸203H66 压裂施工曲线\泸203H66-2-16 压裂施工曲线.xlsx,LogData(s),named_stage_clock_only,-1679356800,42463.0,51864.0,156.68333333333334,1.0,0,0,0,1.0,1.0,42.38,pre_pump_10min,600.0,599.0,0.0,-0.007118203106116843,primary,合格,0.07000000000000028,42.31,0.07000000000000028,2.809999999999995,2.809999999999995,-0.07000000000000028,2.809999999999995,1.337689607488563,0.07000000000000028,11.5,False,0.07339644718646952,0.1,15.0,0.8991596638655462,97.41666666666667,0.0,True,3.0,588,0,True,primary,C1,1.5795717630373907,C1,0.17156482070608112,False,0.5260925232964812,1–5 MPa
0ceb9f97c78f7c,泸203H11,6,22,whole_stage,5,泸203H11|5-6,泸203H11|6|22,E:\压裂窜扰项目\02 规范化\泸203H11\泸203H11 邻井压力监测\泸203H11-6-22段压裂施工-5井秒点压力监测.xls,Sheet1,5井套压,dfb2204490acb4e069b04a9f239a6d6cd1fb227b67d5e9059c1d62f5db40d038,E:\压裂窜扰项目\02 规范化\泸203H11\泸203H11 压裂施工曲线\泸203H11-6-22 压裂施工曲线.xlsx,LogData(s),named_stage_clock_only,-1748044800,29142.0,40927.0,196.41666666666666,1.0,0,0,0,1.0,1.0,50.13,pre_pump_10min,342.0,341.0,0.014826000000007585,-0.005854572993625019,primary,合格,0.04999999999999716,50.12,0.30000000000000426,6.919999999999995,6.939999999999998,-0.030000000000001137,6.919999999999995,4.171178192617733,0.14999999999999858,8.666666666666666,False,0.044123886296139156,0.1,15.0,0.3769198133220195,164.41666666666666,78.33333333333333,False,,321,0,True,primary,C2,1.3117092526527223,C2,0.7217755310192319,False,0.4494210693260694,≥5 MPa
0d4aa215a71d84,泸203H64,4,10,whole_stage,1,泸203H64|1-4,泸203H64|4|10,E:\压裂窜扰项目\02 规范化\泸203H64\泸203H64 邻井压力监测\泸203H64-4-10段压裂施工-1、2、3、5井秒点压力监测.xls,导出数据,1#套压(MPa),b868fff0f2c2f5df5928ab822f7f8a8e434537aab06d402a9e4514646072cab5,E:\压裂窜扰项目\02 规范化\泸203H64\泸203H64 压裂施工曲线\泸203H64-4-10 压裂施工曲线.csv,text,named_stage_clock_only,-1671494400,26094.0,35162.0,151.13333333333333,1.0,0,0,0,1.0,1.0,48.766,pre_pump_10min,600.0,599.0,0.0296519999999941,-0.0026180639390649897,primary,合格,0.0589999999999975,48.74,0.045999999999999375,0.0519999999999996,0.059000000000004604,-0.05299999999999727,0.026000000000003354,0.009589104543451387,0.07900000000000063,,True,1.0,0.1,15.0,0.33965593295103663,0.0,0.0,True,0.006000000000000227,420,0,True,primary,C1,0.021412122566324614,C1,0.9939930021811565,False,0.939796217541807,<1 MPa
0ddacf773ef91d,泸206H8,5,6,whole_stage,7,泸206H8|5-7,泸206H8|5|6,E:\压裂窜扰项目\02 规范化\泸206H8\泸206H8 邻井压力监测\泸206H8-5-6段压裂施工-1、2、3、4、6、7、8井秒点压力监测.xls,导出数据,7井套压(MPa),44457d2b29877dd1f51003d617f3379d9cfa861cf72c0b80f08360fb809d107f,E:\压裂窜扰项目\02 规范化\泸206H8\泸206H8 压裂施工曲线\泸206H8-5-6 压裂施工曲线.xlsx,秒点数据,absolute,0,1752223395.0,1752231837.0,140.7,1.0,0,0,0,1.0,13.0,36.53,pre_pump_10min,195.0,194.0,0.01482599999999705,0.0008448105649767526,primary,合格,0.02599999999999625,36.53,0.060000000000002274,0.10000000000000142,0.10000000000000142,-0.25,-0.21999999999999886,-0.07555140961857491,0.03999999999999915,,True,1.0,0.1,15.0,0.3924501424501424,0.0,0.0,False,,1287,0,True,primary,C1,0.1251794578704621,C1,0.9659788019485452,False,0.9279282147164967,<1 MPa
0e28774009dc3a,泸201H5,1,11,whole_stage,2,泸201H5|1-2,泸201H5|1|11,E:\压裂窜扰项目\02 规范化\泸201H5\泸201H5 邻井压力监测\泸201H5-1-11段压裂施工-2、3、4井压力监测.xls,导出数据,2井压力(MPa),58e69d06d705bad8ac2f0e46495cbc7b3f3d4a9e631039ce5403338f1d260159,E:\压裂窜扰项目\02 规范化\泸201H5\泸201H5 压裂施工曲线\泸201H5-1-11 压裂施工曲线.xlsx,Log Data,absolute,0,1757141244.0,1757154756.0,225.2,1.0,0,0,0,1.0,1.0,62.85,pre_pump_10min,600.0,599.0,0.029652000000004633,-0.0022194728318642313,primary,合格,0.0799999999999983,62.83,0.0799999999999983,0.4299999999999997,0.4399999999999977,-0.14999999999999858,0.3999999999999986,0.09995707519242013,0.14000000000000057,111.5,False,0.4951154529307283,0.1,15.0,0.29299881586737714,0.0,0.0,True,0.4399999999999977,13,0,True,primary,C1,0.1948914043547575,C1,0.9419215198481705,False,0.919925233432432,<1 MPa
0e53afa3e9d5cf,泸203H64,3,10,whole_stage,4,泸203H64|3-4,泸203H64|3|10,E:\压裂窜扰项目\02 规范化\泸203H64\泸203H64 邻井压力监测\泸203H64-3-10段压裂施工-1、2、4、5井秒点压力监测.xls,导出数据,4#套压(MPa),e8cbba743ae05e675bcef4399e0d92d19f07ac1b4bac9de49f0e79a9710ea77f,E:\压裂窜扰项目\02 规范化\泸203H64\泸203H64 压裂施工曲线\泸203H64-3-10 压裂施工曲线.csv,text,named_stage_clock_only,-1672185600,45800.0,59822.0,233.7,1.0,0,0,0,1.0,1.0,47.145,pre_pump_10min,200.0,199.0,0.010378200000007417,0.0040079351983825584,primary,合格,0.026000000000003354,47.145,0.045999999999999375,0.02599999999999625,0.032999999999994145,-0.26900000000000546,-0.26300000000000523,-0.14791406361432347,0.03999999999999915,,True,1.0,0.1,15.0,0.3014548566538297,0.0,0.0,False,,360,0,True,primary,C1,0.17011727156910447,C1,0.9544334281132657,False,0.9230621080607195,<1 MPa
0e7b32e28e53b2,泸201H5,2,8,whole_stage,4,泸201H5|2-4,泸201H5|2|8,E:\压裂窜扰项目\02 规范化\泸201H5\泸201H5 邻井压力监测\泸201H5-2-8段压裂施工-1、3、4井压力监测.xls,导出数据,4井压力(MPa),4057fcbe58e596e29b8a4a548ee391653a2b2a86e079c068764f81cd6d1b8d95,E:\压裂窜扰项目\02 规范化\泸201H5\泸201H5 压裂施工曲线\泸201H5-2-8 压裂施工曲线.xlsx,Log Data,absolute,0,1756799376.0,1756808935.0,159.31666666666666,1.0,0,0,0,1.0,1.0,27.62,pre_pump_10min,600.0,599.0,0.01482599999999705,-6.188350523200393e-05,primary,合格,0.019999999999999574,27.62,0.060000000000002274,0.0,0.00999999999999801,-0.15000000000000213,-0.15000000000000213,-0.07352390417407767,0.020000000000003126,,True,1.0,0.1,15.0,0.3113296369913171,0.0,0.0,True,-0.15000000000000213,133,0,True,primary,C1,0.08761279733979455,C1,0.9760190469191196,False,0.9347173435830491,<1 MPa
0eac4bf414c351,阳101H37,4,11,whole_stage,6,阳101H37|4-6,阳101H37|4|11,E:\压裂窜扰项目\02 规范化\不重要的\阳101H37\阳101H37 邻井压力监测\阳101H37-1井压窜分析材料8.12-8.19_阳101H4-6井17-19号秒点数据.xls,导出数据,6井井口压力(MPa),e0b330564d0c224f3b0da658c1981869a18b6b7f07499af4dd3e9300ca83ec81,E:\压裂窜扰项目\02 规范化\不重要的\阳101H37\阳101H37 压裂施工曲线\阳101H37-4-11 压裂施工曲线（秒点）-2.xlsx,Sheet1,absolute,0,1660824990.0,1660834728.0,162.3,1.0,0,0,0,1.0,1.0,44.717,pre_pump_10min,600.0,599.0,0.0296519999999941,0.007492650812918052,primary,合格,0.059000000000004604,44.743,0.045999999999999375,0.7480000000000047,0.7480000000000047,0.026000000000003354,0.7409999999999997,0.473802012733622,0.027000000000001023,8.5,False,0.05237215033887862,0.1,15.0,0.2543643458615732,0.0,0.0,True,0.7480000000000047,1,0,True,primary,C1,0.5064879275832431,C1,0.8351941736781269,False,0.863495972824887,<1 MPa
1032e4261a1641,泸208H1,5,20,whole_stage,4,泸208H1|4-5,泸208H1|5|20,E:\压裂窜扰项目\02 规范化\泸208H1\泸208H1 邻井压力监测\泸208H1-5-20段压裂施工-4井压力监测.xlsx,5-20-4,无表头_文件名井号,e34b4171021f4cd05dcea37bc610683ab9ab405945df117e02dd89437b68a7ab,E:\压裂窜扰项目\02 规范化\泸208H1\泸208H1 压裂施工曲线\泸208H1-5-20 压裂施工曲线（秒点）.xls,导出数据,named_stage_clock_only,0,29618.0,37107.0,124.81666666666666,1.0,0,0,0,1.0,1.0,48.06,pre_pump_10min,266.0,265.0,0.10378200000000042,0.05661467639842898,primary,合格,0.19999999999999574,48.16,0.04000000000000625,10.18,10.18,0.14000000000000057,10.18,7.2626064895179585,0.28000000000000114,2.5,False,0.020029376418747497,0.31134600000000123,15.0,0.9177460275070103,113.83333333333333,92.0,True,10.119999999999997,1393,0,True,primary,C2,4.511920220746684,C2,0.4374594203275608,False,0.3978066705945854,≥5 MPa
11949df90948ca,泸201H5,1,11,whole_stage,3,泸201H5|1-3,泸201H5|1|11,E:\压裂窜扰项目\02 规范化\泸201H5\泸201H5 邻井压力监测\泸201H5-1-11段压裂施工-2、3、4井压力监测.xls,导出数据,3井压力(MPa),58e69d06d705bad8ac2f0e46495cbc7b3f3d4a9e631039ce5403338f1d260159,E:\压裂窜扰项目\02 规范化\泸201H5\泸201H5 压裂施工曲线\泸201H5-1-11 压裂施工曲线.xlsx,Log Data,absolute,0,1757141244.0,1757154756.0,225.2,1.0,0,0,0,1.0,1.0,0.03,pre_pump_10min,600.0,599.0,0.0,-0.00013225036736212845,primary,合格,0.009999999999999998,0.03,0.030000000000000002,0.010000000000000002,0.010000000000000002,-0.03,0.0,-0.0013632326820603902,0.019999999999999997,,True,1.0,0.1,15.0,0.5931764357608053,0.0,0.0,True,0.0,14,0,True,primary,C1,0.01266216212306852,C1,0.9964549253956926,False,0.9404555249583021,<1 MPa
11d9aa3aaaf89c,阳101H33,1,10,whole_stage,2,阳101H33|1-2,阳101H33|1|10,E:\压裂窜扰项目\02 规范化\阳101H33\阳101H33 邻井压力监测\阳101H33-1-10段压裂施工-2井压力监测.xlsx,1-10-2,无表头_文件名井号,10f3a01d7aba2c08002b98d07b30d51426b860a1c55cf4a91c5c37ee45f30cfd,E:\压裂窜扰项目\02 规范化\阳101H33\阳101H33 压裂施工曲线\阳101H33-1-10 压裂施工曲线.xls,text,absolute,0,1727341138.0,1727350452.0,155.23333333333332,1.0,0,0,0,1.0,1.0,51.378,pre_pump_10min,600.0,599.0,0.019273799999997218,-0.0039029308414744598,primary,合格,0.04600000000000648,51.358,0.05300000000000438,5.335000000000001,5.368000000000002,-0.03999999999999915,5.368000000000002,2.4752471548207002,0.11200000000000188,14.833333333333334,False,0.09555507837663733,0.1,15.0,0.22009877603607472,108.33333333333333,7.333333333333333,True,5.695999999999998,2071,0,True,primary,C2,0.5876277846547403,C2,0.8031085636649847,False,0.22214887255277802,≥5 MPa
11eef16addb9c0,泸201H5,3,15,whole_stage,1,泸201H5|1-3,泸201H5|3|15,E:\压裂窜扰项目\02 规范化\泸201H5\泸201H5 邻井压力监测\泸201H5-3-15段压裂施工-1、2、4井压力监测.xls,导出数据,1井压力(MPa),75e74d5fdde192ef3723e0e819489b630185a0aed4a1d1e6ee7cb1ba4b46af6c,E:\压裂窜扰项目\02 规范化\泸201H5\泸201H5 压裂施工曲线\泸201H5-3-15 压裂施工曲线.xlsx,Log Data,absolute,0,1762672889.0,1762684490.0,193.35,1.0,0,0,0,1.0,1.0,41.13,pre_pump_10min,600.0,599.0,0.0,-2.4750068747798715e-05,primary,合格,0.020000000000003126,41.13,0.04000000000000625,0.0,0.0,-0.14000000000000057,-0.10999999999999943,-0.06496379622446559,0.020000000000003126,,True,1.0,0.1,15.0,0.4309111283510042,0.0,0.0,True,-0.10999999999999943,153,0,True,primary,C1,0.08081223812814534,C1,0.9778381514512401,False,0.9354330327064924,<1 MPa
12ac820130ca52,泸203H66,3,17,whole_stage,1,泸203H66|1-3,泸203H66|3|17,E:\压裂窜扰项目\02 规范化\泸203H66\泸203H66 邻井压力监测\泸203H66平台-3井-17段压裂施工-1、2井秒点压力监测.xls,Sheet1,1井,2f329f5bd759c68fed5e455aef73fbd338be3b21dfe7d985e6503c745c32833b,E:\压裂窜扰项目\02 规范化\泸203H66\泸203H66 压裂施工曲线\泸203H66-3-17 压裂施工曲线.xlsx,LogData(s),named_stage_clock_only,-1679443200,30786.0,39341.0,142.58333333333334,1.0,0,0,0,1.0,1.0,47.25,pre_pump_10min,186.0,185.0,0.0,-0.0029607112719074007,primary,合格,0.0,47.25,0.07000000000000028,1.75,1.75,-0.060000000000002274,1.75,0.44436177673874916,0.07000000000000028,62.583333333333336,False,0.43892460549386325,0.1,15.0,0.9104617182933957,30.333333333333332,0.0,True,2.0600000000000023,627,0,True,primary,C1,0.6978568163196955,C1,0.7494958209375627,False,0.8249530773933336,1–5 MPa
1388b55ef470a1,泸208H2,9,7,whole_stage,10,泸208H2|10-9,泸208H2|9|7,E:\压裂窜扰项目\02 规范化\泸208H2\泸208H2 邻井压力监测\泸208H2-9-7段压裂施工-10井压力监测.xlsx,9-7-10,无表头_文件名井号,d19a26d21dfc5882353395599e5aeb3fce5c8eab71d2a1ce27354b9b8a2c6ec9,E:\压裂窜扰项目\02 规范化\泸208H2\泸208H2 压裂施工曲线\泸208H2-9-7 压裂施工曲线（秒点）.xlsx,秒点数据,named_stage_clock_only,1719619200,1719650817.0,1719658393.0,126.26666666666667,1.0,0,0,0,1.0,1.0,51.504,pre_pump_10min,310.0,309.0,0.015567300000000589,-0.001957565534750461,primary,合格,0.042200000000001125,51.504,0.1687999999999974,4.9483999999999995,4.980000000000004,-0.10559999999999548,4.969500000000004,1.569355524023234,0.1372,42.75,False,0.3385691657866948,0.1,15.0,0.7107972544878564,63.75,0.0,True,5.518100000000004,1764,0,True,primary,C2,1.085003996131206,C2,0.5239784377413599,False,-0.16691229780959646,1–5 MPa
139359f4559416,泸203H64,3,1,whole_stage,4,泸203H64|3-4,泸203H64|3|1,E:\压裂窜扰项目\02 规范化\泸203H64\泸203H64 邻井压力监测\泸203H64-3-1段压裂施工-1、2、4、5井秒点压力监测.xls,导出数据,4#套压(MPa),f8ca50216c665b1923b59818c236e7d73c2fc8bdaf80376a5a130d3ebfe54500,E:\压裂窜扰项目\02 规范化\泸203H64\泸203H64 压裂施工曲线\泸203H64-3-1 压裂施工曲线.csv,text,named_stage_clock_only,-1668988800,30868.0,37897.0,117.15,1.0,0,0,0,1.0,1.0,32.281,pre_pump_10min,268.0,267.0,0.019273799999997218,-0.011352609992096405,primary,合格,0.045999999999999375,32.261,0.2629999999999981,29.866,29.886000000000003,-0.1839999999999975,29.853,12.185434699103714,9.548000000000002,49.25,False,0.42040119504908235,0.1,15.0,0.2560819462227913,58.416666666666664,50.833333333333336,True,29.813000000000002,382,0,True,primary,C2,15.050660492080299,C2,0.1922348833483253,False,0.2006489824435313,≥5 MPa
13c6aabfbcab35,泸203H64,4,9,whole_stage,3,泸203H64|3-4,泸203H64|4|9,E:\压裂窜扰项目\02 规范化\泸203H64\泸203H64 邻井压力监测\泸203H64-4-9段压裂施工-1、2、3、5井秒点压力监测.xls,导出数据,3#套压(MPa),6bf1d0ed5192582e7e59a4a9e57d1afb78f0a8c7760ef9ff3d7cfd58df4db38e,E:\压裂窜扰项目\02 规范化\泸203H64\泸203H64 压裂施工曲线\泸203H64-4-9 压裂施工曲线.csv,text,named_stage_clock_only,-1671408000,51332.0,60473.0,152.35,1.0,0,0,0,1.0,1.0,45.281,pre_pump_10min,332.0,331.0,0.05782140000000219,-0.026736097652626304,primary,合格,0.125,45.222,0.07199999999999562,2.875,2.887999999999998,-0.37999999999999545,2.875,1.1723897822995306,0.1109999999999971,46.333333333333336,False,0.30412427524340885,0.17346420000000656,15.0,0.22010720927688437,84.33333333333333,0.0,False,,470,0,True,primary,C1,1.6079792867597444,C1,0.13672180181510915,False,0.5163632678234439,1–5 MPa
14111da8486e17,泸201H5,2,7,whole_stage,4,泸201H5|2-4,泸201H5|2|7,E:\压裂窜扰项目\02 规范化\泸201H5\泸201H5 邻井压力监测\泸201H5-2-7段压裂施工-1、3、4井压力监测.xls,导出数据,4井压力(MPa),27591c2aa85746363e8f5eb467a3b84ed81aa11d90c796dc1e69391ac79f2c61,E:\压裂窜扰项目\02 规范化\泸201H5\泸201H5 压裂施工曲线\泸201H5-2-7 压裂施工曲线.xlsx,Log Data,absolute,0,1756626795.0,1756636197.0,156.7,1.0,0,0,0,1.0,1.0,30.08,pre_pump_10min,600.0,599.0,0.01482599999999705,-0.0004489845805097944,primary,合格,0.0400000000000027,30.08,0.06999999999999673,0.0,0.020000000000003126,-0.17999999999999972,-0.16999999999999815,-0.09828387577111085,0.020000000000003126,,True,1.0,0.1,15.0,0.27685598808764095,0.0,0.0,True,-0.17999999999999972,130,0,True,primary,C1,0.11251423329421016,C1,0.9693994065414135,False,0.9315180331527898,<1 MPa
142b8dde1d29d6,泸208H1,4,4,whole_stage,5,泸208H1|4-5,泸208H1|4|4,E:\压裂窜扰项目\02 规范化\泸208H1\泸208H1 邻井压力监测\泸208H1-4-4段压裂施工-5井压力监测.xlsx,4-4-5,无表头_文件名井号,bd98b5ed281681f70d1cc3adaf11bb95e8d39d1f29bb8587547880421ecc7f53,E:\压裂窜扰项目\02 规范化\泸208H1\泸208H1 压裂施工曲线\泸208H1-4-4 压裂施工曲线（秒点）.xls,导出数据,named_stage_clock_only,0,29082.0,34940.0,97.63333333333334,1.0,0,0,0,1.0,1.0,38.09,pre_pump_10min,222.0,221.0,0.059304000000009266,-0.029975798902207338,primary,合格,0.09000000000000341,38.05,0.060000000000002274,15.019999999999996,15.199999999999996,-0.22000000000000597,15.159999999999997,3.0533560942301086,0.5499999999999972,38.416666666666664,False,0.393479003072721,0.1779120000000278,15.0,0.8939911232502561,46.25,22.916666666666668,True,17.229999999999997,1357,0,True,primary,C2,2.554531298024027,C2,0.5356832393426141,False,0.3269403981121107,≥5 MPa
15c28c3ee91376,泸203H153,5,4,whole_stage,6,泸203H153|5-6,泸203H153|5|4,E:\压裂窜扰项目\02 规范化\泸203H153\泸203H153 邻井压力监测\泸203H153-5-4段压裂施工-6井套压压力监测.xls,导出数据,6井套压(MPa),ce5c52596bf93bd1f9653400e6ad9ce1df9fd2509cce32cbe438f8d835cefe99,E:\压裂窜扰项目\02 规范化\泸203H153\泸203H153 压裂施工曲线\泸203H153-5-4 压裂施工曲线-2.xls,分点数据,absolute,0,1708419164.0,1708429141.0,166.28333333333333,1.0,0,0,0,1.0,1.0,51.54,pre_pump_10min,600.0,599.0,0.01482599999999705,-2.4500067995977148e-06,primary,合格,0.030000000000001137,51.54,0.05000000000000426,8.189999999999998,8.300000000000004,-0.030000000000001137,8.29,1.4277548361230845,0.28999999999999915,63.833333333333336,False,0.3838829307407036,0.1,15.0,0.3827803949082891,60.583333333333336,15.166666666666666,True,10.71,337,0,True,primary,C2,1.3782450302676719,C2,0.45584326189832375,False,-0.13754819611879773,≥5 MPa
1623a98c35ccd8,泸201H5,1,16,whole_stage,4,泸201H5|1-4,泸201H5|1|16,E:\压裂窜扰项目\02 规范化\泸201H5\泸201H5 邻井压力监测\泸201H5-1-16段压裂施工-2、3、4井压力监测.xls,导出数据,4井压力(MPa),7f6000239227036f9e1cf3bf4c51757b924a59f29fe8b415f0daea5550c6c57e,E:\压裂窜扰项目\02 规范化\泸201H5\泸201H5 压裂施工曲线\泸201H5-1-16 压裂施工曲线.xlsx,Log Data,absolute,0,1757833378.0,1757843016.0,160.63333333333333,1.0,0,0,0,1.0,1.0,22.6,pre_pump_10min,600.0,599.0,0.01482599999999705,-0.0004235178431034931,primary,合格,0.019999999999999574,22.6,0.05000000000000071,0.0,0.00999999999999801,-0.030000000000001137,-0.030000000000001137,-0.020538493463376013,0.019999999999999574,,True,1.0,0.1,15.0,0.353392820087155,0.0,0.0,True,-0.030000000000001137,24,0,True,primary,C1,0.024932112594328416,C1,0.9930569231336984,False,0.9400578783794667,<1 MPa
162e1b4c856f40,泸201H5,3,12,whole_stage,4,泸201H5|3-4,泸201H5|3|12,E:\压裂窜扰项目\02 规范化\泸201H5\泸201H5 邻井压力监测\泸201H5-3-12段压裂施工-1、2、4井压力监测.xls,导出数据,4井压力(MPa),55744f8807f94d1ebaff9278c03e7afb82a46d98dda0899ca099a895c3329638,E:\压裂窜扰项目\02 规范化\泸201H5\泸201H5 压裂施工曲线\泸201H5-3-12 压裂施工曲线.xlsx,Log Data,absolute,0,1761986515.0,1762016833.0,505.3,1.0,0,0,0,1.0,1.0,51.46,pre_pump_10min,600.0,599.0,0.01482599999999705,-0.0024557734882578027,primary,合格,0.03999999999999915,51.46,0.09000000000000341,3.469999999999999,3.530000000000001,-0.03999999999999915,3.5,1.3159667524243015,0.060000000000002274,28.0,False,0.055412626162675636,0.1,15.0,0.29731512632759416,254.75,0.0,True,3.780000000000001,145,0,True,primary,C1,1.4848181695906295,C1,0.332046744436516,False,0.5787784788427895,1–5 MPa
169248eea4238a,阳101H35,3,8,whole_stage,2,阳101H35|2-3,阳101H35|3|8,E:\压裂窜扰项目\02 规范化\阳101H35\阳101H35 邻井压力监测\阳101H35平台3井第八段压裂期间邻井秒点数据2024.5.23.xlsx,text,2#套压(MPa),cea6b5747e82e3eeb33c8f91b94b0ce7d6c6eb891be78a5ff159c1bf20089fc6,E:\压裂窜扰项目\02 规范化\阳101H35\阳101H35 压裂施工曲线\阳101H35-3-8 压裂施工曲线（秒点）.xlsx,Log Data,named_stage_clock_only,-1716422400,26812.0,40295.0,224.71666666666667,1.0,0,0,0,1.0,1.0,43.4500007629395,pre_pump_10min,412.0,411.0,0.027797618865893055,-0.002699698557774566,primary,合格,0.0743721008300895,43.40625,1.90625,8.099998474120994,8.15625,-0.07500076293950286,8.131248474120994,2.0988628077929157,2.53125,29.916666666666668,False,0.13313060891492992,0.1,15.0,0.21664318030111993,152.91666666666666,30.25,True,8.518749237060497,2341,0,True,primary,C2,1.0180169395514795,C2,0.6584104512753005,False,0.11485467372348693,≥5 MPa
176286c7da91a4,泸203H91,3,6,whole_stage,2,泸203H91|2-3,泸203H91|3|6,E:\压裂窜扰项目\02 规范化\泸203H91\泸203H91 邻井压力监测\泸203H91-3-6段压裂施工-2井秒点压力监测.xls,导出数据,2#2井井口套压(MPa),975edb74e46eaa6a03d4e3dc1876a024a9a5de61713b65d085a1a0c5b39d6c48,E:\压裂窜扰项目\02 规范化\泸203H91\泸203H91 压裂施工曲线\泸203H91-3-6 压裂施工曲线（秒点）.xlsx,Log Data,named_stage_clock_only,-1693353600,30815.0,39408.0,143.21666666666667,1.0,0,0,0,1.0,10.0,58.066,pre_pump_10min,600.0,599.0,0.03854760000000497,0.010372572146037462,primary,合格,0.07959999999999923,58.119,0.0660000000000025,4.893999999999998,4.913999999999994,0.05299999999999727,4.9069999999999965,2.4229748632607913,0.09900000000000375,3.9166666666666665,False,0.027347841266146863,0.11564280000001491,15.0,0.18155317164179105,106.58333333333333,0.0,True,5.018999999999998,957,0,True,primary,C2,0.6585729387320952,C2,0.77031797599634,False,0.1763123132901503,1–5 MPa
179ecee02bac59,泸203H76,1,19,whole_stage,2,泸203H76|1-2,泸203H76|1|19,E:\压裂窜扰项目\02 规范化\泸203H76\泸203H76 邻井压力监测\泸203H76平台-1井-19段压裂施工-2、3、4井秒点压力监测.xls,Sheet1,2井井口压力,6738865bee4180e96fb79ca834d9763d84dd4d4f734350ce847bdeeffd00cfa0,E:\压裂窜扰项目\02 规范化\泸203H76\泸203H76 压裂施工曲线\泸203H76-1-19 压裂施工曲线（秒点）.xlsx,Sheet1,named_stage_clock_only,-1679702400,37807.0,43820.0,100.21666666666667,1.0,0,0,0,1.0,1.0,55.7291,pre_pump_10min,307.0,306.0,0.015567300000000589,-0.0024398613457863663,primary,合格,0.021000000000000796,55.7186,0.05250000000000199,3.5492999999999952,3.591299999999997,-0.010500000000000398,3.5807999999999964,1.497752170297686,0.10499999999999687,7.0,False,0.06984866123399301,0.1,15.0,0.8794279062032263,51.416666666666664,0.0,True,3.832899999999995,686,0,True,primary,C2,1.5328943567235545,C2,0.18504974050806086,False,-0.3802906177227678,1–5 MPa
17aef3d9d02efb,泸203H64,3,9,whole_stage,5,泸203H64|3-5,泸203H64|3|9,E:\压裂窜扰项目\02 规范化\泸203H64\泸203H64 邻井压力监测\泸203H64-3-9段压裂施工-1、2、4、5井秒点压力监测.xls,导出数据,5#套压(MPa),e9b3122fdbf44013b6d70a894d37688eb55c7825f5c5b4bb5daa87f91a9c149c,E:\压裂窜扰项目\02 规范化\泸203H64\泸203H64 压裂施工曲线\泸203H64-3-9 压裂施工曲线.csv,text,named_stage_clock_only,-1672099200,53895.0,66245.0,205.83333333333334,1.0,0,0,0,1.0,1.0,46.195,pre_pump_10min,195.0,194.0,0.008895600000000337,-0.0011836087329542583,primary,合格,0.01999999999999602,46.195,0.054999999999999716,3.615000000000002,3.636000000000003,-0.006000000000000227,3.628999999999998,1.347578461538461,0.06199999999999761,44.25,False,0.21497975708502023,0.1,15.0,0.262834008097166,108.83333333333333,0.0,False,,413,0,True,primary,C2,1.6070459777677368,C2,0.09720213554062833,True,-0.42954026948477203,1–5 MPa
17bf53e5c7feae,泸203H64,5,14,whole_stage,3,泸203H64|3-5,泸203H64|5|14,E:\压裂窜扰项目\02 规范化\泸203H64\泸203H64 邻井压力监测\泸203H64-5-14段压裂施工-1、2、3、4井秒点压力监测.xls,导出数据,3#套压(MPa),03e90a589c19ab57964e0f20aebcc922ff10aa62898771e5fbeeb59cf71dafca,E:\压裂窜扰项目\02 规范化\泸203H64\泸203H64 压裂施工曲线\泸203H64-5-14 压裂施工曲线.csv,text,named_stage_clock_only,-1670976000,50007.0,61538.0,192.18333333333334,1.0,0,0,0,1.0,1.0,40.622,pre_pump_10min,207.0,206.0,0.008895600000000337,0.008228480046763175,primary,合格,0.03300000000000125,40.628,0.045000000000001705,0.0,0.006000000000000227,-0.3019999999999996,-0.2629999999999981,-0.13047107796375004,0.09199999999999875,,True,1.0,0.1,15.0,0.344636198074755,0.0,0.0,True,-0.27600000000000335,490,0,True,primary,C1,0.1496953729722659,C1,0.959676258569823,False,0.9260715729596066,<1 MPa
17f1688b429ac2,泸201H5,2,10,whole_stage,1,泸201H5|1-2,泸201H5|2|10,E:\压裂窜扰项目\02 规范化\泸201H5\泸201H5 邻井压力监测\泸201H5-2-10段压裂施工-1、3、4井压力监测.xls,导出数据,1井压力(MPa),d95861c0e6ec0c21af85ff06f8ebad3fd730d852877738f652c6267b34a7e9f6,E:\压裂窜扰项目\02 规范化\泸201H5\泸201H5 压裂施工曲线\泸201H5-2-10 压裂施工曲线.xlsx,Log Data,absolute,0,1757092446.0,1757102174.0,162.13333333333333,1.0,0,0,0,1.0,1.0,59.45,pre_pump_10min,600.0,599.0,0.029652000000004633,-0.005272831313416044,primary,合格,0.0800000000000054,59.42,0.05000000000000426,0.01999999999999602,0.01999999999999602,-0.14000000000000057,-0.12000000000000455,-0.09643143503289664,0.04999999999999716,,True,1.0,0.1,15.0,0.42300575657894735,0.0,0.0,True,-0.12000000000000455,69,0,True,primary,C1,0.10171643739210456,C1,0.9721682437132788,False,0.9329065871018927,<1 MPa
1856e21cc71d89,泸203H9,3,1,whole_stage,4,泸203H9|3-4,泸203H9|3|1,E:\压裂窜扰项目\02 规范化\泸203H9\泸203H9 邻井压力监测\泸203H9_压窜信息_3、4、6压窜监测数据（大于5兆帕）_3井第1段-4井压力监测.xls,导出数据,4#套压(MPa),50d85f79d5a60152bd5f21dfb48d1e9317dd712e478e6fc0a56baba38c304519,E:\压裂窜扰项目\02 规范化\泸203H9\泸203H9 压裂施工曲线\泸203H9-3-1 压裂施工曲线-2.xlsx,LogData(s),named_stage_clock_only,-1690156800,26126.0,37115.0,183.15,1.0,0,0,0,1.0,1.0,52.3687515258789,pre_pump_10min,326.0,325.0,0.009733408355649682,-0.005660351625077135,primary,合格,0.03281021118169747,52.349063873291,0.04593658447269888,8.104686737060604,8.104686737060604,-0.0590629577637003,8.104686737060604,4.862247482141518,0.23624801635740056,31.75,False,0.17335517335517334,0.1,15.0,0.2608062608062608,137.58333333333334,116.25,True,7.835624694824197,995,0,True,primary,C2,2.1634843159600234,C2,0.6247891414649477,False,0.46281375746951864,≥5 MPa
18948c64b2a0f7,阳101H34,2,9,whole_stage,1,阳101H34|1-2,阳101H34|2|9,E:\压裂窜扰项目\02 规范化\阳101H34\阳101H34 邻井压力监测\阳101H34-2-9段压裂施工-1井秒点压力监测.xls,导出数据,1#1井套压(MPa),a09e4d676d69c475cac56610f21984ee19486f6f9c5867f113716f9e6e446897,E:\压裂窜扰项目\02 规范化\阳101H34\阳101H34 压裂施工曲线\阳101H34-2-9 压裂施工曲线.xls,秒点数据,named_stage_clock_only,-1745798400,26612.0,36462.0,164.16666666666666,1.0,0,0,0,1.0,1.0,57.7558174133301,pre_pump_10min,212.0,211.0,0.019466816711457384,-0.00039187784026908343,primary,合格,0.032833099365298324,57.7492485046387,0.09849548339839487,1.0768623352050994,1.0834274291991974,-0.013134002685596613,1.0768623352050994,0.3749002609640014,0.05909729003909803,56.666666666666664,False,0.34517766497461927,0.1,15.0,0.19614213197969543,9.5,0.0,False,,2158,0,True,primary,C1,0.5055712611088417,C1,0.8317791787782675,False,0.8670703117108909,1–5 MPa
18eb436caf87f2,泸201H5,3,21,whole_stage,2,泸201H5|2-3,泸201H5|3|21,E:\压裂窜扰项目\02 规范化\泸201H5\泸201H5 邻井压力监测\泸201H5-3-21段压裂施工-1、2、4井压力监测.xls,导出数据,2井压力(MPa),4d867775bf9c82842cbd3130a6fe95954e6d587a560410782ce23d1c601af722,E:\压裂窜扰项目\02 规范化\泸201H5\泸201H5 压裂施工曲线\泸201H5-3-21 压裂施工曲线.xlsx,Log Data,absolute,0,1766403980.0,1766415172.0,186.53333333333333,1.0,0,0,0,1.0,1.0,37.71,pre_pump_10min,600.0,599.0,0.01482599999999705,0.002438656774047549,primary,合格,0.03999999999999915,37.71,0.05000000000000426,0.04999999999999716,0.060000000000002274,-0.09000000000000341,-0.020000000000003126,-0.001397426733382285,0.07000000000000028,,True,1.0,0.1,15.0,0.4816833452466047,0.0,0.0,True,-0.030000000000001137,173,0,True,primary,C1,0.016221501529448852,C1,0.9954495197952556,False,0.9404680549973465,<1 MPa
19294c5d86b2a2,泸206H8,4,1,whole_stage,1,泸206H8|1-4,泸206H8|4|1,E:\压裂窜扰项目\02 规范化\泸206H8\泸206H8 邻井压力监测\泸206H8-4-1段压裂施工-1、2、3、5、6、7、8井秒点压力监测.xls,导出数据,1井套压(MPa),4a5f67a41d14d5d4fb0a58397a2523db310d74078dac6f986aecf1c77eac6925,E:\压裂窜扰项目\02 规范化\泸206H8\泸206H8 压裂施工曲线\泸206H8-4-1 压裂施工曲线.xlsx,秒点数据,absolute,0,1751889358.0,1751899386.0,167.13333333333333,1.0,0,0,0,1.0,1.0,52.6,pre_pump_10min,358.0,357.0,0.01482599999999705,-0.0005449938335812985,primary,合格,0.01999999999999602,52.59,0.0800000000000054,0.00999999999999801,0.01999999999999602,-0.10000000000000142,-0.07000000000000028,-0.03589349820502707,0.03999999999999915,,True,1.0,0.1,15.0,0.30544475468687676,0.0,0.0,False,,1068,0,True,primary,C1,0.04796237125348593,C1,0.986729313986956,False,0.9385025462814087,<1 MPa
19f103a0f03ef9,泸201H5,1,23,whole_stage,3,泸201H5|1-3,泸201H5|1|23,E:\压裂窜扰项目\02 规范化\泸201H5\泸201H5 邻井压力监测\泸201H5-1-23段压裂施工-2、3、4井压力监测.xls,导出数据,3井压力(MPa),36dac3b344ced1d24c8821c9eed981a6dc9ad5f5f28766e3de7a7730233b7d8e,E:\压裂窜扰项目\02 规范化\泸201H5\泸201H5 压裂施工曲线\泸201H5-1-23 压裂施工曲线.xlsx,Log Data,absolute,0,1758524916.0,1758530149.0,87.21666666666667,1.0,0,0,0,1.0,1.0,0.04,pre_pump_10min,600.0,599.0,0.014826000000000002,8.095022486173668e-05,primary,合格,0.020000000000000004,0.04,0.04,0.010000000000000002,0.010000000000000002,-0.03,0.010000000000000002,-0.007865469138161668,0.020000000000000004,,True,1.0,0.1,15.0,0.4458245748136824,0.0,0.0,True,0.0,44,0,True,primary,C1,0.014854931190162974,C1,0.9958444154288284,False,0.9404363870170618,<1 MPa
1a266d082fc066,泸201H5,4,24,whole_stage,1,泸201H5|1-4,泸201H5|4|24,E:\压裂窜扰项目\02 规范化\泸201H5\泸201H5 邻井压力监测\泸201H5-4-24段压裂施工-1、2、3井压力监测.xls,导出数据,1井压力(MPa),438e6bed76b97396c2c4141f72b039461bc678771924c5d5600d25f984cfc26b,E:\压裂窜扰项目\02 规范化\泸201H5\泸201H5 压裂施工曲线\泸201H5-4-24 压裂施工曲线.xlsx,Log Data,absolute,0,1765717341.0,1765727366.0,167.08333333333334,1.0,0,0,0,1.0,1.0,42.82,pre_pump_10min,600.0,599.0,0.0,-0.00011403365009347815,primary,合格,0.01999999999999602,42.82,0.05000000000000426,0.03999999999999915,0.03999999999999915,-0.03999999999999915,0.030000000000001137,0.01015511221945167,0.020000000000003126,,True,1.0,0.1,15.0,0.4474812967581047,0.0,0.0,True,0.030000000000001137,246,0,True,primary,C1,0.02073408394607012,C1,0.9941729076122422,False,0.9399468530865971,<1 MPa
1a799accd98992,泸203H76,2,17,whole_stage,4,泸203H76|2-4,泸203H76|2|17,E:\压裂窜扰项目\02 规范化\泸203H76\泸203H76 邻井压力监测\泸203H76平台-2井-17段压裂施工-1、3、4井秒点压力监测.xls,Sheet1,4井井口压力,3fe5f0d0b1a32db10414f06293c13a7c52d6051bb968611c8309c5f21a7b4413,E:\压裂窜扰项目\02 规范化\泸203H76\泸203H76 压裂施工曲线\泸203H76-2-17 压裂施工曲线（秒点）.xlsx,Sheet1,named_stage_clock_only,-1679616000,27660.0,34457.0,113.28333333333333,1.0,0,0,0,1.0,1.0,51.4972,pre_pump_10min,480.0,479.0,0.031134600000001178,-0.00582265287610062,primary,合格,0.0630999999999986,51.4866,0.3254999999999981,0.4305000000000021,0.4515000000000029,-0.11560000000000059,0.4200000000000017,0.06494358540532713,0.15749999999999886,86.5,False,0.7635721641900839,0.1,15.0,0.6783875239076063,0.0,0.0,True,0.5249999999999986,778,0,True,primary,C1,0.13165707434740756,C1,0.9615244503613751,False,0.9288984823410202,<1 MPa
1a8c6b635bc434,泸208H2,8,13,whole_stage,7,泸208H2|7-8,泸208H2|8|13,E:\压裂窜扰项目\02 规范化\泸208H2\泸208H2 邻井压力监测\泸208H2-8-13段压裂施工-7井压力监测.xlsx,8-13-7,无表头_文件名井号,d631836ce7ea3a788b636bebb0a4053ff1f4b5ec93a8099eb12e4357def54338,E:\压裂窜扰项目\02 规范化\泸208H2\泸208H2 压裂施工曲线\泸208H2-8-13 压裂施工曲线（秒点）.xlsx,秒点数据,named_stage_clock_only,1725235200,1725260873.0,1725270852.0,166.31666666666666,1.0,0,0,0,1.0,1.0,49.838,pre_pump_10min,267.0,266.0,0.031134600000001178,0.008269317432435204,primary,合格,0.0630999999999986,49.8801,0.6202000000000041,1.3877000000000024,1.5559999999999974,-0.021000000000000796,1.208999999999996,0.2731748772422068,0.7569000000000017,116.5,False,0.7004709890770618,0.1,15.0,0.7215151818819521,16.5,0.0,True,1.208999999999996,1671,0,True,primary,C1,0.4706450455137791,C1,0.8472479051617364,False,0.8732494812998922,1–5 MPa
1ae4adf98e414c,泸201H5,1,17,whole_stage,2,泸201H5|1-2,泸201H5|1|17,E:\压裂窜扰项目\02 规范化\泸201H5\泸201H5 邻井压力监测\泸201H5-1-17段压裂施工-2、3、4井压力监测.xls,导出数据,2井压力(MPa),2736549893bffde241eb4709e36f7710ce590299d72eb3764b3d0e11354fc441,E:\压裂窜扰项目\02 规范化\泸201H5\泸201H5 压裂施工曲线\泸201H5-1-17 压裂施工曲线.xlsx,Log Data,absolute,0,1757920324.0,1757931262.0,182.3,1.0,0,0,0,1.0,1.0,61.86,pre_pump_10min,600.0,599.0,0.04447800000000168,-0.005572482145776479,primary,合格,0.11999999999999744,61.82,0.0899999999999963,-0.01999999999999602,0.00999999999999801,-0.22999999999999687,-0.1700000000000017,-0.17247760102395326,0.0800000000000054,,True,1.0,0.13343400000000505,15.0,0.2833241908941306,0.0,0.0,True,-0.14999999999999858,28,0,True,primary,C1,0.17978031207821527,C1,0.951730209723013,False,0.9216426306567771,<1 MPa
1b322807c707cc,泸208H1,5,8,whole_stage,6,泸208H1|5-6,泸208H1|5|8,E:\压裂窜扰项目\02 规范化\泸208H1\泸208H1 邻井压力监测\泸208H1-5-8段压裂施工-6井压力监测.xlsx,5-8-6,无表头_文件名井号,8fc68aac9e7d2876ca902fd149a63b920c6346fa39d7a2fbef4bf66aa7c31291,E:\压裂窜扰项目\02 规范化\泸208H1\泸208H1 压裂施工曲线\泸208H1-5-8 压裂施工曲线（秒点）.xls,导出数据,named_stage_clock_only,0,47099.0,55447.0,139.13333333333333,1.0,0,0,0,1.0,1.0,33.63,pre_pump_10min,290.0,289.0,0.05930399999999873,-0.01605280476088902,primary,合格,0.09999999999999432,33.63,0.990000000000002,9.009999999999998,9.049999999999997,-0.13000000000000256,9.009999999999998,3.895683397220889,0.8099999999999952,15.666666666666666,False,0.1126018207954001,0.17791199999999618,15.0,0.8418782942022042,107.5,45.083333333333336,True,9.729999999999997,1404,0,True,primary,C2,0.9819186546377507,C2,0.7941809089288127,False,0.49266223759220196,≥5 MPa
1d9cf0c6e1a03b,泸203H64,5,9,whole_stage,1,泸203H64|1-5,泸203H64|5|9,E:\压裂窜扰项目\02 规范化\泸203H64\泸203H64 邻井压力监测\泸203H64-5-9段压裂施工-1、2、3、4井秒点压力监测.xls,导出数据,1#套压(MPa),2992e0fa6ac2f5d37ab8908d8d30077beac10981b908cffc364618d3be2ffb1f,E:\压裂窜扰项目\02 规范化\泸203H64\泸203H64 压裂施工曲线\泸203H64-5-9 压裂施工曲线.csv,text,named_stage_clock_only,-1670803200,26321.0,36455.0,168.9,1.0,0,0,0,1.0,1.0,38.968,pre_pump_10min,221.0,220.0,0.019273799999997218,0.005178516237336466,primary,合格,0.03900000000000148,38.968,0.03999999999999915,0.3089999999999975,0.3149999999999977,-0.06500000000000483,0.24899999999999523,0.11694276692322528,0.09199999999999875,59.416666666666664,False,0.3517860667061377,0.1,15.0,0.3910597986974541,0.0,0.0,False,,524,0,True,primary,C1,0.13597459145822438,C1,0.96015722183205,False,0.9276240464495836,<1 MPa
1e1b22dfd3ed4c,阳101H35,2,9,whole_stage,3,阳101H35|2-3,阳101H35|2|9,E:\压裂窜扰项目\02 规范化\阳101H35\阳101H35 邻井压力监测\阳101H35平台2井第九段压裂邻井秒点数据(1).xls,text,3#套压(MPa),a10d17cd150521ca4b82c35d95025bb534d26ebaff8b188e598a93d16820d98c,E:\压裂窜扰项目\02 规范化\阳101H35\阳101H35 压裂施工曲线\阳101H35-2-9 压裂施工曲线（秒点）-2.xlsx,Log Data,named_stage_clock_only,-1716249600,29066.0,35098.0,100.53333333333333,1.0,0,0,0,1.0,1.0,44.09375,pre_pump_10min,506.0,505.0,0.04633125,-0.0038407057339372155,primary,合格,0.11875152587889914,44.0687484741211,0.11874771118159799,5.275001525878899,5.306251525878899,-0.09999847412110086,5.306251525878899,1.70342861183126,0.1875,11.416666666666666,False,0.11356100795755968,0.13899375,15.0,0.1177055702917772,59.5,3.0,True,6.162498474121101,2329,0,True,primary,C2,1.110358932597062,C2,0.5043539879493708,False,-0.17127338979707205,≥5 MPa
1e5e81a7ffc0ff,阳101H43,3,21,whole_stage,2,阳101H43|2-3,阳101H43|3|21,E:\压裂窜扰项目\02 规范化\阳101H43\阳101H43 邻井压力监测\阳101H43-2及-4井压力上涨秒点数据.xls,导出数据,2井套压(MPa),d055c1af66b0d7e78f53e65bf64a0d308e78ee981c425a88095728043e31e820,E:\压裂窜扰项目\02 规范化\阳101H43\阳101H43 压裂施工曲线\阳101H43-3-21 压裂施工曲线（分点）.csv,text,absolute,0,1736670586.0,1736682680.0,201.56666666666666,1.0,0,0,0,1.0,1.0,52.45,pre_pump_10min,226.0,225.0,0.0296519999999941,0.004468909594172923,primary,合格,0.07000000000000028,52.45,0.10000000000000142,4.019999999999996,4.049999999999997,-0.010000000000005116,4.039999999999999,1.5395154622126646,0.14000000000000057,13.0,False,0.06449479080535803,0.1,15.0,0.3352075409293865,148.16666666666666,0.0,False,,2358,0,True,primary,C2,1.661136905070326,C2,0.07306378988201083,True,-0.42131321506011865,1–5 MPa
1f918e9209a431,泸201H5,4,21,whole_stage,3,泸201H5|3-4,泸201H5|4|21,E:\压裂窜扰项目\02 规范化\泸201H5\泸201H5 邻井压力监测\泸201H5-4-21段压裂施工-1、2、3井压力监测.xls,导出数据,3井压力(MPa),59e641161ac515138413fb9c518a923a6489400f7f40e167415126bdc7e760ac,E:\压裂窜扰项目\02 规范化\泸201H5\泸201H5 压裂施工曲线\泸201H5-4-21 压裂施工曲线.xlsx,Log Data,absolute,0,1762518638.0,1762526734.0,134.93333333333334,1.0,0,0,0,1.0,1.0,52.96,pre_pump_10min,600.0,599.0,0.029652000000004633,-0.0028534745929794723,primary,合格,0.0799999999999983,52.96,0.05000000000000426,2.1099999999999994,2.1199999999999974,-0.03999999999999915,2.1199999999999974,0.7963062005928846,0.0800000000000054,22.75,False,0.16860177865612647,0.1,15.0,0.41736660079051385,50.333333333333336,0.0,True,2.4200000000000017,245,0,True,primary,C1,1.0246599447379567,C1,0.579042318791043,False,0.7354886339278062,1–5 MPa
2015078d8ffd57,泸201H5,1,15,whole_stage,4,泸201H5|1-4,泸201H5|1|15,E:\压裂窜扰项目\02 规范化\泸201H5\泸201H5 邻井压力监测\泸201H5-1-15段压裂施工-2、3、4井压力监测.xls,导出数据,4井压力(MPa),ed144aee704c2ef54d153452202a4a3f4f8657e8da28af2694e64a62519bf6cb,E:\压裂窜扰项目\02 规范化\泸201H5\泸201H5 压裂施工曲线\泸201H5-1-15 压裂施工曲线.xlsx,Log Data,absolute,0,1757748275.0,1757787365.0,651.5,1.0,0,0,0,1.0,1.0,22.84,pre_pump_10min,600.0,599.0,0.014826000000002316,-0.00022588396078710612,primary,合格,0.030000000000001137,22.83,0.060000000000002274,0.0,0.010000000000001563,-0.07000000000000028,-0.05999999999999872,-0.029592223074955203,0.030000000000001137,,True,1.0,0.1,15.0,0.31836786902020975,0.0,0.0,True,-0.05999999999999872,21,0,True,primary,C1,0.03475535253987899,C1,0.9903197015625989,False,0.9394491110885628,<1 MPa
20cceb34da55bf,泸201H5,3,12,whole_stage,1,泸201H5|1-3,泸201H5|3|12,E:\压裂窜扰项目\02 规范化\泸201H5\泸201H5 邻井压力监测\泸201H5-3-12段压裂施工-1、2、4井压力监测.xls,导出数据,1井压力(MPa),55744f8807f94d1ebaff9278c03e7afb82a46d98dda0899ca099a895c3329638,E:\压裂窜扰项目\02 规范化\泸201H5\泸201H5 压裂施工曲线\泸201H5-3-12 压裂施工曲线.xlsx,Log Data,absolute,0,1761986515.0,1762016833.0,505.3,1.0,0,0,0,1.0,1.0,44.37,pre_pump_10min,600.0,599.0,0.0,-0.0004245845127322819,primary,合格,0.020000000000003126,44.37,0.05000000000000426,0.010000000000005116,0.020000000000003126,-0.23999999999999488,-0.22999999999999687,-0.06650570618114361,0.030000000000001137,,True,1.0,0.1,15.0,0.4443235041889307,0.0,0.0,True,-0.22999999999999687,144,0,True,primary,C1,0.09502277080362224,C1,0.9740382876900131,False,0.9328491796014298,<1 MPa
2180e83396cd11,阳101H34,2,9,whole_stage,4,阳101H34|2-4,阳101H34|2|9,E:\压裂窜扰项目\02 规范化\阳101H34\阳101H34 邻井压力监测\阳101H34-2-9段压裂施工-4井秒点压力监测.xls,导出数据,4#4井套压1(MPa),c6bb8452041b8fa311aff3459068743a94807c11ac5d250e7f02cc21a4ab3772,E:\压裂窜扰项目\02 规范化\阳101H34\阳101H34 压裂施工曲线\阳101H34-2-9 压裂施工曲线.xls,秒点数据,named_stage_clock_only,-1745798400,26612.0,36462.0,164.16666666666666,1.0,0,0,0,1.0,1.0,47.0531234741211,pre_pump_10min,212.0,211.0,0.009727752685589012,-0.005381814229629821,primary,合格,0.01968765258789773,47.0465621948242,0.1312522888183949,0.8662528991699006,0.8662528991699006,-0.01968765258789773,0.8662528991699006,0.36747255819097097,0.15750122070309658,37.916666666666664,False,0.23096446700507614,0.1,15.0,0.30456852791878175,0.0,0.0,False,,2160,0,True,primary,C1,0.44950547949517067,C1,0.8538689888306034,False,0.8771685389711732,<1 MPa
21b9823dde0ec4,泸201H5,2,15,whole_stage,4,泸201H5|2-4,泸201H5|2|15,E:\压裂窜扰项目\02 规范化\泸201H5\泸201H5 邻井压力监测\泸201H5-2-15段压裂施工-1、3、4井压力监测.xls,导出数据,4井压力(MPa),d45bea693936ecd681c45b2a3f38eab0f3f615b5d0c67f675383196ef65b200e,E:\压裂窜扰项目\02 规范化\泸201H5\泸201H5 压裂施工曲线\泸201H5-2-15 压裂施工曲线.xlsx,Log Data,absolute,0,1757575396.0,1757584743.0,155.78333333333333,1.0,0,0,0,1.0,1.0,23.49,pre_pump_10min,600.0,599.0,0.0,-0.001024136178155229,primary,合格,0.021000000000000796,23.485,0.05000000000000071,0.0,0.010000000000001563,-0.03999999999999915,-0.019999999999999574,-0.014276773296243769,0.019999999999999574,,True,1.0,0.1,15.0,0.3666417032202846,0.0,0.0,True,-0.029999999999997584,85,0,True,primary,C1,0.022391697659930918,C1,0.9937579662374246,False,0.9401204365545779,<1 MPa
23401ea5dc37ef,泸201H5,3,19,whole_stage,4,泸201H5|3-4,泸201H5|3|19,E:\压裂窜扰项目\02 规范化\泸201H5\泸201H5 邻井压力监测\泸201H5-3-19段压裂施工-1、2、4井压力监测.xls,导出数据,4井压力(MPa),944bd9aec9ea04ab7654bd59d99d9427e8112820d8804173eb52bcd7dfec1bdc,E:\压裂窜扰项目\02 规范化\泸201H5\泸201H5 压裂施工曲线\泸201H5-3-19 压裂施工曲线.xlsx,Log Data,absolute,0,1765972773.0,1765983854.0,184.68333333333334,1.0,0,0,0,1.0,1.0,43.79,pre_pump_10min,600.0,599.0,0.01482599999999705,-0.0022121561448763005,primary,合格,0.01999999999999602,43.78,0.0800000000000054,5.619999999999997,5.670000000000002,-0.01999999999999602,5.649999999999999,1.81477574226153,0.11999999999999744,25.0,False,0.1353668441476401,0.1,15.0,0.31450230123635053,110.25,9.833333333333334,True,6.43,163,0,True,primary,C2,0.8918434524555103,C2,0.6315010842611413,False,-0.05511216553591682,≥5 MPa
2369f65dfc5d73,泸201H5,3,11,whole_stage,2,泸201H5|2-3,泸201H5|3|11,E:\压裂窜扰项目\02 规范化\泸201H5\泸201H5 邻井压力监测\泸201H5-3-11段压裂施工-1、2、4井压力监测.xls,导出数据,2井压力(MPa),c054b60f3c602e09831b3871a5c21f6d61e08735f4b8a9f01fe8a5487d6cf6d7,E:\压裂窜扰项目\02 规范化\泸201H5\泸201H5 压裂施工曲线\泸201H5-3-11 压裂施工曲线.xlsx,Log Data,absolute,0,1761486008.0,1761502858.0,280.8333333333333,1.0,0,0,0,1.0,1.0,48.76,pre_pump_10min,600.0,599.0,0.0296519999999941,-0.00204530568139778,primary,合格,0.03999999999999915,48.74,0.480000000000004,0.020000000000003126,0.030000000000001137,-0.7800000000000011,-0.769999999999996,-0.246561127596438,0.12000000000000455,,True,1.0,0.1,15.0,0.3141246290801187,0.0,0.0,True,-0.769999999999996,143,0,True,primary,C1,0.3985068882999229,C1,0.8988664259374365,False,0.883072513465612,<1 MPa
23c57f02537b91,泸201H5,3,1,whole_stage,4,泸201H5|3-4,泸201H5|3|1,E:\压裂窜扰项目\02 规范化\泸201H5\泸201H5 邻井压力监测\泸201H5-3-1段压裂施工-1、2、4井压力监测.xls,导出数据,4井压力(MPa),0b20e5b93a3e765cc232112ca1f8d21bbe54617e5ff7eaccdd766b302ebebfa0,E:\压裂窜扰项目\02 规范化\泸201H5\泸201H5 压裂施工曲线\泸201H5-3-1 压裂施工曲线.xlsx,Log Data,absolute,0,1758970861.0,1758982462.0,193.35,1.0,0,0,0,1.0,2.0,21.86,pre_pump_10min,600.0,599.0,0.01482599999999705,5.1233475648568975e-05,primary,合格,0.029999999999997584,21.86,0.05999999999999872,0.060000000000002274,0.060000000000002274,-0.00999999999999801,0.060000000000002274,0.025905094388415345,0.020000000000003126,,True,1.0,0.1,15.0,0.3737068965517241,0.0,0.0,True,0.060000000000002274,166,0,True,primary,C1,0.027003442272253958,C1,0.9923647539561954,False,0.9389234318173746,<1 MPa
23fffa7a57cde2,阳101H51,2,8,whole_stage,3,阳101H51|2-3,阳101H51|2|8,E:\压裂窜扰项目\02 规范化\阳101H51\阳101H51 邻井压力监测\阳101H51-2-8段压裂施工-1、3井秒点压力监测-2.xlsx,阳101H51-2井8段压裂期间1井、3井秒点数据2026.5,3井套压,7cf49b1a0d4603213f209262041b9ae6d04c5d615ab8b7fffa58b665f109bc33,E:\压裂窜扰项目\02 规范化\阳101H51\阳101H51 压裂施工曲线\阳101H51-2-8 压裂施工曲线（秒点）.xlsx,秒点数据,absolute,0,1778427559.0,1778438725.0,186.1,1.0,0,0,0,1.0,1.0,55.35,pre_pump_10min,600.0,599.0,0.04447800000000168,-0.013227053408476155,primary,合格,0.10099999999999199,55.3,0.030000000000001137,5.93,5.939999999999998,-0.060000000000002274,5.939999999999998,3.0342329392799554,0.0800000000000054,9.916666666666666,False,0.053286763388859036,0.13343400000000505,15.0,0.6497402830019703,144.25,24.833333333333332,True,6.18,2427,0,True,primary,C2,0.6134677110790704,C2,0.8249194490419104,False,0.3342271002044106,≥5 MPa
2430fa6d519260,阳101H33,3,4,whole_stage,4,阳101H33|3-4,阳101H33|3|4,E:\压裂窜扰项目\02 规范化\阳101H33\阳101H33 邻井压力监测\阳101H33-3-4段压裂施工-4井压力监测.xlsx,3-4-4,无表头_文件名井号,df7739644e74f0d568266b802db15a03eb905413700fce6f63974b998273543d,E:\压裂窜扰项目\02 规范化\阳101H33\阳101H33 压裂施工曲线\阳101H33-3-4 压裂施工曲线-3.xls,text,named_stage_clock_only,-1726963200,43599.0,52991.0,156.53333333333333,1.0,0,0,0,1.0,3.0,22.962,pre_pump_10min,398.0,398.0,0.008895600000000337,0.0005909865439714757,primary,合格,0.013000000000001677,22.969,0.045999999999999375,6.018000000000001,6.056999999999999,-0.012999999999998124,6.051000000000002,1.2503669080068147,0.13700000000000045,67.66666666666667,False,0.432282793867121,0.1,15.0,0.30148235043190785,54.416666666666664,9.916666666666666,True,7.166,2086,0,True,primary,C2,1.4873317957042036,C2,0.3047929659341778,False,-0.30059021102234335,≥5 MPa
24646abea5c992,泸206H8,1,12,whole_stage,2,泸206H8|1-2,泸206H8|1|12,E:\压裂窜扰项目\02 规范化\泸206H8\泸206H8 邻井压力监测\泸206H8_邻井压力数据_6.14号7平台压力监测.xlsx,Sheet1,2#井口套压,e159266b25d8e4693ece528c748a689e08c7d5db8399a3e7eb85016787f20360,E:\压裂窜扰项目\02 规范化\泸206H8\泸206H8 压裂施工曲线\泸206H8-1-12 压裂施工曲线.xlsx,秒点数据,absolute,0,1749888481.0,1749897698.0,153.61666666666667,1.0,0,0,0,1.0,1.0,58.3,pre_pump_10min,481.0,480.0,0.0,-8.88320494155323e-05,primary,合格,0.00999999999999801,58.3,0.030000000000001137,5.280000000000001,5.300000000000004,-0.00999999999999801,5.290000000000006,1.9512921774981038,0.07000000000000028,32.75,False,0.21319301291092546,0.1,15.0,0.4698925897797548,85.33333333333333,7.916666666666667,False,,1305,0,True,primary,C2,0.6765070329095687,C2,0.7458199628243465,False,0.07197061033040561,≥5 MPa
24ee052bd27ec1,泸201H5,2,3,whole_stage,4,泸201H5|2-4,泸201H5|2|3,E:\压裂窜扰项目\02 规范化\泸201H5\泸201H5 邻井压力监测\泸201H5-2-3段压裂施工-1、3、4井压力监测.xls,导出数据,4井压力(MPa),ced761a03e67f69037d6aa06df8963a158a27642112351754d58103ae78bfecc,E:\压裂窜扰项目\02 规范化\泸201H5\泸201H5 压裂施工曲线\泸201H5-2-3 压裂施工曲线.xlsx,Log Data,absolute,0,1755932082.0,1755941508.0,157.1,1.0,0,0,0,1.0,1.0,39.19,pre_pump_10min,600.0,599.0,0.01482599999999705,-0.000405334459258922,primary,合格,0.020000000000003126,39.19,0.05999999999999517,0.020000000000003126,0.030000000000001137,-0.00999999999999801,0.010000000000005116,0.006212603437303327,0.020000000000003126,,True,1.0,0.1,15.0,0.3184807977933376,0.0,0.0,True,0.020000000000003126,118,0,True,primary,C1,0.012106607714196221,C1,0.9966018907737791,False,0.9402481526154864,<1 MPa
256c145d2b6334,泸203H64,5,9,whole_stage,2,泸203H64|2-5,泸203H64|5|9,E:\压裂窜扰项目\02 规范化\泸203H64\泸203H64 邻井压力监测\泸203H64-5-9段压裂施工-1、2、3、4井秒点压力监测.xls,导出数据,2#套压(MPa),2992e0fa6ac2f5d37ab8908d8d30077beac10981b908cffc364618d3be2ffb1f,E:\压裂窜扰项目\02 规范化\泸203H64\泸203H64 压裂施工曲线\泸203H64-5-9 压裂施工曲线.csv,text,named_stage_clock_only,-1670803200,26321.0,36455.0,168.9,1.0,0,0,0,1.0,1.0,37.558,pre_pump_10min,221.0,220.0,0.010378199999996882,-0.006804206921867034,primary,合格,0.01999999999999602,37.551,0.03300000000000125,0.1700000000000017,0.1700000000000017,-0.027000000000001023,0.1109999999999971,0.07232573514900326,0.03999999999999915,98.25,False,0.5817051509769094,0.1,15.0,0.39007302151174267,0.0,0.0,False,,521,0,True,primary,C1,0.07437328411933926,C1,0.9786597197187817,False,0.934502412395299,<1 MPa
25e1260dbf0c41,阳101H34,1,8,whole_stage,2,阳101H34|1-2,阳101H34|1|8,E:\压裂窜扰项目\02 规范化\阳101H34\阳101H34 邻井压力监测\阳101H34-1-8段压裂施工-2井秒点压力监测.xls,导出数据,2#2井套压(MPa),fee5bb0056f62ba8f8e933a2ea0f4dd6f3cf38ca96311c51653495843397d85d,E:\压裂窜扰项目\02 规范化\阳101H34\阳101H34 压裂施工曲线\阳101H34-1-8 压裂施工曲线.xls,秒点数据,named_stage_clock_only,-1745539200,44612.0,55714.0,185.03333333333333,1.0,0,0,0,1.0,1.0,57.7803802490234,pre_pump_10min,212.0,211.0,0.00972775268544153,0.00046647134765283896,primary,合格,0.019691467285198883,57.7803802490234,0.06563949584960227,0.3675727844238992,0.374134063720696,-0.07876586914060368,0.3610076904296946,0.13160609219705263,0.026256561279296875,90.25,False,0.4877499549630697,0.1,15.0,0.28418303008466944,0.0,0.0,False,,2128,0,True,primary,C1,0.1880683221661446,C1,0.9440440213622497,False,0.920926956002834,<1 MPa
266620d71d4b94,泸201H5,4,17,whole_stage,2,泸201H5|2-4,泸201H5|4|17,E:\压裂窜扰项目\02 规范化\泸201H5\泸201H5 邻井压力监测\泸201H5-4-17段压裂施工-1、2、3井压力监测.xls,导出数据,2井压力(MPa),33a22f2d2d645181f0193cab9ba66d3805892a37ab8d8f8a4ad39d6de09dfde8,E:\压裂窜扰项目\02 规范化\泸201H5\泸201H5 压裂施工曲线\泸201H5-4-17 压裂施工曲线.xlsx,Log Data,absolute,0,1761813848.0,1761821561.0,128.55,1.0,0,0,0,1.0,1.0,45.5,pre_pump_10min,600.0,599.0,0.01482599999999705,-0.00043038452884093374,primary,合格,0.04100000000000392,45.504999999999995,0.0800000000000054,0.00999999999999801,0.030000000000001137,-0.0799999999999983,-0.03999999999999915,-0.034922209257098075,0.030000000000001137,,True,1.0,0.1,15.0,0.2078309347854272,0.0,0.0,True,-0.060000000000002274,229,0,True,primary,C1,0.038753334510155384,C1,0.989246764293307,False,0.9393157408413504,<1 MPa
27aa95612555c6,泸206H8,5,3,whole_stage,6,泸206H8|5-6,泸206H8|5|3,E:\压裂窜扰项目\02 规范化\泸206H8\泸206H8 邻井压力监测\泸206H8-5-3段压裂施工-1、2、3、4、6、7、8井秒点压力监测.xls,导出数据,6井套压(MPa),2b21898bbc5d6ea70a9afd7c73ac52716f64bcc3feacc1ea753c5559b7deb42a,E:\压裂窜扰项目\02 规范化\泸206H8\泸206H8 压裂施工曲线\泸206H8-5-3 压裂施工曲线.xlsx,秒点数据,absolute,0,1751871510.0,1751880274.0,146.06666666666666,1.0,0,0,0,1.0,1.0,39.44,pre_pump_10min,210.0,209.0,0.0296519999999941,0.0006554084478750019,primary,合格,0.03999999999999915,39.44,0.0799999999999983,0.03999999999999915,0.05000000000000426,-0.04999999999999716,0.0,0.004168188041992154,0.05000000000000426,,True,1.0,0.1,15.0,0.25844363304427204,0.0,0.0,False,,1246,0,True,primary,C1,0.01359714625419784,C1,0.9961926000929991,False,0.9402051472690933,<1 MPa
27cb735f254977,泸201H5,2,5,whole_stage,3,泸201H5|2-3,泸201H5|2|5,E:\压裂窜扰项目\02 规范化\泸201H5\泸201H5 邻井压力监测\泸201H5-2-5段压裂施工-1、3、4井压力监测.xls,导出数据,3井压力(MPa),e32fe1af40476e8eab8f1d91bd9233139406643995f43c0b7a30acb6c6112c67,E:\压裂窜扰项目\02 规范化\泸201H5\泸201H5 压裂施工曲线\泸201H5-2-5 压裂施工曲线.xlsx,Log Data,absolute,0,1756285735.0,1756294977.0,154.03333333333333,1.0,0,0,0,1.0,1.0,0.06,pre_pump_10min,600.0,599.0,0.014825999999999992,0.00046786796629991114,primary,合格,0.020000000000000004,0.07,0.04000000000000001,0.07,0.07,-0.019999999999999997,0.07,0.023008006924908033,0.020000000000000004,,True,1.0,0.1,15.0,0.5063838995888336,0.0,0.0,True,0.07,125,0,True,primary,C1,0.025569978100857878,C1,0.9927684650758627,False,0.9390982771103633,<1 MPa
287a7fff4c417f,泸201H5,2,23,whole_stage,3,泸201H5|2-3,泸201H5|2|23,E:\压裂窜扰项目\02 规范化\泸201H5\泸201H5 邻井压力监测\泸201H5-2-23段压裂施工-1、3、4井压力监测.xls,导出数据,3井压力(MPa),475a41ab0446c616688d3c2422301a646e3eaa2024e6a60e91f16914d696e933,E:\压裂窜扰项目\02 规范化\泸201H5\泸201H5 压裂施工曲线\泸201H5-2-23 压裂施工曲线.xlsx,Log Data,absolute,0,1758445301.0,1758454546.0,154.08333333333334,1.0,0,0,0,1.0,13.0,0.05,pre_pump_10min,600.0,599.0,0.0,0.00018731718699218744,primary,合格,0.011000000000000225,0.06,0.030000000000000006,0.020000000000000004,0.020000000000000004,-0.020000000000000004,0.020000000000000004,0.00669713358572201,0.020000000000000004,,True,1.0,0.1,15.0,0.47346187175043325,0.0,0.0,True,0.020000000000000004,110,0,True,primary,C1,0.01228097010547345,C1,0.9965534202028058,False,0.9402546874235159,<1 MPa
28c4ed902b32db,泸201H5,4,1,whole_stage,2,泸201H5|2-4,泸201H5|4|1,E:\压裂窜扰项目\02 规范化\泸201H5\泸201H5 邻井压力监测\泸201H5-4-1段压裂施工-1、2、3井压力监测.xls,导出数据,2井压力(MPa),7d0075df81658f59971b33bdd46d02c7e6201e1f0bbfc149ea64c42f2cacfb71,E:\压裂窜扰项目\02 规范化\泸201H5\泸201H5 压裂施工曲线\泸201H5-4-1 压裂施工曲线.xlsx,Log Data,absolute,0,1759735931.0,1759750550.0,243.65,1.0,0,0,0,1.0,17.0,55.02,pre_pump_10min,600.0,599.0,0.01482599999999705,0.00024431734533562476,primary,合格,0.030000000000001137,55.02,0.060000000000002274,0.01999999999999602,0.02999999999999403,-0.020000000000003126,0.0,-0.002343525548944807,0.030000000000001137,,True,1.0,0.1,15.0,0.3411320754716981,0.0,0.0,True,-0.010000000000005116,238,0,True,primary,C1,0.013180344983520446,C1,0.9963108768286749,False,0.9403795611351878,<1 MPa
29060787c7aba5,泸201H5,3,1,whole_stage,2,泸201H5|2-3,泸201H5|3|1,E:\压裂窜扰项目\02 规范化\泸201H5\泸201H5 邻井压力监测\泸201H5-3-1段压裂施工-1、2、4井压力监测.xls,导出数据,2井压力(MPa),0b20e5b93a3e765cc232112ca1f8d21bbe54617e5ff7eaccdd766b302ebebfa0,E:\压裂窜扰项目\02 规范化\泸201H5\泸201H5 压裂施工曲线\泸201H5-3-1 压裂施工曲线.xlsx,Log Data,absolute,0,1758970861.0,1758982462.0,193.35,1.0,0,0,0,1.0,2.0,57.9,pre_pump_10min,600.0,599.0,0.029651999999999366,-0.002593857205152762,primary,合格,0.09100000000000108,57.91,0.09000000000000341,0.13000000000000256,0.14000000000000057,-0.04999999999999716,-0.00999999999999801,0.011898112231705353,0.11999999999999744,31.666666666666668,False,0.1637789845702957,0.1,15.0,0.26612068965517244,0.0,0.0,True,0.00999999999999801,167,0,True,primary,C1,0.03415434379447875,C1,0.990427705783187,False,0.9387258649214877,<1 MPa
2923526e0464d5,泸201H5,3,7,whole_stage,1,泸201H5|1-3,泸201H5|3|7,E:\压裂窜扰项目\02 规范化\泸201H5\泸201H5 邻井压力监测\泸201H5-3-7段压裂施工-1、2、4井压力监测.xls,导出数据,1井压力(MPa),56fbbc3650a396cb5b03df215b7b5bcc0795f4f1eb6e343ad589003f3f77248f,E:\压裂窜扰项目\02 规范化\泸201H5\泸201H5 压裂施工曲线\泸201H5-3-7 压裂施工曲线.xlsx,Log Data,absolute,0,1759481600.0,1759491299.0,161.65,1.0,0,0,0,1.0,4.0,54.26,pre_pump_10min,600.0,599.0,0.014826000000007585,-0.0016640879557907851,primary,合格,0.030000000000001137,54.26,0.04000000000000625,0.010000000000005116,0.020000000000003126,-0.03999999999999915,0.0,-0.004938653469428302,0.020000000000003126,,True,1.0,0.1,15.0,0.4095503300330033,0.0,0.0,True,0.010000000000005116,198,0,True,primary,C1,0.015728036108499873,C1,0.9955994920774675,False,0.9404061603680829,<1 MPa
29ef0c29107d6d,泸208H2,10,8,whole_stage,9,泸208H2|10-9,泸208H2|10|8,E:\压裂窜扰项目\02 规范化\泸208H2\泸208H2 邻井压力监测\泸208H2-10-8段压裂施工-9井压力监测.xlsx,10-8-9,无表头_文件名井号,cffa7bc2b53833e4b29afa8c15976462567e4c850e95f988bc6cac2f3c14277b,E:\压裂窜扰项目\02 规范化\泸208H2\泸208H2 压裂施工曲线\泸208H2-10-8 压裂施工曲线（秒点）.xlsx,秒点数据,named_stage_clock_only,1720224000,1720254883.0,1720262071.0,119.8,1.0,0,0,0,1.0,1.0,51.9247,pre_pump_10min,265.0,264.0,0.015567300000000589,-0.0013991152839201292,primary,合格,0.031500000000001194,51.9142,0.13649999999999807,4.5154,4.567900000000002,-0.021000000000000796,4.557400000000001,1.7918841124095704,0.14699999999999847,14.25,False,0.1189482470784641,0.1,15.0,0.714663327768503,70.66666666666667,0.0,True,4.966999999999999,1446,0,True,primary,C2,1.0415581086115673,C2,0.5492450395826101,False,-0.12344480225327202,1–5 MPa
2aafa932f2a9a2,泸201H5,2,21,whole_stage,3,泸201H5|2-3,泸201H5|2|21,E:\压裂窜扰项目\02 规范化\泸201H5\泸201H5 邻井压力监测\泸201H5-2-21段压裂施工-1、3、4井压力监测.xls,导出数据,3井压力(MPa),2cca037679818957bff2c1f3e1c495fc4b72263fc56dd95994fa7e69d9754dd5,E:\压裂窜扰项目\02 规范化\泸201H5\泸201H5 压裂施工曲线\泸201H5-2-21 压裂施工曲线.xlsx,Log Data,absolute,0,1758207846.0,1758218967.0,185.35,1.0,0,0,0,1.0,1.0,0.09,pre_pump_10min,600.0,599.0,0.0,-0.0001814671707421374,primary,合格,0.020000000000000004,0.09,0.039999999999999994,0.0,0.010000000000000009,-0.03,-0.01999999999999999,-0.004294577825735094,0.01999999999999999,,True,1.0,0.1,15.0,0.5175793543746066,0.0,0.0,True,-0.01999999999999999,104,0,True,primary,C1,0.014092175288398848,C1,0.9960586382035319,False,0.9403079113899676,<1 MPa
2bac6d3be9be8c,泸201H5,4,3,whole_stage,3,泸201H5|3-4,泸201H5|4|3,E:\压裂窜扰项目\02 规范化\泸201H5\泸201H5 邻井压力监测\泸201H5-4-3段压裂施工-1、2、3井压力监测.xls,导出数据,3井压力(MPa),5ec94cedd52901fbaecd24314a5a2b96019c1d676e27bfb8f331ba27ae391adf,E:\压裂窜扰项目\02 规范化\泸201H5\泸201H5 压裂施工曲线\泸201H5-4-3 压裂施工曲线.xlsx,Log Data,absolute,0,1759908857.0,1759922912.0,234.25,1.0,0,0,0,1.0,1.0,53.02,pre_pump_10min,600.0,599.0,0.014826000000007585,-0.005128914246985469,primary,合格,0.04999999999999716,53.0,0.09000000000000341,7.599999999999994,7.6299999999999955,-0.04000000000000625,7.6299999999999955,3.291324439701171,0.15000000000000568,17.5,False,0.07470651013874066,0.1,15.0,0.36207755247242973,174.0,68.41666666666667,True,8.169999999999995,263,0,True,primary,C2,0.30127597426590563,C2,0.9252214433365848,False,0.45655948614496233,≥5 MPa
2cc7f2c9cdc121,阳101H33,4,6,whole_stage,3,阳101H33|3-4,阳101H33|4|6,E:\压裂窜扰项目\02 规范化\阳101H33\阳101H33 邻井压力监测\阳101H33-4-6段压裂施工-3井压力监测.xlsx,4-6-3,无表头_文件名井号,09f4bf1740052c202008514c6f0e87bc01cf101a26715063a12e26a9b023fcd6,E:\压裂窜扰项目\02 规范化\阳101H33\阳101H33 压裂施工曲线\阳101H33-4-6 压裂施工曲线（秒点）.xls,text,absolute,0,1728288444.0,1728303349.0,248.41666666666666,1.0,0,0,0,1.0,1.0,45.163,pre_pump_10min,444.0,443.0,0.010378200000007417,0.0003642201564384306,primary,合格,0.03999999999999915,45.157,0.07900000000000063,15.284000000000006,15.363000000000007,-0.045999999999999375,15.304000000000002,5.612565380744719,0.2820000000000036,24.666666666666668,False,0.09929553840992957,0.1,15.0,0.2067091580006709,182.75,108.75,True,16.085,2101,0,True,primary,C2,3.8454082888539114,C2,0.4919527394730136,False,0.4139441542862242,≥5 MPa
2ccd315f9e3392,泸208H1,4,6,whole_stage,3,泸208H1|3-4,泸208H1|4|6,E:\压裂窜扰项目\02 规范化\泸208H1\泸208H1 邻井压力监测\泸208H1-4-6段压裂施工-3井压力监测.xlsx,4-6-3,无表头_文件名井号,bafa8afa377694b3fe51872f19256f40266a3e9b9a240042a6721cf7c6d4fb5b,E:\压裂窜扰项目\02 规范化\泸208H1\泸208H1 压裂施工曲线\泸208H1-4-6 压裂施工曲线（秒点）.xls,导出数据,named_stage_clock_only,0,29306.0,39466.0,169.33333333333334,1.0,0,0,0,1.0,1.0,38.41,pre_pump_10min,309.0,308.0,0.05930399999999873,-0.027703458458229736,primary,合格,0.13000000000000256,38.37,0.060000000000002274,7.240000000000002,7.240000000000002,-0.5399999999999991,7.240000000000002,1.4695216535433095,0.17999999999999972,90.25,False,0.5329724409448818,0.17791199999999618,15.0,0.9350393700787402,62.75,26.5,True,8.050000000000004,1360,0,True,primary,C2,1.31026696288091,C2,0.5491889818114212,False,-0.013154644001324493,≥5 MPa
2d6b387e962665,泸203H64,5,12,whole_stage,1,泸203H64|1-5,泸203H64|5|12,E:\压裂窜扰项目\02 规范化\泸203H64\泸203H64 邻井压力监测\泸203H64-5-12段压裂施工-1、2、3、4井秒点压力监测.xls,导出数据,1#套压(MPa),c1ace09e094b90b70538e5ee04edea11e4c94274f0759027d58ed9afa66c55d9,E:\压裂窜扰项目\02 规范化\泸203H64\泸203H64 压裂施工曲线\泸203H64-5-12 压裂施工曲线.csv,text,named_stage_clock_only,-1670889600,53095.0,62318.0,153.71666666666667,1.0,0,0,0,1.0,1.0,41.934,pre_pump_10min,600.0,599.0,0.029652000000004633,0.0033589243303480867,primary,合格,0.09199999999999875,41.934,0.03900000000000148,0.5710000000000051,0.597999999999999,-0.01899999999999835,0.5579999999999998,0.28057822834219065,0.10500000000000398,27.833333333333332,False,0.1810690664642741,0.1,15.0,0.36560771983085766,0.0,0.0,False,,484,0,True,primary,C1,0.3121671009815932,C1,0.903517679706968,False,0.9010919834196175,<1 MPa
2dada82de4aa9d,泸208H1,5,14,whole_stage,6,泸208H1|5-6,泸208H1|5|14,E:\压裂窜扰项目\02 规范化\泸208H1\泸208H1 邻井压力监测\泸208H1-5-14段压裂施工-6井压力监测.xlsx,5-14-6,无表头_文件名井号,e3f681b4541575c50266714254b7d6cb318102a380ae06ecc6416b1c8e3f5219,E:\压裂窜扰项目\02 规范化\泸208H1\泸208H1 压裂施工曲线\泸208H1-5-14 压裂施工曲线（秒点）.xls,导出数据,named_stage_clock_only,0,56009.0,68380.0,206.18333333333334,1.0,0,0,0,1.0,1.0,44.08,pre_pump_10min,209.0,208.0,0.0,-0.00900678269100214,primary,合格,0.04999999999999716,44.08,0.060000000000002274,4.359999999999999,4.399999999999999,-0.5399999999999991,4.399999999999999,0.6346798965322142,0.10000000000000142,125.33333333333333,False,0.6078732519602296,0.1,15.0,0.912618220030717,58.916666666666664,0.0,True,4.990000000000002,1386,0,True,primary,C1,1.5763614565116384,C1,0.26594082121958484,False,0.5645537135262816,1–5 MPa
2df71badeff7f5,泸206H8,2,19,whole_stage,1,泸206H8|1-2,泸206H8|2|19,E:\压裂窜扰项目\02 规范化\泸206H8\泸206H8 邻井压力监测\泸206H8-2-19段压裂施工-1、3井秒点压力监测-2.xlsx,导出数据,1井套压(MPa),5e260c68363493ca81f6b3757930c42f90434a51aa3a99c1348564553bb937a9,E:\压裂窜扰项目\02 规范化\泸206H8\泸206H8 压裂施工曲线\泸206H8-2-19 压裂施工曲线.xlsx,秒点数据,absolute,0,1751270234.0,1751284851.0,243.61666666666667,1.0,0,0,0,1.0,13.0,55.36,pre_pump_10min,434.0,433.0,0.0,-0.001555847271923237,primary,合格,0.030000000000001137,55.36,0.3200000000000003,7.079999999999998,7.100000000000001,-0.01999999999999602,7.100000000000001,3.731483204487925,0.3200000000000003,18.5,False,0.07593897516590271,0.1,15.0,0.3131119479630264,201.0,76.75,True,7.329999999999998,1014,0,True,primary,C2,0.8007048683517086,C2,0.8142888375450719,False,0.4553801321506392,≥5 MPa
2e2cc14d63af48,泸208H2,8,11,whole_stage,10,泸208H2|10-8,泸208H2|8|11,E:\压裂窜扰项目\02 规范化\泸208H2\泸208H2 邻井压力监测\泸208H2-8-11段压裂施工-10井压力监测.xlsx,8-11-10,无表头_文件名井号,9f68d22787cff624fba417de484adc5af5c566ae48ee0169f86ff11fe15a1660,E:\压裂窜扰项目\02 规范化\泸208H2\泸208H2 压裂施工曲线\泸208H2-8-11 压裂施工曲线（秒点）.xlsx,秒点数据,named_stage_clock_only,1723248000,1723294586.0,1723303261.0,144.58333333333334,1.0,0,0,0,1.0,1.0,43.9473,pre_pump_10min,313.0,312.0,0.015567300000000589,0.0032908600526268183,primary,合格,0.031500000000001194,43.9473,0.1366000000000014,0.35719999999999885,0.36769999999999925,-0.021000000000000796,0.35719999999999885,0.09525205763688865,0.1051000000000002,98.5,False,0.6812680115273775,0.1,15.0,0.728299711815562,0.0,0.0,True,0.43080000000000496,1666,0,True,primary,C1,0.12262817911154911,C1,0.964138443859587,False,0.9297673922524846,<1 MPa
2eba4b3d0837c1,泸201H5,2,20,whole_stage,1,泸201H5|1-2,泸201H5|2|20,E:\压裂窜扰项目\02 规范化\泸201H5\泸201H5 邻井压力监测\泸201H5-2-20段压裂施工-1、3、4井压力监测.xls,导出数据,1井压力(MPa),be95ddf023266d20e58d79358babd87c4ef2d83a72abdd2027de51d3c2fbc9f4,E:\压裂窜扰项目\02 规范化\泸201H5\泸201H5 压裂施工曲线\泸201H5-2-20 压裂施工曲线.xlsx,Log Data,absolute,0,1758102383.0,1758110640.0,137.61666666666667,1.0,0,0,0,1.0,1.0,59.78,pre_pump_10min,600.0,599.0,0.029652000000004633,0.0002847841243985547,primary,合格,0.07000000000000028,59.77,0.04000000000000625,0.00999999999999801,0.030000000000001137,-0.14999999999999858,-0.13000000000000256,-0.07391001574421883,0.04000000000000625,,True,1.0,0.1,15.0,0.40171975293690204,0.0,0.0,True,-0.14000000000000057,99,0,True,primary,C1,0.08505967449800618,C1,0.9766874502003416,False,0.9350595291871676,<1 MPa
2f346aaebbcaf0,泸208H1,4,2,whole_stage,3,泸208H1|3-4,泸208H1|4|2,E:\压裂窜扰项目\02 规范化\泸208H1\泸208H1 邻井压力监测\泸208H1-4-2段压裂施工-3井压力监测.xlsx,4-2-3,无表头_文件名井号,c6ec1c3fe326e878fb72f28fa2d5a8be64aa04773a6d34c32825f542ffd54073,E:\压裂窜扰项目\02 规范化\泸208H1\泸208H1 压裂施工曲线\泸208H1-4-2 压裂施工曲线（秒点）.xls,导出数据,named_stage_clock_only,0,61757.0,68226.0,107.81666666666666,1.0,0,0,0,1.0,1.0,23.65,pre_pump_10min,200.0,199.0,0.0,0.0022320558014016193,primary,合格,0.0,23.65,0.060000000000002274,10.68,10.86,0.0,10.810000000000002,2.471215025506262,0.3200000000000003,23.833333333333332,False,0.22105425877260781,0.1,15.0,0.928737053640439,51.166666666666664,22.583333333333332,True,13.61,1352,0,True,primary,C2,1.12450565796189,C2,0.717716426098448,False,0.3110055582377718,≥5 MPa
2f4c22493b6475,泸203H76,3,17,whole_stage,2,泸203H76|2-3,泸203H76|3|17,E:\压裂窜扰项目\02 规范化\泸203H76\泸203H76 邻井压力监测\泸203H76平台-3井-17段压裂施工-1、2、4井秒点压力监测.xls,Sheet1,2井井口压力,7c43b8ce7e28066267d14734d319a64d174df8b0a8ca61c95b402c6043b59acc,E:\压裂窜扰项目\02 规范化\泸203H76\泸203H76 压裂施工曲线\泸203H76-3-17 压裂施工曲线（秒点）.xlsx,Sheet1,named_stage_clock_only,-1679875200,37322.0,43841.0,108.65,1.0,0,0,0,1.0,1.0,52.2952,pre_pump_10min,242.0,241.0,0.015567300000000589,-0.0011980994402840976,primary,合格,0.031500000000001194,52.2847,0.06300000000000239,2.3522999999999996,2.3628,-0.021000000000000796,2.3628,0.9123672035588268,0.07350000000000279,18.583333333333332,False,0.17103850283785854,0.1,15.0,0.8811167356956588,44.75,0.0,True,2.5938000000000017,854,0,True,primary,C1,1.1839012776125766,C1,0.47780961400539934,False,0.6837970607089351,1–5 MPa
2f501bfa3f03d7,泸203H153,5,3,whole_stage,6,泸203H153|5-6,泸203H153|5|3,E:\压裂窜扰项目\02 规范化\泸203H153\泸203H153 邻井压力监测\泸203H153-5-3段压裂施工-6井套压压力监测.xlsx,导出数据,6井套压(MPa),294a52ae60e705708eb22543eb12d48d7aa6931a7cbda31d3b2482606b2adaf7,E:\压裂窜扰项目\02 规范化\泸203H153\泸203H153 压裂施工曲线\泸203H153-5-3 压裂施工曲线-2.xls,分点数据,absolute,0,1706863133.0,1706885124.0,366.51666666666665,1.0,0,0,0,1.0,1.0,53.39,pre_pump_10min,233.0,232.0,0.0,-0.0006119010484959962,primary,合格,0.01999999999999602,53.39,0.05000000000000426,7.68,7.769999999999996,-0.07000000000000028,7.769999999999996,0.6911097721795275,0.3400000000000034,108.5,False,0.29603019417034243,0.1,15.0,0.36337592651539263,42.583333333333336,10.75,True,9.380000000000003,336,0,True,primary,C1,1.45221566829459,C1,0.37874435381686455,False,0.5975102371544262,≥5 MPa
3021fc233a5082,泸201H5,4,3,whole_stage,1,泸201H5|1-4,泸201H5|4|3,E:\压裂窜扰项目\02 规范化\泸201H5\泸201H5 邻井压力监测\泸201H5-4-3段压裂施工-1、2、3井压力监测.xls,导出数据,1井压力(MPa),5ec94cedd52901fbaecd24314a5a2b96019c1d676e27bfb8f331ba27ae391adf,E:\压裂窜扰项目\02 规范化\泸201H5\泸201H5 压裂施工曲线\泸201H5-4-3 压裂施工曲线.xlsx,Log Data,absolute,0,1759908857.0,1759922912.0,234.25,1.0,0,0,0,1.0,1.0,52.94,pre_pump_10min,600.0,599.0,0.0,-0.00019895055264366522,primary,合格,0.020000000000003126,52.94,0.04999999999999716,0.09000000000000341,0.09000000000000341,-0.04999999999999716,0.030000000000001137,0.011050515830667487,0.030000000000001137,,True,1.0,0.1,15.0,0.42995375311277123,0.0,0.0,True,0.03999999999999915,261,0,True,primary,C1,0.017499098813108436,C1,0.9950595340571917,False,0.9397002372609196,<1 MPa
333c05264e9b90,泸203H64,5,14,whole_stage,1,泸203H64|1-5,泸203H64|5|14,E:\压裂窜扰项目\02 规范化\泸203H64\泸203H64 邻井压力监测\泸203H64-5-14段压裂施工-1、2、3、4井秒点压力监测.xls,导出数据,1#套压(MPa),03e90a589c19ab57964e0f20aebcc922ff10aa62898771e5fbeeb59cf71dafca,E:\压裂窜扰项目\02 规范化\泸203H64\泸203H64 压裂施工曲线\泸203H64-5-14 压裂施工曲线.csv,text,named_stage_clock_only,-1670976000,50007.0,61538.0,192.18333333333334,1.0,0,0,0,1.0,1.0,46.594,pre_pump_10min,207.0,206.0,0.010378199999996882,-0.005903984154284915,primary,合格,0.031999999999996476,46.587,0.045999999999999375,0.1769999999999996,0.18999999999999773,-0.045999999999999375,0.07900000000000063,0.0915091058884736,0.09899999999999665,61.666666666666664,False,0.3208741652935565,0.1,15.0,0.32633769837828464,0.0,0.0,True,0.07199999999999562,492,0,True,primary,C1,0.09298872747109697,C1,0.9733381423850997,False,0.9314727143211396,<1 MPa
35631e2dee65e7,泸201H5,4,6,whole_stage,3,泸201H5|3-4,泸201H5|4|6,E:\压裂窜扰项目\02 规范化\泸201H5\泸201H5 邻井压力监测\泸201H5-4-6段压裂施工-1、2、3井压力监测.xls,导出数据,3井压力(MPa),e7cbba1da866e6b3f9533ba9307acc886b481fb528b1b59dbdd15398820134f0,E:\压裂窜扰项目\02 规范化\泸201H5\泸201H5 压裂施工曲线\泸201H5-4-6 压裂施工曲线.xlsx,Log Data,absolute,0,1760170208.0,1760184233.0,233.75,1.0,0,0,0,1.0,1.0,52.36,pre_pump_10min,600.0,599.0,0.01482599999999705,-0.0005354848207881042,primary,合格,0.03999999999999915,52.35,0.09999999999999432,6.0,6.020000000000003,-0.030000000000001137,6.0,2.689925490196079,0.13000000000000256,21.0,False,0.08983957219251337,0.1,15.0,0.34916221033868095,171.58333333333334,29.25,True,6.399999999999999,272,0,True,primary,C2,0.2924457288168776,C2,0.9097127875556502,False,0.3125653312131538,≥5 MPa
359a286a5d2d80,阳101H34,3,6,whole_stage,2,阳101H34|2-3,阳101H34|3|6,E:\压裂窜扰项目\02 规范化\阳101H34\阳101H34 邻井压力监测\阳101H34-3-6段压裂施工-2井秒点压力监测.xls,导出数据,2#2井套压(MPa),b656f27f6dab42ac9781f40e306a4fd040d33bb8c09a8aa2cf9e3d83247c7385,E:\压裂窜扰项目\02 规范化\阳101H34\阳101H34 压裂施工曲线\阳101H34-3-6 压裂施工曲线.xls,秒点数据,named_stage_clock_only,-1745193600,58608.0,69427.0,180.31666666666666,1.0,0,0,0,1.0,1.0,56.008171081543,pre_pump_10min,408.0,407.0,0.019455505371020008,0.006399028391527084,primary,合格,0.03938293457029829,56.0212936401367,0.03938293457029829,3.2490539550781037,3.2621841430664062,0.006561279296803946,3.2621841430664062,1.8794503748356004,0.0656356811524006,3.8333333333333335,False,0.021258896385987616,0.1,15.0,0.26601349477770586,135.5,0.0,False,,2190,0,True,primary,C2,1.4997323631905952,C2,0.29433582257284696,False,-0.2712233894951743,1–5 MPa
3607a6f09dcaf2,泸206H8,4,1,whole_stage,8,泸206H8|4-8,泸206H8|4|1,E:\压裂窜扰项目\02 规范化\泸206H8\泸206H8 邻井压力监测\泸206H8-4-1段压裂施工-1、2、3、5、6、7、8井秒点压力监测.xls,导出数据,8井套压(MPa),4a5f67a41d14d5d4fb0a58397a2523db310d74078dac6f986aecf1c77eac6925,E:\压裂窜扰项目\02 规范化\泸206H8\泸206H8 压裂施工曲线\泸206H8-4-1 压裂施工曲线.xlsx,秒点数据,absolute,0,1751889358.0,1751899386.0,167.13333333333333,1.0,0,0,0,1.0,2.0,34.25,pre_pump_10min,358.0,357.0,0.07412999999999578,0.03694824376272811,primary,合格,0.1700000000000017,34.34,0.05000000000000426,0.490000000000002,0.5,-0.7899999999999991,-0.1700000000000017,0.061375149581172773,0.07000000000000028,4.166666666666667,False,0.024930195452732354,0.22238999999998735,15.0,0.3943352947042984,0.0,0.0,False,,1070,0,True,primary,C1,0.38962743143724793,C1,0.8876828411136596,False,0.8864876085217442,<1 MPa
3619a887922ee1,泸201H5,4,12,whole_stage,3,泸201H5|3-4,泸201H5|4|12,E:\压裂窜扰项目\02 规范化\泸201H5\泸201H5 邻井压力监测\泸201H5-4-12段压裂施工-1、2、3井压力监测.xls,导出数据,3井压力(MPa),5fb17fe12dee329a181c8268e4f9546039021cfabc804f8ed8443fa30c9d5262,E:\压裂窜扰项目\02 规范化\泸201H5\泸201H5 压裂施工曲线\泸201H5-4-12 压裂施工曲线.xlsx,Log Data,absolute,0,1761205302.0,1761213176.0,131.23333333333332,1.0,0,0,0,1.0,1.0,51.14,pre_pump_10min,600.0,599.0,0.01482599999999705,0.0005778516051421334,primary,合格,0.03999999999999915,51.155,0.09000000000000341,1.5300000000000011,1.5499999999999972,-0.11999999999999744,1.5300000000000011,0.48130556261112467,0.09000000000000341,40.666666666666664,False,0.30988061976123954,0.1,15.0,0.3844297688595377,26.083333333333332,0.0,True,1.740000000000002,215,0,True,primary,C1,0.6746593299859276,C1,0.7597382766121947,False,0.8303300065136944,1–5 MPa
361b00c1798782,泸201H5,1,17,whole_stage,3,泸201H5|1-3,泸201H5|1|17,E:\压裂窜扰项目\02 规范化\泸201H5\泸201H5 邻井压力监测\泸201H5-1-17段压裂施工-2、3、4井压力监测.xls,导出数据,3井压力(MPa),2736549893bffde241eb4709e36f7710ce590299d72eb3764b3d0e11354fc441,E:\压裂窜扰项目\02 规范化\泸201H5\泸201H5 压裂施工曲线\泸201H5-1-17 压裂施工曲线.xlsx,Log Data,absolute,0,1757920324.0,1757931262.0,182.3,1.0,0,0,0,1.0,1.0,0.05,pre_pump_10min,600.0,599.0,0.0,0.00016445045680682177,primary,合格,0.009999999999999995,0.05,0.04000000000000001,0.020000000000000004,0.020000000000000004,-0.020000000000000004,0.0,0.010722709818979704,0.030000000000000006,,True,1.0,0.1,15.0,0.5091424392027794,0.0,0.0,True,0.020000000000000004,29,0,True,primary,C1,0.012606264764537809,C1,0.9964598031644849,False,0.9399638809889426,<1 MPa
37712c3e2635cb,泸208H1,4,1,whole_stage,3,泸208H1|3-4,泸208H1|4|1,E:\压裂窜扰项目\02 规范化\泸208H1\泸208H1 邻井压力监测\泸208H1-4-1段压裂施工-3井压力监测.xlsx,4-1-3,无表头_文件名井号,98114559daea69d156a9850578e4f6b7003e01a3c0e1c976e63d5e1507f173e5,E:\压裂窜扰项目\02 规范化\泸208H1\泸208H1 压裂施工曲线\泸208H1-4-1 压裂施工曲线（秒点）.xls,导出数据,named_stage_clock_only,0,36288.0,43996.0,128.46666666666667,1.0,0,0,0,1.0,1.0,13.24,pre_pump_10min,288.0,287.0,0.0,-5.45183167221084e-16,primary,合格,0.0,13.24,0.0600000000000005,4.1,4.279999999999999,-0.45000000000000107,4.24,0.06689932537623233,0.370000000000001,109.75,False,0.8543072132848988,0.1,15.0,0.9484950700570836,12.333333333333334,0.0,True,8.159999999999998,1350,0,True,primary,C1,0.8793039482578514,C1,0.7107462944920482,False,0.7801203436581033,1–5 MPa
37c151f312f9c2,泸203H64,3,9,whole_stage,2,泸203H64|2-3,泸203H64|3|9,E:\压裂窜扰项目\02 规范化\泸203H64\泸203H64 邻井压力监测\泸203H64-3-9段压裂施工-1、2、4、5井秒点压力监测.xls,导出数据,2#套压(MPa),e9b3122fdbf44013b6d70a894d37688eb55c7825f5c5b4bb5daa87f91a9c149c,E:\压裂窜扰项目\02 规范化\泸203H64\泸203H64 压裂施工曲线\泸203H64-3-9 压裂施工曲线.csv,text,named_stage_clock_only,-1672099200,53895.0,66245.0,205.83333333333334,1.0,0,0,0,1.0,1.0,47.432,pre_pump_10min,195.0,194.0,0.010378200000007417,-0.003981485377660392,primary,合格,0.0519999999999996,47.432,0.07900000000000063,3.5449999999999946,3.603999999999999,-0.11200000000000188,3.576999999999998,0.4560980161943301,0.1180000000000021,128.25,False,0.6230769230769231,0.1,15.0,0.30437246963562753,35.916666666666664,0.0,False,,412,0,True,primary,C1,0.9986241286387227,C1,0.6125433810590091,False,0.7429749089971485,1–5 MPa
386299299569d9,泸201H5,1,11,whole_stage,4,泸201H5|1-4,泸201H5|1|11,E:\压裂窜扰项目\02 规范化\泸201H5\泸201H5 邻井压力监测\泸201H5-1-11段压裂施工-2、3、4井压力监测.xls,导出数据,4井压力(MPa),58e69d06d705bad8ac2f0e46495cbc7b3f3d4a9e631039ce5403338f1d260159,E:\压裂窜扰项目\02 规范化\泸201H5\泸201H5 压裂施工曲线\泸201H5-1-11 压裂施工曲线.xlsx,Log Data,absolute,0,1757141244.0,1757154756.0,225.2,1.0,0,0,0,1.0,1.0,26.57,pre_pump_10min,600.0,599.0,0.0,-0.0005088347467642078,primary,合格,0.019999999999999574,26.57,0.060000000000002274,0.0,0.0,-0.08000000000000185,-0.08000000000000185,-0.04469878626406121,0.020000000000003126,,True,1.0,0.1,15.0,0.431542332741267,0.0,0.0,True,-0.08000000000000185,12,0,True,primary,C1,0.05244131715193416,C1,0.985503311370851,False,0.9383103855410303,<1 MPa
38f1ba8d2531d7,泸206H8,5,4,whole_stage,7,泸206H8|5-7,泸206H8|5|4,E:\压裂窜扰项目\02 规范化\泸206H8\泸206H8 邻井压力监测\泸206H8-5-4段压裂施工-1、2、3、4、6、7、8井秒点压力监测.xls,导出数据,7井套压(MPa),ad65d2192c784201a7710fcc95c85240042c4640adf47f61a3702e072dc30a97,E:\压裂窜扰项目\02 规范化\泸206H8\泸206H8 压裂施工曲线\泸206H8-5-4 压裂施工曲线.xlsx,秒点数据,absolute,0,1751961806.0,1751970729.0,148.71666666666667,1.0,0,0,0,1.0,6.0,36.02,pre_pump_10min,206.0,205.0,0.01482599999999705,0.0011090405543124143,primary,合格,0.030000000000001137,36.03,0.04999999999999716,0.11999999999999744,0.11999999999999744,-0.10000000000000142,0.10999999999999943,0.006152078897228824,0.030000000000001137,138.0,False,0.9279390339571892,0.1,15.0,0.3592276605298608,0.0,0.0,False,,1259,0,True,primary,C1,0.048626983690435034,C1,0.9862414543574697,False,0.9377695304113012,<1 MPa
390980c710beba,泸201H5,1,6,whole_stage,2,泸201H5|1-2,泸201H5|1|6,E:\压裂窜扰项目\02 规范化\泸201H5\泸201H5 邻井压力监测\泸201H5-1-6段压裂施工-2、3、4井压力监测.xls,导出数据,2井压力(MPa),6d6d86f8278279f75c7270fd4f7ca77b240af87f6cb6c14f89fc48a7f33e93f9,E:\压裂窜扰项目\02 规范化\泸201H5\泸201H5 压裂施工曲线\泸201H5-1-6 压裂施工曲线.xlsx,Log Data,absolute,0,1756369129.0,1756378530.0,156.68333333333334,1.0,0,0,0,1.0,1.0,59.6,pre_pump_10min,600.0,599.0,0.0296519999999941,-0.003418159494885357,primary,合格,0.07000000000000028,59.58,0.09000000000000341,0.3299999999999983,0.3299999999999983,-0.09000000000000341,0.3200000000000003,0.04412615679182932,0.07000000000000028,106.25,False,0.6781193490054249,0.1,15.0,0.24263376236570577,0.0,0.0,True,0.37999999999999545,58,0,True,primary,C1,0.11177621947042889,C1,0.9675358274018148,False,0.9310882891904406,<1 MPa
39a0cae2bc5592,泸201H5,3,24,whole_stage,2,泸201H5|2-3,泸201H5|3|24,E:\压裂窜扰项目\02 规范化\泸201H5\泸201H5 邻井压力监测\泸201H5-3-24段压裂施工-1、2、4井压力监测.xls,导出数据,2井压力(MPa),e3af89920e9a3a7b0e7aaad4f69fb13e4346377e2cd5af7e20fc9f2db2bfe6c1,E:\压裂窜扰项目\02 规范化\泸201H5\泸201H5 压裂施工曲线\泸201H5-3-24 压裂施工曲线.xlsx,Log Data,absolute,0,1767615196.0,1767625095.0,164.98333333333332,1.0,0,0,0,1.0,1.0,22.94,pre_pump_10min,600.0,599.0,0.014826000000002316,0.0027228075633537216,primary,合格,0.05000000000000071,22.94,0.05000000000000071,0.029999999999997584,0.03999999999999915,-0.08000000000000185,-0.07000000000000028,-0.025087382563896508,0.03999999999999915,,True,1.0,0.1,15.0,0.362763915547025,0.0,0.0,True,-0.060000000000002274,182,0,True,primary,C1,0.03651204262449429,C1,0.9898570679859658,False,0.9393252203968026,<1 MPa
39d337c0a852cf,泸201H5,3,11,whole_stage,1,泸201H5|1-3,泸201H5|3|11,E:\压裂窜扰项目\02 规范化\泸201H5\泸201H5 邻井压力监测\泸201H5-3-11段压裂施工-1、2、4井压力监测.xls,导出数据,1井压力(MPa),c054b60f3c602e09831b3871a5c21f6d61e08735f4b8a9f01fe8a5487d6cf6d7,E:\压裂窜扰项目\02 规范化\泸201H5\泸201H5 压裂施工曲线\泸201H5-3-11 压裂施工曲线.xlsx,Log Data,absolute,0,1761486008.0,1761502858.0,280.8333333333333,1.0,0,0,0,1.0,1.0,47.48,pre_pump_10min,600.0,599.0,0.0,5.173347703802158e-05,primary,合格,0.030000000000001137,47.48,0.480000000000004,0.010000000000005116,0.020000000000003126,-0.8999999999999986,-0.8899999999999935,-0.3014210682492551,0.25,,True,1.0,0.1,15.0,0.42356083086053414,0.0,0.0,True,-0.8799999999999955,141,0,True,primary,C1,0.45910821616990827,C1,0.8853954956872981,False,0.8734301868917078,<1 MPa
39e599c8155abb,泸203H64,4,10,whole_stage,3,泸203H64|3-4,泸203H64|4|10,E:\压裂窜扰项目\02 规范化\泸203H64\泸203H64 邻井压力监测\泸203H64-4-10段压裂施工-1、2、3、5井秒点压力监测.xls,导出数据,3#套压(MPa),b868fff0f2c2f5df5928ab822f7f8a8e434537aab06d402a9e4514646072cab5,E:\压裂窜扰项目\02 规范化\泸203H64\泸203H64 压裂施工曲线\泸203H64-4-10 压裂施工曲线.csv,text,named_stage_clock_only,-1671494400,26094.0,35162.0,151.13333333333333,1.0,0,0,0,1.0,1.0,40.044,pre_pump_10min,600.0,599.0,0.028169399999997555,-0.006304895846928033,primary,合格,0.07900000000000063,40.031,0.07299999999999329,2.2450000000000045,2.264000000000003,-0.117999999999995,2.2510000000000048,0.8562156484340568,0.10499999999999687,36.583333333333336,False,0.242059991177768,0.1,15.0,0.25849139832377593,63.583333333333336,0.0,True,2.507000000000005,418,0,True,primary,C1,1.1130134465819743,C1,0.5245196009087291,False,0.7069860291017436,1–5 MPa
3a39231aaa9b91,阳101H35,2,3,whole_stage,1,阳101H35|1-2,阳101H35|2|3,E:\压裂窜扰项目\02 规范化\阳101H35\阳101H35 邻井压力监测\阳101H35平台压窜记录(4.19-4.25)_邻井压力数据_35-2井第3段施工1井压力秒点数据2024.4.22.xls,text,1#套压(MPa),2c763563cbea47662b5c2b000f0b8b966b7a5df12bc686d3ec450c175743fc24,E:\压裂窜扰项目\02 规范化\阳101H35\阳101H35 压裂施工曲线\阳101H35-2-3 压裂施工曲线（秒点）.xlsx,Log Data,named_stage_clock_only,-1713744000,51886.0,62779.0,181.55,1.0,0,0,0,1.0,1.0,31.2412014007568,pre_pump_10min,346.0,345.0,0.028795844650226415,-0.010956893554845212,primary,合格,0.06474876403810015,31.2412014007568,0.08417510986330257,20.0720691680909,20.272787094116197,-0.04532432556150212,20.2404117584229,6.529325404421541,0.43381500244139914,20.333333333333332,False,0.11199853116680436,0.1,15.0,0.20508583493986965,136.16666666666666,105.58333333333333,False,,2351,0,True,primary,C2,4.6523344271429075,C2,0.44968120721314475,False,0.4086566597897392,≥5 MPa
3a5c1d658b5e12,阳101H33,3,5,whole_stage,1,阳101H33|1-3,阳101H33|3|5,E:\压裂窜扰项目\02 规范化\阳101H33\阳101H33 邻井压力监测\阳101H33-3-5段压裂施工-1井压力监测.xlsx,3-5-1,无表头_文件名井号,2c446cb9bab5abecd4102c8ac3ce6a856ca131cae2bac63d626fd49de2fb8b1c,E:\压裂窜扰项目\02 规范化\阳101H33\阳101H33 压裂施工曲线\阳101H33-3-5 压裂施工曲线.xls,text,absolute,0,1727163479.0,1727175615.0,202.26666666666668,1.0,0,0,0,1.0,1.0,43.536,pre_pump_10min,479.0,478.0,0.010378199999996882,-0.0036144338361879507,primary,合格,0.045999999999999375,43.516,0.0519999999999996,2.381999999999998,2.394999999999996,-0.045999999999999375,2.381999999999998,0.8700407877389573,0.0660000000000025,55.25,False,0.2731542518127884,0.1,15.0,0.28790375741595253,81.66666666666667,0.0,True,2.5459999999999994,2089,0,True,primary,C1,1.1860631389176919,C1,0.47664428352074867,False,0.6837832051427418,1–5 MPa
3a860131896dde,泸201H5,3,21,whole_stage,1,泸201H5|1-3,泸201H5|3|21,E:\压裂窜扰项目\02 规范化\泸201H5\泸201H5 邻井压力监测\泸201H5-3-21段压裂施工-1、2、4井压力监测.xls,导出数据,1井压力(MPa),4d867775bf9c82842cbd3130a6fe95954e6d587a560410782ce23d1c601af722,E:\压裂窜扰项目\02 规范化\泸201H5\泸201H5 压裂施工曲线\泸201H5-3-21 压裂施工曲线.xlsx,Log Data,absolute,0,1766403980.0,1766415172.0,186.53333333333333,1.0,0,0,0,1.0,1.0,40.93,pre_pump_10min,600.0,599.0,0.01482599999999705,0.0005895016375067598,primary,合格,0.01999999999999602,40.94,0.03999999999999915,0.0,0.00999999999999801,-0.1700000000000017,-0.1599999999999966,-0.09239635453895602,0.030000000000001137,,True,1.0,0.1,15.0,0.4777519656897784,0.0,0.0,True,-0.1599999999999966,171,0,True,primary,C1,0.10537666346083911,C1,0.9712805778704707,False,0.9324424493972592,<1 MPa
3b6aa71a4a4457,阳101H34,3,22,whole_stage,4,阳101H34|3-4,阳101H34|3|22,E:\压裂窜扰项目\02 规范化\阳101H34\阳101H34 邻井压力监测\阳101H34-3-22段压裂施工-4井秒点压力监测.xls,导出数据,4#4井套压1(MPa),d4f7e0bde669a30d8c4497edd64fa9de95e5e6a689adff5500523655b99f449c,E:\压裂窜扰项目\02 规范化\阳101H34\阳101H34 压裂施工曲线\阳101H34-3-22 压裂施工曲线.xls,秒点数据,named_stage_clock_only,-1750809600,28892.0,35489.0,109.95,1.0,0,0,0,1.0,1.0,53.8636093139648,pre_pump_10min,512.0,511.0,0.009818243408171522,-0.0013453037321230071,primary,合格,0.019878387451200297,53.8569869995117,0.05300521850580253,2.325588226318402,2.3587150573730966,-0.006622314453103684,2.3454666137696023,0.7042131650912659,0.07288360595700283,20.833333333333332,False,0.18948006669698347,0.1,15.0,0.2755798090040928,32.0,0.0,False,,2179,0,True,primary,C1,0.9746372567672754,C1,0.606932384526125,False,0.7502620252952332,1–5 MPa
3bc422574f766b,泸203H64,3,9,whole_stage,1,泸203H64|1-3,泸203H64|3|9,E:\压裂窜扰项目\02 规范化\泸203H64\泸203H64 邻井压力监测\泸203H64-3-9段压裂施工-1、2、4、5井秒点压力监测.xls,导出数据,1#套压(MPa),e9b3122fdbf44013b6d70a894d37688eb55c7825f5c5b4bb5daa87f91a9c149c,E:\压裂窜扰项目\02 规范化\泸203H64\泸203H64 压裂施工曲线\泸203H64-3-9 压裂施工曲线.csv,text,named_stage_clock_only,-1672099200,53895.0,66245.0,205.83333333333334,1.0,0,0,0,1.0,2.0,51.562,pre_pump_10min,195.0,194.0,0.008895600000000337,-0.005783165288332931,primary,合格,0.027000000000001023,51.555,0.05300000000000438,0.9179999999999993,0.9580000000000055,-0.013999999999995794,0.9250000000000043,0.2376045748987878,0.13100000000000023,53.583333333333336,False,0.2603238866396761,0.1,15.0,0.31951081234307926,0.0,0.0,False,,415,0,True,primary,C1,0.3261758254613226,C1,0.8976900647729213,False,0.9003592739471558,<1 MPa
3c88e0360abaef,阳101H35,2,9,whole_stage,4,阳101H35|2-4,阳101H35|2|9,E:\压裂窜扰项目\02 规范化\阳101H35\阳101H35 邻井压力监测\阳101H35平台2井第九段压裂邻井秒点数据(1).xls,text,4#套压(MPa),a10d17cd150521ca4b82c35d95025bb534d26ebaff8b188e598a93d16820d98c,E:\压裂窜扰项目\02 规范化\阳101H35\阳101H35 压裂施工曲线\阳101H35-2-9 压裂施工曲线（秒点）-2.xlsx,Log Data,named_stage_clock_only,-1716249600,29066.0,35098.0,100.53333333333333,1.0,0,0,0,1.0,1.0,29.2359371185303,pre_pump_10min,506.0,505.0,0.009730580520619347,-0.0023832470781766546,primary,合格,0.032812118530298306,29.2228126525879,0.045936584472702435,0.05906295776360082,0.065626144409201,-0.032812118530298306,0.02625083923340199,0.019573611669248047,0.02625083923340199,,True,1.0,0.1,15.0,0.309184350132626,0.0,0.0,True,0.039375305175802566,2328,0,True,primary,C1,0.021751595186105376,C1,0.9938608629815532,False,0.9392162775344839,<1 MPa
3c89e0c4113293,泸203H64,4,8,whole_stage,3,泸203H64|3-4,泸203H64|4|8,E:\压裂窜扰项目\02 规范化\泸203H64\泸203H64 邻井压力监测\泸203H64-4-8段压裂施工-1、2、3、5井秒点压力监测.xls,导出数据,3#套压(MPa),85cf516598e20d4b8e3ff14e11876afa65ecf4a3b08b95d681775c5320771413,E:\压裂窜扰项目\02 规范化\泸203H64\泸203H64 压裂施工曲线\泸203H64-4-8 压裂施工曲线.csv,text,named_stage_clock_only,-1671408000,26655.0,35313.0,144.3,1.0,0,0,0,1.0,1.0,37.767,pre_pump_10min,255.0,254.0,0.0296519999999941,-0.0030186718388106946,primary,合格,0.08500000000000085,37.787,0.11200000000000188,13.931999999999995,13.951999999999998,-0.03900000000000148,13.951999999999998,6.5553194155694126,0.15100000000000335,6.583333333333333,False,0.04562254562254562,0.1,15.0,0.13247863247863248,123.75,84.75,True,14.561999999999998,466,0,True,primary,C2,4.041699645173577,C2,0.4892804647782636,False,0.4386983219692803,≥5 MPa
3d228630d3d6bd,泸201H5,2,13,whole_stage,4,泸201H5|2-4,泸201H5|2|13,E:\压裂窜扰项目\02 规范化\泸201H5\泸201H5 邻井压力监测\泸201H5-2-13段压裂施工-1、3、4井压力监测.xls,导出数据,4井压力(MPa),9a215d4e26f5aa148fdcfc191e6b03a3e4bb80607d1cdfba74ece85efcdeee81,E:\压裂窜扰项目\02 规范化\泸201H5\泸201H5 压裂施工曲线\泸201H5-2-13 压裂施工曲线.xlsx,Log Data,absolute,0,1757402057.0,1757411427.0,156.16666666666666,1.0,0,0,0,1.0,1.0,24.67,pre_pump_10min,600.0,599.0,0.01482599999999705,-0.00018263384064667063,primary,合格,0.030000000000001137,24.67,0.05999999999999872,0.0,0.00999999999999801,-0.0400000000000027,-0.020000000000003126,-0.018322305229457714,0.020000000000003126,,True,1.0,0.1,15.0,0.32753468516542156,0.0,0.0,True,-0.030000000000001137,79,0,True,primary,C1,0.026558529219719747,C1,0.9926056924705989,False,0.9400254928969587,<1 MPa
3d2334e2805d60,泸201H5,4,11,whole_stage,3,泸201H5|3-4,泸201H5|4|11,E:\压裂窜扰项目\02 规范化\泸201H5\泸201H5 邻井压力监测\泸201H5-4-11段压裂施工-1、2、3井压力监测.xls,导出数据,3井压力(MPa),2ee4b97b4120049325bd95b74c6b40bc363d4b03aba0dc61d00c2c649037d831,E:\压裂窜扰项目\02 规范化\泸201H5\泸201H5 压裂施工曲线\泸201H5-4-11 压裂施工曲线.xlsx,Log Data,absolute,0,1761119310.0,1761129373.0,167.71666666666667,1.0,0,0,0,1.0,1.0,50.92,pre_pump_10min,600.0,599.0,0.014826000000007585,-0.001411037252874375,primary,合格,0.04999999999999716,50.92,0.10000000000000142,2.1700000000000017,2.1999999999999957,-0.060000000000002274,2.1899999999999977,0.8049950313027908,0.12000000000000455,34.916666666666664,False,0.2081884129981119,0.1,15.0,0.3473119348106926,63.0,0.0,True,2.460000000000001,212,0,True,primary,C1,1.0477641405317055,C1,0.5643667914085393,False,0.7280965147555398,1–5 MPa
3dab395c0badd2,泸201H5,1,3,whole_stage,3,泸201H5|1-3,泸201H5|1|3,E:\压裂窜扰项目\02 规范化\泸201H5\泸201H5 邻井压力监测\泸201H5-1-3段压裂施工-2、3、4井压力监测.xls,导出数据,3井压力(MPa),f580cc626c8ea9dca3a7e376b61c65bada296e0c77bd88a603ea0e3de6ee091a,E:\压裂窜扰项目\02 规范化\泸201H5\泸201H5 压裂施工曲线\泸201H5-1-3 压裂施工曲线.xlsx,Log Data,absolute,0,1755845674.0,1755854891.0,153.61666666666667,1.0,0,0,0,1.0,1.0,0.03,pre_pump_10min,600.0,599.0,0.0,3.850010694474228e-05,primary,合格,0.02,0.03,0.04,0.0,0.010000000000000002,-0.03,-0.009999999999999998,-0.0007806227622870781,0.02,,True,1.0,0.1,15.0,0.564391884561137,0.0,0.0,True,0.0,49,0,True,primary,C1,0.014553697571548618,C1,0.9959254514318466,False,0.9403222842509493,<1 MPa
3dca364196bd7c,泸201H5,1,13,whole_stage,3,泸201H5|1-3,泸201H5|1|13,E:\压裂窜扰项目\02 规范化\泸201H5\泸201H5 邻井压力监测\泸201H5-1-13段压裂施工-2、3、4井压力监测.xls,导出数据,3井压力(MPa),107149d7e85d80897e6c98748db4c0283aa7156c7af242fd50a9fb14f71d0834,E:\压裂窜扰项目\02 规范化\泸201H5\泸201H5 压裂施工曲线\泸201H5-1-13 压裂施工曲线.xlsx,Log Data,absolute,0,1757343955.0,1757353066.0,151.85,1.0,0,0,0,1.0,1.0,0.13,pre_pump_10min,600.0,599.0,0.0,0.0017674215761710587,primary,合格,0.01999999999999999,0.15,0.04000000000000001,0.03,0.03,0.0,0.010000000000000009,0.01705081769289869,0.01999999999999999,,True,1.0,0.1,15.0,0.5554823839315114,0.0,0.0,True,0.010000000000000009,20,0,True,primary,C1,0.021085941444711227,C1,0.9940777516202002,False,0.9394289888692197,<1 MPa
3e469117bbd75b,泸201H5,1,15,whole_stage,3,泸201H5|1-3,泸201H5|1|15,E:\压裂窜扰项目\02 规范化\泸201H5\泸201H5 邻井压力监测\泸201H5-1-15段压裂施工-2、3、4井压力监测.xls,导出数据,3井压力(MPa),ed144aee704c2ef54d153452202a4a3f4f8657e8da28af2694e64a62519bf6cb,E:\压裂窜扰项目\02 规范化\泸201H5\泸201H5 压裂施工曲线\泸201H5-1-15 压裂施工曲线.xlsx,Log Data,absolute,0,1757748275.0,1757787365.0,651.5,1.0,0,0,0,1.0,1.0,0.11,pre_pump_10min,600.0,599.0,0.014825999999999992,2.1950060972397512e-05,primary,合格,0.009999999999999995,0.11,0.04000000000000001,0.08,0.08,-0.020000000000000004,0.05,0.03988552059350217,0.030000000000000013,,True,1.0,0.1,15.0,0.5173701713993348,0.0,0.0,True,0.05,23,0,True,primary,C1,0.04070094968143042,C1,0.9884585056473589,False,0.9376052689488692,<1 MPa
3e4b107517bf81,泸208H2,1,2,whole_stage,2,泸208H2|1-2,泸208H2|1|2,E:\压裂窜扰项目\02 规范化\泸208H2\泸208H2 邻井压力监测\泸208H2-1-2段压裂施工-2井压力监测.xlsx,1-2-2,无表头_文件名井号,0da655dd31bc5e658dcbc6ba7d644262703ff0c980a3c891d5fac13b9dd5b5d7,E:\压裂窜扰项目\02 规范化\泸208H2\泸208H2 压裂施工曲线\泸208H2-1-2 压裂施工曲线（秒点）.xlsx,Log Data,named_stage_clock_only,0,37293.0,47886.0,176.55,1.0,0,13,0,1.0,2.0,56.362499,pre_pump_10min,213.0,212.0,0.1890359477999959,-0.01014728510012255,primary,合格,0.40499899999999656,56.3325005,0.44250100000000003,6.720001000000003,6.862499,-0.23249799999999965,6.780003000000001,3.861067679458133,0.375,37.083333333333336,False,0.2100443689228736,0.5671078433999878,15.0,0.07475663925904924,135.5,83.16666666666667,True,6.780003000000001,1423,0,True,primary,C2,1.1253259379423655,C2,0.7523890871073418,False,0.44929533947296846,≥5 MPa
3ef9cf2a9047de,泸203H66,1,16,whole_stage,3,泸203H66|1-3,泸203H66|1|16,E:\压裂窜扰项目\02 规范化\泸203H66\泸203H66 邻井压力监测\泸203H66平台-1井-16段压裂施工-2、3井秒点压力监测.xls,Sheet1,3井,c9b6884b94edd71b22c6fa5c22e09e14a358be7ce4c51202d6d2451ea981f9cd,E:\压裂窜扰项目\02 规范化\泸203H66\泸203H66 压裂施工曲线\泸203H66-1-16 压裂施工曲线.xlsx,LogData(s),named_stage_clock_only,-1680480000,27933.0,35264.0,122.18333333333334,1.0,0,0,0,1.0,1.0,34.75,pre_pump_10min,333.0,332.0,0.0,-0.011232370816819742,primary,合格,0.060000000000002274,34.75,0.13000000000000256,0.0,0.0,-0.36999999999999744,-0.25,-0.21969922247988066,0.07000000000000028,,True,1.0,0.1,15.0,0.898376756240622,0.0,0.0,True,-0.25,540,0,True,primary,C1,0.24433515012649984,C1,0.9356121889841236,False,0.9115590008744336,<1 MPa
3f17c3147716e6,泸203H64,4,3,whole_stage,1,泸203H64|1-4,泸203H64|4|3,E:\压裂窜扰项目\02 规范化\泸203H64\泸203H64 邻井压力监测\泸203H64-4-3段压裂施工-1、2、3、5井秒点压力监测.xls,导出数据,1#套压(MPa),8654f1461c61c8fac9084720138690eecb07f0eb5c1632a243fbdc862c478cd3,E:\压裂窜扰项目\02 规范化\泸203H64\泸203H64 压裂施工曲线\泸203H64-4-3 压裂施工曲线.csv,text,named_stage_clock_only,-1671148800,51587.0,60882.0,154.91666666666666,1.0,0,0,0,1.0,1.0,48.366,pre_pump_10min,287.0,286.0,0.019273799999997218,0.01379318851879957,primary,合格,0.0818000000000012,48.3755,0.03900000000000148,0.01899999999999835,0.03900000000000148,-0.2890000000000015,-0.23700000000000188,-0.1045868746637972,0.07900000000000063,,True,1.0,0.1,15.0,0.3365250134480904,0.0,0.0,False,,448,0,True,primary,C1,0.13170605192014362,C1,0.9643776962608831,False,0.9281430131789442,<1 MPa
3f64da094d2dbc,泸201H5,4,9,whole_stage,2,泸201H5|2-4,泸201H5|4|9,E:\压裂窜扰项目\02 规范化\泸201H5\泸201H5 邻井压力监测\泸201H5-4-9段压裂施工-1、2、3井压力监测.xls,导出数据,2井压力(MPa),21a5c314968926abc603adc5cce57ab86915b2ba04aa4f824cf6636b84551587,E:\压裂窜扰项目\02 规范化\泸201H5\泸201H5 压裂施工曲线\泸201H5-4-9 压裂施工曲线.xlsx,Log Data,absolute,0,1760860247.0,1760870307.0,167.66666666666666,1.0,0,0,0,1.0,1.0,52.46,pre_pump_10min,600.0,599.0,0.01482599999999705,-0.00025298403606452673,primary,合格,0.05000000000000426,52.465,0.10000000000000142,0.00999999999999801,0.030000000000001137,-0.07000000000000028,-0.030000000000001137,-0.028529821073559405,0.04999999999999716,,True,1.0,0.1,15.0,0.18429423459244532,0.0,0.0,True,-0.05000000000000426,280,0,True,primary,C1,0.03088669392307863,C1,0.9914109032562266,False,0.9398582833198399,<1 MPa
40194a3c900c78,阳101H34,4,13,whole_stage,3,阳101H34|3-4,阳101H34|4|13,E:\压裂窜扰项目\02 规范化\阳101H34\阳101H34 邻井压力监测\阳101H34-4-13段压裂施工-2、3井秒点压力监测.xls,导出数据,3#3井套压(MPa),dbc80d00acff0a980e1bf3a7d4de955decbf9dcb557d2fac68199c5811bbd280,E:\压裂窜扰项目\02 规范化\阳101H34\阳101H34 压裂施工曲线\阳101H34-4-13 压裂施工曲线.xls,秒点数据,named_stage_clock_only,-1748822400,38755.0,55453.0,278.3,1.0,0,0,0,1.0,1.0,42.7153129577637,pre_pump_10min,535.0,534.0,0.009727752685430994,-0.0009641091089452151,primary,合格,0.02625274658200283,42.71203231811525,0.6956253051757031,10.2178115844726,10.237499237060497,-0.01968765258789773,10.2309379577636,5.172215224825847,1.9424972534180043,28.666666666666668,False,0.1030063480656366,0.1,15.0,0.2517067912324829,208.0,137.08333333333334,False,,2199,0,True,primary,C2,2.527936251121436,C2,0.5960433596938736,False,0.47134437407946667,≥5 MPa
404f64b2050b53,泸208H1,4,14,whole_stage,5,泸208H1|4-5,泸208H1|4|14,E:\压裂窜扰项目\02 规范化\泸208H1\泸208H1 邻井压力监测\泸208H1-4-14段压裂施工-5井压力监测.xlsx,4-14-5,无表头_文件名井号,c8fbaddc77528e301a37f2f804ecb3838a07d50bbb8601c8c0be6813c7b35722,E:\压裂窜扰项目\02 规范化\泸208H1\泸208H1 压裂施工曲线\泸208H1-4-14 压裂施工曲线（秒点）.xls,导出数据,named_stage_clock_only,0,29889.0,35740.0,97.51666666666667,1.0,0,0,0,1.0,1.0,50.23,pre_pump_10min,284.0,283.0,0.0,-0.019476853683007396,primary,合格,0.09000000000000341,50.19,0.060000000000002274,10.610000000000007,10.700000000000003,-0.03999999999999915,10.660000000000004,3.3976345923773743,0.3200000000000003,5.166666666666667,False,0.0529823961715946,0.1,15.0,0.914715433259272,65.66666666666667,26.833333333333332,True,11.510000000000005,1346,0,True,primary,C2,1.225412910468414,C2,0.7407850505799274,False,0.43766470769648075,≥5 MPa
408f3a99de016e,泸206H8,5,6,whole_stage,8,泸206H8|5-8,泸206H8|5|6,E:\压裂窜扰项目\02 规范化\泸206H8\泸206H8 邻井压力监测\泸206H8-5-6段压裂施工-1、2、3、4、6、7、8井秒点压力监测.xls,导出数据,8井套压(MPa),44457d2b29877dd1f51003d617f3379d9cfa861cf72c0b80f08360fb809d107f,E:\压裂窜扰项目\02 规范化\泸206H8\泸206H8 压裂施工曲线\泸206H8-5-6 压裂施工曲线.xlsx,秒点数据,absolute,0,1752223395.0,1752231837.0,140.7,1.0,0,0,0,1.0,13.0,32.46,pre_pump_10min,195.0,194.0,0.04447800000000168,0.030178187055943016,primary,合格,0.0799999999999983,32.49,0.05000000000000426,0.259999999999998,0.269999999999996,-0.18999999999999773,0.10000000000000142,0.04151563610518752,0.0799999999999983,8.916666666666666,False,0.06337360814972755,0.13343400000000505,15.0,0.4077635327635328,0.0,0.0,False,,1286,0,True,primary,C1,0.12090199125450245,C1,0.9660784477509464,False,0.928199641144841,<1 MPa
40be90c50ca73b,泸203H76,3,17,whole_stage,1,泸203H76|1-3,泸203H76|3|17,E:\压裂窜扰项目\02 规范化\泸203H76\泸203H76 邻井压力监测\泸203H76平台-3井-17段压裂施工-1、2、4井秒点压力监测.xls,Sheet1,1井井口压力,7c43b8ce7e28066267d14734d319a64d174df8b0a8ca61c95b402c6043b59acc,E:\压裂窜扰项目\02 规范化\泸203H76\泸203H76 压裂施工曲线\泸203H76-3-17 压裂施工曲线（秒点）.xlsx,Sheet1,named_stage_clock_only,-1679875200,37322.0,43841.0,108.65,1.0,0,0,0,1.0,1.0,52.6523,pre_pump_10min,242.0,241.0,0.031134599999990645,-0.007421708598633791,primary,合格,0.06299999999999528,52.6523,0.4724999999999966,1.2916000000000025,1.354600000000005,-0.052499999999994884,1.302100000000003,0.5562847139131804,0.23100000000000165,3.5,False,0.032213529682466636,0.1,15.0,0.6737229636447308,19.916666666666668,0.0,True,1.302100000000003,853,0,True,primary,C1,0.6644540421858309,C1,0.7663229603536225,False,0.8315320454138443,1–5 MPa
40c627a59f5ba6,泸206H8,4,1,whole_stage,6,泸206H8|4-6,泸206H8|4|1,E:\压裂窜扰项目\02 规范化\泸206H8\泸206H8 邻井压力监测\泸206H8-4-1段压裂施工-1、2、3、5、6、7、8井秒点压力监测.xls,导出数据,6井套压(MPa),4a5f67a41d14d5d4fb0a58397a2523db310d74078dac6f986aecf1c77eac6925,E:\压裂窜扰项目\02 规范化\泸206H8\泸206H8 压裂施工曲线\泸206H8-4-1 压裂施工曲线.xlsx,秒点数据,absolute,0,1751889358.0,1751899386.0,167.13333333333333,1.0,0,0,0,1.0,2.0,39.44,pre_pump_10min,358.0,357.0,0.014826000000007585,-0.0031190814664843886,primary,合格,0.05000000000000426,39.43,0.0799999999999983,0.03999999999999915,0.07000000000000028,-0.03999999999999915,0.05000000000000426,-0.00044824491423804496,0.03999999999999915,,True,1.0,0.1,15.0,0.25570958412286826,0.0,0.0,False,,1072,0,True,primary,C1,0.0,C1,0.9999999999997191,False,0.9405738463144536,<1 MPa
41377507d21594,泸203H66,3,13,whole_stage,1,泸203H66|1-3,泸203H66|3|13,E:\压裂窜扰项目\02 规范化\泸203H66\泸203H66 邻井压力监测\泸203H66平台-3井-13段压裂施工-1、2井秒点压力监测.xls,Sheet1,1井,066e84a1b5cefce3202268638e87d42b00cb6b0cdbdb3ca6dff8d5ce04ca70bf,E:\压裂窜扰项目\02 规范化\泸203H66\泸203H66 压裂施工曲线\泸203H66-3-13 压裂施工曲线.xlsx,LogData(s),named_stage_clock_only,-1678665600,38017.0,44246.0,103.81666666666666,1.0,0,0,0,1.0,1.0,57.63,pre_pump_10min,600.0,599.0,0.0,0.003273909094194428,primary,合格,0.0,57.63,0.07000000000000028,0.0,0.0,-0.38000000000000256,-0.3200000000000003,-0.16152030823567304,0.060000000000002274,,True,1.0,0.1,15.0,0.9248675549847487,0.0,0.0,True,-0.38000000000000256,621,0,True,primary,C1,0.2059431763051845,C1,0.9453946110819159,False,0.917136287391503,<1 MPa
415f031bfbdca7,泸201H5,4,4,whole_stage,3,泸201H5|3-4,泸201H5|4|4,E:\压裂窜扰项目\02 规范化\泸201H5\泸201H5 邻井压力监测\泸201H5-4-4段压裂施工-1、2、3井压力监测.xls,导出数据,3井压力(MPa),1b283c018994f8c0e3dc8c2886a876498e1c34e6902db7aa63a2be56f961f10b,E:\压裂窜扰项目\02 规范化\泸201H5\泸201H5 压裂施工曲线\泸201H5-4-4 压裂施工曲线.xlsx,Log Data,absolute,0,1759995359.0,1760012505.0,285.76666666666665,1.0,0,0,0,1.0,1.0,53.41,pre_pump_10min,600.0,599.0,0.029652000000004633,-0.0043524287567429445,primary,合格,0.07000000000000028,53.41,0.09000000000000341,8.300000000000004,8.330000000000005,-0.01999999999999602,8.330000000000005,3.848209786539138,0.12000000000000455,15.5,False,0.05424005598973522,0.1,15.0,0.34153738481278434,227.83333333333334,104.25,True,8.610000000000007,266,0,True,primary,C2,0.8833364376423243,C2,0.813449679577654,False,0.49109706681902654,≥5 MPa
428702969b61f5,泸206H8,5,4,whole_stage,6,泸206H8|5-6,泸206H8|5|4,E:\压裂窜扰项目\02 规范化\泸206H8\泸206H8 邻井压力监测\泸206H8-5-4段压裂施工-1、2、3、4、6、7、8井秒点压力监测.xls,导出数据,6井套压(MPa),ad65d2192c784201a7710fcc95c85240042c4640adf47f61a3702e072dc30a97,E:\压裂窜扰项目\02 规范化\泸206H8\泸206H8 压裂施工曲线\泸206H8-5-4 压裂施工曲线.xlsx,秒点数据,absolute,0,1751961806.0,1751970729.0,148.71666666666667,1.0,0,0,0,1.0,6.0,39.29,pre_pump_10min,206.0,205.0,0.01482599999999705,-0.0031640395762336042,primary,合格,0.030000000000001137,39.29,0.07000000000000028,0.1600000000000037,0.1700000000000017,-0.00999999999999801,0.09000000000000341,0.09468564384175837,0.030000000000001137,32.5,False,0.21853636669281631,0.1,15.0,0.2862916807005726,0.0,0.0,False,,1260,0,True,primary,C1,0.09725489723345342,C1,0.972046235645429,False,0.9315732562299722,<1 MPa
42ac971a6544db,泸201H5,1,3,whole_stage,2,泸201H5|1-2,泸201H5|1|3,E:\压裂窜扰项目\02 规范化\泸201H5\泸201H5 邻井压力监测\泸201H5-1-3段压裂施工-2、3、4井压力监测.xls,导出数据,2井压力(MPa),f580cc626c8ea9dca3a7e376b61c65bada296e0c77bd88a603ea0e3de6ee091a,E:\压裂窜扰项目\02 规范化\泸201H5\泸201H5 压裂施工曲线\泸201H5-1-3 压裂施工曲线.xlsx,Log Data,absolute,0,1755845674.0,1755854891.0,153.61666666666667,1.0,0,0,0,1.0,1.0,55.1,pre_pump_10min,600.0,599.0,0.0296519999999941,-0.0021515559765413633,primary,合格,0.03999999999999915,55.08,0.10000000000000142,0.8500000000000014,0.8699999999999974,-0.020000000000003126,0.8599999999999994,0.3210589128783756,0.07000000000000028,48.0,False,0.31246609525876096,0.1,15.0,0.3136595421503743,0.0,0.0,True,0.8799999999999955,48,0,True,primary,C1,0.40824701327385104,C1,0.8687377091626403,False,0.8853558339734593,<1 MPa
430a4c9939cfc8,泸201H5,1,20,whole_stage,3,泸201H5|1-3,泸201H5|1|20,E:\压裂窜扰项目\02 规范化\泸201H5\泸201H5 邻井压力监测\泸201H5-1-20段压裂施工-2、3、4井压力监测.xls,导出数据,3井压力(MPa),4a04e9881e5125638d8dc0e9fcb760d915857c651a3156a2549b5744677b4c2d,E:\压裂窜扰项目\02 规范化\泸201H5\泸201H5 压裂施工曲线\泸201H5-1-20 压裂施工曲线.xlsx,Log Data,absolute,0,1758177590.0,1758186967.0,156.28333333333333,1.0,0,0,0,1.0,4.0,0.06,pre_pump_10min,590.0,589.0,0.014825999999999992,0.0002888541205475266,primary,合格,0.020000000000000004,0.06,0.04000000000000001,0.010000000000000009,0.010000000000000009,-0.03,-0.009999999999999995,0.0005625466567132393,0.020000000000000004,,True,1.0,0.1,15.0,0.5055472583742265,0.0,0.0,True,-0.009999999999999995,38,0,True,primary,C1,0.01511910881751824,C1,0.9957710872922089,False,0.9400390778838653,<1 MPa
434df72d5d967d,泸201H5,3,22,whole_stage,1,泸201H5|1-3,泸201H5|3|22,E:\压裂窜扰项目\02 规范化\泸201H5\泸201H5 邻井压力监测\泸201H5-3-22段压裂施工-1、2、4井压力监测.xls,导出数据,1井压力(MPa),ce4cd7142a5f735413ffbe1cb9d11329ff6f6a412613c388c18fdb2c19ce4bce,E:\压裂窜扰项目\02 规范化\泸201H5\泸201H5 压裂施工曲线\泸201H5-3-22 压裂施工曲线.xlsx,Log Data,absolute,0,1766476886.0,1766486090.0,153.4,1.0,0,0,0,1.0,1.0,40.59,pre_pump_10min,600.0,599.0,0.0,-0.0003073341870398378,primary,合格,0.020000000000003126,40.59,0.04999999999999716,0.0,0.00999999999999801,-0.1600000000000037,-0.11000000000000654,-0.0882187092568485,0.03999999999999915,,True,1.0,0.1,15.0,0.455019556714472,0.0,0.0,True,-0.14000000000000057,174,0,True,primary,C1,0.10348150702974532,C1,0.9717718350590696,False,0.9329303118927029,<1 MPa
4567bb54752d71,泸203H64,3,7,whole_stage,2,泸203H64|2-3,泸203H64|3|7,E:\压裂窜扰项目\02 规范化\泸203H64\泸203H64 邻井压力监测\泸203H64-3-7段压裂施工-1、2、4、5井秒点压力监测.xls,导出数据,2#套压(MPa),078c2a129461bd54685244bc41b4aa072351f8fade1b729599cf3dae5ac87c94,E:\压裂窜扰项目\02 规范化\泸203H64\泸203H64 压裂施工曲线\泸203H64-3-7 压裂施工曲线.csv,text,named_stage_clock_only,-1671926400,52481.0,60454.0,132.88333333333333,1.0,0,0,0,1.0,1.0,48.495,pre_pump_10min,281.0,280.0,0.01927380000000775,0.0078991552098999,primary,合格,0.0589999999999975,48.495,0.045999999999999375,0.03900000000000148,0.03900000000000148,-0.26899999999999835,-0.22999999999999687,-0.08694525272795389,0.10499999999999687,,True,1.0,0.1,15.0,0.3457920481625486,0.0,0.0,False,,404,0,True,primary,C1,0.12098684979598805,C1,0.9671803273833296,False,0.9297029802565993,<1 MPa
45b16a2535db83,泸201H5,4,24,whole_stage,2,泸201H5|2-4,泸201H5|4|24,E:\压裂窜扰项目\02 规范化\泸201H5\泸201H5 邻井压力监测\泸201H5-4-24段压裂施工-1、2、3井压力监测.xls,导出数据,2井压力(MPa),438e6bed76b97396c2c4141f72b039461bc678771924c5d5600d25f984cfc26b,E:\压裂窜扰项目\02 规范化\泸201H5\泸201H5 压裂施工曲线\泸201H5-4-24 压裂施工曲线.xlsx,Log Data,absolute,0,1765717341.0,1765727366.0,167.08333333333334,1.0,0,0,0,1.0,1.0,29.3,pre_pump_10min,600.0,599.0,0.01482599999999705,8.520023667057258e-05,primary,合格,0.030000000000001137,29.31,0.060000000000002274,0.00999999999999801,0.00999999999999801,-0.07000000000000028,-0.060000000000002274,-0.02783940149625961,0.030000000000001137,,True,1.0,0.1,15.0,0.2953615960099751,0.0,0.0,True,-0.060000000000002274,247,0,True,primary,C1,0.03585477326161334,C1,0.9900436432694737,False,0.9395638457522462,<1 MPa
477b7661fece8d,泸206H8,4,2,whole_stage,8,泸206H8|4-8,泸206H8|4|2,E:\压裂窜扰项目\02 规范化\泸206H8\泸206H8 邻井压力监测\泸206H8-4-2段压裂施工-1、2、3、5、6、7、8井秒点压力监测.xls,导出数据,8井套压(MPa),894b34bc0681b2c15e1edbc46e23f9a722a1337ae87d03deae95fd1831539ce1,E:\压裂窜扰项目\02 规范化\泸206H8\泸206H8 压裂施工曲线\泸206H8-4-2 压裂施工曲线.xlsx,秒点数据,absolute,0,1752066609.0,1752076477.0,164.46666666666667,1.0,0,0,0,1.0,7.0,33.06,pre_pump_10min,309.0,308.0,0.014826000000007585,-0.011585082627983193,primary,合格,0.0799999999999983,33.0,0.04999999999999716,0.7999999999999972,0.8099999999999952,-0.37000000000000455,0.259999999999998,0.18788406972030589,0.13000000000000256,21.75,False,0.13224564248074586,0.1,15.0,0.40448184952342325,0.0,0.0,False,,1126,0,True,primary,C1,0.36563463327640716,C1,0.889379764641598,False,0.8895936150259857,<1 MPa
487571acd8c820,阳101H51,3,2,whole_stage,1,阳101H51|1-3,阳101H51|3|2,E:\压裂窜扰项目\02 规范化\阳101H51\阳101H51 邻井压力监测\阳101H51-3-2段压裂施工-1、2井套压压力监测.xlsx,阳101H51-3井第2段压裂期间1井、2井邻井压力,1井井口套压,628d1e0eb0b3bf677942687e2df83f64e600d8eca7fc8a5fb8d4432f6b44aab1,E:\压裂窜扰项目\02 规范化\阳101H51\阳101H51 压裂施工曲线\阳101H51-3-2 压裂施工曲线（秒点）-2.xlsx,秒点数据,absolute,0,1777359486.0,1777376316.0,280.5,1.0,0,0,0,1.0,1.0,53.72,pre_pump_10min,186.0,185.0,0.0,-0.004233503816038371,primary,合格,0.00999999999999801,53.71,0.03999999999999915,3.980000000000004,3.980000000000004,-0.07000000000000028,3.980000000000004,2.179511586452764,0.07000000000000028,44.0,False,0.1568627450980392,0.1,15.0,0.7016636957813428,211.25,0.0,True,4.1200000000000045,2446,0,True,primary,C2,1.1247694634261325,C2,0.5603322814834386,False,-0.02234080209912455,1–5 MPa
490c0f5a7c321c,泸201H5,4,25,whole_stage,3,泸201H5|3-4,泸201H5|4|25,E:\压裂窜扰项目\02 规范化\泸201H5\泸201H5 邻井压力监测\泸201H5-4-25段压裂施工-1、2、3井压力监测.xls,导出数据,3井压力(MPa),4c6f83fd5706fffef7e81c2469979886e6f24e19de3fc0429c9d500666ef1ee3,E:\压裂窜扰项目\02 规范化\泸201H5\泸201H5 压裂施工曲线\泸201H5-4-25 压裂施工曲线.xlsx,Log Data,absolute,0,1766058529.0,1766069500.0,182.85,1.0,0,0,0,1.0,1.0,47.94,pre_pump_10min,600.0,599.0,0.0296519999999941,-0.0028222411728896567,primary,合格,0.060000000000002274,47.91,0.0899999999999963,5.289999999999999,5.340000000000003,-0.0799999999999983,5.32,2.4880184121775613,0.11999999999999744,12.5,False,0.06836204539239814,0.1,15.0,0.3739859629933461,136.16666666666666,11.333333333333334,True,5.789999999999999,251,0,True,primary,C2,0.5366658420393114,C2,0.8191102950806195,False,0.2255232568665762,≥5 MPa
495bdb340cad2d,泸201H5,4,27,whole_stage,1,泸201H5|1-4,泸201H5|4|27,E:\压裂窜扰项目\02 规范化\泸201H5\泸201H5 邻井压力监测\泸201H5-4-27段压裂施工-1、2、3井压力监测.xls,导出数据,1井压力(MPa),3b4b255bb77e13973cdc7753f75865c9500f14b664ddfbec7217a35c24210f96,E:\压裂窜扰项目\02 规范化\泸201H5\泸201H5 压裂施工曲线\泸201H5-4-27 压裂施工曲线.xlsx,Log Data,absolute,0,1766303556.0,1766313474.0,165.3,1.0,0,0,0,1.0,1.0,41.3,pre_pump_10min,600.0,599.0,0.014826000000007585,-0.002244106233624579,primary,合格,0.020000000000003126,41.29,0.03999999999999915,0.010000000000005116,0.010000000000005116,-0.09999999999999432,-0.0799999999999983,-0.051232607380517915,0.020000000000003126,,True,1.0,0.1,15.0,0.4523089332526719,0.0,0.0,True,-0.09999999999999432,255,0,True,primary,C1,0.059614377352028895,C1,0.9835486036652842,False,0.9376173082320476,<1 MPa
4a0acc23c807a4,泸201H5,2,17,whole_stage,3,泸201H5|2-3,泸201H5|2|17,E:\压裂窜扰项目\02 规范化\泸201H5\泸201H5 邻井压力监测\泸201H5-2-17段压裂施工-1、3、4井压力监测.xls,导出数据,3井压力(MPa),3d7915b49732c1eeb3bea488b6185441d9d593507a7b89af78e4cebe025bb7ff,E:\压裂窜扰项目\02 规范化\泸201H5\泸201H5 压裂施工曲线\泸201H5-2-17 压裂施工曲线.xlsx,Log Data,absolute,0,1757660990.0,1757671570.0,176.33333333333334,1.0,0,0,0,1.0,1.0,0.1,pre_pump_10min,590.0,589.0,0.0,0.00016047451141529447,primary,合格,0.020000000000000004,0.1,0.04000000000000001,0.009999999999999995,0.01999999999999999,-0.03,0.009999999999999995,0.0018482986767485781,0.020000000000000004,,True,1.0,0.1,15.0,0.4775992438563327,0.0,0.0,True,0.009999999999999995,92,0,True,primary,C1,0.012559906224547286,C1,0.9964789810474968,False,0.9403281180035511,<1 MPa
4a8098992f4a6c,泸201H5,4,20,whole_stage,3,泸201H5|3-4,泸201H5|4|20,E:\压裂窜扰项目\02 规范化\泸201H5\泸201H5 邻井压力监测\泸201H5-4-20段压裂施工-1、2、3井压力监测.xls,导出数据,3井压力(MPa),00374643e8a41bd906dc3e451cdd4caff6bdecc53d85d428c2e055985780f70d,E:\压裂窜扰项目\02 规范化\泸201H5\泸201H5 压裂施工曲线\泸201H5-4-20 压裂施工曲线.xlsx,Log Data,absolute,0,1762427785.0,1762454064.0,437.98333333333335,1.0,0,0,0,1.0,1.0,52.95,pre_pump_10min,600.0,599.0,0.014826000000007585,-0.002763141008724434,primary,合格,0.04999999999999716,52.96,0.10000000000000142,4.649999999999999,4.659999999999997,-0.04000000000000625,3.1099999999999994,2.9732879866052717,0.14000000000000057,20.666666666666668,False,0.047185965980440656,0.1,15.0,0.4128772023288557,370.25,0.0,True,3.239999999999995,242,0,True,primary,C2,1.6903785564141052,C2,0.48456206334698576,False,0.08677381241043404,1–5 MPa
4a8ed0f1c55ae9,泸201H5,2,7,whole_stage,3,泸201H5|2-3,泸201H5|2|7,E:\压裂窜扰项目\02 规范化\泸201H5\泸201H5 邻井压力监测\泸201H5-2-7段压裂施工-1、3、4井压力监测.xls,导出数据,3井压力(MPa),27591c2aa85746363e8f5eb467a3b84ed81aa11d90c796dc1e69391ac79f2c61,E:\压裂窜扰项目\02 规范化\泸201H5\泸201H5 压裂施工曲线\泸201H5-2-7 压裂施工曲线.xlsx,Log Data,absolute,0,1756626795.0,1756636197.0,156.7,1.0,0,0,0,1.0,1.0,0.03,pre_pump_10min,600.0,599.0,0.0,-0.00021890060805724456,primary,合格,0.009999999999999998,0.03,0.04,0.020000000000000004,0.020000000000000004,-0.019999999999999997,0.010000000000000002,0.0018990640289300157,0.020000000000000004,,True,1.0,0.1,15.0,0.5520102105934908,0.0,0.0,True,0.03,131,0,True,primary,C1,0.011737701333026738,C1,0.9967084531131707,False,0.9404121148449001,<1 MPa
4a951ea97485f2,泸203H64,4,11,whole_stage,5,泸203H64|4-5,泸203H64|4|11,E:\压裂窜扰项目\02 规范化\泸203H64\泸203H64 邻井压力监测\泸203H64-4-11段压裂施工-1、2、3、5井秒点压力监测.xls,导出数据,5#套压(MPa),8f745b15d88a493d2385a3b8e7ae03eb65408441ef699ac27e1a6e781c2e39c2,E:\压裂窜扰项目\02 规范化\泸203H64\泸203H64 压裂施工曲线\泸203H64-4-11 压裂施工曲线.csv,text,named_stage_clock_only,-1671494400,52413.0,62266.0,164.21666666666667,1.0,0,0,0,1.0,1.0,46.509,pre_pump_10min,213.0,212.0,0.010378199999996882,-0.004132738593435295,primary,合格,0.034000000000006025,46.509,1.193000000000005,1.1120000000000019,1.1259999999999977,-0.006999999999997897,1.1049999999999969,0.45099106871003697,0.7980000000000018,10.666666666666666,False,0.0649548360905308,0.1,15.0,0.24287019181975034,9.083333333333334,0.0,False,,423,0,True,primary,C1,0.5347217639397426,C1,0.8209901773353097,False,0.8600129784177897,1–5 MPa
4ab3d4ff8046e0,泸201H5,4,13,whole_stage,2,泸201H5|2-4,泸201H5|4|13,E:\压裂窜扰项目\02 规范化\泸201H5\泸201H5 邻井压力监测\泸201H5-4-13段压裂施工-1、2、3井压力监测.xls,导出数据,2井压力(MPa),2c6524a5d94d7a3b16115c0467bb16ac7ea11a8a1fd0b44f78283d9b08beb4ee,E:\压裂窜扰项目\02 规范化\泸201H5\泸201H5 压裂施工曲线\泸201H5-4-13 压裂施工曲线.xlsx,Log Data,absolute,0,1761312978.0,1761320699.0,128.68333333333334,1.0,0,0,0,1.0,1.0,49.35,pre_pump_10min,600.0,599.0,0.0,5.755015986874233e-05,primary,合格,0.00999999999999801,49.35,0.00999999999999801,0.00999999999999801,0.00999999999999801,-0.00999999999999801,0.0,0.00029659370547850596,0.00999999999999801,,True,1.0,0.1,15.0,0.8829167206320425,0.0,0.0,True,0.0,217,0,True,primary,C1,0.014556279585543496,C1,0.9959232983552416,False,0.9401583579051116,<1 MPa
4ac74cb44752c8,泸203H64,3,10,whole_stage,2,泸203H64|2-3,泸203H64|3|10,E:\压裂窜扰项目\02 规范化\泸203H64\泸203H64 邻井压力监测\泸203H64-3-10段压裂施工-1、2、4、5井秒点压力监测.xls,导出数据,2#套压(MPa),e8cbba743ae05e675bcef4399e0d92d19f07ac1b4bac9de49f0e79a9710ea77f,E:\压裂窜扰项目\02 规范化\泸203H64\泸203H64 压裂施工曲线\泸203H64-3-10 压裂施工曲线.csv,text,named_stage_clock_only,-1672185600,45800.0,59822.0,233.7,1.0,0,0,0,1.0,1.0,53.438,pre_pump_10min,200.0,199.0,0.028169400000008088,0.018594599865007624,primary,合格,0.045999999999999375,53.465,1.5889999999999986,13.320999999999998,13.399999999999991,-0.16400000000000148,13.340999999999994,1.079831800028524,12.106000000000002,173.83333333333334,False,0.7438311225217517,0.1,15.0,0.3295535586934817,19.5,19.083333333333332,False,,358,0,True,primary,C2,3.4827763595765306,C2,0.07797248993480167,True,-0.16687947080374005,≥5 MPa
4b7b554a25e1ba,泸201H5,1,10,whole_stage,2,泸201H5|1-2,泸201H5|1|10,E:\压裂窜扰项目\02 规范化\泸201H5\泸201H5 邻井压力监测\泸201H5-1-10段压裂施工-2、3、4井压力监测.xls,导出数据,2井压力(MPa),e488ef6c93b3d7a20be035725ef3a802d2985dd332c7b605aa2cdf084d329f9e,E:\压裂窜扰项目\02 规范化\泸201H5\泸201H5 压裂施工曲线\泸201H5-1-10 压裂施工曲线.xlsx,Log Data,absolute,0,1757055589.0,1757065273.0,161.4,1.0,0,0,0,1.0,1.0,61.12,pre_pump_10min,600.0,599.0,0.04447799999999115,-0.001569054358478348,primary,合格,0.0899999999999963,61.09,0.10000000000000142,0.7000000000000028,0.740000000000002,-0.0899999999999963,0.740000000000002,0.17377891367203926,0.10999999999999943,92.0,False,0.5700123915737298,0.13343399999997346,15.0,0.30576208178438663,0.0,0.0,True,0.7899999999999991,10,0,True,primary,C1,0.27440233015415355,C1,0.9157285287544839,False,0.9089236504783381,<1 MPa
4cf667c5f237d1,泸201H5,2,22,whole_stage,1,泸201H5|1-2,泸201H5|2|22,E:\压裂窜扰项目\02 规范化\泸201H5\泸201H5 邻井压力监测\泸201H5-2-22段压裂施工-1、3、4井压力监测.xls,导出数据,1井压力(MPa),1a181056e0fb7eeeaa6d8bd51be16c25826c6c56046c51f6b9809840dde71bbb,E:\压裂窜扰项目\02 规范化\泸201H5\泸201H5 压裂施工曲线\泸201H5-2-22 压裂施工曲线.xlsx,Log Data,absolute,0,1758351944.0,1758360859.0,148.58333333333334,1.0,0,0,0,1.0,1.0,59.14,pre_pump_10min,600.0,599.0,0.0296519999999941,-0.0034892930258070727,primary,合格,0.05999999999999517,59.1,0.07000000000000028,0.0799999999999983,0.0899999999999963,-0.09000000000000341,0.04999999999999716,-0.000922041503084899,0.0800000000000054,,True,1.0,0.1,15.0,0.3731912507010656,0.0,0.0,True,0.0799999999999983,105,0,True,primary,C1,0.025061419380088747,C1,0.9929285651704024,False,0.9392323212813583,<1 MPa
4d0c7d76a1fb5d,泸201H5,3,2,whole_stage,4,泸201H5|3-4,泸201H5|3|2,E:\压裂窜扰项目\02 规范化\泸201H5\泸201H5 邻井压力监测\泸201H5-3-2段压裂施工-1、2、4井压力监测.xls,导出数据,4井压力(MPa),883cebda1cfe3cbdfb1ee9044944908bcf7996fc7a23272d8ab86a9948f317d9,E:\压裂窜扰项目\02 规范化\泸201H5\泸201H5 压裂施工曲线\泸201H5-3-2 压裂施工曲线.xlsx,Log Data,absolute,0,1759129981.0,1759139700.0,161.98333333333332,1.0,0,0,0,1.0,1.0,22.15,pre_pump_10min,600.0,599.0,0.01482599999999705,-0.0002051339031477045,primary,合格,0.030000000000001137,22.15,0.05000000000000071,0.10000000000000142,0.11000000000000298,-0.00999999999999801,0.10000000000000142,0.04022636073670314,0.020000000000003126,159.16666666666666,False,0.9826113797715814,0.1,15.0,0.30918818808519394,0.0,0.0,True,0.13000000000000256,184,0,True,primary,C1,0.04067265326028193,C1,0.9884453962223796,False,0.9378261150138897,<1 MPa
4d783fff405810,泸201H5,2,19,whole_stage,4,泸201H5|2-4,泸201H5|2|19,E:\压裂窜扰项目\02 规范化\泸201H5\泸201H5 邻井压力监测\泸201H5-2-19段压裂施工-1、3、4井压力监测.xls,导出数据,4井压力(MPa),d8200af71eab62744f7a2fc93748ee4ad2a8188abfaf59990bbaf003e5d1adce,E:\压裂窜扰项目\02 规范化\泸201H5\泸201H5 压裂施工曲线\泸201H5-2-19 压裂施工曲线.xlsx,Log Data,absolute,0,1757863596.0,1757872843.0,154.11666666666667,1.0,0,0,0,1.0,1.0,22.66,pre_pump_10min,600.0,599.0,0.014826000000002316,-0.00019206720018555065,primary,合格,0.030000000000001137,22.66,0.05999999999999872,0.0,0.019999999999999574,-0.10000000000000142,-0.08999999999999986,-0.04473667135287126,0.030000000000001137,,True,1.0,0.1,15.0,0.35665621282578136,0.0,0.0,True,-0.10999999999999943,97,0,True,primary,C1,0.05767174203476951,C1,0.98408573561811,False,0.9377391946242543,<1 MPa
4e8bce0178b2dd,阳101H51,3,2,whole_stage,2,阳101H51|2-3,阳101H51|3|2,E:\压裂窜扰项目\02 规范化\阳101H51\阳101H51 邻井压力监测\阳101H51-3-2段压裂施工-1、2井套压压力监测.xlsx,阳101H51-3井第2段压裂期间1井、2井邻井压力,2井井口套压,628d1e0eb0b3bf677942687e2df83f64e600d8eca7fc8a5fb8d4432f6b44aab1,E:\压裂窜扰项目\02 规范化\阳101H51\阳101H51 压裂施工曲线\阳101H51-3-2 压裂施工曲线（秒点）-2.xlsx,秒点数据,absolute,0,1777359486.0,1777376316.0,280.5,1.0,0,0,0,1.0,1.0,53.45,pre_pump_10min,186.0,185.0,0.01482599999999705,-0.008385884590804048,primary,合格,0.020000000000003126,53.44,0.030000000000001137,6.769999999999996,6.789999999999999,-0.020000000000003126,6.789999999999999,4.485562091503265,0.21999999999999886,22.666666666666668,False,0.08080808080808081,0.1,15.0,0.6378490790255497,241.75,76.25,True,7.019999999999996,2447,0,True,primary,C2,2.1297530286714834,C2,0.5673484322490795,False,0.3635383457852788,≥5 MPa
4ec72b5a9b2020,泸201H5,3,5,whole_stage,4,泸201H5|3-4,泸201H5|3|5,E:\压裂窜扰项目\02 规范化\泸201H5\泸201H5 邻井压力监测\泸201H5-3-5段压裂施工-1、2、4井压力监测.xls,导出数据,4井压力(MPa),1511685a783b5fe0280ebad95ff8910cc348479ee5b329788e60ad3ccb554710,E:\压裂窜扰项目\02 规范化\泸201H5\泸201H5 压裂施工曲线\泸201H5-3-5 压裂施工曲线.xlsx,Log Data,absolute,0,1759304599.0,1759314459.0,164.33333333333334,1.0,0,0,0,1.0,1.0,39.15,pre_pump_10min,600.0,599.0,0.01482599999999705,-0.003945327625907002,primary,合格,0.03999999999999915,39.14,0.07000000000000028,-0.00999999999999801,0.0,-0.28000000000000114,-0.18999999999999773,-0.1921110547667326,0.030000000000001137,,True,1.0,0.1,15.0,0.2953346855983773,0.0,0.0,True,-0.12999999999999545,193,0,True,primary,C1,0.2092311293471612,C1,0.9442923326161715,False,0.9172904109198357,<1 MPa
4ee6b3c828d02b,泸203H11,2,7,whole_stage,3,泸203H11|2-3,泸203H11|2|7,E:\压裂窜扰项目\02 规范化\泸203H11\泸203H11 邻井压力监测\泸203H11-2-7段压裂施工-3井套压压力监测.xls,Sheet1,3井套压,a652d13ebeb4d9b174f555fe85c971227eeb522ed27abe4ca809ca14592c0d0c,E:\压裂窜扰项目\02 规范化\泸203H11\泸203H11 压裂施工曲线\泸203H11-2-7 压裂施工曲线.xlsx,LogData(s),named_stage_clock_only,-1713139200,43298.0,55842.0,209.06666666666666,1.0,0,0,0,1.0,1.0,53.91,pre_pump_10min,398.0,397.0,0.01482599999999705,-0.0010160268968559844,primary,合格,0.07000000000000028,53.91,0.36999999999999744,6.790000000000006,6.82,0.0,6.800000000000004,3.3598218271683704,0.25,2.1666666666666665,False,0.010363520408163265,0.1,15.0,0.3989158163265306,196.41666666666666,34.083333333333336,False,,310,0,True,primary,C2,1.1849774388461496,C2,0.689008159967318,False,0.307011803566017,≥5 MPa
4f6c5ec45514e2,泸201H5,1,4,whole_stage,4,泸201H5|1-4,泸201H5|1|4,E:\压裂窜扰项目\02 规范化\泸201H5\泸201H5 邻井压力监测\泸201H5-1-4段压裂施工-2、3、4井压力监测.xls,导出数据,4井压力(MPa),8a03945a1e02e348e0dc1806873d19ce3e2322760c9d4ad50c8c0430b22dff46,E:\压裂窜扰项目\02 规范化\泸201H5\泸201H5 压裂施工曲线\泸201H5-1-4 压裂施工曲线.xlsx,Log Data,absolute,0,1756029332.0,1756038780.0,157.46666666666667,1.0,0,0,0,1.0,1.0,39.15,pre_pump_10min,600.0,599.0,0.0,0.00032938424829140843,primary,合格,0.02999999999999403,39.15,0.04000000000000625,0.030000000000001137,0.030000000000001137,-0.01999999999999602,0.030000000000001137,0.006752222692633543,0.020000000000003126,,True,1.0,0.1,15.0,0.44760795935647757,0.0,0.0,True,0.030000000000001137,51,0,True,primary,C1,0.012032865427348596,C1,0.9966186281792562,False,0.9401297826142051,<1 MPa
4fc1b4c6c982dc,阳101H33,2,7,whole_stage,1,阳101H33|1-2,阳101H33|2|7,E:\压裂窜扰项目\02 规范化\阳101H33\阳101H33 邻井压力监测\阳101H33-2-7段压裂施工-1井压力监测.xlsx,2-7-1,无表头_文件名井号,0c7d2119be7e4f04b3671c9d4e0eab4d2024f28feb80c5bc69e7d9e32f17c9fa,E:\压裂窜扰项目\02 规范化\阳101H33\阳101H33 压裂施工曲线\阳101H33-2-7 压裂施工曲线.xls,text,absolute,0,1727362982.0,1727373717.0,178.91666666666666,1.0,0,0,0,1.0,1.0,55.643,pre_pump_10min,182.0,181.0,0.010378199999996882,-0.005391413224035505,primary,合格,0.03899999999999437,55.643,0.04600000000000648,2.296999999999997,2.317,-0.0519999999999996,2.296999999999997,0.8357047973917088,0.07200000000000273,45.25,False,0.2529110386585934,0.1,15.0,0.26595249184909175,54.333333333333336,0.0,True,2.4879999999999995,2079,0,True,primary,C1,1.076229987142432,C1,0.5488184322846663,False,0.7176462472078524,1–5 MPa
505918d3f01932,泸201H5,2,14,whole_stage,3,泸201H5|2-3,泸201H5|2|14,E:\压裂窜扰项目\02 规范化\泸201H5\泸201H5 邻井压力监测\泸201H5-2-14段压裂施工-1、3、4井压力监测.xls,导出数据,3井压力(MPa),f34a8eba83ce248575ac1c6e0cac73c0f2c5e782e1d346bda27dd60a04f5634b,E:\压裂窜扰项目\02 规范化\泸201H5\泸201H5 压裂施工曲线\泸201H5-2-14 压裂施工曲线.xlsx,Log Data,absolute,0,1757487701.0,1757497022.0,155.35,1.0,0,0,0,1.0,1.0,0.09,pre_pump_10min,600.0,599.0,0.0,0.00029891749699305717,primary,合格,0.020000000000000004,0.09,0.04000000000000001,0.020000000000000004,0.020000000000000004,-0.01999999999999999,0.020000000000000004,0.004270464542431073,0.020000000000000004,,True,1.0,0.1,15.0,0.49340199549404573,0.0,0.0,True,0.0,83,0,True,primary,C1,0.009629666966875214,C1,0.9972982297895997,False,0.9402986785651202,<1 MPa
516e828b2a9269,泸201H5,3,20,whole_stage,1,泸201H5|1-3,泸201H5|3|20,E:\压裂窜扰项目\02 规范化\泸201H5\泸201H5 邻井压力监测\泸201H5-3-20段压裂施工-1、2、4井压力监测.xls,导出数据,1井压力(MPa),3df00fc52b54986dac7388626006f832e96e6591d4494da8822237570633ba28,E:\压裂窜扰项目\02 规范化\泸201H5\泸201H5 压裂施工曲线\泸201H5-3-20 压裂施工曲线.xlsx,Log Data,absolute,0,1766327941.0,1766337132.0,153.18333333333334,1.0,0,0,0,1.0,1.0,41.19,pre_pump_10min,600.0,599.0,0.01482599999999705,-0.0004562846007885226,primary,合格,0.020000000000003126,41.19,0.03999999999999915,0.0,0.010000000000005116,-0.0799999999999983,-0.05999999999999517,-0.03568654118158892,0.020000000000003126,,True,1.0,0.1,15.0,0.46034163855946036,0.0,0.0,True,-0.05999999999999517,168,0,True,primary,C1,0.046773692511157546,C1,0.987053159172262,False,0.938723523646315,<1 MPa
525a4c633a7412,阳101H51,3,6,whole_stage,2,阳101H51|2-3,阳101H51|3|6,E:\压裂窜扰项目\02 规范化\阳101H51\阳101H51 邻井压力监测\阳101H51-3-6段压裂施工-1、2井秒点压力监测.xlsx,阳101H51-3井6段压裂期间1井、2井秒点数据（2026.,2井套压,06e525520ade862c1b94f52bcc09c52d6d31048ef943d5cb35d7acffd4d67251,E:\压裂窜扰项目\02 规范化\阳101H51\阳101H51 压裂施工曲线\阳101H51-3-6 压裂施工曲线（秒点）.xlsx,秒点数据,absolute,0,1778830458.0,1778839368.0,148.5,1.0,0,0,0,1.0,1.0,53.33,pre_pump_10min,199.0,198.0,0.0,-0.0026578346276997233,primary,合格,0.020000000000003126,53.33,0.020000000000003126,2.0,2.0,-0.00999999999999801,2.0,0.746400673400675,0.030000000000001137,37.75,False,0.2542087542087542,0.1,15.0,0.6501683501683502,54.666666666666664,0.0,False,,2455,0,True,primary,C1,0.982189012465084,C1,0.6044106678334251,False,0.7487767539789787,1–5 MPa
52f9f7ba154143,泸201H5,3,23,whole_stage,2,泸201H5|2-3,泸201H5|3|23,E:\压裂窜扰项目\02 规范化\泸201H5\泸201H5 邻井压力监测\泸201H5-3-23段压裂施工-1、2、4井压力监测.xls,导出数据,2井压力(MPa),706e287f93e9af019706c0283134adc04b23283add5ec8dc64be66260b5d23a4,E:\压裂窜扰项目\02 规范化\泸201H5\泸201H5 压裂施工曲线\泸201H5-3-23 压裂施工曲线.xlsx,Log Data,absolute,0,1767536443.0,1767548396.0,199.21666666666667,1.0,0,0,0,1.0,1.0,23.27,pre_pump_10min,600.0,599.0,0.01482599999999705,1.2500034723121162e-05,primary,合格,0.019999999999999574,23.27,0.060000000000002274,0.010000000000001563,0.019999999999999574,-0.16000000000000014,-0.129999999999999,-0.051446080481887015,0.05000000000000071,,True,1.0,0.1,15.0,0.30770517861624697,0.0,0.0,True,-0.129999999999999,179,0,True,primary,C1,0.06538280323242267,C1,0.9819936887089543,False,0.9368768898491521,<1 MPa
530a361d3d51e1,泸201H5,1,10,whole_stage,4,泸201H5|1-4,泸201H5|1|10,E:\压裂窜扰项目\02 规范化\泸201H5\泸201H5 邻井压力监测\泸201H5-1-10段压裂施工-2、3、4井压力监测.xls,导出数据,4井压力(MPa),e488ef6c93b3d7a20be035725ef3a802d2985dd332c7b605aa2cdf084d329f9e,E:\压裂窜扰项目\02 规范化\泸201H5\泸201H5 压裂施工曲线\泸201H5-1-10 压裂施工曲线.xlsx,Log Data,absolute,0,1757055589.0,1757065273.0,161.4,1.0,0,0,0,1.0,1.0,27.53,pre_pump_10min,600.0,599.0,0.01482599999999705,-0.00098180272722946,primary,合格,0.030000000000001137,27.53,0.07000000000000028,0.0,0.0,-0.14000000000000057,-0.13000000000000256,-0.0712226352746812,0.020000000000003126,,True,1.0,0.1,15.0,0.3503717472118959,0.0,0.0,True,-0.14000000000000057,9,0,True,primary,C1,0.08413483022660033,C1,0.9769496565936269,False,0.9350549439281673,<1 MPa
5313709d77d11a,泸203H76,3,11,whole_stage,2,泸203H76|2-3,泸203H76|3|11,E:\压裂窜扰项目\02 规范化\泸203H76\泸203H76 邻井压力监测\泸203H76平台-3井-11段压裂施工-1、2、4井秒点压力监测.xlsx,Sheet1,2井,36790e3359bfeb4246458db1a0270899a36b5516a1be44ddab7c4785d51c5a05,E:\压裂窜扰项目\02 规范化\泸203H76\泸203H76 压裂施工曲线\泸203H76-3-11 压裂施工曲线（秒点）.xlsx,Sheet1,named_stage_clock_only,-1679097600,46415.0,53794.0,122.98333333333333,1.0,0,0,0,1.0,1.0,53.0723,pre_pump_10min,515.0,514.0,0.015567300000000589,-0.00282734067030804,primary,合格,0.021000000000000796,53.0618,0.04200000000000159,6.363599999999998,6.395200000000003,-0.031500000000001194,6.395200000000003,2.7180447689388822,0.1051000000000002,12.25,False,0.09960699281745494,0.1,15.0,0.891177666350454,86.08333333333333,26.166666666666668,True,6.731200000000001,824,0,True,primary,C2,0.08247644365573152,C2,0.9759813486376031,False,0.36461717067544896,≥5 MPa
53655a34c6b071,泸201H5,4,9,whole_stage,3,泸201H5|3-4,泸201H5|4|9,E:\压裂窜扰项目\02 规范化\泸201H5\泸201H5 邻井压力监测\泸201H5-4-9段压裂施工-1、2、3井压力监测.xls,导出数据,3井压力(MPa),21a5c314968926abc603adc5cce57ab86915b2ba04aa4f824cf6636b84551587,E:\压裂窜扰项目\02 规范化\泸201H5\泸201H5 压裂施工曲线\泸201H5-4-9 压裂施工曲线.xlsx,Log Data,absolute,0,1760860247.0,1760870307.0,167.66666666666666,1.0,0,0,0,1.0,1.0,51.46,pre_pump_10min,600.0,599.0,0.0296519999999941,0.008596407212244406,primary,合格,0.0899999999999963,51.46,0.09000000000000341,3.509999999999998,3.519999999999996,-0.10999999999999943,3.509999999999998,1.187825546719681,0.09999999999999432,33.083333333333336,False,0.1973161033797217,0.1,15.0,0.30268389662027834,77.16666666666667,0.0,True,3.8100000000000023,281,0,True,primary,C1,1.6281273996890067,C1,0.07699567205110648,True,0.5005404425193052,1–5 MPa
536753be0bc67b,泸201H5,3,8,whole_stage,2,泸201H5|2-3,泸201H5|3|8,E:\压裂窜扰项目\02 规范化\泸201H5\泸201H5 邻井压力监测\泸201H5-3-8段压裂施工-1、2、4井压力监测.xls,导出数据,2井压力(MPa),141f56b7e3acb82b03bb53b961664926d73359be51edf6b13ba218f0537c5831,E:\压裂窜扰项目\02 规范化\泸201H5\泸201H5 压裂施工曲线\泸201H5-3-8 压裂施工曲线.xlsx,Log Data,absolute,0,1759563882.0,1759578575.0,244.88333333333333,1.0,0,0,0,1.0,1.0,55.6,pre_pump_10min,600.0,599.0,0.01482599999999705,1.3266703525585099e-05,primary,合格,0.03999999999999915,55.6,0.0800000000000054,0.00999999999999801,0.030000000000001137,-0.030000000000001137,0.0,-0.005871503437010472,0.030000000000001137,,True,1.0,0.1,15.0,0.21711018852514802,0.0,0.0,True,0.0,203,0,True,primary,C1,0.011633073548029631,C1,0.9967419482370796,False,0.9406095098805155,<1 MPa
5420adb472639e,泸206H8,5,7,whole_stage,7,泸206H8|5-7,泸206H8|5|7,E:\压裂窜扰项目\02 规范化\泸206H8\泸206H8 邻井压力监测\泸206H8-5-7段压裂施工-1、2、3、4、6、7、8井秒点压力监测.xls,导出数据,7井套压(MPa),3c8ee6faa4bd6f4950e6f7823dfa58bb3dd47622cc4d18c00a7961ae184317fd,E:\压裂窜扰项目\02 规范化\泸206H8\泸206H8 压裂施工曲线\泸206H8-5-7 压裂施工曲线.xlsx,秒点数据,absolute,0,1752306389.0,1752314953.0,142.73333333333332,1.0,0,0,0,1.0,1.0,36.15,pre_pump_10min,269.0,268.0,0.10378200000000042,-0.07816715678114718,primary,合格,0.2820000000000036,36.08,0.04999999999999716,0.46999999999999886,0.480000000000004,-0.0799999999999983,0.1600000000000037,0.2428205277907533,0.05000000000000426,45.083333333333336,False,0.31585707613264835,0.31134600000000123,15.0,0.3775105091078935,0.0,0.0,False,,1294,0,True,primary,C1,0.2676567453459524,C1,0.9202263743704507,False,0.9054822007030783,<1 MPa
5574ddcbdbb673,阳101H43,3,21,whole_stage,4,阳101H43|3-4,阳101H43|3|21,E:\压裂窜扰项目\02 规范化\阳101H43\阳101H43 邻井压力监测\阳101H43-2及-4井压力上涨秒点数据.xls,导出数据,4井套压(MPa),d055c1af66b0d7e78f53e65bf64a0d308e78ee981c425a88095728043e31e820,E:\压裂窜扰项目\02 规范化\阳101H43\阳101H43 压裂施工曲线\阳101H43-3-21 压裂施工曲线（分点）.csv,text,absolute,0,1736670586.0,1736682680.0,201.56666666666666,1.0,0,0,0,1.0,1.0,36.67,pre_pump_10min,226.0,225.0,0.0296519999999941,0.011915013059922243,primary,合格,0.060000000000002274,36.69,0.10999999999999943,5.809999999999995,5.850000000000001,0.00999999999999801,5.829999999999998,3.10147056391599,0.1600000000000037,7.916666666666667,False,0.03927567388787829,0.1,15.0,0.2124193815114933,149.0,34.833333333333336,False,,2359,0,True,primary,C2,0.48594447602262336,C2,0.8686356879116256,False,0.3755246283970802,≥5 MPa
55a6fde14da101,泸206H8,5,4,whole_stage,1,泸206H8|1-5,泸206H8|5|4,E:\压裂窜扰项目\02 规范化\泸206H8\泸206H8 邻井压力监测\泸206H8-5-4段压裂施工-1、2、3、4、6、7、8井秒点压力监测.xls,导出数据,1井套压(MPa),ad65d2192c784201a7710fcc95c85240042c4640adf47f61a3702e072dc30a97,E:\压裂窜扰项目\02 规范化\泸206H8\泸206H8 压裂施工曲线\泸206H8-5-4 压裂施工曲线.xlsx,秒点数据,absolute,0,1751961806.0,1751970729.0,148.71666666666667,1.0,0,0,0,1.0,1.0,52.13,pre_pump_10min,206.0,205.0,0.01482599999999705,-0.0060492746759544715,primary,合格,0.03999999999999915,52.125,0.0799999999999983,0.0,0.0,-0.07000000000000028,-0.07000000000000028,-0.03344222795024313,0.05000000000000426,,True,1.0,0.1,15.0,0.28364899697411183,0.0,0.0,False,,1257,0,True,primary,C1,0.034095378886834324,C1,0.9905206188448055,False,0.939495942464479,<1 MPa
55ca26e5f46291,泸201H5,1,7,whole_stage,3,泸201H5|1-3,泸201H5|1|7,E:\压裂窜扰项目\02 规范化\泸201H5\泸201H5 邻井压力监测\泸201H5-1-7段压裂施工-2、3、4井压力监测.xls,导出数据,3井压力(MPa),76f66ad58c68fdf5a17e1e31a3b204e3faa420c655bc1510b9c80686c4e68dbe,E:\压裂窜扰项目\02 规范化\泸201H5\泸201H5 压裂施工曲线\泸201H5-1-7 压裂施工曲线.xlsx,Log Data,absolute,0,1756541130.0,1756550865.0,162.25,1.0,0,0,0,1.0,1.0,13.25,pre_pump_10min,600.0,599.0,0.014825999999999683,0.000727185353292318,primary,合格,0.03999999999999915,13.25,0.040000000000000924,0.0,0.019999999999999574,-0.0600000000000005,-0.02999999999999936,-0.01814432460195139,0.040000000000000924,,True,1.0,0.1,15.0,0.5033384694401644,0.0,0.0,True,-0.03999999999999915,62,0,True,primary,C1,0.02737314231105854,C1,0.9923782710611032,False,0.9400973035555455,<1 MPa
55e2178c15624b,泸203H76,2,17,whole_stage,1,泸203H76|1-2,泸203H76|2|17,E:\压裂窜扰项目\02 规范化\泸203H76\泸203H76 邻井压力监测\泸203H76平台-2井-17段压裂施工-1、3、4井秒点压力监测.xls,Sheet1,1井井口压力,3fe5f0d0b1a32db10414f06293c13a7c52d6051bb968611c8309c5f21a7b4413,E:\压裂窜扰项目\02 规范化\泸203H76\泸203H76 压裂施工曲线\泸203H76-2-17 压裂施工曲线（秒点）.xlsx,Sheet1,named_stage_clock_only,-1679616000,27660.0,34457.0,113.28333333333333,1.0,0,0,0,1.0,1.0,54.5845,pre_pump_10min,480.0,479.0,0.04670190000000177,-0.010279880555041823,primary,合格,0.11560000000000059,54.5635,0.39910000000000423,5.3765,5.397500000000001,0.06300000000000239,5.355499999999999,3.203999551272622,0.27300000000000324,2.75,False,0.024275415624540237,0.1401057000000053,15.0,0.6751508018243343,89.66666666666667,13.75,True,5.481500000000004,776,0,True,primary,C2,0.675609331711022,C2,0.8140690004138557,False,0.35225362808744026,≥5 MPa
562293378123ac,泸201H5,2,9,whole_stage,1,泸201H5|1-2,泸201H5|2|9,E:\压裂窜扰项目\02 规范化\泸201H5\泸201H5 邻井压力监测\泸201H5-2-9段压裂施工-1、3、4井压力监测.xls,导出数据,1井压力(MPa),9b6bd6a6fc677c17a243b91d42ea19c14b3b5fad54bbb281df9958041a42b6c3,E:\压裂窜扰项目\02 规范化\泸201H5\泸201H5 压裂施工曲线\泸201H5-2-9 压裂施工曲线.xlsx,Log Data,absolute,0,1756975397.0,1756986300.0,181.71666666666667,1.0,0,0,0,1.0,1.0,57.94,pre_pump_10min,600.0,599.0,0.0296519999999941,0.0021169058802987454,primary,合格,0.05000000000000426,57.93,0.05000000000000426,0.28000000000000114,0.28999999999999915,-0.05999999999999517,0.28999999999999915,0.08046730257727391,0.07000000000000028,98.5,False,0.5420526460607172,0.1,15.0,0.42052646060717236,0.0,0.0,True,0.3200000000000003,135,0,True,primary,C1,0.11936120203464384,C1,0.965198936490534,False,0.93005904867049,<1 MPa
562b7227450baf,泸203H64,4,9,whole_stage,2,泸203H64|2-4,泸203H64|4|9,E:\压裂窜扰项目\02 规范化\泸203H64\泸203H64 邻井压力监测\泸203H64-4-9段压裂施工-1、2、3、5井秒点压力监测.xls,导出数据,2#套压(MPa),6bf1d0ed5192582e7e59a4a9e57d1afb78f0a8c7760ef9ff3d7cfd58df4db38e,E:\压裂窜扰项目\02 规范化\泸203H64\泸203H64 压裂施工曲线\泸203H64-4-9 压裂施工曲线.csv,text,named_stage_clock_only,-1671408000,51332.0,60473.0,152.35,1.0,0,0,0,1.0,1.0,43.565,pre_pump_10min,332.0,331.0,0.01927380000000775,0.010710161623061883,primary,合格,0.0660000000000025,43.578,0.03300000000000125,0.2560000000000002,0.26200000000000045,-0.03300000000000125,0.22299999999999898,0.10964456842796429,0.07900000000000063,61.0,False,0.4003938299967181,0.1,15.0,0.37063778580024065,0.0,0.0,False,,469,0,True,primary,C1,0.1193867935936004,C1,0.9652444753745972,False,0.9294046955435175,<1 MPa
56462f0785072e,泸203H66,1,20,whole_stage,3,泸203H66|1-3,泸203H66|1|20,E:\压裂窜扰项目\02 规范化\泸203H66\泸203H66 邻井压力监测\泸203H66平台-1井-20段压裂施工-2、3井秒点压力监测.xls,Sheet1,3井,e4d612eea65b50c0364bb545611d4786ac7dd7bb2da406723fa54b85c4f2f256,E:\压裂窜扰项目\02 规范化\泸203H66\泸203H66 压裂施工曲线\泸203H66-1-20 压裂施工曲线.xlsx,LogData(s),named_stage_clock_only,-1681171200,52177.0,60191.0,133.56666666666666,1.0,0,0,0,1.0,1.0,46.56,pre_pump_10min,600.0,599.0,0.0,-0.007882371895475367,primary,合格,0.07000000000000028,46.56,0.17999999999999972,2.1899999999999977,2.1899999999999977,0.0,2.1899999999999977,0.7558628649862726,0.07000000000000028,36.583333333333336,False,0.2738956825555279,0.1,15.0,0.9020464187671575,48.666666666666664,0.0,True,2.4399999999999977,566,0,True,primary,C1,1.030828648770813,C1,0.5747057856524356,False,0.734185764569218,1–5 MPa
56c72e811738ea,泸203H9,3,3,whole_stage,6,泸203H9|3-6,泸203H9|3|3,E:\压裂窜扰项目\02 规范化\泸203H9\泸203H9 邻井压力监测\泸203H9-3井第3段压裂期间邻井压力监测数据(1).xls,导出数据,6#套压(MPa),a67cd44782522fce4cde48d45b3ad5bbcc8caead6e1297c18f11eba6a7d3ed43,E:\压裂窜扰项目\02 规范化\泸203H9\泸203H9 压裂施工曲线\泸203H9-3-3 压裂施工曲线-2.xlsx,LogData(s),named_stage_clock_only,-1690502400,31587.0,41528.0,165.68333333333334,1.0,0,0,0,1.0,2.0,52.9856262207031,pre_pump_10min,600.0,599.0,0.029188913726817173,0.004882323691813918,primary,合格,0.07218933105470171,53.0184364318848,0.11812210083009944,0.026248931884801152,0.0590629577637003,-0.13781356811519885,-0.052501678466796875,-0.0711789923094799,0.05249786376950283,,True,1.0,0.1,15.0,0.09054325955734406,0.0,0.0,False,,977,0,True,primary,C1,0.0805544338682895,C1,0.9778002391455514,False,0.9356491028156428,<1 MPa
572af27337d79a,泸201H5,3,19,whole_stage,2,泸201H5|2-3,泸201H5|3|19,E:\压裂窜扰项目\02 规范化\泸201H5\泸201H5 邻井压力监测\泸201H5-3-19段压裂施工-1、2、4井压力监测.xls,导出数据,2井压力(MPa),944bd9aec9ea04ab7654bd59d99d9427e8112820d8804173eb52bcd7dfec1bdc,E:\压裂窜扰项目\02 规范化\泸201H5\泸201H5 压裂施工曲线\泸201H5-3-19 压裂施工曲线.xlsx,Log Data,absolute,0,1765972773.0,1765983854.0,184.68333333333334,1.0,0,0,0,1.0,1.0,28.0,pre_pump_10min,600.0,599.0,0.0,-0.001073002980560862,primary,合格,0.019999999999999574,28.0,0.05000000000000071,0.0,0.0,-0.120000000000001,-0.10000000000000142,-0.05223445537406367,0.020000000000003126,,True,1.0,0.1,15.0,0.3820052341846404,0.0,0.0,True,-0.0799999999999983,164,0,True,primary,C1,0.06032756092622195,C1,0.9833628728294954,False,0.9374339949233151,<1 MPa
57822a6445e27f,泸206H8,4,4,whole_stage,1,泸206H8|1-4,泸206H8|4|4,E:\压裂窜扰项目\02 规范化\泸206H8\泸206H8 邻井压力监测\泸206H8-4-4段压裂施工-1、2、3、5、6、7、8井秒点压力监测.xls,导出数据,1井套压(MPa),c258ea4be9268c5932f65316b0cec9960457061ec601f428ba0c03b04f5a5143,E:\压裂窜扰项目\02 规范化\泸206H8\泸206H8 压裂施工曲线\泸206H8-4-4 压裂施工曲线.xlsx,秒点数据,absolute,0,1752241715.0,1752250871.0,152.6,1.0,0,0,0,0.9987986020096112,11.0,50.54,pre_pump_10min,215.0,214.0,0.01482599999999705,-0.0027124538143881508,primary,合格,0.03999999999999915,50.53,0.10000000000000142,0.0,0.00999999999999801,-0.07000000000000028,-0.060000000000002274,-0.04257353745215833,0.030000000000001137,,True,1.0,0.1,15.0,0.22165117550574084,0.0,0.0,False,,1145,0,True,primary,C1,0.043037343524827194,C1,0.9880691789986675,False,0.9387438171631294,<1 MPa
57dcda854bff16,泸201H5,3,5,whole_stage,2,泸201H5|2-3,泸201H5|3|5,E:\压裂窜扰项目\02 规范化\泸201H5\泸201H5 邻井压力监测\泸201H5-3-5段压裂施工-1、2、4井压力监测.xls,导出数据,2井压力(MPa),1511685a783b5fe0280ebad95ff8910cc348479ee5b329788e60ad3ccb554710,E:\压裂窜扰项目\02 规范化\泸201H5\泸201H5 压裂施工曲线\泸201H5-3-5 压裂施工曲线.xlsx,Log Data,absolute,0,1759304599.0,1759314459.0,164.33333333333334,1.0,0,0,0,1.0,1.0,56.44,pre_pump_10min,600.0,599.0,0.01482599999999705,-0.00035726765907208503,primary,合格,0.020000000000003126,56.44,0.0800000000000054,0.010000000000005116,0.020000000000003126,-0.03999999999999915,-0.00999999999999801,-0.007734279918862273,0.030000000000001137,,True,1.0,0.1,15.0,0.23032454361054766,0.0,0.0,True,-0.01999999999999602,194,0,True,primary,C1,0.018126169234449947,C1,0.9949386095782347,False,0.9402615620522117,<1 MPa
58496a5bc5e02d,泸208H1,4,9,whole_stage,3,泸208H1|3-4,泸208H1|4|9,E:\压裂窜扰项目\02 规范化\泸208H1\泸208H1 邻井压力监测\泸208H1-4-9段压裂施工-3井压力监测.xlsx,4-9-3,无表头_文件名井号,ea4a37455a81d77cef5ac9ef8611090acd36ae8554b6079fca5fd930631c8bfa,E:\压裂窜扰项目\02 规范化\泸208H1\泸208H1 压裂施工曲线\泸208H1-4-9 压裂施工曲线（秒点）.xls,导出数据,named_stage_clock_only,0,31750.0,42495.0,179.08333333333334,1.0,0,0,0,1.0,1.0,35.73,pre_pump_10min,250.0,249.0,0.0,-0.0005644890318225213,primary,合格,0.0,35.73,0.060000000000002274,8.200000000000003,8.240000000000002,-0.13999999999999346,8.240000000000002,2.7044853420195474,0.18999999999999773,41.333333333333336,False,0.2308050255932992,0.1,15.0,0.9285248953001396,112.58333333333333,40.25,True,9.870000000000005,1363,0,True,primary,C2,0.19169493197143417,C2,0.9475429656584867,False,0.39697338495816437,≥5 MPa
5889f450730f60,泸201H5,4,11,whole_stage,2,泸201H5|2-4,泸201H5|4|11,E:\压裂窜扰项目\02 规范化\泸201H5\泸201H5 邻井压力监测\泸201H5-4-11段压裂施工-1、2、3井压力监测.xls,导出数据,2井压力(MPa),2ee4b97b4120049325bd95b74c6b40bc363d4b03aba0dc61d00c2c649037d831,E:\压裂窜扰项目\02 规范化\泸201H5\泸201H5 压裂施工曲线\泸201H5-4-11 压裂施工曲线.xlsx,Log Data,absolute,0,1761119310.0,1761129373.0,167.71666666666667,1.0,0,0,0,1.0,1.0,50.42,pre_pump_10min,600.0,599.0,0.014826000000007585,-0.0006013350037068104,primary,合格,0.03999999999999915,50.42,0.07000000000000028,0.00999999999999801,0.00999999999999801,-0.060000000000002274,-0.030000000000001137,-0.023880055649410706,0.03999999999999915,,True,1.0,0.1,15.0,0.2535029315313525,0.0,0.0,True,-0.020000000000003126,211,0,True,primary,C1,0.026603260462424356,C1,0.9925933726665797,False,0.9400772537494678,<1 MPa
58aad583ef7678,阳101H37,4,10,whole_stage,6,阳101H37|4-6,阳101H37|4|10,E:\压裂窜扰项目\02 规范化\不重要的\阳101H37\阳101H37 邻井压力监测\阳101H37-1井压窜分析材料8.12-8.19_阳101H4-6井17-19号秒点数据.xls,导出数据,6井井口压力(MPa),e0b330564d0c224f3b0da658c1981869a18b6b7f07499af4dd3e9300ca83ec81,E:\压裂窜扰项目\02 规范化\不重要的\阳101H37\阳101H37 压裂施工曲线\阳101H37-4-10 压裂施工曲线（秒点）.xlsx,Sheet1,absolute,0,1660717484.0,1660726489.0,150.08333333333334,1.0,0,0,0,1.0,3.0,37.616,pre_pump_10min,599.0,599.0,0.008895600000000337,0.0005567032826117759,primary,合格,0.01899999999999835,37.616,0.045999999999999375,0.1839999999999975,0.1910000000000025,-0.006000000000000227,0.1839999999999975,0.07147312604108835,0.02599999999999625,98.75,False,0.6579677956690727,0.1,15.0,0.25723186470850024,0.0,0.0,True,0.1910000000000025,0,0,True,primary,C1,0.0841138134820214,C1,0.975761159652229,False,0.9338190433991055,<1 MPa
58bd7254b598f4,泸201H5,3,9,whole_stage,4,泸201H5|3-4,泸201H5|3|9,E:\压裂窜扰项目\02 规范化\泸201H5\泸201H5 邻井压力监测\泸201H5-3-9段压裂施工-1、2、4井压力监测.xls,导出数据,4井压力(MPa),58e4ae3f25dd5202c8694a72f21459c5b3617996149856c158e3d2461f9ca92d,E:\压裂窜扰项目\02 规范化\泸201H5\泸201H5 压裂施工曲线\泸201H5-3-9 压裂施工曲线.xlsx,Log Data,absolute,0,1759654161.0,1759667303.0,219.03333333333333,1.0,0,0,0,1.0,1.0,47.36,pre_pump_10min,600.0,599.0,0.01482599999999705,-0.0045563126564217345,primary,合格,0.03999999999999915,47.34,0.060000000000002274,0.4299999999999997,0.45000000000000284,-0.28999999999999915,0.45000000000000284,-0.1126034850098914,0.03999999999999915,187.91666666666666,False,0.857936387155684,0.1,15.0,0.3113681327043068,0.0,0.0,True,0.5600000000000023,205,0,True,primary,C1,0.2018417545814881,C1,0.9429918182005869,False,0.9184428615133238,<1 MPa
590da199b71215,阳101H37,3,12,whole_stage,2,阳101H37|2-3,阳101H37|3|12,E:\压裂窜扰项目\02 规范化\不重要的\阳101H37\阳101H37 邻井压力监测\阳101H37-3井压窜分析材料2.3-2.9_3井12段（1-3）压裂2井套压秒点.xls,导出数据,2#井口压力(MPa),45d704522b2ec9af16befa5d8c8287e55c87fb87323844a12cabcad1153cbdd6,E:\压裂窜扰项目\02 规范化\不重要的\阳101H37\阳101H37 压裂施工曲线\阳101H37-3-12 压裂施工曲线（秒点）.xlsx,Sheet1,absolute,0,1675777701.0,1675780702.0,50.016666666666666,1.0,0,0,0,1.0,1.0,38.64,pre_pump_10min,600.0,599.0,0.04892580000000185,0.014253474592985671,primary,合格,0.117999999999995,38.706,0.045999999999999375,1.955999999999996,2.0020000000000024,0.07200000000000273,1.9819999999999993,0.7983475508163942,0.09799999999999898,5.5,False,0.10996334555148284,0.14677740000000555,15.0,0.20759746751082972,17.0,0.0,True,2.7689999999999984,3,0,True,primary,C1,0.9747581331253325,C1,0.6099297517333693,False,0.7502238713948175,1–5 MPa
596bcb85e858a3,泸201H5,4,4,whole_stage,2,泸201H5|2-4,泸201H5|4|4,E:\压裂窜扰项目\02 规范化\泸201H5\泸201H5 邻井压力监测\泸201H5-4-4段压裂施工-1、2、3井压力监测.xls,导出数据,2井压力(MPa),1b283c018994f8c0e3dc8c2886a876498e1c34e6902db7aa63a2be56f961f10b,E:\压裂窜扰项目\02 规范化\泸201H5\泸201H5 压裂施工曲线\泸201H5-4-4 压裂施工曲线.xlsx,Log Data,absolute,0,1759995359.0,1760012505.0,285.76666666666665,1.0,0,0,0,1.0,1.0,54.2,pre_pump_10min,600.0,599.0,0.014826000000007585,0.0005788016077819246,primary,合格,0.030000000000001137,54.2,0.07000000000000028,0.12999999999999545,0.12999999999999545,-0.020000000000003126,0.0899999999999963,0.04240464248220961,0.03999999999999915,216.25,False,0.7567362650180801,0.1,15.0,0.2861891986469147,0.0,0.0,True,0.0899999999999963,265,0,True,primary,C1,0.056490957293293384,C1,0.9838815423067611,False,0.9368022054647188,<1 MPa
5970166513cc75,泸203H8,2,2,whole_stage,3,泸203H8|2-3,泸203H8|2|2,E:\压裂窜扰项目\02 规范化\泸203H8\泸203H8 邻井压力监测\2井第二段压裂期间邻井3井套压变化.xls,导出数据,3井套压(MPa),5338e18fb4fb6e91603e85eb5bfafb1dcce4b6146bab4d921ffeed8368678af1,E:\压裂窜扰项目\02 规范化\泸203H8\泸203H8 压裂施工曲线\泸203H8-2-2 压裂施工曲线.xls,分点数据,absolute,0,1680611378.0,1680621982.0,176.73333333333332,1.0,0,0,0,0.9979253112033195,22.0,55.631,pre_pump_10min,218.0,217.0,0.010378199999996882,-0.002339788343913554,primary,合格,0.030999999999998806,55.631,0.05600000000000449,4.844000000000001,4.850000000000001,-0.030999999999998806,4.793999999999997,2.7298189378189375,0.13700000000000045,21.333333333333332,False,0.12070916635231989,0.1,15.0,0.2113967113967114,121.16666666666667,0.0,False,,948,0,True,primary,C2,0.6210624482779363,C2,0.8141385628876173,False,0.29153497752299884,1–5 MPa
59758517ed6084,泸201H5,4,9,whole_stage,1,泸201H5|1-4,泸201H5|4|9,E:\压裂窜扰项目\02 规范化\泸201H5\泸201H5 邻井压力监测\泸201H5-4-9段压裂施工-1、2、3井压力监测.xls,导出数据,1井压力(MPa),21a5c314968926abc603adc5cce57ab86915b2ba04aa4f824cf6636b84551587,E:\压裂窜扰项目\02 规范化\泸201H5\泸201H5 压裂施工曲线\泸201H5-4-9 压裂施工曲线.xlsx,Log Data,absolute,0,1760860247.0,1760870307.0,167.66666666666666,1.0,0,0,0,1.0,1.0,50.7,pre_pump_10min,600.0,599.0,0.01482599999999705,-0.0004089844694019436,primary,合格,0.020000000000003126,50.7,0.04000000000000625,0.0,0.00999999999999801,-0.05000000000000426,-0.04000000000000625,-0.026152087475152568,0.030000000000001137,,True,1.0,0.1,15.0,0.40427435387673955,0.0,0.0,True,-0.05000000000000426,279,0,True,primary,C1,0.03192276129038246,C1,0.9911266773193138,False,0.9397939560692902,<1 MPa
59a6c77504573c,泸201H5,4,18,whole_stage,3,泸201H5|3-4,泸201H5|4|18,E:\压裂窜扰项目\02 规范化\泸201H5\泸201H5 邻井压力监测\泸201H5-4-18段压裂施工-1、2、3井压力监测.xls,导出数据,3井压力(MPa),bb9b39014d2f6e0c35e399baca6fd5040651d834647f76696e1a141e2d5026ee,E:\压裂窜扰项目\02 规范化\泸201H5\泸201H5 压裂施工曲线\泸201H5-4-18 压裂施工曲线.xlsx,Log Data,absolute,0,1761900258.0,1761907910.0,127.53333333333333,1.0,0,0,0,1.0,1.0,52.18,pre_pump_10min,600.0,599.0,0.01482599999999705,-0.0008188356078753228,primary,合格,0.01999999999999602,52.17,0.09000000000000341,2.3599999999999994,2.3900000000000006,-0.030000000000001137,2.3800000000000026,0.8956782540512286,0.10000000000000142,20.166666666666668,False,0.15812859383167802,0.1,15.0,0.38277574490329325,53.0,0.0,True,2.710000000000001,233,0,True,primary,C1,1.1445746638611225,C1,0.5025212730406152,False,0.6961410410107087,1–5 MPa
59c48a603a29ce,阳101H51,2,16,whole_stage,4,阳101H51|2-4,阳101H51|2|16,E:\压裂窜扰项目\02 规范化\阳101H51\阳101H51 邻井压力监测\阳101H51-2-16段压裂施工-1、3、4井套压压力监测.xlsx,阳101H51平台2井16段压裂1井3井4井压力数据,4井套压,d07acf578db7453b4aeb775bf5cfb4d25169753a7323904b25b719ac29348163,E:\压裂窜扰项目\02 规范化\阳101H51\阳101H51 压裂施工曲线\阳101H51-2-16 压裂施工曲线（秒点）-2.xlsx,秒点数据,absolute,0,1782290324.0,1782300060.0,162.26666666666668,1.0,0,0,0,1.0,1.0,46.93,pre_pump_10min,600.0,599.0,0.01482599999999705,-0.0023190231083948035,primary,合格,0.01999999999999602,46.92,0.020000000000003126,0.8900000000000006,0.8999999999999986,-0.060000000000002274,0.8999999999999986,0.2540709737058343,0.030000000000001137,70.08333333333333,False,0.4319022185702547,0.1,15.0,0.7579087921117502,0.0,0.0,True,1.009999999999998,2403,0,True,primary,C1,0.3745873165102563,C1,0.8807654870347972,False,0.8921000617975928,<1 MPa
5a37372c4c05d4,泸201H5,3,23,whole_stage,1,泸201H5|1-3,泸201H5|3|23,E:\压裂窜扰项目\02 规范化\泸201H5\泸201H5 邻井压力监测\泸201H5-3-23段压裂施工-1、2、4井压力监测.xls,导出数据,1井压力(MPa),706e287f93e9af019706c0283134adc04b23283add5ec8dc64be66260b5d23a4,E:\压裂窜扰项目\02 规范化\泸201H5\泸201H5 压裂施工曲线\泸201H5-3-23 压裂施工曲线.xlsx,Log Data,absolute,0,1767536443.0,1767548396.0,199.21666666666667,1.0,0,0,0,1.0,1.0,42.25,pre_pump_10min,600.0,599.0,0.0,0.0014153039314021986,primary,合格,0.01999999999999602,42.26,0.04000000000000625,0.020000000000003126,0.030000000000001137,-0.6799999999999997,-0.07000000000000028,-0.18578139379235314,0.030000000000001137,,True,1.0,0.1,15.0,0.4399732284782063,0.0,0.0,True,-0.060000000000002274,177,0,True,primary,C1,0.29266444213790105,C1,0.9220065234449912,False,0.9038269279270469,<1 MPa
5b2c74a622a5af,泸208H2,9,7,whole_stage,8,泸208H2|8-9,泸208H2|9|7,E:\压裂窜扰项目\02 规范化\泸208H2\泸208H2 邻井压力监测\泸208H2-9-7段压裂施工-8井压力监测.xlsx,9-7-8,无表头_文件名井号,ee79dae3d17dd4aa66cef01947476499c895de8ad4fc06507f114b131bacc63e,E:\压裂窜扰项目\02 规范化\泸208H2\泸208H2 压裂施工曲线\泸208H2-9-7 压裂施工曲线（秒点）.xlsx,秒点数据,named_stage_clock_only,1719619200,1719650817.0,1719658393.0,126.26666666666667,1.0,0,0,0,1.0,1.0,52.2237,pre_pump_10min,310.0,309.0,0.015567300000000589,-0.0019682420246101367,primary,合格,0.04200000000000159,52.2132,0.12579999999999814,1.9609000000000023,2.002899999999997,-0.05239999999999867,1.9713999999999956,0.6837576359556486,0.08389999999999986,37.75,False,0.2989704329461457,0.1,15.0,0.7131731784582893,41.0,0.0,True,2.1706000000000003,1765,0,True,primary,C1,0.9303540458849545,C1,0.6327498709225796,False,0.7641425055099044,1–5 MPa
5b9cdf438fabd2,泸206H8,4,19,whole_stage,1,泸206H8|1-4,泸206H8|4|19,E:\压裂窜扰项目\02 规范化\泸206H8\泸206H8 邻井压力监测\泸206H8-4-19段压裂施工-1、2、3、5、6、7、8井秒点压力监测.xls,导出数据,1井套压1(MPa),fa9c0bb798c396e5b88ccc97c0ae3c0545cd6a3ce39eee8d5acd04f8402e1630,E:\压裂窜扰项目\02 规范化\泸206H8\泸206H8 压裂施工曲线\泸206H8-4-19 压裂施工曲线.xlsx,秒点数据,absolute,0,1753861090.0,1753876681.0,259.85,1.0,0,0,0,1.0,1.0,42.7,pre_pump_10min,190.0,189.0,0.014826000000007585,0.0020811190279439802,primary,合格,0.05999999999999517,42.705,0.12000000000000455,0.6499999999999986,0.6699999999999946,-0.030000000000001137,0.6400000000000006,0.20972612404592117,0.05000000000000426,113.5,False,0.4367904560323263,0.1,15.0,0.19030209736386378,0.0,0.0,False,,1054,0,True,primary,C1,0.2819444401822668,C1,0.9131659214738342,False,0.9074273541740159,<1 MPa
5bad11a94b9453,阳101H51,3,6,whole_stage,1,阳101H51|1-3,阳101H51|3|6,E:\压裂窜扰项目\02 规范化\阳101H51\阳101H51 邻井压力监测\阳101H51-3-6段压裂施工-1、2井秒点压力监测.xlsx,阳101H51-3井6段压裂期间1井、2井秒点数据（2026.,1井套压,06e525520ade862c1b94f52bcc09c52d6d31048ef943d5cb35d7acffd4d67251,E:\压裂窜扰项目\02 规范化\阳101H51\阳101H51 压裂施工曲线\阳101H51-3-6 压裂施工曲线（秒点）.xlsx,秒点数据,absolute,0,1778830458.0,1778839368.0,148.5,1.0,0,0,0,1.0,1.0,54.55,pre_pump_10min,199.0,198.0,0.0,-5.756052993881141e-05,primary,合格,0.00999999999999801,54.55,0.020000000000003126,1.6200000000000045,1.6200000000000045,-0.00999999999999801,1.6200000000000045,0.6159472502805863,0.030000000000001137,36.5,False,0.24579124579124578,0.1,15.0,0.7632996632996633,42.583333333333336,0.0,False,,2454,0,True,primary,C1,0.800684051298958,C1,0.7015956869540696,False,0.798924852103456,1–5 MPa
5c277a119bee3b,泸203H64,5,9,whole_stage,4,泸203H64|4-5,泸203H64|5|9,E:\压裂窜扰项目\02 规范化\泸203H64\泸203H64 邻井压力监测\泸203H64-5-9段压裂施工-1、2、3、4井秒点压力监测.xls,导出数据,4#套压(MPa),2992e0fa6ac2f5d37ab8908d8d30077beac10981b908cffc364618d3be2ffb1f,E:\压裂窜扰项目\02 规范化\泸203H64\泸203H64 压裂施工曲线\泸203H64-5-9 压裂施工曲线.csv,text,named_stage_clock_only,-1670803200,26321.0,36455.0,168.9,1.0,0,0,0,1.0,1.0,35.976,pre_pump_10min,221.0,220.0,0.028169399999997555,-0.013489743960334508,primary,合格,0.0660000000000025,35.959500000000006,0.06500000000000483,0.32800000000000296,0.36700000000000443,-0.597999999999999,0.3610000000000042,-0.33933979672389847,0.08599999999999852,159.41666666666666,False,0.9438523781330175,0.1,15.0,0.3437931715018749,0.0,0.0,False,,523,0,True,primary,C1,0.4058335394005209,C1,0.891784651835588,False,0.8857587075095638,<1 MPa
5c59056a76cbf1,泸201H5,3,22,whole_stage,4,泸201H5|3-4,泸201H5|3|22,E:\压裂窜扰项目\02 规范化\泸201H5\泸201H5 邻井压力监测\泸201H5-3-22段压裂施工-1、2、4井压力监测.xls,导出数据,4井压力(MPa),ce4cd7142a5f735413ffbe1cb9d11329ff6f6a412613c388c18fdb2c19ce4bce,E:\压裂窜扰项目\02 规范化\泸201H5\泸201H5 压裂施工曲线\泸201H5-3-22 压裂施工曲线.xlsx,Log Data,absolute,0,1766476886.0,1766486090.0,153.4,1.0,0,0,0,1.0,1.0,52.29,pre_pump_10min,600.0,599.0,0.01482599999999705,-0.0018590218306106041,primary,合格,0.01999999999999602,52.285,0.07000000000000028,1.0500000000000043,1.0700000000000003,-0.0799999999999983,1.0600000000000023,0.2796322251195139,0.060000000000002274,69.58333333333333,False,0.45360712733594083,0.1,15.0,0.3381138635375924,4.0,0.0,True,1.2100000000000009,175,0,True,primary,C1,0.4372140566240834,C1,0.8577515415452304,False,0.880602691784494,1–5 MPa
5c94651195754d,泸201H5,4,1,whole_stage,1,泸201H5|1-4,泸201H5|4|1,E:\压裂窜扰项目\02 规范化\泸201H5\泸201H5 邻井压力监测\泸201H5-4-1段压裂施工-1、2、3井压力监测.xls,导出数据,1井压力(MPa),7d0075df81658f59971b33bdd46d02c7e6201e1f0bbfc149ea64c42f2cacfb71,E:\压裂窜扰项目\02 规范化\泸201H5\泸201H5 压裂施工曲线\泸201H5-4-1 压裂施工曲线.xlsx,Log Data,absolute,0,1759735931.0,1759750550.0,243.65,1.0,0,0,0,1.0,17.0,53.48,pre_pump_10min,600.0,599.0,0.014826000000007585,0.003479592998869027,primary,合格,0.04999999999999716,53.51,0.05000000000000426,0.030000000000001137,0.04000000000000625,-0.04999999999999716,-0.00999999999999801,-0.0024232163622654877,0.020000000000003126,,True,1.0,0.1,15.0,0.35135506003430533,0.0,0.0,True,0.030000000000001137,237,0,True,primary,C1,0.019956413319891845,C1,0.99441243064643,False,0.9403705235919079,<1 MPa
5d99b6c6f126fe,泸203H76,2,17,whole_stage,3,泸203H76|2-3,泸203H76|2|17,E:\压裂窜扰项目\02 规范化\泸203H76\泸203H76 邻井压力监测\泸203H76平台-2井-17段压裂施工-1、3、4井秒点压力监测.xls,Sheet1,3井井口压力,3fe5f0d0b1a32db10414f06293c13a7c52d6051bb968611c8309c5f21a7b4413,E:\压裂窜扰项目\02 规范化\泸203H76\泸203H76 压裂施工曲线\泸203H76-2-17 压裂施工曲线（秒点）.xlsx,Sheet1,named_stage_clock_only,-1679616000,27660.0,34457.0,113.28333333333333,1.0,0,0,0,1.0,1.0,54.3429,pre_pump_10min,480.0,479.0,0.015567300000000589,-0.0046050151042367465,primary,合格,0.031500000000001194,54.3324,0.042099999999997806,5.807099999999998,5.817599999999999,-0.021000000000000796,5.817599999999999,2.9126574076798586,0.13650000000000517,8.583333333333334,False,0.07576872149477712,0.1,15.0,0.8906870678240401,77.41666666666667,34.25,True,5.786099999999998,777,0,True,primary,C2,0.2550470063540169,C2,0.9296430343830416,False,0.381619137977301,≥5 MPa
5de9a4bde1b524,泸203H64,4,3,whole_stage,2,泸203H64|2-4,泸203H64|4|3,E:\压裂窜扰项目\02 规范化\泸203H64\泸203H64 邻井压力监测\泸203H64-4-3段压裂施工-1、2、3、5井秒点压力监测.xls,导出数据,2#套压(MPa),8654f1461c61c8fac9084720138690eecb07f0eb5c1632a243fbdc862c478cd3,E:\压裂窜扰项目\02 规范化\泸203H64\泸203H64 压裂施工曲线\泸203H64-4-3 压裂施工曲线.csv,text,named_stage_clock_only,-1671148800,51587.0,60882.0,154.91666666666666,1.0,0,0,0,1.0,1.0,44.372,pre_pump_10min,287.0,286.0,0.010378199999996882,0.006507669160109659,primary,合格,0.031999999999996476,44.385,0.03999999999999915,0.012999999999998124,0.026000000000003354,-0.20300000000000296,-0.18999999999999773,-0.09290322754168878,0.0589999999999975,,True,1.0,0.1,15.0,0.3419042495965573,0.0,0.0,False,,445,0,True,primary,C1,0.11038003582716772,C1,0.9699655088254263,False,0.9318667837162395,<1 MPa
5e1c5d71d176c6,泸201H5,1,22,whole_stage,4,泸201H5|1-4,泸201H5|1|22,E:\压裂窜扰项目\02 规范化\泸201H5\泸201H5 邻井压力监测\泸201H5-1-22段压裂施工-2、3、4井压力监测.xls,导出数据,4井压力(MPa),da2a8806a4c451744a0d293155d2df4b1d6d7c90951a4896d3fb23321f5c752e,E:\压裂窜扰项目\02 规范化\泸201H5\泸201H5 压裂施工曲线\泸201H5-1-22 压裂施工曲线.xlsx,Log Data,absolute,0,1758379805.0,1758388980.0,152.91666666666666,1.0,0,0,0,1.0,1.0,22.82,pre_pump_10min,600.0,599.0,0.01482599999999705,0.0004199678332457017,primary,合格,0.029999999999997584,22.82,0.05999999999999872,0.0,0.0,-0.03999999999999915,-0.030000000000001137,-0.023255585831062856,0.019999999999999574,,True,1.0,0.1,15.0,0.3189100817438692,0.0,0.0,True,-0.03999999999999915,39,0,True,primary,C1,0.027518677315147688,C1,0.9923420380394975,False,0.9399250460390286,<1 MPa
5ec5edddeb2d18,泸201H5,4,4,whole_stage,1,泸201H5|1-4,泸201H5|4|4,E:\压裂窜扰项目\02 规范化\泸201H5\泸201H5 邻井压力监测\泸201H5-4-4段压裂施工-1、2、3井压力监测.xls,导出数据,1井压力(MPa),1b283c018994f8c0e3dc8c2886a876498e1c34e6902db7aa63a2be56f961f10b,E:\压裂窜扰项目\02 规范化\泸201H5\泸201H5 压裂施工曲线\泸201H5-4-4 压裂施工曲线.xlsx,Log Data,absolute,0,1759995359.0,1760012505.0,285.76666666666665,1.0,0,0,0,1.0,1.0,52.72,pre_pump_10min,600.0,599.0,0.01482599999999705,-0.001989022191722108,primary,合格,0.030000000000001137,52.71,0.03999999999999915,0.09000000000000341,0.10999999999999943,-0.01999999999999602,0.07000000000000028,0.04290125976904405,0.030000000000001137,,True,1.0,0.1,15.0,0.43380380263618334,0.0,0.0,True,0.09000000000000341,264,0,True,primary,C1,0.04583282507236066,C1,0.9869611341303458,False,0.9372868155491649,<1 MPa
618b8f81a158ca,泸201H5,3,24,whole_stage,1,泸201H5|1-3,泸201H5|3|24,E:\压裂窜扰项目\02 规范化\泸201H5\泸201H5 邻井压力监测\泸201H5-3-24段压裂施工-1、2、4井压力监测.xls,导出数据,1井压力(MPa),e3af89920e9a3a7b0e7aaad4f69fb13e4346377e2cd5af7e20fc9f2db2bfe6c1,E:\压裂窜扰项目\02 规范化\泸201H5\泸201H5 压裂施工曲线\泸201H5-3-24 压裂施工曲线.xlsx,Log Data,absolute,0,1767615196.0,1767625095.0,164.98333333333332,1.0,0,0,0,1.0,1.0,42.16,pre_pump_10min,600.0,599.0,0.0,0.0022328395356655873,primary,合格,0.030000000000001137,42.17,0.03999999999999915,0.060000000000002274,0.060000000000002274,-0.01999999999999602,-0.00999999999999801,0.028807455298518633,0.020000000000003126,,True,1.0,0.1,15.0,0.45752096171330436,0.0,0.0,True,-0.00999999999999801,180,0,True,primary,C1,0.03512975344298458,C1,0.990107207231459,False,0.9384463488576151,<1 MPa
619f0d145ea09f,泸201H5,3,13,whole_stage,4,泸201H5|3-4,泸201H5|3|13,E:\压裂窜扰项目\02 规范化\泸201H5\泸201H5 邻井压力监测\泸201H5-3-13段压裂施工-1、2、4井压力监测.xls,导出数据,4井压力(MPa),de97580b67c5aed5542ddf54b59ccc906d053cefc16eae365bf9e0cd24740e22,E:\压裂窜扰项目\02 规范化\泸201H5\泸201H5 压裂施工曲线\泸201H5-3-13 压裂施工曲线.xlsx,Log Data,absolute,0,1762242145.0,1762252274.0,168.81666666666666,1.0,0,0,0,1.0,1.0,48.96,pre_pump_10min,600.0,599.0,0.01482599999999705,-0.0007170353250949108,primary,合格,0.03999999999999915,48.96,0.0799999999999983,6.030000000000001,6.060000000000002,-0.030000000000001137,6.060000000000002,2.1279701846184214,0.10000000000000142,27.5,False,0.1628986079573502,0.1,15.0,0.29568565504985683,100.16666666666667,19.583333333333332,True,6.57,148,0,True,primary,C2,0.42549379090282036,C2,0.8514874640827017,False,0.1794568860275926,≥5 MPa
61f62c8483bc6b,泸203H11,7,9,whole_stage,5,泸203H11|5-7,泸203H11|7|9,E:\压裂窜扰项目\02 规范化\泸203H11\泸203H11 邻井压力监测\泸203H11-7-9段压裂施工-5、6井压力监测.xls,Sheet1,5井压力,36003a797cfaede1308d239a7f6f25f128265dbf4c15cf41543655328ef1dd95,E:\压裂窜扰项目\02 规范化\泸203H11\泸203H11 压裂施工曲线\泸203H11-7-9 压裂施工曲线.xlsx,LogData(s),named_stage_clock_only,-1745452800,28081.0,41983.0,231.7,1.0,0,0,0,1.0,1.0,50.13,pre_pump_10min,481.0,480.0,0.0296519999999941,-0.006224778081624816,primary,合格,0.07000000000000028,50.11,0.3400000000000034,1.769999999999996,1.7899999999999991,-0.14000000000000057,1.769999999999996,0.5804592864336042,0.04000000000000625,66.91666666666667,False,0.2888073658466408,0.1,15.0,0.4331750827219105,57.583333333333336,0.0,False,,323,0,True,primary,C1,0.8045377580238136,C1,0.6985837205169075,False,0.7979254680763057,1–5 MPa
6351be43f02601,泸201H5,2,24,whole_stage,4,泸201H5|2-4,泸201H5|2|24,E:\压裂窜扰项目\02 规范化\泸201H5\泸201H5 邻井压力监测\泸201H5-2-24段压裂施工-1、3、4井压力监测.xls,导出数据,4井压力(MPa),9abdb5e5343841649c50811e61f7b582007a50b02aa3eb9ad297b0aad4c754de,E:\压裂窜扰项目\02 规范化\泸201H5\泸201H5 压裂施工曲线\泸201H5-2-24 压裂施工曲线.xlsx,Log Data,absolute,0,1758539192.0,1758553032.0,230.66666666666666,1.0,0,0,0,1.0,1.0,22.4,pre_pump_10min,600.0,599.0,0.01482599999999705,8.971691588199106e-05,primary,合格,0.019999999999999574,22.4,0.05000000000000071,0.0,0.010000000000001563,-0.04999999999999716,-0.029999999999997584,-0.019889450867050483,0.019999999999999574,,True,1.0,0.1,15.0,0.3838150289017341,0.0,0.0,True,-0.029999999999997584,112,0,True,primary,C1,0.029040123259751905,C1,0.9919213027883964,False,0.9398902332524127,<1 MPa
642527539da1c9,泸201H5,2,8,whole_stage,1,泸201H5|1-2,泸201H5|2|8,E:\压裂窜扰项目\02 规范化\泸201H5\泸201H5 邻井压力监测\泸201H5-2-8段压裂施工-1、3、4井压力监测.xls,导出数据,1井压力(MPa),4057fcbe58e596e29b8a4a548ee391653a2b2a86e079c068764f81cd6d1b8d95,E:\压裂窜扰项目\02 规范化\泸201H5\泸201H5 压裂施工曲线\泸201H5-2-8 压裂施工曲线.xlsx,Log Data,absolute,0,1756799376.0,1756808935.0,159.31666666666666,1.0,0,0,0,1.0,1.0,57.33,pre_pump_10min,600.0,599.0,0.01482599999999705,-9.07002519455065e-05,primary,合格,0.020000000000003126,57.34,0.04000000000000625,0.20000000000000284,0.21999999999999886,-0.030000000000001137,0.21000000000000085,0.04159901663354137,0.03999999999999915,126.5,False,0.7940161104718066,0.1,15.0,0.43289046971440526,0.0,0.0,True,0.240000000000002,132,0,True,primary,C1,0.06555727214714208,C1,0.9811927971721481,False,0.9360818524126304,<1 MPa
6466ff4dd39244,泸206H8,4,19,whole_stage,2,泸206H8|2-4,泸206H8|4|19,E:\压裂窜扰项目\02 规范化\泸206H8\泸206H8 邻井压力监测\泸206H8-4-19段压裂施工-1、2、3、5、6、7、8井秒点压力监测.xls,导出数据,2井套压1(MPa),fa9c0bb798c396e5b88ccc97c0ae3c0545cd6a3ce39eee8d5acd04f8402e1630,E:\压裂窜扰项目\02 规范化\泸206H8\泸206H8 压裂施工曲线\泸206H8-4-19 压裂施工曲线.xlsx,秒点数据,absolute,0,1753861090.0,1753876681.0,259.85,1.0,0,0,0,1.0,1.0,49.79,pre_pump_10min,190.0,189.0,0.01482599999999705,-0.0016118831108985882,primary,合格,0.01999999999999602,49.79,0.07000000000000028,3.1600000000000037,3.1799999999999997,-0.030000000000001137,3.1700000000000017,1.2901202616894374,0.04999999999999716,55.666666666666664,False,0.21422615611570775,0.1,15.0,0.3307677506253608,144.25,0.0,False,,1059,0,True,primary,C1,1.6660219497726463,C1,0.051318827130741984,True,0.4832001390804009,1–5 MPa
64a7ce6102e98d,泸203H64,4,2,whole_stage,1,泸203H64|1-4,泸203H64|4|2,E:\压裂窜扰项目\02 规范化\泸203H64\泸203H64 邻井压力监测\泸203H64-4-2段压裂施工-1、2、3、5井秒点压力监测.xls,导出数据,1#套压(MPa),c17235b16174ead862f6701e48b852c818190419906b1c2888ad289b3151f223,E:\压裂窜扰项目\02 规范化\泸203H64\泸203H64 压裂施工曲线\泸203H64-4-2 压裂施工曲线.csv,text,named_stage_clock_only,-1671148800,25698.0,35257.0,159.31666666666666,1.0,0,0,0,1.0,1.0,48.628,pre_pump_10min,498.0,497.0,0.029652000000004633,0.0018519179397810603,primary,合格,0.059000000000004604,48.661,0.03999999999999915,0.05299999999999727,0.07900000000000063,-0.14399999999999835,-0.0589999999999975,-0.04753964849879669,0.10500000000000398,,True,1.0,0.1,15.0,0.37723611256407574,0.0,0.0,True,-0.1109999999999971,444,0,True,primary,C1,0.06683626081970528,C1,0.9815884084651103,False,0.9367529274865048,<1 MPa
6504f5dbae2e82,泸208H1,3,1,whole_stage,4,泸208H1|3-4,泸208H1|3|1,E:\压裂窜扰项目\02 规范化\泸208H1\泸208H1 邻井压力监测\泸208H1-3-1段压裂施工-4井压力监测.xlsx,3-1-4,无表头_文件名井号,a3529950e02df855201f6afd36d719301014bf9334c9118d1a39bd3f6fdf60f6,E:\压裂窜扰项目\02 规范化\泸208H1\泸208H1 压裂施工曲线\泸208H1-3-1 压裂施工曲线（秒点）.xls,导出数据,named_stage_clock_only,0,42027.0,49779.0,129.2,1.0,0,0,0,1.0,1.0,51.8,pre_pump_10min,408.0,407.0,0.059304000000009266,0.027054236747897246,primary,合格,0.12999999999999545,51.91,0.04000000000000625,5.330000000000005,5.3700000000000045,0.10999999999999943,5.3700000000000045,2.424932920536638,0.0799999999999983,3.5833333333333335,False,0.02773477812177503,0.1779120000000278,15.0,0.9313725490196079,91.41666666666667,9.166666666666666,True,5.740000000000002,1340,0,True,primary,C2,0.49923482221327814,C2,0.8300200315385847,False,0.2151440103300633,≥5 MPa
655360ab176657,泸208H1,4,3,whole_stage,3,泸208H1|3-4,泸208H1|4|3,E:\压裂窜扰项目\02 规范化\泸208H1\泸208H1 邻井压力监测\泸208H1-4-3段压裂施工-3井压力监测.xlsx,4-3-3,无表头_文件名井号,db093b3103067640b0bde98a98d7a935e658a24fb1cd462a4cf6607a26698f1c,E:\压裂窜扰项目\02 规范化\泸208H1\泸208H1 压裂施工曲线\泸208H1-4-3 压裂施工曲线（秒点）.xls,导出数据,named_stage_clock_only,0,29000.0,35996.0,116.6,1.0,0,0,0,1.0,1.0,40.82,pre_pump_10min,200.0,199.0,0.0,-0.017448736218401793,primary,合格,0.04999999999999716,40.82,0.060000000000002274,15.54,16.130000000000003,-0.7199999999999989,15.990000000000002,1.0644861349342474,1.0799999999999983,86.0,False,0.7375643224699829,0.1,15.0,0.9135220125786163,24.583333333333332,13.333333333333334,True,20.5,1354,0,True,primary,C2,2.8187384585023283,C2,0.24717921729289175,False,-0.08209446766047775,≥5 MPa
66a4bf85d375c0,泸201H5,2,5,whole_stage,1,泸201H5|1-2,泸201H5|2|5,E:\压裂窜扰项目\02 规范化\泸201H5\泸201H5 邻井压力监测\泸201H5-2-5段压裂施工-1、3、4井压力监测.xls,导出数据,1井压力(MPa),e32fe1af40476e8eab8f1d91bd9233139406643995f43c0b7a30acb6c6112c67,E:\压裂窜扰项目\02 规范化\泸201H5\泸201H5 压裂施工曲线\泸201H5-2-5 压裂施工曲线.xlsx,Log Data,absolute,0,1756285735.0,1756294977.0,154.03333333333333,1.0,0,0,0,1.0,1.0,56.47,pre_pump_10min,600.0,599.0,0.01482599999999705,-0.0020525057014035065,primary,合格,0.030000000000001137,56.47,0.04000000000000625,0.00999999999999801,0.00999999999999801,-0.0799999999999983,0.0,-0.03724789006708531,0.030000000000001137,,True,1.0,0.1,15.0,0.43994806318978574,0.0,0.0,True,0.030000000000001137,123,0,True,primary,C1,0.039419130674654725,C1,0.9890121750007859,False,0.9389673973226795,<1 MPa
66c6d3a76a4c27,泸201H5,2,11,whole_stage,3,泸201H5|2-3,泸201H5|2|11,E:\压裂窜扰项目\02 规范化\泸201H5\泸201H5 邻井压力监测\泸201H5-2-11段压裂施工-1、3、4井压力监测.xls,导出数据,3井压力(MPa),2b996d81e6e347cfc8beb43185da8d4cec8acec68d53848ccaf4cbe6c61902b5,E:\压裂窜扰项目\02 规范化\泸201H5\泸201H5 压裂施工曲线\泸201H5-2-11 压裂施工曲线.xlsx,Log Data,absolute,0,1757174458.0,1757184123.0,161.08333333333334,1.0,0,0,0,1.0,1.0,0.14,pre_pump_10min,600.0,599.0,0.014825999999999971,-0.0003333175925488593,primary,合格,0.01999999999999999,0.14,0.04999999999999999,0.03,0.03,-0.010000000000000009,0.0,0.006554061045007752,0.03,,True,1.0,0.1,15.0,0.4725297465080186,0.0,0.0,True,-0.010000000000000009,74,0,True,primary,C1,0.011538362919471596,C1,0.9967627556866767,False,0.9399198995658283,<1 MPa
671f66c8f3cf96,泸203H64,5,12,whole_stage,2,泸203H64|2-5,泸203H64|5|12,E:\压裂窜扰项目\02 规范化\泸203H64\泸203H64 邻井压力监测\泸203H64-5-12段压裂施工-1、2、3、4井秒点压力监测.xls,导出数据,2#套压(MPa),c1ace09e094b90b70538e5ee04edea11e4c94274f0759027d58ed9afa66c55d9,E:\压裂窜扰项目\02 规范化\泸203H64\泸203H64 压裂施工曲线\泸203H64-5-12 压裂施工曲线.csv,text,named_stage_clock_only,-1670889600,53095.0,62318.0,153.71666666666667,1.0,0,0,0,1.0,1.0,40.269,pre_pump_10min,600.0,599.0,0.019273799999997218,0.0016385228847896542,primary,合格,0.05299999999999727,40.256,0.0519999999999996,0.5450000000000017,0.5840000000000032,0.0,0.5380000000000038,0.27608370378401964,0.12399999999999523,20.416666666666668,False,0.1328201236040334,0.1,15.0,0.39499078390979075,0.0,0.0,False,,481,0,True,primary,C1,0.30110019121180687,C1,0.9073310216850767,False,0.9027765733303706,<1 MPa
6764e0c4c2be19,泸201H5,3,19,whole_stage,1,泸201H5|1-3,泸201H5|3|19,E:\压裂窜扰项目\02 规范化\泸201H5\泸201H5 邻井压力监测\泸201H5-3-19段压裂施工-1、2、4井压力监测.xls,导出数据,1井压力(MPa),944bd9aec9ea04ab7654bd59d99d9427e8112820d8804173eb52bcd7dfec1bdc,E:\压裂窜扰项目\02 规范化\泸201H5\泸201H5 压裂施工曲线\泸201H5-3-19 压裂施工曲线.xlsx,Log Data,absolute,0,1765972773.0,1765983854.0,184.68333333333334,1.0,0,0,0,1.0,1.0,43.21,pre_pump_10min,600.0,599.0,0.01482599999999705,-0.0014118539218174507,primary,合格,0.01999999999999602,43.2,0.03999999999999915,0.04999999999999716,0.04999999999999716,-0.10000000000000142,0.030000000000001137,-0.028696868513673104,0.020000000000003126,,True,1.0,0.1,15.0,0.4525764822669434,0.0,0.0,True,0.00999999999999801,162,0,True,primary,C1,0.04795515696888035,C1,0.9866150314782347,False,0.9386481798957377,<1 MPa
6787ab0f9b8dc6,泸201H5,3,9,whole_stage,2,泸201H5|2-3,泸201H5|3|9,E:\压裂窜扰项目\02 规范化\泸201H5\泸201H5 邻井压力监测\泸201H5-3-9段压裂施工-1、2、4井压力监测.xls,导出数据,2井压力(MPa),58e4ae3f25dd5202c8694a72f21459c5b3617996149856c158e3d2461f9ca92d,E:\压裂窜扰项目\02 规范化\泸201H5\泸201H5 压裂施工曲线\泸201H5-3-9 压裂施工曲线.xlsx,Log Data,absolute,0,1759654161.0,1759667303.0,219.03333333333333,1.0,0,0,0,1.0,1.0,55.28,pre_pump_10min,600.0,599.0,0.01482599999999705,0.0005730515918131951,primary,合格,0.030000000000001137,55.29,0.06999999999999318,0.0799999999999983,0.10000000000000142,-0.03999999999999915,-0.030000000000001137,0.014575026632170146,0.030000000000001137,,True,1.0,0.1,15.0,0.3443159336478466,0.0,0.0,True,-0.030000000000001137,206,0,True,primary,C1,0.029052528278043353,C1,0.9918337581331629,False,0.9387527794777887,<1 MPa
67e438ed492de3,泸203H91,3,5,whole_stage,2,泸203H91|2-3,泸203H91|3|5,E:\压裂窜扰项目\02 规范化\泸203H91\泸203H91 邻井压力监测\泸203H91-3-5段压裂施工-2井秒点压力监测.xls,导出数据,2#2井井口套压(MPa),c1d45504bce21dcb51cb91762c8793ee0adbafdf927e2efcffb04979e7ad6b82,E:\压裂窜扰项目\02 规范化\泸203H91\泸203H91 压裂施工曲线\泸203H91-3-5 压裂施工曲线（秒点）.xlsx,Log Data,named_stage_clock_only,-1693180800,29699.0,37977.0,137.96666666666667,1.0,0,0,0,1.0,4.0,57.62,pre_pump_10min,600.0,599.0,0.028169400000008088,0.004952943758183208,primary,合格,0.06499999999999773,57.652,0.07900000000000063,6.2790000000000035,6.286000000000001,-0.006999999999997897,6.286000000000001,2.8220550857695126,0.11899999999999977,6.25,False,0.04530079729403237,0.1,15.0,0.17563157258551915,99.91666666666667,25.416666666666668,True,-57.568999999999996,956,0,True,primary,C2,0.11963933530766843,C2,0.9653489685015612,False,0.3712694270518784,≥5 MPa
689b16f4c51770,泸206H8,4,1,whole_stage,7,泸206H8|4-7,泸206H8|4|1,E:\压裂窜扰项目\02 规范化\泸206H8\泸206H8 邻井压力监测\泸206H8-4-1段压裂施工-1、2、3、5、6、7、8井秒点压力监测.xls,导出数据,7井套压(MPa),4a5f67a41d14d5d4fb0a58397a2523db310d74078dac6f986aecf1c77eac6925,E:\压裂窜扰项目\02 规范化\泸206H8\泸206H8 压裂施工曲线\泸206H8-4-1 压裂施工曲线.xlsx,秒点数据,absolute,0,1751889358.0,1751899386.0,167.13333333333333,1.0,0,0,0,1.0,2.0,35.63,pre_pump_10min,358.0,357.0,0.0,0.00021914307186389037,primary,合格,0.010000000000005116,35.63,0.03999999999999915,0.10999999999999943,0.11999999999999744,-0.010000000000005116,0.0799999999999983,0.06021240526525485,0.020000000000003126,122.58333333333333,False,0.7334463502193858,0.1,15.0,0.46225191981649544,0.0,0.0,False,,1071,0,True,primary,C1,0.06807313875917013,C1,0.9805944059753261,False,0.9354403208377611,<1 MPa
690673803105dc,泸201H5,3,18,whole_stage,4,泸201H5|3-4,泸201H5|3|18,E:\压裂窜扰项目\02 规范化\泸201H5\泸201H5 邻井压力监测\泸201H5-3-18段压裂施工-1、2、4井压力监测.xls,导出数据,4井压力(MPa),8f2a35561fdb115788257ba8eb21fa076b7854201a08e5b954f7edd908540a73,E:\压裂窜扰项目\02 规范化\泸201H5\泸201H5 压裂施工曲线\泸201H5-3-18 压裂施工曲线.xlsx,Log Data,absolute,0,1763045798.0,1763056971.0,186.21666666666667,1.0,0,0,0,1.0,1.0,56.22,pre_pump_10min,600.0,599.0,0.04447800000000168,-0.012291534143151244,primary,合格,0.10000000000000142,56.17,0.0800000000000054,5.280000000000001,5.310000000000002,-0.1599999999999966,5.300000000000004,1.9960444822339578,0.09999999999999432,44.75,False,0.24031146513917478,0.13343400000000505,15.0,0.28891076702765595,107.41666666666667,9.833333333333334,True,5.590000000000003,160,0,True,primary,C2,0.6246277123357669,C2,0.7693885162560894,False,0.10115726431229974,≥5 MPa
691e1c6cc7acb4,泸208H2,6,4,whole_stage,8,泸208H2|6-8,泸208H2|6|4,E:\压裂窜扰项目\02 规范化\泸208H2\泸208H2 邻井压力监测\泸208H2-6-4段压裂施工-8井压力监测.xlsx,6-4-8,无表头_文件名井号,8f0a6cc13de496f31478958592cbcbf42c488baf8dfd4fa6da08e5eb33ca4374,E:\压裂窜扰项目\02 规范化\泸208H2\泸208H2 压裂施工曲线\泸208H2-6-4 压裂施工曲线（秒点）.xlsx,Log Data,named_stage_clock_only,0,28824.0,41049.0,203.75,1.0,0,68,0,1.0,2.0,53.545,pre_pump_10min,204.0,203.0,0.015419039999995667,-0.0024569845431904156,primary,合格,0.021000000000000796,53.5345,0.11539999999999395,3.229700000000001,3.2402000000000015,-0.05250000000000199,3.229700000000001,1.960514822085888,0.08389999999999986,13.5,False,0.06625766871165645,0.1,15.0,0.7524979524979525,151.0,0.0,True,3.3870000000000005,1583,0,True,primary,C2,1.5078284296658726,C2,0.3230097435292239,False,-0.23165977581369335,1–5 MPa
69be660851648e,泸201H5,1,7,whole_stage,4,泸201H5|1-4,泸201H5|1|7,E:\压裂窜扰项目\02 规范化\泸201H5\泸201H5 邻井压力监测\泸201H5-1-7段压裂施工-2、3、4井压力监测.xls,导出数据,4井压力(MPa),76f66ad58c68fdf5a17e1e31a3b204e3faa420c655bc1510b9c80686c4e68dbe,E:\压裂窜扰项目\02 规范化\泸201H5\泸201H5 压裂施工曲线\泸201H5-1-7 压裂施工曲线.xlsx,Log Data,absolute,0,1756541130.0,1756550865.0,162.25,1.0,0,0,0,1.0,1.0,31.48,pre_pump_10min,600.0,599.0,0.01482599999999705,-0.0005659682387985877,primary,合格,0.030000000000001137,31.48,0.05000000000000071,0.0,0.019999999999999574,-0.15000000000000213,-0.14000000000000057,-0.07868361581920942,0.020000000000003126,,True,1.0,0.1,15.0,0.41951720595788394,0.0,0.0,True,-0.16000000000000014,60,0,True,primary,C1,0.09163278327812979,C1,0.9749432450179347,False,0.9342074839043869,<1 MPa
69dc48c41f77ad,阳101H51,2,7,whole_stage,3,阳101H51|2-3,阳101H51|2|7,E:\压裂窜扰项目\02 规范化\阳101H51\阳101H51 邻井压力监测\阳101H51-2-7段压裂施工-1、3井秒点压力监测-2.xlsx,阳101H51-2井7段压裂期间1井、3井秒点数据2026.5,3井套压,e17dea253b24f5f9a569603869f23287f6ae6c362ac511bacf4967174899e456,E:\压裂窜扰项目\02 规范化\阳101H51\阳101H51 压裂施工曲线\阳101H51-2-7 压裂施工曲线（秒点）-3.xlsx,秒点数据,absolute,0,1777986130.0,1777999202.0,217.86666666666667,1.0,0,0,0,1.0,1.0,55.48,pre_pump_10min,600.0,599.0,0.0,-3.533343146257687e-06,primary,合格,0.010000000000005116,55.48,0.020000000000003126,6.380000000000003,6.380000000000003,0.010000000000005116,6.300000000000004,4.1525585220318275,0.10999999999999943,1.4166666666666667,False,0.006502447980416157,0.1,15.0,0.6465728274173806,189.08333333333334,73.25,True,6.200000000000003,2423,0,True,primary,C2,1.471837079820556,C2,0.677459716607632,False,0.4077507361241649,≥5 MPa
6a2793517b6b0e,阳101H34,4,13,whole_stage,2,阳101H34|2-4,阳101H34|4|13,E:\压裂窜扰项目\02 规范化\阳101H34\阳101H34 邻井压力监测\阳101H34-4-13段压裂施工-2、3井秒点压力监测.xls,导出数据,2#2井套压(MPa),dbc80d00acff0a980e1bf3a7d4de955decbf9dcb557d2fac68199c5811bbd280,E:\压裂窜扰项目\02 规范化\阳101H34\阳101H34 压裂施工曲线\阳101H34-4-13 压裂施工曲线.xls,秒点数据,named_stage_clock_only,-1748822400,38755.0,55453.0,278.3,1.0,0,0,0,1.0,1.0,43.4760932922363,pre_pump_10min,535.0,534.0,0.00974471969608706,-0.0015171863258493896,primary,合格,0.02629852294920454,43.4695205688477,0.04601669311519885,2.8135719299316975,2.833293914795,-0.019721984863302566,2.8267211914062997,1.1773614642405907,0.032871246337904836,69.33333333333333,False,0.249131632530842,0.1,15.0,0.2872799137621272,148.5,0.0,False,,2198,0,True,primary,C1,1.5156473005081355,C1,0.2158446139139713,False,0.5538410578248195,1–5 MPa
6a8a45c6aa7370,泸201H5,4,11,whole_stage,1,泸201H5|1-4,泸201H5|4|11,E:\压裂窜扰项目\02 规范化\泸201H5\泸201H5 邻井压力监测\泸201H5-4-11段压裂施工-1、2、3井压力监测.xls,导出数据,1井压力(MPa),2ee4b97b4120049325bd95b74c6b40bc363d4b03aba0dc61d00c2c649037d831,E:\压裂窜扰项目\02 规范化\泸201H5\泸201H5 压裂施工曲线\泸201H5-4-11 压裂施工曲线.xlsx,Log Data,absolute,0,1761119310.0,1761129373.0,167.71666666666667,1.0,0,0,0,1.0,1.0,49.52,pre_pump_10min,600.0,599.0,0.014826000000007585,-0.0012021033391779806,primary,合格,0.04999999999999716,49.5,0.05999999999999517,-0.010000000000005116,0.0,-0.07000000000000028,-0.05000000000000426,-0.04308357348703417,0.030000000000001137,,True,1.0,0.1,15.0,0.39451455828281823,0.0,0.0,True,-0.060000000000002274,210,0,True,primary,C1,0.04427704224568416,C1,0.9877288107460211,False,0.9385388559268969,<1 MPa
6a98472d267bab,泸201H5,2,21,whole_stage,4,泸201H5|2-4,泸201H5|2|21,E:\压裂窜扰项目\02 规范化\泸201H5\泸201H5 邻井压力监测\泸201H5-2-21段压裂施工-1、3、4井压力监测.xls,导出数据,4井压力(MPa),2cca037679818957bff2c1f3e1c495fc4b72263fc56dd95994fa7e69d9754dd5,E:\压裂窜扰项目\02 规范化\泸201H5\泸201H5 压裂施工曲线\泸201H5-2-21 压裂施工曲线.xlsx,Log Data,absolute,0,1758207846.0,1758218967.0,185.35,1.0,0,0,0,1.0,1.0,22.92,pre_pump_10min,600.0,599.0,0.01482599999999705,8.315023097426772e-05,primary,合格,0.0400000000000027,22.92,0.060000000000002274,0.00999999999999801,0.019999999999999574,-0.010000000000001563,0.0,0.0021059257261033543,0.019999999999999574,,True,1.0,0.1,15.0,0.32829781494469923,0.0,0.0,True,0.0,103,0,True,primary,C1,0.011811010778588229,C1,0.9966906584270936,False,0.9402779893853995,<1 MPa
6b9d3f991fd3ff,泸201H5,4,15,whole_stage,3,泸201H5|3-4,泸201H5|4|15,E:\压裂窜扰项目\02 规范化\泸201H5\泸201H5 邻井压力监测\泸201H5-4-15段压裂施工-1、2、3井压力监测.xls,导出数据,3井压力(MPa),92f8ad8b8bfbcb3fe3d682813668d43df5a5266238176a3afddae5730c8ee272,E:\压裂窜扰项目\02 规范化\泸201H5\泸201H5 压裂施工曲线\泸201H5-4-15 压裂施工曲线.xlsx,Log Data,absolute,0,1761641133.0,1761649163.0,133.83333333333334,1.0,0,0,0,1.0,1.0,51.07,pre_pump_10min,600.0,599.0,0.029652000000004633,0.0026344573179411307,primary,合格,0.060000000000002274,51.06,0.10000000000000142,2.1799999999999997,2.1899999999999977,-0.03999999999999915,2.1799999999999997,0.8155647571606471,0.13000000000000256,23.666666666666668,False,0.1768368617683686,0.1,15.0,0.42216687422166876,50.333333333333336,0.0,True,2.450000000000003,224,0,True,primary,C1,1.050844528035396,C1,0.5631949417222767,False,0.7273608415457982,1–5 MPa
6bb13533105e59,泸201H5,3,21,whole_stage,4,泸201H5|3-4,泸201H5|3|21,E:\压裂窜扰项目\02 规范化\泸201H5\泸201H5 邻井压力监测\泸201H5-3-21段压裂施工-1、2、4井压力监测.xls,导出数据,4井压力(MPa),4d867775bf9c82842cbd3130a6fe95954e6d587a560410782ce23d1c601af722,E:\压裂窜扰项目\02 规范化\泸201H5\泸201H5 压裂施工曲线\泸201H5-3-21 压裂施工曲线.xlsx,Log Data,absolute,0,1766403980.0,1766415172.0,186.53333333333333,1.0,0,0,0,1.0,1.0,51.97,pre_pump_10min,600.0,599.0,0.01482599999999705,-0.0035931766477076874,primary,合格,0.05000000000000426,51.94,0.0799999999999983,1.740000000000002,1.759999999999998,-0.07000000000000028,1.759999999999998,0.6254074338813447,0.05000000000000426,53.083333333333336,False,0.28457827019299503,0.1,15.0,0.31620800571837027,56.25,0.0,True,1.8700000000000045,172,0,True,primary,C1,0.8401684711248146,C1,0.6810702816082181,False,0.7887057541681314,1–5 MPa
6bba65da5894e6,泸206H8,4,2,whole_stage,7,泸206H8|4-7,泸206H8|4|2,E:\压裂窜扰项目\02 规范化\泸206H8\泸206H8 邻井压力监测\泸206H8-4-2段压裂施工-1、2、3、5、6、7、8井秒点压力监测.xls,导出数据,7井套压(MPa),894b34bc0681b2c15e1edbc46e23f9a722a1337ae87d03deae95fd1831539ce1,E:\压裂窜扰项目\02 规范化\泸206H8\泸206H8 压裂施工曲线\泸206H8-4-2 压裂施工曲线.xlsx,秒点数据,absolute,0,1752066609.0,1752076477.0,164.46666666666667,1.0,0,0,0,1.0,7.0,36.33,pre_pump_10min,309.0,308.0,0.014826000000007585,-0.0072533667397384535,primary,合格,0.03999999999999915,36.33,0.060000000000002274,0.3299999999999983,0.3400000000000034,-0.28999999999999915,0.1600000000000037,0.11832995541143271,0.14000000000000057,7.916666666666667,False,0.04813538710985002,0.1,15.0,0.3627053336037315,0.0,0.0,False,,1127,0,True,primary,C1,0.17360967867329155,C1,0.9502637354498676,False,0.9207211524438844,<1 MPa
6bbd295ce48a09,泸203H76,3,11,whole_stage,4,泸203H76|3-4,泸203H76|3|11,E:\压裂窜扰项目\02 规范化\泸203H76\泸203H76 邻井压力监测\泸203H76平台-3井-11段压裂施工-1、2、4井秒点压力监测.xlsx,Sheet1,4井,36790e3359bfeb4246458db1a0270899a36b5516a1be44ddab7c4785d51c5a05,E:\压裂窜扰项目\02 规范化\泸203H76\泸203H76 压裂施工曲线\泸203H76-3-11 压裂施工曲线（秒点）.xlsx,Sheet1,named_stage_clock_only,-1679097600,46415.0,53794.0,122.98333333333333,1.0,0,0,0,1.0,1.0,53.2928,pre_pump_10min,515.0,514.0,0.031134600000001178,-0.005735489385921588,primary,合格,0.06300000000000239,53.2718,0.4200000000000017,4.631,4.725500000000004,-0.031500000000001194,4.641500000000001,2.646607318064779,0.23100000000000165,4.0,False,0.03252473234855671,0.1,15.0,0.6740750779238379,97.58333333333333,0.0,True,4.652000000000001,825,0,True,primary,C2,0.8207234984133104,C2,0.7253863063052575,False,0.18666788550969346,1–5 MPa
6c1cfab79799fd,泸201H5,1,18,whole_stage,4,泸201H5|1-4,泸201H5|1|18,E:\压裂窜扰项目\02 规范化\泸201H5\泸201H5 邻井压力监测\泸201H5-1-18段压裂施工-2、3、4井压力监测.xls,导出数据,4井压力(MPa),52dcc0cb49c2a904d248c51921abcc51d72d26d92e2df7e262cfd6276895b5b0,E:\压裂窜扰项目\02 规范化\泸201H5\泸201H5 压裂施工曲线\泸201H5-1-18 压裂施工曲线.xlsx,Log Data,absolute,0,1758006636.0,1758015972.0,155.6,1.0,0,0,0,1.0,1.0,22.15,pre_pump_10min,600.0,599.0,0.01482599999999705,2.7533409817177073e-05,primary,合格,0.030000000000001137,22.15,0.060000000000002274,0.0,0.010000000000001563,-0.029999999999997584,-0.019999999999999574,-0.008791238217651227,0.029999999999997584,,True,1.0,0.1,15.0,0.34243787489288774,0.0,0.0,True,-0.019999999999999574,30,0,True,primary,C1,0.016598938992834815,C1,0.9953635405511123,False,0.9402371111333724,<1 MPa
6c7e0c04841d46,泸203H64,3,9,whole_stage,4,泸203H64|3-4,泸203H64|3|9,E:\压裂窜扰项目\02 规范化\泸203H64\泸203H64 邻井压力监测\泸203H64-3-9段压裂施工-1、2、4、5井秒点压力监测.xls,导出数据,4#套压(MPa),e9b3122fdbf44013b6d70a894d37688eb55c7825f5c5b4bb5daa87f91a9c149c,E:\压裂窜扰项目\02 规范化\泸203H64\泸203H64 压裂施工曲线\泸203H64-3-9 压裂施工曲线.csv,text,named_stage_clock_only,-1672099200,53895.0,66245.0,205.83333333333334,1.0,0,0,0,1.0,1.0,48.707,pre_pump_10min,195.0,194.0,0.019273799999997218,0.019339655925797693,primary,合格,0.05999999999999517,48.713,0.03999999999999915,0.0,0.012999999999998124,-0.3610000000000042,-0.3610000000000042,-0.18496048582996022,0.07899999999999352,,True,1.0,0.1,15.0,0.3551417004048583,0.0,0.0,False,,414,0,True,primary,C1,0.2113736873361031,C1,0.9439893138817372,False,0.916490911774578,<1 MPa
6cb23f110791e0,泸201H5,3,3,whole_stage,4,泸201H5|3-4,泸201H5|3|3,E:\压裂窜扰项目\02 规范化\泸201H5\泸201H5 邻井压力监测\泸201H5-3-3段压裂施工-1、2、4井压力监测.xls,导出数据,4井压力(MPa),7d00067aacf6395f5ec53c18ea9d9ed7f332a75a1a27ab1c106b44ca58a4d1a3,E:\压裂窜扰项目\02 规范化\泸201H5\泸201H5 压裂施工曲线\泸201H5-3-3 压裂施工曲线.xlsx,Log Data,absolute,0,1759158778.0,1759168776.0,166.63333333333333,1.0,0,0,0,1.0,1.0,23.14,pre_pump_10min,600.0,599.0,0.01482599999999705,0.0018011716699204384,primary,合格,0.030000000000001137,23.15,0.060000000000002274,0.879999999999999,0.8900000000000006,0.00999999999999801,0.879999999999999,0.383952290458091,0.030000000000001137,24.416666666666668,False,0.14652930586117224,0.1,15.0,0.35627125425085016,0.0,0.0,True,0.9800000000000004,187,0,True,primary,C1,0.4478753067676255,C1,0.854553069470346,False,0.8772869004887,<1 MPa
6cb6a352ab53cf,泸201H5,2,3,whole_stage,1,泸201H5|1-2,泸201H5|2|3,E:\压裂窜扰项目\02 规范化\泸201H5\泸201H5 邻井压力监测\泸201H5-2-3段压裂施工-1、3、4井压力监测.xls,导出数据,1井压力(MPa),ced761a03e67f69037d6aa06df8963a158a27642112351754d58103ae78bfecc,E:\压裂窜扰项目\02 规范化\泸201H5\泸201H5 压裂施工曲线\泸201H5-2-3 压裂施工曲线.xlsx,Log Data,absolute,0,1755932082.0,1755941508.0,157.1,1.0,0,0,0,1.0,1.0,54.14,pre_pump_10min,600.0,599.0,0.0296519999999941,-0.0015831043975094736,primary,合格,0.04099999999999682,54.12,0.04000000000000625,0.269999999999996,0.28000000000000114,-0.04999999999999716,0.269999999999996,0.08325535752174804,0.030000000000001137,91.16666666666667,False,0.5803097814555486,0.1,15.0,0.44133248461701674,0.0,0.0,True,0.3100000000000023,117,0,True,primary,C1,0.11898146138981883,C1,0.9653197161873286,False,0.9299217612009683,<1 MPa
6d0a792f33dc29,泸208H2,9,20,whole_stage,8,泸208H2|8-9,泸208H2|9|20,E:\压裂窜扰项目\02 规范化\泸208H2\泸208H2 邻井压力监测\泸208H2-9-20段压裂施工-8井压力监测.xlsx,9-20-8,无表头_文件名井号,215a1bfdcab27ff75f51373e1831b41246d931d12ac6099ccdd711e30d770d3b,E:\压裂窜扰项目\02 规范化\泸208H2\泸208H2 压裂施工曲线\泸208H2-9-20 压裂施工曲线（秒点）.xlsx,秒点数据,named_stage_clock_only,1726272000,1726309294.0,1726322475.0,219.68333333333334,1.0,0,0,0,1.0,1.0,53.9015,pre_pump_10min,600.0,599.0,0.015567300000000589,9.48509301450207e-05,primary,合格,0.04200000000000159,53.912,0.14679999999999893,1.9714000000000027,1.9923000000000002,-0.021000000000000796,1.9817999999999998,0.99911042409529,0.07339999999999947,22.5,False,0.10242015021622032,0.1,15.0,0.7384872164479175,118.08333333333333,0.0,True,2.1182000000000016,1753,0,True,primary,C1,1.1556671187819714,C1,0.5131088353641718,False,0.6925226375456264,1–5 MPa
6d0d57f6ade004,泸206H8,4,19,whole_stage,3,泸206H8|3-4,泸206H8|4|19,E:\压裂窜扰项目\02 规范化\泸206H8\泸206H8 邻井压力监测\泸206H8-4-19段压裂施工-1、2、3、5、6、7、8井秒点压力监测.xls,导出数据,3井套压1(MPa),fa9c0bb798c396e5b88ccc97c0ae3c0545cd6a3ce39eee8d5acd04f8402e1630,E:\压裂窜扰项目\02 规范化\泸206H8\泸206H8 压裂施工曲线\泸206H8-4-19 压裂施工曲线.xlsx,秒点数据,absolute,0,1753861090.0,1753876681.0,259.85,1.0,0,0,0,1.0,1.0,56.23,pre_pump_10min,190.0,189.0,0.014826000000007585,-0.0013399992126690839,primary,合格,0.03999999999999915,56.23,0.0799999999999983,9.56000000000001,9.589999999999996,-0.01999999999999602,9.589999999999996,4.714791546404981,0.21999999999999886,20.916666666666668,False,0.0804951574626387,0.1,15.0,0.3285870053235841,210.75,117.0,False,,1053,0,True,primary,C2,1.8116791946743176,C2,0.678477180242871,False,0.49584178576531546,≥5 MPa
6e16d6a6c078fc,泸201H5,4,5,whole_stage,1,泸201H5|1-4,泸201H5|4|5,E:\压裂窜扰项目\02 规范化\泸201H5\泸201H5 邻井压力监测\泸201H5-4-5段压裂施工-1、2、3井压力监测.xls,导出数据,1井压力(MPa),f3160bff8c500ecdd16dd2d966a3c75a7e7218eece67c82b0c684e2801085081,E:\压裂窜扰项目\02 规范化\泸201H5\泸201H5 压裂施工曲线\泸201H5-4-5 压裂施工曲线.xlsx,Log Data,absolute,0,1760081789.0,1760096105.0,238.6,1.0,0,0,0,1.0,1.0,52.49,pre_pump_10min,600.0,599.0,0.01482599999999705,0.0020407556687671476,primary,合格,0.03999999999999915,52.5,0.04999999999999716,0.11999999999999744,0.11999999999999744,0.0,0.10000000000000142,0.049105196982395856,0.020000000000003126,220.0,False,0.9220452640402347,0.1,15.0,0.40800502933780386,0.0,0.0,True,0.10000000000000142,267,0,True,primary,C1,0.04708800894880086,C1,0.9866040982169817,False,0.9371680511790438,<1 MPa
6eb33203c70797,泸201H5,1,4,whole_stage,3,泸201H5|1-3,泸201H5|1|4,E:\压裂窜扰项目\02 规范化\泸201H5\泸201H5 邻井压力监测\泸201H5-1-4段压裂施工-2、3、4井压力监测.xls,导出数据,3井压力(MPa),8a03945a1e02e348e0dc1806873d19ce3e2322760c9d4ad50c8c0430b22dff46,E:\压裂窜扰项目\02 规范化\泸201H5\泸201H5 压裂施工曲线\泸201H5-1-4 压裂施工曲线.xlsx,Log Data,absolute,0,1756029332.0,1756038780.0,157.46666666666667,1.0,0,0,0,1.0,1.0,0.05,pre_pump_10min,600.0,599.0,0.0,7.6566879352445e-05,primary,合格,0.010000000000000002,0.05,0.04000000000000001,0.039999999999999994,0.039999999999999994,-0.020000000000000004,0.039999999999999994,0.013828323454699405,0.020000000000000004,,True,1.0,0.1,15.0,0.5300592718035563,0.0,0.0,True,0.05,53,0,True,primary,C1,0.014061110373782354,C1,0.9960408779129557,False,0.9398920778428738,<1 MPa
6fc1c8a23806b9,泸201H5,2,12,whole_stage,3,泸201H5|2-3,泸201H5|2|12,E:\压裂窜扰项目\02 规范化\泸201H5\泸201H5 邻井压力监测\泸201H5-2-12段压裂施工-1、3、4井压力监测.xls,导出数据,3井压力(MPa),55483db40d5c609ca7fb41de4e0712db80493af40a50e93f341fcb9d1dc2f54e,E:\压裂窜扰项目\02 规范化\泸201H5\泸201H5 压裂施工曲线\泸201H5-2-12 压裂施工曲线.xlsx,Log Data,absolute,0,1757313718.0,1757322931.0,153.55,1.0,0,0,0,1.0,1.0,0.09,pre_pump_10min,600.0,599.0,0.0,-0.00026073405759460377,primary,合格,0.020000000000000004,0.09,0.039999999999999994,0.0,0.010000000000000009,-0.01999999999999999,0.0,-0.0018007163790296308,0.01999999999999999,,True,1.0,0.1,15.0,0.5105828720286552,0.0,0.0,True,-0.009999999999999995,77,0,True,primary,C1,0.015658964217748705,C1,0.9956186773241065,False,0.9402756753112856,<1 MPa
6ff6645d244646,泸203H64,3,10,whole_stage,5,泸203H64|3-5,泸203H64|3|10,E:\压裂窜扰项目\02 规范化\泸203H64\泸203H64 邻井压力监测\泸203H64-3-10段压裂施工-1、2、4、5井秒点压力监测.xls,导出数据,5#套压(MPa),e8cbba743ae05e675bcef4399e0d92d19f07ac1b4bac9de49f0e79a9710ea77f,E:\压裂窜扰项目\02 规范化\泸203H64\泸203H64 压裂施工曲线\泸203H64-3-10 压裂施工曲线.csv,text,named_stage_clock_only,-1672185600,45800.0,59822.0,233.7,1.0,0,0,0,1.0,1.0,45.943,pre_pump_10min,200.0,199.0,0.020756400000004296,-0.00720967524188831,primary,合格,0.04800000000000182,45.923,0.07500000000000284,5.722999999999999,5.75,-0.10199999999999676,5.75,2.375974504350309,0.08899999999999864,46.916666666666664,False,0.20075595492797033,0.1,15.0,0.2476108971616032,152.66666666666666,28.916666666666668,False,,359,0,True,primary,C2,0.3285953685614727,C2,0.892892590671477,False,0.2637619528476207,≥5 MPa
704e6c25fd9d72,泸201H5,2,10,whole_stage,3,泸201H5|2-3,泸201H5|2|10,E:\压裂窜扰项目\02 规范化\泸201H5\泸201H5 邻井压力监测\泸201H5-2-10段压裂施工-1、3、4井压力监测.xls,导出数据,3井压力(MPa),d95861c0e6ec0c21af85ff06f8ebad3fd730d852877738f652c6267b34a7e9f6,E:\压裂窜扰项目\02 规范化\泸201H5\泸201H5 压裂施工曲线\泸201H5-2-10 压裂施工曲线.xlsx,Log Data,absolute,0,1757092446.0,1757102174.0,162.13333333333333,1.0,0,0,0,1.0,1.0,0.09,pre_pump_10min,600.0,599.0,0.0,-0.00023771732699256774,primary,合格,0.03,0.09,0.04,0.0,0.0,-0.06,-0.049999999999999996,-0.020456414473684202,0.020000000000000004,,True,1.0,0.1,15.0,0.5785361842105263,0.0,0.0,True,-0.049999999999999996,71,0,True,primary,C1,0.028985932461719204,C1,0.9919344165743136,False,0.939885189829617,<1 MPa
7183e2e6998819,泸201H5,3,5,whole_stage,1,泸201H5|1-3,泸201H5|3|5,E:\压裂窜扰项目\02 规范化\泸201H5\泸201H5 邻井压力监测\泸201H5-3-5段压裂施工-1、2、4井压力监测.xls,导出数据,1井压力(MPa),1511685a783b5fe0280ebad95ff8910cc348479ee5b329788e60ad3ccb554710,E:\压裂窜扰项目\02 规范化\泸201H5\泸201H5 压裂施工曲线\泸201H5-3-5 压裂施工曲线.xlsx,Log Data,absolute,0,1759304599.0,1759314459.0,164.33333333333334,1.0,0,0,0,1.0,1.0,54.81,pre_pump_10min,600.0,599.0,0.01482599999999705,9.861694060571244e-05,primary,合格,0.030000000000001137,54.81,0.05000000000000426,0.0,0.00999999999999801,-0.09000000000000341,-0.07000000000000028,-0.04525050709939362,0.020000000000003126,,True,1.0,0.1,15.0,0.3929006085192698,0.0,0.0,True,-0.060000000000002274,192,0,True,primary,C1,0.057588939691638835,C1,0.9840921335214237,False,0.9380566355378632,<1 MPa
72e08cdfb51751,泸208H2,10,19,whole_stage,9,泸208H2|10-9,泸208H2|10|19,E:\压裂窜扰项目\02 规范化\泸208H2\泸208H2 邻井压力监测\泸208H2-10-19段压裂施工-9井压力监测.xlsx,10-19-9,无表头_文件名井号,57b5c2b826cac4a553c4e7a09101767aee3d2f48d0146e2c18d67136a904d59a,E:\压裂窜扰项目\02 规范化\泸208H2\泸208H2 压裂施工曲线\泸208H2-10-19 压裂施工曲线（秒点）.xlsx,秒点数据,named_stage_clock_only,1726790400,1726835767.0,1726846916.0,185.81666666666666,1.0,0,0,0,1.0,1.0,49.0894,pre_pump_10min,351.0,350.0,0.015567300000000589,-0.0012667832167880472,primary,合格,0.031500000000001194,49.0894,0.14699999999999847,7.466300000000004,7.487200000000001,-0.021000000000000796,7.466300000000004,4.053696031034176,0.15749999999999886,8.083333333333334,False,0.043501659341644995,0.1,15.0,0.7375549376625706,160.91666666666666,38.166666666666664,True,8.253800000000005,1438,0,True,primary,C2,1.4770244595240616,C2,0.6709313888856326,False,0.40741967216875385,≥5 MPa
72fa1c7670245d,泸201H5,3,14,whole_stage,1,泸201H5|1-3,泸201H5|3|14,E:\压裂窜扰项目\02 规范化\泸201H5\泸201H5 邻井压力监测\泸201H5-3-14段压裂施工-1、2、4井压力监测.xls,导出数据,1井压力(MPa),0bb98bef9d9f27265033506a3337891ab794522c6285c6cfadf03bffdba9dc42,E:\压裂窜扰项目\02 规范化\泸201H5\泸201H5 压裂施工曲线\泸201H5-3-14 压裂施工曲线.xlsx,Log Data,absolute,0,1762587711.0,1762598141.0,173.83333333333334,1.0,0,0,0,1.0,1.0,41.55,pre_pump_10min,600.0,599.0,0.01482599999999705,-0.0004698846385663363,primary,合格,0.020000000000003126,41.55,0.03999999999999915,0.0,0.010000000000005116,-0.09999999999999432,-0.0899999999999963,-0.06408724832214506,0.020000000000003126,,True,1.0,0.1,15.0,0.4613614573346117,0.0,0.0,True,-0.09999999999999432,150,0,True,primary,C1,0.07482876077679076,C1,0.9794281122108837,False,0.9362998619591049,<1 MPa
72fbe26fa1ae36,泸201H5,3,7,whole_stage,4,泸201H5|3-4,泸201H5|3|7,E:\压裂窜扰项目\02 规范化\泸201H5\泸201H5 邻井压力监测\泸201H5-3-7段压裂施工-1、2、4井压力监测.xls,导出数据,4井压力(MPa),56fbbc3650a396cb5b03df215b7b5bcc0795f4f1eb6e343ad589003f3f77248f,E:\压裂窜扰项目\02 规范化\泸201H5\泸201H5 压裂施工曲线\泸201H5-3-7 压裂施工曲线.xlsx,Log Data,absolute,0,1759481600.0,1759491299.0,161.65,1.0,0,0,0,1.0,3.0,44.11,pre_pump_10min,600.0,599.0,0.01482599999999705,-0.004572029366745404,primary,合格,0.03999999999999915,44.09,0.07000000000000028,-0.01999999999999602,-0.01999999999999602,-0.3200000000000003,-0.13000000000000256,-0.22508918445200493,0.020000000000003126,,True,1.0,0.1,15.0,0.3286583479426627,0.0,0.0,True,-0.030000000000001137,199,0,True,primary,C1,0.24016138928820607,C1,0.9361628568228373,False,0.9127078604845394,<1 MPa
7376b7ce3418fb,泸203H64,4,10,whole_stage,5,泸203H64|4-5,泸203H64|4|10,E:\压裂窜扰项目\02 规范化\泸203H64\泸203H64 邻井压力监测\泸203H64-4-10段压裂施工-1、2、3、5井秒点压力监测.xls,导出数据,5#套压(MPa),b868fff0f2c2f5df5928ab822f7f8a8e434537aab06d402a9e4514646072cab5,E:\压裂窜扰项目\02 规范化\泸203H64\泸203H64 压裂施工曲线\泸203H64-4-10 压裂施工曲线.csv,text,named_stage_clock_only,-1671494400,26094.0,35162.0,151.13333333333333,1.0,0,0,0,1.0,1.0,44.47,pre_pump_10min,600.0,599.0,0.02075639999999903,-0.003240685668567026,primary,合格,0.06099999999999994,44.47,0.28000000000000114,0.13600000000000279,0.20400000000000063,-0.22500000000000142,0.15700000000000358,-0.09901042126157798,0.12899999999999778,142.66666666666666,False,0.9439788266431407,0.1,15.0,0.2688575209528011,0.0,0.0,True,0.21800000000000352,419,0,True,primary,C1,0.12761928561292885,C1,0.9644663833845767,False,0.9290646284392187,<1 MPa
73a6caf56c0930,泸201H5,1,23,whole_stage,4,泸201H5|1-4,泸201H5|1|23,E:\压裂窜扰项目\02 规范化\泸201H5\泸201H5 邻井压力监测\泸201H5-1-23段压裂施工-2、3、4井压力监测.xls,导出数据,4井压力(MPa),36dac3b344ced1d24c8821c9eed981a6dc9ad5f5f28766e3de7a7730233b7d8e,E:\压裂窜扰项目\02 规范化\泸201H5\泸201H5 压裂施工曲线\泸201H5-1-23 压裂施工曲线.xlsx,Log Data,absolute,0,1758524916.0,1758530149.0,87.21666666666667,1.0,0,0,0,1.0,1.0,22.43,pre_pump_10min,600.0,599.0,0.01482599999999705,-0.0007331353698203347,primary,合格,0.029999999999997584,22.425,0.060000000000002274,0.0,0.010000000000001563,-0.019999999999999574,-0.00999999999999801,-0.0035677431683539965,0.019999999999999574,,True,1.0,0.1,15.0,0.3260080259889165,0.0,0.0,True,-0.00999999999999801,42,0,True,primary,C1,0.013022383181831292,C1,0.9963557337833714,False,0.9403498141334248,<1 MPa
74086c3c1e306f,泸208H2,6,5,whole_stage,7,泸208H2|6-7,泸208H2|6|5,E:\压裂窜扰项目\02 规范化\泸208H2\泸208H2 邻井压力监测\泸208H2-6-5段压裂施工-7井压力监测.xlsx,6-5-7,无表头_文件名井号,5c338b3cddcf186a02df5fb4b50e26a81db7de9e8e946818b6c854b1be05fdb0,E:\压裂窜扰项目\02 规范化\泸208H2\泸208H2 压裂施工曲线\泸208H2-6-5 压裂施工曲线（秒点）.xlsx,Log Data,named_stage_clock_only,0,39222.0,47151.0,132.15,1.0,0,129,0,1.0,8.0,57.481,pre_pump_10min,198.0,199.0,0.0,0.0037492112981842565,primary,合格,0.021000000000000796,57.481,0.0630999999999986,4.058099999999996,4.079099999999997,0.021000000000000796,4.068599999999996,2.1656954723168105,0.08399999999999608,1.9166666666666667,False,0.014503720519611553,0.1,15.0,0.7586909461352349,106.33333333333333,0.0,True,3.6796000000000006,1584,0,True,primary,C2,1.175154577375889,C2,0.5156300855218735,False,-0.09018366162731017,1–5 MPa
74bad7654f8a96,阳101H51,2,8,whole_stage,1,阳101H51|1-2,阳101H51|2|8,E:\压裂窜扰项目\02 规范化\阳101H51\阳101H51 邻井压力监测\阳101H51-2-8段压裂施工-1、3井秒点压力监测-2.xlsx,阳101H51-2井8段压裂期间1井、3井秒点数据2026.5,1井套压,7cf49b1a0d4603213f209262041b9ae6d04c5d615ab8b7fffa58b665f109bc33,E:\压裂窜扰项目\02 规范化\阳101H51\阳101H51 压裂施工曲线\阳101H51-2-8 压裂施工曲线（秒点）.xlsx,秒点数据,absolute,0,1778427559.0,1778438725.0,186.1,1.0,0,0,0,1.0,1.0,54.16,pre_pump_10min,600.0,599.0,0.01482599999999705,0.0027879744110398444,primary,合格,0.030000000000001137,54.16,0.030000000000001137,3.9000000000000057,3.9200000000000017,0.0,3.9200000000000017,1.7962049973132759,0.05000000000000426,26.333333333333332,False,0.1415009851334408,0.1,15.0,0.6411427547913309,119.08333333333333,0.0,True,4.140000000000001,2426,0,True,primary,C2,1.255038072666101,C2,0.4336664373905412,False,-0.1920375619554945,1–5 MPa
74f87645c3a364,泸201H5,4,26,whole_stage,3,泸201H5|3-4,泸201H5|4|26,E:\压裂窜扰项目\02 规范化\泸201H5\泸201H5 邻井压力监测\泸201H5-4-26段压裂施工-1、2、3井压力监测.xls,导出数据,3井压力(MPa),6c7b77cd0ef8427817c89c5048eec297a18686eaaf8d9935a73429a1a39dc391,E:\压裂窜扰项目\02 规范化\泸201H5\泸201H5 压裂施工曲线\泸201H5-4-26 压裂施工曲线.xlsx,Log Data,absolute,0,1766231691.0,1766242309.0,176.96666666666667,1.0,0,0,0,1.0,1.0,47.03,pre_pump_10min,600.0,599.0,0.01482599999999705,0.0002472673535224687,primary,合格,0.05000000000000426,47.05,0.09000000000000341,4.310000000000002,4.350000000000001,-0.05000000000000426,4.350000000000001,1.848836880768505,0.14000000000000057,15.75,False,0.08899981164061029,0.1,15.0,0.3910340930495385,117.16666666666667,0.0,True,4.689999999999998,254,0,True,primary,C2,1.1453337608231577,C2,0.4927726744476331,False,-0.1540911800047363,1–5 MPa
76acb756b25a9d,阳101H33,2,6,whole_stage,1,阳101H33|1-2,阳101H33|2|6,E:\压裂窜扰项目\02 规范化\阳101H33\阳101H33 邻井压力监测\阳101H33-2-6段压裂施工-1井压力监测.xlsx,2-6-1,无表头_文件名井号,0fb2ea51d3cd39970082cf38c94dc81c7f4c6962d8a55cda192abe95675afe92,E:\压裂窜扰项目\02 规范化\阳101H33\阳101H33 压裂施工曲线\阳101H33-2-6 压裂施工曲线-2.xls,text,absolute,0,1727249688.0,1727262333.0,210.75,1.0,0,0,0,1.0,1.0,46.082,pre_pump_10min,288.0,287.0,0.010378199999996882,-0.004466907997052218,primary,合格,0.032999999999994145,46.082,0.07200000000000273,9.883000000000003,9.929000000000002,-0.012999999999998124,9.921999999999997,4.1342245551601415,0.15800000000000125,27.083333333333332,False,0.1285092922103598,0.1,15.0,0.2379596678529063,147.58333333333334,107.16666666666667,True,10.820999999999998,2075,0,True,primary,C2,1.408351767938062,C2,0.7277675015310803,False,0.49198944386628474,≥5 MPa
775e1cb41c2d18,泸201H5,4,6,whole_stage,1,泸201H5|1-4,泸201H5|4|6,E:\压裂窜扰项目\02 规范化\泸201H5\泸201H5 邻井压力监测\泸201H5-4-6段压裂施工-1、2、3井压力监测.xls,导出数据,1井压力(MPa),e7cbba1da866e6b3f9533ba9307acc886b481fb528b1b59dbdd15398820134f0,E:\压裂窜扰项目\02 规范化\泸201H5\泸201H5 压裂施工曲线\泸201H5-4-6 压裂施工曲线.xlsx,Log Data,absolute,0,1760170208.0,1760184233.0,233.75,1.0,0,0,0,1.0,1.0,52.26,pre_pump_10min,600.0,599.0,0.01482599999999705,0.0015041541782074754,primary,合格,0.030000000000001137,52.28,0.05000000000000426,0.0800000000000054,0.0800000000000054,-0.00999999999999801,0.030000000000001137,0.03375650623886099,0.030000000000001137,,True,1.0,0.1,15.0,0.4045632798573975,0.0,0.0,True,0.07000000000000028,270,0,True,primary,C1,0.03109641476790762,C1,0.9912058725618216,False,0.9382103754325716,<1 MPa
776ce316ce647b,泸203H153,5,2,whole_stage,6,泸203H153|5-6,泸203H153|5|2,E:\压裂窜扰项目\02 规范化\泸203H153\泸203H153 邻井压力监测\泸203H153-5-2段压裂施工-6井套压压力监测.xls,导出数据,6井套压(MPa),67c8f75a7ddef51543e922a95f66d114f29703495f342ea4afb62a3235c234cb,E:\压裂窜扰项目\02 规范化\泸203H153\泸203H153 压裂施工曲线\泸203H153-5-2 压裂施工曲线.xlsx,分点数据,absolute,0,1706691643.0,1706703303.0,194.33333333333334,1.0,0,0,0,1.0,5.0,38.09,pre_pump_10min,600.0,599.0,0.014826000000007585,-0.004174861596834503,primary,合格,0.03999999999999915,38.08,0.05000000000000426,0.45999999999999375,0.46999999999999886,-0.490000000000002,0.45999999999999375,-0.23432289879931764,0.09000000000000341,185.08333333333334,False,0.9524013722126929,0.1,15.0,0.4203843514070007,0.0,0.0,True,6.469999999999999,335,0,True,primary,C1,0.29838837229060877,C1,0.9199624582721219,False,0.9027113323975142,<1 MPa
77cb5e4af8be07,泸203H9,2,28,whole_stage,1,泸203H9|1-2,泸203H9|2|28,E:\压裂窜扰项目\02 规范化\泸203H9\泸203H9 邻井压力监测\泸203H9-2井28段压裂期间1井压力秒点数据.xls,导出数据,1#套压(MPa),8fb2ddd501de4e8be88cf1cfcf525d9f0fecb52c041b48003a17e0b34f2b009f,E:\压裂窜扰项目\02 规范化\泸203H9\泸203H9 压裂施工曲线\泸203H9-2-28 压裂施工曲线.xlsx,LogData(s),named_stage_clock_only,-1701388800,28223.0,34910.0,111.45,1.0,0,0,0,1.0,2.0,50.1571884155273,pre_pump_10min,203.0,202.0,0.009733408355649682,-0.008722739981227055,primary,合格,0.03281021118159799,50.1440620422363,0.04593658447270599,3.3403129577637003,3.3534355163575,-0.019687652587798254,3.3468742370605966,1.5475425543561359,0.08531188964850145,12.833333333333334,False,0.11514879617167639,0.1,15.0,0.2655044739278001,63.916666666666664,0.0,False,,970,0,True,primary,C2,1.5351017215598484,C2,0.20181247765863938,False,-0.3612088149334646,1–5 MPa
77deffcb8b68d0,阳101H33,3,4,whole_stage,2,阳101H33|2-3,阳101H33|3|4,E:\压裂窜扰项目\02 规范化\阳101H33\阳101H33 邻井压力监测\阳101H33-3-4段压裂施工-2井压力监测.xlsx,3-4-2,无表头_文件名井号,453ca479ce883c765fc3ec04f07cc5d1d3afc3b7b49edebaf14bb83b1da7633e,E:\压裂窜扰项目\02 规范化\阳101H33\阳101H33 压裂施工曲线\阳101H33-3-4 压裂施工曲线-3.xls,text,named_stage_clock_only,-1726963200,43599.0,52991.0,156.53333333333333,1.0,0,0,0,1.0,2.0,41.278,pre_pump_10min,399.0,398.0,0.008895600000000337,-0.0009378244606525397,primary,合格,0.02599999999999625,41.278,0.0519999999999996,6.523000000000003,6.582000000000001,-0.012999999999998124,6.5760000000000005,1.708900340715504,0.1839999999999975,17.333333333333332,False,0.11073253833049403,0.1,15.0,0.23855165069222578,88.5,11.5,True,7.960000000000001,2085,0,True,primary,C2,1.0616432610651523,C2,0.5555370741390002,False,-0.10843200944539004,≥5 MPa
77e8e2b0819ef6,泸201H5,4,10,whole_stage,2,泸201H5|2-4,泸201H5|4|10,E:\压裂窜扰项目\02 规范化\泸201H5\泸201H5 邻井压力监测\泸201H5-4-10段压裂施工-1、2、3井压力监测.xls,导出数据,2井压力(MPa),baca5dc58c0cc9c6c01d10f7ec5f63091eab9a4a9e6310a8bd51130aa2f5d14c,E:\压裂窜扰项目\02 规范化\泸201H5\泸201H5 压裂施工曲线\泸201H5-4-10 压裂施工曲线.xlsx,Log Data,absolute,0,1761047460.0,1761055427.0,132.78333333333333,1.0,0,0,0,1.0,1.0,50.77,pre_pump_10min,600.0,599.0,0.01482599999999705,0.0002664507401428376,primary,合格,0.030000000000001137,50.77,0.07000000000000028,0.00999999999999801,0.01999999999999602,-0.05000000000000426,-0.030000000000001137,-0.008531442199072483,0.030000000000001137,,True,1.0,0.1,15.0,0.29358604242500314,0.0,0.0,True,0.0,208,0,True,primary,C1,0.021691803894700552,C1,0.9939487628513921,False,0.9399600070316415,<1 MPa
77ff1f143e12cf,泸203H64,3,10,whole_stage,1,泸203H64|1-3,泸203H64|3|10,E:\压裂窜扰项目\02 规范化\泸203H64\泸203H64 邻井压力监测\泸203H64-3-10段压裂施工-1、2、4、5井秒点压力监测.xls,导出数据,1#套压(MPa),e8cbba743ae05e675bcef4399e0d92d19f07ac1b4bac9de49f0e79a9710ea77f,E:\压裂窜扰项目\02 规范化\泸203H64\泸203H64 压裂施工曲线\泸203H64-3-10 压裂施工曲线.csv,text,named_stage_clock_only,-1672185600,45800.0,59822.0,233.7,1.0,0,0,0,1.0,2.0,53.708,pre_pump_10min,200.0,199.0,0.020756399999993763,-0.0037543538588412826,primary,合格,0.059000000000004604,53.681,0.09199999999999875,4.8359999999999985,4.8430000000000035,-0.28300000000000125,4.8430000000000035,0.8660713165026402,0.13800000000000523,135.25,False,0.5787334189131366,0.1,15.0,0.23958630527817404,70.66666666666667,0.0,False,,361,0,True,primary,C1,1.733435631767008,C1,0.09456992945323672,True,0.4927822078900974,1–5 MPa
7839bac291abfc,泸201H5,4,19,whole_stage,3,泸201H5|3-4,泸201H5|4|19,E:\压裂窜扰项目\02 规范化\泸201H5\泸201H5 邻井压力监测\泸201H5-4-19段压裂施工-1、2、3井压力监测.xls,导出数据,3井压力(MPa),e68c73183b8ca97db1560a5b0b68b18b01e680409ac008630d0ed5ba5cb969c6,E:\压裂窜扰项目\02 规范化\泸201H5\泸201H5 压裂施工曲线\泸201H5-4-19 压裂施工曲线.xlsx,Log Data,absolute,0,1762332013.0,1762361233.0,487.0,1.0,0,0,0,1.0,1.0,52.36,pre_pump_10min,600.0,599.0,0.01482599999999705,-0.00021120058666586672,primary,合格,0.05000000000000426,52.36,0.10000000000000142,2.740000000000002,2.770000000000003,-0.0799999999999983,2.759999999999998,1.2324245379876804,0.12000000000000455,18.916666666666668,False,0.03884325804243669,0.1,15.0,0.42580424366872005,238.41666666666666,0.0,True,3.230000000000004,236,0,True,primary,C1,1.359729079952253,C1,0.4773053523301942,False,0.6392546414678011,1–5 MPa
7901359f508484,泸203H76,3,16,whole_stage,1,泸203H76|1-3,泸203H76|3|16,E:\压裂窜扰项目\02 规范化\泸203H76\泸203H76 邻井压力监测\泸203H76平台-3井-16段压裂施工-1、2、4井秒点压力监测.xls,Sheet1,1井井口压力,b62e6f024effa7060923377b1f122d68abfc23f489d52bf3e7ecb09e455bfd59,E:\压裂窜扰项目\02 规范化\泸203H76\泸203H76 压裂施工曲线\泸203H76-3-16 压裂施工曲线（秒点）.xlsx,Sheet1,named_stage_clock_only,-1679788800,39386.0,43612.0,70.43333333333334,1.0,0,0,0,1.0,1.0,58.7744,pre_pump_10min,386.0,385.0,0.04670190000000177,-0.0177774540196485,primary,合格,0.10500000000000398,58.7429,0.39910000000000423,0.08400000000000318,0.11549999999999727,-0.8400999999999996,-0.7560999999999964,-0.349142132039754,0.18900000000000006,,True,1.0,0.1401057000000053,15.0,0.6751064836725036,0.0,0.0,True,-0.8926000000000016,847,0,True,primary,C1,0.4209386934530854,C1,0.8942864196600293,False,0.8820529486286952,<1 MPa
7905e8c479123e,阳101H35,2,4,whole_stage,1,阳101H35|1-2,阳101H35|2|4,E:\压裂窜扰项目\02 规范化\阳101H35\阳101H35 邻井压力监测\阳101H35平台压窜记录(4.19-4.25)_邻井压力数据_2井第四段压裂1井压力秒点数据2024.4.25.xls,text,1#套压(MPa),79cdebdbb498df1bbb3bad4880fb5839b9e795cf6ff7f830c7535ad8bc4ed33f,E:\压裂窜扰项目\02 规范化\阳101H35\阳101H35 压裂施工曲线\阳101H35-2-4 压裂施工曲线（秒点）.xlsx,Log Data,named_stage_clock_only,-1714003200,35767.0,49510.0,229.05,1.0,0,0,0,1.0,1.0,35.313892364502,pre_pump_10min,600.0,599.0,0.02879867248525675,-0.004826896914817823,primary,合格,0.06474685668939628,35.2879905700684,0.07769775390629974,22.739265441894496,22.816856384277294,-0.07122802734379974,22.816856384277294,5.72236634438829,0.5179901123046946,16.0,False,0.06985374372407771,0.1,15.0,0.2260059666739431,189.08333333333334,75.83333333333333,True,24.320926666259695,2349,0,True,primary,C2,4.553109874390131,C2,0.4308164788889031,False,0.3683430995504679,≥5 MPa
7913387af594d8,泸201H5,3,1,whole_stage,1,泸201H5|1-3,泸201H5|3|1,E:\压裂窜扰项目\02 规范化\泸201H5\泸201H5 邻井压力监测\泸201H5-3-1段压裂施工-1、2、4井压力监测.xls,导出数据,1井压力(MPa),0b20e5b93a3e765cc232112ca1f8d21bbe54617e5ff7eaccdd766b302ebebfa0,E:\压裂窜扰项目\02 规范化\泸201H5\泸201H5 压裂施工曲线\泸201H5-3-1 压裂施工曲线.xlsx,Log Data,absolute,0,1758970861.0,1758982462.0,193.35,1.0,0,0,0,1.0,1.0,55.74,pre_pump_10min,600.0,599.0,0.0296519999999941,0.0013788538301553676,primary,合格,0.03999999999999915,55.76,0.04000000000000625,0.11999999999999744,0.14000000000000057,-0.03999999999999915,0.030000000000001137,0.03315446944228781,0.10000000000000142,,True,1.0,0.1,15.0,0.4736660632704077,0.0,0.0,True,0.030000000000001137,165,0,True,primary,C1,0.038588323840407744,C1,0.989119162099254,False,0.9381992867163128,<1 MPa
791f11c6cfa378,阳101H33,3,4,whole_stage,1,阳101H33|1-3,阳101H33|3|4,E:\压裂窜扰项目\02 规范化\阳101H33\阳101H33 邻井压力监测\阳101H33-3-4段压裂施工-1井压力监测.xlsx,3-4-1,无表头_文件名井号,fa669dd4ff874bebf8a136fbecc67f4200a0a011021a658faca6c50e2eee2c88,E:\压裂窜扰项目\02 规范化\阳101H33\阳101H33 压裂施工曲线\阳101H33-3-4 压裂施工曲线-3.xls,text,named_stage_clock_only,-1726963200,43599.0,52991.0,156.53333333333333,1.0,0,0,0,1.0,2.0,41.534,pre_pump_10min,399.0,398.0,0.008895600000000337,-0.0009315676125033268,primary,合格,0.02599999999999625,41.528,0.045999999999999375,1.6929999999999978,1.706000000000003,-0.0519999999999996,1.7000000000000028,0.5334401618398646,0.09199999999999875,30.416666666666668,False,0.19431431005110733,0.1,15.0,0.28296059637912674,27.333333333333332,0.0,True,1.948999999999998,2084,0,True,primary,C1,0.695170523905838,C1,0.7498749559364088,False,0.8246445791371544,1–5 MPa
792316b5340bb5,泸201H5,3,10,whole_stage,1,泸201H5|1-3,泸201H5|3|10,E:\压裂窜扰项目\02 规范化\泸201H5\泸201H5 邻井压力监测\泸201H5-3-10段压裂施工-1、2、4井压力监测.xls,导出数据,1井压力(MPa),2ddb06b9779643bc95be894419f6743432dc2fbb4efaf9a0f619ca3f62483a76,E:\压裂窜扰项目\02 规范化\泸201H5\泸201H5 压裂施工曲线\泸201H5-3-10 压裂施工曲线.xlsx,Log Data,absolute,0,1760773221.0,1760783508.0,171.45,1.0,0,0,0,1.0,1.0,50.88,pre_pump_10min,600.0,599.0,0.0,-0.0001818505051392369,primary,合格,0.020000000000003126,50.88,0.04999999999999716,0.00999999999999801,0.00999999999999801,-0.14000000000000057,-0.03999999999999915,-0.05897054534849999,0.030000000000001137,,True,1.0,0.1,15.0,0.4165451540779625,0.0,0.0,True,-0.05000000000000426,138,0,True,primary,C1,0.07570849013879549,C1,0.9791423257455407,False,0.9362122453176185,<1 MPa
7953c305d2b21d,阳101H33,3,5,whole_stage,2,阳101H33|2-3,阳101H33|3|5,E:\压裂窜扰项目\02 规范化\阳101H33\阳101H33 邻井压力监测\阳101H33-3-5段压裂施工-2井压力监测.xlsx,3-5-2,无表头_文件名井号,c87294f76549d0947dbe1b3ac8189a3fe623035d1222f4de13d4664bca0c88d4,E:\压裂窜扰项目\02 规范化\阳101H33\阳101H33 压裂施工曲线\阳101H33-3-5 压裂施工曲线.xls,text,absolute,0,1727163479.0,1727175615.0,202.26666666666668,1.0,0,0,0,1.0,1.0,43.936,pre_pump_10min,479.0,478.0,0.010378199999996882,-0.0013194918807543563,primary,合格,0.02599999999999625,43.923,0.0660000000000025,7.704000000000001,7.744,-0.0589999999999975,7.723999999999997,3.6774449571522743,0.1319999999999979,20.333333333333332,False,0.10052735662491759,0.1,15.0,0.22148978246539222,138.75,89.41666666666667,True,8.118000000000002,2090,0,True,primary,C2,0.8756448360794994,C2,0.8104586738812602,False,0.4768540981312952,≥5 MPa
79be601773ca83,泸208H1,4,9,whole_stage,5,泸208H1|4-5,泸208H1|4|9,E:\压裂窜扰项目\02 规范化\泸208H1\泸208H1 邻井压力监测\泸208H1-4-9段压裂施工-5井压力监测.xlsx,4-9-5,无表头_文件名井号,97f935807f7eac229daa6adb17d6498313c15591c8563fd7a7ea193ab05d7574,E:\压裂窜扰项目\02 规范化\泸208H1\泸208H1 压裂施工曲线\泸208H1-4-9 压裂施工曲线（秒点）.xls,导出数据,named_stage_clock_only,0,31750.0,42495.0,179.08333333333334,1.0,0,0,0,1.0,1.0,38.41,pre_pump_10min,250.0,249.0,0.07413000000000632,-0.05510219363509929,primary,合格,0.17500000000000426,38.37,0.060000000000002274,17.090000000000003,17.130000000000003,-0.21999999999999886,17.130000000000003,10.122577012563985,0.37000000000000455,21.583333333333332,False,0.12052117263843647,0.22239000000001896,15.0,0.9116798510935319,147.16666666666666,128.16666666666666,True,18.340000000000003,1364,0,True,primary,C2,8.18817865725016,C2,0.30986556846194246,False,0.32100863754976,≥5 MPa
7a0e04e1477030,泸201H5,2,23,whole_stage,4,泸201H5|2-4,泸201H5|2|23,E:\压裂窜扰项目\02 规范化\泸201H5\泸201H5 邻井压力监测\泸201H5-2-23段压裂施工-1、3、4井压力监测.xls,导出数据,4井压力(MPa),475a41ab0446c616688d3c2422301a646e3eaa2024e6a60e91f16914d696e933,E:\压裂窜扰项目\02 规范化\泸201H5\泸201H5 压裂施工曲线\泸201H5-2-23 压裂施工曲线.xlsx,Log Data,absolute,0,1758445301.0,1758454546.0,154.08333333333334,1.0,0,0,0,1.0,13.0,22.62,pre_pump_10min,600.0,599.0,0.0,0.00012053366815108626,primary,合格,0.021000000000000796,22.62,0.060000000000002274,0.00999999999999801,0.00999999999999801,-0.060000000000002274,-0.030000000000001137,-0.008007030827475288,0.019999999999999574,,True,1.0,0.1,15.0,0.3744584055459272,0.0,0.0,True,-0.030000000000001137,109,0,True,primary,C1,0.01734190173340772,C1,0.9951566067088716,False,0.940313654333082,<1 MPa
7a13f481038731,泸201H5,1,18,whole_stage,2,泸201H5|1-2,泸201H5|1|18,E:\压裂窜扰项目\02 规范化\泸201H5\泸201H5 邻井压力监测\泸201H5-1-18段压裂施工-2、3、4井压力监测.xls,导出数据,2井压力(MPa),52dcc0cb49c2a904d248c51921abcc51d72d26d92e2df7e262cfd6276895b5b0,E:\压裂窜扰项目\02 规范化\泸201H5\泸201H5 压裂施工曲线\泸201H5-1-18 压裂施工曲线.xlsx,Log Data,absolute,0,1758006636.0,1758015972.0,155.6,1.0,0,0,0,1.0,1.0,60.64,pre_pump_10min,600.0,599.0,0.01482599999999705,0.0020861224614529853,primary,合格,0.03999999999999915,60.66,0.07000000000000028,0.1599999999999966,0.1700000000000017,-0.03999999999999915,0.1599999999999966,0.029921808054840654,0.03999999999999915,141.0,False,0.9061696658097687,0.1,15.0,0.32883461868037706,0.0,0.0,True,0.14999999999999858,31,0,True,primary,C1,0.042935367314895063,C1,0.9877708887802027,False,0.9380168014582163,<1 MPa
7a7ca0a142da8e,泸206H8,1,12,whole_stage,3,泸206H8|1-3,泸206H8|1|12,E:\压裂窜扰项目\02 规范化\泸206H8\泸206H8 邻井压力监测\泸206H8_邻井压力数据_6.14号7平台压力监测.xlsx,Sheet1,3#井口套压,e159266b25d8e4693ece528c748a689e08c7d5db8399a3e7eb85016787f20360,E:\压裂窜扰项目\02 规范化\泸206H8\泸206H8 压裂施工曲线\泸206H8-1-12 压裂施工曲线.xlsx,秒点数据,absolute,0,1749888481.0,1749897698.0,153.61666666666667,1.0,0,0,0,1.0,1.0,37.32,pre_pump_10min,481.0,480.0,0.01482599999999705,0.0006668550133238665,primary,合格,0.00999999999999801,37.32,0.030000000000001137,0.10000000000000142,0.10000000000000142,-0.00999999999999801,0.10000000000000142,0.04345231637192106,0.010000000000005116,,True,1.0,0.1,15.0,0.6122382553976348,0.0,0.0,False,,1306,0,True,primary,C1,0.04433432541883568,C1,0.9873965351417608,False,0.9374968648560454,<1 MPa
7b6bd4d316189f,泸201H5,2,9,whole_stage,3,泸201H5|2-3,泸201H5|2|9,E:\压裂窜扰项目\02 规范化\泸201H5\泸201H5 邻井压力监测\泸201H5-2-9段压裂施工-1、3、4井压力监测.xls,导出数据,3井压力(MPa),9b6bd6a6fc677c17a243b91d42ea19c14b3b5fad54bbb281df9958041a42b6c3,E:\压裂窜扰项目\02 规范化\泸201H5\泸201H5 压裂施工曲线\泸201H5-2-9 压裂施工曲线.xlsx,Log Data,absolute,0,1756975397.0,1756986300.0,181.71666666666667,1.0,0,0,0,1.0,1.0,0.06,pre_pump_10min,600.0,599.0,0.014825999999999992,-0.0003788010522251452,primary,合格,0.020000000000000004,0.06,0.05,0.05,0.06,-0.019999999999999997,0.05,0.022223241309731273,0.039999999999999994,,True,1.0,0.1,15.0,0.546179950472347,0.0,0.0,True,0.05,137,0,True,primary,C1,0.02103697015625274,C1,0.9940635881971538,False,0.9393393557964288,<1 MPa
7cd9c43e3d1fc5,泸201H5,1,6,whole_stage,4,泸201H5|1-4,泸201H5|1|6,E:\压裂窜扰项目\02 规范化\泸201H5\泸201H5 邻井压力监测\泸201H5-1-6段压裂施工-2、3、4井压力监测.xls,导出数据,4井压力(MPa),6d6d86f8278279f75c7270fd4f7ca77b240af87f6cb6c14f89fc48a7f33e93f9,E:\压裂窜扰项目\02 规范化\泸201H5\泸201H5 压裂施工曲线\泸201H5-1-6 压裂施工曲线.xlsx,Log Data,absolute,0,1756369129.0,1756378530.0,156.68333333333334,1.0,0,0,0,1.0,1.0,34.81,pre_pump_10min,600.0,599.0,0.014826000000007585,-0.0020876891324675016,primary,合格,0.03999999999999915,34.8,0.060000000000002274,-0.010000000000005116,0.0,-0.28999999999999915,-0.28999999999999915,-0.15058663971918118,0.020000000000003126,,True,1.0,0.1,15.0,0.3242208275715349,0.0,0.0,True,-0.30000000000000426,57,0,True,primary,C1,0.17469640098054137,C1,0.9532899603088371,False,0.9221531457499633,<1 MPa
7d09e04c4aa3ce,泸201H5,2,9,whole_stage,4,泸201H5|2-4,泸201H5|2|9,E:\压裂窜扰项目\02 规范化\泸201H5\泸201H5 邻井压力监测\泸201H5-2-9段压裂施工-1、3、4井压力监测.xls,导出数据,4井压力(MPa),9b6bd6a6fc677c17a243b91d42ea19c14b3b5fad54bbb281df9958041a42b6c3,E:\压裂窜扰项目\02 规范化\泸201H5\泸201H5 压裂施工曲线\泸201H5-2-9 压裂施工曲线.xlsx,Log Data,absolute,0,1756975397.0,1756986300.0,181.71666666666667,1.0,0,0,0,1.0,1.0,28.11,pre_pump_10min,600.0,599.0,0.01482599999999705,-0.0014680707446385604,primary,合格,0.019999999999999574,28.1,0.0400000000000027,-0.00999999999999801,0.0,-0.14999999999999858,-0.129999999999999,-0.0809942217738235,0.019999999999999574,,True,1.0,0.1,15.0,0.43217463083554986,0.0,0.0,True,-0.14999999999999858,136,0,True,primary,C1,0.09232712639890951,C1,0.974755456813134,False,0.9340865421951662,<1 MPa
7dc9261d5bd30b,泸201H5,4,21,whole_stage,1,泸201H5|1-4,泸201H5|4|21,E:\压裂窜扰项目\02 规范化\泸201H5\泸201H5 邻井压力监测\泸201H5-4-21段压裂施工-1、2、3井压力监测.xls,导出数据,1井压力(MPa),59e641161ac515138413fb9c518a923a6489400f7f40e167415126bdc7e760ac,E:\压裂窜扰项目\02 规范化\泸201H5\泸201H5 压裂施工曲线\泸201H5-4-21 压裂施工曲线.xlsx,Log Data,absolute,0,1762518638.0,1762526734.0,134.93333333333334,1.0,0,0,0,1.0,1.0,41.88,pre_pump_10min,600.0,599.0,0.0,-0.0004486345795385101,primary,合格,0.020000000000003126,41.88,0.03999999999999915,0.00999999999999801,0.00999999999999801,-0.10999999999999943,-0.0800000000000054,-0.059624505928857104,0.020000000000003126,,True,1.0,0.1,15.0,0.45960968379446643,0.0,0.0,True,-0.0800000000000054,243,0,True,primary,C1,0.07160211232127925,C1,0.9802975132417132,False,0.9365788495047449,<1 MPa
7dcb78e27b3a7c,泸201H5,3,4,whole_stage,4,泸201H5|3-4,泸201H5|3|4,E:\压裂窜扰项目\02 规范化\泸201H5\泸201H5 邻井压力监测\泸201H5-3-4段压裂施工-1、2、4井压力监测.xls,导出数据,4井压力(MPa),41ee2c810042ea3e9e8fdefde31e5126ee194c429a156639f3a1a727032d1b0f,E:\压裂窜扰项目\02 规范化\泸201H5\泸201H5 压裂施工曲线\泸201H5-3-4 压裂施工曲线.xlsx,Log Data,absolute,0,1759221810.0,1759233923.0,201.88333333333333,1.0,0,0,0,1.0,1.0,33.31,pre_pump_10min,600.0,599.0,0.014826000000007585,0.004645446237352032,primary,合格,0.04999999999999716,33.33,0.060000000000002274,1.0300000000000011,1.0300000000000011,0.00999999999999801,1.0300000000000011,0.3872467596796807,0.030000000000001137,34.916666666666664,False,0.1729546767935276,0.1,15.0,0.30669528605630314,3.6666666666666665,0.0,True,1.1400000000000006,190,0,True,primary,C1,0.47223915156233226,C1,0.8446642453908019,False,0.8731350271633896,1–5 MPa
7de6da17ec6cc5,阳101H34,6,4,whole_stage,5,阳101H34|5-6,阳101H34|6|4,E:\压裂窜扰项目\02 规范化\阳101H34\阳101H34 邻井压力监测\阳101H34-6-4段压裂施工-5井秒点压力监测.xls,导出数据,5#5井套压(MPa),ca6feba6058faf01116323f2c1a8ff637df31339103846f519c200020aa37c5f,E:\压裂窜扰项目\02 规范化\阳101H34\阳101H34 压裂施工曲线\阳101H34-6-4 压裂施工曲线.xls,秒点数据,named_stage_clock_only,-1745452800,39485.0,49357.0,164.53333333333333,1.0,0,0,0,1.0,1.0,39.1650009155273,pre_pump_10min,485.0,484.0,0.009727752685578479,-0.0001578314848259328,primary,合格,0.01968765258789773,39.1650009155273,0.04594039916990056,1.96875,1.9818725585937997,-0.019687652587798254,1.9818725585937997,0.6480973848840983,0.04594039916990056,51.25,False,0.3114870340356564,0.1,15.0,0.24584683954619124,51.083333333333336,0.0,True,2.093437194824297,2220,0,True,primary,C1,0.920777379960334,C1,0.6392238677456821,False,0.7674643194050925,1–5 MPa
7e6c70572c5b8e,阳101H33,2,6,whole_stage,3,阳101H33|2-3,阳101H33|2|6,E:\压裂窜扰项目\02 规范化\阳101H33\阳101H33 邻井压力监测\阳101H33-2-6段压裂施工-3井压力监测.xlsx,2-6-3,无表头_文件名井号,4005d232a0b7dd1639e3c32947ff8d7c70d2d0933074e9480cb81c010166363d,E:\压裂窜扰项目\02 规范化\阳101H33\阳101H33 压裂施工曲线\阳101H33-2-6 压裂施工曲线-2.xls,text,absolute,0,1727249688.0,1727262333.0,210.75,1.0,0,0,0,1.0,1.0,47.808,pre_pump_10min,288.0,287.0,0.010378199999996882,-0.001512318700790332,primary,合格,0.031999999999996476,47.801,0.0660000000000025,7.4680000000000035,7.4879999999999995,-0.08599999999999852,7.4879999999999995,3.1035501383946222,0.10499999999999687,37.166666666666664,False,0.17635429023329377,0.1,15.0,0.21502570185844208,144.08333333333334,57.5,True,7.901000000000003,2076,0,True,primary,C2,0.20102720329302867,C2,0.9490560401609385,False,0.445423743256219,≥5 MPa
7eee2b054b06f4,泸203H11,4,3,whole_stage,3,泸203H11|3-4,泸203H11|4|3,E:\压裂窜扰项目\02 规范化\泸203H11\泸203H11 邻井压力监测\泸203H11-4-3段压裂施工-3井套压压力监测.xls,Sheet1,3井套压,7016d0d55855d221cf708e5f8093ea2ff9d85505c3be5a4d0f6ae23d552d8a8a,E:\压裂窜扰项目\02 规范化\泸203H11\泸203H11 压裂施工曲线\泸203H11-4-3 压裂施工曲线.xlsx,LogData(s),named_stage_clock_only,-1710979200,35386.0,46718.0,188.86666666666667,1.0,0,0,0,1.0,1.0,52.92,pre_pump_10min,277.0,276.0,0.014826000000007585,0.000123310549495152,primary,合格,0.030000000000001137,52.92,0.3400000000000034,7.299999999999997,7.309999999999995,0.00999999999999801,7.299999999999997,4.443910607130248,0.11999999999999744,2.1666666666666665,False,0.011471937875044122,0.1,15.0,0.4033709848217437,171.5,104.25,False,,313,0,True,primary,C2,1.6256106606708762,C2,0.6639486909023397,False,0.4330537390490555,≥5 MPa
7f0a04e8747386,泸208H1,4,10,whole_stage,6,泸208H1|4-6,泸208H1|4|10,E:\压裂窜扰项目\02 规范化\泸208H1\泸208H1 邻井压力监测\泸208H1-4-10段压裂施工-6井压力监测.xlsx,4-10-6,无表头_文件名井号,47e998853f6d6c19d595e16c1c595283e43e181daabcfd09f0a9b4e92c523bf5,E:\压裂窜扰项目\02 规范化\泸208H1\泸208H1 压裂施工曲线\泸208H1-4-10 压裂施工曲线（秒点）.xls,导出数据,named_stage_clock_only,0,48409.0,55516.0,118.45,1.0,0,0,0,1.0,1.0,48.03,pre_pump_10min,282.0,281.0,0.05930399999999873,0.0344154146759676,primary,合格,0.13000000000000256,48.07,0.060000000000002274,4.460000000000001,4.5,0.0899999999999963,4.5,2.082744477275924,0.10000000000000142,2.5833333333333335,False,0.02180948360771071,0.17791199999999618,15.0,0.9434360489658083,88.83333333333333,0.0,True,5.089999999999996,1343,0,True,primary,C2,1.044218995087595,C2,0.5687842308531179,False,-0.06430987885157413,1–5 MPa
801f760d1dad63,泸201H5,2,17,whole_stage,1,泸201H5|1-2,泸201H5|2|17,E:\压裂窜扰项目\02 规范化\泸201H5\泸201H5 邻井压力监测\泸201H5-2-17段压裂施工-1、3、4井压力监测.xls,导出数据,1井压力(MPa),3d7915b49732c1eeb3bea488b6185441d9d593507a7b89af78e4cebe025bb7ff,E:\压裂窜扰项目\02 规范化\泸201H5\泸201H5 压裂施工曲线\泸201H5-2-17 压裂施工曲线.xlsx,Log Data,absolute,0,1757660990.0,1757671570.0,176.33333333333334,1.0,0,0,0,1.0,1.0,0.03,pre_pump_10min,590.0,589.0,0.014825999999999997,-0.00024299925196616439,primary,合格,0.03,0.03,0.04,0.03,0.03,-0.03,0.010000000000000002,-0.001844517958412095,0.02,,True,1.0,0.1,15.0,0.5595463137996219,0.0,0.0,True,0.020000000000000004,90,0,True,primary,C1,0.014044917259675292,C1,0.9960615129373728,False,0.9398632438416855,<1 MPa
808f9c7784cf22,泸206H8,5,7,whole_stage,1,泸206H8|1-5,泸206H8|5|7,E:\压裂窜扰项目\02 规范化\泸206H8\泸206H8 邻井压力监测\泸206H8-5-7段压裂施工-1、2、3、4、6、7、8井秒点压力监测.xls,导出数据,1井套压(MPa),3c8ee6faa4bd6f4950e6f7823dfa58bb3dd47622cc4d18c00a7961ae184317fd,E:\压裂窜扰项目\02 规范化\泸206H8\泸206H8 压裂施工曲线\泸206H8-5-7 压裂施工曲线.xlsx,秒点数据,absolute,0,1752306389.0,1752314953.0,142.73333333333332,1.0,0,0,0,1.0,1.0,50.2,pre_pump_10min,269.0,268.0,0.01482599999999705,-0.00010431115796616883,primary,合格,0.020000000000003126,50.2,0.05000000000000426,0.0,0.00999999999999801,-0.04000000000000625,-0.030000000000001137,-0.021690798692202383,0.030000000000001137,,True,1.0,0.1,15.0,0.31048575432041103,0.0,0.0,False,,1292,0,True,primary,C1,0.025007083526107258,C1,0.9930356826238912,False,0.9400973407169433,<1 MPa
8095b97dde8f1c,泸201H5,3,7,whole_stage,2,泸201H5|2-3,泸201H5|3|7,E:\压裂窜扰项目\02 规范化\泸201H5\泸201H5 邻井压力监测\泸201H5-3-7段压裂施工-1、2、4井压力监测.xls,导出数据,2井压力(MPa),56fbbc3650a396cb5b03df215b7b5bcc0795f4f1eb6e343ad589003f3f77248f,E:\压裂窜扰项目\02 规范化\泸201H5\泸201H5 压裂施工曲线\泸201H5-3-7 压裂施工曲线.xlsx,Log Data,absolute,0,1759481600.0,1759491299.0,161.65,1.0,0,0,0,1.0,3.0,55.86,pre_pump_10min,600.0,599.0,0.01482599999999705,-0.00042125117014231575,primary,合格,0.01999999999999602,55.86,0.060000000000002274,0.030000000000001137,0.030000000000001137,-0.01999999999999602,0.00999999999999801,0.005097432725023739,0.030000000000001137,,True,1.0,0.1,15.0,0.2876147262039806,0.0,0.0,True,0.0,200,0,True,primary,C1,0.012198372769954047,C1,0.996574406777572,False,0.9402206507477834,<1 MPa
80b7e580ad00b7,泸201H5,1,13,whole_stage,2,泸201H5|1-2,泸201H5|1|13,E:\压裂窜扰项目\02 规范化\泸201H5\泸201H5 邻井压力监测\泸201H5-1-13段压裂施工-2、3、4井压力监测.xls,导出数据,2井压力(MPa),107149d7e85d80897e6c98748db4c0283aa7156c7af242fd50a9fb14f71d0834,E:\压裂窜扰项目\02 规范化\泸201H5\泸201H5 压裂施工曲线\泸201H5-1-13 压裂施工曲线.xlsx,Log Data,absolute,0,1757343955.0,1757353066.0,151.85,1.0,0,0,0,1.0,1.0,66.1,pre_pump_10min,600.0,599.0,0.10378200000001095,-0.0314307373075995,primary,合格,0.25,65.97,0.09000000000000341,-0.14999999999999147,-0.11999999999999034,-1.7399999999999949,-1.7099999999999937,-1.087624300296339,0.060000000000002274,,True,1.0,0.3113460000000329,15.0,0.30304028097903635,0.0,0.0,True,-1.6699999999999875,19,0,True,primary,C1,1.18272465220094,C1,0.7488391565183319,False,0.7693349026513221,<1 MPa
812a3e3ac3ab86,泸203H66,2,24,whole_stage,3,泸203H66|2-3,泸203H66|2|24,E:\压裂窜扰项目\02 规范化\泸203H66\泸203H66 邻井压力监测\泸203H66平台-2井-24段压裂施工-1、3井秒点压力监测.xls,Sheet1,3井,a9b4dba4b77c6e913c50a97ea64becc40efd1482dbaf22de25c41205cad0cfb8,E:\压裂窜扰项目\02 规范化\泸203H66\泸203H66 压裂施工曲线\泸203H66-2-24 压裂施工曲线.xlsx,LogData(s),named_stage_clock_only,-1681344000,25512.0,38816.0,221.73333333333332,1.0,0,0,0,1.0,1.0,47.69,pre_pump_10min,600.0,599.0,0.0,-0.0002301006391686024,primary,合格,0.0,47.69,0.07000000000000028,3.25,3.25,-0.05999999999999517,3.25,1.553980381840051,0.07000000000000028,24.166666666666668,False,0.10898977751052316,0.1,15.0,0.8986770895971137,162.0,0.0,True,3.3700000000000045,610,0,True,primary,C2,1.7285218025986753,C2,0.036887400096470596,True,-0.43000870449576856,1–5 MPa
8169a37d978920,泸203H64,4,11,whole_stage,1,泸203H64|1-4,泸203H64|4|11,E:\压裂窜扰项目\02 规范化\泸203H64\泸203H64 邻井压力监测\泸203H64-4-11段压裂施工-1、2、3、5井秒点压力监测.xls,导出数据,1#套压(MPa),8f745b15d88a493d2385a3b8e7ae03eb65408441ef699ac27e1a6e781c2e39c2,E:\压裂窜扰项目\02 规范化\泸203H64\泸203H64 压裂施工曲线\泸203H64-4-11 压裂施工曲线.csv,text,named_stage_clock_only,-1671494400,52413.0,62266.0,164.21666666666667,1.0,0,0,0,1.0,1.0,48.996,pre_pump_10min,213.0,212.0,0.010378200000007417,0.003544124915245565,primary,合格,0.03999999999999915,49.002,0.045999999999999375,0.1769999999999996,0.18999999999999773,-0.03300000000000125,0.0589999999999975,0.0872211001725337,0.08599999999999852,28.916666666666668,False,0.17608850096417336,0.1,15.0,0.3170607936669035,0.0,0.0,False,,424,0,True,primary,C1,0.08691181490477547,C1,0.975121683779381,False,0.932267725333259,<1 MPa
81a841e7992803,泸201H5,4,25,whole_stage,1,泸201H5|1-4,泸201H5|4|25,E:\压裂窜扰项目\02 规范化\泸201H5\泸201H5 邻井压力监测\泸201H5-4-25段压裂施工-1、2、3井压力监测.xls,导出数据,1井压力(MPa),4c6f83fd5706fffef7e81c2469979886e6f24e19de3fc0429c9d500666ef1ee3,E:\压裂窜扰项目\02 规范化\泸201H5\泸201H5 压裂施工曲线\泸201H5-4-25 压裂施工曲线.xlsx,Log Data,absolute,0,1766058529.0,1766069500.0,182.85,1.0,0,0,0,1.0,1.0,43.54,pre_pump_10min,600.0,599.0,0.01482599999999705,0.002849624582295485,primary,合格,0.02999999999999403,43.54,0.03999999999999915,0.1600000000000037,0.1600000000000037,-0.28999999999999915,-0.11999999999999744,-0.025686810682708457,0.02999999999999403,34.666666666666664,False,0.18959073922158418,0.1,15.0,0.45355938383009753,0.0,0.0,True,-0.0799999999999983,249,0,True,primary,C1,0.16050718019914456,C1,0.9563004133918993,False,0.9212287931563055,<1 MPa
82949d87001eaa,泸203H66,2,22,whole_stage,1,泸203H66|1-2,泸203H66|2|22,E:\压裂窜扰项目\02 规范化\泸203H66\泸203H66 邻井压力监测\泸203H66平台-2井-22段压裂施工-1、3井秒点压力监测.xls,Sheet1,1井,f85199ef6a4aac92e349c5eaef5476c84a6a109e422e4c5fe218e2c7f94e4c78,E:\压裂窜扰项目\02 规范化\泸203H66\泸203H66 压裂施工曲线\泸203H66-2-22 压裂施工曲线.xlsx,LogData(s),named_stage_clock_only,-1680652800,51311.0,59159.0,130.8,1.0,0,0,0,1.0,1.0,48.81,pre_pump_10min,600.0,599.0,0.0,1.6800046670614867e-05,primary,合格,0.0,48.81,0.13000000000000256,7.1299999999999955,7.1299999999999955,0.0,7.1299999999999955,3.215503950050967,0.18999999999999773,9.916666666666666,False,0.07581549439347604,0.1,15.0,0.9152650356778798,95.25,40.583333333333336,True,7.3799999999999955,601,0,True,primary,C2,0.16903572511285014,C2,0.9577209603580301,False,0.45133733973127543,≥5 MPa
834b8d690f17ac,泸201H5,3,9,whole_stage,1,泸201H5|1-3,泸201H5|3|9,E:\压裂窜扰项目\02 规范化\泸201H5\泸201H5 邻井压力监测\泸201H5-3-9段压裂施工-1、2、4井压力监测.xls,导出数据,1井压力(MPa),58e4ae3f25dd5202c8694a72f21459c5b3617996149856c158e3d2461f9ca92d,E:\压裂窜扰项目\02 规范化\泸201H5\泸201H5 压裂施工曲线\泸201H5-3-9 压裂施工曲线.xlsx,Log Data,absolute,0,1759654161.0,1759667303.0,219.03333333333333,1.0,0,0,0,1.0,1.0,53.72,pre_pump_10min,600.0,599.0,0.01482599999999705,-0.0002697674160144132,primary,合格,0.020000000000003126,53.72,0.05000000000000426,0.05000000000000426,0.060000000000002274,-0.030000000000001137,-0.01999999999999602,0.01720171967737076,0.030000000000001137,,True,1.0,0.1,15.0,0.39491705980824837,0.0,0.0,True,-0.01999999999999602,204,0,True,primary,C1,0.02442640176237181,C1,0.9931378649999174,False,0.9391427305444106,<1 MPa
841cf84bebb8b0,泸203H66,1,5,whole_stage,4,泸203H66|1-4,泸203H66|1|5,E:\压裂窜扰项目\02 规范化\泸203H66\泸203H66 邻井压力监测\泸203H66平台-1井-5段压裂施工-4井秒点压力监测.xls,历史数据,4井井口压力,4101b0c04a87a9b3e0d871e5f97c114ec93409c7b8c52206f211401c2d43b432,E:\压裂窜扰项目\02 规范化\泸203H66\泸203H66 压裂施工曲线\泸203H66-1-5 压裂施工曲线.xlsx,LogData(s),named_stage_clock_only,-1677369600,27815.0,36530.0,145.25,1.0,0,0,0,1.0,1.0,55.288,pre_pump_10min,215.0,214.0,0.015567300000000589,-0.006424146924589067,primary,合格,0.03149999999999409,55.2775,0.11549999999999727,3.4129000000000005,3.423400000000001,-0.041999999999994486,3.423400000000001,1.5610498623063718,0.09449999999999648,20.75,False,0.14285714285714285,0.1,15.0,0.7310384394721744,88.41666666666667,0.0,True,3.4969000000000037,567,0,True,primary,C2,1.5147922413894155,C2,0.21757282517945242,False,-0.3519520146983823,1–5 MPa
848f09ef14a038,泸201H5,3,24,whole_stage,4,泸201H5|3-4,泸201H5|3|24,E:\压裂窜扰项目\02 规范化\泸201H5\泸201H5 邻井压力监测\泸201H5-3-24段压裂施工-1、2、4井压力监测.xls,导出数据,4井压力(MPa),e3af89920e9a3a7b0e7aaad4f69fb13e4346377e2cd5af7e20fc9f2db2bfe6c1,E:\压裂窜扰项目\02 规范化\泸201H5\泸201H5 压裂施工曲线\泸201H5-3-24 压裂施工曲线.xlsx,Log Data,absolute,0,1767615196.0,1767625095.0,164.98333333333332,1.0,0,0,0,1.0,1.0,47.43,pre_pump_10min,600.0,599.0,0.01482599999999705,0.0005579348831573675,primary,合格,0.030000000000001137,47.43,0.060000000000002274,0.4799999999999969,0.5,-0.060000000000002274,0.490000000000002,0.07972421456712775,0.03999999999999915,113.91666666666667,False,0.6904737852308315,0.1,15.0,0.3241741590059602,0.0,0.0,True,0.5700000000000003,181,0,True,primary,C1,0.1532939543775549,C1,0.9548284862015283,False,0.9262368059731051,<1 MPa
84c990bed729a4,泸206H8,1,12,whole_stage,5,泸206H8|1-5,泸206H8|1|12,E:\压裂窜扰项目\02 规范化\泸206H8\泸206H8 邻井压力监测\泸206H8_邻井压力数据_6.14号7平台压力监测.xlsx,Sheet1,5#井口,e159266b25d8e4693ece528c748a689e08c7d5db8399a3e7eb85016787f20360,E:\压裂窜扰项目\02 规范化\泸206H8\泸206H8 压裂施工曲线\泸206H8-1-12 压裂施工曲线.xlsx,秒点数据,absolute,0,1749888481.0,1749897698.0,153.61666666666667,1.0,0,0,0,1.0,1.0,47.4,pre_pump_10min,481.0,480.0,0.01482599999999705,0.002191945376589934,primary,合格,0.00999999999999801,47.4,0.05999999999999517,0.19000000000000483,0.19000000000000483,0.0,0.19000000000000483,0.10014863838559285,0.010000000000005116,75.41666666666667,False,0.4909406531409352,0.1,15.0,0.6866659433655202,0.0,0.0,False,,1308,0,True,primary,C1,0.11027746449064148,C1,0.9680237158121421,False,0.9304203853772276,<1 MPa
8536f55fd7992b,泸208H2,9,5,whole_stage,10,泸208H2|10-9,泸208H2|9|5,E:\压裂窜扰项目\02 规范化\泸208H2\泸208H2 邻井压力监测\泸208H2-9-5段压裂施工-10井压力监测.xlsx,9-5-10,无表头_文件名井号,23cc89c9e2de22f0ead1587b71c319bab148f19c84b037a844eab63982d37d6d,E:\压裂窜扰项目\02 规范化\泸208H2\泸208H2 压裂施工曲线\泸208H2-9-5 压裂施工曲线（秒点）.xlsx,秒点数据,named_stage_clock_only,1719273600,1719308112.0,1719321383.0,221.18333333333334,1.0,0,0,0,1.0,1.0,52.137,pre_pump_10min,229.0,228.0,0.015715559999994976,-0.004452139937839107,primary,合格,0.05269999999999442,52.1159,0.11599999999999966,4.800699999999999,4.8324,-0.03159999999999741,4.811300000000003,1.6634658654208416,0.11609999999999587,16.25,False,0.07346846507422199,0.1,15.0,0.7551804686911311,171.66666666666666,0.0,True,5.2438999999999965,1760,0,True,primary,C2,1.4362783484661874,C2,0.2978880507143216,False,-0.3035786449075719,1–5 MPa
86ff8f65c2252e,泸201H5,3,8,whole_stage,1,泸201H5|1-3,泸201H5|3|8,E:\压裂窜扰项目\02 规范化\泸201H5\泸201H5 邻井压力监测\泸201H5-3-8段压裂施工-1、2、4井压力监测.xls,导出数据,1井压力(MPa),141f56b7e3acb82b03bb53b961664926d73359be51edf6b13ba218f0537c5831,E:\压裂窜扰项目\02 规范化\泸201H5\泸201H5 压裂施工曲线\泸201H5-3-8 压裂施工曲线.xlsx,Log Data,absolute,0,1759563882.0,1759578575.0,244.88333333333333,1.0,0,0,0,1.0,1.0,54.02,pre_pump_10min,600.0,599.0,0.01482599999999705,0.0006354184317171682,primary,合格,0.020000000000003126,54.03,0.05000000000000426,0.00999999999999801,0.01999999999999602,-0.05000000000000426,0.00999999999999801,-0.009262914312940781,0.03999999999999915,,True,1.0,0.1,15.0,0.3650037432791125,0.0,0.0,True,-0.010000000000005116,201,0,True,primary,C1,0.0168519888161436,C1,0.9952878107910269,False,0.9404255952727159,<1 MPa
872ba978889d4e,泸201H5,1,7,whole_stage,2,泸201H5|1-2,泸201H5|1|7,E:\压裂窜扰项目\02 规范化\泸201H5\泸201H5 邻井压力监测\泸201H5-1-7段压裂施工-2、3、4井压力监测.xls,导出数据,2井压力(MPa),76f66ad58c68fdf5a17e1e31a3b204e3faa420c655bc1510b9c80686c4e68dbe,E:\压裂窜扰项目\02 规范化\泸201H5\泸201H5 压裂施工曲线\泸201H5-1-7 压裂施工曲线.xlsx,Log Data,absolute,0,1756541130.0,1756550865.0,162.25,1.0,0,0,0,1.0,1.0,59.94,pre_pump_10min,600.0,599.0,0.01482599999999705,-0.0015081375226004905,primary,合格,0.030000000000001137,59.94,0.0800000000000054,0.46000000000000085,0.480000000000004,-0.10999999999999943,0.4299999999999997,0.06712942989214392,0.060000000000002274,102.16666666666667,False,0.6296866974833076,0.1,15.0,0.3522342064714946,0.0,0.0,True,0.46000000000000085,61,0,True,primary,C1,0.15900573558131856,C1,0.9531142887070579,False,0.92533866653947,<1 MPa
873727344a5965,泸203H66,3,15,whole_stage,2,泸203H66|2-3,泸203H66|3|15,E:\压裂窜扰项目\02 规范化\泸203H66\泸203H66 邻井压力监测\泸203H66平台-3井-15段压裂施工-2井秒点压力监测.xls,Sheet1,2井压力,0e11acfd3112cd528760fefd9e2310891035813253b5f185ede941f9e5fe018b,E:\压裂窜扰项目\02 规范化\泸203H66\泸203H66 压裂施工曲线\泸203H66-3-15 压裂施工曲线.xlsx,LogData(s),named_stage_clock_only,-1678838400,46986.0,55125.0,135.65,1.0,0,0,0,1.0,1.0,34.88,pre_pump_10min,186.0,185.0,0.0,-0.0015900116089838804,primary,合格,0.0,34.88,2.3699999999999974,25.059999999999995,25.059999999999995,-0.07000000000000028,24.559999999999995,15.023523774419461,3.5,5.416666666666667,False,0.03993119547856002,0.1,15.0,0.7767539009706352,127.83333333333333,113.91666666666667,True,23.68,624,0,True,primary,C2,13.359699322689544,C2,0.2209668409998732,False,0.2458756419136074,≥5 MPa
8801016901a2f8,泸203H64,5,12,whole_stage,3,泸203H64|3-5,泸203H64|5|12,E:\压裂窜扰项目\02 规范化\泸203H64\泸203H64 邻井压力监测\泸203H64-5-12段压裂施工-1、2、3、4井秒点压力监测.xls,导出数据,3#套压(MPa),c1ace09e094b90b70538e5ee04edea11e4c94274f0759027d58ed9afa66c55d9,E:\压裂窜扰项目\02 规范化\泸203H64\泸203H64 压裂施工曲线\泸203H64-5-12 压裂施工曲线.csv,text,named_stage_clock_only,-1670889600,53095.0,62318.0,153.71666666666667,1.0,0,0,0,1.0,1.0,44.815,pre_pump_10min,600.0,599.0,0.06819959999999907,-0.018308654190700692,primary,合格,0.15699999999999648,44.73,0.059000000000004604,0.6829999999999998,0.7220000000000013,-0.6359999999999957,0.6960000000000051,-0.19741841049549802,0.09199999999999875,124.91666666666667,False,0.8126423072752901,0.2045987999999972,15.0,0.26466442589179223,0.0,0.0,False,,482,0,True,primary,C1,0.4210984358194722,C1,0.8783442398074712,False,0.8810824280314961,<1 MPa
8b837444bb8cf3,阳101H35,3,8,whole_stage,1,阳101H35|1-3,阳101H35|3|8,E:\压裂窜扰项目\02 规范化\阳101H35\阳101H35 邻井压力监测\阳101H35平台3井第八段压裂期间邻井秒点数据2024.5.23.xlsx,text,1#套压(MPa),cea6b5747e82e3eeb33c8f91b94b0ce7d6c6eb891be78a5ff159c1bf20089fc6,E:\压裂窜扰项目\02 规范化\阳101H35\阳101H35 压裂施工曲线\阳101H35-3-8 压裂施工曲线（秒点）.xlsx,Log Data,named_stage_clock_only,-1716422400,26812.0,40295.0,224.71666666666667,1.0,0,0,0,1.0,1.0,45.3369750976562,pre_pump_10min,412.0,411.0,0.019201000213475563,-0.004915893047727884,primary,合格,0.04532241821289773,45.3240242004395,0.03885269165039773,-0.01942443847649855,-0.012950897216697399,-0.459716796875,-0.3884925842285014,-0.3402679779758447,0.05179977416990056,,True,1.0,0.1,15.0,0.2696729214566491,0.0,0.0,True,-0.34316635131830253,2340,0,True,primary,C1,0.3640533161386952,C1,0.9067228541324863,False,0.8919170976764503,<1 MPa
8bdd4de6d372ff,泸206H8,4,2,whole_stage,6,泸206H8|4-6,泸206H8|4|2,E:\压裂窜扰项目\02 规范化\泸206H8\泸206H8 邻井压力监测\泸206H8-4-2段压裂施工-1、2、3、5、6、7、8井秒点压力监测.xls,导出数据,6井套压(MPa),894b34bc0681b2c15e1edbc46e23f9a722a1337ae87d03deae95fd1831539ce1,E:\压裂窜扰项目\02 规范化\泸206H8\泸206H8 压裂施工曲线\泸206H8-4-2 压裂施工曲线.xlsx,秒点数据,absolute,0,1752066609.0,1752076477.0,164.46666666666667,1.0,0,0,0,1.0,7.0,38.67,pre_pump_10min,309.0,308.0,0.0296519999999941,0.010370005816304366,primary,合格,0.07000000000000028,38.69,0.09000000000000341,0.3399999999999963,0.35999999999999943,-0.2600000000000051,0.21999999999999886,0.21642835427644752,0.1700000000000017,3.5,False,0.021280907985407375,0.1,15.0,0.1785641857635368,0.0,0.0,False,,1128,0,True,primary,C1,0.2394575602017394,C1,0.9300500933492959,False,0.9096641223128851,<1 MPa
8c0c059096d3aa,泸208H2,9,20,whole_stage,10,泸208H2|10-9,泸208H2|9|20,E:\压裂窜扰项目\02 规范化\泸208H2\泸208H2 邻井压力监测\泸208H2-9-20段压裂施工-10井压力监测.xlsx,9-20-10,无表头_文件名井号,cfab072b6838c49ec027f3e31268d9d581f50957c712e5e4211c44467305d8f5,E:\压裂窜扰项目\02 规范化\泸208H2\泸208H2 压裂施工曲线\泸208H2-9-20 压裂施工曲线（秒点）.xlsx,秒点数据,named_stage_clock_only,1726272000,1726309294.0,1726322475.0,219.68333333333334,1.0,0,0,0,1.0,1.0,50.5241,pre_pump_10min,600.0,599.0,0.015567300000000589,-0.0020026880630215323,primary,合格,0.03149999999999409,50.5136,0.17860000000000298,11.651200000000003,11.682700000000004,-0.03149999999999409,11.672200000000004,5.282664672634856,0.21010000000000417,14.333333333333334,False,0.06524542902662923,0.1,15.0,0.7387906835596693,183.25,139.16666666666666,True,11.997900000000001,1752,0,True,primary,C2,2.6042062251897957,C2,0.5810858656426341,False,0.46058135980904114,≥5 MPa
8c67e4532c3eea,泸201H5,3,6,whole_stage,1,泸201H5|1-3,泸201H5|3|6,E:\压裂窜扰项目\02 规范化\泸201H5\泸201H5 邻井压力监测\泸201H5-3-6段压裂施工-1、2、4井压力监测.xls,导出数据,1井压力(MPa),c83c2a9173107b47d1d7e137b36b1ba6d38acc57860d8716dbcd88bce1ce1327,E:\压裂窜扰项目\02 规范化\泸201H5\泸201H5 压裂施工曲线\泸201H5-3-6 压裂施工曲线.xlsx,Log Data,absolute,0,1759394738.0,1759404546.0,163.46666666666667,1.0,0,0,0,1.0,1.0,54.51,pre_pump_10min,600.0,599.0,0.014826000000007585,-0.004416695601930741,primary,合格,0.05000000000000426,54.5,0.05000000000000426,0.07000000000000028,0.0800000000000054,-0.03999999999999915,0.010000000000005116,0.008818821370312119,0.030000000000001137,,True,1.0,0.1,15.0,0.39477977161500816,0.0,0.0,True,-0.01999999999999602,195,0,True,primary,C1,0.02076548513174782,C1,0.9941507102474774,False,0.9398199532915575,<1 MPa
8cbd9f6e7ce8b5,泸203H66,3,13,whole_stage,2,泸203H66|2-3,泸203H66|3|13,E:\压裂窜扰项目\02 规范化\泸203H66\泸203H66 邻井压力监测\泸203H66平台-3井-13段压裂施工-1、2井秒点压力监测.xls,Sheet1,2井,066e84a1b5cefce3202268638e87d42b00cb6b0cdbdb3ca6dff8d5ce04ca70bf,E:\压裂窜扰项目\02 规范化\泸203H66\泸203H66 压裂施工曲线\泸203H66-3-13 压裂施工曲线.xlsx,LogData(s),named_stage_clock_only,-1678665600,38017.0,44246.0,103.81666666666666,1.0,0,0,0,1.0,1.0,54.19,pre_pump_10min,600.0,599.0,0.0,0.005183214397820818,primary,合格,0.05999999999999517,54.19,0.07000000000000028,3.75,3.75,0.0,3.75,1.9274032750040164,0.07000000000000028,5.583333333333333,False,0.053780703162626425,0.1,15.0,0.8991812489966287,73.75,0.0,True,4.0,622,0,True,primary,C2,1.2788221682257166,C2,0.43430122496278023,False,-0.1755707278860851,1–5 MPa
8d11691f39424b,泸206H8,5,6,whole_stage,1,泸206H8|1-5,泸206H8|5|6,E:\压裂窜扰项目\02 规范化\泸206H8\泸206H8 邻井压力监测\泸206H8-5-6段压裂施工-1、2、3、4、6、7、8井秒点压力监测.xls,导出数据,1井套压(MPa),44457d2b29877dd1f51003d617f3379d9cfa861cf72c0b80f08360fb809d107f,E:\压裂窜扰项目\02 规范化\泸206H8\泸206H8 压裂施工曲线\泸206H8-5-6 压裂施工曲线.xlsx,秒点数据,absolute,0,1752223395.0,1752231837.0,140.7,1.0,0,0,0,1.0,1.0,50.63,pre_pump_10min,195.0,194.0,0.01482599999999705,0.0007768373011354976,primary,合格,0.030000000000001137,50.63,0.060000000000002274,0.0,0.00999999999999801,-0.07000000000000028,-0.05000000000000426,-0.035817341862120135,0.020000000000003126,,True,1.0,0.1,15.0,0.32741056621653636,0.0,0.0,False,,1285,0,True,primary,C1,0.04506810107879717,C1,0.9875137271805827,False,0.9389792055653137,<1 MPa
8d9b8115771d11,泸201H5,4,17,whole_stage,1,泸201H5|1-4,泸201H5|4|17,E:\压裂窜扰项目\02 规范化\泸201H5\泸201H5 邻井压力监测\泸201H5-4-17段压裂施工-1、2、3井压力监测.xls,导出数据,1井压力(MPa),33a22f2d2d645181f0193cab9ba66d3805892a37ab8d8f8a4ad39d6de09dfde8,E:\压裂窜扰项目\02 规范化\泸201H5\泸201H5 压裂施工曲线\泸201H5-4-17 压裂施工曲线.xlsx,Log Data,absolute,0,1761813848.0,1761821561.0,128.55,1.0,0,0,0,1.0,1.0,45.23,pre_pump_10min,600.0,599.0,0.01482599999999705,-6.151683753978554e-05,primary,合格,0.021000000000000796,45.23,0.04000000000000625,0.010000000000005116,0.010000000000005116,-0.0899999999999963,-0.04999999999999716,-0.04253986775573444,0.01999999999999602,,True,1.0,0.1,15.0,0.4496304939712174,0.0,0.0,True,-0.05999999999999517,228,0,True,primary,C1,0.053290093794191536,C1,0.9852728229871293,False,0.9382470699133783,<1 MPa
8e175407c3208a,泸203H76,3,16,whole_stage,4,泸203H76|3-4,泸203H76|3|16,E:\压裂窜扰项目\02 规范化\泸203H76\泸203H76 邻井压力监测\泸203H76平台-3井-16段压裂施工-1、2、4井秒点压力监测.xls,Sheet1,4井井口压力,b62e6f024effa7060923377b1f122d68abfc23f489d52bf3e7ecb09e455bfd59,E:\压裂窜扰项目\02 规范化\泸203H76\泸203H76 压裂施工曲线\泸203H76-3-16 压裂施工曲线（秒点）.xlsx,Sheet1,named_stage_clock_only,-1679788800,39386.0,43612.0,70.43333333333334,1.0,0,0,0,1.0,1.0,52.3687,pre_pump_10min,386.0,385.0,0.031134599999990645,0.005792899473102167,primary,合格,0.052499999999994884,52.3792,0.3464999999999989,0.4411000000000058,0.5041000000000011,0.0,0.37810000000000343,0.25330424751538444,0.15760000000000218,3.5,False,0.04969238050165641,0.1,15.0,0.6817321344060577,0.0,0.0,True,0.4725999999999999,849,0,True,primary,C1,0.270857061094015,C1,0.9176966157559983,False,0.9073658636794762,<1 MPa
8e3c4557838265,泸208H1,5,9,whole_stage,4,泸208H1|4-5,泸208H1|5|9,E:\压裂窜扰项目\02 规范化\泸208H1\泸208H1 邻井压力监测\泸208H1-5-9段压裂施工-4井压力监测.xlsx,5-9-4,无表头_文件名井号,96bd70385ae0c06b91531e362b92e9b585672cc7560e6be8a7705772737dc39a,E:\压裂窜扰项目\02 规范化\泸208H1\泸208H1 压裂施工曲线\泸208H1-5-9 压裂施工曲线（秒点）.xls,导出数据,named_stage_clock_only,0,33111.0,44873.0,196.03333333333333,1.0,0,0,0,1.0,3.0,47.09,pre_pump_10min,230.0,229.0,0.0,-0.010726528076057765,primary,合格,0.02999999999999403,47.09,0.9399999999999977,14.049999999999997,14.049999999999997,0.0,14.049999999999997,8.202982911069542,1.1199999999999974,2.5,False,0.012752933174630166,0.1,15.0,0.9212585034013605,184.25,154.58333333333334,True,13.879999999999995,1405,0,True,primary,C2,5.425441759929349,C2,0.4005599908179934,False,0.3840267432655536,≥5 MPa
8e3fcefd00b5f3,泸201H5,3,13,whole_stage,2,泸201H5|2-3,泸201H5|3|13,E:\压裂窜扰项目\02 规范化\泸201H5\泸201H5 邻井压力监测\泸201H5-3-13段压裂施工-1、2、4井压力监测.xls,导出数据,2井压力(MPa),de97580b67c5aed5542ddf54b59ccc906d053cefc16eae365bf9e0cd24740e22,E:\压裂窜扰项目\02 规范化\泸201H5\泸201H5 压裂施工曲线\泸201H5-3-13 压裂施工曲线.xlsx,Log Data,absolute,0,1762242145.0,1762252274.0,168.81666666666666,1.0,0,0,0,1.0,1.0,42.73,pre_pump_10min,600.0,599.0,0.01482599999999705,-0.0004977513826392337,primary,合格,0.030000000000001137,42.73,0.05999999999999517,0.0,0.010000000000005116,-0.12999999999999545,-0.10999999999999943,-0.0804886958238697,0.030000000000001137,,True,1.0,0.1,15.0,0.3565998617829993,0.0,0.0,True,-0.0899999999999963,149,0,True,primary,C1,0.09059015840083064,C1,0.9752061089769818,False,0.934406440305361,<1 MPa
90558059b98543,泸201H5,2,6,whole_stage,1,泸201H5|1-2,泸201H5|2|6,E:\压裂窜扰项目\02 规范化\泸201H5\泸201H5 邻井压力监测\泸201H5-2-6段压裂施工-1、3、4井压力监测.xls,导出数据,1井压力(MPa),37a2e02e652a66316c4002c156e16653189320411ce32233c757faeb5c793bc2,E:\压裂窜扰项目\02 规范化\泸201H5\泸201H5 压裂施工曲线\泸201H5-2-6 压裂施工曲线.xlsx,Log Data,absolute,0,1756454621.0,1756463972.0,155.85,1.0,0,0,0,1.0,1.0,56.46,pre_pump_10min,600.0,599.0,0.01482599999999705,-0.0008206022794488624,primary,合格,0.03999999999999915,56.47,0.03999999999999915,0.0799999999999983,0.0799999999999983,-0.07000000000000028,0.0799999999999983,-0.006446904074432077,0.03999999999999915,,True,1.0,0.1,15.0,0.448722061811571,0.0,0.0,True,0.10000000000000142,126,0,True,primary,C1,0.03142578480688408,C1,0.9911372820304591,False,0.93892465392998,<1 MPa
90b064c522edc4,泸201H5,1,22,whole_stage,3,泸201H5|1-3,泸201H5|1|22,E:\压裂窜扰项目\02 规范化\泸201H5\泸201H5 邻井压力监测\泸201H5-1-22段压裂施工-2、3、4井压力监测.xls,导出数据,3井压力(MPa),da2a8806a4c451744a0d293155d2df4b1d6d7c90951a4896d3fb23321f5c752e,E:\压裂窜扰项目\02 规范化\泸201H5\泸201H5 压裂施工曲线\泸201H5-1-22 压裂施工曲线.xlsx,Log Data,absolute,0,1758379805.0,1758388980.0,152.91666666666666,1.0,0,0,0,1.0,1.0,0.11,pre_pump_10min,600.0,599.0,0.0,-0.0009502859730165944,primary,合格,0.01999999999999999,0.11,0.039999999999999994,0.0,0.009999999999999995,-0.03,-0.020000000000000004,-0.006344959128065393,0.020000000000000004,,True,1.0,0.1,15.0,0.49460490463215256,0.0,0.0,True,-0.039999999999999994,41,0,True,primary,C1,0.01656759563857245,C1,0.9953720219977722,False,0.9401892475568993,<1 MPa
91cfd1622ce1a1,泸201H5,4,12,whole_stage,1,泸201H5|1-4,泸201H5|4|12,E:\压裂窜扰项目\02 规范化\泸201H5\泸201H5 邻井压力监测\泸201H5-4-12段压裂施工-1、2、3井压力监测.xls,导出数据,1井压力(MPa),5fb17fe12dee329a181c8268e4f9546039021cfabc804f8ed8443fa30c9d5262,E:\压裂窜扰项目\02 规范化\泸201H5\泸201H5 压裂施工曲线\泸201H5-4-12 压裂施工曲线.xlsx,Log Data,absolute,0,1761205302.0,1761213176.0,131.23333333333332,1.0,0,0,0,1.0,1.0,49.24,pre_pump_10min,600.0,599.0,0.014826000000007585,0.0006129517026426253,primary,合格,0.020000000000003126,49.24,0.05000000000000426,0.00999999999999801,0.00999999999999801,-0.0800000000000054,-0.020000000000003126,-0.031021717043436554,0.030000000000001137,,True,1.0,0.1,15.0,0.36703073406146813,0.0,0.0,True,-0.010000000000005116,213,0,True,primary,C1,0.04116016407083403,C1,0.9885814038855896,False,0.9392739618994119,<1 MPa
9220b32ea8aebc,泸201H5,4,14,whole_stage,2,泸201H5|2-4,泸201H5|4|14,E:\压裂窜扰项目\02 规范化\泸201H5\泸201H5 邻井压力监测\泸201H5-4-14段压裂施工-1、2、3井压力监测.xls,导出数据,2井压力(MPa),d273dad4d5ce44db67de6927bdd64927b58e7e951aef3c983d5015890c17ca66,E:\压裂窜扰项目\02 规范化\泸201H5\泸201H5 压裂施工曲线\泸201H5-4-14 压裂施工曲线.xlsx,Log Data,absolute,0,1761381489.0,1761392822.0,188.88333333333333,1.0,0,0,0,1.0,1.0,49.13,pre_pump_10min,600.0,599.0,0.0,-6.90335250952503e-05,primary,合格,0.030000000000001137,49.13,0.07000000000000028,0.0,0.01999999999999602,-0.060000000000002274,-0.03999999999999915,-0.022783464219537468,0.020000000000003126,,True,1.0,0.1,15.0,0.3445689579105268,0.0,0.0,True,-0.030000000000001137,220,0,True,primary,C1,0.030691861906148584,C1,0.9914674441231064,False,0.9398232606667171,<1 MPa
92b61bd93cc7b2,泸201H5,4,1,whole_stage,3,泸201H5|3-4,泸201H5|4|1,E:\压裂窜扰项目\02 规范化\泸201H5\泸201H5 邻井压力监测\泸201H5-4-1段压裂施工-1、2、3井压力监测.xls,导出数据,3井压力(MPa),7d0075df81658f59971b33bdd46d02c7e6201e1f0bbfc149ea64c42f2cacfb71,E:\压裂窜扰项目\02 规范化\泸201H5\泸201H5 压裂施工曲线\泸201H5-4-1 压裂施工曲线.xlsx,Log Data,absolute,0,1759735931.0,1759750550.0,243.65,1.0,0,0,0,1.0,17.0,54.74,pre_pump_10min,600.0,599.0,0.01482599999999705,-0.00223537287603342,primary,合格,0.030999999999998806,54.73,0.0899999999999963,7.140000000000001,7.159999999999997,-0.3200000000000003,7.159999999999997,2.170086189205826,0.17999999999999972,111.33333333333333,False,0.4569395991517887,0.1,15.0,0.367958833619211,116.83333333333333,58.166666666666664,True,7.5,239,0,True,primary,C2,0.7252607468166666,C2,0.7880410381664708,False,0.2522682478257068,≥5 MPa
92fcc8d0ab389d,泸201H5,3,2,whole_stage,2,泸201H5|2-3,泸201H5|3|2,E:\压裂窜扰项目\02 规范化\泸201H5\泸201H5 邻井压力监测\泸201H5-3-2段压裂施工-1、2、4井压力监测.xls,导出数据,2井压力(MPa),883cebda1cfe3cbdfb1ee9044944908bcf7996fc7a23272d8ab86a9948f317d9,E:\压裂窜扰项目\02 规范化\泸201H5\泸201H5 压裂施工曲线\泸201H5-3-2 压裂施工曲线.xlsx,Log Data,absolute,0,1759129981.0,1759139700.0,161.98333333333332,1.0,0,0,0,1.0,1.0,57.11,pre_pump_10min,600.0,599.0,0.0296519999999941,-0.0023099064164057385,primary,合格,0.05999999999999517,57.1,0.10999999999999943,0.10999999999999943,0.13000000000000256,-0.060000000000002274,0.03999999999999915,0.05622337689062748,0.13000000000000256,14.0,False,0.08642864492231712,0.1,15.0,0.20166683815207326,0.0,0.0,True,-0.01999999999999602,185,0,True,primary,C1,0.06397643577370614,C1,0.9818951517052956,False,0.9354619841017299,<1 MPa
930fcb4c9d97f7,泸201H5,4,27,whole_stage,2,泸201H5|2-4,泸201H5|4|27,E:\压裂窜扰项目\02 规范化\泸201H5\泸201H5 邻井压力监测\泸201H5-4-27段压裂施工-1、2、3井压力监测.xls,导出数据,2井压力(MPa),3b4b255bb77e13973cdc7753f75865c9500f14b664ddfbec7217a35c24210f96,E:\压裂窜扰项目\02 规范化\泸201H5\泸201H5 压裂施工曲线\泸201H5-4-27 压裂施工曲线.xlsx,Log Data,absolute,0,1766303556.0,1766313474.0,165.3,1.0,0,0,0,1.0,1.0,37.54,pre_pump_10min,600.0,599.0,0.01482599999999705,0.0010993197203349287,primary,合格,0.05999999999999517,37.56,0.10000000000000142,0.07000000000000028,0.09000000000000341,-0.04999999999999716,0.05000000000000426,0.024807420850978965,0.0899999999999963,,True,1.0,0.1,15.0,0.3878806210929623,0.0,0.0,True,0.020000000000003126,256,0,True,primary,C1,0.02463250588264906,C1,0.9930520321026334,False,0.9392412040478705,<1 MPa
93177db24bacfd,泸203H66,3,25,whole_stage,1,泸203H66|1-3,泸203H66|3|25,E:\压裂窜扰项目\02 规范化\泸203H66\泸203H66 邻井压力监测\泸203H66平台-3井-25段压裂施工-1、2井秒点压力监测.xls,Sheet1,1井,8d715d634d8a1563693bb5d4b585217b3cff31f6dbb1d36bf4a123932343355e,E:\压裂窜扰项目\02 规范化\泸203H66\泸203H66 压裂施工曲线\泸203H66-3-25 压裂施工曲线.xlsx,LogData(s),named_stage_clock_only,-1680912000,51924.0,58266.0,105.7,1.0,0,0,0,1.0,1.0,54.94,pre_pump_10min,600.0,599.0,0.08895599999999283,-0.01940225389514513,primary,合格,0.17999999999999972,54.88,0.12999999999999545,-0.05999999999999517,-0.05999999999999517,-0.5599999999999952,-0.18999999999999773,-0.3696775465152923,0.07000000000000028,,True,1.0,0.2668679999999785,15.0,0.912961210974456,0.0,0.0,True,-0.12999999999999545,643,0,True,primary,C1,0.39007791876170805,C1,0.8980290974004475,False,0.8875576423155322,<1 MPa
932c7037c34d65,泸203H64,5,12,whole_stage,4,泸203H64|4-5,泸203H64|5|12,E:\压裂窜扰项目\02 规范化\泸203H64\泸203H64 邻井压力监测\泸203H64-5-12段压裂施工-1、2、3、4井秒点压力监测.xls,导出数据,4#套压(MPa),c1ace09e094b90b70538e5ee04edea11e4c94274f0759027d58ed9afa66c55d9,E:\压裂窜扰项目\02 规范化\泸203H64\泸203H64 压裂施工曲线\泸203H64-5-12 压裂施工曲线.csv,text,named_stage_clock_only,-1670889600,53095.0,62318.0,153.71666666666667,1.0,0,0,0,1.0,1.0,36.789,pre_pump_10min,600.0,599.0,0.019273799999997218,-0.0014129489248569174,primary,合格,0.045999999999999375,36.75,0.03999999999999915,0.01999999999999602,0.027000000000001023,-0.31500000000000483,-0.2950000000000017,-0.16662945896129397,0.06499999999999773,,True,1.0,0.1,15.0,0.34815136072861325,0.0,0.0,False,,483,0,True,primary,C1,0.19382218847835805,C1,0.9484126898560913,False,0.9193137120946627,<1 MPa
933299e0830b5d,泸208H2,10,16,whole_stage,9,泸208H2|10-9,泸208H2|10|16,E:\压裂窜扰项目\02 规范化\泸208H2\泸208H2 邻井压力监测\泸208H2-10-16段压裂施工-9井压力监测.xlsx,10-16-9,无表头_文件名井号,4651b0a6e92e5e3aeb0ecd8389f1b34382b3de8df69b2d5965476ba8497bd2cd,E:\压裂窜扰项目\02 规范化\泸208H2\泸208H2 压裂施工曲线\泸208H2-10-16 压裂施工曲线（秒点）.xlsx,秒点数据,named_stage_clock_only,1726358400,1726412483.0,1726418642.0,102.65,1.0,0,0,0,1.0,1.0,51.2001,pre_pump_10min,254.0,253.0,0.015567300000000589,0.0009506047851943815,primary,合格,0.04200000000000159,51.2001,0.14699999999999847,9.881500000000003,9.902500000000003,-0.010500000000000398,9.902500000000003,4.996060456242898,0.22050000000000125,6.666666666666667,False,0.0649456080532554,0.1,15.0,0.7070953076798181,82.58333333333333,55.416666666666664,True,10.448599999999999,1435,0,True,primary,C2,2.1348163999309784,C2,0.6416276257807739,False,0.49135276938438643,≥5 MPa
93d8408db2d129,泸201H5,1,4,whole_stage,2,泸201H5|1-2,泸201H5|1|4,E:\压裂窜扰项目\02 规范化\泸201H5\泸201H5 邻井压力监测\泸201H5-1-4段压裂施工-2、3、4井压力监测.xls,导出数据,2井压力(MPa),8a03945a1e02e348e0dc1806873d19ce3e2322760c9d4ad50c8c0430b22dff46,E:\压裂窜扰项目\02 规范化\泸201H5\泸201H5 压裂施工曲线\泸201H5-1-4 压裂施工曲线.xlsx,Log Data,absolute,0,1756029332.0,1756038780.0,157.46666666666667,1.0,0,0,0,1.0,1.0,57.78,pre_pump_10min,600.0,599.0,0.0296519999999941,-0.0008901691393562141,primary,合格,0.07000000000000028,57.78,0.0799999999999983,0.75,0.75,-0.07000000000000028,0.75,0.24627857747671347,0.07000000000000028,62.833333333333336,False,0.39902624894157496,0.1,15.0,0.3113886536833192,0.0,0.0,True,0.8399999999999963,52,0,True,primary,C1,0.34528862075341427,C1,0.8913893730333748,False,0.8968942427583817,<1 MPa
945620d24eaac9,泸201H5,3,16,whole_stage,2,泸201H5|2-3,泸201H5|3|16,E:\压裂窜扰项目\02 规范化\泸201H5\泸201H5 邻井压力监测\泸201H5-3-16段压裂施工-1、2、4井压力监测.xls,导出数据,2井压力(MPa),15c4d75ba6935a00800f8b847cbab3b860e7991b555053bb3cb6d137997fa5c5,E:\压裂窜扰项目\02 规范化\泸201H5\泸201H5 压裂施工曲线\泸201H5-3-16 压裂施工曲线.xlsx,Log Data,absolute,0,1762862689.0,1762875862.0,219.55,1.0,0,0,0,1.0,1.0,39.08,pre_pump_10min,600.0,599.0,0.014826000000007585,-3.1283420235491674e-05,primary,合格,0.030000000000001137,39.08,0.0800000000000054,0.010000000000005116,0.020000000000003126,-0.14999999999999858,-0.14000000000000057,-0.06593942154406568,0.030000000000001137,,True,1.0,0.1,15.0,0.2770059971153116,0.0,0.0,True,-0.11999999999999744,158,0,True,primary,C1,0.08998668084555397,C1,0.9753782244892197,False,0.9341206559164933,<1 MPa
94627054f653d0,泸201H5,4,12,whole_stage,2,泸201H5|2-4,泸201H5|4|12,E:\压裂窜扰项目\02 规范化\泸201H5\泸201H5 邻井压力监测\泸201H5-4-12段压裂施工-1、2、3井压力监测.xls,导出数据,2井压力(MPa),5fb17fe12dee329a181c8268e4f9546039021cfabc804f8ed8443fa30c9d5262,E:\压裂窜扰项目\02 规范化\泸201H5\泸201H5 压裂施工曲线\泸201H5-4-12 压裂施工曲线.xlsx,Log Data,absolute,0,1761205302.0,1761213176.0,131.23333333333332,1.0,0,0,0,1.0,1.0,50.14,pre_pump_10min,600.0,599.0,0.01482599999999705,0.00017220047833440676,primary,合格,0.03999999999999915,50.14,0.10000000000000142,0.00999999999999801,0.01999999999999602,-0.07000000000000028,-0.04999999999999716,-0.03187134874269677,0.03999999999999915,,True,1.0,0.1,15.0,0.20904241808483617,0.0,0.0,True,-0.04999999999999716,214,0,True,primary,C1,0.043452581260254385,C1,0.9879538211505084,False,0.9392069236034625,<1 MPa
94807a8a25ebcf,泸201H5,4,24,whole_stage,3,泸201H5|3-4,泸201H5|4|24,E:\压裂窜扰项目\02 规范化\泸201H5\泸201H5 邻井压力监测\泸201H5-4-24段压裂施工-1、2、3井压力监测.xls,导出数据,3井压力(MPa),438e6bed76b97396c2c4141f72b039461bc678771924c5d5600d25f984cfc26b,E:\压裂窜扰项目\02 规范化\泸201H5\泸201H5 压裂施工曲线\泸201H5-4-24 压裂施工曲线.xlsx,Log Data,absolute,0,1765717341.0,1765727366.0,167.08333333333334,1.0,0,0,0,1.0,1.0,44.91,pre_pump_10min,600.0,599.0,0.014826000000007585,-0.0031561087669679873,primary,合格,0.03999999999999915,44.9,0.060000000000002274,3.6200000000000045,3.6300000000000026,-0.05999999999999517,3.6300000000000026,1.6050069825436446,0.0800000000000054,27.083333333333332,False,0.1620947630922693,0.1,15.0,0.41067331670822943,106.33333333333333,0.0,True,3.9200000000000017,248,0,True,primary,C2,1.4644841581228902,C2,0.2616453149648644,False,-0.32293308808208016,1–5 MPa
951076446d3f90,泸201H5,1,8,whole_stage,4,泸201H5|1-4,泸201H5|1|8,E:\压裂窜扰项目\02 规范化\泸201H5\泸201H5 邻井压力监测\泸201H5-1-8段压裂施工-2、3、4井压力监测.xls,导出数据,4井压力(MPa),275d509104b23d01f568778e9b4b6cb3b2f1f01f49d0d1650dfb442224623b19,E:\压裂窜扰项目\02 规范化\泸201H5\泸201H5 压裂施工曲线\泸201H5-1-8 压裂施工曲线.xlsx,Log Data,absolute,0,1756716221.0,1756725532.0,155.18333333333334,1.0,0,0,0,1.0,1.0,28.78,pre_pump_10min,600.0,599.0,0.01482599999999705,-0.0016910213639452745,primary,合格,0.030000000000001137,28.77,0.060000000000002274,-0.010000000000001563,0.0,-0.10999999999999943,-0.10000000000000142,-0.056953603264956326,0.020000000000003126,,True,1.0,0.1,15.0,0.2853614004940393,0.0,0.0,True,-0.08999999999999986,63,0,True,primary,C1,0.06788770299695039,C1,0.9813189201662154,False,0.936817266459235,<1 MPa
95f242025d01e6,泸203H76,3,3,whole_stage,4,泸203H76|3-4,泸203H76|3|3,E:\压裂窜扰项目\02 规范化\泸203H76\泸203H76 邻井压力监测\泸203H76平台-3井-3段压裂施工-4井秒点压力监测.xls,历史数据,4井井口压力,9dac0c1f58ee79c43564679bd12bafd6233a4de896ea2ec2c3e9a1802332dfdc,E:\压裂窜扰项目\02 规范化\泸203H76\泸203H76 压裂施工曲线\泸203H76-3-3 压裂施工曲线（秒点）.xlsx,Sheet1,named_stage_clock_only,-1677283200,48288.0,56533.0,137.41666666666666,1.0,0,0,0,1.0,1.0,55.7816,pre_pump_10min,600.0,599.0,0.10897110000000412,0.03381686643573814,primary,合格,0.29400000000000404,55.9391,0.4830000000000041,2.3837000000000046,2.4572000000000003,0.16799999999999926,1.942700000000002,1.7308974590661033,0.3674999999999997,2.8333333333333335,False,0.02061855670103093,0.3269133000000124,15.0,0.6781079442086113,116.08333333333333,0.0,True,1.7852000000000032,880,0,True,primary,C1,1.8098377227173246,C1,0.13862266497148143,False,0.46566737301386907,1–5 MPa
97e4e0ec81cdac,泸201H5,4,21,whole_stage,2,泸201H5|2-4,泸201H5|4|21,E:\压裂窜扰项目\02 规范化\泸201H5\泸201H5 邻井压力监测\泸201H5-4-21段压裂施工-1、2、3井压力监测.xls,导出数据,2井压力(MPa),59e641161ac515138413fb9c518a923a6489400f7f40e167415126bdc7e760ac,E:\压裂窜扰项目\02 规范化\泸201H5\泸201H5 压裂施工曲线\泸201H5-4-21 压裂施工曲线.xlsx,Log Data,absolute,0,1762518638.0,1762526734.0,134.93333333333334,1.0,0,0,0,1.0,1.0,41.29,pre_pump_10min,600.0,599.0,0.01482599999999705,-0.0005602182228222878,primary,合格,0.030000000000001137,41.29,0.07000000000000028,0.0,0.00999999999999801,-0.11999999999999744,-0.10000000000000142,-0.06772109683794365,0.030000000000001137,,True,1.0,0.1,15.0,0.33226284584980237,0.0,0.0,True,-0.10000000000000142,244,0,True,primary,C1,0.08114790379856941,C1,0.9777233449762933,False,0.9356686910292517,<1 MPa
98973fb8d636b7,泸203H153,5,13,whole_stage,6,泸203H153|5-6,泸203H153|5|13,E:\压裂窜扰项目\02 规范化\泸203H153\泸203H153 邻井压力监测\泸203H153_2024.5.25压裂期间检测-6井压力.xls,导出数据,6井套压(MPa),907c55cfd06c5a8c17a3c445ddd46571c3ea13f3b14bc1ca784ab1e3481d2eaf,E:\压裂窜扰项目\02 规范化\泸203H153\泸203H153 压裂施工曲线\泸203H153-5-13 压裂施工曲线-2.xlsx,秒点数据,absolute,0,1716641890.0,1716655383.0,224.88333333333333,1.0,0,0,0,1.0,1.0,65.72,pre_pump_10min,600.0,599.0,0.0296519999999941,-0.01043964566567838,primary,合格,0.0899999999999892,65.68,0.060000000000002274,-0.06999999999999318,-0.060000000000002274,-2.3100000000000023,-2.299999999999997,-1.2854035425776318,0.020000000000003126,,True,1.0,0.1,15.0,0.3498851256206922,0.0,0.0,False,,345,0,True,primary,C1,1.4331562526476032,C1,0.7116224324067789,False,0.7377496901088276,<1 MPa
99ec2b2ab4f691,泸203H64,4,3,whole_stage,5,泸203H64|4-5,泸203H64|4|3,E:\压裂窜扰项目\02 规范化\泸203H64\泸203H64 邻井压力监测\泸203H64-4-3段压裂施工-1、2、3、5井秒点压力监测.xls,导出数据,5#套压(MPa),8654f1461c61c8fac9084720138690eecb07f0eb5c1632a243fbdc862c478cd3,E:\压裂窜扰项目\02 规范化\泸203H64\泸203H64 压裂施工曲线\泸203H64-4-3 压裂施工曲线.csv,text,named_stage_clock_only,-1671148800,51587.0,60882.0,154.91666666666666,1.0,0,0,0,1.0,1.0,48.133,pre_pump_10min,287.0,286.0,0.019273799999997218,-0.0022201274335377974,primary,合格,0.04099999999999682,48.126,0.054000000000002046,-0.007000000000005002,0.01999999999999602,-0.8049999999999997,-0.7850000000000037,-0.4015983324367967,0.04700000000000415,,True,1.0,0.1,15.0,0.27003765465303925,0.0,0.0,False,,447,0,True,primary,C1,0.4634352097237691,C1,0.8848674413074806,False,0.8751784259654694,<1 MPa
9b9342dc222eda,泸201H5,1,20,whole_stage,2,泸201H5|1-2,泸201H5|1|20,E:\压裂窜扰项目\02 规范化\泸201H5\泸201H5 邻井压力监测\泸201H5-1-20段压裂施工-2、3、4井压力监测.xls,导出数据,2井压力(MPa),4a04e9881e5125638d8dc0e9fcb760d915857c651a3156a2549b5744677b4c2d,E:\压裂窜扰项目\02 规范化\泸201H5\泸201H5 压裂施工曲线\泸201H5-1-20 压裂施工曲线.xlsx,Log Data,absolute,0,1758177590.0,1758186967.0,156.28333333333333,1.0,0,0,0,1.0,4.0,61.15,pre_pump_10min,590.0,589.0,0.01482599999999705,-0.002497758162605227,primary,合格,0.060000000000002274,61.144999999999996,0.0799999999999983,0.10999999999999943,0.10999999999999943,-0.10000000000000142,0.07000000000000028,-0.010583342220324445,0.10999999999999943,153.0,False,0.9789911485549749,0.1,15.0,0.31470023469170044,0.0,0.0,True,0.12000000000000455,37,0,True,primary,C1,0.04205429088902087,C1,0.9881269660049009,False,0.9382785560523259,<1 MPa
9bbdaa6740a3a8,泸201H5,2,17,whole_stage,4,泸201H5|2-4,泸201H5|2|17,E:\压裂窜扰项目\02 规范化\泸201H5\泸201H5 邻井压力监测\泸201H5-2-17段压裂施工-1、3、4井压力监测.xls,导出数据,4井压力(MPa),3d7915b49732c1eeb3bea488b6185441d9d593507a7b89af78e4cebe025bb7ff,E:\压裂窜扰项目\02 规范化\泸201H5\泸201H5 压裂施工曲线\泸201H5-2-17 压裂施工曲线.xlsx,Log Data,absolute,0,1757660990.0,1757671570.0,176.33333333333334,1.0,0,0,0,1.0,1.0,23.08,pre_pump_10min,590.0,589.0,0.01482599999999705,-0.0004786715409843112,primary,合格,0.030000000000001137,23.08,0.07000000000000028,0.010000000000001563,0.010000000000001563,-0.03999999999999915,-0.019999999999999574,-0.013120037807182586,0.019999999999999574,,True,1.0,0.1,15.0,0.35094517958412097,0.0,0.0,True,-0.03999999999999915,91,0,True,primary,C1,0.02185268636247019,C1,0.9939081798032048,False,0.9401752909000406,<1 MPa
9bbf61a0278e0b,泸201H5,3,18,whole_stage,1,泸201H5|1-3,泸201H5|3|18,E:\压裂窜扰项目\02 规范化\泸201H5\泸201H5 邻井压力监测\泸201H5-3-18段压裂施工-1、2、4井压力监测.xls,导出数据,1井压力(MPa),8f2a35561fdb115788257ba8eb21fa076b7854201a08e5b954f7edd908540a73,E:\压裂窜扰项目\02 规范化\泸201H5\泸201H5 压裂施工曲线\泸201H5-3-18 压裂施工曲线.xlsx,Log Data,absolute,0,1763045798.0,1763056971.0,186.21666666666667,1.0,0,0,0,1.0,1.0,40.08,pre_pump_10min,600.0,599.0,0.014826000000007585,0.0009223192286683642,primary,合格,0.020000000000003126,40.09,0.05000000000000426,0.010000000000005116,0.010000000000005116,-0.25,-0.21999999999999886,-0.14863734001610862,0.04999999999999716,,True,1.0,0.1,15.0,0.38002327038396133,0.0,0.0,True,-0.21999999999999886,159,0,True,primary,C1,0.17381374884447381,C1,0.953445504012028,False,0.9225859751233965,<1 MPa
9ca920c53e4043,泸201H5,2,3,whole_stage,3,泸201H5|2-3,泸201H5|2|3,E:\压裂窜扰项目\02 规范化\泸201H5\泸201H5 邻井压力监测\泸201H5-2-3段压裂施工-1、3、4井压力监测.xls,导出数据,3井压力(MPa),ced761a03e67f69037d6aa06df8963a158a27642112351754d58103ae78bfecc,E:\压裂窜扰项目\02 规范化\泸201H5\泸201H5 压裂施工曲线\泸201H5-2-3 压裂施工曲线.xlsx,Log Data,absolute,0,1755932082.0,1755941508.0,157.1,1.0,0,0,0,1.0,1.0,0.03,pre_pump_10min,600.0,599.0,0.0,5.46001516670904e-05,primary,合格,0.010999999999999944,0.03,0.030000000000000002,0.010000000000000002,0.020000000000000004,-0.03,0.0,0.0002938680246127735,0.02,,True,1.0,0.1,15.0,0.5411627413537026,0.0,0.0,True,0.0,119,0,True,primary,C1,0.012402274754311389,C1,0.9965259414098212,False,0.9402939529959099,<1 MPa
9cb17af2b6f89d,泸208H1,5,16,whole_stage,4,泸208H1|4-5,泸208H1|5|16,E:\压裂窜扰项目\02 规范化\泸208H1\泸208H1 邻井压力监测\泸208H1-5-16段压裂施工-4井压力监测.xlsx,5-16-4,无表头_文件名井号,8a22b905fddbcc358935ae452da636c1603b469e2c307e45520984467e0ef42e,E:\压裂窜扰项目\02 规范化\泸208H1\泸208H1 压裂施工曲线\泸208H1-5-16 压裂施工曲线（秒点）.xls,导出数据,named_stage_clock_only,0,65547.0,69147.0,60.0,1.0,0,0,0,1.0,1.0,50.59,pre_pump_10min,251.0,250.0,0.0,0.020480364257253813,primary,合格,0.06999999999999318,50.66,0.04000000000000625,8.299999999999997,8.329999999999998,0.10999999999999943,8.299999999999997,4.491063888888886,0.37999999999999545,0.0,False,0.0,0.1,15.0,0.9027777777777778,50.083333333333336,28.75,True,7.989999999999995,1388,0,True,primary,C2,1.593230709570225,C2,0.704049202527156,False,0.4868623874013309,≥5 MPa
9cb61113b67c1a,泸201H5,2,5,whole_stage,4,泸201H5|2-4,泸201H5|2|5,E:\压裂窜扰项目\02 规范化\泸201H5\泸201H5 邻井压力监测\泸201H5-2-5段压裂施工-1、3、4井压力监测.xls,导出数据,4井压力(MPa),e32fe1af40476e8eab8f1d91bd9233139406643995f43c0b7a30acb6c6112c67,E:\压裂窜扰项目\02 规范化\泸201H5\泸201H5 压裂施工曲线\泸201H5-2-5 压裂施工曲线.xlsx,Log Data,absolute,0,1756285735.0,1756294977.0,154.03333333333333,1.0,0,0,0,1.0,1.0,37.93,pre_pump_10min,600.0,599.0,0.01482599999999705,-0.004558012661142424,primary,合格,0.03999999999999915,37.92,0.05000000000000426,-0.00999999999999801,0.0,-0.45000000000000284,-0.4399999999999977,-0.2532352304695947,0.020000000000003126,,True,1.0,0.1,15.0,0.367020125513958,0.0,0.0,True,-0.46000000000000085,124,0,True,primary,C1,0.2852948202201927,C1,0.9258271180930214,False,0.904451093544103,<1 MPa
9e606d7f29b516,泸201H5,3,15,whole_stage,2,泸201H5|2-3,泸201H5|3|15,E:\压裂窜扰项目\02 规范化\泸201H5\泸201H5 邻井压力监测\泸201H5-3-15段压裂施工-1、2、4井压力监测.xls,导出数据,2井压力(MPa),75e74d5fdde192ef3723e0e819489b630185a0aed4a1d1e6ee7cb1ba4b46af6c,E:\压裂窜扰项目\02 规范化\泸201H5\泸201H5 压裂施工曲线\泸201H5-3-15 压裂施工曲线.xlsx,Log Data,absolute,0,1762672889.0,1762684490.0,193.35,1.0,0,0,0,1.0,1.0,40.29,pre_pump_10min,600.0,599.0,0.01482599999999705,0.0003129508693142539,primary,合格,0.01999999999999602,40.29,0.060000000000002274,0.020000000000003126,0.020000000000003126,-0.1700000000000017,-0.1700000000000017,-0.08283079044909862,0.030000000000001137,,True,1.0,0.1,15.0,0.3472114472890268,0.0,0.0,True,-0.14999999999999858,155,0,True,primary,C1,0.1058516483165153,C1,0.9711678656936742,False,0.9323705445080329,<1 MPa
9e979ae2db99f0,泸201H5,1,20,whole_stage,4,泸201H5|1-4,泸201H5|1|20,E:\压裂窜扰项目\02 规范化\泸201H5\泸201H5 邻井压力监测\泸201H5-1-20段压裂施工-2、3、4井压力监测.xls,导出数据,4井压力(MPa),4a04e9881e5125638d8dc0e9fcb760d915857c651a3156a2549b5744677b4c2d,E:\压裂窜扰项目\02 规范化\泸201H5\泸201H5 压裂施工曲线\泸201H5-1-20 压裂施工曲线.xlsx,Log Data,absolute,0,1758177590.0,1758186967.0,156.28333333333333,1.0,0,0,0,1.0,4.0,22.9,pre_pump_10min,590.0,589.0,0.01482599999999705,-0.00028810038990978155,primary,合格,0.030000000000001137,22.9,0.05000000000000071,0.020000000000003126,0.020000000000003126,-0.019999999999999574,0.0,0.0013042550922473704,0.020000000000003126,,True,1.0,0.1,15.0,0.31811393215276296,0.0,0.0,True,0.0,36,0,True,primary,C1,0.014513315662189137,C1,0.9959362606256684,False,0.9402300978338527,<1 MPa
9edd3050cbb7ae,泸203H9,3,3,whole_stage,1,泸203H9|1-3,泸203H9|3|3,E:\压裂窜扰项目\02 规范化\泸203H9\泸203H9 邻井压力监测\泸203H9-3井第3段压裂期间邻井压力监测数据(1).xls,导出数据,1#套压(MPa),a67cd44782522fce4cde48d45b3ad5bbcc8caead6e1297c18f11eba6a7d3ed43,E:\压裂窜扰项目\02 规范化\泸203H9\泸203H9 压裂施工曲线\泸203H9-3-3 压裂施工曲线-2.xlsx,LogData(s),named_stage_clock_only,-1690502400,31587.0,41528.0,165.68333333333334,1.0,0,0,0,1.0,2.0,27.0178127288818,pre_pump_10min,600.0,599.0,0.009730580520619347,-0.00026939851253528967,primary,合格,0.026248931884701676,27.0178127288818,0.0590629577637003,0.0,0.006563186645500707,-0.03937530517569954,-0.02625083923340199,-0.01621600783165462,0.019687652587901283,,True,1.0,0.1,15.0,0.20925553319919518,0.0,0.0,False,,979,0,True,primary,C1,0.024090763106293267,C1,0.9932872924172429,False,0.9400940418961933,<1 MPa
9f0819624f623e,泸203H11,1,3,whole_stage,8,泸203H11|1-8,泸203H11|1|3,E:\压裂窜扰项目\02 规范化\泸203H11\泸203H11 邻井压力监测\泸203H11-1-3段压裂施工-8井套压压力监测.xls,Sheet1,8井套压,e5a42b8dca43a7a34b93dee8133e497e35dcbb4d601de0d0289d8fc31d1a31d6,E:\压裂窜扰项目\02 规范化\泸203H11\泸203H11 压裂施工曲线\泸203H11-1-3 压裂施工曲线.xlsx,LogData(s),named_stage_clock_only,-1710892800,33957.0,40680.0,112.05,1.0,0,0,0,1.0,1.0,54.48,pre_pump_10min,600.0,599.0,0.014826000000007585,3.0083416908349453e-05,primary,合格,0.060000000000002274,54.47,0.10999999999999943,6.810000000000002,6.8600000000000065,-0.03999999999999915,6.830000000000005,2.175900639595422,0.20999999999999375,17.083333333333332,False,0.1524616986464376,0.1,15.0,0.41276215975011155,56.416666666666664,22.0,False,,304,0,True,primary,C2,0.5800493368296057,C2,0.8172757713083012,False,0.2275617769776868,≥5 MPa
9f1f56354ddd28,泸208H1,4,4,whole_stage,3,泸208H1|3-4,泸208H1|4|4,E:\压裂窜扰项目\02 规范化\泸208H1\泸208H1 邻井压力监测\泸208H1-4-4段压裂施工-3井压力监测.xlsx,4-4-3,无表头_文件名井号,ffa6bb9be9cbaea7a3cd72df5d3e9307de2951e17b1db8ed6c96425ad80b1d0e,E:\压裂窜扰项目\02 规范化\泸208H1\泸208H1 压裂施工曲线\泸208H1-4-4 压裂施工曲线（秒点）.xls,导出数据,named_stage_clock_only,0,29082.0,34940.0,97.63333333333334,1.0,0,0,0,1.0,1.0,43.34,pre_pump_10min,222.0,221.0,0.0,-0.019323038315387942,primary,合格,0.04999999999999716,43.34,0.060000000000002274,9.239999999999995,9.469999999999999,-0.3100000000000023,9.419999999999995,1.3985669170365276,0.46000000000000085,51.25,False,0.5249231819733697,0.1,15.0,0.895868897234551,33.166666666666664,11.416666666666666,True,13.149999999999999,1356,0,True,primary,C2,1.5430311032378656,C2,0.45923341806355383,False,-0.07135021706889225,≥5 MPa
a029b4f6f079e4,泸208H2,10,5,whole_stage,9,泸208H2|10-9,泸208H2|10|5,E:\压裂窜扰项目\02 规范化\泸208H2\泸208H2 邻井压力监测\泸208H2-10-5段压裂施工-9井压力监测.xlsx,10-5-9,无表头_文件名井号,a27126f5c9756964f8d2c63daa9911479d481c7a41a4494b1711edad1c7dcf6e,E:\压裂窜扰项目\02 规范化\泸208H2\泸208H2 压裂施工曲线\泸208H2-10-5 压裂施工曲线（秒点）.xlsx,秒点数据,named_stage_clock_only,1719705600,1719737374.0,1719745024.0,127.5,1.0,0,0,0,1.0,1.0,51.2526,pre_pump_10min,364.0,363.0,0.015567300000000589,-0.0027082531416206157,primary,合格,0.04200000000000159,51.2526,0.17859999999999587,4.410499999999999,4.420999999999999,-0.04200000000000159,4.410499999999999,1.7412344901960777,0.13649999999999807,31.166666666666668,False,0.24444444444444446,0.1,15.0,0.7037908496732026,74.75,0.0,True,4.8095,1443,0,True,primary,C2,1.0771644168152754,C2,0.5294176799711798,False,-0.1426283418235369,1–5 MPa
a115587e3b6c43,泸201H5,3,16,whole_stage,1,泸201H5|1-3,泸201H5|3|16,E:\压裂窜扰项目\02 规范化\泸201H5\泸201H5 邻井压力监测\泸201H5-3-16段压裂施工-1、2、4井压力监测.xls,导出数据,1井压力(MPa),15c4d75ba6935a00800f8b847cbab3b860e7991b555053bb3cb6d137997fa5c5,E:\压裂窜扰项目\02 规范化\泸201H5\泸201H5 压裂施工曲线\泸201H5-3-16 压裂施工曲线.xlsx,Log Data,absolute,0,1762862689.0,1762875862.0,219.55,1.0,0,0,0,1.0,1.0,40.74,pre_pump_10min,600.0,599.0,0.01482599999999705,-3.6250100692876915e-05,primary,合格,0.030000000000001137,40.75,0.04000000000000625,0.30999999999999517,0.30999999999999517,-0.020000000000003126,0.21999999999999886,0.1511386927806861,0.13000000000000256,100.16666666666667,False,0.4562362407955667,0.1,15.0,0.43930767478934185,0.0,0.0,True,0.259999999999998,156,0,True,primary,C1,0.19161851245808223,C1,0.9433208406510794,False,0.9187832392792377,<1 MPa
a3bc67116f79d4,泸208H2,10,13,whole_stage,9,泸208H2|10-9,泸208H2|10|13,E:\压裂窜扰项目\02 规范化\泸208H2\泸208H2 邻井压力监测\泸208H2-10-13段压裂施工-9井压力监测.xlsx,10-13-9,无表头_文件名井号,664572876644e9f7866dc659af821eaac88a8a6a65a9b4aa2c1632f7d61c9fb3,E:\压裂窜扰项目\02 规范化\泸208H2\泸208H2 压裂施工曲线\泸208H2-10-13 压裂施工曲线（秒点）.xlsx,秒点数据,named_stage_clock_only,1722643200,1722694012.0,1722702463.0,140.85,1.0,0,0,0,1.0,1.0,48.2808,pre_pump_10min,322.0,321.0,0.015567300000000589,0.0017023963930160272,primary,合格,0.04200000000000159,48.2913,0.15749999999999886,1.2601000000000013,1.2916999999999987,-0.08399999999999608,1.249600000000001,0.338516317595551,0.09450000000000358,64.0,False,0.45438409655662054,0.1,15.0,0.7037037037037037,14.166666666666666,0.0,True,1.459699999999998,1432,0,True,primary,C1,0.5122415699433849,C1,0.8287320347707997,False,0.8659988518679557,1–5 MPa
a3bdecdf30f4a2,泸206H8,5,7,whole_stage,6,泸206H8|5-6,泸206H8|5|7,E:\压裂窜扰项目\02 规范化\泸206H8\泸206H8 邻井压力监测\泸206H8-5-7段压裂施工-1、2、3、4、6、7、8井秒点压力监测.xls,导出数据,6井套压(MPa),3c8ee6faa4bd6f4950e6f7823dfa58bb3dd47622cc4d18c00a7961ae184317fd,E:\压裂窜扰项目\02 规范化\泸206H8\泸206H8 压裂施工曲线\泸206H8-5-7 压裂施工曲线.xlsx,秒点数据,absolute,0,1752306389.0,1752314953.0,142.73333333333332,1.0,0,0,0,1.0,1.0,38.94,pre_pump_10min,269.0,268.0,0.0296519999999941,1.0357136246899302e-05,primary,合格,0.04999999999999716,38.94,0.09000000000000341,0.020000000000003126,0.030000000000001137,-0.05999999999999517,0.0,-0.008832321345164127,0.05000000000000426,,True,1.0,0.1,15.0,0.18180756655768332,0.0,0.0,False,,1295,0,True,primary,C1,0.020706285203680782,C1,0.99421907519814,False,0.9402280888051796,<1 MPa
a41fa41a69a152,泸203H153,6,21,whole_stage,5,泸203H153|5-6,泸203H153|6|21,E:\压裂窜扰项目\02 规范化\泸203H153\泸203H153 邻井压力监测\泸203H153-6-21段压裂施工-5井套压压力监测.xls,导出数据,5井套压(MPa),3de3d48704175cef7ca059d8a820d7300000b599e890d2dda1b9c58de81dac23,E:\压裂窜扰项目\02 规范化\泸203H153\泸203H153 压裂施工曲线\泸203H153-6-21 压裂施工曲线.xlsx,秒点数据,absolute,0,1720596970.0,1720607827.0,180.95,1.0,0,0,0,1.0,14.0,61.54,pre_pump_10min,370.0,369.0,0.01482599999999705,-0.0014465349578128234,primary,合格,0.030000000000001137,61.54,0.07000000000000739,6.369999999999997,6.390000000000008,0.00999999999999801,6.369999999999997,4.102145620337111,0.14999999999999147,2.3333333333333335,False,0.01289490651192779,0.1,15.0,0.33299520472150496,163.25,46.916666666666664,False,,342,0,True,primary,C2,1.5892792568546699,C2,0.6430431573449193,False,0.381269480250022,≥5 MPa
a595b50564f97a,泸201H5,1,19,whole_stage,4,泸201H5|1-4,泸201H5|1|19,E:\压裂窜扰项目\02 规范化\泸201H5\泸201H5 邻井压力监测\泸201H5-1-19段压裂施工-2、3、4井压力监测.xls,导出数据,4井压力(MPa),f2cf79bc8662f4da03b496c060a58a5585ba0a6e31f3687576887d87128f7b0b,E:\压裂窜扰项目\02 规范化\泸201H5\泸201H5 压裂施工曲线\泸201H5-1-19 压裂施工曲线.xlsx,Log Data,absolute,0,1758036030.0,1758045381.0,155.85,1.0,0,0,0,1.0,6.0,22.19,pre_pump_10min,600.0,599.0,0.01482599999999705,0.0013126036461219965,primary,合格,0.030000000000001137,22.2,0.05000000000000071,0.11999999999999744,0.129999999999999,0.0,0.11999999999999744,0.06827932841407196,0.019999999999999574,142.08333333333334,False,0.9116672013688376,0.1,15.0,0.34075580772936515,0.0,0.0,True,0.11999999999999744,33,0,True,primary,C1,0.06935251070479972,C1,0.9801603561017344,False,0.9349015601479582,<1 MPa
a616b6f05d30d0,泸201H5,4,6,whole_stage,2,泸201H5|2-4,泸201H5|4|6,E:\压裂窜扰项目\02 规范化\泸201H5\泸201H5 邻井压力监测\泸201H5-4-6段压裂施工-1、2、3井压力监测.xls,导出数据,2井压力(MPa),e7cbba1da866e6b3f9533ba9307acc886b481fb528b1b59dbdd15398820134f0,E:\压裂窜扰项目\02 规范化\泸201H5\泸201H5 压裂施工曲线\泸201H5-4-6 压裂施工曲线.xlsx,Log Data,absolute,0,1760170208.0,1760184233.0,233.75,1.0,0,0,0,1.0,1.0,53.7,pre_pump_10min,600.0,599.0,0.01482599999999705,-0.0005133014258401759,primary,合格,0.020000000000003126,53.7,0.0799999999999983,0.0799999999999983,0.0799999999999983,-0.010000000000005116,0.04999999999999716,0.038591087344026026,0.02999999999999403,,True,1.0,0.1,15.0,0.32306595365418894,0.0,0.0,True,0.07000000000000028,271,0,True,primary,C1,0.03899534726270724,C1,0.9889400985495189,False,0.9377666913503521,<1 MPa
a640800ca0702d,泸203H64,4,10,whole_stage,2,泸203H64|2-4,泸203H64|4|10,E:\压裂窜扰项目\02 规范化\泸203H64\泸203H64 邻井压力监测\泸203H64-4-10段压裂施工-1、2、3、5井秒点压力监测.xls,导出数据,2#套压(MPa),b868fff0f2c2f5df5928ab822f7f8a8e434537aab06d402a9e4514646072cab5,E:\压裂窜扰项目\02 规范化\泸203H64\泸203H64 压裂施工曲线\泸203H64-4-10 压裂施工曲线.csv,text,named_stage_clock_only,-1671494400,26094.0,35162.0,151.13333333333333,1.0,0,0,0,1.0,1.0,44.326,pre_pump_10min,600.0,599.0,0.019273799999997218,0.00046118294773457537,primary,合格,0.0589999999999975,44.346,0.03899999999999437,0.012999999999998124,0.012999999999998124,-0.1700000000000017,-0.15100000000000335,-0.10091596823996522,0.09800000000000608,,True,1.0,0.1,15.0,0.37428319364799295,0.0,0.0,True,-0.14399999999999835,417,0,True,primary,C1,0.11055328796088953,C1,0.9698870823322836,False,0.9317735374686308,<1 MPa
a7336aaca49fc0,泸201H5,2,15,whole_stage,3,泸201H5|2-3,泸201H5|2|15,E:\压裂窜扰项目\02 规范化\泸201H5\泸201H5 邻井压力监测\泸201H5-2-15段压裂施工-1、3、4井压力监测.xls,导出数据,3井压力(MPa),d45bea693936ecd681c45b2a3f38eab0f3f615b5d0c67f675383196ef65b200e,E:\压裂窜扰项目\02 规范化\泸201H5\泸201H5 压裂施工曲线\泸201H5-2-15 压裂施工曲线.xlsx,Log Data,absolute,0,1757575396.0,1757584743.0,155.78333333333333,1.0,0,0,0,1.0,1.0,0.11,pre_pump_10min,600.0,599.0,0.0,0.0013465204070011348,primary,合格,0.01999999999999999,0.11,0.03,0.009999999999999995,0.020000000000000004,-0.020000000000000004,0.020000000000000004,0.0013967048250775646,0.020000000000000004,,True,1.0,0.1,15.0,0.521878677650583,0.0,0.0,True,0.009999999999999995,86,0,True,primary,C1,0.012117615473212098,C1,0.9966034870063973,False,0.9403982861314413,<1 MPa
a74dcae613276e,泸201H5,4,27,whole_stage,3,泸201H5|3-4,泸201H5|4|27,E:\压裂窜扰项目\02 规范化\泸201H5\泸201H5 邻井压力监测\泸201H5-4-27段压裂施工-1、2、3井压力监测.xls,导出数据,3井压力(MPa),3b4b255bb77e13973cdc7753f75865c9500f14b664ddfbec7217a35c24210f96,E:\压裂窜扰项目\02 规范化\泸201H5\泸201H5 压裂施工曲线\泸201H5-4-27 压裂施工曲线.xlsx,Log Data,absolute,0,1766303556.0,1766313474.0,165.3,1.0,0,0,0,1.0,1.0,49.85,pre_pump_10min,600.0,599.0,0.0296519999999941,-0.0034792596646100057,primary,合格,0.07000000000000028,49.84,9.100000000000001,9.409999999999997,10.5,-0.060000000000002274,3.6299999999999955,1.814612825166363,9.259999999999998,30.416666666666668,False,0.18400887275660416,0.1,15.0,0.38616656583988707,85.58333333333333,4.0,True,3.8200000000000003,257,0,True,primary,C2,1.6049017748891306,C2,0.36145807945497566,False,-0.17176919635845564,≥5 MPa
a966ad83faf7fd,泸203H64,4,9,whole_stage,5,泸203H64|4-5,泸203H64|4|9,E:\压裂窜扰项目\02 规范化\泸203H64\泸203H64 邻井压力监测\泸203H64-4-9段压裂施工-1、2、3、5井秒点压力监测.xls,导出数据,5#套压(MPa),6bf1d0ed5192582e7e59a4a9e57d1afb78f0a8c7760ef9ff3d7cfd58df4db38e,E:\压裂窜扰项目\02 规范化\泸203H64\泸203H64 压裂施工曲线\泸203H64-4-9 压裂施工曲线.csv,text,named_stage_clock_only,-1671408000,51332.0,60473.0,152.35,1.0,0,0,0,1.0,1.0,43.856,pre_pump_10min,332.0,331.0,0.010378200000007417,0.003373484138245974,primary,合格,0.03399999999999892,43.876,0.06799999999999784,0.4159999999999968,0.47099999999999653,-0.014000000000002899,0.4089999999999989,0.13897839404878956,0.14999999999999858,67.75,False,0.44469970462750247,0.1,15.0,0.25872442839951865,0.0,0.0,False,,471,0,True,primary,C1,0.16969908050529442,C1,0.9496368755668464,False,0.9236192783540452,<1 MPa
a98967c04aeee7,泸206H8,5,7,whole_stage,8,泸206H8|5-8,泸206H8|5|7,E:\压裂窜扰项目\02 规范化\泸206H8\泸206H8 邻井压力监测\泸206H8-5-7段压裂施工-1、2、3、4、6、7、8井秒点压力监测.xls,导出数据,8井套压(MPa),3c8ee6faa4bd6f4950e6f7823dfa58bb3dd47622cc4d18c00a7961ae184317fd,E:\压裂窜扰项目\02 规范化\泸206H8\泸206H8 压裂施工曲线\泸206H8-5-7 压裂施工曲线.xlsx,秒点数据,absolute,0,1752306389.0,1752314953.0,142.73333333333332,1.0,0,0,0,1.0,1.0,32.1,pre_pump_10min,269.0,268.0,0.01482599999999705,0.0010793615565306896,primary,合格,0.03999999999999915,32.11,0.03999999999999915,0.17999999999999972,0.17999999999999972,-0.030000000000001137,0.10000000000000142,0.09675151798224982,0.04999999999999716,13.583333333333334,False,0.09516581036898647,0.1,15.0,0.4225829051844932,0.0,0.0,False,,1293,0,True,primary,C1,0.09806521112234484,C1,0.9718505594740626,False,0.9310532666154419,<1 MPa
a9917edd2cb8f4,泸201H5,2,2,whole_stage,1,泸201H5|1-2,泸201H5|2|2,E:\压裂窜扰项目\02 规范化\泸201H5\泸201H5 邻井压力监测\泸201H5-2-2段压裂施工-1、3、4井压力监测.xls,导出数据,1井压力(MPa),82cddbdb4bb79ef3cf3684ebf631655dcc5170c9122e66df92420cf9125994ec,E:\压裂窜扰项目\02 规范化\泸201H5\泸201H5 压裂施工曲线\泸201H5-2-2 压裂施工曲线.xlsx,Log Data,absolute,0,1755695738.0,1755705084.0,155.76666666666668,1.0,0,0,0,1.0,1.0,52.79,pre_pump_10min,600.0,599.0,0.01482599999999705,-0.00014946708184701414,primary,合格,0.030000000000001137,52.8,0.04000000000000625,0.13000000000000256,0.14000000000000057,-0.00999999999999801,0.13000000000000256,0.07734057350738353,0.030000000000001137,78.83333333333333,False,0.5060988658249518,0.1,15.0,0.423710678365076,0.0,0.0,True,0.14000000000000057,114,0,True,primary,C1,0.08069040548394918,C1,0.976836754454285,False,0.9335628685628501,<1 MPa
aa36dddb47daae,泸201H5,2,24,whole_stage,3,泸201H5|2-3,泸201H5|2|24,E:\压裂窜扰项目\02 规范化\泸201H5\泸201H5 邻井压力监测\泸201H5-2-24段压裂施工-1、3、4井压力监测.xls,导出数据,3井压力(MPa),9abdb5e5343841649c50811e61f7b582007a50b02aa3eb9ad297b0aad4c754de,E:\压裂窜扰项目\02 规范化\泸201H5\泸201H5 压裂施工曲线\泸201H5-2-24 压裂施工曲线.xlsx,Log Data,absolute,0,1758539192.0,1758553032.0,230.66666666666666,1.0,0,0,0,1.0,1.0,0.05,pre_pump_10min,600.0,599.0,0.0,-0.0019934888708024166,primary,合格,0.03,0.03,0.04000000000000001,0.020000000000000004,0.020000000000000004,-0.020000000000000004,0.020000000000000004,0.006403179190751445,0.020000000000000004,,True,1.0,0.1,15.0,0.5213150289017341,0.0,0.0,True,0.020000000000000004,113,0,True,primary,C1,0.012034882995853327,C1,0.9966215745759802,False,0.9402821511378251,<1 MPa
aa84d7807b8db3,泸201H5,4,20,whole_stage,2,泸201H5|2-4,泸201H5|4|20,E:\压裂窜扰项目\02 规范化\泸201H5\泸201H5 邻井压力监测\泸201H5-4-20段压裂施工-1、2、3井压力监测.xls,导出数据,2井压力(MPa),00374643e8a41bd906dc3e451cdd4caff6bdecc53d85d428c2e055985780f70d,E:\压裂窜扰项目\02 规范化\泸201H5\泸201H5 压裂施工曲线\泸201H5-4-20 压裂施工曲线.xlsx,Log Data,absolute,0,1762427785.0,1762454064.0,437.98333333333335,1.0,0,0,0,1.0,1.0,41.83,pre_pump_10min,600.0,599.0,0.014826000000007585,0.00031386753851984727,primary,合格,0.030000000000001137,41.83,0.0799999999999983,0.0,0.010000000000005116,-0.21000000000000085,-0.21000000000000085,-0.10610506488070205,0.030000000000001137,,True,1.0,0.1,15.0,0.26138741961261847,0.0,0.0,True,-0.21000000000000085,241,0,True,primary,C1,0.11566779462160098,C1,0.968512768846465,False,0.931076218154286,<1 MPa
aab45ad11b0de2,阳101H35,1,5,whole_stage,2,阳101H35|1-2,阳101H35|1|5,E:\压裂窜扰项目\02 规范化\阳101H35\阳101H35 邻井压力监测\阳101H35平台压窜记录(4.26-5.3)_邻井_1井第五段压裂2井压力秒点数据2024.4.26.xls,text,2#套压(MPa),624650ea0fa698c9fbbf459fc139bd7664c8572aa60f97e78248e563c1d7aed3,E:\压裂窜扰项目\02 规范化\阳101H35\阳101H35 压裂施工曲线\阳101H35-1-5 压裂施工曲线（分点）.xlsx,Log Data,named_stage_clock_only,-1714089600,53107.0,59407.0,105.0,1.0,0,0,0,1.0,1.0,34.6937484741211,pre_pump_10min,600.0,599.0,0.02779761886605107,-0.0018335408724858234,primary,合格,0.08124923706049714,34.65625,0.06874847412099427,11.318752288818402,11.40625,-0.0625,11.387500762939396,2.7837827540200784,0.3875007629393963,14.333333333333334,False,0.13650793650793652,0.1,15.0,0.19206349206349208,64.5,20.666666666666668,True,13.237503051757798,2355,0,True,primary,C2,1.138827552178094,C2,0.7280388996134322,False,0.35749568297804357,≥5 MPa
ab40e566b8fab3,泸201H5,4,10,whole_stage,1,泸201H5|1-4,泸201H5|4|10,E:\压裂窜扰项目\02 规范化\泸201H5\泸201H5 邻井压力监测\泸201H5-4-10段压裂施工-1、2、3井压力监测.xls,导出数据,1井压力(MPa),baca5dc58c0cc9c6c01d10f7ec5f63091eab9a4a9e6310a8bd51130aa2f5d14c,E:\压裂窜扰项目\02 规范化\泸201H5\泸201H5 压裂施工曲线\泸201H5-4-10 压裂施工曲线.xlsx,Log Data,absolute,0,1761047460.0,1761055427.0,132.78333333333333,1.0,0,0,0,1.0,1.0,49.82,pre_pump_10min,600.0,599.0,0.0,0.0003191175531130598,primary,合格,0.01999999999999602,49.82,0.04000000000000625,0.00999999999999801,0.020000000000003126,-0.04999999999999716,-0.030000000000001137,-0.011157901343040191,0.020000000000003126,,True,1.0,0.1,15.0,0.42136312288188776,0.0,0.0,True,0.0,207,0,True,primary,C1,0.023814919719894963,C1,0.9933627816668071,False,0.9395377222045207,<1 MPa
ac85ba2ee13fec,泸203H64,3,1,whole_stage,1,泸203H64|1-3,泸203H64|3|1,E:\压裂窜扰项目\02 规范化\泸203H64\泸203H64 邻井压力监测\泸203H64-3-1段压裂施工-1、2、4、5井秒点压力监测.xls,导出数据,1#套压(MPa),f8ca50216c665b1923b59818c236e7d73c2fc8bdaf80376a5a130d3ebfe54500,E:\压裂窜扰项目\02 规范化\泸203H64\泸203H64 压裂施工曲线\泸203H64-3-1 压裂施工曲线.csv,text,named_stage_clock_only,-1668988800,30868.0,37897.0,117.15,1.0,0,0,0,1.0,1.0,41.987,pre_pump_10min,268.0,267.0,0.0296519999999941,-0.008231186492660086,primary,合格,0.0730000000000004,41.98,0.045999999999999375,-0.020000000000003126,0.006000000000000227,-0.8200000000000003,-0.7740000000000009,-0.405292929292931,0.125,,True,1.0,0.1,15.0,0.3265044814340589,0.0,0.0,True,-0.794000000000004,383,0,True,primary,C1,0.47090580342764726,C1,0.8832193516760417,False,0.8739686931736586,<1 MPa
ad3bcf82e0d306,泸203H64,4,2,whole_stage,3,泸203H64|3-4,泸203H64|4|2,E:\压裂窜扰项目\02 规范化\泸203H64\泸203H64 邻井压力监测\泸203H64-4-2段压裂施工-1、2、3、5井秒点压力监测.xls,导出数据,3#套压(MPa),c17235b16174ead862f6701e48b852c818190419906b1c2888ad289b3151f223,E:\压裂窜扰项目\02 规范化\泸203H64\泸203H64 压裂施工曲线\泸203H64-4-2 压裂施工曲线.csv,text,named_stage_clock_only,-1671148800,25698.0,35257.0,159.31666666666666,1.0,0,0,0,1.0,1.0,37.748,pre_pump_10min,498.0,497.0,0.020756399999993763,-0.003403620894788092,primary,合格,0.059000000000004604,37.721,0.09799999999999898,6.903000000000006,6.949000000000005,-0.05299999999999727,6.923000000000002,2.7769592007532196,0.11899999999999977,23.0,False,0.14436656554032848,0.1,15.0,0.16947379432995083,108.5,35.0,True,7.461000000000006,442,0,True,primary,C2,0.0,C2,0.9999999999997191,False,0.39205041064485074,≥5 MPa
ad7b4737451f09,泸201H5,4,17,whole_stage,3,泸201H5|3-4,泸201H5|4|17,E:\压裂窜扰项目\02 规范化\泸201H5\泸201H5 邻井压力监测\泸201H5-4-17段压裂施工-1、2、3井压力监测.xls,导出数据,3井压力(MPa),33a22f2d2d645181f0193cab9ba66d3805892a37ab8d8f8a4ad39d6de09dfde8,E:\压裂窜扰项目\02 规范化\泸201H5\泸201H5 压裂施工曲线\泸201H5-4-17 压裂施工曲线.xlsx,Log Data,absolute,0,1761813848.0,1761821561.0,128.55,1.0,0,0,0,1.0,1.0,52.03,pre_pump_10min,600.0,599.0,0.01482599999999705,-0.0014189539415446742,primary,合格,0.01999999999999602,52.03,0.09000000000000341,2.3100000000000023,2.3200000000000003,-0.12000000000000455,2.3200000000000003,0.8277453649682343,0.12000000000000455,22.833333333333332,False,0.17762219629197457,0.1,15.0,0.3529106702969013,49.333333333333336,0.0,True,2.6299999999999955,230,0,True,primary,C1,1.089373341051823,C1,0.5379573592653921,False,0.7150551431549051,1–5 MPa
adfbb563cbabed,泸201H5,2,13,whole_stage,1,泸201H5|1-2,泸201H5|2|13,E:\压裂窜扰项目\02 规范化\泸201H5\泸201H5 邻井压力监测\泸201H5-2-13段压裂施工-1、3、4井压力监测.xls,导出数据,1井压力(MPa),9a215d4e26f5aa148fdcfc191e6b03a3e4bb80607d1cdfba74ece85efcdeee81,E:\压裂窜扰项目\02 规范化\泸201H5\泸201H5 压裂施工曲线\泸201H5-2-13 压裂施工曲线.xlsx,Log Data,absolute,0,1757402057.0,1757411427.0,156.16666666666666,1.0,0,0,0,1.0,1.0,59.81,pre_pump_10min,600.0,599.0,0.029652000000004633,-0.0022426395628827533,primary,合格,0.07000000000000028,59.81,0.04999999999999716,0.00999999999999801,0.030000000000001137,-0.0800000000000054,0.030000000000001137,-0.03684631803628858,0.05000000000000426,,True,1.0,0.1,15.0,0.42123799359658487,0.0,0.0,True,0.00999999999999801,78,0,True,primary,C1,0.03832445924891831,C1,0.9893261922592868,False,0.9394116896385645,<1 MPa
ae03c4bdfb9e5c,泸208H1,5,4,whole_stage,6,泸208H1|5-6,泸208H1|5|4,E:\压裂窜扰项目\02 规范化\泸208H1\泸208H1 邻井压力监测\泸208H1-5-4段压裂施工-6井压力监测.xlsx,5-4-6,无表头_文件名井号,4c53951d268321b79e63f0e08d56666d3fbabf0a66503287496758f3fcf591d2,E:\压裂窜扰项目\02 规范化\泸208H1\泸208H1 压裂施工曲线\泸208H1-5-4 压裂施工曲线（秒点）.xls,导出数据,named_stage_clock_only,0,45293.0,54960.0,161.11666666666667,1.0,0,0,0,1.0,1.0,32.88,pre_pump_10min,208.0,207.0,0.0,-0.01704525451665558,primary,合格,0.09000000000000341,32.88,0.060000000000002274,12.229999999999997,12.279999999999994,-0.05000000000000426,12.279999999999994,5.916762697838003,0.14000000000000057,10.0,False,0.062066825281886825,0.1,15.0,0.92138202130961,135.5,98.75,True,13.5,1399,0,True,primary,C2,3.145830351158635,C2,0.5475066403972811,False,0.4661594033524821,≥5 MPa
ae7cc1a1f308c3,泸201H5,3,16,whole_stage,4,泸201H5|3-4,泸201H5|3|16,E:\压裂窜扰项目\02 规范化\泸201H5\泸201H5 邻井压力监测\泸201H5-3-16段压裂施工-1、2、4井压力监测.xls,导出数据,4井压力(MPa),15c4d75ba6935a00800f8b847cbab3b860e7991b555053bb3cb6d137997fa5c5,E:\压裂窜扰项目\02 规范化\泸201H5\泸201H5 压裂施工曲线\泸201H5-3-16 压裂施工曲线.xlsx,Log Data,absolute,0,1762862689.0,1762875862.0,219.55,1.0,0,0,0,1.0,1.0,50.45,pre_pump_10min,600.0,599.0,0.014826000000007585,-0.0017458715163046652,primary,合格,0.03999999999999915,50.45,0.0799999999999983,8.799999999999997,8.82,-0.010000000000005116,8.82,3.6645350337812164,0.10999999999999943,19.333333333333332,False,0.08805890837318757,0.1,15.0,0.29727472861155396,160.91666666666666,69.16666666666667,True,9.369999999999997,157,0,True,primary,C2,0.7227000103677502,C2,0.8419047344131818,False,0.4914531184466391,≥5 MPa
aeebc0d5c31e5f,泸203H66,3,25,whole_stage,2,泸203H66|2-3,泸203H66|3|25,E:\压裂窜扰项目\02 规范化\泸203H66\泸203H66 邻井压力监测\泸203H66平台-3井-25段压裂施工-1、2井秒点压力监测.xls,Sheet1,2井,8d715d634d8a1563693bb5d4b585217b3cff31f6dbb1d36bf4a123932343355e,E:\压裂窜扰项目\02 规范化\泸203H66\泸203H66 压裂施工曲线\泸203H66-3-25 压裂施工曲线.xlsx,LogData(s),named_stage_clock_only,-1680912000,51924.0,58266.0,105.7,1.0,0,0,0,1.0,1.0,52.0,pre_pump_10min,600.0,599.0,0.0,-0.008982924952565058,primary,合格,0.060000000000002274,52.0,0.13000000000000256,4.060000000000002,4.060000000000002,-0.060000000000002274,4.060000000000002,2.291620939766636,0.13000000000000256,5.166666666666667,False,0.048880479344055504,0.1,15.0,0.9203721223588773,82.58333333333333,0.0,True,4.189999999999998,644,0,True,primary,C2,1.062349615753645,C2,0.5940435692433186,False,0.01763883288209333,1–5 MPa
af36904be73fe9,泸201H5,3,13,whole_stage,1,泸201H5|1-3,泸201H5|3|13,E:\压裂窜扰项目\02 规范化\泸201H5\泸201H5 邻井压力监测\泸201H5-3-13段压裂施工-1、2、4井压力监测.xls,导出数据,1井压力(MPa),de97580b67c5aed5542ddf54b59ccc906d053cefc16eae365bf9e0cd24740e22,E:\压裂窜扰项目\02 规范化\泸201H5\泸201H5 压裂施工曲线\泸201H5-3-13 压裂施工曲线.xlsx,Log Data,absolute,0,1762242145.0,1762252274.0,168.81666666666666,1.0,0,0,0,1.0,1.0,43.14,pre_pump_10min,600.0,599.0,0.01482599999999705,-0.001161669893524704,primary,合格,0.01999999999999602,43.14,0.03999999999999915,0.01999999999999602,0.01999999999999602,-0.0799999999999983,-0.030000000000001137,-0.010761674400237606,0.020000000000003126,,True,1.0,0.1,15.0,0.4099121334781321,0.0,0.0,True,0.0,147,0,True,primary,C1,0.02517007299700366,C1,0.9929898923588648,False,0.9397350153634894,<1 MPa
afaa7cb77d16ee,泸203H76,3,16,whole_stage,2,泸203H76|2-3,泸203H76|3|16,E:\压裂窜扰项目\02 规范化\泸203H76\泸203H76 邻井压力监测\泸203H76平台-3井-16段压裂施工-1、2、4井秒点压力监测.xls,Sheet1,2井井口压力,b62e6f024effa7060923377b1f122d68abfc23f489d52bf3e7ecb09e455bfd59,E:\压裂窜扰项目\02 规范化\泸203H76\泸203H76 压裂施工曲线\泸203H76-3-16 压裂施工曲线（秒点）.xlsx,Sheet1,named_stage_clock_only,-1679788800,39386.0,43612.0,70.43333333333334,1.0,0,0,0,1.0,1.0,58.1233,pre_pump_10min,386.0,385.0,0.04670190000000177,-0.01628404298436313,primary,合格,0.08400000000000318,58.0813,0.04200000000000159,-0.06300000000000239,-0.05250000000000199,-0.6300000000000026,-0.609099999999998,-0.41850563180312345,0.03159999999999741,,True,1.0,0.1401057000000053,15.0,0.8871273071462376,0.0,0.0,True,-0.609099999999998,848,0,True,primary,C1,0.4517768563868937,C1,0.8869603077740305,False,0.8774347936024874,<1 MPa
afbdfc35a79375,阳101H34,2,9,whole_stage,3,阳101H34|2-3,阳101H34|2|9,E:\压裂窜扰项目\02 规范化\阳101H34\阳101H34 邻井压力监测\阳101H34-2-9段压裂施工-3井秒点压力监测.xls,导出数据,3#3井套压(MPa),0185424f8011942253295bf5f9048852e86bde23e77866b893409317f2b4eda2,E:\压裂窜扰项目\02 规范化\阳101H34\阳101H34 压裂施工曲线\阳101H34-2-9 压裂施工曲线.xls,秒点数据,named_stage_clock_only,-1745798400,26612.0,36462.0,164.16666666666666,1.0,0,0,0,1.0,1.0,57.3890609741211,pre_pump_10min,212.0,211.0,0.009733408355649682,-0.0038108765291763533,primary,合格,0.026248931884801152,57.3824996948242,0.03937530517579546,2.0081253051758026,2.0146903991699006,-0.013122558593799738,1.975315093994098,1.3238946676496206,0.05905914306640625,6.916666666666667,False,0.042131979695431476,0.1,15.0,0.2898477157360406,111.0,0.0,False,,2159,0,True,primary,C1,1.4741823514219663,C1,0.32359306581905334,False,0.5826982071568305,1–5 MPa
b0502c22af22ee,泸206H8,5,4,whole_stage,8,泸206H8|5-8,泸206H8|5|4,E:\压裂窜扰项目\02 规范化\泸206H8\泸206H8 邻井压力监测\泸206H8-5-4段压裂施工-1、2、3、4、6、7、8井秒点压力监测.xls,导出数据,8井套压(MPa),ad65d2192c784201a7710fcc95c85240042c4640adf47f61a3702e072dc30a97,E:\压裂窜扰项目\02 规范化\泸206H8\泸206H8 压裂施工曲线\泸206H8-5-4 压裂施工曲线.xlsx,秒点数据,absolute,0,1751961806.0,1751970729.0,148.71666666666667,1.0,0,0,0,1.0,6.0,32.94,pre_pump_10min,206.0,205.0,0.01482599999999705,-0.001512215713128146,primary,合格,0.030000000000001137,32.94,0.04999999999999716,1.1900000000000048,1.1900000000000048,-0.1599999999999966,0.5700000000000003,0.5359217751877194,0.0800000000000054,2.9166666666666665,False,0.019612238036534797,0.1,15.0,0.4046255753901426,19.25,0.0,False,,1258,0,True,primary,C1,0.6185809783893843,C1,0.8047685707999209,False,0.8355803085622792,1–5 MPa
b13a3aa1c79bb5,泸203H66,3,12,whole_stage,1,泸203H66|1-3,泸203H66|3|12,E:\压裂窜扰项目\02 规范化\泸203H66\泸203H66 邻井压力监测\泸203H66平台-3井-12段压裂施工-1、2井秒点压力监测.xls,Sheet1,1井,6df3736025432226057addd63690632669dd8783bec46b339616942927d0ec7a,E:\压裂窜扰项目\02 规范化\泸203H66\泸203H66 压裂施工曲线\泸203H66-3-12 压裂施工曲线.xlsx,LogData(s),named_stage_clock_only,-1678492800,54410.0,60405.0,99.91666666666667,1.0,0,0,0,1.0,1.0,55.75,pre_pump_10min,600.0,599.0,0.0,-0.007549420970612152,primary,合格,0.060000000000002274,55.69,0.07000000000000028,0.38000000000000256,0.38000000000000256,-0.18999999999999773,0.38000000000000256,0.01840700583819962,0.07000000000000028,70.25,False,0.7030859049207673,0.1,15.0,0.8994161801501251,0.0,0.0,False,,617,0,True,primary,C1,0.146045109221805,C1,0.9574674178939561,False,0.9264597972266423,<1 MPa
b15987fed7beb4,泸201H5,2,6,whole_stage,3,泸201H5|2-3,泸201H5|2|6,E:\压裂窜扰项目\02 规范化\泸201H5\泸201H5 邻井压力监测\泸201H5-2-6段压裂施工-1、3、4井压力监测.xls,导出数据,3井压力(MPa),37a2e02e652a66316c4002c156e16653189320411ce32233c757faeb5c793bc2,E:\压裂窜扰项目\02 规范化\泸201H5\泸201H5 压裂施工曲线\泸201H5-2-6 压裂施工曲线.xlsx,Log Data,absolute,0,1756454621.0,1756463972.0,155.85,1.0,0,0,0,1.0,1.0,14.5,pre_pump_10min,600.0,599.0,0.0,-0.0015439209553348644,primary,合格,0.019999999999999574,14.5,0.040000000000000924,0.0,0.0,-0.1999999999999993,-0.1899999999999995,-0.1098550957116885,0.040000000000000924,,True,1.0,0.1,15.0,0.46540476954336435,0.0,0.0,True,-0.21000000000000085,128,0,True,primary,C1,0.12566846803240098,C1,0.9659434089371666,False,0.9296530210247558,<1 MPa
b15d0a7f08f2fe,泸201H5,1,8,whole_stage,3,泸201H5|1-3,泸201H5|1|8,E:\压裂窜扰项目\02 规范化\泸201H5\泸201H5 邻井压力监测\泸201H5-1-8段压裂施工-2、3、4井压力监测.xls,导出数据,3井压力(MPa),275d509104b23d01f568778e9b4b6cb3b2f1f01f49d0d1650dfb442224623b19,E:\压裂窜扰项目\02 规范化\泸201H5\泸201H5 压裂施工曲线\泸201H5-1-8 压裂施工曲线.xlsx,Log Data,absolute,0,1756716221.0,1756725532.0,155.18333333333334,1.0,0,0,0,1.0,1.0,0.09,pre_pump_10min,600.0,599.0,0.0,-0.00025106736407601196,primary,合格,0.020000000000000004,0.09,0.06,0.03,0.04000000000000001,-0.01999999999999999,0.03,0.00816561056814521,0.020000000000000004,,True,1.0,0.1,15.0,0.49049511330684137,0.0,0.0,True,0.020000000000000004,65,0,True,primary,C1,0.010723881898992451,C1,0.9969863567224206,False,0.940118764844279,<1 MPa
b1a78618e59a23,泸208H2,7,6,whole_stage,8,泸208H2|7-8,泸208H2|7|6,E:\压裂窜扰项目\02 规范化\泸208H2\泸208H2 邻井压力监测\泸208H2-7-6段压裂施工-8井压力监测.xlsx,7-6-8,无表头_文件名井号,b78ea9ab45512fadf7b1bc7abae097fdaa22831591c26f8866193a4878f91c36,E:\压裂窜扰项目\02 规范化\泸208H2\泸208H2 压裂施工曲线\泸208H2-7-6 压裂施工曲线（秒点）.xlsx,秒点数据,named_stage_clock_only,1719964800,1719995985.0,1719999203.0,53.63333333333333,1.0,0,0,0,1.0,1.0,53.3877,pre_pump_10min,264.0,263.0,0.015567300000000589,-0.00027341403125331654,primary,合格,0.021000000000000796,53.3772,0.08389999999999986,3.4288999999999987,3.4812999999999974,-0.031500000000001194,3.4812999999999974,1.0797869794903645,0.18880000000000052,9.916666666666666,False,0.18489745183343692,0.1,15.0,0.7374145431945308,21.25,0.0,True,4.3202,1633,0,True,primary,C1,1.5118614648293607,C1,0.20188118010576675,False,0.5542891620198402,1–5 MPa
b20a7c2dbc4fe0,泸201H5,1,12,whole_stage,3,泸201H5|1-3,泸201H5|1|12,E:\压裂窜扰项目\02 规范化\泸201H5\泸201H5 邻井压力监测\泸201H5-1-12段压裂施工-2、3、4井压力监测.xls,导出数据,3井压力(MPa),d76724eec8ccb0defc632cf863bb1d7199ae087a55729492f9eadc4f9f6b4857,E:\压裂窜扰项目\02 规范化\泸201H5\泸201H5 压裂施工曲线\泸201H5-1-12 压裂施工曲线.xlsx,Log Data,absolute,0,1757228210.0,1757268367.0,669.2833333333333,1.0,0,0,0,1.0,1.0,0.03,pre_pump_10min,600.0,599.0,0.0,-6.321684226900473e-05,primary,合格,0.010000000000000002,0.03,0.04,0.12,0.13,-0.019999999999999997,0.07,0.06619705157257763,0.03,420.5833333333333,False,0.6284084966506462,0.1,15.0,0.536618771322559,0.0,0.0,True,0.07,17,0,True,primary,C1,0.0734195464263136,C1,0.9789891080671399,False,0.9343786219326271,<1 MPa
b2ae5ff8e5d39d,阳101H37,3,9,whole_stage,2,阳101H37|2-3,阳101H37|3|9,E:\压裂窜扰项目\02 规范化\不重要的\阳101H37\阳101H37 邻井压力监测\阳101H37-3井套变压窜分析材料12.16-12.22_第9段(1).xls,导出数据,2#B环空压力(MPa),2bc81faa07e312a0cbc9282ef7669ae9cf57250d13816186af7f3c7a12648000,E:\压裂窜扰项目\02 规范化\不重要的\阳101H37\阳101H37 压裂施工曲线\阳101H37-3-9 压裂施工曲线（秒点）.xlsx,Sheet1,absolute,0,1671699725.0,1671709717.0,166.53333333333333,1.0,0,0,0,1.0,1.0,2.074,pre_pump_10min,245.0,244.0,0.0014825999999998367,-0.00036063941770196736,primary,合格,0.002000000000000224,2.073,0.0040000000000000036,0.006000000000000227,0.007000000000000117,-0.0040000000000000036,0.001000000000000334,0.001251100880704755,0.0030000000000001137,,True,1.0,0.1,15.0,0.4157325860688551,0.0,0.0,False,,4,0,True,primary,C1,0.014183661295467892,C1,0.9960266833593936,False,0.9401030291715924,<1 MPa
b41e6a1c145646,泸203H64,4,8,whole_stage,5,泸203H64|4-5,泸203H64|4|8,E:\压裂窜扰项目\02 规范化\泸203H64\泸203H64 邻井压力监测\泸203H64-4-8段压裂施工-1、2、3、5井秒点压力监测.xls,导出数据,5#套压(MPa),85cf516598e20d4b8e3ff14e11876afa65ecf4a3b08b95d681775c5320771413,E:\压裂窜扰项目\02 规范化\泸203H64\泸203H64 压裂施工曲线\泸203H64-4-8 压裂施工曲线.csv,text,named_stage_clock_only,-1671408000,26655.0,35313.0,144.3,1.0,0,0,0,1.0,1.0,41.83,pre_pump_10min,255.0,254.0,0.020756400000004296,-0.007273375984250075,primary,合格,0.06799999999999784,41.83,0.04800000000000182,0.4440000000000026,0.45700000000000074,-0.08800000000000097,0.45000000000000284,0.10396875721875934,0.08200000000000074,80.66666666666667,False,0.559020559020559,0.1,15.0,0.27616077616077617,0.0,0.0,True,0.5120000000000005,467,0,True,primary,C1,0.17523739675075567,C1,0.9479468484777618,False,0.9231837871765433,<1 MPa
b4631faaaa981e,泸201H5,2,20,whole_stage,4,泸201H5|2-4,泸201H5|2|20,E:\压裂窜扰项目\02 规范化\泸201H5\泸201H5 邻井压力监测\泸201H5-2-20段压裂施工-1、3、4井压力监测.xls,导出数据,4井压力(MPa),be95ddf023266d20e58d79358babd87c4ef2d83a72abdd2027de51d3c2fbc9f4,E:\压裂窜扰项目\02 规范化\泸201H5\泸201H5 压裂施工曲线\泸201H5-2-20 压裂施工曲线.xlsx,Log Data,absolute,0,1758102383.0,1758110640.0,137.61666666666667,1.0,0,0,0,1.0,1.0,22.72,pre_pump_10min,600.0,599.0,0.014826000000002316,-0.00010556695990741732,primary,合格,0.029999999999997584,22.72,0.060000000000002274,0.05000000000000071,0.060000000000002274,-0.019999999999999574,0.0400000000000027,0.026246215332446476,0.020000000000003126,,True,1.0,0.1,15.0,0.3028945137459126,0.0,0.0,True,0.0400000000000027,100,0,True,primary,C1,0.025964638920679507,C1,0.9926678174904855,False,0.9389338298042897,<1 MPa
b50fac778499ad,泸201H5,2,6,whole_stage,4,泸201H5|2-4,泸201H5|2|6,E:\压裂窜扰项目\02 规范化\泸201H5\泸201H5 邻井压力监测\泸201H5-2-6段压裂施工-1、3、4井压力监测.xls,导出数据,4井压力(MPa),37a2e02e652a66316c4002c156e16653189320411ce32233c757faeb5c793bc2,E:\压裂窜扰项目\02 规范化\泸201H5\泸201H5 压裂施工曲线\泸201H5-2-6 压裂施工曲线.xlsx,Log Data,absolute,0,1756454621.0,1756463972.0,155.85,1.0,0,0,0,1.0,1.0,32.86,pre_pump_10min,600.0,599.0,0.01482599999999705,-0.00028911746976979547,primary,合格,0.01999999999999602,32.86,0.04999999999999716,0.00999999999999801,0.00999999999999801,-0.14999999999999858,-0.13000000000000256,-0.05320821302534424,0.020000000000003126,,True,1.0,0.1,15.0,0.40712223291626565,0.0,0.0,True,-0.1599999999999966,127,0,True,primary,C1,0.07211149116226635,C1,0.9801793263383618,False,0.936239981972955,<1 MPa
b5f7bf685de5c1,泸203H64,4,8,whole_stage,2,泸203H64|2-4,泸203H64|4|8,E:\压裂窜扰项目\02 规范化\泸203H64\泸203H64 邻井压力监测\泸203H64-4-8段压裂施工-1、2、3、5井秒点压力监测.xls,导出数据,2#套压(MPa),85cf516598e20d4b8e3ff14e11876afa65ecf4a3b08b95d681775c5320771413,E:\压裂窜扰项目\02 规范化\泸203H64\泸203H64 压裂施工曲线\泸203H64-4-8 压裂施工曲线.csv,text,named_stage_clock_only,-1671408000,26655.0,35313.0,144.3,1.0,0,0,0,1.0,1.0,42.698,pre_pump_10min,255.0,254.0,0.008895600000000337,0.00014212308939253097,primary,合格,0.01899999999999835,42.698,0.03899999999999437,0.020000000000003126,0.02599999999999625,-0.125,-0.0589999999999975,-0.058890679140679664,0.08499999999999375,,True,1.0,0.1,15.0,0.3896973896973897,0.0,0.0,True,-0.0519999999999996,465,0,True,primary,C1,0.06515605914936594,C1,0.9820284263737905,False,0.9370984153157639,<1 MPa
b65e99a96374a3,泸208H1,5,14,whole_stage,4,泸208H1|4-5,泸208H1|5|14,E:\压裂窜扰项目\02 规范化\泸208H1\泸208H1 邻井压力监测\泸208H1-5-14段压裂施工-4井压力监测.xlsx,5-14-4,无表头_文件名井号,65b68358fca953c6c852b4a248b253abbcf098e88b42860843cb26089eebeac8,E:\压裂窜扰项目\02 规范化\泸208H1\泸208H1 压裂施工曲线\泸208H1-5-14 压裂施工曲线（秒点）.xls,导出数据,named_stage_clock_only,0,56009.0,68380.0,206.18333333333334,1.0,0,0,0,1.0,1.0,45.1,pre_pump_10min,209.0,208.0,0.04447800000000168,-0.036229822808773994,primary,合格,0.07000000000000028,45.06,0.04000000000000625,7.920000000000002,7.920000000000002,-0.6799999999999997,7.920000000000002,3.7556741573033694,0.13000000000000256,55.666666666666664,False,0.26998625818446365,0.13343400000000505,15.0,0.9342817880527039,140.66666666666666,95.5,True,8.119999999999997,1385,0,True,primary,C2,1.1951561821571695,C2,0.7575612031625427,False,0.4724284747977571,≥5 MPa
b748824af4c0af,泸201H5,4,20,whole_stage,1,泸201H5|1-4,泸201H5|4|20,E:\压裂窜扰项目\02 规范化\泸201H5\泸201H5 邻井压力监测\泸201H5-4-20段压裂施工-1、2、3井压力监测.xls,导出数据,1井压力(MPa),00374643e8a41bd906dc3e451cdd4caff6bdecc53d85d428c2e055985780f70d,E:\压裂窜扰项目\02 规范化\泸201H5\泸201H5 压裂施工曲线\泸201H5-4-20 压裂施工曲线.xlsx,Log Data,absolute,0,1762427785.0,1762454064.0,437.98333333333335,1.0,0,0,0,1.0,1.0,42.26,pre_pump_10min,600.0,599.0,0.01482599999999705,0.0009762360451048441,primary,合格,0.030000000000001137,42.27,0.03999999999999915,0.020000000000003126,0.020000000000003126,-0.1599999999999966,-0.12999999999999545,-0.06597663533619849,0.020000000000003126,,True,1.0,0.1,15.0,0.44487994215913845,0.0,0.0,True,-0.12999999999999545,240,0,True,primary,C1,0.07678095690803192,C1,0.9788999699342664,False,0.9356996898010378,<1 MPa
b8de6b5eb08e53,泸201H5,2,22,whole_stage,4,泸201H5|2-4,泸201H5|2|22,E:\压裂窜扰项目\02 规范化\泸201H5\泸201H5 邻井压力监测\泸201H5-2-22段压裂施工-1、3、4井压力监测.xls,导出数据,4井压力(MPa),1a181056e0fb7eeeaa6d8bd51be16c25826c6c56046c51f6b9809840dde71bbb,E:\压裂窜扰项目\02 规范化\泸201H5\泸201H5 压裂施工曲线\泸201H5-2-22 压裂施工曲线.xlsx,Log Data,absolute,0,1758351944.0,1758360859.0,148.58333333333334,1.0,0,0,0,1.0,1.0,22.8,pre_pump_10min,600.0,599.0,0.01482599999999705,-0.000642585118289945,primary,合格,0.029999999999997584,22.8,0.05999999999999872,0.0,0.00999999999999801,-0.019999999999999574,0.0,-0.003408861469433967,0.019999999999999574,,True,1.0,0.1,15.0,0.3224901850813236,0.0,0.0,True,0.0,106,0,True,primary,C1,0.013409058026622126,C1,0.9962488626313922,False,0.940332137668281,<1 MPa
b9d8c536850c71,泸203H64,3,1,whole_stage,2,泸203H64|2-3,泸203H64|3|1,E:\压裂窜扰项目\02 规范化\泸203H64\泸203H64 邻井压力监测\泸203H64-3-1段压裂施工-1、2、4、5井秒点压力监测.xls,导出数据,2#套压(MPa),f8ca50216c665b1923b59818c236e7d73c2fc8bdaf80376a5a130d3ebfe54500,E:\压裂窜扰项目\02 规范化\泸203H64\泸203H64 压裂施工曲线\泸203H64-3-1 压裂施工曲线.csv,text,named_stage_clock_only,-1668988800,30868.0,37897.0,117.15,1.0,0,0,0,1.0,1.0,42.409,pre_pump_10min,268.0,267.0,0.028169399999997555,-0.009217622675638092,primary,合格,0.05299999999999727,42.39,0.0660000000000025,-0.012999999999998124,0.020000000000003126,-0.695999999999998,-0.695999999999998,-0.3513098591549288,0.09799999999999898,,True,1.0,0.1,15.0,0.3508322663252241,0.0,0.0,True,-0.7149999999999963,380,0,True,primary,C1,0.39999070167577516,C1,0.8990005193418725,False,0.8856070109667008,<1 MPa
ba9afb651ef719,阳101H34,3,22,whole_stage,2,阳101H34|2-3,阳101H34|3|22,E:\压裂窜扰项目\02 规范化\阳101H34\阳101H34 邻井压力监测\阳101H34-3-22段压裂施工-2井秒点压力监测.xls,导出数据,2#2井套压(MPa),507ff6309a5b1a68a542294e95729fc16d30773d2096f9c810bf4969ddd96405,E:\压裂窜扰项目\02 规范化\阳101H34\阳101H34 压裂施工曲线\阳101H34-3-22 压裂施工曲线.xls,秒点数据,named_stage_clock_only,-1750809600,28892.0,35489.0,109.95,1.0,0,0,0,1.0,1.0,54.040412902832,pre_pump_10min,512.0,511.0,0.05849942436219315,0.02154559220345727,primary,合格,0.15059509277350003,54.152214050293,0.04603576660149855,5.333366394042997,5.366245269775398,0.11180114746099434,5.366245269775398,2.185921509265567,0.11837387084960227,5.25,False,0.047748976807639835,0.17549827308657945,15.0,0.2579960588146127,59.916666666666664,5.75,False,,2178,0,True,primary,C2,0.6778818963499461,C2,0.750042263424074,False,0.09652723915427333,≥5 MPa
baaf3c2600e78f,泸201H5,3,15,whole_stage,4,泸201H5|3-4,泸201H5|3|15,E:\压裂窜扰项目\02 规范化\泸201H5\泸201H5 邻井压力监测\泸201H5-3-15段压裂施工-1、2、4井压力监测.xls,导出数据,4井压力(MPa),75e74d5fdde192ef3723e0e819489b630185a0aed4a1d1e6ee7cb1ba4b46af6c,E:\压裂窜扰项目\02 规范化\泸201H5\泸201H5 压裂施工曲线\泸201H5-3-15 压裂施工曲线.xlsx,Log Data,absolute,0,1762672889.0,1762684490.0,193.35,1.0,0,0,0,1.0,1.0,52.05,pre_pump_10min,600.0,599.0,0.014826000000007585,-0.002681457448486912,primary,合格,0.03999999999999915,52.03,0.0800000000000054,7.260000000000005,7.290000000000006,-0.05999999999999517,7.280000000000001,2.4632277389880213,0.10999999999999943,33.666666666666664,False,0.1741229204378933,0.1,15.0,0.3023015257305405,115.25,40.5,True,7.880000000000003,154,0,True,primary,C2,0.2308420537654465,C2,0.9321996114651916,False,0.328391123201292,≥5 MPa
bafebe77e93990,泸201H5,3,10,whole_stage,2,泸201H5|2-3,泸201H5|3|10,E:\压裂窜扰项目\02 规范化\泸201H5\泸201H5 邻井压力监测\泸201H5-3-10段压裂施工-1、2、4井压力监测.xls,导出数据,2井压力(MPa),2ddb06b9779643bc95be894419f6743432dc2fbb4efaf9a0f619ca3f62483a76,E:\压裂窜扰项目\02 规范化\泸201H5\泸201H5 压裂施工曲线\泸201H5-3-10 压裂施工曲线.xlsx,Log Data,absolute,0,1760773221.0,1760783508.0,171.45,1.0,0,0,0,1.0,1.0,52.64,pre_pump_10min,600.0,599.0,0.01482599999999705,-0.0004206011683319254,primary,合格,0.03999999999999915,52.62,0.09999999999999432,0.01999999999999602,0.030000000000001137,-0.13000000000000256,0.0,-0.032881306503354565,0.060000000000002274,,True,1.0,0.1,15.0,0.24701079031787693,0.0,0.0,True,-0.020000000000003126,140,0,True,primary,C1,0.04229659302086195,C1,0.9882561945596059,False,0.9390078760752079,<1 MPa
bb232c459d9e5f,阳101H51,2,16,whole_stage,1,阳101H51|1-2,阳101H51|2|16,E:\压裂窜扰项目\02 规范化\阳101H51\阳101H51 邻井压力监测\阳101H51-2-16段压裂施工-1、3、4井套压压力监测.xlsx,阳101H51平台2井16段压裂1井3井4井压力数据,1井套压,d07acf578db7453b4aeb775bf5cfb4d25169753a7323904b25b719ac29348163,E:\压裂窜扰项目\02 规范化\阳101H51\阳101H51 压裂施工曲线\阳101H51-2-16 压裂施工曲线（秒点）-2.xlsx,秒点数据,absolute,0,1782290324.0,1782300060.0,162.26666666666668,1.0,0,0,0,1.0,1.0,43.81,pre_pump_10min,600.0,599.0,0.014826000000007585,-0.006069833527313418,primary,合格,0.04999999999999716,43.78,0.020000000000003126,5.559999999999995,5.599999999999994,-0.10000000000000142,5.599999999999994,1.420576211996711,0.09000000000000341,53.666666666666664,False,0.33073130649137217,0.1,15.0,0.6568405916187346,70.91666666666667,7.583333333333333,True,6.369999999999997,2401,0,True,primary,C2,1.2290711679918611,C2,0.4446583410394573,False,-0.22472790472607568,≥5 MPa
bb7e5a86a05263,泸208H2,7,2,whole_stage,6,泸208H2|6-7,泸208H2|7|2,E:\压裂窜扰项目\02 规范化\泸208H2\泸208H2 邻井压力监测\泸208H2-7-2段压裂施工-6井压力监测.xlsx,7-2-6,无表头_文件名井号,11b47385cef716ec6e1442a85c78119e0460aa1ccdd6dc6f0586b87280fa807d,E:\压裂窜扰项目\02 规范化\泸208H2\泸208H2 压裂施工曲线\泸208H2-7-2 压裂施工曲线（秒点）.xlsx,秒点数据,named_stage_clock_only,1718496000,1718549718.0,1718558788.0,151.16666666666666,1.0,0,0,0,1.0,1.0,55.642502,pre_pump_10min,309.0,308.0,0.0778335347999999,-0.004426521115581013,primary,合格,0.13499899999999343,55.634998,0.8024970000000025,2.9624979999999965,3.014999000000003,-0.09000000000000341,2.9924960000000027,1.1627084089856665,0.8849990000000005,50.0,False,0.3307607497243661,0.2335006043999997,15.0,0.10121278941565601,68.83333333333333,0.0,True,3.1799960000000027,1627,0,True,primary,C1,1.5633153722579665,C1,0.16802945642024028,False,0.5343659845271908,1–5 MPa
bc033af54c1760,泸201H5,2,13,whole_stage,3,泸201H5|2-3,泸201H5|2|13,E:\压裂窜扰项目\02 规范化\泸201H5\泸201H5 邻井压力监测\泸201H5-2-13段压裂施工-1、3、4井压力监测.xls,导出数据,3井压力(MPa),9a215d4e26f5aa148fdcfc191e6b03a3e4bb80607d1cdfba74ece85efcdeee81,E:\压裂窜扰项目\02 规范化\泸201H5\泸201H5 压裂施工曲线\泸201H5-2-13 压裂施工曲线.xlsx,Log Data,absolute,0,1757402057.0,1757411427.0,156.16666666666666,1.0,0,0,0,1.0,1.0,0.09,pre_pump_10min,600.0,599.0,0.0,0.0001906171961588753,primary,合格,0.009999999999999995,0.09,0.039999999999999994,0.020000000000000004,0.020000000000000004,-0.03,0.020000000000000004,0.0013970117395944535,0.020000000000000004,,True,1.0,0.1,15.0,0.5087513340448239,0.0,0.0,True,0.020000000000000004,80,0,True,primary,C1,0.01041894327858838,C1,0.997079049997354,False,0.9403899069722083,<1 MPa
bc09293c35c72c,泸201H5,3,3,whole_stage,2,泸201H5|2-3,泸201H5|3|3,E:\压裂窜扰项目\02 规范化\泸201H5\泸201H5 邻井压力监测\泸201H5-3-3段压裂施工-1、2、4井压力监测.xls,导出数据,2井压力(MPa),7d00067aacf6395f5ec53c18ea9d9ed7f332a75a1a27ab1c106b44ca58a4d1a3,E:\压裂窜扰项目\02 规范化\泸201H5\泸201H5 压裂施工曲线\泸201H5-3-3 压裂施工曲线.xlsx,Log Data,absolute,0,1759158778.0,1759168776.0,166.63333333333333,1.0,0,0,0,1.0,1.0,57.05,pre_pump_10min,600.0,599.0,0.0296519999999941,-0.0020151055975123535,primary,合格,0.09000000000000341,57.04,0.10000000000000142,0.04000000000000625,0.05000000000000426,-0.11999999999999744,-0.0899999999999963,-0.04320664132826341,0.0799999999999983,,True,1.0,0.1,15.0,0.27955591118223644,0.0,0.0,True,-0.0899999999999963,188,0,True,primary,C1,0.05012828767217613,C1,0.986122110331596,False,0.9379309414416648,<1 MPa
bd38bbb097651c,泸201H5,4,19,whole_stage,1,泸201H5|1-4,泸201H5|4|19,E:\压裂窜扰项目\02 规范化\泸201H5\泸201H5 邻井压力监测\泸201H5-4-19段压裂施工-1、2、3井压力监测.xls,导出数据,1井压力(MPa),e68c73183b8ca97db1560a5b0b68b18b01e680409ac008630d0ed5ba5cb969c6,E:\压裂窜扰项目\02 规范化\泸201H5\泸201H5 压裂施工曲线\泸201H5-4-19 压裂施工曲线.xlsx,Log Data,absolute,0,1762332013.0,1762361233.0,487.0,1.0,0,0,0,1.0,1.0,42.71,pre_pump_10min,600.0,599.0,0.01482599999999705,-0.00010341695393212219,primary,合格,0.02999999999999403,42.71,0.04000000000000625,0.030000000000001137,0.030000000000001137,-0.21000000000000085,-0.20000000000000284,-0.07680629705681143,0.030000000000001137,,True,1.0,0.1,15.0,0.47672826830937715,0.0,0.0,True,-0.1700000000000017,234,0,True,primary,C1,0.1002258186899469,C1,0.9726593933696547,False,0.9326525359442481,<1 MPa
bd69ada0deb90c,泸208H2,8,10,whole_stage,10,泸208H2|10-8,泸208H2|8|10,E:\压裂窜扰项目\02 规范化\泸208H2\泸208H2 邻井压力监测\泸208H2-8-10段压裂施工-10井压力监测.xlsx,8-10-10,无表头_文件名井号,5944a5bf0f4d96f8fa8dabf20807fe6163b0dc0ec2661a74d242b750cf850be2,E:\压裂窜扰项目\02 规范化\泸208H2\泸208H2 压裂施工曲线\泸208H2-8-10 压裂施工曲线（秒点）.xlsx,秒点数据,named_stage_clock_only,1722988800,1723035934.0,1723050948.0,250.23333333333332,1.0,0,0,0,1.0,1.0,43.7162,pre_pump_10min,297.0,296.0,0.015567300000000589,-0.0009857691736965897,primary,合格,0.04200000000000159,43.7162,0.2627000000000024,0.30469999999999686,0.32569999999999766,-0.0630999999999986,0.30469999999999686,0.06109571400026599,0.09449999999999648,170.66666666666666,False,0.6820301052351139,0.1,15.0,0.7401092313840416,0.0,0.0,True,0.35719999999999885,1664,0,True,primary,C1,0.09919598841412923,C1,0.9712355837799307,False,0.9326226069273293,<1 MPa
be52abbfddcd63,泸201H5,2,2,whole_stage,3,泸201H5|2-3,泸201H5|2|2,E:\压裂窜扰项目\02 规范化\泸201H5\泸201H5 邻井压力监测\泸201H5-2-2段压裂施工-1、3、4井压力监测.xls,导出数据,3井压力(MPa),82cddbdb4bb79ef3cf3684ebf631655dcc5170c9122e66df92420cf9125994ec,E:\压裂窜扰项目\02 规范化\泸201H5\泸201H5 压裂施工曲线\泸201H5-2-2 压裂施工曲线.xlsx,Log Data,absolute,0,1755695738.0,1755705084.0,155.76666666666668,1.0,0,0,0,1.0,1.0,0.13,pre_pump_10min,600.0,599.0,0.0,-0.00015450042916784925,primary,合格,0.020000000000000018,0.13,0.04999999999999999,0.010000000000000009,0.01999999999999999,-0.020000000000000004,0.0,0.0008463513802696349,0.020000000000000018,,True,1.0,0.1,15.0,0.4494971110635566,0.0,0.0,True,0.010000000000000009,116,0,True,primary,C1,0.011551767554721239,C1,0.9967638509536055,False,0.940325883918913,<1 MPa
be741a37611d22,泸201H5,2,14,whole_stage,1,泸201H5|1-2,泸201H5|2|14,E:\压裂窜扰项目\02 规范化\泸201H5\泸201H5 邻井压力监测\泸201H5-2-14段压裂施工-1、3、4井压力监测.xls,导出数据,1井压力(MPa),f34a8eba83ce248575ac1c6e0cac73c0f2c5e782e1d346bda27dd60a04f5634b,E:\压裂窜扰项目\02 规范化\泸201H5\泸201H5 压裂施工曲线\泸201H5-2-14 压裂施工曲线.xlsx,Log Data,absolute,0,1757487701.0,1757497022.0,155.35,1.0,0,0,0,1.0,1.0,59.65,pre_pump_10min,600.0,599.0,0.0296519999999941,-0.0038972441590110277,primary,合格,0.0799999999999983,59.65,0.05000000000000426,0.03999999999999915,0.05000000000000426,-0.11999999999999744,-0.11999999999999744,-0.055976290097626495,0.04000000000000625,,True,1.0,0.1,15.0,0.37227765261238066,0.0,0.0,True,-0.030000000000001137,81,0,True,primary,C1,0.0635234580961774,C1,0.9824587730251894,False,0.9374902116286181,<1 MPa
bef0dbf1efd8bd,泸201H5,4,5,whole_stage,3,泸201H5|3-4,泸201H5|4|5,E:\压裂窜扰项目\02 规范化\泸201H5\泸201H5 邻井压力监测\泸201H5-4-5段压裂施工-1、2、3井压力监测.xls,导出数据,3井压力(MPa),f3160bff8c500ecdd16dd2d966a3c75a7e7218eece67c82b0c684e2801085081,E:\压裂窜扰项目\02 规范化\泸201H5\泸201H5 压裂施工曲线\泸201H5-4-5 压裂施工曲线.xlsx,Log Data,absolute,0,1760081789.0,1760096105.0,238.6,1.0,0,0,0,1.0,1.0,52.93,pre_pump_10min,600.0,599.0,0.01482599999999705,-0.00025741738171784957,primary,合格,0.01999999999999602,52.93,0.10000000000000142,7.350000000000001,7.369999999999997,-0.060000000000002274,7.369999999999997,3.1582229673093045,0.14000000000000057,20.166666666666668,False,0.08452081587035486,0.1,15.0,0.34765297569153397,176.25,49.583333333333336,True,7.759999999999998,269,0,True,primary,C2,0.2754743570974252,C2,0.9283938743354787,False,0.4333370792946287,≥5 MPa
bf22361c022a86,泸201H5,4,13,whole_stage,1,泸201H5|1-4,泸201H5|4|13,E:\压裂窜扰项目\02 规范化\泸201H5\泸201H5 邻井压力监测\泸201H5-4-13段压裂施工-1、2、3井压力监测.xls,导出数据,1井压力(MPa),2c6524a5d94d7a3b16115c0467bb16ac7ea11a8a1fd0b44f78283d9b08beb4ee,E:\压裂窜扰项目\02 规范化\泸201H5\泸201H5 压裂施工曲线\泸201H5-4-13 压裂施工曲线.xlsx,Log Data,absolute,0,1761312978.0,1761320699.0,128.68333333333334,1.0,0,0,0,1.0,1.0,48.2,pre_pump_10min,600.0,599.0,0.0,-0.00011888366356520381,primary,合格,0.020000000000003126,48.2,0.07000000000000028,0.02999999999999403,0.02999999999999403,-0.09000000000000341,-0.0800000000000054,-0.031093770237019185,0.030000000000001137,,True,1.0,0.1,15.0,0.40992099468980703,0.0,0.0,True,-0.0800000000000054,216,0,True,primary,C1,0.05275705091291974,C1,0.9854140586155663,False,0.9381070873209372,<1 MPa
bf37b58f032054,泸208H1,5,3,whole_stage,6,泸208H1|5-6,泸208H1|5|3,E:\压裂窜扰项目\02 规范化\泸208H1\泸208H1 邻井压力监测\泸208H1-5-3段压裂施工-6井压力监测.xlsx,5-3-6,无表头_文件名井号,7d95402ecb57d7a53f30ddea7df2bb17aff0833d1ab2b368d1f010ea5f37feb6,E:\压裂窜扰项目\02 规范化\泸208H1\泸208H1 压裂施工曲线\泸208H1-5-3 压裂施工曲线（秒点）.xls,导出数据,named_stage_clock_only,0,39242.0,48123.0,148.01666666666668,1.0,0,0,0,1.0,1.0,39.8,pre_pump_10min,242.0,241.0,0.05930399999999873,0.03609437770131217,primary,合格,0.14000000000000057,39.85,0.060000000000002274,12.510000000000005,12.600000000000001,0.05000000000000426,12.560000000000002,6.865600157639908,0.19000000000000483,2.25,False,0.015200990879405471,0.17791199999999618,15.0,0.9118342528994483,134.33333333333334,103.25,True,13.990000000000002,1398,0,True,primary,C2,4.0437281154113105,C2,0.47561772102960187,False,0.4295891219326871,≥5 MPa
c0b70bc5b6053d,泸203H64,4,8,whole_stage,1,泸203H64|1-4,泸203H64|4|8,E:\压裂窜扰项目\02 规范化\泸203H64\泸203H64 邻井压力监测\泸203H64-4-8段压裂施工-1、2、3、5井秒点压力监测.xls,导出数据,1#套压(MPa),85cf516598e20d4b8e3ff14e11876afa65ecf4a3b08b95d681775c5320771413,E:\压裂窜扰项目\02 规范化\泸203H64\泸203H64 压裂施工曲线\泸203H64-4-8 压裂施工曲线.csv,text,named_stage_clock_only,-1671408000,26655.0,35313.0,144.3,1.0,0,0,0,1.0,5.0,47.677,pre_pump_10min,255.0,254.0,0.010378199999996882,0.0036411822603101664,primary,合格,0.03300000000000125,47.69,0.03300000000000125,0.08500000000000085,0.08500000000000085,-0.03999999999999915,0.03200000000000358,0.012167937167937362,0.0519999999999996,,True,1.0,0.1,15.0,0.38305985671365844,0.0,0.0,True,0.0589999999999975,468,0,True,primary,C1,0.016384370616531668,C1,0.9953823930695781,False,0.9400260548131457,<1 MPa
c142553a20a7c2,泸203H9,3,3,whole_stage,4,泸203H9|3-4,泸203H9|3|3,E:\压裂窜扰项目\02 规范化\泸203H9\泸203H9 邻井压力监测\泸203H9-3井第3段压裂期间邻井压力监测数据(1).xls,导出数据,4#套压(MPa),a67cd44782522fce4cde48d45b3ad5bbcc8caead6e1297c18f11eba6a7d3ed43,E:\压裂窜扰项目\02 规范化\泸203H9\泸203H9 压裂施工曲线\泸203H9-3-3 压裂施工曲线-2.xlsx,LogData(s),named_stage_clock_only,-1690502400,31587.0,41528.0,165.68333333333334,1.0,0,0,0,1.0,2.0,54.317813873291,pre_pump_10min,600.0,599.0,0.009733408355649682,-0.0007335332201939899,primary,合格,0.039375305175802566,54.3571891784668,0.039375305175802566,6.496871948242202,6.509998321533196,0.09187316894529829,6.509998321533196,4.482198653428841,0.22312545776360082,0.08333333333333333,False,0.0005029675082989639,0.1,15.0,0.26348088531187125,160.91666666666666,52.5,False,,976,0,True,primary,C2,1.9175535317338837,C2,0.594831576064343,False,0.37149164337583085,≥5 MPa
c21471be7cb555,泸208H2,8,14,whole_stage,9,泸208H2|8-9,泸208H2|8|14,E:\压裂窜扰项目\02 规范化\泸208H2\泸208H2 邻井压力监测\泸208H2-8-14段压裂施工-9井压力监测.xlsx,8-14-9,无表头_文件名井号,a2cdf70b808fb179a25ae4bab6ac87c77ad4025ebf230c53f62d29d7393a7c7e,E:\压裂窜扰项目\02 规范化\泸208H2\泸208H2 压裂施工曲线\泸208H2-8-14 压裂施工曲线（秒点）.xlsx,秒点数据,named_stage_clock_only,1725321600,1725350257.0,1725359990.0,162.21666666666667,1.0,0,0,0,1.0,1.0,48.9949,pre_pump_10min,358.0,357.0,0.015567300000000589,-0.003778323143586987,primary,合格,0.05250000000000199,48.9844,0.9975999999999985,7.854799999999997,7.907299999999999,-0.031500000000001194,7.8862999999999985,3.743706385492653,0.17860000000000298,27.666666666666668,False,0.17055378608856467,0.1,15.0,0.7305044693311414,117.83333333333333,76.16666666666667,True,8.631900000000002,1673,0,True,primary,C2,0.9295338176516529,C2,0.79593852344543,False,0.47409521953369943,≥5 MPa
c21b1e13b2169c,泸203H64,3,7,whole_stage,5,泸203H64|3-5,泸203H64|3|7,E:\压裂窜扰项目\02 规范化\泸203H64\泸203H64 邻井压力监测\泸203H64-3-7段压裂施工-1、2、4、5井秒点压力监测.xls,导出数据,5#套压(MPa),078c2a129461bd54685244bc41b4aa072351f8fade1b729599cf3dae5ac87c94,E:\压裂窜扰项目\02 规范化\泸203H64\泸203H64 压裂施工曲线\泸203H64-3-7 压裂施工曲线.csv,text,named_stage_clock_only,-1671926400,52481.0,60454.0,132.88333333333333,1.0,0,0,0,1.0,1.0,46.352,pre_pump_10min,281.0,280.0,0.019273799999997218,-0.006718190569937244,primary,合格,0.04099999999999682,46.332,0.054999999999999716,0.5320000000000036,0.5530000000000044,-0.14299999999999358,0.5320000000000036,0.05895039508340978,0.10199999999999676,91.16666666666667,False,0.6860654709645053,0.1,15.0,0.2681550232033112,0.0,0.0,False,,405,0,True,primary,C1,0.18579065910695866,C1,0.944970233024687,False,0.9216708006208086,<1 MPa
c2acc9f5806036,泸201H5,1,9,whole_stage,2,泸201H5|1-2,泸201H5|1|9,E:\压裂窜扰项目\02 规范化\泸201H5\泸201H5 邻井压力监测\泸201H5-1-9段压裂施工-2、3、4井压力监测.xls,导出数据,2井压力(MPa),cf4ac16a8262f765165bfb786e910ead13345aef9376925da58a6122d1ebf8cf,E:\压裂窜扰项目\02 规范化\泸201H5\泸201H5 压裂施工曲线\泸201H5-1-9 压裂施工曲线.xlsx,Log Data,absolute,0,1756902296.0,1756912956.0,177.66666666666666,1.0,0,0,0,1.0,1.0,60.18,pre_pump_10min,600.0,599.0,0.01482599999999705,-0.0011209031136159074,primary,合格,0.05000000000000426,60.17,0.0799999999999983,0.8100000000000023,0.8400000000000034,-0.07000000000000028,0.8299999999999983,0.2554080675422141,0.05000000000000426,76.58333333333333,False,0.43105065666041276,0.1,15.0,0.29896810506566607,0.0,0.0,True,0.8900000000000006,67,0,True,primary,C1,0.36484065600407184,C1,0.8844181498459502,False,0.8935846142373006,<1 MPa
c2b0b2124401b6,泸201H5,2,4,whole_stage,3,泸201H5|2-3,泸201H5|2|4,E:\压裂窜扰项目\02 规范化\泸201H5\泸201H5 邻井压力监测\泸201H5-2-4段压裂施工-1、3、4井压力监测.xls,导出数据,3井压力(MPa),41c4be7e15de77e57aa6440b8e4a5220b26efa481c0a1de4d5382a47ee447de2,E:\压裂窜扰项目\02 规范化\泸201H5\泸201H5 压裂施工曲线\泸201H5-2-4 压裂施工曲线.xlsx,Log Data,absolute,0,1756129135.0,1756136731.0,126.6,1.0,0,0,0,1.0,1.0,0.13,pre_pump_10min,600.0,599.0,0.0,-7.401687226908451e-05,primary,合格,0.010000000000000009,0.13,0.039999999999999994,0.010000000000000009,0.01999999999999999,-0.010000000000000009,0.0,5.068457082675091e-05,0.01999999999999999,,True,1.0,0.1,15.0,0.48854660347551343,0.0,0.0,True,0.0,122,0,True,primary,C1,0.01239353869247342,C1,0.996529354067954,False,0.940291962691342,<1 MPa
c2b862b894803a,泸208H2,9,16,whole_stage,10,泸208H2|10-9,泸208H2|9|16,E:\压裂窜扰项目\02 规范化\泸208H2\泸208H2 邻井压力监测\泸208H2-9-16段压裂施工-10井压力监测.xlsx,9-16-10,无表头_文件名井号,eb1c99a686ba6bb9d611b69df03481067092343087d3f687443241454110425f,E:\压裂窜扰项目\02 规范化\泸208H2\泸208H2 压裂施工曲线\泸208H2-9-16 压裂施工曲线（秒点）.xlsx,秒点数据,named_stage_clock_only,1725840000,1725869032.0,1725878068.0,150.6,1.0,0,0,0,1.0,1.0,52.2261,pre_pump_10min,232.0,231.0,0.015567300000000589,-0.0036683170314918863,primary,合格,0.04200000000000159,52.2156,2.3637999999999977,8.509899999999995,8.530899999999995,-0.04200000000000159,8.520399999999995,3.5582190737051764,0.16810000000000258,14.5,False,0.09628154050464807,0.1,15.0,0.7239929172200088,106.58333333333333,54.75,True,8.888099999999994,1744,0,True,primary,C2,0.8136485313579318,C2,0.8239251290166537,False,0.47945265557507727,≥5 MPa
c4109edc8dfa86,泸203H64,3,7,whole_stage,1,泸203H64|1-3,泸203H64|3|7,E:\压裂窜扰项目\02 规范化\泸203H64\泸203H64 邻井压力监测\泸203H64-3-7段压裂施工-1、2、4、5井秒点压力监测.xls,导出数据,1#套压(MPa),078c2a129461bd54685244bc41b4aa072351f8fade1b729599cf3dae5ac87c94,E:\压裂窜扰项目\02 规范化\泸203H64\泸203H64 压裂施工曲线\泸203H64-3-7 压裂施工曲线.csv,text,named_stage_clock_only,-1671926400,52481.0,60454.0,132.88333333333333,1.0,0,0,0,1.0,2.0,52.553,pre_pump_10min,281.0,280.0,0.010378199999996882,0.005908425185777608,primary,合格,0.03300000000000125,52.559,0.05299999999999727,0.026000000000003354,0.026000000000003354,-0.28299999999999415,-0.22999999999999687,-0.11411946569672372,0.1109999999999971,,True,1.0,0.1,15.0,0.3538635223281485,0.0,0.0,False,,407,0,True,primary,C1,0.13632903276313083,C1,0.9631568796461966,False,0.9280270634895914,<1 MPa
c45e3a4e9fe719,泸201H5,1,16,whole_stage,2,泸201H5|1-2,泸201H5|1|16,E:\压裂窜扰项目\02 规范化\泸201H5\泸201H5 邻井压力监测\泸201H5-1-16段压裂施工-2、3、4井压力监测.xls,导出数据,2井压力(MPa),7f6000239227036f9e1cf3bf4c51757b924a59f29fe8b415f0daea5550c6c57e,E:\压裂窜扰项目\02 规范化\泸201H5\泸201H5 压裂施工曲线\泸201H5-1-16 压裂施工曲线.xlsx,Log Data,absolute,0,1757833378.0,1757843016.0,160.63333333333333,1.0,0,0,0,1.0,1.0,61.42,pre_pump_10min,600.0,599.0,0.0296519999999941,-0.0011969366581568352,primary,合格,0.07000000000000028,61.39,0.07000000000000028,0.07000000000000028,0.0899999999999963,-0.13000000000000256,-0.020000000000003126,-0.0688887736044843,0.10999999999999943,,True,1.0,0.1,15.0,0.39634778999792486,0.0,0.0,True,-60.15,25,0,True,primary,C1,0.07616745663132735,C1,0.9790004708087875,False,0.9361689649323748,<1 MPa
c5516cdae8b81d,泸203H64,4,11,whole_stage,2,泸203H64|2-4,泸203H64|4|11,E:\压裂窜扰项目\02 规范化\泸203H64\泸203H64 邻井压力监测\泸203H64-4-11段压裂施工-1、2、3、5井秒点压力监测.xls,导出数据,2#套压(MPa),8f745b15d88a493d2385a3b8e7ae03eb65408441ef699ac27e1a6e781c2e39c2,E:\压裂窜扰项目\02 规范化\泸203H64\泸203H64 压裂施工曲线\泸203H64-4-11 压裂施工曲线.csv,text,named_stage_clock_only,-1671494400,52413.0,62266.0,164.21666666666667,1.0,0,0,0,1.0,1.0,45.002,pre_pump_10min,213.0,212.0,0.010378199999996882,-0.0011400478341686581,primary,合格,0.027000000000001023,44.996,0.05300000000000438,0.7029999999999959,0.7089999999999961,-0.026000000000003354,0.7089999999999961,0.20106211306200908,0.07900000000000063,45.25,False,0.2755505937277986,0.1,15.0,0.327007002943266,0.0,0.0,False,,421,0,True,primary,C1,0.257877013801554,C1,0.9210984668991621,False,0.9111203821095357,<1 MPa
c5ce3b0ec16b35,泸208H1,4,3,whole_stage,5,泸208H1|4-5,泸208H1|4|3,E:\压裂窜扰项目\02 规范化\泸208H1\泸208H1 邻井压力监测\泸208H1-4-3段压裂施工-5井压力监测.xlsx,4-3-5,无表头_文件名井号,ca39089939a0bee871497136eb8444025c0b51ea3f2ff304346ce37bec83ae4f,E:\压裂窜扰项目\02 规范化\泸208H1\泸208H1 压裂施工曲线\泸208H1-4-3 压裂施工曲线（秒点）.xls,导出数据,named_stage_clock_only,0,29000.0,35996.0,116.6,1.0,0,0,0,1.0,1.0,27.62,pre_pump_10min,200.0,199.0,0.0,-0.022167554188851874,primary,合格,0.05000000000000071,27.62,0.060000000000002274,12.459999999999997,12.679999999999996,-0.2699999999999996,12.639999999999997,2.007344196683819,0.5,43.166666666666664,False,0.3702115494568325,0.1,15.0,0.9068038879359634,52.416666666666664,17.416666666666668,True,17.13,1355,0,True,primary,C2,1.5515395289510818,C2,0.5858695482683853,False,0.18770799172530755,≥5 MPa
c64bd582ada5c9,泸208H1,4,13,whole_stage,5,泸208H1|4-5,泸208H1|4|13,E:\压裂窜扰项目\02 规范化\泸208H1\泸208H1 邻井压力监测\泸208H1-4-13段压裂施工-5井压力监测.xlsx,4-13-5,无表头_文件名井号,0a4f3b29b707aa16a53cd47137a0d69ca985f77fd6d1019029d3f1040a2242ff,E:\压裂窜扰项目\02 规范化\泸208H1\泸208H1 压裂施工曲线\泸208H1-4-13 压裂施工曲线（秒点）.xls,导出数据,named_stage_clock_only,0,61706.0,68378.0,111.2,1.0,0,0,0,1.0,1.0,54.15,pre_pump_10min,240.0,239.0,0.0,-0.02126677546485041,primary,合格,0.04999999999999716,54.1,0.060000000000002274,7.859999999999999,7.859999999999999,-0.0899999999999963,7.859999999999999,3.196136840527579,0.23000000000000398,15.25,False,0.13714028776978418,0.1,15.0,0.9316546762589928,72.08333333333333,36.916666666666664,True,8.130000000000003,1345,0,True,primary,C2,0.5761186708093153,C2,0.8657215604725346,False,0.44798193946733905,≥5 MPa
c675216173b228,泸208H1,5,23,whole_stage,4,泸208H1|4-5,泸208H1|5|23,E:\压裂窜扰项目\02 规范化\泸208H1\泸208H1 邻井压力监测\泸208H1-5-23段压裂施工-4井压力监测.xlsx,5-23-4,无表头_文件名井号,2c5c6ddeae69f50d01fc942138fa9fdf8254959eb59c9f1ca0f4fec43814c468,E:\压裂窜扰项目\02 规范化\泸208H1\泸208H1 压裂施工曲线\泸208H1-5-23 压裂施工曲线（秒点）.xls,导出数据,named_stage_clock_only,0,29422.0,37272.0,130.83333333333334,1.0,0,0,0,1.0,1.0,49.92,pre_pump_10min,205.0,204.0,0.0,-0.01241854828600766,primary,合格,0.030000000000001137,49.92,0.04000000000000625,5.619999999999997,5.619999999999997,-0.03999999999999915,5.619999999999997,1.8144904458598712,0.10999999999999943,28.583333333333332,False,0.2184713375796178,0.1,15.0,0.9463694267515923,67.0,10.25,True,6.170000000000002,1394,0,True,primary,C2,0.7803089799026236,C2,0.6986182499094988,False,0.016510752652020132,≥5 MPa
c67b7fc2809d07,阳101H35,3,8,whole_stage,4,阳101H35|3-4,阳101H35|3|8,E:\压裂窜扰项目\02 规范化\阳101H35\阳101H35 邻井压力监测\阳101H35平台3井第八段压裂期间邻井秒点数据2024.5.23.xlsx,text,4#套压(MPa),cea6b5747e82e3eeb33c8f91b94b0ce7d6c6eb891be78a5ff159c1bf20089fc6,E:\压裂窜扰项目\02 规范化\阳101H35\阳101H35 压裂施工曲线\阳101H35-3-8 压裂施工曲线（秒点）.xlsx,Log Data,named_stage_clock_only,-1716422400,26812.0,40295.0,224.71666666666667,1.0,0,0,0,1.0,1.0,29.5378131866455,pre_pump_10min,412.0,411.0,0.009727752685583745,-1.55287823870559e-05,primary,合格,0.013124465942400576,29.5378131866455,0.045936584472702435,0.08531188964839842,0.0918750762939986,-0.019687652587901283,0.07874870300289771,0.02952688599540149,0.039373397827198175,,True,1.0,0.1,15.0,0.3204776385077505,0.0,0.0,True,0.06562423706060017,2339,0,True,primary,C1,0.032081677254688634,C1,0.9909051507089807,False,0.9386245390998088,<1 MPa
c70a23de5eee9e,泸203H11,1,6,whole_stage,2,泸203H11|1-2,泸203H11|1|6,E:\压裂窜扰项目\02 规范化\泸203H11\泸203H11 邻井压力监测\泸203H11-1-6段压裂施工-2井套压压力监测.xls,2井套压,2井套压,e558dc1eac2999a23057b9fae0b8222cff602925d1045944cbe5562b72a61a6f,E:\压裂窜扰项目\02 规范化\泸203H11\泸203H11 压裂施工曲线\泸203H11-1-6 压裂施工曲线.xlsx,LogData(s),named_stage_clock_only,-1713312000,43283.0,54190.0,181.78333333333333,1.0,0,0,0,1.0,1.0,53.55,pre_pump_10min,600.0,599.0,0.0,-0.0027055075152956753,primary,合格,0.07000000000000028,53.55,0.07000000000000028,5.780000000000001,5.780000000000001,0.0,5.18,3.5196451819932175,0.20000000000000284,3.25,False,0.017878426698450536,0.1,15.0,0.8926377555698175,157.91666666666666,32.083333333333336,True,5.1200000000000045,305,0,True,primary,C2,1.5266579431825387,C2,0.607474426354309,False,0.2720017727302415,≥5 MPa
c7130c17f9aa79,泸203H66,1,20,whole_stage,2,泸203H66|1-2,泸203H66|1|20,E:\压裂窜扰项目\02 规范化\泸203H66\泸203H66 邻井压力监测\泸203H66平台-1井-20段压裂施工-2、3井秒点压力监测.xls,Sheet1,2井,e4d612eea65b50c0364bb545611d4786ac7dd7bb2da406723fa54b85c4f2f256,E:\压裂窜扰项目\02 规范化\泸203H66\泸203H66 压裂施工曲线\泸203H66-1-20 压裂施工曲线.xlsx,LogData(s),named_stage_clock_only,-1681171200,52177.0,60191.0,133.56666666666666,1.0,0,0,0,1.0,1.0,47.19,pre_pump_10min,600.0,599.0,0.0,-0.0001997005547256958,primary,合格,0.0,47.19,0.07000000000000028,12.120000000000005,12.190000000000005,0.0,12.190000000000005,5.677537434489645,0.19000000000000483,2.6666666666666665,False,0.01996506114299975,0.1,15.0,0.8748440229598203,119.25,71.41666666666667,True,12.370000000000005,565,0,True,primary,C2,2.8791168600938835,C2,0.5723154430377537,False,0.47290126455814574,≥5 MPa
c7cbf23d6b7b44,泸201H5,1,8,whole_stage,2,泸201H5|1-2,泸201H5|1|8,E:\压裂窜扰项目\02 规范化\泸201H5\泸201H5 邻井压力监测\泸201H5-1-8段压裂施工-2、3、4井压力监测.xls,导出数据,2井压力(MPa),275d509104b23d01f568778e9b4b6cb3b2f1f01f49d0d1650dfb442224623b19,E:\压裂窜扰项目\02 规范化\泸201H5\泸201H5 压裂施工曲线\泸201H5-1-8 压裂施工曲线.xlsx,Log Data,absolute,0,1756716221.0,1756725532.0,155.18333333333334,1.0,0,0,0,1.0,1.0,60.22,pre_pump_10min,600.0,599.0,0.0296519999999941,-0.002710390862193626,primary,合格,0.07000000000000028,60.19,0.0800000000000054,0.6000000000000014,0.6400000000000006,-0.030000000000001137,0.6000000000000014,0.16050477929331006,0.04000000000000625,76.41666666666667,False,0.4924283106003652,0.1,15.0,0.2839652024487166,0.0,0.0,True,0.7000000000000028,64,0,True,primary,C1,0.23698893067087715,C1,0.9279844384837739,False,0.9146117786013858,<1 MPa
c7d58fb027bf4a,泸206H8,5,3,whole_stage,1,泸206H8|1-5,泸206H8|5|3,E:\压裂窜扰项目\02 规范化\泸206H8\泸206H8 邻井压力监测\泸206H8-5-3段压裂施工-1、2、3、4、6、7、8井秒点压力监测.xls,导出数据,1井套压(MPa),2b21898bbc5d6ea70a9afd7c73ac52716f64bcc3feacc1ea753c5559b7deb42a,E:\压裂窜扰项目\02 规范化\泸206H8\泸206H8 压裂施工曲线\泸206H8-5-3 压裂施工曲线.xlsx,秒点数据,absolute,0,1751871510.0,1751880274.0,146.06666666666666,1.0,0,0,0,1.0,1.0,52.79,pre_pump_10min,210.0,209.0,0.01482599999999705,-0.000365022854416206,primary,合格,0.030000000000001137,52.79,0.07000000000000028,0.00999999999999801,0.020000000000003126,-0.10000000000000142,-0.10000000000000142,-0.04294614331355493,0.030000000000001137,,True,1.0,0.1,15.0,0.33158375171154725,0.0,0.0,False,,1243,0,True,primary,C1,0.057344916167070055,C1,0.9841725581932296,False,0.9378005011749709,<1 MPa
c80e5388a077f1,阳101H33,3,5,whole_stage,4,阳101H33|3-4,阳101H33|3|5,E:\压裂窜扰项目\02 规范化\阳101H33\阳101H33 邻井压力监测\阳101H33-3-5段压裂施工-4井压力监测.xlsx,3-5-4,无表头_文件名井号,416b96147683e99cf55c756facfddd058e9c84ce19865968dc9559de8e10e3db,E:\压裂窜扰项目\02 规范化\阳101H33\阳101H33 压裂施工曲线\阳101H33-3-5 压裂施工曲线.xls,text,absolute,0,1727163479.0,1727175615.0,202.26666666666668,1.0,0,0,0,1.0,1.0,29.905,pre_pump_10min,479.0,478.0,0.019273799999997218,-0.004788912570651416,primary,合格,0.03900000000000148,29.892,0.059000000000004604,4.731999999999999,4.771000000000001,-0.03300000000000125,4.757999999999996,2.290701796308502,0.11199999999999832,37.583333333333336,False,0.1858108108108108,0.1,15.0,0.29375411997363216,132.0,0.0,True,5.585000000000001,2091,0,True,primary,C2,0.8377669464440162,C2,0.7038039120035229,False,0.13023364844750376,1–5 MPa
c83506389cee3a,泸208H2,8,11,whole_stage,9,泸208H2|8-9,泸208H2|8|11,E:\压裂窜扰项目\02 规范化\泸208H2\泸208H2 邻井压力监测\泸208H2-8-11段压裂施工-9井压力监测.xlsx,8-11-9,无表头_文件名井号,6968c268dc5573b4751a194af3f6386fb25dce2b9d80c10051c9c7bc58191774,E:\压裂窜扰项目\02 规范化\泸208H2\泸208H2 压裂施工曲线\泸208H2-8-11 压裂施工曲线（秒点）.xlsx,秒点数据,named_stage_clock_only,1723248000,1723294586.0,1723303261.0,144.58333333333334,1.0,0,0,0,1.0,1.0,48.2598,pre_pump_10min,313.0,312.0,0.015567300000000589,0.002630617078326336,primary,合格,0.031500000000001194,48.2703,0.14710000000000178,10.742600000000003,10.763600000000004,0.0,10.763600000000004,5.1627078731988485,0.19950000000000045,8.75,False,0.060518731988472615,0.1,15.0,0.7219596541786744,115.83333333333333,72.33333333333333,True,11.183599999999998,1667,0,True,primary,C2,2.453759592837033,C2,0.6119630666532315,False,0.482474696445056,≥5 MPa
c8578ed28076ac,泸206H8,4,3,whole_stage,1,泸206H8|1-4,泸206H8|4|3,E:\压裂窜扰项目\02 规范化\泸206H8\泸206H8 邻井压力监测\泸206H8-4-3段压裂施工-1、2、3、5、6、7、8井秒点压力监测.xls,导出数据,1井套压(MPa),6f3036940dd00a407538fc5aa09bf6946034b27a92d868583d320eb1e7827bc1,E:\压裂窜扰项目\02 规范化\泸206H8\泸206H8 压裂施工曲线\泸206H8-4-3 压裂施工曲线.xlsx,秒点数据,absolute,0,1752131340.0,1752140667.0,155.45,1.0,0,0,0,1.0,1.0,51.26,pre_pump_10min,540.0,539.0,0.01482599999999705,0.0003623011967343809,primary,合格,0.030000000000001137,51.26,0.07000000000000028,0.020000000000003126,0.030000000000001137,-0.03999999999999915,0.0,-0.004691219041489935,0.04000000000000625,,True,1.0,0.1,15.0,0.2586040527500804,0.0,0.0,False,,1131,0,True,primary,C1,0.017132239134337212,C1,0.9952123899013915,False,0.9402223337943447,<1 MPa
c8ea1ee8b7d7c0,阳101H33,2,7,whole_stage,3,阳101H33|2-3,阳101H33|2|7,E:\压裂窜扰项目\02 规范化\阳101H33\阳101H33 邻井压力监测\阳101H33-2-7段压裂施工-3井压力监测.xlsx,2-7-3,无表头_文件名井号,03e92dad2d03bc07312343bc2bc4d714ecc728a84ff2fa6a3320a5085aeffa1f,E:\压裂窜扰项目\02 规范化\阳101H33\阳101H33 压裂施工曲线\阳101H33-2-7 压裂施工曲线.xls,text,absolute,0,1727362982.0,1727373717.0,178.91666666666666,1.0,0,0,0,1.0,1.0,51.371,pre_pump_10min,182.0,181.0,0.01927380000000775,0.00756978733611585,primary,合格,0.059000000000004604,51.391,0.07199999999999562,7.225999999999999,7.265000000000001,-0.059000000000004604,7.251999999999995,3.043956031672098,0.11200000000000188,24.083333333333332,False,0.13460642757335817,0.1,15.0,0.19469026548672566,129.0,36.166666666666664,True,7.750999999999998,2080,0,True,primary,C2,0.26485986461122457,C2,0.9292982959143815,False,0.41687931386629207,≥5 MPa
c8ffd274e5c3d0,泸203H76,1,19,whole_stage,4,泸203H76|1-4,泸203H76|1|19,E:\压裂窜扰项目\02 规范化\泸203H76\泸203H76 邻井压力监测\泸203H76平台-1井-19段压裂施工-2、3、4井秒点压力监测.xls,Sheet1,4井井口压力,6738865bee4180e96fb79ca834d9763d84dd4d4f734350ce847bdeeffd00cfa0,E:\压裂窜扰项目\02 规范化\泸203H76\泸203H76 压裂施工曲线\泸203H76-1-19 压裂施工曲线（秒点）.xlsx,Sheet1,named_stage_clock_only,-1679702400,37807.0,43820.0,100.21666666666667,1.0,0,0,0,1.0,1.0,52.8098,pre_pump_10min,307.0,306.0,0.015567300000000589,-0.0033248271176947713,primary,合格,0.052499999999994884,52.81505,0.3569999999999993,0.10499999999999687,0.18900000000000006,-0.17849999999999966,-0.09450000000000358,-0.007170838183937358,0.18900000000000006,,True,1.0,0.1,15.0,0.6796939963412606,0.0,0.0,True,-0.21000000000000085,688,0,True,primary,C1,0.05858961895549306,C1,0.9837198824499833,False,0.9363734239320244,<1 MPa
c9377c9ca08887,泸201H5,4,26,whole_stage,2,泸201H5|2-4,泸201H5|4|26,E:\压裂窜扰项目\02 规范化\泸201H5\泸201H5 邻井压力监测\泸201H5-4-26段压裂施工-1、2、3井压力监测.xls,导出数据,2井压力(MPa),6c7b77cd0ef8427817c89c5048eec297a18686eaaf8d9935a73429a1a39dc391,E:\压裂窜扰项目\02 规范化\泸201H5\泸201H5 压裂施工曲线\泸201H5-4-26 压裂施工曲线.xlsx,Log Data,absolute,0,1766231691.0,1766242309.0,176.96666666666667,1.0,0,0,0,1.0,1.0,37.39,pre_pump_10min,600.0,599.0,0.01482599999999705,-0.0002201506115306272,primary,合格,0.03999999999999915,37.39,0.09000000000000341,0.10000000000000142,0.11999999999999744,-0.07000000000000028,0.07000000000000028,0.03557779242795184,0.0899999999999963,171.33333333333334,False,0.9681672631380674,0.1,15.0,0.2723676775287248,0.0,0.0,True,0.04999999999999716,253,0,True,primary,C1,0.03661235816487622,C1,0.9896174190054009,False,0.9380894513324437,<1 MPa
c943d58abce2b9,泸201H5,1,9,whole_stage,3,泸201H5|1-3,泸201H5|1|9,E:\压裂窜扰项目\02 规范化\泸201H5\泸201H5 邻井压力监测\泸201H5-1-9段压裂施工-2、3、4井压力监测.xls,导出数据,3井压力(MPa),cf4ac16a8262f765165bfb786e910ead13345aef9376925da58a6122d1ebf8cf,E:\压裂窜扰项目\02 规范化\泸201H5\泸201H5 压裂施工曲线\泸201H5-1-9 压裂施工曲线.xlsx,Log Data,absolute,0,1756902296.0,1756912956.0,177.66666666666666,1.0,0,0,0,1.0,1.0,0.11,pre_pump_10min,600.0,599.0,0.014825999999999992,-0.0004630012861146809,primary,合格,0.020000000000000004,0.11,0.039999999999999994,0.009999999999999995,0.009999999999999995,-0.020000000000000004,0.009999999999999995,0.001851782363977485,0.020000000000000004,,True,1.0,0.1,15.0,0.5263602251407129,0.0,0.0,True,0.0,68,0,True,primary,C1,0.011431291597198487,C1,0.9967970243814053,False,0.9403262062942733,<1 MPa
ca7e11c66c0072,泸203H64,4,11,whole_stage,3,泸203H64|3-4,泸203H64|4|11,E:\压裂窜扰项目\02 规范化\泸203H64\泸203H64 邻井压力监测\泸203H64-4-11段压裂施工-1、2、3、5井秒点压力监测.xls,导出数据,3#套压(MPa),8f745b15d88a493d2385a3b8e7ae03eb65408441ef699ac27e1a6e781c2e39c2,E:\压裂窜扰项目\02 规范化\泸203H64\泸203H64 压裂施工曲线\泸203H64-4-11 压裂施工曲线.csv,text,named_stage_clock_only,-1671494400,52413.0,62266.0,164.21666666666667,1.0,0,0,0,1.0,1.0,43.332,pre_pump_10min,213.0,212.0,0.0296519999999941,-0.007025812075772052,primary,合格,0.07160000000000366,43.313,0.0589999999999975,1.6280000000000001,1.6409999999999982,-0.2289999999999992,1.6280000000000001,0.35441256470110566,0.09200000000000585,81.16666666666667,False,0.49426570587638285,0.1,15.0,0.2575865218715112,27.666666666666668,0.0,False,,422,0,True,primary,C1,0.6372997043895133,C1,0.7777970111280335,False,0.8388362044476302,1–5 MPa
cbc6555a40b706,泸201H5,2,14,whole_stage,4,泸201H5|2-4,泸201H5|2|14,E:\压裂窜扰项目\02 规范化\泸201H5\泸201H5 邻井压力监测\泸201H5-2-14段压裂施工-1、3、4井压力监测.xls,导出数据,4井压力(MPa),f34a8eba83ce248575ac1c6e0cac73c0f2c5e782e1d346bda27dd60a04f5634b,E:\压裂窜扰项目\02 规范化\泸201H5\泸201H5 压裂施工曲线\泸201H5-2-14 压裂施工曲线.xlsx,Log Data,absolute,0,1757487701.0,1757497022.0,155.35,1.0,0,0,0,1.0,1.0,24.02,pre_pump_10min,600.0,599.0,0.0,-0.0005378181606040097,primary,合格,0.029999999999997584,24.02,0.05000000000000071,0.0,0.010000000000001563,-0.0799999999999983,-0.07000000000000028,-0.039627185924256826,0.019999999999999574,,True,1.0,0.1,15.0,0.36337302864499516,0.0,0.0,True,-0.05999999999999872,82,0,True,primary,C1,0.04794720486678602,C1,0.986729075842529,False,0.9387186889041004,<1 MPa
cd7fb5719f0ca9,泸201H5,2,16,whole_stage,1,泸201H5|1-2,泸201H5|2|16,E:\压裂窜扰项目\02 规范化\泸201H5\泸201H5 邻井压力监测\泸201H5-2-16段压裂施工-1、3、4井压力监测.xls,导出数据,1井压力(MPa),bb869db284067cd400ed91e12cd4173da73b7b803754e50b560a7742f9097d1a,E:\压裂窜扰项目\02 规范化\泸201H5\泸201H5 压裂施工曲线\泸201H5-2-16 压裂施工曲线.xlsx,Log Data,absolute,0,1757602630.0,1757614113.0,191.38333333333333,1.0,0,0,0,1.0,1.0,0.19,pre_pump_10min,600.0,599.0,0.014826000000000013,0.00042391784421623143,primary,合格,0.03999999999999998,0.17,0.04000000000000001,0.010000000000000009,0.01999999999999999,-0.11,-0.11,-0.05765261691195681,0.06,,True,1.0,0.1,15.0,0.6492205869546286,0.0,0.0,True,-0.1,87,0,True,primary,C1,0.06819206421509512,C1,0.9812325341980411,False,0.9368764232954162,<1 MPa
ce208a3e945518,泸203H10,4,9,whole_stage,3,泸203H10|3-4,泸203H10|4|9,E:\压裂窜扰项目\02 规范化\泸203H10\泸203H10 邻井压力监测\泸203H10-4-9段压裂施工-3井秒点压力监测-2.xls,3井,3井井口套压(MPa):,cc3e49431ffc8eccdd254723d38304ba4c2d8500f236cee2aa042bfda318928d,E:\压裂窜扰项目\02 规范化\泸203H10\泸203H10 压裂施工曲线\泸203H10-4-9 压裂施工曲线.xlsx,LogData(s),named_stage_clock_only,-1716854400,42239.0,52516.0,171.28333333333333,5.0,0,0,0,0.9998053906782135,5.0,47.49,pre_pump_10min,48.0,235.0,0.0,-0.003497611810684527,primary,合格,0.00999999999999801,47.49,0.490000000000002,6.019999999999996,6.189999999999998,-0.020000000000003126,5.699999999999996,2.8675523114355204,0.490000000000002,45.016666666666666,False,0.26281988907268655,0.1,15.0,0.7547445255474453,100.41666666666667,65.08333333333333,False,,302,0,True,primary,C2,0.5312497470780776,C2,0.8621589564710622,False,0.3692153611820382,≥5 MPa
d0083d1b022425,阳101H35,1,4,whole_stage,2,阳101H35|1-2,阳101H35|1|4,E:\压裂窜扰项目\02 规范化\阳101H35\阳101H35 邻井压力监测\阳101H35平台压窜记录(4.19-4.25)_邻井压力数据_1井第四段压裂期间2井秒点数据2024.4.24.xls,text,2#套压(MPa),d0286c5856887493fa50bae7b2668f93ab63f5b106eba475bc8c82b4e6d0f8f4,E:\压裂窜扰项目\02 规范化\阳101H35\阳101H35 压裂施工曲线\阳101H35-1-4 压裂施工曲线（秒点）.xlsx,Log Data,named_stage_clock_only,-1713916800,47033.0,52099.0,84.43333333333334,1.0,0,0,0,1.0,1.0,27.9500007629395,pre_pump_10min,600.0,599.0,0.02779761886589832,-0.003935434010295832,primary,合格,0.06874847412100138,27.9125003814697,0.08124923706050069,5.2312507629394,5.4062500000000036,-0.07500076293949931,5.362499237060501,0.767994181139357,0.381252288818402,36.916666666666664,False,0.43722858270825105,0.1,15.0,0.2479273588630083,19.25,1.1666666666666667,True,9.531250000000004,2347,0,True,primary,C1,1.4810219998997993,C1,0.299429639214096,False,0.5817635887349871,≥5 MPa
d07586b3d6d986,泸201H5,3,23,whole_stage,4,泸201H5|3-4,泸201H5|3|23,E:\压裂窜扰项目\02 规范化\泸201H5\泸201H5 邻井压力监测\泸201H5-3-23段压裂施工-1、2、4井压力监测.xls,导出数据,4井压力(MPa),706e287f93e9af019706c0283134adc04b23283add5ec8dc64be66260b5d23a4,E:\压裂窜扰项目\02 规范化\泸201H5\泸201H5 压裂施工曲线\泸201H5-3-23 压裂施工曲线.xlsx,Log Data,absolute,0,1767536443.0,1767548396.0,199.21666666666667,1.0,0,0,0,1.0,1.0,44.55,pre_pump_10min,600.0,599.0,0.01482599999999705,-0.0008273689649086713,primary,合格,0.030000000000001137,44.55,0.060000000000002274,0.740000000000002,0.7600000000000051,-0.02999999999999403,0.740000000000002,0.2182962436208511,0.03999999999999915,87.25,False,0.4379653643436794,0.1,15.0,0.3493683594076801,0.0,0.0,True,0.8800000000000026,178,0,True,primary,C1,0.3076527776194592,C1,0.9042586893463366,False,0.9034978981148053,<1 MPa
d1d57342596fb1,泸201H5,3,10,whole_stage,4,泸201H5|3-4,泸201H5|3|10,E:\压裂窜扰项目\02 规范化\泸201H5\泸201H5 邻井压力监测\泸201H5-3-10段压裂施工-1、2、4井压力监测.xls,导出数据,4井压力(MPa),2ddb06b9779643bc95be894419f6743432dc2fbb4efaf9a0f619ca3f62483a76,E:\压裂窜扰项目\02 规范化\泸201H5\泸201H5 压裂施工曲线\泸201H5-3-10 压裂施工曲线.xlsx,Log Data,absolute,0,1760773221.0,1760783508.0,171.45,1.0,0,0,0,1.0,1.0,47.55,pre_pump_10min,600.0,599.0,0.014826000000007585,-0.0019819388387142555,primary,合格,0.030000000000001137,47.54,0.07000000000000028,4.160000000000004,4.190000000000005,-0.04999999999999716,4.190000000000005,1.1492913385826802,0.0800000000000054,52.833333333333336,False,0.30815592495382527,0.1,15.0,0.29658792650918636,71.41666666666667,0.0,True,4.68,139,0,True,primary,C2,1.678140966510059,C2,0.025427749773621052,True,-0.46620542746363813,1–5 MPa
d1db7c157350f4,泸203H66,2,22,whole_stage,3,泸203H66|2-3,泸203H66|2|22,E:\压裂窜扰项目\02 规范化\泸203H66\泸203H66 邻井压力监测\泸203H66平台-2井-22段压裂施工-1、3井秒点压力监测.xls,Sheet1,3井,f85199ef6a4aac92e349c5eaef5476c84a6a109e422e4c5fe218e2c7f94e4c78,E:\压裂窜扰项目\02 规范化\泸203H66\泸203H66 压裂施工曲线\泸203H66-2-22 压裂施工曲线.xlsx,LogData(s),named_stage_clock_only,-1680652800,51311.0,59159.0,130.8,1.0,0,0,0,1.0,1.0,43.63,pre_pump_10min,600.0,599.0,0.0,0.0035661599060014186,primary,合格,0.07000000000000028,43.63,0.25,7.25,7.5,-0.07000000000000028,7.25,2.4345833333333315,0.3200000000000003,20.166666666666668,False,0.15417940876656472,0.1,15.0,0.9350152905198776,83.58333333333333,25.833333333333332,True,8.68,602,0,True,primary,C2,0.2836620507438648,C2,0.9146384320482577,False,0.3105617747035251,≥5 MPa
d2463fd950c37a,泸201H5,4,26,whole_stage,1,泸201H5|1-4,泸201H5|4|26,E:\压裂窜扰项目\02 规范化\泸201H5\泸201H5 邻井压力监测\泸201H5-4-26段压裂施工-1、2、3井压力监测.xls,导出数据,1井压力(MPa),6c7b77cd0ef8427817c89c5048eec297a18686eaaf8d9935a73429a1a39dc391,E:\压裂窜扰项目\02 规范化\泸201H5\泸201H5 压裂施工曲线\泸201H5-4-26 压裂施工曲线.xlsx,Log Data,absolute,0,1766231691.0,1766242309.0,176.96666666666667,1.0,0,0,0,1.0,1.0,41.96,pre_pump_10min,600.0,599.0,0.0,-0.0003923177564339842,primary,合格,0.01999999999999602,41.96,0.03999999999999915,0.0,0.00999999999999801,-0.1600000000000037,-0.14999999999999858,-0.0938905631945759,0.020000000000003126,,True,1.0,0.1,15.0,0.4523450744019589,0.0,0.0,True,-0.14000000000000057,252,0,True,primary,C1,0.10432110805286252,C1,0.9715353598711487,False,0.9326741154148552,<1 MPa
d2db7b2c9270f4,阳101H35,1,2,whole_stage,2,阳101H35|1-2,阳101H35|1|2,E:\压裂窜扰项目\02 规范化\阳101H35\阳101H35 邻井压力监测\阳101H35平台压窜记录(4.11-4.18)_邻井压力数据_35-1井第2段施工2井秒点数据2024.4.17.xls,text,2#套压(MPa),8140d081e05a001e0e2f8c8b8f3712b54b2674c2583f9973f042e9380993b4be,E:\压裂窜扰项目\02 规范化\阳101H35\阳101H35 压裂施工曲线\阳101H35-1-2 压裂施工曲线（秒点）.xlsx,Log Data,named_stage_clock_only,-1713312000,32819.0,38939.0,102.0,1.0,0,0,0,1.0,1.0,10.15625,pre_pump_10min,600.0,599.0,0.009266815566977097,-0.0019030234794202368,primary,合格,0.03125,10.15625,0.0625,22.012500762939503,22.6875,-0.11250019073490058,22.5250015258789,2.851391427501354,1.3437519073486008,59.583333333333336,False,0.5841503267973857,0.1,15.0,0.3006535947712418,36.583333333333336,20.583333333333332,True,34.9562492370605,2343,0,True,primary,C2,3.584105671356661,C2,0.4068157790763884,False,0.2434325553993896,≥5 MPa
d3143712c6369f,泸206H8,2,19,whole_stage,3,泸206H8|2-3,泸206H8|2|19,E:\压裂窜扰项目\02 规范化\泸206H8\泸206H8 邻井压力监测\泸206H8-2-19段压裂施工-1、3井秒点压力监测-2.xlsx,导出数据,3井套压(MPa),5e260c68363493ca81f6b3757930c42f90434a51aa3a99c1348564553bb937a9,E:\压裂窜扰项目\02 规范化\泸206H8\泸206H8 压裂施工曲线\泸206H8-2-19 压裂施工曲线.xlsx,秒点数据,absolute,0,1751270234.0,1751284851.0,243.61666666666667,1.0,12,0,0,1.0,13.0,57.13,pre_pump_10min,434.0,433.0,0.01482599999999705,0.0019748765904010397,primary,合格,0.030000000000001137,57.13,0.9699999999999989,7.509999999999998,7.550000000000004,-0.020000000000003126,7.539999999999999,2.9256738728877303,0.28000000000000114,23.333333333333332,False,0.09577888759663405,0.1,15.0,0.32269770626497774,182.08333333333334,67.58333333333333,True,8.020000000000003,1015,0,True,primary,C2,0.2722102018712601,C2,0.9242467878463466,False,0.3828404010785685,≥5 MPa
d4b55fd40c82eb,泸201H5,3,6,whole_stage,2,泸201H5|2-3,泸201H5|3|6,E:\压裂窜扰项目\02 规范化\泸201H5\泸201H5 邻井压力监测\泸201H5-3-6段压裂施工-1、2、4井压力监测.xls,导出数据,2井压力(MPa),c83c2a9173107b47d1d7e137b36b1ba6d38acc57860d8716dbcd88bce1ce1327,E:\压裂窜扰项目\02 规范化\泸201H5\泸201H5 压裂施工曲线\泸201H5-3-6 压裂施工曲线.xlsx,Log Data,absolute,0,1759394738.0,1759404546.0,163.46666666666667,1.0,0,0,0,1.0,1.0,56.14,pre_pump_10min,600.0,599.0,0.01482599999999705,0.0001522170894913375,primary,合格,0.03999999999999915,56.15,0.0799999999999983,0.04999999999999716,0.07000000000000028,-0.030000000000001137,-0.00999999999999801,0.010217169657421933,0.04999999999999716,,True,1.0,0.1,15.0,0.2409257748776509,0.0,0.0,True,-0.00999999999999801,197,0,True,primary,C1,0.016329815814208788,C1,0.9954058687085702,False,0.9401753895972843,<1 MPa
d52dcc9a11d163,泸203H64,5,9,whole_stage,3,泸203H64|3-5,泸203H64|5|9,E:\压裂窜扰项目\02 规范化\泸203H64\泸203H64 邻井压力监测\泸203H64-5-9段压裂施工-1、2、3、4井秒点压力监测.xls,导出数据,3#套压(MPa),2992e0fa6ac2f5d37ab8908d8d30077beac10981b908cffc364618d3be2ffb1f,E:\压裂窜扰项目\02 规范化\泸203H64\泸203H64 压裂施工曲线\泸203H64-5-9 压裂施工曲线.csv,text,named_stage_clock_only,-1670803200,26321.0,36455.0,168.9,1.0,0,0,0,1.0,1.0,38.876,pre_pump_10min,221.0,220.0,0.01927380000000775,-0.01119679366738288,primary,合格,0.0589999999999975,38.85,0.09199999999999875,8.676000000000002,8.735,-0.20299999999999585,8.715000000000003,2.608799486875866,0.11899999999999977,52.083333333333336,False,0.3083678705348332,0.1,15.0,0.18679692125518058,93.91666666666667,41.833333333333336,False,,522,0,True,primary,C2,0.5250676760808315,C2,0.8641914633831571,False,0.37534170430939584,≥5 MPa
d68a8f89222471,阳101H33,3,10,whole_stage,4,阳101H33|3-4,阳101H33|3|10,E:\压裂窜扰项目\02 规范化\阳101H33\阳101H33 邻井压力监测\阳101H33-3-10段压裂施工-4井压力监测.xlsx,3-10-4,无表头_文件名井号,769d8c71856fbe3465559cb77965aef84b52b1076f2ce45614b10268f9192c25,E:\压裂窜扰项目\02 规范化\阳101H33\阳101H33 压裂施工曲线\阳101H33-3-10 压裂施工曲线.xls,text,absolute,0,1728482604.0,1728495715.0,218.51666666666668,1.0,0,0,0,1.0,1.0,57.455,pre_pump_10min,600.0,599.0,0.11712540000000092,-0.034134636485101275,primary,合格,0.2697000000000003,57.317,0.07900000000000063,5.295999999999999,5.315000000000005,-0.27599999999999625,5.315000000000005,2.8040248646174986,0.13799999999999812,23.666666666666668,False,0.10830600259324231,0.35137620000000275,15.0,0.228052780108306,182.0,17.416666666666668,True,5.309000000000005,2083,0,True,primary,C2,0.6377653792997492,C2,0.8034980994023146,False,0.27307216753673985,≥5 MPa
d705268dac733a,泸203H76,3,17,whole_stage,4,泸203H76|3-4,泸203H76|3|17,E:\压裂窜扰项目\02 规范化\泸203H76\泸203H76 邻井压力监测\泸203H76平台-3井-17段压裂施工-1、2、4井秒点压力监测.xls,Sheet1,4井井口压力,7c43b8ce7e28066267d14734d319a64d174df8b0a8ca61c95b402c6043b59acc,E:\压裂窜扰项目\02 规范化\泸203H76\泸203H76 压裂施工曲线\泸203H76-3-17 压裂施工曲线（秒点）.xlsx,Sheet1,named_stage_clock_only,-1679875200,37322.0,43841.0,108.65,1.0,0,0,0,1.0,1.0,53.7129,pre_pump_10min,242.0,241.0,0.015567300000000589,0.011659331908287572,primary,合格,0.05250000000000199,53.72865,0.3885000000000005,0.829500000000003,0.8821000000000012,0.021000000000000796,0.7454999999999998,0.5124775809173208,0.21000000000000085,4.0,False,0.03681546249424758,0.1,15.0,0.6786316919772971,0.0,0.0,True,0.7140000000000057,855,0,True,primary,C1,0.5484454093706574,C1,0.8190165697886583,False,0.8547571869810857,<1 MPa
d854f413db272e,泸206H8,4,2,whole_stage,5,泸206H8|4-5,泸206H8|4|2,E:\压裂窜扰项目\02 规范化\泸206H8\泸206H8 邻井压力监测\泸206H8-4-2段压裂施工-1、2、3、5、6、7、8井秒点压力监测.xls,导出数据,5井套压(MPa),894b34bc0681b2c15e1edbc46e23f9a722a1337ae87d03deae95fd1831539ce1,E:\压裂窜扰项目\02 规范化\泸206H8\泸206H8 压裂施工曲线\泸206H8-4-2 压裂施工曲线.xlsx,秒点数据,absolute,0,1752066609.0,1752076477.0,164.46666666666667,1.0,0,0,0,1.0,7.0,60.52,pre_pump_10min,309.0,308.0,0.01482599999999705,-0.002872110664150259,primary,合格,0.020000000000003126,60.51,0.05000000000000426,0.0,0.00999999999999801,-0.3300000000000054,-0.2600000000000051,-0.2009024118362415,0.020000000000003126,,True,1.0,0.1,15.0,0.36148854187791524,0.0,0.0,False,,1125,0,True,primary,C1,0.22844149713975573,C1,0.9396428112712786,False,0.914019370698417,<1 MPa
d8e02a32e7172d,泸201H5,3,4,whole_stage,2,泸201H5|2-3,泸201H5|3|4,E:\压裂窜扰项目\02 规范化\泸201H5\泸201H5 邻井压力监测\泸201H5-3-4段压裂施工-1、2、4井压力监测.xls,导出数据,2井压力(MPa),41ee2c810042ea3e9e8fdefde31e5126ee194c429a156639f3a1a727032d1b0f,E:\压裂窜扰项目\02 规范化\泸201H5\泸201H5 压裂施工曲线\泸201H5-3-4 压裂施工曲线.xlsx,Log Data,absolute,0,1759221810.0,1759233923.0,201.88333333333333,1.0,0,0,0,1.0,1.0,56.73,pre_pump_10min,600.0,599.0,0.01482599999999705,8.448356801407589e-05,primary,合格,0.030000000000001137,56.73,0.060000000000002274,0.020000000000003126,0.030000000000001137,-0.0799999999999983,-0.07000000000000028,-0.03577272352018369,0.03999999999999915,,True,1.0,0.1,15.0,0.3932964583505325,0.0,0.0,True,-0.07000000000000028,191,0,True,primary,C1,0.049669191401727826,C1,0.986259827442868,False,0.9384607499314956,<1 MPa
d8fb5f5d1b86f1,泸208H1,6,2,whole_stage,5,泸208H1|5-6,泸208H1|6|2,E:\压裂窜扰项目\02 规范化\泸208H1\泸208H1 邻井压力监测\泸208H1-6-2段压裂施工-5井压力监测.xlsx,6-2-5,无表头_文件名井号,dc1298306a79fcbe1cc266139835ade71babb88725226351e35e897b4cd1aee2,E:\压裂窜扰项目\02 规范化\泸208H1\泸208H1 压裂施工曲线\泸208H1-6-2 压裂施工曲线（秒点）.xls,导出数据,named_stage_clock_only,0,29463.0,37718.0,137.58333333333334,1.0,0,0,0,1.0,1.0,20.87,pre_pump_10min,249.0,248.0,0.059304000000004,-0.02350563544500908,primary,合格,0.09000000000000341,20.87,7.240000000000002,38.0,38.09,-0.08000000000000185,38.03999999999999,21.8040381586917,10.120000000000001,10.166666666666666,False,0.07389460932768019,0.177912000000012,15.0,0.8696547546941248,120.08333333333333,104.16666666666667,True,38.72,1407,0,True,primary,C2,22.22513047254345,C2,0.14561419503055612,False,0.16921601421279378,≥5 MPa
d9033c14a4bd85,泸201H5,2,12,whole_stage,1,泸201H5|1-2,泸201H5|2|12,E:\压裂窜扰项目\02 规范化\泸201H5\泸201H5 邻井压力监测\泸201H5-2-12段压裂施工-1、3、4井压力监测.xls,导出数据,1井压力(MPa),55483db40d5c609ca7fb41de4e0712db80493af40a50e93f341fcb9d1dc2f54e,E:\压裂窜扰项目\02 规范化\泸201H5\泸201H5 压裂施工曲线\泸201H5-2-12 压裂施工曲线.xlsx,Log Data,absolute,0,1757313718.0,1757322931.0,153.55,1.0,0,0,0,1.0,1.0,59.38,pre_pump_10min,600.0,599.0,0.0296519999999941,-0.003222142283725395,primary,合格,0.06999999999999318,59.33,0.05999999999999517,0.07000000000000028,0.0799999999999983,-0.07000000000000028,0.0799999999999983,-0.007581678063607461,0.07000000000000028,,True,1.0,0.1,15.0,0.39780744600021706,0.0,0.0,True,0.0899999999999963,75,0,True,primary,C1,0.027229088087322193,C1,0.9923296914234585,False,0.9393424030194932,<1 MPa
da210fe99631db,泸201H5,3,22,whole_stage,2,泸201H5|2-3,泸201H5|3|22,E:\压裂窜扰项目\02 规范化\泸201H5\泸201H5 邻井压力监测\泸201H5-3-22段压裂施工-1、2、4井压力监测.xls,导出数据,2井压力(MPa),ce4cd7142a5f735413ffbe1cb9d11329ff6f6a412613c388c18fdb2c19ce4bce,E:\压裂窜扰项目\02 规范化\泸201H5\泸201H5 压裂施工曲线\泸201H5-3-22 压裂施工曲线.xlsx,Log Data,absolute,0,1766476886.0,1766486090.0,153.4,1.0,0,0,0,1.0,1.0,37.76,pre_pump_10min,600.0,599.0,0.014826000000007585,-0.0004926013683353402,primary,合格,0.03999999999999915,37.76,0.4299999999999997,0.05000000000000426,0.060000000000002274,-0.04999999999999716,-0.01999999999999602,-0.0010528031290725367,0.07000000000000028,,True,1.0,0.1,15.0,0.4934810951760104,0.0,0.0,True,0.05000000000000426,176,0,True,primary,C1,0.01608391551880489,C1,0.9954840833486018,False,0.9403325420756897,<1 MPa
dac3293bee55cc,泸201H5,1,18,whole_stage,3,泸201H5|1-3,泸201H5|1|18,E:\压裂窜扰项目\02 规范化\泸201H5\泸201H5 邻井压力监测\泸201H5-1-18段压裂施工-2、3、4井压力监测.xls,导出数据,3井压力(MPa),52dcc0cb49c2a904d248c51921abcc51d72d26d92e2df7e262cfd6276895b5b0,E:\压裂窜扰项目\02 规范化\泸201H5\泸201H5 压裂施工曲线\泸201H5-1-18 压裂施工曲线.xlsx,Log Data,absolute,0,1758006636.0,1758015972.0,155.6,1.0,0,0,0,1.0,1.0,0.07,pre_pump_10min,600.0,599.0,0.0,-0.0002035172319923053,primary,合格,0.020000000000000004,0.065,0.030000000000000006,0.009999999999999995,0.01999999999999999,-0.030000000000000006,0.0,-0.0012757069408740375,0.020000000000000004,,True,1.0,0.1,15.0,0.571229648671808,0.0,0.0,True,0.0,32,0,True,primary,C1,0.01234311303221439,C1,0.9965431924693596,False,0.9404797567524886,<1 MPa
dacabaf6065e3a,泸201H5,2,23,whole_stage,1,泸201H5|1-2,泸201H5|2|23,E:\压裂窜扰项目\02 规范化\泸201H5\泸201H5 邻井压力监测\泸201H5-2-23段压裂施工-1、3、4井压力监测.xls,导出数据,1井压力(MPa),475a41ab0446c616688d3c2422301a646e3eaa2024e6a60e91f16914d696e933,E:\压裂窜扰项目\02 规范化\泸201H5\泸201H5 压裂施工曲线\泸201H5-2-23 压裂施工曲线.xlsx,Log Data,absolute,0,1758445301.0,1758454546.0,154.08333333333334,1.0,0,0,0,1.0,13.0,59.61,pre_pump_10min,600.0,599.0,0.029652000000004633,-0.0029838582884920846,primary,合格,0.09000000000000341,59.59,0.05000000000000426,0.10999999999999943,0.11999999999999744,-0.07000000000000028,0.09000000000000341,0.004326663061114961,0.060000000000002274,144.58333333333334,False,0.9383450513791238,0.1,15.0,0.36604918210378073,0.0,0.0,True,0.13000000000000256,108,0,True,primary,C1,0.03266015457209712,C1,0.9907567773884793,False,0.9388360699332784,<1 MPa
dadc734e914c3d,泸208H1,6,3,whole_stage,5,泸208H1|5-6,泸208H1|6|3,E:\压裂窜扰项目\02 规范化\泸208H1\泸208H1 邻井压力监测\泸208H1-6-3段压裂施工-5井压力监测.xlsx,6-3-5,无表头_文件名井号,ec570018b491908a29c3f2c812e602bd48612d2aebab38f1aa4b9eaf58a1894b,E:\压裂窜扰项目\02 规范化\泸208H1\泸208H1 压裂施工曲线\泸208H1-6-3 压裂施工曲线（秒点）.xls,导出数据,named_stage_clock_only,0,29734.0,39500.0,162.76666666666668,1.0,0,0,0,1.0,1.0,19.98,pre_pump_10min,335.0,334.0,0.05930399999999873,-0.011642365588650196,primary,合格,0.03999999999999915,19.98,0.060000000000002274,34.66,34.8,-0.05000000000000071,34.75,22.402971533893098,0.6799999999999997,5.0,False,0.03071882039729674,0.17791199999999618,15.0,0.8816301454024166,153.0,138.83333333333334,True,36.55,1408,0,True,primary,C2,21.446623553887832,C2,0.14515207144700304,False,0.17121873985608552,≥5 MPa
db7e677e2f26c3,泸203H66,3,17,whole_stage,2,泸203H66|2-3,泸203H66|3|17,E:\压裂窜扰项目\02 规范化\泸203H66\泸203H66 邻井压力监测\泸203H66平台-3井-17段压裂施工-1、2井秒点压力监测.xls,Sheet1,2井,2f329f5bd759c68fed5e455aef73fbd338be3b21dfe7d985e6503c745c32833b,E:\压裂窜扰项目\02 规范化\泸203H66\泸203H66 压裂施工曲线\泸203H66-3-17 压裂施工曲线.xlsx,LogData(s),named_stage_clock_only,-1679443200,30786.0,39341.0,142.58333333333334,1.0,0,0,0,1.0,1.0,47.38,pre_pump_10min,186.0,185.0,0.0,-0.0026619546923118804,primary,合格,0.0,47.38,0.07000000000000028,2.25,2.25,-0.07000000000000028,2.25,0.5636428988895368,0.07000000000000028,55.916666666666664,False,0.3921683226183518,0.1,15.0,0.9041496201052016,38.25,0.0,True,2.6199999999999974,628,0,True,primary,C1,0.8608244454807771,C1,0.6684335598014245,False,0.7828095622466761,1–5 MPa
dc06acfbd01867,泸208H1,4,16,whole_stage,5,泸208H1|4-5,泸208H1|4|16,E:\压裂窜扰项目\02 规范化\泸208H1\泸208H1 邻井压力监测\泸208H1-4-16段压裂施工-5井压力监测.xlsx,4-16-5,无表头_文件名井号,b27f976daeaf64efbb33a427a6c9398c9e1d68a0ec2187850aa64df15e02841d,E:\压裂窜扰项目\02 规范化\泸208H1\泸208H1 压裂施工曲线\泸208H1-4-16 压裂施工曲线（秒点）.xls,导出数据,named_stage_clock_only,0,29370.0,35172.0,96.7,1.0,0,0,0,1.0,1.0,40.97,pre_pump_10min,300.0,299.0,0.0,0.010615451282793908,primary,合格,0.05000000000000426,41.02,0.10000000000000142,15.969999999999999,16.050000000000004,0.05000000000000426,16.009999999999998,9.103710789382973,0.5400000000000063,1.0833333333333333,False,0.011203033436745948,0.1,15.0,0.9120992761116856,85.83333333333333,70.33333333333333,True,16.86,1347,0,True,primary,C2,6.683285624363822,C2,0.3566319809119351,False,0.35885101907494366,≥5 MPa
dc5531850e264d,泸203H66,1,16,whole_stage,2,泸203H66|1-2,泸203H66|1|16,E:\压裂窜扰项目\02 规范化\泸203H66\泸203H66 邻井压力监测\泸203H66平台-1井-16段压裂施工-2、3井秒点压力监测.xls,Sheet1,2井,c9b6884b94edd71b22c6fa5c22e09e14a358be7ce4c51202d6d2451ea981f9cd,E:\压裂窜扰项目\02 规范化\泸203H66\泸203H66 压裂施工曲线\泸203H66-1-16 压裂施工曲线.xlsx,LogData(s),named_stage_clock_only,-1680480000,27933.0,35264.0,122.18333333333334,1.0,0,0,0,1.0,1.0,50.13,pre_pump_10min,333.0,332.0,0.0,-1.919987486398963e-15,primary,合格,0.0,50.13,0.13000000000000256,6.5,6.5,0.0,6.5,3.294088118946936,0.19000000000000483,3.8333333333333335,False,0.03137361887873414,0.1,15.0,0.8987859773564316,103.58333333333333,35.166666666666664,True,6.68,539,0,True,primary,C2,0.3248955818945132,C2,0.9161631127486229,False,0.42815641301474283,≥5 MPa
dc8f3dae0d0627,泸203H76,3,11,whole_stage,1,泸203H76|1-3,泸203H76|3|11,E:\压裂窜扰项目\02 规范化\泸203H76\泸203H76 邻井压力监测\泸203H76平台-3井-11段压裂施工-1、2、4井秒点压力监测.xlsx,Sheet1,1井,36790e3359bfeb4246458db1a0270899a36b5516a1be44ddab7c4785d51c5a05,E:\压裂窜扰项目\02 规范化\泸203H76\泸203H76 压裂施工曲线\泸203H76-3-11 压裂施工曲线（秒点）.xlsx,Sheet1,named_stage_clock_only,-1679097600,46415.0,53794.0,122.98333333333333,1.0,0,0,0,1.0,1.0,60.8431,pre_pump_10min,515.0,514.0,0.031134600000001178,-0.004062707499998592,primary,合格,0.06300000000000239,60.8116,1.1130999999999958,0.3990000000000009,0.4515000000000029,-0.031500000000001194,0.22050000000000125,0.21352324163165762,0.26250000000000284,0.9166666666666666,False,0.007453584496544247,0.1,15.0,0.672313321588291,0.0,0.0,True,0.11549999999999727,823,0,True,primary,C1,0.21431209111401575,C1,0.9363046570361975,False,0.915510042533109,<1 MPa
dd906389e5295e,泸201H5,2,22,whole_stage,3,泸201H5|2-3,泸201H5|2|22,E:\压裂窜扰项目\02 规范化\泸201H5\泸201H5 邻井压力监测\泸201H5-2-22段压裂施工-1、3、4井压力监测.xls,导出数据,3井压力(MPa),1a181056e0fb7eeeaa6d8bd51be16c25826c6c56046c51f6b9809840dde71bbb,E:\压裂窜扰项目\02 规范化\泸201H5\泸201H5 压裂施工曲线\泸201H5-2-22 压裂施工曲线.xlsx,Log Data,absolute,0,1758351944.0,1758360859.0,148.58333333333334,1.0,0,0,0,1.0,1.0,0.04,pre_pump_10min,600.0,599.0,0.014826000000000002,-6.186683851899212e-05,primary,合格,0.020000000000000004,0.04,0.030000000000000006,0.030000000000000006,0.030000000000000006,-0.010000000000000002,0.010000000000000002,0.00724733595064498,0.020000000000000004,,True,1.0,0.1,15.0,0.5213684800897364,0.0,0.0,True,0.019999999999999997,107,0,True,primary,C1,0.013236429759649265,C1,0.9962822318538167,False,0.9401985216816299,<1 MPa
ddb0c40afe0211,泸201H5,1,13,whole_stage,4,泸201H5|1-4,泸201H5|1|13,E:\压裂窜扰项目\02 规范化\泸201H5\泸201H5 邻井压力监测\泸201H5-1-13段压裂施工-2、3、4井压力监测.xls,导出数据,4井压力(MPa),107149d7e85d80897e6c98748db4c0283aa7156c7af242fd50a9fb14f71d0834,E:\压裂窜扰项目\02 规范化\泸201H5\泸201H5 压裂施工曲线\泸201H5-1-13 压裂施工曲线.xlsx,Log Data,absolute,0,1757343955.0,1757353066.0,151.85,1.0,0,0,0,1.0,1.0,25.0,pre_pump_10min,600.0,599.0,0.014826000000002316,-0.0009067525187566373,primary,合格,0.019999999999999574,25.0,0.05000000000000071,0.0,0.019999999999999574,-0.05999999999999872,-0.03999999999999915,-0.015744704203710148,0.019999999999999574,,True,1.0,0.1,15.0,0.38162660520250247,0.0,0.0,True,-0.05999999999999872,18,0,True,primary,C1,0.02569871581032169,C1,0.9928451638934198,False,0.9399386229732436,<1 MPa
df82f47d77ed81,泸201H5,3,6,whole_stage,4,泸201H5|3-4,泸201H5|3|6,E:\压裂窜扰项目\02 规范化\泸201H5\泸201H5 邻井压力监测\泸201H5-3-6段压裂施工-1、2、4井压力监测.xls,导出数据,4井压力(MPa),c83c2a9173107b47d1d7e137b36b1ba6d38acc57860d8716dbcd88bce1ce1327,E:\压裂窜扰项目\02 规范化\泸201H5\泸201H5 压裂施工曲线\泸201H5-3-6 压裂施工曲线.xlsx,Log Data,absolute,0,1759394738.0,1759404546.0,163.46666666666667,1.0,0,0,0,1.0,1.0,41.34,pre_pump_10min,600.0,599.0,0.014826000000007585,-0.0023699399164970134,primary,合格,0.030000000000001137,41.33,0.07000000000000028,-0.010000000000005116,-0.010000000000005116,-0.30000000000000426,-0.0800000000000054,-0.18514834828711596,0.030000000000001137,,True,1.0,0.1,15.0,0.2544861337683524,0.0,0.0,True,-0.020000000000003126,196,0,True,primary,C1,0.20175267261965035,C1,0.9458727590700144,False,0.9188727648489001,<1 MPa
dfe148b1b9c4e9,泸201H5,3,8,whole_stage,4,泸201H5|3-4,泸201H5|3|8,E:\压裂窜扰项目\02 规范化\泸201H5\泸201H5 邻井压力监测\泸201H5-3-8段压裂施工-1、2、4井压力监测.xls,导出数据,4井压力(MPa),141f56b7e3acb82b03bb53b961664926d73359be51edf6b13ba218f0537c5831,E:\压裂窜扰项目\02 规范化\泸201H5\泸201H5 压裂施工曲线\泸201H5-3-8 压裂施工曲线.xlsx,Log Data,absolute,0,1759563882.0,1759578575.0,244.88333333333333,1.0,0,0,0,1.0,1.0,46.98,pre_pump_10min,600.0,599.0,0.014826000000007585,-0.0030533918149788903,primary,合格,0.05999999999999517,46.97,0.0899999999999963,0.8100000000000023,0.8300000000000054,-0.4299999999999997,0.8300000000000054,-0.10631048798747378,0.03999999999999915,192.0,False,0.7840468250187164,0.1,15.0,0.30402232355543457,0.0,0.0,True,0.990000000000002,202,0,True,primary,C1,0.32568201572464495,C1,0.9050749975874867,False,0.898366823263886,<1 MPa
e0c9ff040737a3,泸203H64,3,7,whole_stage,4,泸203H64|3-4,泸203H64|3|7,E:\压裂窜扰项目\02 规范化\泸203H64\泸203H64 邻井压力监测\泸203H64-3-7段压裂施工-1、2、4、5井秒点压力监测.xls,导出数据,4#套压(MPa),078c2a129461bd54685244bc41b4aa072351f8fade1b729599cf3dae5ac87c94,E:\压裂窜扰项目\02 规范化\泸203H64\泸203H64 压裂施工曲线\泸203H64-3-7 压裂施工曲线.csv,text,named_stage_clock_only,-1671926400,52481.0,60454.0,132.88333333333333,1.0,0,0,0,1.0,1.0,55.355,pre_pump_10min,281.0,280.0,0.019273799999997218,-0.005209996863138122,primary,合格,0.045999999999999375,55.348,0.0589999999999975,0.03900000000000148,0.0519999999999996,-0.4069999999999965,-0.3609999999999971,-0.1927514737238147,0.059000000000004604,,True,1.0,0.1,15.0,0.268280446506961,0.0,0.0,False,,406,0,True,primary,C1,0.2262484467592081,C1,0.9403116846011254,False,0.9139443810315075,<1 MPa
e0f67a8e9d30b8,泸201H5,3,12,whole_stage,2,泸201H5|2-3,泸201H5|3|12,E:\压裂窜扰项目\02 规范化\泸201H5\泸201H5 邻井压力监测\泸201H5-3-12段压裂施工-1、2、4井压力监测.xls,导出数据,2井压力(MPa),55744f8807f94d1ebaff9278c03e7afb82a46d98dda0899ca099a895c3329638,E:\压裂窜扰项目\02 规范化\泸201H5\泸201H5 压裂施工曲线\泸201H5-3-12 压裂施工曲线.xlsx,Log Data,absolute,0,1761986515.0,1762016833.0,505.3,1.0,0,0,0,1.0,1.0,44.33,pre_pump_10min,600.0,599.0,0.01482599999999705,-0.000819068941853382,primary,合格,0.03999999999999915,44.32,0.06999999999999318,0.0,0.020000000000003126,-0.28000000000000114,-0.269999999999996,-0.10885497064450028,0.030000000000001137,,True,1.0,0.1,15.0,0.2990962464542516,0.0,0.0,True,-0.25,146,0,True,primary,C1,0.13430735934645005,C1,0.963705254693943,False,0.9279579205041592,<1 MPa
e17f5f176ed090,泸203H8,2,6,whole_stage,1,泸203H8|1-2,泸203H8|2|6,E:\压裂窜扰项目\02 规范化\泸203H8\泸203H8 邻井压力监测\泸203H8-2-6段压裂施工-1井套压压力监测-2.xls,导出数据,1井套压(MPa),1c439cc14cfa1ae5129026664c1a7e7293be8c007889a6c3957ece420bd6a630,E:\压裂窜扰项目\02 规范化\泸203H8\泸203H8 压裂施工曲线\泸203H8-2-6 压裂施工曲线.xls,分点数据,absolute,0,1682621430.0,1682626921.0,91.51666666666667,1.0,0,0,0,1.0,1.0,46.48,pre_pump_10min,330.0,329.0,0.014826000000007585,-0.004005446247523707,primary,合格,0.04999999999999716,46.47,0.05000000000000426,14.190000000000005,14.230000000000004,-0.05999999999999517,14.230000000000004,5.124138590420692,0.7700000000000031,26.75,False,0.2922964851575305,0.1,15.0,0.3904571116372246,48.583333333333336,36.166666666666664,False,,952,0,True,primary,C2,4.133567917955953,C2,0.4657947470854847,False,0.37914105058825737,≥5 MPa
e2ba17ebf3b7aa,泸201H5,1,19,whole_stage,2,泸201H5|1-2,泸201H5|1|19,E:\压裂窜扰项目\02 规范化\泸201H5\泸201H5 邻井压力监测\泸201H5-1-19段压裂施工-2、3、4井压力监测.xls,导出数据,2井压力(MPa),f2cf79bc8662f4da03b496c060a58a5585ba0a6e31f3687576887d87128f7b0b,E:\压裂窜扰项目\02 规范化\泸201H5\泸201H5 压裂施工曲线\泸201H5-1-19 压裂施工曲线.xlsx,Log Data,absolute,0,1758036030.0,1758045381.0,155.85,1.0,0,0,0,1.0,7.0,61.23,pre_pump_10min,600.0,599.0,0.01482599999999705,0.0008683690788058845,primary,合格,0.030000000000001137,61.24,0.07000000000000028,0.010000000000005116,0.010000000000005116,-0.07000000000000028,-0.00999999999999801,-0.024958293230666947,0.03999999999999915,,True,1.0,0.1,15.0,0.32837259100642396,0.0,0.0,True,-60.339999999999996,34,0,True,primary,C1,0.025546724162958282,C1,0.9928731340687489,False,0.9400456389675566,<1 MPa
e2ff34b8c8e8f1,泸208H1,5,18,whole_stage,4,泸208H1|4-5,泸208H1|5|18,E:\压裂窜扰项目\02 规范化\泸208H1\泸208H1 邻井压力监测\泸208H1-5-18段压裂施工-4井压力监测.xlsx,5-18-4,无表头_文件名井号,0b0495920c7f78dfd0ef4b798a7cf1199875f725688a10a978b7e3ad8c685118,E:\压裂窜扰项目\02 规范化\泸208H1\泸208H1 压裂施工曲线\泸208H1-5-18 压裂施工曲线（秒点）.xls,导出数据,named_stage_clock_only,0,29387.0,35070.0,94.71666666666667,1.0,0,0,0,1.0,1.0,38.89,pre_pump_10min,313.0,312.0,0.04447800000000168,0.013243367202380474,primary,合格,0.10000000000000142,38.96,1.3200000000000003,15.310000000000002,15.310000000000002,0.10999999999999943,15.310000000000002,9.276690128453284,1.5499999999999972,0.16666666666666666,False,0.0017596339961288051,0.13343400000000505,15.0,0.8998768256202709,87.75,76.5,True,15.61,1390,0,True,primary,C2,6.55743334121968,C2,0.35880601434166365,False,0.3608419935315012,≥5 MPa
e3080593b39a84,泸208H1,5,25,whole_stage,4,泸208H1|4-5,泸208H1|5|25,E:\压裂窜扰项目\02 规范化\泸208H1\泸208H1 邻井压力监测\泸208H1-5-25段压裂施工-4井压力监测.xlsx,5-25-4,无表头_文件名井号,24b49862879806c946b1c85efd20372d8954bc5901cadbf3c847f36f2c53690e,E:\压裂窜扰项目\02 规范化\泸208H1\泸208H1 压裂施工曲线\泸208H1-5-25 压裂施工曲线（秒点）.xls,导出数据,named_stage_clock_only,0,29837.0,37218.0,123.01666666666667,1.0,0,0,0,1.0,1.0,50.49,pre_pump_10min,225.0,224.0,0.0,-0.007674462705442359,primary,合格,0.030000000000001137,50.46,0.04000000000000625,4.649999999999999,4.689999999999998,-0.07000000000000028,4.649999999999999,1.4498875491125847,0.10999999999999943,34.833333333333336,False,0.28315946348733234,0.1,15.0,0.9422842433274624,58.416666666666664,0.0,True,5.159999999999997,1395,0,True,primary,C2,1.26344663551859,C2,0.40266936954643723,False,-0.26177495962218794,1–5 MPa
e35dc177d60c7e,泸201H5,3,14,whole_stage,2,泸201H5|2-3,泸201H5|3|14,E:\压裂窜扰项目\02 规范化\泸201H5\泸201H5 邻井压力监测\泸201H5-3-14段压裂施工-1、2、4井压力监测.xls,导出数据,2井压力(MPa),0bb98bef9d9f27265033506a3337891ab794522c6285c6cfadf03bffdba9dc42,E:\压裂窜扰项目\02 规范化\泸201H5\泸201H5 压裂施工曲线\泸201H5-3-14 压裂施工曲线.xlsx,Log Data,absolute,0,1762587711.0,1762598141.0,173.83333333333334,1.0,0,0,0,1.0,1.0,40.85,pre_pump_10min,600.0,599.0,0.01482599999999705,-0.00041703449176145485,primary,合格,0.02999999999999403,40.85,0.0899999999999963,0.00999999999999801,0.01999999999999602,-0.14000000000000057,-0.13000000000000256,-0.07426126558005909,0.030000000000001137,,True,1.0,0.1,15.0,0.2152444870565676,0.0,0.0,True,-0.10999999999999943,152,0,True,primary,C1,0.08928323039417596,C1,0.9755538290211139,False,0.9346780028106892,<1 MPa
e38ef7f5b5f019,泸201H5,2,15,whole_stage,1,泸201H5|1-2,泸201H5|2|15,E:\压裂窜扰项目\02 规范化\泸201H5\泸201H5 邻井压力监测\泸201H5-2-15段压裂施工-1、3、4井压力监测.xls,导出数据,1井压力(MPa),d45bea693936ecd681c45b2a3f38eab0f3f615b5d0c67f675383196ef65b200e,E:\压裂窜扰项目\02 规范化\泸201H5\泸201H5 压裂施工曲线\泸201H5-2-15 压裂施工曲线.xlsx,Log Data,absolute,0,1757575396.0,1757584743.0,155.78333333333333,1.0,0,0,0,1.0,1.0,0.03,pre_pump_10min,600.0,599.0,0.0,0.00033790093861371976,primary,合格,0.010000000000000002,0.03,0.030000000000000006,0.08,0.08,-0.019999999999999997,0.03,0.023886808601690387,0.04,,True,1.0,0.1,15.0,0.6231946078955815,0.0,0.0,True,0.05,84,0,True,primary,C1,0.025243718968912105,C1,0.9928737513369803,False,0.9391212944100155,<1 MPa
e3aaf75d2ef3fe,泸203H76,1,19,whole_stage,3,泸203H76|1-3,泸203H76|1|19,E:\压裂窜扰项目\02 规范化\泸203H76\泸203H76 邻井压力监测\泸203H76平台-1井-19段压裂施工-2、3、4井秒点压力监测.xls,Sheet1,3井井口压力,6738865bee4180e96fb79ca834d9763d84dd4d4f734350ce847bdeeffd00cfa0,E:\压裂窜扰项目\02 规范化\泸203H76\泸203H76 压裂施工曲线\泸203H76-1-19 压裂施工曲线（秒点）.xlsx,Sheet1,named_stage_clock_only,-1679702400,37807.0,43820.0,100.21666666666667,1.0,0,0,0,1.0,1.0,59.4464,pre_pump_10min,307.0,306.0,0.04670190000000177,-0.024953765337934183,primary,合格,0.10499999999999687,59.3834,0.04200000000000159,-0.08399999999999608,-0.06299999999999528,-2.3311999999999955,-2.3311999999999955,-1.2834984699817034,0.010500000000000398,,True,1.0,0.1401057000000053,15.0,0.8923998004323965,0.0,0.0,True,-2.4467,687,0,True,primary,C1,1.4533994834144237,C1,0.7092060725338267,False,0.7353159102684199,<1 MPa
e3b9e06279548a,泸201H5,2,2,whole_stage,4,泸201H5|2-4,泸201H5|2|2,E:\压裂窜扰项目\02 规范化\泸201H5\泸201H5 邻井压力监测\泸201H5-2-2段压裂施工-1、3、4井压力监测.xls,导出数据,4井压力(MPa),82cddbdb4bb79ef3cf3684ebf631655dcc5170c9122e66df92420cf9125994ec,E:\压裂窜扰项目\02 规范化\泸201H5\泸201H5 压裂施工曲线\泸201H5-2-2 压裂施工曲线.xlsx,Log Data,absolute,0,1755695738.0,1755705084.0,155.76666666666668,1.0,0,0,0,1.0,1.0,39.35,pre_pump_10min,600.0,599.0,0.01482599999999705,0.0009832027311197612,primary,合格,0.03999999999999915,39.35,0.060000000000002274,0.12999999999999545,0.14000000000000057,-0.020000000000003126,0.11999999999999744,0.07934891932377328,0.020000000000003126,92.66666666666667,False,0.5949069120479349,0.1,15.0,0.27423496683072973,0.0,0.0,True,0.14000000000000057,115,0,True,primary,C1,0.08097811475632279,C1,0.9767711738348188,False,0.9335534375413638,<1 MPa
e45a31e0ae3285,泸208H2,9,5,whole_stage,8,泸208H2|8-9,泸208H2|9|5,E:\压裂窜扰项目\02 规范化\泸208H2\泸208H2 邻井压力监测\泸208H2-9-5段压裂施工-8井压力监测.xlsx,9-5-8,无表头_文件名井号,2d8f7e7104c979d36592a93fb46ed571b22b1343d8517451851acc3cbf7365a1,E:\压裂窜扰项目\02 规范化\泸208H2\泸208H2 压裂施工曲线\泸208H2-9-5 压裂施工曲线（秒点）.xlsx,秒点数据,named_stage_clock_only,1719273600,1719308112.0,1719321383.0,221.18333333333334,1.0,0,0,0,1.0,1.0,54.2114,pre_pump_10min,229.0,228.0,0.015567300000000589,0.0013088985040975907,primary,合格,0.023200000000002774,54.2114,0.11560000000000059,0.5046999999999997,0.5152000000000001,-0.021000000000000796,0.5046999999999997,0.12434666189435906,0.073599999999999,85.0,False,0.38429658654208426,0.1,15.0,0.7701002185215884,0.0,0.0,True,0.5992999999999995,1761,0,True,primary,C1,0.15989124766314664,C1,0.9526885408479138,False,0.9245756406063403,<1 MPa
e465797e727397,泸206H8,4,2,whole_stage,1,泸206H8|1-4,泸206H8|4|2,E:\压裂窜扰项目\02 规范化\泸206H8\泸206H8 邻井压力监测\泸206H8-4-2段压裂施工-1、2、3、5、6、7、8井秒点压力监测.xls,导出数据,1井套压(MPa),894b34bc0681b2c15e1edbc46e23f9a722a1337ae87d03deae95fd1831539ce1,E:\压裂窜扰项目\02 规范化\泸206H8\泸206H8 压裂施工曲线\泸206H8-4-2 压裂施工曲线.xlsx,秒点数据,absolute,0,1752066609.0,1752076477.0,164.46666666666667,1.0,0,0,0,1.0,1.0,51.54,pre_pump_10min,309.0,308.0,0.01482599999999705,5.368887298615559e-05,primary,合格,0.030000000000001137,51.54,0.07000000000000028,0.020000000000003126,0.030000000000001137,-0.04999999999999716,-0.04999999999999716,-0.012960072963112301,0.030000000000001137,,True,1.0,0.1,15.0,0.3110052695581678,0.0,0.0,False,,1124,0,True,primary,C1,0.022047235598804473,C1,0.993849896126349,False,0.9402738805998551,<1 MPa
e4cb2a7db8ddde,泸201H5,2,10,whole_stage,4,泸201H5|2-4,泸201H5|2|10,E:\压裂窜扰项目\02 规范化\泸201H5\泸201H5 邻井压力监测\泸201H5-2-10段压裂施工-1、3、4井压力监测.xls,导出数据,4井压力(MPa),d95861c0e6ec0c21af85ff06f8ebad3fd730d852877738f652c6267b34a7e9f6,E:\压裂窜扰项目\02 规范化\泸201H5\泸201H5 压裂施工曲线\泸201H5-2-10 压裂施工曲线.xlsx,Log Data,absolute,0,1757092446.0,1757102174.0,162.13333333333333,1.0,0,0,0,1.0,1.0,27.24,pre_pump_10min,600.0,599.0,0.01482599999999705,-0.0025782404951092833,primary,合格,0.0400000000000027,27.23,0.07000000000000028,-0.00999999999999801,0.0,-0.23999999999999844,-0.22999999999999687,-0.12857370476973548,0.020000000000003126,,True,1.0,0.1,15.0,0.33316200657894735,0.0,0.0,True,-0.23999999999999844,70,0,True,primary,C1,0.14503237453698856,C1,0.9608951057796986,False,0.9267719349799499,<1 MPa
e5935bef111212,泸201H5,4,25,whole_stage,2,泸201H5|2-4,泸201H5|4|25,E:\压裂窜扰项目\02 规范化\泸201H5\泸201H5 邻井压力监测\泸201H5-4-25段压裂施工-1、2、3井压力监测.xls,导出数据,2井压力(MPa),4c6f83fd5706fffef7e81c2469979886e6f24e19de3fc0429c9d500666ef1ee3,E:\压裂窜扰项目\02 规范化\泸201H5\泸201H5 压裂施工曲线\泸201H5-4-25 压裂施工曲线.xlsx,Log Data,absolute,0,1766058529.0,1766069500.0,182.85,1.0,0,0,0,1.0,1.0,27.51,pre_pump_10min,600.0,599.0,0.014826000000002316,-0.0012936535934822788,primary,合格,0.0400000000000027,27.5,0.05000000000000071,-0.010000000000001563,0.0,-0.060000000000002274,-0.020000000000003126,-0.029400692735395445,0.030000000000001137,,True,1.0,0.1,15.0,0.34399781241454747,0.0,0.0,True,-0.020000000000003126,250,0,True,primary,C1,0.028356954027986284,C1,0.992106995580488,False,0.9397683392570739,<1 MPa
e7411ea33c2c7e,泸206H8,5,3,whole_stage,7,泸206H8|5-7,泸206H8|5|3,E:\压裂窜扰项目\02 规范化\泸206H8\泸206H8 邻井压力监测\泸206H8-5-3段压裂施工-1、2、3、4、6、7、8井秒点压力监测.xls,导出数据,7井套压(MPa),2b21898bbc5d6ea70a9afd7c73ac52716f64bcc3feacc1ea753c5559b7deb42a,E:\压裂窜扰项目\02 规范化\泸206H8\泸206H8 压裂施工曲线\泸206H8-5-3 压裂施工曲线.xlsx,秒点数据,absolute,0,1751871510.0,1751880274.0,146.06666666666666,1.0,0,0,0,1.0,1.0,35.6,pre_pump_10min,210.0,209.0,0.01482599999999705,-0.003288315575670691,primary,合格,0.01999999999999602,35.59,0.04000000000000625,0.05999999999999517,0.07000000000000028,-0.14000000000000057,0.07000000000000028,-0.05634470561387636,0.030000000000001137,,True,1.0,0.1,15.0,0.3998174349612049,0.0,0.0,False,,1245,0,True,primary,C1,0.07493239808270365,C1,0.9791662844823263,False,0.9362308899700111,<1 MPa
e91ac0b73ea9e8,泸201H5,2,4,whole_stage,1,泸201H5|1-2,泸201H5|2|4,E:\压裂窜扰项目\02 规范化\泸201H5\泸201H5 邻井压力监测\泸201H5-2-4段压裂施工-1、3、4井压力监测.xls,导出数据,1井压力(MPa),41c4be7e15de77e57aa6440b8e4a5220b26efa481c0a1de4d5382a47ee447de2,E:\压裂窜扰项目\02 规范化\泸201H5\泸201H5 压裂施工曲线\泸201H5-2-4 压裂施工曲线.xlsx,Log Data,absolute,0,1756129135.0,1756136731.0,126.6,1.0,0,0,0,1.0,1.0,54.93,pre_pump_10min,600.0,599.0,0.01482599999999705,-0.0015488209689450963,primary,合格,0.030000000000001137,54.92,0.04000000000000625,0.259999999999998,0.259999999999998,-0.04999999999999716,0.22999999999999687,0.07541271721958982,0.04000000000000625,77.41666666666667,False,0.6115060558188521,0.1,15.0,0.42693522906793047,0.0,0.0,True,0.28999999999999915,120,0,True,primary,C1,0.10307384686822732,C1,0.9700929630367446,False,0.9319424699776635,<1 MPa
e95f63e0813d23,泸201H5,1,5,whole_stage,2,泸201H5|1-2,泸201H5|1|5,E:\压裂窜扰项目\02 规范化\泸201H5\泸201H5 邻井压力监测\泸201H5-1-5段压裂施工-2、3、4井压力监测.xls,导出数据,2井压力(MPa),1139193e1ecc414bfb04569fef522ec5a6f4c8c6104c1cc8d47ae7d2b2536c04,E:\压裂窜扰项目\02 规范化\泸201H5\泸201H5 压裂施工曲线\泸201H5-1-5 压裂施工曲线.xlsx,Log Data,absolute,0,1756220975.0,1756232951.0,199.6,1.0,0,0,0,1.0,1.0,58.68,pre_pump_10min,600.0,599.0,0.04447800000000168,-0.0030766918796961717,primary,合格,0.09000000000000341,58.665,0.10999999999999943,0.6799999999999997,0.6899999999999977,-0.0899999999999963,0.6600000000000037,0.21540288911155658,0.0799999999999983,95.5,False,0.4784569138276553,0.13343400000000505,15.0,0.28390113560454244,0.0,0.0,True,0.7199999999999989,55,0,True,primary,C1,0.31414101877694095,C1,0.9022959594079019,False,0.9021378454451623,<1 MPa
ea13f0ea493c11,泸203H9,3,3,whole_stage,2,泸203H9|2-3,泸203H9|3|3,E:\压裂窜扰项目\02 规范化\泸203H9\泸203H9 邻井压力监测\泸203H9-3井第3段压裂期间邻井压力监测数据(1).xls,导出数据,2#套压(MPa),a67cd44782522fce4cde48d45b3ad5bbcc8caead6e1297c18f11eba6a7d3ed43,E:\压裂窜扰项目\02 规范化\泸203H9\泸203H9 压裂施工曲线\泸203H9-3-3 压裂施工曲线-2.xlsx,LogData(s),named_stage_clock_only,-1690502400,31587.0,41528.0,165.68333333333334,1.0,0,0,0,1.0,2.0,32.635311126709,pre_pump_10min,600.0,599.0,0.009727752685578479,0.00018299765874908196,primary,合格,0.013126373291001414,32.6418762207031,2.8284378051758026,6.9693756103514986,7.638751983642599,-0.013122558593799738,2.7496871948242045,0.5939425551043377,3.7078132629393963,118.75,False,0.7167286993260236,0.1,15.0,0.24215291750503018,11.25,1.4166666666666667,False,,978,0,True,primary,C1,1.4322610427453584,C1,0.4563862361589983,False,0.6307804695994728,≥5 MPa
ea4b825edd73e9,泸203H66,2,24,whole_stage,1,泸203H66|1-2,泸203H66|2|24,E:\压裂窜扰项目\02 规范化\泸203H66\泸203H66 邻井压力监测\泸203H66平台-2井-24段压裂施工-1、3井秒点压力监测.xls,Sheet1,1井,a9b4dba4b77c6e913c50a97ea64becc40efd1482dbaf22de25c41205cad0cfb8,E:\压裂窜扰项目\02 规范化\泸203H66\泸203H66 压裂施工曲线\泸203H66-2-24 压裂施工曲线.xlsx,LogData(s),named_stage_clock_only,-1681344000,25512.0,38816.0,221.73333333333332,1.0,0,0,0,1.0,1.0,47.44,pre_pump_10min,600.0,599.0,0.0,-0.00022470062416181586,primary,合格,0.0,47.44,0.07000000000000028,5.6200000000000045,5.6200000000000045,0.0,5.6200000000000045,2.9672286530366834,0.12999999999999545,3.6666666666666665,False,0.016536380036079375,0.1,15.0,0.9030366806975346,192.41666666666666,13.75,True,6.060000000000002,609,0,True,primary,C2,0.8491057716374968,C2,0.7401392801720759,False,0.25372795126383346,≥5 MPa
eb319b86471620,泸203H64,5,14,whole_stage,4,泸203H64|4-5,泸203H64|5|14,E:\压裂窜扰项目\02 规范化\泸203H64\泸203H64 邻井压力监测\泸203H64-5-14段压裂施工-1、2、3、4井秒点压力监测.xls,导出数据,4#套压(MPa),03e90a589c19ab57964e0f20aebcc922ff10aa62898771e5fbeeb59cf71dafca,E:\压裂窜扰项目\02 规范化\泸203H64\泸203H64 压裂施工曲线\泸203H64-5-14 压裂施工曲线.csv,text,named_stage_clock_only,-1670976000,50007.0,61538.0,192.18333333333334,1.0,0,0,0,1.0,1.0,34.499,pre_pump_10min,207.0,206.0,0.008895600000000337,-0.001587654641675379,primary,合格,0.020000000000003126,34.493,0.05299999999999727,0.0,0.006999999999997897,-0.17099999999999937,-0.13800000000000523,-0.06783379585465486,0.026000000000003354,,True,1.0,0.1,15.0,0.32286878848321915,0.0,0.0,True,-0.13800000000000523,491,0,True,primary,C1,0.0822314740961378,C1,0.9774636376315524,False,0.9352113301239832,<1 MPa
ec1712fc7fd908,泸201H5,3,2,whole_stage,1,泸201H5|1-3,泸201H5|3|2,E:\压裂窜扰项目\02 规范化\泸201H5\泸201H5 邻井压力监测\泸201H5-3-2段压裂施工-1、2、4井压力监测.xls,导出数据,1井压力(MPa),883cebda1cfe3cbdfb1ee9044944908bcf7996fc7a23272d8ab86a9948f317d9,E:\压裂窜扰项目\02 规范化\泸201H5\泸201H5 压裂施工曲线\泸201H5-3-2 压裂施工曲线.xlsx,Log Data,absolute,0,1759129981.0,1759139700.0,161.98333333333332,1.0,0,0,0,1.0,1.0,55.26,pre_pump_10min,600.0,599.0,0.014826000000007585,0.0023288231356249777,primary,合格,0.060000000000002274,55.23,0.05000000000000426,0.0,0.010000000000005116,-0.07000000000000028,-0.01999999999999602,-0.038359913571353106,0.07000000000000028,,True,1.0,0.1,15.0,0.46012964296738346,0.0,0.0,True,0.010000000000005116,183,0,True,primary,C1,0.03992862741575861,C1,0.9889109728762515,False,0.9392106289931257,<1 MPa
ec9382dd5e39a3,泸206H8,1,12,whole_stage,4,泸206H8|1-4,泸206H8|1|12,E:\压裂窜扰项目\02 规范化\泸206H8\泸206H8 邻井压力监测\泸206H8_邻井压力数据_6.14号7平台压力监测.xlsx,Sheet1,4#井口套压,e159266b25d8e4693ece528c748a689e08c7d5db8399a3e7eb85016787f20360,E:\压裂窜扰项目\02 规范化\泸206H8\泸206H8 压裂施工曲线\泸206H8-1-12 压裂施工曲线.xlsx,秒点数据,absolute,0,1749888481.0,1749897698.0,153.61666666666667,1.0,0,0,0,1.0,1.0,39.48,pre_pump_10min,481.0,480.0,0.0,0.00017565842254274993,primary,合格,0.00999999999999801,39.48,0.030000000000001137,0.030000000000001137,0.04000000000000625,-0.00999999999999801,0.030000000000001137,0.010444830205058618,0.010000000000005116,,True,1.0,0.1,15.0,0.4677226863404578,0.0,0.0,False,,1307,0,True,primary,C1,0.015291387436251237,C1,0.9956998009271512,False,0.9399253685495637,<1 MPa
eccd58b3912c48,泸201H5,3,20,whole_stage,2,泸201H5|2-3,泸201H5|3|20,E:\压裂窜扰项目\02 规范化\泸201H5\泸201H5 邻井压力监测\泸201H5-3-20段压裂施工-1、2、4井压力监测.xls,导出数据,2井压力(MPa),3df00fc52b54986dac7388626006f832e96e6591d4494da8822237570633ba28,E:\压裂窜扰项目\02 规范化\泸201H5\泸201H5 压裂施工曲线\泸201H5-3-20 压裂施工曲线.xlsx,Log Data,absolute,0,1766327941.0,1766337132.0,153.18333333333334,1.0,0,0,0,1.0,1.0,37.64,pre_pump_10min,600.0,599.0,0.01482599999999705,-9.988361078363707e-05,primary,合格,0.03999999999999915,37.64,0.07000000000000028,0.01999999999999602,0.03999999999999915,-0.020000000000003126,0.00999999999999801,0.001271896420410988,0.030000000000001137,,True,1.0,0.1,15.0,0.3611141333913611,0.0,0.0,True,0.0,170,0,True,primary,C1,0.012230597932929183,C1,0.9965741218738888,False,0.9402901719791292,<1 MPa
ece764f72c7cc8,泸208H1,5,5,whole_stage,4,泸208H1|4-5,泸208H1|5|5,E:\压裂窜扰项目\02 规范化\泸208H1\泸208H1 邻井压力监测\泸208H1-5-5段压裂施工-4井压力监测.xlsx,5-5-4,无表头_文件名井号,56978381465675668ba2fba58908de7b6d04728a0025ececff33962c59dedd60,E:\压裂窜扰项目\02 规范化\泸208H1\泸208H1 压裂施工曲线\泸208H1-5-5 压裂施工曲线（秒点）.xls,导出数据,named_stage_clock_only,0,29374.0,41931.0,209.28333333333333,1.0,0,0,0,1.0,1.0,44.15,pre_pump_10min,231.0,230.0,0.04447800000000168,-0.02201678381587863,primary,合格,0.07000000000000028,44.12,0.04000000000000625,9.480000000000004,9.509999999999998,-0.12999999999999545,9.509999999999998,4.173316078681215,0.11000000000000654,33.166666666666664,False,0.15847734331448593,0.13343400000000505,15.0,0.9341403201401609,152.16666666666666,99.16666666666667,True,10.079999999999998,1400,0,True,primary,C2,1.41421194306589,C2,0.7307401296799617,False,0.4977700528174439,≥5 MPa
ed16e50a011f1b,泸201H5,2,16,whole_stage,3,泸201H5|2-3,泸201H5|2|16,E:\压裂窜扰项目\02 规范化\泸201H5\泸201H5 邻井压力监测\泸201H5-2-16段压裂施工-1、3、4井压力监测.xls,导出数据,3井压力(MPa),bb869db284067cd400ed91e12cd4173da73b7b803754e50b560a7742f9097d1a,E:\压裂窜扰项目\02 规范化\泸201H5\泸201H5 压裂施工曲线\泸201H5-2-16 压裂施工曲线.xlsx,Log Data,absolute,0,1757602630.0,1757614113.0,191.38333333333333,1.0,0,0,0,1.0,1.0,0.18,pre_pump_10min,600.0,599.0,0.014826000000000013,0.00014768374356597232,primary,合格,0.01999999999999999,0.19,0.04000000000000001,0.010000000000000009,0.010000000000000009,-0.04999999999999999,-0.03999999999999998,-0.015006095967952616,0.020000000000000018,,True,1.0,0.1,15.0,0.5448924497082643,0.0,0.0,True,-0.04999999999999999,89,0,True,primary,C1,0.028371464786710102,C1,0.9921018331503468,False,0.9398867025176052,<1 MPa
edd29bc6fd61de,泸208H2,7,14,whole_stage,8,泸208H2|7-8,泸208H2|7|14,E:\压裂窜扰项目\02 规范化\泸208H2\泸208H2 邻井压力监测\泸208H2-7-14段压裂施工-8井压力监测.xlsx,7-14-8,无表头_文件名井号,3dace40c2e485b855c38d1fe7899e391523c78e76b02f1d530844b4eeb88183d,E:\压裂窜扰项目\02 规范化\泸208H2\泸208H2 压裂施工曲线\泸208H2-7-14 压裂施工曲线（秒点）.xlsx,秒点数据,named_stage_clock_only,1726012800,1726041474.0,1726050724.0,154.16666666666666,1.0,0,0,0,1.0,1.0,54.1741,pre_pump_10min,215.0,214.0,0.015567300000000589,0.00024391798883836095,primary,合格,0.05239999999999867,54.17935,0.14679999999999893,1.5519999999999996,1.5623999999999967,-0.04190000000000538,1.5519999999999996,0.4899530918918895,0.09440000000000026,51.583333333333336,False,0.3345945945945946,0.1,15.0,0.7224864864864865,29.583333333333332,0.0,True,1.7301999999999964,1617,0,True,primary,C1,0.6876107496573121,C1,0.7541818065164392,False,0.8274035255290172,1–5 MPa
ee053a89f7eac9,泸208H2,7,8,whole_stage,6,泸208H2|6-7,泸208H2|7|8,E:\压裂窜扰项目\02 规范化\泸208H2\泸208H2 邻井压力监测\泸208H2-7-8段压裂施工-6井压力监测.xlsx,7-8-6,无表头_文件名井号,e1eb6d298dbe96a6f2ca21725a4f8ac385ea6caca82cd49894f50a454356059d,E:\压裂窜扰项目\02 规范化\泸208H2\泸208H2 压裂施工曲线\泸208H2-7-8 压裂施工曲线（秒点）.xlsx,秒点数据,named_stage_clock_only,1723334400,1723381796.0,1723397796.0,266.6666666666667,1.0,0,0,0,1.0,1.0,52.552502,pre_pump_10min,301.0,300.0,0.05560194779999087,-0.0015118308948042067,primary,合格,0.11249899999999968,52.54875,0.15000100000000316,6.577499000000003,6.5999980000000065,-0.060001999999997224,6.2249980000000065,2.452552630875003,0.2999989999999997,14.083333333333334,False,0.0528125,0.16680584339997262,15.0,0.183625,106.91666666666667,83.66666666666667,True,6.0,1634,0,True,primary,C2,0.9900349855213693,C2,0.7282805588123742,False,0.24598267618814681,≥5 MPa
ee07a520d5bc58,泸201H5,3,4,whole_stage,1,泸201H5|1-3,泸201H5|3|4,E:\压裂窜扰项目\02 规范化\泸201H5\泸201H5 邻井压力监测\泸201H5-3-4段压裂施工-1、2、4井压力监测.xls,导出数据,1井压力(MPa),41ee2c810042ea3e9e8fdefde31e5126ee194c429a156639f3a1a727032d1b0f,E:\压裂窜扰项目\02 规范化\泸201H5\泸201H5 压裂施工曲线\泸201H5-3-4 压裂施工曲线.xlsx,Log Data,absolute,0,1759221810.0,1759233923.0,201.88333333333333,1.0,0,0,0,1.0,1.0,55.09,pre_pump_10min,600.0,599.0,0.01482599999999705,0.001477054102930451,primary,合格,0.030000000000001137,55.09,0.05999999999999517,0.01999999999999602,0.01999999999999602,-0.14000000000000057,-0.12000000000000455,-0.0640530834640495,0.05000000000000426,,True,1.0,0.1,15.0,0.4123668785602245,0.0,0.0,True,-0.12000000000000455,189,0,True,primary,C1,0.08703139191156305,C1,0.9761578156093536,False,0.9346959378682528,<1 MPa
ef1133e2878eec,泸206H8,5,6,whole_stage,6,泸206H8|5-6,泸206H8|5|6,E:\压裂窜扰项目\02 规范化\泸206H8\泸206H8 邻井压力监测\泸206H8-5-6段压裂施工-1、2、3、4、6、7、8井秒点压力监测.xls,导出数据,6井套压(MPa),44457d2b29877dd1f51003d617f3379d9cfa861cf72c0b80f08360fb809d107f,E:\压裂窜扰项目\02 规范化\泸206H8\泸206H8 压裂施工曲线\泸206H8-5-6 压裂施工曲线.xlsx,秒点数据,absolute,0,1752223395.0,1752231837.0,140.7,1.0,0,0,0,1.0,13.0,38.9,pre_pump_10min,195.0,194.0,0.0296519999999941,0.0008749130104074107,primary,合格,0.04999999999999716,38.9,0.10000000000000142,0.05000000000000426,0.060000000000002274,-0.04999999999999716,0.020000000000003126,0.008151504382849003,0.04999999999999716,,True,1.0,0.1,15.0,0.18566001899335233,0.0,0.0,False,,1288,0,True,primary,C1,0.02336503105884891,C1,0.9934448872195599,False,0.9399908848443178,<1 MPa
ef34bd413f4296,泸201H5,1,16,whole_stage,3,泸201H5|1-3,泸201H5|1|16,E:\压裂窜扰项目\02 规范化\泸201H5\泸201H5 邻井压力监测\泸201H5-1-16段压裂施工-2、3、4井压力监测.xls,导出数据,3井压力(MPa),7f6000239227036f9e1cf3bf4c51757b924a59f29fe8b415f0daea5550c6c57e,E:\压裂窜扰项目\02 规范化\泸201H5\泸201H5 压裂施工曲线\泸201H5-1-16 压裂施工曲线.xlsx,Log Data,absolute,0,1757833378.0,1757843016.0,160.63333333333333,1.0,0,0,0,1.0,1.0,0.04,pre_pump_10min,600.0,599.0,0.014826000000000002,0.001949472081866897,primary,合格,0.020000000000000004,0.05,0.030000000000000006,0.030000000000000006,0.030000000000000006,-0.010000000000000002,0.030000000000000006,0.014830877775472089,0.020000000000000004,,True,1.0,0.1,15.0,0.5775057065781283,0.0,0.0,True,0.030000000000000006,26,0,True,primary,C1,0.01755560884744482,C1,0.9950627162414507,False,0.9397549605728894,<1 MPa
ef3b9fed11dbae,泸201H5,1,12,whole_stage,4,泸201H5|1-4,泸201H5|1|12,E:\压裂窜扰项目\02 规范化\泸201H5\泸201H5 邻井压力监测\泸201H5-1-12段压裂施工-2、3、4井压力监测.xls,导出数据,4井压力(MPa),d76724eec8ccb0defc632cf863bb1d7199ae087a55729492f9eadc4f9f6b4857,E:\压裂窜扰项目\02 规范化\泸201H5\泸201H5 压裂施工曲线\泸201H5-1-12 压裂施工曲线.xlsx,Log Data,absolute,0,1757228210.0,1757268367.0,669.2833333333333,1.0,0,0,0,1.0,1.0,25.81,pre_pump_10min,600.0,599.0,0.01482599999999705,-0.000873752427089517,primary,合格,0.019999999999999574,25.81,0.05000000000000071,0.0,0.010000000000001563,-0.28999999999999915,-0.2799999999999976,-0.06702355753666728,0.019999999999999574,,True,1.0,0.1,15.0,0.42557960006972634,0.0,0.0,True,-0.2799999999999976,15,0,True,primary,C1,0.10100795394116711,C1,0.9724022368160485,False,0.9316194713493626,<1 MPa
ef41f0e0507ea4,泸201H5,1,10,whole_stage,3,泸201H5|1-3,泸201H5|1|10,E:\压裂窜扰项目\02 规范化\泸201H5\泸201H5 邻井压力监测\泸201H5-1-10段压裂施工-2、3、4井压力监测.xls,导出数据,3井压力(MPa),e488ef6c93b3d7a20be035725ef3a802d2985dd332c7b605aa2cdf084d329f9e,E:\压裂窜扰项目\02 规范化\泸201H5\泸201H5 压裂施工曲线\泸201H5-1-10 压裂施工曲线.xlsx,Log Data,absolute,0,1757055589.0,1757065273.0,161.4,1.0,0,0,0,1.0,1.0,0.05,pre_pump_10min,600.0,599.0,0.0,0.00038476773546593094,primary,合格,0.009999999999999995,0.06,0.04000000000000001,0.020000000000000004,0.03,-0.020000000000000004,0.020000000000000004,0.010157476249483684,0.020000000000000004,,True,1.0,0.1,15.0,0.48936389921520035,0.0,0.0,True,0.020000000000000004,11,0,True,primary,C1,0.011918562816549908,C1,0.996653115524934,False,0.9400471630471279,<1 MPa
efcb6a1fcd2519,泸201H5,4,14,whole_stage,3,泸201H5|3-4,泸201H5|4|14,E:\压裂窜扰项目\02 规范化\泸201H5\泸201H5 邻井压力监测\泸201H5-4-14段压裂施工-1、2、3井压力监测.xls,导出数据,3井压力(MPa),d273dad4d5ce44db67de6927bdd64927b58e7e951aef3c983d5015890c17ca66,E:\压裂窜扰项目\02 规范化\泸201H5\泸201H5 压裂施工曲线\泸201H5-4-14 压裂施工曲线.xlsx,Log Data,absolute,0,1761381489.0,1761392822.0,188.88333333333333,1.0,0,0,0,1.0,1.0,51.47,pre_pump_10min,600.0,599.0,0.01482599999999705,-0.00289675804654834,primary,合格,0.04999999999999716,51.47,0.10000000000000142,2.480000000000004,2.5,-0.14000000000000057,2.490000000000002,1.1480283243624825,0.0799999999999983,24.75,False,0.13103326568428483,0.1,15.0,0.39054089826171356,106.0,0.0,True,2.6200000000000045,221,0,True,primary,C1,1.3976817044082415,C1,0.3308596402834855,False,0.6036623470344349,1–5 MPa
f036580d78f73c,泸201H5,1,5,whole_stage,3,泸201H5|1-3,泸201H5|1|5,E:\压裂窜扰项目\02 规范化\泸201H5\泸201H5 邻井压力监测\泸201H5-1-5段压裂施工-2、3、4井压力监测.xls,导出数据,3井压力(MPa),1139193e1ecc414bfb04569fef522ec5a6f4c8c6104c1cc8d47ae7d2b2536c04,E:\压裂窜扰项目\02 规范化\泸201H5\泸201H5 压裂施工曲线\泸201H5-1-5 压裂施工曲线.xlsx,Log Data,absolute,0,1756220975.0,1756232951.0,199.6,1.0,0,0,0,1.0,1.0,0.15,pre_pump_10min,600.0,599.0,0.0,5.468348523191244e-05,primary,合格,0.010000000000000009,0.15,0.030000000000000013,0.010000000000000009,0.010000000000000009,-0.06,-0.039999999999999994,-0.014625501002004,0.020000000000000018,,True,1.0,0.1,15.0,0.5161155644622578,0.0,0.0,True,-0.039999999999999994,56,0,True,primary,C1,0.027894056880509246,C1,0.9922339228161264,False,0.9398887661301119,<1 MPa
f077ff3d831c5c,泸203H64,4,3,whole_stage,3,泸203H64|3-4,泸203H64|4|3,E:\压裂窜扰项目\02 规范化\泸203H64\泸203H64 邻井压力监测\泸203H64-4-3段压裂施工-1、2、3、5井秒点压力监测.xls,导出数据,3#套压(MPa),8654f1461c61c8fac9084720138690eecb07f0eb5c1632a243fbdc862c478cd3,E:\压裂窜扰项目\02 规范化\泸203H64\泸203H64 压裂施工曲线\泸203H64-4-3 压裂施工曲线.csv,text,named_stage_clock_only,-1671148800,51587.0,60882.0,154.91666666666666,1.0,0,0,0,1.0,1.0,44.481,pre_pump_10min,287.0,286.0,0.04744319999999477,-0.0233863088131479,primary,合格,0.10499999999999687,44.441,0.07900000000000063,7.716999999999999,7.75,-0.2430000000000021,7.742999999999995,3.669622969338352,0.12399999999999523,30.333333333333332,False,0.1958041958041958,0.14232959999998432,15.0,0.15761161915008068,113.91666666666667,62.416666666666664,False,,446,0,True,primary,C2,0.7620150281554142,C2,0.832831630588567,False,0.4855881998544613,≥5 MPa
f0bc63f4af95ba,泸208H2,10,7,whole_stage,9,泸208H2|10-9,泸208H2|10|7,E:\压裂窜扰项目\02 规范化\泸208H2\泸208H2 邻井压力监测\泸208H2-10-7段压裂施工-9井压力监测.xlsx,10-7-9,无表头_文件名井号,5a043414237f8c1fc6344636b2b270c0306c1bb986b80e71b48fda053c05c635,E:\压裂窜扰项目\02 规范化\泸208H2\泸208H2 压裂施工曲线\泸208H2-10-7 压裂施工曲线（秒点）.xlsx,秒点数据,named_stage_clock_only,1719878400,1719909301.0,1719916542.0,120.68333333333334,1.0,0,0,0,1.0,1.0,51.3786,pre_pump_10min,301.0,300.0,0.015567300000000589,-0.0026042199291579264,primary,合格,0.04200000000000159,51.3786,0.14710000000000178,4.337000000000003,4.389499999999998,-0.04200000000000159,4.389499999999998,1.6358000414307428,0.12600000000000477,23.5,False,0.19472448556829167,0.1,15.0,0.7036320950145007,67.0,0.0,True,4.8095,1445,0,True,primary,C2,1.1900419878755066,C2,0.4494360045021392,False,-0.21635053017782332,1–5 MPa
f182e2ef6f59b8,泸203H11,7,9,whole_stage,6,泸203H11|6-7,泸203H11|7|9,E:\压裂窜扰项目\02 规范化\泸203H11\泸203H11 邻井压力监测\泸203H11-7-9段压裂施工-5、6井压力监测.xls,Sheet1,6井压力,36003a797cfaede1308d239a7f6f25f128265dbf4c15cf41543655328ef1dd95,E:\压裂窜扰项目\02 规范化\泸203H11\泸203H11 压裂施工曲线\泸203H11-7-9 压裂施工曲线.xlsx,LogData(s),named_stage_clock_only,-1745452800,28081.0,41983.0,231.7,1.0,0,0,0,1.0,1.0,51.26,pre_pump_10min,481.0,480.0,0.0296519999999941,-0.006820852132059845,primary,合格,0.07000000000000028,51.23,0.21000000000000085,4.93,4.950000000000003,-0.04999999999999716,4.950000000000003,2.6680002877283866,0.09000000000000341,9.916666666666666,False,0.042799597180261835,0.1,15.0,0.3606675298518199,192.91666666666666,0.0,False,,324,0,True,primary,C2,0.7502206114325037,C2,0.7522929968479402,False,0.20320571728185938,1–5 MPa
f24f1e529e7e26,泸208H2,8,10,whole_stage,9,泸208H2|8-9,泸208H2|8|10,E:\压裂窜扰项目\02 规范化\泸208H2\泸208H2 邻井压力监测\泸208H2-8-10段压裂施工-9井压力监测.xlsx,8-10-9,无表头_文件名井号,06cd3440ce2911f080ce8414fb70343b5e71625fb6cca36082a895c044026d08,E:\压裂窜扰项目\02 规范化\泸208H2\泸208H2 压裂施工曲线\泸208H2-8-10 压裂施工曲线（秒点）.xlsx,秒点数据,named_stage_clock_only,1722988800,1723035934.0,1723050948.0,250.23333333333332,1.0,0,0,0,1.0,1.0,46.5797,pre_pump_10min,297.0,296.0,0.015567300000000589,-0.0033334020414616064,primary,合格,0.03160000000000451,46.5797,2.047700000000006,11.561599999999999,11.5931,-0.04210000000000491,11.5826,5.265402167976553,0.17860000000000298,9.083333333333334,False,0.036299453843079796,0.1,15.0,0.7402424403889702,223.66666666666666,72.75,True,12.0972,1665,0,True,primary,C2,2.6172175207379036,C2,0.5627634851740924,False,0.4325252049816052,≥5 MPa
f2b4e7f4782a41,泸208H1,5,5,whole_stage,6,泸208H1|5-6,泸208H1|5|5,E:\压裂窜扰项目\02 规范化\泸208H1\泸208H1 邻井压力监测\泸208H1-5-5段压裂施工-6井压力监测.xlsx,5-5-6,无表头_文件名井号,3349e2f3a793d93eef3ece9ff12602f65ebeeb0dc92b3c1cf01e11acafe6aa44,E:\压裂窜扰项目\02 规范化\泸208H1\泸208H1 压裂施工曲线\泸208H1-5-5 压裂施工曲线（秒点）.xls,导出数据,named_stage_clock_only,0,29374.0,41931.0,209.28333333333333,1.0,0,0,0,1.0,1.0,34.4,pre_pump_10min,231.0,230.0,0.05930399999999873,-0.02992231157148595,primary,合格,0.09000000000000341,34.36,0.060000000000002274,7.020000000000003,7.020000000000003,-0.490000000000002,7.020000000000003,2.2767500199092154,0.10000000000000142,67.0,False,0.320140160866449,0.17791199999999618,15.0,0.9256988134108466,119.16666666666667,42.916666666666664,True,7.649999999999999,1401,0,True,primary,C2,0.3464700453231431,C2,0.8964133108257617,False,0.30091715742157255,≥5 MPa
f3056a5fde44df,泸203H66,2,23,whole_stage,3,泸203H66|2-3,泸203H66|2|23,E:\压裂窜扰项目\02 规范化\泸203H66\泸203H66 邻井压力监测\泸203H66平台-2井-23段压裂施工-1、3井秒点压力监测.xls,Sheet1,3井,beaf15af31e0a5bec3610ea5cf396a333bb559031b9c726aa86171611294228c,E:\压裂窜扰项目\02 规范化\泸203H66\泸203H66 压裂施工曲线\泸203H66-2-23 压裂施工曲线.xlsx,LogData(s),named_stage_clock_only,-1680825600,47995.0,53544.0,92.48333333333333,1.0,0,0,0,1.0,1.0,47.0,pre_pump_10min,600.0,599.0,0.0,-0.002232606201678182,primary,合格,0.0,46.94,0.25,10.810000000000002,10.880000000000003,-0.060000000000002274,10.880000000000003,5.144986484051181,0.4399999999999977,5.166666666666667,False,0.0558659217877095,0.1,15.0,0.9293566408361867,70.33333333333333,45.833333333333336,True,11.0,606,0,True,primary,C2,2.5857858762839956,C2,0.5990701263324112,False,0.4744783743024548,≥5 MPa
f313bb8189b1bd,泸201H5,1,19,whole_stage,3,泸201H5|1-3,泸201H5|1|19,E:\压裂窜扰项目\02 规范化\泸201H5\泸201H5 邻井压力监测\泸201H5-1-19段压裂施工-2、3、4井压力监测.xls,导出数据,3井压力(MPa),f2cf79bc8662f4da03b496c060a58a5585ba0a6e31f3687576887d87128f7b0b,E:\压裂窜扰项目\02 规范化\泸201H5\泸201H5 压裂施工曲线\泸201H5-1-19 压裂施工曲线.xlsx,Log Data,absolute,0,1758036030.0,1758045381.0,155.85,1.0,0,0,0,1.0,6.0,0.13,pre_pump_10min,600.0,599.0,0.0,-0.00022650062916840672,primary,合格,0.020000000000000018,0.13,0.04000000000000001,0.0,0.0,-0.05,-0.04000000000000001,-0.02454817666559727,0.020000000000000004,,True,1.0,0.1,15.0,0.48635049780537415,0.0,0.0,True,-0.04000000000000001,35,0,True,primary,C1,0.03296054936708685,C1,0.9908386588833281,False,0.9397301286959783,<1 MPa
f4d05e8dc8e36f,阳101H51,2,7,whole_stage,1,阳101H51|1-2,阳101H51|2|7,E:\压裂窜扰项目\02 规范化\阳101H51\阳101H51 邻井压力监测\阳101H51-2-7段压裂施工-1、3井秒点压力监测-2.xlsx,阳101H51-2井7段压裂期间1井、3井秒点数据2026.5,1井套压,e17dea253b24f5f9a569603869f23287f6ae6c362ac511bacf4967174899e456,E:\压裂窜扰项目\02 规范化\阳101H51\阳101H51 压裂施工曲线\阳101H51-2-7 压裂施工曲线（秒点）-3.xlsx,秒点数据,absolute,0,1777986130.0,1777999202.0,217.86666666666667,1.0,0,0,0,1.0,1.0,54.55,pre_pump_10min,600.0,599.0,0.0,-2.6583407168373236e-05,primary,合格,0.010000000000005116,54.55,0.020000000000003126,4.530000000000001,4.530000000000001,0.0,4.530000000000001,2.1436222460220344,0.05000000000000426,17.833333333333332,False,0.08185434516523866,0.1,15.0,0.6682986536107711,155.58333333333334,0.0,True,4.700000000000003,2422,0,True,primary,C2,0.9428560331851643,C2,0.6316015732357412,False,0.019435325888970203,1–5 MPa
f5c8991fb1b722,泸208H2,8,13,whole_stage,9,泸208H2|8-9,泸208H2|8|13,E:\压裂窜扰项目\02 规范化\泸208H2\泸208H2 邻井压力监测\泸208H2-8-13段压裂施工-9井压力监测.xlsx,8-13-9,无表头_文件名井号,f23f34b60298be05a0e80b8cef4f13ed392a0c88c5a3498f7f5dcdb3a3836330,E:\压裂窜扰项目\02 规范化\泸208H2\泸208H2 压裂施工曲线\泸208H2-8-13 压裂施工曲线（秒点）.xlsx,秒点数据,named_stage_clock_only,1725235200,1725260873.0,1725270852.0,166.31666666666666,1.0,0,0,0,1.0,1.0,46.2226,pre_pump_10min,267.0,266.0,0.015567300000000589,-0.00683557375747511,primary,合格,0.031500000000001194,46.2016,0.11550000000000438,9.093899999999998,9.114899999999999,-0.04200000000000159,9.104399999999998,4.46152793867121,0.126100000000001,9.666666666666666,False,0.05812205631826836,0.1,15.0,0.7212145505561679,136.91666666666666,76.91666666666667,True,9.64,1672,0,True,primary,C2,1.461624642309927,C2,0.7230053821422116,False,0.5007266182689608,≥5 MPa
f6c64f2f9a998d,泸201H5,2,19,whole_stage,1,泸201H5|1-2,泸201H5|2|19,E:\压裂窜扰项目\02 规范化\泸201H5\泸201H5 邻井压力监测\泸201H5-2-19段压裂施工-1、3、4井压力监测.xls,导出数据,1井压力(MPa),d8200af71eab62744f7a2fc93748ee4ad2a8188abfaf59990bbaf003e5d1adce,E:\压裂窜扰项目\02 规范化\泸201H5\泸201H5 压裂施工曲线\泸201H5-2-19 压裂施工曲线.xlsx,Log Data,absolute,0,1757863596.0,1757872843.0,154.11666666666667,1.0,0,0,0,1.0,1.0,60.79,pre_pump_10min,600.0,599.0,0.04447800000000168,-0.01447160686557103,primary,合格,0.3500000000000014,60.79,0.05000000000000426,-0.01999999999999602,0.00999999999999801,-0.490000000000002,-0.4799999999999969,-0.26782740348220957,0.0799999999999983,,True,1.0,0.13343400000000505,15.0,0.3838001514004542,0.0,0.0,True,-2.0700000000000003,96,0,True,primary,C1,0.2967446750924686,C1,0.9230293307371539,False,0.902603563893143,<1 MPa
f7037b2cbfd730,泸201H5,4,15,whole_stage,2,泸201H5|2-4,泸201H5|4|15,E:\压裂窜扰项目\02 规范化\泸201H5\泸201H5 邻井压力监测\泸201H5-4-15段压裂施工-1、2、3井压力监测.xls,导出数据,2井压力(MPa),92f8ad8b8bfbcb3fe3d682813668d43df5a5266238176a3afddae5730c8ee272,E:\压裂窜扰项目\02 规范化\泸201H5\泸201H5 压裂施工曲线\泸201H5-4-15 压裂施工曲线.xlsx,Log Data,absolute,0,1761641133.0,1761649163.0,133.83333333333334,1.0,0,0,0,1.0,1.0,47.24,pre_pump_10min,600.0,599.0,0.0,-0.00031833421759458247,primary,合格,0.020000000000003126,47.23,0.05000000000000426,0.00999999999999801,0.00999999999999801,-0.14000000000000057,-0.0800000000000054,-0.09040846824408695,0.05000000000000426,,True,1.0,0.1,15.0,0.35442092154420923,0.0,0.0,True,-0.030000000000001137,223,0,True,primary,C1,0.10376213809672978,C1,0.9716316244376757,False,0.9330002032425487,<1 MPa
f705abcc97776d,泸203H9,3,3,whole_stage,5,泸203H9|3-5,泸203H9|3|3,E:\压裂窜扰项目\02 规范化\泸203H9\泸203H9 邻井压力监测\泸203H9-3井第3段压裂期间邻井压力监测数据(1).xls,导出数据,5#套压(MPa),a67cd44782522fce4cde48d45b3ad5bbcc8caead6e1297c18f11eba6a7d3ed43,E:\压裂窜扰项目\02 规范化\泸203H9\泸203H9 压裂施工曲线\泸203H9-3-3 压裂施工曲线-2.xlsx,LogData(s),named_stage_clock_only,-1690502400,31587.0,41528.0,165.68333333333334,1.0,0,0,0,1.0,2.0,38.1609382629395,pre_pump_10min,600.0,599.0,0.0097334083558077,5.950629551653922e-05,primary,合格,0.026248931884801152,38.1609382629395,0.04593658447259941,0.00656127929679684,0.013122558593700262,-0.01312637329110089,0.0,0.0012375803111521345,0.01312637329110089,,True,1.0,0.1,15.0,0.21066398390342053,0.0,0.0,False,,975,0,True,primary,C1,0.012076353787544687,C1,0.9966173651328594,False,0.9402998993815757,<1 MPa
f7ba8ce459c00b,泸203H66,3,12,whole_stage,2,泸203H66|2-3,泸203H66|3|12,E:\压裂窜扰项目\02 规范化\泸203H66\泸203H66 邻井压力监测\泸203H66平台-3井-12段压裂施工-1、2井秒点压力监测.xls,Sheet1,2井,6df3736025432226057addd63690632669dd8783bec46b339616942927d0ec7a,E:\压裂窜扰项目\02 规范化\泸203H66\泸203H66 压裂施工曲线\泸203H66-3-12 压裂施工曲线.xlsx,LogData(s),named_stage_clock_only,-1678492800,54410.0,60405.0,99.91666666666667,1.0,0,0,0,1.0,1.0,55.0,pre_pump_10min,600.0,599.0,0.0,-0.007773021591727427,primary,合格,0.060000000000002274,54.94,0.07000000000000028,2.8800000000000026,2.8800000000000026,-0.060000000000002274,2.8800000000000026,1.1324270225187663,0.13000000000000256,15.25,False,0.15262718932443703,0.1,15.0,0.9060884070058381,51.083333333333336,0.0,False,,618,0,True,primary,C1,1.44557512499584,C1,0.2713021150229947,False,0.5818925274836552,1–5 MPa
f922b8a2ab8611,泸201H5,1,3,whole_stage,4,泸201H5|1-4,泸201H5|1|3,E:\压裂窜扰项目\02 规范化\泸201H5\泸201H5 邻井压力监测\泸201H5-1-3段压裂施工-2、3、4井压力监测.xls,导出数据,4井压力(MPa),f580cc626c8ea9dca3a7e376b61c65bada296e0c77bd88a603ea0e3de6ee091a,E:\压裂窜扰项目\02 规范化\泸201H5\泸201H5 压裂施工曲线\泸201H5-1-3 压裂施工曲线.xlsx,Log Data,absolute,0,1755845674.0,1755854891.0,153.61666666666667,1.0,0,0,0,1.0,1.0,39.26,pre_pump_10min,600.0,599.0,0.0,-0.00032691757477088846,primary,合格,0.020000000000003126,39.26,0.04999999999999716,0.0,0.010000000000005116,-0.01999999999999602,-0.00999999999999801,-0.0025610285342296288,0.01999999999999602,,True,1.0,0.1,15.0,0.36844960399262233,0.0,0.0,True,0.0,50,0,True,primary,C1,0.014695804078049789,C1,0.995888376922061,False,0.9403669056745013,<1 MPa
f92e0afaef85ff,泸201H5,4,14,whole_stage,1,泸201H5|1-4,泸201H5|4|14,E:\压裂窜扰项目\02 规范化\泸201H5\泸201H5 邻井压力监测\泸201H5-4-14段压裂施工-1、2、3井压力监测.xls,导出数据,1井压力(MPa),d273dad4d5ce44db67de6927bdd64927b58e7e951aef3c983d5015890c17ca66,E:\压裂窜扰项目\02 规范化\泸201H5\泸201H5 压裂施工曲线\泸201H5-4-14 压裂施工曲线.xlsx,Log Data,absolute,0,1761381489.0,1761392822.0,188.88333333333333,1.0,0,0,0,1.0,1.0,47.87,pre_pump_10min,600.0,599.0,0.01482599999999705,0.0011782699396444816,primary,合格,0.030000000000001137,47.88,0.05000000000000426,0.020000000000003126,0.030000000000001137,-0.0799999999999983,-0.02999999999999403,-0.02800097061677895,0.030000000000001137,,True,1.0,0.1,15.0,0.3783640695314568,0.0,0.0,True,-0.03999999999999915,219,0,True,primary,C1,0.03647094307616394,C1,0.9898790669401061,False,0.9393884294210965,<1 MPa
f98cc61cf0af90,泸203H66,1,18,whole_stage,2,泸203H66|1-2,泸203H66|1|18,E:\压裂窜扰项目\02 规范化\泸203H66\泸203H66 邻井压力监测\泸203H66平台-1井-18段压裂施工-2、3井秒点压力监测.xls,Sheet1,2井,85a7fb8df80fa6a2ca24874583df1cd03af322ecd45b637feef378139c2d15f5,E:\压裂窜扰项目\02 规范化\泸203H66\泸203H66 压裂施工曲线\泸203H66-1-18 压裂施工曲线.xlsx,LogData(s),named_stage_clock_only,-1680739200,51263.0,59138.0,131.25,1.0,0,0,0,1.0,1.0,46.81,pre_pump_10min,263.0,262.0,0.0,1.4315404148744012e-15,primary,合格,0.0,46.81,0.25,5.32,5.3799999999999955,0.0,5.3799999999999955,2.2734209523809508,0.13000000000000256,9.166666666666666,False,0.06984126984126984,0.1,15.0,0.9154285714285715,93.41666666666667,6.833333333333333,True,5.82,559,0,True,primary,C2,0.5791163716299212,C2,0.7927401050001707,False,0.1612863773756675,≥5 MPa
f99c47d52076e7,泸201H5,1,6,whole_stage,3,泸201H5|1-3,泸201H5|1|6,E:\压裂窜扰项目\02 规范化\泸201H5\泸201H5 邻井压力监测\泸201H5-1-6段压裂施工-2、3、4井压力监测.xls,导出数据,3井压力(MPa),6d6d86f8278279f75c7270fd4f7ca77b240af87f6cb6c14f89fc48a7f33e93f9,E:\压裂窜扰项目\02 规范化\泸201H5\泸201H5 压裂施工曲线\泸201H5-1-6 压裂施工曲线.xlsx,Log Data,absolute,0,1756369129.0,1756378530.0,156.68333333333334,1.0,0,0,0,1.0,1.0,0.0,pre_pump_10min,600.0,599.0,0.0,0.0,primary,合格,0.0,0.0,0.03,0.01,0.01,0.0,0.01,0.00015689820231890226,0.01,,True,1.0,0.1,15.0,0.9730879693649612,0.0,0.0,True,0.01,59,0,True,primary,C1,0.014662939409056068,C1,0.9958936469177609,False,0.9401508431224986,<1 MPa
f9ef33086e6280,泸201H5,4,19,whole_stage,2,泸201H5|2-4,泸201H5|4|19,E:\压裂窜扰项目\02 规范化\泸201H5\泸201H5 邻井压力监测\泸201H5-4-19段压裂施工-1、2、3井压力监测.xls,导出数据,2井压力(MPa),e68c73183b8ca97db1560a5b0b68b18b01e680409ac008630d0ed5ba5cb969c6,E:\压裂窜扰项目\02 规范化\泸201H5\泸201H5 压裂施工曲线\泸201H5-4-19 压裂施工曲线.xlsx,Log Data,absolute,0,1762332013.0,1762361233.0,487.0,1.0,0,0,0,1.0,1.0,42.19,pre_pump_10min,600.0,599.0,0.01482599999999705,-0.00015200042221915467,primary,合格,0.03999999999999915,42.19,0.0800000000000054,0.0,0.020000000000003126,-0.25,-0.23999999999999488,-0.09863227241615113,0.03999999999999915,,True,1.0,0.1,15.0,0.23227241615331964,0.0,0.0,True,-0.22999999999999687,235,0,True,primary,C1,0.11986525107923608,C1,0.9674800703842986,False,0.929964833083286,<1 MPa
fa75b8a3101c03,泸203H66,2,23,whole_stage,1,泸203H66|1-2,泸203H66|2|23,E:\压裂窜扰项目\02 规范化\泸203H66\泸203H66 邻井压力监测\泸203H66平台-2井-23段压裂施工-1、3井秒点压力监测.xls,Sheet1,1井,beaf15af31e0a5bec3610ea5cf396a333bb559031b9c726aa86171611294228c,E:\压裂窜扰项目\02 规范化\泸203H66\泸203H66 压裂施工曲线\泸203H66-2-23 压裂施工曲线.xlsx,LogData(s),named_stage_clock_only,-1680825600,47995.0,53544.0,92.48333333333333,1.0,0,0,0,1.0,1.0,48.13,pre_pump_10min,600.0,599.0,0.0,-0.0034456429045572525,primary,合格,0.07000000000000028,48.13,0.17999999999999972,8.309999999999995,8.43,-0.07000000000000028,8.43,3.6956442602270663,0.30999999999999517,7.5,False,0.08109569291764282,0.1,15.0,0.9234096233555595,64.83333333333333,36.333333333333336,True,8.809999999999995,605,0,True,primary,C2,0.86019657484517,C2,0.817380196754277,False,0.49015522877583223,≥5 MPa
facda9f9dfe975,泸203H11,2,12,whole_stage,1,泸203H11|1-2,泸203H11|2|12,E:\压裂窜扰项目\02 规范化\泸203H11\泸203H11 邻井压力监测\泸203H11-2-12段压裂施工-1井套压压力监测.xls,Sheet1,1井套压,3c6af87e03e9f70c2d6b53760614e167d0785e6794e037d331a3c4d7e796b2cb,E:\压裂窜扰项目\02 规范化\泸203H11\泸203H11 压裂施工曲线\泸203H11-2-12 压裂施工曲线.xlsx,数据(秒),named_stage_clock_only,-1718236800,47373.0,57608.0,170.58333333333334,1.0,0,0,0,1.0,1.0,51.91,pre_pump_10min,600.0,599.0,0.0,-9.286692462962101e-05,primary,合格,0.0,51.91,0.13000000000000256,5.580000000000005,5.640000000000001,0.0,5.640000000000001,2.827575964826579,0.13000000000000256,7.583333333333333,False,0.044455300439667805,0.1,15.0,0.9029799706888129,136.0,18.833333333333332,True,5.910000000000004,308,0,True,primary,C2,0.5444113578599511,C2,0.83213999679215,False,0.2854718132922621,≥5 MPa
fca9fa8e4e7e3d,阳101H51,2,16,whole_stage,3,阳101H51|2-3,阳101H51|2|16,E:\压裂窜扰项目\02 规范化\阳101H51\阳101H51 邻井压力监测\阳101H51-2-16段压裂施工-1、3、4井套压压力监测.xlsx,阳101H51平台2井16段压裂1井3井4井压力数据,3井套压,d07acf578db7453b4aeb775bf5cfb4d25169753a7323904b25b719ac29348163,E:\压裂窜扰项目\02 规范化\阳101H51\阳101H51 压裂施工曲线\阳101H51-2-16 压裂施工曲线（秒点）-2.xlsx,秒点数据,absolute,0,1782290324.0,1782300060.0,162.26666666666668,1.0,0,0,0,1.0,1.0,47.47,pre_pump_10min,600.0,599.0,0.04447800000000168,-0.0109350137083688,primary,合格,0.0899999999999963,47.42,0.020000000000003126,2.8800000000000026,2.8999999999999986,-0.11999999999999744,2.8900000000000006,1.0075292728019731,0.03999999999999915,40.75,False,0.2511298274445357,0.13343400000000505,15.0,0.7072719802793755,73.08333333333333,0.0,True,3.1700000000000017,2402,0,True,primary,C1,1.3631822421180486,C1,0.3365200098924702,False,0.6153989762743836,1–5 MPa
fd0883475e5eab,泸203H64,5,14,whole_stage,2,泸203H64|2-5,泸203H64|5|14,E:\压裂窜扰项目\02 规范化\泸203H64\泸203H64 邻井压力监测\泸203H64-5-14段压裂施工-1、2、3、4井秒点压力监测.xls,导出数据,2#套压(MPa),03e90a589c19ab57964e0f20aebcc922ff10aa62898771e5fbeeb59cf71dafca,E:\压裂窜扰项目\02 规范化\泸203H64\泸203H64 压裂施工曲线\泸203H64-5-14 压裂施工曲线.csv,text,named_stage_clock_only,-1670976000,50007.0,61538.0,192.18333333333334,1.0,0,0,0,1.0,1.0,44.044,pre_pump_10min,207.0,206.0,0.0296519999999941,-0.01716936714614047,primary,合格,0.06179999999999808,44.018,0.03999999999999915,0.43299999999999983,0.44600000000000506,-0.03899999999999437,0.4269999999999996,0.20554678692221284,0.08599999999999852,44.5,False,0.2315497354956205,0.1,15.0,0.36822478536120024,0.0,0.0,True,0.4660000000000011,489,0,True,primary,C1,0.22539796119360694,C1,0.9322162496953426,False,0.9148378028084464,<1 MPa
fe6032a9bd77a2,泸201H5,2,12,whole_stage,4,泸201H5|2-4,泸201H5|2|12,E:\压裂窜扰项目\02 规范化\泸201H5\泸201H5 邻井压力监测\泸201H5-2-12段压裂施工-1、3、4井压力监测.xls,导出数据,4井压力(MPa),55483db40d5c609ca7fb41de4e0712db80493af40a50e93f341fcb9d1dc2f54e,E:\压裂窜扰项目\02 规范化\泸201H5\泸201H5 压裂施工曲线\泸201H5-2-12 压裂施工曲线.xlsx,Log Data,absolute,0,1757313718.0,1757322931.0,153.55,1.0,0,0,0,1.0,1.0,25.12,pre_pump_10min,600.0,599.0,0.01482599999999705,0.00019741721504991057,primary,合格,0.030000000000001137,25.12,0.05000000000000071,0.0,0.00999999999999801,-0.05000000000000071,-0.0400000000000027,-0.018618799522414874,0.020000000000003126,,True,1.0,0.1,15.0,0.34549006838163465,0.0,0.0,True,-0.05000000000000071,76,0,True,primary,C1,0.028449643523225963,C1,0.9920861341396667,False,0.9397757984327492,<1 MPa
fe96136c51bf00,泸201H5,2,11,whole_stage,4,泸201H5|2-4,泸201H5|2|11,E:\压裂窜扰项目\02 规范化\泸201H5\泸201H5 邻井压力监测\泸201H5-2-11段压裂施工-1、3、4井压力监测.xls,导出数据,4井压力(MPa),2b996d81e6e347cfc8beb43185da8d4cec8acec68d53848ccaf4cbe6c61902b5,E:\压裂窜扰项目\02 规范化\泸201H5\泸201H5 压裂施工曲线\泸201H5-2-11 压裂施工曲线.xlsx,Log Data,absolute,0,1757174458.0,1757184123.0,161.08333333333334,1.0,0,0,0,1.0,1.0,26.39,pre_pump_10min,600.0,599.0,0.01482599999999705,-0.002275856321820631,primary,合格,0.030000000000001137,26.39,0.060000000000002274,0.0,0.00999999999999801,-0.15000000000000213,-0.14000000000000057,-0.06934712881531316,0.020000000000003126,,True,1.0,0.1,15.0,0.3113295395757889,0.0,0.0,True,-0.15000000000000213,73,0,True,primary,C1,0.08656344963530635,C1,0.9763039841686213,False,0.9347729027727112,<1 MPa
fee259242e288a,泸201H5,4,5,whole_stage,2,泸201H5|2-4,泸201H5|4|5,E:\压裂窜扰项目\02 规范化\泸201H5\泸201H5 邻井压力监测\泸201H5-4-5段压裂施工-1、2、3井压力监测.xls,导出数据,2井压力(MPa),f3160bff8c500ecdd16dd2d966a3c75a7e7218eece67c82b0c684e2801085081,E:\压裂窜扰项目\02 规范化\泸201H5\泸201H5 压裂施工曲线\泸201H5-4-5 压裂施工曲线.xlsx,Log Data,absolute,0,1760081789.0,1760096105.0,238.6,1.0,0,0,0,1.0,1.0,53.95,pre_pump_10min,600.0,599.0,0.014826000000007585,0.0006186183850501891,primary,合格,0.030000000000001137,53.95,0.0799999999999983,0.11999999999999744,0.12999999999999545,-0.010000000000005116,0.10999999999999943,0.04702256216820073,0.03999999999999915,211.08333333333334,False,0.8846744900810283,0.1,15.0,0.25041911148365464,0.0,0.0,True,0.11999999999999744,268,0,True,primary,C1,0.050398096699505374,C1,0.9856342206684221,False,0.9370665691069954,<1 MPa
ff5143c0f812a0,泸208H2,7,16,whole_stage,8,泸208H2|7-8,泸208H2|7|16,E:\压裂窜扰项目\02 规范化\泸208H2\泸208H2 邻井压力监测\泸208H2-7-16段压裂施工-8井压力监测.xlsx,7-16-8,无表头_文件名井号,425827386d0279fd17ac63c64a0e7f5e3d075ec4692087128c2b5031a6421ad2,E:\压裂窜扰项目\02 规范化\泸208H2\泸208H2 压裂施工曲线\泸208H2-7-16 压裂施工曲线（秒点）.xlsx,秒点数据,named_stage_clock_only,1726358400,1726396711.0,1726405753.0,150.7,1.0,0,0,0,1.0,1.0,54.1322,pre_pump_10min,266.0,265.0,0.015567300000000589,-0.0024012586055073377,primary,合格,0.03674999999999784,54.1322,0.10479999999999734,3.261100000000006,3.2821,-0.041999999999994486,3.2821,1.3816816688785691,0.11540000000000106,29.5,False,0.19575315195753154,0.1,15.0,0.7284892722848927,78.25,0.0,True,3.3870000000000005,1620,0,True,primary,C2,1.6250679142324986,C2,0.10252530779341056,False,-0.42154905769085993,1–5 MPa
