sample_id,platform_id,source_well,stage_id,episode_id,monitor_well,physical_pair_id,stage_group,pressure_file,pressure_sheet,pressure_header,pressure_sha256,pump_file,pump_sheet,alignment,clock_day_shift_s,t0_s,t1_s,duration_min,native_dt_s,invalid_pressure_points,duplicate_time_points,out_of_order_points,coverage,max_gap_s,baseline_mpa,baseline_source,baseline_points,baseline_span_s,baseline_noise_mpa,baseline_slope_mpa_min,qc,reason,baseline_p90_p10_mpa,baseline_last60_mpa,max_raw_step_mpa,a60_mpa,peak_dp_mpa,min_dp_mpa,end_dp_mpa,area_mean_mpa,max_rate60_mpa_min,onset_min,onset_censored,onset_fraction,onset_threshold_mpa,smoothing_seconds,flat_fraction,duration_above_1_min,duration_above_5_min,post10min_available,post10min_dp_mpa,matrix_row,quality_rank,selected,status,nearest_cluster,nearest_distance,beyond_primary_p95,label_status
0003f8003625b6,阳101H32,2,7,whole_stage,4,阳101H32|2-4,阳101H32|2|7,E:\压裂窜扰项目\02 规范化\阳101H32\阳101H32 邻井压力监测\阳101H32-2-7段压裂施工-4、6井分点压力监测.xlsx,导出数据,阳101H32-4井套压(MPa),a3b225514eacfeb452ce4c4c6cc192012d7bba9d182a631b00d1324699bebc9f,E:\压裂窜扰项目\02 规范化\阳101H32\阳101H32 压裂施工曲线\阳101H32-2-7 压裂施工曲线.xlsx,秒数据,absolute,0,1766129488.0,1766145853.0,272.75,60.0,0,0,0,0.997250229147571,60.0,48.425,initial_window_proxy,2.0,60.0,0.007412999999998525,,supplementary,原始采样间隔大于30秒；施工窗缺口大于30秒；起泵前基线不足180秒,,48.44,0.0899999999999963,,7.275000000000006,-0.0049999999999954525,7.275000000000006,3.59229779411765,0.0899999999999963,19.533333333333335,False,0.07161625420103881,0.1,60.0,0.10661764705882353,195.0,111.0,False,,1869,1,True,supplementary,C2,0.7021546841595785,False,仅供复核_不作正式训练标签
00a941d77bd915,阳101H35,1,11,whole_stage,4,阳101H35|1-4,阳101H35|1|11,E:\压裂窜扰项目\02 规范化\阳101H35\阳101H35 邻井压力监测\阳101H35平台1井第11段压裂期间邻井秒点数据5.29.xlsx,text,4#套压(MPa),894ee935f1bf3028163c9117453066f087e1c0ed26202fdbd7146078ef8ac9e9,E:\压裂窜扰项目\02 规范化\阳101H35\阳101H35 压裂施工曲线\阳101H35-1-11 压裂施工曲线（秒点）.xlsx,Log Data,named_stage_clock_only,-1716940800,25160.0,37870.0,211.83333333333334,1.0,0,0,0,1.0,1.0,35.3325004577637,initial_window_proxy,80.0,79.0,0.009727752685589012,,supplementary,起泵前基线不足180秒,0.02625274658200283,35.3325004577637,0.07875061035160513,0.328125,0.33468627929679684,-0.013126373291001414,0.2756233215332031,0.1447762596616292,0.07218933105470171,67.33333333333333,False,0.3178599527930763,0.1,15.0,0.3072383949645948,0.0,0.0,True,0.30843734741210227,2289,1,True,supplementary,C1,0.1611992680834344,False,仅供复核_不作正式训练标签
00af836e462156,泸203H66,3,19,whole_stage,1,泸203H66|1-3,泸203H66|3|19,E:\压裂窜扰项目\02 规范化\泸203H66\泸203H66 邻井压力监测\泸203H66平台-3井-19段压裂施工-1、2井秒点压力监测.xls,Sheet1,1井,506cdacc0455e3a537a458ae3f8921d72ec362bc943a4393f1db0fd873378684,E:\压裂窜扰项目\02 规范化\泸203H66\泸203H66 压裂施工曲线\泸203H66-3-19 压裂施工曲线.xlsx,LogData(s),named_stage_clock_only,-1679875200,28320.0,34007.0,94.78333333333333,1.0,0,0,0,1.0,1.0,52.0,initial_window_proxy,60.0,59.0,0.0,,supplementary,起泵前基线不足180秒,0.0,52.0,0.12999999999999545,0.25,0.25,-0.18999999999999773,0.18999999999999773,-0.044982416036573866,0.07000000000000028,81.66666666666667,False,0.8616142078424478,0.1,15.0,0.9233339194654475,0.0,0.0,True,0.38000000000000256,635,1,True,supplementary,C1,0.10760604448265866,False,仅供复核_不作正式训练标签
0116418d1699ae,阳101H33,3,8,whole_stage,4,阳101H33|3-4,阳101H33|3|8,E:\压裂窜扰项目\02 规范化\阳101H33\阳101H33 邻井压力监测\阳101H33-3-8段压裂施工-4井压力监测.xlsx,3-8-4,无表头_文件名井号,9d5501bbf760ff7be65e8101e1ee5f586f84a7512e693a1c7d4cfaf491df9d92,E:\压裂窜扰项目\02 规范化\阳101H33\阳101H33 压裂施工曲线\阳101H33-3-8 压裂施工曲线（秒点）.xls,text,absolute,0,1728115360.0,1728126699.0,188.98333333333332,1.0,0,0,0,1.0,1.0,27.385,initial_window_proxy,160.0,159.0,0.010378199999996882,,supplementary,起泵前基线不足180秒,0.053000000000000824,27.379,0.05300000000000438,12.370999999999999,12.527999999999995,-0.06500000000000128,12.481999999999996,3.260602434077078,0.30799999999999983,52.083333333333336,False,0.2755974953699621,0.1,15.0,0.2806243936855102,109.58333333333333,45.25,True,14.648,2099,1,True,supplementary,C2,1.2825296513218023,False,仅供复核_不作正式训练标签
01393f641b3cc1,阳101H34,1,17,whole_stage,2,阳101H34|1-2,阳101H34|1|17,E:\压裂窜扰项目\02 规范化\阳101H34\阳101H34 邻井压力监测\阳101H34-1-17段压裂施工-2井秒点压力监测.xls,导出数据,2#2井套压(MPa),ed281d887c005d5a4656980322fce7fa4fd53e005bf70a0bfaf9787bd1708bd7,E:\压裂窜扰项目\02 规范化\阳101H34\阳101H34 压裂施工曲线\阳101H34-1-17 压裂施工曲线.xls,秒点数据,named_stage_clock_only,-1747353600,24428.0,32852.0,140.4,1.0,0,0,0,1.0,1.0,58.7601051330566,initial_window_proxy,128.0,127.0,0.009744719695939576,,supplementary,起泵前基线不足180秒,0.019721984863302566,58.7601051330566,0.03944396972659803,2.300819396972699,2.3205413818360014,-0.006572723388600821,2.3205413818360014,0.8681591528433746,0.06573486328129974,23.166666666666668,False,0.16500474833808168,0.1,15.0,0.26851851851851855,54.5,0.0,False,,2127,1,True,supplementary,C1,1.1353744297211164,False,仅供复核_不作正式训练标签
01415c6f3cdcf7,泸203H64,3,13,whole_stage,1,泸203H64|1-3,泸203H64|3|13,E:\压裂窜扰项目\02 规范化\泸203H64\泸203H64 邻井压力监测\泸203H64-3-13段压裂施工-1、2、4、5井秒点压力监测.xls,导出数据,1#套压(MPa),b8ded8e9c0d0cbe8086a18f257aa681bbe2d7e46e6b40c91714dbb9d927ef24b,E:\压裂窜扰项目\02 规范化\泸203H64\泸203H64 压裂施工曲线\泸203H64-3-13 压裂施工曲线.csv,text,named_stage_clock_only,-1672358400,25612.0,33592.0,133.0,1.0,0,0,0,1.0,1.0,60.847,initial_window_proxy,112.0,111.0,0.0296519999999941,,supplementary,起泵前基线不足180秒,0.045999999999999375,60.874,0.09199999999999875,0.8999999999999986,0.9320000000000022,-0.3930000000000007,0.9129999999999967,0.004693546365913227,0.12399999999999523,89.0,False,0.6691729323308271,0.1,15.0,0.19110275689223058,0.0,0.0,True,1.1879999999999953,374,1,True,supplementary,C1,0.30981598211443423,False,仅供复核_不作正式训练标签
020ec4cf8320e7,泸203H64,4,5,whole_stage,2,泸203H64|2-4,泸203H64|4|5,E:\压裂窜扰项目\02 规范化\泸203H64\泸203H64 邻井压力监测\泸203H64-4-5段压裂施工-1、2、3、5井秒点压力监测.xls,导出数据,2#套压(MPa),79aa4054c025e3c620be390106fc758c39c53493cf0f02be3456129996e77139,E:\压裂窜扰项目\02 规范化\泸203H64\泸203H64 压裂施工曲线\泸203H64-4-5 压裂施工曲线.csv,text,named_stage_clock_only,-1671235200,47243.0,55064.0,130.35,1.0,0,0,0,1.0,1.0,43.191,initial_window_proxy,143.0,142.0,0.010378200000007417,,supplementary,起泵前基线不足180秒,0.01300000000000523,43.184,0.03999999999999915,0.031999999999996476,0.03899999999999437,-0.11899999999999977,-0.05300000000000438,-0.03184311469121759,0.05200000000000671,,True,1.0,0.1,15.0,0.34586370029408003,0.0,0.0,False,,453,1,True,supplementary,C1,0.04639855906529681,False,仅供复核_不作正式训练标签
023cb4d1380b3a,泸206H8,5,13,whole_stage,8,泸206H8|5-8,泸206H8|5|13,E:\压裂窜扰项目\02 规范化\泸206H8\泸206H8 邻井压力监测\泸206H8-5-13段压裂施工-1、2、3、4、6、7、8井秒点压力监测.xls,导出数据,8井套压(MPa),8eed401cc8eb07424614f7c38ee4602158d415e7dcbed67f1e59aea61aeebba9,E:\压裂窜扰项目\02 规范化\泸206H8\泸206H8 压裂施工曲线\泸206H8-5-13 压裂施工曲线.xlsx,秒点数据,absolute,0,1752999621.0,1753009431.0,163.5,1.0,0,0,0,1.0,3.0,28.71,initial_window_proxy,141.0,140.0,0.029651999999999366,,supplementary,起泵前基线不足180秒,0.08000000000000185,28.73,0.0400000000000027,0.07000000000000028,0.0799999999999983,-0.15000000000000213,-0.060000000000002274,-0.05111569826707515,0.05999999999999872,,True,1.0,0.1,15.0,0.4285277324632953,0.0,0.0,False,,1216,1,True,supplementary,C1,0.06998245447076056,False,仅供复核_不作正式训练标签
02cf77a6088ca1,泸208H2,3,27,whole_stage,4,泸208H2|3-4,泸208H2|3|27,E:\压裂窜扰项目\02 规范化\泸208H2\泸208H2 邻井压力监测\泸208H2-3-27段压裂施工-4井压力监测.xlsx,3-27-4,无表头_文件名井号,b7acc99ae71a6a15382a3a6d14faafa2a5b5f10226f0bebff5e5baaad04a6413,E:\压裂窜扰项目\02 规范化\泸208H2\泸208H2 压裂施工曲线\泸208H2-3-27 压裂施工曲线（秒点）.xlsx,Log Data,named_stage_clock_only,0,37874.0,48218.0,172.4,1.0,0,20,0,1.0,2.0,55.5825,initial_window_proxy,74.0,73.0,0.022237517400004583,,supplementary,起泵前基线不足180秒,0.037497999999999365,55.59375,0.06750100000000003,5.767497999999996,5.790000999999997,-0.022499000000003377,5.782501999999994,3.41945484058391,0.1200019999999995,14.916666666666666,False,0.08652358855375096,0.1,15.0,0.17635095874491574,138.25,20.916666666666668,True,6.097499999999997,1515,1,True,supplementary,C2,0.9429570107552829,False,仅供复核_不作正式训练标签
02fa90ba46c190,泸203H76,1,12,whole_stage,3,泸203H76|1-3,泸203H76|1|12,E:\压裂窜扰项目\02 规范化\泸203H76\泸203H76 邻井压力监测\泸203H76平台-1井-12段压裂施工-2、3、4井秒点压力监测.xls,Sheet1,3井井口压力,4eb18c603823ab2d0bb45513f14004a7f4bde8d950b9fffc10816caa673d2966,E:\压裂窜扰项目\02 规范化\泸203H76\泸203H76 压裂施工曲线\泸203H76-1-12 压裂施工曲线（秒点）.xls,Sheet1,named_stage_clock_only,-1678924800,56167.0,64242.0,134.58333333333334,1.0,0,0,0,1.0,1.0,54.931,initial_window_proxy,67.0,66.0,0.015567300000000589,,supplementary,起泵前基线不足180秒,0.014699999999997715,54.952,0.04200000000000159,0.010500000000000398,0.021000000000000796,-0.6616,-0.5250999999999948,-0.4860223591331246,0.031500000000001194,,True,1.0,0.1,15.0,0.9079876160990712,0.0,0.0,True,-0.4620999999999995,660,1,True,supplementary,C1,0.5204718231674844,False,仅供复核_不作正式训练标签
0383ca59a40fd5,阳101H51,3,10,whole_stage,1,阳101H51|1-3,阳101H51|3|10,E:\压裂窜扰项目\02 规范化\阳101H51\阳101H51 邻井压力监测\阳101H51-3-10段压裂施工-1、2、4井秒点压力监测.xlsx,阳101H51-3井10段压裂期间1井、2井、4井压力秒点数据,1井套压,9edcb47c07cc822081af06ab7fded26b9a6af2edd4ca67852755dede501d4480,E:\压裂窜扰项目\02 规范化\阳101H51\阳101H51 压裂施工曲线\阳101H51-3-10 压裂施工曲线（秒点）.xlsx,秒点数据,absolute,0,1779541355.0,1779554991.0,227.26666666666668,1.0,0,0,0,1.0,1.0,53.38,initial_window_proxy,36.0,35.0,0.0,,supplementary,起泵前基线不足180秒,0.00999999999999801,53.38,0.020000000000003126,0.30999999999999517,0.30999999999999517,-0.020000000000003126,0.30999999999999517,0.1068652830742126,0.01999999999999602,121.58333333333333,False,0.5349809328248752,0.1,15.0,0.6827515400410678,0.0,0.0,False,,2430,1,True,supplementary,C1,0.13664519474674147,False,仅供复核_不作正式训练标签
039244724a43b9,阳101H34,3,23,whole_stage,2,阳101H34|2-3,阳101H34|3|23,E:\压裂窜扰项目\02 规范化\阳101H34\阳101H34 邻井压力监测\阳101H34-3-23段压裂施工-2井秒点压力监测.xls,导出数据,2#2井套压(MPa),55ef2de3ee21f773ba4177ea31d15bd2ecff0fa637bcdf0271b2d1b3c45fd47f,E:\压裂窜扰项目\02 规范化\阳101H34\阳101H34 压裂施工曲线\阳101H34-3-23 压裂施工曲线.xls,分点数据,named_stage_clock_only,-1750896000,28918.0,40779.0,197.68333333333334,1.0,0,0,0,0.9947727847567659,62.0,53.323600769043,initial_window_proxy,0.0,0.0,0.03900150146477001,,supplementary,施工窗缺口大于30秒；起泵前基线不足180秒,,,0.04603576660159803,8.069095611572202,8.075668334960902,-0.032882690429694605,8.075668334960902,4.271306337365752,0.15125274658199572,4.866666666666666,False,0.024618497597167183,0.11700450439431002,15.0,0.2671412831595898,176.66666666666666,50.916666666666664,False,,2180,1,True,supplementary,C2,1.4451000700791226,False,仅供复核_不作正式训练标签
03cf25a31462e4,泸203H9,2,24,whole_stage,1,泸203H9|1-2,泸203H9|2|24,E:\压裂窜扰项目\02 规范化\泸203H9\泸203H9 邻井压力监测\泸203H9-2井24段压裂期间1井压力秒点数据.xls,导出数据,1#套压(MPa),f746532bfe1e3eb69c1f26fb2c949614a7732357682196a5d3839fed1f09bcd5,E:\压裂窜扰项目\02 规范化\泸203H9\泸203H9 压裂施工曲线\泸203H9-2-24 压裂施工曲线.xlsx,LogData(s),named_stage_clock_only,-1701043200,28017.0,35289.0,121.2,1.0,0,0,0,0.9987623762376238,9.0,42.0787506103516,initial_window_proxy,117.0,116.0,0.009727752685578479,,supplementary,起泵前基线不足180秒,0.02625274658200283,42.0984382629395,0.039375305175802566,3.268123626708899,3.340312957763601,-0.3806266784667969,3.320625305175703,0.30733650025788894,0.2099990844725994,82.08333333333333,False,0.6772552255225522,0.1,15.0,0.28032493460002755,22.833333333333332,0.0,False,,967,1,True,supplementary,C1,0.981992260432355,False,仅供复核_不作正式训练标签
03cfa9f36c9cf0,阳101H51,1,7,whole_stage,2,阳101H51|1-2,阳101H51|1|7,E:\压裂窜扰项目\02 规范化\阳101H51\阳101H51 邻井压力监测\阳101H51-1-7段压裂施工-2、3井秒点压力监测.xlsx,阳101H51-1井7段压裂施工期间1井、2井压力秒点数据（1,2井套压,b2f95d5c4cc9bf84dc43c7c22bf525e2a4b51677daee901f12113771d1a7b787,E:\压裂窜扰项目\02 规范化\阳101H51\阳101H51 压裂施工曲线\阳101H51-1-7 压裂施工曲线（秒点）.xlsx,秒点数据,absolute,0,1777642550.0,1777654519.0,199.48333333333332,1.0,0,0,0,0.9984125657949703,19.0,54.13,initial_window_proxy,50.0,49.0,0.0,,supplementary,起泵前基线不足180秒,0.00999999999999801,54.135000000000005,0.020000000000003126,3.460000000000001,3.469999999999999,-0.010000000000005116,3.460000000000001,1.7767209205020895,0.04000000000000625,12.75,False,0.06391511404461526,0.1,15.0,0.6623430962343096,135.08333333333334,0.0,False,,2383,1,True,supplementary,C2,1.4472988546247403,False,仅供复核_不作正式训练标签
03e87d426bc1ff,阳101H35,1,9,whole_stage,2,阳101H35|1-2,阳101H35|1|9,E:\压裂窜扰项目\02 规范化\阳101H35\阳101H35 邻井压力监测\阳101H35平台1井第九段压裂期间邻井秒点数据5.26.xlsx,text,2#套压(MPa),120055c7d67329c3d6667fb2dc304947f802d17d0efd2ce302c988c1c9b445e8,E:\压裂窜扰项目\02 规范化\阳101H35\阳101H35 压裂施工曲线\阳101H35-1-9 压裂施工曲线（秒点）.xlsx,Log Data,named_stage_clock_only,-1716681600,30558.0,46109.0,259.18333333333334,1.0,0,0,0,1.0,1.0,45.40625,initial_window_proxy,78.0,77.0,0.018533631134106943,,supplementary,起泵前基线不足180秒,0.037498474120994274,45.40625,0.08124923706060372,5.412498474121101,5.443748474121101,-0.04375076293950286,5.4375,2.969457385701141,0.10625076293950286,27.333333333333332,False,0.10545945598353804,0.1,15.0,0.20680342100186483,199.16666666666666,6.583333333333333,True,6.15625,2297,1,True,supplementary,C2,1.0257906027531505,False,仅供复核_不作正式训练标签
047b602865f0a0,泸203H76,1,16,whole_stage,4,泸203H76|1-4,泸203H76|1|16,E:\压裂窜扰项目\02 规范化\泸203H76\泸203H76 邻井压力监测\泸203H76平台-1井-16段压裂施工-2、3、4井秒点压力监测.xls,Sheet1,4井井口压力,413778fe0177b9cd24661fb5ebdcb73867e72b94dc2cae0d1f7b33c22f50e840,E:\压裂窜扰项目\02 规范化\泸203H76\泸203H76 压裂施工曲线\泸203H76-1-16 压裂施工曲线（秒点）.xlsx,Sheet1,named_stage_clock_only,-1679356800,32074.0,39822.0,129.13333333333333,1.0,0,0,0,1.0,1.0,50.1005,initial_window_proxy,94.0,93.0,0.031134599999990645,,supplementary,起泵前基线不足180秒,0.052499999999994884,50.09,0.3885000000000005,0.13650000000000517,0.21000000000000085,-0.3464999999999989,-0.3254999999999981,-0.03487238642229967,0.18900000000000006,,True,1.0,0.1,15.0,0.678110480123903,0.0,0.0,True,-0.3569999999999993,676,1,True,supplementary,C1,0.12254630937253776,False,仅供复核_不作正式训练标签
0489e334dd45d2,泸208H1,1,10,whole_stage,2,泸208H1|1-2,泸208H1|1|10,E:\压裂窜扰项目\02 规范化\泸208H1\泸208H1 邻井压力监测\泸208H1-1-10段压裂施工-2井压力监测.xlsx,1-10-2,无表头_文件名井号,107d6321708176b728dc86a013211cd5892ba5882d642f4e3495df86ae13d5fc,E:\压裂窜扰项目\02 规范化\泸208H1\泸208H1 压裂施工曲线\泸208H1-1-10 压裂施工曲线（秒点）.xls,导出数据,named_stage_clock_only,0,28848.0,37445.0,143.28333333333333,1.0,0,0,0,1.0,1.0,52.97,initial_window_proxy,48.0,47.0,0.04447800000000168,,supplementary,起泵前基线不足180秒,0.0,52.9,0.04000000000000625,4.039999999999999,4.079999999999998,-0.07000000000000028,4.039999999999999,1.7583709433523338,0.0799999999999983,8.75,False,0.06106781435384437,0.13343400000000505,15.0,0.8865883447714319,106.08333333333333,0.0,True,4.25,1313,1,True,supplementary,C2,1.4570125521069712,False,仅供复核_不作正式训练标签
049e2bf0f484ed,阳101H34,3,17,whole_stage,2,阳101H34|2-3,阳101H34|3|17,E:\压裂窜扰项目\02 规范化\阳101H34\阳101H34 邻井压力监测\阳101H34-3-17段压裂施工-2井秒点压力监测.xls,导出数据,2#2井套压(MPa),d32ea7cdf12b1102d3aeff760b70429846e0ac50175f664d025891941896c074,E:\压裂窜扰项目\02 规范化\阳101H34\阳101H34 压裂施工曲线\阳101H34-3-17 压裂施工曲线.xls,秒点数据,named_stage_clock_only,-1747267200,40865.0,48937.0,134.53333333333333,1.0,0,0,0,1.0,1.0,60.1668930053711,initial_window_proxy,65.0,64.0,0.019489439392026634,,supplementary,起泵前基线不足180秒,0.03286743164070316,60.2260551452637,0.046016693115298324,3.0502281188964986,3.056800842285199,-0.21693420410159803,3.0502281188964986,1.0589545477251756,0.09860992431640625,42.166666666666664,False,0.31342913776015857,0.1,15.0,0.24814172447968286,64.08333333333333,0.0,False,,2168,1,True,supplementary,C1,1.4972289827639773,True,仅供复核_不作正式训练标签
05a3da35a8ec13,泸206H8,4,21,whole_stage,1,泸206H8|1-4,泸206H8|4|21,E:\压裂窜扰项目\02 规范化\泸206H8\泸206H8 邻井压力监测\泸206H8-4-21段压裂施工-1、2、3、5、6、7、8井秒点压力监测.xls,导出数据,1井套压1(MPa),1f1b5bee47e0e76dd109a8cec599321542c678c7c104d3bc8dfe76f5f9a4330a,E:\压裂窜扰项目\02 规范化\泸206H8\泸206H8 压裂施工曲线\泸206H8-4-21 压裂施工曲线.xlsx,秒点数据,absolute,0,1753951980.0,1753970047.0,301.1166666666667,1.0,0,0,0,1.0,1.0,44.47,initial_window_proxy,180.0,179.0,0.029652000000004633,,supplementary,起泵前基线不足180秒,0.07000000000000028,44.47,0.12000000000000455,0.4200000000000017,0.4399999999999977,-0.060000000000002274,0.4200000000000017,0.10489317540266921,0.05000000000000426,175.33333333333334,False,0.582277079758676,0.1,15.0,0.1792217855759119,0.0,0.0,False,,1110,1,True,supplementary,C1,0.16307667980769264,False,仅供复核_不作正式训练标签
05df88fe02a031,泸208H2,3,23,whole_stage,4,泸208H2|3-4,泸208H2|3|23,E:\压裂窜扰项目\02 规范化\泸208H2\泸208H2 邻井压力监测\泸208H2-3-23段压裂施工-4井压力监测.xlsx,3-23-4,无表头_文件名井号,8169702983c5b0ad017e05903c4e5f7401492e399ab4f6be1b6d700a7a89be4f,E:\压裂窜扰项目\02 规范化\泸208H2\泸208H2 压裂施工曲线\泸208H2-3-23 压裂施工曲线（秒点）.xlsx,Log Data,named_stage_clock_only,0,30792.0,37587.0,113.25,1.0,0,22,0,1.0,2.0,53.932499,initial_window_proxy,62.0,61.0,0.01111950000000042,,supplementary,起泵前基线不足180秒,0.03675299999999737,53.947498,0.06750100000000003,6.202499000000003,6.2250020000000035,-0.04499799999999965,6.2250020000000035,2.6425464879323033,0.14249799999999624,24.416666666666668,False,0.21559970566593084,0.1,15.0,0.19165560961226596,72.5,24.75,True,6.585003,1511,1,True,supplementary,C2,0.12713709440479065,False,仅供复核_不作正式训练标签
05e63bd6422268,阳101H34,4,6,whole_stage,3,阳101H34|3-4,阳101H34|4|6,E:\压裂窜扰项目\02 规范化\阳101H34\阳101H34 邻井压力监测\阳101H34-4-6段压裂施工-3井秒点压力监测.xls,导出数据,3#3井套压(MPa),8f79dd0e4ff150e53ab37063dde3f358d3cf3b58cea02781f90b65d1c4dc2c6e,E:\压裂窜扰项目\02 规范化\阳101H34\阳101H34 压裂施工曲线\阳101H34-4-6 压裂施工曲线.xls,秒点数据,named_stage_clock_only,-1745193600,39623.0,54764.0,252.35,1.0,0,0,0,1.0,1.0,52.9331245422363,initial_window_proxy,23.0,22.0,0.009727752685430994,,supplementary,起泵前基线不足180秒,0.024936676025419047,52.9462509155273,0.04593658447269888,3.2090644836425994,3.228752136230497,0.0,3.2024993896485014,1.6171590904446225,0.0590629577637003,18.166666666666668,False,0.07198996103295688,0.1,15.0,0.26537216828478966,161.91666666666666,0.0,False,,2212,1,True,supplementary,C2,1.5929091475504993,False,仅供复核_不作正式训练标签
060856d82ed03f,泸203H76,4,16,whole_stage,2,泸203H76|2-4,泸203H76|4|16,E:\压裂窜扰项目\02 规范化\泸203H76\泸203H76 邻井压力监测\泸203H76平台-4井-16段压裂施工-1、2、3井秒点压力监测.xls,Sheet1,2井井口压力,c4d8ee44d4ac18de04b1e88d6490dbf0cdb41c02b9fe2321054525fa9ba6fdc1,E:\压裂窜扰项目\02 规范化\泸203H76\泸203H76 压裂施工曲线\泸203H76-4-16 压裂施工曲线（秒点）.xlsx,Sheet1,named_stage_clock_only,-1680393600,40474.0,47477.0,116.71666666666667,1.0,0,0,0,1.0,1.0,58.1968,initial_window_proxy,34.0,33.0,0.015567300000000589,,supplementary,起泵前基线不足180秒,0.010500000000000398,58.233549999999994,0.042099999999997806,0.02099999999999369,0.03149999999999409,-1.1866000000000057,-1.0816000000000017,-0.8300577109810116,0.031500000000001194,,True,1.0,0.1,15.0,0.8897615307725261,0.0,0.0,True,-1.008100000000006,924,1,True,supplementary,C1,0.9119754548086042,False,仅供复核_不作正式训练标签
066e408be2d858,泸208H2,8,8,whole_stage,7,泸208H2|7-8,泸208H2|8|8,E:\压裂窜扰项目\02 规范化\泸208H2\泸208H2 邻井压力监测\泸208H2-8-8段压裂施工-7井压力监测.xlsx,8-8-7,无表头_文件名井号,3f947c75235ad8ec24bbeb8c4a0e87636f73b6d35985f1e8a16e86884f2cdfab,E:\压裂窜扰项目\02 规范化\泸208H2\泸208H2 压裂施工曲线\泸208H2-8-8 压裂施工曲线（秒点）.xlsx,秒点数据,named_stage_clock_only,1720310400,1720341074.0,1720353589.0,208.58333333333334,1.0,0,0,0,1.0,1.0,53.7909,initial_window_proxy,73.0,72.0,0.015567300000000589,,supplementary,起泵前基线不足180秒,0.03999999999999915,53.8014,0.11570000000000391,2.996299999999998,2.996299999999998,-0.021000000000000796,2.9857000000000014,1.852746088693567,0.10519999999999641,5.75,False,0.02756691969636436,0.1,15.0,0.7571713943268078,151.75,0.0,True,3.122399999999999,1692,1,True,supplementary,C2,1.668971575562684,False,仅供复核_不作正式训练标签
08147cbbcfe3a6,泸203H64,1,17,whole_stage,4,泸203H64|1-4,泸203H64|1|17,E:\压裂窜扰项目\02 规范化\泸203H64\泸203H64 邻井压力监测\泸203H64-1-17段压裂施工-2、3、4、5井秒点压力监测.xls,导出数据,4#套压(MPa),93e18e69e419cd649b65596913c3399b6439e09ba5b2e9ae8ee1db86c28b8f80,E:\压裂窜扰项目\02 规范化\泸203H64\泸203H64 压裂施工曲线\泸203H64-1-17 压裂施工曲线（秒点）.csv,text,named_stage_clock_only,-1668297600,53335.0,58551.0,86.93333333333334,1.0,0,0,0,1.0,1.0,24.537,initial_window_proxy,115.0,114.0,0.019273799999997218,,supplementary,起泵前基线不足180秒,0.020000000000003126,24.563,0.0589999999999975,0.0259999999999998,0.0259999999999998,-0.07199999999999918,-0.0519999999999996,-0.025738688650305704,0.0329999999999977,,True,1.0,0.1,15.0,0.3746165644171779,0.0,0.0,True,-0.038999999999997925,357,1,True,supplementary,C1,0.03389627692880395,False,仅供复核_不作正式训练标签
088d6a293a604c,泸208H2,5,2,whole_stage,4,泸208H2|4-5,泸208H2|5|2,E:\压裂窜扰项目\02 规范化\泸208H2\泸208H2 邻井压力监测\泸208H2-5-2段压裂施工-4井压力监测.xlsx,5-2-4,无表头_文件名井号,c33efcedb33f6390bdfc1cf10618a376e76abd6422352540eb010cf46cfca5db,E:\压裂窜扰项目\02 规范化\泸208H2\泸208H2 压裂施工曲线\泸208H2-5-2 压裂施工曲线（秒点）.xlsx,Log Data,named_stage_clock_only,0,37415.0,44676.0,121.01666666666667,1.0,0,76,0,1.0,2.0,43.522499,initial_window_proxy,95.0,94.0,0.02223751739999405,,supplementary,起泵前基线不足180秒,0.049501999999996826,43.541247999999996,0.06750100000000003,6.089999999999996,6.165000999999997,-0.20999900000000338,6.1500019999999935,1.103816819584076,0.1875,60.583333333333336,False,0.5006197493458202,0.1,15.0,0.15423162583518932,39.916666666666664,7.083333333333333,True,7.950000999999993,1557,1,True,supplementary,C2,1.6169571678639578,False,仅供复核_不作正式训练标签
08a85b4ae7e534,泸203H11,5,4,whole_stage,6,泸203H11|5-6,泸203H11|5|4,E:\压裂窜扰项目\02 规范化\泸203H11\泸203H11 邻井压力监测\泸203H11-5-4段压裂施工-6井套压压力监测.xls,Sheet1,6井套压,e9500ce2f69fad5c4ee77dedfbcc50fdb7e253244721ffe79b6c77476210d761,E:\压裂窜扰项目\02 规范化\泸203H11\泸203H11 压裂施工曲线\泸203H11-5-4 压裂施工曲线.xlsx,LogData(s),named_stage_clock_only,-1745539200,32399.0,56662.0,404.3833333333333,1.0,0,0,0,1.0,60.0,52.57,pre_pump_10min,600.0,599.0,0.05930399999999873,0.018164500456948666,supplementary,施工窗缺口大于30秒,0.14999999999999858,52.62,0.21000000000000085,6.57,6.600000000000001,0.00999999999999801,6.549999999999997,3.9960635535589164,0.25,30.0,False,0.07418703375510036,0.17791199999999618,15.0,0.40794909932242607,356.8333333333333,58.25,False,,315,1,True,supplementary,C2,1.6638872638585203,False,仅供复核_不作正式训练标签
0915326852782e,阳101H35,2,12,whole_stage,1,阳101H35|1-2,阳101H35|2|12,E:\压裂窜扰项目\02 规范化\阳101H35\阳101H35 邻井压力监测\阳101H35平台2井第12段压裂期间邻井秒点数据5.29.xlsx,text,1#套压(MPa),85fbe16abc3867ba39dc26caaff273bd4e752d74518be95325b6eea5b99c42cd,E:\压裂窜扰项目\02 规范化\阳101H35\阳101H35 压裂施工曲线\阳101H35-2-12 压裂施工曲线（秒点）.xlsx,Log Data,named_stage_clock_only,-1716940800,50733.0,63453.0,212.0,1.0,0,0,0,1.0,1.0,59.9511528015137,initial_window_proxy,33.0,32.0,0.03539883956917607,,supplementary,起泵前基线不足180秒,0.028648376464836645,59.9869613647461,0.07161712646480112,1.2951698303222017,1.3190422058104971,-0.2924613952637003,1.2951698303222017,0.3922267090599186,0.06565856933590197,69.91666666666667,False,0.3297955974842767,0.1061965187075282,15.0,0.2386006289308176,11.083333333333334,0.0,True,1.5577850341797017,2315,1,True,supplementary,C1,0.576914645381189,False,仅供复核_不作正式训练标签
0938bfcba0d4a6,泸208H2,9,9,whole_stage,7,泸208H2|7-9,泸208H2|9|9,E:\压裂窜扰项目\02 规范化\泸208H2\泸208H2 邻井压力监测\泸208H2-9-9段压裂施工-7井压力监测.xlsx,9-9-7,无表头_文件名井号,cf5874e1495de52cb62bf52667f2e1dbb806a81b30ad51655360111e3aeef2e6,E:\压裂窜扰项目\02 规范化\泸208H2\泸208H2 压裂施工曲线\泸208H2-9-9 压裂施工曲线（秒点）.xlsx,秒点数据,named_stage_clock_only,1721865600,1721891758.0,1721903168.0,190.16666666666666,1.0,0,0,0,1.0,1.0,47.6828,initial_window_proxy,58.0,57.0,0.015715559999994976,,supplementary,起泵前基线不足180秒,0.03159999999999741,47.6723,0.1472000000000051,2.4915999999999983,2.5127000000000024,-0.031500000000001194,2.5020999999999987,1.2123272348816823,0.0840999999999994,29.25,False,0.15381244522348816,0.1,15.0,0.7403155127081508,113.41666666666667,0.0,True,2.701900000000002,1769,1,True,supplementary,C1,1.4529053144066064,True,仅供复核_不作正式训练标签
09e2ff432e58d9,泸203H64,4,12,whole_stage,5,泸203H64|4-5,泸203H64|4|12,E:\压裂窜扰项目\02 规范化\泸203H64\泸203H64 邻井压力监测\泸203H64-4-12段压裂施工-1、2、3、5井秒点压力监测.xls,导出数据,5#套压(MPa),d4272aea77c3a3ee1813e60234a4172ada9ecda2596e9534cf1639da0107b96c,E:\压裂窜扰项目\02 规范化\泸203H64\泸203H64 压裂施工曲线\泸203H64-4-12 压裂施工曲线.csv,text,named_stage_clock_only,-1671580800,25641.0,36510.0,181.15,1.0,0,0,0,0.9972398564725365,30.0,47.832,initial_window_proxy,141.0,140.0,0.010378199999996882,,supplementary,起泵前基线不足180秒,0.047999999999994714,47.8565,0.04800000000000182,0.9009999999999962,0.9080000000000013,-0.1910000000000025,0.8800000000000026,0.13846360365347263,0.06099999999999994,106.41666666666667,False,0.5874505474284663,0.1,15.0,0.2891410646738629,0.0,0.0,False,,427,1,True,supplementary,C1,0.33082172042620867,False,仅供复核_不作正式训练标签
0a7ce3d9d00b95,泸208H2,10,18,whole_stage,9,泸208H2|10-9,泸208H2|10|18,E:\压裂窜扰项目\02 规范化\泸208H2\泸208H2 邻井压力监测\泸208H2-10-18段压裂施工-9井压力监测.xlsx,10-18-9,无表头_文件名井号,c335a3efd8c78c5ed0c1aaa24d1a564f1361c515598a89992e0b103f00df97e0,E:\压裂窜扰项目\02 规范化\泸208H2\泸208H2 压裂施工曲线\泸208H2-10-18 压裂施工曲线（秒点）.xlsx,秒点数据,named_stage_clock_only,1726617600,1726664629.0,1726671849.0,120.33333333333333,1.0,0,0,0,0.9984764542936289,11.0,59.79,initial_window_proxy,0.0,0.0,0.062269200000002356,,supplementary,起泵前基线不足180秒,,,0.09450000000000358,2.8038000000000025,2.8248000000000033,-0.9240999999999957,2.814300000000003,0.8556364544319608,0.12599999999999767,51.18333333333333,False,0.42534626038781165,0.18680760000000707,15.0,0.7222915799694826,56.416666666666664,0.0,True,2.9613000000000014,1437,1,True,supplementary,C1,1.5557635197399227,True,仅供复核_不作正式训练标签
0ad83345bfe804,泸203H64,4,6,whole_stage,2,泸203H64|2-4,泸203H64|4|6,E:\压裂窜扰项目\02 规范化\泸203H64\泸203H64 邻井压力监测\泸203H64-4-6段压裂施工-1、2、3、5井秒点压力监测.xls,导出数据,2#套压(MPa),b51fd0efb22e73417720f4d424669acbe6936fae1c45f4d6cc28fba285c6b5d3,E:\压裂窜扰项目\02 规范化\泸203H64\泸203H64 压裂施工曲线\泸203H64-4-6 压裂施工曲线.csv,text,named_stage_clock_only,-1671321600,26567.0,33620.0,117.55,1.0,0,0,0,1.0,1.0,42.705,initial_window_proxy,167.0,166.0,0.03854760000000497,,supplementary,起泵前基线不足180秒,0.045999999999999375,42.718,0.0519999999999996,0.07200000000000273,0.07200000000000273,-0.07900000000000063,-0.05299999999999727,-0.009717496100948336,0.059000000000004604,,True,1.0,0.11564280000001491,15.0,0.3821069048631788,0.0,0.0,False,,457,1,True,supplementary,C1,0.03222093403092212,False,仅供复核_不作正式训练标签
0ae2ec6cfd56aa,泸206H8,4,2,whole_stage,2,泸206H8|2-4,泸206H8|4|2,E:\压裂窜扰项目\02 规范化\泸206H8\泸206H8 邻井压力监测\泸206H8-4-2段压裂施工-1、2、3、5、6、7、8井秒点压力监测.xls,导出数据,2井套压(MPa),894b34bc0681b2c15e1edbc46e23f9a722a1337ae87d03deae95fd1831539ce1,E:\压裂窜扰项目\02 规范化\泸206H8\泸206H8 压裂施工曲线\泸206H8-4-2 压裂施工曲线.xlsx,秒点数据,absolute,0,1752066609.0,1752076477.0,164.46666666666667,1.0,0,0,0,1.0,32.0,52.87,pre_pump_10min,309.0,308.0,0.014826000000007585,0.003993231948138657,supplementary,施工窗缺口大于30秒,0.03999999999999915,52.88,0.05999999999999517,0.020000000000003126,0.030000000000001137,-0.11999999999999744,-0.0799999999999983,-0.030985002026750058,0.05000000000000426,,True,1.0,0.1,15.0,0.3467931069644132,0.0,0.0,False,,1129,1,True,supplementary,C1,0.04393933629210851,False,仅供复核_不作正式训练标签
0ae921129e5305,阳101H34,3,3,whole_stage,4,阳101H34|3-4,阳101H34|3|3,E:\压裂窜扰项目\02 规范化\阳101H34\阳101H34 邻井压力监测\阳101H34-3-3段压裂施工-4井秒点压力监测.xls,导出数据,4#4井套压1(MPa),d2aa5e14118d401e77a00b06013edbdd5821649fac9b5a94f0db28529a416159,E:\压裂窜扰项目\02 规范化\阳101H34\阳101H34 压裂施工曲线\阳101H34-3-3 压裂施工曲线.xls,秒点数据,named_stage_clock_only,-1744416000,41113.0,54525.0,223.53333333333333,1.0,0,0,0,1.0,1.0,41.1188468933105,initial_window_proxy,13.0,12.0,0.009733408355649682,,supplementary,起泵前基线不足180秒,0.018392181396563956,41.1188468933105,0.2299041748047017,1.3071861267090057,1.3137512207032032,-0.14451217651359372,1.3071861267090057,0.29461834034638607,0.35471343994139914,87.08333333333333,False,0.38957649865791827,0.1,15.0,0.2907098121085595,19.75,0.0,False,,2186,1,True,supplementary,C1,0.4781200127909383,False,仅供复核_不作正式训练标签
0b470fd76c51dc,泸203H66,1,15,whole_stage,2,泸203H66|1-2,泸203H66|1|15,E:\压裂窜扰项目\02 规范化\泸203H66\泸203H66 邻井压力监测\泸203H66平台-1井-15段压裂施工-2井秒点压力监测.xls,Sheet1,2井,c353169e10b69871bcea9581cf0d726c4edc13c95803d594f6a10011c74e6492,E:\压裂窜扰项目\02 规范化\泸203H66\泸203H66 压裂施工曲线\泸203H66-1-15 压裂施工曲线.xlsx,LogData(s),named_stage_clock_only,-1680220800,35763.0,41142.0,89.65,1.0,0,0,0,0.9894032348020078,57.0,46.75,initial_window_proxy,0.0,0.0,0.0,,supplementary,施工窗缺口大于30秒；起泵前基线不足180秒,,,0.17999999999999972,6.5,6.5,-0.060000000000002274,6.5,3.2284291619691845,0.30999999999999517,13.866666666666667,False,0.15467559025841235,0.1,15.0,0.9299135663284479,62.5,29.75,True,6.939999999999998,536,1,True,supplementary,C2,0.3973202189216289,False,仅供复核_不作正式训练标签
0c11d1db4b8188,泸203H76,4,14,whole_stage,2,泸203H76|2-4,泸203H76|4|14,E:\压裂窜扰项目\02 规范化\泸203H76\泸203H76 邻井压力监测\泸203H76平台-4井-14段压裂施工-1、2、3井分点压力监测-2.xls,Sheet1,2井井口压力,f3c6bd27854200dd2f623452b060d75226d9d90994e6d38a547aa917817530d5,E:\压裂窜扰项目\02 规范化\泸203H76\泸203H76 压裂施工曲线\泸203H76-4-14 压裂施工曲线（秒点）.xlsx,Sheet1,named_stage_clock_only,-1679616000,39191.0,47071.0,131.33333333333334,1.0,0,0,0,1.0,1.0,58.8269,initial_window_proxy,71.0,70.0,0.015567300000000589,,supplementary,起泵前基线不足180秒,0.021000000000000796,58.8479,0.052499999999994884,0.010500000000000398,0.021000000000000796,-0.5461000000000027,-0.5251000000000019,-0.3708058946700524,0.031500000000001194,,True,1.0,0.1,15.0,0.8898477157360406,0.0,0.0,True,-0.5041000000000011,913,1,True,supplementary,C1,0.4073565136690922,False,仅供复核_不作正式训练标签
0ce178e7d76a05,泸203H64,5,6,whole_stage,3,泸203H64|3-5,泸203H64|5|6,E:\压裂窜扰项目\02 规范化\泸203H64\泸203H64 邻井压力监测\泸203H64-5-6段压裂施工-1、2、3、4井秒点压力监测.xls,导出数据,3#套压(MPa),d5940d5de3b7a35970be7ed1e4db51f5dbe21d179697d9ab005c0022a070180c,E:\压裂窜扰项目\02 规范化\泸203H64\泸203H64 压裂施工曲线\泸203H64-5-6 压裂施工曲线.csv,text,named_stage_clock_only,-1670630400,44752.0,54050.0,154.96666666666667,1.0,0,0,0,0.9946224994622499,50.0,29.794,initial_window_proxy,52.0,51.0,0.019273800000002485,,supplementary,施工窗缺口大于30秒；起泵前基线不足180秒,0.0259999999999998,29.8,0.09199999999999875,11.188999999999997,11.261,-0.07199999999999918,11.254000000000001,3.343686851211072,0.18999999999999773,34.5,False,0.22262852226285224,0.1,15.0,0.18490484429065743,96.0,45.916666666666664,False,,510,1,True,supplementary,C2,1.2798258309436072,False,仅供复核_不作正式训练标签
0d291f91be05b5,泸203H66,3,18,whole_stage,1,泸203H66|1-3,泸203H66|3|18,E:\压裂窜扰项目\02 规范化\泸203H66\泸203H66 邻井压力监测\泸203H66平台-3井-18段压裂施工-1、2井秒点压力监测.xls,Sheet1,1井压力,cdf814b772625487855810a94bf4f19211759751d972bed7ed3e548539c8000a,E:\压裂窜扰项目\02 规范化\泸203H66\泸203H66 压裂施工曲线\泸203H66-3-18 压裂施工曲线.xlsx,LogData(s),named_stage_clock_only,-1679616000,49651.0,57974.0,138.71666666666667,1.0,0,0,0,1.0,1.0,58.31,initial_window_proxy,151.0,150.0,0.0,,supplementary,起泵前基线不足180秒,0.0,58.31,0.07000000000000028,0.18999999999999773,0.18999999999999773,-0.060000000000002274,0.12999999999999545,0.06333593656133413,0.07000000000000028,81.75,False,0.5893307701549921,0.1,15.0,0.8094437102006488,0.0,0.0,True,0.12999999999999545,631,1,True,supplementary,C1,0.08531708086734786,False,仅供复核_不作正式训练标签
0d985d6f305c79,阳101H34,3,2,whole_stage,2,阳101H34|2-3,阳101H34|3|2,E:\压裂窜扰项目\02 规范化\阳101H34\阳101H34 邻井压力监测\阳101H34-3-2段压裂施工-2井秒点压力监测.xls,导出数据,2#2井套压(MPa),b208dc618b0ffe7a8dba94b7d243a43952c69443de91ee3c35d06f2ccff27304,E:\压裂窜扰项目\02 规范化\阳101H34\阳101H34 压裂施工曲线\阳101H34-3-2 压裂施工曲线.xls,秒点数据,named_stage_clock_only,-1744156800,52061.0,69088.0,283.78333333333336,1.0,0,0,0,0.9988841252128972,19.0,51.5448188781738,initial_window_proxy,0.0,0.0,0.009727752685589012,,supplementary,起泵前基线不足180秒,,,0.04594802856450286,9.2942695617676,9.300830841064503,-0.013130187988302566,9.2942695617676,5.928798079042112,0.12471389770509944,5.733333333333333,False,0.02020320667175662,0.1,15.0,0.26522812793979306,256.1666666666667,164.0,False,,2184,1,True,supplementary,C2,3.0049626665384634,False,仅供复核_不作正式训练标签
0e93f4de38122a,阳101H37,4,12,whole_stage,6,阳101H37|4-6,阳101H37|4|12,E:\压裂窜扰项目\02 规范化\不重要的\阳101H37\阳101H37 邻井压力监测\阳101H37-1井压窜分析材料8.12-8.19_阳101H4-6井17-19号秒点数据.xls,导出数据,6井井口压力(MPa),e0b330564d0c224f3b0da658c1981869a18b6b7f07499af4dd3e9300ca83ec81,E:\压裂窜扰项目\02 规范化\不重要的\阳101H37\阳101H37 压裂施工曲线\阳101H37-4-12 压裂施工曲线（秒点）-2.xlsx,Sheet1,absolute,0,1660889315.0,1660898078.0,146.05,1.0,0,0,0,1.0,37.0,44.048,pre_pump_10min,600.0,599.0,0.008895600000000337,-0.00017359714888056366,supplementary,施工窗缺口大于30秒,0.020000000000003126,44.051,0.045999999999999375,0.06499999999999773,0.07799999999999585,-0.027000000000001023,0.06499999999999773,0.011829453383542042,0.02599999999999625,,True,1.0,0.1,15.0,0.25031533081068685,0.0,0.0,True,0.0589999999999975,2,1,True,supplementary,C1,0.02172756936959995,False,仅供复核_不作正式训练标签
0eb0078fc80777,泸208H2,10,9,whole_stage,9,泸208H2|10-9,泸208H2|10|9,E:\压裂窜扰项目\02 规范化\泸208H2\泸208H2 邻井压力监测\泸208H2-10-9段压裂施工-9井压力监测.xlsx,10-9-9,无表头_文件名井号,41984febd2c6a45ca762b7f3f36ebb2138741aaab57306a254b71a50a01489cd,E:\压裂窜扰项目\02 规范化\泸208H2\泸208H2 压裂施工曲线\泸208H2-10-9 压裂施工曲线（秒点）.xlsx,秒点数据,named_stage_clock_only,1720915200,1720962945.0,1720971204.0,137.65,1.0,0,0,0,1.0,1.0,48.7954,initial_window_proxy,45.0,44.0,0.015567300000000589,,supplementary,起泵前基线不足180秒,0.031500000000001194,48.8059,0.15749999999999886,2.4361999999999995,2.4467,-0.031500000000001194,2.4361999999999995,0.761594599830487,0.14710000000000178,37.916666666666664,False,0.27545707712798156,0.1,15.0,0.7167938007022642,46.75,0.0,True,2.7828000000000017,1447,1,True,supplementary,C1,1.0710890369368538,False,仅供复核_不作正式训练标签
0f29cc6ab982dd,泸206H8,5,13,whole_stage,6,泸206H8|5-6,泸206H8|5|13,E:\压裂窜扰项目\02 规范化\泸206H8\泸206H8 邻井压力监测\泸206H8-5-13段压裂施工-1、2、3、4、6、7、8井秒点压力监测.xls,导出数据,6井套压(MPa),8eed401cc8eb07424614f7c38ee4602158d415e7dcbed67f1e59aea61aeebba9,E:\压裂窜扰项目\02 规范化\泸206H8\泸206H8 压裂施工曲线\泸206H8-5-13 压裂施工曲线.xlsx,秒点数据,absolute,0,1752999621.0,1753009431.0,163.5,1.0,0,0,0,1.0,3.0,37.23,initial_window_proxy,141.0,140.0,0.029652000000004633,,supplementary,起泵前基线不足180秒,0.07000000000000028,37.19,0.09000000000000341,0.11000000000000654,0.13000000000000256,-0.6399999999999935,-0.02999999999999403,-0.250209480122321,0.22999999999999687,57.166666666666664,False,0.34964322120285424,0.1,15.0,0.23266721044045677,0.0,0.0,False,,1218,1,True,supplementary,C1,0.3054978597866374,False,仅供复核_不作正式训练标签
0f30943521f642,阳101H34,2,22,whole_stage,1,阳101H34|1-2,阳101H34|2|22,E:\压裂窜扰项目\02 规范化\阳101H34\阳101H34 邻井压力监测\阳101H34-2-22段压裂施工-1井秒点压力监测.xls,导出数据,1#1井套压(MPa),2606c632b58075cfd6e77238b3bf16f258e3269b381a7eaf1fd2cca8f1900d3d,E:\压裂窜扰项目\02 规范化\阳101H34\阳101H34 压裂施工曲线\阳101H34-2-22 压裂施工曲线.xls,秒点数据,named_stage_clock_only,-1750982400,39609.0,49723.0,168.56666666666666,1.0,0,0,0,1.0,5.0,52.9068756103516,initial_window_proxy,9.0,8.0,0.01946116104138618,,supplementary,起泵前基线不足180秒,0.03675079345710941,52.9199981689453,0.10500335693360086,2.5593757629394034,2.579063415527301,-0.01968765258789773,2.5659370422362997,1.1026381763611024,0.06562423706050424,24.25,False,0.14385999604508604,0.1,15.0,0.16636993076162215,87.25,0.0,False,,2146,1,True,supplementary,C1,1.361632263361323,False,仅供复核_不作正式训练标签
0f7072607d4ead,泸208H1,6,1,whole_stage,5,泸208H1|5-6,泸208H1|6|1,E:\压裂窜扰项目\02 规范化\泸208H1\泸208H1 邻井压力监测\泸208H1-6-1段压裂施工-5井压力监测.xlsx,6-1-5,无表头_文件名井号,7ba2b9985edb8145f4eaa2d6a004c89f90875249f7a805dff64e36896d8a30e9,E:\压裂窜扰项目\02 规范化\泸208H1\泸208H1 压裂施工曲线\泸208H1-6-1 压裂施工曲线（秒点）.xls,导出数据,named_stage_clock_only,0,34209.0,40659.0,107.5,1.0,0,0,0,1.0,1.0,30.91,initial_window_proxy,36.0,35.0,0.08895599999999809,,supplementary,起泵前基线不足180秒,0.05000000000000071,31.04,0.14000000000000057,27.19,27.459999999999997,-4.23,27.419999999999998,0.9507286821705427,2.289999999999999,88.08333333333333,False,0.8193798449612403,0.2668679999999943,15.0,0.8373643410852714,19.083333333333332,16.916666666666668,True,29.12,1406,1,True,supplementary,C2,6.921578210675997,True,仅供复核_不作正式训练标签
0fbcfe7c9bfa78,泸203H64,3,13,whole_stage,2,泸203H64|2-3,泸203H64|3|13,E:\压裂窜扰项目\02 规范化\泸203H64\泸203H64 邻井压力监测\泸203H64-3-13段压裂施工-1、2、4、5井秒点压力监测.xls,导出数据,2#套压(MPa),b8ded8e9c0d0cbe8086a18f257aa681bbe2d7e46e6b40c91714dbb9d927ef24b,E:\压裂窜扰项目\02 规范化\泸203H64\泸203H64 压裂施工曲线\泸203H64-3-13 压裂施工曲线.csv,text,named_stage_clock_only,-1672358400,25612.0,33592.0,133.0,1.0,0,0,0,1.0,1.0,57.056,initial_window_proxy,112.0,111.0,0.0296519999999941,,supplementary,起泵前基线不足180秒,0.08500000000000085,57.082,0.07900000000000063,3.486000000000004,3.5190000000000055,-0.15799999999999415,3.5190000000000055,1.2326330827067697,0.10500000000000398,49.916666666666664,False,0.37531328320802004,0.1,15.0,0.24536340852130326,63.583333333333336,0.0,True,3.807000000000002,371,1,True,supplementary,C2,1.6468487243483574,False,仅供复核_不作正式训练标签
0ff398a48c462f,泸203H76,4,13,whole_stage,1,泸203H76|1-4,泸203H76|4|13,E:\压裂窜扰项目\02 规范化\泸203H76\泸203H76 邻井压力监测\泸203H76平台-4井-13段压裂施工-1、2、3井秒点压力监测.xls,Sheet1,1井井口压力,d71ad5a3a066e315fcf12cf47ef0fab644d0bf0efe93f3e3727dec8f4f7c7407,E:\压裂窜扰项目\02 规范化\泸203H76\泸203H76 压裂施工曲线\泸203H76-4-13 压裂施工曲线（秒点）.xls,Sheet1,named_stage_clock_only,-1679443200,39965.0,48420.0,140.91666666666666,1.0,0,0,0,1.0,1.0,52.0747,initial_window_proxy,65.0,64.0,0.031134600000001178,,supplementary,起泵前基线不足180秒,0.06300000000000239,52.0852,1.0501000000000005,0.7561000000000035,0.8611000000000004,-0.10499999999999687,0.7036000000000016,0.39662194559432273,0.4305999999999983,28.0,False,0.19869899467770552,0.1,15.0,0.6756948551153164,0.0,0.0,True,0.5775999999999968,909,1,True,supplementary,C1,0.4680848586876272,False,仅供复核_不作正式训练标签
1001362dff0a98,阳101H34,3,7,whole_stage,2,阳101H34|2-3,阳101H34|3|7,E:\压裂窜扰项目\02 规范化\阳101H34\阳101H34 邻井压力监测\阳101H34-3-7段压裂施工-2井秒点压力监测.xls,导出数据,2#2井套压(MPa),a4b8cd62e82bb456a72aae3c942131690eac695f20eec657569d454a5b472996,E:\压裂窜扰项目\02 规范化\阳101H34\阳101H34 压裂施工曲线\阳101H34-3-7 压裂施工曲线.xls,秒点数据,named_stage_clock_only,-1745366400,24662.0,35095.0,173.88333333333333,1.0,0,0,0,1.0,1.0,56.008171081543,initial_window_proxy,62.0,61.0,0.01946681671144685,,supplementary,起泵前基线不足180秒,0.025603485107460244,55.9950408935547,0.039382934570305395,4.1942329406738,4.1942329406738,-0.019691467285198883,4.1942329406738,2.478112621594369,0.06564331054689632,4.083333333333333,False,0.023483178376305952,0.1,15.0,0.2817981405156714,139.16666666666666,0.0,False,,2191,1,True,supplementary,C2,1.011869116534411,False,仅供复核_不作正式训练标签
101facc49e447b,阳101H35,1,10,whole_stage,2,阳101H35|1-2,阳101H35|1|10,E:\压裂窜扰项目\02 规范化\阳101H35\阳101H35 邻井压力监测\阳101H35平台1井第十段压裂期间邻井秒点数据5.28.xlsx,text,2#套压(MPa),01141dc6216b7c58c9fc4c404c1952fdcb8a775a2a13e06e7e00c619b7d1643a,E:\压裂窜扰项目\02 规范化\阳101H35\阳101H35 压裂施工曲线\阳101H35-1-10 压裂施工曲线（秒点）.xlsx,Log Data,named_stage_clock_only,-1716854400,25096.0,36464.0,189.46666666666667,1.0,0,0,0,1.0,1.0,47.7062492370605,initial_window_proxy,136.0,135.0,0.018533631133948927,,supplementary,起泵前基线不足180秒,0.07500076293939628,47.7312507629395,0.08750152587900573,5.056251525879006,5.075000762939503,-0.024997711181597992,5.056251525879006,2.0138909362052546,0.11874771118159799,24.666666666666668,False,0.1301900070372977,0.1,15.0,0.20689655172413793,124.58333333333333,1.0833333333333333,True,5.756252288818402,2309,1,True,supplementary,C2,0.965014811612029,False,仅供复核_不作正式训练标签
102e60bb557d7d,泸203H64,3,12,whole_stage,5,泸203H64|3-5,泸203H64|3|12,E:\压裂窜扰项目\02 规范化\泸203H64\泸203H64 邻井压力监测\泸203H64-3-12段压裂施工-1、2、4、5井秒点压力监测.xls,导出数据,5#套压(MPa),2a3394b1011f8f0cd319cf69593d44926f9b339fec25b83d01004ffb5e0a17df,E:\压裂窜扰项目\02 规范化\泸203H64\泸203H64 压裂施工曲线\泸203H64-3-12 压裂施工曲线（秒点）.csv,text,named_stage_clock_only,-1672272000,52916.0,65947.0,217.18333333333334,1.0,0,0,0,1.0,1.0,51.877,initial_window_proxy,116.0,115.0,0.020756400000004296,,supplementary,起泵前基线不足180秒,0.08899999999999864,51.891,0.054999999999999716,2.7079999999999984,2.7209999999999965,-0.1910000000000025,2.6869999999999976,0.8604781290768144,0.07500000000000284,76.5,False,0.35223697337119175,0.1,15.0,0.2500959251016806,89.25,0.0,True,2.911999999999999,368,1,True,supplementary,C1,1.2615507920826035,False,仅供复核_不作正式训练标签
1064f92da8bf85,泸208H2,9,17,whole_stage,8,泸208H2|8-9,泸208H2|9|17,E:\压裂窜扰项目\02 规范化\泸208H2\泸208H2 邻井压力监测\泸208H2-9-17段压裂施工-8井压力监测.xlsx,9-17-8,无表头_文件名井号,80c8961ca70af4bea3feae09392a520224821041780244ed41d9d8c54a8604a0,E:\压裂窜扰项目\02 规范化\泸208H2\泸208H2 压裂施工曲线\泸208H2-9-17 压裂施工曲线（秒点）.xlsx,秒点数据,named_stage_clock_only,1725926400,1725959317.0,1725970133.0,180.26666666666668,1.0,0,0,0,1.0,1.0,54.2266,initial_window_proxy,97.0,96.0,0.015567300000000589,,supplementary,起泵前基线不足180秒,0.04190000000000538,54.2266,0.11529999999999774,1.8455000000000013,1.8560000000000016,-0.021000000000000796,1.8560000000000016,0.9502067122781092,0.06289999999999907,14.833333333333334,False,0.08228550295857988,0.1,15.0,0.7293823964497042,89.41666666666667,0.0,False,,1747,1,True,supplementary,C1,1.0973643808583844,False,仅供复核_不作正式训练标签
107b8b23cf500c,阳101H32,2,8,whole_stage,6,阳101H32|2-6,阳101H32|2|8,E:\压裂窜扰项目\02 规范化\阳101H32\阳101H32 邻井压力监测\阳101H32-2-8段压裂施工-4、6井秒点压力监测.xlsx,导出数据,6井套压A(MPa),efdc220de1c9915a98dcfa959591269ab83da559ca212208a5ecdfe4d4d923b4,E:\压裂窜扰项目\02 规范化\阳101H32\阳101H32 压裂施工曲线\阳101H32-2-8 压裂施工曲线.xlsx,秒数据,absolute,0,1766215846.0,1766231587.0,262.35,1.0,0,0,0,0.9995553014420939,7.0,50.31,initial_window_proxy,46.0,45.0,0.0,,supplementary,起泵前基线不足180秒,0.01999999999999602,50.315,0.05000000000000426,5.6299999999999955,5.649999999999999,-0.020000000000003126,5.649999999999999,2.4687244184568424,0.060000000000002274,35.5,False,0.13531541833428626,0.1,15.0,0.35865005720096604,181.0,17.666666666666668,False,,1878,1,True,supplementary,C2,0.5017775422413616,False,仅供复核_不作正式训练标签
10cbf6cfe269fc,阳101H51,2,3,whole_stage,1,阳101H51|1-2,阳101H51|2|3,E:\压裂窜扰项目\02 规范化\阳101H51\阳101H51 邻井压力监测\阳101H51-2-3段压裂施工-1、3井秒点压力监测.xlsx,阳101H51-2井压裂施工期间1井、3井压力秒点数据,1井井口套压,2a9b7c3281b82c7096079fe83ef2cdf2d8294e8138e13e7fb0257dd0e65d10ca,E:\压裂窜扰项目\02 规范化\阳101H51\阳101H51 压裂施工曲线\阳101H51-2-3 压裂施工曲线（秒点）.xlsx,秒点数据,absolute,0,1777275664.0,1777292942.0,287.96666666666664,1.0,0,0,0,0.9998842458617896,2.0,52.78,initial_window_proxy,124.0,123.0,0.0,,supplementary,起泵前基线不足180秒,0.0,52.79,0.020000000000003126,6.689999999999998,6.699999999999996,0.0,6.699999999999996,3.5090119240564936,0.05000000000000426,9.333333333333334,False,0.03241115869892349,0.1,15.0,0.701088214864552,242.75,98.91666666666667,False,,2414,1,True,supplementary,C2,0.617018228608682,False,仅供复核_不作正式训练标签
11b436feca326d,泸203H10,2,14,whole_stage,1,泸203H10|1-2,泸203H10|2|14,E:\压裂窜扰项目\02 规范化\泸203H10\泸203H10 邻井压力监测\泸203H10-2-14段压裂施工-1、3井套压压力监测.xls,Sheet1,1井井口套压(MPa),801e1342670cdf3816c06405a1a3d78c5e80725029851352b2424039cbe3d73d,E:\压裂窜扰项目\02 规范化\泸203H10\泸203H10 压裂施工曲线\泸203H10-2-14 压裂施工曲线.xlsx,LogData(s),named_stage_clock_only,-1718582400,25162.0,31421.0,104.31666666666666,60.0,0,0,0,0.9873781754273846,60.0,35.0,initial_window_proxy,0.0,0.0,0.0,,supplementary,原始采样间隔大于30秒；施工窗缺口大于30秒；起泵前基线不足180秒,,,0.75,,4.899999999999999,-0.00999999999999801,4.884999999999998,0.5268932038834948,0.75,51.63333333333333,False,0.49496724716408375,0.1,60.0,0.4077669902912621,16.0,0.0,True,12.055,285,1,True,supplementary,C1,1.1749036304996363,False,仅供复核_不作正式训练标签
11d15a6caef512,泸206H8,5,4,whole_stage,2,泸206H8|2-5,泸206H8|5|4,E:\压裂窜扰项目\02 规范化\泸206H8\泸206H8 邻井压力监测\泸206H8-5-4段压裂施工-1、2、3、4、6、7、8井秒点压力监测.xls,导出数据,2井套压(MPa),ad65d2192c784201a7710fcc95c85240042c4640adf47f61a3702e072dc30a97,E:\压裂窜扰项目\02 规范化\泸206H8\泸206H8 压裂施工曲线\泸206H8-5-4 压裂施工曲线.xlsx,秒点数据,absolute,0,1751961806.0,1751970729.0,148.71666666666667,1.0,0,0,0,1.0,33.0,53.34,pre_pump_10min,206.0,205.0,0.0296519999999941,-0.01746996262702937,supplementary,施工窗缺口大于30秒,0.04999999999999716,53.32,0.04999999999999716,0.04999999999999716,0.05999999999999517,-0.10000000000000142,-0.07000000000000028,-0.032949120251039486,0.03999999999999915,,True,1.0,0.1,15.0,0.4906084804858846,0.0,0.0,False,,1262,1,True,supplementary,C1,0.0567036343281688,False,仅供复核_不作正式训练标签
11db03af189845,阳101H51,4,9,whole_stage,5,阳101H51|4-5,阳101H51|4|9,E:\压裂窜扰项目\02 规范化\阳101H51\阳101H51 邻井压力监测\阳101H51-4-9段压裂施工-3、5、6井秒点压力监测.xlsx,阳101H51-4井9段压裂全国期间3井、5井、6井压力秒点数,5井套压,90270507853f9d0e6e60222c50d8d98d98c2529f1fd1d6efc1a5cdca1eb66e30,E:\压裂窜扰项目\02 规范化\阳101H51\阳101H51 压裂施工曲线\阳101H51-4-9 压裂施工曲线（秒点）.xlsx,秒点数据,absolute,0,1784023342.0,1784041134.0,296.53333333333336,1.0,0,0,0,1.0,1.0,45.36,initial_window_proxy,82.0,81.0,0.0,,supplementary,起泵前基线不足180秒,0.00999999999999801,45.36,0.020000000000003126,0.6199999999999974,0.6300000000000026,-0.00999999999999801,0.6199999999999974,0.23371487185251835,0.020000000000003126,103.16666666666667,False,0.3479091726618705,0.1,15.0,0.6491119604316546,0.0,0.0,True,0.6600000000000037,2477,1,True,supplementary,C1,0.2967080572289292,False,仅供复核_不作正式训练标签
11f6a4cc0ff269,泸203H9,4,6,whole_stage,5,泸203H9|4-5,泸203H9|4|6,E:\压裂窜扰项目\02 规范化\泸203H9\泸203H9 邻井压力监测\泸203H9-4井第6段8点到11点53邻井压力检测数据(1).xls,导出数据,5#套压(MPa),c1b8c08fa1053fcf50b87eecc797c77e7c202349c185d6e6e1f8fa6a11794723,E:\压裂窜扰项目\02 规范化\泸203H9\泸203H9 压裂施工曲线\泸203H9-4-6 压裂施工曲线-2.xlsx,LogData(s),named_stage_clock_only,-1690761600,30145.0,41934.0,196.48333333333332,1.0,0,0,0,0.9868521503096107,155.0,38.4300003051758,initial_window_proxy,0.0,0.0,0.009727752685578479,,supplementary,施工窗缺口大于30秒；起泵前基线不足180秒,,,0.059062957763593715,0.09187316894529829,0.11156082153319602,-0.006561279296903422,0.09843826293939628,0.04221272759569358,0.02624893188469457,,True,1.0,0.1,15.0,0.3280041258380609,0.0,0.0,True,0.1049995422362997,986,1,True,supplementary,C1,0.042466136395209506,False,仅供复核_不作正式训练标签
11fdc02f0440c7,阳101H34,4,5,whole_stage,3,阳101H34|3-4,阳101H34|4|5,E:\压裂窜扰项目\02 规范化\阳101H34\阳101H34 邻井压力监测\阳101H34-4-5段压裂施工-3井秒点压力监测.xls,导出数据,3#3井套压(MPa),ba6bc202548d641356f48eab1c6f923287668079876fcfb030b6b983ccd0e7b8,E:\压裂窜扰项目\02 规范化\阳101H34\阳101H34 压裂施工曲线\阳101H34-4-5 压裂施工曲线.xls,秒点数据,named_stage_clock_only,-1744934400,38382.0,48644.0,171.03333333333333,1.0,0,0,0,0.9982459559540051,18.0,52.6312484741211,initial_window_proxy,0.0,0.0,0.009733408355649682,,supplementary,起泵前基线不足180秒,,,0.04593658447269888,5.026878356933601,5.059688568115199,-0.006561279296903422,5.059688568115199,2.1587253942567752,0.09843826293949576,14.55,False,0.08507113623075424,0.1,15.0,0.25907848496680985,106.33333333333333,1.5,True,5.263126373291001,2210,1,True,supplementary,C2,0.6367078853526078,False,仅供复核_不作正式训练标签
1307b44e5718f9,阳101H34,2,21,whole_stage,3,阳101H34|2-3,阳101H34|2|21,E:\压裂窜扰项目\02 规范化\阳101H34\阳101H34 邻井压力监测\阳101H34-2-21段压裂施工-3井秒点压力监测.xls,导出数据,3#3井套压(MPa),6716cbab03c2714feb18251cfc3c836eed4c73b3b979e7ff44bf191597adbf09,E:\压裂窜扰项目\02 规范化\阳101H34\阳101H34 压裂施工曲线\阳101H34-2-21 压裂施工曲线.xls,秒点数据,named_stage_clock_only,-1750809600,40781.0,45695.0,81.9,1.0,0,0,0,0.9839234839234839,79.0,59.3364601135254,initial_window_proxy,0.0,0.0,0.01949509506223479,,supplementary,施工窗缺口大于30秒；起泵前基线不足180秒,,,0.04602432250980115,2.307834625244105,2.3209838867187003,-0.019725799560596613,2.3209838867187003,0.8220613781397348,0.11835098266600141,23.15,False,0.2826617826617826,0.1,15.0,0.2705274043433299,30.0,0.0,False,,2145,1,True,supplementary,C1,1.1259439546666146,False,仅供复核_不作正式训练标签
1396cf5d7e42a9,泸203H76,2,12,whole_stage,1,泸203H76|1-2,泸203H76|2|12,E:\压裂窜扰项目\02 规范化\泸203H76\泸203H76 邻井压力监测\泸203H76平台-2井-12段压裂施工-1、3、4井秒点压力监测.xlsx,Sheet1,1井井口压力,2d4b3c36b19ef21eb6eaa9a6327d3d58fa83936a93d4a8b20d9e4bccc9d6d5e2,E:\压裂窜扰项目\02 规范化\泸203H76\泸203H76 压裂施工曲线\泸203H76-2-12 压裂施工曲线（秒点）.xlsx,Sheet1,named_stage_clock_only,-1678752000,39819.0,51333.0,191.9,1.0,0,0,0,1.0,1.0,53.4083,initial_window_proxy,159.0,158.0,0.04670190000000177,,supplementary,起泵前基线不足180秒,0.10499999999999687,53.3873,1.7431999999999945,4.652000000000001,4.82,-0.09449999999999648,4.442,2.4639081335765183,0.5144999999999982,36.5,False,0.19020323084940072,0.1401057000000053,15.0,0.6829077644606566,134.58333333333334,0.0,True,4.8515000000000015,752,1,True,supplementary,C2,0.83493171385755,False,仅供复核_不作正式训练标签
13d1b6bfd165e4,泸203H64,3,13,whole_stage,4,泸203H64|3-4,泸203H64|3|13,E:\压裂窜扰项目\02 规范化\泸203H64\泸203H64 邻井压力监测\泸203H64-3-13段压裂施工-1、2、4、5井秒点压力监测.xls,导出数据,4#套压(MPa),b8ded8e9c0d0cbe8086a18f257aa681bbe2d7e46e6b40c91714dbb9d927ef24b,E:\压裂窜扰项目\02 规范化\泸203H64\泸203H64 压裂施工曲线\泸203H64-3-13 压裂施工曲线.csv,text,named_stage_clock_only,-1672358400,25612.0,33592.0,133.0,1.0,0,0,0,1.0,1.0,46.482,initial_window_proxy,112.0,111.0,0.0,,supplementary,起泵前基线不足180秒,0.012999999999998124,46.482,0.03999999999999915,0.026000000000003354,0.026000000000003354,-0.07900000000000063,-0.03900000000000148,-0.032713847117794036,0.045999999999999375,,True,1.0,0.1,15.0,0.34147869674185466,0.0,0.0,True,-0.02599999999999625,373,1,True,supplementary,C1,0.0415735618383863,False,仅供复核_不作正式训练标签
1488545ddf7b76,阳101H51,2,13,whole_stage,1,阳101H51|1-2,阳101H51|2|13,E:\压裂窜扰项目\02 规范化\阳101H51\阳101H51 邻井压力监测\阳101H51-2-13段压裂施工-1、3井秒点压力监测.xlsx,阳101H51平台-2井13段压裂施工期间1井、3井压力秒点数,1井套压,81e7ec8d55e217188959574b5e9ba597804c0064a1cfa7ab7e84aa6b781fa58a,E:\压裂窜扰项目\02 规范化\阳101H51\阳101H51 压裂施工曲线\阳101H51-2-13 压裂施工曲线（秒点）.xlsx,秒点数据,absolute,0,1781707658.0,1781725975.0,305.28333333333336,1.0,0,0,0,1.0,1.0,40.27,initial_window_proxy,39.0,38.0,0.0,,supplementary,起泵前基线不足180秒,0.0,40.27,0.020000000000003126,3.6799999999999997,3.6899999999999977,0.0,3.6899999999999977,1.090624283452528,0.03999999999999915,112.08333333333333,False,0.3671452748812578,0.1,15.0,0.704864333679096,128.58333333333334,0.0,True,3.9099999999999966,2393,1,True,supplementary,C1,1.607645013939712,True,仅供复核_不作正式训练标签
151c32df28bd10,泸203H64,4,14,whole_stage,5,泸203H64|4-5,泸203H64|4|14,E:\压裂窜扰项目\02 规范化\泸203H64\泸203H64 邻井压力监测\泸203H64-4-14段压裂施工-1、2、3、5井秒点压力监测.xls,导出数据,5#套压(MPa),1697ee0df6ee9b20a300a7e7a111beb399477b29a06e464c392f2880e4aac0de,E:\压裂窜扰项目\02 规范化\泸203H64\泸203H64 压裂施工曲线\泸203H64-4-14 压裂施工曲线.csv,text,named_stage_clock_only,-1671667200,25384.0,30596.0,86.86666666666666,1.0,0,0,0,0.9662317728319263,176.0,50.404,initial_window_proxy,0.0,0.0,0.010378200000007417,,supplementary,施工窗缺口大于30秒；起泵前基线不足180秒,,,0.06900000000000261,2.3049999999999997,2.3319999999999936,-0.021000000000000796,2.3189999999999955,0.788208300238281,0.10900000000000176,27.683333333333334,False,0.31868764389869536,0.1,15.0,0.2603256552819698,29.75,0.0,False,,435,1,True,supplementary,C1,1.0672176428713225,False,仅供复核_不作正式训练标签
15829791a337fc,阳101H34,6,6,whole_stage,5,阳101H34|5-6,阳101H34|6|6,E:\压裂窜扰项目\02 规范化\阳101H34\阳101H34 邻井压力监测\阳101H34-6-6段压裂施工-5井秒点压力监测.xls,导出数据,5#5井套压(MPa),cf3df272bf4d37e8ccdd48f3419f2e403545b8db5f019ee2fcb155ececeecddf,E:\压裂窜扰项目\02 规范化\阳101H34\阳101H34 压裂施工曲线\阳101H34-6-6 压裂施工曲线.xls,秒点数据,named_stage_clock_only,-1747612800,34677.0,44903.0,170.43333333333334,1.0,0,0,0,0.993839233326814,63.0,50.6296882629395,initial_window_proxy,0.0,0.0,0.009727752685430994,,supplementary,施工窗缺口大于30秒；起泵前基线不足180秒,,,0.05250167846680398,3.1106224060057954,3.1171875,-0.032814025879005726,3.1171875,1.0324220262290702,0.05250167846680398,48.46666666666667,False,0.28437316643849014,0.1,15.0,0.23526517760503787,75.58333333333333,0.0,False,,2222,1,True,supplementary,C1,1.420957515079481,False,仅供复核_不作正式训练标签
1585e96f57d4ea,泸208H2,8,4,whole_stage,9,泸208H2|8-9,泸208H2|8|4,E:\压裂窜扰项目\02 规范化\泸208H2\泸208H2 邻井压力监测\泸208H2-8-4段压裂施工-9井压力监测.xlsx,8-4-9,无表头_文件名井号,8ba1dd5b9af436d940445043f59e12f7868362b04039d8d3c36859b66662c888,E:\压裂窜扰项目\02 规范化\泸208H2\泸208H2 压裂施工曲线\泸208H2-8-4 压裂施工曲线（秒点）.xlsx,秒点数据,named_stage_clock_only,1719014400,1719043468.0,1719050947.0,124.65,1.0,0,0,0,0.9957213531220751,32.0,52.2817,initial_window_proxy,0.0,0.0,0.015567300000000589,,supplementary,施工窗缺口大于30秒；起泵前基线不足180秒,,,0.16799999999999926,6.5527000000000015,6.584200000000003,-0.031500000000001194,6.573700000000002,2.8499879817376117,0.17849999999999966,19.533333333333335,False,0.15670544190399788,0.1,15.0,0.7071303880757353,80.83333333333333,32.166666666666664,True,6.9831999999999965,1685,1,True,supplementary,C2,0.047497543789895,False,仅供复核_不作正式训练标签
1587edbdc106b8,泸208H2,4,22,whole_stage,3,泸208H2|3-4,泸208H2|4|22,E:\压裂窜扰项目\02 规范化\泸208H2\泸208H2 邻井压力监测\泸208H2-4-22段压裂施工-3井压力监测.xlsx,4-22-3,无表头_文件名井号,02dba301b2efcaa1d7b3d516dcfe625e10b18d5cbd500da537c6d74753ebee44,E:\压裂窜扰项目\02 规范化\泸208H2\泸208H2 压裂施工曲线\泸208H2-4-22 压裂施工曲线（秒点）.xlsx,Log Data,named_stage_clock_only,0,27855.0,34921.0,117.76666666666667,1.0,0,1,0,1.0,2.0,58.68,initial_window_proxy,75.0,74.0,0.26686799999999955,,supplementary,起泵前基线不足180秒,0.533997399999997,58.7212485,0.630001,2.849998999999997,3.0224990000000034,-0.22499799999999937,2.9625020000000006,1.0048243356212854,0.4724999999999966,67.33333333333333,False,0.5717520520803849,0.8006039999999987,15.0,0.05732484076433121,45.583333333333336,0.0,True,3.0900000000000034,1530,1,True,supplementary,C1,1.3202732685310965,False,仅供复核_不作正式训练标签
164e8e812f4797,泸203H64,3,12,whole_stage,4,泸203H64|3-4,泸203H64|3|12,E:\压裂窜扰项目\02 规范化\泸203H64\泸203H64 邻井压力监测\泸203H64-3-12段压裂施工-1、2、4、5井秒点压力监测.xls,导出数据,4#套压(MPa),2a3394b1011f8f0cd319cf69593d44926f9b339fec25b83d01004ffb5e0a17df,E:\压裂窜扰项目\02 规范化\泸203H64\泸203H64 压裂施工曲线\泸203H64-3-12 压裂施工曲线（秒点）.csv,text,named_stage_clock_only,-1672272000,52916.0,65947.0,217.18333333333334,1.0,0,0,0,1.0,1.0,46.357,initial_window_proxy,116.0,115.0,0.008895600000000337,,supplementary,起泵前基线不足180秒,0.01999999999999602,46.357,0.03999999999999915,0.0,0.006999999999997897,-0.08500000000000085,-0.012999999999998124,-0.03203744915969484,0.03300000000000125,,True,1.0,0.1,15.0,0.3130995318855038,0.0,0.0,True,-0.045000000000001705,369,1,True,supplementary,C1,0.03262861110980757,False,仅供复核_不作正式训练标签
1736b594cdd562,阳101H34,6,10,whole_stage,5,阳101H34|5-6,阳101H34|6|10,E:\压裂窜扰项目\02 规范化\阳101H34\阳101H34 邻井压力监测\阳101H34-6-10段压裂施工-5井秒点压力监测.xls,导出数据,5#5井套压(MPa),cdc5ffb7e1dd591aac77b4b470b62bd8298e49633073427b3a18592130e0745a,E:\压裂窜扰项目\02 规范化\阳101H34\阳101H34 压裂施工曲线\阳101H34-6-10 压裂施工曲线.xls,秒点数据,named_stage_clock_only,-1748476800,40172.0,48557.0,139.75,1.0,0,0,0,0.989505068574836,88.0,51.7190628051758,initial_window_proxy,0.0,0.0,0.009727752685578479,,supplementary,施工窗缺口大于30秒；起泵前基线不足180秒,,,0.09843826293949576,1.1418762207030966,1.1549987792968963,-0.026248931884801152,1.1549987792968963,0.3339159794136352,0.19031524658199572,58.63333333333333,False,0.4195587358378056,0.1,15.0,0.21827166445703267,9.166666666666666,0.0,False,,2218,1,True,supplementary,C1,0.48358606032630186,False,仅供复核_不作正式训练标签
17bd78115b8fec,泸203H76,1,5,whole_stage,4,泸203H76|1-4,泸203H76|1|5,E:\压裂窜扰项目\02 规范化\泸203H76\泸203H76 邻井压力监测\泸203H76平台-1井-5段压裂施工-2、3、4井秒点压力监测.xls,历史数据,4井井口压力,b89bb7db25c89df13e3a9a297257960c9b4dfed2e0cce137543543af5679d330,E:\压裂窜扰项目\02 规范化\泸203H76\泸203H76 压裂施工曲线\泸203H76-1-5 压裂施工曲线（秒点）.xlsx,Sheet1,named_stage_clock_only,-1677542400,44829.0,53333.0,141.73333333333332,1.0,0,0,0,1.0,1.0,50.7201,initial_window_proxy,69.0,68.0,0.015567300000000589,,supplementary,起泵前基线不足180秒,0.023099999999999454,50.7201,1.113199999999999,0.12599999999999767,0.15749999999999886,-0.22060000000000457,-0.08400000000000318,-0.03529446142991721,0.18900000000000006,,True,1.0,0.1,15.0,0.6983772342427094,0.0,0.0,True,-0.08400000000000318,721,1,True,supplementary,C1,0.06414267890526355,False,仅供复核_不作正式训练标签
1802f5338f24e4,阳101H51,1,9,whole_stage,2,阳101H51|1-2,阳101H51|1|9,E:\压裂窜扰项目\02 规范化\阳101H51\阳101H51 邻井压力监测\阳101H51-1-9段压裂施工-2、3井秒点压力监测.xlsx,阳101H51-1井9段压裂施工期间2井、3井压力秒点数据（2,2井套压,d554b3520ad774cf09153d3b635b519c5d86020687f6d76b260f6d1fcd06f522,E:\压裂窜扰项目\02 规范化\阳101H51\阳101H51 压裂施工曲线\阳101H51-1-9 压裂施工曲线（秒点）.xlsx,秒点数据,absolute,0,1777902239.0,1777914180.0,199.01666666666668,1.0,0,0,0,1.0,161.0,54.51,initial_window_proxy,59.0,58.0,0.0,,supplementary,施工窗缺口大于30秒；起泵前基线不足180秒,0.00999999999999801,54.51,0.020000000000003126,3.4200000000000017,3.4299999999999997,0.0,3.4299999999999997,1.6846620886022967,0.03999999999999915,13.75,False,0.06908969098065489,0.1,15.0,0.6490960020371785,130.75,0.0,False,,2387,1,True,supplementary,C2,1.4937084332733914,False,仅供复核_不作正式训练标签
18547bfa686047,泸203H76,4,10,whole_stage,2,泸203H76|2-4,泸203H76|4|10,E:\压裂窜扰项目\02 规范化\泸203H76\泸203H76 邻井压力监测\泸203H76平台-4井-10段压裂施工-1、2、3井秒点压力监测.xls,历史数据,2井,dd248fba6b9a6de68dfa0ca75c6818e69a178e8183e128898553716087ab61ef,E:\压裂窜扰项目\02 规范化\泸203H76\泸203H76 压裂施工曲线\泸203H76-4-10 压裂施工曲线（秒点）.xls,Sheet1,named_stage_clock_only,-1678838400,29093.0,48400.0,321.78333333333336,1.0,0,0,0,1.0,1.0,53.0933,initial_window_proxy,113.0,112.0,0.015567300000000589,,supplementary,起泵前基线不足180秒,0.010500000000000398,53.109049999999996,0.11550000000000438,1.6591999999999985,1.6591999999999985,-0.21000000000000085,1.2286000000000001,0.6965651110996018,0.11550000000000438,119.83333333333333,False,0.37240379137100527,0.1,15.0,0.8989485678769358,138.33333333333334,0.0,True,1.1236000000000033,898,1,True,supplementary,C1,0.9928850260714892,False,仅供复核_不作正式训练标签
1860b31122ec0c,泸206H8,5,3,whole_stage,8,泸206H8|5-8,泸206H8|5|3,E:\压裂窜扰项目\02 规范化\泸206H8\泸206H8 邻井压力监测\泸206H8-5-3段压裂施工-1、2、3、4、6、7、8井分点压力监测.xls,导出数据,8井套压(MPa),8d6dc11197a791c8b6fbf161660bdeb97a6851c88189cb2811b1ff16753293d6,E:\压裂窜扰项目\02 规范化\泸206H8\泸206H8 压裂施工曲线\泸206H8-5-3 压裂施工曲线.xlsx,秒点数据,absolute,0,1751871510.0,1751880274.0,146.06666666666666,60.0,0,0,0,0.9926973984481972,60.0,33.77,initial_window_proxy,4.0,180.0,0.0,,supplementary,原始采样间隔大于30秒；施工窗缺口大于30秒；起泵前基线不足180秒,,33.8,0.13000000000000256,,0.8299999999999983,-0.14000000000000057,0.6099999999999959,0.3691034482758592,0.07000000000000028,16.5,False,0.11296211775445003,0.1,60.0,0.12413793103448276,0.0,0.0,False,,1237,1,True,supplementary,C1,0.4775720553776837,False,仅供复核_不作正式训练标签
186909266721cf,阳101H51,3,4,whole_stage,1,阳101H51|1-3,阳101H51|3|4,E:\压裂窜扰项目\02 规范化\阳101H51\阳101H51 邻井压力监测\阳101H51-3-4段压裂施工-1、2井秒点压力监测.xlsx,阳101H51-3井4段压裂期间1井、2井压力秒点数据（202,1井套压,ff289fb7a9d5203e04447a10ab6ee8578a43094ea14f798c6a5870249adff6cb,E:\压裂窜扰项目\02 规范化\阳101H51\阳101H51 压裂施工曲线\阳101H51-3-4 压裂施工曲线（秒点）.xlsx,秒点数据,absolute,0,1777815428.0,1777827839.0,206.85,1.0,0,0,0,1.0,1.0,58.64,initial_window_proxy,8.0,7.0,0.01482599999999705,,supplementary,起泵前基线不足180秒,0.010000000000005116,58.66,0.020000000000003126,0.4799999999999969,0.490000000000002,-0.3500000000000014,0.490000000000002,-0.018475143018290875,0.020000000000003126,148.25,False,0.7167029248247523,0.1,15.0,0.6212231085327532,0.0,0.0,False,,2450,1,True,supplementary,C1,0.21275971107712355,False,仅供复核_不作正式训练标签
1871206a0fa774,阳101H51,2,15,whole_stage,1,阳101H51|1-2,阳101H51|2|15,E:\压裂窜扰项目\02 规范化\阳101H51\阳101H51 邻井压力监测\阳101H51-2-15段压裂施工-1、3、4井秒点压力监测.xlsx,历史数据,1井套压,8fa4e7d2f4777d4619ed06e01c9c67fddbb9861fb7ebe8fbb54410e8ee3ba94a,E:\压裂窜扰项目\02 规范化\阳101H51\阳101H51 压裂施工曲线\阳101H51-2-15 压裂施工曲线（秒点）.xlsx,秒点数据,absolute,0,1781867372.0,1781877303.0,165.51666666666668,1.0,0,0,0,1.0,1.0,48.58,initial_window_proxy,92.0,91.0,0.0,,supplementary,起泵前基线不足180秒,0.00999999999999801,48.59,0.020000000000003126,5.719999999999999,5.760000000000005,-0.10000000000000142,5.75,1.3771276809988944,0.09000000000000341,63.75,False,0.3851575873527338,0.1,15.0,0.6548182458966871,66.83333333333333,9.75,True,6.490000000000002,2398,1,True,supplementary,C2,1.279864048449111,False,仅供复核_不作正式训练标签
18b4a171116400,阳101H34,3,10,whole_stage,2,阳101H34|2-3,阳101H34|3|10,E:\压裂窜扰项目\02 规范化\阳101H34\阳101H34 邻井压力监测\阳101H34-3-10段压裂施工-2井秒点压力监测.xls,导出数据,2#2井套压(MPa),c9655fdf2f23a23e9dc09edef10e7aca174a1329f1a75b316da2945ec2b969c6,E:\压裂窜扰项目\02 规范化\阳101H34\阳101H34 压裂施工曲线\阳101H34-3-10 压裂施工曲线.xls,秒点数据,named_stage_clock_only,-1746230400,24345.0,34543.0,169.96666666666667,1.0,0,0,0,1.0,1.0,56.952320098877,initial_window_proxy,45.0,44.0,0.06822434921259381,,supplementary,起泵前基线不足180秒,0.01972198486329546,56.8931541442871,0.046016693115298324,4.430721282958899,4.450443267822195,-0.06573867797860089,4.4438667297363,2.550246389268914,0.08546066284180398,5.916666666666667,False,0.03481074720533438,0.20467304763778144,15.0,0.2592665228476172,138.16666666666666,0.0,False,,2162,1,True,supplementary,C2,0.9389392644808014,False,仅供复核_不作正式训练标签
198bbcc3d18a66,泸203H64,5,6,whole_stage,1,泸203H64|1-5,泸203H64|5|6,E:\压裂窜扰项目\02 规范化\泸203H64\泸203H64 邻井压力监测\泸203H64-5-6段压裂施工-1、2、3、4井秒点压力监测.xls,导出数据,1#套压(MPa),d5940d5de3b7a35970be7ed1e4db51f5dbe21d179697d9ab005c0022a070180c,E:\压裂窜扰项目\02 规范化\泸203H64\泸203H64 压裂施工曲线\泸203H64-5-6 压裂施工曲线.csv,text,named_stage_clock_only,-1670630400,44752.0,54050.0,154.96666666666667,1.0,0,0,0,0.9946224994622499,50.0,38.863,initial_window_proxy,52.0,51.0,0.019273799999997218,,supplementary,施工窗缺口大于30秒；起泵前基线不足180秒,0.05299999999999727,38.8795,0.03999999999999915,0.26899999999999835,0.27600000000000335,-0.02599999999999625,0.23000000000000398,0.14739678849481014,0.09899999999999665,35.166666666666664,False,0.22693052269305225,0.1,15.0,0.3681877162629758,0.0,0.0,False,,512,1,True,supplementary,C1,0.1572555850106118,False,仅供复核_不作正式训练标签
1a04145b2341af,泸206H8,4,4,whole_stage,5,泸206H8|4-5,泸206H8|4|4,E:\压裂窜扰项目\02 规范化\泸206H8\泸206H8 邻井压力监测\泸206H8-4-4段压裂施工-1、2、3、5、6、7、8井秒点压力监测.xls,导出数据,5井套压(MPa),c258ea4be9268c5932f65316b0cec9960457061ec601f428ba0c03b04f5a5143,E:\压裂窜扰项目\02 规范化\泸206H8\泸206H8 压裂施工曲线\泸206H8-4-4 压裂施工曲线.xlsx,秒点数据,absolute,0,1752241715.0,1752250871.0,152.6,1.0,0,0,0,0.9962865880297073,34.0,60.74,pre_pump_10min,215.0,214.0,0.01482599999999705,6.737665723955947e-05,supplementary,施工窗缺口大于30秒,0.030000000000001137,60.74,0.05000000000000426,0.0,0.01999999999999602,-0.10999999999999943,-0.10999999999999943,-0.0693153913615462,0.030000000000001137,,True,1.0,0.1,15.0,0.3824153725840688,0.0,0.0,False,,1146,1,True,supplementary,C1,0.07782086205751186,False,仅供复核_不作正式训练标签
1a33c5fbc339f5,泸208H2,9,9,whole_stage,8,泸208H2|8-9,泸208H2|9|9,E:\压裂窜扰项目\02 规范化\泸208H2\泸208H2 邻井压力监测\泸208H2-9-9段压裂施工-8井压力监测.xlsx,9-9-8,无表头_文件名井号,0238332fc8e75ade06b4a133062f5b02fa8f9a7fef84c0caf9776a797953de1b,E:\压裂窜扰项目\02 规范化\泸208H2\泸208H2 压裂施工曲线\泸208H2-9-9 压裂施工曲线（秒点）.xlsx,秒点数据,named_stage_clock_only,1721865600,1721891758.0,1721903168.0,190.16666666666666,1.0,0,0,0,1.0,1.0,47.5994,initial_window_proxy,58.0,57.0,0.015567300000000589,,supplementary,起泵前基线不足180秒,0.04200000000000159,47.5889,0.13640000000000185,9.301099999999998,9.353499999999997,-0.04200000000000159,9.3326,5.35860181419807,0.20980000000000132,6.833333333333333,False,0.03593339176161262,0.1,15.0,0.7408413672217353,165.66666666666666,131.0,True,10.0456,1770,1,True,supplementary,C2,2.602981746956708,False,仅供复核_不作正式训练标签
1aed6943f82df8,泸208H2,8,4,whole_stage,7,泸208H2|7-8,泸208H2|8|4,E:\压裂窜扰项目\02 规范化\泸208H2\泸208H2 邻井压力监测\泸208H2-8-4段压裂施工-7井压力监测.xlsx,8-4-7,无表头_文件名井号,b0f13eaeb82e9af45f2971594a88007d140ca20a00b427bbb2ab49e1caa55e99,E:\压裂窜扰项目\02 规范化\泸208H2\泸208H2 压裂施工曲线\泸208H2-8-4 压裂施工曲线（秒点）.xlsx,秒点数据,named_stage_clock_only,1719014400,1719043468.0,1719050947.0,124.65,1.0,0,0,0,0.9957213531220751,32.0,53.1707,initial_window_proxy,0.0,0.0,0.015715559999994976,,supplementary,施工窗缺口大于30秒；起泵前基线不足180秒,,,0.1156999999999968,3.669000000000004,3.690000000000005,-0.02109999999999701,3.690000000000005,1.559494756277699,0.1156999999999968,15.283333333333333,False,0.12260997459553416,0.1,15.0,0.7214985900362562,71.5,0.0,True,3.9739000000000004,1684,1,True,supplementary,C2,1.439495461171975,False,仅供复核_不作正式训练标签
1afb09d685487f,泸203H64,3,5,whole_stage,4,泸203H64|3-4,泸203H64|3|5,E:\压裂窜扰项目\02 规范化\泸203H64\泸203H64 邻井压力监测\泸203H64-3-5段压裂施工-1、2、4、5井秒点压力监测.xls,导出数据,4#套压(MPa),de8f2f5e3db9dd7db0e5a080b780cdeae883022cd7834aa60d53ba546a1fa136,E:\压裂窜扰项目\02 规范化\泸203H64\泸203H64 压裂施工曲线\泸203H64-3-5 压裂施工曲线.csv,text,named_stage_clock_only,-1671840000,25091.0,36650.0,192.65,1.0,0,0,0,0.9905701185223635,109.0,59.935,initial_window_proxy,0.0,0.0,0.008895600000000337,,supplementary,施工窗缺口大于30秒；起泵前基线不足180秒,,,0.03900000000000148,0.012999999999998124,0.027000000000001023,-0.3470000000000013,-0.3410000000000011,-0.1669285589519674,0.04600000000000648,,True,1.0,0.1,15.0,0.29458515283842795,0.0,0.0,False,,398,1,True,supplementary,C1,0.19876052039901518,False,仅供复核_不作正式训练标签
1b66d3a9fd0786,泸203H9,4,6,whole_stage,2,泸203H9|2-4,泸203H9|4|6,E:\压裂窜扰项目\02 规范化\泸203H9\泸203H9 邻井压力监测\泸203H9-4井第6段8点到11点53邻井压力检测数据(1).xls,导出数据,2#套压(MPa),c1b8c08fa1053fcf50b87eecc797c77e7c202349c185d6e6e1f8fa6a11794723,E:\压裂窜扰项目\02 规范化\泸203H9\泸203H9 压裂施工曲线\泸203H9-4-6 压裂施工曲线-2.xlsx,LogData(s),named_stage_clock_only,-1690761600,30145.0,41934.0,196.48333333333332,1.0,0,0,0,0.9868521503096107,155.0,32.0381240844727,initial_window_proxy,0.0,0.0,0.009727752685578479,,supplementary,施工窗缺口大于30秒；起泵前基线不足180秒,,,0.04593658447269888,0.0065650939940979924,0.013126373291001414,-0.03281021118169747,0.0,-0.0033268407999270046,0.01968765258789773,,True,1.0,0.1,15.0,0.29422382671480146,0.0,0.0,True,0.0,987,1,True,supplementary,C1,0.015007266622184743,False,仅供复核_不作正式训练标签
1b72a5dc69e873,泸203H66,1,7,whole_stage,3,泸203H66|1-3,泸203H66|1|7,E:\压裂窜扰项目\02 规范化\泸203H66\泸203H66 邻井压力监测\泸203H66平台-1井-7段压裂施工-2、3井秒点压力监测-2.xls,Sheet1,3井压力（MPa）,e57b1e5d37f0e8d8cb4e408b66739433b6f3e4f6e97b7f293c2094045dcaaa2f,E:\压裂窜扰项目\02 规范化\泸203H66\泸203H66 压裂施工曲线\泸203H66-1-7 压裂施工曲线.xlsx,LogData(s),named_stage_clock_only,-1678406400,40741.0,51525.0,179.73333333333332,1.0,0,0,0,0.9945289317507419,59.0,52.5,initial_window_proxy,0.0,0.0,0.0,,supplementary,施工窗缺口大于30秒；起泵前基线不足180秒,,,0.07000000000000028,3.3100000000000023,3.3100000000000023,-0.060000000000002274,3.3100000000000023,1.0771258741258745,0.07000000000000028,46.06666666666667,False,0.2563056379821959,0.1,15.0,0.8883916083916084,82.41666666666667,0.0,False,,569,1,True,supplementary,C1,1.4812052268666993,True,仅供复核_不作正式训练标签
1bb1f3d7586591,泸206H8,5,5,whole_stage,2,泸206H8|2-5,泸206H8|5|5,E:\压裂窜扰项目\02 规范化\泸206H8\泸206H8 邻井压力监测\泸206H8-5-5段压裂施工-1、2、3、4、6、7、8井秒点压力监测.xls,导出数据,2井套压(MPa),070e46c362ef9be5498b0ef7f3068c9dfea26f925db9442aafd9d0827779c160,E:\压裂窜扰项目\02 规范化\泸206H8\泸206H8 压裂施工曲线\泸206H8-5-5 压裂施工曲线.xlsx,秒点数据,absolute,0,1752048733.0,1752057520.0,146.45,1.0,0,0,0,1.0,1.0,53.03,initial_window_proxy,133.0,132.0,0.0,,supplementary,起泵前基线不足180秒,0.020000000000003126,53.02,0.03999999999999915,0.030000000000001137,0.030000000000001137,-0.14000000000000057,-0.060000000000002274,-0.049023557528167616,0.0800000000000054,,True,1.0,0.1,15.0,0.4313189939683624,0.0,0.0,False,,1276,1,True,supplementary,C1,0.05921805205269328,False,仅供复核_不作正式训练标签
1be49b49767920,泸206H8,4,20,whole_stage,7,泸206H8|4-7,泸206H8|4|20,E:\压裂窜扰项目\02 规范化\泸206H8\泸206H8 邻井压力监测\泸206H8-4-20段压裂施工-1、2、3、5、6、7、8井秒点压力监测-2.xls,导出数据,7井套压(MPa),16537a8097fa95a82446cc06aae76466b6a45a8c816aa71212eed37ef36546bd,E:\压裂窜扰项目\02 规范化\泸206H8\泸206H8 压裂施工曲线\泸206H8-4-20 压裂施工曲线.xlsx,秒点数据,absolute,0,1753889872.0,1753904032.0,236.0,1.0,0,0,0,1.0,1.0,31.06,initial_window_proxy,172.0,171.0,0.0,,supplementary,起泵前基线不足180秒,0.019999999999999574,31.06,0.0400000000000027,0.0,0.010000000000001563,-0.34999999999999787,-0.18999999999999773,-0.16108368644067672,0.020000000000003126,,True,1.0,0.1,15.0,0.3938559322033898,0.0,0.0,True,-0.1999999999999993,1092,1,True,supplementary,C1,0.198997113947069,False,仅供复核_不作正式训练标签
1c12a9725b7db4,泸203H76,1,11,whole_stage,2,泸203H76|1-2,泸203H76|1|11,E:\压裂窜扰项目\02 规范化\泸203H76\泸203H76 邻井压力监测\泸203H76平台-1井-11段压裂施工-2、3井秒点压力监测.xls,Sheet1,2井井口压力,2f04cd9c8240e9b46a709084c8f078185ce1dba07008cb4dcca5535ac8474135,E:\压裂窜扰项目\02 规范化\泸203H76\泸203H76 压裂施工曲线\泸203H76-1-11 压裂施工曲线（秒点）.xlsx,Sheet1,named_stage_clock_only,0,54584.0,61906.0,122.03333333333333,1.0,0,0,0,1.0,1.0,56.9997,initial_window_proxy,104.0,103.0,0.0,,supplementary,起泵前基线不足180秒,0.010500000000000398,57.0102,0.04200000000000159,2.9087999999999994,2.9193,-0.02099999999999369,2.9193,1.1222929664026247,0.0630999999999986,30.916666666666668,False,0.25334608030592737,0.1,15.0,0.89183283255941,56.666666666666664,0.0,True,3.0768000000000058,654,1,True,supplementary,C1,1.5105816335883755,True,仅供复核_不作正式训练标签
1c4afaddd6dee8,泸203H64,5,15,whole_stage,4,泸203H64|4-5,泸203H64|5|15,E:\压裂窜扰项目\02 规范化\泸203H64\泸203H64 邻井压力监测\泸203H64-5-15段压裂施工-1、2、3、4井秒点压力监测.xls,导出数据,4#套压(MPa),321592880a1a0b5282cee8ef142ba277b9734e50895bf7c07245bfe89ea30861,E:\压裂窜扰项目\02 规范化\泸203H64\泸203H64 压裂施工曲线\泸203H64-5-15 压裂施工曲线.csv,text,named_stage_clock_only,-1671062400,26252.0,37028.0,179.6,1.0,0,0,0,1.0,1.0,33.6,initial_window_proxy,152.0,151.0,0.019273799999997218,,supplementary,起泵前基线不足180秒,0.045000000000001705,33.567,0.03999999999999915,0.01999999999999602,0.01999999999999602,-0.2560000000000002,-0.2430000000000021,-0.1412545935412041,0.045999999999999375,,True,1.0,0.1,15.0,0.35337787676317745,0.0,0.0,False,,495,1,True,supplementary,C1,0.15815763502903354,False,仅供复核_不作正式训练标签
1c73e2d324a352,阳101H34,3,20,whole_stage,4,阳101H34|3-4,阳101H34|3|20,E:\压裂窜扰项目\02 规范化\阳101H34\阳101H34 邻井压力监测\阳101H34-3-20段压裂施工-2、4井秒点压力监测.xls,导出数据,4#4井套压1(MPa),0e4f538c12814c895e7cd5dca7d48f1fb6a2f1936ba12654ae3696e1828e5221,E:\压裂窜扰项目\02 规范化\阳101H34\阳101H34 压裂施工曲线\阳101H34-3-20 压裂施工曲线.xls,秒点数据,named_stage_clock_only,-1750550400,28346.0,36505.0,135.98333333333332,1.0,0,0,0,1.0,1.0,48.2981071472168,initial_window_proxy,26.0,25.0,0.00982389907839021,,supplementary,起泵前基线不足180秒,0.016565322876004984,48.3179817199707,0.046375274658203125,3.683834075927706,3.710338592529304,-0.07287979125979405,3.703708648681605,0.9105205157177411,0.10600662231439628,67.41666666666667,False,0.49577154062997925,0.1,15.0,0.29537933570290476,48.583333333333336,0.0,False,,2174,1,True,supplementary,C1,1.512670791825699,True,仅供复核_不作正式训练标签
1cd96a292ab40f,泸203H76,2,7,whole_stage,3,泸203H76|2-3,泸203H76|2|7,E:\压裂窜扰项目\02 规范化\泸203H76\泸203H76 邻井压力监测\泸203H76平台-2井-7段压裂施工-1、3、4井秒点压力监测.xls,历史数据,3井井口压力,74a0474968d8bdc5695da3d9360f8d684b951159c1439693a601e78b681f6850,E:\压裂窜扰项目\02 规范化\泸203H76\泸203H76 压裂施工曲线\泸203H76-2-7 压裂施工曲线（秒点）.xls,Sheet1,named_stage_clock_only,-1677888000,26945.0,34905.0,132.66666666666666,1.0,0,0,0,1.0,1.0,51.2451,initial_window_proxy,5.0,4.0,0.015567300000000589,,supplementary,起泵前基线不足180秒,0.021000000000000796,51.2451,0.04200000000000159,4.704499999999996,4.735999999999997,-0.010500000000000398,4.725499999999997,2.2446973618090444,0.14699999999999847,12.25,False,0.09233668341708544,0.1,15.0,0.8976130653266332,93.08333333333333,0.0,True,5.492100000000001,800,1,True,supplementary,C2,1.1117008454335597,False,仅供复核_不作正式训练标签
1d430c52d0c827,阳101H34,4,18,whole_stage,3,阳101H34|3-4,阳101H34|4|18,E:\压裂窜扰项目\02 规范化\阳101H34\阳101H34 邻井压力监测\阳101H34-4-18段压裂施工-3井秒点压力监测.xls,导出数据,3#3井套压(MPa),b0563a0d4256ea0c20c37f489a44725284c4b0bc83a14e4100f945ad98328558,E:\压裂窜扰项目\02 规范化\阳101H34\阳101H34 压裂施工曲线\阳101H34-4-18 压裂施工曲线.xls,秒点数据,named_stage_clock_only,-1749945600,28290.0,36882.0,143.2,1.0,0,0,0,0.9965083798882681,30.0,50.1965637207031,initial_window_proxy,0.0,0.0,0.009733408355649682,,supplementary,起泵前基线不足180秒,,,0.03937530517579546,1.1287498474121023,1.1484375,-0.032814025878899145,1.141872406005902,0.4280746729957323,0.032814025878899145,22.5,False,0.15712290502793297,0.1,15.0,0.26173791170287314,9.416666666666666,0.0,False,,2205,1,True,supplementary,C1,0.5228904288482238,False,仅供复核_不作正式训练标签
1d596fd78d7aa6,泸203H76,2,9,whole_stage,3,泸203H76|2-3,泸203H76|2|9,E:\压裂窜扰项目\02 规范化\泸203H76\泸203H76 邻井压力监测\泸203H76平台-2井-9段压裂施工-1、3、4井分点压力监测-2.xls,历史数据,3井井口压力,bbd58f9b1abef53d762cb254c335f3d40bd671f5545d42274de57b5377ea1332,E:\压裂窜扰项目\02 规范化\泸203H76\泸203H76 压裂施工曲线\泸203H76-2-9 压裂施工曲线（秒点）.xlsx,Sheet1,named_stage_clock_only,-1678233600,30611.0,41254.0,177.38333333333333,60.0,0,0,0,0.9922014469604434,60.0,51.3606,initial_window_proxy,2.0,60.0,0.0077836500000002945,,supplementary,原始采样间隔大于30秒；施工窗缺口大于30秒；起泵前基线不足180秒,,51.3711,0.05250000000000199,,2.0792,-0.031500000000001194,2.0634499999999996,0.7621840909090927,0.05250000000000199,35.81666666666667,False,0.20191675279526453,0.1,60.0,0.20454545454545456,66.0,0.0,True,2.4258000000000024,809,1,True,supplementary,C1,0.9508118460812108,False,仅供复核_不作正式训练标签
1d854a30877a9d,泸203H76,1,8,whole_stage,3,泸203H76|1-3,泸203H76|1|8,E:\压裂窜扰项目\02 规范化\泸203H76\泸203H76 邻井压力监测\泸203H76平台-1井-8段压裂施工-2、3、4井压力监测.xls,Sheet1,3井井口压力,017b78967bac4e192e2c50421703015dc0cb0b049d0d7ff4c8ca37db23ccff02,E:\压裂窜扰项目\02 规范化\泸203H76\泸203H76 压裂施工曲线\泸203H76-1-8 压裂施工曲线（秒点）-2.xls,Sheet1,named_stage_clock_only,0,28619.0,41026.0,206.78333333333333,60.0,0,0,0,0.9962118159103732,60.0,48.5463,initial_window_proxy,2.0,60.0,0.007857779999997488,,supplementary,原始采样间隔大于30秒；施工窗缺口大于30秒；起泵前基线不足180秒,,48.5254,0.031500000000001194,,1.7956999999999965,-0.02090000000000458,1.7904499999999963,0.9398296116504831,0.031500000000001194,12.016666666666667,False,0.058112355928105104,0.1,60.0,0.25728155339805825,106.0,0.0,True,1.942699999999995,733,1,True,supplementary,C1,1.0809473779777024,False,仅供复核_不作正式训练标签
1dae8cfa5d90ef,泸208H1,1,14,whole_stage,2,泸208H1|1-2,泸208H1|1|14,E:\压裂窜扰项目\02 规范化\泸208H1\泸208H1 邻井压力监测\泸208H1-1-14段压裂施工-2井压力监测.xlsx,1-14-2,无表头_文件名井号,9191a90011c4d17dce612bdb06a59bb51f526174b5f56a54868d77314e8308b9,E:\压裂窜扰项目\02 规范化\泸208H1\泸208H1 压裂施工曲线\泸208H1-1-14 压裂施工曲线（秒点）.xls,导出数据,named_stage_clock_only,0,28339.0,35733.0,123.23333333333333,1.0,0,0,0,0.9782255883148498,161.0,54.25,initial_window_proxy,0.0,0.0,0.0,,supplementary,施工窗缺口大于30秒；起泵前基线不足180秒,,,0.04000000000000625,2.759999999999998,2.799999999999997,0.0,2.799999999999997,0.8890481128162597,0.10000000000000142,25.933333333333334,False,0.210440898025426,0.1,15.0,0.8230333195078114,44.333333333333336,0.0,True,2.969999999999999,1317,1,True,supplementary,C1,1.2725930296976615,False,仅供复核_不作正式训练标签
1ec4620f435154,阳101H34,1,14,whole_stage,2,阳101H34|1-2,阳101H34|1|14,E:\压裂窜扰项目\02 规范化\阳101H34\阳101H34 邻井压力监测\阳101H34-1-14段压裂施工-2井秒点压力监测.xls,导出数据,2#2井套压(MPa),90c065b944cfd35a574ca7a6df364d74ce68abb397f4750f63c29d503879ab5c,E:\压裂窜扰项目\02 规范化\阳101H34\阳101H34 压裂施工曲线\阳101H34-1-14 压裂施工曲线.xls,秒点数据,named_stage_clock_only,-1746835200,24704.0,36224.0,192.0,1.0,0,0,0,0.9986111111111111,16.0,57.8397789001465,initial_window_proxy,0.0,0.0,0.019495095062245324,,supplementary,起泵前基线不足180秒,,,0.03944396972659803,1.6894607543945028,1.7223281860350994,-0.026294708251995758,1.7091827392577983,0.9070510249144368,0.0525932312012003,5.766666666666667,False,0.030034722222222223,0.1,15.0,0.26738525730180807,54.166666666666664,0.0,False,,2124,1,True,supplementary,C1,0.9794217525855518,False,仅供复核_不作正式训练标签
1f0f94cf7b3502,阳101H34,4,5,whole_stage,2,阳101H34|2-4,阳101H34|4|5,E:\压裂窜扰项目\02 规范化\阳101H34\阳101H34 邻井压力监测\阳101H34-4-5段压裂施工-2井秒点压力监测.xls,导出数据,2#2井套压(MPa),6f4f1350029b4d81afbb313f40366d21c759e1597d945f6dc6898ae27a51ecf7,E:\压裂窜扰项目\02 规范化\阳101H34\阳101H34 压裂施工曲线\阳101H34-4-5 压裂施工曲线.xls,秒点数据,named_stage_clock_only,-1744934400,38382.0,48644.0,171.03333333333333,1.0,0,0,0,0.9982459559540051,18.0,52.9100761413574,initial_window_proxy,0.0,0.0,0.009727752685589012,,supplementary,起泵前基线不足180秒,,,0.059070587158203125,2.605812072753899,2.6123733520508026,-0.0328178405762003,2.6123733520508026,0.885928250066678,0.05907058715819602,42.05,False,0.24585850711362306,0.1,15.0,0.2503904724716908,64.75,0.0,True,2.7895927429199006,2209,1,True,supplementary,C1,1.2257356956029244,False,仅供复核_不作正式训练标签
1f1dba3216b211,泸203H76,4,18,whole_stage,3,泸203H76|3-4,泸203H76|4|18,E:\压裂窜扰项目\02 规范化\泸203H76\泸203H76 邻井压力监测\泸203H76平台-4井-18段压裂施工-1、2、3井秒点压力监测.xls,Sheet1,3井井口压力,68352e10c702aa1dc00842ef87ca40b8820a890ac396ccecce08823ffa3c37eb,E:\压裂窜扰项目\02 规范化\泸203H76\泸203H76 压裂施工曲线\泸203H76-4-18 压裂施工曲线（秒点）.xls,Sheet1,named_stage_clock_only,-1680912000,30933.0,39273.0,139.0,1.0,0,0,0,1.0,1.0,49.691,initial_window_proxy,93.0,92.0,0.0,,supplementary,起泵前基线不足180秒,0.010500000000000398,49.691,0.041999999999994486,0.0,0.010500000000000398,-0.33610000000000184,-0.32560000000000144,-0.18400023980815544,0.031500000000001194,,True,1.0,0.1,15.0,0.9038369304556355,0.0,0.0,True,-0.33610000000000184,931,1,True,supplementary,C1,0.2136806475362636,False,仅供复核_不作正式训练标签
1faf6260e4efd2,泸203H76,2,10,whole_stage,4,泸203H76|2-4,泸203H76|2|10,E:\压裂窜扰项目\02 规范化\泸203H76\泸203H76 邻井压力监测\泸203H76平台-2井-10段压裂施工-1、3、4井压力监测-2.xls,Sheet1,4井井口压力,02cbb70c9aecdad1fd2904fa033d78bf9bb6c9e34fe7d8c5f612f1fc50e56144,E:\压裂窜扰项目\02 规范化\泸203H76\泸203H76 压裂施工曲线\泸203H76-2-10 压裂施工曲线（秒点）.xls,Sheet1,named_stage_clock_only,0,27537.0,35210.0,127.88333333333334,60.0,0,0,0,0.9930926625830835,60.0,50.7831,initial_window_proxy,2.0,60.0,0.03891825000000147,,supplementary,原始采样间隔大于30秒；施工窗缺口大于30秒；起泵前基线不足180秒,,50.7726,0.4724999999999966,,1.3441000000000045,-0.07349999999999568,1.3178500000000035,0.5643940944881916,0.4724999999999966,35.05,False,0.27407793561840216,0.11675475000000442,60.0,0.12598425196850394,34.0,0.0,True,1.3388500000000008,743,1,True,supplementary,C1,0.7261969906621673,False,仅供复核_不作正式训练标签
1fc7cd4d7f33cd,阳101H51,3,12,whole_stage,2,阳101H51|2-3,阳101H51|3|12,E:\压裂窜扰项目\02 规范化\阳101H51\阳101H51 邻井压力监测\阳101H51-3-12段压裂施工-2、4井秒点压力监测.xlsx,阳101H51-3井12段压裂施工期间2井、4井压力秒点数据（,2井套压,9bb55a5b578a59437da635d969f413d1a19acb7ad4a62466c5d155153c0a6d81,E:\压裂窜扰项目\02 规范化\阳101H51\阳101H51 压裂施工曲线\阳101H51-3-12 压裂施工曲线（秒点）.xlsx,秒点数据,absolute,0,1781951682.0,1781965865.0,236.38333333333333,1.0,0,0,0,0.9996474652753297,5.0,49.93,initial_window_proxy,43.0,42.0,0.01482599999999705,,supplementary,起泵前基线不足180秒,0.00999999999999801,49.93,0.020000000000003126,3.8800000000000026,3.8800000000000026,-0.07000000000000028,3.8800000000000026,1.8146931866271692,0.0800000000000054,48.916666666666664,False,0.2069378833815131,0.1,15.0,0.6570038087177317,146.66666666666666,0.0,False,,2433,1,True,supplementary,C2,1.2283023088135725,False,仅供复核_不作正式训练标签
1fec59ffbf6f55,泸203H76,2,13,whole_stage,4,泸203H76|2-4,泸203H76|2|13,E:\压裂窜扰项目\02 规范化\泸203H76\泸203H76 邻井压力监测\泸203H76平台-2井-13段压裂施工-1、3、4井分点压力监测.xlsx,Sheet1,4井,80ef34de18d3dd1272354ac8d21a53475b90f267ea80844e02c60a3e91c69a9d,E:\压裂窜扰项目\02 规范化\泸203H76\泸203H76 压裂施工曲线\泸203H76-2-13 压裂施工曲线（秒点）.xlsx,Sheet1,named_stage_clock_only,-1679184000,34510.0,42746.0,137.26666666666668,1.0,0,125,1,0.9866440019426906,110.0,52.2007,initial_window_proxy,0.0,0.0,0.015567300000000589,,supplementary,施工窗缺口大于30秒；起泵前基线不足180秒,,,0.3885999999999967,0.14700000000000557,0.22050000000000125,-0.13649999999999807,-0.021000000000000796,0.035076667487080875,0.16799999999999926,,True,1.0,0.1,15.0,0.6754266727080501,0.0,0.0,True,-0.052499999999994884,757,1,True,supplementary,C1,0.05617177316077763,False,仅供复核_不作正式训练标签
20126e6ebcfe45,泸208H1,2,4,whole_stage,1,泸208H1|1-2,泸208H1|2|4,E:\压裂窜扰项目\02 规范化\泸208H1\泸208H1 邻井压力监测\泸208H1-2-4段压裂施工-1井压力监测.xlsx,2-4-1,无表头_文件名井号,382dc92add92e1507361d5bb6b483758ca17c65951c4d154651153e8209bcb4b,E:\压裂窜扰项目\02 规范化\泸208H1\泸208H1 压裂施工曲线\泸208H1-2-4 压裂施工曲线（秒点）.xls,导出数据,named_stage_clock_only,0,29704.0,39620.0,165.26666666666668,1.0,0,0,0,1.0,1.0,53.13,initial_window_proxy,4.0,3.0,0.0,,supplementary,起泵前基线不足180秒,,53.09,0.05000000000000426,2.6999999999999957,2.6999999999999957,-0.03999999999999915,2.6999999999999957,1.3214471561113323,0.05000000000000426,6.166666666666667,False,0.03731343283582089,0.1,15.0,0.9313231141589351,126.83333333333333,0.0,True,2.8900000000000006,1336,1,True,supplementary,C1,1.4452829228508515,True,仅供复核_不作正式训练标签
20284bd4b2d77e,泸208H2,8,15,whole_stage,9,泸208H2|8-9,泸208H2|8|15,E:\压裂窜扰项目\02 规范化\泸208H2\泸208H2 邻井压力监测\泸208H2-8-15段压裂施工-9井压力监测.xlsx,8-15-9,无表头_文件名井号,21aa648444f6132d17dc361b8bfc2918cc2539a936712c60ed3be5a9eaf666d3,E:\压裂窜扰项目\02 规范化\泸208H2\泸208H2 压裂施工曲线\泸208H2-8-15 压裂施工曲线（秒点）.xlsx,秒点数据,named_stage_clock_only,1725408000,1725437463.0,1725445618.0,135.91666666666666,1.0,0,0,0,1.0,1.0,50.465,initial_window_proxy,62.0,61.0,0.015567300000000589,,supplementary,起泵前基线不足180秒,0.041999999999994486,50.465,0.15749999999999886,8.4009,8.442899999999995,-0.031500000000001194,8.421899999999994,3.1596756529736325,0.18910000000000338,10.916666666666666,False,0.0803188228080932,0.1,15.0,0.7198038013488657,94.66666666666667,38.166666666666664,True,8.925899999999999,1674,1,True,supplementary,C2,0.47034784494797527,False,仅供复核_不作正式训练标签
20a24591e0df3c,泸208H2,9,8,whole_stage,10,泸208H2|10-9,泸208H2|9|8,E:\压裂窜扰项目\02 规范化\泸208H2\泸208H2 邻井压力监测\泸208H2-9-8段压裂施工-10井压力监测.xlsx,9-8-10,无表头_文件名井号,177684449909319942e0391a7d70a1578952765a5aed972f2b99e2afcfa84242,E:\压裂窜扰项目\02 规范化\泸208H2\泸208H2 压裂施工曲线\泸208H2-9-8 压裂施工曲线（秒点）.xlsx,秒点数据,named_stage_clock_only,1720051200,1720082109.0,1720092139.0,167.16666666666666,1.0,0,0,0,1.0,1.0,50.1112,initial_window_proxy,9.0,8.0,0.01571556000000551,,supplementary,起泵前基线不足180秒,0.012700000000002376,50.0901,0.1583000000000041,6.172400000000003,6.1935,-0.04219999999999402,6.1935,2.7398587138584283,0.1583000000000041,29.0,False,0.17347956131605186,0.1,15.0,0.7300099700897308,112.16666666666667,26.0,True,6.8160000000000025,1766,1,True,supplementary,C2,0.1816382880096771,False,仅供复核_不作正式训练标签
20e2e481a793a0,阳101H51,2,18,whole_stage,4,阳101H51|2-4,阳101H51|2|18,E:\压裂窜扰项目\02 规范化\阳101H51\阳101H51 邻井压力监测\阳101H51-2-18段压裂施工-1、3、4井秒点压力监测.xlsx,阳101H51-2井18段压裂施工期间1井、3井、4井压力秒点,4井套压,98392549a1a95c5656a4a874bbac111c401906d8ad570e9c5ce3832b97300c1b,E:\压裂窜扰项目\02 规范化\阳101H51\阳101H51 压裂施工曲线\阳101H51-2-18 压裂施工曲线（秒点）.xlsx,秒点数据,absolute,0,1782889341.0,1782902350.0,216.81666666666666,1.0,0,0,0,1.0,1.0,48.7,initial_window_proxy,82.0,81.0,0.0,,supplementary,起泵前基线不足180秒,0.00999999999999801,48.7,0.030000000000001137,0.9199999999999946,0.9199999999999946,-0.060000000000002274,0.9199999999999946,0.3073745099546436,0.020000000000003126,87.58333333333333,False,0.40395111076946727,0.1,15.0,0.6937504804366208,0.0,0.0,True,1.009999999999998,2406,1,True,supplementary,C1,0.42911682022015996,False,仅供复核_不作正式训练标签
20fc48877c2252,泸206H8,4,9,whole_stage,8,泸206H8|4-8,泸206H8|4|9,E:\压裂窜扰项目\02 规范化\泸206H8\泸206H8 邻井压力监测\泸206H8-4-9段压裂施工-1、2、3、5、6、7、8井秒点压力监测.xls,导出数据,8井套压(MPa),287ca668e12277f383c425b1e47b05d9566cd7d7eab3f740b529cde27a1df5b9,E:\压裂窜扰项目\02 规范化\泸206H8\泸206H8 压裂施工曲线\泸206H8-4-9 压裂施工曲线.xlsx,秒点数据,absolute,0,1753023458.0,1753033486.0,167.13333333333333,1.0,0,0,0,0.985839648982848,142.0,28.6,initial_window_proxy,0.0,0.0,0.014826000000002316,,supplementary,施工窗缺口大于30秒；起泵前基线不足180秒,,,0.03999999999999915,0.129999999999999,0.13999999999999702,-0.08000000000000185,-0.08000000000000185,0.030780396520330523,0.05999999999999872,70.78333333333333,False,0.42351416035101713,0.1,15.0,0.4373735329825981,0.0,0.0,False,,1175,1,True,supplementary,C1,0.0421753151389229,False,仅供复核_不作正式训练标签
21b0eccfb95999,泸203H76,2,7,whole_stage,1,泸203H76|1-2,泸203H76|2|7,E:\压裂窜扰项目\02 规范化\泸203H76\泸203H76 邻井压力监测\泸203H76平台-2井-7段压裂施工-1、3、4井秒点压力监测.xls,历史数据,1井井口压力,74a0474968d8bdc5695da3d9360f8d684b951159c1439693a601e78b681f6850,E:\压裂窜扰项目\02 规范化\泸203H76\泸203H76 压裂施工曲线\泸203H76-2-7 压裂施工曲线（秒点）.xls,Sheet1,named_stage_clock_only,-1677888000,26945.0,34905.0,132.66666666666666,1.0,0,0,0,1.0,1.0,49.3759,initial_window_proxy,5.0,4.0,0.04670190000000177,,supplementary,起泵前基线不足180秒,0.06300000000000239,49.3654,0.3990999999999971,6.2586999999999975,6.342700000000001,-0.05250000000000199,6.3111999999999995,3.6674925753768832,0.3569999999999993,5.333333333333333,False,0.04020100502512563,0.1401057000000053,15.0,0.6810301507537688,112.08333333333333,49.416666666666664,True,6.8466999999999985,799,1,True,supplementary,C2,0.8733533938812935,False,仅供复核_不作正式训练标签
22383419ea450e,泸206H8,4,8,whole_stage,2,泸206H8|2-4,泸206H8|4|8,E:\压裂窜扰项目\02 规范化\泸206H8\泸206H8 邻井压力监测\泸206H8-4-8段压裂施工-1、2、3、5、6、7、8井秒点压力监测.xls,导出数据,2井套压1(MPa),c78b30f0d71b306771406b88995e1bfe809620dd5b601167d77c094577bc6ce6,E:\压裂窜扰项目\02 规范化\泸206H8\泸206H8 压裂施工曲线\泸206H8-4-8 压裂施工曲线.xlsx,秒点数据,absolute,0,1752841020.0,1752861444.0,340.4,1.0,0,0,0,0.9970622796709753,60.0,48.86,initial_window_proxy,0.0,0.0,0.01482599999999705,,supplementary,施工窗缺口大于30秒；起泵前基线不足180秒,,,0.07000000000000028,0.1700000000000017,0.17999999999999972,-0.03999999999999915,0.1600000000000037,0.11421724612060662,0.03999999999999915,94.58333333333333,False,0.2778593811202507,0.1,15.0,0.332416895776056,0.0,0.0,False,,1164,1,True,supplementary,C1,0.12484956357528947,False,仅供复核_不作正式训练标签
2299d45ab06c8a,泸203H76,3,20,whole_stage,1,泸203H76|1-3,泸203H76|3|20,E:\压裂窜扰项目\02 规范化\泸203H76\泸203H76 邻井压力监测\泸203H76平台-3井-20段压裂施工-1、2、4井秒点压力监测.xls,Sheet1,1井井口压力,38a1da3946aa0fe546760591699629a22b58c5bcf80a9c28100235d65941e62f,E:\压裂窜扰项目\02 规范化\泸203H76\泸203H76 压裂施工曲线\泸203H76-3-20 压裂施工曲线（秒点）.xls,Sheet1,named_stage_clock_only,-1680134400,38428.0,44407.0,99.65,1.0,0,0,0,1.0,1.0,58.6169,initial_window_proxy,88.0,87.0,0.04670190000000177,,supplementary,起泵前基线不足180秒,0.18910000000000338,58.4593,1.3021999999999991,0.3990000000000009,0.777000000000001,-0.4936000000000007,-0.31510000000000105,-0.06548353403579317,0.5564999999999998,55.166666666666664,False,0.5536042816524502,0.1401057000000053,15.0,0.6755310252550594,0.0,0.0,True,-0.4515999999999991,871,1,True,supplementary,C1,0.12637059186055125,False,仅供复核_不作正式训练标签
234bd40660ec0a,阳101H51,3,14,whole_stage,6,阳101H51|3-6,阳101H51|3|14,E:\压裂窜扰项目\02 规范化\阳101H51\阳101H51 邻井压力监测\阳101H51-3-14段压裂施工-2、4、5、6井套压压力监测.xlsx,阳101H51-3井14段压裂施工期间2井、4井、5井、6井,6井套压,af1a0083fe3bf2f8e49c1cd21fc1f6c0e543544248c1eed17db94acaeaa4f358,E:\压裂窜扰项目\02 规范化\阳101H51\阳101H51 压裂施工曲线\阳101H51-3-14 压裂施工曲线（秒点）.xlsx,秒点数据,absolute,0,1783843455.0,1783864057.0,343.3666666666667,1.0,0,0,0,1.0,1.0,43.26,initial_window_proxy,75.0,74.0,0.0,,supplementary,起泵前基线不足180秒,0.00999999999999801,43.26,0.030000000000001137,1.9100000000000037,1.9100000000000037,-0.01999999999999602,1.9100000000000037,0.7958758858363286,0.020000000000003126,64.66666666666667,False,0.18833122997767207,0.1,15.0,0.7003688962236676,131.91666666666666,0.0,True,1.9699999999999989,2441,1,True,supplementary,C1,0.9915095616553993,False,仅供复核_不作正式训练标签
23fc204972e894,泸203H64,5,10,whole_stage,4,泸203H64|4-5,泸203H64|5|10,E:\压裂窜扰项目\02 规范化\泸203H64\泸203H64 邻井压力监测\泸203H64-5-10段压裂施工-1、2、3、4井秒点压力监测.xls,导出数据,4#套压(MPa),917b18242a8bbd2cecc226525576937d329d433e10218fefb1eca4079bd6a2e5,E:\压裂窜扰项目\02 规范化\泸203H64\泸203H64 压裂施工曲线\泸203H64-5-10 压裂施工曲线.csv,text,named_stage_clock_only,-1670803200,55630.0,63897.0,137.78333333333333,1.0,0,0,0,0.9939518567799686,50.0,40.583,initial_window_proxy,0.0,0.0,0.020756399999993763,,supplementary,施工窗缺口大于30秒；起泵前基线不足180秒,,,0.05299999999999727,0.006000000000000227,0.03900000000000148,-0.7809999999999988,-0.09899999999999665,-0.48094675672386356,0.09899999999999665,,True,1.0,0.1,15.0,0.32663989290495316,0.0,0.0,False,,475,1,True,supplementary,C1,0.5268315523010478,False,仅供复核_不作正式训练标签
2413cb32143ca1,泸208H2,2,9,whole_stage,3,泸208H2|2-3,泸208H2|2|9,E:\压裂窜扰项目\02 规范化\泸208H2\泸208H2 邻井压力监测\泸208H2-2-9段压裂施工-3井压力监测.xlsx,2-9-3,无表头_文件名井号,f45f424515077b091f8181dc3e0458b365d5ae1b976a4fe3d74c4f091fd7f891,E:\压裂窜扰项目\02 规范化\泸208H2\泸208H2 压裂施工曲线\泸208H2-2-9 压裂施工曲线（秒点）.xlsx,Log Data,named_stage_clock_only,0,42507.0,49136.0,110.48333333333333,1.0,0,93,0,1.0,2.0,58.41,initial_window_proxy,59.0,59.0,0.3002264999999903,,supplementary,起泵前基线不足180秒,0.556496800000005,58.462502,0.6000029999999938,2.759998000000003,2.9100000000000037,-0.20999899999999627,2.707500000000003,1.1470697829612344,0.4575010000000006,54.166666666666664,False,0.49027002564489364,0.9006794999999709,15.0,0.04528763769889841,49.75,0.0,True,2.827499000000003,1500,1,True,supplementary,C1,1.455500609870925,True,仅供复核_不作正式训练标签
246c5830c47b55,泸203H64,5,6,whole_stage,2,泸203H64|2-5,泸203H64|5|6,E:\压裂窜扰项目\02 规范化\泸203H64\泸203H64 邻井压力监测\泸203H64-5-6段压裂施工-1、2、3、4井秒点压力监测.xls,导出数据,2#套压(MPa),d5940d5de3b7a35970be7ed1e4db51f5dbe21d179697d9ab005c0022a070180c,E:\压裂窜扰项目\02 规范化\泸203H64\泸203H64 压裂施工曲线\泸203H64-5-6 压裂施工曲线.csv,text,named_stage_clock_only,-1670630400,44752.0,54050.0,154.96666666666667,1.0,0,0,0,0.9946224994622499,50.0,36.225,initial_window_proxy,52.0,51.0,0.0,,supplementary,施工窗缺口大于30秒；起泵前基线不足180秒,0.012999999999998124,36.218,0.03300000000000125,0.0659999999999954,0.0659999999999954,-0.03900000000000148,0.045999999999999375,0.0151242971453278,0.026000000000003354,,True,1.0,0.1,15.0,0.38289359861591693,0.0,0.0,False,,509,1,True,supplementary,C1,0.017194464022520086,False,仅供复核_不作正式训练标签
247f719447d02f,泸203H9,4,5,whole_stage,5,泸203H9|4-5,泸203H9|4|5,E:\压裂窜扰项目\02 规范化\泸203H9\泸203H9 邻井压力监测\泸203H9-4井第五段压裂施工邻井压力数据.xls,导出数据,5#套压(MPa),758c5b97696fb13e6b476e9ebbadf237ab5ea8ecbe89f6c7abd1aff32ff36e61,E:\压裂窜扰项目\02 规范化\泸203H9\泸203H9 压裂施工曲线\泸203H9-4-5 压裂施工曲线-2.xlsx,LogData(s),named_stage_clock_only,-1690675200,29352.0,35916.0,109.4,1.0,0,0,0,1.0,2.0,38.3512496948242,initial_window_proxy,72.0,71.0,0.009727752685578479,,supplementary,起泵前基线不足180秒,0.013122558593799738,38.3512496948242,0.04593658447270599,0.05250167846680398,0.0590629577637003,-0.013126373290994309,0.05250167846680398,0.01715512482006795,0.026248931884801152,,True,1.0,0.1,15.0,0.3332317537711412,0.0,0.0,False,,991,1,True,supplementary,C1,0.0205846844989663,False,仅供复核_不作正式训练标签
24b4983e1b42fc,阳101H51,3,13,whole_stage,1,阳101H51|1-3,阳101H51|3|13,E:\压裂窜扰项目\02 规范化\阳101H51\阳101H51 邻井压力监测\阳101H51-3-13段压裂施工-1、2、4井秒点压力监测.xlsx,阳101H51-3井13段压裂施工期间1井、2井、4井压力秒点,1井套压,0ea06403132b423f9891a0453862d189c01a197bc18948c9a97d7725ef301198,E:\压裂窜扰项目\02 规范化\阳101H51\阳101H51 压裂施工曲线\阳101H51-3-13 压裂施工曲线（秒点）.xlsx,秒点数据,absolute,0,1782645908.0,1782660764.0,247.6,1.0,0,0,0,1.0,1.0,44.81,initial_window_proxy,69.0,68.0,0.0,,supplementary,起泵前基线不足180秒,0.010000000000005116,44.81,0.020000000000003126,0.19999999999999574,0.19999999999999574,-0.03999999999999915,0.19999999999999574,0.022174878836831922,0.020000000000003126,209.66666666666666,False,0.8467959073774906,0.1,15.0,0.6749461497038234,0.0,0.0,True,0.21999999999999886,2435,1,True,supplementary,C1,0.05639977592163833,False,仅供复核_不作正式训练标签
24c1d5b0a029fa,泸203H64,5,11,whole_stage,4,泸203H64|4-5,泸203H64|5|11,E:\压裂窜扰项目\02 规范化\泸203H64\泸203H64 邻井压力监测\泸203H64-5-11段压裂施工-1、2、3、4井秒点压力监测.xls,导出数据,4#套压(MPa),ab93544001a24df0adf3a93a39e54d57d3f12379319e712dcaf5e4a9c2cd4a93,E:\压裂窜扰项目\02 规范化\泸203H64\泸203H64 压裂施工曲线\泸203H64-5-11 压裂施工曲线.csv,text,named_stage_clock_only,-1670889600,25732.0,35495.0,162.71666666666667,1.0,0,0,0,1.0,1.0,36.054,initial_window_proxy,172.0,171.0,0.01927380000000775,,supplementary,起泵前基线不足180秒,0.07900000000000063,36.054,0.0519999999999996,0.006999999999997897,0.01999999999999602,-0.4200000000000017,-0.2950000000000017,-0.299046604527299,0.09899999999999665,,True,1.0,0.1,15.0,0.36136433473317625,0.0,0.0,False,,480,1,True,supplementary,C1,0.32033412429151265,False,仅供复核_不作正式训练标签
25436e33ec2fcd,阳101H51,1,12,whole_stage,3,阳101H51|1-3,阳101H51|1|12,E:\压裂窜扰项目\02 规范化\阳101H51\阳101H51 邻井压力监测\阳101H51-1-12段压裂施工-2、3井秒点压力监测.xlsx,阳101H51-1井12段压裂施工期间2井、3井压力秒点数据（,3井套压,e6c97d4bf84fc6a4e3ee8b1624a571fd3f4c902bbc6c86deddc7f22255802e82,E:\压裂窜扰项目\02 规范化\阳101H51\阳101H51 压裂施工曲线\阳101H51-1-12 压裂施工曲线（秒点）.xlsx,秒点数据,absolute,0,1778498989.0,1778510844.0,197.58333333333334,60.0,0,13334,0,0.9970476592155209,60.0,55.59,initial_window_proxy,0.0,0.0,0.0,,supplementary,原始采样间隔大于30秒；施工窗缺口大于30秒；起泵前基线不足180秒,,,0.020000000000003126,,1.8599999999999994,-0.010000000000005116,1.8549999999999969,0.7945939086294382,0.020000000000003126,42.18333333333333,False,0.2134964150147617,0.1,60.0,0.18274111675126903,81.0,0.0,True,1.9599999999999937,2363,1,True,supplementary,C1,1.003709674595472,False,仅供复核_不作正式训练标签
25de697b5a927e,泸203H64,5,11,whole_stage,3,泸203H64|3-5,泸203H64|5|11,E:\压裂窜扰项目\02 规范化\泸203H64\泸203H64 邻井压力监测\泸203H64-5-11段压裂施工-1、2、3、4井秒点压力监测.xls,导出数据,3#套压(MPa),ab93544001a24df0adf3a93a39e54d57d3f12379319e712dcaf5e4a9c2cd4a93,E:\压裂窜扰项目\02 规范化\泸203H64\泸203H64 压裂施工曲线\泸203H64-5-11 压裂施工曲线.csv,text,named_stage_clock_only,-1670889600,25732.0,35495.0,162.71666666666667,1.0,0,0,0,1.0,1.0,39.158,initial_window_proxy,172.0,171.0,0.0296519999999941,,supplementary,起泵前基线不足180秒,0.08429999999999893,39.172,0.09200000000000585,5.899999999999999,5.920000000000002,-0.10500000000000398,5.912999999999997,2.2791961487247763,0.1109999999999971,29.0,False,0.17822390658609033,0.1,15.0,0.17914575437877703,103.0,20.0,False,,479,1,True,supplementary,C2,0.31259653569316037,False,仅供复核_不作正式训练标签
262467d84fa2d8,阳101H33,3,8,whole_stage,2,阳101H33|2-3,阳101H33|3|8,E:\压裂窜扰项目\02 规范化\阳101H33\阳101H33 邻井压力监测\阳101H33-3-8段压裂施工-2井压力监测.xlsx,3-8-2,无表头_文件名井号,3f9297eda8e6f95b8296790626b273a2547fb70ded556bd6ecd4e7713407fae5,E:\压裂窜扰项目\02 规范化\阳101H33\阳101H33 压裂施工曲线\阳101H33-3-8 压裂施工曲线（秒点）.xls,text,absolute,0,1728115360.0,1728126699.0,188.98333333333332,1.0,0,0,0,1.0,1.0,47.513,initial_window_proxy,160.0,159.0,0.010378199999996882,,supplementary,起泵前基线不足180秒,0.02599999999999625,47.506,0.06499999999999773,3.825000000000003,3.852000000000004,-0.01999999999999602,3.825000000000003,1.392266293323928,0.09199999999999875,42.583333333333336,False,0.22532851221448102,0.1,15.0,0.2441132374988976,91.91666666666667,0.0,True,4.108000000000004,2098,1,True,supplementary,C2,1.49499057863019,False,仅供复核_不作正式训练标签
2625aa4f3597be,泸203H10,2,13,whole_stage,1,泸203H10|1-2,泸203H10|2|13,E:\压裂窜扰项目\02 规范化\泸203H10\泸203H10 邻井压力监测\泸203H10-2-13段压裂施工-1井分点压力监测.xls,Sheet1,1井井口套压(MPa),af8ad1d58074d530b2001675a69805af71f860ec3f06272e456f5ec2cbd60e61,E:\压裂窜扰项目\02 规范化\泸203H10\泸203H10 压裂施工曲线\泸203H10-2-13 压裂施工曲线.xlsx,LogData(s),named_stage_clock_only,-1718323200,25376.0,31946.0,109.5,60.0,0,0,0,0.9954337899543378,60.0,26.4,initial_window_proxy,3.0,120.0,0.0,,supplementary,原始采样间隔大于30秒；施工窗缺口大于30秒；起泵前基线不足180秒,,26.41,0.9200000000000017,,16.810000000000002,-0.019999999999999574,16.355,2.044633027522937,0.9200000000000017,58.06666666666667,False,0.5302891933028919,0.1,60.0,0.29357798165137616,30.0,17.0,False,,284,1,True,supplementary,C2,2.6281815183746784,False,仅供复核_不作正式训练标签
2665a243af54d1,泸208H2,1,12,whole_stage,2,泸208H2|1-2,泸208H2|1|12,E:\压裂窜扰项目\02 规范化\泸208H2\泸208H2 邻井压力监测\泸208H2-1-12段压裂施工-2井压力监测.xlsx,1-12-2,无表头_文件名井号,767e330b7b678996f5275886d898366288a4b778c4412ce24e2ba38c716baa84,E:\压裂窜扰项目\02 规范化\泸208H2\泸208H2 压裂施工曲线\泸208H2-1-12 压裂施工曲线（秒点）.xlsx,Log Data,named_stage_clock_only,0,28122.0,35132.0,116.83333333333333,1.0,66,125,0,1.0,2.0,60.0975,initial_window_proxy,89.0,89.0,0.18346952610000203,,supplementary,起泵前基线不足180秒,0.40649979999999886,60.135000500000004,0.480004000000001,3.9825019999999967,4.057499000000007,-0.12749899999999315,3.742500000000007,2.5372368451141263,0.32999799999999624,13.333333333333334,False,0.11412268188302425,0.5504085783000061,15.0,0.05033993924490091,94.66666666666667,0.0,True,3.810001000000007,1416,1,True,supplementary,C2,1.099311336555656,False,仅供复核_不作正式训练标签
26662d8d975bef,阳101H51,4,4,whole_stage,2,阳101H51|2-4,阳101H51|4|4,E:\压裂窜扰项目\02 规范化\阳101H51\阳101H51 邻井压力监测\阳101H51-4-4段压裂施工-2、3井秒点压力监测.xlsx,阳101H51-4井4段压裂施工期间2井、3井压力秒点数据（2,2井套压,3abbfb3b76c8d5dc1c73fc3984b66c47a6da916ebf60533b48ff360a41149d38,E:\压裂窜扰项目\02 规范化\阳101H51\阳101H51 压裂施工曲线\阳101H51-4-4 压裂施工曲线（秒点）.xlsx,秒点数据,absolute,0,1780470414.0,1780477302.0,114.8,1.0,0,0,0,0.9905632984901278,65.0,50.21,initial_window_proxy,0.0,0.0,0.0,,supplementary,施工窗缺口大于30秒；起泵前基线不足180秒,,,0.020000000000003126,0.4299999999999997,0.4399999999999977,-0.030000000000001137,0.4399999999999977,0.10172431481752849,0.020000000000003126,70.58333333333333,False,0.6148373983739838,0.1,15.0,0.6439982412428551,0.0,0.0,True,0.5700000000000003,2467,1,True,supplementary,C1,0.15282992593882566,False,仅供复核_不作正式训练标签
26c6024d39acf4,泸206H8,4,9,whole_stage,1,泸206H8|1-4,泸206H8|4|9,E:\压裂窜扰项目\02 规范化\泸206H8\泸206H8 邻井压力监测\泸206H8-4-9段压裂施工-1、2、3、5、6、7、8井秒点压力监测.xls,导出数据,1井套压1(MPa),287ca668e12277f383c425b1e47b05d9566cd7d7eab3f740b529cde27a1df5b9,E:\压裂窜扰项目\02 规范化\泸206H8\泸206H8 压裂施工曲线\泸206H8-4-9 压裂施工曲线.xlsx,秒点数据,absolute,0,1753023458.0,1753033486.0,167.13333333333333,1.0,0,0,0,0.985839648982848,142.0,46.11,initial_window_proxy,0.0,0.0,0.0,,supplementary,施工窗缺口大于30秒；起泵前基线不足180秒,,,0.060000000000002274,0.00999999999999801,0.00999999999999801,-0.8599999999999994,-0.8299999999999983,-0.4152255715152734,0.04000000000000625,,True,1.0,0.1,15.0,0.3260165891159215,0.0,0.0,False,,1173,1,True,supplementary,C1,0.48808216422862993,False,仅供复核_不作正式训练标签
26c7e044573fb7,泸203H76,4,18,whole_stage,2,泸203H76|2-4,泸203H76|4|18,E:\压裂窜扰项目\02 规范化\泸203H76\泸203H76 邻井压力监测\泸203H76平台-4井-18段压裂施工-1、2、3井秒点压力监测.xls,Sheet1,2井井口压力,68352e10c702aa1dc00842ef87ca40b8820a890ac396ccecce08823ffa3c37eb,E:\压裂窜扰项目\02 规范化\泸203H76\泸203H76 压裂施工曲线\泸203H76-4-18 压裂施工曲线（秒点）.xls,Sheet1,named_stage_clock_only,-1680912000,30933.0,39273.0,139.0,1.0,0,0,0,1.0,1.0,51.1086,initial_window_proxy,93.0,92.0,0.015567300000000589,,supplementary,起泵前基线不足180秒,0.021000000000000796,51.1086,0.04200000000000159,0.0,0.010500000000000398,-0.10500000000000398,-0.04200000000000159,-0.054080665467627936,0.031500000000001194,,True,1.0,0.1,15.0,0.8922062350119904,0.0,0.0,True,-0.04200000000000159,930,1,True,supplementary,C1,0.05532230487517193,False,仅供复核_不作正式训练标签
2728b2ef3931fc,泸203H76,2,8,whole_stage,1,泸203H76|1-2,泸203H76|2|8,E:\压裂窜扰项目\02 规范化\泸203H76\泸203H76 邻井压力监测\泸203H76平台-2井-8段压裂施工-1、3、4井秒点压力监测.xls,历史数据,1井井口压力,6717105339eb55ee46fa19b76a947711619f1b3bc906cdb1e1f7219930056c45,E:\压裂窜扰项目\02 规范化\泸203H76\泸203H76 压裂施工曲线\泸203H76-2-8 压裂施工曲线（秒点）.xlsx,Sheet1,named_stage_clock_only,-1677974400,28436.0,35206.0,112.83333333333333,1.0,0,0,0,1.0,1.0,49.0294,initial_window_proxy,56.0,55.0,0.04670190000000177,,supplementary,起泵前基线不足180秒,0.3149999999999977,48.8404,1.0501000000000005,4.074399999999997,4.1373999999999995,-0.4935000000000045,4.095399999999998,1.1589542245199385,0.9975999999999985,49.333333333333336,False,0.4372230428360414,0.1401057000000053,15.0,0.6689807976366322,50.25,0.0,False,,805,1,True,supplementary,C2,1.5980521426080458,False,仅供复核_不作正式训练标签
2759a54c4824f7,泸203H10,1,14,whole_stage,2,泸203H10|1-2,泸203H10|1|14,E:\压裂窜扰项目\02 规范化\泸203H10\泸203H10 邻井压力监测\泸203H10-1-14段压裂施工-2井分点压力监测.xls,Sheet1,2井井口套压(MPa),f14ddc5fcc28c0bbf2662dd808fd6205078caf49a4ed9f285bb0042b4e97cb01,E:\压裂窜扰项目\02 规范化\泸203H10\泸203H10 压裂施工曲线\泸203H10-1-14 压裂施工曲线-2.xlsx,LogData(s),named_stage_clock_only,-1719360000,32288.0,44578.0,204.83333333333334,60.0,0,0,0,0.9764035801464606,178.0,56.51,initial_window_proxy,0.0,0.0,0.0,,supplementary,原始采样间隔大于30秒；施工窗缺口大于30秒；起泵前基线不足180秒,,,0.4200000000000017,,6.010000000000005,0.0,6.0000000000000036,3.7138500000000016,0.4200000000000017,8.866666666666667,False,0.043287225386493086,0.1,60.0,0.33,170.0,43.0,False,,283,1,True,supplementary,C2,1.2322077795008928,False,仅供复核_不作正式训练标签
2766913d626e09,泸201H5,4,10,whole_stage,3,泸201H5|3-4,泸201H5|4|10,E:\压裂窜扰项目\02 规范化\泸201H5\泸201H5 邻井压力监测\泸201H5-4-10段压裂施工-1、2、3井压力监测.xls,导出数据,3井压力(MPa),baca5dc58c0cc9c6c01d10f7ec5f63091eab9a4a9e6310a8bd51130aa2f5d14c,E:\压裂窜扰项目\02 规范化\泸201H5\泸201H5 压裂施工曲线\泸201H5-4-10 压裂施工曲线.xlsx,Log Data,absolute,0,1761047460.0,1761055427.0,132.78333333333333,1.0,0,0,0,1.0,1.0,52.34,initial_window_proxy,353.0,599.0,0.01482599999999705,,supplementary,起泵前基线不足180秒,52.32,52.32,2.490000000000002,0.00999999999999801,0.00999999999999801,-2.5400000000000063,-0.3300000000000054,-1.730972762645918,0.11999999999999744,,True,1.0,0.1,15.0,0.3513242123760512,0.0,0.0,True,0.01999999999999602,209,1,True,supplementary,C1,1.8702899416866032,True,仅供复核_不作正式训练标签
27a14477afc637,泸208H2,9,4,whole_stage,10,泸208H2|10-9,泸208H2|9|4,E:\压裂窜扰项目\02 规范化\泸208H2\泸208H2 邻井压力监测\泸208H2-9-4段压裂施工-10井压力监测.xlsx,9-4-10,无表头_文件名井号,a78652d3d895b8959c79e851a78a5ca93755a37eacf23299c42b8f08cc2401ca,E:\压裂窜扰项目\02 规范化\泸208H2\泸208H2 压裂施工曲线\泸208H2-9-4 压裂施工曲线（秒点）.xlsx,秒点数据,named_stage_clock_only,1719187200,1719239854.0,1719247222.0,122.8,1.0,0,0,0,0.9801845819761129,146.0,51.4406,initial_window_proxy,0.0,0.0,0.015567300000000589,,supplementary,施工窗缺口大于30秒；起泵前基线不足180秒,,,0.1477000000000004,3.4712999999999994,3.524099999999997,-0.021100000000004115,3.5134999999999934,0.8857625103849315,0.1477000000000004,39.516666666666666,False,0.32179695982627576,0.1,15.0,0.7236222653004708,40.916666666666664,0.0,True,4.2943,1758,1,True,supplementary,C1,1.3285248210445397,False,仅供复核_不作正式训练标签
27b09d867d5cd2,阳101H32,2,14,whole_stage,6,阳101H32|2-6,阳101H32|2|14,E:\压裂窜扰项目\02 规范化\阳101H32\阳101H32 邻井压力监测\阳101H32-2-14段压裂施工-4、6井分点压力监测.xlsx,导出数据,6井套压A(MPa),ae160c7be8a3657de284842fef075e9606ce5534acc015d90091ba94b40de61b,E:\压裂窜扰项目\02 规范化\阳101H32\阳101H32 压裂施工曲线\阳101H32-2-14 压裂施工曲线.xlsx,秒数据,absolute,0,1766907774.0,1766923174.0,256.6666666666667,60.0,0,0,0,0.9974025974025974,60.0,52.445,initial_window_proxy,1.0,0.0,0.007413000000003792,,supplementary,原始采样间隔大于30秒；施工窗缺口大于30秒；起泵前基线不足180秒,,52.46,0.07000000000000028,,5.634999999999998,-0.015000000000000568,5.634999999999998,2.7253710937499993,0.07000000000000028,14.1,False,0.05493506493506493,0.1,60.0,0.15234375,196.0,36.0,False,,1831,1,True,supplementary,C2,0.35704611644725553,False,仅供复核_不作正式训练标签
28f1dcdaf31ebb,泸203H76,1,10,whole_stage,2,泸203H76|1-2,泸203H76|1|10,E:\压裂窜扰项目\02 规范化\泸203H76\泸203H76 邻井压力监测\泸203H76平台-1井-10段压裂施工-2井秒点压力监测.xls,Sheet1,2井井口压力,f23ed43a6ee58995677efc28c4fdeb011a3573a7364037f0a1a55d9c15f49c03,E:\压裂窜扰项目\02 规范化\泸203H76\泸203H76 压裂施工曲线\泸203H76-1-10 压裂施工曲线（秒点）.xlsx,Sheet1,named_stage_clock_only,0,26815.0,33868.0,117.55,1.0,0,0,0,1.0,1.0,53.1248,initial_window_proxy,55.0,54.0,0.015567300000000589,,supplementary,起泵前基线不足180秒,0.010500000000000398,53.1353,0.06299999999999528,4.116399999999999,4.1584,-0.15749999999999886,4.1584,0.6951006451155534,0.14700000000000557,68.41666666666667,False,0.5820218346802779,0.1,15.0,0.8913937331631929,30.916666666666668,0.0,True,5.166499999999999,650,1,True,supplementary,C1,1.4019919541091919,False,仅供复核_不作正式训练标签
290ed4c8bab710,泸208H2,9,15,whole_stage,8,泸208H2|8-9,泸208H2|9|15,E:\压裂窜扰项目\02 规范化\泸208H2\泸208H2 邻井压力监测\泸208H2-9-15段压裂施工-8井压力监测.xlsx,9-15-8,无表头_文件名井号,f89d91beafbb71eb2379920314956454df9627120013b6f84f4972a6d6e69b10,E:\压裂窜扰项目\02 规范化\泸208H2\泸208H2 压裂施工曲线\泸208H2-9-15 压裂施工曲线（秒点）.xlsx,秒点数据,named_stage_clock_only,1725753600,1725790545.0,1725798030.0,124.75,1.0,0,0,0,0.9958583834335337,31.0,53.9749,initial_window_proxy,45.0,44.0,0.015567300000000589,,supplementary,施工窗缺口大于30秒；起泵前基线不足180秒,0.021000000000000796,53.9749,0.12579999999999814,2.4223,2.453700000000005,-0.010500000000000398,2.4432000000000045,1.0361149248725534,0.10490000000000066,13.416666666666666,False,0.10754843019372078,0.1,15.0,0.7296753420982023,59.583333333333336,0.0,False,,1743,1,True,supplementary,C1,1.2733234544860734,False,仅供复核_不作正式训练标签
2a9add6dda14fc,泸203H76,2,19,whole_stage,3,泸203H76|2-3,泸203H76|2|19,E:\压裂窜扰项目\02 规范化\泸203H76\泸203H76 邻井压力监测\泸203H76平台-2井-19段压裂施工-1、3、4井秒点压力监测.xls,Sheet1,3井井口压力,3fade4141c1cf27abbd389037411e4c84459cd2152ecbec7c9122da847148507,E:\压裂窜扰项目\02 规范化\泸203H76\泸203H76 压裂施工曲线\泸203H76-2-19 压裂施工曲线（秒点）.xls,Sheet1,named_stage_clock_only,-1679961600,28014.0,34522.0,108.46666666666667,1.0,0,0,0,1.0,1.0,52.4632,initial_window_proxy,54.0,53.0,0.015567300000000589,,supplementary,起泵前基线不足180秒,0.031500000000001194,52.4738,0.04200000000000159,5.880600000000001,5.901600000000002,0.0,5.901600000000002,2.452434242470805,0.11560000000000059,22.75,False,0.2097418561770129,0.1,15.0,0.8944376152427781,67.66666666666667,18.5,True,6.2586999999999975,783,1,True,supplementary,C2,0.23786038478143806,False,仅供复核_不作正式训练标签
2b09d3ed2fbc4b,阳101H35,1,11,whole_stage,3,阳101H35|1-3,阳101H35|1|11,E:\压裂窜扰项目\02 规范化\阳101H35\阳101H35 邻井压力监测\阳101H35平台1井第11段压裂期间邻井秒点数据5.29.xlsx,text,3#套压(MPa),894ee935f1bf3028163c9117453066f087e1c0ed26202fdbd7146078ef8ac9e9,E:\压裂窜扰项目\02 规范化\阳101H35\阳101H35 压裂施工曲线\阳101H35-1-11 压裂施工曲线（秒点）.xlsx,Log Data,named_stage_clock_only,-1716940800,25160.0,37870.0,211.83333333333334,1.0,0,0,0,1.0,1.0,50.9124984741211,initial_window_proxy,80.0,79.0,0.02779761886605107,,supplementary,起泵前基线不足180秒,0.04375076293950286,50.9187507629395,0.10000228881840201,0.012500762939396282,0.025001525878899145,-0.28749847412110086,-0.09375,-0.1145620805273712,0.15625,,True,1.0,0.1,15.0,0.22612116443745084,0.0,0.0,True,-0.04999923706060372,2290,1,True,supplementary,C1,0.12466955814997689,False,仅供复核_不作正式训练标签
2b9e2bb592c276,阳101H32,4,5,whole_stage,6,阳101H32|4-6,阳101H32|4|5,E:\压裂窜扰项目\02 规范化\阳101H32\阳101H32 邻井压力监测\阳101H32-4-5段压裂施工-2、6井秒点压力监测.xlsx,导出数据,6井套压A(MPa),360352454551d4ea73031b652e2f8941ff7b1e6607fe7a7bc93f7e6232285e62,E:\压裂窜扰项目\02 规范化\阳101H32\阳101H32 压裂施工曲线\阳101H32-4-5 压裂施工曲线.xlsx,秒数据,absolute,0,1763910273.0,1763923872.0,226.65,1.0,0,0,0,0.9991175821751599,12.0,51.44,initial_window_proxy,33.0,32.0,0.01482599999999705,,supplementary,起泵前基线不足180秒,0.01999999999999602,51.46,0.04999999999999716,1.5900000000000034,1.6000000000000014,-0.11999999999999744,1.5900000000000034,0.8419007139177175,0.05000000000000426,64.41666666666667,False,0.28421207441723656,0.1,15.0,0.39029955104143665,127.75,0.0,False,,1938,1,True,supplementary,C1,1.0505960482404357,False,仅供复核_不作正式训练标签
2ba27184266108,阳101H51,4,9,whole_stage,3,阳101H51|3-4,阳101H51|4|9,E:\压裂窜扰项目\02 规范化\阳101H51\阳101H51 邻井压力监测\阳101H51-4-9段压裂施工-3、5、6井秒点压力监测.xlsx,阳101H51-4井9段压裂全国期间3井、5井、6井压力秒点数,3井套压,90270507853f9d0e6e60222c50d8d98d98c2529f1fd1d6efc1a5cdca1eb66e30,E:\压裂窜扰项目\02 规范化\阳101H51\阳101H51 压裂施工曲线\阳101H51-4-9 压裂施工曲线（秒点）.xlsx,秒点数据,absolute,0,1784023342.0,1784041134.0,296.53333333333336,1.0,0,0,0,1.0,1.0,48.58,initial_window_proxy,82.0,81.0,0.01482599999999705,,supplementary,起泵前基线不足180秒,0.010000000000005116,48.59,0.020000000000003126,14.649999999999999,14.649999999999999,-0.00999999999999801,14.649999999999999,10.71834448066547,0.3500000000000014,4.583333333333333,False,0.015456384892086329,0.1,15.0,0.5971785071942446,283.3333333333333,255.75,True,14.600000000000001,2476,1,True,supplementary,C2,8.070341786393,True,仅供复核_不作正式训练标签
2ba8c57e20ff62,阳101H51,1,9,whole_stage,3,阳101H51|1-3,阳101H51|1|9,E:\压裂窜扰项目\02 规范化\阳101H51\阳101H51 邻井压力监测\阳101H51-1-9段压裂施工-2、3井秒点压力监测.xlsx,阳101H51-1井9段压裂施工期间2井、3井压力秒点数据（2,3井套压,d554b3520ad774cf09153d3b635b519c5d86020687f6d76b260f6d1fcd06f522,E:\压裂窜扰项目\02 规范化\阳101H51\阳101H51 压裂施工曲线\阳101H51-1-9 压裂施工曲线（秒点）.xlsx,秒点数据,absolute,0,1777902239.0,1777914180.0,199.01666666666668,1.0,0,0,0,1.0,161.0,55.34,initial_window_proxy,59.0,58.0,0.0,,supplementary,施工窗缺口大于30秒；起泵前基线不足180秒,0.0,55.34,0.020000000000003126,2.9399999999999977,2.9499999999999957,-0.010000000000005116,2.9399999999999977,1.4165128548697732,0.030000000000001137,17.416666666666668,False,0.08751360857549619,0.1,15.0,0.6638655462184874,120.58333333333333,0.0,False,,2388,1,True,supplementary,C1,1.6989135623192764,True,仅供复核_不作正式训练标签
2c445a07c5acdd,泸203H76,3,21,whole_stage,4,泸203H76|3-4,泸203H76|3|21,E:\压裂窜扰项目\02 规范化\泸203H76\泸203H76 邻井压力监测\泸203H76平台-3井-21段压裂施工-1、2、4井秒点压力监测.xls,Sheet1,4井井口压力,e0833ec5b8ccb66960d36da5a2a2cb120405121983da81a14d4697f67680c40e,E:\压裂窜扰项目\02 规范化\泸203H76\泸203H76 压裂施工曲线\泸203H76-3-21 压裂施工曲线（秒点）.xls,Sheet1,named_stage_clock_only,-1680307200,38641.0,45925.0,121.4,1.0,0,0,0,1.0,1.0,48.1578,initial_window_proxy,61.0,60.0,0.031134600000001178,,supplementary,起泵前基线不足180秒,0.09450000000000358,48.1578,0.3674999999999997,0.08399999999999608,0.14699999999999847,-0.27300000000000324,-0.24150000000000205,-0.0661338550247134,0.22050000000000125,,True,1.0,0.1,15.0,0.6742174629324547,0.0,0.0,True,-0.23100000000000165,879,1,True,supplementary,C1,0.09462793191027821,False,仅供复核_不作正式训练标签
2ca259e9706e76,泸203H66,3,11,whole_stage,1,泸203H66|1-3,泸203H66|3|11,E:\压裂窜扰项目\02 规范化\泸203H66\泸203H66 邻井压力监测\泸203H66平台-3井-11段压裂施工-1、2井分点压力监测.xlsx,Sheet1,1井压力,e204b12078bc947d45dfbc020ac0c30f4905e4d3cc183c136c3c805f94c45694,E:\压裂窜扰项目\02 规范化\泸203H66\泸203H66 压裂施工曲线\泸203H66-3-11 压裂施工曲线.xlsx,LogData(s),named_stage_clock_only,-1678233600,46979.0,54821.0,130.7,60.0,0,0,0,0.9946442234123948,60.0,50.28,initial_window_proxy,1.0,0.0,0.04447800000000168,,supplementary,原始采样间隔大于30秒；施工窗缺口大于30秒；起泵前基线不足180秒,,50.25,0.07000000000000028,,2.530000000000001,-0.030000000000001137,2.5,0.9842307692307691,0.07000000000000028,33.016666666666666,False,0.25261412904871205,0.13343400000000505,60.0,0.6538461538461539,58.0,0.0,True,2.719999999999999,613,1,True,supplementary,C1,1.2997205363961881,False,仅供复核_不作正式训练标签
2cb523314a4afe,泸203H64,4,5,whole_stage,5,泸203H64|4-5,泸203H64|4|5,E:\压裂窜扰项目\02 规范化\泸203H64\泸203H64 邻井压力监测\泸203H64-4-5段压裂施工-1、2、3、5井秒点压力监测.xls,导出数据,5#套压(MPa),79aa4054c025e3c620be390106fc758c39c53493cf0f02be3456129996e77139,E:\压裂窜扰项目\02 规范化\泸203H64\泸203H64 压裂施工曲线\泸203H64-4-5 压裂施工曲线.csv,text,named_stage_clock_only,-1671235200,47243.0,55064.0,130.35,1.0,0,0,0,1.0,1.0,43.617,initial_window_proxy,143.0,142.0,0.050408399999998396,,supplementary,起泵前基线不足180秒,0.027999999999998693,43.638,0.06199999999999761,0.06200000000000472,0.06900000000000261,-0.27299999999999613,-0.25199999999999534,-0.1247624984017362,0.12299999999999756,,True,1.0,0.15122519999999517,15.0,0.270042194092827,0.0,0.0,False,,455,1,True,supplementary,C1,0.150626187801993,False,仅供复核_不作正式训练标签
2ccdadf872ee4c,泸203H64,4,12,whole_stage,1,泸203H64|1-4,泸203H64|4|12,E:\压裂窜扰项目\02 规范化\泸203H64\泸203H64 邻井压力监测\泸203H64-4-12段压裂施工-1、2、3、5井秒点压力监测.xls,导出数据,1#套压(MPa),d4272aea77c3a3ee1813e60234a4172ada9ecda2596e9534cf1639da0107b96c,E:\压裂窜扰项目\02 规范化\泸203H64\泸203H64 压裂施工曲线\泸203H64-4-12 压裂施工曲线.csv,text,named_stage_clock_only,-1671580800,25641.0,36510.0,181.15,1.0,0,0,0,0.9972398564725365,30.0,51.148,initial_window_proxy,141.0,140.0,0.0296519999999941,,supplementary,起泵前基线不足180秒,0.0589999999999975,51.122,0.03999999999999915,0.032999999999994145,0.03999999999999915,-0.20300000000000296,-0.026000000000003354,-0.09304266998800932,0.09899999999999665,,True,1.0,0.1,15.0,0.3591659747209152,0.0,0.0,False,,428,1,True,supplementary,C1,0.10298140328583104,False,仅供复核_不作正式训练标签
2dd4a6529a9361,泸203H64,3,4,whole_stage,1,泸203H64|1-3,泸203H64|3|4,E:\压裂窜扰项目\02 规范化\泸203H64\泸203H64 邻井压力监测\泸203H64-3-4段压裂施工-1、2、4、5井秒点压力监测.xls,导出数据,1#套压(MPa),c6c368eccc63d68a7d5de236d0eecd4bd28e88d0fc5bf1a291758afaae71a8ee,E:\压裂窜扰项目\02 规范化\泸203H64\泸203H64 压裂施工曲线\泸203H64-3-4 压裂施工曲线（秒点）.csv,text,named_stage_clock_only,-1669334400,25007.0,35164.0,169.28333333333333,1.0,0,0,0,1.0,2.0,34.361,initial_window_proxy,107.0,106.0,0.008895600000000337,,supplementary,起泵前基线不足180秒,0.01999999999999602,34.368,0.03300000000000125,0.1180000000000021,0.125,-0.01899999999999835,0.11200000000000188,0.055230973712713655,0.045999999999999375,102.08333333333333,False,0.6030323914541695,0.1,15.0,0.3675659708546672,0.0,0.0,False,,395,1,True,supplementary,C1,0.05225830217074906,False,仅供复核_不作正式训练标签
2dd625c2fd8e5c,泸203H76,3,15,whole_stage,1,泸203H76|1-3,泸203H76|3|15,E:\压裂窜扰项目\02 规范化\泸203H76\泸203H76 邻井压力监测\泸203H76平台-3井-15段压裂施工-1、2、4井秒点压力监测.xls,Sheet1,1井井口压力,2d910395f5c3c56eed84f34f69cbf562cdbc757ff0247787cf519018c9c06e59,E:\压裂窜扰项目\02 规范化\泸203H76\泸203H76 压裂施工曲线\泸203H76-3-15 压裂施工曲线（秒点）.xls,Sheet1,named_stage_clock_only,-1679702400,27235.0,34459.0,120.4,1.0,0,0,0,1.0,1.0,54.0804,initial_window_proxy,55.0,54.0,0.14010569999999475,,supplementary,起泵前基线不足180秒,0.06300000000000239,53.9859,0.4095000000000013,0.9871000000000052,1.0711000000000013,-0.12599999999999767,0.903100000000002,0.4900124377076438,0.19950000000000045,57.75,False,0.47965116279069764,0.42031709999998423,15.0,0.6724806201550387,0.16666666666666666,0.0,True,0.8506,841,1,True,supplementary,C1,0.56654131622627,False,仅供复核_不作正式训练标签
2eddfd1a2e80d8,泸208H2,9,10,whole_stage,7,泸208H2|7-9,泸208H2|9|10,E:\压裂窜扰项目\02 规范化\泸208H2\泸208H2 邻井压力监测\泸208H2-9-10段压裂施工-7井压力监测.xlsx,9-10-7,无表头_文件名井号,ce1e1f306d9ebe87db9c328e9c4b03de8c5c4ac45dde2385263b5d7a80559628,E:\压裂窜扰项目\02 规范化\泸208H2\泸208H2 压裂施工曲线\泸208H2-9-10 压裂施工曲线（秒点）.xlsx,秒点数据,named_stage_clock_only,1722038400,1722063768.0,1722075857.0,201.48333333333332,1.0,0,0,0,1.0,1.0,49.6278,initial_window_proxy,108.0,107.0,0.01571556000000551,,supplementary,起泵前基线不足180秒,0.3785000000000025,49.6278,0.2522999999999982,2.0394999999999968,2.0814999999999984,-0.021100000000004115,2.0604999999999976,0.8684197286789638,0.1998000000000033,4.75,False,0.023575150963686,0.1,15.0,0.7483662833981305,71.0,0.0,True,2.365400000000001,1731,1,True,supplementary,C1,1.0470929306712935,False,仅供复核_不作正式训练标签
2ef9e726d86af3,泸203H64,5,7,whole_stage,3,泸203H64|3-5,泸203H64|5|7,E:\压裂窜扰项目\02 规范化\泸203H64\泸203H64 邻井压力监测\泸203H64-5-7段压裂施工-1、2、3、4井秒点压力监测.xls,导出数据,3#套压(MPa),3f35efa89273df3f1a0d29680289116c672f7f76f7c0dee07260b48a95456e8b,E:\压裂窜扰项目\02 规范化\泸203H64\泸203H64 压裂施工曲线\泸203H64-5-7 压裂施工曲线.csv,text,named_stage_clock_only,-1670716800,26205.0,34676.0,141.18333333333334,1.0,0,0,0,1.0,1.0,33.219,initial_window_proxy,105.0,104.0,0.019273799999997218,,supplementary,起泵前基线不足180秒,0.032999999999994145,33.2225,0.08500000000000085,7.717999999999996,7.750999999999998,-0.09199999999999875,7.744,2.490451422500294,0.13799999999999812,28.666666666666668,False,0.20304568527918782,0.1,15.0,0.18675481053004367,81.5,30.166666666666668,False,,514,1,True,supplementary,C2,0.2646445207660988,False,仅供复核_不作正式训练标签
2f01c883c2bc64,泸206H8,5,13,whole_stage,4,泸206H8|4-5,泸206H8|5|13,E:\压裂窜扰项目\02 规范化\泸206H8\泸206H8 邻井压力监测\泸206H8-5-13段压裂施工-1、2、3、4、6、7、8井秒点压力监测.xls,导出数据,4井套压1(MPa),8eed401cc8eb07424614f7c38ee4602158d415e7dcbed67f1e59aea61aeebba9,E:\压裂窜扰项目\02 规范化\泸206H8\泸206H8 压裂施工曲线\泸206H8-5-13 压裂施工曲线.xlsx,秒点数据,absolute,0,1752999621.0,1753009431.0,163.5,1.0,0,0,0,1.0,1.0,58.47,initial_window_proxy,141.0,140.0,0.01482599999999705,,supplementary,起泵前基线不足180秒,0.030000000000001137,58.47,0.060000000000002274,1.990000000000002,2.0,-0.030000000000001137,1.990000000000002,0.7325805300713568,0.07000000000000028,28.75,False,0.17584097859327216,0.1,15.0,0.3294597349643221,54.333333333333336,0.0,False,,1219,1,True,supplementary,C1,0.9394768598580764,False,仅供复核_不作正式训练标签
3026f9859a4e6e,阳101H32,2,8,whole_stage,4,阳101H32|2-4,阳101H32|2|8,E:\压裂窜扰项目\02 规范化\阳101H32\阳101H32 邻井压力监测\阳101H32-2-8段压裂施工-4、6井秒点压力监测.xlsx,导出数据,4井套压A(MPa),efdc220de1c9915a98dcfa959591269ab83da559ca212208a5ecdfe4d4d923b4,E:\压裂窜扰项目\02 规范化\阳101H32\阳101H32 压裂施工曲线\阳101H32-2-8 压裂施工曲线.xlsx,秒数据,absolute,0,1766215846.0,1766231587.0,262.35,1.0,0,0,0,0.9995553014420939,7.0,50.5,initial_window_proxy,46.0,45.0,0.01482599999999705,,supplementary,起泵前基线不足180秒,0.01999999999999602,50.51,0.05000000000000426,7.659999999999997,7.700000000000003,-0.020000000000003126,7.700000000000003,3.0797270242786325,0.0899999999999963,29.0,False,0.11053935582237467,0.1,15.0,0.3555357823821024,187.33333333333334,42.083333333333336,False,,1877,1,True,supplementary,C2,0.31138977482061747,False,仅供复核_不作正式训练标签
30395d725aa64c,泸203H76,4,14,whole_stage,3,泸203H76|3-4,泸203H76|4|14,E:\压裂窜扰项目\02 规范化\泸203H76\泸203H76 邻井压力监测\泸203H76平台-4井-14段压裂施工-1、2、3井分点压力监测-2.xls,Sheet1,3井井口压力,f3c6bd27854200dd2f623452b060d75226d9d90994e6d38a547aa917817530d5,E:\压裂窜扰项目\02 规范化\泸203H76\泸203H76 压裂施工曲线\泸203H76-4-14 压裂施工曲线（秒点）.xlsx,Sheet1,named_stage_clock_only,-1679616000,39191.0,47071.0,131.33333333333334,1.0,0,0,0,1.0,1.0,59.0789,initial_window_proxy,71.0,70.0,0.015567300000000589,,supplementary,起泵前基线不足180秒,0.021000000000000796,59.0789,0.04210000000000491,0.4831000000000003,0.4831000000000003,-0.21000000000000085,0.3780000000000001,0.1814767576142157,0.04200000000000159,55.5,False,0.4225888324873096,0.1,15.0,0.8930203045685279,0.0,0.0,True,0.38860000000000383,914,1,True,supplementary,C1,0.2946075610220027,False,仅供复核_不作正式训练标签
306ac07c4be183,泸203H66,1,19,whole_stage,3,泸203H66|1-3,泸203H66|1|19,E:\压裂窜扰项目\02 规范化\泸203H66\泸203H66 邻井压力监测\泸203H66平台-1井-19段压裂施工-2、3井分点压力监测.xls,Sheet1,3井,a3d9ffb62760c798a332fe2b7cb114f84f4495862a30da87dd3121a793234105,E:\压裂窜扰项目\02 规范化\泸203H66\泸203H66 压裂施工曲线\泸203H66-1-19 压裂施工曲线.xlsx,LogData(s),named_stage_clock_only,-1680998400,50394.0,58002.0,126.8,60.0,0,0,0,0.9936908517350158,60.0,48.75,initial_window_proxy,0.0,0.0,0.0,,supplementary,原始采样间隔大于30秒；施工窗缺口大于30秒；起泵前基线不足180秒,,,0.11999999999999744,,3.6300000000000026,-0.060000000000002274,3.6300000000000026,1.3726587301587305,0.11999999999999744,25.1,False,0.19794952681388014,0.1,60.0,0.5158730158730159,69.0,0.0,True,4.030000000000001,562,1,True,supplementary,C2,1.5739024007734579,False,仅供复核_不作正式训练标签
309f51547659b1,泸203H76,4,16,whole_stage,1,泸203H76|1-4,泸203H76|4|16,E:\压裂窜扰项目\02 规范化\泸203H76\泸203H76 邻井压力监测\泸203H76平台-4井-16段压裂施工-1、2、3井秒点压力监测.xls,Sheet1,1井井口压力,c4d8ee44d4ac18de04b1e88d6490dbf0cdb41c02b9fe2321054525fa9ba6fdc1,E:\压裂窜扰项目\02 规范化\泸203H76\泸203H76 压裂施工曲线\泸203H76-4-16 压裂施工曲线（秒点）.xlsx,Sheet1,named_stage_clock_only,-1680393600,40474.0,47477.0,116.71666666666667,1.0,0,0,0,1.0,1.0,56.7162,initial_window_proxy,34.0,33.0,0.04670190000000177,,supplementary,起泵前基线不足180秒,0.18900000000000006,56.7162,1.0185999999999993,0.4095000000000013,0.5144999999999982,-0.38860000000000383,-0.31510000000000105,-0.04527740254176814,0.27299999999999613,33.75,False,0.28916178780522633,0.1401057000000053,15.0,0.6697129801513637,0.0,0.0,True,-0.4831000000000003,923,1,True,supplementary,C1,0.16803470904812443,False,仅供复核_不作正式训练标签
30ccbd9a1d59b1,阳101H51,3,5,whole_stage,2,阳101H51|2-3,阳101H51|3|5,E:\压裂窜扰项目\02 规范化\阳101H51\阳101H51 邻井压力监测\阳101H51-3-5段压裂施工-1、2井秒点压力监测.xlsx,阳101H51-3井5段压裂施工期间1井、2井压力秒点数据（2,2井套压,101a0d439fc1f752029a58b36a2d1f3656bf9080cd8d2eaa6893d30f9539b9b3,E:\压裂窜扰项目\02 规范化\阳101H51\阳101H51 压裂施工曲线\阳101H51-3-5 压裂施工曲线（秒点）.xlsx,秒点数据,absolute,0,1778586758.0,1778597945.0,186.45,1.0,0,0,0,0.9995530526503977,5.0,54.73,initial_window_proxy,39.0,38.0,0.0,,supplementary,起泵前基线不足180秒,0.010000000000005116,54.73,0.020000000000003126,5.170000000000002,5.18,-0.00999999999999801,5.18,2.901355750313006,0.09000000000000341,5.333333333333333,False,0.02860463037454188,0.1,15.0,0.6668753353604007,155.58333333333334,7.333333333333333,False,,2453,1,True,supplementary,C2,1.0120533787166721,False,仅供复核_不作正式训练标签
312559a9e97f9c,泸203H64,3,4,whole_stage,2,泸203H64|2-3,泸203H64|3|4,E:\压裂窜扰项目\02 规范化\泸203H64\泸203H64 邻井压力监测\泸203H64-3-4段压裂施工-1、2、4、5井秒点压力监测.xls,导出数据,2#套压(MPa),c6c368eccc63d68a7d5de236d0eecd4bd28e88d0fc5bf1a291758afaae71a8ee,E:\压裂窜扰项目\02 规范化\泸203H64\泸203H64 压裂施工曲线\泸203H64-3-4 压裂施工曲线（秒点）.csv,text,named_stage_clock_only,-1669334400,25007.0,35164.0,169.28333333333333,1.0,0,0,0,1.0,2.0,34.367,initial_window_proxy,107.0,106.0,0.008895600000000337,,supplementary,起泵前基线不足180秒,0.026999999999993918,34.354,0.03300000000000125,0.03300000000000125,0.03999999999999915,-0.08500000000000085,0.0,-0.02489032194545326,0.03300000000000125,,True,1.0,0.1,15.0,0.39091894021471485,0.0,0.0,False,,392,1,True,supplementary,C1,0.028272622769895794,False,仅供复核_不作正式训练标签
317178c3b0b68c,阳101H51,1,8,whole_stage,2,阳101H51|1-2,阳101H51|1|8,E:\压裂窜扰项目\02 规范化\阳101H51\阳101H51 邻井压力监测\阳101H51-1-8段压裂施工-2、3井秒点压力监测.xlsx,阳101H51-1井8段压裂施工期间2井、3井压力秒点数据（2,2井套压,b506fb5b2d0be98fe3984f683b978a78fa001d67f3d0d2f62b529227c23be56d,E:\压裂窜扰项目\02 规范化\阳101H51\阳101H51 压裂施工曲线\阳101H51-1-8 压裂施工曲线（秒点）.xlsx,秒点数据,absolute,0,1777791171.0,1777803815.0,210.73333333333332,1.0,0,0,0,0.9897975324264473,129.0,54.71,initial_window_proxy,0.0,0.0,0.0,,supplementary,施工窗缺口大于30秒；起泵前基线不足180秒,,,0.020000000000003126,3.280000000000001,3.289999999999999,0.0,3.289999999999999,1.7285493407910497,0.03999999999999915,18.4,False,0.08731414109459032,0.1,15.0,0.6802237315221734,140.08333333333334,0.0,False,,2385,1,True,supplementary,C2,1.5157679265024258,False,仅供复核_不作正式训练标签
31c91d79f741bb,泸208H2,9,19,whole_stage,10,泸208H2|10-9,泸208H2|9|19,E:\压裂窜扰项目\02 规范化\泸208H2\泸208H2 邻井压力监测\泸208H2-9-19段压裂施工-10井压力监测.xlsx,9-19-10,无表头_文件名井号,4fdd927919acfdbc35defcf5f75c9a8a483cf5a0b97f0ac0be9fc79fc5c27012,E:\压裂窜扰项目\02 规范化\泸208H2\泸208H2 压裂施工曲线\泸208H2-9-19 压裂施工曲线（秒点）.xlsx,秒点数据,named_stage_clock_only,1726185600,1726213957.0,1726226742.0,213.08333333333334,1.0,0,0,0,1.0,1.0,51.3646,initial_window_proxy,156.0,155.0,0.015567300000000589,,supplementary,起泵前基线不足180秒,0.03149999999999409,51.3646,0.12599999999999767,8.793599999999998,8.825099999999999,-0.021000000000000796,8.825099999999999,4.189830645287444,0.19959999999999667,18.25,False,0.08564724286272976,0.1,15.0,0.7427454047712163,165.16666666666666,119.83333333333333,True,9.2243,1750,1,True,supplementary,C2,1.4270361500480893,False,仅供复核_不作正式训练标签
32d9a01635254d,泸203H76,1,10,whole_stage,4,泸203H76|1-4,泸203H76|1|10,E:\压裂窜扰项目\02 规范化\泸203H76\泸203H76 邻井压力监测\泸203H76平台-1井-10段压裂施工-2、3、4井分点压力监测.xls,Sheet1,4井井口压力,078aef97a4565dba9c51adfc65c6af9e3aa9973f7f8781613fc527790defaf2a,E:\压裂窜扰项目\02 规范化\泸203H76\泸203H76 压裂施工曲线\泸203H76-1-10 压裂施工曲线（秒点）.xlsx,Sheet1,named_stage_clock_only,0,26815.0,33868.0,117.55,60.0,0,0,0,0.9953211399404509,60.0,54.1119,initial_window_proxy,1.0,0.0,0.0077836500000002945,,supplementary,原始采样间隔大于30秒；施工窗缺口大于30秒；起泵前基线不足180秒,,54.1014,0.3674999999999997,,0.010500000000000398,-0.4200000000000017,-0.3097499999999975,-0.20124999999999849,0.3674999999999997,,True,1.0,0.1,60.0,0.06837606837606838,0.0,0.0,True,-0.3149999999999977,649,1,True,supplementary,C1,0.2298196025073248,False,仅供复核_不作正式训练标签
32fb45d4c0271a,泸203H64,3,11,whole_stage,4,泸203H64|3-4,泸203H64|3|11,E:\压裂窜扰项目\02 规范化\泸203H64\泸203H64 邻井压力监测\泸203H64-3-11段压裂施工-1、2、4、5井秒点压力监测.xls,导出数据,4#套压(MPa),a52c48f2ed8bce935483e488af9ef4d24ccfdc0672ad93650422bd416714515f,E:\压裂窜扰项目\02 规范化\泸203H64\泸203H64 压裂施工曲线\泸203H64-3-11 压裂施工曲线.csv,text,named_stage_clock_only,-1672272000,27540.0,36454.0,148.56666666666666,1.0,0,0,0,0.9932690150325331,60.0,46.482,initial_window_proxy,0.0,0.0,0.008895600000000337,,supplementary,施工窗缺口大于30秒；起泵前基线不足180秒,,,0.03300000000000125,0.006999999999997897,0.012999999999998124,-0.15699999999999648,-0.13799999999999812,-0.07664259091935799,0.03999999999999915,,True,1.0,0.1,15.0,0.32956855658459455,0.0,0.0,False,,364,1,True,supplementary,C1,0.0920188740453488,False,仅供复核_不作正式训练标签
331a49dd289f84,泸203H76,2,12,whole_stage,3,泸203H76|2-3,泸203H76|2|12,E:\压裂窜扰项目\02 规范化\泸203H76\泸203H76 邻井压力监测\泸203H76平台-2井-12段压裂施工-1、3、4井秒点压力监测.xlsx,Sheet1,3井井口压力,2d4b3c36b19ef21eb6eaa9a6327d3d58fa83936a93d4a8b20d9e4bccc9d6d5e2,E:\压裂窜扰项目\02 规范化\泸203H76\泸203H76 压裂施工曲线\泸203H76-2-12 压裂施工曲线（秒点）.xlsx,Sheet1,named_stage_clock_only,-1678752000,39819.0,51333.0,191.9,1.0,0,0,0,1.0,1.0,53.5134,initial_window_proxy,159.0,158.0,0.031134600000001178,,supplementary,起泵前基线不足180秒,0.04200000000000159,53.4713,0.04200000000000159,4.063900000000004,4.074400000000004,-0.03159999999999741,3.570300000000003,3.027344927913847,0.09450000000000358,6.166666666666667,False,0.03213479242661108,0.1,15.0,0.9003821434775057,171.25,0.0,True,3.6333000000000055,753,1,True,supplementary,C2,1.4006277689012923,False,仅供复核_不作正式训练标签
338088498073d1,阳101H34,2,16,whole_stage,1,阳101H34|1-2,阳101H34|2|16,E:\压裂窜扰项目\02 规范化\阳101H34\阳101H34 邻井压力监测\阳101H34-2-16段压裂施工-1井秒点压力监测.xls,导出数据,1#1井套压(MPa),3b878500c71bdcbb8e8226315ce617e0903ef6ced010c01ec8c4d4fceb00950b,E:\压裂窜扰项目\02 规范化\阳101H34\阳101H34 压裂施工曲线\阳101H34-2-16 压裂施工曲线.xls,秒点数据,named_stage_clock_only,-1747267200,24438.0,32164.0,128.76666666666668,1.0,0,0,0,0.9790318405384416,162.0,58.386173248291,initial_window_proxy,0.0,0.0,0.0681395141600825,,supplementary,施工窗缺口大于30秒；起泵前基线不足180秒,,,0.0984916687012003,1.845119476318402,1.845119476318402,-0.07879257202149859,1.845119476318402,0.9892355582501138,0.09193038940429688,9.033333333333333,False,0.07015273103805332,0.2044185424802475,15.0,0.16296296296296298,55.333333333333336,0.0,False,,2135,1,True,supplementary,C1,1.1018565650833023,False,仅供复核_不作正式训练标签
339a34bfdc38e8,阳101H34,2,10,whole_stage,4,阳101H34|2-4,阳101H34|2|10,E:\压裂窜扰项目\02 规范化\阳101H34\阳101H34 邻井压力监测\阳101H34-2-10段压裂施工-4井秒点压力监测.xls,导出数据,4#4井套压1(MPa),b314c9c99251f4a5e908dc85ab0496b6c457ebe967509dca4f832362544ba9ce,E:\压裂窜扰项目\02 规范化\阳101H34\阳101H34 压裂施工曲线\阳101H34-2-10 压裂施工曲线.xls,秒点数据,named_stage_clock_only,-1746144000,24477.0,34489.0,166.86666666666667,1.0,0,0,0,1.0,1.0,46.4099998474121,initial_window_proxy,177.0,176.0,0.009727752685578479,,supplementary,起泵前基线不足180秒,0.01968765258789773,46.4034385681152,0.2099990844725994,1.3584365844726989,1.3584365844726989,-0.019687652587904836,1.3584365844726989,0.5248661018399089,0.3149986267089986,46.333333333333336,False,0.27766679984019177,0.1,15.0,0.2991410307630843,36.166666666666664,0.0,False,,2131,1,True,supplementary,C1,0.6850050961389998,False,仅供复核_不作正式训练标签
33a9d77573d1cf,泸206H8,4,1,whole_stage,5,泸206H8|4-5,泸206H8|4|1,E:\压裂窜扰项目\02 规范化\泸206H8\泸206H8 邻井压力监测\泸206H8-4-1段压裂施工-1、2、3、5、6、7、8井分点压力监测.xls,导出数据,5井套压(MPa),c389acdf93b267a67d0145a7e805889e00d860e2cb420ad88c00b6c10e9d782f,E:\压裂窜扰项目\02 规范化\泸206H8\泸206H8 压裂施工曲线\泸206H8-4-1 压裂施工曲线.xlsx,秒点数据,absolute,0,1751889358.0,1751899386.0,167.13333333333333,60.0,0,0,0,0.9992022337455125,60.0,0.0,pre_pump_10min,6.0,300.0,0.0,0.0,supplementary,原始采样间隔大于30秒；施工窗缺口大于30秒,0.0,0.0,59.65,,60.29,0.0,59.67,59.75392215568863,59.65,1.0333333333333334,False,0.006182688472277624,0.1,60.0,0.3413173652694611,166.0,166.0,False,,1062,1,True,supplementary,C2,56.64602503665074,True,仅供复核_不作正式训练标签
33bad0b58cae18,阳101H32,4,14,whole_stage,6,阳101H32|4-6,阳101H32|4|14,E:\压裂窜扰项目\02 规范化\阳101H32\阳101H32 邻井压力监测\阳101H32-4-14段压裂施工-6井秒点压力监测.xlsx,导出数据,6井套压A(MPa),547f4037fe370feec6eaa6c26019104f85a76808c6eafe5498c40f38db2aedb0,E:\压裂窜扰项目\02 规范化\阳101H32\阳101H32 压裂施工曲线\阳101H32-4-14 压裂施工曲线.xlsx,秒数据,absolute,0,1764768526.0,1764786434.0,298.46666666666664,1.0,0,0,0,0.9992182264909537,14.0,55.47,initial_window_proxy,46.0,45.0,0.01482599999999705,,supplementary,起泵前基线不足180秒,0.01999999999999602,55.5,0.060000000000002274,8.270000000000003,8.280000000000001,-0.00999999999999801,8.270000000000003,5.2053917514250605,0.14000000000000057,5.25,False,0.01758990395354032,0.1,15.0,0.34274058343578856,282.25,164.66666666666666,False,,1887,1,True,supplementary,C2,2.2994566504538616,False,仅供复核_不作正式训练标签
33c11757b57c8d,泸206H8,4,9,whole_stage,3,泸206H8|3-4,泸206H8|4|9,E:\压裂窜扰项目\02 规范化\泸206H8\泸206H8 邻井压力监测\泸206H8-4-9段压裂施工-1、2、3、5、6、7、8井秒点压力监测.xls,导出数据,3井套压1(MPa),287ca668e12277f383c425b1e47b05d9566cd7d7eab3f740b529cde27a1df5b9,E:\压裂窜扰项目\02 规范化\泸206H8\泸206H8 压裂施工曲线\泸206H8-4-9 压裂施工曲线.xlsx,秒点数据,absolute,0,1753023458.0,1753033486.0,167.13333333333333,1.0,0,0,0,0.985839648982848,142.0,50.61,initial_window_proxy,0.0,0.0,0.01482599999999705,,supplementary,施工窗缺口大于30秒；起泵前基线不足180秒,,,0.04999999999999716,0.0799999999999983,0.0799999999999983,-0.01999999999999602,0.060000000000002274,0.05300930608941816,0.030000000000001137,,True,1.0,0.1,15.0,0.38818737270875764,0.0,0.0,False,,1172,1,True,supplementary,C1,0.054194436999237476,False,仅供复核_不作正式训练标签
341aa4baa42f08,泸203H64,3,2,whole_stage,5,泸203H64|3-5,泸203H64|3|2,E:\压裂窜扰项目\02 规范化\泸203H64\泸203H64 邻井压力监测\泸203H64-3-2段压裂施工-1、2、4、5井秒点压力监测.xls,导出数据,5#套压(MPa),e61179204f9fc5c02226e9d538a375bdd8029cc57f2c4063a9e4043f85c551b1,E:\压裂窜扰项目\02 规范化\泸203H64\泸203H64 压裂施工曲线\泸203H64-3-2 压裂施工曲线（秒点）.csv,text,named_stage_clock_only,-1669161600,26933.0,36164.0,153.85,1.0,0,0,0,0.9992416856245261,7.0,29.13,initial_window_proxy,0.0,0.0,0.008895600000000337,,supplementary,起泵前基线不足180秒,,,0.03500000000000014,0.16400000000000148,0.18500000000000227,-0.07499999999999929,0.12300000000000111,0.023849685602776,0.05500000000000327,136.86666666666667,False,0.889611093056007,0.1,15.0,0.3629364563001518,0.0,0.0,False,,385,1,True,supplementary,C1,0.04230198480811819,False,仅供复核_不作正式训练标签
3421d5ca086220,泸208H2,8,5,whole_stage,9,泸208H2|8-9,泸208H2|8|5,E:\压裂窜扰项目\02 规范化\泸208H2\泸208H2 邻井压力监测\泸208H2-8-5段压裂施工-9井压力监测.xlsx,8-5-9,无表头_文件名井号,f89c6a69f7fdfa7f28826da9d611e7198067abbf4ed8ae27b6a2c82bb86fcb36,E:\压裂窜扰项目\02 规范化\泸208H2\泸208H2 压裂施工曲线\泸208H2-8-5 压裂施工曲线（秒点）.xlsx,秒点数据,named_stage_clock_only,1719100800,1719140775.0,1719149564.0,146.48333333333332,1.0,0,0,0,1.0,1.0,54.2454,initial_window_proxy,75.0,74.0,0.015567300000000589,,supplementary,起泵前基线不足180秒,0.03149999999999409,54.2244,0.11550000000000438,6.825700000000005,6.836200000000005,-0.03149999999999409,6.825700000000005,3.27646068380931,0.14699999999999847,12.75,False,0.08704061895551259,0.1,15.0,0.7391057003072021,104.0,51.0,True,6.941200000000002,1687,1,True,supplementary,C2,0.3338110593395331,False,仅供复核_不作正式训练标签
34746c8edcb076,阳101H35,3,9,whole_stage,2,阳101H35|2-3,阳101H35|3|9,E:\压裂窜扰项目\02 规范化\阳101H35\阳101H35 邻井压力监测\阳101H35平台3井第九段压裂期间邻井秒点数据5.24.xlsx,text,2#套压(MPa),4b871193428edb3fe9e4df1c7b1397f030d99968ae885334ad21f63309f624bd,E:\压裂窜扰项目\02 规范化\阳101H35\阳101H35 压裂施工曲线\阳101H35-3-9 压裂施工曲线（秒点）.xlsx,Log Data,named_stage_clock_only,-1716508800,26795.0,41141.0,239.1,1.0,0,0,0,1.0,1.0,48.3125,initial_window_proxy,155.0,154.0,0.018533631134106943,,supplementary,起泵前基线不足180秒,0.06874847412110086,48.2874984741211,0.06875228881840201,3.162498474121101,3.200000762939503,-0.037498474121100855,3.193748474121101,1.6176395176943743,0.09375,13.333333333333334,False,0.055764673079604074,0.1,15.0,0.2015195873414192,184.41666666666666,0.0,True,3.381248474121101,2336,1,True,supplementary,C1,1.79447598512054,True,仅供复核_不作正式训练标签
34a0d851d4839f,泸203H9,3,6,whole_stage,2,泸203H9|2-3,泸203H9|3|6,E:\压裂窜扰项目\02 规范化\泸203H9\泸203H9 邻井压力监测\泸203H9-3井第6段压裂期间邻井压力监测数据(1).xls,导出数据,2#套压(MPa),8428654c28218f8aa88f04513daae53abbcc401e0c5b5e21ad8b6cc7bf3d8a5c,E:\压裂窜扰项目\02 规范化\泸203H9\泸203H9 压裂施工曲线\泸203H9-3-6 压裂施工曲线-2.xlsx,LogData(s),named_stage_clock_only,-1690675200,55090.0,62094.0,116.73333333333333,1.0,0,0,0,0.9842946887492862,110.0,32.2021865844727,initial_window_proxy,0.0,0.0,0.009727752685578479,,supplementary,施工窗缺口大于30秒；起泵前基线不足180秒,,,0.04594039916990056,0.0,0.0065650939940979924,-0.04593658447269888,-0.03281021118169747,-0.02545705545736587,0.013126373291001414,,True,1.0,0.1,15.0,0.3099796924862199,0.0,0.0,False,,983,1,True,supplementary,C1,0.033214374622363485,False,仅供复核_不作正式训练标签
3507b7f4333671,泸203H66,3,20,whole_stage,1,泸203H66|1-3,泸203H66|3|20,E:\压裂窜扰项目\02 规范化\泸203H66\泸203H66 邻井压力监测\泸203H66平台-3井-20段压裂施工-1、2井秒点压力监测.xls,Sheet1,1井,ce4b5909f80634e61b64d5ec0e567a1c1853a1fda9782bd26e0c423b9d16bb99,E:\压裂窜扰项目\02 规范化\泸203H66\泸203H66 压裂施工曲线\泸203H66-3-20 压裂施工曲线.xlsx,LogData(s),named_stage_clock_only,-1680048000,29722.0,37038.0,121.93333333333334,1.0,0,0,0,1.0,1.0,50.63,initial_window_proxy,22.0,21.0,0.0,,supplementary,起泵前基线不足180秒,0.0,50.63,0.13000000000000256,1.0599999999999952,1.1199999999999974,-0.07000000000000028,1.1199999999999974,0.32626025150355226,0.13000000000000256,49.0,False,0.40185893931109895,0.1,15.0,0.8968015308911974,8.583333333333334,0.0,True,1.25,639,1,True,supplementary,C1,0.47889322730439216,False,仅供复核_不作正式训练标签
351931cd4d5fea,阳101H34,3,10,whole_stage,1,阳101H34|1-3,阳101H34|3|10,E:\压裂窜扰项目\02 规范化\阳101H34\阳101H34 邻井压力监测\阳101H34-3-10段压裂施工-1井秒点压力监测.xls,导出数据,1#1井套压(MPa),338aa61312f1dcbed656382c80b0a3c630efedc46d43e10e8346e39f62b341b2,E:\压裂窜扰项目\02 规范化\阳101H34\阳101H34 压裂施工曲线\阳101H34-3-10 压裂施工曲线.xls,秒点数据,named_stage_clock_only,-1746230400,24345.0,34543.0,169.96666666666667,1.0,0,0,0,1.0,1.0,56.9481658935547,initial_window_proxy,45.0,44.0,0.0097334083558077,,supplementary,起泵前基线不足180秒,0.013134002685603718,56.9481658935547,0.11162567138669743,0.9586753845214986,0.9652404785155966,-0.006565093994204574,0.9586753845214986,0.4432208049435115,0.045967102050802566,35.5,False,0.20886448323200626,0.1,15.0,0.17905471661110023,0.0,0.0,False,,2161,1,True,supplementary,C1,0.52981847910638,False,仅供复核_不作正式训练标签
358d1288dc99be,泸203H64,1,17,whole_stage,2,泸203H64|1-2,泸203H64|1|17,E:\压裂窜扰项目\02 规范化\泸203H64\泸203H64 邻井压力监测\泸203H64-1-17段压裂施工-2、3、4、5井秒点压力监测.xls,导出数据,2#套压(MPa),93e18e69e419cd649b65596913c3399b6439e09ba5b2e9ae8ee1db86c28b8f80,E:\压裂窜扰项目\02 规范化\泸203H64\泸203H64 压裂施工曲线\泸203H64-1-17 压裂施工曲线（秒点）.csv,text,named_stage_clock_only,-1668297600,53335.0,58551.0,86.93333333333334,1.0,0,0,0,1.0,1.0,28.606,initial_window_proxy,115.0,114.0,0.010378200000002148,,supplementary,起泵前基线不足180秒,0.027000000000001023,28.606,0.03300000000000125,0.13799999999999812,0.14399999999999835,-0.013000000000001677,0.125,0.06446932515337271,0.045999999999999375,58.083333333333336,False,0.6681365030674846,0.1,15.0,0.40107361963190186,0.0,0.0,True,0.125,354,1,True,supplementary,C1,0.06287029419104434,False,仅供复核_不作正式训练标签
35a50c3beddb01,泸206H8,5,3,whole_stage,2,泸206H8|2-5,泸206H8|5|3,E:\压裂窜扰项目\02 规范化\泸206H8\泸206H8 邻井压力监测\泸206H8-5-3段压裂施工-1、2、3、4、6、7、8井秒点压力监测.xls,导出数据,2井套压(MPa),2b21898bbc5d6ea70a9afd7c73ac52716f64bcc3feacc1ea753c5559b7deb42a,E:\压裂窜扰项目\02 规范化\泸206H8\泸206H8 压裂施工曲线\泸206H8-5-3 压裂施工曲线.xlsx,秒点数据,absolute,0,1751871510.0,1751880274.0,146.06666666666666,1.0,0,0,0,1.0,38.0,53.88,pre_pump_10min,210.0,209.0,0.0296519999999941,0.021130897040093778,supplementary,施工窗缺口大于30秒,0.07000000000000028,53.89,0.05000000000000426,0.0,0.0,-0.19000000000000483,-0.15000000000000568,-0.08716510725696291,0.10000000000000142,,True,1.0,0.1,15.0,0.39019042123485287,0.0,0.0,False,,1248,1,True,supplementary,C1,0.09589841331041922,False,仅供复核_不作正式训练标签
35b2319c5c66f9,阳101H33,3,6,whole_stage,4,阳101H33|3-4,阳101H33|3|6,E:\压裂窜扰项目\02 规范化\阳101H33\阳101H33 邻井压力监测\阳101H33-3-6段压裂施工-4井压力监测.xlsx,3-6-4,无表头_文件名井号,35929da7e8616ebcce01d4e891137a812f0c97ccca15741ad843cf458affd7eb,E:\压裂窜扰项目\02 规范化\阳101H33\阳101H33 压裂施工曲线\阳101H33-3-6 压裂施工曲线.xls,text,named_stage_clock_only,1727481600,1727523653.0,1727536085.0,207.2,1.0,0,0,0,1.0,1.0,44.185,initial_window_proxy,17.0,16.0,0.008895600000000337,,supplementary,起泵前基线不足180秒,0.01899999999999835,44.185,0.0519999999999996,8.373999999999995,8.433,-0.019000000000005457,8.406999999999996,3.2663456402831383,0.117999999999995,26.833333333333332,False,0.12950450450450451,0.1,15.0,0.260537323037323,140.83333333333334,57.666666666666664,True,9.128999999999998,2094,1,True,supplementary,C2,0.3781715330049518,False,仅供复核_不作正式训练标签
35efe467cffe66,泸203H66,3,18,whole_stage,2,泸203H66|2-3,泸203H66|3|18,E:\压裂窜扰项目\02 规范化\泸203H66\泸203H66 邻井压力监测\泸203H66平台-3井-18段压裂施工-1、2井秒点压力监测.xls,Sheet1,2井压力,cdf814b772625487855810a94bf4f19211759751d972bed7ed3e548539c8000a,E:\压裂窜扰项目\02 规范化\泸203H66\泸203H66 压裂施工曲线\泸203H66-3-18 压裂施工曲线.xlsx,LogData(s),named_stage_clock_only,-1679616000,49651.0,57974.0,138.71666666666667,1.0,0,0,0,1.0,1.0,58.0,initial_window_proxy,151.0,150.0,0.0,,supplementary,起泵前基线不足180秒,0.0,57.94,0.12000000000000455,1.9399999999999977,1.9399999999999977,-0.060000000000002274,1.9399999999999977,1.0145896912171097,0.12000000000000455,25.916666666666668,False,0.18683167127237776,0.1,15.0,0.9220233089030397,79.91666666666667,0.0,True,1.9399999999999977,632,1,True,supplementary,C1,1.2237724475410954,False,仅供复核_不作正式训练标签
360f3b0efb04b6,阳101H34,3,19,whole_stage,2,阳101H34|2-3,阳101H34|3|19,E:\压裂窜扰项目\02 规范化\阳101H34\阳101H34 邻井压力监测\阳101H34-3-19段压裂施工-2井秒点压力监测.xls,导出数据,2#2井套压(MPa),2e3a65cf37b7e7c170285272d921b17fae9df713411628375b856090c7170706,E:\压裂窜扰项目\02 规范化\阳101H34\阳101H34 压裂施工曲线\阳101H34-3-19 压裂施工曲线.xls,秒点数据,named_stage_clock_only,-1750464000,37816.0,53992.0,269.6,1.0,0,0,0,0.993570722057369,104.0,47.8805198669434,initial_window_proxy,0.0,0.0,0.009750375366305748,,supplementary,施工窗缺口大于30秒；起泵前基线不足180秒,,,0.046016693115298324,10.531177520751896,10.550899505615199,-0.013149261474701746,10.544326782226499,5.778418628180856,0.17091369628909803,8.816666666666666,False,0.032702769535113745,0.1,15.0,0.26717272274763565,237.41666666666666,124.5,False,,2172,1,True,supplementary,C2,2.9380578091688427,False,仅供复核_不作正式训练标签
363bd0113c7690,泸208H2,9,15,whole_stage,10,泸208H2|10-9,泸208H2|9|15,E:\压裂窜扰项目\02 规范化\泸208H2\泸208H2 邻井压力监测\泸208H2-9-15段压裂施工-10井压力监测.xlsx,9-15-10,无表头_文件名井号,419b74f08eb03cdfa92a8d922eb812347758d599615d5a27ffa976e89ebfcd97,E:\压裂窜扰项目\02 规范化\泸208H2\泸208H2 压裂施工曲线\泸208H2-9-15 压裂施工曲线（秒点）.xlsx,秒点数据,named_stage_clock_only,1725753600,1725790545.0,1725798030.0,124.75,1.0,0,0,0,0.9958583834335337,31.0,51.8374,initial_window_proxy,45.0,44.0,0.015567300000000589,,supplementary,施工窗缺口大于30秒；起泵前基线不足180秒,0.03779999999999717,51.8584,0.11560000000000059,6.009399999999999,6.040900000000001,-0.021100000000004115,6.0304,2.0326638918701345,0.1366000000000014,18.416666666666668,False,0.14762859051436206,0.1,15.0,0.724577408103032,73.41666666666667,13.75,False,,1742,1,True,supplementary,C2,0.5475556386311813,False,仅供复核_不作正式训练标签
36a92416053ec2,泸203H64,4,12,whole_stage,2,泸203H64|2-4,泸203H64|4|12,E:\压裂窜扰项目\02 规范化\泸203H64\泸203H64 邻井压力监测\泸203H64-4-12段压裂施工-1、2、3、5井秒点压力监测.xls,导出数据,2#套压(MPa),d4272aea77c3a3ee1813e60234a4172ada9ecda2596e9534cf1639da0107b96c,E:\压裂窜扰项目\02 规范化\泸203H64\泸203H64 压裂施工曲线\泸203H64-4-12 压裂施工曲线.csv,text,named_stage_clock_only,-1671580800,25641.0,36510.0,181.15,1.0,0,0,0,0.9972398564725365,30.0,46.959,initial_window_proxy,141.0,140.0,0.01927380000000775,,supplementary,起泵前基线不足180秒,0.045999999999999375,46.968500000000006,0.05300000000000438,1.2269999999999968,1.279999999999994,-0.23700000000000188,1.2469999999999999,0.09099257311559779,0.0730000000000004,129.16666666666666,False,0.7130370779280522,0.1,15.0,0.32844358335639817,7.583333333333333,0.0,False,,425,1,True,supplementary,C1,0.3681137700848179,False,仅供复核_不作正式训练标签
3701297ecd846b,泸203H64,5,3,whole_stage,4,泸203H64|4-5,泸203H64|5|3,E:\压裂窜扰项目\02 规范化\泸203H64\泸203H64 邻井压力监测\泸203H64-5-3段压裂施工-1、4、6、7井秒点压力监测.xls,导出数据,4井套压.(MPa),239adf136f1cf5035ea42333eba6f410fecb7375a1625e2d3e951a8201a0662a,E:\压裂窜扰项目\02 规范化\泸203H64\泸203H64 压裂施工曲线\泸203H64-5-3 压裂施工曲线（秒点）.csv,text,named_stage_clock_only,-1667347200,27646.0,37747.0,168.35,1.0,0,0,0,0.9986139986139986,14.0,19.3166599273682,initial_window_proxy,0.0,0.0,0.0,,supplementary,起泵前基线不足180秒,,,0.046165466308600855,0.5407886505126989,0.5605716705322017,-0.026378631591800428,0.5473842620849005,0.11907371179875462,0.06595039367680045,112.9,False,0.6706266706266707,0.1,15.0,0.40779853777416736,0.0,0.0,False,,497,1,True,supplementary,C1,0.18435573897684682,False,仅供复核_不作正式训练标签
374bc87f5cdc44,泸208H2,8,3,whole_stage,7,泸208H2|7-8,泸208H2|8|3,E:\压裂窜扰项目\02 规范化\泸208H2\泸208H2 邻井压力监测\泸208H2-8-3段压裂施工-7井压力监测.xlsx,8-3-7,无表头_文件名井号,ff42a3e82b79368f588f2e9f5d18621a0ebe0b6e7959a41b8542b4fd6ae388ce,E:\压裂窜扰项目\02 规范化\泸208H2\泸208H2 压裂施工曲线\泸208H2-8-3 压裂施工曲线（秒点）.xlsx,秒点数据,named_stage_clock_only,1718928000,1718955810.0,1718963322.0,125.2,1.0,0,0,0,1.0,1.0,53.2232,initial_window_proxy,30.0,29.0,0.015567300000000589,,supplementary,起泵前基线不足180秒,0.021100000000004115,53.2442,0.1262000000000043,2.2393,2.281400000000005,-0.031500000000001194,2.260300000000001,0.6894041001064979,0.10520000000000351,42.833333333333336,False,0.3421192758253461,0.1,15.0,0.7103301384451545,38.666666666666664,0.0,True,2.586199999999998,1681,1,True,supplementary,C1,0.9773167491874746,False,仅供复核_不作正式训练标签
3811c60c989717,泸203H76,2,14,whole_stage,1,泸203H76|1-2,泸203H76|2|14,E:\压裂窜扰项目\02 规范化\泸203H76\泸203H76 邻井压力监测\泸203H76平台-2井-14段压裂施工-1、3、4井秒点压力监测.xlsx,Sheet1,1井,358fd96e5dd99f326dfcf0bb4123e76a2e703ec7a90503d13ab52fa99c0a8eff,E:\压裂窜扰项目\02 规范化\泸203H76\泸203H76 压裂施工曲线\泸203H76-2-14 压裂施工曲线（秒点）.xlsx,Sheet1,named_stage_clock_only,-1679270400,32921.0,39444.0,108.71666666666667,1.0,0,0,0,1.0,1.0,59.499,initial_window_proxy,101.0,100.0,0.1246866599999991,,supplementary,起泵前基线不足180秒,0.04200000000000159,59.2784,0.4095999999999975,2.2787000000000006,2.341699999999996,-0.24160000000000537,2.205199999999998,1.1066416066227176,0.35709999999999553,31.916666666666668,False,0.2935765751954622,0.3740599799999973,15.0,0.7245132607695846,58.333333333333336,0.0,True,2.0056999999999974,764,1,True,supplementary,C1,1.3677708077001,False,仅供复核_不作正式训练标签
384a5555be23b5,泸203H76,3,13,whole_stage,4,泸203H76|3-4,泸203H76|3|13,E:\压裂窜扰项目\02 规范化\泸203H76\泸203H76 邻井压力监测\泸203H76平台-3井-13段压裂施工-1、2、4井秒点压力监测.xls,Sheet1,4井井口压力,799053ba8c4de04d202150b590919c8585a53c2ba20d1ed3fad138abbc6f08e5,E:\压裂窜扰项目\02 规范化\泸203H76\泸203H76 压裂施工曲线\泸203H76-3-13 压裂施工曲线（秒点）.xls,Sheet1,named_stage_clock_only,-1679356800,25898.0,30352.0,74.23333333333333,1.0,0,0,0,1.0,1.0,48.9139,initial_window_proxy,38.0,37.0,0.031134600000001178,,supplementary,起泵前基线不足180秒,0.09975000000000023,48.908649999999994,0.3990000000000009,0.588000000000001,0.6091000000000051,-0.052499999999994884,0.5564999999999998,0.15537956892680893,0.17849999999999966,47.666666666666664,False,0.6421194431971261,0.1,15.0,0.6753480017961383,0.0,0.0,True,0.8821000000000012,837,1,True,supplementary,C1,0.21686167014930047,False,仅供复核_不作正式训练标签
388360375a1576,泸208H2,3,20,whole_stage,4,泸208H2|3-4,泸208H2|3|20,E:\压裂窜扰项目\02 规范化\泸208H2\泸208H2 邻井压力监测\泸208H2-3-20段压裂施工-4井压力监测.xlsx,3-20-4,无表头_文件名井号,22ffa2313ebe24f4bc9c7ddd62ac3412b113325277dbef61900a87333f1da77f,E:\压裂窜扰项目\02 规范化\泸208H2\泸208H2 压裂施工曲线\泸208H2-3-20 压裂施工曲线（秒点）.xlsx,Log Data,named_stage_clock_only,0,27049.0,36625.0,159.6,1.0,0,77,0,1.0,2.0,50.625,initial_window_proxy,49.0,48.0,0.01111950000000042,,supplementary,起泵前基线不足180秒,0.04499799999999965,50.625,0.06750199999999751,7.110000999999997,7.1175,-0.05250199999999694,7.110000999999997,3.152631929093567,0.11999899999999997,34.416666666666664,False,0.21564327485380116,0.1,15.0,0.1815601345668629,101.91666666666667,55.25,True,7.402500000000003,1508,1,True,supplementary,C2,0.37021999258750066,False,仅供复核_不作正式训练标签
38cb120fb039ba,泸203H64,5,13,whole_stage,1,泸203H64|1-5,泸203H64|5|13,E:\压裂窜扰项目\02 规范化\泸203H64\泸203H64 邻井压力监测\泸203H64-5-13段压裂施工-1、2、3、4井秒点压力监测.xls,导出数据,1#套压(MPa),ccb7027fc8820c2ad1b4fe260aab38a33afadef1233914b489ac1566790603ab,E:\压裂窜扰项目\02 规范化\泸203H64\泸203H64 压裂施工曲线\泸203H64-5-13 压裂施工曲线.csv,text,named_stage_clock_only,-1670976000,26153.0,33804.0,127.51666666666667,1.0,0,0,0,1.0,1.0,46.042,initial_window_proxy,53.0,52.0,0.028169399999997555,,supplementary,起泵前基线不足180秒,0.006999999999997897,46.049,0.03900000000000148,0.10499999999999687,0.10499999999999687,-0.03900000000000148,0.05999999999999517,0.033870082342175874,0.0589999999999975,,True,1.0,0.1,15.0,0.3573389099464122,0.0,0.0,False,,488,1,True,supplementary,C1,0.03227143241474332,False,仅供复核_不作正式训练标签
38e03d301ac4c7,泸203H64,4,15,whole_stage,1,泸203H64|1-4,泸203H64|4|15,E:\压裂窜扰项目\02 规范化\泸203H64\泸203H64 邻井压力监测\泸203H64-4-15段压裂施工-1、2、3、5井秒点压力监测.xls,导出数据,1#套压(MPa),9e29f9cd2958bf2a5e122200503f75747e6f1398c5c37e157e026515a3767adc,E:\压裂窜扰项目\02 规范化\泸203H64\泸203H64 压裂施工曲线\泸203H64-4-15 压裂施工曲线.csv,text,named_stage_clock_only,-1671667200,44144.0,52916.0,146.2,1.0,0,0,0,0.9981760145918832,16.0,55.827,initial_window_proxy,0.0,0.0,0.008895600000000337,,supplementary,起泵前基线不足180秒,,,0.045999999999999375,0.09900000000000375,0.1180000000000021,-0.21600000000000108,-0.16400000000000148,-0.08036580630424674,0.09200000000000585,,True,1.0,0.1,15.0,0.3253741574317377,0.0,0.0,False,,440,1,True,supplementary,C1,0.1101401682207745,False,仅供复核_不作正式训练标签
396db88d26e392,泸203H64,5,15,whole_stage,1,泸203H64|1-5,泸203H64|5|15,E:\压裂窜扰项目\02 规范化\泸203H64\泸203H64 邻井压力监测\泸203H64-5-15段压裂施工-1、2、3、4井秒点压力监测.xls,导出数据,1#套压(MPa),321592880a1a0b5282cee8ef142ba277b9734e50895bf7c07245bfe89ea30861,E:\压裂窜扰项目\02 规范化\泸203H64\泸203H64 压裂施工曲线\泸203H64-5-15 压裂施工曲线.csv,text,named_stage_clock_only,-1671062400,26252.0,37028.0,179.6,1.0,0,0,0,1.0,1.0,48.241,initial_window_proxy,152.0,151.0,0.029652000000004633,,supplementary,起泵前基线不足180秒,0.032999999999994145,48.195,0.03999999999999915,0.09199999999999875,0.09799999999999898,-0.0589999999999975,0.03300000000000125,0.003544172234596073,0.08500000000000085,,True,1.0,0.1,15.0,0.33138455827765406,0.0,0.0,False,,496,1,True,supplementary,C1,0.018605856849214016,False,仅供复核_不作正式训练标签
397e6061d90905,阳101H34,3,10,whole_stage,4,阳101H34|3-4,阳101H34|3|10,E:\压裂窜扰项目\02 规范化\阳101H34\阳101H34 邻井压力监测\阳101H34-3-10段压裂施工-4井秒点压力监测.xls,导出数据,4#4井套压1(MPa),266876e522b281c7012f4e713417feab8b4e569b84ca0f400b169e8634638d9d,E:\压裂窜扰项目\02 规范化\阳101H34\阳101H34 压裂施工曲线\阳101H34-3-10 压裂施工曲线.xls,秒点数据,named_stage_clock_only,-1746230400,24345.0,34543.0,169.96666666666667,1.0,0,0,0,1.0,1.0,46.3115615844727,initial_window_proxy,45.0,44.0,0.009727752685578479,,supplementary,起泵前基线不足180秒,0.01968765258789773,46.3115615844727,0.039375305175802566,2.1328125,2.139377593994098,-0.013122558593799738,2.139377593994098,0.8708455681823806,0.052501678466796875,32.75,False,0.1926848401647382,0.1,15.0,0.29878407530888407,70.91666666666667,0.0,False,,2163,1,True,supplementary,C1,1.1106890229410018,False,仅供复核_不作正式训练标签
39adb1b6a87066,泸203H76,1,10,whole_stage,3,泸203H76|1-3,泸203H76|1|10,E:\压裂窜扰项目\02 规范化\泸203H76\泸203H76 邻井压力监测\泸203H76平台-1井-10段压裂施工-2、3、4井分点压力监测.xls,Sheet1,3井井口压力,078aef97a4565dba9c51adfc65c6af9e3aa9973f7f8781613fc527790defaf2a,E:\压裂窜扰项目\02 规范化\泸203H76\泸203H76 压裂施工曲线\泸203H76-1-10 压裂施工曲线（秒点）.xlsx,Sheet1,named_stage_clock_only,0,26815.0,33868.0,117.55,60.0,0,0,0,0.9953211399404509,60.0,53.791650000000004,initial_window_proxy,1.0,0.0,0.0077836500000002945,,supplementary,原始采样间隔大于30秒；施工窗缺口大于30秒；起泵前基线不足180秒,,53.7969,0.031500000000001194,,0.005249999999996646,-0.2888500000000036,-0.02100000000000435,-0.1657589743589791,0.031500000000001194,,True,1.0,0.1,60.0,0.41025641025641024,0.0,0.0,True,0.09974999999999312,648,1,True,supplementary,C1,0.18498035650549657,False,仅供复核_不作正式训练标签
39fa1365b2e79e,泸208H2,8,2,whole_stage,6,泸208H2|6-8,泸208H2|8|2,E:\压裂窜扰项目\02 规范化\泸208H2\泸208H2 邻井压力监测\泸208H2-8-2段压裂施工-6井压力监测.xlsx,8-2-6,无表头_文件名井号,7ed6ee38df0cd3f515eb60900b97738c8c6dc8b9129f183a438c0d6c0fdccc8a,E:\压裂窜扰项目\02 规范化\泸208H2\泸208H2 压裂施工曲线\泸208H2-8-2 压裂施工曲线（秒点）.xlsx,秒点数据,named_stage_clock_only,1718841600,1718870285.0,1718878996.0,145.18333333333334,1.0,0,0,0,0.9867983009987372,115.0,54.127499,initial_window_proxy,0.0,0.0,0.12231450000000463,,supplementary,施工窗缺口大于30秒；起泵前基线不足180秒,,,0.24749700000000274,2.880001,2.9775009999999966,-0.10499999999999687,2.8500019999999964,0.9670228692996741,0.24750099999999975,62.833333333333336,False,0.43278613247617953,0.36694350000001386,15.0,0.09923220102373197,55.333333333333336,0.0,True,3.1125029999999967,1678,1,True,supplementary,C1,1.3049084588706643,False,仅供复核_不作正式训练标签
3a5618aa391c74,阳101H51,2,18,whole_stage,1,阳101H51|1-2,阳101H51|2|18,E:\压裂窜扰项目\02 规范化\阳101H51\阳101H51 邻井压力监测\阳101H51-2-18段压裂施工-1、3、4井秒点压力监测.xlsx,阳101H51-2井18段压裂施工期间1井、3井、4井压力秒点,1井套压,98392549a1a95c5656a4a874bbac111c401906d8ad570e9c5ce3832b97300c1b,E:\压裂窜扰项目\02 规范化\阳101H51\阳101H51 压裂施工曲线\阳101H51-2-18 压裂施工曲线（秒点）.xlsx,秒点数据,absolute,0,1782889341.0,1782902350.0,216.81666666666666,1.0,0,0,0,1.0,1.0,49.78,initial_window_proxy,82.0,81.0,0.01482599999999705,,supplementary,起泵前基线不足180秒,0.01999999999999602,49.79,0.020000000000003126,6.689999999999998,6.740000000000002,-0.03999999999999915,6.729999999999997,3.002153509109077,0.0799999999999983,30.5,False,0.1406718425705281,0.1,15.0,0.6535475440079944,151.66666666666666,52.583333333333336,True,7.460000000000001,2404,1,True,supplementary,C2,0.21369042286359757,False,仅供复核_不作正式训练标签
3a7a26dce172a6,泸203H76,2,9,whole_stage,1,泸203H76|1-2,泸203H76|2|9,E:\压裂窜扰项目\02 规范化\泸203H76\泸203H76 邻井压力监测\泸203H76平台-2井-9段压裂施工-1、3、4井分点压力监测-2.xls,历史数据,1井井口压力,bbd58f9b1abef53d762cb254c335f3d40bd671f5545d42274de57b5377ea1332,E:\压裂窜扰项目\02 规范化\泸203H76\泸203H76 压裂施工曲线\泸203H76-2-9 压裂施工曲线（秒点）.xlsx,Sheet1,named_stage_clock_only,-1678233600,30611.0,41254.0,177.38333333333333,60.0,0,0,0,0.9922014469604434,60.0,47.4332,initial_window_proxy,2.0,60.0,0.0077836500000002945,,supplementary,原始采样间隔大于30秒；施工窗缺口大于30秒；起泵前基线不足180秒,,47.4647,0.5459999999999994,,12.034300000000002,-0.031500000000001194,11.882000000000001,6.176333238636364,0.5459999999999994,17.816666666666666,False,0.10044160481067368,0.1,60.0,0.028409090909090908,136.0,114.0,True,12.081450000000004,808,1,True,supplementary,C2,3.5740795287727076,False,仅供复核_不作正式训练标签
3abebe1386d0c7,泸206H8,4,19,whole_stage,5,泸206H8|4-5,泸206H8|4|19,E:\压裂窜扰项目\02 规范化\泸206H8\泸206H8 邻井压力监测\泸206H8-4-19段压裂施工-1、2、3、5、6、7、8井秒点压力监测.xls,导出数据,5井套压(MPa),fa9c0bb798c396e5b88ccc97c0ae3c0545cd6a3ce39eee8d5acd04f8402e1630,E:\压裂窜扰项目\02 规范化\泸206H8\泸206H8 压裂施工曲线\泸206H8-4-19 压裂施工曲线.xlsx,秒点数据,absolute,0,1753861090.0,1753876681.0,259.85,1.0,0,0,0,1.0,32.0,57.71,pre_pump_10min,190.0,189.0,0.0,0.0009090789802016078,supplementary,施工窗缺口大于30秒,0.01099999999999568,57.71,0.05000000000000426,2.25,2.259999999999998,0.0,2.25,1.1171319992303244,0.03999999999999915,31.333333333333332,False,0.12058238727470975,0.1,15.0,0.39881717665209565,150.5,0.0,False,,1055,1,True,supplementary,C1,1.3242066533767258,False,仅供复核_不作正式训练标签
3ad876bb43b69c,泸203H76,1,23,whole_stage,4,泸203H76|1-4,泸203H76|1|23,E:\压裂窜扰项目\02 规范化\泸203H76\泸203H76 邻井压力监测\泸203H76平台-1井-23段压裂施工-2、3、4井秒点压力监测.xls,Sheet1,4井井口压力,7579e7fc3ebf7b3803674d6d6b9477e5d9933204ec8eabd3c53c6a4f398770c3,E:\压裂窜扰项目\02 规范化\泸203H76\泸203H76 压裂施工曲线\泸203H76-1-23 压裂施工曲线（秒点）.xlsx,Sheet1,named_stage_clock_only,-1680307200,28770.0,34744.0,99.56666666666666,1.0,0,0,0,1.0,1.0,48.4833,initial_window_proxy,90.0,89.0,0.031134600000001178,,supplementary,起泵前基线不足180秒,0.1051000000000002,48.4833,0.36760000000000304,0.021000000000000796,0.126100000000001,-0.25200000000000244,-0.24150000000000205,-0.0714073401406095,0.17859999999999587,,True,1.0,0.1,15.0,0.6719116170070305,0.0,0.0,True,-0.29399999999999693,712,1,True,supplementary,C1,0.09465765853822833,False,仅供复核_不作正式训练标签
3b69db0e30d1b1,泸206H8,4,8,whole_stage,8,泸206H8|4-8,泸206H8|4|8,E:\压裂窜扰项目\02 规范化\泸206H8\泸206H8 邻井压力监测\泸206H8-4-8段压裂施工-1、2、3、5、6、7、8井秒点压力监测.xls,导出数据,8井套压(MPa),c78b30f0d71b306771406b88995e1bfe809620dd5b601167d77c094577bc6ce6,E:\压裂窜扰项目\02 规范化\泸206H8\泸206H8 压裂施工曲线\泸206H8-4-8 压裂施工曲线.xlsx,秒点数据,absolute,0,1752841020.0,1752861444.0,340.4,1.0,0,0,0,0.9970622796709753,60.0,29.64,initial_window_proxy,0.0,0.0,0.01482599999999705,,supplementary,施工窗缺口大于30秒；起泵前基线不足180秒,,,0.0400000000000027,0.14000000000000057,0.14999999999999858,-0.1700000000000017,-0.15000000000000213,-0.042986397564329766,0.05000000000000071,174.33333333333334,False,0.5121425773599687,0.1,15.0,0.4395582529101582,0.0,0.0,False,,1161,1,True,supplementary,C1,0.07168213279345777,False,仅供复核_不作正式训练标签
3bc0548c3612aa,泸206H8,5,14,whole_stage,4,泸206H8|4-5,泸206H8|5|14,E:\压裂窜扰项目\02 规范化\泸206H8\泸206H8 邻井压力监测\泸206H8-5-14段压裂施工-1、2、3、4、6、7、8井秒点压力监测.xls,导出数据,4井套压1(MPa),20ba586f5ca3bbef43ea5d15699e9dc3ab2f7369a1d3c8d3575d624399408e5e,E:\压裂窜扰项目\02 规范化\泸206H8\泸206H8 压裂施工曲线\泸206H8-5-14 压裂施工曲线.xlsx,秒点数据,absolute,0,1753082552.0,1753093269.0,178.61666666666667,1.0,0,0,0,1.0,3.0,59.74,initial_window_proxy,152.0,151.0,0.014826000000007585,,supplementary,起泵前基线不足180秒,0.030000000000001137,59.76,0.05000000000000426,1.0,1.009999999999998,-0.020000000000003126,0.9699999999999989,0.34396332928991136,0.060000000000002274,55.833333333333336,False,0.31258747783894747,0.1,15.0,0.34487586335635617,0.8333333333333334,0.0,False,,1233,1,True,supplementary,C1,0.4477212838650304,False,仅供复核_不作正式训练标签
3cb58054995307,阳101H51,2,4,whole_stage,3,阳101H51|2-3,阳101H51|2|4,E:\压裂窜扰项目\02 规范化\阳101H51\阳101H51 邻井压力监测\阳101H51-2-4段压裂施工-1、3井秒点压力监测.xlsx,阳101H51-2井压力施工期间1井、3井压力秒点数据,3井套压,c34cbe2d159629e02e20a4714161073496569abc3f1efde94e5e0148643b47b5,E:\压裂窜扰项目\02 规范化\阳101H51\阳101H51 压裂施工曲线\阳101H51-2-4 压裂施工曲线（秒点）.xlsx,秒点数据,absolute,0,1777386335.0,1777405283.0,315.8,1.0,0,0,0,1.0,1.0,56.24,initial_window_proxy,35.0,34.0,0.0,,supplementary,起泵前基线不足180秒,0.00999999999999801,56.24,0.020000000000003126,4.329999999999998,4.339999999999996,-0.010000000000005116,4.339999999999996,1.786393550770528,0.060000000000002274,6.083333333333333,False,0.019263246780662865,0.1,15.0,0.6382203926535782,273.3333333333333,0.0,False,,2417,1,True,supplementary,C2,1.600312312206661,False,仅供复核_不作正式训练标签
3cbcd21604ac4e,阳101H34,3,4,whole_stage,2,阳101H34|2-3,阳101H34|3|4,E:\压裂窜扰项目\02 规范化\阳101H34\阳101H34 邻井压力监测\阳101H34-3-4段压裂施工-2井秒点压力监测.xls,导出数据,2#2井套压(MPa),ad0f5c8de073340393e1f14ae8d2ad69f7b2d2f77be275b5dd467565a9979d94,E:\压裂窜扰项目\02 规范化\阳101H34\阳101H34 压裂施工曲线\阳101H34-3-4 压裂施工曲线.xls,秒点数据,named_stage_clock_only,-1744588800,28345.0,39308.0,182.71666666666667,1.0,0,0,0,0.9913344887348353,95.0,54.0127868652344,initial_window_proxy,0.0,0.0,0.08758370819097064,,supplementary,施工窗缺口大于30秒；起泵前基线不足180秒,,,0.04594802856450286,6.143672943115199,6.143672943115199,-0.11814880371100145,5.900814056396499,3.9529567182524454,0.21660232543939628,6.583333333333333,False,0.03603028368147405,0.26275112457291194,15.0,0.25708502024291496,161.58333333333334,63.833333333333336,False,,2187,1,True,supplementary,C2,1.2948809974525732,False,仅供复核_不作正式训练标签
3cf9f592b36f5f,泸203H64,5,7,whole_stage,2,泸203H64|2-5,泸203H64|5|7,E:\压裂窜扰项目\02 规范化\泸203H64\泸203H64 邻井压力监测\泸203H64-5-7段压裂施工-1、2、3、4井秒点压力监测.xls,导出数据,2#套压(MPa),3f35efa89273df3f1a0d29680289116c672f7f76f7c0dee07260b48a95456e8b,E:\压裂窜扰项目\02 规范化\泸203H64\泸203H64 压裂施工曲线\泸203H64-5-7 压裂施工曲线.csv,text,named_stage_clock_only,-1670716800,26205.0,34676.0,141.18333333333334,1.0,0,0,0,1.0,1.0,36.58,initial_window_proxy,105.0,104.0,0.008895600000000337,,supplementary,起泵前基线不足180秒,0.012999999999998124,36.573,0.045999999999999375,0.09100000000000108,0.09100000000000108,-0.013999999999995794,0.06500000000000483,0.046492149687169845,0.02599999999999625,,True,1.0,0.1,15.0,0.39027269507732265,0.0,0.0,False,,513,1,True,supplementary,C1,0.04537793525782902,False,仅供复核_不作正式训练标签
3d22d573b04e6d,阳101H51,1,5,whole_stage,3,阳101H51|1-3,阳101H51|1|5,E:\压裂窜扰项目\02 规范化\阳101H51\阳101H51 邻井压力监测\阳101H51-1-5段压裂施工-2、3井秒点压力监测.xlsx,阳101H51-1井5段压裂施工期间2井、3井压力秒点数据,3井套压,48849a40503f168c451765da9cd961e971b36212663195caf2b3aba6ffcedead,E:\压裂窜扰项目\02 规范化\阳101H51\阳101H51 压裂施工曲线\阳101H51-1-5 压裂施工曲线（秒点）.xlsx,秒点数据,absolute,0,1777190244.0,1777207904.0,294.3333333333333,1.0,0,0,0,1.0,1.0,51.2,initial_window_proxy,24.0,23.0,0.0,,supplementary,起泵前基线不足180秒,0.00999999999999801,51.2,0.020000000000003126,0.5599999999999952,0.5599999999999952,0.0,0.5599999999999952,0.2212516987542441,0.020000000000003126,84.5,False,0.28708946772366933,0.1,15.0,0.736466591166478,0.0,0.0,False,,2380,1,True,supplementary,C1,0.26393599552069885,False,仅供复核_不作正式训练标签
3db52a2042d7f8,泸206H8,5,5,whole_stage,1,泸206H8|1-5,泸206H8|5|5,E:\压裂窜扰项目\02 规范化\泸206H8\泸206H8 邻井压力监测\泸206H8-5-5段压裂施工-1、2、3、4、6、7、8井秒点压力监测.xls,导出数据,1井套压(MPa),070e46c362ef9be5498b0ef7f3068c9dfea26f925db9442aafd9d0827779c160,E:\压裂窜扰项目\02 规范化\泸206H8\泸206H8 压裂施工曲线\泸206H8-5-5 压裂施工曲线.xlsx,秒点数据,absolute,0,1752048733.0,1752057520.0,146.45,1.0,0,0,0,1.0,1.0,51.71,initial_window_proxy,133.0,132.0,0.01482599999999705,,supplementary,起泵前基线不足180秒,0.03999999999999915,51.72,0.060000000000002274,0.00999999999999801,0.00999999999999801,-0.11999999999999744,-0.10000000000000142,-0.058900648685559394,0.03999999999999915,,True,1.0,0.1,15.0,0.33720268578581997,0.0,0.0,False,,1271,1,True,supplementary,C1,0.06753909816192753,False,仅供复核_不作正式训练标签
3de92ad8f5514b,泸203H64,4,15,whole_stage,5,泸203H64|4-5,泸203H64|4|15,E:\压裂窜扰项目\02 规范化\泸203H64\泸203H64 邻井压力监测\泸203H64-4-15段压裂施工-1、2、3、5井秒点压力监测.xls,导出数据,5#套压(MPa),9e29f9cd2958bf2a5e122200503f75747e6f1398c5c37e157e026515a3767adc,E:\压裂窜扰项目\02 规范化\泸203H64\泸203H64 压裂施工曲线\泸203H64-4-15 压裂施工曲线.csv,text,named_stage_clock_only,-1671667200,44144.0,52916.0,146.2,1.0,0,0,0,0.9981760145918832,16.0,54.264,initial_window_proxy,0.0,0.0,0.029652000000004633,,supplementary,起泵前基线不足180秒,,,0.10200000000000387,9.355999999999995,9.369,-0.034000000000006025,9.343999999999994,5.820826062128823,0.2259999999999991,5.933333333333334,False,0.04058367533059736,0.1,15.0,0.21425308359981726,125.83333333333333,93.16666666666667,False,,439,1,True,supplementary,C2,2.967099542776496,False,仅供复核_不作正式训练标签
3deb1f57ce1ffe,泸203H9,2,29,whole_stage,1,泸203H9|1-2,泸203H9|2|29,E:\压裂窜扰项目\02 规范化\泸203H9\泸203H9 邻井压力监测\泸203H9-2井29段压裂期间1井压力秒点数据.xls,导出数据,1#套压(MPa),d0989e1d58fe9faaa863397922260d0ca2c0e2e65f97ac750b192c012028862d,E:\压裂窜扰项目\02 规范化\泸203H9\泸203H9 压裂施工曲线\泸203H9-2-29 压裂施工曲线.xlsx,LogData(s),named_stage_clock_only,-1701475200,28518.0,35319.0,113.35,1.0,0,0,0,1.0,2.0,50.6100006103516,initial_window_proxy,138.0,137.0,0.009727752685578479,,supplementary,起泵前基线不足180秒,0.026248931884801152,50.6264057159424,0.039375305175802566,3.465000152587905,3.478122711181605,-0.01312637329110089,3.478122711181605,1.5509801676440937,0.09187698364249997,21.25,False,0.18747243052492282,0.1,15.0,0.26288274831964153,63.083333333333336,0.0,False,,971,1,True,supplementary,C2,1.4597444771926362,False,仅供复核_不作正式训练标签
3dec2df8bbf2e8,泸206H8,5,14,whole_stage,3,泸206H8|3-5,泸206H8|5|14,E:\压裂窜扰项目\02 规范化\泸206H8\泸206H8 邻井压力监测\泸206H8-5-14段压裂施工-1、2、3、4、6、7、8井秒点压力监测.xls,导出数据,3井套压1(MPa),20ba586f5ca3bbef43ea5d15699e9dc3ab2f7369a1d3c8d3575d624399408e5e,E:\压裂窜扰项目\02 规范化\泸206H8\泸206H8 压裂施工曲线\泸206H8-5-14 压裂施工曲线.xlsx,秒点数据,absolute,0,1753082552.0,1753093269.0,178.61666666666667,1.0,0,0,0,1.0,3.0,50.84,initial_window_proxy,152.0,151.0,0.0,,supplementary,起泵前基线不足180秒,0.01999999999999602,50.855000000000004,0.07000000000000028,0.09999999999999432,0.09999999999999432,-0.010000000000005116,0.0799999999999983,0.019340767005689655,0.030000000000001137,,True,1.0,0.1,15.0,0.37605002800074666,0.0,0.0,False,,1228,1,True,supplementary,C1,0.021850967699570387,False,仅供复核_不作正式训练标签
3e0b4c8deaad5b,泸201H5,4,2,whole_stage,1,泸201H5|1-4,泸201H5|4|2,E:\压裂窜扰项目\02 规范化\泸201H5\泸201H5 邻井压力监测\泸201H5-4-2段压裂施工-1、2、3井压力监测.xls,导出数据,1井压力(MPa),196b9b6c4025c585b01f56fe349d7054e1f1705d52187c90a59e0f87ce185705,E:\压裂窜扰项目\02 规范化\泸201H5\泸201H5 压裂施工曲线\泸201H5-4-2 压裂施工曲线.xlsx,Log Data,absolute,0,1759822251.0,1759835634.0,223.05,1.0,0,0,0,0.9968616902039902,42.0,53.22,pre_pump_10min,600.0,599.0,0.0,8.433356759765767e-05,supplementary,施工窗缺口大于30秒,0.030000000000001137,53.22,0.05000000000000426,0.0,0.00999999999999801,-0.0899999999999963,-0.04999999999999716,-0.04005059590735275,0.020000000000003126,,True,1.0,0.1,15.0,0.40414352199369463,0.0,0.0,True,-0.0899999999999963,258,1,True,supplementary,C1,0.04481474598536817,False,仅供复核_不作正式训练标签
3eeba3ff24cee0,阳101H51,2,14,whole_stage,4,阳101H51|2-4,阳101H51|2|14,E:\压裂窜扰项目\02 规范化\阳101H51\阳101H51 邻井压力监测\阳101H51-2-14段压裂施工-1、3、4井秒点压力监测.xlsx,阳101H51-2井14段压裂施工期间1井、3井、4井压力秒点,4井套压,3f847d1f1ac092ef2ab7bc58879b946baecb97fc12f4f9b9746fe24f5146894b,E:\压裂窜扰项目\02 规范化\阳101H51\阳101H51 压裂施工曲线\阳101H51-2-14 压裂施工曲线（秒点）.xlsx,秒点数据,absolute,0,1781786921.0,1781802054.0,252.21666666666667,1.0,0,0,0,1.0,1.0,49.62,initial_window_proxy,42.0,41.0,0.0,,supplementary,起泵前基线不足180秒,0.0,49.62,0.020000000000003126,0.47000000000000597,0.47000000000000597,-0.07000000000000028,0.47000000000000597,0.1286608735875264,0.01999999999999602,105.75,False,0.4192823630476442,0.1,15.0,0.6548602392123174,0.0,0.0,True,0.5500000000000043,2397,1,True,supplementary,C1,0.18464990284829394,False,仅供复核_不作正式训练标签
3f41a1d85db528,泸208H2,7,2,whole_stage,8,泸208H2|7-8,泸208H2|7|2,E:\压裂窜扰项目\02 规范化\泸208H2\泸208H2 邻井压力监测\泸208H2-7-2段压裂施工-8井压力监测.xlsx,7-2-8,无表头_文件名井号,13f3b67f91e89fffdaaa63ffee9b6d64a36474458ce4380df309036b7f339bdb,E:\压裂窜扰项目\02 规范化\泸208H2\泸208H2 压裂施工曲线\泸208H2-7-2 压裂施工曲线（秒点）.xlsx,秒点数据,named_stage_clock_only,1718496000,1718549718.0,1718558788.0,151.16666666666666,1.0,0,0,0,1.0,1.0,55.8099,initial_window_proxy,78.0,77.0,0.015419039999995667,,supplementary,起泵前基线不足180秒,0.024149999999998784,55.8309,0.5663000000000054,7.120100000000001,7.161999999999999,-0.020899999999997476,7.161999999999999,3.3360691069459767,0.12579999999999814,9.5,False,0.06284454244762955,0.1,15.0,0.7398015435501654,121.5,32.083333333333336,True,7.183,1628,1,True,supplementary,C2,0.5090755557000464,False,仅供复核_不作正式训练标签
3fda033e757a7e,泸203H64,3,3,whole_stage,4,泸203H64|3-4,泸203H64|3|3,E:\压裂窜扰项目\02 规范化\泸203H64\泸203H64 邻井压力监测\泸203H64-3-3段压裂施工-1、2、4、5井秒点压力监测.xls,text,4#套压(MPa),5d2fbec0d4eb81ec104fb471e54605f5ea68a7cd2c24b9a25ad22fc61e1cbeee,E:\压裂窜扰项目\02 规范化\泸203H64\泸203H64 压裂施工曲线\泸203H64-3-3 压裂施工曲线.csv,text,named_stage_clock_only,-1669248000,26751.0,37470.0,178.65,1.0,0,0,0,0.9935628323537643,69.0,33.515,initial_window_proxy,0.0,0.0,0.008895600000000337,,supplementary,施工窗缺口大于30秒；起泵前基线不足180秒,,,0.08500000000000085,24.162999999999997,24.214999999999996,-0.03999999999999915,24.182000000000002,10.850752723004694,0.3160000000000025,27.65,False,0.1547719003638399,0.1,15.0,0.18697123519458544,136.5,107.83333333333333,False,,390,1,True,supplementary,C2,10.259125289367818,True,仅供复核_不作正式训练标签
400ca8a6b64391,泸203H76,1,9,whole_stage,4,泸203H76|1-4,泸203H76|1|9,E:\压裂窜扰项目\02 规范化\泸203H76\泸203H76 邻井压力监测\泸203H76平台-1井-9段压裂施工-2、3、4井压力监测-2.xls,Sheet1,4井井口压力,29cd722726b11fc000a4cface0af85a10f6cb8e01a0737657338a85ce4a34bd5,E:\压裂窜扰项目\02 规范化\泸203H76\泸203H76 压裂施工曲线\泸203H76-1-9 压裂施工曲线（秒点）.xlsx,Sheet1,named_stage_clock_only,0,43555.0,53337.0,163.03333333333333,60.0,0,0,0,0.993661827847066,60.0,60.34425,initial_window_proxy,1.0,0.0,0.05448555000000206,,supplementary,原始采样间隔大于30秒；施工窗缺口大于30秒；起泵前基线不足180秒,,60.276,0.430499999999995,,0.03674999999999784,-3.124050000000004,-3.076800000000002,-1.6535870370370396,0.430499999999995,,True,1.0,0.1634566500000062,60.0,0.037037037037037035,0.0,0.0,True,-3.229050000000001,737,1,True,supplementary,C1,1.9067883446677978,True,仅供复核_不作正式训练标签
404fd6bfdc8dba,泸203H9,2,1,whole_stage,3,泸203H9|2-3,泸203H9|2|1,E:\压裂窜扰项目\02 规范化\泸203H9\泸203H9 邻井压力监测\泸203H9-2-1段压裂施工-3井秒点压力监测.xls,导出数据,3井压力,5eba4ef416e190548ba516284aac94f40967f389e2d44f0e8a8a51ecaa2d4d52,E:\压裂窜扰项目\02 规范化\泸203H9\泸203H9 压裂施工曲线\泸203H9-2-1 压裂施工曲线.xlsx,LogData(s),named_stage_clock_only,0,28506.0,35107.0,110.01666666666667,1.0,0,0,0,1.0,4.0,49.317,initial_window_proxy,26.0,63.0,0.010378199999996882,,supplementary,起泵前基线不足180秒,0.015999999999998238,49.324,0.059000000000004604,1.936,2.0020000000000024,-0.03300000000000125,1.9949999999999974,0.22458877442811673,0.125,78.5,False,0.7135282532949553,0.1,15.0,0.2222727962372933,10.25,0.0,True,3.1499999999999986,962,1,True,supplementary,C1,0.500615053789252,False,仅供复核_不作正式训练标签
407578a9d6280e,阳101H51,4,9,whole_stage,6,阳101H51|4-6,阳101H51|4|9,E:\压裂窜扰项目\02 规范化\阳101H51\阳101H51 邻井压力监测\阳101H51-4-9段压裂施工-3、5、6井秒点压力监测.xlsx,阳101H51-4井9段压裂全国期间3井、5井、6井压力秒点数,6井套压,90270507853f9d0e6e60222c50d8d98d98c2529f1fd1d6efc1a5cdca1eb66e30,E:\压裂窜扰项目\02 规范化\阳101H51\阳101H51 压裂施工曲线\阳101H51-4-9 压裂施工曲线（秒点）.xlsx,秒点数据,absolute,0,1784023342.0,1784041134.0,296.53333333333336,1.0,0,0,0,1.0,1.0,45.51,initial_window_proxy,82.0,81.0,0.0,,supplementary,起泵前基线不足180秒,0.0,45.51,0.020000000000003126,1.6600000000000037,1.6600000000000037,0.0,1.6600000000000037,0.6657171762589947,0.020000000000003126,65.08333333333333,False,0.21948066546762587,0.1,15.0,0.6627697841726619,94.08333333333333,0.0,True,1.740000000000002,2478,1,True,supplementary,C1,0.8465991010751636,False,仅供复核_不作正式训练标签
4092a5d758d755,泸206H8,4,20,whole_stage,3,泸206H8|3-4,泸206H8|4|20,E:\压裂窜扰项目\02 规范化\泸206H8\泸206H8 邻井压力监测\泸206H8-4-20段压裂施工-1、2、3、5、6、7、8井秒点压力监测-2.xls,导出数据,3井套压1(MPa),16537a8097fa95a82446cc06aae76466b6a45a8c816aa71212eed37ef36546bd,E:\压裂窜扰项目\02 规范化\泸206H8\泸206H8 压裂施工曲线\泸206H8-4-20 压裂施工曲线.xlsx,秒点数据,absolute,0,1753889872.0,1753904032.0,236.0,1.0,0,0,0,1.0,1.0,62.29,initial_window_proxy,172.0,171.0,0.01482599999999705,,supplementary,起泵前基线不足180秒,0.07000000000000028,62.33,0.07000000000000739,6.990000000000002,7.020000000000003,-0.04999999999999716,7.000000000000007,4.006802259887007,0.1599999999999966,23.416666666666668,False,0.09922316384180792,0.1,15.0,0.33177966101694917,190.66666666666666,97.0,True,7.07,1088,1,True,supplementary,C2,1.2835565005340306,False,仅供复核_不作正式训练标签
410031d7de045b,阳101H34,3,14,whole_stage,4,阳101H34|3-4,阳101H34|3|14,E:\压裂窜扰项目\02 规范化\阳101H34\阳101H34 邻井压力监测\阳101H34-3-14段压裂施工-4井秒点压力监测.xls,导出数据,4#4井套压1(MPa),41713e2110d1b987203cd6085c69febdf9f2755eaf58c9d3913151e100c2697d,E:\压裂窜扰项目\02 规范化\阳101H34\阳101H34 压裂施工曲线\阳101H34-3-14 压裂施工曲线.xls,秒点数据,named_stage_clock_only,-1747008000,24581.0,38437.0,230.93333333333334,1.0,0,0,0,0.9942984988452656,79.0,47.6962509155273,initial_window_proxy,0.0,0.0,0.009727752685578479,,supplementary,施工窗缺口大于30秒；起泵前基线不足180秒,,,0.039375305175802566,4.206562042236399,4.213123321533196,-0.0065650939940979924,4.206562042236399,2.9832033675269587,0.10500335693360086,7.816666666666666,False,0.03384815242494226,0.1,15.0,0.26566015823473904,194.25,0.0,False,,2165,1,True,supplementary,C2,1.352727165083873,False,仅供复核_不作正式训练标签
413f47e35f3efc,泸206H8,4,2,whole_stage,3,泸206H8|3-4,泸206H8|4|2,E:\压裂窜扰项目\02 规范化\泸206H8\泸206H8 邻井压力监测\泸206H8-4-2段压裂施工-1、2、3、5、6、7、8井秒点压力监测.xls,导出数据,3井套压(MPa),894b34bc0681b2c15e1edbc46e23f9a722a1337ae87d03deae95fd1831539ce1,E:\压裂窜扰项目\02 规范化\泸206H8\泸206H8 压裂施工曲线\泸206H8-4-2 压裂施工曲线.xlsx,秒点数据,absolute,0,1752066609.0,1752076477.0,164.46666666666667,1.0,0,0,0,1.0,32.0,53.74,pre_pump_10min,309.0,308.0,0.014826000000007585,0.004787827268259005,supplementary,施工窗缺口大于30秒,0.03999999999999915,53.76,0.05000000000000426,0.03999999999999915,0.03999999999999915,-0.09000000000000341,-0.0800000000000054,-0.028573165788408975,0.060000000000002274,,True,1.0,0.1,15.0,0.3627370997348562,0.0,0.0,False,,1123,1,True,supplementary,C1,0.04437747403096549,False,仅供复核_不作正式训练标签
41b8c0a54c252b,泸203H64,5,8,whole_stage,2,泸203H64|2-5,泸203H64|5|8,E:\压裂窜扰项目\02 规范化\泸203H64\泸203H64 邻井压力监测\泸203H64-5-8段压裂施工-1、2、3、4井秒点压力监测.xls,导出数据,2#套压(MPa),a2a272e9f44ea20c92dca0db0351dc574ca82788ef30032d359406c3d259ddb7,E:\压裂窜扰项目\02 规范化\泸203H64\泸203H64 压裂施工曲线\泸203H64-5-8 压裂施工曲线.csv,text,named_stage_clock_only,-1670716800,58121.0,67657.0,158.93333333333334,1.0,0,0,0,0.996119966442953,37.0,36.855,initial_window_proxy,101.0,100.0,0.008895600000000337,,supplementary,施工窗缺口大于30秒；起泵前基线不足180秒,0.019000000000005457,36.862,0.03900000000000148,0.09900000000000375,0.10500000000000398,-0.0589999999999975,0.05300000000000438,0.021962153910941053,0.0519999999999996,,True,1.0,0.1,15.0,0.3754079376776503,0.0,0.0,False,,517,1,True,supplementary,C1,0.028778164115837952,False,仅供复核_不作正式训练标签
421c45445647d3,泸203H64,3,2,whole_stage,2,泸203H64|2-3,泸203H64|3|2,E:\压裂窜扰项目\02 规范化\泸203H64\泸203H64 邻井压力监测\泸203H64-3-2段压裂施工-1、2、4、5井秒点压力监测.xls,导出数据,2#套压(MPa),e61179204f9fc5c02226e9d538a375bdd8029cc57f2c4063a9e4043f85c551b1,E:\压裂窜扰项目\02 规范化\泸203H64\泸203H64 压裂施工曲线\泸203H64-3-2 压裂施工曲线（秒点）.csv,text,named_stage_clock_only,-1669161600,26933.0,36164.0,153.85,1.0,0,0,0,0.9992416856245261,7.0,35.654,initial_window_proxy,0.0,0.0,0.019273799999997218,,supplementary,起泵前基线不足180秒,,,0.03900000000000148,0.032999999999994145,0.03899999999999437,-0.19000000000000483,-0.15100000000000335,-0.08085673243712366,0.059000000000004604,,True,1.0,0.1,15.0,0.3905877250054218,0.0,0.0,False,,384,1,True,supplementary,C1,0.09789775031495823,False,仅供复核_不作正式训练标签
42b2407e1c95b4,泸203H76,1,13,whole_stage,3,泸203H76|1-3,泸203H76|1|13,E:\压裂窜扰项目\02 规范化\泸203H76\泸203H76 邻井压力监测\泸203H76平台-1井-13段压裂施工-2、3、4井秒点压力监测.xls,历史数据,3井井口压力,26c11f055f179ff02734f304b8503de3771d6e982240c34c190064b72b8ebf47,E:\压裂窜扰项目\02 规范化\泸203H76\泸203H76 压裂施工曲线\泸203H76-1-13 压裂施工曲线（秒点）.xls,Sheet1,named_stage_clock_only,-1679011200,39705.0,47644.0,132.31666666666666,1.0,0,0,0,1.0,1.0,56.3276,initial_window_proxy,45.0,44.0,0.031134600000001178,,supplementary,起泵前基线不足180秒,0.021000000000000796,56.3696,0.04200000000000159,0.021000000000000796,0.031500000000001194,-1.3965999999999994,-1.3965999999999994,-0.8909564491749558,0.021000000000000796,,True,1.0,0.1,15.0,0.8996095226099005,0.0,0.0,True,-1.4070999999999998,665,1,True,supplementary,C1,0.9782910091908821,False,仅供复核_不作正式训练标签
42c4b343154e64,泸203H66,1,7,whole_stage,2,泸203H66|1-2,泸203H66|1|7,E:\压裂窜扰项目\02 规范化\泸203H66\泸203H66 邻井压力监测\泸203H66平台-1井-7段压裂施工-2、3井秒点压力监测-2.xls,Sheet1,2井压力（MPa）,e57b1e5d37f0e8d8cb4e408b66739433b6f3e4f6e97b7f293c2094045dcaaa2f,E:\压裂窜扰项目\02 规范化\泸203H66\泸203H66 压裂施工曲线\泸203H66-1-7 压裂施工曲线.xlsx,LogData(s),named_stage_clock_only,-1678406400,40741.0,51525.0,179.73333333333332,1.0,0,0,0,0.9945289317507419,59.0,58.31,initial_window_proxy,0.0,0.0,0.0,,supplementary,施工窗缺口大于30秒；起泵前基线不足180秒,,,0.5600000000000023,1.9399999999999977,1.9399999999999977,-0.17999999999999972,1.9399999999999977,0.2525631701631688,1.0,131.9,False,0.7338649851632049,0.1,15.0,0.837948717948718,24.75,0.0,False,,568,1,True,supplementary,C1,0.6267183943780474,False,仅供复核_不作正式训练标签
43159bc17e9a37,泸208H2,2,14,whole_stage,1,泸208H2|1-2,泸208H2|2|14,E:\压裂窜扰项目\02 规范化\泸208H2\泸208H2 邻井压力监测\泸208H2-2-14段压裂施工-1井压力监测.xlsx,2-14-1,无表头_文件名井号,260fd9180be83d8d5a5e8b0da8b9d0640ca819391679683301ddfcd6914260e3,E:\压裂窜扰项目\02 规范化\泸208H2\泸208H2 压裂施工曲线\泸208H2-2-14 压裂施工曲线（秒点）.xlsx,Log Data,named_stage_clock_only,0,30332.0,36897.0,109.41666666666667,1.0,0,0,0,1.0,1.0,59.077499,initial_window_proxy,92.0,91.0,0.022238999999990308,,supplementary,起泵前基线不足180秒,0.059251099999997336,59.099998,0.1049989999999994,4.567501,4.575001,-0.022499000000003377,4.575001,3.35665084234577,0.21000300000000038,4.916666666666667,False,0.04493526275704494,0.1,15.0,0.1507996953541508,99.25,0.0,True,4.522498999999996,1497,1,True,supplementary,C2,1.2116892880400099,False,仅供复核_不作正式训练标签
439be84bd059eb,泸206H8,4,21,whole_stage,2,泸206H8|2-4,泸206H8|4|21,E:\压裂窜扰项目\02 规范化\泸206H8\泸206H8 邻井压力监测\泸206H8-4-21段压裂施工-1、2、3、5、6、7、8井秒点压力监测.xls,导出数据,2井套压1(MPa),1f1b5bee47e0e76dd109a8cec599321542c678c7c104d3bc8dfe76f5f9a4330a,E:\压裂窜扰项目\02 规范化\泸206H8\泸206H8 压裂施工曲线\泸206H8-4-21 压裂施工曲线.xlsx,秒点数据,absolute,0,1753951980.0,1753970047.0,301.1166666666667,1.0,0,0,0,1.0,1.0,51.74,initial_window_proxy,180.0,179.0,0.01482599999999705,,supplementary,起泵前基线不足180秒,0.030000000000001137,51.75,0.07000000000000028,2.009999999999998,2.009999999999998,-0.060000000000002274,2.009999999999998,0.7223130569546667,0.04000000000000625,76.41666666666667,False,0.25377760557923285,0.1,15.0,0.32473570598328444,111.41666666666667,0.0,False,,1115,1,True,supplementary,C1,0.9710674590891799,False,仅供复核_不作正式训练标签
43e841e305d885,泸203H64,4,6,whole_stage,5,泸203H64|4-5,泸203H64|4|6,E:\压裂窜扰项目\02 规范化\泸203H64\泸203H64 邻井压力监测\泸203H64-4-6段压裂施工-1、2、3、5井秒点压力监测.xls,导出数据,5#套压(MPa),b51fd0efb22e73417720f4d424669acbe6936fae1c45f4d6cc28fba285c6b5d3,E:\压裂窜扰项目\02 规范化\泸203H64\泸203H64 压裂施工曲线\泸203H64-4-6 压裂施工曲线.csv,text,named_stage_clock_only,-1671321600,26567.0,33620.0,117.55,1.0,0,0,0,1.0,1.0,42.083,initial_window_proxy,167.0,166.0,0.010378200000007417,,supplementary,起泵前基线不足180秒,0.05040000000000333,42.083,0.04800000000000182,0.06099999999999994,0.07500000000000284,-0.11599999999999966,0.07500000000000284,-0.0515331773713296,0.04100000000000392,,True,1.0,0.1,15.0,0.3002977456401531,0.0,0.0,False,,459,1,True,supplementary,C1,0.06284720950484897,False,仅供复核_不作正式训练标签
443b4d7873b42e,泸203H11,5,6,whole_stage,6,泸203H11|5-6,泸203H11|5|6,E:\压裂窜扰项目\02 规范化\泸203H11\泸203H11 邻井压力监测\泸203H11-5-6段压裂施工-6井套压压力监测.xlsx,Sheet1,6井套压,135f4d107cd1cc60df7c8dcf1659f33b4e104d75dca7226505b13193c1f9f749,E:\压裂窜扰项目\02 规范化\泸203H11\泸203H11 压裂施工曲线\泸203H11-5-6 压裂施工曲线.xlsx,LogData(s),named_stage_clock_only,-1746316800,33893.0,58201.0,405.1333333333333,1.0,0,0,0,1.0,60.0,46.61,pre_pump_10min,293.0,292.0,0.0296519999999941,0.003572024910756768,supplementary,施工窗缺口大于30秒,0.03999999999999915,46.62,0.12000000000000455,11.410000000000004,11.439999999999998,0.0,11.420000000000002,5.652744981076189,0.3200000000000003,4.0,False,0.009873292743129834,0.1,15.0,0.3822425667037816,383.5,115.91666666666667,True,11.549999999999997,316,1,True,supplementary,C2,3.1740494082309376,False,仅供复核_不作正式训练标签
44904cf157c098,泸206H8,4,20,whole_stage,6,泸206H8|4-6,泸206H8|4|20,E:\压裂窜扰项目\02 规范化\泸206H8\泸206H8 邻井压力监测\泸206H8-4-20段压裂施工-1、2、3、5、6、7、8井秒点压力监测-2.xls,导出数据,6井套压(MPa),16537a8097fa95a82446cc06aae76466b6a45a8c816aa71212eed37ef36546bd,E:\压裂窜扰项目\02 规范化\泸206H8\泸206H8 压裂施工曲线\泸206H8-4-20 压裂施工曲线.xlsx,秒点数据,absolute,0,1753889872.0,1753904032.0,236.0,1.0,0,0,0,1.0,1.0,32.94,initial_window_proxy,172.0,171.0,0.07413000000000632,,supplementary,起泵前基线不足180秒,0.21000000000000085,32.78,0.10999999999999943,1.2000000000000028,1.2100000000000009,-0.14000000000000057,0.23000000000000398,0.5872616525423753,0.14999999999999858,4.666666666666667,False,0.01977401129943503,0.22239000000001896,15.0,0.22831920903954803,16.5,0.0,True,0.5600000000000023,1093,1,True,supplementary,C1,0.6777814695422514,False,仅供复核_不作正式训练标签
4495a5e6f342f0,阳101H34,2,13,whole_stage,1,阳101H34|1-2,阳101H34|2|13,E:\压裂窜扰项目\02 规范化\阳101H34\阳101H34 邻井压力监测\阳101H34-2-13段压裂施工-1井秒点压力监测.xls,导出数据,1#1井套压(MPa),5e71e1286d53e3646cf85801497765372003baf9820676894741484b3442fe4a,E:\压裂窜扰项目\02 规范化\阳101H34\阳101H34 压裂施工曲线\阳101H34-2-13 压裂施工曲线.xls,秒点数据,named_stage_clock_only,-1746748800,47508.0,57374.0,164.43333333333334,1.0,0,0,0,0.9987837016014596,12.0,57.5982246398926,initial_window_proxy,0.0,0.0,0.029205880737325756,,supplementary,起泵前基线不足180秒,,,0.09849166870109372,1.7269248962401988,1.7334899902344034,-0.013134002685596613,1.7203598022461009,0.9968412589755674,0.08536148071289773,7.2,False,0.04378674234745591,0.1,15.0,0.18276841891617618,90.16666666666667,0.0,False,,2134,1,True,supplementary,C1,1.1357555954581158,False,仅供复核_不作正式训练标签
44bfbd27670f4f,泸208H2,10,14,whole_stage,9,泸208H2|10-9,泸208H2|10|14,E:\压裂窜扰项目\02 规范化\泸208H2\泸208H2 邻井压力监测\泸208H2-10-14段压裂施工-9井压力监测.xlsx,10-14-9,无表头_文件名井号,34fe3576622da87ccf1488dc2940fec7b0dcc13fb576ee8ce5f9d337e1faf816,E:\压裂窜扰项目\02 规范化\泸208H2\泸208H2 压裂施工曲线\泸208H2-10-14 压裂施工曲线（秒点）.xlsx,秒点数据,named_stage_clock_only,1722816000,1722840742.0,1722849277.0,142.25,1.0,0,0,0,1.0,1.0,46.8947,initial_window_proxy,142.0,141.0,0.031134600000001178,,supplementary,起泵前基线不足180秒,0.04200000000000159,46.8947,0.18900000000000006,1.1236000000000033,1.144599999999997,-0.07350000000000279,1.1340999999999966,0.30180154071470394,0.10500000000000398,67.5,False,0.47451669595782076,0.1,15.0,0.6964264792032806,3.6666666666666665,0.0,True,1.302100000000003,1433,1,True,supplementary,C1,0.4528886118492659,False,仅供复核_不作正式训练标签
4524fac70a0e9e,泸206H8,5,14,whole_stage,2,泸206H8|2-5,泸206H8|5|14,E:\压裂窜扰项目\02 规范化\泸206H8\泸206H8 邻井压力监测\泸206H8-5-14段压裂施工-1、2、3、4、6、7、8井秒点压力监测.xls,导出数据,2井套压1(MPa),20ba586f5ca3bbef43ea5d15699e9dc3ab2f7369a1d3c8d3575d624399408e5e,E:\压裂窜扰项目\02 规范化\泸206H8\泸206H8 压裂施工曲线\泸206H8-5-14 压裂施工曲线.xlsx,秒点数据,absolute,0,1753082552.0,1753093269.0,178.61666666666667,1.0,0,0,0,1.0,3.0,46.76,initial_window_proxy,152.0,151.0,0.014826000000007585,,supplementary,起泵前基线不足180秒,0.030000000000001137,46.77,0.05000000000000426,0.010000000000005116,0.020000000000003126,-0.10999999999999943,-0.10999999999999943,-0.04239945880376762,0.030000000000001137,,True,1.0,0.1,15.0,0.3459025574015307,0.0,0.0,False,,1234,1,True,supplementary,C1,0.05098414482466679,False,仅供复核_不作正式训练标签
45c585af6c2c9a,泸206H8,4,3,whole_stage,8,泸206H8|4-8,泸206H8|4|3,E:\压裂窜扰项目\02 规范化\泸206H8\泸206H8 邻井压力监测\泸206H8-4-3段压裂施工-1、2、3、5、6、7、8井秒点压力监测.xls,导出数据,8井套压(MPa),6f3036940dd00a407538fc5aa09bf6946034b27a92d868583d320eb1e7827bc1,E:\压裂窜扰项目\02 规范化\泸206H8\泸206H8 压裂施工曲线\泸206H8-4-3 压裂施工曲线.xlsx,秒点数据,absolute,0,1752131340.0,1752140667.0,155.45,1.0,0,0,0,1.0,33.0,32.7,pre_pump_10min,539.0,539.0,0.14825999999999157,0.04574933947906178,supplementary,施工窗缺口大于30秒,0.32200000000000273,32.92,0.04000000000000625,1.1400000000000006,1.1499999999999986,-0.14000000000000057,0.01999999999999602,0.42554519137986224,0.12000000000000455,3.4166666666666665,False,0.021979200171544977,0.4447799999999747,15.0,0.4182152117545376,7.75,0.0,False,,1133,1,True,supplementary,C1,0.5764673686798195,False,仅供复核_不作正式训练标签
45de924d564d9b,泸208H1,2,6,whole_stage,1,泸208H1|1-2,泸208H1|2|6,E:\压裂窜扰项目\02 规范化\泸208H1\泸208H1 邻井压力监测\泸208H1-2-6段压裂施工-1井压力监测.xlsx,2-6-1,无表头_文件名井号,756bd2d88a7dd241c02b8ab5a286f14b49d3800d3351a44c981d93406b5b07cc,E:\压裂窜扰项目\02 规范化\泸208H1\泸208H1 压裂施工曲线\泸208H1-2-6 压裂施工曲线（秒点）.xls,导出数据,named_stage_clock_only,0,39837.0,49896.0,167.65,1.0,0,0,0,1.0,1.0,54.53,initial_window_proxy,57.0,56.0,0.0,,supplementary,起泵前基线不足180秒,0.03999999999999915,54.53,0.05000000000000426,2.8799999999999955,2.9200000000000017,-0.03999999999999915,2.9200000000000017,1.714859329953274,0.10000000000000142,12.916666666666666,False,0.07704543195148622,0.1,15.0,0.9072472412764688,126.83333333333333,0.0,True,3.280000000000001,1337,1,True,supplementary,C2,1.8469823387384336,False,仅供复核_不作正式训练标签
45edc65963d48e,泸203H76,2,8,whole_stage,4,泸203H76|2-4,泸203H76|2|8,E:\压裂窜扰项目\02 规范化\泸203H76\泸203H76 邻井压力监测\泸203H76平台-2井-8段压裂施工-1、3、4井秒点压力监测.xls,历史数据,4井井口压力,6717105339eb55ee46fa19b76a947711619f1b3bc906cdb1e1f7219930056c45,E:\压裂窜扰项目\02 规范化\泸203H76\泸203H76 压裂施工曲线\泸203H76-2-8 压裂施工曲线（秒点）.xlsx,Sheet1,named_stage_clock_only,-1677974400,28436.0,35206.0,112.83333333333333,1.0,0,0,0,1.0,1.0,50.0375,initial_window_proxy,56.0,55.0,0.031134600000001178,,supplementary,起泵前基线不足180秒,0.07350000000000279,50.00075,0.30450000000000443,2.5307999999999993,2.5623000000000005,-0.06300000000000239,2.5412999999999997,0.9320928434268823,0.22050000000000125,28.25,False,0.25036927621861155,0.1,15.0,0.6825701624815362,47.25,0.0,False,,807,1,True,supplementary,C1,1.225048135709672,False,仅供复核_不作正式训练标签
464c5a1cbe820a,泸208H2,1,19,whole_stage,2,泸208H2|1-2,泸208H2|1|19,E:\压裂窜扰项目\02 规范化\泸208H2\泸208H2 邻井压力监测\泸208H2-1-19段压裂施工-2井压力监测.xlsx,1-19-2,无表头_文件名井号,bc366a9532d9943a2ce108d58acbefdfee3a6f488a5d4e47f558e6c15830a514,E:\压裂窜扰项目\02 规范化\泸208H2\泸208H2 压裂施工曲线\泸208H2-1-19 压裂施工曲线（秒点）.xlsx,Log Data,named_stage_clock_only,0,43164.0,49841.0,111.28333333333333,1.0,0,11,0,1.0,2.0,58.567501,initial_window_proxy,74.0,73.0,0.2557499825999954,,supplementary,起泵前基线不足180秒,0.455250300000003,58.5562515,0.5174980000000033,4.702499000000003,4.8675,-0.21000300000000038,4.590000000000003,2.903339761457241,0.42000200000000376,19.0,False,0.17073536019170285,0.7672499477999861,15.0,0.05159742012899355,90.33333333333333,0.0,True,4.844996999999999,1422,1,True,supplementary,C2,0.8137883477989359,False,仅供复核_不作正式训练标签
4659998af1708f,泸203H66,3,20,whole_stage,2,泸203H66|2-3,泸203H66|3|20,E:\压裂窜扰项目\02 规范化\泸203H66\泸203H66 邻井压力监测\泸203H66平台-3井-20段压裂施工-1、2井秒点压力监测.xls,Sheet1,2井,ce4b5909f80634e61b64d5ec0e567a1c1853a1fda9782bd26e0c423b9d16bb99,E:\压裂窜扰项目\02 规范化\泸203H66\泸203H66 压裂施工曲线\泸203H66-3-20 压裂施工曲线.xlsx,LogData(s),named_stage_clock_only,-1680048000,29722.0,37038.0,121.93333333333334,1.0,0,0,0,1.0,1.0,49.75,initial_window_proxy,22.0,21.0,0.0,,supplementary,起泵前基线不足180秒,0.0,49.75,0.19000000000000483,11.939999999999998,11.939999999999998,0.0,11.939999999999998,6.435144887916895,0.37000000000000455,7.333333333333333,False,0.06014215418261345,0.1,15.0,0.9189447785675232,105.66666666666667,73.41666666666667,True,12.0,640,1,True,supplementary,C2,3.8576491551186076,False,仅供复核_不作正式训练标签
4664265bd98792,阳101H37,5,28,whole_stage,4,阳101H37|4-5,阳101H37|5|28,E:\压裂窜扰项目\02 规范化\不重要的\阳101H37\阳101H37 邻井压力监测\阳101H37-5井压窜分析材料11.11-11.17_5井第28段压裂期间4井套压.xls,导出数据,4#井口压力(MPa),bffd7d8179cff6d9f3a0f4a5bfb100a5bdcb3882e85165db201e43dde760f8f7,E:\压裂窜扰项目\02 规范化\不重要的\阳101H37\阳101H37 压裂施工曲线\阳101H37-5-28 压裂施工曲线（秒点）-2.xlsx,Sheet1,absolute,0,1668587395.0,1668599768.0,206.21666666666667,1.0,0,0,0,0.9995958942859452,32.0,53.826,initial_window_proxy,0.0,0.0,0.008895600000000337,,supplementary,施工窗缺口大于30秒；起泵前基线不足180秒,,,0.10500000000000398,4.153999999999996,4.186999999999998,-0.020000000000003126,4.159999999999997,1.9431379770375155,0.1109999999999971,27.0,False,0.13093025135375413,0.1,15.0,0.24287005835456563,135.16666666666666,0.0,False,,8,1,True,supplementary,C2,1.0700786006425822,False,仅供复核_不作正式训练标签
4688477ca4fc5a,泸208H2,4,15,whole_stage,5,泸208H2|4-5,泸208H2|4|15,E:\压裂窜扰项目\02 规范化\泸208H2\泸208H2 邻井压力监测\泸208H2-4-15段压裂施工-5井压力监测.xlsx,4-15-5,无表头_文件名井号,1fad12db67f1a044b04bf70079882da52ff459396126641b8a0ee7f92953abc2,E:\压裂窜扰项目\02 规范化\泸208H2\泸208H2 压裂施工曲线\泸208H2-4-15 压裂施工曲线（秒点）.xlsx,Log Data,named_stage_clock_only,0,28904.0,33582.0,77.96666666666667,1.0,0,4,0,0.9965797349294571,16.0,56.5275,initial_window_proxy,0.0,0.0,0.1334339999999945,,supplementary,起泵前基线不足180秒,,,0.2999989999999997,5.235000999999997,5.354999999999997,-0.09000000000000341,5.220000999999996,2.9157335120120087,0.30749899999999997,9.35,False,0.11992304403591278,0.4003019999999835,15.0,0.07878917990553885,61.916666666666664,7.166666666666667,True,5.595000999999996,1527,1,True,supplementary,C2,0.4918266799765161,False,仅供复核_不作正式训练标签
4694da72ef5f8a,阳101H51,2,10,whole_stage,1,阳101H51|1-2,阳101H51|2|10,E:\压裂窜扰项目\02 规范化\阳101H51\阳101H51 邻井压力监测\阳101H51-2-10段压裂施工-1、3井秒点压力监测.xlsx,阳101H51-2井第10段压裂施工期间1井、3井压力秒点数据,1井套压,e93f1e2cb2036638c44202cc63578e356955ab8ce67639e585c8d6d0af52c23f,E:\压裂窜扰项目\02 规范化\阳101H51\阳101H51 压裂施工曲线\阳101H51-2-10 压裂施工曲线（秒点）.xlsx,秒点数据,absolute,0,1779003127.0,1779008786.0,94.31666666666666,1.0,0,0,0,0.9954055486835129,26.0,54.63,initial_window_proxy,8.0,7.0,0.0,,supplementary,起泵前基线不足180秒,0.00999999999999801,54.64,0.01999999999999602,0.00999999999999801,0.00999999999999801,-0.03999999999999915,0.0,-0.016289721285285184,0.020000000000003126,,True,1.0,0.1,15.0,0.7470264512693059,0.0,0.0,False,,2389,1,True,supplementary,C1,0.024747064783003304,False,仅供复核_不作正式训练标签
46fb3207c064cc,泸208H2,4,5,whole_stage,5,泸208H2|4-5,泸208H2|4|5,E:\压裂窜扰项目\02 规范化\泸208H2\泸208H2 邻井压力监测\泸208H2-4-5段压裂施工-5井压力监测.xlsx,4-5-5,无表头_文件名井号,f9e4efd69982c0b0b7336d4b77ffe1816cb28a6103a670a71fb207f342301798,E:\压裂窜扰项目\02 规范化\泸208H2\泸208H2 压裂施工曲线\泸208H2-4-5 压裂施工曲线（秒点）.xlsx,Log Data,named_stage_clock_only,0,56870.0,65145.0,137.91666666666666,1.0,0,11,0,1.0,2.0,56.7075,initial_window_proxy,50.0,49.0,0.13343400000000505,,supplementary,起泵前基线不足180秒,0.25574689999999833,56.741249499999995,0.30749899999999997,5.512501,5.557499,-0.11249899999999968,5.534999999999997,1.7911408972809635,0.2924990000000065,49.25,False,0.3570996978851964,0.40030200000001515,15.0,0.06484393902734091,68.83333333333333,10.25,True,5.849998999999997,1534,1,True,supplementary,C2,0.8344107101795398,False,仅供复核_不作正式训练标签
4742e8d378ff51,泸206H8,4,3,whole_stage,3,泸206H8|3-4,泸206H8|4|3,E:\压裂窜扰项目\02 规范化\泸206H8\泸206H8 邻井压力监测\泸206H8-4-3段压裂施工-1、2、3、5、6、7、8井秒点压力监测.xls,导出数据,3井套压(MPa),6f3036940dd00a407538fc5aa09bf6946034b27a92d868583d320eb1e7827bc1,E:\压裂窜扰项目\02 规范化\泸206H8\泸206H8 压裂施工曲线\泸206H8-4-3 压裂施工曲线.xlsx,秒点数据,absolute,0,1752131340.0,1752140667.0,155.45,1.0,0,0,0,1.0,43.0,53.63,pre_pump_10min,539.0,539.0,0.01482599999999705,-0.00025874909659658854,supplementary,施工窗缺口大于30秒,0.030000000000001137,53.63,0.03999999999999915,0.02999999999999403,0.03999999999999915,-0.020000000000003126,0.00999999999999801,0.002970944569527188,0.030000000000001137,,True,1.0,0.1,15.0,0.3894101153887631,0.0,0.0,False,,1130,1,True,supplementary,C1,0.01644780524950422,False,仅供复核_不作正式训练标签
47c4527494bc0e,泸203H66,2,17,whole_stage,3,泸203H66|2-3,泸203H66|2|17,E:\压裂窜扰项目\02 规范化\泸203H66\泸203H66 邻井压力监测\泸203H66平台-2井-17段压裂施工-1、2、3、4井秒点压力监测.xlsx,Sheet1,3井,4c653e8efac70126aa56789fabae3918edc87364e876e0ab1e103a830bd37ae1,E:\压裂窜扰项目\02 规范化\泸203H66\泸203H66 压裂施工曲线\泸203H66-2-17 压裂施工曲线.xlsx,LogData(s),named_stage_clock_only,-1679702400,46234.0,54471.0,137.28333333333333,1.0,0,0,0,1.0,1.0,56.7162,initial_window_proxy,94.0,93.0,0.015567300000000589,,supplementary,起泵前基线不足180秒,0.010500000000000398,56.7267,0.041999999999994486,0.010500000000000398,0.010500000000000398,-0.4095999999999975,-0.3990999999999971,-0.27104592691514046,0.021100000000004115,,True,1.0,0.1,15.0,0.9023916474444579,0.0,0.0,True,-0.4095999999999975,593,1,True,supplementary,C1,0.29643758546632226,False,仅供复核_不作正式训练标签
48513ed5c5c8c4,泸208H2,2,12,whole_stage,3,泸208H2|2-3,泸208H2|2|12,E:\压裂窜扰项目\02 规范化\泸208H2\泸208H2 邻井压力监测\泸208H2-2-12段压裂施工-3井压力监测.xlsx,2-12-3,无表头_文件名井号,148d59fd305a4111756ed19071456d0ed8aecb77bc1fc1ebdf97447e291b2e51,E:\压裂窜扰项目\02 规范化\泸208H2\泸208H2 压裂施工曲线\泸208H2-2-12 压裂施工曲线（秒点）.xlsx,Log Data,named_stage_clock_only,0,41136.0,50330.0,153.23333333333332,1.0,0,70,0,1.0,2.0,56.610001,initial_window_proxy,66.0,65.0,0.022237517400004583,,supplementary,起泵前基线不足180秒,0.03750049999999305,56.595001,0.07125049999999788,7.319999000000003,7.327499000000003,-0.022498999999996272,7.3125,4.24643774994562,0.15750099999999634,4.833333333333333,False,0.03154231020230585,0.1,15.0,0.1736270963498849,140.75,54.416666666666664,True,7.380001,1494,1,True,supplementary,C2,1.394871732924723,False,仅供复核_不作正式训练标签
4851ea7071f0d1,阳101H34,2,5,whole_stage,3,阳101H34|2-3,阳101H34|2|5,E:\压裂窜扰项目\02 规范化\阳101H34\阳101H34 邻井压力监测\阳101H34-2-5段压裂施工-3井秒点压力监测.xls,导出数据,3#3井套压(MPa),4fbc0c2847c23043da6822240ab89f111b46f3be0a8ea3363fc18f0b9fc0cf12,E:\压裂窜扰项目\02 规范化\阳101H34\阳101H34 压裂施工曲线\阳101H34-2-5 压裂施工曲线.xls,秒点数据,named_stage_clock_only,-1744502400,29412.0,39823.0,173.51666666666668,1.0,0,0,0,1.0,1.0,55.302188873291,initial_window_proxy,12.0,11.0,0.05837782745364488,,supplementary,起泵前基线不足180秒,0.025592803955113652,55.275936126709,0.07218551635750003,6.004684448242202,6.0112495422363,-0.039375305175802566,5.912811279296896,3.7003873807733556,0.1509361267090057,4.166666666666667,False,0.024013063106329842,0.17513348236093462,15.0,0.2772068004994717,154.0,54.833333333333336,False,,2152,1,True,supplementary,C2,0.9685594358692743,False,仅供复核_不作正式训练标签
48803967773e89,泸208H1,4,5,whole_stage,5,泸208H1|4-5,泸208H1|4|5,E:\压裂窜扰项目\02 规范化\泸208H1\泸208H1 邻井压力监测\泸208H1-4-5段压裂施工-5井压力监测.xlsx,4-5-5,无表头_文件名井号,c118dc030eb1c28c52f3b30ad4f74e5dfae4760c9420a9184f93ae395a33bd99,E:\压裂窜扰项目\02 规范化\泸208H1\泸208H1 压裂施工曲线\泸208H1-4-5 压裂施工曲线（秒点）.xls,导出数据,named_stage_clock_only,0,52335.0,61305.0,149.5,1.0,0,0,0,1.0,1.0,31.26,initial_window_proxy,135.0,134.0,0.0,,supplementary,起泵前基线不足180秒,0.0400000000000027,31.31,0.060000000000002274,11.789999999999996,11.830000000000002,-0.08999999999999986,11.830000000000002,4.948789297658861,0.23000000000000398,30.083333333333332,False,0.20122630992196208,0.1,15.0,0.9179487179487179,97.33333333333333,72.91666666666667,True,12.73,1359,1,True,supplementary,C2,2.7614620344211662,False,仅供复核_不作正式训练标签
489e3c39104735,泸206H8,4,9,whole_stage,5,泸206H8|4-5,泸206H8|4|9,E:\压裂窜扰项目\02 规范化\泸206H8\泸206H8 邻井压力监测\泸206H8-4-9段压裂施工-1、2、3、5、6、7、8井秒点压力监测.xls,导出数据,5井套压(MPa),287ca668e12277f383c425b1e47b05d9566cd7d7eab3f740b529cde27a1df5b9,E:\压裂窜扰项目\02 规范化\泸206H8\泸206H8 压裂施工曲线\泸206H8-4-9 压裂施工曲线.xlsx,秒点数据,absolute,0,1753023458.0,1753033486.0,167.13333333333333,1.0,0,0,0,0.985839648982848,142.0,62.22,initial_window_proxy,0.0,0.0,0.01482599999999705,,supplementary,施工窗缺口大于30秒；起泵前基线不足180秒,,,0.04999999999999716,0.1600000000000037,0.1600000000000037,-0.5399999999999991,0.1600000000000037,-0.2835181064131082,0.030000000000001137,161.45,False,0.9659952134024731,0.1,15.0,0.3855726426547956,0.0,0.0,False,,1174,1,True,supplementary,C1,0.336308605603325,False,仅供复核_不作正式训练标签
4985e3204d5728,泸206H8,5,13,whole_stage,7,泸206H8|5-7,泸206H8|5|13,E:\压裂窜扰项目\02 规范化\泸206H8\泸206H8 邻井压力监测\泸206H8-5-13段压裂施工-1、2、3、4、6、7、8井秒点压力监测.xls,导出数据,7井套压(MPa),8eed401cc8eb07424614f7c38ee4602158d415e7dcbed67f1e59aea61aeebba9,E:\压裂窜扰项目\02 规范化\泸206H8\泸206H8 压裂施工曲线\泸206H8-5-13 压裂施工曲线.xlsx,秒点数据,absolute,0,1752999621.0,1753009431.0,163.5,1.0,0,0,0,1.0,3.0,35.19,initial_window_proxy,141.0,140.0,0.01482599999999705,,supplementary,起泵前基线不足180秒,0.020000000000003126,35.19,0.05000000000000426,0.0,0.0,-0.10999999999999943,-0.0799999999999983,-0.0779801223241554,0.020000000000003126,,True,1.0,0.1,15.0,0.3368678629690049,0.0,0.0,False,,1217,1,True,supplementary,C1,0.08155081015015271,False,仅供复核_不作正式训练标签
4a350d91953328,阳101H34,4,7,whole_stage,2,阳101H34|2-4,阳101H34|4|7,E:\压裂窜扰项目\02 规范化\阳101H34\阳101H34 邻井压力监测\阳101H34-4-7段压裂施工-2井秒点压力监测.xls,导出数据,2#2井套压(MPa),696387193a0f69b020431de701b789c05728179cc62992425c9eda7a43de1ca5,E:\压裂窜扰项目\02 规范化\阳101H34\阳101H34 压裂施工曲线\阳101H34-4-7 压裂施工曲线.xls,秒点数据,named_stage_clock_only,-1745539200,26670.0,36800.0,168.83333333333334,1.0,0,0,0,1.0,1.0,55.5224494934082,initial_window_proxy,150.0,149.0,0.009733408355649682,,supplementary,起泵前基线不足180秒,0.019691467285198883,55.5290145874023,0.04594421386720171,1.5753021240233949,1.5818634033202983,-0.013126373291001414,1.5818634033202983,0.607562954404628,0.05250930786139918,39.666666666666664,False,0.23494570582428428,0.1,15.0,0.2597235932872656,46.75,0.0,False,,2213,1,True,supplementary,C1,0.7801236005230243,False,仅供复核_不作正式训练标签
4a5265a17bd278,泸203H64,5,11,whole_stage,1,泸203H64|1-5,泸203H64|5|11,E:\压裂窜扰项目\02 规范化\泸203H64\泸203H64 邻井压力监测\泸203H64-5-11段压裂施工-1、2、3、4井秒点压力监测.xls,导出数据,1#套压(MPa),ab93544001a24df0adf3a93a39e54d57d3f12379319e712dcaf5e4a9c2cd4a93,E:\压裂窜扰项目\02 规范化\泸203H64\泸203H64 压裂施工曲线\泸203H64-5-11 压裂施工曲线.csv,text,named_stage_clock_only,-1670889600,25732.0,35495.0,162.71666666666667,1.0,0,0,0,1.0,2.0,40.701,initial_window_proxy,172.0,171.0,0.010378199999996882,,supplementary,起泵前基线不足180秒,0.045999999999999375,40.661,0.045999999999999375,0.3339999999999961,0.3470000000000013,-0.05299999999999727,0.26899999999999835,0.12581706442691756,0.1039999999999992,64.66666666666667,False,0.39741882618047736,0.1,15.0,0.3629379225568531,0.0,0.0,False,,477,1,True,supplementary,C1,0.14378430860911734,False,仅供复核_不作正式训练标签
4ae16021971e4d,泸203H64,3,3,whole_stage,1,泸203H64|1-3,泸203H64|3|3,E:\压裂窜扰项目\02 规范化\泸203H64\泸203H64 邻井压力监测\泸203H64-3-3段压裂施工-1、2、4、5井秒点压力监测.xls,text,1#套压(MPa),5d2fbec0d4eb81ec104fb471e54605f5ea68a7cd2c24b9a25ad22fc61e1cbeee,E:\压裂窜扰项目\02 规范化\泸203H64\泸203H64 压裂施工曲线\泸203H64-3-3 压裂施工曲线.csv,text,named_stage_clock_only,-1669248000,26751.0,37470.0,178.65,1.0,0,0,0,0.9935628323537643,69.0,34.145,initial_window_proxy,0.0,0.0,0.019273799999997218,,supplementary,施工窗缺口大于30秒；起泵前基线不足180秒,,,0.03300000000000125,0.006000000000000227,0.012999999999998124,-0.20400000000000063,-0.16400000000000148,-0.08706934272300805,0.0660000000000025,,True,1.0,0.1,15.0,0.375868544600939,0.0,0.0,False,,391,1,True,supplementary,C1,0.10119779663416907,False,仅供复核_不作正式训练标签
4b70813231f1c4,阳101H51,4,5,whole_stage,3,阳101H51|3-4,阳101H51|4|5,E:\压裂窜扰项目\02 规范化\阳101H51\阳101H51 邻井压力监测\阳101H51-4-5段压裂施工-3、5井秒点压力监测.xlsx,阳101H51-4井5段压裂施工期间3井、5井压力秒点数据（2,3井套压,7a4c58aad6884e966741370def51d9646ce7247d37395911d3faf4b5ce8c5481,E:\压裂窜扰项目\02 规范化\阳101H51\阳101H51 压裂施工曲线\阳101H51-4-5 压裂施工曲线（秒点）.xlsx,秒点数据,absolute,0,1780644211.0,1780658531.0,238.66666666666666,1.0,0,0,0,0.9980446927374301,28.0,50.99,initial_window_proxy,0.0,0.0,0.0,,supplementary,起泵前基线不足180秒,,,0.020000000000003126,0.3500000000000014,0.35999999999999943,-0.03999999999999915,0.3500000000000014,0.03716904561992505,0.020000000000003126,194.38333333333333,False,0.8144553072625699,0.1,15.0,0.7192835152532886,0.0,0.0,True,0.44999999999999574,2469,1,True,supplementary,C1,0.08564510827701269,False,仅供复核_不作正式训练标签
4b862b9db31bcf,泸208H2,7,4,whole_stage,8,泸208H2|7-8,泸208H2|7|4,E:\压裂窜扰项目\02 规范化\泸208H2\泸208H2 邻井压力监测\泸208H2-7-4段压裂施工-8井压力监测.xlsx,7-4-8,无表头_文件名井号,7f91393a1eacad3cd0ef16e85b031404e81ead785d03e77b104bc7bf49cc62eb,E:\压裂窜扰项目\02 规范化\泸208H2\泸208H2 压裂施工曲线\泸208H2-7-4 压裂施工曲线（秒点）.xlsx,秒点数据,named_stage_clock_only,1718668800,1718698319.0,1718711426.0,218.45,1.0,0,0,0,1.0,1.0,53.178,initial_window_proxy,76.0,75.0,0.03098634000000679,,supplementary,起泵前基线不足180秒,0.03140000000000498,53.1989,0.09440000000000026,5.7883,5.798700000000004,-0.03149999999999409,5.798700000000004,3.2563029564354964,0.10489999999999355,7.916666666666667,False,0.036240177004654005,0.1,15.0,0.7593652246890974,189.91666666666666,33.166666666666664,False,,1632,1,True,supplementary,C2,0.8498738624227554,False,仅供复核_不作正式训练标签
4b8c27849e9995,泸203H76,2,16,whole_stage,1,泸203H76|1-2,泸203H76|2|16,E:\压裂窜扰项目\02 规范化\泸203H76\泸203H76 邻井压力监测\泸203H76平台-2井-16段压裂施工-1、3、4井秒点压力监测.xls,历史数据,1井,5e112a04343d2f70c10f9012414ddf2a6b9a1e79b9499e3754c79873f5b20bb6,E:\压裂窜扰项目\02 规范化\泸203H76\泸203H76 压裂施工曲线\泸203H76-2-16 压裂施工曲线（秒点）.xlsx,Sheet1,named_stage_clock_only,-1679443200,53120.0,59968.0,114.13333333333334,1.0,0,0,0,1.0,1.0,53.4503,initial_window_proxy,140.0,139.0,0.04670190000000177,,supplementary,起泵前基线不足180秒,0.06404999999999461,53.1983,0.4306000000000054,6.258700000000005,6.342700000000001,-0.12599999999999767,6.216700000000003,3.9869229117990668,0.4619999999999962,10.333333333333334,False,0.0905373831775701,0.1401057000000053,15.0,0.720356308411215,89.5,60.75,True,6.174700000000001,770,1,True,supplementary,C2,1.2945160958268056,False,仅供复核_不作正式训练标签
4beeb4be93a2c8,阳101H51,3,8,whole_stage,2,阳101H51|2-3,阳101H51|3|8,E:\压裂窜扰项目\02 规范化\阳101H51\阳101H51 邻井压力监测\阳101H51-3-8段压裂施工-1、2井秒点压力监测.xlsx,阳101H51-3井第8段压裂施工期间1井、2井压力秒点数据（,2井套压,da955ac0af1d4e881f266dc7744efa77766d2f5ba4d2637fe0cec1fff7f66a21,E:\压裂窜扰项目\02 规范化\阳101H51\阳101H51 压裂施工曲线\阳101H51-3-8 压裂施工曲线（秒点）.xlsx,秒点数据,absolute,0,1779262704.0,1779267921.0,86.95,1.0,0,0,0,0.9959746981023577,21.0,51.48,initial_window_proxy,25.0,24.0,0.0,,supplementary,起泵前基线不足180秒,0.010000000000005116,51.48,0.020000000000003126,1.5400000000000063,1.5700000000000003,-0.00999999999999801,1.5600000000000023,0.4176145111624355,0.060000000000002274,28.583333333333332,False,0.32873298830745634,0.1,15.0,0.672247882986913,12.833333333333334,0.0,False,,2459,1,True,supplementary,C1,0.6069635981183811,False,仅供复核_不作正式训练标签
4bf2d837201351,泸203H76,1,16,whole_stage,2,泸203H76|1-2,泸203H76|1|16,E:\压裂窜扰项目\02 规范化\泸203H76\泸203H76 邻井压力监测\泸203H76平台-1井-16段压裂施工-2、3、4井秒点压力监测.xls,Sheet1,2井井口压力,413778fe0177b9cd24661fb5ebdcb73867e72b94dc2cae0d1f7b33c22f50e840,E:\压裂窜扰项目\02 规范化\泸203H76\泸203H76 压裂施工曲线\泸203H76-1-16 压裂施工曲线（秒点）.xlsx,Sheet1,named_stage_clock_only,-1679356800,32074.0,39822.0,129.13333333333333,1.0,0,0,0,1.0,1.0,56.9682,initial_window_proxy,94.0,93.0,0.0,,supplementary,起泵前基线不足180秒,0.021000000000000796,56.962950000000006,0.04200000000000159,1.2180999999999997,1.2286000000000001,-0.021000000000000796,1.2286000000000001,0.8501711151264817,0.05250000000000199,8.583333333333334,False,0.06646876613319568,0.1,15.0,0.893649974186887,71.41666666666667,0.0,True,1.2495999999999938,674,1,True,supplementary,C1,0.9285811856776838,False,仅供复核_不作正式训练标签
4c250725a22b65,泸208H2,5,3,whole_stage,4,泸208H2|4-5,泸208H2|5|3,E:\压裂窜扰项目\02 规范化\泸208H2\泸208H2 邻井压力监测\泸208H2-5-3段压裂施工-4井压力监测.xlsx,5-3-4,无表头_文件名井号,3296f5ed1d92507b4b8089ee58d7397dc847e8b5fb00382182bc3bb857ed8d7d,E:\压裂窜扰项目\02 规范化\泸208H2\泸208H2 压裂施工曲线\泸208H2-5-3 压裂施工曲线（秒点）.xlsx,Log Data,named_stage_clock_only,0,35813.0,46065.0,170.86666666666667,1.0,0,16,0,1.0,29.0,46.462502,initial_window_proxy,53.0,52.0,0.02223751739999405,,supplementary,起泵前基线不足180秒,0.03750299999999385,46.470001,0.08249599999999901,6.3675,6.434997000000003,-0.16500100000000373,6.404997999999999,1.9870533288138896,0.11249899999999968,56.833333333333336,False,0.33261802575107297,0.1,15.0,0.1734743853462631,84.33333333333333,28.0,True,7.027499999999996,1558,1,True,supplementary,C2,0.6011730305497417,False,仅供复核_不作正式训练标签
4c38a05303f5d6,泸203H76,4,16,whole_stage,3,泸203H76|3-4,泸203H76|4|16,E:\压裂窜扰项目\02 规范化\泸203H76\泸203H76 邻井压力监测\泸203H76平台-4井-16段压裂施工-1、2、3井秒点压力监测.xls,Sheet1,3井井口压力,c4d8ee44d4ac18de04b1e88d6490dbf0cdb41c02b9fe2321054525fa9ba6fdc1,E:\压裂窜扰项目\02 规范化\泸203H76\泸203H76 压裂施工曲线\泸203H76-4-16 压裂施工曲线（秒点）.xlsx,Sheet1,named_stage_clock_only,-1680393600,40474.0,47477.0,116.71666666666667,1.0,0,0,0,1.0,1.0,54.994,initial_window_proxy,34.0,33.0,0.015567300000000589,,supplementary,起泵前基线不足180秒,0.010500000000000398,54.994,0.04200000000000159,0.0,0.0,-0.482999999999997,-0.4724999999999966,-0.23580532628873369,0.031500000000001194,,True,1.0,0.1,15.0,0.9093245751820648,0.0,0.0,True,-0.5146000000000015,925,1,True,supplementary,C1,0.28229291723092137,False,仅供复核_不作正式训练标签
4c5221527a3187,泸203H64,3,13,whole_stage,5,泸203H64|3-5,泸203H64|3|13,E:\压裂窜扰项目\02 规范化\泸203H64\泸203H64 邻井压力监测\泸203H64-3-13段压裂施工-1、2、4、5井秒点压力监测.xls,导出数据,5#套压(MPa),b8ded8e9c0d0cbe8086a18f257aa681bbe2d7e46e6b40c91714dbb9d927ef24b,E:\压裂窜扰项目\02 规范化\泸203H64\泸203H64 压裂施工曲线\泸203H64-3-13 压裂施工曲线.csv,text,named_stage_clock_only,-1672358400,25612.0,33592.0,133.0,1.0,0,0,0,1.0,1.0,51.277,initial_window_proxy,112.0,111.0,0.0296519999999941,,supplementary,起泵前基线不足180秒,0.06199999999999761,51.284,0.06800000000000495,2.0319999999999965,2.0600000000000023,-0.15700000000000358,2.0529999999999973,0.7396906015037585,0.07500000000000284,45.083333333333336,False,0.33897243107769426,0.1,15.0,0.2617794486215539,51.083333333333336,0.0,True,2.202999999999996,372,1,True,supplementary,C1,1.0406936760663383,False,仅供复核_不作正式训练标签
4cbfd0b4fa4c70,阳101H51,2,15,whole_stage,3,阳101H51|2-3,阳101H51|2|15,E:\压裂窜扰项目\02 规范化\阳101H51\阳101H51 邻井压力监测\阳101H51-2-15段压裂施工-1、3、4井秒点压力监测.xlsx,历史数据,3井套压,8fa4e7d2f4777d4619ed06e01c9c67fddbb9861fb7ebe8fbb54410e8ee3ba94a,E:\压裂窜扰项目\02 规范化\阳101H51\阳101H51 压裂施工曲线\阳101H51-2-15 压裂施工曲线（秒点）.xlsx,秒点数据,absolute,0,1781867372.0,1781877303.0,165.51666666666668,1.0,0,0,0,1.0,1.0,50.99,initial_window_proxy,92.0,91.0,0.0,,supplementary,起泵前基线不足180秒,0.01899999999999835,51.0,0.020000000000003126,4.989999999999995,5.009999999999998,-0.010000000000005116,5.0,2.338782096465611,0.05000000000000426,10.5,False,0.06343772026986204,0.1,15.0,0.6834155674151646,124.5,0.25,True,5.339999999999996,2399,1,True,supplementary,C2,0.7110211939237464,False,仅供复核_不作正式训练标签
4cc7af0e2de223,阳101H32,4,13,whole_stage,6,阳101H32|4-6,阳101H32|4|13,E:\压裂窜扰项目\02 规范化\阳101H32\阳101H32 邻井压力监测\阳101H32-4-13段压裂施工-6井秒点压力监测.xlsx,导出数据,6井套压(MPa),d95fa50085c7d9b921b4041f319b664bfb054ff554f6d1a85449831d4e57ccf9,E:\压裂窜扰项目\02 规范化\阳101H32\阳101H32 压裂施工曲线\阳101H32-4-13 压裂施工曲线.xlsx,秒数据,absolute,0,1764660912.0,1764679564.0,310.8666666666667,1.0,0,0,0,0.9997855457859747,4.0,56.87,initial_window_proxy,72.0,71.0,0.01482599999999705,,supplementary,起泵前基线不足180秒,0.01999999999999602,56.88,0.060000000000002274,6.420000000000002,6.43,-0.00999999999999801,6.43,3.8810939510939533,0.07000000000000028,8.666666666666666,False,0.027879047823289725,0.1,15.0,0.35655298155298154,278.0833333333333,131.5,False,,1886,1,True,supplementary,C2,1.082331537346427,False,仅供复核_不作正式训练标签
4d079621fe0ef9,阳101H34,3,23,whole_stage,4,阳101H34|3-4,阳101H34|3|23,E:\压裂窜扰项目\02 规范化\阳101H34\阳101H34 邻井压力监测\阳101H34-3-23段压裂施工-4井秒点压力监测.xls,导出数据,4#4井套压1(MPa),a9c1157d4c6a5eaf88be54d21019e98a5235b154ba292515399b50432ca3847e,E:\压裂窜扰项目\02 规范化\阳101H34\阳101H34 压裂施工曲线\阳101H34-3-23 压裂施工曲线.xls,分点数据,named_stage_clock_only,-1750896000,28918.0,40779.0,197.68333333333334,1.0,0,0,0,0.9947727847567659,62.0,53.6118392944336,initial_window_proxy,0.0,0.0,0.009823899078379675,,supplementary,施工窗缺口大于30秒；起泵前基线不足180秒,,,0.03975677490230112,5.452869415283196,5.459495544433601,-0.02650070190430398,5.452869415283196,2.7230427041479253,0.08613204956050424,28.866666666666667,False,0.1460247871174437,0.1,15.0,0.27773540130519536,138.5,35.166666666666664,False,,2181,1,True,supplementary,C2,0.37931842452488496,False,仅供复核_不作正式训练标签
4d0bba5c32949e,泸203H76,1,13,whole_stage,4,泸203H76|1-4,泸203H76|1|13,E:\压裂窜扰项目\02 规范化\泸203H76\泸203H76 邻井压力监测\泸203H76平台-1井-13段压裂施工-2、3、4井秒点压力监测.xls,历史数据,4井井口压力,26c11f055f179ff02734f304b8503de3771d6e982240c34c190064b72b8ebf47,E:\压裂窜扰项目\02 规范化\泸203H76\泸203H76 压裂施工曲线\泸203H76-1-13 压裂施工曲线（秒点）.xls,Sheet1,named_stage_clock_only,-1679011200,39705.0,47644.0,132.31666666666666,1.0,0,0,0,1.0,1.0,57.0417,initial_window_proxy,45.0,44.0,0.031134600000001178,,supplementary,起泵前基线不足180秒,0.037800000000004275,57.0942,0.6721000000000004,0.031500000000001194,0.04200000000000159,-1.7432000000000016,-1.6696999999999989,-0.9324520720493751,0.25200000000000244,,True,1.0,0.1,15.0,0.6772893311500189,0.0,0.0,True,-1.753700000000002,666,1,True,supplementary,C1,1.0648850432518142,False,仅供复核_不作正式训练标签
4d91297c0bfc87,泸208H1,4,11,whole_stage,5,泸208H1|4-5,泸208H1|4|11,E:\压裂窜扰项目\02 规范化\泸208H1\泸208H1 邻井压力监测\泸208H1-4-11段压裂施工-5井压力监测.xlsx,4-11-5,无表头_文件名井号,dcaf4ca6686a5eb66b62344f63a57d8a0e5b84c2ad116e8933a51f0cc8e4e222,E:\压裂窜扰项目\02 规范化\泸208H1\泸208H1 压裂施工曲线\泸208H1-4-11 压裂施工曲线（秒点）.xls,导出数据,named_stage_clock_only,0,28419.0,38338.0,165.31666666666666,1.0,0,0,0,1.0,1.0,48.26,initial_window_proxy,159.0,158.0,0.07413000000000632,,supplementary,起泵前基线不足180秒,0.0,48.13,0.060000000000002274,11.510000000000005,11.590000000000003,-0.0899999999999963,11.550000000000004,6.104958161104952,0.28000000000000114,3.8333333333333335,False,0.02318782135295897,0.22239000000001896,15.0,0.9038209496925094,155.0,116.66666666666667,True,12.770000000000003,1344,1,True,supplementary,C2,3.2400596182045227,False,仅供复核_不作正式训练标签
4de6fa47f1b1a3,泸203H153,5,21,whole_stage,6,泸203H153|5-6,泸203H153|5|21,E:\压裂窜扰项目\02 规范化\泸203H153\泸203H153 邻井压力监测\泸203H153-5-21段压裂施工-6井套压压力监测.xls,导出数据,6井套压(MPa),e00964309e81879c273fac8e140e97307188844c47fb45697baad12894f32495,E:\压裂窜扰项目\02 规范化\泸203H153\泸203H153 压裂施工曲线\泸203H153-5-21 压裂施工曲线-2.xls,分点数据,absolute,0,1719128474.0,1719140410.0,198.93333333333334,1.0,0,0,0,1.0,1.0,53.03,initial_window_proxy,74.0,73.0,0.01482599999999705,,supplementary,起泵前基线不足180秒,0.020000000000003126,53.02,0.05000000000000426,12.219999999999999,12.239999999999995,-0.020000000000003126,12.239999999999995,6.012492040884717,0.23000000000000398,7.916666666666667,False,0.0397955764075067,0.1,15.0,0.364862600536193,158.58333333333334,123.58333333333333,True,12.590000000000003,333,1,True,supplementary,C2,3.4892307795109256,False,仅供复核_不作正式训练标签
4e0ea7a8189e0c,泸203H64,4,5,whole_stage,3,泸203H64|3-4,泸203H64|4|5,E:\压裂窜扰项目\02 规范化\泸203H64\泸203H64 邻井压力监测\泸203H64-4-5段压裂施工-1、2、3、5井秒点压力监测.xls,导出数据,3#套压(MPa),79aa4054c025e3c620be390106fc758c39c53493cf0f02be3456129996e77139,E:\压裂窜扰项目\02 规范化\泸203H64\泸203H64 压裂施工曲线\泸203H64-4-5 压裂施工曲线.csv,text,named_stage_clock_only,-1671235200,47243.0,55064.0,130.35,1.0,0,0,0,1.0,1.0,43.103,initial_window_proxy,143.0,142.0,0.028169399999997555,,supplementary,起泵前基线不足180秒,0.07760000000000389,43.1385,0.1109999999999971,14.436999999999998,14.457,-0.09900000000000375,14.417000000000002,8.411191663470143,0.32099999999999795,9.333333333333334,False,0.07160209691855263,0.1,15.0,0.14985295997954226,108.91666666666667,88.91666666666667,False,,454,1,True,supplementary,C2,6.160059281451556,False,仅供复核_不作正式训练标签
4e8c2f198c9929,阳101H34,2,1,whole_stage,3,阳101H34|2-3,阳101H34|2|1,E:\压裂窜扰项目\02 规范化\阳101H34\阳101H34 邻井压力监测\阳101H34_2井首段压裂过程3井压力上涨秒点.xlsx,导出数据,3#3井套压(MPa),7aca1ff6ce2e164186728bba114c7e5ced6a1a5779c08bf0ed24719d00f9cbcf,E:\压裂窜扰项目\02 规范化\阳101H34\阳101H34 压裂施工曲线\阳101H34-2-1 压裂施工曲线.xls,秒点数据,named_stage_clock_only,-1743638400,50081.0,61014.0,182.21666666666667,1.0,0,0,0,0.9982621421384799,19.0,48.6871871948242,initial_window_proxy,0.0,0.0,0.009727752685589012,,supplementary,起泵前基线不足180秒,,,0.07874679565429688,11.884689331054702,11.897811889648501,-0.01968765258789773,11.891250610351605,5.053540217214543,0.5774993896485014,24.9,False,0.13665050763742795,0.1,15.0,0.26681326736301997,120.08333333333333,104.33333333333333,False,,2225,1,True,supplementary,C2,2.6815102509342705,False,仅供复核_不作正式训练标签
4e8f88a1257350,泸208H2,3,26,whole_stage,4,泸208H2|3-4,泸208H2|3|26,E:\压裂窜扰项目\02 规范化\泸208H2\泸208H2 邻井压力监测\泸208H2-3-26段压裂施工-4井压力监测.xlsx,3-26-4,无表头_文件名井号,5262bdf16a06d93560c35ea2796b63dcba4acdd408a9ab96b731a34d67abcfa8,E:\压裂窜扰项目\02 规范化\泸208H2\泸208H2 压裂施工曲线\泸208H2-3-26 压裂施工曲线（秒点）.xlsx,Log Data,named_stage_clock_only,0,28180.0,38499.0,171.98333333333332,1.0,0,101,0,1.0,2.0,55.5975,initial_window_proxy,40.0,39.0,0.022237517400004583,,supplementary,起泵前基线不足180秒,0.03749899999999684,55.605,0.060001999999997224,5.8125,5.8499980000000065,-0.03749899999999684,5.834999000000003,4.045116743749397,0.17999999999999972,13.916666666666666,False,0.08091869367186744,0.1,15.0,0.17737361885205827,145.33333333333334,102.08333333333333,True,6.0374980000000065,1514,1,True,supplementary,C2,1.6323176261486612,False,仅供复核_不作正式训练标签
4f5034c6dd83b9,阳101H51,3,13,whole_stage,4,阳101H51|3-4,阳101H51|3|13,E:\压裂窜扰项目\02 规范化\阳101H51\阳101H51 邻井压力监测\阳101H51-3-13段压裂施工-1、2、4井秒点压力监测.xlsx,阳101H51-3井13段压裂施工期间1井、2井、4井压力秒点,4井套压,0ea06403132b423f9891a0453862d189c01a197bc18948c9a97d7725ef301198,E:\压裂窜扰项目\02 规范化\阳101H51\阳101H51 压裂施工曲线\阳101H51-3-13 压裂施工曲线（秒点）.xlsx,秒点数据,absolute,0,1782645908.0,1782660764.0,247.6,1.0,0,0,0,1.0,1.0,47.74,initial_window_proxy,69.0,68.0,0.0,,supplementary,起泵前基线不足180秒,0.00999999999999801,47.75,0.030000000000001137,9.82,9.829999999999998,-0.010000000000005116,9.829999999999998,5.366093834141086,0.12000000000000455,20.166666666666668,False,0.08144857296715133,0.1,15.0,0.7052369413031772,199.83333333333334,155.91666666666666,True,10.149999999999999,2437,1,True,supplementary,C2,2.5655241943261866,False,仅供复核_不作正式训练标签
4facc3983c91ec,泸208H2,6,9,whole_stage,7,泸208H2|6-7,泸208H2|6|9,E:\压裂窜扰项目\02 规范化\泸208H2\泸208H2 邻井压力监测\泸208H2-6-9段压裂施工-7井压力监测.xlsx,6-9-7,无表头_文件名井号,23798bf5022970be0fb8d42c785f9638658f31410d172636b6589b5684a98a61,E:\压裂窜扰项目\02 规范化\泸208H2\泸208H2 压裂施工曲线\泸208H2-6-9 压裂施工曲线（秒点）.xlsx,Log Data,named_stage_clock_only,0,31194.0,38608.0,123.56666666666666,1.0,0,43,0,1.0,2.0,53.4966,initial_window_proxy,133.0,151.0,0.031134600000001178,,supplementary,起泵前基线不足180秒,0.03160000000000451,53.4966,0.1367000000000047,2.7753999999999976,2.807000000000002,-0.042099999999997806,2.7963999999999984,0.9099855847046122,0.11570000000000391,19.0,False,0.15376315079579175,0.1,15.0,0.7157937474624442,45.666666666666664,0.0,True,2.8699999999999974,1591,1,True,supplementary,C1,1.2065698951968156,False,仅供复核_不作正式训练标签
4fc1fc4a67a879,阳101H51,1,12,whole_stage,2,阳101H51|1-2,阳101H51|1|12,E:\压裂窜扰项目\02 规范化\阳101H51\阳101H51 邻井压力监测\阳101H51-1-12段压裂施工-2、3井秒点压力监测.xlsx,阳101H51-1井12段压裂施工期间2井、3井压力秒点数据（,2井套压,e6c97d4bf84fc6a4e3ee8b1624a571fd3f4c902bbc6c86deddc7f22255802e82,E:\压裂窜扰项目\02 规范化\阳101H51\阳101H51 压裂施工曲线\阳101H51-1-12 压裂施工曲线（秒点）.xlsx,秒点数据,absolute,0,1778498989.0,1778510844.0,197.58333333333334,60.0,0,13334,0,0.9970476592155209,60.0,54.58,initial_window_proxy,0.0,0.0,0.0,,supplementary,原始采样间隔大于30秒；施工窗缺口大于30秒；起泵前基线不足180秒,,,0.030000000000001137,,2.6700000000000017,-0.00999999999999801,2.66,1.1962690355329966,0.030000000000001137,30.183333333333334,False,0.15276254744833404,0.1,60.0,0.1065989847715736,108.0,0.0,True,2.8200000000000003,2362,1,True,supplementary,C1,1.4851982494618308,True,仅供复核_不作正式训练标签
505e5cfd42d7d5,泸203H76,1,16,whole_stage,3,泸203H76|1-3,泸203H76|1|16,E:\压裂窜扰项目\02 规范化\泸203H76\泸203H76 邻井压力监测\泸203H76平台-1井-16段压裂施工-2、3、4井秒点压力监测.xls,Sheet1,3井井口压力,413778fe0177b9cd24661fb5ebdcb73867e72b94dc2cae0d1f7b33c22f50e840,E:\压裂窜扰项目\02 规范化\泸203H76\泸203H76 压裂施工曲线\泸203H76-1-16 压裂施工曲线（秒点）.xlsx,Sheet1,named_stage_clock_only,-1679356800,32074.0,39822.0,129.13333333333333,1.0,0,0,0,1.0,1.0,58.1968,initial_window_proxy,94.0,93.0,0.031134600000001178,,supplementary,起泵前基线不足180秒,0.04200000000000159,58.2598,0.042099999999997806,0.03149999999999409,0.041999999999994486,-1.7432000000000016,-1.7327000000000012,-1.225384221734644,0.021100000000004115,,True,1.0,0.1,15.0,0.9013939081053175,0.0,0.0,True,-1.7117000000000004,675,1,True,supplementary,C1,1.332553458644523,False,仅供复核_不作正式训练标签
5068d92164744a,泸203H76,1,22,whole_stage,4,泸203H76|1-4,泸203H76|1|22,E:\压裂窜扰项目\02 规范化\泸203H76\泸203H76 邻井压力监测\泸203H76平台-1井-22段压裂施工-2、3、4井秒点压力监测.xls,Sheet1,4井井口压力,9b3be52c881317e588f0d64223358778f9d4f1c9383f434428a7a8c17007316e,E:\压裂窜扰项目\02 规范化\泸203H76\泸203H76 压裂施工曲线\泸203H76-1-22 压裂施工曲线（秒点）.xlsx,Sheet1,named_stage_clock_only,-1680134400,27894.0,34230.0,105.6,1.0,0,0,0,1.0,1.0,50.0165,initial_window_proxy,114.0,113.0,0.04670190000000177,,supplementary,起泵前基线不足180秒,0.10500000000000398,50.006,0.3885000000000005,0.04200000000000159,0.12599999999999767,-0.27300000000000324,-0.25200000000000244,-0.058607599431819014,0.17849999999999966,,True,1.0,0.1401057000000053,15.0,0.6725063131313131,0.0,0.0,True,-0.28350000000000364,706,1,True,supplementary,C1,0.08676430739413128,False,仅供复核_不作正式训练标签
5084d50b004b4a,泸206H8,4,3,whole_stage,6,泸206H8|4-6,泸206H8|4|3,E:\压裂窜扰项目\02 规范化\泸206H8\泸206H8 邻井压力监测\泸206H8-4-3段压裂施工-1、2、3、5、6、7、8井秒点压力监测.xls,导出数据,6井套压(MPa),6f3036940dd00a407538fc5aa09bf6946034b27a92d868583d320eb1e7827bc1,E:\压裂窜扰项目\02 规范化\泸206H8\泸206H8 压裂施工曲线\泸206H8-4-3 压裂施工曲线.xlsx,秒点数据,absolute,0,1752131340.0,1752140667.0,155.45,1.0,0,0,0,1.0,33.0,38.84,pre_pump_10min,539.0,539.0,0.0296519999999941,-0.006457848064735432,supplementary,施工窗缺口大于30秒,0.07000000000000028,38.83,0.11999999999999744,0.05999999999999517,0.0799999999999983,-0.060000000000002274,0.04999999999999716,0.011067331403449567,0.07000000000000028,,True,1.0,0.1,15.0,0.18128781331028523,0.0,0.0,False,,1135,1,True,supplementary,C1,0.024805906761669713,False,仅供复核_不作正式训练标签
50c152d2eef032,泸203H10,2,9,whole_stage,1,泸203H10|1-2,泸203H10|2|9,E:\压裂窜扰项目\02 规范化\泸203H10\泸203H10 邻井压力监测\泸203H10-2-9段压裂施工-1井分点压力监测.xls,000001411,1井井口套压(MPa):,62278880f1b717a118340eb123962f19d58bf7831e680e5858c05375732788c2,E:\压裂窜扰项目\02 规范化\泸203H10\泸203H10 压裂施工曲线\泸203H10-2-9 压裂施工曲线-2.xlsx,LogData(s),named_stage_clock_only,-1717027200,25396.0,32748.0,122.53333333333333,60.0,0,0,0,0.9874863982589771,60.0,45.39,initial_window_proxy,4.0,180.0,0.022238999999995575,,supplementary,原始采样间隔大于30秒；施工窗缺口大于30秒；起泵前基线不足180秒,,45.42,0.4299999999999997,,5.490000000000002,-0.21999999999999886,5.490000000000002,1.4349999999999996,0.4299999999999997,52.733333333333334,False,0.43035908596300326,0.1,60.0,0.2892561983471074,52.0,9.0,True,6.810000000000002,294,1,True,supplementary,C2,1.1742251318604464,False,仅供复核_不作正式训练标签
51be75b573a599,泸203H66,2,18,whole_stage,1,泸203H66|1-2,泸203H66|2|18,E:\压裂窜扰项目\02 规范化\泸203H66\泸203H66 邻井压力监测\泸203H66平台-2井-18段压裂施工-1、3井分点压力监测.xls,Sheet1,1井,5042c25e4ad81865f964deb6160791b60c02c6775f36d85ebf29be044a7bf81d,E:\压裂窜扰项目\02 规范化\泸203H66\泸203H66 压裂施工曲线\泸203H66-2-18 压裂施工曲线.xlsx,LogData(s),named_stage_clock_only,-1679961600,46265.0,52858.0,109.88333333333334,60.0,0,0,0,0.9828606097376005,60.0,50.13,initial_window_proxy,2.0,60.0,0.0,,supplementary,原始采样间隔大于30秒；施工窗缺口大于30秒；起泵前基线不足180秒,,50.13,0.07000000000000028,,2.059999999999995,0.0,2.0299999999999976,0.6625925925925908,0.07000000000000028,25.916666666666668,False,0.23585621113301986,0.1,60.0,0.6574074074074074,33.0,0.0,True,2.3999999999999986,597,1,True,supplementary,C1,0.9139229000798036,False,仅供复核_不作正式训练标签
51cc46fa9d192d,泸208H2,4,2,whole_stage,5,泸208H2|4-5,泸208H2|4|2,E:\压裂窜扰项目\02 规范化\泸208H2\泸208H2 邻井压力监测\泸208H2-4-2段压裂施工-5井压力监测.xlsx,4-2-5,无表头_文件名井号,e3b19bb95b103dec3c6ac99d55978d289516a090d19057df2e35d01c199d2bf0,E:\压裂窜扰项目\02 规范化\泸208H2\泸208H2 压裂施工曲线\泸208H2-4-2 压裂施工曲线（秒点）.xlsx,Log Data,named_stage_clock_only,0,36202.0,44035.0,130.55,1.0,0,73,0,1.0,2.0,31.59,initial_window_proxy,22.0,21.0,0.1556715173999991,,supplementary,起泵前基线不足180秒,0.24450009999999978,31.620001,0.33750000000000213,5.4375000000000036,5.6100010000000005,-0.5100000000000016,5.5574990000000035,0.9109000313736757,0.3600009999999969,84.0,False,0.6434316353887399,0.4670145521999973,15.0,0.11096790823559737,40.416666666666664,3.6666666666666665,True,6.6974979999999995,1531,1,True,supplementary,C2,1.8203862603940648,False,仅供复核_不作正式训练标签
52140f07574758,泸208H2,6,3,whole_stage,7,泸208H2|6-7,泸208H2|6|3,E:\压裂窜扰项目\02 规范化\泸208H2\泸208H2 邻井压力监测\泸208H2-6-3段压裂施工-7井压力监测.xlsx,6-3-7,无表头_文件名井号,85b4347a8bb2986cc62ea26f0d74dc0562f4eecf53dec57b61abe13deec91315,E:\压裂窜扰项目\02 规范化\泸208H2\泸208H2 压裂施工曲线\泸208H2-6-3 压裂施工曲线（秒点）.xlsx,Log Data,named_stage_clock_only,0,29458.0,36829.0,122.85,1.0,0,0,0,0.9915886582553249,62.0,52.9394,initial_window_proxy,0.0,0.0,0.015567300000000589,,supplementary,施工窗缺口大于30秒；起泵前基线不足180秒,,,0.073599999999999,7.537800000000004,7.569400000000002,-0.021000000000000796,7.569400000000002,3.775823197427829,0.1576999999999984,15.45,False,0.12576312576312576,0.1,15.0,0.7741141058968395,89.83333333333333,49.666666666666664,True,7.706000000000003,1581,1,True,supplementary,C2,0.8016702096287636,False,仅供复核_不作正式训练标签
52a53e623f7585,泸203H76,3,13,whole_stage,2,泸203H76|2-3,泸203H76|3|13,E:\压裂窜扰项目\02 规范化\泸203H76\泸203H76 邻井压力监测\泸203H76平台-3井-13段压裂施工-1、2、4井秒点压力监测.xls,Sheet1,2井井口压力,799053ba8c4de04d202150b590919c8585a53c2ba20d1ed3fad138abbc6f08e5,E:\压裂窜扰项目\02 规范化\泸203H76\泸203H76 压裂施工曲线\泸203H76-3-13 压裂施工曲线（秒点）.xls,Sheet1,named_stage_clock_only,-1679356800,25898.0,30352.0,74.23333333333333,1.0,0,0,0,1.0,1.0,56.5902,initial_window_proxy,38.0,37.0,0.015567300000000589,,supplementary,起泵前基线不足180秒,0.04200000000000159,56.5902,0.06300000000000239,0.15749999999999886,0.16799999999999926,-0.11560000000000059,0.15749999999999886,-0.026419398293671396,0.04200000000000159,68.16666666666667,False,0.9182757072294567,0.1,15.0,0.8825774584643018,0.0,0.0,True,0.26249999999999574,836,1,True,supplementary,C1,0.06518245907742781,False,仅供复核_不作正式训练标签
533780003f36f1,阳101H34,4,14,whole_stage,3,阳101H34|3-4,阳101H34|4|14,E:\压裂窜扰项目\02 规范化\阳101H34\阳101H34 邻井压力监测\阳101H34-4-14段压裂施工-3井秒点压力监测.xls,导出数据,3#3井套压(MPa),6b2f83ad2d70b876a8426f474538d9211b32e05dc59111064bd88dcd5ea2b740,E:\压裂窜扰项目\02 规范化\阳101H34\阳101H34 压裂施工曲线\阳101H34-4-14 压裂施工曲线.xls,秒点数据,named_stage_clock_only,-1749600000,35168.0,52268.0,285.0,1.0,0,0,0,0.9899415204678362,172.0,43.8899993896484,initial_window_proxy,0.0,0.0,0.009727752685578479,,supplementary,施工窗缺口大于30秒；起泵前基线不足180秒,,,0.04593658447269888,9.4696884155274,9.509063720703196,-0.006561279296803946,9.509063720703196,4.882514007375495,0.13781356811529832,28.866666666666667,False,0.10128654970760234,0.1,15.0,0.28113185255198486,214.75,159.16666666666666,False,,2201,1,True,supplementary,C2,2.1141254886992926,False,仅供复核_不作正式训练标签
53a5f96832b93d,阳101H35,1,3,whole_stage,2,阳101H35|1-2,阳101H35|1|3,E:\压裂窜扰项目\02 规范化\阳101H35\阳101H35 邻井压力监测\阳101H35平台压窜记录(4.19-4.25)_邻井压力数据_1井第3段施工2井压力分点数据(2)2024.4.21.xls,text,2#套压(MPa),a607155d7b1ef008bad9cb4d77a65508f99629ede15692bfd48633564a8fc578,E:\压裂窜扰项目\02 规范化\阳101H35\阳101H35 压裂施工曲线\阳101H35-1-3 压裂施工曲线（秒点）.xlsx,Log Data,named_stage_clock_only,-1713657600,49621.0,54339.0,78.63333333333334,60.0,0,0,0,0.9792284866468842,60.0,21.9624996185303,pre_pump_10min,10.0,540.0,0.013898809433020269,0.003257612748586551,supplementary,原始采样间隔大于30秒；施工窗缺口大于30秒,0.03187503814697834,21.9812507629395,0.1375007629394034,,2.1375007629394034,0.0062503814697016935,2.0750007629394034,0.4570215770176319,0.1375007629394034,30.983333333333334,False,0.394022891055532,0.1,60.0,0.12987012987012986,13.0,0.0,True,4.196875572204551,2344,1,True,supplementary,C1,0.7233767267107958,False,仅供复核_不作正式训练标签
53c1040762f12e,阳101H51,1,18,whole_stage,2,阳101H51|1-2,阳101H51|1|18,E:\压裂窜扰项目\02 规范化\阳101H51\阳101H51 邻井压力监测\阳101H51-1-18段压裂施工-2、3井秒点压力监测.xlsx,阳101H51-1井18段压裂施工期间2井、3井压力秒点数据（,2井套压,41aa1618375fbe91496bdddfb8c268c83c667407718b1437b096536a538647bd,E:\压裂窜扰项目\02 规范化\阳101H51\阳101H51 压裂施工曲线\阳101H51-1-18 压裂施工曲线（秒点）.xlsx,秒点数据,absolute,0,1780384190.0,1780390696.0,108.43333333333334,1.0,0,0,0,1.0,1.0,51.42,initial_window_proxy,51.0,50.0,0.01482599999999705,,supplementary,起泵前基线不足180秒,0.00999999999999801,51.43,0.020000000000003126,0.769999999999996,0.769999999999996,-0.030000000000001137,0.769999999999996,0.28959268367660423,0.020000000000003126,35.666666666666664,False,0.328927144174608,0.1,15.0,0.6632339379034737,0.0,0.0,True,0.8599999999999994,2370,1,True,supplementary,C1,0.3751876112881538,False,仅供复核_不作正式训练标签
53feb218dcb99a,泸208H2,5,4,whole_stage,3,泸208H2|3-5,泸208H2|5|4,E:\压裂窜扰项目\02 规范化\泸208H2\泸208H2 邻井压力监测\泸208H2-5-4段压裂施工-3井压力监测.xlsx,5-4-3,无表头_文件名井号,73732a835847ac76b35d3e79986ab8dd5fa7334e498c7ac26682ef0e8718537e,E:\压裂窜扰项目\02 规范化\泸208H2\泸208H2 压裂施工曲线\泸208H2-5-4 压裂施工曲线（秒点）.xlsx,Log Data,named_stage_clock_only,0,44688.0,52919.0,137.18333333333334,1.0,0,19,0,0.9985420969505527,12.0,43.627499,initial_window_proxy,0.0,0.0,0.2779875,,supplementary,起泵前基线不足180秒,,,0.5550009999999972,2.580001000000003,2.7974999999999994,-0.19500000000000028,2.4075009999999963,1.4050058492821509,0.4799989999999994,36.95,False,0.26934758838537237,0.8339624999999999,15.0,0.07521638424966476,87.5,0.0,True,2.640003,1559,1,True,supplementary,C1,1.591978201851358,True,仅供复核_不作正式训练标签
5428f007157119,泸208H2,9,11,whole_stage,10,泸208H2|10-9,泸208H2|9|11,E:\压裂窜扰项目\02 规范化\泸208H2\泸208H2 邻井压力监测\泸208H2-9-11段压裂施工-10井压力监测.xlsx,9-11-10,无表头_文件名井号,cf9c59a885109b65d27ecb7d931c499c927306b15812d10195d0df91538fef7a,E:\压裂窜扰项目\02 规范化\泸208H2\泸208H2 压裂施工曲线\泸208H2-9-11 压裂施工曲线（秒点）.xlsx,秒点数据,named_stage_clock_only,1722211200,1722234614.0,1722244989.0,172.91666666666666,1.0,0,0,0,1.0,1.0,47.1622,initial_window_proxy,14.0,13.0,0.031134600000001178,,supplementary,起泵前基线不足180秒,0.017850000000002808,47.1517,0.15760000000000218,2.4269000000000034,2.4584000000000046,-0.052599999999998204,2.447900000000004,0.6032393734939769,0.11560000000000059,59.0,False,0.34120481927710844,0.1,15.0,0.7267469879518073,39.666666666666664,0.0,True,2.9207000000000036,1733,1,True,supplementary,C1,0.892061811144873,False,仅供复核_不作正式训练标签
5477eed2362bdd,泸206H8,4,3,whole_stage,7,泸206H8|4-7,泸206H8|4|3,E:\压裂窜扰项目\02 规范化\泸206H8\泸206H8 邻井压力监测\泸206H8-4-3段压裂施工-1、2、3、5、6、7、8井秒点压力监测.xls,导出数据,7井套压(MPa),6f3036940dd00a407538fc5aa09bf6946034b27a92d868583d320eb1e7827bc1,E:\压裂窜扰项目\02 规范化\泸206H8\泸206H8 压裂施工曲线\泸206H8-4-3 压裂施工曲线.xlsx,秒点数据,absolute,0,1752131340.0,1752140667.0,155.45,1.0,0,0,0,1.0,33.0,36.42,pre_pump_10min,539.0,539.0,0.0296519999999941,-0.007932346192624173,supplementary,施工窗缺口大于30秒,0.060000000000002274,36.4,0.05000000000000426,0.0899999999999963,0.10000000000000142,-0.21999999999999886,-0.03999999999999915,-0.03570815910796822,0.03999999999999915,,True,1.0,0.1,15.0,0.38755670771224887,0.0,0.0,False,,1134,1,True,supplementary,C1,0.08789979714410508,False,仅供复核_不作正式训练标签
548c93651b120b,泸203H64,3,11,whole_stage,1,泸203H64|1-3,泸203H64|3|11,E:\压裂窜扰项目\02 规范化\泸203H64\泸203H64 邻井压力监测\泸203H64-3-11段压裂施工-1、2、4、5井秒点压力监测.xls,导出数据,1#套压(MPa),a52c48f2ed8bce935483e488af9ef4d24ccfdc0672ad93650422bd416714515f,E:\压裂窜扰项目\02 规范化\泸203H64\泸203H64 压裂施工曲线\泸203H64-3-11 压裂施工曲线.csv,text,named_stage_clock_only,-1672272000,27540.0,36454.0,148.56666666666666,1.0,0,0,0,0.9932690150325331,60.0,57.442,initial_window_proxy,0.0,0.0,0.020756400000004296,,supplementary,施工窗缺口大于30秒；起泵前基线不足180秒,,,0.059000000000004604,0.49799999999999756,0.5180000000000007,-0.32200000000000273,0.5050000000000026,-0.07545058730517291,0.09799999999999898,123.08333333333333,False,0.828472066412385,0.1,15.0,0.293831902394939,0.0,0.0,False,,365,1,True,supplementary,C1,0.2058782938770499,False,仅供复核_不作正式训练标签
549c2ab1b336b6,泸203H76,4,10,whole_stage,3,泸203H76|3-4,泸203H76|4|10,E:\压裂窜扰项目\02 规范化\泸203H76\泸203H76 邻井压力监测\泸203H76平台-4井-10段压裂施工-1、2、3井秒点压力监测.xls,历史数据,3井,dd248fba6b9a6de68dfa0ca75c6818e69a178e8183e128898553716087ab61ef,E:\压裂窜扰项目\02 规范化\泸203H76\泸203H76 压裂施工曲线\泸203H76-4-10 压裂施工曲线（秒点）.xls,Sheet1,named_stage_clock_only,-1678838400,29093.0,48400.0,321.78333333333336,1.0,0,0,0,1.0,1.0,52.8098,initial_window_proxy,113.0,112.0,0.0,,supplementary,起泵前基线不足180秒,0.021000000000000796,52.8203,0.08399999999999608,4.5259,4.5259,-0.021000000000000796,2.2682,2.9184347542342137,0.07350000000000279,16.0,False,0.04972289843062101,0.1,15.0,0.8997254881649143,268.0,0.0,True,2.0371999999999986,899,1,True,supplementary,C2,1.6988896327757688,False,仅供复核_不作正式训练标签
54af6bea97fa1a,阳101H51,2,2,whole_stage,1,阳101H51|1-2,阳101H51|2|2,E:\压裂窜扰项目\02 规范化\阳101H51\阳101H51 邻井压力监测\阳101H51-2-2段压裂施工-1、3井秒点压力监测.xlsx,阳101H51-2井压裂施工期间、1井、3井压力秒点数据,1井井口套压,5e5fb7ed80358cad284aee440600289340923bbaaf92c78b92c12f88e9d35a9f,E:\压裂窜扰项目\02 规范化\阳101H51\阳101H51 压裂施工曲线\阳101H51-2-2 压裂施工曲线（分点）.xlsx,分点数据,absolute,0,1777106870.0,1777120310.0,224.0,1.0,0,0,0,1.0,1.0,51.01,initial_window_proxy,50.0,49.0,0.0,,supplementary,起泵前基线不足180秒,0.020000000000003126,51.02,0.020000000000003126,7.560000000000002,7.580000000000005,0.0,7.580000000000005,4.029617559523811,0.09000000000000341,14.5,False,0.06473214285714286,0.1,15.0,0.6508928571428572,176.0,113.25,False,,2412,1,True,supplementary,C2,1.1342180184167148,False,仅供复核_不作正式训练标签
54ba683dec5dbc,阳101H51,3,14,whole_stage,4,阳101H51|3-4,阳101H51|3|14,E:\压裂窜扰项目\02 规范化\阳101H51\阳101H51 邻井压力监测\阳101H51-3-14段压裂施工-2、4、5、6井套压压力监测.xlsx,阳101H51-3井14段压裂施工期间2井、4井、5井、6井,4井套压,af1a0083fe3bf2f8e49c1cd21fc1f6c0e543544248c1eed17db94acaeaa4f358,E:\压裂窜扰项目\02 规范化\阳101H51\阳101H51 压裂施工曲线\阳101H51-3-14 压裂施工曲线（秒点）.xlsx,秒点数据,absolute,0,1783843455.0,1783864057.0,343.3666666666667,1.0,0,0,0,1.0,1.0,43.81,initial_window_proxy,75.0,74.0,0.0,,supplementary,起泵前基线不足180秒,0.00999999999999801,43.82,0.030000000000001137,16.14,16.14,0.0,16.119999999999997,10.374484273371516,0.21000000000000085,11.5,False,0.03349189399087467,0.1,15.0,0.5920299000097078,307.6666666666667,271.3333333333333,True,16.849999999999994,2439,1,True,supplementary,C2,7.9915827764924146,True,仅供复核_不作正式训练标签
555023f61d8457,泸203H64,3,6,whole_stage,5,泸203H64|3-5,泸203H64|3|6,E:\压裂窜扰项目\02 规范化\泸203H64\泸203H64 邻井压力监测\泸203H64-3-6段压裂施工-1、2、4、5井秒点压力监测.xls,导出数据,5#套压(MPa),a8def4b474f9762c6340c031a8a698140b9d4b2778e3d764b559a5cb88b29ef4,E:\压裂窜扰项目\02 规范化\泸203H64\泸203H64 压裂施工曲线\泸203H64-3-6 压裂施工曲线.csv,text,named_stage_clock_only,-1671840000,60198.0,68518.0,138.66666666666666,1.0,0,0,0,1.0,1.0,50.042,initial_window_proxy,78.0,77.0,0.019273799999997218,,supplementary,起泵前基线不足180秒,0.03609999999999758,50.035,0.04800000000000182,0.08200000000000074,0.12999999999999545,-0.21800000000000352,0.054999999999999716,-0.09156664663461718,0.08200000000000074,,True,1.0,0.1,15.0,0.24795673076923078,0.0,0.0,False,,401,1,True,supplementary,C1,0.11505615415594514,False,仅供复核_不作正式训练标签
5564848bdf3890,泸206H8,5,13,whole_stage,2,泸206H8|2-5,泸206H8|5|13,E:\压裂窜扰项目\02 规范化\泸206H8\泸206H8 邻井压力监测\泸206H8-5-13段压裂施工-1、2、3、4、6、7、8井秒点压力监测.xls,导出数据,2井套压1(MPa),8eed401cc8eb07424614f7c38ee4602158d415e7dcbed67f1e59aea61aeebba9,E:\压裂窜扰项目\02 规范化\泸206H8\泸206H8 压裂施工曲线\泸206H8-5-13 压裂施工曲线.xlsx,秒点数据,absolute,0,1752999621.0,1753009431.0,163.5,1.0,0,0,0,1.0,1.0,47.04,initial_window_proxy,141.0,140.0,0.01482599999999705,,supplementary,起泵前基线不足180秒,0.01999999999999602,47.04,0.04000000000000625,0.00999999999999801,0.00999999999999801,-0.10000000000000142,-0.0899999999999963,-0.05468399592252692,0.020000000000003126,,True,1.0,0.1,15.0,0.391131498470948,0.0,0.0,False,,1220,1,True,supplementary,C1,0.06501616565570764,False,仅供复核_不作正式训练标签
55739a7430e103,泸203H64,4,6,whole_stage,1,泸203H64|1-4,泸203H64|4|6,E:\压裂窜扰项目\02 规范化\泸203H64\泸203H64 邻井压力监测\泸203H64-4-6段压裂施工-1、2、3、5井秒点压力监测.xls,导出数据,1#套压(MPa),b51fd0efb22e73417720f4d424669acbe6936fae1c45f4d6cc28fba285c6b5d3,E:\压裂窜扰项目\02 规范化\泸203H64\泸203H64 压裂施工曲线\泸203H64-4-6 压裂施工曲线.csv,text,named_stage_clock_only,-1671321600,26567.0,33620.0,117.55,1.0,0,0,0,1.0,1.0,47.499,initial_window_proxy,167.0,166.0,0.010378199999996882,,supplementary,起泵前基线不足180秒,0.1110000000000042,47.493,0.045999999999999375,0.08599999999999852,0.09199999999999875,-0.045999999999999375,-0.026000000000003354,0.0149123777116096,0.1180000000000021,,True,1.0,0.1,15.0,0.32666950233943004,0.0,0.0,False,,460,1,True,supplementary,C1,0.021766053322244485,False,仅供复核_不作正式训练标签
559c9b7424a0e3,泸208H2,9,12,whole_stage,8,泸208H2|8-9,泸208H2|9|12,E:\压裂窜扰项目\02 规范化\泸208H2\泸208H2 邻井压力监测\泸208H2-9-12段压裂施工-8井压力监测.xlsx,9-12-8,无表头_文件名井号,0bde5a292e87166768ad5e0a0eef8556a743954ab7ec9fca5fa38d704f3011d4,E:\压裂窜扰项目\02 规范化\泸208H2\泸208H2 压裂施工曲线\泸208H2-9-12 压裂施工曲线（秒点）.xlsx,秒点数据,named_stage_clock_only,1725494400,1725548677.0,1725557154.0,141.28333333333333,1.0,0,0,0,0.9972867759820692,23.0,53.136,initial_window_proxy,0.0,0.0,0.015567300000000589,,supplementary,起泵前基线不足180秒,,,0.13629999999999853,6.564299999999996,6.5852,-0.031500000000001194,6.5852,2.682624532765552,0.13629999999999853,20.383333333333333,False,0.14427273799693288,0.1,15.0,0.7241542465105275,94.5,29.75,True,6.983699999999999,1737,1,True,supplementary,C2,0.046244163636025466,False,仅供复核_不作正式训练标签
56784584a5c490,阳101H51,2,14,whole_stage,3,阳101H51|2-3,阳101H51|2|14,E:\压裂窜扰项目\02 规范化\阳101H51\阳101H51 邻井压力监测\阳101H51-2-14段压裂施工-1、3、4井秒点压力监测.xlsx,阳101H51-2井14段压裂施工期间1井、3井、4井压力秒点,3井套压,3f847d1f1ac092ef2ab7bc58879b946baecb97fc12f4f9b9746fe24f5146894b,E:\压裂窜扰项目\02 规范化\阳101H51\阳101H51 压裂施工曲线\阳101H51-2-14 压裂施工曲线（秒点）.xlsx,秒点数据,absolute,0,1781786921.0,1781802054.0,252.21666666666667,1.0,0,0,0,1.0,1.0,51.73,initial_window_proxy,42.0,41.0,0.0296519999999941,,supplementary,起泵前基线不足180秒,0.010000000000005116,51.73,0.07000000000000028,9.770000000000003,9.780000000000001,-0.01999999999999602,9.780000000000001,7.219084120795616,0.259999999999998,3.25,False,0.0128857463820789,0.1,15.0,0.6476574373884887,239.5,211.16666666666666,True,9.910000000000004,2396,1,True,supplementary,C2,4.526479935219407,False,仅供复核_不作正式训练标签
56ce7b48e23e94,泸203H76,1,18,whole_stage,4,泸203H76|1-4,泸203H76|1|18,E:\压裂窜扰项目\02 规范化\泸203H76\泸203H76 邻井压力监测\泸203H76平台-1井-18段压裂施工-2、3、4井秒点压力监测.xls,Sheet1,4井井口压力,55e27ea7d5983685f0eedf3035a4ec97846516132746d9979c8bacb458f20028,E:\压裂窜扰项目\02 规范化\泸203H76\泸203H76 压裂施工曲线\泸203H76-1-18 压裂施工曲线（秒点）.xlsx,Sheet1,named_stage_clock_only,-1679529600,43113.0,49936.0,113.71666666666667,1.0,0,0,0,1.0,1.0,56.9157,initial_window_proxy,33.0,32.0,0.031134600000001178,,supplementary,起泵前基线不足180秒,0.04200000000000159,56.9052,1.0501000000000005,0.021000000000000796,0.05250000000000199,-1.0711000000000013,-1.0711000000000013,-0.456319390297524,0.24159999999999826,,True,1.0,0.1,15.0,0.7334017294445259,0.0,0.0,True,-1.1236000000000033,682,1,True,supplementary,C1,0.5448125931932113,False,仅供复核_不作正式训练标签
5794ec282de9f5,泸203H10,2,4,whole_stage,1,泸203H10|1-2,泸203H10|2|4,E:\压裂窜扰项目\02 规范化\泸203H10\泸203H10 邻井压力监测\泸203H10-2-4段压裂施工-1井套压压力监测.xls,Sheet1,1井井口套压(MPa),912d512164787cfaa9619bdcfbd5ae651df013c06922bee532b3f0a60f11c0ed,E:\压裂窜扰项目\02 规范化\泸203H10\泸203H10 压裂施工曲线\泸203H10-2-4 压裂施工曲线-2.xlsx,LogData(s),named_stage_clock_only,-1716163200,43195.0,49403.0,103.46666666666667,60.0,0,0,0,0.9954896907216495,60.0,31.455,initial_window_proxy,0.0,0.0,0.007413000000001158,,supplementary,原始采样间隔大于30秒；施工窗缺口大于30秒；起泵前基线不足180秒,,,6.519999999999996,,12.535000000000004,-0.2049999999999983,12.420000000000002,2.0227184466019437,6.519999999999996,65.08333333333333,False,0.62902706185567,0.1,60.0,0.3592233009708738,20.0,20.0,False,,293,1,True,supplementary,C2,2.465592153101173,False,仅供复核_不作正式训练标签
57fb0819feead4,阳101H34,4,16,whole_stage,3,阳101H34|3-4,阳101H34|4|16,E:\压裂窜扰项目\02 规范化\阳101H34\阳101H34 邻井压力监测\阳101H34-4-16段压裂施工-3井秒点压力监测.xls,导出数据,3#3井套压(MPa),2ff28d9aecba8de57ef3053cc5008bdf0dd9b62ff90e2d2791cce89a30d21c2f,E:\压裂窜扰项目\02 规范化\阳101H34\阳101H34 压裂施工曲线\阳101H34-4-16 压裂施工曲线.xls,秒点数据,named_stage_clock_only,-1749772800,27792.0,40958.0,219.43333333333334,1.0,0,0,0,0.9963542457845966,48.0,48.9759368896484,initial_window_proxy,0.0,0.0,0.00972775268544153,,supplementary,施工窗缺口大于30秒；起泵前基线不足180秒,,,0.04593658447259941,2.113124847412095,2.1328125,-0.04593658447259941,2.126251220703196,0.6078235574168104,0.04593658447270599,69.96666666666667,False,0.318851587422148,0.1,15.0,0.2729836865375819,55.083333333333336,0.0,False,,2204,1,True,supplementary,C1,0.8568939005235989,False,仅供复核_不作正式训练标签
581dd6733b524e,泸208H2,6,15,whole_stage,7,泸208H2|6-7,泸208H2|6|15,E:\压裂窜扰项目\02 规范化\泸208H2\泸208H2 邻井压力监测\泸208H2-6-15段压裂施工-7井压力监测.xlsx,6-15-7,无表头_文件名井号,4eb6c2416c21e8b2d03effc826dd64d36bac71fdc5be05f80115fc266bae38dc,E:\压裂窜扰项目\02 规范化\泸208H2\泸208H2 压裂施工曲线\泸208H2-6-15 压裂施工曲线（秒点）.xlsx,Log Data,named_stage_clock_only,0,21590.0,28993.0,123.38333333333334,1.0,0,8,0,0.9986491962717817,10.0,55.1997,initial_window_proxy,0.0,0.0,0.015567300000000589,,supplementary,起泵前基线不足180秒,,,0.346899999999998,2.407499999999999,2.4284999999999997,-0.021000000000000796,2.1762000000000015,1.4358898857026914,0.1681999999999988,10.083333333333334,False,0.08172362555720654,0.1,15.0,0.7481722177091795,87.5,0.0,True,2.365400000000001,1578,1,True,supplementary,C1,1.6361999753473964,True,仅供复核_不作正式训练标签
587581c268b264,阳101H51,4,2,whole_stage,3,阳101H51|3-4,阳101H51|4|2,E:\压裂窜扰项目\02 规范化\阳101H51\阳101H51 邻井压力监测\阳101H51-4-2段压裂施工-2、3井秒点压力监测.xlsx,阳101H51平台4井2段压裂期间2井、3井压力秒点数据（20,3井套压,9c813f6d0ae45114c2cd760642daacfa415a8cd9d64b63ab8d29c55b28e43d16,E:\压裂窜扰项目\02 规范化\阳101H51\阳101H51 压裂施工曲线\阳101H51-4-2 压裂施工曲线（秒点）.xlsx,秒点数据,absolute,0,1780062593.0,1780071494.0,148.35,1.0,0,0,0,0.9984271430176385,14.0,52.16,initial_window_proxy,54.0,53.0,0.01482599999999705,,supplementary,起泵前基线不足180秒,0.00999999999999801,52.18,0.05000000000000426,6.3700000000000045,6.380000000000003,-0.12999999999999545,6.3700000000000045,1.394377742770342,0.1600000000000037,56.083333333333336,False,0.3780474104033255,0.1,15.0,0.6627658377405199,57.666666666666664,12.583333333333334,False,,2466,1,True,supplementary,C2,1.27997273689863,False,仅供复核_不作正式训练标签
58d872e359d91d,泸203H9,4,5,whole_stage,1,泸203H9|1-4,泸203H9|4|5,E:\压裂窜扰项目\02 规范化\泸203H9\泸203H9 邻井压力监测\泸203H9-4井第五段压裂施工邻井压力数据.xls,导出数据,1#套压(MPa),758c5b97696fb13e6b476e9ebbadf237ab5ea8ecbe89f6c7abd1aff32ff36e61,E:\压裂窜扰项目\02 规范化\泸203H9\泸203H9 压裂施工曲线\泸203H9-4-5 压裂施工曲线-2.xlsx,LogData(s),named_stage_clock_only,-1690675200,29352.0,35916.0,109.4,1.0,0,0,0,1.0,2.0,26.4731254577637,initial_window_proxy,72.0,71.0,0.009727752685436263,,supplementary,起泵前基线不足180秒,0.0131244659423011,26.4731254577637,0.045938491821200245,0.03281211853019883,0.04593658447259941,-0.006563186645500707,0.039375305175799014,0.017608044570265623,0.019687652587901283,,True,1.0,0.1,15.0,0.2667987200975164,0.0,0.0,False,,993,1,True,supplementary,C1,0.018057766531570416,False,仅供复核_不作正式训练标签
58de22a8cb220d,阳101H51,3,3,whole_stage,2,阳101H51|2-3,阳101H51|3|3,E:\压裂窜扰项目\02 规范化\阳101H51\阳101H51 邻井压力监测\阳101H51-3-3段压裂施工-1、2井秒点压力监测.xlsx,阳101H51-3井3段压裂施工期间1井、2井压力秒点数据,2井套压,d47db55f797808001024aa7f6ddab5e6529b9884964ad847900606d9fd733076,E:\压裂窜扰项目\02 规范化\阳101H51\阳101H51 压裂施工曲线\阳101H51-3-3 压裂施工曲线（秒点）.xlsx,秒点数据,absolute,0,1777557743.0,1777571774.0,233.85,1.0,0,0,0,0.9990022093934858,14.0,58.42,initial_window_proxy,23.0,22.0,0.014826000000007585,,supplementary,起泵前基线不足180秒,0.018000000000000682,58.45,0.020000000000003126,2.8200000000000003,2.8200000000000003,-0.020000000000003126,2.8200000000000003,1.5247824070771188,0.0799999999999983,20.666666666666668,False,0.08837573943411019,0.1,15.0,0.6449311550260398,86.75,0.0,False,,2449,1,True,supplementary,C1,1.7664610316868143,True,仅供复核_不作正式训练标签
59373b96aa1710,泸203H76,1,13,whole_stage,2,泸203H76|1-2,泸203H76|1|13,E:\压裂窜扰项目\02 规范化\泸203H76\泸203H76 邻井压力监测\泸203H76平台-1井-13段压裂施工-2、3、4井秒点压力监测.xls,历史数据,2井井口压力,26c11f055f179ff02734f304b8503de3771d6e982240c34c190064b72b8ebf47,E:\压裂窜扰项目\02 规范化\泸203H76\泸203H76 压裂施工曲线\泸203H76-1-13 压裂施工曲线（秒点）.xls,Sheet1,named_stage_clock_only,-1679011200,39705.0,47644.0,132.31666666666666,1.0,0,0,0,1.0,1.0,54.4269,initial_window_proxy,45.0,44.0,0.015567299999990054,,supplementary,起泵前基线不足180秒,0.01680000000000348,54.4059,0.04200000000000159,0.8085999999999984,0.8190999999999988,-0.021000000000000796,0.798099999999998,0.47995969895452495,0.04200000000000159,15.5,False,0.11714321702985263,0.1,15.0,0.8964605113994206,0.0,0.0,True,0.7875999999999976,667,1,True,supplementary,C1,0.536621207801554,False,仅供复核_不作正式训练标签
594871100dca38,阳101H34,2,4,whole_stage,4,阳101H34|2-4,阳101H34|2|4,E:\压裂窜扰项目\02 规范化\阳101H34\阳101H34 邻井压力监测\阳101H34-2-4段压裂施工-4井秒点压力监测.xlsx,导出数据,4#4井套压1(MPa),ffa17f078991aad4db0527023507ac5c930aada7a7f544d8aadfc9ad30b25f66,E:\压裂窜扰项目\02 规范化\阳101H34\阳101H34 压裂施工曲线\阳101H34-2-4 压裂施工曲线.xls,秒点数据,named_stage_clock_only,-1743984000,25328.0,39847.0,241.98333333333332,1.0,0,0,0,0.9964184861216338,52.0,42.9383964538574,initial_window_proxy,0.0,0.0,0.009733408355797167,,supplementary,施工窗缺口大于30秒；起泵前基线不足180秒,,,0.03941345214850145,1.8195419311524006,1.8261146545410014,-0.0656929016112997,1.8261146545410014,0.459986034289702,0.03941345214850145,90.61666666666666,False,0.3744748260899511,0.1,15.0,0.294739752540264,43.5,0.0,False,,2151,1,True,supplementary,C1,0.6929290592923573,False,仅供复核_不作正式训练标签
596e7c59c25be9,泸203H153,5,10,whole_stage,6,泸203H153|5-6,泸203H153|5|10,E:\压裂窜扰项目\02 规范化\泸203H153\泸203H153 邻井压力监测\泸203H153-5-10段压裂施工-6井套压压力监测.xls,导出数据,6井套压(MPa),5704b3fba9b802536e43f878178c4e1ac1e9018c10ff9137b6f05aba0e0df1b8,E:\压裂窜扰项目\02 规范化\泸203H153\泸203H153 压裂施工曲线\泸203H153-5-10 压裂施工曲线-2.xls,分点数据,absolute,0,1713372708.0,1713387032.0,238.73333333333332,1.0,0,0,0,0.9977659871544261,32.0,53.14,initial_window_proxy,108.0,107.0,0.01482599999999705,,supplementary,施工窗缺口大于30秒；起泵前基线不足180秒,0.01999999999999602,53.14,0.05000000000000426,5.659999999999997,5.670000000000002,-0.020000000000003126,5.659999999999997,2.8779568989644546,0.09000000000000341,26.916666666666668,False,0.11274783580005586,0.1,15.0,0.3787433529247131,177.75,23.75,False,,328,1,True,supplementary,C2,0.5167273363086834,False,仅供复核_不作正式训练标签
5a09f4a2ffec04,泸206H8,4,19,whole_stage,7,泸206H8|4-7,泸206H8|4|19,E:\压裂窜扰项目\02 规范化\泸206H8\泸206H8 邻井压力监测\泸206H8-4-19段压裂施工-1、2、3、5、6、7、8井秒点压力监测.xls,导出数据,7井套压(MPa),fa9c0bb798c396e5b88ccc97c0ae3c0545cd6a3ce39eee8d5acd04f8402e1630,E:\压裂窜扰项目\02 规范化\泸206H8\泸206H8 压裂施工曲线\泸206H8-4-19 压裂施工曲线.xlsx,秒点数据,absolute,0,1753861090.0,1753876681.0,259.85,1.0,0,0,0,1.0,32.0,31.19,pre_pump_10min,190.0,189.0,0.01482599999999705,-0.003678305711913098,supplementary,施工窗缺口大于30秒,0.019999999999999574,31.19,0.0400000000000027,0.03999999999999915,0.03999999999999915,-0.11000000000000298,-0.11000000000000298,-0.005752998524790839,0.019999999999999574,,True,1.0,0.1,15.0,0.4527513499614297,0.0,0.0,False,,1057,1,True,supplementary,C1,0.03665280376854229,False,仅供复核_不作正式训练标签
5a80d56d39b29a,阳101H51,1,4,whole_stage,2,阳101H51|1-2,阳101H51|1|4,E:\压裂窜扰项目\02 规范化\阳101H51\阳101H51 邻井压力监测\阳101H51-1-4段压裂施工-2、3井秒点压力监测.xlsx,阳101H51-1井压力施工期间2井、3井压力秒点数据,2井口套压1,0b776f1d2922799a1fb6a6698019b4dc67d8c0ac131c56f6f5ffdc92d4c81fdd,E:\压裂窜扰项目\02 规范化\阳101H51\阳101H51 压裂施工曲线\阳101H51-1-4 压裂施工曲线（秒点）.xlsx,秒点数据,absolute,0,1777016896.0,1777033549.0,277.55,1.0,0,0,0,0.9970575872215216,49.0,49.95,initial_window_proxy,21.0,20.0,0.0,,supplementary,施工窗缺口大于30秒；起泵前基线不足180秒,0.00999999999999801,49.95,0.020000000000003126,8.449999999999996,8.459999999999994,-0.010000000000005116,8.459999999999994,5.054173090821487,0.0800000000000054,6.166666666666667,False,0.022218218939530417,0.1,15.0,0.6729703685858829,247.66666666666666,135.83333333333334,False,,2377,1,True,supplementary,C2,2.0745370055348085,False,仅供复核_不作正式训练标签
5ac5b5a1247ae5,阳101H51,4,2,whole_stage,2,阳101H51|2-4,阳101H51|4|2,E:\压裂窜扰项目\02 规范化\阳101H51\阳101H51 邻井压力监测\阳101H51-4-2段压裂施工-2、3井秒点压力监测.xlsx,阳101H51平台4井2段压裂期间2井、3井压力秒点数据（20,2井套压,9c813f6d0ae45114c2cd760642daacfa415a8cd9d64b63ab8d29c55b28e43d16,E:\压裂窜扰项目\02 规范化\阳101H51\阳101H51 压裂施工曲线\阳101H51-4-2 压裂施工曲线（秒点）.xlsx,秒点数据,absolute,0,1780062593.0,1780071494.0,148.35,1.0,0,0,0,0.9984271430176385,14.0,50.64,initial_window_proxy,54.0,53.0,0.0,,supplementary,起泵前基线不足180秒,0.00999999999999801,50.64,0.020000000000003126,0.8900000000000006,0.9099999999999966,-0.11999999999999744,0.8999999999999986,0.0955209857094628,0.03999999999999915,101.66666666666667,False,0.6853162566003821,0.1,15.0,0.6781816135928885,0.0,0.0,False,,2465,1,True,supplementary,C1,0.2715311899389684,False,仅供复核_不作正式训练标签
5adb609d598eb0,阳101H34,3,8,whole_stage,4,阳101H34|3-4,阳101H34|3|8,E:\压裂窜扰项目\02 规范化\阳101H34\阳101H34 邻井压力监测\阳101H34-3-8段压裂施工-4井秒点压力监测.xls,导出数据,4#4井套压1(MPa),6a1b7c930a277a62673bb308e896ad0d0825c8e095a5f7f48545096e039578ce,E:\压裂窜扰项目\02 规范化\阳101H34\阳101H34 压裂施工曲线\阳101H34-3-8 压裂施工曲线.xls,秒点数据,named_stage_clock_only,-1745712000,25043.0,39155.0,235.2,1.0,0,0,0,1.0,1.0,45.8784370422363,initial_window_proxy,143.0,142.0,0.009727752685430994,,supplementary,起泵前基线不足180秒,0.02624893188469457,45.8849983215332,0.07875061035159803,2.8087501525878977,2.841564178466797,-0.01968765258789773,2.7431259155274006,1.2603175007567402,0.09843444824220171,50.25,False,0.2136479591836735,0.1,15.0,0.30477607709750565,128.16666666666666,0.0,False,,2195,1,True,supplementary,C1,1.6047091880241107,True,仅供复核_不作正式训练标签
5b4c2f29f0eaa0,泸203H76,4,11,whole_stage,2,泸203H76|2-4,泸203H76|4|11,E:\压裂窜扰项目\02 规范化\泸203H76\泸203H76 邻井压力监测\泸203H76平台-4井-11段压裂施工-1、2、3井秒点压力监测.xls,Sheet1,2井井口压力,b3be1a781aa204aa0a10f08ef4972dce51d13c443ba81c78fc8f24e0f7b2bafc,E:\压裂窜扰项目\02 规范化\泸203H76\泸203H76 压裂施工曲线\泸203H76-4-11 压裂施工曲线（秒点）.xlsx,Sheet1,named_stage_clock_only,-1678924800,28716.0,36678.0,132.7,1.0,0,0,0,1.0,1.0,51.2346,initial_window_proxy,156.0,155.0,0.015567300000000589,,supplementary,起泵前基线不足180秒,0.031500000000001194,51.2346,0.05250000000000199,2.1736999999999966,2.205199999999998,-0.07350000000000279,2.184199999999997,0.9573403918613409,0.073599999999999,45.416666666666664,False,0.3422506907812108,0.1,15.0,0.8963828183873399,63.0,0.0,True,2.415300000000002,904,1,True,supplementary,C1,1.2962227387679481,False,仅供复核_不作正式训练标签
5b94f14ea915ac,泸203H76,1,9,whole_stage,2,泸203H76|1-2,泸203H76|1|9,E:\压裂窜扰项目\02 规范化\泸203H76\泸203H76 邻井压力监测\泸203H76平台-1井-9段压裂施工-2、3、4井压力监测-2.xls,Sheet1,2井井口压力,29cd722726b11fc000a4cface0af85a10f6cb8e01a0737657338a85ce4a34bd5,E:\压裂窜扰项目\02 规范化\泸203H76\泸203H76 压裂施工曲线\泸203H76-1-9 压裂施工曲线（秒点）.xlsx,Sheet1,named_stage_clock_only,0,43555.0,53337.0,163.03333333333333,60.0,0,0,0,0.993661827847066,60.0,57.0627,initial_window_proxy,1.0,0.0,0.0077836500000002945,,supplementary,原始采样间隔大于30秒；施工窗缺口大于30秒；起泵前基线不足180秒,,57.0627,0.04200000000000159,,2.341700000000003,-0.010500000000000398,2.336450000000003,1.2086293209876546,0.04200000000000159,6.083333333333333,False,0.03731343283582089,0.1,60.0,0.2037037037037037,106.0,0.0,True,2.5623000000000005,735,1,True,supplementary,C1,1.3366874594689064,False,仅供复核_不作正式训练标签
5ba7c3a9a44528,泸203H9,3,6,whole_stage,1,泸203H9|1-3,泸203H9|3|6,E:\压裂窜扰项目\02 规范化\泸203H9\泸203H9 邻井压力监测\泸203H9-3井第6段压裂期间邻井压力监测数据(1).xls,导出数据,1#套压(MPa),8428654c28218f8aa88f04513daae53abbcc401e0c5b5e21ad8b6cc7bf3d8a5c,E:\压裂窜扰项目\02 规范化\泸203H9\泸203H9 压裂施工曲线\泸203H9-3-6 压裂施工曲线-2.xlsx,LogData(s),named_stage_clock_only,-1690675200,55090.0,62094.0,116.73333333333333,1.0,0,0,0,0.9842946887492862,110.0,26.3746871948242,initial_window_proxy,0.0,0.0,0.009730580520619347,,supplementary,施工窗缺口大于30秒；起泵前基线不足180秒,,,0.039375305175802566,0.006563186645500707,0.013124465942400576,-0.09187507629390268,-0.09187507629390268,-0.04375217920251461,0.01312637329110089,,True,1.0,0.1,15.0,0.2719756309834639,0.0,0.0,False,,982,1,True,supplementary,C1,0.05525252636963521,False,仅供复核_不作正式训练标签
5bd667a85e30c6,泸203H76,2,12,whole_stage,4,泸203H76|2-4,泸203H76|2|12,E:\压裂窜扰项目\02 规范化\泸203H76\泸203H76 邻井压力监测\泸203H76平台-2井-12段压裂施工-1、3、4井秒点压力监测.xlsx,Sheet1,4井井口压力,2d4b3c36b19ef21eb6eaa9a6327d3d58fa83936a93d4a8b20d9e4bccc9d6d5e2,E:\压裂窜扰项目\02 规范化\泸203H76\泸203H76 压裂施工曲线\泸203H76-2-12 压裂施工曲线（秒点）.xlsx,Sheet1,named_stage_clock_only,-1678752000,39819.0,51333.0,191.9,1.0,0,0,0,1.0,1.0,54.6055,initial_window_proxy,159.0,158.0,0.12453840000000471,,supplementary,起泵前基线不足180秒,0.21000000000000085,54.453149999999994,0.5671000000000035,1.9007000000000005,1.9532000000000025,-0.11560000000000059,1.4176000000000002,1.4843067092235551,0.4200000000000017,5.083333333333333,False,0.026489491054368593,0.37361520000001414,15.0,0.7014069828035435,180.0,0.0,True,1.3965999999999994,754,1,True,supplementary,C1,1.5120623634414487,True,仅供复核_不作正式训练标签
5bdf72e074408f,阳101H34,2,16,whole_stage,3,阳101H34|2-3,阳101H34|2|16,E:\压裂窜扰项目\02 规范化\阳101H34\阳101H34 邻井压力监测\阳101H34-2-16段压裂施工-3井秒点压力监测.xls,导出数据,3#3井套压(MPa),a589617a248af04b61eeebb2bd2310e7db6cbcd886d8ab8397a1d34818213245,E:\压裂窜扰项目\02 规范化\阳101H34\阳101H34 压裂施工曲线\阳101H34-2-16 压裂施工曲线.xls,秒点数据,named_stage_clock_only,-1747267200,24438.0,32164.0,128.76666666666668,1.0,0,0,0,0.9790318405384416,162.0,57.6974983215332,initial_window_proxy,0.0,0.0,0.009727752685589012,,supplementary,施工窗缺口大于30秒；起泵前基线不足180秒,,,0.039375305175802566,3.8981285095214986,3.911251068115199,-0.006561279296903422,3.904689788818395,1.4827921676736602,0.11156463623049717,21.45,False,0.16658037794460262,0.1,15.0,0.27454353003440063,65.16666666666667,0.0,False,,2136,1,True,supplementary,C2,1.4480638741455425,False,仅供复核_不作正式训练标签
5bef36191ed39c,阳101H34,2,10,whole_stage,3,阳101H34|2-3,阳101H34|2|10,E:\压裂窜扰项目\02 规范化\阳101H34\阳101H34 邻井压力监测\阳101H34-2-10段压裂施工-3井秒点压力监测.xls,导出数据,3#3井套压(MPa),dafa50fa0ce6e226514a00fb0b7e242d59395a7553da52cf9b2c3cd07c64a00d,E:\压裂窜扰项目\02 规范化\阳101H34\阳101H34 压裂施工曲线\阳101H34-2-10 压裂施工曲线.xls,秒点数据,named_stage_clock_only,-1746144000,24477.0,34489.0,166.86666666666667,1.0,0,0,0,1.0,1.0,56.7721862792969,initial_window_proxy,177.0,176.0,0.058377827453634346,,supplementary,起泵前基线不足180秒,0.013122558593799738,56.7262496948242,0.03937530517579546,3.747188568115199,3.747188568115199,-0.0590629577637003,3.4059371948241974,2.4352949356203752,0.09187698364259944,5.166666666666667,False,0.030962844586496206,0.17513348236090304,15.0,0.27227327207351176,131.08333333333334,0.0,False,,2130,1,True,supplementary,C2,1.30472240953872,False,仅供复核_不作正式训练标签
5bf3483f9317b6,泸203H76,3,18,whole_stage,1,泸203H76|1-3,泸203H76|3|18,E:\压裂窜扰项目\02 规范化\泸203H76\泸203H76 邻井压力监测\泸203H76平台-3井-18段压裂施工-1、2、4井秒点压力监测.xls,Sheet1,1井井口压力,7b8dd75d2b1a51aedd3b2ff199f31901a2349f93d81b8c62e1524de8fecfa0b0,E:\压裂窜扰项目\02 规范化\泸203H76\泸203H76 压裂施工曲线\泸203H76-3-18 压裂施工曲线（秒点）.xlsx,Sheet1,named_stage_clock_only,-1679961600,37808.0,43926.0,101.96666666666667,1.0,0,0,0,1.0,1.0,56.9472,initial_window_proxy,68.0,67.0,0.07783650000000294,,supplementary,起泵前基线不足180秒,0.06615000000000038,56.9157,0.430499999999995,1.3125999999999962,1.3650999999999982,-0.04200000000000159,1.3230999999999966,0.7043782200065358,0.30449999999999733,2.25,False,0.02206603465184701,0.23350950000000883,15.0,0.6732592350441321,12.5,0.0,True,1.3230999999999966,859,1,True,supplementary,C1,0.7524703570817393,False,仅供复核_不作正式训练标签
5bfa2dad3b13c2,泸203H11,6,17,whole_stage,7,泸203H11|6-7,泸203H11|6|17,E:\压裂窜扰项目\02 规范化\泸203H11\泸203H11 邻井压力监测\泸203H11-6-17段压裂施工-5、7井秒点压力监测.xls,Sheet1,7井套压,5c1a2c98a07a3eeb3fde58992a860cb5bf26e3a0283dffb5d4fbf012c7f0f07e,E:\压裂窜扰项目\02 规范化\泸203H11\泸203H11 压裂施工曲线\泸203H11-6-17 压裂施工曲线.xlsx,LogData(s),named_stage_clock_only,-1747785600,26788.0,38699.0,198.51666666666668,1.0,0,0,0,1.0,1.0,48.33,initial_window_proxy,88.0,87.0,0.014826000000007585,,supplementary,起泵前基线不足180秒,0.05299999999999727,48.34,0.6499999999999986,8.54,8.579999999999998,-0.030000000000001137,8.560000000000002,3.6130807656787867,1.4899999999999949,29.5,False,0.1486021324825791,0.1,15.0,0.2836033918226849,138.5,55.833333333333336,False,,320,1,True,supplementary,C2,0.7771330725864837,False,仅供复核_不作正式训练标签
5c22c21afc6695,泸208H2,10,20,whole_stage,9,泸208H2|10-9,泸208H2|10|20,E:\压裂窜扰项目\02 规范化\泸208H2\泸208H2 邻井压力监测\泸208H2-10-20段压裂施工-9井压力监测.xlsx,10-20-9,无表头_文件名井号,d4a2fa1537e8a9e5fda41df75f15adf8cb906aac626728ededdf29392dbcf97e,E:\压裂窜扰项目\02 规范化\泸208H2\泸208H2 压裂施工曲线\泸208H2-10-20 压裂施工曲线（秒点）.xlsx,秒点数据,named_stage_clock_only,1726963200,1727007726.0,1727015004.0,121.3,1.0,0,0,0,0.9760923330585326,174.0,54.1404,initial_window_proxy,0.0,0.0,0.015567300000000589,,supplementary,施工窗缺口大于30秒；起泵前基线不足180秒,,,0.11549999999999727,5.418599999999998,5.439599999999999,-0.031500000000001194,5.439599999999999,2.291948571227478,0.126100000000001,16.316666666666666,False,0.1345149766419346,0.1,15.0,0.7345157657657657,80.66666666666667,8.166666666666666,True,5.891100000000002,1439,1,True,supplementary,C2,0.5170799060246062,False,仅供复核_不作正式训练标签
5c249051b675bb,泸208H2,5,12,whole_stage,3,泸208H2|3-5,泸208H2|5|12,E:\压裂窜扰项目\02 规范化\泸208H2\泸208H2 邻井压力监测\泸208H2-5-12段压裂施工-3井压力监测.xlsx,5-12-3,无表头_文件名井号,19865ef85512f3d58fc1d3aa3199cd9a63fe713f2c2d233864dd5c1222847728,E:\压裂窜扰项目\02 规范化\泸208H2\泸208H2 压裂施工曲线\泸208H2-5-12 压裂施工曲线（秒点）.xlsx,Log Data,named_stage_clock_only,0,37045.0,46816.0,162.85,1.0,0,10,0,1.0,2.0,60.1875,initial_window_proxy,85.0,84.0,0.022237517400004583,,supplementary,起泵前基线不足180秒,0.03749899999999684,60.202499,0.07500099999999321,2.9399990000000003,2.9550020000000004,-0.06000099999999975,2.947498000000003,0.8839904039248799,0.0825010000000006,42.166666666666664,False,0.2589294852113397,0.1,15.0,0.19184676841134898,48.5,0.0,True,3.134998000000003,1551,1,True,supplementary,C1,1.261449302360511,False,仅供复核_不作正式训练标签
5c5b9d7e6b39b2,阳101H51,1,13,whole_stage,3,阳101H51|1-3,阳101H51|1|13,E:\压裂窜扰项目\02 规范化\阳101H51\阳101H51 邻井压力监测\阳101H51-1-13段压裂施工-2、3井秒点压力监测.xlsx,阳101H51-1井13段压裂期间2井、3井秒点数据,3井套压,b352e2848d186f3179f4e4d64a627c7dddbba5b2fe1dfde75e1f51e0308b885f,E:\压裂窜扰项目\02 规范化\阳101H51\阳101H51 压裂施工曲线\阳101H51-1-13 压裂施工曲线（秒点）.xlsx,秒点数据,absolute,0,1778743861.0,1778752181.0,138.66666666666666,1.0,0,0,0,1.0,1.0,55.31,initial_window_proxy,61.0,60.0,0.0,,supplementary,起泵前基线不足180秒,0.0,55.32,0.020000000000003126,1.3099999999999952,1.3200000000000003,0.0,1.3200000000000003,0.5008683894230749,0.030000000000001137,30.25,False,0.21814903846153846,0.1,15.0,0.7614182692307693,24.083333333333332,0.0,True,1.4399999999999977,2365,1,True,supplementary,C1,0.6370749143811805,False,仅供复核_不作正式训练标签
5d2e6dbeedd4da,阳101H51,4,4,whole_stage,3,阳101H51|3-4,阳101H51|4|4,E:\压裂窜扰项目\02 规范化\阳101H51\阳101H51 邻井压力监测\阳101H51-4-4段压裂施工-2、3井秒点压力监测.xlsx,阳101H51-4井4段压裂施工期间2井、3井压力秒点数据（2,3井套压,3abbfb3b76c8d5dc1c73fc3984b66c47a6da916ebf60533b48ff360a41149d38,E:\压裂窜扰项目\02 规范化\阳101H51\阳101H51 压裂施工曲线\阳101H51-4-4 压裂施工曲线（秒点）.xlsx,秒点数据,absolute,0,1780470414.0,1780477302.0,114.8,1.0,0,0,0,0.9905632984901278,65.0,50.73,initial_window_proxy,0.0,0.0,0.0,,supplementary,施工窗缺口大于30秒；起泵前基线不足180秒,,,0.020000000000003126,1.5100000000000051,1.5300000000000011,-0.00999999999999801,1.5300000000000011,0.47193023596658656,0.04000000000000625,31.75,False,0.2765679442508711,0.1,15.0,0.7049684889344863,17.583333333333332,0.0,True,1.9200000000000017,2468,1,True,supplementary,C1,0.6295474492179812,False,仅供复核_不作正式训练标签
5d596f9a6adc64,泸208H2,4,12,whole_stage,5,泸208H2|4-5,泸208H2|4|12,E:\压裂窜扰项目\02 规范化\泸208H2\泸208H2 邻井压力监测\泸208H2-4-12段压裂施工-5井压力监测.xlsx,4-12-5,无表头_文件名井号,2f35d2e79d7868dfd7d24c028fc39e2d34df002da7dfd35574368bc07aee531e,E:\压裂窜扰项目\02 规范化\泸208H2\泸208H2 压裂施工曲线\泸208H2-4-12 压裂施工曲线（秒点）.xlsx,Log Data,named_stage_clock_only,0,37947.0,43564.0,93.61666666666666,1.0,0,7,0,0.9834431191027239,93.0,58.732498,initial_window_proxy,0.0,0.0,0.11119648260000047,,supplementary,施工窗缺口大于30秒；起泵前基线不足180秒,,,0.24000099999999946,4.755001,4.830002,-0.1049989999999994,4.702503,2.7127254909485883,0.24000200000000405,8.966666666666667,False,0.09578066583585544,0.3335894478000014,15.0,0.08354476259514317,74.66666666666667,0.0,True,4.950001,1526,1,True,supplementary,C2,0.709138655881179,False,仅供复核_不作正式训练标签
5d73f4481fc786,阳101H34,2,10,whole_stage,1,阳101H34|1-2,阳101H34|2|10,E:\压裂窜扰项目\02 规范化\阳101H34\阳101H34 邻井压力监测\阳101H34-2-10段压裂施工-1井秒点压力监测.xls,导出数据,1#1井套压(MPa),d2b93a71feba97425699f343ee70ccd337105d4c07f8eb45aa1343001b2fb20d,E:\压裂窜扰项目\02 规范化\阳101H34\阳101H34 压裂施工曲线\阳101H34-2-10 压裂施工曲线.xls,秒点数据,named_stage_clock_only,-1746144000,24477.0,34489.0,166.86666666666667,1.0,0,0,0,1.0,1.0,56.9350357055664,initial_window_proxy,177.0,176.0,0.00973906402586837,,supplementary,起泵前基线不足180秒,0.022325134277274117,56.928466796875,0.09849548339840197,2.1734313964844034,2.193126678466804,-0.013134002685497137,2.1734313964844034,1.0433727000362691,0.07223129272460227,16.583333333333332,False,0.09938074310827007,0.1,15.0,0.1767878545745106,83.25,0.0,False,,2129,1,True,supplementary,C1,1.2557423534900847,False,仅供复核_不作正式训练标签
5da9db048fc185,泸203H76,1,5,whole_stage,2,泸203H76|1-2,泸203H76|1|5,E:\压裂窜扰项目\02 规范化\泸203H76\泸203H76 邻井压力监测\泸203H76平台-1井-5段压裂施工-2、3、4井秒点压力监测.xls,历史数据,2井井口压力,b89bb7db25c89df13e3a9a297257960c9b4dfed2e0cce137543543af5679d330,E:\压裂窜扰项目\02 规范化\泸203H76\泸203H76 压裂施工曲线\泸203H76-1-5 压裂施工曲线（秒点）.xlsx,Sheet1,named_stage_clock_only,-1677542400,44829.0,53333.0,141.73333333333332,1.0,0,0,0,1.0,1.0,49.628,initial_window_proxy,69.0,68.0,0.015567300000000589,,supplementary,起泵前基线不足180秒,0.023099999999999454,49.6175,0.052499999999994884,2.1946999999999974,2.2156999999999982,-0.021000000000000796,2.2156999999999982,0.3855559619002823,0.09449999999999648,72.08333333333333,False,0.5085841956726247,0.1,15.0,0.8928739416745061,22.666666666666668,0.0,True,2.6251999999999995,722,1,True,supplementary,C1,0.6931853953308084,False,仅供复核_不作正式训练标签
5e7b5810b53621,泸203H11,2,10,whole_stage,3,泸203H11|2-3,泸203H11|2|10,E:\压裂窜扰项目\02 规范化\泸203H11\泸203H11 邻井压力监测\泸203H11-2-10段压裂施工-3井套压压力监测.xls,Sheet1,3井套压,399398130941e51781ded210cd8e1ae3038c9aaf832adca994e59d8d6a7906aa,E:\压裂窜扰项目\02 规范化\泸203H11\泸203H11 压裂施工曲线\泸203H11-2-10 压裂施工曲线-2.xlsx,数据(秒),named_stage_clock_only,-1717891200,34560.0,47068.0,208.46666666666667,1.0,0,0,0,1.0,1.0,49.71,initial_window_proxy,60.0,59.0,0.01482599999999705,,supplementary,起泵前基线不足180秒,0.03999999999999915,49.72,0.35999999999999943,6.530000000000001,6.57,-0.00999999999999801,6.57,2.9803225935401336,0.11999999999999744,20.583333333333332,False,0.09873680844259673,0.1,15.0,0.48520946594179726,155.33333333333334,23.5,False,,307,1,True,supplementary,C2,0.5153223254303464,False,仅供复核_不作正式训练标签
5ef46524c85d43,泸203H64,3,14,whole_stage,1,泸203H64|1-3,泸203H64|3|14,E:\压裂窜扰项目\02 规范化\泸203H64\泸203H64 邻井压力监测\泸203H64-3-14段压裂施工-1、2、4、5井秒点压力监测.xls,导出数据,1#套压(MPa),ba3a2328c307079893468629e70866896a1db0a37330bc46c94b4561705fede0,E:\压裂窜扰项目\02 规范化\泸203H64\泸203H64 压裂施工曲线\泸203H64-3-14 压裂施工曲线.csv,text,named_stage_clock_only,-1672358400,48138.0,59712.0,192.9,1.0,0,0,0,1.0,4.0,63.768,initial_window_proxy,138.0,137.0,0.029652000000004633,,supplementary,起泵前基线不足180秒,0.059000000000004604,63.781,0.15700000000000358,0.02599999999999625,0.03900000000000148,-0.8010000000000019,-0.37400000000000233,-0.43822226542249954,0.16499999999999915,,True,1.0,0.1,15.0,0.13337367101737402,0.0,0.0,False,,379,1,True,supplementary,C1,0.4708192582680675,False,仅供复核_不作正式训练标签
5f91d7b356f321,泸203H66,1,8,whole_stage,3,泸203H66|1-3,泸203H66|1|8,E:\压裂窜扰项目\02 规范化\泸203H66\泸203H66 邻井压力监测\泸203H66平台-1井-8段压裂施工-3、4井秒点压力监测.xls,历史数据,3井井口压力,48100948f7361e0466679fc08b22663a286ca96e0dd88b6c3e4f53a009c0974d,E:\压裂窜扰项目\02 规范化\泸203H66\泸203H66 压裂施工曲线\泸203H66-1-8 压裂施工曲线.xlsx,LogData(s),named_stage_clock_only,-1678579200,37230.0,46777.0,159.11666666666667,1.0,0,0,0,1.0,1.0,54.6265,initial_window_proxy,30.0,29.0,0.015567300000000589,,supplementary,起泵前基线不足180秒,0.010500000000000398,54.6055,0.04200000000000159,5.134999999999998,5.145499999999998,-0.010500000000000398,5.145499999999998,2.963335613281659,0.08399999999999608,7.416666666666667,False,0.046611500995076986,0.1,15.0,0.9071959777940715,127.33333333333333,6.333333333333333,True,5.3870000000000005,582,1,True,supplementary,C2,0.6016430345743259,False,仅供复核_不作正式训练标签
5fd45d740965db,泸203H64,3,6,whole_stage,2,泸203H64|2-3,泸203H64|3|6,E:\压裂窜扰项目\02 规范化\泸203H64\泸203H64 邻井压力监测\泸203H64-3-6段压裂施工-1、2、4、5井秒点压力监测.xls,导出数据,2#套压(MPa),a8def4b474f9762c6340c031a8a698140b9d4b2778e3d764b559a5cb88b29ef4,E:\压裂窜扰项目\02 规范化\泸203H64\泸203H64 压裂施工曲线\泸203H64-3-6 压裂施工曲线.csv,text,named_stage_clock_only,-1671840000,60198.0,68518.0,138.66666666666666,1.0,0,0,0,1.0,1.0,50.95,initial_window_proxy,78.0,77.0,0.0296519999999941,,supplementary,起泵前基线不足180秒,0.08500000000000085,50.96,0.0519999999999996,0.01999999999999602,0.03999999999999915,-1.142000000000003,-1.1219999999999999,-0.49547175480769534,0.09199999999999875,,True,1.0,0.1,15.0,0.32596153846153847,0.0,0.0,False,,400,1,True,supplementary,C1,0.6028664898765872,False,仅供复核_不作正式训练标签
601795edc64b51,泸208H1,3,3,whole_stage,4,泸208H1|3-4,泸208H1|3|3,E:\压裂窜扰项目\02 规范化\泸208H1\泸208H1 邻井压力监测\泸208H1-3-3段压裂施工-4井压力监测.xlsx,3-3-4,无表头_文件名井号,e3faed30ecdf08ec97f2c9e44c21da56b5460f5fe4b46b3702c238a170a31195,E:\压裂窜扰项目\02 规范化\泸208H1\泸208H1 压裂施工曲线\泸208H1-3-3 压裂施工曲线（秒点）.xls,导出数据,named_stage_clock_only,0,28232.0,34923.0,111.51666666666667,1.0,0,0,0,1.0,1.0,46.35,initial_window_proxy,32.0,31.0,0.0,,supplementary,起泵前基线不足180秒,0.0,46.38,0.04000000000000625,4.949999999999996,4.990000000000002,-0.07000000000000028,4.990000000000002,1.450173367209684,0.14000000000000057,35.583333333333336,False,0.3190853385144224,0.1,15.0,0.8928411298759528,48.0,0.0,True,5.490000000000002,1341,1,True,supplementary,C2,1.2309945782956526,False,仅供复核_不作正式训练标签
6068880f53b0ba,泸203H64,4,6,whole_stage,3,泸203H64|3-4,泸203H64|4|6,E:\压裂窜扰项目\02 规范化\泸203H64\泸203H64 邻井压力监测\泸203H64-4-6段压裂施工-1、2、3、5井秒点压力监测.xls,导出数据,3#套压(MPa),b51fd0efb22e73417720f4d424669acbe6936fae1c45f4d6cc28fba285c6b5d3,E:\压裂窜扰项目\02 规范化\泸203H64\泸203H64 压裂施工曲线\泸203H64-4-6 压裂施工曲线.csv,text,named_stage_clock_only,-1671321600,26567.0,33620.0,117.55,1.0,0,0,0,1.0,1.0,38.568,initial_window_proxy,167.0,166.0,0.019273799999997218,,supplementary,起泵前基线不足180秒,0.0589999999999975,38.568,0.08500000000000085,21.564,21.577000000000005,-0.045999999999999375,21.564,11.922262370622434,0.4589999999999961,6.166666666666667,False,0.0524599461222175,0.1,15.0,0.15454416560328937,99.66666666666667,79.83333333333333,False,,458,1,True,supplementary,C2,10.709275960432182,True,仅供复核_不作正式训练标签
60a3a36ed2ebbf,泸203H64,3,6,whole_stage,1,泸203H64|1-3,泸203H64|3|6,E:\压裂窜扰项目\02 规范化\泸203H64\泸203H64 邻井压力监测\泸203H64-3-6段压裂施工-1、2、4、5井秒点压力监测.xls,导出数据,1#套压(MPa),a8def4b474f9762c6340c031a8a698140b9d4b2778e3d764b559a5cb88b29ef4,E:\压裂窜扰项目\02 规范化\泸203H64\泸203H64 压裂施工曲线\泸203H64-3-6 压裂施工曲线.csv,text,named_stage_clock_only,-1671840000,60198.0,68518.0,138.66666666666666,1.0,0,0,0,1.0,1.0,52.94,initial_window_proxy,78.0,77.0,0.019273799999997218,,supplementary,起泵前基线不足180秒,0.0659999999999954,52.972,0.045999999999999375,0.026000000000003354,0.045999999999999375,-0.3609999999999971,-0.3089999999999975,-0.214261237980767,0.15800000000000125,,True,1.0,0.1,15.0,0.31658653846153845,0.0,0.0,False,,403,1,True,supplementary,C1,0.2461420307856361,False,仅供复核_不作正式训练标签
60e7661a19a43a,泸206H8,5,14,whole_stage,8,泸206H8|5-8,泸206H8|5|14,E:\压裂窜扰项目\02 规范化\泸206H8\泸206H8 邻井压力监测\泸206H8-5-14段压裂施工-1、2、3、4、6、7、8井秒点压力监测.xls,导出数据,8井套压(MPa),20ba586f5ca3bbef43ea5d15699e9dc3ab2f7369a1d3c8d3575d624399408e5e,E:\压裂窜扰项目\02 规范化\泸206H8\泸206H8 压裂施工曲线\泸206H8-5-14 压裂施工曲线.xlsx,秒点数据,absolute,0,1753082552.0,1753093269.0,178.61666666666667,1.0,0,0,0,1.0,3.0,28.33,initial_window_proxy,152.0,151.0,0.044477999999996416,,supplementary,起泵前基线不足180秒,0.05000000000000071,28.34,0.03999999999999915,0.08000000000000185,0.08000000000000185,-0.10999999999999943,0.020000000000003126,-0.008357282821683415,0.060000000000002274,,True,1.0,0.13343399999998926,15.0,0.42803808101549373,0.0,0.0,False,,1230,1,True,supplementary,C1,0.028063637211701433,False,仅供复核_不作正式训练标签
612f33b6df3cd3,泸206H8,5,12,whole_stage,1,泸206H8|1-5,泸206H8|5|12,E:\压裂窜扰项目\02 规范化\泸206H8\泸206H8 邻井压力监测\泸206H8-5-12段压裂施工-1、2、3、4、6、7、8井秒点压力监测.xls,导出数据,1井套压1(MPa),194b3b273b441eccfdde248bd0715b0baa7cbf0c402566bbc469ec4cf24a3b69,E:\压裂窜扰项目\02 规范化\泸206H8\泸206H8 压裂施工曲线\泸206H8-5-12 压裂施工曲线.xlsx,秒点数据,absolute,0,1752913447.0,1752924040.0,176.55,1.0,0,0,0,0.9962239214575663,40.0,45.84,pre_pump_10min,247.0,246.0,0.01482599999999705,0.0005007374091063813,supplementary,施工窗缺口大于30秒,0.030000000000001137,45.84,0.060000000000002274,0.37999999999999545,0.38999999999999346,-0.010000000000005116,0.37999999999999545,0.23434236709939968,0.030000000000001137,33.916666666666664,False,0.19210799584631358,0.1,15.0,0.3586657822420165,0.0,0.0,False,,1201,1,True,supplementary,C1,0.2525259865300916,False,仅供复核_不作正式训练标签
6142be93068196,泸203H64,3,5,whole_stage,1,泸203H64|1-3,泸203H64|3|5,E:\压裂窜扰项目\02 规范化\泸203H64\泸203H64 邻井压力监测\泸203H64-3-5段压裂施工-1、2、4、5井秒点压力监测.xls,导出数据,1#套压(MPa),de8f2f5e3db9dd7db0e5a080b780cdeae883022cd7834aa60d53ba546a1fa136,E:\压裂窜扰项目\02 规范化\泸203H64\泸203H64 压裂施工曲线\泸203H64-3-5 压裂施工曲线.csv,text,named_stage_clock_only,-1671840000,25091.0,36650.0,192.65,1.0,0,0,0,0.9905701185223635,109.0,53.307,initial_window_proxy,0.0,0.0,0.01927380000000775,,supplementary,施工窗缺口大于30秒；起泵前基线不足180秒,,,0.03999999999999915,0.0659999999999954,0.07199999999999562,-0.23000000000000398,-0.21600000000000108,-0.12312908296943434,0.10500000000000398,,True,1.0,0.1,15.0,0.34439979031976237,0.0,0.0,False,,399,1,True,supplementary,C1,0.1413574400600756,False,仅供复核_不作正式训练标签
61647047189fe0,泸201H5,1,2,whole_stage,4,泸201H5|1-4,泸201H5|1|2,E:\压裂窜扰项目\02 规范化\泸201H5\泸201H5 邻井压力监测\泸201H5-1-2段压裂施工-2、3、4井压力监测.xls,导出数据,4井压力(MPa),bb7117dd3b1940a37137e6241526490452d64333f476a1683db66333dd0d4474,E:\压裂窜扰项目\02 规范化\泸201H5\泸201H5 压裂施工曲线\泸201H5-1-2 压裂施工曲线.xlsx,Log Data,absolute,0,1755514900.0,1755524441.0,159.01666666666668,1.0,0,0,0,1.0,32.0,39.46,pre_pump_10min,600.0,599.0,0.01482599999999705,3.068341856545589e-05,supplementary,施工窗缺口大于30秒,0.030000000000001137,39.46,0.060000000000002274,0.030000000000001137,0.03999999999999915,-0.020000000000003126,0.030000000000001137,-0.0007190022010274821,0.030000000000001137,,True,1.0,0.1,15.0,0.27002118644067796,0.0,0.0,True,0.03999999999999915,47,1,True,supplementary,C1,0.009053966904238089,False,仅供复核_不作正式训练标签
6175e7eb986028,泸203H9,1,11,whole_stage,2,泸203H9|1-2,泸203H9|1|11,E:\压裂窜扰项目\02 规范化\泸203H9\泸203H9 邻井压力监测\泸203H9-1井11段压裂期间2井压力秒点数据.xls,导出数据,2#套压(MPa),938751afc178583b19a0732db31789b5943bd39ad9fc80567f20013f2792375b,E:\压裂窜扰项目\02 规范化\泸203H9\泸203H9 压裂施工曲线\泸203H9-1-11 压裂施工曲线.xlsx,LogData(s),named_stage_clock_only,-1700524800,25010.0,27766.0,45.93333333333333,1.0,0,0,0,1.0,2.0,51.6076736450195,initial_window_proxy,50.0,49.0,0.03895060043340228,,supplementary,起泵前基线不足180秒,0.0328369140625,51.561695098877,0.0394096374512003,2.3513870239257955,2.3907966613769958,-0.045978546142499965,2.3842315673827983,1.0783638275932956,0.09195709228519888,4.25,False,0.09252539912917272,0.11685180130020684,15.0,0.25226860254083483,23.25,0.0,False,,958,1,True,supplementary,C1,1.2758607979350256,False,仅供复核_不作正式训练标签
622e7453e0ba83,泸203H76,1,18,whole_stage,2,泸203H76|1-2,泸203H76|1|18,E:\压裂窜扰项目\02 规范化\泸203H76\泸203H76 邻井压力监测\泸203H76平台-1井-18段压裂施工-2、3、4井秒点压力监测.xls,Sheet1,2井井口压力,55e27ea7d5983685f0eedf3035a4ec97846516132746d9979c8bacb458f20028,E:\压裂窜扰项目\02 规范化\泸203H76\泸203H76 压裂施工曲线\泸203H76-1-18 压裂施工曲线（秒点）.xlsx,Sheet1,named_stage_clock_only,-1679529600,43113.0,49936.0,113.71666666666667,1.0,0,0,0,1.0,1.0,58.8899,initial_window_proxy,33.0,32.0,0.015567300000000589,,supplementary,起泵前基线不足180秒,0.00840000000000174,58.9004,0.05250000000000199,0.0,0.010500000000000398,-0.3359999999999985,0.010500000000000398,-0.1679084347061381,0.04200000000000159,,True,1.0,0.1,15.0,0.8864136010552542,0.0,0.0,True,0.21000000000000085,680,1,True,supplementary,C1,0.19396811040180303,False,仅供复核_不作正式训练标签
6237be4351866d,泸203H64,5,13,whole_stage,2,泸203H64|2-5,泸203H64|5|13,E:\压裂窜扰项目\02 规范化\泸203H64\泸203H64 邻井压力监测\泸203H64-5-13段压裂施工-1、2、3、4井秒点压力监测.xls,导出数据,2#套压(MPa),ccb7027fc8820c2ad1b4fe260aab38a33afadef1233914b489ac1566790603ab,E:\压裂窜扰项目\02 规范化\泸203H64\泸203H64 压裂施工曲线\泸203H64-5-13 压裂施工曲线.csv,text,named_stage_clock_only,-1670976000,26153.0,33804.0,127.51666666666667,1.0,0,0,0,1.0,1.0,43.355,initial_window_proxy,53.0,52.0,0.01927380000000775,,supplementary,起泵前基线不足180秒,0.029600000000009175,43.355,0.045999999999999375,0.026000000000003354,0.03200000000000358,-0.2889999999999944,-0.1839999999999975,-0.13903855705136245,0.13100000000000023,,True,1.0,0.1,15.0,0.35969154358907335,0.0,0.0,False,,485,1,True,supplementary,C1,0.1635600507334135,False,仅供复核_不作正式训练标签
62d1416d5cd239,泸208H2,9,10,whole_stage,8,泸208H2|8-9,泸208H2|9|10,E:\压裂窜扰项目\02 规范化\泸208H2\泸208H2 邻井压力监测\泸208H2-9-10段压裂施工-8井压力监测.xlsx,9-10-8,无表头_文件名井号,0715c128664f32fe74d35bd3895f7e60530172a6534941d02e9db9d19a00d932,E:\压裂窜扰项目\02 规范化\泸208H2\泸208H2 压裂施工曲线\泸208H2-9-10 压裂施工曲线（秒点）.xlsx,秒点数据,named_stage_clock_only,1722038400,1722063768.0,1722075857.0,201.48333333333332,1.0,0,0,0,1.0,1.0,48.1656,initial_window_proxy,108.0,107.0,0.015567300000000589,,supplementary,起泵前基线不足180秒,0.031500000000001194,48.1551,0.13629999999999853,9.4375,9.479400000000005,-0.031399999999997874,9.468900000000005,3.889590168748451,0.13640000000000185,8.0,False,0.03970551741252378,0.1,15.0,0.7415832575068244,167.08333333333334,64.25,True,9.961800000000004,1732,1,True,supplementary,C2,1.0646240154964024,False,仅供复核_不作正式训练标签
63b48a3688a03e,阳101H35,1,11,whole_stage,2,阳101H35|1-2,阳101H35|1|11,E:\压裂窜扰项目\02 规范化\阳101H35\阳101H35 邻井压力监测\阳101H35平台1井第11段压裂期间邻井秒点数据5.29.xlsx,text,2#套压(MPa),894ee935f1bf3028163c9117453066f087e1c0ed26202fdbd7146078ef8ac9e9,E:\压裂窜扰项目\02 规范化\阳101H35\阳101H35 压裂施工曲线\阳101H35-1-11 压裂施工曲线（秒点）.xlsx,Log Data,named_stage_clock_only,-1716940800,25160.0,37870.0,211.83333333333334,1.0,0,0,0,1.0,1.0,49.6937484741211,initial_window_proxy,80.0,79.0,0.018527975463888256,,supplementary,起泵前基线不足180秒,0.0443756103515085,49.7312507629395,0.07500076293950286,4.84375,4.887500762939396,-0.024997711181597992,4.887500762939396,1.950277154863951,0.13124847412110086,14.75,False,0.06963021243115657,0.1,15.0,0.208654602675059,150.41666666666666,0.0,True,5.493751525878899,2291,1,True,supplementary,C2,1.160037648011088,False,仅供复核_不作正式训练标签
63b61515f68fda,泸208H1,2,15,whole_stage,4,泸208H1|2-4,泸208H1|2|15,E:\压裂窜扰项目\02 规范化\泸208H1\泸208H1 邻井压力监测\泸208H1-2-15段压裂施工-4井压力监测(H2).xlsx,2-15-4(H2),无表头_文件名井号,4d9766ca670260680643b71de4cbedf954e7d7e729ba64513942bc0b9346e8bd,E:\压裂窜扰项目\02 规范化\泸208H1\泸208H1 压裂施工曲线\泸208H1-2-15 压裂施工曲线（秒点）.xls,导出数据,named_stage_clock_only,0,28775.0,40418.0,194.05,1.0,0,0,0,0.9978527870823671,25.0,55.514999,initial_window_proxy,0.0,0.0,0.01111950000000042,,supplementary,起泵前基线不足180秒,,,0.06750100000000003,2.0625,2.0774999999999935,-0.014999000000003093,2.0625,0.9341595431657742,0.05250199999999694,37.25,False,0.19196083483638238,0.1,15.0,0.24169392322258565,96.66666666666667,0.0,False,,1325,1,True,supplementary,C1,1.1536323161261437,False,仅供复核_不作正式训练标签
647e123aa887b8,泸208H2,6,7,whole_stage,8,泸208H2|6-8,泸208H2|6|7,E:\压裂窜扰项目\02 规范化\泸208H2\泸208H2 邻井压力监测\泸208H2-6-7段压裂施工-8井压力监测.xlsx,6-7-8,无表头_文件名井号,e36447ab98077fdd5b4e193f6929918257ae43dd67c6e6a4c4b6e70c8a172af6,E:\压裂窜扰项目\02 规范化\泸208H2\泸208H2 压裂施工曲线\泸208H2-6-7 压裂施工曲线（秒点）.xlsx,Log Data,named_stage_clock_only,0,27759.0,35489.0,128.83333333333334,1.0,0,48,0,0.9817593790426908,141.0,54.2056,initial_window_proxy,0.0,0.0,0.015567300000000589,,supplementary,施工窗缺口大于30秒；起泵前基线不足180秒,,,0.09440000000000026,1.1325000000000003,1.1534000000000049,-0.02099999999999369,1.1325000000000003,0.5541923606535807,0.06299999999999528,16.1,False,0.12496765847347995,0.1,15.0,0.7244397294788489,13.583333333333334,0.0,True,1.1744000000000057,1588,1,True,supplementary,C1,0.625202976603838,False,仅供复核_不作正式训练标签
64ab440a6cb26b,阳101H51,2,4,whole_stage,1,阳101H51|1-2,阳101H51|2|4,E:\压裂窜扰项目\02 规范化\阳101H51\阳101H51 邻井压力监测\阳101H51-2-4段压裂施工-1、3井秒点压力监测.xlsx,阳101H51-2井压力施工期间1井、3井压力秒点数据,1井井口套压,c34cbe2d159629e02e20a4714161073496569abc3f1efde94e5e0148643b47b5,E:\压裂窜扰项目\02 规范化\阳101H51\阳101H51 压裂施工曲线\阳101H51-2-4 压裂施工曲线（秒点）.xlsx,秒点数据,absolute,0,1777386335.0,1777405283.0,315.8,1.0,0,0,0,1.0,1.0,56.61,initial_window_proxy,35.0,34.0,0.01482599999999705,,supplementary,起泵前基线不足180秒,0.010000000000005116,56.63,0.020000000000003126,3.3999999999999986,3.4200000000000017,-0.01999999999999602,3.4100000000000037,1.4109507599746682,0.04000000000000625,20.666666666666668,False,0.06544226303567659,0.1,15.0,0.7077791851382732,248.58333333333334,0.0,False,,2416,1,True,supplementary,C1,1.6132602494690562,True,仅供复核_不作正式训练标签
64d4ba36f1d0fb,泸203H64,5,4,whole_stage,6,泸203H64|5-6,泸203H64|5|4,E:\压裂窜扰项目\02 规范化\泸203H64\泸203H64 邻井压力监测\泸203H64-5-4段压裂施工-1、4、6、7井秒点压力监测.xls,导出数据,6井套压(MPa),514d9526bfc49b60ee14c07e13e18041a421634d19ddc4dfd9da91bbbbe1def4,E:\压裂窜扰项目\02 规范化\泸203H64\泸203H64 压裂施工曲线\泸203H64-5-4 压裂施工曲线（秒点）.csv,text,named_stage_clock_only,-1667606400,46757.0,56045.0,154.8,1.0,0,0,0,0.9953703703703703,43.0,31.9249992370605,initial_window_proxy,0.0,0.0,0.009266815567121946,,supplementary,施工窗缺口大于30秒；起泵前基线不足180秒,,,0.0687503814697017,1.5624999999999964,1.5750007629394993,-0.01874923706050069,1.5750007629394993,0.4493919862548571,0.07187461853030186,50.96666666666667,False,0.3292420327304048,0.1,15.0,0.18204986149584487,25.916666666666668,0.0,False,,503,1,True,supplementary,C1,0.6365455992446486,False,仅供复核_不作正式训练标签
64e75196d5bc1e,阳101H51,1,8,whole_stage,3,阳101H51|1-3,阳101H51|1|8,E:\压裂窜扰项目\02 规范化\阳101H51\阳101H51 邻井压力监测\阳101H51-1-8段压裂施工-2、3井秒点压力监测.xlsx,阳101H51-1井8段压裂施工期间2井、3井压力秒点数据（2,3井套压,b506fb5b2d0be98fe3984f683b978a78fa001d67f3d0d2f62b529227c23be56d,E:\压裂窜扰项目\02 规范化\阳101H51\阳101H51 压裂施工曲线\阳101H51-1-8 压裂施工曲线（秒点）.xlsx,秒点数据,absolute,0,1777791171.0,1777803815.0,210.73333333333332,1.0,0,0,0,0.9897975324264473,129.0,55.33,initial_window_proxy,0.0,0.0,0.0,,supplementary,施工窗缺口大于30秒；起泵前基线不足180秒,,,0.020000000000003126,2.700000000000003,2.710000000000001,0.0,2.710000000000001,1.3735801038753512,0.030000000000001137,22.733333333333334,False,0.10787725403353371,0.1,15.0,0.6628046344386735,126.5,0.0,False,,2386,1,True,supplementary,C1,1.6358847079243586,True,仅供复核_不作正式训练标签
650bcbab2e0dc6,泸203H66,1,17,whole_stage,3,泸203H66|1-3,泸203H66|1|17,E:\压裂窜扰项目\02 规范化\泸203H66\泸203H66 邻井压力监测\泸203H66平台-1井-17段压裂施工-1、2、3、4井秒点压力监测.xls,Sheet1,3井井口压力,ea175d11566e40ee2f56b4908ca0edae55746427165cad11f47493556f232c18,E:\压裂窜扰项目\02 规范化\泸203H66\泸203H66 压裂施工曲线\泸203H66-1-17 压裂施工曲线.xlsx,LogData(s),named_stage_clock_only,-1680566400,28079.0,33341.0,87.7,1.0,0,0,0,1.0,1.0,50.8251,initial_window_proxy,119.0,118.0,0.015567300000000589,,supplementary,起泵前基线不足180秒,0.021000000000000796,50.8356,0.04200000000000159,0.010500000000000398,0.021000000000000796,-0.29399999999999693,-0.29399999999999693,-0.16062585518814068,0.021000000000000796,,True,1.0,0.1,15.0,0.9026985936906119,0.0,0.0,True,-0.3149999999999977,545,1,True,supplementary,C1,0.1873033608132597,False,仅供复核_不作正式训练标签
6555d787dcec5d,泸203H76,4,9,whole_stage,3,泸203H76|3-4,泸203H76|4|9,E:\压裂窜扰项目\02 规范化\泸203H76\泸203H76 邻井压力监测\泸203H76平台-4井-9段压裂施工-1、2、3井分点压力监测.xls,历史数据,3井井口压力,70992ba6c19db4b4e057ccc179f78ae531c193acd4896cdbcddd15873e71a993,E:\压裂窜扰项目\02 规范化\泸203H76\泸203H76 压裂施工曲线\泸203H76-4-9 压裂施工曲线（秒点）.xls,Sheet1,named_stage_clock_only,-1678320000,28052.0,38350.0,171.63333333333333,60.0,0,0,0,0.996309963099631,60.0,50.7936,initial_window_proxy,3.0,120.0,0.10897109999999885,,supplementary,原始采样间隔大于30秒；施工窗缺口大于30秒；起泵前基线不足180秒,,50.7201,0.26259999999999906,,10.375,-0.10499999999999687,10.29625,6.808464912280704,0.26259999999999906,5.466666666666667,False,0.031850844824237716,0.3269132999999965,60.0,0.0,160.0,115.0,True,11.6141,947,1,True,supplementary,C2,4.192506981372037,False,仅供复核_不作正式训练标签
658d0d1eac42d5,泸203H76,4,7,whole_stage,3,泸203H76|3-4,泸203H76|4|7,E:\压裂窜扰项目\02 规范化\泸203H76\泸203H76 邻井压力监测\泸203H76平台-4井-7段压裂施工-1、2、3井压力监测-2.xls,Sheet1,3井井口压力,fadc73940677c0aa7d4f03581ce0b1f9f2b68ed8e973ee0dfb0f9b1f9945adb8,E:\压裂窜扰项目\02 规范化\泸203H76\泸203H76 压裂施工曲线\泸203H76-4-7 压裂施工曲线（秒点）.xlsx,Sheet1,named_stage_clock_only,0,48087.0,56221.0,135.56666666666666,60.0,0,0,0,0.9958200147528891,60.0,52.0957,initial_window_proxy,1.0,0.0,0.0077836500000002945,,supplementary,原始采样间隔大于30秒；施工窗缺口大于30秒；起泵前基线不足180秒,,52.0852,0.36759999999999593,,10.522100000000002,-0.010500000000000398,10.474800000000002,6.74767222222222,0.36759999999999593,18.55,False,0.1368330464716007,0.1,60.0,0.05185185185185185,110.0,96.0,False,,938,1,True,supplementary,C2,4.240010425442569,False,仅供复核_不作正式训练标签
666662dc35673a,泸203H76,4,14,whole_stage,1,泸203H76|1-4,泸203H76|4|14,E:\压裂窜扰项目\02 规范化\泸203H76\泸203H76 邻井压力监测\泸203H76平台-4井-14段压裂施工-1、2、3井分点压力监测-2.xls,Sheet1,1井井口压力,f3c6bd27854200dd2f623452b060d75226d9d90994e6d38a547aa917817530d5,E:\压裂窜扰项目\02 规范化\泸203H76\泸203H76 压裂施工曲线\泸203H76-4-14 压裂施工曲线（秒点）.xlsx,Sheet1,named_stage_clock_only,-1679616000,39191.0,47071.0,131.33333333333334,1.0,0,0,0,1.0,1.0,59.499,initial_window_proxy,71.0,70.0,0.04670190000000177,,supplementary,起泵前基线不足180秒,0.06299999999999528,59.541,0.4514999999999958,0.14699999999999847,0.19950000000000045,-0.7561000000000035,-0.7036000000000016,-0.34105159263959645,0.23100000000000165,,True,1.0,0.1401057000000053,15.0,0.6705583756345178,0.0,0.0,True,-0.8821000000000012,912,1,True,supplementary,C1,0.424446027406007,False,仅供复核_不作正式训练标签
669c439e560873,阳101H51,3,8,whole_stage,1,阳101H51|1-3,阳101H51|3|8,E:\压裂窜扰项目\02 规范化\阳101H51\阳101H51 邻井压力监测\阳101H51-3-8段压裂施工-1、2井秒点压力监测.xlsx,阳101H51-3井第8段压裂施工期间1井、2井压力秒点数据（,1井套压,da955ac0af1d4e881f266dc7744efa77766d2f5ba4d2637fe0cec1fff7f66a21,E:\压裂窜扰项目\02 规范化\阳101H51\阳101H51 压裂施工曲线\阳101H51-3-8 压裂施工曲线（秒点）.xlsx,秒点数据,absolute,0,1779262704.0,1779267921.0,86.95,1.0,0,0,0,0.9959746981023577,21.0,53.76,initial_window_proxy,25.0,24.0,0.0,,supplementary,起泵前基线不足180秒,0.010000000000005116,53.76,0.020000000000003126,0.03999999999999915,0.03999999999999915,-0.01999999999999602,0.03999999999999915,0.003475750577368946,0.010000000000005116,,True,1.0,0.1,15.0,0.6564665127020786,0.0,0.0,False,,2458,1,True,supplementary,C1,0.014095842878282468,False,仅供复核_不作正式训练标签
68479d3a497680,泸203H64,5,8,whole_stage,1,泸203H64|1-5,泸203H64|5|8,E:\压裂窜扰项目\02 规范化\泸203H64\泸203H64 邻井压力监测\泸203H64-5-8段压裂施工-1、2、3、4井秒点压力监测.xls,导出数据,1#套压(MPa),a2a272e9f44ea20c92dca0db0351dc574ca82788ef30032d359406c3d259ddb7,E:\压裂窜扰项目\02 规范化\泸203H64\泸203H64 压裂施工曲线\泸203H64-5-8 压裂施工曲线.csv,text,named_stage_clock_only,-1670716800,58121.0,67657.0,158.93333333333334,1.0,0,0,0,0.996119966442953,37.0,40.307,initial_window_proxy,101.0,100.0,0.01927380000000775,,supplementary,施工窗缺口大于30秒；起泵前基线不足180秒,0.045999999999999375,40.268,0.04000000000000625,0.01999999999999602,0.03899999999999437,-0.6500000000000057,-0.5710000000000051,-0.29930134751026644,0.09899999999999665,,True,1.0,0.1,15.0,0.35403726708074534,0.0,0.0,False,,520,1,True,supplementary,C1,0.36013491138971554,False,仅供复核_不作正式训练标签
695e9721a485a1,泸203H64,5,10,whole_stage,2,泸203H64|2-5,泸203H64|5|10,E:\压裂窜扰项目\02 规范化\泸203H64\泸203H64 邻井压力监测\泸203H64-5-10段压裂施工-1、2、3、4井秒点压力监测.xls,导出数据,2#套压(MPa),917b18242a8bbd2cecc226525576937d329d433e10218fefb1eca4079bd6a2e5,E:\压裂窜扰项目\02 规范化\泸203H64\泸203H64 压裂施工曲线\泸203H64-5-10 压裂施工曲线.csv,text,named_stage_clock_only,-1670803200,55630.0,63897.0,137.78333333333333,1.0,0,0,0,0.9939518567799686,50.0,38.044,initial_window_proxy,0.0,0.0,0.020756399999993763,,supplementary,施工窗缺口大于30秒；起泵前基线不足180秒,,,0.03999999999999915,0.19000000000000483,0.19000000000000483,-0.01999999999999602,0.16400000000000148,0.10855080929780003,0.0589999999999975,27.583333333333332,False,0.200193540583041,0.1,15.0,0.38712425459413413,0.0,0.0,False,,473,1,True,supplementary,C1,0.10812056785911416,False,仅供复核_不作正式训练标签
6972dd008dd76a,泸203H11,2,8,whole_stage,3,泸203H11|2-3,泸203H11|2|8,E:\压裂窜扰项目\02 规范化\泸203H11\泸203H11 邻井压力监测\泸203H11-2-8段压裂施工-3井套压压力监测.xls,Sheet1,3井套压,b680f848a762635933642d0c0c87facb83072b8960f1d92278d5ae420450cf05,E:\压裂窜扰项目\02 规范化\泸203H11\泸203H11 压裂施工曲线\泸203H11-2-8 压裂施工曲线.xlsx,LogData(s),named_stage_clock_only,-1713225600,32216.0,39017.0,113.35,1.0,0,0,0,1.0,1.0,54.55,initial_window_proxy,116.0,115.0,0.11860799999999747,,supplementary,起泵前基线不足180秒,0.04999999999999716,54.43,0.3300000000000054,5.020000000000003,5.020000000000003,-0.11999999999999744,4.960000000000001,3.2248088516394673,0.14000000000000057,4.75,False,0.04190560211733569,0.35582399999999237,15.0,0.39523599470666076,98.58333333333333,5.416666666666667,False,,311,1,True,supplementary,C2,0.8263742709639461,False,仅供复核_不作正式训练标签
6973f368fd5313,泸208H2,1,16,whole_stage,2,泸208H2|1-2,泸208H2|1|16,E:\压裂窜扰项目\02 规范化\泸208H2\泸208H2 邻井压力监测\泸208H2-1-16段压裂施工-2井压力监测.xlsx,1-16-2,无表头_文件名井号,2f21e18f9bb4e4b6c170c5cfa8de380c0bf8f7063c914f0631cda3515d3f422b,E:\压裂窜扰项目\02 规范化\泸208H2\泸208H2 压裂施工曲线\泸208H2-1-16 压裂施工曲线（秒点）.xlsx,Log Data,named_stage_clock_only,0,41031.0,47983.0,115.86666666666666,1.0,0,9,0,1.0,2.0,57.712502,initial_window_proxy,51.0,50.0,0.17791644780000604,,supplementary,起泵前基线不足180秒,0.32999800000000334,57.727501,0.3600009999999969,6.194999000000003,6.314993999999999,-0.11250400000000127,6.194999000000003,4.735555903049482,0.4350019999999972,6.25,False,0.05394131185270426,0.5337493434000181,15.0,0.06330024456912675,108.25,66.33333333333333,True,6.247497000000003,1420,1,True,supplementary,C2,2.0652421515956196,False,仅供复核_不作正式训练标签
6991b9dc76d157,泸203H66,1,18,whole_stage,4,泸203H66|1-4,泸203H66|1|18,E:\压裂窜扰项目\02 规范化\泸203H66\泸203H66 邻井压力监测\泸203H66平台-1井-18段压裂施工-1、2、3、4井秒点压力监测.xls,Sheet1,4井井口压力,21e3b59bc4f5ae2ec49c22e6bd6853ea7ed47d4c4ebd98431b5e0192cd4c3767,E:\压裂窜扰项目\02 规范化\泸203H66\泸203H66 压裂施工曲线\泸203H66-1-18 压裂施工曲线.xlsx,LogData(s),named_stage_clock_only,-1680739200,51263.0,59138.0,131.25,1.0,0,0,0,1.0,1.0,51.3396,initial_window_proxy,83.0,82.0,0.031134599999990645,,supplementary,起泵前基线不足180秒,0.04200000000000159,51.3606,0.09450000000000358,0.010500000000000398,0.021000000000000796,-0.27299999999999613,-0.20999999999999375,-0.17241066666666266,0.07349999999999568,,True,1.0,0.1,15.0,0.714920634920635,0.0,0.0,True,-0.19950000000000045,556,1,True,supplementary,C1,0.19251864526496365,False,仅供复核_不作正式训练标签
699ae22b8dd21c,泸208H2,4,19,whole_stage,3,泸208H2|3-4,泸208H2|4|19,E:\压裂窜扰项目\02 规范化\泸208H2\泸208H2 邻井压力监测\泸208H2-4-19段压裂施工-3井压力监测.xlsx,4-19-3,无表头_文件名井号,a94bc6eb4be00cb3ac3027ebacd8aa0db8171a1dc84aa1a1e52fc4543c7ae529,E:\压裂窜扰项目\02 规范化\泸208H2\泸208H2 压裂施工曲线\泸208H2-4-19 压裂施工曲线（秒点）.xlsx,Log Data,named_stage_clock_only,0,29140.0,36498.0,122.63333333333334,1.0,0,7,0,1.0,2.0,54.240002,initial_window_proxy,100.0,99.0,0.311344517400005,,supplementary,起泵前基线不足180秒,0.548250000000003,54.2999995,0.630001,4.012497000000003,4.132499000000003,-0.32250200000000007,3.8924980000000033,1.0321877386518108,0.4874989999999997,77.16666666666667,False,0.6292470780103289,0.934033552200015,15.0,0.051958650707290534,42.916666666666664,0.0,True,4.552498,1529,1,True,supplementary,C1,1.632899241293683,True,仅供复核_不作正式训练标签
69ad997a564b9e,泸206H8,4,3,whole_stage,5,泸206H8|4-5,泸206H8|4|3,E:\压裂窜扰项目\02 规范化\泸206H8\泸206H8 邻井压力监测\泸206H8-4-3段压裂施工-1、2、3、5、6、7、8井秒点压力监测.xls,导出数据,5井套压(MPa),6f3036940dd00a407538fc5aa09bf6946034b27a92d868583d320eb1e7827bc1,E:\压裂窜扰项目\02 规范化\泸206H8\泸206H8 压裂施工曲线\泸206H8-4-3 压裂施工曲线.xlsx,秒点数据,absolute,0,1752131340.0,1752140667.0,155.45,1.0,0,0,0,1.0,33.0,59.38,pre_pump_10min,539.0,539.0,0.01482599999999705,-0.0009190065351470564,supplementary,施工窗缺口大于30秒,0.030000000000001137,59.36,0.05000000000000426,0.02999999999999403,0.03999999999999915,-0.05000000000000426,0.03999999999999915,-0.023134448375685082,0.02999999999999403,,True,1.0,0.1,15.0,0.40092912705272254,0.0,0.0,False,,1132,1,True,supplementary,C1,0.02831718755367381,False,仅供复核_不作正式训练标签
6a29263e34cc93,阳101H51,1,21,whole_stage,2,阳101H51|1-2,阳101H51|1|21,E:\压裂窜扰项目\02 规范化\阳101H51\阳101H51 邻井压力监测\阳101H51-1-21段压裂施工-2井秒点压力监测.xlsx,阳101H51-1井21段压裂期间2井压力秒点数据（2026.,2井套压,60dcf4c7431376ce547fb17a46ebb7121bf69f5f1596b78f5d9ca1f904354258,E:\压裂窜扰项目\02 规范化\阳101H51\阳101H51 压裂施工曲线\阳101H51-1-21 压裂施工曲线（秒点）.xlsx,秒点数据,absolute,0,1783752922.0,1783769674.0,279.2,1.0,0,0,0,0.9979703915950334,34.0,41.65,pre_pump_10min,322.0,321.0,0.0,-0.0015453098410348697,supplementary,施工窗缺口大于30秒,0.01999999999999602,41.64,0.020000000000003126,8.670000000000002,8.71,-0.00999999999999801,8.700000000000003,3.6403795310443843,0.07000000000000028,16.833333333333332,False,0.06029130850047755,0.1,15.0,0.6679626749611197,223.83333333333334,63.0,False,,2375,1,True,supplementary,C2,0.8065041611389554,False,仅供复核_不作正式训练标签
6a3025b2c1042c,泸203H64,3,2,whole_stage,1,泸203H64|1-3,泸203H64|3|2,E:\压裂窜扰项目\02 规范化\泸203H64\泸203H64 邻井压力监测\泸203H64-3-2段压裂施工-1、2、4、5井秒点压力监测.xls,导出数据,1#套压(MPa),e61179204f9fc5c02226e9d538a375bdd8029cc57f2c4063a9e4043f85c551b1,E:\压裂窜扰项目\02 规范化\泸203H64\泸203H64 压裂施工曲线\泸203H64-3-2 压裂施工曲线（秒点）.csv,text,named_stage_clock_only,-1669161600,26933.0,36164.0,153.85,1.0,0,0,0,0.9992416856245261,7.0,35.024,initial_window_proxy,0.0,0.0,0.019273799999997218,,supplementary,起泵前基线不足180秒,,,0.03300000000000125,0.045999999999999375,0.0589999999999975,-0.22299999999999898,-0.17099999999999937,-0.07157307025151852,0.09900000000000375,,True,1.0,0.1,15.0,0.3747153854494199,0.0,0.0,False,,387,1,True,supplementary,C1,0.09690125580937545,False,仅供复核_不作正式训练标签
6a588c96c89822,泸203H76,2,19,whole_stage,1,泸203H76|1-2,泸203H76|2|19,E:\压裂窜扰项目\02 规范化\泸203H76\泸203H76 邻井压力监测\泸203H76平台-2井-19段压裂施工-1、3、4井秒点压力监测.xls,Sheet1,1井井口压力,3fade4141c1cf27abbd389037411e4c84459cd2152ecbec7c9122da847148507,E:\压裂窜扰项目\02 规范化\泸203H76\泸203H76 压裂施工曲线\泸203H76-2-19 压裂施工曲线（秒点）.xls,Sheet1,named_stage_clock_only,-1679961600,28014.0,34522.0,108.46666666666667,1.0,0,0,0,1.0,1.0,54.9205,initial_window_proxy,54.0,53.0,0.031134600000001178,,supplementary,起泵前基线不足180秒,0.20999999999999375,54.952,1.0501000000000005,1.2180999999999997,1.2706000000000017,-0.13649999999999807,0.9346000000000032,0.3777712661339921,0.23100000000000165,27.5,False,0.2535341118623233,0.1,15.0,0.6725568531038721,5.0,0.0,True,1.1026000000000025,782,1,True,supplementary,C1,0.5202967101809286,False,仅供复核_不作正式训练标签
6b796f8bced5d6,泸203H64,4,14,whole_stage,2,泸203H64|2-4,泸203H64|4|14,E:\压裂窜扰项目\02 规范化\泸203H64\泸203H64 邻井压力监测\泸203H64-4-14段压裂施工-1、2、3、5井秒点压力监测.xls,导出数据,2#套压(MPa),1697ee0df6ee9b20a300a7e7a111beb399477b29a06e464c392f2880e4aac0de,E:\压裂窜扰项目\02 规范化\泸203H64\泸203H64 压裂施工曲线\泸203H64-4-14 压裂施工曲线.csv,text,named_stage_clock_only,-1671667200,25384.0,30596.0,86.86666666666666,1.0,0,0,0,0.9662317728319263,176.0,53.189,initial_window_proxy,0.0,0.0,0.029652000000004633,,supplementary,施工窗缺口大于30秒；起泵前基线不足180秒,,,0.05300000000000438,0.012999999999998124,0.03900000000000148,-0.5450000000000017,-0.5320000000000036,-0.29961805003971415,0.14500000000000313,,True,1.0,0.1,15.0,0.3357823669579031,0.0,0.0,False,,433,1,True,supplementary,C1,0.3327855863638914,False,仅供复核_不作正式训练标签
6b9340ae190898,阳101H34,4,15,whole_stage,3,阳101H34|3-4,阳101H34|4|15,E:\压裂窜扰项目\02 规范化\阳101H34\阳101H34 邻井压力监测\阳101H34-4-15段压裂施工-3井秒点压力监测.xls,导出数据,3#3井套压(MPa),f5ddc8243c25f4d4076a7e1ff2a68c97f7cf6144db308e6f7d8e7e7b673725b9,E:\压裂窜扰项目\02 规范化\阳101H34\阳101H34 压裂施工曲线\阳101H34-4-15 压裂施工曲线.xls,秒点数据,named_stage_clock_only,-1749686400,28129.0,42196.0,234.45,1.0,0,0,0,0.999218028008815,11.0,47.6240615844727,initial_window_proxy,0.0,0.0,0.009727752685578479,,supplementary,起泵前基线不足180秒,,,0.0590629577637003,5.473125457763601,5.486251831054602,-0.03281021118169747,5.473125457763601,1.8466347942449588,0.07875061035159803,37.1,False,0.15824269567071872,0.1,15.0,0.2864257256687536,147.33333333333334,11.666666666666666,False,,2203,1,True,supplementary,C2,0.8802376994494792,False,仅供复核_不作正式训练标签
6bbcb23c5a5a07,阳101H51,2,19,whole_stage,4,阳101H51|2-4,阳101H51|2|19,E:\压裂窜扰项目\02 规范化\阳101H51\阳101H51 邻井压力监测\阳101H51-2-19段压裂施工-1、3、4井秒点压力监测.xlsx,阳101H51-2井19段压裂期间1井、3井、4井压力秒点数据,4井套压,c6db759dbda056521b80fadce7570ad29ebffdda06b8a28aeac7e3aab5680f15,E:\压裂窜扰项目\02 规范化\阳101H51\阳101H51 压裂施工曲线\阳101H51-2-19 压裂施工曲线（秒点）.xlsx,秒点数据,absolute,0,1783937100.0,1783964796.0,461.6,1.0,0,0,0,0.9987001733102253,36.0,46.8,initial_window_proxy,1.0,0.0,0.01482599999999705,,supplementary,施工窗缺口大于30秒；起泵前基线不足180秒,,46.81,0.030000000000001137,0.2700000000000031,0.2700000000000031,-0.6299999999999955,0.2700000000000031,-0.29716811279826166,0.030000000000001137,432.25,False,0.9364168110918544,0.1,15.0,0.7083875632682574,0.0,0.0,False,,2409,1,True,supplementary,C1,0.37371053261982645,False,仅供复核_不作正式训练标签
6c600b42617b30,泸206H8,5,5,whole_stage,4,泸206H8|4-5,泸206H8|5|5,E:\压裂窜扰项目\02 规范化\泸206H8\泸206H8 邻井压力监测\泸206H8-5-5段压裂施工-1、2、3、4、6、7、8井秒点压力监测.xls,导出数据,4井套压(MPa),070e46c362ef9be5498b0ef7f3068c9dfea26f925db9442aafd9d0827779c160,E:\压裂窜扰项目\02 规范化\泸206H8\泸206H8 压裂施工曲线\泸206H8-5-5 压裂施工曲线.xlsx,秒点数据,absolute,0,1752048733.0,1752057520.0,146.45,1.0,0,0,0,1.0,1.0,57.12,initial_window_proxy,133.0,132.0,0.01482599999999705,,supplementary,起泵前基线不足180秒,0.03999999999999915,57.12,0.060000000000002274,0.10000000000000142,0.10999999999999943,-0.03999999999999915,0.10999999999999943,0.01107033117105088,0.02999999999999403,142.66666666666666,False,0.9741663821554569,0.1,15.0,0.2648230340275407,0.0,0.0,False,,1275,1,True,supplementary,C1,0.02527974208908938,False,仅供复核_不作正式训练标签
6e1559df928508,阳101H34,2,7,whole_stage,6,阳101H34|2-6,阳101H34|2|7,E:\压裂窜扰项目\02 规范化\阳101H34\阳101H34 邻井压力监测\阳101H34-2-7段压裂施工-6井秒点压力监测.xls,导出数据,6#6井套压(MPa),3f610dd7433ac35a490ed40773cc360cd32a18e264f1f69a781c0b113c6e74eb,E:\压裂窜扰项目\02 规范化\阳101H34\阳101H34 压裂施工曲线\阳101H34-2-7 压裂施工曲线.xls,秒点数据,named_stage_clock_only,-1745280000,31264.0,41863.0,176.65,1.0,0,0,0,1.0,1.0,40.8778114318848,initial_window_proxy,64.0,63.0,0.019461161041238694,,supplementary,起泵前基线不足180秒,0.01968765258789773,40.86140632629395,0.07218551635740056,2.657814025878899,2.664375305175696,-0.22968673706060372,1.7849998474121023,1.3041399881877442,0.3149986267089986,8.75,False,0.04953297480894424,0.1,15.0,0.2525709972638928,111.58333333333333,0.0,False,,2154,1,True,supplementary,C1,1.5684602613960674,True,仅供复核_不作正式训练标签
6e9a433e4fccdf,泸203H76,1,5,whole_stage,3,泸203H76|1-3,泸203H76|1|5,E:\压裂窜扰项目\02 规范化\泸203H76\泸203H76 邻井压力监测\泸203H76平台-1井-5段压裂施工-2、3、4井秒点压力监测.xls,历史数据,3井井口压力,b89bb7db25c89df13e3a9a297257960c9b4dfed2e0cce137543543af5679d330,E:\压裂窜扰项目\02 规范化\泸203H76\泸203H76 压裂施工曲线\泸203H76-1-5 压裂施工曲线（秒点）.xlsx,Sheet1,named_stage_clock_only,-1677542400,44829.0,53333.0,141.73333333333332,1.0,0,0,0,1.0,1.0,59.0054,initial_window_proxy,69.0,68.0,0.015567300000000589,,supplementary,起泵前基线不足180秒,0.02309999999999235,59.0579,0.04200000000000159,0.021000000000000796,0.031500000000001194,-1.4491000000000014,-1.3965999999999994,-0.924731614534338,0.031500000000001194,,True,1.0,0.1,15.0,0.9016933207902164,0.0,0.0,True,-1.3755999999999986,720,1,True,supplementary,C1,1.0383770943503163,False,仅供复核_不作正式训练标签
6ef42b82eee897,泸206H8,5,4,whole_stage,3,泸206H8|3-5,泸206H8|5|4,E:\压裂窜扰项目\02 规范化\泸206H8\泸206H8 邻井压力监测\泸206H8-5-4段压裂施工-1、2、3、4、6、7、8井秒点压力监测.xls,导出数据,3井套压(MPa),ad65d2192c784201a7710fcc95c85240042c4640adf47f61a3702e072dc30a97,E:\压裂窜扰项目\02 规范化\泸206H8\泸206H8 压裂施工曲线\泸206H8-5-4 压裂施工曲线.xlsx,秒点数据,absolute,0,1751961806.0,1751970729.0,148.71666666666667,1.0,0,0,0,1.0,33.0,53.76,pre_pump_10min,206.0,205.0,0.01482599999999705,-0.00034469622873575453,supplementary,施工窗缺口大于30秒,0.030000000000001137,53.76,0.060000000000002274,0.020000000000003126,0.030000000000001137,-0.03999999999999915,-0.01999999999999602,-0.002990025776082566,0.05000000000000426,,True,1.0,0.1,15.0,0.4016872890888639,0.0,0.0,False,,1256,1,True,supplementary,C1,0.02170095369545557,False,仅供复核_不作正式训练标签
6fe76bc9c7bce2,泸208H2,10,6,whole_stage,9,泸208H2|10-9,泸208H2|10|6,E:\压裂窜扰项目\02 规范化\泸208H2\泸208H2 邻井压力监测\泸208H2-10-6段压裂施工-9井压力监测.xlsx,10-6-9,无表头_文件名井号,baef3c2ec68af32403dafea0040762a7f232715ba54b44a955bf87bc413f67f6,E:\压裂窜扰项目\02 规范化\泸208H2\泸208H2 压裂施工曲线\泸208H2-10-6 压裂施工曲线（秒点）.xlsx,秒点数据,named_stage_clock_only,1719792000,1719823177.0,1719830817.0,127.33333333333333,1.0,0,0,0,0.9969895287958115,23.0,50.8956,initial_window_proxy,0.0,0.0,0.015567300000000589,,supplementary,起泵前基线不足180秒,,,0.18900000000000006,5.512999999999998,5.5655,-0.04200000000000159,5.533999999999999,2.1146943809898895,0.17849999999999966,18.966666666666665,False,0.14895287958115183,0.1,15.0,0.7040829722988053,77.5,9.5,True,6.069600000000001,1444,1,True,supplementary,C2,0.5276667525974268,False,仅供复核_不作正式训练标签
706df3c58b6fdb,泸203H64,5,3,whole_stage,6,泸203H64|5-6,泸203H64|5|3,E:\压裂窜扰项目\02 规范化\泸203H64\泸203H64 邻井压力监测\泸203H64-5-3段压裂施工-1、4、6、7井秒点压力监测.xls,导出数据,6井套压(MPa),239adf136f1cf5035ea42333eba6f410fecb7375a1625e2d3e951a8201a0662a,E:\压裂窜扰项目\02 规范化\泸203H64\泸203H64 压裂施工曲线\泸203H64-5-3 压裂施工曲线（秒点）.csv,text,named_stage_clock_only,-1667347200,27646.0,37747.0,168.35,1.0,0,0,0,0.9986139986139986,14.0,30.5437507629395,initial_window_proxy,0.0,0.0,0.009266815567121946,,supplementary,起泵前基线不足180秒,,,0.08124923706060372,2.7312507629394,2.7437477111816015,-0.05625152587899862,2.7437477111816015,0.7513593081098224,0.112501144409201,62.31666666666667,False,0.3701613701613702,0.1,15.0,0.208570268074736,54.416666666666664,0.0,False,,499,1,True,supplementary,C1,1.127501689131838,False,仅供复核_不作正式训练标签
70c5dab8a722d6,泸208H2,1,4,whole_stage,2,泸208H2|1-2,泸208H2|1|4,E:\压裂窜扰项目\02 规范化\泸208H2\泸208H2 邻井压力监测\泸208H2-1-4段压裂施工-2井压力监测.xlsx,1-4-2,无表头_文件名井号,800f67ee829a803c24708110ab135c2425afcc81892996c8af49575a4db315b2,E:\压裂窜扰项目\02 规范化\泸208H2\泸208H2 压裂施工曲线\泸208H2-1-4 压裂施工曲线（秒点）.xlsx,Log Data,named_stage_clock_only,0,27550.0,35198.0,127.46666666666667,1.0,0,11,0,1.0,1.0,59.362499,initial_window_proxy,59.0,58.0,0.14455350000000547,,supplementary,起泵前基线不足180秒,0.3179980000000029,59.392502,0.3825000000000074,5.407498000000004,5.527500000000003,-0.11999899999999997,5.430003999999997,2.311822531380753,0.33000200000000035,49.0,False,0.3844142259414226,0.43366050000001644,15.0,0.055700836820083685,65.25,27.5,True,5.3999979999999965,1424,1,True,supplementary,C2,0.5249997635408087,False,仅供复核_不作正式训练标签
71fb1c336c6e58,阳101H34,4,7,whole_stage,3,阳101H34|3-4,阳101H34|4|7,E:\压裂窜扰项目\02 规范化\阳101H34\阳101H34 邻井压力监测\阳101H34-4-7段压裂施工-3井秒点压力监测.xls,导出数据,3#3井套压(MPa),02c9c718749eb096bc7dc13095a29edc35a907d4e4b894af610efbbf03037679,E:\压裂窜扰项目\02 规范化\阳101H34\阳101H34 压裂施工曲线\阳101H34-4-7 压裂施工曲线.xls,秒点数据,named_stage_clock_only,-1745539200,26670.0,36800.0,168.83333333333334,1.0,0,0,0,1.0,1.0,54.8231239318848,initial_window_proxy,150.0,149.0,0.009733408355649682,,supplementary,起泵前基线不足180秒,0.026252746581995723,54.8296890258789,0.04593658447270599,2.165626525878899,2.185314178466797,-0.01968765258789773,2.185314178466797,0.888065429077415,0.052501678466796875,29.0,False,0.1717670286278381,0.1,15.0,0.26100691016781835,71.75,0.0,False,,2214,1,True,supplementary,C1,1.1205974130091685,False,仅供复核_不作正式训练标签
726559ba847bad,泸203H11,5,3,whole_stage,6,泸203H11|5-6,泸203H11|5|3,E:\压裂窜扰项目\02 规范化\泸203H11\泸203H11 邻井压力监测\泸203H11-5-3段压裂施工-6井套压压力监测.xls,Sheet1,6井套压,881a319d5e72b6c0542154c5254cbf5000ac9af40e240d86cc25ac98c47a0727,E:\压裂窜扰项目\02 规范化\泸203H11\泸203H11 压裂施工曲线\泸203H11-5-3 压裂施工曲线.xlsx,LogData(s),named_stage_clock_only,-1745280000,27163.0,38847.0,194.73333333333332,1.0,0,0,0,1.0,1.0,45.25,initial_window_proxy,163.0,162.0,0.029652000000004633,,supplementary,起泵前基线不足180秒,0.07000000000000028,45.26,0.18999999999999773,11.009999999999998,11.100000000000001,-0.04999999999999716,11.060000000000002,5.129264378637453,0.23999999999999488,27.416666666666668,False,0.140790825059911,0.1,15.0,0.39138993495378294,148.0,117.66666666666667,True,11.619999999999997,314,1,True,supplementary,C2,2.45872632616766,False,仅供复核_不作正式训练标签
726c76024c0761,泸208H2,10,15,whole_stage,9,泸208H2|10-9,泸208H2|10|15,E:\压裂窜扰项目\02 规范化\泸208H2\泸208H2 邻井压力监测\泸208H2-10-15段压裂施工-9井压力监测.xlsx,10-15-9,无表头_文件名井号,993d57d86835fc32397b2d804d7ca97bad5cdfa7c4030f1697f52eb492cee78a,E:\压裂窜扰项目\02 规范化\泸208H2\泸208H2 压裂施工曲线\泸208H2-10-15 压裂施工曲线（秒点）.xlsx,秒点数据,named_stage_clock_only,1726012800,1726056294.0,1726064374.0,134.66666666666666,1.0,0,0,0,0.9992574257425743,6.0,52.9118,initial_window_proxy,0.0,0.0,0.031134600000001178,,supplementary,起泵前基线不足180秒,,,0.14709999999999468,5.7546000000000035,5.786099999999998,-0.04200000000000159,5.775599999999997,2.5116572702501863,0.14699999999999847,18.016666666666666,False,0.1337871287128713,0.1,15.0,0.7067129056229874,89.91666666666667,20.083333333333332,True,6.080100000000002,1434,1,True,supplementary,C2,0.2820179383851808,False,仅供复核_不作正式训练标签
726de787fdc35c,阳101H34,3,21,whole_stage,4,阳101H34|3-4,阳101H34|3|21,E:\压裂窜扰项目\02 规范化\阳101H34\阳101H34 邻井压力监测\阳101H34-3-21段压裂施工-4井秒点压力监测.xls,导出数据,4#4井套压1(MPa),b76c3f50221aaa0d122a3e09f2503c8fe1cd158a5cfaa5e8a87c14c02741fcc0,E:\压裂窜扰项目\02 规范化\阳101H34\阳101H34 压裂施工曲线\阳101H34-3-21 压裂施工曲线.xls,秒点数据,named_stage_clock_only,-1750636800,43177.0,54444.0,187.78333333333333,1.0,0,0,0,0.9979586402769148,23.0,50.5905647277832,initial_window_proxy,0.0,0.0,0.00982389907839021,,supplementary,起泵前基线不足180秒,,,0.046375274658203125,2.610485076904297,2.6237373352050994,-0.019878387451200297,2.6171150207519958,1.0210796230333812,0.05963134765630684,44.8,False,0.23857282328925178,0.1,15.0,0.27161152614727857,91.16666666666667,0.0,False,,2177,1,True,supplementary,C1,1.3354941274488168,False,仅供复核_不作正式训练标签
7328a27718adba,阳101H51,2,10,whole_stage,3,阳101H51|2-3,阳101H51|2|10,E:\压裂窜扰项目\02 规范化\阳101H51\阳101H51 邻井压力监测\阳101H51-2-10段压裂施工-1、3井秒点压力监测.xlsx,阳101H51-2井第10段压裂施工期间1井、3井压力秒点数据,3井套压,e93f1e2cb2036638c44202cc63578e356955ab8ce67639e585c8d6d0af52c23f,E:\压裂窜扰项目\02 规范化\阳101H51\阳101H51 压裂施工曲线\阳101H51-2-10 压裂施工曲线（秒点）.xlsx,秒点数据,absolute,0,1779003127.0,1779008786.0,94.31666666666666,1.0,0,0,0,0.9954055486835129,26.0,55.43,initial_window_proxy,8.0,7.0,0.0,,supplementary,起泵前基线不足180秒,0.00999999999999801,55.43,0.020000000000003126,0.21000000000000085,0.21999999999999886,-0.00999999999999801,0.21999999999999886,0.07569678679211818,0.020000000000003126,57.75,False,0.6122989927549037,0.1,15.0,0.6465471329664477,0.0,0.0,False,,2390,1,True,supplementary,C1,0.09907249497223367,False,仅供复核_不作正式训练标签
733a9a5d5aad20,泸208H2,8,2,whole_stage,7,泸208H2|7-8,泸208H2|8|2,E:\压裂窜扰项目\02 规范化\泸208H2\泸208H2 邻井压力监测\泸208H2-8-2段压裂施工-7井压力监测.xlsx,8-2-7,无表头_文件名井号,35cfd11b1311e28acbb948d5bacf6343d4b2ce1e283295d97f52b44bced84fa5,E:\压裂窜扰项目\02 规范化\泸208H2\泸208H2 压裂施工曲线\泸208H2-8-2 压裂施工曲线（秒点）.xlsx,秒点数据,named_stage_clock_only,1718841600,1718870285.0,1718878996.0,145.18333333333334,1.0,0,0,0,0.9867983009987372,115.0,53.9907,initial_window_proxy,0.0,0.0,0.015567299999990054,,supplementary,施工窗缺口大于30秒；起泵前基线不足180秒,,,0.126100000000001,3.5324000000000026,3.542900000000003,-0.02099999999999369,3.542900000000003,1.233797388320152,0.10520000000000351,23.166666666666668,False,0.15956836184135,0.1,15.0,0.7299906933457422,67.16666666666667,0.0,True,3.8057000000000016,1679,1,True,supplementary,C1,1.6439010748165712,True,仅供复核_不作正式训练标签
73d56c2f966033,泸208H2,9,4,whole_stage,8,泸208H2|8-9,泸208H2|9|4,E:\压裂窜扰项目\02 规范化\泸208H2\泸208H2 邻井压力监测\泸208H2-9-4段压裂施工-8井压力监测.xlsx,9-4-8,无表头_文件名井号,52c59e1c186efc096de5fedc49dbe64ce5a527e66cb4889d4680e35b86c4eeda,E:\压裂窜扰项目\02 规范化\泸208H2\泸208H2 压裂施工曲线\泸208H2-9-4 压裂施工曲线（秒点）.xlsx,秒点数据,named_stage_clock_only,1719187200,1719239854.0,1719247222.0,122.8,1.0,0,0,0,0.9801845819761129,146.0,54.7299,initial_window_proxy,0.0,0.0,0.015567300000000589,,supplementary,施工窗缺口大于30秒；起泵前基线不足180秒,,,0.09440000000000026,4.739699999999999,4.760599999999997,-0.021000000000000796,4.7501999999999995,2.2075750761561888,0.12579999999999814,14.85,False,0.12092833876221498,0.1,15.0,0.7438382719468292,78.75,0.0,True,4.9598999999999975,1759,1,True,supplementary,C2,0.7513426919553367,False,仅供复核_不作正式训练标签
73f35da3c77cf9,泸208H1,5,7,whole_stage,6,泸208H1|5-6,泸208H1|5|7,E:\压裂窜扰项目\02 规范化\泸208H1\泸208H1 邻井压力监测\泸208H1-5-7段压裂施工-6井压力监测.xlsx,5-7-6,无表头_文件名井号,36d74b4ed2207f3d0f192cdb68cdd890f20f5e4de8ef07522eccc7922f33965f,E:\压裂窜扰项目\02 规范化\泸208H1\泸208H1 压裂施工曲线\泸208H1-5-7 压裂施工曲线（秒点）.xls,导出数据,named_stage_clock_only,0,40288.0,48876.0,143.13333333333333,1.0,0,0,0,1.0,1.0,37.91,initial_window_proxy,88.0,87.0,0.0,,supplementary,起泵前基线不足180秒,0.015000000000000568,37.91,0.060000000000002274,5.580000000000005,5.630000000000003,-0.03999999999999915,5.630000000000003,2.1126833954354947,0.10000000000000142,16.666666666666668,False,0.11644154634373546,0.1,15.0,0.9169771774569166,94.66666666666667,8.666666666666666,True,6.390000000000001,1403,1,True,supplementary,C2,0.6309123495249435,False,仅供复核_不作正式训练标签
7414e194a23884,泸201H5,1,2,whole_stage,3,泸201H5|1-3,泸201H5|1|2,E:\压裂窜扰项目\02 规范化\泸201H5\泸201H5 邻井压力监测\泸201H5-1-2段压裂施工-2、3、4井压力监测.xls,导出数据,3井压力(MPa),bb7117dd3b1940a37137e6241526490452d64333f476a1683db66333dd0d4474,E:\压裂窜扰项目\02 规范化\泸201H5\泸201H5 压裂施工曲线\泸201H5-1-2 压裂施工曲线.xlsx,Log Data,absolute,0,1755514900.0,1755524441.0,159.01666666666668,1.0,0,0,0,1.0,34.0,0.09,pre_pump_10min,600.0,599.0,0.0,0.0001109669749082689,supplementary,施工窗缺口大于30秒,0.009999999999999995,0.09,0.03,0.03,0.03,-0.01999999999999999,0.020000000000000004,0.01862173776333718,0.020000000000000004,,True,1.0,0.1,15.0,0.5083130361114053,0.0,0.0,True,0.020000000000000004,46,1,True,supplementary,C1,0.02035228450017099,False,仅供复核_不作正式训练标签
74208f8d629251,泸206H8,5,7,whole_stage,2,泸206H8|2-5,泸206H8|5|7,E:\压裂窜扰项目\02 规范化\泸206H8\泸206H8 邻井压力监测\泸206H8-5-7段压裂施工-1、2、3、4、6、7、8井秒点压力监测.xls,导出数据,2井套压(MPa),3c8ee6faa4bd6f4950e6f7823dfa58bb3dd47622cc4d18c00a7961ae184317fd,E:\压裂窜扰项目\02 规范化\泸206H8\泸206H8 压裂施工曲线\泸206H8-5-7 压裂施工曲线.xlsx,秒点数据,absolute,0,1752306389.0,1752314953.0,142.73333333333332,1.0,0,0,0,1.0,31.0,52.27,pre_pump_10min,269.0,268.0,0.01482599999999705,0.0003107140875585536,supplementary,施工窗缺口大于30秒,0.030000000000001137,52.27,0.060000000000002274,0.01999999999999602,0.02999999999999403,-0.0800000000000054,-0.05000000000000426,-0.019283045305934488,0.030000000000001137,,True,1.0,0.1,15.0,0.3403880070546737,0.0,0.0,False,,1297,1,True,supplementary,C1,0.03936121286081155,False,仅供复核_不作正式训练标签
7439f69ba92203,泸206H8,4,8,whole_stage,5,泸206H8|4-5,泸206H8|4|8,E:\压裂窜扰项目\02 规范化\泸206H8\泸206H8 邻井压力监测\泸206H8-4-8段压裂施工-1、2、3、5、6、7、8井秒点压力监测.xls,导出数据,5井套压(MPa),c78b30f0d71b306771406b88995e1bfe809620dd5b601167d77c094577bc6ce6,E:\压裂窜扰项目\02 规范化\泸206H8\泸206H8 压裂施工曲线\泸206H8-4-8 压裂施工曲线.xlsx,秒点数据,absolute,0,1752841020.0,1752861444.0,340.4,1.0,0,0,0,0.9970622796709753,60.0,64.41,initial_window_proxy,0.0,0.0,0.014826000000007585,,supplementary,施工窗缺口大于30秒；起泵前基线不足180秒,,,0.05000000000000426,0.020000000000010232,0.04000000000000625,-1.7999999999999972,-1.6999999999999957,-1.0932412590846559,0.025909090909089993,,True,1.0,0.1,15.0,0.3726621567847195,0.0,0.0,False,,1160,1,True,supplementary,C1,1.201622312615551,False,仅供复核_不作正式训练标签
74b3d1fee4ffe1,泸203H153,6,17,whole_stage,5,泸203H153|5-6,泸203H153|6|17,E:\压裂窜扰项目\02 规范化\泸203H153\泸203H153 邻井压力监测\泸203H153-6-17段压裂施工-5井套压压力监测.xls,导出数据,5井套压(MPa),a186cdd3f2ba5ee63201aa5da1013194c6acfb696165c5f259c6a567a63124d9,E:\压裂窜扰项目\02 规范化\泸203H153\泸203H153 压裂施工曲线\泸203H153-6-17 压裂施工曲线-2.xls,秒点数据,absolute,0,1719387116.0,1719399329.0,203.55,1.0,0,0,0,1.0,1.0,56.39,initial_window_proxy,116.0,115.0,0.029652000000004633,,supplementary,起泵前基线不足180秒,0.030000000000001137,56.36,6.009999999999998,7.780000000000001,7.799999999999997,-3.4200000000000017,7.799999999999997,4.730115860149021,6.079999999999998,7.083333333333333,False,0.034798984688446735,0.1,15.0,0.3714075165806927,143.0,118.5,False,,339,1,True,supplementary,C2,1.9227460094098814,False,仅供复核_不作正式训练标签
757e4d20c5acf4,泸206H8,5,7,whole_stage,4,泸206H8|4-5,泸206H8|5|7,E:\压裂窜扰项目\02 规范化\泸206H8\泸206H8 邻井压力监测\泸206H8-5-7段压裂施工-1、2、3、4、6、7、8井秒点压力监测.xls,导出数据,4井套压(MPa),3c8ee6faa4bd6f4950e6f7823dfa58bb3dd47622cc4d18c00a7961ae184317fd,E:\压裂窜扰项目\02 规范化\泸206H8\泸206H8 压裂施工曲线\泸206H8-5-7 压裂施工曲线.xlsx,秒点数据,absolute,0,1752306389.0,1752314953.0,142.73333333333332,1.0,0,0,0,1.0,31.0,58.76,pre_pump_10min,269.0,268.0,0.01482599999999705,-0.002567829995004363,supplementary,施工窗缺口大于30秒,0.030000000000001137,58.76,0.07000000000000028,3.190000000000005,3.210000000000001,-0.030000000000001137,3.190000000000005,1.088948505371324,0.0899999999999963,48.666666666666664,False,0.3409621672115834,0.1,15.0,0.32404467960023514,61.083333333333336,0.0,False,,1296,1,True,supplementary,C1,1.5686678460317878,True,仅供复核_不作正式训练标签
75cc801c0d3f43,泸203H76,2,10,whole_stage,3,泸203H76|2-3,泸203H76|2|10,E:\压裂窜扰项目\02 规范化\泸203H76\泸203H76 邻井压力监测\泸203H76平台-2井-10段压裂施工-1、3、4井压力监测-2.xls,Sheet1,3井井口压力,02cbb70c9aecdad1fd2904fa033d78bf9bb6c9e34fe7d8c5f612f1fc50e56144,E:\压裂窜扰项目\02 规范化\泸203H76\泸203H76 压裂施工曲线\泸203H76-2-10 压裂施工曲线（秒点）.xls,Sheet1,named_stage_clock_only,0,27537.0,35210.0,127.88333333333334,60.0,0,0,0,0.9930926625830835,60.0,50.809349999999995,initial_window_proxy,2.0,60.0,0.015567300000005856,,supplementary,原始采样间隔大于30秒；施工窗缺口大于30秒；起泵前基线不足180秒,,50.8146,0.04200000000000159,,1.3073500000000067,-0.026249999999997442,1.2968500000000063,0.5610043307086665,0.04200000000000159,31.05,False,0.24279942656066728,0.1,60.0,0.2047244094488189,35.0,0.0,True,1.3073500000000067,742,1,True,supplementary,C1,0.7254082821148459,False,仅供复核_不作正式训练标签
75f9b7c1b988e0,泸206H8,4,1,whole_stage,2,泸206H8|2-4,泸206H8|4|1,E:\压裂窜扰项目\02 规范化\泸206H8\泸206H8 邻井压力监测\泸206H8-4-1段压裂施工-1、2、3、5、6、7、8井秒点压力监测.xls,导出数据,2井套压(MPa),4a5f67a41d14d5d4fb0a58397a2523db310d74078dac6f986aecf1c77eac6925,E:\压裂窜扰项目\02 规范化\泸206H8\泸206H8 压裂施工曲线\泸206H8-4-1 压裂施工曲线.xlsx,秒点数据,absolute,0,1751889358.0,1751899386.0,167.13333333333333,1.0,0,0,0,1.0,36.0,53.68,initial_window_proxy,328.0,357.0,0.029652000000004633,,supplementary,施工窗缺口大于30秒；起泵前基线不足180秒,0.030000000000001137,53.64,0.10999999999999943,0.030000000000001137,0.03999999999999915,-0.17999999999999972,-0.1599999999999966,-0.0924700837654563,0.05999999999999517,,True,1.0,0.1,15.0,0.430067465512033,0.0,0.0,False,,1073,1,True,supplementary,C1,0.10764902154681887,False,仅供复核_不作正式训练标签
761c4ef69e6446,阳101H34,5,5,whole_stage,6,阳101H34|5-6,阳101H34|5|5,E:\压裂窜扰项目\02 规范化\阳101H34\阳101H34 邻井压力监测\阳101H34-5-5段压裂施工-6井秒点压力监测.xls,导出数据,6#6井套压(MPa),3503c79e198e1bf7190f070560535f60d116dc2e306a30cb7799fa9a32e0458b,E:\压裂窜扰项目\02 规范化\阳101H34\阳101H34 压裂施工曲线\阳101H34-5-5 压裂施工曲线.xls,秒点数据,named_stage_clock_only,-1744070400,42316.0,53401.0,184.75,1.0,0,0,0,0.9960306720793866,44.0,49.6937561035156,initial_window_proxy,0.0,0.0,0.00973906402586837,,supplementary,施工窗缺口大于30秒；起泵前基线不足180秒,,,0.07880020141600141,5.082763671875,5.095893859863303,-0.01313781738279829,5.082763671875,2.3445973810473113,0.07223892211909799,11.15,False,0.06035182679296346,0.1,15.0,0.177882438184947,125.91666666666667,4.666666666666667,True,5.2797660827637,2216,1,True,supplementary,C2,0.5961223962782538,False,仅供复核_不作正式训练标签
76333f88f6a431,阳101H51,3,14,whole_stage,5,阳101H51|3-5,阳101H51|3|14,E:\压裂窜扰项目\02 规范化\阳101H51\阳101H51 邻井压力监测\阳101H51-3-14段压裂施工-2、4、5、6井套压压力监测.xlsx,阳101H51-3井14段压裂施工期间2井、4井、5井、6井,5井套压,af1a0083fe3bf2f8e49c1cd21fc1f6c0e543544248c1eed17db94acaeaa4f358,E:\压裂窜扰项目\02 规范化\阳101H51\阳101H51 压裂施工曲线\阳101H51-3-14 压裂施工曲线（秒点）.xlsx,秒点数据,absolute,0,1783843455.0,1783864057.0,343.3666666666667,1.0,0,0,0,1.0,1.0,43.81,initial_window_proxy,75.0,74.0,0.0,,supplementary,起泵前基线不足180秒,0.0,43.82,0.020000000000003126,0.5499999999999972,0.5499999999999972,-0.030000000000001137,0.5499999999999972,0.16724735462576237,0.020000000000003126,164.16666666666666,False,0.4781089214639355,0.1,15.0,0.6850791185321814,0.0,0.0,True,0.5799999999999983,2440,1,True,supplementary,C1,0.23450943343455297,False,仅供复核_不作正式训练标签
763f5c0d552844,泸203H11,2,10,whole_stage,1,泸203H11|1-2,泸203H11|2|10,E:\压裂窜扰项目\02 规范化\泸203H11\泸203H11 邻井压力监测\泸203H11-2-10段压裂施工-1井套压压力监测.xls,Sheet1,1井套压,47d90f308d0e7745462aec63b90b2146df25ddc13473cc2d4d6f2668cdccbe01,E:\压裂窜扰项目\02 规范化\泸203H11\泸203H11 压裂施工曲线\泸203H11-2-10 压裂施工曲线-2.xlsx,数据(秒),named_stage_clock_only,-1717891200,34560.0,47068.0,208.46666666666667,1.0,0,0,0,1.0,1.0,49.94,initial_window_proxy,60.0,59.0,0.0,,supplementary,起泵前基线不足180秒,0.0,49.94,0.07000000000000028,8.14,8.14,0.0,8.14,4.225561240805886,0.14000000000000057,14.416666666666666,False,0.06915574032619123,0.1,15.0,0.9043811960345379,173.33333333333334,65.83333333333333,False,,306,1,True,supplementary,C2,1.5743537117935282,False,仅供复核_不作正式训练标签
765fcd54eee3ff,泸203H9,3,8,whole_stage,2,泸203H9|2-3,泸203H9|3|8,E:\压裂窜扰项目\02 规范化\泸203H9\泸203H9 邻井压力监测\泸203H9_压窜信息_3、4、6压窜监测数据（大于5兆帕）_3井第八段压裂期间邻井压力秒点数据.xls,导出数据,2#套压(MPa),b0dd325fa2b510c4733bb763d425b8c07b42d88772d59b3f20d51f60169c47ed,E:\压裂窜扰项目\02 规范化\泸203H9\泸203H9 压裂施工曲线\泸203H9-3-8 压裂施工曲线-2.xlsx,LogData(s),named_stage_clock_only,-1691193600,28068.0,34954.0,114.76666666666667,1.0,0,0,0,1.0,1.0,31.2965621948242,initial_window_proxy,168.0,167.0,0.009727752685583745,,supplementary,起泵前基线不足180秒,0.019685745239300445,31.2965621948242,0.039375305175799014,0.006563186645500707,0.006563186645500707,-0.013124465942400576,-0.006561279296899869,-0.003095246386201529,0.013124465942400576,,True,1.0,0.1,15.0,0.3146964856230032,0.0,0.0,False,,998,1,True,supplementary,C1,0.014127892278958538,False,仅供复核_不作正式训练标签
76ae12b61f7b9a,阳101H51,2,6,whole_stage,1,阳101H51|1-2,阳101H51|2|6,E:\压裂窜扰项目\02 规范化\阳101H51\阳101H51 邻井压力监测\阳101H51-2-6段压裂施工-1、3井秒点压力监测.xlsx,阳101H51-2井6段压裂期间1井、3井压力秒点数据（202,1井套压,f3ba3d375154fa2939d549f873ed3c2075a436df71be61cc87d85247204e1b9b,E:\压裂窜扰项目\02 规范化\阳101H51\阳101H51 压裂施工曲线\阳101H51-2-6 压裂施工曲线（秒点）.xlsx,秒点数据,absolute,0,1777727610.0,1777740911.0,221.68333333333334,1.0,0,0,0,0.9991729945116908,11.0,54.02,initial_window_proxy,30.0,29.0,0.0,,supplementary,起泵前基线不足180秒,0.010000000000005116,54.02,0.020000000000003126,4.68,4.689999999999998,0.0,4.689999999999998,2.3106392024078226,0.05000000000000426,15.75,False,0.07104728967746786,0.1,15.0,0.6270880361173815,163.5,0.0,False,,2420,1,True,supplementary,C2,0.8617000072096063,False,仅供复核_不作正式训练标签
76df1e18e7e68f,泸208H1,2,15,whole_stage,5,泸208H1|2-5,泸208H1|2|15,E:\压裂窜扰项目\02 规范化\泸208H1\泸208H1 邻井压力监测\泸208H1-2-15段压裂施工-5井压力监测(H2).xlsx,2-15-5(H2),无表头_文件名井号,60f6e1a5c73bf07ef2d72062303c6ded75599aa81f5d0187f3b198365993d940,E:\压裂窜扰项目\02 规范化\泸208H1\泸208H1 压裂施工曲线\泸208H1-2-15 压裂施工曲线（秒点）.xls,导出数据,named_stage_clock_only,0,28775.0,40418.0,194.05,1.0,0,0,0,0.9978527870823671,25.0,56.227501,initial_window_proxy,0.0,0.0,0.15567299999999534,,supplementary,起泵前基线不足180秒,,,0.31500299999999726,1.807499,1.8525010000000037,-0.13500200000000007,1.7850000000000037,0.8021804031675019,0.23250200000000376,78.16666666666667,False,0.4028171433479344,0.46701899999998603,15.0,0.09760716130142882,81.33333333333333,0.0,False,,1326,1,True,supplementary,C1,0.9952237202568848,False,仅供复核_不作正式训练标签
771b578efa5cf3,泸203H64,1,17,whole_stage,5,泸203H64|1-5,泸203H64|1|17,E:\压裂窜扰项目\02 规范化\泸203H64\泸203H64 邻井压力监测\泸203H64-1-17段压裂施工-2、3、4、5井秒点压力监测.xls,导出数据,5#套压(MPa),93e18e69e419cd649b65596913c3399b6439e09ba5b2e9ae8ee1db86c28b8f80,E:\压裂窜扰项目\02 规范化\泸203H64\泸203H64 压裂施工曲线\泸203H64-1-17 压裂施工曲线（秒点）.csv,text,named_stage_clock_only,-1668297600,53335.0,58551.0,86.93333333333334,1.0,0,0,0,1.0,1.0,23.92,initial_window_proxy,115.0,114.0,0.00889559999999507,,supplementary,起泵前基线不足180秒,0.019999999999999574,23.926,0.04100000000000037,0.02699999999999747,0.02699999999999747,-0.08200000000000074,-0.06900000000000261,-0.020406058282210336,0.03400000000000247,,True,1.0,0.1,15.0,0.3702070552147239,0.0,0.0,True,-0.014000000000002899,356,1,True,supplementary,C1,0.031260371532254236,False,仅供复核_不作正式训练标签
7727db4e71494c,泸208H2,6,22,whole_stage,7,泸208H2|6-7,泸208H2|6|22,E:\压裂窜扰项目\02 规范化\泸208H2\泸208H2 邻井压力监测\泸208H2-6-22段压裂施工-7井压力监测.xlsx,6-22-7,无表头_文件名井号,53a246a5d207a0449ddeb1dce85f8b30f820273cd82d084b69ed31e88f445d82,E:\压裂窜扰项目\02 规范化\泸208H2\泸208H2 压裂施工曲线\泸208H2-6-22 压裂施工曲线（秒点）.xlsx,Log Data,named_stage_clock_only,0,28552.0,35847.0,121.58333333333333,1.0,0,0,0,1.0,1.0,54.5058,initial_window_proxy,50.0,49.0,0.015567300000000589,,supplementary,起泵前基线不足180秒,0.04200000000000159,54.4848,0.0840999999999994,3.2905999999999977,3.301099999999998,-0.021000000000000796,3.2800999999999974,1.6358660383824526,0.126100000000001,9.416666666666666,False,0.0774503084304318,0.1,15.0,0.7462645647703907,70.33333333333333,0.0,True,3.1539,1579,1,True,supplementary,C2,1.5308684355472923,False,仅供复核_不作正式训练标签
772c6f53264f2d,阳101H51,1,7,whole_stage,3,阳101H51|1-3,阳101H51|1|7,E:\压裂窜扰项目\02 规范化\阳101H51\阳101H51 邻井压力监测\阳101H51-1-7段压裂施工-2、3井秒点压力监测.xlsx,阳101H51-1井7段压裂施工期间1井、2井压力秒点数据（1,3井套压,b2f95d5c4cc9bf84dc43c7c22bf525e2a4b51677daee901f12113771d1a7b787,E:\压裂窜扰项目\02 规范化\阳101H51\阳101H51 压裂施工曲线\阳101H51-1-7 压裂施工曲线（秒点）.xlsx,秒点数据,absolute,0,1777642550.0,1777654519.0,199.48333333333332,1.0,0,0,0,0.9984125657949703,19.0,55.02,initial_window_proxy,50.0,49.0,0.0,,supplementary,起泵前基线不足180秒,0.00999999999999801,55.02,0.020000000000003126,2.7099999999999937,2.719999999999999,0.0,2.7099999999999937,1.3536121338912104,0.030000000000001137,16.25,False,0.0814604394686273,0.1,15.0,0.6868619246861924,120.41666666666667,0.0,False,,2384,1,True,supplementary,C1,1.6093719174617491,True,仅供复核_不作正式训练标签
778cab37030db8,泸203H76,3,8,whole_stage,1,泸203H76|1-3,泸203H76|3|8,E:\压裂窜扰项目\02 规范化\泸203H76\泸203H76 邻井压力监测\泸203H76平台-3井-8段压裂施工-1、2、4井分点压力监测.xls,Sheet1,1井井口压力,15d1ee844422033360c7fd4124f372fe60e3b35bd8d818ebdcc81c3d7451a4cb,E:\压裂窜扰项目\02 规范化\泸203H76\泸203H76 压裂施工曲线\泸203H76-3-8 压裂施工曲线（秒点）.xlsx,Sheet1,named_stage_clock_only,0,50395.0,57934.0,125.65,60.0,0,0,0,0.9948269001193792,60.0,59.147149999999996,initial_window_proxy,2.0,60.0,0.015567300000005856,,supplementary,原始采样间隔大于30秒；施工窗缺口大于30秒；起泵前基线不足180秒,,58.9949,0.25200000000000244,,0.01575000000000415,-0.43574999999999875,-0.04724999999999824,-0.1903439999999963,0.25200000000000244,,True,1.0,0.1,60.0,0.064,0.0,0.0,True,-0.13124999999999432,889,1,True,supplementary,C1,0.2142728278482292,False,仅供复核_不作正式训练标签
779e162454e9e7,泸203H76,2,16,whole_stage,4,泸203H76|2-4,泸203H76|2|16,E:\压裂窜扰项目\02 规范化\泸203H76\泸203H76 邻井压力监测\泸203H76平台-2井-16段压裂施工-1、3、4井秒点压力监测.xls,历史数据,4井,5e112a04343d2f70c10f9012414ddf2a6b9a1e79b9499e3754c79873f5b20bb6,E:\压裂窜扰项目\02 规范化\泸203H76\泸203H76 压裂施工曲线\泸203H76-2-16 压裂施工曲线（秒点）.xlsx,Sheet1,named_stage_clock_only,-1679443200,53120.0,59968.0,114.13333333333334,1.0,0,0,0,1.0,1.0,58.9319,initial_window_proxy,140.0,139.0,0.04670190000000177,,supplementary,起泵前基线不足180秒,0.05250000000000199,58.9004,0.4095000000000013,0.021000000000000796,0.07350000000000279,-1.5227000000000004,-1.4701999999999984,-0.8328396977219614,0.25200000000000244,,True,1.0,0.1401057000000053,15.0,0.7285338785046729,0.0,0.0,True,-1.5332000000000008,772,1,True,supplementary,C1,0.9420048293790662,False,仅供复核_不作正式训练标签
78780b17e9e585,泸203H64,5,11,whole_stage,2,泸203H64|2-5,泸203H64|5|11,E:\压裂窜扰项目\02 规范化\泸203H64\泸203H64 邻井压力监测\泸203H64-5-11段压裂施工-1、2、3、4井秒点压力监测.xls,导出数据,2#套压(MPa),ab93544001a24df0adf3a93a39e54d57d3f12379319e712dcaf5e4a9c2cd4a93,E:\压裂窜扰项目\02 规范化\泸203H64\泸203H64 压裂施工曲线\泸203H64-5-11 压裂施工曲线.csv,text,named_stage_clock_only,-1670889600,25732.0,35495.0,162.71666666666667,1.0,0,0,0,1.0,1.0,38.917,initial_window_proxy,172.0,171.0,0.008895600000000337,,supplementary,起泵前基线不足180秒,0.02599999999999625,38.91,0.03300000000000125,0.0589999999999975,0.06499999999999773,-0.05300000000000438,0.02599999999999625,0.004684830482432483,0.03900000000000148,,True,1.0,0.1,15.0,0.3890197685137765,0.0,0.0,False,,478,1,True,supplementary,C1,0.016441078940439138,False,仅供复核_不作正式训练标签
788266d3e12db2,泸203H64,5,13,whole_stage,3,泸203H64|3-5,泸203H64|5|13,E:\压裂窜扰项目\02 规范化\泸203H64\泸203H64 邻井压力监测\泸203H64-5-13段压裂施工-1、2、3、4井秒点压力监测.xls,导出数据,3#套压(MPa),ccb7027fc8820c2ad1b4fe260aab38a33afadef1233914b489ac1566790603ab,E:\压裂窜扰项目\02 规范化\泸203H64\泸203H64 压裂施工曲线\泸203H64-5-13 压裂施工曲线.csv,text,named_stage_clock_only,-1670976000,26153.0,33804.0,127.51666666666667,1.0,0,0,0,1.0,1.0,39.756,initial_window_proxy,53.0,52.0,0.019273799999997218,,supplementary,起泵前基线不足180秒,0.03160000000000451,39.795,0.05300000000000438,0.01899999999999835,0.0519999999999996,-0.32200000000000273,-0.0589999999999975,-0.1542142203633514,0.08500000000000085,,True,1.0,0.1,15.0,0.3470134622925108,0.0,0.0,False,,486,1,True,supplementary,C1,0.17025507973095078,False,仅供复核_不作正式训练标签
78ad972949779d,泸208H1,2,15,whole_stage,1,泸208H1|1-2,泸208H1|2|15,E:\压裂窜扰项目\02 规范化\泸208H1\泸208H1 邻井压力监测\泸208H1-2-15段压裂施工-1井压力监测(yc).xlsx,2-15-1(yc),无表头_文件名井号,69d462fe7deb6fbe1f9fddeedecc2771102447fe8985c2c1a1dbd627fee3055b,E:\压裂窜扰项目\02 规范化\泸208H1\泸208H1 压裂施工曲线\泸208H1-2-15 压裂施工曲线（秒点）.xls,导出数据,named_stage_clock_only,0,28775.0,40418.0,194.05,1.0,0,0,0,1.0,1.0,56.15,initial_window_proxy,95.0,94.0,0.0,,supplementary,起泵前基线不足180秒,0.0,56.1,1.2100000000000009,4.550000000000004,4.550000000000004,-0.04999999999999716,4.550000000000004,2.9276410718886905,1.0300000000000011,15.166666666666666,False,0.07815855020183801,0.1,15.0,0.9007987632053595,169.91666666666666,0.0,True,4.68,1324,1,True,supplementary,C2,1.2768694915719503,False,仅供复核_不作正式训练标签
78e5bc50e6f0e8,泸208H2,9,13,whole_stage,10,泸208H2|10-9,泸208H2|9|13,E:\压裂窜扰项目\02 规范化\泸208H2\泸208H2 邻井压力监测\泸208H2-9-13段压裂施工-10井压力监测.xlsx,9-13-10,无表头_文件名井号,f4efa67378964a3702b72e19593a98b2028f247b228b9063d35217e2f77f0dd8,E:\压裂窜扰项目\02 规范化\泸208H2\泸208H2 压裂施工曲线\泸208H2-9-13 压裂施工曲线（秒点）.xlsx,秒点数据,named_stage_clock_only,1725580800,1725612620.0,1725620700.0,134.66666666666666,1.0,0,0,0,1.0,1.0,51.9424,initial_window_proxy,20.0,19.0,0.015567300000000589,,supplementary,起泵前基线不足180秒,0.022050000000000125,51.9529,0.16809999999999548,2.931200000000004,2.9416999999999973,-0.04200000000000159,2.9416999999999973,0.8691123391089114,0.11560000000000059,37.083333333333336,False,0.2753712871287129,0.1,15.0,0.7267326732673267,48.833333333333336,0.0,True,3.4354999999999976,1738,1,True,supplementary,C1,1.2307038469275202,False,仅供复核_不作正式训练标签
794d757df1dad3,泸206H8,5,6,whole_stage,4,泸206H8|4-5,泸206H8|5|6,E:\压裂窜扰项目\02 规范化\泸206H8\泸206H8 邻井压力监测\泸206H8-5-6段压裂施工-1、2、3、4、6、7、8井秒点压力监测.xls,导出数据,4井套压(MPa),44457d2b29877dd1f51003d617f3379d9cfa861cf72c0b80f08360fb809d107f,E:\压裂窜扰项目\02 规范化\泸206H8\泸206H8 压裂施工曲线\泸206H8-5-6 压裂施工曲线.xlsx,秒点数据,absolute,0,1752223395.0,1752231837.0,140.7,1.0,0,0,0,1.0,44.0,58.93,pre_pump_10min,195.0,194.0,0.01482599999999705,0.0011157325737496423,supplementary,施工窗缺口大于30秒,0.01999999999999602,58.93,0.17999999999999972,2.240000000000002,2.25,-0.10000000000000142,2.25,0.5835021321961624,0.21999999999999886,64.5,False,0.45842217484008535,0.1,15.0,0.3662340754851768,36.75,0.0,False,,1289,1,True,supplementary,C1,0.9454515602134803,False,仅供复核_不作正式训练标签
795ab356fb33d0,泸208H2,3,22,whole_stage,4,泸208H2|3-4,泸208H2|3|22,E:\压裂窜扰项目\02 规范化\泸208H2\泸208H2 邻井压力监测\泸208H2-3-22段压裂施工-4井压力监测.xlsx,3-22-4,无表头_文件名井号,9c49213460ba83a6141b07023ce6fc9340aeb9a494b94ecd06dabfe48a4674e7,E:\压裂窜扰项目\02 规范化\泸208H2\泸208H2 压裂施工曲线\泸208H2-3-22 压裂施工曲线（秒点）.xlsx,Log Data,named_stage_clock_only,0,27847.0,34650.0,113.38333333333334,1.0,0,3,0,1.0,2.0,54.3675,initial_window_proxy,7.0,6.0,0.022237517400004583,,supplementary,起泵前基线不足180秒,0.040498000000006584,54.3825,0.07500100000000032,4.927498,4.957501000000001,-0.07500000000000284,4.950001,1.9040585360135236,0.10500400000000099,26.416666666666668,False,0.23298544759664852,0.1,15.0,0.19585355094838994,65.16666666666667,0.0,True,5.347500000000004,1510,1,True,supplementary,C2,0.7913774973176315,False,仅供复核_不作正式训练标签
796ba3dce392b2,泸203H66,2,17,whole_stage,4,泸203H66|2-4,泸203H66|2|17,E:\压裂窜扰项目\02 规范化\泸203H66\泸203H66 邻井压力监测\泸203H66平台-2井-17段压裂施工-1、2、3、4井秒点压力监测.xlsx,Sheet1,4井,4c653e8efac70126aa56789fabae3918edc87364e876e0ab1e103a830bd37ae1,E:\压裂窜扰项目\02 规范化\泸203H66\泸203H66 压裂施工曲线\泸203H66-2-17 压裂施工曲线.xlsx,LogData(s),named_stage_clock_only,-1679702400,46234.0,54471.0,137.28333333333333,1.0,0,0,0,1.0,1.0,52.6313,initial_window_proxy,94.0,93.0,0.015567300000000589,,supplementary,起泵前基线不足180秒,0.049350000000004,52.6313,0.10500000000000398,3.517799999999994,3.5492999999999952,-0.021000000000000796,3.538799999999995,1.8962239104042704,0.08400000000000318,7.416666666666667,False,0.05402452349156246,0.1,15.0,0.7100886244992108,103.58333333333333,0.0,True,3.759299999999996,594,1,True,supplementary,C2,1.4217050521946593,False,仅供复核_不作正式训练标签
79abc69b524828,泸208H2,7,15,whole_stage,6,泸208H2|6-7,泸208H2|7|15,E:\压裂窜扰项目\02 规范化\泸208H2\泸208H2 邻井压力监测\泸208H2-7-15段压裂施工-6井压力监测.xlsx,7-15-6,无表头_文件名井号,b74d49cebe7d5a231c120a88788175bfbfbc33f0bad8d11c99db61932891f897,E:\压裂窜扰项目\02 规范化\泸208H2\泸208H2 压裂施工曲线\泸208H2-7-15 压裂施工曲线（秒点）.xlsx,秒点数据,named_stage_clock_only,1726185600,1726231201.0,1726240414.0,153.55,1.0,0,0,0,0.9960924780201889,36.0,55.02,initial_window_proxy,1.0,0.0,0.04447503480000917,,supplementary,施工窗缺口大于30秒；起泵前基线不足180秒,,54.997501,0.10500399999999388,2.2124979999999965,2.235000999999997,-0.022499000000003377,2.2124979999999965,1.0571979736842074,0.0825010000000006,11.916666666666666,False,0.07760772821013784,0.1334251044000275,15.0,0.16170861937452327,73.33333333333333,0.0,False,,1618,1,True,supplementary,C1,1.2595002448267463,False,仅供复核_不作正式训练标签
79ce806d02fc23,泸203H64,5,7,whole_stage,1,泸203H64|1-5,泸203H64|5|7,E:\压裂窜扰项目\02 规范化\泸203H64\泸203H64 邻井压力监测\泸203H64-5-7段压裂施工-1、2、3、4井秒点压力监测.xls,导出数据,1#套压(MPa),3f35efa89273df3f1a0d29680289116c672f7f76f7c0dee07260b48a95456e8b,E:\压裂窜扰项目\02 规范化\泸203H64\泸203H64 压裂施工曲线\泸203H64-5-7 压裂施工曲线.csv,text,named_stage_clock_only,-1670716800,26205.0,34676.0,141.18333333333334,1.0,0,0,0,1.0,1.0,38.817,initial_window_proxy,105.0,104.0,0.019273799999997218,,supplementary,起泵前基线不足180秒,0.012999999999998124,38.804,0.045999999999999375,0.17099999999999937,0.18999999999999773,-0.01899999999999835,0.14500000000000313,0.06951044740880638,0.09199999999999875,96.41666666666667,False,0.6829181914768032,0.1,15.0,0.37008617636642666,0.0,0.0,False,,516,1,True,supplementary,C1,0.06762726899992906,False,仅供复核_不作正式训练标签
79e3339a5c4843,阳101H34,3,16,whole_stage,4,阳101H34|3-4,阳101H34|3|16,E:\压裂窜扰项目\02 规范化\阳101H34\阳101H34 邻井压力监测\阳101H34-3-16段压裂施工-4井秒点压力监测.xls,导出数据,4#4井套压1(MPa),75537147307906d3596bcd2c954b61835694dba45420f5bb607bac08260a0afb,E:\压裂窜扰项目\02 规范化\阳101H34\阳101H34 压裂施工曲线\阳101H34-3-16 压裂施工曲线.xls,秒点数据,named_stage_clock_only,-1747180800,24205.0,37301.0,218.26666666666668,1.0,0,0,0,0.9927458766035431,95.0,48.1293754577637,initial_window_proxy,0.0,0.0,0.009727752685589012,,supplementary,施工窗缺口大于30秒；起泵前基线不足180秒,,,0.04593658447270599,3.583126068115199,3.5962486267089986,-0.013126373291001414,3.5962486267089986,2.2901646187374656,0.06562423706059661,9.5,False,0.0435247403787416,0.1,15.0,0.2742865933389739,171.83333333333334,0.0,False,,2167,1,True,supplementary,C2,1.2508762805339588,False,仅供复核_不作正式训练标签
7a4881670ad2c9,泸203H64,4,13,whole_stage,3,泸203H64|3-4,泸203H64|4|13,E:\压裂窜扰项目\02 规范化\泸203H64\泸203H64 邻井压力监测\泸203H64-4-13段压裂施工-1、2、3、5井秒点压力监测.xls,导出数据,3#套压(MPa),6f94667cc149156c14699008a687e9b3e47026e1f7c3edeab1d431104897275c,E:\压裂窜扰项目\02 规范化\泸203H64\泸203H64 压裂施工曲线\泸203H64-4-13 压裂施工曲线.csv,text,named_stage_clock_only,-1671580800,52090.0,63641.0,192.51666666666668,1.0,0,0,0,1.0,1.0,43.923,initial_window_proxy,10.0,9.0,0.019273799999997218,,supplementary,起泵前基线不足180秒,0.03960000000000008,43.969,0.05299999999999727,0.6229999999999976,0.6299999999999955,-0.32800000000000296,0.6169999999999973,-0.02480776556142506,0.09900000000000375,141.16666666666666,False,0.7332698467665136,0.1,15.0,0.31417193316595965,0.0,0.0,False,,430,1,True,supplementary,C1,0.25175536600012643,False,仅供复核_不作正式训练标签
7a4dd55b82b849,泸208H2,9,13,whole_stage,8,泸208H2|8-9,泸208H2|9|13,E:\压裂窜扰项目\02 规范化\泸208H2\泸208H2 邻井压力监测\泸208H2-9-13段压裂施工-8井压力监测.xlsx,9-13-8,无表头_文件名井号,3fa891975794313746419656db522e2b0ef5174dad3181b276db2bb5f5da83fb,E:\压裂窜扰项目\02 规范化\泸208H2\泸208H2 压裂施工曲线\泸208H2-9-13 压裂施工曲线（秒点）.xlsx,秒点数据,named_stage_clock_only,1725580800,1725612620.0,1725620700.0,134.66666666666666,1.0,0,0,0,1.0,1.0,54.0063,initial_window_proxy,20.0,19.0,0.015567300000000589,,supplementary,起泵前基线不足180秒,0.031399999999997874,54.0168,0.10490000000000066,4.320299999999996,4.341299999999997,-0.010400000000004184,4.330799999999996,2.1229352908415815,0.09430000000000405,7.5,False,0.055693069306930694,0.1,15.0,0.7439356435643565,95.75,0.0,True,4.5824,1739,1,True,supplementary,C2,0.9806533106097702,False,仅供复核_不作正式训练标签
7a89110846e8dd,泸206H8,5,5,whole_stage,8,泸206H8|5-8,泸206H8|5|5,E:\压裂窜扰项目\02 规范化\泸206H8\泸206H8 邻井压力监测\泸206H8-5-5段压裂施工-1、2、3、4、6、7、8井秒点压力监测.xls,导出数据,8井套压(MPa),070e46c362ef9be5498b0ef7f3068c9dfea26f925db9442aafd9d0827779c160,E:\压裂窜扰项目\02 规范化\泸206H8\泸206H8 压裂施工曲线\泸206H8-5-5 压裂施工曲线.xlsx,秒点数据,absolute,0,1752048733.0,1752057520.0,146.45,1.0,0,0,0,1.0,5.0,32.95,initial_window_proxy,133.0,132.0,0.0296519999999941,,supplementary,起泵前基线不足180秒,0.07000000000000028,32.96,0.03999999999999915,1.1299999999999955,1.1299999999999955,-0.10000000000000142,0.6400000000000006,0.44256515306702815,0.0800000000000054,14.0,False,0.09559576647319905,0.1,15.0,0.40270978025731524,15.083333333333334,0.0,False,,1272,1,True,supplementary,C1,0.6012187593199159,False,仅供复核_不作正式训练标签
7a8939c4bc096a,阳101H51,6,3,whole_stage,5,阳101H51|5-6,阳101H51|6|3,E:\压裂窜扰项目\02 规范化\阳101H51\阳101H51 邻井压力监测\阳101H51-6-3段压裂施工-5井秒点压力监测.xlsx,阳101H51-6井3段压裂施工期间5井压力秒点数据,5井套压,5d2669d05728fc423f07abb88502cb821433a7c5e90337439fa2061220534f11,E:\压裂窜扰项目\02 规范化\阳101H51\阳101H51 压裂施工曲线\阳101H51-6-3 压裂施工曲线（秒点）.xlsx,秒点数据,absolute,0,1780834882.0,1780850086.0,253.4,1.0,0,0,0,1.0,1.0,53.34,initial_window_proxy,23.0,22.0,0.0,,supplementary,起泵前基线不足180秒,0.00999999999999801,53.36,0.020000000000003126,5.439999999999998,5.449999999999996,0.0,5.439999999999998,3.193069258089973,0.05000000000000426,9.083333333333334,False,0.03584583004472507,0.1,15.0,0.6284530386740331,212.91666666666666,31.583333333333332,True,5.6299999999999955,2493,1,True,supplementary,C2,0.6486705538398074,False,仅供复核_不作正式训练标签
7aacfeaa98dbae,泸208H2,8,4,whole_stage,6,泸208H2|6-8,泸208H2|8|4,E:\压裂窜扰项目\02 规范化\泸208H2\泸208H2 邻井压力监测\泸208H2-8-4段压裂施工-6井压力监测.xlsx,8-4-6,无表头_文件名井号,b7d6cd05ab9f61dc54a2859bf13a11bf103253dea1364e94c5b9023a056a3f68,E:\压裂窜扰项目\02 规范化\泸208H2\泸208H2 压裂施工曲线\泸208H2-8-4 压裂施工曲线（秒点）.xlsx,秒点数据,named_stage_clock_only,1719014400,1719043468.0,1719050947.0,124.65,1.0,0,0,0,0.9863618130766145,102.0,53.137501,initial_window_proxy,0.0,0.0,0.11119648260000047,,supplementary,施工窗缺口大于30秒；起泵前基线不足180秒,,,0.25500100000000003,3.2249979999999994,3.2774999999999963,-0.0975000000000037,3.2324979999999996,1.2340071938457362,0.2024990000000031,42.7,False,0.3425591656638588,0.3335894478000014,15.0,0.07916497221092585,60.083333333333336,0.0,True,3.6074979999999996,1683,1,True,supplementary,C1,1.6220990600119236,True,仅供复核_不作正式训练标签
7aaf2d2ae00218,泸203H64,4,14,whole_stage,3,泸203H64|3-4,泸203H64|4|14,E:\压裂窜扰项目\02 规范化\泸203H64\泸203H64 邻井压力监测\泸203H64-4-14段压裂施工-1、2、3、5井秒点压力监测.xls,导出数据,3#套压(MPa),1697ee0df6ee9b20a300a7e7a111beb399477b29a06e464c392f2880e4aac0de,E:\压裂窜扰项目\02 规范化\泸203H64\泸203H64 压裂施工曲线\泸203H64-4-14 压裂施工曲线.csv,text,named_stage_clock_only,-1671667200,25384.0,30596.0,86.86666666666666,1.0,0,0,0,0.9662317728319263,176.0,41.698,initial_window_proxy,0.0,0.0,0.029652000000004633,,supplementary,施工窗缺口大于30秒；起泵前基线不足180秒,,,0.04000000000000625,0.012999999999998124,0.02599999999999625,-0.26200000000000045,-0.1700000000000017,-0.16156870532168424,0.08500000000000085,,True,1.0,0.1,15.0,0.29706115965051627,0.0,0.0,False,,434,1,True,supplementary,C1,0.17551369372147826,False,仅供复核_不作正式训练标签
7ad58c14be112b,阳101H51,3,4,whole_stage,2,阳101H51|2-3,阳101H51|3|4,E:\压裂窜扰项目\02 规范化\阳101H51\阳101H51 邻井压力监测\阳101H51-3-4段压裂施工-1、2井秒点压力监测.xlsx,阳101H51-3井4段压裂期间1井、2井压力秒点数据（202,2井套压,ff289fb7a9d5203e04447a10ab6ee8578a43094ea14f798c6a5870249adff6cb,E:\压裂窜扰项目\02 规范化\阳101H51\阳101H51 压裂施工曲线\阳101H51-3-4 压裂施工曲线（秒点）.xlsx,秒点数据,absolute,0,1777815428.0,1777827839.0,206.85,1.0,0,0,0,1.0,1.0,57.83,initial_window_proxy,8.0,7.0,0.014826000000007585,,supplementary,起泵前基线不足180秒,0.0,57.82,0.020000000000003126,4.190000000000005,4.190000000000005,-0.01999999999999602,4.190000000000005,2.7586004350978985,0.09000000000000341,3.75,False,0.018129079042784626,0.1,15.0,0.6650551929739748,175.5,0.0,False,,2451,1,True,supplementary,C2,1.2499309170096702,False,仅供复核_不作正式训练标签
7b0a8fab2dba4c,泸206H8,4,19,whole_stage,8,泸206H8|4-8,泸206H8|4|19,E:\压裂窜扰项目\02 规范化\泸206H8\泸206H8 邻井压力监测\泸206H8-4-19段压裂施工-1、2、3、5、6、7、8井秒点压力监测.xls,导出数据,8井套压(MPa),fa9c0bb798c396e5b88ccc97c0ae3c0545cd6a3ce39eee8d5acd04f8402e1630,E:\压裂窜扰项目\02 规范化\泸206H8\泸206H8 压裂施工曲线\泸206H8-4-19 压裂施工曲线.xlsx,秒点数据,absolute,0,1753861090.0,1753876681.0,259.85,1.0,0,0,0,1.0,32.0,24.71,pre_pump_10min,190.0,189.0,0.029651999999999366,0.025273130470163028,supplementary,施工窗缺口大于30秒,0.08000000000000185,24.72,0.03999999999999915,0.129999999999999,0.129999999999999,-0.17999999999999972,-0.08000000000000185,-0.05052081328971915,0.11999999999999744,143.66666666666666,False,0.5528830735680841,0.1,15.0,0.44606582669066597,0.0,0.0,False,,1056,1,True,supplementary,C1,0.07094409002545266,False,仅供复核_不作正式训练标签
7b1c67e4071073,阳101H35,2,12,whole_stage,3,阳101H35|2-3,阳101H35|2|12,E:\压裂窜扰项目\02 规范化\阳101H35\阳101H35 邻井压力监测\阳101H35平台2井第12段压裂期间邻井秒点数据5.29.xlsx,text,3#套压(MPa),85fbe16abc3867ba39dc26caaff273bd4e752d74518be95325b6eea5b99c42cd,E:\压裂窜扰项目\02 规范化\阳101H35\阳101H35 压裂施工曲线\阳101H35-2-12 压裂施工曲线（秒点）.xlsx,Log Data,named_stage_clock_only,-1716940800,50733.0,63453.0,212.0,1.0,0,0,0,1.0,1.0,51.3937492370605,initial_window_proxy,33.0,32.0,0.018533631133948927,,supplementary,起泵前基线不足180秒,0.036248779296883527,51.3937492370605,0.131252288818402,1.84375,1.9187507629395029,-0.024997711181597992,1.8250007629395029,0.9050307597754643,0.14374923706060372,29.0,False,0.13679245283018868,0.1,15.0,0.16761006289308175,105.33333333333333,0.0,True,2.012500762939503,2314,1,True,supplementary,C1,1.0976712738532206,False,仅供复核_不作正式训练标签
7c0442a467f665,阳101H34,3,20,whole_stage,2,阳101H34|2-3,阳101H34|3|20,E:\压裂窜扰项目\02 规范化\阳101H34\阳101H34 邻井压力监测\阳101H34-3-20段压裂施工-2、4井秒点压力监测.xls,导出数据,2#2井套压(MPa),0e4f538c12814c895e7cd5dca7d48f1fb6a2f1936ba12654ae3696e1828e5221,E:\压裂窜扰项目\02 规范化\阳101H34\阳101H34 压裂施工曲线\阳101H34-3-20 压裂施工曲线.xls,秒点数据,named_stage_clock_only,-1750550400,28346.0,36505.0,135.98333333333332,1.0,0,0,0,1.0,1.0,51.180549621582,initial_window_proxy,26.0,25.0,0.00974471969608706,,supplementary,起泵前基线不足180秒,0.019721984863245723,51.1871223449707,0.18406677246089487,2.7149658203125,2.741264343261797,-0.01972198486320309,2.7346878051757955,0.9100764115982922,0.23007965087889914,29.833333333333332,False,0.2193896310822405,0.1,15.0,0.2490501286922417,54.25,0.0,False,,2175,1,True,supplementary,C1,1.2105810696086021,False,仅供复核_不作正式训练标签
7c1761a06d9d7d,泸203H64,3,2,whole_stage,4,泸203H64|3-4,泸203H64|3|2,E:\压裂窜扰项目\02 规范化\泸203H64\泸203H64 邻井压力监测\泸203H64-3-2段压裂施工-1、2、4、5井秒点压力监测.xls,导出数据,4#套压(MPa),e61179204f9fc5c02226e9d538a375bdd8029cc57f2c4063a9e4043f85c551b1,E:\压裂窜扰项目\02 规范化\泸203H64\泸203H64 压裂施工曲线\泸203H64-3-2 压裂施工曲线（秒点）.csv,text,named_stage_clock_only,-1669161600,26933.0,36164.0,153.85,1.0,0,0,0,0.9992416856245261,7.0,32.452,initial_window_proxy,0.0,0.0,0.010378199999996882,,supplementary,起泵前基线不足180秒,,,0.08500000000000085,23.310000000000002,23.369,-0.013999999999995794,23.362000000000002,12.50678767346054,0.31500000000000483,6.2,False,0.04029899252518687,0.1,15.0,0.15130151843817788,143.33333333333334,123.25,False,,386,1,True,supplementary,C2,10.572305274891226,True,仅供复核_不作正式训练标签
7c3a4252763e1b,泸208H2,2,13,whole_stage,3,泸208H2|2-3,泸208H2|2|13,E:\压裂窜扰项目\02 规范化\泸208H2\泸208H2 邻井压力监测\泸208H2-2-13段压裂施工-3井压力监测.xlsx,2-13-3,无表头_文件名井号,9bde345f2ae19223530361c35a7993b1e0f3156792819ba417b4c8381f991e26,E:\压裂窜扰项目\02 规范化\泸208H2\泸208H2 压裂施工曲线\泸208H2-2-13 压裂施工曲线（秒点）.xlsx,Log Data,named_stage_clock_only,0,56158.0,65609.0,157.51666666666668,1.0,0,20,0,0.9997883821817797,2.0,58.987499,initial_window_proxy,0.0,0.0,0.25574849999999916,,supplementary,起泵前基线不足180秒,,,0.5024980000000028,1.7999989999999997,1.9500010000000003,-0.12749800000000278,1.927501999999997,0.8432614618478147,0.375,45.53333333333333,False,0.28906993968892175,0.7672454999999975,15.0,0.05756387151489452,17.166666666666668,0.0,True,2.182499,1496,1,True,supplementary,C1,0.914435264607832,False,仅供复核_不作正式训练标签
7cb081d2880aed,泸203H9,3,8,whole_stage,4,泸203H9|3-4,泸203H9|3|8,E:\压裂窜扰项目\02 规范化\泸203H9\泸203H9 邻井压力监测\泸203H9_压窜信息_3、4、6压窜监测数据（大于5兆帕）_3井第八段压裂期间邻井压力秒点数据.xls,导出数据,4#套压(MPa),b0dd325fa2b510c4733bb763d425b8c07b42d88772d59b3f20d51f60169c47ed,E:\压裂窜扰项目\02 规范化\泸203H9\泸203H9 压裂施工曲线\泸203H9-3-8 压裂施工曲线-2.xlsx,LogData(s),named_stage_clock_only,-1691193600,28068.0,34954.0,114.76666666666667,1.0,0,0,0,1.0,1.0,51.4434356689453,initial_window_proxy,168.0,167.0,0.0097334083558077,,supplementary,起泵前基线不足180秒,0.026248931884701676,51.4368743896484,0.039375305175802566,7.363128662109403,7.395938873291001,-0.013122558593700262,7.389377593994205,3.7714031758503834,0.18375015258790484,5.25,False,0.045744989834446706,0.1,15.0,0.24455416787685158,84.58333333333333,49.416666666666664,False,,997,1,True,supplementary,C2,0.8810075522992113,False,仅供复核_不作正式训练标签
7d27c76dfe6e31,阳101H51,3,12,whole_stage,4,阳101H51|3-4,阳101H51|3|12,E:\压裂窜扰项目\02 规范化\阳101H51\阳101H51 邻井压力监测\阳101H51-3-12段压裂施工-2、4井秒点压力监测.xlsx,阳101H51-3井12段压裂施工期间2井、4井压力秒点数据（,4井套压,9bb55a5b578a59437da635d969f413d1a19acb7ad4a62466c5d155153c0a6d81,E:\压裂窜扰项目\02 规范化\阳101H51\阳101H51 压裂施工曲线\阳101H51-3-12 压裂施工曲线（秒点）.xlsx,秒点数据,absolute,0,1781951682.0,1781965865.0,236.38333333333333,1.0,0,0,0,0.9996474652753297,5.0,48.59,initial_window_proxy,43.0,42.0,0.0,,supplementary,起泵前基线不足180秒,0.00999999999999801,48.59,0.030000000000001137,9.149999999999999,9.169999999999995,-0.04000000000000625,9.169999999999995,4.81157180138242,0.15000000000000568,47.666666666666664,False,0.20164986251145736,0.1,15.0,0.6210325856961489,172.91666666666666,140.75,False,,2434,1,True,supplementary,C2,2.2286744330632975,False,仅供复核_不作正式训练标签
7d33342d92817b,泸203H9,1,13,whole_stage,2,泸203H9|1-2,泸203H9|1|13,E:\压裂窜扰项目\02 规范化\泸203H9\泸203H9 邻井压力监测\泸203H9-1井13段压裂期间2井压力秒点数据.xls,导出数据,2#套压(MPa),65525c9117ac659b6ab963470b156f14f83a34e00d8969ff252d40d5107605ae,E:\压裂窜扰项目\02 规范化\泸203H9\泸203H9 压裂施工曲线\泸203H9-1-13 压裂施工曲线.xlsx,LogData(s),named_stage_clock_only,-1700611200,25197.0,28089.0,48.2,1.0,0,0,0,1.0,38.0,50.8194961547852,initial_window_proxy,117.0,116.0,0.019472472381665537,,supplementary,施工窗缺口大于30秒；起泵前基线不足180秒,0.019702911376903387,50.7932243347168,1.0706062316893963,2.7060699462889986,2.7323417663574006,-0.026271820068402008,2.7323417663574006,1.295713171424666,1.083740234375,6.583333333333333,False,0.13658367911479943,0.1,15.0,0.25,29.0,0.0,False,,959,1,True,supplementary,C1,1.5976199709912586,True,仅供复核_不作正式训练标签
7d44326c026d49,泸203H76,1,22,whole_stage,3,泸203H76|1-3,泸203H76|1|22,E:\压裂窜扰项目\02 规范化\泸203H76\泸203H76 邻井压力监测\泸203H76平台-1井-22段压裂施工-2、3、4井秒点压力监测.xls,Sheet1,3井井口压力,9b3be52c881317e588f0d64223358778f9d4f1c9383f434428a7a8c17007316e,E:\压裂窜扰项目\02 规范化\泸203H76\泸203H76 压裂施工曲线\泸203H76-1-22 压裂施工曲线（秒点）.xlsx,Sheet1,named_stage_clock_only,-1680134400,27894.0,34230.0,105.6,1.0,0,0,0,1.0,1.0,54.9205,initial_window_proxy,114.0,113.0,0.0,,supplementary,起泵前基线不足180秒,0.021000000000000796,54.931,0.031500000000001194,0.6091000000000051,0.6091000000000051,-0.010500000000000398,0.5460000000000065,0.36290099431818457,0.031500000000001194,23.5,False,0.2225378787878788,0.1,15.0,0.9155618686868687,0.0,0.0,True,0.5355000000000061,705,1,True,supplementary,C1,0.4206731838054182,False,仅供复核_不作正式训练标签
7d55cc20666482,泸203H76,3,20,whole_stage,4,泸203H76|3-4,泸203H76|3|20,E:\压裂窜扰项目\02 规范化\泸203H76\泸203H76 邻井压力监测\泸203H76平台-3井-20段压裂施工-1、2、4井秒点压力监测.xls,Sheet1,4井井口压力,38a1da3946aa0fe546760591699629a22b58c5bcf80a9c28100235d65941e62f,E:\压裂窜扰项目\02 规范化\泸203H76\泸203H76 压裂施工曲线\泸203H76-3-20 压裂施工曲线（秒点）.xls,Sheet1,named_stage_clock_only,-1680134400,38428.0,44407.0,99.65,1.0,0,0,0,1.0,1.0,49.6595,initial_window_proxy,88.0,87.0,0.031134600000001178,,supplementary,起泵前基线不足180秒,0.08715000000000117,49.628,0.5459999999999994,0.3254999999999981,0.3990000000000009,-0.26259999999999906,-0.21010000000000417,-0.024962359926410133,0.4830000000000041,55.166666666666664,False,0.5536042816524502,0.1,15.0,0.6718514801806322,0.0,0.0,True,-0.23109999999999786,873,1,True,supplementary,C1,0.08982798255766915,False,仅供复核_不作正式训练标签
7d763b64e4e946,阳101H35,2,12,whole_stage,4,阳101H35|2-4,阳101H35|2|12,E:\压裂窜扰项目\02 规范化\阳101H35\阳101H35 邻井压力监测\阳101H35平台2井第12段压裂期间邻井秒点数据5.29.xlsx,text,4#套压(MPa),85fbe16abc3867ba39dc26caaff273bd4e752d74518be95325b6eea5b99c42cd,E:\压裂窜扰项目\02 规范化\阳101H35\阳101H35 压裂施工曲线\阳101H35-2-12 压裂施工曲线（秒点）.xlsx,Log Data,named_stage_clock_only,-1716940800,50733.0,63453.0,212.0,1.0,0,0,0,1.0,1.0,35.942813873291,initial_window_proxy,33.0,32.0,0.009727752685578479,,supplementary,起泵前基线不足180秒,0.006561279296896316,35.942813873291,0.05250167846680398,0.321559906005902,0.328125,-0.02625274658200283,0.28874969482419743,0.1499393996952624,0.06562423706049714,60.75,False,0.2865566037735849,0.1,15.0,0.31147798742138366,0.0,0.0,True,0.321559906005902,2313,1,True,supplementary,C1,0.1663941103334782,False,仅供复核_不作正式训练标签
7dd26dd3707123,泸203H76,3,18,whole_stage,2,泸203H76|2-3,泸203H76|3|18,E:\压裂窜扰项目\02 规范化\泸203H76\泸203H76 邻井压力监测\泸203H76平台-3井-18段压裂施工-1、2、4井秒点压力监测.xls,Sheet1,2井井口压力,7b8dd75d2b1a51aedd3b2ff199f31901a2349f93d81b8c62e1524de8fecfa0b0,E:\压裂窜扰项目\02 规范化\泸203H76\泸203H76 压裂施工曲线\泸203H76-3-18 压裂施工曲线（秒点）.xlsx,Sheet1,named_stage_clock_only,-1679961600,37808.0,43926.0,101.96666666666667,1.0,0,0,0,1.0,1.0,58.8164,initial_window_proxy,68.0,67.0,0.015567300000000589,,supplementary,起泵前基线不足180秒,0.021000000000000796,58.8479,0.05250000000000199,0.5670000000000002,0.5775000000000006,-0.23100000000000165,0.5775000000000006,0.12995680778031915,0.04200000000000159,53.25,False,0.5222294867603792,0.1,15.0,0.8841124550506702,0.0,0.0,True,0.5670000000000002,860,1,True,supplementary,C1,0.2815936614105117,False,仅供复核_不作正式训练标签
7ddfe4b13ddc2e,阳101H34,3,7,whole_stage,4,阳101H34|3-4,阳101H34|3|7,E:\压裂窜扰项目\02 规范化\阳101H34\阳101H34 邻井压力监测\阳101H34-3-7段压裂施工-4井秒点压力监测.xls,导出数据,4#4井套压1(MPa),4b55f4f91cddcd45393f1a109d813a13e4ce1e84bbaadeacbf8229455dcef65a,E:\压裂窜扰项目\02 规范化\阳101H34\阳101H34 压裂施工曲线\阳101H34-3-7 压裂施工曲线.xls,秒点数据,named_stage_clock_only,-1745366400,24662.0,35095.0,173.88333333333333,1.0,0,0,0,1.0,1.0,55.0971603393555,initial_window_proxy,62.0,61.0,0.009733408355797167,,supplementary,起泵前基线不足180秒,0.026275634765603684,55.0971603393555,5.767368316650405,1.9092102050781037,1.9259033203125,-8.6707572937012,1.9203338623047017,0.7998897861819357,8.677326202392607,39.25,False,0.22572606153551233,0.1,15.0,0.24115786446851337,71.16666666666667,0.0,False,,2192,1,True,supplementary,C1,1.200078585343666,False,仅供复核_不作正式训练标签
7e79e2d61417b4,泸203H76,3,13,whole_stage,1,泸203H76|1-3,泸203H76|3|13,E:\压裂窜扰项目\02 规范化\泸203H76\泸203H76 邻井压力监测\泸203H76平台-3井-13段压裂施工-1、2、4井秒点压力监测.xls,Sheet1,1井井口压力,799053ba8c4de04d202150b590919c8585a53c2ba20d1ed3fad138abbc6f08e5,E:\压裂窜扰项目\02 规范化\泸203H76\泸203H76 压裂施工曲线\泸203H76-3-13 压裂施工曲线（秒点）.xls,Sheet1,named_stage_clock_only,-1679356800,25898.0,30352.0,74.23333333333333,1.0,0,0,0,1.0,1.0,57.2097,initial_window_proxy,38.0,37.0,0.07783649999999241,,supplementary,起泵前基线不足180秒,0.2120999999999995,57.1572,0.5670999999999964,0.021000000000000796,0.09450000000000358,-0.4514999999999958,-0.4514999999999958,-0.14200696003592062,0.28350000000000364,,True,1.0,0.23350949999997722,15.0,0.6755725190839694,0.0,0.0,True,-0.3990000000000009,835,1,True,supplementary,C1,0.1609610425853186,False,仅供复核_不作正式训练标签
7f809a2e842b1a,泸203H64,5,5,whole_stage,1,泸203H64|1-5,泸203H64|5|5,E:\压裂窜扰项目\02 规范化\泸203H64\泸203H64 邻井压力监测\泸203H64-5-5段压裂施工-1、2、3、4井秒点压力监测.xls,导出数据,1#套压(MPa),e4312b258575897971f276bbc84aa819b78ef22e335b82450b39723794e11562,E:\压裂窜扰项目\02 规范化\泸203H64\泸203H64 压裂施工曲线\泸203H64-5-5 压裂施工曲线.csv,text,named_stage_clock_only,-1670544000,49614.0,55061.0,90.78333333333333,1.0,0,0,0,1.0,1.0,39.368,initial_window_proxy,114.0,113.0,0.020756399999993763,,supplementary,起泵前基线不足180秒,0.0589999999999975,39.342,0.03300000000000125,0.19699999999999562,0.21699999999999875,-0.045999999999999375,0.17799999999999727,0.10372140627868362,0.10500000000000398,31.75,False,0.34973379842114927,0.1,15.0,0.34514411602717093,0.0,0.0,False,,508,1,True,supplementary,C1,0.10921369442531839,False,仅供复核_不作正式训练标签
7fa64253d9a648,阳101H51,6,1,whole_stage,5,阳101H51|5-6,阳101H51|6|1,E:\压裂窜扰项目\02 规范化\阳101H51\阳101H51 邻井压力监测\阳101H51-6-1段压裂施工-5井秒点压力监测.xlsx,阳101H51-6井1段压裂施工期间5井压力秒点数据（2026,5井套压,2546d8242dc24552fa655382248f38c4c670c192ce12917af9f724029ac6c663,E:\压裂窜扰项目\02 规范化\阳101H51\阳101H51 压裂施工曲线\阳101H51-6-1 压裂施工曲线（秒点）.xlsx,秒点数据,absolute,0,1779780300.0,1779791396.0,184.93333333333334,1.0,0,0,0,1.0,1.0,38.52,initial_window_proxy,61.0,60.0,0.0,,supplementary,起泵前基线不足180秒,0.00999999999999801,38.54,0.030000000000001137,15.939999999999998,16.0,-0.11000000000000654,15.989999999999995,3.9553321016582523,0.23999999999999488,65.41666666666667,False,0.353731074260995,0.1,15.0,0.6518565248738284,92.5,58.0,False,,2491,1,True,supplementary,C2,3.173692526266986,False,仅供复核_不作正式训练标签
7fc567558fc357,泸201H5,4,2,whole_stage,3,泸201H5|3-4,泸201H5|4|2,E:\压裂窜扰项目\02 规范化\泸201H5\泸201H5 邻井压力监测\泸201H5-4-2段压裂施工-1、2、3井压力监测.xls,导出数据,3井压力(MPa),196b9b6c4025c585b01f56fe349d7054e1f1705d52187c90a59e0f87ce185705,E:\压裂窜扰项目\02 规范化\泸201H5\泸201H5 压裂施工曲线\泸201H5-4-2 压裂施工曲线.xlsx,Log Data,absolute,0,1759822251.0,1759835634.0,223.05,1.0,0,0,0,0.9968616902039902,42.0,53.16,pre_pump_10min,600.0,599.0,0.01482599999999705,-0.000803318898102876,supplementary,施工窗缺口大于30秒,0.030000000000001137,53.16,0.10000000000000142,7.390000000000001,7.390000000000001,-0.02999999999999403,7.3700000000000045,3.4509043549958807,0.1600000000000037,18.583333333333332,False,0.08331465291788089,0.1,15.0,0.3832933053137196,166.41666666666666,81.16666666666667,True,7.890000000000001,260,1,True,supplementary,C2,0.4756394063548686,False,仅供复核_不作正式训练标签
802481c3be89c8,泸208H1,3,3,whole_stage,5,泸208H1|3-5,泸208H1|3|3,E:\压裂窜扰项目\02 规范化\泸208H1\泸208H1 邻井压力监测\泸208H1-3-3段压裂施工-5井压力监测.xlsx,3-3-5,无表头_文件名井号,7e3db191f2cd49d1be79f9a265f70dff78aca8b2f1efbdce5d2dc3baa32521dc,E:\压裂窜扰项目\02 规范化\泸208H1\泸208H1 压裂施工曲线\泸208H1-3-3 压裂施工曲线（秒点）.xls,导出数据,named_stage_clock_only,0,28232.0,34923.0,111.51666666666667,1.0,0,0,0,1.0,1.0,46.69,initial_window_proxy,32.0,31.0,0.0,,supplementary,起泵前基线不足180秒,0.0,46.69,0.05000000000000426,2.6000000000000014,2.6500000000000057,-0.17999999999999972,2.6500000000000057,0.5379098789418642,0.10000000000000142,59.0,False,0.5290688985204005,0.1,15.0,0.9152593035420714,29.666666666666668,0.0,True,3.1000000000000014,1342,1,True,supplementary,C1,1.0054860083071733,False,仅供复核_不作正式训练标签
80471b2def7359,泸203H64,5,15,whole_stage,3,泸203H64|3-5,泸203H64|5|15,E:\压裂窜扰项目\02 规范化\泸203H64\泸203H64 邻井压力监测\泸203H64-5-15段压裂施工-1、2、3、4井秒点压力监测.xls,导出数据,3#套压(MPa),321592880a1a0b5282cee8ef142ba277b9734e50895bf7c07245bfe89ea30861,E:\压裂窜扰项目\02 规范化\泸203H64\泸203H64 压裂施工曲线\泸203H64-5-15 压裂施工曲线.csv,text,named_stage_clock_only,-1671062400,26252.0,37028.0,179.6,1.0,0,0,0,1.0,1.0,38.633,initial_window_proxy,152.0,151.0,0.028169400000008088,,supplementary,起泵前基线不足180秒,0.07140000000000413,38.66,0.03999999999999915,0.01999999999999602,0.045999999999999375,-0.4060000000000059,-0.3930000000000007,-0.223752830363774,0.09100000000000108,,True,1.0,0.1,15.0,0.3324981440237565,0.0,0.0,False,,494,1,True,supplementary,C1,0.2549027463597618,False,仅供复核_不作正式训练标签
805adb1b8fb1fe,泸208H2,5,7,whole_stage,4,泸208H2|4-5,泸208H2|5|7,E:\压裂窜扰项目\02 规范化\泸208H2\泸208H2 邻井压力监测\泸208H2-5-7段压裂施工-4井压力监测.xlsx,5-7-4,无表头_文件名井号,a997b0e1cf4282f5aa13c0b740566a0e0ea622b23b1c92297c46c2bd078b3a45,E:\压裂窜扰项目\02 规范化\泸208H2\泸208H2 压裂施工曲线\泸208H2-5-7 压裂施工曲线（秒点）.xlsx,Log Data,named_stage_clock_only,0,34379.0,46753.0,206.23333333333332,1.0,0,6,0,0.9999191853887183,2.0,58.950001,initial_window_proxy,0.0,0.0,0.02223900000000084,,supplementary,起泵前基线不足180秒,,,0.07500100000000032,3.757499000000003,3.7874979999999994,-0.030003000000000668,3.764999000000003,2.236254471813626,0.06750100000000003,21.933333333333334,False,0.10635202844674319,0.1,15.0,0.19291720569210866,148.0,0.0,True,3.899996999999999,1561,1,True,supplementary,C2,1.1357888568096788,False,仅供复核_不作正式训练标签
809a49af333422,阳101H32,2,7,whole_stage,6,阳101H32|2-6,阳101H32|2|7,E:\压裂窜扰项目\02 规范化\阳101H32\阳101H32 邻井压力监测\阳101H32-2-7段压裂施工-4、6井分点压力监测.xlsx,导出数据,阳101H32-6井套压(MPa),a3b225514eacfeb452ce4c4c6cc192012d7bba9d182a631b00d1324699bebc9f,E:\压裂窜扰项目\02 规范化\阳101H32\阳101H32 压裂施工曲线\阳101H32-2-7 压裂施工曲线.xlsx,秒数据,absolute,0,1766129488.0,1766145853.0,272.75,60.0,0,0,0,0.997250229147571,60.0,48.33,initial_window_proxy,2.0,60.0,0.0,,supplementary,原始采样间隔大于30秒；施工窗缺口大于30秒；起泵前基线不足180秒,,48.33,0.060000000000002274,,5.850000000000001,0.0,5.84,2.7126286764705894,0.060000000000002274,24.533333333333335,False,0.08994805988389858,0.1,60.0,0.13602941176470587,186.0,59.0,False,,1870,1,True,supplementary,C2,0.23882378633798282,False,仅供复核_不作正式训练标签
816b45a516f337,阳101H51,6,9,whole_stage,5,阳101H51|5-6,阳101H51|6|9,E:\压裂窜扰项目\02 规范化\阳101H51\阳101H51 邻井压力监测\阳101H51-6-9段压裂施工-5井套压压力监测.xlsx,阳101H51平台6井9段压裂5井压力,5井套压,744da8594d8c10b719b7caa8bf04b5e50b7ebf2f18c9b66f22952fbe2b42a1b0,E:\压裂窜扰项目\02 规范化\阳101H51\阳101H51 压裂施工曲线\阳101H51-6-9 压裂施工曲线（秒点）.xlsx,秒点数据,absolute,0,1782212652.0,1782226052.0,223.33333333333334,60.0,0,15045,0,0.9940298507462687,60.0,52.32,pre_pump_10min,5.0,240.0,0.0,-0.006000000000005765,supplementary,原始采样间隔大于30秒；施工窗缺口大于30秒,0.020000000000003126,52.32,0.04000000000000625,,2.5449999999999946,-0.00999999999999801,2.542499999999997,1.5386373873873869,0.04000000000000625,6.8,False,0.030447761194029848,0.1,60.0,0.15315315315315314,173.0,0.0,True,2.625,2498,1,True,supplementary,C1,1.6760872398153024,True,仅供复核_不作正式训练标签
81ffd61181ff60,泸203H153,5,20,whole_stage,6,泸203H153|5-6,泸203H153|5|20,E:\压裂窜扰项目\02 规范化\泸203H153\泸203H153 邻井压力监测\泸203H153-5-20段压裂施工-6井套压压力监测.xls,导出数据,6井套压(MPa),44b18f928173a7cb4db24bac344e59bda4bdd38523d98b9b1a045c90e4d3db69,E:\压裂窜扰项目\02 规范化\泸203H153\泸203H153 压裂施工曲线\泸203H153-5-20 压裂施工曲线-3.xls,分点数据,absolute,0,1717401966.0,1717414295.0,205.48333333333332,1.0,0,0,0,0.9922945899910779,95.0,61.36,initial_window_proxy,66.0,65.0,0.01482599999999705,,supplementary,施工窗缺口大于30秒；起泵前基线不足180秒,0.01999999999999602,61.355000000000004,0.05000000000000426,6.579999999999998,6.590000000000003,-0.00999999999999801,6.579999999999998,4.309945234592121,0.17999999999999972,7.166666666666667,False,0.034877118987752455,0.1,15.0,0.35646558770639203,170.75,128.08333333333334,False,,332,1,True,supplementary,C2,1.6538568954843167,False,仅供复核_不作正式训练标签
827e6551bc146b,泸203H76,3,8,whole_stage,2,泸203H76|2-3,泸203H76|3|8,E:\压裂窜扰项目\02 规范化\泸203H76\泸203H76 邻井压力监测\泸203H76平台-3井-8段压裂施工-2、4井秒点压力监测.xls,Sheet1,2井井口压力,e5663a4194cbfe66af6f76376d63ef3941d798f38586d4b627f6cd8b30e1a46c,E:\压裂窜扰项目\02 规范化\泸203H76\泸203H76 压裂施工曲线\泸203H76-3-8 压裂施工曲线（秒点）.xlsx,Sheet1,named_stage_clock_only,0,50395.0,57934.0,125.65,1.0,0,0,0,1.0,1.0,58.3438,initial_window_proxy,115.0,114.0,0.0,,supplementary,起泵前基线不足180秒,0.021000000000000796,58.3438,0.04200000000000159,2.5938000000000017,2.604299999999995,-0.021000000000000796,2.5938000000000017,1.1554769266480953,0.06300000000000239,34.5,False,0.27457222443294865,0.1,15.0,0.8853959411062475,66.25,0.0,True,2.709299999999999,892,1,True,supplementary,C1,1.499024108013699,True,仅供复核_不作正式训练标签
82b013df4f8662,泸203H76,3,19,whole_stage,2,泸203H76|2-3,泸203H76|3|19,E:\压裂窜扰项目\02 规范化\泸203H76\泸203H76 邻井压力监测\泸203H76平台-3井-19段压裂施工-1、2、4井秒点压力监测.xls,Sheet1,2井井口压力,18281273858de5dd181f67d4b7063bcd8dc10e77e29fc0dcfa650a6669c7c859,E:\压裂窜扰项目\02 规范化\泸203H76\泸203H76 压裂施工曲线\泸203H76-3-19 压裂施工曲线（秒点）.xls,Sheet1,named_stage_clock_only,-1680048000,51647.0,57739.0,101.53333333333333,1.0,0,0,0,1.0,1.0,55.7186,initial_window_proxy,47.0,46.0,0.015567300000000589,,supplementary,起泵前基线不足180秒,0.021000000000000796,55.6976,0.10500000000000398,1.2601000000000013,1.2705999999999946,-0.021000000000000796,1.2601000000000013,0.6150387721602082,0.07350000000000279,10.25,False,0.10095206828627709,0.1,15.0,0.8813197636244254,18.833333333333332,0.0,True,1.3125999999999962,866,1,True,supplementary,C1,0.7148617313068955,False,仅供复核_不作正式训练标签
82f633ce1d4b4e,泸203H66,1,17,whole_stage,4,泸203H66|1-4,泸203H66|1|17,E:\压裂窜扰项目\02 规范化\泸203H66\泸203H66 邻井压力监测\泸203H66平台-1井-17段压裂施工-1、2、3、4井秒点压力监测.xls,Sheet1,4井井口压力,ea175d11566e40ee2f56b4908ca0edae55746427165cad11f47493556f232c18,E:\压裂窜扰项目\02 规范化\泸203H66\泸203H66 压裂施工曲线\泸203H66-1-17 压裂施工曲线.xlsx,LogData(s),named_stage_clock_only,-1680566400,28079.0,33341.0,87.7,1.0,0,0,0,1.0,1.0,50.6676,initial_window_proxy,119.0,118.0,0.015567300000000589,,supplementary,起泵前基线不足180秒,0.04200000000000159,50.6676,0.09450000000000358,0.6510000000000034,0.671999999999997,-0.021000000000000796,0.640500000000003,0.3724327251995442,0.06300000000000239,13.0,False,0.14823261117445838,0.1,15.0,0.7139870771569745,0.0,0.0,True,0.6929999999999978,546,1,True,supplementary,C1,0.4141560571911043,False,仅供复核_不作正式训练标签
83459577aae05d,阳101H51,6,10,whole_stage,5,阳101H51|5-6,阳101H51|6|10,E:\压裂窜扰项目\02 规范化\阳101H51\阳101H51 邻井压力监测\阳101H51-6-10段压裂施工-5井秒点压力监测.xlsx,阳101H51-6井10段压裂施工期间5井压力秒点数据,5井套压,fdb62707a3e019ff70e1ebe0368483a7881b7dbae70c7fa0162d93d904bdee86,E:\压裂窜扰项目\02 规范化\阳101H51\阳101H51 压裂施工曲线\阳101H51-6-10 压裂施工曲线（秒点）.xlsx,秒点数据,absolute,0,1782719316.0,1782731839.0,208.71666666666667,1.0,0,0,0,1.0,1.0,51.76,initial_window_proxy,97.0,96.0,0.0,,supplementary,起泵前基线不足180秒,0.010000000000005116,51.77,0.020000000000003126,5.330000000000005,5.340000000000003,0.0,5.340000000000003,2.722633953525515,0.0800000000000054,7.583333333333333,False,0.03633314700950251,0.1,15.0,0.6333945540206021,146.5,17.0,True,5.469999999999999,2490,1,True,supplementary,C2,0.5161801875725269,False,仅供复核_不作正式训练标签
84066553aa9a78,泸206H8,5,5,whole_stage,7,泸206H8|5-7,泸206H8|5|5,E:\压裂窜扰项目\02 规范化\泸206H8\泸206H8 邻井压力监测\泸206H8-5-5段压裂施工-1、2、3、4、6、7、8井秒点压力监测.xls,导出数据,7井套压(MPa),070e46c362ef9be5498b0ef7f3068c9dfea26f925db9442aafd9d0827779c160,E:\压裂窜扰项目\02 规范化\泸206H8\泸206H8 压裂施工曲线\泸206H8-5-5 压裂施工曲线.xlsx,秒点数据,absolute,0,1752048733.0,1752057520.0,146.45,1.0,0,0,0,1.0,5.0,36.04,initial_window_proxy,133.0,132.0,0.07413000000000632,,supplementary,起泵前基线不足180秒,0.21999999999999886,35.945,0.05000000000000426,0.4399999999999977,0.4399999999999977,-0.14000000000000057,0.35999999999999943,0.32352224877660263,0.14999999999999858,9.0,False,0.06145442130419939,0.22239000000001896,15.0,0.3929181373107139,0.0,0.0,False,,1273,1,True,supplementary,C1,0.33292708224158296,False,仅供复核_不作正式训练标签
841414f0b8d030,泸203H76,2,9,whole_stage,4,泸203H76|2-4,泸203H76|2|9,E:\压裂窜扰项目\02 规范化\泸203H76\泸203H76 邻井压力监测\泸203H76平台-2井-9段压裂施工-1、3、4井分点压力监测-2.xls,历史数据,4井井口压力,bbd58f9b1abef53d762cb254c335f3d40bd671f5545d42274de57b5377ea1332,E:\压裂窜扰项目\02 规范化\泸203H76\泸203H76 压裂施工曲线\泸203H76-2-9 压裂施工曲线（秒点）.xlsx,Sheet1,named_stage_clock_only,-1678233600,30611.0,41254.0,177.38333333333333,60.0,0,0,0,0.9922014469604434,60.0,51.3606,initial_window_proxy,2.0,60.0,0.03891825000000147,,supplementary,原始采样间隔大于30秒；施工窗缺口大于30秒；起泵前基线不足180秒,,51.3921,0.29410000000000025,,2.278800000000004,-0.12599999999999767,2.2420500000000025,0.6379954545454565,0.29410000000000025,55.81666666666667,False,0.31466691722258766,0.11675475000000442,60.0,0.09659090909090909,36.0,0.0,True,2.4940500000000085,810,1,True,supplementary,C1,0.883728899691352,False,仅供复核_不作正式训练标签
8459b906933b52,泸203H76,1,21,whole_stage,4,泸203H76|1-4,泸203H76|1|21,E:\压裂窜扰项目\02 规范化\泸203H76\泸203H76 邻井压力监测\泸203H76平台-1井-21段压裂施工-2、3、4井秒点压力监测.xls,Sheet1,4井井口压力,e4a7793fefc576f6db6551800018d502c2573eb53ba4b3f37141d8f02b0bd157,E:\压裂窜扰项目\02 规范化\泸203H76\泸203H76 压裂施工曲线\泸203H76-1-21 压裂施工曲线（秒点）.xlsx,Sheet1,named_stage_clock_only,-1680048000,41685.0,48484.0,113.31666666666666,1.0,0,0,0,1.0,1.0,53.4293,initial_window_proxy,105.0,104.0,0.015567300000000589,,supplementary,起泵前基线不足180秒,0.06299999999999528,53.3978,0.3780000000000001,0.4410999999999987,0.5356000000000023,-0.031500000000001194,0.31510000000000105,0.2980407339314627,0.23100000000000165,12.833333333333334,False,0.11325194881600237,0.1,15.0,0.6762759229298426,0.0,0.0,True,0.25209999999999866,700,1,True,supplementary,C1,0.31686588272976784,False,仅供复核_不作正式训练标签
84929e6b08a6da,阳101H34,3,25,whole_stage,2,阳101H34|2-3,阳101H34|3|25,E:\压裂窜扰项目\02 规范化\阳101H34\阳101H34 邻井压力监测\阳101H34-3-25段压裂施工-2、4井秒点压力监测.xlsx,导出数据,2#2井套压(MPa),5e833a118b06c2f5a6c4e8d1b85c8730119a45085178058cb75aaa776db02a05,E:\压裂窜扰项目\02 规范化\阳101H34\阳101H34 压裂施工曲线\阳101H34-3-25 压裂施工曲线.xls,秒点数据,named_stage_clock_only,-1751155200,28377.0,33295.0,81.96666666666667,1.0,0,0,0,0.9993899959333062,3.0,56.5657043457031,initial_window_proxy,0.0,0.0,0.009756031036376952,,supplementary,起泵前基线不足180秒,,,0.04603576660149855,0.7694282531739063,0.7891578674317046,-0.006572723388593715,0.7760009765625,0.23705759873106608,0.03945922851570316,34.38333333333333,False,0.4194794631964213,0.1,15.0,0.261851475076297,0.0,0.0,True,1.0061721801758026,2182,1,True,supplementary,C1,0.3205508487338595,False,仅供复核_不作正式训练标签
865907cb3a18fd,泸208H2,4,11,whole_stage,1,泸208H2|1-4,泸208H2|4|11,E:\压裂窜扰项目\02 规范化\泸208H2\泸208H2 邻井压力监测\泸208H2-4-11段压裂施工-1井压力监测.xlsx,4-11-1,无表头_文件名井号,087c3b1b1242d3a653bd6741b1757788da3fe586538b0b80440016e1a06d1581,E:\压裂窜扰项目\02 规范化\泸208H2\泸208H2 压裂施工曲线\泸208H2-4-11 压裂施工曲线（秒点）.xlsx,Log Data,named_stage_clock_only,0,44195.0,49801.0,93.43333333333334,1.0,0,16,0,0.9955404923296468,25.0,60.637501,initial_window_proxy,0.0,0.0,0.10007698260000004,,supplementary,起泵前基线不足180秒,,,0.24000199999999694,2.7974999999999994,2.819999000000003,-0.07500100000000032,2.774996999999999,1.4325756516753265,0.20249999999999346,16.25,False,0.1739207991437745,0.30023094780000015,15.0,0.08713618397412864,58.583333333333336,0.0,True,2.9024999999999963,1525,1,True,supplementary,C1,1.6773078089216844,True,仅供复核_不作正式训练标签
865f2ad3202d93,阳101H51,1,15,whole_stage,3,阳101H51|1-3,阳101H51|1|15,E:\压裂窜扰项目\02 规范化\阳101H51\阳101H51 邻井压力监测\阳101H51-1-15段压裂施工-2、3井秒点压力监测.xlsx,阳101H51-1井15段压裂施工2井、3井压力秒点数据（20,3井套压,78b93e034879aa6d782c83e0238933f682ae326d9801c4148719ff45bb335bcf,E:\压裂窜扰项目\02 规范化\阳101H51\阳101H51 压裂施工曲线\阳101H51-1-15 压裂施工曲线（秒点）.xlsx,秒点数据,absolute,0,1779611076.0,1779616937.0,97.68333333333334,1.0,0,0,0,0.9970994710800205,17.0,55.01,initial_window_proxy,37.0,36.0,0.0,,supplementary,起泵前基线不足180秒,0.020000000000003126,55.02,0.01999999999999602,0.3200000000000003,0.3300000000000054,-0.18999999999999773,0.3300000000000054,-0.0260018822724141,0.020000000000003126,77.33333333333333,False,0.7916737758061764,0.1,15.0,0.7383641341546886,0.0,0.0,False,,2367,1,True,supplementary,C1,0.13164069648117635,False,仅供复核_不作正式训练标签
86ee74c56fc7db,泸208H2,7,4,whole_stage,6,泸208H2|6-7,泸208H2|7|4,E:\压裂窜扰项目\02 规范化\泸208H2\泸208H2 邻井压力监测\泸208H2-7-4段压裂施工-6井压力监测.xlsx,7-4-6,无表头_文件名井号,4bda1048f2e08660849a16864bb38dd318798aa42d04f6af9d334d89b95ed10a,E:\压裂窜扰项目\02 规范化\泸208H2\泸208H2 压裂施工曲线\泸208H2-7-4 压裂施工曲线（秒点）.xlsx,秒点数据,named_stage_clock_only,1718668800,1718698319.0,1718711426.0,218.45,1.0,0,0,0,1.0,1.0,53.467499,initial_window_proxy,119.0,118.0,0.08895748260001016,,supplementary,起泵前基线不足180秒,0.1515019999999936,53.467499,0.41249899999999684,7.357502000000004,7.387501,-0.0749969999999962,7.275001000000003,3.9444230635156825,0.4650000000000034,9.833333333333334,False,0.04501411459525445,0.2668724478000305,15.0,0.14999618524452582,196.16666666666666,60.0,False,,1631,1,True,supplementary,C2,1.1612794968665943,False,仅供复核_不作正式训练标签
8797f6f80ca47d,泸203H76,3,19,whole_stage,1,泸203H76|1-3,泸203H76|3|19,E:\压裂窜扰项目\02 规范化\泸203H76\泸203H76 邻井压力监测\泸203H76平台-3井-19段压裂施工-1、2、4井秒点压力监测.xls,Sheet1,1井井口压力,18281273858de5dd181f67d4b7063bcd8dc10e77e29fc0dcfa650a6669c7c859,E:\压裂窜扰项目\02 规范化\泸203H76\泸203H76 压裂施工曲线\泸203H76-3-19 压裂施工曲线（秒点）.xls,Sheet1,named_stage_clock_only,-1680048000,51647.0,57739.0,101.53333333333333,1.0,0,0,0,1.0,1.0,59.3729,initial_window_proxy,47.0,46.0,0.062269200000002356,,supplementary,起泵前基线不足180秒,0.4537000000000049,59.3309,0.535499999999999,0.04200000000000159,0.10499999999999687,-0.724499999999999,-0.4830000000000041,-0.4363661769533831,0.18900000000000006,,True,1.0,0.18680760000000707,15.0,0.672521339461589,0.0,0.0,True,-0.5564999999999998,865,1,True,supplementary,C1,0.46023373662475353,False,仅供复核_不作正式训练标签
87b80652670298,泸203H76,3,21,whole_stage,1,泸203H76|1-3,泸203H76|3|21,E:\压裂窜扰项目\02 规范化\泸203H76\泸203H76 邻井压力监测\泸203H76平台-3井-21段压裂施工-1、2、4井秒点压力监测.xls,Sheet1,1井井口压力,e0833ec5b8ccb66960d36da5a2a2cb120405121983da81a14d4697f67680c40e,E:\压裂窜扰项目\02 规范化\泸203H76\泸203H76 压裂施工曲线\泸203H76-3-21 压裂施工曲线（秒点）.xls,Sheet1,named_stage_clock_only,-1680307200,38641.0,45925.0,121.4,1.0,0,0,0,1.0,1.0,58.9529,initial_window_proxy,61.0,60.0,0.04670190000000177,,supplementary,起泵前基线不足180秒,0.22050000000000125,58.9529,1.0501000000000005,0.27300000000000324,0.3464999999999989,-0.5146000000000015,-0.4620999999999995,0.02424617655134544,0.29399999999999693,15.916666666666666,False,0.13110928061504667,0.1401057000000053,15.0,0.6685886875343218,0.0,0.0,True,-0.5566000000000031,877,1,True,supplementary,C1,0.13350290304958898,False,仅供复核_不作正式训练标签
87fe7a50b25833,泸208H2,9,11,whole_stage,7,泸208H2|7-9,泸208H2|9|11,E:\压裂窜扰项目\02 规范化\泸208H2\泸208H2 邻井压力监测\泸208H2-9-11段压裂施工-7井压力监测.xlsx,9-11-7,无表头_文件名井号,969515af899675f1dfe6d43b306de93c5d6e4c2dc71149e2378690d551014e67,E:\压裂窜扰项目\02 规范化\泸208H2\泸208H2 压裂施工曲线\泸208H2-9-11 压裂施工曲线（秒点）.xlsx,秒点数据,named_stage_clock_only,1722211200,1722234614.0,1722244989.0,172.91666666666666,1.0,0,0,0,1.0,1.0,48.24,initial_window_proxy,14.0,13.0,0.04670190000000177,,supplementary,起泵前基线不足180秒,0.03894999999999982,48.4713,0.6097999999999999,1.5138999999999996,1.7241999999999962,-0.06300000000000239,1.4823999999999984,0.8210957012048175,0.5467000000000013,10.5,False,0.060722891566265064,0.1401057000000053,15.0,0.7171084337349397,59.916666666666664,0.0,True,1.7031999999999954,1734,1,True,supplementary,C1,0.9059342896780053,False,仅供复核_不作正式训练标签
88343b0d15d196,阳101H34,4,14,whole_stage,2,阳101H34|2-4,阳101H34|4|14,E:\压裂窜扰项目\02 规范化\阳101H34\阳101H34 邻井压力监测\阳101H34-4-14段压裂施工-2井秒点压力监测.xls,导出数据,2#2井套压(MPa),110b4a58db7f42db90f1c25b741f08180b67f3475d0f9836648666a47f3e08b0,E:\压裂窜扰项目\02 规范化\阳101H34\阳101H34 压裂施工曲线\阳101H34-4-14 压裂施工曲线.xls,秒点数据,named_stage_clock_only,-1749600000,35168.0,52268.0,285.0,1.0,0,0,0,0.9899415204678362,172.0,43.2985992431641,initial_window_proxy,0.0,0.0,0.00974471969608706,,supplementary,施工窗缺口大于30秒；起泵前基线不足180秒,,,0.03944396972660513,2.3139686584472017,2.320541381835902,-0.006572723388700297,2.320541381835902,0.8556352495470791,0.03944396972660513,81.78333333333333,False,0.28695906432748536,0.1,15.0,0.28892958412098296,118.08333333333333,0.0,False,,2200,1,True,supplementary,C1,1.1382070979909766,False,仅供复核_不作正式训练标签
88768e84c94605,泸208H2,9,12,whole_stage,10,泸208H2|10-9,泸208H2|9|12,E:\压裂窜扰项目\02 规范化\泸208H2\泸208H2 邻井压力监测\泸208H2-9-12段压裂施工-10井压力监测.xlsx,9-12-10,无表头_文件名井号,19cfd4fe3dbadf7e5386823e8f6b6da126bf29511d1a3384fce30b8f167c38a5,E:\压裂窜扰项目\02 规范化\泸208H2\泸208H2 压裂施工曲线\泸208H2-9-12 压裂施工曲线（秒点）.xlsx,秒点数据,named_stage_clock_only,1725494400,1725548677.0,1725557154.0,141.28333333333333,1.0,0,0,0,0.9972867759820692,23.0,48.3704,initial_window_proxy,0.0,0.0,0.015567300000000589,,supplementary,起泵前基线不足180秒,,,0.14710000000000178,2.595000000000006,2.6265,-0.02109999999999701,2.6160000000000068,0.41323226874852387,0.16810000000000258,77.13333333333334,False,0.5459478589123511,0.1,15.0,0.7171753016323634,22.833333333333332,0.0,True,3.582500000000003,1736,1,True,supplementary,C1,0.767654085518955,False,仅供复核_不作正式训练标签
88d5c65be1a066,泸206H8,4,4,whole_stage,2,泸206H8|2-4,泸206H8|4|4,E:\压裂窜扰项目\02 规范化\泸206H8\泸206H8 邻井压力监测\泸206H8-4-4段压裂施工-1、2、3、5、6、7、8井秒点压力监测.xls,导出数据,2井套压(MPa),c258ea4be9268c5932f65316b0cec9960457061ec601f428ba0c03b04f5a5143,E:\压裂窜扰项目\02 规范化\泸206H8\泸206H8 压裂施工曲线\泸206H8-4-4 压裂施工曲线.xlsx,秒点数据,absolute,0,1752241715.0,1752250871.0,152.6,1.0,0,0,0,0.9987986020096112,35.0,52.33,pre_pump_10min,215.0,214.0,0.01482599999999705,-0.000691154096943455,supplementary,施工窗缺口大于30秒,0.026000000000003354,52.32,0.05000000000000426,-0.030000000000001137,-0.00999999999999801,-0.12999999999999545,-0.07000000000000028,-0.05655658829961577,0.060000000000002274,,True,1.0,0.1,15.0,0.39296584376056815,0.0,0.0,False,,1150,1,True,supplementary,C1,0.06259771316184552,False,仅供复核_不作正式训练标签
891740b4e91133,阳101H51,2,5,whole_stage,1,阳101H51|1-2,阳101H51|2|5,E:\压裂窜扰项目\02 规范化\阳101H51\阳101H51 邻井压力监测\阳101H51-2-5段压裂施工-1、3井秒点压力监测.xlsx,阳101H51-2井5段压裂施工期间1井、3井压力秒点数据,1井套压,53591000a26e6a3f4c0448722514f2f062b19a215f4edc69b2f6ce1d72503866,E:\压裂窜扰项目\02 规范化\阳101H51\阳101H51 压裂施工曲线\阳101H51-2-5 压裂施工曲线（秒点）.xlsx,秒点数据,absolute,0,1777532572.0,1777550998.0,307.1,1.0,0,0,0,1.0,1.0,54.41,initial_window_proxy,52.0,51.0,0.0,,supplementary,起泵前基线不足180秒,0.010000000000005116,54.42,0.020000000000003126,4.550000000000004,4.560000000000002,0.0,4.550000000000004,2.471065613806581,0.04999999999999716,14.5,False,0.04721589058938456,0.1,15.0,0.6418647563225877,250.33333333333334,0.0,False,,2418,1,True,supplementary,C2,0.9155821408253272,False,仅供复核_不作正式训练标签
8938f8e7486792,泸206H8,4,9,whole_stage,6,泸206H8|4-6,泸206H8|4|9,E:\压裂窜扰项目\02 规范化\泸206H8\泸206H8 邻井压力监测\泸206H8-4-9段压裂施工-1、2、3、5、6、7、8井秒点压力监测.xls,导出数据,6井套压(MPa),287ca668e12277f383c425b1e47b05d9566cd7d7eab3f740b529cde27a1df5b9,E:\压裂窜扰项目\02 规范化\泸206H8\泸206H8 压裂施工曲线\泸206H8-4-9 压裂施工曲线.xlsx,秒点数据,absolute,0,1753023458.0,1753033486.0,167.13333333333333,1.0,0,0,0,0.985839648982848,142.0,37.04,initial_window_proxy,0.0,0.0,0.04447800000000168,,supplementary,施工窗缺口大于30秒；起泵前基线不足180秒,,,0.10999999999999943,0.28999999999999915,0.30000000000000426,-0.4799999999999969,-0.3299999999999983,-0.12971424236293663,0.18999999999999773,7.866666666666666,False,0.04706820901475867,0.13343400000000505,15.0,0.2272359368676649,0.0,0.0,False,,1177,1,True,supplementary,C1,0.23222753976756833,False,仅供复核_不作正式训练标签
89c41afdd40a90,阳101H34,2,17,whole_stage,3,阳101H34|2-3,阳101H34|2|17,E:\压裂窜扰项目\02 规范化\阳101H34\阳101H34 邻井压力监测\阳101H34-2-17段压裂施工-3井秒点压力监测.xls,导出数据,3#3井套压(MPa),928efc843b6a8779919d9b3650d6c0ba8cd074e5a7be2ec9c1bbf03488260c33,E:\压裂窜扰项目\02 规范化\阳101H34\阳101H34 压裂施工曲线\阳101H34-2-17 压裂施工曲线.xls,秒点数据,named_stage_clock_only,-1747353600,37665.0,47668.0,166.71666666666667,1.0,0,0,0,0.9925022493252025,75.0,58.2028121948242,initial_window_proxy,0.0,0.0,0.029188913726817173,,supplementary,施工窗缺口大于30秒；起泵前基线不足180秒,,,0.04594039916989345,4.672500610351605,4.6987495422363,-0.03937530517579546,4.685626983642599,2.7042963162821207,0.13781356811530543,6.0,False,0.035989203239028295,0.1,15.0,0.26732473811442387,133.5,0.0,False,,2137,1,True,supplementary,C2,0.8672588303014427,False,仅供复核_不作正式训练标签
8a057c3d21d67b,泸203H10,2,15,whole_stage,3,泸203H10|2-3,泸203H10|2|15,E:\压裂窜扰项目\02 规范化\泸203H10\泸203H10 邻井压力监测\泸203H10-2-15段压裂施工-1、3井分点压力监测.xls,Sheet1,3井井口套压(MPa),0f61e40579e47af5fa49347054983c3f3b18b64950d6107796ac4f1ed29841f0,E:\压裂窜扰项目\02 规范化\泸203H10\泸203H10 压裂施工曲线\泸203H10-2-15 压裂施工曲线.xlsx,LogData(s),named_stage_clock_only,-1718755200,25859.0,35633.0,162.9,60.0,0,0,0,0.994475138121547,60.0,54.004999999999995,pre_pump_10min,10.0,540.0,0.007413000000003792,-0.004303030303031454,supplementary,原始采样间隔大于30秒；施工窗缺口大于30秒,0.030999999999998806,53.99,0.0800000000000054,,4.875000000000007,-0.0449999999999946,4.8700000000000045,2.2484259259259307,0.0800000000000054,24.016666666666666,False,0.14743196234908942,0.1,60.0,0.06790123456790123,102.0,0.0,True,5.125,288,1,True,supplementary,C2,0.6665449404746637,False,仅供复核_不作正式训练标签
8a2dbc5247af9c,泸203H76,4,10,whole_stage,1,泸203H76|1-4,泸203H76|4|10,E:\压裂窜扰项目\02 规范化\泸203H76\泸203H76 邻井压力监测\泸203H76平台-4井-10段压裂施工-1、2、3井秒点压力监测.xls,历史数据,1井,dd248fba6b9a6de68dfa0ca75c6818e69a178e8183e128898553716087ab61ef,E:\压裂窜扰项目\02 规范化\泸203H76\泸203H76 压裂施工曲线\泸203H76-4-10 压裂施工曲线（秒点）.xls,Sheet1,named_stage_clock_only,-1678838400,29093.0,48400.0,321.78333333333336,1.0,0,0,0,1.0,1.0,53.2193,initial_window_proxy,113.0,112.0,0.031134600000001178,,supplementary,起泵前基线不足180秒,0.06299999999999528,53.2193,1.0501000000000005,0.38860000000000383,0.4516000000000062,-0.30449999999999733,0.33610000000000184,0.06145614026001177,0.30460000000000065,3.5,False,0.010876884031698347,0.1,15.0,0.7050292639975139,0.0,0.0,True,0.30460000000000065,897,1,True,supplementary,C1,0.17852510304001426,False,仅供复核_不作正式训练标签
8b1e226fd1f736,泸203H76,2,8,whole_stage,3,泸203H76|2-3,泸203H76|2|8,E:\压裂窜扰项目\02 规范化\泸203H76\泸203H76 邻井压力监测\泸203H76平台-2井-8段压裂施工-1、3、4井秒点压力监测.xls,历史数据,3井井口压力,6717105339eb55ee46fa19b76a947711619f1b3bc906cdb1e1f7219930056c45,E:\压裂窜扰项目\02 规范化\泸203H76\泸203H76 压裂施工曲线\泸203H76-2-8 压裂施工曲线（秒点）.xlsx,Sheet1,named_stage_clock_only,-1677974400,28436.0,35206.0,112.83333333333333,1.0,0,0,0,1.0,1.0,50.2895,initial_window_proxy,56.0,55.0,0.015567299999990054,,supplementary,起泵前基线不足180秒,0.021000000000000796,50.3,0.052499999999994884,3.6859000000000037,3.7069000000000045,-0.010499999999993292,3.7069000000000045,1.5500700443131492,0.073599999999999,10.333333333333334,False,0.09158050221565732,0.1,15.0,0.8998522895125554,65.58333333333333,0.0,False,,806,1,True,supplementary,C2,1.4769018735316064,False,仅供复核_不作正式训练标签
8b339fb6987ebe,泸203H8,4,1,whole_stage,3,泸203H8|3-4,泸203H8|4|1,E:\压裂窜扰项目\02 规范化\泸203H8\泸203H8 邻井压力监测\4井首段压裂期间邻井3井套压变化.xls,导出数据,3井套压(MPa),fde90049131e99293eec6b0d6af24deaaefa22216c1bff53399b6a60d403c5e2,E:\压裂窜扰项目\02 规范化\泸203H8\泸203H8 压裂施工曲线\泸203H8-4-1 压裂施工曲线.xls,分点数据,absolute,0,1680526300.0,1680531572.0,87.86666666666666,1.0,0,0,0,0.9825493171471927,92.0,56.688,pre_pump_10min,220.0,219.0,0.010378200000007417,-0.006090035669414937,supplementary,施工窗缺口大于30秒,0.03100000000000591,56.681,0.04899999999999949,2.1739999999999995,2.1869999999999976,-0.11899999999999977,2.1739999999999995,0.9640896718146696,0.10699999999999932,27.5,False,0.31297420333839154,0.1,15.0,0.23108108108108108,43.166666666666664,0.0,False,,950,1,True,supplementary,C1,1.305609722041918,False,仅供复核_不作正式训练标签
8b4b0e664259ea,泸208H2,2,5,whole_stage,1,泸208H2|1-2,泸208H2|2|5,E:\压裂窜扰项目\02 规范化\泸208H2\泸208H2 邻井压力监测\泸208H2-2-5段压裂施工-1井压力监测.xlsx,2-5-1,无表头_文件名井号,a46974ec8624f44cabdc56bb02018fec8a97216052c0bb4476ffe51bebcd53db,E:\压裂窜扰项目\02 规范化\泸208H2\泸208H2 压裂施工曲线\泸208H2-2-5 压裂施工曲线（秒点）.xlsx,Log Data,named_stage_clock_only,0,28890.0,36200.0,121.83333333333333,1.0,0,0,0,0.987688098495212,90.0,57.4725,initial_window_proxy,0.0,0.0,0.022238999999990308,,supplementary,施工窗缺口大于30秒；起泵前基线不足180秒,,,0.06750199999999751,0.869999,0.9000010000000032,-0.060001999999997224,0.8925020000000004,0.12882230789473978,0.052497999999999934,85.16666666666667,False,0.6990424076607388,0.1,15.0,0.1898891966759003,0.0,0.0,False,,1499,1,True,supplementary,C1,0.28108563885323684,False,仅供复核_不作正式训练标签
8bda8264cc986e,泸206H8,5,13,whole_stage,3,泸206H8|3-5,泸206H8|5|13,E:\压裂窜扰项目\02 规范化\泸206H8\泸206H8 邻井压力监测\泸206H8-5-13段压裂施工-1、2、3、4、6、7、8井秒点压力监测.xls,导出数据,3井套压1(MPa),8eed401cc8eb07424614f7c38ee4602158d415e7dcbed67f1e59aea61aeebba9,E:\压裂窜扰项目\02 规范化\泸206H8\泸206H8 压裂施工曲线\泸206H8-5-13 压裂施工曲线.xlsx,秒点数据,absolute,0,1752999621.0,1753009431.0,163.5,1.0,0,0,0,1.0,1.0,50.52,initial_window_proxy,141.0,140.0,0.01482599999999705,,supplementary,起泵前基线不足180秒,0.030000000000001137,50.515,0.05000000000000426,0.13999999999999346,0.13999999999999346,-0.020000000000003126,0.00999999999999801,0.052783893985725784,0.05000000000000426,52.833333333333336,False,0.32313965341488277,0.1,15.0,0.3250764525993884,0.0,0.0,False,,1214,1,True,supplementary,C1,0.06465407017751922,False,仅供复核_不作正式训练标签
8c0d36026cc0bb,泸203H64,3,14,whole_stage,4,泸203H64|3-4,泸203H64|3|14,E:\压裂窜扰项目\02 规范化\泸203H64\泸203H64 邻井压力监测\泸203H64-3-14段压裂施工-1、2、4、5井秒点压力监测.xls,导出数据,4#套压(MPa),ba3a2328c307079893468629e70866896a1db0a37330bc46c94b4561705fede0,E:\压裂窜扰项目\02 规范化\泸203H64\泸203H64 压裂施工曲线\泸203H64-3-14 压裂施工曲线.csv,text,named_stage_clock_only,-1672358400,48138.0,59712.0,192.9,1.0,0,0,0,1.0,1.0,46.469,initial_window_proxy,138.0,137.0,0.008895600000000337,,supplementary,起泵前基线不足180秒,0.01999999999999602,46.469,1.0630000000000024,8.589999999999996,12.082,-0.026000000000003354,12.009,1.723787411439432,6.169000000000004,66.58333333333333,False,0.34517020908933815,0.1,15.0,0.273803352341455,78.41666666666667,26.0,False,,378,1,True,supplementary,C2,1.1071177191208317,False,仅供复核_不作正式训练标签
8c1e9cc0ce3746,泸208H2,9,18,whole_stage,8,泸208H2|8-9,泸208H2|9|18,E:\压裂窜扰项目\02 规范化\泸208H2\泸208H2 邻井压力监测\泸208H2-9-18段压裂施工-8井压力监测.xlsx,9-18-8,无表头_文件名井号,dddb1ba32970e218e346784b96b5f6cbb106ece6d489c09eb9008f482393556b,E:\压裂窜扰项目\02 规范化\泸208H2\泸208H2 压裂施工曲线\泸208H2-9-18 压裂施工曲线（秒点）.xlsx,秒点数据,named_stage_clock_only,1726099200,1726127479.0,1726136555.0,151.26666666666668,1.0,0,0,0,1.0,1.0,54.2895,initial_window_proxy,79.0,78.0,0.015567300000000589,,supplementary,起泵前基线不足180秒,0.041999999999994486,54.279,0.11540000000000106,1.7616000000000014,1.7931000000000026,-0.03149999999999409,1.7616000000000014,0.7207274900837406,0.10480000000000445,22.583333333333332,False,0.14929484354341116,0.1,15.0,0.7354561480828559,45.166666666666664,0.0,True,1.9399000000000015,1749,1,True,supplementary,C1,0.8890977406162724,False,仅供复核_不作正式训练标签
8c7926ba9fd146,泸203H9,4,6,whole_stage,3,泸203H9|3-4,泸203H9|4|6,E:\压裂窜扰项目\02 规范化\泸203H9\泸203H9 邻井压力监测\泸203H9-4井第6段8点到11点53邻井压力检测数据(1).xls,导出数据,3#套压(MPa),c1b8c08fa1053fcf50b87eecc797c77e7c202349c185d6e6e1f8fa6a11794723,E:\压裂窜扰项目\02 规范化\泸203H9\泸203H9 压裂施工曲线\泸203H9-4-6 压裂施工曲线-2.xlsx,LogData(s),named_stage_clock_only,-1690761600,30145.0,41934.0,196.48333333333332,1.0,0,0,0,0.9868521503096107,155.0,53.15625,initial_window_proxy,0.0,0.0,0.03891666641240619,,supplementary,施工窗缺口大于30秒；起泵前基线不足180秒,,,0.07874679565429688,7.008750915527301,7.008750915527301,-0.07218933105470171,6.936561584472699,3.5159732919594293,0.24937438964839487,7.25,False,0.03689880396980236,0.11674999923721857,15.0,0.20053292074952725,176.33333333333334,60.5,True,6.404998779296903,985,1,True,supplementary,C2,0.8251765267024076,False,仅供复核_不作正式训练标签
8cacba88ee3a79,泸203H153,6,13,whole_stage,4,泸203H153|4-6,泸203H153|6|13,E:\压裂窜扰项目\02 规范化\泸203H153\泸203H153 邻井压力监测\泸203H153-6-13段压裂施工-4井套压压力监测.xls,导出数据,4井套压(MPa),77d87bb05c8705dec0a10011d114c3e70bf1e9e06ce7b3e951c6419f767a326f,E:\压裂窜扰项目\02 规范化\泸203H153\泸203H153 压裂施工曲线\泸203H153-6-13 压裂施工曲线-2.xls,分点数据,absolute,0,1713858825.0,1713864625.0,96.66666666666667,1.0,0,0,0,0.9870689655172413,75.0,54.84,initial_window_proxy,0.0,0.0,0.01482599999999705,,supplementary,施工窗缺口大于30秒；起泵前基线不足180秒,,,0.05000000000000426,5.539999999999999,5.609999999999999,-0.010000000000005116,5.589999999999996,1.3169703056768525,0.20000000000000284,36.666666666666664,False,0.3793103448275862,0.1,15.0,0.3795633187772926,38.083333333333336,4.333333333333333,False,,338,1,True,supplementary,C2,1.4124372927170874,False,仅供复核_不作正式训练标签
8d5fd3feff8e97,泸206H8,5,6,whole_stage,2,泸206H8|2-5,泸206H8|5|6,E:\压裂窜扰项目\02 规范化\泸206H8\泸206H8 邻井压力监测\泸206H8-5-6段压裂施工-1、2、3、4、6、7、8井秒点压力监测.xls,导出数据,2井套压(MPa),44457d2b29877dd1f51003d617f3379d9cfa861cf72c0b80f08360fb809d107f,E:\压裂窜扰项目\02 规范化\泸206H8\泸206H8 压裂施工曲线\泸206H8-5-6 压裂施工曲线.xlsx,秒点数据,absolute,0,1752223395.0,1752231837.0,140.7,1.0,0,0,0,1.0,44.0,52.44,pre_pump_10min,195.0,194.0,0.01482599999999705,-0.00204987942838625,supplementary,施工窗缺口大于30秒,0.020000000000003126,52.44,0.060000000000002274,0.030000000000001137,0.03999999999999915,-0.10999999999999943,-0.09999999999999432,-0.020726723525229477,0.020000000000003126,,True,1.0,0.1,15.0,0.39945231575187523,0.0,0.0,False,,1290,1,True,supplementary,C1,0.040550475923797,False,仅供复核_不作正式训练标签
8dbcc9bcaf8738,泸203H76,2,14,whole_stage,3,泸203H76|2-3,泸203H76|2|14,E:\压裂窜扰项目\02 规范化\泸203H76\泸203H76 邻井压力监测\泸203H76平台-2井-14段压裂施工-1、3、4井秒点压力监测.xlsx,Sheet1,3井,358fd96e5dd99f326dfcf0bb4123e76a2e703ec7a90503d13ab52fa99c0a8eff,E:\压裂窜扰项目\02 规范化\泸203H76\泸203H76 压裂施工曲线\泸203H76-2-14 压裂施工曲线（秒点）.xlsx,Sheet1,named_stage_clock_only,-1679270400,32921.0,39444.0,108.71666666666667,1.0,0,0,0,1.0,1.0,61.6412,initial_window_proxy,101.0,100.0,0.031134600000001178,,supplementary,起泵前基线不足180秒,0.04200000000000159,61.6832,0.04200000000000159,0.021000000000000796,0.031500000000001194,-1.8691999999999993,-1.8691999999999993,-0.8988131304614421,0.021000000000000796,,True,1.0,0.1,15.0,0.8936072359343861,0.0,0.0,True,-2.1632999999999996,765,1,True,supplementary,C1,1.0379063521527676,False,仅供复核_不作正式训练标签
8e24ab4d8fbd22,泸203H64,5,15,whole_stage,2,泸203H64|2-5,泸203H64|5|15,E:\压裂窜扰项目\02 规范化\泸203H64\泸203H64 邻井压力监测\泸203H64-5-15段压裂施工-1、2、3、4井秒点压力监测.xls,导出数据,2#套压(MPa),321592880a1a0b5282cee8ef142ba277b9734e50895bf7c07245bfe89ea30861,E:\压裂窜扰项目\02 规范化\泸203H64\泸203H64 压裂施工曲线\泸203H64-5-15 压裂施工曲线.csv,text,named_stage_clock_only,-1671062400,26252.0,37028.0,179.6,1.0,0,0,0,1.0,1.0,45.554,initial_window_proxy,152.0,151.0,0.010378200000007417,,supplementary,起泵前基线不足180秒,0.07130000000000081,45.534,0.05299999999999727,0.03300000000000125,0.03300000000000125,-0.26300000000000523,-0.21699999999999875,-0.15351916295471593,0.08600000000000563,,True,1.0,0.1,15.0,0.3461395694135115,0.0,0.0,False,,493,1,True,supplementary,C1,0.1736719994969419,False,仅供复核_不作正式训练标签
8f31063f1a8564,泸203H66,1,8,whole_stage,4,泸203H66|1-4,泸203H66|1|8,E:\压裂窜扰项目\02 规范化\泸203H66\泸203H66 邻井压力监测\泸203H66平台-1井-8段压裂施工-3、4井秒点压力监测.xls,历史数据,4井井口压力,48100948f7361e0466679fc08b22663a286ca96e0dd88b6c3e4f53a009c0974d,E:\压裂窜扰项目\02 规范化\泸203H66\泸203H66 压裂施工曲线\泸203H66-1-8 压裂施工曲线.xlsx,LogData(s),named_stage_clock_only,-1678579200,37230.0,46777.0,159.11666666666667,1.0,0,0,0,1.0,1.0,54.0069,initial_window_proxy,30.0,29.0,0.015567300000000589,,supplementary,起泵前基线不足180秒,0.022050000000000125,54.0069,0.14699999999999847,7.0672,7.0882000000000005,-0.021000000000000796,7.0777,4.138360395935894,0.12600000000000477,5.833333333333333,False,0.03666073111972347,0.1,15.0,0.7216926783282707,134.16666666666666,83.25,True,7.497799999999998,583,1,True,supplementary,C2,1.3073580272219583,False,仅供复核_不作正式训练标签
8f5c21ffb123e9,泸208H2,9,14,whole_stage,10,泸208H2|10-9,泸208H2|9|14,E:\压裂窜扰项目\02 规范化\泸208H2\泸208H2 邻井压力监测\泸208H2-9-14段压裂施工-10井压力监测.xlsx,9-14-10,无表头_文件名井号,e00e1157ef221cbe5c5a7e2ddc0a57bf85df19d899bcf503f134843839007fd2,E:\压裂窜扰项目\02 规范化\泸208H2\泸208H2 压裂施工曲线\泸208H2-9-14 压裂施工曲线（秒点）.xlsx,秒点数据,named_stage_clock_only,1725667200,1725695512.0,1725702817.0,121.75,1.0,0,0,0,1.0,1.0,51.8899,initial_window_proxy,112.0,111.0,0.015567300000000589,,supplementary,起泵前基线不足180秒,0.031500000000001194,51.8899,0.15759999999999508,4.191900000000004,4.223400000000005,-0.041999999999994486,4.212900000000005,0.9507672142368264,0.16810000000000258,40.75,False,0.3347022587268994,0.1,15.0,0.7234770704996578,40.666666666666664,0.0,True,5.2425,1740,1,True,supplementary,C1,1.5023021107651948,True,仅供复核_不作正式训练标签
8f72d85224bc9f,泸208H2,6,10,whole_stage,7,泸208H2|6-7,泸208H2|6|10,E:\压裂窜扰项目\02 规范化\泸208H2\泸208H2 邻井压力监测\泸208H2-6-10段压裂施工-7井压力监测.xlsx,6-10-7,无表头_文件名井号,311e0061a2e2bd72a51f6bd2e50bce2a779db0717bceabc44a32b2f25445cc46,E:\压裂窜扰项目\02 规范化\泸208H2\泸208H2 压裂施工曲线\泸208H2-6-10 压裂施工曲线（秒点）.xlsx,Log Data,named_stage_clock_only,0,38344.0,45444.0,118.33333333333333,1.0,0,44,0,0.992112676056338,56.0,48.8603,initial_window_proxy,0.0,0.0,0.015567300000000589,,supplementary,施工窗缺口大于30秒；起泵前基线不足180秒,,,2.733399999999996,7.443300000000001,7.5379000000000005,-0.031500000000001194,7.422199999999997,2.8503277505678586,3.2064999999999984,25.933333333333334,False,0.2191549295774648,0.1,15.0,0.7521074439205601,67.33333333333333,29.916666666666668,True,7.853299999999997,1574,1,True,supplementary,C2,0.4197700112598672,False,仅供复核_不作正式训练标签
8f8d8ac9f04ed8,阳101H51,1,6,whole_stage,2,阳101H51|1-2,阳101H51|1|6,E:\压裂窜扰项目\02 规范化\阳101H51\阳101H51 邻井压力监测\阳101H51-1-6段压裂施工-2、3井秒点压力监测.xlsx,阳101H51-1井6压裂期间2井、3井压力秒点数据,2井套压,74003e8fc4e0dba7c58d61339b7773b64404bf40b77989b8cbbd10d9ce5eebb6,E:\压裂窜扰项目\02 规范化\阳101H51\阳101H51 压裂施工曲线\阳101H51-1-6 压裂施工曲线（秒点）.xlsx,秒点数据,absolute,0,1777466144.0,1777481873.0,262.15,1.0,0,0,0,1.0,1.0,54.32,initial_window_proxy,44.0,43.0,0.0,,supplementary,起泵前基线不足180秒,0.0,54.32,0.020000000000003126,4.0,4.009999999999998,0.0,4.0,2.1399163964651278,0.04000000000000625,5.916666666666667,False,0.02256977557378092,0.1,15.0,0.7042405747345667,218.83333333333334,0.0,False,,2381,1,True,supplementary,C2,1.2150687412308845,False,仅供复核_不作正式训练标签
901a1c1eb8b754,阳101H51,1,19,whole_stage,3,阳101H51|1-3,阳101H51|1|19,E:\压裂窜扰项目\02 规范化\阳101H51\阳101H51 邻井压力监测\阳101H51-1-19段压裂施工-2、3井秒点压力监测.xlsx,阳101H51-1井19段压裂施工期间2井、3井压力秒点数据（,3井套压,2fda35f9723a5556e7479e15b5a097c2d614858a6a0743245845d8edf244b816,E:\压裂窜扰项目\02 规范化\阳101H51\阳101H51 压裂施工曲线\阳101H51-1-19 压裂施工曲线（秒点）.xlsx,秒点数据,absolute,0,1780574066.0,1780582732.0,144.43333333333334,1.0,0,0,0,1.0,1.0,50.98,initial_window_proxy,27.0,26.0,0.0,,supplementary,起泵前基线不足180秒,0.0,50.98,0.020000000000003126,0.6100000000000065,0.6200000000000045,-0.01999999999999602,0.6200000000000045,0.18019386106623886,0.020000000000003126,68.25,False,0.4725363489499192,0.1,15.0,0.6916685898915301,0.0,0.0,True,0.7100000000000009,2373,1,True,supplementary,C1,0.2536745139802126,False,仅供复核_不作正式训练标签
909406bbad0c66,阳101H34,2,17,whole_stage,4,阳101H34|2-4,阳101H34|2|17,E:\压裂窜扰项目\02 规范化\阳101H34\阳101H34 邻井压力监测\阳101H34-2-17段压裂施工-4井秒点压力监测.xls,导出数据,4#4井套压1(MPa),4ab34368ab1c810e8513586dcf77e087470b6651e4997c48fd36912926f42e76,E:\压裂窜扰项目\02 规范化\阳101H34\阳101H34 压裂施工曲线\阳101H34-2-17 压裂施工曲线.xls,秒点数据,named_stage_clock_only,-1747353600,37665.0,47668.0,166.71666666666667,1.0,0,0,0,0.9925022493252025,75.0,48.0112495422363,initial_window_proxy,0.0,0.0,0.009727752685589012,,supplementary,施工窗缺口大于30秒；起泵前基线不足180秒,,,0.039375305175802566,1.0499992370606037,1.0565643310547017,-0.00656127929679684,1.0565643310547017,0.45615724898655186,0.03937530517579546,36.583333333333336,False,0.2194341697490753,0.1,15.0,0.2954270749395649,6.916666666666667,0.0,False,,2138,1,True,supplementary,C1,0.5546666332974626,False,仅供复核_不作正式训练标签
90b8d67de3557f,泸208H2,1,11,whole_stage,2,泸208H2|1-2,泸208H2|1|11,E:\压裂窜扰项目\02 规范化\泸208H2\泸208H2 邻井压力监测\泸208H2-1-11段压裂施工-2井压力监测.xlsx,1-11-2,无表头_文件名井号,715e7861876df45901c1d53ef7b16a6c4952e7b27cc4c4d82f7e71ca8e66a766,E:\压裂窜扰项目\02 规范化\泸208H2\泸208H2 压裂施工曲线\泸208H2-1-11 压裂施工曲线（秒点）.xlsx,Log Data,named_stage_clock_only,0,27165.0,34069.0,115.06666666666666,1.0,0,62,0,0.9978273464658169,15.0,60.23625,initial_window_proxy,0.0,0.0,0.20571075000000252,,supplementary,起泵前基线不足180秒,,,0.4874989999999997,3.776246999999998,3.896249999999995,-0.18374800000000135,3.776246999999998,2.3574936619610987,0.3525009999999966,18.5,False,0.1607763615295481,0.6171322500000076,15.0,0.04834456489891591,89.66666666666667,0.0,True,3.671251000000005,1415,1,True,supplementary,C2,1.1701051183810196,False,仅供复核_不作正式训练标签
91d0710c43bc8f,泸203H64,5,4,whole_stage,7,泸203H64|5-7,泸203H64|5|4,E:\压裂窜扰项目\02 规范化\泸203H64\泸203H64 邻井压力监测\泸203H64-5-4段压裂施工-1、4、6、7井秒点压力监测.xls,导出数据,7井套压(MPa),514d9526bfc49b60ee14c07e13e18041a421634d19ddc4dfd9da91bbbbe1def4,E:\压裂窜扰项目\02 规范化\泸203H64\泸203H64 压裂施工曲线\泸203H64-5-4 压裂施工曲线（秒点）.csv,text,named_stage_clock_only,-1667606400,46757.0,56045.0,154.8,1.0,0,0,0,0.9953703703703703,43.0,49.34375,initial_window_proxy,0.0,0.0,0.009263987731944128,,supplementary,施工窗缺口大于30秒；起泵前基线不足180秒,,,0.06874847412110086,2.512500762939503,2.556251525878899,-0.025001525878899145,2.537498474121101,0.6647251888376253,0.09999847412099427,53.05,False,0.3427002583979328,0.1,15.0,0.20897506925207757,44.666666666666664,0.0,False,,504,1,True,supplementary,C1,0.9884038205452825,False,仅供复核_不作正式训练标签
9234bd03dcffc2,阳101H34,3,5,whole_stage,4,阳101H34|3-4,阳101H34|3|5,E:\压裂窜扰项目\02 规范化\阳101H34\阳101H34 邻井压力监测\阳101H34-3-5段压裂施工-4井秒点压力监测.xls,导出数据,4#4井套压1(MPa),7d27c44d82d48fc9103a7d6a0b97b3265c72b321f0505d16c415260f2d8951fd,E:\压裂窜扰项目\02 规范化\阳101H34\阳101H34 压裂施工曲线\阳101H34-3-5 压裂施工曲线.xls,秒点数据,named_stage_clock_only,-1744848000,37370.0,48944.0,192.9,1.0,0,0,0,1.0,1.0,41.9202346801758,initial_window_proxy,170.0,169.0,0.00973906402586837,,supplementary,起泵前基线不足180秒,0.019706726074304015,41.9268035888672,0.04598236083979401,5.5834426879882955,5.622856140136697,-0.019702911377002863,5.616291046142599,1.7252863499502942,0.137939453125,23.166666666666668,False,0.12009676861931917,0.1,15.0,0.2795057888370486,123.33333333333333,9.416666666666666,False,,2189,1,True,supplementary,C2,1.0562194723598761,False,仅供复核_不作正式训练标签
923b11747c170a,泸208H2,8,8,whole_stage,9,泸208H2|8-9,泸208H2|8|8,E:\压裂窜扰项目\02 规范化\泸208H2\泸208H2 邻井压力监测\泸208H2-8-8段压裂施工-9井压力监测.xlsx,8-8-9,无表头_文件名井号,aa77a9dff11a6b7ddf13db25c6cde45eeaacd4de8e213da22ab4a3214eca4669,E:\压裂窜扰项目\02 规范化\泸208H2\泸208H2 压裂施工曲线\泸208H2-8-8 压裂施工曲线（秒点）.xlsx,秒点数据,named_stage_clock_only,1720310400,1720341074.0,1720353589.0,208.58333333333334,1.0,0,0,0,1.0,1.0,53.3528,initial_window_proxy,73.0,72.0,0.015567300000000589,,supplementary,起泵前基线不足180秒,0.05040000000000333,53.3633,0.12599999999999767,7.434799999999996,7.445299999999996,-0.021000000000000796,7.004199999999997,4.46223679984019,0.15760000000000218,15.0,False,0.07191370355573312,0.1,15.0,0.7443068318018378,163.08333333333334,120.66666666666667,True,7.5922999999999945,1693,1,True,supplementary,C2,1.9482767181825957,False,仅供复核_不作正式训练标签
92c223f9223f6c,泸203H64,4,15,whole_stage,2,泸203H64|2-4,泸203H64|4|15,E:\压裂窜扰项目\02 规范化\泸203H64\泸203H64 邻井压力监测\泸203H64-4-15段压裂施工-1、2、3、5井秒点压力监测.xls,导出数据,2#套压(MPa),9e29f9cd2958bf2a5e122200503f75747e6f1398c5c37e157e026515a3767adc,E:\压裂窜扰项目\02 规范化\泸203H64\泸203H64 压裂施工曲线\泸203H64-4-15 压裂施工曲线.csv,text,named_stage_clock_only,-1671667200,44144.0,52916.0,146.2,1.0,0,0,0,0.9981760145918832,16.0,53.235,initial_window_proxy,0.0,0.0,0.010378199999996882,,supplementary,起泵前基线不足180秒,,,0.0589999999999975,0.07900000000000063,0.08500000000000085,-0.1769999999999996,-0.125,-0.04476336226587431,0.09199999999999875,,True,1.0,0.1,15.0,0.3642074006395614,0.0,0.0,False,,437,1,True,supplementary,C1,0.07252234499747069,False,仅供复核_不作正式训练标签
92db8fbccc2555,泸208H1,4,17,whole_stage,5,泸208H1|4-5,泸208H1|4|17,E:\压裂窜扰项目\02 规范化\泸208H1\泸208H1 邻井压力监测\泸208H1-4-17段压裂施工-5井压力监测.xlsx,4-17-5,无表头_文件名井号,cc400857a1e83503ac5cad1e1eaae95ef32d2e4bacf091357e1cc860f3b208a9,E:\压裂窜扰项目\02 规范化\泸208H1\泸208H1 压裂施工曲线\泸208H1-4-17 压裂施工曲线（秒点）.xls,导出数据,named_stage_clock_only,0,28834.0,34200.0,89.43333333333334,1.0,0,0,0,1.0,1.0,42.73,initial_window_proxy,34.0,33.0,0.07412999999999578,,supplementary,起泵前基线不足180秒,0.04999999999999716,42.64,0.060000000000002274,14.880000000000003,14.920000000000002,-0.0899999999999963,14.920000000000002,9.618961051062247,0.6799999999999997,4.083333333333333,False,0.045657845695117404,0.22238999999998735,15.0,0.8907938874394334,81.41666666666667,69.83333333333333,True,14.920000000000002,1348,1,True,supplementary,C2,7.082909138891189,True,仅供复核_不作正式训练标签
93ffd3c53ef0e4,泸203H76,3,19,whole_stage,4,泸203H76|3-4,泸203H76|3|19,E:\压裂窜扰项目\02 规范化\泸203H76\泸203H76 邻井压力监测\泸203H76平台-3井-19段压裂施工-1、2、4井秒点压力监测.xls,Sheet1,4井井口压力,18281273858de5dd181f67d4b7063bcd8dc10e77e29fc0dcfa650a6669c7c859,E:\压裂窜扰项目\02 规范化\泸203H76\泸203H76 压裂施工曲线\泸203H76-3-19 压裂施工曲线（秒点）.xls,Sheet1,named_stage_clock_only,-1680048000,51647.0,57739.0,101.53333333333333,1.0,0,0,0,1.0,1.0,53.5974,initial_window_proxy,47.0,46.0,0.031134600000001178,,supplementary,起泵前基线不足180秒,0.0777000000000001,53.5764,0.3989999999999938,0.021000000000000796,0.06300000000000239,-0.5041000000000011,-0.4831000000000003,-0.17447057616546363,0.21009999999999707,,True,1.0,0.1,15.0,0.677774130006566,0.0,0.0,True,-0.5461000000000027,867,1,True,supplementary,C1,0.2242548212015567,False,仅供复核_不作正式训练标签
940a4e76ad1ad3,阳101H51,2,2,whole_stage,3,阳101H51|2-3,阳101H51|2|2,E:\压裂窜扰项目\02 规范化\阳101H51\阳101H51 邻井压力监测\阳101H51-2-2段压裂施工-1、3井秒点压力监测.xlsx,阳101H51-2井压裂施工期间、1井、3井压力秒点数据,3井套压,5e5fb7ed80358cad284aee440600289340923bbaaf92c78b92c12f88e9d35a9f,E:\压裂窜扰项目\02 规范化\阳101H51\阳101H51 压裂施工曲线\阳101H51-2-2 压裂施工曲线（分点）.xlsx,分点数据,absolute,0,1777106870.0,1777120310.0,224.0,1.0,0,0,0,1.0,1.0,48.93,initial_window_proxy,50.0,49.0,0.0,,supplementary,起泵前基线不足180秒,0.00999999999999801,48.93,0.020000000000003126,1.2800000000000011,1.2899999999999991,-0.00999999999999801,1.2899999999999991,0.5711086309523813,0.020000000000003126,43.333333333333336,False,0.19345238095238096,0.1,15.0,0.7180059523809523,31.916666666666668,0.0,False,,2413,1,True,supplementary,C1,0.6732924647118526,False,仅供复核_不作正式训练标签
9444f1b57d4341,泸206H8,5,6,whole_stage,3,泸206H8|3-5,泸206H8|5|6,E:\压裂窜扰项目\02 规范化\泸206H8\泸206H8 邻井压力监测\泸206H8-5-6段压裂施工-1、2、3、4、6、7、8井秒点压力监测.xls,导出数据,3井套压(MPa),44457d2b29877dd1f51003d617f3379d9cfa861cf72c0b80f08360fb809d107f,E:\压裂窜扰项目\02 规范化\泸206H8\泸206H8 压裂施工曲线\泸206H8-5-6 压裂施工曲线.xlsx,秒点数据,absolute,0,1752223395.0,1752231837.0,140.7,1.0,0,0,0,1.0,44.0,53.6,pre_pump_10min,195.0,194.0,0.01482599999999705,-0.02479858874557034,supplementary,施工窗缺口大于30秒,0.0799999999999983,53.59,0.07000000000000028,0.03999999999999915,0.04999999999999716,-0.20000000000000284,-0.17999999999999972,-0.07348258706467806,0.05000000000000426,,True,1.0,0.1,15.0,0.31848578934798183,0.0,0.0,False,,1284,1,True,supplementary,C1,0.0972179932789848,False,仅供复核_不作正式训练标签
94b431b131d2d9,泸203H66,2,18,whole_stage,3,泸203H66|2-3,泸203H66|2|18,E:\压裂窜扰项目\02 规范化\泸203H66\泸203H66 邻井压力监测\泸203H66平台-2井-18段压裂施工-1、3井分点压力监测.xls,Sheet1,3井,5042c25e4ad81865f964deb6160791b60c02c6775f36d85ebf29be044a7bf81d,E:\压裂窜扰项目\02 规范化\泸203H66\泸203H66 压裂施工曲线\泸203H66-2-18 压裂施工曲线.xlsx,LogData(s),named_stage_clock_only,-1679961600,46265.0,52858.0,109.88333333333334,60.0,0,0,0,0.9828606097376005,60.0,48.44,initial_window_proxy,2.0,60.0,0.044477999999996416,,supplementary,原始采样间隔大于30秒；施工窗缺口大于30秒；起泵前基线不足180秒,,48.38,0.3200000000000003,,10.440000000000005,-0.05999999999999517,10.405000000000005,5.038333333333337,0.3200000000000003,4.916666666666667,False,0.04474442590626422,0.13343399999998926,60.0,0.2222222222222222,97.0,55.0,True,10.75,598,1,True,supplementary,C2,2.1423277556043088,False,仅供复核_不作正式训练标签
94ddebd747a91b,泸203H64,5,10,whole_stage,3,泸203H64|3-5,泸203H64|5|10,E:\压裂窜扰项目\02 规范化\泸203H64\泸203H64 邻井压力监测\泸203H64-5-10段压裂施工-1、2、3、4井秒点压力监测.xls,导出数据,3#套压(MPa),917b18242a8bbd2cecc226525576937d329d433e10218fefb1eca4079bd6a2e5,E:\压裂窜扰项目\02 规范化\泸203H64\泸203H64 压裂施工曲线\泸203H64-5-10 压裂施工曲线.csv,text,named_stage_clock_only,-1670803200,55630.0,63897.0,137.78333333333333,1.0,0,0,0,0.9939518567799686,50.0,46.357,initial_window_proxy,0.0,0.0,0.038547599999994436,,supplementary,施工窗缺口大于30秒；起泵前基线不足180秒,,,0.08500000000000085,6.648000000000003,6.688000000000002,-0.4129999999999967,6.688000000000002,2.066355178288914,0.125,48.333333333333336,False,0.35079230676182416,0.11564279999998331,15.0,0.17269076305220885,74.41666666666667,22.083333333333332,False,,474,1,True,supplementary,C2,0.48300624852408475,False,仅供复核_不作正式训练标签
95324f9a897636,泸203H11,2,9,whole_stage,1,泸203H11|1-2,泸203H11|2|9,E:\压裂窜扰项目\02 规范化\泸203H11\泸203H11 邻井压力监测\泸203H11-2-9段压裂施工-1井套压压力监测.xls,Sheet1,1井套压,abc53b9f68de32d943348cb3d11c3424e0572c2b366466da8797a2820a929e96,E:\压裂窜扰项目\02 规范化\泸203H11\泸203H11 压裂施工曲线\泸203H11-2-9 压裂施工曲线.xlsx,数据(秒),named_stage_clock_only,-1717459200,34912.0,48525.0,226.88333333333333,1.0,0,0,0,1.0,1.0,45.15,initial_window_proxy,112.0,111.0,0.0,,supplementary,起泵前基线不足180秒,0.0,45.15,0.13000000000000256,7.280000000000001,7.350000000000001,0.0,7.350000000000001,3.0667644898259026,0.14000000000000057,9.083333333333334,False,0.04003526041284067,0.1,15.0,0.8910600161610226,147.08333333333334,30.583333333333332,False,,312,1,True,supplementary,C2,0.43448296529220104,False,仅供复核_不作正式训练标签
9551333e7edc77,阳101H51,2,11,whole_stage,3,阳101H51|2-3,阳101H51|2|11,E:\压裂窜扰项目\02 规范化\阳101H51\阳101H51 邻井压力监测\阳101H51-2-11段压裂施工-1、3井秒点压力监测.xlsx,阳101H51-2井11段压裂施工期间1井、3井压力秒点数据（,3井套压,f43d393be85dd5761c2a250e73a9f13ee17d5a13484383ab4bf0ca585d0f74f9,E:\压裂窜扰项目\02 规范化\阳101H51\阳101H51 压裂施工曲线\阳101H51-2-11 压裂施工曲线（秒点）.xlsx,秒点数据,absolute,0,1779175994.0,1779181480.0,91.43333333333334,1.0,0,0,0,0.98177178271965,100.0,54.77,initial_window_proxy,15.0,14.0,0.0,,supplementary,施工窗缺口大于30秒；起泵前基线不足180秒,0.0,54.77,0.020000000000003126,0.4899999999999949,0.5,0.0,0.5,0.19410323059784348,0.020000000000003126,32.083333333333336,False,0.35089318264673713,0.1,15.0,0.7127738581507612,0.0,0.0,False,,2392,1,True,supplementary,C1,0.24585899011764256,False,仅供复核_不作正式训练标签
95b8a882d8ef1d,泸203H64,4,7,whole_stage,3,泸203H64|3-4,泸203H64|4|7,E:\压裂窜扰项目\02 规范化\泸203H64\泸203H64 邻井压力监测\泸203H64-4-7段压裂施工-1、2、3、5井秒点压力监测.xls,导出数据,3#套压(MPa),b9760238b1a88e2b43dae174959764bbae823f5661bb478e60cf67316888bd18,E:\压裂窜扰项目\02 规范化\泸203H64\泸203H64 压裂施工曲线\泸203H64-4-7 压裂施工曲线.csv,text,named_stage_clock_only,-1671321600,52875.0,57288.0,73.55,1.0,0,0,0,1.0,1.0,43.542,initial_window_proxy,75.0,74.0,0.010378199999996882,,supplementary,起泵前基线不足180秒,0.045999999999999375,43.578500000000005,0.07900000000000063,8.978000000000002,9.036999999999999,-0.020000000000003126,9.024000000000001,4.159268978019486,0.1839999999999975,5.25,False,0.07138001359619307,0.1,15.0,0.14751869476546567,59.75,30.583333333333332,False,,462,1,True,supplementary,C2,1.1550269781352578,False,仅供复核_不作正式训练标签
95bafb146386b4,泸203H9,3,6,whole_stage,5,泸203H9|3-5,泸203H9|3|6,E:\压裂窜扰项目\02 规范化\泸203H9\泸203H9 邻井压力监测\泸203H9-3井第6段压裂期间邻井压力监测数据(1).xls,导出数据,5#套压(MPa),8428654c28218f8aa88f04513daae53abbcc401e0c5b5e21ad8b6cc7bf3d8a5c,E:\压裂窜扰项目\02 规范化\泸203H9\泸203H9 压裂施工曲线\泸203H9-3-6 压裂施工曲线-2.xlsx,LogData(s),named_stage_clock_only,-1690675200,55090.0,62094.0,116.73333333333333,1.0,0,0,0,0.9842946887492862,110.0,38.5284385681152,initial_window_proxy,0.0,0.0,0.009727752685589012,,supplementary,施工窗缺口大于30秒；起泵前基线不足180秒,,,0.032814025878899145,0.006561279296903422,0.013122558593799738,-0.01968765258789773,-0.0065650939940979924,-0.0072928299445740655,0.013126373291001414,,True,1.0,0.1,15.0,0.3259355961705831,0.0,0.0,False,,984,1,True,supplementary,C1,0.016307766364666063,False,仅供复核_不作正式训练标签
965ccabf34bc98,泸208H2,10,10,whole_stage,9,泸208H2|10-9,泸208H2|10|10,E:\压裂窜扰项目\02 规范化\泸208H2\泸208H2 邻井压力监测\泸208H2-10-10段压裂施工-9井压力监测.xlsx,10-10-9,无表头_文件名井号,a95bab23859e84b1d6a9a96dc77acc0eca77c4adca5f8805dbb5008759b94320,E:\压裂窜扰项目\02 规范化\泸208H2\泸208H2 压裂施工曲线\泸208H2-10-10 压裂施工曲线（秒点）.xlsx,秒点数据,named_stage_clock_only,1721347200,1721399414.0,1721406535.0,118.68333333333334,1.0,0,0,0,1.0,1.0,47.2517,initial_window_proxy,14.0,13.0,0.015567300000000589,,supplementary,起泵前基线不足180秒,0.021000000000000796,47.2727,1.0290999999999997,1.0339000000000027,1.0427999999999997,-0.031500000000001194,1.0131000000000014,0.29066000561718924,0.11220000000000141,54.916666666666664,False,0.46271591068670126,0.1,15.0,0.731638814773206,1.25,0.0,False,,1428,1,True,supplementary,C1,0.4152686077509601,False,仅供复核_不作正式训练标签
96999d08da6036,泸203H76,2,11,whole_stage,1,泸203H76|1-2,泸203H76|2|11,E:\压裂窜扰项目\02 规范化\泸203H76\泸203H76 邻井压力监测\泸203H76平台-2井-11段压裂施工-1井压力监测-2.xls,Sheet1,1井井口压力,5d7d80ddc764ced2ffa7b4974628b916f9836e0303f87b03207dad18b9410b11,E:\压裂窜扰项目\02 规范化\泸203H76\泸203H76 压裂施工曲线\泸203H76-2-11 压裂施工曲线（秒点）.xls,Sheet1,named_stage_clock_only,0,53290.0,65157.0,197.78333333333333,60.0,0,0,0,0.9909833993427151,60.0,55.75535,initial_window_proxy,2.0,60.0,0.007783649999995027,,supplementary,原始采样间隔大于30秒；施工窗缺口大于30秒；起泵前基线不足180秒,,55.7711,0.5249999999999986,,6.263849999999998,-0.026249999999997442,6.22185,3.4628374999999996,0.5041000000000011,4.833333333333333,False,0.024437515800117972,0.1,60.0,0.02040816326530612,170.0,35.0,True,6.011850000000003,747,1,True,supplementary,C2,1.0491724693177162,False,仅供复核_不作正式训练标签
96c841c13022be,泸203H64,5,13,whole_stage,4,泸203H64|4-5,泸203H64|5|13,E:\压裂窜扰项目\02 规范化\泸203H64\泸203H64 邻井压力监测\泸203H64-5-13段压裂施工-1、2、3、4井秒点压力监测.xls,导出数据,4#套压(MPa),ccb7027fc8820c2ad1b4fe260aab38a33afadef1233914b489ac1566790603ab,E:\压裂窜扰项目\02 规范化\泸203H64\泸203H64 压裂施工曲线\泸203H64-5-13 压裂施工曲线.csv,text,named_stage_clock_only,-1670976000,26153.0,33804.0,127.51666666666667,1.0,0,0,0,1.0,1.0,35.155,initial_window_proxy,53.0,52.0,0.028169399999997555,,supplementary,起泵前基线不足180秒,0.027000000000001023,35.123,0.045999999999999375,0.027000000000001023,0.045999999999999375,-0.4200000000000017,-0.3999999999999986,-0.21320350281009134,0.07900000000000063,,True,1.0,0.1,15.0,0.3706705005881584,0.0,0.0,False,,487,1,True,supplementary,C1,0.24803522338190406,False,仅供复核_不作正式训练标签
975b8d5bfe1a35,泸206H8,4,20,whole_stage,2,泸206H8|2-4,泸206H8|4|20,E:\压裂窜扰项目\02 规范化\泸206H8\泸206H8 邻井压力监测\泸206H8-4-20段压裂施工-1、2、3、5、6、7、8井秒点压力监测-2.xls,导出数据,2井套压1(MPa),16537a8097fa95a82446cc06aae76466b6a45a8c816aa71212eed37ef36546bd,E:\压裂窜扰项目\02 规范化\泸206H8\泸206H8 压裂施工曲线\泸206H8-4-20 压裂施工曲线.xlsx,秒点数据,absolute,0,1753889872.0,1753904032.0,236.0,1.0,0,0,0,1.0,1.0,53.4,initial_window_proxy,172.0,171.0,0.01482599999999705,,supplementary,起泵前基线不足180秒,0.030000000000001137,53.415,0.060000000000002274,1.5300000000000011,1.5399999999999991,-0.18999999999999773,1.5300000000000011,0.5075699152542388,0.03999999999999915,87.66666666666667,False,0.37146892655367236,0.1,15.0,0.3329802259887006,61.75,0.0,True,1.6499999999999986,1094,1,True,supplementary,C1,0.751516339621817,False,仅供复核_不作正式训练标签
97fa9c89d382fe,泸206H8,2,18,whole_stage,3,泸206H8|2-3,泸206H8|2|18,E:\压裂窜扰项目\02 规范化\泸206H8\泸206H8 邻井压力监测\泸206H8-2-18段压裂施工-1、3井秒点压力监测-2.xls,导出数据,3井套压(MPa),875b9854eab86a234e9f4caac3ffc8e865c9cd7cd26875e04e8a3b6be44071d9,E:\压裂窜扰项目\02 规范化\泸206H8\泸206H8 压裂施工曲线\泸206H8-2-18 压裂施工曲线.xlsx,秒点数据,absolute,0,1751098182.0,1751110822.0,210.66666666666666,1.0,0,0,0,1.0,1.0,57.53,initial_window_proxy,57.0,56.0,0.0,,supplementary,起泵前基线不足180秒,0.02999999999999403,57.54,0.060000000000002274,3.280000000000001,3.3100000000000023,-0.00999999999999801,3.3100000000000023,1.430880933544303,0.09000000000000341,40.416666666666664,False,0.1918512658227848,0.1,15.0,0.3709651898734177,127.08333333333333,0.0,False,,1006,1,True,supplementary,C2,1.7300947451442599,False,仅供复核_不作正式训练标签
980cb9dea600b4,泸208H2,8,3,whole_stage,6,泸208H2|6-8,泸208H2|8|3,E:\压裂窜扰项目\02 规范化\泸208H2\泸208H2 邻井压力监测\泸208H2-8-3段压裂施工-6井压力监测.xlsx,8-3-6,无表头_文件名井号,ffca99dcef1039c5552d107f93ce1937da943e67f7be61594e2ffcee99a8c436,E:\压裂窜扰项目\02 规范化\泸208H2\泸208H2 压裂施工曲线\泸208H2-8-3 压裂施工曲线（秒点）.xlsx,秒点数据,named_stage_clock_only,1718928000,1718955810.0,1718963322.0,125.2,1.0,0,0,0,1.0,1.0,53.3325,initial_window_proxy,30.0,29.0,0.12231598259999035,,supplementary,起泵前基线不足180秒,0.22574889999999925,53.3250005,0.2849999999999966,2.1899990000000003,2.25,-0.11999800000000249,2.1899990000000003,0.6252580112486658,0.21750300000000067,64.08333333333333,False,0.5118477103301384,0.3669479477999711,15.0,0.08413205537806177,35.083333333333336,0.0,True,2.4375,1680,1,True,supplementary,C1,0.9206423422157027,False,仅供复核_不作正式训练标签
9907f2f4a8ec65,阳101H51,1,6,whole_stage,3,阳101H51|1-3,阳101H51|1|6,E:\压裂窜扰项目\02 规范化\阳101H51\阳101H51 邻井压力监测\阳101H51-1-6段压裂施工-2、3井秒点压力监测.xlsx,阳101H51-1井6压裂期间2井、3井压力秒点数据,3井套压,74003e8fc4e0dba7c58d61339b7773b64404bf40b77989b8cbbd10d9ce5eebb6,E:\压裂窜扰项目\02 规范化\阳101H51\阳101H51 压裂施工曲线\阳101H51-1-6 压裂施工曲线（秒点）.xlsx,秒点数据,absolute,0,1777466144.0,1777481873.0,262.15,1.0,0,0,0,1.0,1.0,54.64,initial_window_proxy,44.0,43.0,0.0,,supplementary,起泵前基线不足180秒,0.0,54.64,0.020000000000003126,2.509999999999998,2.519999999999996,0.0,2.509999999999998,1.276606268675694,0.030000000000001137,11.083333333333334,False,0.04227859368046284,0.1,15.0,0.7233136245152266,177.0,0.0,False,,2382,1,True,supplementary,C1,1.4543114398757506,True,仅供复核_不作正式训练标签
9985fa8038d606,阳101H35,1,10,whole_stage,4,阳101H35|1-4,阳101H35|1|10,E:\压裂窜扰项目\02 规范化\阳101H35\阳101H35 邻井压力监测\阳101H35平台1井第十段压裂期间邻井秒点数据5.28.xlsx,text,4#套压(MPa),01141dc6216b7c58c9fc4c404c1952fdcb8a775a2a13e06e7e00c619b7d1643a,E:\压裂窜扰项目\02 规范化\阳101H35\阳101H35 压裂施工曲线\阳101H35-1-10 压裂施工曲线（秒点）.xlsx,Log Data,named_stage_clock_only,-1716854400,25096.0,36464.0,189.46666666666667,1.0,0,0,0,1.0,1.0,33.4359359741211,initial_window_proxy,136.0,135.0,0.01945550537116749,,supplementary,起泵前基线不足180秒,0.06562423706060372,33.46875,0.052501678466796875,0.2362518310547017,0.24281311035159803,-0.01968765258789773,0.2362518310547017,0.10752595267942751,0.06562423706050424,80.08333333333333,False,0.42267769176636166,0.1,15.0,0.27612596762843067,0.0,0.0,True,0.2231254577637003,2307,1,True,supplementary,C1,0.1160407310942188,False,仅供复核_不作正式训练标签
99a8a20455edf6,阳101H34,2,8,whole_stage,1,阳101H34|1-2,阳101H34|2|8,E:\压裂窜扰项目\02 规范化\阳101H34\阳101H34 邻井压力监测\阳101H34-2-8段压裂施工-1井秒点压力监测.xls,导出数据,1#1井套压(MPa),96c838b981b0cbb152962a9c0bdb2bd63a0862bad0cad84fbe705feff075a1d4,E:\压裂窜扰项目\02 规范化\阳101H34\阳101H34 压裂施工曲线\阳101H34-2-8 压裂施工曲线.xls,秒点数据,named_stage_clock_only,-1745625600,24762.0,33883.0,152.01666666666668,1.0,0,0,0,1.0,1.0,57.0006980895996,initial_window_proxy,162.0,161.0,0.00973906402586837,,supplementary,起泵前基线不足180秒,0.02626800537109375,57.0072631835937,0.11162185668950286,0.8010826110839986,0.8142127990723012,-0.006568908691399145,0.8010826110839986,0.28660597590524256,0.06566238403320312,59.25,False,0.3897598947483828,0.1,15.0,0.180243394364653,0.0,0.0,False,,2155,1,True,supplementary,C1,0.38250000662649297,False,仅供复核_不作正式训练标签
99db8c2a0bf708,泸203H66,1,14,whole_stage,4,泸203H66|1-4,泸203H66|1|14,E:\压裂窜扰项目\02 规范化\泸203H66\泸203H66 邻井压力监测\泸203H66平台-1井-14段压裂施工-1、2、4井秒点压力监测.xls,Sheet1,4井井口压力,ccee3023c6bdfb0530e930c7a606dee1c90575fcce1fd88fe798e4985230fe22,E:\压裂窜扰项目\02 规范化\泸203H66\泸203H66 压裂施工曲线\泸203H66-1-14 压裂施工曲线.xlsx,LogData(s),named_stage_clock_only,-1679788800,45898.0,51482.0,93.06666666666666,1.0,0,0,0,0.9996418338108882,2.0,53.0408,initial_window_proxy,0.0,0.0,0.015567300000000589,,supplementary,起泵前基线不足180秒,,,0.11550000000000438,1.6382000000000048,1.669700000000006,-0.010500000000000398,1.6382000000000048,0.9858722500895762,0.10500000000000398,7.116666666666666,False,0.07646848137535817,0.1,15.0,0.7214260121820136,54.333333333333336,0.0,False,,534,1,True,supplementary,C1,1.092093813631469,False,仅供复核_不作正式训练标签
99f5322fe61c19,泸203H66,1,19,whole_stage,2,泸203H66|1-2,泸203H66|1|19,E:\压裂窜扰项目\02 规范化\泸203H66\泸203H66 邻井压力监测\泸203H66平台-1井-19段压裂施工-2、3井分点压力监测.xls,Sheet1,2井,a3d9ffb62760c798a332fe2b7cb114f84f4495862a30da87dd3121a793234105,E:\压裂窜扰项目\02 规范化\泸203H66\泸203H66 压裂施工曲线\泸203H66-1-19 压裂施工曲线.xlsx,LogData(s),named_stage_clock_only,-1680998400,50394.0,58002.0,126.8,60.0,0,0,0,0.9936908517350158,60.0,49.47,initial_window_proxy,0.0,0.0,0.04447800000000168,,supplementary,原始采样间隔大于30秒；施工窗缺口大于30秒；起泵前基线不足180秒,,,0.19000000000000483,,10.910000000000004,-0.030000000000001137,10.875000000000004,6.00230158730159,0.19000000000000483,5.1,False,0.04022082018927445,0.13343400000000505,60.0,0.14285714285714285,107.0,78.0,True,11.125,561,1,True,supplementary,C2,3.2058384208691244,False,仅供复核_不作正式训练标签
9ab8ca02664bb0,阳101H51,3,26,whole_stage,4,阳101H51|3-4,阳101H51|3|26,E:\压裂窜扰项目\02 规范化\阳101H51\阳101H51 邻井压力监测\阳101H51-3-26段压裂施工-1、2、4、6井套压秒点压力监测.xlsx,阳101H51-3井压裂期间1井、2井、4井、6井压力秒点数据,4井套压,5a5756f5a451fd656e882c020cec33d334779abf4729e218e4097e1d19597db8,E:\压裂窜扰项目\02 规范化\阳101H51\阳101H51 压裂施工曲线\阳101H51-3-26 压裂施工曲线（秒点）.xlsx,秒点数据,absolute,0,1787210610.0,1787225860.0,254.16666666666666,1.0,0,0,0,0.9954098360655738,41.0,46.24,initial_window_proxy,0.0,0.0,0.0,,supplementary,施工窗缺口大于30秒；起泵前基线不足180秒,,,0.020000000000003126,4.6299999999999955,4.649999999999999,-0.010000000000005116,4.640000000000001,2.2249822134387336,0.04000000000000625,18.066666666666666,False,0.07108196721311476,0.1,15.0,0.6516469038208169,187.58333333333334,0.0,False,,2444,1,True,supplementary,C2,0.9532938893187368,False,仅供复核_不作正式训练标签
9b78d5e61ce772,泸203H76,3,15,whole_stage,4,泸203H76|3-4,泸203H76|3|15,E:\压裂窜扰项目\02 规范化\泸203H76\泸203H76 邻井压力监测\泸203H76平台-3井-15段压裂施工-1、2、4井秒点压力监测.xls,Sheet1,4井井口压力,2d910395f5c3c56eed84f34f69cbf562cdbc757ff0247787cf519018c9c06e59,E:\压裂窜扰项目\02 规范化\泸203H76\泸203H76 压裂施工曲线\泸203H76-3-15 压裂施工曲线（秒点）.xls,Sheet1,named_stage_clock_only,-1679702400,27235.0,34459.0,120.4,1.0,0,0,0,1.0,1.0,52.3057,initial_window_proxy,55.0,54.0,0.04670190000000177,,supplementary,起泵前基线不足180秒,0.05250000000000199,52.2742,10.532600000000002,0.3885999999999967,0.4410999999999987,-0.04200000000000159,0.34659999999999513,0.1916553779069756,0.16800000000000637,31.583333333333332,False,0.26232004429678846,0.1401057000000053,15.0,0.6828626799557033,0.0,0.0,True,0.35709999999999553,843,1,True,supplementary,C1,0.2107913068743535,False,仅供复核_不作正式训练标签
9ba56c1e5af8c1,泸203H64,4,13,whole_stage,1,泸203H64|1-4,泸203H64|4|13,E:\压裂窜扰项目\02 规范化\泸203H64\泸203H64 邻井压力监测\泸203H64-4-13段压裂施工-1、2、3、5井秒点压力监测.xls,导出数据,1#套压(MPa),6f94667cc149156c14699008a687e9b3e47026e1f7c3edeab1d431104897275c,E:\压裂窜扰项目\02 规范化\泸203H64\泸203H64 压裂施工曲线\泸203H64-4-13 压裂施工曲线.csv,text,named_stage_clock_only,-1671580800,52090.0,63641.0,192.51666666666668,1.0,0,0,0,1.0,1.0,53.596,initial_window_proxy,10.0,9.0,0.01927380000000775,,supplementary,起泵前基线不足180秒,0.027999999999998693,53.573,0.04600000000000648,0.125,0.13100000000000023,-0.4399999999999977,-0.27599999999999625,-0.13078265950999568,0.11899999999999977,17.5,False,0.09090122067353475,0.1,15.0,0.3238680633711367,0.0,0.0,False,,432,1,True,supplementary,C1,0.23523875994251311,False,仅供复核_不作正式训练标签
9bc7af9d1623ef,泸203H153,5,22,whole_stage,6,泸203H153|5-6,泸203H153|5|22,E:\压裂窜扰项目\02 规范化\泸203H153\泸203H153 邻井压力监测\泸203H153-5-22段压裂施工-6井套压压力监测.xls,导出数据,6井套压(MPa),dda62d6430536ca8b460f4307a1ac9cd36a50662e586291b68ee1dcc0e8f7f8f,E:\压裂窜扰项目\02 规范化\泸203H153\泸203H153 压裂施工曲线\泸203H153-5-22 压裂施工曲线.xlsx,秒点数据,absolute,0,1719488815.0,1719506271.0,290.93333333333334,1.0,0,0,0,1.0,1.0,60.73,initial_window_proxy,115.0,114.0,0.01482599999999705,,supplementary,起泵前基线不足180秒,0.01999999999999602,60.71,0.060000000000002274,5.240000000000002,5.259999999999998,-0.02999999999999403,5.259999999999998,2.5643707034830463,0.12999999999999545,12.916666666666666,False,0.044397341888175984,0.1,15.0,0.36915673693858847,232.25,15.0,False,,334,1,True,supplementary,C2,0.7464934742756523,False,仅供复核_不作正式训练标签
9c084938046b75,泸208H2,9,8,whole_stage,8,泸208H2|8-9,泸208H2|9|8,E:\压裂窜扰项目\02 规范化\泸208H2\泸208H2 邻井压力监测\泸208H2-9-8段压裂施工-8井压力监测.xlsx,9-8-8,无表头_文件名井号,20ab6b9ba0f6a14d5bd12a9bf25a62a2ed3bf8c6e4fc1ff283efa32cd1d72505,E:\压裂窜扰项目\02 规范化\泸208H2\泸208H2 压裂施工曲线\泸208H2-9-8 压裂施工曲线（秒点）.xlsx,秒点数据,named_stage_clock_only,1720051200,1720082109.0,1720092139.0,167.16666666666666,1.0,0,0,0,1.0,1.0,52.727,initial_window_proxy,9.0,8.0,0.030986339999996258,,supplementary,起泵前基线不足180秒,0.014699999999997715,52.727,0.1991999999999976,1.3318000000000012,1.3632000000000062,-0.08379999999999654,1.3527000000000058,0.614431355932206,0.12579999999999814,41.083333333333336,False,0.24576271186440682,0.1,15.0,0.7339980059820539,30.5,0.0,True,1.5100000000000051,1767,1,True,supplementary,C1,0.7431138667395121,False,仅供复核_不作正式训练标签
9c740fd82b2cf4,阳101H51,3,10,whole_stage,4,阳101H51|3-4,阳101H51|3|10,E:\压裂窜扰项目\02 规范化\阳101H51\阳101H51 邻井压力监测\阳101H51-3-10段压裂施工-1、2、4井秒点压力监测.xlsx,阳101H51-3井10段压裂期间1井、2井、4井压力秒点数据,4井套压,9edcb47c07cc822081af06ab7fded26b9a6af2edd4ca67852755dede501d4480,E:\压裂窜扰项目\02 规范化\阳101H51\阳101H51 压裂施工曲线\阳101H51-3-10 压裂施工曲线（秒点）.xlsx,秒点数据,absolute,0,1779541355.0,1779554991.0,227.26666666666668,1.0,0,0,0,1.0,1.0,52.68,initial_window_proxy,36.0,35.0,0.0,,supplementary,起泵前基线不足180秒,0.0,52.69,0.020000000000003126,0.9600000000000009,0.9600000000000009,0.0,0.9600000000000009,0.41065158404224145,0.020000000000003126,36.25,False,0.15950425344675856,0.1,15.0,0.6702845409210912,0.0,0.0,False,,2432,1,True,supplementary,C1,0.4850597273176207,False,仅供复核_不作正式训练标签
9c8273dcef4588,泸206H8,5,11,whole_stage,3,泸206H8|3-5,泸206H8|5|11,E:\压裂窜扰项目\02 规范化\泸206H8\泸206H8 邻井压力监测\泸206H8-5-11段压裂施工-1、2、3、4、6、7、8井秒点压力监测.xls,导出数据,3井套压1(MPa),390a1aa5cbc050b584acaffc7629b30dad8b17807dd85348f73e41e7d1f8751b,E:\压裂窜扰项目\02 规范化\泸206H8\泸206H8 压裂施工曲线\泸206H8-5-11 压裂施工曲线.xlsx,秒点数据,absolute,0,1752826159.0,1752836920.0,179.35,1.0,0,0,0,1.0,32.0,50.64,initial_window_proxy,79.0,78.0,0.01482599999999705,,supplementary,施工窗缺口大于30秒；起泵前基线不足180秒,0.02999999999999403,50.64,0.060000000000002274,0.0,0.00999999999999801,-0.10000000000000142,-0.09000000000000341,-0.05262150357773453,0.020000000000003126,,True,1.0,0.1,15.0,0.32567049808429116,0.0,0.0,False,,1186,1,True,supplementary,C1,0.06272676476977312,False,仅供复核_不作正式训练标签
9c896dd80ff129,泸208H2,8,7,whole_stage,9,泸208H2|8-9,泸208H2|8|7,E:\压裂窜扰项目\02 规范化\泸208H2\泸208H2 邻井压力监测\泸208H2-8-7段压裂施工-9井压力监测.xlsx,8-7-9,无表头_文件名井号,de4cfb9c144f889ea72537058d5e3c6a8f3a37379d0092873726b44c12ada5c1,E:\压裂窜扰项目\02 规范化\泸208H2\泸208H2 压裂施工曲线\泸208H2-8-7 压裂施工曲线（秒点）.xlsx,秒点数据,named_stage_clock_only,1720224000,1720268393.0,1720276920.0,142.11666666666667,1.0,0,0,0,0.9991790782221179,7.0,57.6793,initial_window_proxy,0.0,0.0,0.015567300000000589,,supplementary,起泵前基线不足180秒,,,0.12599999999999767,2.530700000000003,2.551700000000004,-0.14709999999999468,2.5412000000000035,0.7799996713615045,0.08400000000000318,48.61666666666667,False,0.3420898322974082,0.1,15.0,0.7253521126760564,52.166666666666664,0.0,True,2.772200000000005,1690,1,True,supplementary,C1,1.164064008743931,False,仅供复核_不作正式训练标签
9cafa517897d9d,阳101H51,3,7,whole_stage,1,阳101H51|1-3,阳101H51|3|7,E:\压裂窜扰项目\02 规范化\阳101H51\阳101H51 邻井压力监测\阳101H51-3-7段压裂施工-1、2井秒点压力监测.xlsx,阳101H51-3井7段压裂施工期间1井、2井压力秒点数据（2,1井套压,855bb5ffd0a78a6faa382abeff34856b6071e6bc318e2f6fa0eedfedd8c62d09,E:\压裂窜扰项目\02 规范化\阳101H51\阳101H51 压裂施工曲线\阳101H51-3-7 压裂施工曲线（秒点）.xlsx,秒点数据,absolute,0,1779089326.0,1779095777.0,107.51666666666667,1.0,0,0,0,0.9973647496512169,17.0,54.1,initial_window_proxy,47.0,46.0,0.0,,supplementary,起泵前基线不足180秒,0.003999999999997783,54.1,0.020000000000003126,0.8299999999999983,0.8500000000000014,0.0,0.8500000000000014,0.27646021137705806,0.020000000000003126,37.75,False,0.3511083552937529,0.1,15.0,0.744637861361517,0.0,0.0,False,,2456,1,True,supplementary,C1,0.3696392914307531,False,仅供复核_不作正式训练标签
9cf2ecb38f30da,泸208H2,1,5,whole_stage,2,泸208H2|1-2,泸208H2|1|5,E:\压裂窜扰项目\02 规范化\泸208H2\泸208H2 邻井压力监测\泸208H2-1-5段压裂施工-2井压力监测.xlsx,1-5-2,无表头_文件名井号,17c4d2ba2a0e1e5db723a50c1e90e8daa62a4cc6f67389b07d80936c9de0518a,E:\压裂窜扰项目\02 规范化\泸208H2\泸208H2 压裂施工曲线\泸208H2-1-5 压裂施工曲线（秒点）.xlsx,Log Data,named_stage_clock_only,0,27423.0,35130.0,128.45,1.0,297,104,0,0.9926041261191125,57.0,60.555,initial_window_proxy,0.0,0.0,0.2112734652000005,,supplementary,施工窗缺口大于30秒；起泵前基线不足180秒,,,0.6450040000000001,4.290000999999997,4.372498,-0.16500099999999662,4.230004000000001,2.975007717973857,0.5099949999999893,15.116666666666667,False,0.11768522122745557,0.6338203956000015,15.0,0.06025369978858351,108.25,0.0,True,4.125000000000007,1425,1,True,supplementary,C2,1.0750121881093238,False,仅供复核_不作正式训练标签
9d41b927c68f0f,泸203H64,4,7,whole_stage,2,泸203H64|2-4,泸203H64|4|7,E:\压裂窜扰项目\02 规范化\泸203H64\泸203H64 邻井压力监测\泸203H64-4-7段压裂施工-1、2、3、5井秒点压力监测.xls,导出数据,2#套压(MPa),b9760238b1a88e2b43dae174959764bbae823f5661bb478e60cf67316888bd18,E:\压裂窜扰项目\02 规范化\泸203H64\泸203H64 压裂施工曲线\泸203H64-4-7 压裂施工曲线.csv,text,named_stage_clock_only,-1671321600,52875.0,57288.0,73.55,1.0,0,0,0,1.0,1.0,42.869,initial_window_proxy,75.0,74.0,0.008895600000000337,,supplementary,起泵前基线不足180秒,0.012999999999998124,42.862,0.03300000000000125,0.03300000000000125,0.03900000000000148,-0.03300000000000125,0.03300000000000125,0.00882336279175302,0.04600000000000648,,True,1.0,0.1,15.0,0.3344663494221618,0.0,0.0,False,,461,1,True,supplementary,C1,0.01581995270421181,False,仅供复核_不作正式训练标签
9f7db537744345,阳101H35,1,10,whole_stage,3,阳101H35|1-3,阳101H35|1|10,E:\压裂窜扰项目\02 规范化\阳101H35\阳101H35 邻井压力监测\阳101H35平台1井第十段压裂期间邻井秒点数据5.28.xlsx,text,3#套压(MPa),01141dc6216b7c58c9fc4c404c1952fdcb8a775a2a13e06e7e00c619b7d1643a,E:\压裂窜扰项目\02 规范化\阳101H35\阳101H35 压裂施工曲线\阳101H35-1-10 压裂施工曲线（秒点）.xlsx,Log Data,named_stage_clock_only,-1716854400,25096.0,36464.0,189.46666666666667,1.0,0,0,0,1.0,1.0,52.1875,initial_window_proxy,136.0,135.0,0.027797618865893055,,supplementary,起泵前基线不足180秒,0.05624771118159799,52.1812515258789,0.11249923706049714,0.46875,0.5062484741211009,-0.056251525878899145,0.48125076293950286,0.1939185033123064,0.18125152587889914,33.916666666666664,False,0.17901125967628428,0.1,15.0,0.11057353976073188,0.0,0.0,True,0.625,2308,1,True,supplementary,C1,0.21409846028125817,False,仅供复核_不作正式训练标签
a013649771123b,泸208H2,1,13,whole_stage,2,泸208H2|1-2,泸208H2|1|13,E:\压裂窜扰项目\02 规范化\泸208H2\泸208H2 邻井压力监测\泸208H2-1-13段压裂施工-2井压力监测.xlsx,1-13-2,无表头_文件名井号,0a415dfa6c62811b2367a12e9e1a2f0b072a9da2b8429c87a4b1bcaf838d715f,E:\压裂窜扰项目\02 规范化\泸208H2\泸208H2 压裂施工曲线\泸208H2-1-13 压裂施工曲线（秒点）.xlsx,Log Data,named_stage_clock_only,0,27026.0,34995.0,132.81666666666666,1.0,78,77,0,1.0,2.0,61.192501,initial_window_proxy,61.0,60.0,0.22239148260000466,,supplementary,起泵前基线不足180秒,0.43500099999999975,61.154998500000005,0.5099980000000031,3.2175030000000007,3.299999000000007,-0.21000300000000038,3.1424979999999962,2.1981328365855193,0.4574960000000061,15.833333333333334,False,0.11921194629188105,0.667174447800014,15.0,0.050563933595235075,110.08333333333333,0.0,True,3.0975000000000037,1417,1,True,supplementary,C2,1.519712205264553,False,仅供复核_不作正式训练标签
a0c0397f11fd35,泸206H8,5,4,whole_stage,4,泸206H8|4-5,泸206H8|5|4,E:\压裂窜扰项目\02 规范化\泸206H8\泸206H8 邻井压力监测\泸206H8-5-4段压裂施工-1、2、3、4、6、7、8井秒点压力监测.xls,导出数据,4井套压(MPa),ad65d2192c784201a7710fcc95c85240042c4640adf47f61a3702e072dc30a97,E:\压裂窜扰项目\02 规范化\泸206H8\泸206H8 压裂施工曲线\泸206H8-5-4 压裂施工曲线.xlsx,秒点数据,absolute,0,1751961806.0,1751970729.0,148.71666666666667,1.0,0,0,0,1.0,33.0,58.36,pre_pump_10min,206.0,205.0,0.0,0.0005930257698431795,supplementary,施工窗缺口大于30秒,0.02499999999999858,58.36,0.05000000000000426,0.0,0.0,-0.4099999999999966,-0.3999999999999986,-0.2509834136501171,0.020000000000003126,,True,1.0,0.1,15.0,0.342481160724328,0.0,0.0,False,,1261,1,True,supplementary,C1,0.2791451318791393,False,仅供复核_不作正式训练标签
a0cfa04698e781,泸203H9,3,6,whole_stage,4,泸203H9|3-4,泸203H9|3|6,E:\压裂窜扰项目\02 规范化\泸203H9\泸203H9 邻井压力监测\泸203H9-3井第6段压裂期间邻井压力监测数据(1).xls,导出数据,4#套压(MPa),8428654c28218f8aa88f04513daae53abbcc401e0c5b5e21ad8b6cc7bf3d8a5c,E:\压裂窜扰项目\02 规范化\泸203H9\泸203H9 压裂施工曲线\泸203H9-3-6 压裂施工曲线-2.xlsx,LogData(s),named_stage_clock_only,-1690675200,55090.0,62094.0,116.73333333333333,1.0,0,0,0,0.9842946887492862,110.0,55.3284378051758,initial_window_proxy,0.0,0.0,0.02918891372682771,,supplementary,施工窗缺口大于30秒；起泵前基线不足180秒,,,0.039375305175802566,3.9834365844725994,3.9965629577637003,-0.032814025878899145,3.9965629577637003,1.8192305948065228,0.08531188964850145,8.5,False,0.07281553398058252,0.1,15.0,0.25834058601682625,78.58333333333333,0.0,False,,980,1,True,supplementary,C2,1.2675309386001985,False,仅供复核_不作正式训练标签
a0d39ba21605a5,阳101H34,4,11,whole_stage,3,阳101H34|3-4,阳101H34|4|11,E:\压裂窜扰项目\02 规范化\阳101H34\阳101H34 邻井压力监测\阳101H34-4-11段压裂施工-3井秒点压力监测.xls,导出数据,3#3井套压(MPa),99ac61d58f72662f87eb217ff630ef9c983250dfeaae57cef3299f42e5af8fd7,E:\压裂窜扰项目\02 规范化\阳101H34\阳101H34 压裂施工曲线\阳101H34-4-11 压裂施工曲线.xls,秒点数据,named_stage_clock_only,-1746748800,32762.0,42705.0,165.71666666666667,1.0,0,0,0,1.0,1.0,56.8378143310547,initial_window_proxy,2.0,1.0,0.009727752685578479,,supplementary,起泵前基线不足180秒,,56.827968597412095,0.039375305175802566,2.874374389648395,2.900623321533196,-0.006565093994204574,2.8874969482422017,1.3061076224383625,0.052501678466796875,11.666666666666666,False,0.07040128733782561,0.1,15.0,0.28301317509805896,101.08333333333333,0.0,False,,2197,1,True,supplementary,C1,1.552760167969491,True,仅供复核_不作正式训练标签
a0f488c13815a9,泸203H9,2,18,whole_stage,1,泸203H9|1-2,泸203H9|2|18,E:\压裂窜扰项目\02 规范化\泸203H9\泸203H9 邻井压力监测\泸203H9-2井18段压裂期间1井压力秒点数据.xls,导出数据,1#套压(MPa),d48a51b5b3a206161d070f6d71604e4b5134ccd97b15dd0e67eb14895ca77575,E:\压裂窜扰项目\02 规范化\泸203H9\泸203H9 压裂施工曲线\泸203H9-2-18 压裂施工曲线.xlsx,LogData(s),named_stage_clock_only,-1700611200,30471.0,38227.0,129.26666666666668,1.0,0,0,0,0.9990974729241877,7.0,53.6812515258789,initial_window_proxy,111.0,110.0,0.029188913726817173,,supplementary,起泵前基线不足180秒,0.032814025879005726,53.7271881103516,0.052501678466796875,2.487186431884801,2.5003128051758026,-0.08531570434569602,2.493747711181598,1.2397824640750386,0.07875061035159803,30.666666666666668,False,0.23723568849922638,0.1,15.0,0.25396825396825395,76.91666666666667,0.0,False,,966,1,True,supplementary,C1,1.5460255821379123,True,仅供复核_不作正式训练标签
a1d7f31a1672cc,泸203H76,4,7,whole_stage,1,泸203H76|1-4,泸203H76|4|7,E:\压裂窜扰项目\02 规范化\泸203H76\泸203H76 邻井压力监测\泸203H76平台-4井-7段压裂施工-1、2、3井压力监测-2.xls,Sheet1,1井井口压力,fadc73940677c0aa7d4f03581ce0b1f9f2b68ed8e973ee0dfb0f9b1f9945adb8,E:\压裂窜扰项目\02 规范化\泸203H76\泸203H76 压裂施工曲线\泸203H76-4-7 压裂施工曲线（秒点）.xlsx,Sheet1,named_stage_clock_only,0,48087.0,56221.0,135.56666666666666,60.0,0,0,0,0.9958200147528891,60.0,59.126149999999996,initial_window_proxy,1.0,0.0,0.031134600000001178,,supplementary,原始采样间隔大于30秒；施工窗缺口大于30秒；起泵前基线不足180秒,,59.2154,0.5146000000000015,,0.08925000000000693,-2.493949999999998,-2.304949999999998,-1.371655555555551,0.482999999999997,,True,1.0,0.1,60.0,0.0962962962962963,0.0,0.0,False,,936,1,True,supplementary,C1,1.6014745028837267,True,仅供复核_不作正式训练标签
a2187fe825e343,泸206H8,5,11,whole_stage,2,泸206H8|2-5,泸206H8|5|11,E:\压裂窜扰项目\02 规范化\泸206H8\泸206H8 邻井压力监测\泸206H8-5-11段压裂施工-1、2、3、4、6、7、8井秒点压力监测.xls,导出数据,2井套压1(MPa),390a1aa5cbc050b584acaffc7629b30dad8b17807dd85348f73e41e7d1f8751b,E:\压裂窜扰项目\02 规范化\泸206H8\泸206H8 压裂施工曲线\泸206H8-5-11 压裂施工曲线.xlsx,秒点数据,absolute,0,1752826159.0,1752836920.0,179.35,1.0,0,0,0,1.0,32.0,49.03,initial_window_proxy,79.0,78.0,0.01482599999999705,,supplementary,施工窗缺口大于30秒；起泵前基线不足180秒,0.030000000000001137,49.04,0.07000000000000028,0.00999999999999801,0.00999999999999801,-0.12000000000000455,-0.10000000000000142,-0.04576898057801394,0.020000000000003126,,True,1.0,0.1,15.0,0.32174563124941596,0.0,0.0,False,,1192,1,True,supplementary,C1,0.06177126623487092,False,仅供复核_不作正式训练标签
a261730f01220c,泸203H64,3,14,whole_stage,2,泸203H64|2-3,泸203H64|3|14,E:\压裂窜扰项目\02 规范化\泸203H64\泸203H64 邻井压力监测\泸203H64-3-14段压裂施工-1、2、4、5井秒点压力监测.xls,导出数据,2#套压(MPa),ba3a2328c307079893468629e70866896a1db0a37330bc46c94b4561705fede0,E:\压裂窜扰项目\02 规范化\泸203H64\泸203H64 压裂施工曲线\泸203H64-3-14 压裂施工曲线.csv,text,named_stage_clock_only,-1672358400,48138.0,59712.0,192.9,1.0,0,0,0,1.0,1.0,63.686,initial_window_proxy,138.0,137.0,0.029652000000004633,,supplementary,起泵前基线不足180秒,0.060000000000002274,63.726,0.0589999999999975,0.03999999999999915,0.09199999999999875,-0.786999999999999,-0.7090000000000032,-0.5002397183341974,0.1180000000000021,,True,1.0,0.1,15.0,0.29099706238119927,0.0,0.0,False,,376,1,True,supplementary,C1,0.5428845052377183,False,仅供复核_不作正式训练标签
a32635fa2013bb,泸208H2,9,18,whole_stage,10,泸208H2|10-9,泸208H2|9|18,E:\压裂窜扰项目\02 规范化\泸208H2\泸208H2 邻井压力监测\泸208H2-9-18段压裂施工-10井压力监测.xlsx,9-18-10,无表头_文件名井号,3aba183eb2b968b8a941b9d9757296f7b680f11b9c15cf14e4cdd408f84ca813,E:\压裂窜扰项目\02 规范化\泸208H2\泸208H2 压裂施工曲线\泸208H2-9-18 压裂施工曲线（秒点）.xlsx,秒点数据,named_stage_clock_only,1726099200,1726127479.0,1726136555.0,151.26666666666668,1.0,0,0,0,1.0,1.0,51.4066,initial_window_proxy,79.0,78.0,0.015567300000000589,,supplementary,起泵前基线不足180秒,0.04200000000000159,51.4171,0.11560000000000059,8.163200000000003,8.173700000000004,-0.021000000000000796,8.173700000000004,3.1569357095636867,0.1366000000000014,20.25,False,0.13386954605553106,0.1,15.0,0.7279638607315998,101.91666666666667,46.833333333333336,True,8.625500000000002,1748,1,True,supplementary,C2,0.4311619105256459,False,仅供复核_不作正式训练标签
a339fe0ec762c4,泸203H9,2,27,whole_stage,1,泸203H9|1-2,泸203H9|2|27,E:\压裂窜扰项目\02 规范化\泸203H9\泸203H9 邻井压力监测\泸203H9-2井27段压裂期间1井压力秒点数据.xls,导出数据,1#套压(MPa),c628b3f5254088eb51a93b009c9cc51a482de9f2b680bf6bd5bdd62f7a040907,E:\压裂窜扰项目\02 规范化\泸203H9\泸203H9 压裂施工曲线\泸203H9-2-27 压裂施工曲线.xlsx,LogData(s),named_stage_clock_only,-1701302400,31086.0,38114.0,117.13333333333334,1.0,0,0,0,0.9894706886738759,74.0,48.4968757629395,initial_window_proxy,126.0,125.0,0.0097334083558077,,supplementary,施工窗缺口大于30秒；起泵前基线不足180秒,0.026248931884801152,48.5099983215332,0.05250167846680398,3.858749389648395,3.891563415527294,-0.039375305175802566,3.8784370422362997,1.5095168309270217,0.09187698364259944,31.166666666666668,False,0.2660785429709732,0.1,15.0,0.2807017543859649,61.0,0.0,False,,969,1,True,supplementary,C2,1.3266439888641308,False,仅供复核_不作正式训练标签
a3c4abc6ea6eab,阳101H51,2,13,whole_stage,3,阳101H51|2-3,阳101H51|2|13,E:\压裂窜扰项目\02 规范化\阳101H51\阳101H51 邻井压力监测\阳101H51-2-13段压裂施工-1、3井秒点压力监测.xlsx,阳101H51平台-2井13段压裂施工期间1井、3井压力秒点数,3井套压,81e7ec8d55e217188959574b5e9ba597804c0064a1cfa7ab7e84aa6b781fa58a,E:\压裂窜扰项目\02 规范化\阳101H51\阳101H51 压裂施工曲线\阳101H51-2-13 压裂施工曲线（秒点）.xlsx,秒点数据,absolute,0,1781707658.0,1781725975.0,305.28333333333336,1.0,0,0,0,1.0,1.0,47.78,initial_window_proxy,39.0,38.0,0.01482599999999705,,supplementary,起泵前基线不足180秒,0.00999999999999801,47.77,0.04999999999999716,15.799999999999997,15.829999999999998,-0.00999999999999801,15.829999999999998,8.360824643773542,0.19999999999999574,4.25,False,0.013921493694382267,0.1,15.0,0.6239012938800022,288.75,202.75,True,16.340000000000003,2394,1,True,supplementary,C2,5.908864190552279,False,仅供复核_不作正式训练标签
a3cc2297057b8f,泸208H1,1,11,whole_stage,2,泸208H1|1-2,泸208H1|1|11,E:\压裂窜扰项目\02 规范化\泸208H1\泸208H1 邻井压力监测\泸208H1-1-11段压裂施工-2井压力监测.xlsx,1-11-2,无表头_文件名井号,321ebfac9eb4bcfe9e5bf28c30aabe8614545853de2638d56a2628977c3c90b8,E:\压裂窜扰项目\02 规范化\泸208H1\泸208H1 压裂施工曲线\泸208H1-1-11 压裂施工曲线（秒点）.xls,导出数据,named_stage_clock_only,0,28267.0,37279.0,150.2,1.0,0,0,0,0.9874611628939192,113.0,53.24,initial_window_proxy,0.0,0.0,0.04447800000000168,,supplementary,施工窗缺口大于30秒；起泵前基线不足180秒,,,0.060000000000002274,2.259999999999998,2.259999999999998,-0.03999999999999915,2.259999999999998,1.2985335430947278,0.0799999999999983,7.716666666666667,False,0.051375943186861964,0.13343400000000505,15.0,0.8974042027194067,119.91666666666667,0.0,True,2.3599999999999994,1314,1,True,supplementary,C1,1.3780970167536133,False,仅供复核_不作正式训练标签
a4530a6bdd0b62,泸201H5,1,2,whole_stage,2,泸201H5|1-2,泸201H5|1|2,E:\压裂窜扰项目\02 规范化\泸201H5\泸201H5 邻井压力监测\泸201H5-1-2段压裂施工-2、3、4井压力监测.xls,导出数据,2井压力(MPa),bb7117dd3b1940a37137e6241526490452d64333f476a1683db66333dd0d4474,E:\压裂窜扰项目\02 规范化\泸201H5\泸201H5 压裂施工曲线\泸201H5-1-2 压裂施工曲线.xlsx,Log Data,absolute,0,1755514900.0,1755524441.0,159.01666666666668,1.0,0,0,0,1.0,32.0,52.12,pre_pump_10min,600.0,599.0,0.014826000000007585,-0.0013875205208882734,supplementary,施工窗缺口大于30秒,0.05000000000000426,52.1,0.0899999999999963,0.4100000000000037,0.4299999999999997,-0.04999999999999716,0.4299999999999997,0.17108007546379034,0.04999999999999716,64.0,False,0.4024735352688397,0.1,15.0,0.25444726810673446,0.0,0.0,True,0.4100000000000037,45,1,True,supplementary,C1,0.21176628448683277,False,仅供复核_不作正式训练标签
a46d68cde4fd87,泸208H2,7,9,whole_stage,8,泸208H2|7-8,泸208H2|7|9,E:\压裂窜扰项目\02 规范化\泸208H2\泸208H2 邻井压力监测\泸208H2-7-9段压裂施工-8井压力监测.xlsx,7-9-8,无表头_文件名井号,19f2fbf34642dd7476baacfa78637e3b7b20283a1439c9dd65ac317650abb044,E:\压裂窜扰项目\02 规范化\泸208H2\泸208H2 压裂施工曲线\泸208H2-7-9 压裂施工曲线（秒点）.xlsx,秒点数据,named_stage_clock_only,1725148800,1725190002.0,1725197635.0,127.21666666666667,1.0,0,0,0,0.9975108083322416,19.0,44.4955,initial_window_proxy,0.0,0.0,0.015567300000000589,,supplementary,起泵前基线不足180秒,,,0.12590000000000146,2.6004999999999967,2.610999999999997,-0.021000000000000796,2.6004999999999967,1.002551234567901,0.12579999999999814,26.983333333333334,False,0.21210533211057253,0.1,15.0,0.7115839243498818,56.833333333333336,0.0,True,2.8312000000000026,1637,1,True,supplementary,C1,1.3112543887856152,False,仅供复核_不作正式训练标签
a4b1ab9774bc93,泸208H2,8,6,whole_stage,7,泸208H2|7-8,泸208H2|8|6,E:\压裂窜扰项目\02 规范化\泸208H2\泸208H2 邻井压力监测\泸208H2-8-6段压裂施工-7井压力监测.xlsx,8-6-7,无表头_文件名井号,75a4541a155f8b296b354cc4818e080dd7badc016228afac691418959d234b02,E:\压裂窜扰项目\02 规范化\泸208H2\泸208H2 压裂施工曲线\泸208H2-8-6 压裂施工曲线（秒点）.xlsx,秒点数据,named_stage_clock_only,1720051200,1720096136.0,1720104913.0,146.28333333333333,1.0,0,0,0,0.9927082146519312,64.0,53.7699,initial_window_proxy,0.0,0.0,0.015567300000000589,,supplementary,施工窗缺口大于30秒；起泵前基线不足180秒,,,0.0945999999999998,4.7729,4.804499999999997,-0.031500000000001194,4.7834,2.5982712096866756,0.0840999999999994,5.733333333333333,False,0.03919334624586989,0.1,15.0,0.7322391828302537,118.58333333333333,0.0,True,4.962200000000003,1688,1,True,supplementary,C2,0.7435315089725963,False,仅供复核_不作正式训练标签
a4b6c18d416eef,阳101H34,2,8,whole_stage,3,阳101H34|2-3,阳101H34|2|8,E:\压裂窜扰项目\02 规范化\阳101H34\阳101H34 邻井压力监测\阳101H34-2-8段压裂施工-3井秒点压力监测.xls,导出数据,3#3井套压(MPa),941d981e9c4e34b45b92e0c19f67c7dacffd1f6cb5e601b97c1d769bd3fb753e,E:\压裂窜扰项目\02 规范化\阳101H34\阳101H34 压裂施工曲线\阳101H34-2-8 压裂施工曲线.xls,秒点数据,named_stage_clock_only,-1745625600,24762.0,33883.0,152.01666666666668,1.0,0,0,0,1.0,1.0,56.4768753051758,initial_window_proxy,162.0,161.0,0.019461161041238694,,supplementary,起泵前基线不足180秒,0.013126373291001414,56.4637489318848,0.039375305175802566,2.8284378051757955,2.8349990844725994,-0.013126373291001414,2.8349990844725994,1.6676549868629993,0.06562423706060372,6.083333333333333,False,0.040017541936191205,0.1,15.0,0.26762416401710337,108.5,0.0,False,,2156,1,True,supplementary,C2,1.7215431818594653,False,仅供复核_不作正式训练标签
a4c072d454a79f,泸203H64,5,8,whole_stage,4,泸203H64|4-5,泸203H64|5|8,E:\压裂窜扰项目\02 规范化\泸203H64\泸203H64 邻井压力监测\泸203H64-5-8段压裂施工-1、2、3、4井秒点压力监测.xls,导出数据,4#套压(MPa),a2a272e9f44ea20c92dca0db0351dc574ca82788ef30032d359406c3d259ddb7,E:\压裂窜扰项目\02 规范化\泸203H64\泸203H64 压裂施工曲线\泸203H64-5-8 压裂施工曲线.csv,text,named_stage_clock_only,-1670716800,58121.0,67657.0,158.93333333333334,1.0,0,0,0,0.996119966442953,37.0,36.048,initial_window_proxy,101.0,100.0,0.01927380000000775,,supplementary,施工窗缺口大于30秒；起泵前基线不足180秒,0.08500000000000085,36.054,0.05299999999999727,0.7740000000000009,0.8329999999999984,-0.6300000000000026,0.7999999999999972,-0.24208500894831228,0.08500000000000085,136.25,False,0.8572776845637584,0.1,15.0,0.329718917780819,0.0,0.0,False,,519,1,True,supplementary,C1,0.4094600465078621,False,仅供复核_不作正式训练标签
a54444f13e22ea,泸208H2,6,14,whole_stage,7,泸208H2|6-7,泸208H2|6|14,E:\压裂窜扰项目\02 规范化\泸208H2\泸208H2 邻井压力监测\泸208H2-6-14段压裂施工-7井压力监测.xlsx,6-14-7,无表头_文件名井号,d6c333078db0761f469cbf8e9139bec8c6627b513ad52b369008abcb87700ea8,E:\压裂窜扰项目\02 规范化\泸208H2\泸208H2 压裂施工曲线\泸208H2-6-14 压裂施工曲线（秒点）.xlsx,Log Data,named_stage_clock_only,0,21133.0,28423.0,121.5,1.0,0,6,0,1.0,2.0,53.875,initial_window_proxy,70.0,69.0,0.015567300000000589,,supplementary,起泵前基线不足180秒,0.03255000000000052,53.8645,0.2102000000000004,3.732199999999999,3.7531999999999996,-0.06300000000000239,3.6270000000000024,1.4758240294924552,0.2103000000000037,28.083333333333332,False,0.23113854595336075,0.1,15.0,0.7435827041866849,66.25,0.0,True,3.690100000000001,1577,1,True,supplementary,C2,1.4496149578428996,False,仅供复核_不作正式训练标签
a55e70a0bd2d65,阳101H34,4,6,whole_stage,2,阳101H34|2-4,阳101H34|4|6,E:\压裂窜扰项目\02 规范化\阳101H34\阳101H34 邻井压力监测\阳101H34-4-6段压裂施工-2井秒点压力监测.xls,导出数据,2#2井套压(MPa),f84616aaf38cf30863375c1c9714ddd42c29d65404cf4b38592de66893947836,E:\压裂窜扰项目\02 规范化\阳101H34\阳101H34 压裂施工曲线\阳101H34-4-6 压裂施工曲线.xls,秒点数据,named_stage_clock_only,-1745193600,39623.0,54764.0,252.35,1.0,0,0,0,1.0,1.0,53.1529350280762,initial_window_proxy,23.0,22.0,0.009733408355649682,,supplementary,起泵前基线不足180秒,0.019691467285205988,53.1595001220703,0.04594802856450286,2.2776222229003977,2.297313690185497,-0.019691467285198883,2.284187316894503,1.0398000691086497,0.039382934570305395,31.0,False,0.12284525460669705,0.1,15.0,0.256918301301103,122.41666666666667,0.0,False,,2211,1,True,supplementary,C1,1.2720289068839952,False,仅供复核_不作正式训练标签
a5e3ff70d2ce59,阳101H51,1,4,whole_stage,3,阳101H51|1-3,阳101H51|1|4,E:\压裂窜扰项目\02 规范化\阳101H51\阳101H51 邻井压力监测\阳101H51-1-4段压裂施工-2、3井秒点压力监测.xlsx,阳101H51-1井压力施工期间2井、3井压力秒点数据,3井套压,0b776f1d2922799a1fb6a6698019b4dc67d8c0ac131c56f6f5ffdc92d4c81fdd,E:\压裂窜扰项目\02 规范化\阳101H51\阳101H51 压裂施工曲线\阳101H51-1-4 压裂施工曲线（秒点）.xlsx,秒点数据,absolute,0,1777016896.0,1777033549.0,277.55,1.0,0,0,0,0.9970575872215216,49.0,47.07,initial_window_proxy,21.0,20.0,0.0,,supplementary,施工窗缺口大于30秒；起泵前基线不足180秒,0.0,47.07,0.020000000000003126,0.8699999999999974,0.8800000000000026,-0.00999999999999801,0.8800000000000026,0.3151186461093711,0.020000000000003126,78.91666666666667,False,0.2843331531856122,0.1,15.0,0.6964586846543002,0.0,0.0,False,,2378,1,True,supplementary,C1,0.4117006278100443,False,仅供复核_不作正式训练标签
a6181a3ce8950c,泸208H2,2,2,whole_stage,1,泸208H2|1-2,泸208H2|2|2,E:\压裂窜扰项目\02 规范化\泸208H2\泸208H2 邻井压力监测\泸208H2-2-2段压裂施工-1井压力监测.xlsx,2-2-1,无表头_文件名井号,9f41dc7da64e4c1f4608dfa042ebdce066d1e0449a45d0b86ca8c10082af6224,E:\压裂窜扰项目\02 规范化\泸208H2\泸208H2 压裂施工曲线\泸208H2-2-2 压裂施工曲线（秒点）.xlsx,Log Data,named_stage_clock_only,0,41209.0,48812.0,126.71666666666667,1.0,0,4,0,0.9985532026831514,11.0,60.09,initial_window_proxy,0.0,0.0,0.022237517400004583,,supplementary,起泵前基线不足180秒,,,0.08250000000000313,2.490001999999997,2.505001,-0.03749800000000647,2.4824979999999996,0.859708321423864,0.07500100000000032,38.93333333333333,False,0.3072471392871235,0.1,15.0,0.17999736460666754,49.75,0.0,True,2.7374989999999997,1498,1,True,supplementary,C1,1.19659215814851,False,仅供复核_不作正式训练标签
a6873526aec278,泸206H8,4,3,whole_stage,2,泸206H8|2-4,泸206H8|4|3,E:\压裂窜扰项目\02 规范化\泸206H8\泸206H8 邻井压力监测\泸206H8-4-3段压裂施工-1、2、3、5、6、7、8井秒点压力监测.xls,导出数据,2井套压(MPa),6f3036940dd00a407538fc5aa09bf6946034b27a92d868583d320eb1e7827bc1,E:\压裂窜扰项目\02 规范化\泸206H8\泸206H8 压裂施工曲线\泸206H8-4-3 压裂施工曲线.xlsx,秒点数据,absolute,0,1752131340.0,1752140667.0,155.45,1.0,0,0,0,1.0,43.0,52.83,pre_pump_10min,540.0,539.0,0.0296519999999941,0.011733487883475197,supplementary,施工窗缺口大于30秒,0.09999999999999432,52.92,0.05000000000000426,0.0799999999999983,0.10000000000000142,-0.04999999999999716,-0.030000000000001137,-0.0020810550016063575,0.04999999999999716,,True,1.0,0.1,15.0,0.3582121701669359,0.0,0.0,False,,1136,1,True,supplementary,C1,0.026976233747315215,False,仅供复核_不作正式训练标签
a6ad3f3b67bb37,阳101H51,6,4,whole_stage,5,阳101H51|5-6,阳101H51|6|4,E:\压裂窜扰项目\02 规范化\阳101H51\阳101H51 邻井压力监测\阳101H51-6-4段压裂施工-5井秒点压力监测.xlsx,阳101H51-6井4段压裂施工期间5井压力秒点数据（2026,5井套压,5b202d99eec8f868d9705cceb5bee8aac2a93290f9205eb256ce008ea3b8b668,E:\压裂窜扰项目\02 规范化\阳101H51\阳101H51 压裂施工曲线\阳101H51-6-4 压裂施工曲线（秒点）.xlsx,秒点数据,absolute,0,1780917912.0,1780930680.0,212.8,1.0,0,0,0,1.0,1.0,55.34,initial_window_proxy,73.0,72.0,0.0,,supplementary,起泵前基线不足180秒,0.00999999999999801,55.35,0.020000000000003126,3.9299999999999997,3.9399999999999977,0.0,3.9399999999999977,2.2819685933583926,0.05000000000000426,11.583333333333334,False,0.05443295739348371,0.1,15.0,0.6383145363408521,160.91666666666666,0.0,True,4.119999999999997,2494,1,True,supplementary,C2,1.1464880974143388,False,仅供复核_不作正式训练标签
a6dd4da90ffe6c,泸203H64,3,14,whole_stage,5,泸203H64|3-5,泸203H64|3|14,E:\压裂窜扰项目\02 规范化\泸203H64\泸203H64 邻井压力监测\泸203H64-3-14段压裂施工-1、2、4、5井秒点压力监测.xls,导出数据,5#套压(MPa),ba3a2328c307079893468629e70866896a1db0a37330bc46c94b4561705fede0,E:\压裂窜扰项目\02 规范化\泸203H64\泸203H64 压裂施工曲线\泸203H64-3-14 压裂施工曲线.csv,text,named_stage_clock_only,-1672358400,48138.0,59712.0,192.9,1.0,0,0,0,1.0,1.0,53.582,initial_window_proxy,138.0,137.0,0.031134600000001178,,supplementary,起泵前基线不足180秒,0.03399999999999892,53.589,0.06200000000000472,3.7860000000000014,3.8200000000000003,-0.22500000000000142,3.8200000000000003,0.8224679453948499,0.12899999999999778,72.66666666666667,False,0.3767064109210299,0.1,15.0,0.25151200967686194,64.08333333333333,0.0,False,,377,1,True,supplementary,C1,1.3513752106786667,False,仅供复核_不作正式训练标签
a79f21a304b6f9,泸206H8,4,1,whole_stage,3,泸206H8|3-4,泸206H8|4|1,E:\压裂窜扰项目\02 规范化\泸206H8\泸206H8 邻井压力监测\泸206H8-4-1段压裂施工-1、2、3、5、6、7、8井秒点压力监测.xls,导出数据,3井套压(MPa),4a5f67a41d14d5d4fb0a58397a2523db310d74078dac6f986aecf1c77eac6925,E:\压裂窜扰项目\02 规范化\泸206H8\泸206H8 压裂施工曲线\泸206H8-4-1 压裂施工曲线.xlsx,秒点数据,absolute,0,1751889358.0,1751899386.0,167.13333333333333,1.0,0,0,0,1.0,36.0,53.94,initial_window_proxy,328.0,357.0,0.014826000000007585,,supplementary,施工窗缺口大于30秒；起泵前基线不足180秒,0.03999999999999915,53.92,0.05000000000000426,0.010000000000005116,0.020000000000003126,-0.0899999999999963,-0.07000000000000028,-0.04745313123254688,0.05000000000000426,,True,1.0,0.1,15.0,0.35763923859401753,0.0,0.0,False,,1067,1,True,supplementary,C1,0.05594675335114285,False,仅供复核_不作正式训练标签
a80d8be6a0f474,泸206H8,4,8,whole_stage,3,泸206H8|3-4,泸206H8|4|8,E:\压裂窜扰项目\02 规范化\泸206H8\泸206H8 邻井压力监测\泸206H8-4-8段压裂施工-1、2、3、5、6、7、8井秒点压力监测.xls,导出数据,3井套压1(MPa),c78b30f0d71b306771406b88995e1bfe809620dd5b601167d77c094577bc6ce6,E:\压裂窜扰项目\02 规范化\泸206H8\泸206H8 压裂施工曲线\泸206H8-4-8 压裂施工曲线.xlsx,秒点数据,absolute,0,1752841020.0,1752861444.0,340.4,1.0,0,0,0,0.9970622796709753,60.0,50.54,initial_window_proxy,0.0,0.0,0.01482599999999705,,supplementary,施工窗缺口大于30秒；起泵前基线不足180秒,,,0.060000000000002274,0.0,0.0,-0.03999999999999915,-0.00999999999999801,-0.01472770575525236,0.020000000000003126,,True,1.0,0.1,15.0,0.35405526960171907,0.0,0.0,False,,1158,1,True,supplementary,C1,0.018583720865749487,False,仅供复核_不作正式训练标签
a9163a180728c5,阳101H51,2,3,whole_stage,3,阳101H51|2-3,阳101H51|2|3,E:\压裂窜扰项目\02 规范化\阳101H51\阳101H51 邻井压力监测\阳101H51-2-3段压裂施工-1、3井秒点压力监测.xlsx,阳101H51-2井压裂施工期间1井、3井压力秒点数据,3井套压,2a9b7c3281b82c7096079fe83ef2cdf2d8294e8138e13e7fb0257dd0e65d10ca,E:\压裂窜扰项目\02 规范化\阳101H51\阳101H51 压裂施工曲线\阳101H51-2-3 压裂施工曲线（秒点）.xlsx,秒点数据,absolute,0,1777275664.0,1777292942.0,287.96666666666664,1.0,0,0,0,0.9998842458617896,2.0,52.52,initial_window_proxy,124.0,123.0,0.0,,supplementary,起泵前基线不足180秒,0.0,52.52,0.020000000000003126,0.8799999999999955,0.8799999999999955,0.0,0.8799999999999955,0.4106164621440118,0.020000000000003126,46.166666666666664,False,0.16031948142146082,0.1,15.0,0.652234313498495,0.0,0.0,False,,2415,1,True,supplementary,C1,0.47792678618347745,False,仅供复核_不作正式训练标签
a91f9416198362,阳101H51,1,15,whole_stage,2,阳101H51|1-2,阳101H51|1|15,E:\压裂窜扰项目\02 规范化\阳101H51\阳101H51 邻井压力监测\阳101H51-1-15段压裂施工-2、3井秒点压力监测.xlsx,阳101H51-1井15段压裂施工2井、3井压力秒点数据（20,2井套压,78b93e034879aa6d782c83e0238933f682ae326d9801c4148719ff45bb335bcf,E:\压裂窜扰项目\02 规范化\阳101H51\阳101H51 压裂施工曲线\阳101H51-1-15 压裂施工曲线（秒点）.xlsx,秒点数据,absolute,0,1779611076.0,1779616937.0,97.68333333333334,1.0,0,0,0,0.9970994710800205,17.0,54.21,initial_window_proxy,37.0,36.0,0.0,,supplementary,起泵前基线不足180秒,0.003999999999997783,54.22,0.020000000000003126,0.9699999999999989,0.990000000000002,-0.11999999999999744,0.9799999999999969,0.24924880219028003,0.030000000000001137,45.666666666666664,False,0.4674970141614059,0.1,15.0,0.723990417522245,0.0,0.0,False,,2366,1,True,supplementary,C1,0.41305075415107645,False,仅供复核_不作正式训练标签
a99110625dcc65,阳101H34,3,25,whole_stage,4,阳101H34|3-4,阳101H34|3|25,E:\压裂窜扰项目\02 规范化\阳101H34\阳101H34 邻井压力监测\阳101H34-3-25段压裂施工-2、4井秒点压力监测.xlsx,导出数据,4#4井套压1(MPa),5e833a118b06c2f5a6c4e8d1b85c8730119a45085178058cb75aaa776db02a05,E:\压裂窜扰项目\02 规范化\阳101H34\阳101H34 压裂施工曲线\阳101H34-3-25 压裂施工曲线.xls,秒点数据,named_stage_clock_only,-1751155200,28377.0,33295.0,81.96666666666667,1.0,0,0,0,0.9993899959333062,3.0,55.0363426208496,initial_window_proxy,0.0,0.0,0.009823899078379675,,supplementary,起泵前基线不足180秒,,,0.046379089355397696,2.1069412231444957,2.1466979980468963,-0.006622314453103684,2.1135673522949006,0.915277834219953,0.05963134765629974,10.466666666666667,False,0.12769418462789753,0.1,15.0,0.2852492370295015,36.666666666666664,0.0,True,2.3785934448241974,2183,1,True,supplementary,C1,1.1227836958649906,False,仅供复核_不作正式训练标签
aa03ff4f86adae,泸203H9,2,17,whole_stage,1,泸203H9|1-2,泸203H9|2|17,E:\压裂窜扰项目\02 规范化\泸203H9\泸203H9 邻井压力监测\泸203H9-2井17段压裂期间1井压力秒点数据.xls,导出数据,1#套压(MPa),41aba8cc01651844249f3271155a0fb09ce09267bec39714679495f927ac6573,E:\压裂窜扰项目\02 规范化\泸203H9\泸203H9 压裂施工曲线\泸203H9-2-17 压裂施工曲线.xlsx,LogData(s),named_stage_clock_only,-1700524800,30423.0,38501.0,134.63333333333333,1.0,0,0,0,0.9878682842287695,57.0,54.645938873291,initial_window_proxy,0.0,0.0,0.01945550537116749,,supplementary,施工窗缺口大于30秒；起泵前基线不足180秒,,,30.522186279296797,2.3624992370605966,2.375621795654297,-28.3368759155273,2.3690605163574006,1.2927803139937701,30.528751373291,7.616666666666666,False,0.05657340925971775,0.1,15.0,0.26837865055387716,63.333333333333336,0.0,False,,965,1,True,supplementary,C1,2.1505511985467027,True,仅供复核_不作正式训练标签
aa318e448d1611,泸208H2,7,17,whole_stage,8,泸208H2|7-8,泸208H2|7|17,E:\压裂窜扰项目\02 规范化\泸208H2\泸208H2 邻井压力监测\泸208H2-7-17段压裂施工-8井压力监测.xlsx,7-17-8,无表头_文件名井号,d6ef3a146bceb80ce1d8a55bfb63ad9dfa1b4cb15ab4394d984b54c509d38f5f,E:\压裂窜扰项目\02 规范化\泸208H2\泸208H2 压裂施工曲线\泸208H2-7-17 压裂施工曲线（秒点）.xlsx,秒点数据,named_stage_clock_only,1726704000,1726740659.0,1726751705.0,184.1,1.0,0,0,0,1.0,1.0,53.6288,initial_window_proxy,59.0,58.0,0.015567300000000589,,supplementary,起泵前基线不足180秒,0.031399999999997874,53.6393,0.11540000000000106,4.8446,4.865600000000001,-0.020899999999997476,4.8446,1.9844009867825472,0.11540000000000106,15.25,False,0.0828354155350353,0.1,15.0,0.7325728770595691,121.0,0.0,True,4.939,1621,1,True,supplementary,C2,0.8360545897880777,False,仅供复核_不作正式训练标签
aa88ef3500072c,阳101H51,3,7,whole_stage,2,阳101H51|2-3,阳101H51|3|7,E:\压裂窜扰项目\02 规范化\阳101H51\阳101H51 邻井压力监测\阳101H51-3-7段压裂施工-1、2井秒点压力监测.xlsx,阳101H51-3井7段压裂施工期间1井、2井压力秒点数据（2,2井套压,855bb5ffd0a78a6faa382abeff34856b6071e6bc318e2f6fa0eedfedd8c62d09,E:\压裂窜扰项目\02 规范化\阳101H51\阳101H51 压裂施工曲线\阳101H51-3-7 压裂施工曲线（秒点）.xlsx,秒点数据,absolute,0,1779089326.0,1779095777.0,107.51666666666667,1.0,0,0,0,0.9973647496512169,17.0,51.57,initial_window_proxy,47.0,46.0,0.0,,supplementary,起泵前基线不足180秒,0.003999999999997783,51.57,0.030000000000001137,1.3399999999999963,1.3500000000000014,-0.020000000000003126,1.3500000000000014,0.4395282872241219,0.03999999999999915,41.916666666666664,False,0.38986203689350485,0.1,15.0,0.6375505129002176,18.75,0.0,False,,2457,1,True,supplementary,C1,0.626867595911031,False,仅供复核_不作正式训练标签
ab26f42854be69,泸203H76,4,9,whole_stage,2,泸203H76|2-4,泸203H76|4|9,E:\压裂窜扰项目\02 规范化\泸203H76\泸203H76 邻井压力监测\泸203H76平台-4井-9段压裂施工-1、2、3井分点压力监测.xls,历史数据,2井井口压力,70992ba6c19db4b4e057ccc179f78ae531c193acd4896cdbcddd15873e71a993,E:\压裂窜扰项目\02 规范化\泸203H76\泸203H76 压裂施工曲线\泸203H76-4-9 压裂施工曲线（秒点）.xls,Sheet1,named_stage_clock_only,-1678320000,28052.0,38350.0,171.63333333333333,60.0,0,0,0,0.996309963099631,60.0,49.3234,initial_window_proxy,3.0,120.0,0.0,,supplementary,原始采样间隔大于30秒；施工窗缺口大于30秒；起泵前基线不足180秒,,49.3234,0.06300000000000239,,2.9928000000000026,-0.031500000000001194,2.9875500000000024,1.2494652046783632,0.06300000000000239,40.46666666666667,False,0.2357739366867353,0.1,60.0,0.15204678362573099,85.0,0.0,True,3.1818000000000026,946,1,True,supplementary,C1,1.662018150593608,True,仅供复核_不作正式训练标签
ab8ae091a49840,泸208H2,5,5,whole_stage,4,泸208H2|4-5,泸208H2|5|5,E:\压裂窜扰项目\02 规范化\泸208H2\泸208H2 邻井压力监测\泸208H2-5-5段压裂施工-4井压力监测.xlsx,5-5-4,无表头_文件名井号,5f51bf537a040a66b275d24e55cf0d27dfbda6cfe651031007a7d366d676aac8,E:\压裂窜扰项目\02 规范化\泸208H2\泸208H2 压裂施工曲线\泸208H2-5-5 压裂施工曲线（秒点）.xlsx,Log Data,named_stage_clock_only,0,35557.0,43586.0,133.81666666666666,1.0,0,177,6,0.9821895628347241,143.0,59.895,initial_window_proxy,0.0,0.0,0.022237517400004583,,supplementary,施工窗缺口大于30秒；起泵前基线不足180秒,,,0.08250000000000313,2.8274999999999935,2.8349999999999937,-0.029998000000006186,2.8274999999999935,1.4991935516738493,0.06749700000000303,12.55,False,0.09378502926890024,0.1,15.0,0.15888689407540396,89.08333333333333,0.0,True,2.9549979999999962,1560,1,True,supplementary,C1,1.7182297933978885,True,仅供复核_不作正式训练标签
abf87f5ac197c3,阳101H34,3,13,whole_stage,4,阳101H34|3-4,阳101H34|3|13,E:\压裂窜扰项目\02 规范化\阳101H34\阳101H34 邻井压力监测\阳101H34-3-13段压裂施工-4井秒点压力监测.xls,导出数据,4#4井套压1(MPa),b053b7d6b3a4b1bfd47b064df4a7f807a7efe1b0efcc617f02d1b25dabd4bfc6,E:\压裂窜扰项目\02 规范化\阳101H34\阳101H34 压裂施工曲线\阳101H34-3-13 压裂施工曲线.xls,秒点数据,named_stage_clock_only,-1746921600,39074.0,48080.0,150.1,1.0,0,0,0,1.0,1.0,47.9390640258789,initial_window_proxy,74.0,73.0,0.009727752685589012,,supplementary,起泵前基线不足180秒,0.013126373291001414,47.9390640258789,6.267189025878899,10.2309341430664,10.2440605163574,-0.0065650939940979924,4.449375152587898,2.338186441515126,9.522186279296903,11.166666666666666,False,0.07439484787919165,0.1,15.0,0.278369975571841,97.83333333333333,2.75,False,,2164,1,True,supplementary,C2,1.5740688021962195,False,仅供复核_不作正式训练标签
ac86e77218dba9,泸203H64,3,11,whole_stage,2,泸203H64|2-3,泸203H64|3|11,E:\压裂窜扰项目\02 规范化\泸203H64\泸203H64 邻井压力监测\泸203H64-3-11段压裂施工-1、2、4、5井秒点压力监测.xls,导出数据,2#套压(MPa),a52c48f2ed8bce935483e488af9ef4d24ccfdc0672ad93650422bd416714515f,E:\压裂窜扰项目\02 规范化\泸203H64\泸203H64 压裂施工曲线\泸203H64-3-11 压裂施工曲线.csv,text,named_stage_clock_only,-1672272000,27540.0,36454.0,148.56666666666666,1.0,0,0,0,0.9932690150325331,60.0,53.36,initial_window_proxy,0.0,0.0,0.019273799999997218,,supplementary,施工窗缺口大于30秒；起泵前基线不足180秒,,,0.08500000000000085,7.471000000000004,7.490000000000002,-0.07900000000000063,7.490000000000002,2.62158758753106,0.14499999999999602,29.583333333333332,False,0.1991249719542293,0.1,15.0,0.1944883668398464,93.0,31.583333333333332,False,,362,1,True,supplementary,C2,0.08178347815347889,False,仅供复核_不作正式训练标签
ad3b71dbc9a014,泸208H2,4,8,whole_stage,5,泸208H2|4-5,泸208H2|4|8,E:\压裂窜扰项目\02 规范化\泸208H2\泸208H2 邻井压力监测\泸208H2-4-8段压裂施工-5井压力监测.xlsx,4-8-5,无表头_文件名井号,4201d036aecbe93d8df27e75e8fc32743630fb3e8f7ccc12b73ae528b0ea6eda,E:\压裂窜扰项目\02 规范化\泸208H2\泸208H2 压裂施工曲线\泸208H2-4-8 压裂施工曲线（分点）.xlsx,Log Data,named_stage_clock_only,0,28327.0,36234.0,131.78333333333333,1.0,0,6,0,1.0,2.0,59.287498,initial_window_proxy,67.0,66.0,0.10007105219999395,,supplementary,起泵前基线不足180秒,0.2159990000000036,59.3587495,0.2625010000000003,3.870003000000004,3.9150010000000037,-0.06749699999999592,3.8625040000000013,2.2017235904578225,0.23249799999999965,9.166666666666666,False,0.06955861894523839,0.3002131565999818,15.0,0.09808884951271991,109.16666666666667,0.0,True,3.9525039999999976,1536,1,True,supplementary,C2,1.2248927343031342,False,仅供复核_不作正式训练标签
adb4290c8a66c3,泸203H64,3,4,whole_stage,4,泸203H64|3-4,泸203H64|3|4,E:\压裂窜扰项目\02 规范化\泸203H64\泸203H64 邻井压力监测\泸203H64-3-4段压裂施工-1、2、4、5井秒点压力监测.xls,导出数据,4#套压(MPa),c6c368eccc63d68a7d5de236d0eecd4bd28e88d0fc5bf1a291758afaae71a8ee,E:\压裂窜扰项目\02 规范化\泸203H64\泸203H64 压裂施工曲线\泸203H64-3-4 压裂施工曲线（秒点）.csv,text,named_stage_clock_only,-1669334400,25007.0,35164.0,169.28333333333333,1.0,0,0,0,1.0,2.0,34.775,initial_window_proxy,107.0,106.0,0.010378199999996882,,supplementary,起泵前基线不足180秒,0.03540000000000276,34.788,0.08500000000000085,11.207999999999998,11.248000000000005,-0.027000000000001023,11.248000000000005,4.394459978340063,0.14499999999999602,22.0,False,0.12995963375012307,0.1,15.0,0.19678912636659115,125.16666666666667,70.75,False,,394,1,True,supplementary,C2,1.8476514161418234,False,仅供复核_不作正式训练标签
adca093e08e53e,泸208H2,6,2,whole_stage,7,泸208H2|6-7,泸208H2|6|2,E:\压裂窜扰项目\02 规范化\泸208H2\泸208H2 邻井压力监测\泸208H2-6-2段压裂施工-7井压力监测.xlsx,6-2-7,无表头_文件名井号,03f5c3e2fba2d74875301fe602ebdde47ffcde25acc1fb8879239b7e5faf4f25,E:\压裂窜扰项目\02 规范化\泸208H2\泸208H2 压裂施工曲线\泸208H2-6-2 压裂施工曲线（秒点）.xlsx,Log Data,named_stage_clock_only,0,28921.0,32630.0,61.81666666666667,1.0,0,3,0,1.0,2.0,52.8658,initial_window_proxy,139.0,138.0,0.031134600000001178,,supplementary,起泵前基线不足180秒,0.0630999999999986,52.8342,0.0945999999999998,3.889800000000001,3.910800000000002,-0.042099999999997806,3.910800000000002,1.5370360339714206,0.1366999999999976,7.166666666666667,False,0.11593421407387436,0.1,15.0,0.7350957647693552,32.666666666666664,0.0,True,4.1526,1580,1,True,supplementary,C2,1.3906434738604423,False,仅供复核_不作正式训练标签
adda8d7cfa1c79,阳101H34,1,13,whole_stage,2,阳101H34|1-2,阳101H34|1|13,E:\压裂窜扰项目\02 规范化\阳101H34\阳101H34 邻井压力监测\阳101H34-1-13段压裂施工-2井秒点压力监测.xls,导出数据,2#2井套压(MPa),85789af017b6d5bb7d014a7789ba47d3b012ceee82216bbd51cd06b324355112,E:\压裂窜扰项目\02 规范化\阳101H34\阳101H34 压裂施工曲线\阳101H34-1-13 压裂施工曲线.xls,秒点数据,named_stage_clock_only,-1746662400,25037.0,34449.0,156.86666666666667,1.0,0,0,0,0.9954313642158946,43.0,57.307300567627,initial_window_proxy,0.0,0.0,0.029239814758174366,,supplementary,施工窗缺口大于30秒；起泵前基线不足180秒,,,0.046016693115298324,2.4454421997069957,2.4454421997069957,-0.02629089355470171,2.4454421997069957,1.6034423475115356,0.06573867797850141,5.216666666666667,False,0.03325541861453463,0.1,15.0,0.27100010673497704,112.16666666666667,0.0,False,,2122,1,True,supplementary,C1,1.7806442126567956,True,仅供复核_不作正式训练标签
af0995276169dd,泸208H2,10,12,whole_stage,9,泸208H2|10-9,泸208H2|10|12,E:\压裂窜扰项目\02 规范化\泸208H2\泸208H2 邻井压力监测\泸208H2-10-12段压裂施工-9井压力监测.xlsx,10-12-9,无表头_文件名井号,1fd0605ed027f51d11ef2e419f2e6b18c2c3e45b2552b3bd226df3158f16221f,E:\压裂窜扰项目\02 规范化\泸208H2\泸208H2 压裂施工曲线\泸208H2-10-12 压裂施工曲线（秒点）.xlsx,秒点数据,named_stage_clock_only,1721692800,1721730663.0,1721739451.0,146.46666666666667,1.0,0,0,0,1.0,1.0,47.3567,initial_window_proxy,63.0,62.0,0.015567300000000589,,supplementary,起泵前基线不足180秒,0.03149999999999409,47.3462,0.16799999999999926,1.5332000000000008,1.5437000000000012,-0.07349999999999568,1.5227000000000004,0.4954386891215326,0.10499999999999687,51.75,False,0.3533227127901684,0.1,15.0,0.7067592171142467,29.583333333333332,0.0,True,1.7327000000000012,1431,1,True,supplementary,C1,0.6832976942471358,False,仅供复核_不作正式训练标签
af172440472556,泸203H9,3,8,whole_stage,5,泸203H9|3-5,泸203H9|3|8,E:\压裂窜扰项目\02 规范化\泸203H9\泸203H9 邻井压力监测\泸203H9_压窜信息_3、4、6压窜监测数据（大于5兆帕）_3井第八段压裂期间邻井压力秒点数据.xls,导出数据,5#套压(MPa),b0dd325fa2b510c4733bb763d425b8c07b42d88772d59b3f20d51f60169c47ed,E:\压裂窜扰项目\02 规范化\泸203H9\泸203H9 压裂施工曲线\泸203H9-3-8 压裂施工曲线-2.xlsx,LogData(s),named_stage_clock_only,-1691193600,28068.0,34954.0,114.76666666666667,1.0,0,0,0,1.0,1.0,32.1956253051758,initial_window_proxy,168.0,167.0,0.009727752685578479,,supplementary,起泵前基线不足180秒,0.026248931884801152,32.1890640258789,0.039375305175802566,1.1484375,1.1549987792968963,-0.019687652587904836,1.1549987792968963,0.5256367546854663,0.032814025878899145,13.083333333333334,False,0.1139994191112402,0.1,15.0,0.34170781295381936,16.666666666666668,0.0,False,,996,1,True,supplementary,C1,0.6173918997434116,False,仅供复核_不作正式训练标签
afd68449896357,泸206H8,4,20,whole_stage,1,泸206H8|1-4,泸206H8|4|20,E:\压裂窜扰项目\02 规范化\泸206H8\泸206H8 邻井压力监测\泸206H8-4-20段压裂施工-1、2、3、5、6、7、8井秒点压力监测-2.xls,导出数据,1井套压1(MPa),16537a8097fa95a82446cc06aae76466b6a45a8c816aa71212eed37ef36546bd,E:\压裂窜扰项目\02 规范化\泸206H8\泸206H8 压裂施工曲线\泸206H8-4-20 压裂施工曲线.xlsx,秒点数据,absolute,0,1753889872.0,1753904032.0,236.0,1.0,0,0,0,1.0,1.0,44.13,initial_window_proxy,172.0,171.0,0.029652000000004633,,supplementary,起泵前基线不足180秒,0.05999999999999517,44.13,0.10000000000000142,0.39000000000000057,0.3999999999999986,-0.020000000000003126,0.3999999999999986,0.1265105932203361,0.04999999999999716,141.58333333333334,False,0.5999293785310735,0.1,15.0,0.18545197740112995,0.0,0.0,True,0.4199999999999946,1089,1,True,supplementary,C1,0.1570616432912935,False,仅供复核_不作正式训练标签
b0179272741972,阳101H75,2,21,whole_stage,3,阳101H75|2-3,阳101H75|2|21,E:\压裂窜扰项目\02 规范化\阳101H75\阳101H75 邻井压力监测\阳101H75平台秒点数据_2井_2井第21段3井秒点.xls,导出数据,3井套压(MPa),c8f5a2fa885fa0d80e84c0744c86e896afadcf35050ed4840baebfd911c4bc28,E:\压裂窜扰项目\02 规范化\阳101H75\阳101H75 压裂施工曲线\阳101H75-2-21 压裂施工曲线-2.xls,分点数据,absolute,0,1679727594.0,1679736111.0,141.95,1.0,0,0,0,1.0,1.0,52.697,initial_window_proxy,114.0,113.0,0.057821399999991654,,supplementary,起泵前基线不足180秒,0.09200000000000585,52.6215,0.09199999999999875,5.814,5.839999999999996,-0.07900000000000063,5.826999999999998,3.4016802864858495,0.12400000000000233,5.666666666666667,False,0.03992015968063873,0.17346419999997498,15.0,0.1833979100622285,114.83333333333333,47.083333333333336,True,5.931999999999995,2499,1,True,supplementary,C2,0.6259449922883084,False,仅供复核_不作正式训练标签
b048ec3df45f36,泸203H76,1,22,whole_stage,2,泸203H76|1-2,泸203H76|1|22,E:\压裂窜扰项目\02 规范化\泸203H76\泸203H76 邻井压力监测\泸203H76平台-1井-22段压裂施工-2、3、4井秒点压力监测.xls,Sheet1,2井井口压力,9b3be52c881317e588f0d64223358778f9d4f1c9383f434428a7a8c17007316e,E:\压裂窜扰项目\02 规范化\泸203H76\泸203H76 压裂施工曲线\泸203H76-1-22 压裂施工曲线（秒点）.xlsx,Sheet1,named_stage_clock_only,-1680134400,27894.0,34230.0,105.6,1.0,0,0,0,1.0,1.0,53.8284,initial_window_proxy,114.0,113.0,0.015567300000000589,,supplementary,起泵前基线不足180秒,0.010500000000000398,53.8389,0.04200000000000159,0.16799999999999926,0.17849999999999966,-0.031500000000001194,0.15749999999999886,0.055003196022725215,0.04200000000000159,80.16666666666667,False,0.7591540404040404,0.1,15.0,0.8877840909090909,0.0,0.0,True,0.21000000000000085,704,1,True,supplementary,C1,0.0653115314119155,False,仅供复核_不作正式训练标签
b0593b6fdb953b,泸203H66,3,9,whole_stage,4,泸203H66|3-4,泸203H66|3|9,E:\压裂窜扰项目\02 规范化\泸203H66\泸203H66 邻井压力监测\泸203H66平台-3井-9段压裂施工-4井秒点压力监测.xls,Sheet1,4井井口压力,3b487a000fa573f2c3343a97f80deb0432cfefff66a7fe8c1c876a0aa449ff0b,E:\压裂窜扰项目\02 规范化\泸203H66\泸203H66 压裂施工曲线\泸203H66-3-9 压裂施工曲线.xlsx,LogData(s),named_stage_clock_only,-1677196800,58645.0,68188.0,159.05,1.0,0,0,0,1.0,1.0,47.7588,initial_window_proxy,26.0,25.0,0.015567300000000589,,supplementary,起泵前基线不足180秒,0.021000000000000796,47.7693,0.19950000000000045,0.06300000000000239,0.12599999999999767,-0.04200000000000159,0.010500000000000398,0.01671659855391431,0.11549999999999727,,True,1.0,0.1,15.0,0.7144503824793041,0.0,0.0,True,0.021000000000000796,646,1,True,supplementary,C1,0.02015562438787581,False,仅供复核_不作正式训练标签
b09fed1a617e22,泸203H76,1,20,whole_stage,4,泸203H76|1-4,泸203H76|1|20,E:\压裂窜扰项目\02 规范化\泸203H76\泸203H76 邻井压力监测\泸203H76平台-1井-20段压裂施工-2、3、4井秒点压力监测.xls,Sheet1,4井井口压力,2ad61efc106c8aca1fb4bc1fd763ffb4b0901c7e46bb72d47292b08f41989510,E:\压裂窜扰项目\02 规范化\泸203H76\泸203H76 压裂施工曲线\泸203H76-1-20 压裂施工曲线（秒点）.xls,Sheet1,named_stage_clock_only,-1679875200,48772.0,55710.0,115.63333333333334,1.0,0,0,0,1.0,1.0,54.5215,initial_window_proxy,52.0,51.0,0.030986339999996258,,supplementary,起泵前基线不足180秒,0.04189999999999827,54.5215,0.4516000000000062,0.06299999999999528,0.22049999999999415,-0.4516000000000062,-0.34660000000000224,-0.10241327471894274,0.33609999999999474,,True,1.0,0.1,15.0,0.6787258575958489,0.0,0.0,True,-0.4621000000000066,694,1,True,supplementary,C1,0.16626713587819753,False,仅供复核_不作正式训练标签
b0a40a1965c9d7,泸203H64,4,15,whole_stage,3,泸203H64|3-4,泸203H64|4|15,E:\压裂窜扰项目\02 规范化\泸203H64\泸203H64 邻井压力监测\泸203H64-4-15段压裂施工-1、2、3、5井秒点压力监测.xls,导出数据,3#套压(MPa),9e29f9cd2958bf2a5e122200503f75747e6f1398c5c37e157e026515a3767adc,E:\压裂窜扰项目\02 规范化\泸203H64\泸203H64 压裂施工曲线\泸203H64-4-15 压裂施工曲线.csv,text,named_stage_clock_only,-1671667200,44144.0,52916.0,146.2,1.0,0,0,0,0.9981760145918832,16.0,41.77,initial_window_proxy,0.0,0.0,0.03854760000000497,,supplementary,起泵前基线不足180秒,,,0.05300000000000438,0.026999999999993918,0.05299999999999727,-0.4000000000000057,-0.38000000000000256,-0.18346248286889286,0.10499999999999687,,True,1.0,0.11564280000001491,15.0,0.2997944266788488,0.0,0.0,False,,438,1,True,supplementary,C1,0.21066255761375968,False,仅供复核_不作正式训练标签
b1251204dcbe9d,泸203H66,3,11,whole_stage,2,泸203H66|2-3,泸203H66|3|11,E:\压裂窜扰项目\02 规范化\泸203H66\泸203H66 邻井压力监测\泸203H66平台-3井-11段压裂施工-1、2井分点压力监测.xlsx,Sheet1,2井压力,e204b12078bc947d45dfbc020ac0c30f4905e4d3cc183c136c3c805f94c45694,E:\压裂窜扰项目\02 规范化\泸203H66\泸203H66 压裂施工曲线\泸203H66-3-11 压裂施工曲线.xlsx,LogData(s),named_stage_clock_only,-1678233600,46979.0,54821.0,130.7,60.0,0,0,0,0.9946442234123948,60.0,51.44,initial_window_proxy,1.0,0.0,0.0,,supplementary,原始采样间隔大于30秒；施工窗缺口大于30秒；起泵前基线不足180秒,,51.44,0.12999999999999545,,5.0,0.0,4.970000000000002,1.7044615384615411,0.12999999999999545,34.016666666666666,False,0.26026523845957666,0.1,60.0,0.3923076923076923,66.0,0.0,True,5.530000000000001,614,1,True,supplementary,C2,0.9456417434250242,False,仅供复核_不作正式训练标签
b1352bcc6c5ecd,泸206H8,5,5,whole_stage,3,泸206H8|3-5,泸206H8|5|5,E:\压裂窜扰项目\02 规范化\泸206H8\泸206H8 邻井压力监测\泸206H8-5-5段压裂施工-1、2、3、4、6、7、8井秒点压力监测.xls,导出数据,3井套压(MPa),070e46c362ef9be5498b0ef7f3068c9dfea26f925db9442aafd9d0827779c160,E:\压裂窜扰项目\02 规范化\泸206H8\泸206H8 压裂施工曲线\泸206H8-5-5 压裂施工曲线.xlsx,秒点数据,absolute,0,1752048733.0,1752057520.0,146.45,1.0,0,0,0,1.0,1.0,54.16,initial_window_proxy,133.0,132.0,0.014826000000007585,,supplementary,起泵前基线不足180秒,0.04999999999999716,54.15,0.060000000000002274,0.020000000000003126,0.030000000000001137,-0.259999999999998,-0.13999999999999346,-0.15709058836917844,0.060000000000002274,,True,1.0,0.1,15.0,0.3476726983043132,0.0,0.0,False,,1270,1,True,supplementary,C1,0.1719036869943483,False,仅供复核_不作正式训练标签
b159f22e09f40e,泸208H2,10,12,whole_stage,8,泸208H2|10-8,泸208H2|10|12,E:\压裂窜扰项目\02 规范化\泸208H2\泸208H2 邻井压力监测\泸208H2-10-12段压裂施工-8井压力监测.xlsx,10-12-8,无表头_文件名井号,3c999e7c272862c00f1edba3d73554c1197f938556c7a4631420579887b56ca8,E:\压裂窜扰项目\02 规范化\泸208H2\泸208H2 压裂施工曲线\泸208H2-10-12 压裂施工曲线（秒点）.xlsx,秒点数据,named_stage_clock_only,1721692800,1721730663.0,1721739451.0,146.46666666666667,1.0,0,0,0,1.0,1.0,47.4421,initial_window_proxy,63.0,62.0,0.015567299999990054,,supplementary,起泵前基线不足180秒,0.031399999999997874,47.4526,0.15729999999999933,0.8178999999999945,0.8492999999999995,-0.06290000000000617,0.8178999999999945,0.25068446745561823,0.08389999999999986,64.25,False,0.43866636322257624,0.1,15.0,0.7104005461993628,0.0,0.0,True,0.922699999999999,1430,1,True,supplementary,C1,0.3464006358063419,False,仅供复核_不作正式训练标签
b1ccd885f1653b,阳101H51,2,18,whole_stage,3,阳101H51|2-3,阳101H51|2|18,E:\压裂窜扰项目\02 规范化\阳101H51\阳101H51 邻井压力监测\阳101H51-2-18段压裂施工-1、3、4井秒点压力监测.xlsx,阳101H51-2井18段压裂施工期间1井、3井、4井压力秒点,3井套压,98392549a1a95c5656a4a874bbac111c401906d8ad570e9c5ce3832b97300c1b,E:\压裂窜扰项目\02 规范化\阳101H51\阳101H51 压裂施工曲线\阳101H51-2-18 压裂施工曲线（秒点）.xlsx,秒点数据,absolute,0,1782889341.0,1782902350.0,216.81666666666666,1.0,0,0,0,1.0,1.0,49.18,initial_window_proxy,82.0,81.0,0.0,,supplementary,起泵前基线不足180秒,0.00999999999999801,49.19,0.020000000000003126,1.0200000000000031,1.0300000000000011,-0.07000000000000028,1.0300000000000011,0.3010338996079637,0.020000000000003126,98.5,False,0.45430086862941044,0.1,15.0,0.7193481435928972,3.8333333333333335,0.0,True,1.1199999999999974,2405,1,True,supplementary,C1,0.45693860258736396,False,仅供复核_不作正式训练标签
b202b676b1865d,泸203H76,1,21,whole_stage,3,泸203H76|1-3,泸203H76|1|21,E:\压裂窜扰项目\02 规范化\泸203H76\泸203H76 邻井压力监测\泸203H76平台-1井-21段压裂施工-2、3、4井秒点压力监测.xls,Sheet1,3井井口压力,e4a7793fefc576f6db6551800018d502c2573eb53ba4b3f37141d8f02b0bd157,E:\压裂窜扰项目\02 规范化\泸203H76\泸203H76 压裂施工曲线\泸203H76-1-21 压裂施工曲线（秒点）.xlsx,Sheet1,named_stage_clock_only,-1680048000,41685.0,48484.0,113.31666666666666,1.0,0,0,0,1.0,1.0,56.1806,initial_window_proxy,105.0,104.0,0.04670190000000177,,supplementary,起泵前基线不足180秒,0.031500000000001194,57.0207,0.32559999999999434,0.30450000000000443,0.8085999999999984,-0.8400999999999996,0.17849999999999966,-0.4724133916752445,0.07350000000000279,111.75,False,0.9861744374172673,0.1401057000000053,15.0,0.9005736137667304,0.0,0.0,True,0.4305999999999983,699,1,True,supplementary,C1,0.5507170694054078,False,仅供复核_不作正式训练标签
b20c559823ed98,泸206H8,5,11,whole_stage,8,泸206H8|5-8,泸206H8|5|11,E:\压裂窜扰项目\02 规范化\泸206H8\泸206H8 邻井压力监测\泸206H8-5-11段压裂施工-1、2、3、4、6、7、8井秒点压力监测.xls,导出数据,8井套压(MPa),390a1aa5cbc050b584acaffc7629b30dad8b17807dd85348f73e41e7d1f8751b,E:\压裂窜扰项目\02 规范化\泸206H8\泸206H8 压裂施工曲线\泸206H8-5-11 压裂施工曲线.xlsx,秒点数据,absolute,0,1752826159.0,1752836920.0,179.35,1.0,0,0,0,1.0,1.0,29.82,initial_window_proxy,79.0,78.0,0.0,,supplementary,起泵前基线不足180秒,0.019999999999999574,29.785,0.05000000000000071,0.07000000000000028,0.07000000000000028,-0.28999999999999915,-0.17999999999999972,-0.17750255552457966,0.05999999999999872,,True,1.0,0.1,15.0,0.4381563051760989,0.0,0.0,False,,1188,1,True,supplementary,C1,0.18890306143842825,False,仅供复核_不作正式训练标签
b23306ecef415c,阳101H34,3,21,whole_stage,2,阳101H34|2-3,阳101H34|3|21,E:\压裂窜扰项目\02 规范化\阳101H34\阳101H34 邻井压力监测\阳101H34-3-21段压裂施工-2井秒点压力监测.xls,导出数据,2#2井套压(MPa),9c8b416cc723a95a4293082f08d998439eef928e0bfca394c5f7c50e5824b52b,E:\压裂窜扰项目\02 规范化\阳101H34\阳101H34 压裂施工曲线\阳101H34-3-21 压裂施工曲线.xls,秒点数据,named_stage_clock_only,-1750636800,43177.0,54444.0,187.78333333333333,1.0,0,0,0,0.9979586402769148,23.0,51.6466484069824,initial_window_proxy,0.0,0.0,0.009750375366305748,,supplementary,起泵前基线不足180秒,,,0.046031951904296875,7.996757507324197,8.0099105834961,-0.006572723388700297,8.0099105834961,4.388234517787217,0.17756271362299714,9.883333333333333,False,0.05263157894736842,0.1,15.0,0.261917467093561,145.41666666666666,109.75,False,,2176,1,True,supplementary,C2,1.5825854685391165,False,仅供复核_不作正式训练标签
b25848eed7d884,泸208H2,8,8,whole_stage,10,泸208H2|10-8,泸208H2|8|8,E:\压裂窜扰项目\02 规范化\泸208H2\泸208H2 邻井压力监测\泸208H2-8-8段压裂施工-10井压力监测.xlsx,8-8-10,无表头_文件名井号,e847c03f5a881fb633e211d077dc2162da101642f9065e84960db6c0c082d383,E:\压裂窜扰项目\02 规范化\泸208H2\泸208H2 压裂施工曲线\泸208H2-8-8 压裂施工曲线（秒点）.xlsx,秒点数据,named_stage_clock_only,1720310400,1720341074.0,1720353589.0,208.58333333333334,1.0,0,0,0,1.0,1.0,52.8861,initial_window_proxy,73.0,72.0,0.01571556000000551,,supplementary,起泵前基线不足180秒,0.03170000000000073,52.8967,0.1477000000000004,2.490099999999998,2.5322999999999993,-0.08440000000000225,2.5112000000000023,0.9474730283659623,0.08440000000000225,72.91666666666667,False,0.3495805033959249,0.1,15.0,0.7415900918897324,91.66666666666667,0.0,True,2.627299999999998,1691,1,True,supplementary,C1,1.3236817929203049,False,仅供复核_不作正式训练标签
b25c121c2b7bda,泸206H8,5,13,whole_stage,1,泸206H8|1-5,泸206H8|5|13,E:\压裂窜扰项目\02 规范化\泸206H8\泸206H8 邻井压力监测\泸206H8-5-13段压裂施工-1、2、3、4、6、7、8井秒点压力监测.xls,导出数据,1井套压1(MPa),8eed401cc8eb07424614f7c38ee4602158d415e7dcbed67f1e59aea61aeebba9,E:\压裂窜扰项目\02 规范化\泸206H8\泸206H8 压裂施工曲线\泸206H8-5-13 压裂施工曲线.xlsx,秒点数据,absolute,0,1752999621.0,1753009431.0,163.5,1.0,0,0,0,1.0,1.0,46.42,initial_window_proxy,141.0,140.0,0.0,,supplementary,起泵前基线不足180秒,0.030000000000001137,46.42,0.060000000000002274,0.01999999999999602,0.030000000000001137,-0.05000000000000426,0.01999999999999602,-0.01073649337411078,0.030000000000001137,,True,1.0,0.1,15.0,0.3293577981651376,0.0,0.0,False,,1215,1,True,supplementary,C1,0.013387077002573964,False,仅供复核_不作正式训练标签
b2a5e672536a40,泸206H8,4,4,whole_stage,6,泸206H8|4-6,泸206H8|4|4,E:\压裂窜扰项目\02 规范化\泸206H8\泸206H8 邻井压力监测\泸206H8-4-4段压裂施工-1、2、3、5、6、7、8井秒点压力监测.xls,导出数据,6井套压(MPa),c258ea4be9268c5932f65316b0cec9960457061ec601f428ba0c03b04f5a5143,E:\压裂窜扰项目\02 规范化\泸206H8\泸206H8 压裂施工曲线\泸206H8-4-4 压裂施工曲线.xlsx,秒点数据,absolute,0,1752241715.0,1752250871.0,152.6,1.0,0,0,0,0.9962865880297073,34.0,38.88,pre_pump_10min,215.0,214.0,0.0296519999999941,-0.00023183365934994064,supplementary,施工窗缺口大于30秒,0.07000000000000028,38.88,0.10999999999999943,0.02999999999999403,0.04999999999999716,-0.030000000000001137,0.00999999999999801,0.007582766937073292,0.05333333333333693,,True,1.0,0.1,15.0,0.18500726175846274,0.0,0.0,False,,1149,1,True,supplementary,C1,0.012239606240637182,False,仅供复核_不作正式训练标签
b37cd68d1b85e2,阳101H51,4,1,whole_stage,3,阳101H51|3-4,阳101H51|4|1,E:\压裂窜扰项目\02 规范化\阳101H51\阳101H51 邻井压力监测\阳101H51-4-1段压裂施工-1、2、3井秒点压力监测.xlsx,阳101H51-4井1段压裂施工期间1井、2井、3井压力秒点数,3井套压,1823940f47dde5e66f928fc796f92507fb246fc5223532730306192bcbdda08f,E:\压裂窜扰项目\02 规范化\阳101H51\阳101H51 压裂施工曲线\阳101H51-4-1 压裂施工曲线（秒点）.xlsx,秒点数据,absolute,0,1779695577.0,1779714841.0,321.06666666666666,1.0,0,0,0,0.9999480897009967,1.0,51.73,initial_window_proxy,58.0,57.0,0.0,,supplementary,起泵前基线不足180秒,0.010000000000005116,51.74,0.07000000000000028,9.280000000000001,9.280000000000001,-0.0799999999999983,8.480000000000004,5.288962778383433,0.23000000000000398,92.91666666666667,False,0.28939991694352163,0.1,15.0,0.7030057623423143,219.25,194.41666666666666,False,,2462,1,True,supplementary,C2,2.9745759652730372,False,仅供复核_不作正式训练标签
b50afb34669ef9,泸208H1,4,5,whole_stage,3,泸208H1|3-4,泸208H1|4|5,E:\压裂窜扰项目\02 规范化\泸208H1\泸208H1 邻井压力监测\泸208H1-4-5段压裂施工-3井压力监测.xlsx,4-5-3,无表头_文件名井号,420e34aad4d1efa21b60d2a57563fb90b8798a02590aa9f60da5d0ed80752a12,E:\压裂窜扰项目\02 规范化\泸208H1\泸208H1 压裂施工曲线\泸208H1-4-5 压裂施工曲线（秒点）.xls,导出数据,named_stage_clock_only,0,52335.0,61305.0,149.5,1.0,0,0,0,1.0,1.0,40.23,initial_window_proxy,135.0,134.0,0.0,,supplementary,起泵前基线不足180秒,0.0,40.28,0.060000000000002274,7.350000000000001,7.480000000000004,-0.12999999999999545,7.440000000000005,1.4743461538461569,0.28000000000000114,66.58333333333333,False,0.4453734671125975,0.1,15.0,0.9385730211817168,63.25,10.833333333333334,True,10.240000000000002,1358,1,True,supplementary,C2,1.1763956731213172,False,仅供复核_不作正式训练标签
b52d5820421cbf,阳101H51,2,11,whole_stage,1,阳101H51|1-2,阳101H51|2|11,E:\压裂窜扰项目\02 规范化\阳101H51\阳101H51 邻井压力监测\阳101H51-2-11段压裂施工-1、3井秒点压力监测.xlsx,阳101H51-2井11段压裂施工期间1井、3井压力秒点数据（,1井套压,f43d393be85dd5761c2a250e73a9f13ee17d5a13484383ab4bf0ca585d0f74f9,E:\压裂窜扰项目\02 规范化\阳101H51\阳101H51 压裂施工曲线\阳101H51-2-11 压裂施工曲线（秒点）.xlsx,秒点数据,absolute,0,1779175994.0,1779181480.0,91.43333333333334,1.0,0,0,0,0.98177178271965,100.0,54.01,initial_window_proxy,15.0,14.0,0.0,,supplementary,施工窗缺口大于30秒；起泵前基线不足180秒,0.0,54.01,0.020000000000003126,0.1600000000000037,0.1700000000000017,-0.00999999999999801,0.1600000000000037,0.04761139992573563,0.010000000000005116,76.75,False,0.8394094057601166,0.1,15.0,0.7484218343854437,0.0,0.0,False,,2391,1,True,supplementary,C1,0.058899199222496035,False,仅供复核_不作正式训练标签
b5845ed87fdcaf,泸203H64,3,11,whole_stage,5,泸203H64|3-5,泸203H64|3|11,E:\压裂窜扰项目\02 规范化\泸203H64\泸203H64 邻井压力监测\泸203H64-3-11段压裂施工-1、2、4、5井秒点压力监测.xls,导出数据,5#套压(MPa),a52c48f2ed8bce935483e488af9ef4d24ccfdc0672ad93650422bd416714515f,E:\压裂窜扰项目\02 规范化\泸203H64\泸203H64 压裂施工曲线\泸203H64-3-11 压裂施工曲线.csv,text,named_stage_clock_only,-1672272000,27540.0,36454.0,148.56666666666666,1.0,0,0,0,0.9932690150325331,60.0,48.228,initial_window_proxy,0.0,0.0,0.0296519999999941,,supplementary,施工窗缺口大于30秒；起泵前基线不足180秒,,,0.054999999999999716,2.161999999999999,2.195999999999998,-0.10900000000000176,2.161999999999999,0.7170149649875744,0.07500000000000284,49.833333333333336,False,0.33542741754543415,0.1,15.0,0.27128981251411793,51.5,0.0,False,,363,1,True,supplementary,C1,1.0052076919601576,False,仅供复核_不作正式训练标签
b5e7b939d1a30f,阳101H32,4,5,whole_stage,2,阳101H32|2-4,阳101H32|4|5,E:\压裂窜扰项目\02 规范化\阳101H32\阳101H32 邻井压力监测\阳101H32-4-5段压裂施工-2、6井秒点压力监测.xlsx,导出数据,2井套压B(MPa),360352454551d4ea73031b652e2f8941ff7b1e6607fe7a7bc93f7e6232285e62,E:\压裂窜扰项目\02 规范化\阳101H32\阳101H32 压裂施工曲线\阳101H32-4-5 压裂施工曲线.xlsx,秒数据,absolute,0,1763910273.0,1763923872.0,226.65,1.0,0,0,0,0.9991175821751599,12.0,52.68,initial_window_proxy,33.0,32.0,0.01482599999999705,,supplementary,起泵前基线不足180秒,0.01999999999999602,52.68,0.05999999999999517,2.710000000000001,2.729999999999997,-0.020000000000003126,2.729999999999997,1.0792893942739388,0.03999999999999915,42.916666666666664,False,0.1893521582469299,0.1,15.0,0.34437329800544636,112.08333333333333,0.0,False,,1939,1,True,supplementary,C1,1.3800185607101403,False,仅供复核_不作正式训练标签
b6f31d9dad7cd0,泸208H1,4,7,whole_stage,6,泸208H1|4-6,泸208H1|4|7,E:\压裂窜扰项目\02 规范化\泸208H1\泸208H1 邻井压力监测\泸208H1-4-7段压裂施工-6井压力监测.xlsx,4-7-6,无表头_文件名井号,7fb33d487da2c7c6d32f0ec5e24f48d4966c3b4ef87d7ec7a18216a87cf5066a,E:\压裂窜扰项目\02 规范化\泸208H1\泸208H1 压裂施工曲线\泸208H1-4-7 压裂施工曲线（秒点）.xls,导出数据,named_stage_clock_only,0,40957.0,47648.0,111.51666666666667,1.0,0,0,0,1.0,1.0,43.72,initial_window_proxy,157.0,156.0,0.07412999999999578,,supplementary,起泵前基线不足180秒,0.17999999999999972,43.54,0.060000000000002274,4.899999999999999,4.939999999999998,-0.14000000000000057,4.899999999999999,2.936329397698402,0.10000000000000142,4.583333333333333,False,0.04109998505455089,0.22238999999998735,15.0,0.9227320280974444,96.58333333333333,0.0,True,5.219999999999999,1361,1,True,supplementary,C2,0.8077354069780971,False,仅供复核_不作正式训练标签
b7a6842c8442bb,泸206H8,5,12,whole_stage,3,泸206H8|3-5,泸206H8|5|12,E:\压裂窜扰项目\02 规范化\泸206H8\泸206H8 邻井压力监测\泸206H8-5-12段压裂施工-1、2、3、4、6、7、8井秒点压力监测.xls,导出数据,3井套压1(MPa),194b3b273b441eccfdde248bd0715b0baa7cbf0c402566bbc469ec4cf24a3b69,E:\压裂窜扰项目\02 规范化\泸206H8\泸206H8 压裂施工曲线\泸206H8-5-12 压裂施工曲线.xlsx,秒点数据,absolute,0,1752913447.0,1752924040.0,176.55,1.0,0,0,0,0.9962239214575663,40.0,50.46,pre_pump_10min,247.0,246.0,0.01482599999999705,-0.0023579571697503595,supplementary,施工窗缺口大于30秒,0.02999999999999403,50.46,0.060000000000002274,0.00999999999999801,0.00999999999999801,-0.07000000000000028,-0.05000000000000426,-0.03490760921065224,0.020000000000003126,,True,1.0,0.1,15.0,0.3200457753194736,0.0,0.0,False,,1200,1,True,supplementary,C1,0.04253756450342388,False,仅供复核_不作正式训练标签
b7e606bdaca57e,泸208H2,1,6,whole_stage,2,泸208H2|1-2,泸208H2|1|6,E:\压裂窜扰项目\02 规范化\泸208H2\泸208H2 邻井压力监测\泸208H2-1-6段压裂施工-2井压力监测.xlsx,1-6-2,无表头_文件名井号,15b129cbdd683d21ac3d8e62c5bd833866910d8c88f34dda4f24f35c0961fef5,E:\压裂窜扰项目\02 规范化\泸208H2\泸208H2 压裂施工曲线\泸208H2-1-6 压裂施工曲线（秒点）.xlsx,Log Data,named_stage_clock_only,0,32373.0,39353.0,116.33333333333333,1.0,0,13,0,1.0,2.0,60.517502,initial_window_proxy,93.0,92.0,0.2446304826000055,,supplementary,起泵前基线不足180秒,0.38849899999999593,60.4837495,0.4500010000000003,3.1124989999999997,3.2099989999999963,-0.16500100000000373,3.0374979999999994,1.8999086699140397,0.34500100000000344,25.5,False,0.2191977077363897,0.7338914478000165,15.0,0.07497133027522936,83.25,0.0,True,3.1799960000000027,1427,1,True,supplementary,C2,1.5389840352510942,False,仅供复核_不作正式训练标签
b7fc40326554e4,阳101H34,2,22,whole_stage,3,阳101H34|2-3,阳101H34|2|22,E:\压裂窜扰项目\02 规范化\阳101H34\阳101H34 邻井压力监测\阳101H34-2-22段压裂施工-3井秒点压力监测.xls,导出数据,3#3井套压(MPa),3ff85840ff2964ff97d38749bf6d357ce06914e2c2e3b575d2345e78463f8dae,E:\压裂窜扰项目\02 规范化\阳101H34\阳101H34 压裂施工曲线\阳101H34-2-22 压裂施工曲线.xls,秒点数据,named_stage_clock_only,-1750982400,39609.0,49723.0,168.56666666666666,1.0,0,0,0,1.0,6.0,58.8196868896484,initial_window_proxy,9.0,8.0,0.00972775268544153,,supplementary,起泵前基线不足180秒,0.014434814453082367,58.8131256103516,0.052501678466796875,3.550312042236399,3.569999694824297,-0.006561279296803946,3.569999694824297,2.0106323891674545,0.1509361267090057,10.333333333333334,False,0.061301166699624286,0.1,15.0,0.2584825403106143,115.0,0.0,False,,2147,1,True,supplementary,C2,1.4108972076628947,False,仅供复核_不作正式训练标签
b82190b37a69bd,泸203H64,5,5,whole_stage,4,泸203H64|4-5,泸203H64|5|5,E:\压裂窜扰项目\02 规范化\泸203H64\泸203H64 邻井压力监测\泸203H64-5-5段压裂施工-1、2、3、4井秒点压力监测.xls,导出数据,4#套压(MPa),e4312b258575897971f276bbc84aa819b78ef22e335b82450b39723794e11562,E:\压裂窜扰项目\02 规范化\泸203H64\泸203H64 压裂施工曲线\泸203H64-5-5 压裂施工曲线.csv,text,named_stage_clock_only,-1670544000,49614.0,55061.0,90.78333333333333,1.0,0,0,0,1.0,1.0,25.561,initial_window_proxy,114.0,113.0,0.010378200000002148,,supplementary,起泵前基线不足180秒,0.012999999999998124,25.548,0.0589999999999975,20.639000000000003,20.902,-0.013000000000001677,20.842,6.468649440058747,0.4860000000000042,10.666666666666666,False,0.11749586928584542,0.1,15.0,0.19405177161740408,66.75,42.916666666666664,False,,507,1,True,supplementary,C2,5.316087037778179,False,仅供复核_不作正式训练标签
b89be5c3cff321,泸203H64,5,10,whole_stage,1,泸203H64|1-5,泸203H64|5|10,E:\压裂窜扰项目\02 规范化\泸203H64\泸203H64 邻井压力监测\泸203H64-5-10段压裂施工-1、2、3、4井秒点压力监测.xls,导出数据,1#套压(MPa),917b18242a8bbd2cecc226525576937d329d433e10218fefb1eca4079bd6a2e5,E:\压裂窜扰项目\02 规范化\泸203H64\泸203H64 压裂施工曲线\泸203H64-5-10 压裂施工曲线.csv,text,named_stage_clock_only,-1670803200,55630.0,63897.0,137.78333333333333,1.0,0,0,0,0.9939518567799686,50.0,40.32,initial_window_proxy,0.0,0.0,0.029652000000004633,,supplementary,施工窗缺口大于30秒；起泵前基线不足180秒,,,0.059000000000004604,0.09799999999999898,0.10499999999999687,-0.1769999999999996,-0.14399999999999835,-0.003566204210782761,0.09199999999999875,,True,1.0,0.1,15.0,0.3702081051478642,0.0,0.0,False,,476,1,True,supplementary,C1,0.06993035245213837,False,仅供复核_不作正式训练标签
b8d18cfeb71fad,阳101H51,1,16,whole_stage,2,阳101H51|1-2,阳101H51|1|16,E:\压裂窜扰项目\02 规范化\阳101H51\阳101H51 邻井压力监测\阳101H51-1-16段压裂施工-2、3井秒点压力监测.xlsx,阳101H51-1井16段压裂施工期间2井、3井压力秒点数据（,2井套压,245c47f0c6e464c484a8315dd9dc0dcd0d09cc32107ef5ad1bc402b24e3ad57b,E:\压裂窜扰项目\02 规范化\阳101H51\阳101H51 压裂施工曲线\阳101H51-1-16 压裂施工曲线（秒点）.xlsx,秒点数据,absolute,0,1779973611.0,1779980294.0,111.38333333333334,1.0,0,0,0,1.0,1.0,49.19,initial_window_proxy,52.0,51.0,0.0,,supplementary,起泵前基线不足180秒,0.010000000000005116,49.19,0.020000000000003126,2.4200000000000017,2.450000000000003,-0.00999999999999801,2.440000000000005,0.8967791411042966,0.04999999999999716,17.666666666666668,False,0.1586114020649409,0.1,15.0,0.7243752805626216,45.25,0.0,False,,2368,1,True,supplementary,C1,1.1587257255577592,False,仅供复核_不作正式训练标签
b9efe2e1288d6c,泸203H76,1,23,whole_stage,2,泸203H76|1-2,泸203H76|1|23,E:\压裂窜扰项目\02 规范化\泸203H76\泸203H76 邻井压力监测\泸203H76平台-1井-23段压裂施工-2、3、4井秒点压力监测.xls,Sheet1,2井井口压力,7579e7fc3ebf7b3803674d6d6b9477e5d9933204ec8eabd3c53c6a4f398770c3,E:\压裂窜扰项目\02 规范化\泸203H76\泸203H76 压裂施工曲线\泸203H76-1-23 压裂施工曲线（秒点）.xlsx,Sheet1,named_stage_clock_only,-1680307200,28770.0,34744.0,99.56666666666666,1.0,0,0,0,1.0,1.0,51.6022,initial_window_proxy,90.0,89.0,0.015567299999990054,,supplementary,起泵前基线不足180秒,0.02099999999999369,51.6232,0.0630999999999986,0.010499999999993292,0.010499999999993292,-0.15760000000000218,-0.08400000000000318,-0.09029705390023664,0.042099999999997806,,True,1.0,0.1,15.0,0.8751255440241045,0.0,0.0,True,-0.07350000000000279,710,1,True,supplementary,C1,0.10120444999555961,False,仅供复核_不作正式训练标签
ba2be9fd8d8f0e,泸203H76,3,8,whole_stage,4,泸203H76|3-4,泸203H76|3|8,E:\压裂窜扰项目\02 规范化\泸203H76\泸203H76 邻井压力监测\泸203H76平台-3井-8段压裂施工-2、4井秒点压力监测.xls,Sheet1,4井井口压力,e5663a4194cbfe66af6f76376d63ef3941d798f38586d4b627f6cd8b30e1a46c,E:\压裂窜扰项目\02 规范化\泸203H76\泸203H76 压裂施工曲线\泸203H76-3-8 压裂施工曲线（秒点）.xlsx,Sheet1,named_stage_clock_only,0,50395.0,57934.0,125.65,1.0,0,0,0,1.0,1.0,61.2946,initial_window_proxy,115.0,114.0,0.046701899999991234,,supplementary,起泵前基线不足180秒,0.07560000000000144,61.31035,0.34660000000000224,1.354699999999994,1.3861999999999952,-0.22050000000000125,1.3337000000000003,0.5210183313436771,0.17860000000000298,47.75,False,0.3800238758456028,0.1401056999999737,15.0,0.6820533227218464,30.166666666666668,0.0,True,1.270699999999998,893,1,True,supplementary,C1,0.7426763581730284,False,仅供复核_不作正式训练标签
ba67a445587729,泸203H153,6,20,whole_stage,5,泸203H153|5-6,泸203H153|6|20,E:\压裂窜扰项目\02 规范化\泸203H153\泸203H153 邻井压力监测\泸203H153-6-20段压裂施工-5井套压压力监测.xls,导出数据,5井套压(MPa),383529f06601a6ceab37cfc88ff24166d7760d49683dc1c2de86040bd31243d5,E:\压裂窜扰项目\02 规范化\泸203H153\泸203H153 压裂施工曲线\泸203H153-6-20 压裂施工曲线.xlsx,秒点数据,absolute,0,1720527384.0,1720535611.0,137.11666666666667,1.0,0,0,0,1.0,1.0,63.21,initial_window_proxy,84.0,83.0,0.01482599999999705,,supplementary,起泵前基线不足180秒,0.030000000000001137,63.22,0.060000000000002274,5.1399999999999935,5.149999999999999,-0.00999999999999801,5.149999999999999,3.238586361978849,0.1699999999999875,19.0,False,0.13856812933025403,0.1,15.0,0.3325635103926097,105.16666666666667,17.0,False,,341,1,True,supplementary,C2,0.8583757142263687,False,仅供复核_不作正式训练标签
ba77bcdd0c536e,泸208H2,9,10,whole_stage,10,泸208H2|10-9,泸208H2|9|10,E:\压裂窜扰项目\02 规范化\泸208H2\泸208H2 邻井压力监测\泸208H2-9-10段压裂施工-10井压力监测.xlsx,9-10-10,无表头_文件名井号,6b9d99998eca20f7e8aaf1170f6a62dbb745b9b115a7d2fbd16405eed239bf32,E:\压裂窜扰项目\02 规范化\泸208H2\泸208H2 压裂施工曲线\泸208H2-9-10 压裂施工曲线（秒点）.xlsx,秒点数据,named_stage_clock_only,1722038400,1722063768.0,1722075857.0,201.48333333333332,1.0,0,0,0,1.0,1.0,46.9205,initial_window_proxy,108.0,107.0,0.015567300000000589,,supplementary,起泵前基线不足180秒,0.03149999999999409,46.91,0.15750000000000597,1.8071000000000055,1.8176000000000059,-0.052499999999994884,1.8176000000000059,0.4237796302423722,0.11550000000000438,77.41666666666667,False,0.3842336007941104,0.1,15.0,0.7460501282157334,33.25,0.0,True,2.0907000000000053,1730,1,True,supplementary,C1,0.6597899667452582,False,仅供复核_不作正式训练标签
bac30ab55d89d9,泸203H10,2,3,whole_stage,3,泸203H10|2-3,泸203H10|2|3,E:\压裂窜扰项目\02 规范化\泸203H10\泸203H10 邻井压力监测\泸203H10-2-3段压裂施工-3井套压压力监测-2.xls,Sheet1,3井井口套压(MPa),d999216b826c1c4e36f5cccc06b0786fee13938b3f02ebc59607e2f814762b9a,E:\压裂窜扰项目\02 规范化\泸203H10\泸203H10 压裂施工曲线\泸203H10-2-3 压裂施工曲线-2.xlsx,LogData(s),named_stage_clock_only,-1715990400,44884.0,53575.0,144.85,60.0,0,0,0,0.9872281670693821,60.0,45.93,initial_window_proxy,4.0,180.0,0.0,,supplementary,原始采样间隔大于30秒；施工窗缺口大于30秒；起泵前基线不足180秒,,45.93,0.6999999999999957,,5.899999999999999,0.0,5.875,2.957132867132868,0.6999999999999957,27.933333333333334,False,0.19284317109653665,0.1,60.0,0.27972027972027974,98.0,15.0,False,,291,1,True,supplementary,C2,0.6188307908600789,False,仅供复核_不作正式训练标签
bae869db882e8d,泸203H11,2,6,whole_stage,3,泸203H11|2-3,泸203H11|2|6,E:\压裂窜扰项目\02 规范化\泸203H11\泸203H11 邻井压力监测\泸203H11-2-6段压裂施工-3井套压压力监测.xls,Sheet1,3井套压,e01ee22cf759a7b9feec5a0b2ca457710da2efbf7afb53b51c07db6c757a15ea,E:\压裂窜扰项目\02 规范化\泸203H11\泸203H11 压裂施工曲线\泸203H11-2-6 压裂施工曲线.xlsx,LogData(s),named_stage_clock_only,-1713052800,31739.0,42179.0,174.0,1.0,0,0,0,0.9828544061302682,179.0,54.11,pre_pump_10min,239.0,238.0,0.01482599999999705,-0.004033613445377201,supplementary,施工窗缺口大于30秒,0.04999999999999716,54.11,0.3500000000000014,5.450000000000003,5.600000000000001,-0.00999999999999801,5.450000000000003,2.8795809375304557,0.1600000000000037,4.5,False,0.02586206896551724,0.1,15.0,0.39469837247831596,152.33333333333334,18.916666666666668,False,,309,1,True,supplementary,C2,0.999473982492219,False,仅供复核_不作正式训练标签
bb4bef21082145,泸203H153,4,16,whole_stage,6,泸203H153|4-6,泸203H153|4|16,E:\压裂窜扰项目\02 规范化\泸203H153\泸203H153 邻井压力监测\泸203H153-4-16段压裂施工-6井套压压力监测.xls,导出数据,6井套压(MPa),b4e302d274a19b802576b620d0b2fa74c8e8049f0c4ed515cb83cd4a7073d340,E:\压裂窜扰项目\02 规范化\泸203H153\泸203H153 压裂施工曲线\泸203H153-4-16 压裂施工曲线.xlsx,秒点数据,absolute,0,1716625151.0,1716636908.0,195.95,1.0,0,0,0,1.0,1.0,57.26,initial_window_proxy,71.0,70.0,0.01482599999999705,,supplementary,起泵前基线不足180秒,0.020000000000003126,57.265,0.09999999999999432,8.399999999999999,8.410000000000004,-0.04999999999999716,8.399999999999999,4.371833801139748,0.1600000000000037,32.333333333333336,False,0.16500808029259167,0.1,15.0,0.33877689886875906,139.66666666666666,105.0,True,8.670000000000009,327,1,True,supplementary,C2,1.7029122764540612,False,仅供复核_不作正式训练标签
bb5215fc1ec18d,泸206H8,4,20,whole_stage,5,泸206H8|4-5,泸206H8|4|20,E:\压裂窜扰项目\02 规范化\泸206H8\泸206H8 邻井压力监测\泸206H8-4-20段压裂施工-1、2、3、5、6、7、8井秒点压力监测-2.xls,导出数据,5井套压(MPa),16537a8097fa95a82446cc06aae76466b6a45a8c816aa71212eed37ef36546bd,E:\压裂窜扰项目\02 规范化\泸206H8\泸206H8 压裂施工曲线\泸206H8-4-20 压裂施工曲线.xlsx,秒点数据,absolute,0,1753889872.0,1753904032.0,236.0,1.0,0,0,0,1.0,1.0,60.19,initial_window_proxy,172.0,171.0,0.01482599999999705,,supplementary,起泵前基线不足180秒,0.030000000000001137,60.205,0.05000000000000426,0.07000000000000028,0.09000000000000341,-0.19999999999999574,0.07000000000000028,-0.07778707627118386,0.020000000000003126,,True,1.0,0.1,15.0,0.3603107344632768,0.0,0.0,True,0.10000000000000142,1090,1,True,supplementary,C1,0.09879426737664353,False,仅供复核_不作正式训练标签
bb9a7fa0477f88,泸203H76,4,13,whole_stage,3,泸203H76|3-4,泸203H76|4|13,E:\压裂窜扰项目\02 规范化\泸203H76\泸203H76 邻井压力监测\泸203H76平台-4井-13段压裂施工-1、2、3井秒点压力监测.xls,Sheet1,3井井口压力,d71ad5a3a066e315fcf12cf47ef0fab644d0bf0efe93f3e3727dec8f4f7c7407,E:\压裂窜扰项目\02 规范化\泸203H76\泸203H76 压裂施工曲线\泸203H76-4-13 压裂施工曲线（秒点）.xls,Sheet1,named_stage_clock_only,-1679443200,39965.0,48420.0,140.91666666666666,1.0,0,0,0,1.0,1.0,50.6046,initial_window_proxy,65.0,64.0,0.0,,supplementary,起泵前基线不足180秒,0.021000000000000796,50.5941,0.07350000000000279,8.3168,8.337800000000001,-0.010500000000000398,8.327300000000001,3.9419334003548223,0.17859999999999587,8.166666666666666,False,0.0579538734476641,0.1,15.0,0.8915434654050858,104.83333333333333,56.333333333333336,True,8.463799999999999,911,1,True,supplementary,C2,1.0207252033490943,False,仅供复核_不作正式训练标签
bbf52d518aa0a0,阳101H34,2,20,whole_stage,1,阳101H34|1-2,阳101H34|2|20,E:\压裂窜扰项目\02 规范化\阳101H34\阳101H34 邻井压力监测\阳101H34-2-20段压裂施工-1井秒点压力监测.xls,导出数据,1#1井套压(MPa),69d54ec1d774787be6cbe724d21e8de00a71c0498f8f67082f136364fc60ebac,E:\压裂窜扰项目\02 规范化\阳101H34\阳101H34 压裂施工曲线\阳101H34-2-20 压裂施工曲线.xls,秒点数据,named_stage_clock_only,-1750723200,28405.0,41918.0,225.21666666666667,1.0,0,0,0,1.0,1.0,51.4500007629395,initial_window_proxy,85.0,84.0,0.019455505371020008,,supplementary,起泵前基线不足180秒,0.04593658447269888,51.4565620422363,0.09843444824220171,1.4962501525877983,1.5290603637694957,-0.019687652587904836,1.5290603637694957,0.3747749811342915,0.07218551635740056,60.25,False,0.2675201657662991,0.1,15.0,0.16354621475616074,17.166666666666668,0.0,True,1.837497711181598,2142,1,True,supplementary,C1,0.5037618745288102,False,仅供复核_不作正式训练标签
bc2a506882961a,泸208H2,7,10,whole_stage,6,泸208H2|6-7,泸208H2|7|10,E:\压裂窜扰项目\02 规范化\泸208H2\泸208H2 邻井压力监测\泸208H2-7-10段压裂施工-6井压力监测.xlsx,7-10-6,无表头_文件名井号,ee0ab85d6ba494e5cbce01ba927a852470826501e5db0bf625c72b135baee02b,E:\压裂窜扰项目\02 规范化\泸208H2\泸208H2 压裂施工曲线\泸208H2-7-10 压裂施工曲线（秒点）.xlsx,秒点数据,named_stage_clock_only,1725235200,1725293788.0,1725303780.0,166.53333333333333,1.0,0,0,0,1.0,1.0,50.9025,initial_window_proxy,88.0,87.0,0.022238999999990308,,supplementary,起泵前基线不足180秒,0.05999700000000274,50.9025,0.16500100000000373,8.595000999999996,8.647498999999996,-0.022499000000003377,8.6175,5.2187885388310615,0.33750100000000316,6.416666666666667,False,0.038530824659727785,0.1,15.0,0.141613290632506,140.25,64.83333333333333,True,7.987499,1612,1,True,supplementary,C2,2.4669875669995176,False,仅供复核_不作正式训练标签
bca4dccdb7be45,泸203H66,1,7,whole_stage,4,泸203H66|1-4,泸203H66|1|7,E:\压裂窜扰项目\02 规范化\泸203H66\泸203H66 邻井压力监测\泸203H66平台-1井-7段压裂施工-4井秒点压力监测.xls,历史数据,4井井口压力,c204bbaef0caeedb9b78f87b9d6bcb1359c9113d593921463e1478fe4cfc2213,E:\压裂窜扰项目\02 规范化\泸203H66\泸203H66 压裂施工曲线\泸203H66-1-7 压裂施工曲线.xlsx,LogData(s),named_stage_clock_only,-1678406400,40741.0,51525.0,179.73333333333332,1.0,0,0,0,1.0,1.0,53.9334,initial_window_proxy,121.0,120.0,0.031134600000001178,,supplementary,起泵前基线不足180秒,0.05250000000000199,53.9019,0.19959999999999667,7.371700000000004,7.413699999999999,-0.031500000000001194,7.392699999999998,3.62907244065282,0.13649999999999807,8.583333333333334,False,0.0477559347181009,0.1,15.0,0.7137425816023739,140.25,61.916666666666664,True,7.581800000000001,574,1,True,supplementary,C2,0.5486097606358495,False,仅供复核_不作正式训练标签
bdc3b03751bb00,泸208H2,10,11,whole_stage,9,泸208H2|10-9,泸208H2|10|11,E:\压裂窜扰项目\02 规范化\泸208H2\泸208H2 邻井压力监测\泸208H2-10-11段压裂施工-9井压力监测.xlsx,10-11-9,无表头_文件名井号,59144d89e4c040785fe8da0cc0b2160752209c352b1357773fe2031100db8b67,E:\压裂窜扰项目\02 规范化\泸208H2\泸208H2 压裂施工曲线\泸208H2-10-11 压裂施工曲线（秒点）.xlsx,秒点数据,named_stage_clock_only,1721520000,1721548566.0,1721557384.0,146.96666666666667,1.0,0,0,0,1.0,1.0,47.3777,initial_window_proxy,6.0,5.0,0.015567300000000589,,supplementary,起泵前基线不足180秒,0.015749999999997044,47.3882,0.16799999999999926,1.2286000000000001,1.270700000000005,-0.06299999999999528,1.2602000000000046,0.3685280165570446,0.1051000000000002,57.5,False,0.39124518031299615,0.1,15.0,0.6986845089589476,11.5,0.0,True,1.4492000000000047,1429,1,True,supplementary,C1,0.5155745195078963,False,仅供复核_不作正式训练标签
bdd5ec07d4a698,阳101H51,1,5,whole_stage,2,阳101H51|1-2,阳101H51|1|5,E:\压裂窜扰项目\02 规范化\阳101H51\阳101H51 邻井压力监测\阳101H51-1-5段压裂施工-2、3井秒点压力监测.xlsx,阳101H51-1井5段压裂施工期间2井、3井压力秒点数据,2井口套压1,48849a40503f168c451765da9cd961e971b36212663195caf2b3aba6ffcedead,E:\压裂窜扰项目\02 规范化\阳101H51\阳101H51 压裂施工曲线\阳101H51-1-5 压裂施工曲线（秒点）.xlsx,秒点数据,absolute,0,1777190244.0,1777207904.0,294.3333333333333,1.0,0,0,0,1.0,1.0,52.03,initial_window_proxy,24.0,23.0,0.0,,supplementary,起泵前基线不足180秒,0.00999999999999801,52.03,0.020000000000003126,6.210000000000001,6.229999999999997,0.0,6.219999999999999,3.3844708380520943,0.060000000000002274,6.333333333333333,False,0.021517553793884484,0.1,15.0,0.6855605889014722,259.1666666666667,41.583333333333336,False,,2379,1,True,supplementary,C2,0.9130202173625623,False,仅供复核_不作正式训练标签
be21626b46b589,阳101H34,2,12,whole_stage,1,阳101H34|1-2,阳101H34|2|12,E:\压裂窜扰项目\02 规范化\阳101H34\阳101H34 邻井压力监测\阳101H34-2-12段压裂施工-1井秒点压力监测.xls,导出数据,1#1井套压(MPa),28f360c34e0f4586d53fef650cd39571bed1a376bd26ff264b5fb83fe8d7a69a,E:\压裂窜扰项目\02 规范化\阳101H34\阳101H34 压裂施工曲线\阳101H34-2-12 压裂施工曲线.xls,秒点数据,named_stage_clock_only,-1746489600,27891.0,36970.0,151.31666666666666,1.0,0,0,0,0.9912986011675294,70.0,56.5935897827148,initial_window_proxy,0.0,0.0,0.019472472381665537,,supplementary,施工窗缺口大于30秒；起泵前基线不足180秒,,,0.09192276000979405,2.6461982727050994,2.652763366699297,-0.03283309936519885,2.6461982727050994,1.3131476796468515,0.09849548339849434,6.066666666666666,False,0.040092521202775636,0.1,15.0,0.16044444444444445,85.66666666666667,0.0,False,,2132,1,True,supplementary,C1,1.5721793268500797,True,仅供复核_不作正式训练标签
bec281b977e882,泸208H1,2,16,whole_stage,1,泸208H1|1-2,泸208H1|2|16,E:\压裂窜扰项目\02 规范化\泸208H1\泸208H1 邻井压力监测\泸208H1-2-16段压裂施工-1井压力监测(yc).xlsx,2-16-1(yc),无表头_文件名井号,ac3301748e97d7c8e02170eca48b10c45a0851bc0ceaea8371f86a76c00ac052,E:\压裂窜扰项目\02 规范化\泸208H1\泸208H1 压裂施工曲线\泸208H1-2-16 压裂施工曲线（秒点）.xls,导出数据,named_stage_clock_only,0,30437.0,38593.0,135.93333333333334,1.0,0,0,0,0.9947278077488965,43.0,56.38,initial_window_proxy,0.0,0.0,0.0,,supplementary,施工窗缺口大于30秒；起泵前基线不足180秒,,,2.8800000000000026,4.089999999999996,4.089999999999996,0.0,4.089999999999996,1.6210655737704893,2.8300000000000054,15.716666666666667,False,0.11562040215792055,0.1,15.0,0.8984346111179589,52.416666666666664,0.0,True,4.1299999999999955,1327,1,True,supplementary,C2,1.272521448857445,False,仅供复核_不作正式训练标签
bfea42950efbe4,阳101H51,3,3,whole_stage,1,阳101H51|1-3,阳101H51|3|3,E:\压裂窜扰项目\02 规范化\阳101H51\阳101H51 邻井压力监测\阳101H51-3-3段压裂施工-1、2井秒点压力监测.xlsx,阳101H51-3井3段压裂施工期间1井、2井压力秒点数据,1井套压,d47db55f797808001024aa7f6ddab5e6529b9884964ad847900606d9fd733076,E:\压裂窜扰项目\02 规范化\阳101H51\阳101H51 压裂施工曲线\阳101H51-3-3 压裂施工曲线（秒点）.xlsx,秒点数据,absolute,0,1777557743.0,1777571774.0,233.85,1.0,0,0,0,0.9990022093934858,14.0,59.02,initial_window_proxy,23.0,22.0,0.01482599999999705,,supplementary,起泵前基线不足180秒,0.00999999999999801,59.05,0.020000000000003126,0.269999999999996,0.27999999999999403,-0.37000000000000455,0.27999999999999403,-0.07705036741100438,0.020000000000003126,123.75,False,0.5291853752405388,0.1,15.0,0.6224584433188272,0.0,0.0,False,,2448,1,True,supplementary,C1,0.16550286080347656,False,仅供复核_不作正式训练标签
c075fea5c391d8,阳101H51,2,1,whole_stage,1,阳101H51|1-2,阳101H51|2|1,E:\压裂窜扰项目\02 规范化\阳101H51\阳101H51 邻井压力监测\阳101H51-2-1段压裂施工-1、3井秒点压力监测.xlsx,阳101H51-2井1段压裂施工期间1井、3井秒点数据,1井井口套压,29be758bedb630c4b29cddef11b739747047349b386f068c0b892902f6da2006,E:\压裂窜扰项目\02 规范化\阳101H51\阳101H51 压裂施工曲线\阳101H51-2-1 压裂施工曲线（秒点）.xlsx,秒点数据,absolute,0,1776674194.0,1776689283.0,251.48333333333332,1.0,0,0,0,0.9943004837961429,86.0,27.58,initial_window_proxy,0.0,0.0,0.0,,supplementary,施工窗缺口大于30秒；起泵前基线不足180秒,,,0.03999999999999915,23.120000000000005,23.21,0.0,23.190000000000005,8.194279477437846,0.21000000000000085,45.266666666666666,False,0.1799986745311154,0.1,15.0,0.6310071319069519,174.66666666666666,137.08333333333334,False,,2410,1,True,supplementary,C2,7.226820138212061,True,仅供复核_不作正式训练标签
c07f4509a4a3fa,泸206H8,5,11,whole_stage,7,泸206H8|5-7,泸206H8|5|11,E:\压裂窜扰项目\02 规范化\泸206H8\泸206H8 邻井压力监测\泸206H8-5-11段压裂施工-1、2、3、4、6、7、8井秒点压力监测.xls,导出数据,7井套压(MPa),390a1aa5cbc050b584acaffc7629b30dad8b17807dd85348f73e41e7d1f8751b,E:\压裂窜扰项目\02 规范化\泸206H8\泸206H8 压裂施工曲线\泸206H8-5-11 压裂施工曲线.xlsx,秒点数据,absolute,0,1752826159.0,1752836920.0,179.35,1.0,0,0,0,1.0,1.0,35.39,initial_window_proxy,79.0,78.0,0.01482599999999705,,supplementary,起泵前基线不足180秒,0.030000000000001137,35.38,0.05000000000000426,0.10000000000000142,0.10999999999999943,-0.00999999999999801,0.0899999999999963,0.0657922126196443,0.030000000000001137,114.0,False,0.6356286590465571,0.1,15.0,0.35582194963293373,0.0,0.0,False,,1189,1,True,supplementary,C1,0.06652712167873506,False,仅供复核_不作正式训练标签
c0d0ca9e51bec2,泸203H76,1,12,whole_stage,4,泸203H76|1-4,泸203H76|1|12,E:\压裂窜扰项目\02 规范化\泸203H76\泸203H76 邻井压力监测\泸203H76平台-1井-12段压裂施工-2、3、4井秒点压力监测.xls,Sheet1,4井井口压力,4eb18c603823ab2d0bb45513f14004a7f4bde8d950b9fffc10816caa673d2966,E:\压裂窜扰项目\02 规范化\泸203H76\泸203H76 压裂施工曲线\泸203H76-1-12 压裂施工曲线（秒点）.xls,Sheet1,named_stage_clock_only,-1678924800,56167.0,64242.0,134.58333333333334,1.0,0,0,0,1.0,1.0,55.0885,initial_window_proxy,67.0,66.0,0.031134599999990645,,supplementary,起泵前基线不足180秒,0.06299999999999528,55.12,0.4410999999999987,0.02099999999999369,0.041999999999994486,-0.8716000000000008,-0.6616,-0.519010928792573,0.36759999999999593,,True,1.0,0.1,15.0,0.7336222910216719,0.0,0.0,True,-0.6091000000000051,661,1,True,supplementary,C1,0.5648866447529771,False,仅供复核_不作正式训练标签
c0f873bc055c0c,泸208H2,9,19,whole_stage,8,泸208H2|8-9,泸208H2|9|19,E:\压裂窜扰项目\02 规范化\泸208H2\泸208H2 邻井压力监测\泸208H2-9-19段压裂施工-8井压力监测.xlsx,9-19-8,无表头_文件名井号,18a4d650a2caf50a00ed514416c87d9339f8f9c501b78b049a7b9e34f4798d84,E:\压裂窜扰项目\02 规范化\泸208H2\泸208H2 压裂施工曲线\泸208H2-9-19 压裂施工曲线（秒点）.xlsx,秒点数据,named_stage_clock_only,1726185600,1726213957.0,1726226742.0,213.08333333333334,1.0,0,0,0,1.0,1.0,54.2895,initial_window_proxy,156.0,155.0,0.015567300000000589,,supplementary,起泵前基线不足180秒,0.04189999999999827,54.3,0.12580000000000524,3.0095000000000027,3.0199,-0.041999999999994486,3.0199,1.6221773171685607,0.10480000000000445,22.333333333333332,False,0.10481032459913961,0.1,15.0,0.7508017207665233,145.75,0.0,True,3.1877000000000066,1751,1,True,supplementary,C2,1.7308730340554317,False,仅供复核_不作正式训练标签
c13fb551a0088c,泸203H76,2,16,whole_stage,3,泸203H76|2-3,泸203H76|2|16,E:\压裂窜扰项目\02 规范化\泸203H76\泸203H76 邻井压力监测\泸203H76平台-2井-16段压裂施工-1、3、4井秒点压力监测.xls,历史数据,3井,5e112a04343d2f70c10f9012414ddf2a6b9a1e79b9499e3754c79873f5b20bb6,E:\压裂窜扰项目\02 规范化\泸203H76\泸203H76 压裂施工曲线\泸203H76-2-16 压裂施工曲线（秒点）.xlsx,Sheet1,named_stage_clock_only,-1679443200,53120.0,59968.0,114.13333333333334,1.0,0,0,0,1.0,1.0,58.1758,initial_window_proxy,140.0,139.0,0.015567300000000589,,supplementary,起泵前基线不足180秒,0.02099999999999369,58.2073,0.031500000000001194,0.021000000000000796,0.021000000000000796,-0.5670000000000002,-0.14700000000000557,-0.34860674649532924,0.031500000000001194,,True,1.0,0.1,15.0,0.9025992990654206,0.0,0.0,True,0.08399999999999608,771,1,True,supplementary,C1,0.38374261772809715,False,仅供复核_不作正式训练标签
c1e01c908ceadd,阳101H32,4,8,whole_stage,6,阳101H32|4-6,阳101H32|4|8,E:\压裂窜扰项目\02 规范化\阳101H32\阳101H32 邻井压力监测\阳101H32-4-8段压裂施工-6井秒点压力监测.xlsx,导出数据,6井套压(MPa),e47a14378a217f7722cd1c9cea3e937961a27dec59ee6fcfe349aef616ea6304,E:\压裂窜扰项目\02 规范化\阳101H32\阳101H32 压裂施工曲线\阳101H32-4-8 压裂施工曲线.xlsx,秒数据,absolute,0,1764168365.0,1764183482.0,251.95,1.0,0,0,0,0.9998676986174505,2.0,54.29,initial_window_proxy,65.0,64.0,0.01482599999999705,,supplementary,起泵前基线不足180秒,0.030000000000001137,54.32,0.060000000000002274,5.840000000000003,5.840000000000003,-0.060000000000002274,5.840000000000003,2.9952527290770767,0.0800000000000054,17.916666666666668,False,0.07111199312032812,0.1,15.0,0.3671187562024479,205.91666666666666,57.583333333333336,False,,1958,1,True,supplementary,C2,0.5230561506856687,False,仅供复核_不作正式训练标签
c23c58ea069d9e,泸208H2,5,15,whole_stage,3,泸208H2|3-5,泸208H2|5|15,E:\压裂窜扰项目\02 规范化\泸208H2\泸208H2 邻井压力监测\泸208H2-5-15段压裂施工-3井压力监测.xlsx,5-15-3,无表头_文件名井号,958e8cbbe57411eb526e05b2954896fafd0da2ecea2e05dc32b8694980d18194,E:\压裂窜扰项目\02 规范化\泸208H2\泸208H2 压裂施工曲线\泸208H2-5-15 压裂施工曲线（秒点）.xlsx,Log Data,named_stage_clock_only,0,28372.0,38339.0,166.11666666666667,1.0,0,29,0,0.9990970201665497,9.0,56.264999,initial_window_proxy,0.0,0.0,0.011118017400004164,,supplementary,起泵前基线不足180秒,,,0.06750100000000003,7.005001,7.012501,-0.007499000000002809,7.005001,3.539765065700941,0.14250200000000035,8.566666666666666,False,0.05157018159927761,0.1,15.0,0.22681035350992043,148.08333333333334,33.333333333333336,True,7.162502999999994,1553,1,True,supplementary,C2,1.147104263802134,False,仅供复核_不作正式训练标签
c23da2137ef3a4,泸208H2,9,9,whole_stage,10,泸208H2|10-9,泸208H2|9|9,E:\压裂窜扰项目\02 规范化\泸208H2\泸208H2 邻井压力监测\泸208H2-9-9段压裂施工-10井压力监测.xlsx,9-9-10,无表头_文件名井号,693102475e728e9c6cdc174b13073c77eca04b29fc5b3813c53a50baa985bc93,E:\压裂窜扰项目\02 规范化\泸208H2\泸208H2 压裂施工曲线\泸208H2-9-9 压裂施工曲线（秒点）.xlsx,秒点数据,named_stage_clock_only,1721865600,1721891758.0,1721903168.0,190.16666666666666,1.0,0,0,0,1.0,1.0,46.826,initial_window_proxy,58.0,57.0,0.015567300000000589,,supplementary,起泵前基线不足180秒,0.031500000000001194,46.826,0.126100000000001,1.6599000000000004,1.6809000000000012,-0.073599999999999,1.6599000000000004,0.5851406047326901,0.0841000000000065,65.91666666666667,False,0.3466257668711657,0.1,15.0,0.7485539000876424,54.833333333333336,0.0,True,1.8384999999999962,1768,1,True,supplementary,C1,0.7997021878721504,False,仅供复核_不作正式训练标签
c25ba597d09dd2,泸206H8,4,4,whole_stage,3,泸206H8|3-4,泸206H8|4|4,E:\压裂窜扰项目\02 规范化\泸206H8\泸206H8 邻井压力监测\泸206H8-4-4段压裂施工-1、2、3、5、6、7、8井秒点压力监测.xls,导出数据,3井套压(MPa),c258ea4be9268c5932f65316b0cec9960457061ec601f428ba0c03b04f5a5143,E:\压裂窜扰项目\02 规范化\泸206H8\泸206H8 压裂施工曲线\泸206H8-4-4 压裂施工曲线.xlsx,秒点数据,absolute,0,1752241715.0,1752250871.0,152.6,1.0,0,0,0,0.9987986020096112,35.0,53.43,pre_pump_10min,215.0,214.0,0.01482599999999705,0.0022850105049604555,supplementary,施工窗缺口大于30秒,0.030000000000001137,53.43,0.05000000000000426,0.00999999999999801,0.00999999999999801,-0.10000000000000142,-0.10000000000000142,-0.0672799343903759,0.030000000000001137,,True,1.0,0.1,15.0,0.32265704296830944,0.0,0.0,False,,1144,1,True,supplementary,C1,0.07402215986706118,False,仅供复核_不作正式训练标签
c26e81448a82c8,阳101H35,3,9,whole_stage,1,阳101H35|1-3,阳101H35|3|9,E:\压裂窜扰项目\02 规范化\阳101H35\阳101H35 邻井压力监测\阳101H35平台3井第九段压裂期间邻井秒点数据5.24.xlsx,text,1#套压(MPa),4b871193428edb3fe9e4df1c7b1397f030d99968ae885334ad21f63309f624bd,E:\压裂窜扰项目\02 规范化\阳101H35\阳101H35 压裂施工曲线\阳101H35-3-9 压裂施工曲线（秒点）.xlsx,Log Data,named_stage_clock_only,-1716508800,26795.0,41141.0,239.1,1.0,0,0,0,1.0,1.0,50.8341293334961,initial_window_proxy,155.0,154.0,0.019195344543414893,,supplementary,起泵前基线不足180秒,0.04532623291019888,50.8600311279297,0.05827331542959513,0.006477355956995723,0.03237533569340201,-0.6863327026366974,-0.6798591613770029,-0.46093195039459284,0.07122039794919743,,True,1.0,0.1,15.0,0.24982573539662623,0.0,0.0,True,-0.6733818054199006,2335,1,True,supplementary,C1,0.5006941405021995,False,仅供复核_不作正式训练标签
c27c2287c9f49b,阳101H51,1,16,whole_stage,3,阳101H51|1-3,阳101H51|1|16,E:\压裂窜扰项目\02 规范化\阳101H51\阳101H51 邻井压力监测\阳101H51-1-16段压裂施工-2、3井秒点压力监测.xlsx,阳101H51-1井16段压裂施工期间2井、3井压力秒点数据（,3井套压,245c47f0c6e464c484a8315dd9dc0dcd0d09cc32107ef5ad1bc402b24e3ad57b,E:\压裂窜扰项目\02 规范化\阳101H51\阳101H51 压裂施工曲线\阳101H51-1-16 压裂施工曲线（秒点）.xlsx,秒点数据,absolute,0,1779973611.0,1779980294.0,111.38333333333334,1.0,0,0,0,1.0,1.0,49.81,initial_window_proxy,52.0,51.0,0.0,,supplementary,起泵前基线不足180秒,0.0,49.81,0.020000000000003126,1.1299999999999955,1.1400000000000006,-0.020000000000003126,1.1400000000000006,0.35525662127786684,0.030000000000001137,41.666666666666664,False,0.3740834954361813,0.1,15.0,0.7468202902887925,7.416666666666667,0.0,False,,2369,1,True,supplementary,C1,0.4938121466218437,False,仅供复核_不作正式训练标签
c29c097229c7bf,泸206H8,5,11,whole_stage,1,泸206H8|1-5,泸206H8|5|11,E:\压裂窜扰项目\02 规范化\泸206H8\泸206H8 邻井压力监测\泸206H8-5-11段压裂施工-1、2、3、4、6、7、8井秒点压力监测.xls,导出数据,1井套压1(MPa),390a1aa5cbc050b584acaffc7629b30dad8b17807dd85348f73e41e7d1f8751b,E:\压裂窜扰项目\02 规范化\泸206H8\泸206H8 压裂施工曲线\泸206H8-5-11 压裂施工曲线.xlsx,秒点数据,absolute,0,1752826159.0,1752836920.0,179.35,1.0,0,0,0,1.0,1.0,44.45,initial_window_proxy,79.0,78.0,0.01482599999999705,,supplementary,起泵前基线不足180秒,0.021999999999998465,44.46,0.060000000000002274,0.00999999999999801,0.01999999999999602,-0.12000000000000455,-0.09000000000000341,-0.058273859306758456,0.030000000000001137,,True,1.0,0.1,15.0,0.3164204070253694,0.0,0.0,False,,1187,1,True,supplementary,C1,0.06526730782168762,False,仅供复核_不作正式训练标签
c2f6b1156a1d0d,阳101H32,4,16,whole_stage,6,阳101H32|4-6,阳101H32|4|16,E:\压裂窜扰项目\02 规范化\阳101H32\阳101H32 邻井压力监测\阳101H32-4-16段压裂施工-6井分点压力监测.xlsx,导出数据,6井套压A(MPa),51b0efbf7a4da517ca42aa50cd1ab9cf0981133c5acd7e6b2990184032cc3cd2,E:\压裂窜扰项目\02 规范化\阳101H32\阳101H32 压裂施工曲线\阳101H32-4-16 压裂施工曲线.xlsx,秒数据,absolute,0,1765202656.0,1765220078.0,290.3666666666667,60.0,0,0,0,0.9952933073125932,60.0,53.43,initial_window_proxy,0.0,0.0,0.007412999999998525,,supplementary,原始采样间隔大于30秒；施工窗缺口大于30秒；起泵前基线不足180秒,,,0.10999999999999943,,8.36,-0.00999999999999801,8.350000000000001,4.885363321799309,0.10999999999999943,11.733333333333333,False,0.04040867868212605,0.1,60.0,0.1522491349480969,253.0,146.0,False,,1900,1,True,supplementary,C2,2.0263368399170067,False,仅供复核_不作正式训练标签
c2fdfb5fbbf735,阳101H37,5,27,whole_stage,4,阳101H37|4-5,阳101H37|5|27,E:\压裂窜扰项目\02 规范化\不重要的\阳101H37\阳101H37 邻井压力监测\阳101H37-5井压窜分析材料11.11-11.17_5井27段压裂期间4井套压.xls,导出数据,4#井口压力(MPa),e2351978520133547e8a8b060e227730a77ebb3b68257b563a8b0357ba39f7cf,E:\压裂窜扰项目\02 规范化\不重要的\阳101H37\阳101H37 压裂施工曲线\阳101H37-5-27 压裂施工曲线（秒点）-2.xlsx,Sheet1,absolute,0,1668500893.0,1668509220.0,138.78333333333333,1.0,0,0,0,1.0,31.0,54.456,initial_window_proxy,12.0,12.0,0.019273799999997218,,supplementary,施工窗缺口大于30秒；起泵前基线不足180秒,0.02470000000000283,54.456,0.05299999999999727,2.059999999999995,2.0799999999999983,-0.04600000000000648,2.059999999999995,0.5776403866938846,0.08599999999999852,53.25,False,0.38369160562027144,0.1,15.0,0.2880839126722771,36.0,0.0,False,,7,1,True,supplementary,C1,0.8508382321528966,False,仅供复核_不作正式训练标签
c490d3c2fb9329,阳101H51,3,13,whole_stage,2,阳101H51|2-3,阳101H51|3|13,E:\压裂窜扰项目\02 规范化\阳101H51\阳101H51 邻井压力监测\阳101H51-3-13段压裂施工-1、2、4井秒点压力监测.xlsx,阳101H51-3井13段压裂施工期间1井、2井、4井压力秒点,2井套压,0ea06403132b423f9891a0453862d189c01a197bc18948c9a97d7725ef301198,E:\压裂窜扰项目\02 规范化\阳101H51\阳101H51 压裂施工曲线\阳101H51-3-13 压裂施工曲线（秒点）.xlsx,秒点数据,absolute,0,1782645908.0,1782660764.0,247.6,1.0,0,0,0,1.0,1.0,46.63,initial_window_proxy,69.0,68.0,0.01482599999999705,,supplementary,起泵前基线不足180秒,0.00999999999999801,46.65,0.03999999999999915,2.3299999999999983,2.3299999999999983,-0.14000000000000057,2.3299999999999983,0.8358814620355388,0.04999999999999716,72.66666666666667,False,0.29348411416262793,0.1,15.0,0.6654550350026925,103.33333333333333,0.0,True,2.469999999999999,2436,1,True,supplementary,C1,1.1485954618713048,False,仅供复核_不作正式训练标签
c49ab4535d5957,阳101H51,4,1,whole_stage,2,阳101H51|2-4,阳101H51|4|1,E:\压裂窜扰项目\02 规范化\阳101H51\阳101H51 邻井压力监测\阳101H51-4-1段压裂施工-1、2、3井秒点压力监测.xlsx,阳101H51-4井1段压裂施工期间1井、2井、3井压力秒点数,2井套压,1823940f47dde5e66f928fc796f92507fb246fc5223532730306192bcbdda08f,E:\压裂窜扰项目\02 规范化\阳101H51\阳101H51 压裂施工曲线\阳101H51-4-1 压裂施工曲线（秒点）.xlsx,秒点数据,absolute,0,1779695577.0,1779714841.0,321.06666666666666,1.0,0,0,0,0.9999480897009967,1.0,50.83,initial_window_proxy,58.0,57.0,0.0,,supplementary,起泵前基线不足180秒,0.010000000000005116,50.84,0.020000000000003126,4.149999999999999,4.160000000000004,-0.14000000000000057,4.149999999999999,1.7619078025229733,0.05000000000000426,106.5,False,0.33170681063122925,0.1,15.0,0.7365415563515548,186.08333333333334,0.0,False,,2461,1,True,supplementary,C2,1.0697147518040644,False,仅供复核_不作正式训练标签
c4a77fe1d0b79e,阳101H34,2,20,whole_stage,3,阳101H34|2-3,阳101H34|2|20,E:\压裂窜扰项目\02 规范化\阳101H34\阳101H34 邻井压力监测\阳101H34-2-20段压裂施工-3井秒点压力监测.xls,导出数据,3#3井套压(MPa),911016d904d8c82960808ea77d06cb008de54254eb6eaa3a5133e6a992d6dd2a,E:\压裂窜扰项目\02 规范化\阳101H34\阳101H34 压裂施工曲线\阳101H34-2-20 压裂施工曲线.xls,秒点数据,named_stage_clock_only,-1750723200,28405.0,41918.0,225.21666666666667,1.0,0,0,0,1.0,1.0,53.5631256103516,initial_window_proxy,85.0,84.0,0.009727752685578479,,supplementary,起泵前基线不足180秒,0.023624420166044047,53.5762481689453,0.04593658447269888,9.541873931884702,9.555000305175703,-0.006561279296896316,9.555000305175703,4.398441082083411,0.19031143188480115,8.75,False,0.03885147635610153,0.1,15.0,0.24968548804854584,190.41666666666666,101.58333333333333,True,9.659999847412102,2143,1,True,supplementary,C2,1.5414065275897906,False,仅供复核_不作正式训练标签
c4e7d57ed8110a,泸203H76,1,12,whole_stage,2,泸203H76|1-2,泸203H76|1|12,E:\压裂窜扰项目\02 规范化\泸203H76\泸203H76 邻井压力监测\泸203H76平台-1井-12段压裂施工-2、3、4井秒点压力监测.xls,Sheet1,2井井口压力,4eb18c603823ab2d0bb45513f14004a7f4bde8d950b9fffc10816caa673d2966,E:\压裂窜扰项目\02 规范化\泸203H76\泸203H76 压裂施工曲线\泸203H76-1-12 压裂施工曲线（秒点）.xls,Sheet1,named_stage_clock_only,-1678924800,56167.0,64242.0,134.58333333333334,1.0,0,0,0,1.0,1.0,54.9205,initial_window_proxy,67.0,66.0,0.015567300000000589,,supplementary,起泵前基线不足180秒,0.010500000000000398,54.931,0.04200000000000159,2.310200000000002,2.341700000000003,-0.3674999999999997,2.320700000000002,0.2246617461300338,0.11549999999999727,94.5,False,0.7021671826625386,0.1,15.0,0.8943653250773994,22.333333333333332,0.0,True,2.6883000000000052,659,1,True,supplementary,C1,0.7662485699509042,False,仅供复核_不作正式训练标签
c5244348cfa0d5,阳101H34,3,17,whole_stage,4,阳101H34|3-4,阳101H34|3|17,E:\压裂窜扰项目\02 规范化\阳101H34\阳101H34 邻井压力监测\阳101H34-3-17段压裂施工-4井秒点压力监测.xls,导出数据,4#4井套压1(MPa),6f7b4acf72f8219fa3fd2c34b81d28be5b252bfb6d24aff3984cfcac4eb689c1,E:\压裂窜扰项目\02 规范化\阳101H34\阳101H34 压裂施工曲线\阳101H34-3-17 压裂施工曲线.xls,秒点数据,named_stage_clock_only,-1747267200,40865.0,48937.0,134.53333333333333,1.0,0,0,0,1.0,1.0,49.0743751525879,initial_window_proxy,65.0,64.0,0.009727752685589012,,supplementary,起泵前基线不足180秒,0.023624420166044047,49.0809364318848,0.05250167846680398,2.1262512207031037,2.1328125,-0.006561279296896316,2.1262512207031037,0.8644034855429511,0.0590629577637003,20.5,False,0.15237859266600595,0.1,15.0,0.2674677898909812,53.916666666666664,0.0,False,,2169,1,True,supplementary,C1,1.0916136750277265,False,仅供复核_不作正式训练标签
c65503b8e9aa3e,泸203H9,4,6,whole_stage,6,泸203H9|4-6,泸203H9|4|6,E:\压裂窜扰项目\02 规范化\泸203H9\泸203H9 邻井压力监测\泸203H9-4井第6段8点到11点53邻井压力检测数据(1).xls,导出数据,6#套压(MPa),c1b8c08fa1053fcf50b87eecc797c77e7c202349c185d6e6e1f8fa6a11794723,E:\压裂窜扰项目\02 规范化\泸203H9\泸203H9 压裂施工曲线\泸203H9-4-6 压裂施工曲线-2.xlsx,LogData(s),named_stage_clock_only,-1690761600,30145.0,41934.0,196.48333333333332,1.0,0,0,0,0.9868521503096107,155.0,51.4500007629395,initial_window_proxy,0.0,0.0,0.01946116104138618,,supplementary,施工窗缺口大于30秒；起泵前基线不足180秒,,,0.1115646362303977,0.5053100585937003,0.5184364318846946,-0.04593658447270599,0.5053100585937003,0.20127447310926683,0.0590629577637003,55.166666666666664,False,0.28077020951734666,0.1,15.0,0.11621110538078047,0.0,0.0,True,0.5840606689452983,989,1,True,supplementary,C1,0.22993556665716736,False,仅供复核_不作正式训练标签
c6b2bbc8fb6898,泸203H76,3,18,whole_stage,4,泸203H76|3-4,泸203H76|3|18,E:\压裂窜扰项目\02 规范化\泸203H76\泸203H76 邻井压力监测\泸203H76平台-3井-18段压裂施工-1、2、4井秒点压力监测.xls,Sheet1,4井井口压力,7b8dd75d2b1a51aedd3b2ff199f31901a2349f93d81b8c62e1524de8fecfa0b0,E:\压裂窜扰项目\02 规范化\泸203H76\泸203H76 压裂施工曲线\泸203H76-3-18 压裂施工曲线（秒点）.xlsx,Sheet1,named_stage_clock_only,-1679961600,37808.0,43926.0,101.96666666666667,1.0,0,0,0,1.0,1.0,50.6676,initial_window_proxy,68.0,67.0,0.031134600000001178,,supplementary,起泵前基线不足180秒,0.05250000000000199,50.6466,0.3885000000000005,0.22050000000000125,0.3569999999999993,-0.04200000000000159,0.13649999999999807,0.11000457665903872,0.22050000000000125,42.75,False,0.4192546583850932,0.1,15.0,0.6763648251062438,0.0,0.0,True,0.06300000000000239,861,1,True,supplementary,C1,0.11350138463481031,False,仅供复核_不作正式训练标签
c7f1de28be9ad7,泸203H66,3,19,whole_stage,2,泸203H66|2-3,泸203H66|3|19,E:\压裂窜扰项目\02 规范化\泸203H66\泸203H66 邻井压力监测\泸203H66平台-3井-19段压裂施工-1、2井秒点压力监测.xls,Sheet1,2井,506cdacc0455e3a537a458ae3f8921d72ec362bc943a4393f1db0fd873378684,E:\压裂窜扰项目\02 规范化\泸203H66\泸203H66 压裂施工曲线\泸203H66-3-19 压裂施工曲线.xlsx,LogData(s),named_stage_clock_only,-1679875200,28320.0,34007.0,94.78333333333333,1.0,0,0,0,1.0,1.0,49.56,initial_window_proxy,60.0,59.0,0.0,,supplementary,起泵前基线不足180秒,0.0,49.56,0.25,11.439999999999998,11.439999999999998,0.0,11.439999999999998,6.184673817478458,0.38000000000000256,4.0,False,0.04220151222085458,0.1,15.0,0.9257956743449973,83.41666666666667,56.666666666666664,True,11.32,636,1,True,supplementary,C2,3.5048905576549796,False,仅供复核_不作正式训练标签
c7fe8f6a9b7420,泸203H9,2,25,whole_stage,1,泸203H9|1-2,泸203H9|2|25,E:\压裂窜扰项目\02 规范化\泸203H9\泸203H9 邻井压力监测\泸203H9-2井25段压裂期间1井压力秒点数据.xls,导出数据,1#套压(MPa),9ce35d7a5a512a523b4c0ef299c864cc2422fef3a1dd744cde07004eed792ba1,E:\压裂窜扰项目\02 规范化\泸203H9\泸203H9 压裂施工曲线\泸203H9-2-25 压裂施工曲线.xlsx,LogData(s),named_stage_clock_only,-1701129600,27387.0,34650.0,121.05,1.0,0,0,0,1.0,2.0,44.2050018310547,initial_window_proxy,87.0,86.0,0.009727752685578479,,supplementary,起泵前基线不足180秒,0.019687652587904836,44.22140502929685,0.032814025878899145,3.884998321533196,3.9440612792968963,-0.26906585693360086,3.9375,0.6699135701682143,0.131252288818402,68.66666666666667,False,0.5672587085226491,0.1,15.0,0.28903883227760946,34.666666666666664,0.0,False,,968,1,True,supplementary,C1,1.3650684653161254,False,仅供复核_不作正式训练标签
c80e06ec857594,泸203H76,2,14,whole_stage,4,泸203H76|2-4,泸203H76|2|14,E:\压裂窜扰项目\02 规范化\泸203H76\泸203H76 邻井压力监测\泸203H76平台-2井-14段压裂施工-1、3、4井秒点压力监测.xlsx,Sheet1,4井,358fd96e5dd99f326dfcf0bb4123e76a2e703ec7a90503d13ab52fa99c0a8eff,E:\压裂窜扰项目\02 规范化\泸203H76\泸203H76 压裂施工曲线\泸203H76-2-14 压裂施工曲线（秒点）.xlsx,Sheet1,named_stage_clock_only,-1679270400,32921.0,39444.0,108.71666666666667,1.0,0,0,0,1.0,1.0,52.3162,initial_window_proxy,101.0,100.0,0.04670190000000177,,supplementary,起泵前基线不足180秒,0.06300000000000239,52.2847,0.4410000000000025,0.12599999999999767,0.15759999999999508,-0.3885000000000005,-0.30450000000000443,-0.060600636210334666,0.23100000000000165,,True,1.0,0.1401057000000053,15.0,0.7314119270274414,0.0,0.0,True,-0.3990000000000009,766,1,True,supplementary,C1,0.1267915650125064,False,仅供复核_不作正式训练标签
c826d8bdc40a7c,阳101H33,2,2,whole_stage,1,阳101H33|1-2,阳101H33|2|2,E:\压裂窜扰项目\02 规范化\阳101H33\阳101H33 邻井压力监测\阳101H33-2-2段压裂施工-1井压力监测.xlsx,2-2-1,无表头_文件名井号,ef37b00e65b29800169f2de42e6861e4f0f0bcb2f69d759cef6c653871d63699,E:\压裂窜扰项目\02 规范化\阳101H33\阳101H33 压裂施工曲线\阳101H33-2-2 压裂施工曲线.xls,text,named_stage_clock_only,1724630400,1724675830.0,1724683103.0,121.21666666666667,1.0,0,0,0,1.0,1.0,42.21,initial_window_proxy,10.0,9.0,0.03854760000000497,,supplementary,起泵前基线不足180秒,0.014399999999994861,42.171,0.059000000000004604,12.573999999999998,12.679000000000002,-0.045999999999999375,12.671999999999997,4.023880860717722,0.2359999999999971,4.75,False,0.03918603052385535,0.11564280000001491,15.0,0.24185343049635638,91.41666666666667,41.916666666666664,True,14.569000000000003,2073,1,True,supplementary,C2,1.834187395480431,False,仅供复核_不作正式训练标签
c952942430a88e,泸203H76,2,19,whole_stage,4,泸203H76|2-4,泸203H76|2|19,E:\压裂窜扰项目\02 规范化\泸203H76\泸203H76 邻井压力监测\泸203H76平台-2井-19段压裂施工-1、3、4井秒点压力监测.xls,Sheet1,4井井口压力,3fade4141c1cf27abbd389037411e4c84459cd2152ecbec7c9122da847148507,E:\压裂窜扰项目\02 规范化\泸203H76\泸203H76 压裂施工曲线\泸203H76-2-19 压裂施工曲线（秒点）.xls,Sheet1,named_stage_clock_only,-1679961600,28014.0,34522.0,108.46666666666667,1.0,0,0,0,1.0,1.0,50.5101,initial_window_proxy,54.0,53.0,0.0312828600000061,,supplementary,起泵前基线不足180秒,0.0736000000000061,50.5101,1.081700000000005,0.15749999999999886,0.26249999999999574,-0.1051000000000002,0.08399999999999608,0.028774439151811524,0.18909999999999627,91.75,False,0.8458819913952059,0.1,15.0,0.6794714197910264,0.0,0.0,True,0.09449999999999648,784,1,True,supplementary,C1,0.05259909310280921,False,仅供复核_不作正式训练标签
c9b4574b937696,泸208H2,1,10,whole_stage,2,泸208H2|1-2,泸208H2|1|10,E:\压裂窜扰项目\02 规范化\泸208H2\泸208H2 邻井压力监测\泸208H2-1-10段压裂施工-2井压力监测.xlsx,1-10-2,无表头_文件名井号,1b12621872dd46b75b7bed6d04fde633defa61baebd6901fe52364db141a2ca4,E:\压裂窜扰项目\02 规范化\泸208H2\泸208H2 压裂施工曲线\泸208H2-1-10 压裂施工曲线（秒点）.xlsx,Log Data,named_stage_clock_only,0,27833.0,34857.0,117.06666666666666,1.0,0,60,0,1.0,2.0,60.727501,initial_window_proxy,99.0,100.0,0.21126753480000496,,supplementary,起泵前基线不足180秒,0.3975030000000004,60.866248999999996,0.4650000000000034,3.0374980000000065,3.1424980000000033,-0.15750099999999634,2.992500000000007,1.586310908599092,0.32250299999999754,35.416666666666664,False,0.30253416856492027,0.6338026044000149,15.0,0.04737975592246949,69.5,0.0,True,3.119999,1414,1,True,supplementary,C2,1.6139550203758704,False,仅供复核_不作正式训练标签
c9fbe024a102b8,泸206H8,5,3,whole_stage,4,泸206H8|4-5,泸206H8|5|3,E:\压裂窜扰项目\02 规范化\泸206H8\泸206H8 邻井压力监测\泸206H8-5-3段压裂施工-1、2、3、4、6、7、8井秒点压力监测.xls,导出数据,4井套压(MPa),2b21898bbc5d6ea70a9afd7c73ac52716f64bcc3feacc1ea753c5559b7deb42a,E:\压裂窜扰项目\02 规范化\泸206H8\泸206H8 压裂施工曲线\泸206H8-5-3 压裂施工曲线.xlsx,秒点数据,absolute,0,1751871510.0,1751880274.0,146.06666666666666,1.0,0,0,0,1.0,38.0,59.51,pre_pump_10min,210.0,209.0,0.01482599999999705,-0.00046920403119108864,supplementary,施工窗缺口大于30秒,0.03999999999999915,59.51,0.07000000000000028,0.010000000000005116,0.020000000000003126,-0.03999999999999915,-0.01999999999999602,-0.010025102692832346,0.03999999999999915,,True,1.0,0.1,15.0,0.25574148874783614,0.0,0.0,False,,1247,1,True,supplementary,C1,0.019805597512978435,False,仅供复核_不作正式训练标签
ca0903bc155ec1,阳101H34,2,7,whole_stage,3,阳101H34|2-3,阳101H34|2|7,E:\压裂窜扰项目\02 规范化\阳101H34\阳101H34 邻井压力监测\阳101H34-2-7段压裂施工-3井秒点压力监测.xls,导出数据,3#3井套压(MPa),5cda2f8ffe4727df1c7aabaee7beb1b4724a306d84676376af6089c6f175fa94,E:\压裂窜扰项目\02 规范化\阳101H34\阳101H34 压裂施工曲线\阳101H34-2-7 压裂施工曲线.xls,秒点数据,named_stage_clock_only,-1745280000,31264.0,41863.0,176.65,1.0,0,0,0,1.0,1.0,56.4965629577637,initial_window_proxy,64.0,63.0,0.019461161041238694,,supplementary,起泵前基线不足180秒,0.013122558593700262,56.4900016784668,0.04593658447269888,3.504375457763601,3.5174980163574006,-0.01968765258789773,3.510936737060497,2.0258613067793667,0.06562423706050424,8.583333333333334,False,0.04858948957448816,0.1,15.0,0.27851684121143505,131.75,0.0,False,,2153,1,True,supplementary,C2,1.3263318390755277,False,仅供复核_不作正式训练标签
ca6169b1fe5367,阳101H51,3,14,whole_stage,2,阳101H51|2-3,阳101H51|3|14,E:\压裂窜扰项目\02 规范化\阳101H51\阳101H51 邻井压力监测\阳101H51-3-14段压裂施工-2、4、5、6井套压压力监测.xlsx,阳101H51-3井14段压裂施工期间2井、4井、5井、6井,2井套压,af1a0083fe3bf2f8e49c1cd21fc1f6c0e543544248c1eed17db94acaeaa4f358,E:\压裂窜扰项目\02 规范化\阳101H51\阳101H51 压裂施工曲线\阳101H51-3-14 压裂施工曲线（秒点）.xlsx,秒点数据,absolute,0,1783843455.0,1783864057.0,343.3666666666667,1.0,0,0,0,1.0,1.0,46.57,initial_window_proxy,75.0,74.0,0.01482599999999705,,supplementary,起泵前基线不足180秒,0.00999999999999801,46.57,0.020000000000003126,1.6300000000000026,1.6400000000000006,-0.18999999999999773,1.6400000000000006,0.6556154742258029,0.020000000000003126,93.91666666666667,False,0.27351713425880986,0.1,15.0,0.7313853023978254,128.58333333333334,0.0,True,1.75,2438,1,True,supplementary,C1,0.8884473572095932,False,仅供复核_不作正式训练标签
cae1ac36850d3e,泸208H1,2,14,whole_stage,1,泸208H1|1-2,泸208H1|2|14,E:\压裂窜扰项目\02 规范化\泸208H1\泸208H1 邻井压力监测\泸208H1-2-14段压裂施工-1井压力监测.xlsx,2-14-1,无表头_文件名井号,59061f2ed7fb03d48934586ca1ebbd153b145fdf011b69f198dd931bf464bff4,E:\压裂窜扰项目\02 规范化\泸208H1\泸208H1 压裂施工曲线\泸208H1-2-14 压裂施工曲线（秒点）.xls,导出数据,named_stage_clock_only,0,32181.0,41522.0,155.68333333333334,1.0,0,0,0,1.0,1.0,57.23,initial_window_proxy,81.0,80.0,0.0,,supplementary,起泵前基线不足180秒,0.0,57.23,2.1600000000000037,4.18,4.18,0.0,4.18,1.5471898083716977,2.6999999999999957,28.5,False,0.1830639117867466,0.1,15.0,0.8993683759768761,74.0,0.0,True,4.630000000000003,1323,1,True,supplementary,C2,1.4010435570017656,False,仅供复核_不作正式训练标签
cbdbd7d22bc315,泸203H64,3,3,whole_stage,5,泸203H64|3-5,泸203H64|3|3,E:\压裂窜扰项目\02 规范化\泸203H64\泸203H64 邻井压力监测\泸203H64-3-3段压裂施工-1、2、4、5井秒点压力监测.xls,text,5#套压(MPa),5d2fbec0d4eb81ec104fb471e54605f5ea68a7cd2c24b9a25ad22fc61e1cbeee,E:\压裂窜扰项目\02 规范化\泸203H64\泸203H64 压裂施工曲线\泸203H64-3-3 压裂施工曲线.csv,text,named_stage_clock_only,-1669248000,26751.0,37470.0,178.65,1.0,0,0,0,0.9935628323537643,69.0,33.168,initial_window_proxy,0.0,0.0,0.019273799999997218,,supplementary,施工窗缺口大于30秒；起泵前基线不足180秒,,,0.08200000000000074,22.706000000000003,22.719,-0.04099999999999682,22.719,10.90865056338028,0.24600000000000222,14.566666666666666,False,0.08153745685231831,0.1,15.0,0.15123601842278409,146.16666666666666,117.83333333333333,False,,389,1,True,supplementary,C2,9.643503798457168,True,仅供复核_不作正式训练标签
cc3916c55033db,泸203H64,3,12,whole_stage,2,泸203H64|2-3,泸203H64|3|12,E:\压裂窜扰项目\02 规范化\泸203H64\泸203H64 邻井压力监测\泸203H64-3-12段压裂施工-1、2、4、5井秒点压力监测.xls,导出数据,2#套压(MPa),2a3394b1011f8f0cd319cf69593d44926f9b339fec25b83d01004ffb5e0a17df,E:\压裂窜扰项目\02 规范化\泸203H64\泸203H64 压裂施工曲线\泸203H64-3-12 压裂施工曲线（秒点）.csv,text,named_stage_clock_only,-1672272000,52916.0,65947.0,217.18333333333334,1.0,0,0,0,1.0,1.0,58.139,initial_window_proxy,116.0,115.0,0.038547599999994436,,supplementary,起泵前基线不足180秒,0.0660000000000025,58.192,0.09799999999999898,10.752999999999993,10.779999999999994,-0.32800000000000296,10.773000000000003,5.389398472872378,0.17100000000000648,43.833333333333336,False,0.2018264139359988,0.11564279999998331,15.0,0.18571099685365666,157.91666666666666,119.91666666666667,True,10.93099999999999,367,1,True,supplementary,C2,2.9610490552063684,False,仅供复核_不作正式训练标签
cc42244b918662,阳101H34,3,8,whole_stage,1,阳101H34|1-3,阳101H34|3|8,E:\压裂窜扰项目\02 规范化\阳101H34\阳101H34 邻井压力监测\阳101H34-3-8段压裂施工-1井秒点压力监测.xls,导出数据,1#1井套压(MPa),ec734848daf3f71234a3f045bcc744ba00fd754cddbe5f1a7ea28571d10849c3,E:\压裂窜扰项目\02 规范化\阳101H34\阳101H34 压裂施工曲线\阳101H34-3-8 压裂施工曲线.xls,秒点数据,named_stage_clock_only,-1745712000,25043.0,39155.0,235.2,1.0,0,0,0,1.0,1.0,56.6461219787598,initial_window_proxy,143.0,142.0,0.019466816711299365,,supplementary,起泵前基线不足180秒,0.03808441162112075,56.6461219787598,0.09849548339839487,1.0637283325194957,1.076862335205,-0.052532196045000035,1.0637283325194957,0.44046637273966527,0.05252838134769888,71.08333333333333,False,0.3022250566893424,0.1,15.0,0.14944727891156462,17.833333333333332,0.0,False,,2193,1,True,supplementary,C1,0.5795495825588102,False,仅供复核_不作正式训练标签
cc61caae10b1dc,泸208H2,7,11,whole_stage,6,泸208H2|6-7,泸208H2|7|11,E:\压裂窜扰项目\02 规范化\泸208H2\泸208H2 邻井压力监测\泸208H2-7-11段压裂施工-6井压力监测.xlsx,7-11-6,无表头_文件名井号,d9e63d05651325bb1fa059635aec07ae76ba8c52790a6ec372c4523433446d71,E:\压裂窜扰项目\02 规范化\泸208H2\泸208H2 压裂施工曲线\泸208H2-7-11 压裂施工曲线（秒点）.xlsx,秒点数据,named_stage_clock_only,1725494400,1725522935.0,1725535913.0,216.3,1.0,0,0,0,0.9880567113576822,155.0,54.075001,initial_window_proxy,0.0,0.0,0.03335701739999447,,supplementary,施工窗缺口大于30秒；起泵前基线不足180秒,,,0.09000000000000341,3.1124989999999997,3.149996999999999,-0.030003000000000668,3.1049989999999994,1.8709700487795369,0.10499999999999687,19.416666666666668,False,0.08976729850516259,0.10007105219998341,15.0,0.18186071902051001,153.41666666666666,0.0,True,3.2774999999999963,1613,1,True,supplementary,C2,1.6301258343628768,False,仅供复核_不作正式训练标签
cd1534e5e5e8e9,泸203H76,4,11,whole_stage,3,泸203H76|3-4,泸203H76|4|11,E:\压裂窜扰项目\02 规范化\泸203H76\泸203H76 邻井压力监测\泸203H76平台-4井-11段压裂施工-1、2、3井秒点压力监测.xls,Sheet1,3井井口压力,b3be1a781aa204aa0a10f08ef4972dce51d13c443ba81c78fc8f24e0f7b2bafc,E:\压裂窜扰项目\02 规范化\泸203H76\泸203H76 压裂施工曲线\泸203H76-4-11 压裂施工曲线（秒点）.xlsx,Sheet1,named_stage_clock_only,-1678924800,28716.0,36678.0,132.7,1.0,0,0,0,1.0,1.0,51.4761,initial_window_proxy,156.0,155.0,0.0,,supplementary,起泵前基线不足180秒,0.02109999999999701,51.4866,0.06300000000000239,6.090699999999998,6.101199999999999,-0.031500000000001194,5.765099999999997,3.544205978397385,0.24150000000000205,22.583333333333332,False,0.17018337101230846,0.1,15.0,0.8972619944737503,95.91666666666667,47.25,True,7.035799999999995,905,1,True,supplementary,C2,1.3547444493723257,False,仅供复核_不作正式训练标签
cdabb5bcddfcd7,泸201H5,4,2,whole_stage,2,泸201H5|2-4,泸201H5|4|2,E:\压裂窜扰项目\02 规范化\泸201H5\泸201H5 邻井压力监测\泸201H5-4-2段压裂施工-1、2、3井压力监测.xls,导出数据,2井压力(MPa),196b9b6c4025c585b01f56fe349d7054e1f1705d52187c90a59e0f87ce185705,E:\压裂窜扰项目\02 规范化\泸201H5\泸201H5 压裂施工曲线\泸201H5-4-2 压裂施工曲线.xlsx,Log Data,absolute,0,1759822251.0,1759835634.0,223.05,1.0,0,0,0,0.9968616902039902,42.0,54.76,pre_pump_10min,600.0,599.0,0.0296519999999941,0.00032973424926156775,supplementary,施工窗缺口大于30秒,0.04999999999999716,54.76,0.10000000000000142,0.020000000000003126,0.030000000000001137,-0.03999999999999915,0.0,-0.001870924218572366,0.04000000000000625,,True,1.0,0.1,15.0,0.17352146502551785,0.0,0.0,True,-0.01999999999999602,259,1,True,supplementary,C1,0.014585802111495183,False,仅供复核_不作正式训练标签
ce3219b7f9aaf0,泸206H8,5,14,whole_stage,7,泸206H8|5-7,泸206H8|5|14,E:\压裂窜扰项目\02 规范化\泸206H8\泸206H8 邻井压力监测\泸206H8-5-14段压裂施工-1、2、3、4、6、7、8井秒点压力监测.xls,导出数据,7井套压(MPa),20ba586f5ca3bbef43ea5d15699e9dc3ab2f7369a1d3c8d3575d624399408e5e,E:\压裂窜扰项目\02 规范化\泸206H8\泸206H8 压裂施工曲线\泸206H8-5-14 压裂施工曲线.xlsx,秒点数据,absolute,0,1753082552.0,1753093269.0,178.61666666666667,1.0,0,0,0,1.0,3.0,34.9,initial_window_proxy,152.0,151.0,0.01482599999999705,,supplementary,起泵前基线不足180秒,0.030000000000001137,34.9,0.05000000000000426,0.25,0.259999999999998,-1.1400000000000006,0.20000000000000284,-0.08606466361854893,0.12000000000000455,116.66666666666667,False,0.6531678641410843,0.1,15.0,0.3735299607989546,0.0,0.0,False,,1231,1,True,supplementary,C1,0.3510695672245063,False,仅供复核_不作正式训练标签
ce61fd68881dd2,泸203H76,1,20,whole_stage,2,泸203H76|1-2,泸203H76|1|20,E:\压裂窜扰项目\02 规范化\泸203H76\泸203H76 邻井压力监测\泸203H76平台-1井-20段压裂施工-2、3、4井秒点压力监测.xls,Sheet1,2井井口压力,2ad61efc106c8aca1fb4bc1fd763ffb4b0901c7e46bb72d47292b08f41989510,E:\压裂窜扰项目\02 规范化\泸203H76\泸203H76 压裂施工曲线\泸203H76-1-20 压裂施工曲线（秒点）.xls,Sheet1,named_stage_clock_only,-1679875200,48772.0,55710.0,115.63333333333334,1.0,0,0,0,1.0,1.0,55.4455,initial_window_proxy,52.0,51.0,0.0,,supplementary,起泵前基线不足180秒,0.010500000000000398,55.4455,0.06300000000000239,1.2286999999999964,1.2496999999999971,0.0,0.556599999999996,0.791239975497259,0.08400000000000318,8.75,False,0.07567022196598443,0.1,15.0,0.8823868550014413,36.833333333333336,0.0,True,0.4831000000000003,692,1,True,supplementary,C1,0.8523533856842054,False,仅供复核_不作正式训练标签
ceb1e4185cd796,泸203H9,3,8,whole_stage,1,泸203H9|1-3,泸203H9|3|8,E:\压裂窜扰项目\02 规范化\泸203H9\泸203H9 邻井压力监测\泸203H9_压窜信息_3、4、6压窜监测数据（大于5兆帕）_3井第八段压裂期间邻井压力秒点数据.xls,导出数据,1#套压(MPa),b0dd325fa2b510c4733bb763d425b8c07b42d88772d59b3f20d51f60169c47ed,E:\压裂窜扰项目\02 规范化\泸203H9\泸203H9 压裂施工曲线\泸203H9-3-8 压裂施工曲线-2.xlsx,LogData(s),named_stage_clock_only,-1691193600,28068.0,34954.0,114.76666666666667,1.0,0,0,0,1.0,1.0,25.2131252288818,initial_window_proxy,168.0,167.0,0.009730580520619347,,supplementary,起泵前基线不足180秒,0.03281211853020238,25.2196884155273,0.05906105041499998,0.013124465942400576,0.019687652587901283,-0.0131244659423011,0.006563186645500707,0.004925085505943669,0.019687652587901283,,True,1.0,0.1,15.0,0.1847226256171943,0.0,0.0,False,,999,1,True,supplementary,C1,0.012807992328783947,False,仅供复核_不作正式训练标签
cebe4613c4c723,泸206H8,4,20,whole_stage,8,泸206H8|4-8,泸206H8|4|20,E:\压裂窜扰项目\02 规范化\泸206H8\泸206H8 邻井压力监测\泸206H8-4-20段压裂施工-1、2、3、5、6、7、8井秒点压力监测-2.xls,导出数据,8井套压(MPa),16537a8097fa95a82446cc06aae76466b6a45a8c816aa71212eed37ef36546bd,E:\压裂窜扰项目\02 规范化\泸206H8\泸206H8 压裂施工曲线\泸206H8-4-20 压裂施工曲线.xlsx,秒点数据,absolute,0,1753889872.0,1753904032.0,236.0,1.0,0,0,0,1.0,1.0,24.74,initial_window_proxy,172.0,171.0,0.04447800000000168,,supplementary,起泵前基线不足180秒,0.04999999999999716,24.64,0.0400000000000027,0.05000000000000071,0.05000000000000071,-0.4499999999999993,-0.36999999999999744,-0.22089583333333165,0.10999999999999943,,True,1.0,0.13343400000000505,15.0,0.44731638418079095,0.0,0.0,True,-0.36999999999999744,1091,1,True,supplementary,C1,0.24195834683966777,False,仅供复核_不作正式训练标签
cef92273be1af7,泸203H76,1,8,whole_stage,4,泸203H76|1-4,泸203H76|1|8,E:\压裂窜扰项目\02 规范化\泸203H76\泸203H76 邻井压力监测\泸203H76平台-1井-8段压裂施工-2、3、4井压力监测.xls,Sheet1,4井井口压力,017b78967bac4e192e2c50421703015dc0cb0b049d0d7ff4c8ca37db23ccff02,E:\压裂窜扰项目\02 规范化\泸203H76\泸203H76 压裂施工曲线\泸203H76-1-8 压裂施工曲线（秒点）-2.xls,Sheet1,named_stage_clock_only,0,28619.0,41026.0,206.78333333333333,60.0,0,0,0,0.9962118159103732,60.0,48.588350000000005,initial_window_proxy,2.0,60.0,0.093477930000006,,supplementary,原始采样间隔大于30秒；施工窗缺口大于30秒；起泵前基线不足180秒,,48.5359,0.28350000000000364,,1.6171499999999952,-0.08405000000000484,1.4753999999999934,0.8181029126213537,0.28350000000000364,29.016666666666666,False,0.1403240106391553,0.280433790000018,60.0,0.06796116504854369,87.0,0.0,True,1.6328999999999922,734,1,True,supplementary,C1,0.9179441136327801,False,仅供复核_不作正式训练标签
cf06e1e2bac05f,阳101H51,2,6,whole_stage,3,阳101H51|2-3,阳101H51|2|6,E:\压裂窜扰项目\02 规范化\阳101H51\阳101H51 邻井压力监测\阳101H51-2-6段压裂施工-1、3井秒点压力监测.xlsx,阳101H51-2井6段压裂期间1井、3井压力秒点数据（202,3井套压,f3ba3d375154fa2939d549f873ed3c2075a436df71be61cc87d85247204e1b9b,E:\压裂窜扰项目\02 规范化\阳101H51\阳101H51 压裂施工曲线\阳101H51-2-6 压裂施工曲线（秒点）.xlsx,秒点数据,absolute,0,1777727610.0,1777740911.0,221.68333333333334,1.0,0,0,0,0.9991729945116908,11.0,55.09,initial_window_proxy,30.0,29.0,0.05930399999999873,,supplementary,起泵前基线不足180秒,0.010000000000005116,55.05,0.020000000000003126,7.189999999999998,7.199999999999996,-0.04000000000000625,7.199999999999996,3.737160270880358,0.10999999999999943,4.5,False,0.020299225622133675,0.17791199999999618,15.0,0.6933784800601956,193.41666666666666,45.416666666666664,False,,2421,1,True,supplementary,C2,1.1273167140625813,False,仅供复核_不作正式训练标签
cf13bff9cb0c1f,泸208H2,10,4,whole_stage,9,泸208H2|10-9,泸208H2|10|4,E:\压裂窜扰项目\02 规范化\泸208H2\泸208H2 邻井压力监测\泸208H2-10-4段压裂施工-9井压力监测.xlsx,10-4-9,无表头_文件名井号,7e9b3c612e4eecbc298da07394188a89838154cf927c7356ccec22241735f240,E:\压裂窜扰项目\02 规范化\泸208H2\泸208H2 压裂施工曲线\泸208H2-10-4 压裂施工曲线（秒点）.xlsx,秒点数据,named_stage_clock_only,1719532800,1719580152.0,1719592838.0,211.43333333333334,1.0,0,0,0,0.9962163014346523,48.0,51.4206,initial_window_proxy,0.0,0.0,0.015567300000000589,,supplementary,施工窗缺口大于30秒；起泵前基线不足180秒,,,0.18900000000000006,5.103499999999997,5.113999999999997,-0.05250000000000199,5.103499999999997,2.9638814725431235,0.15749999999999886,11.133333333333333,False,0.05265647170108781,0.1,15.0,0.7405443899351163,165.75,7.25,True,5.250599999999999,1442,1,True,supplementary,C2,0.6170892356963268,False,仅供复核_不作正式训练标签
cf14f50ae7dfb2,泸208H2,4,7,whole_stage,5,泸208H2|4-5,泸208H2|4|7,E:\压裂窜扰项目\02 规范化\泸208H2\泸208H2 邻井压力监测\泸208H2-4-7段压裂施工-5井压力监测.xlsx,4-7-5,无表头_文件名井号,7472e28cd56da873923327c39f52d905e154535dd322ac84d063cb18618b83d7,E:\压裂窜扰项目\02 规范化\泸208H2\泸208H2 压裂施工曲线\泸208H2-4-7 压裂施工曲线（秒点）.xlsx,Log Data,named_stage_clock_only,0,28087.0,39659.0,192.86666666666667,1.0,0,17,0,1.0,2.0,59.34,initial_window_proxy,67.0,66.0,0.11119648260000047,,supplementary,起泵前基线不足180秒,0.24750099999999975,59.407501,0.2775010000000009,4.9575009999999935,5.03249799999999,-0.1049990000000065,4.942500999999993,2.4029596453508435,0.2625010000000003,34.583333333333336,False,0.17931213273418597,0.3335894478000014,15.0,0.07225683627552787,147.08333333333334,0.08333333333333333,True,5.002499,1535,1,True,supplementary,C2,0.6694763164829282,False,仅供复核_不作正式训练标签
cf30203cac826f,泸206H8,4,9,whole_stage,2,泸206H8|2-4,泸206H8|4|9,E:\压裂窜扰项目\02 规范化\泸206H8\泸206H8 邻井压力监测\泸206H8-4-9段压裂施工-1、2、3、5、6、7、8井秒点压力监测.xls,导出数据,2井套压1(MPa),287ca668e12277f383c425b1e47b05d9566cd7d7eab3f740b529cde27a1df5b9,E:\压裂窜扰项目\02 规范化\泸206H8\泸206H8 压裂施工曲线\泸206H8-4-9 压裂施工曲线.xlsx,秒点数据,absolute,0,1753023458.0,1753033486.0,167.13333333333333,1.0,0,0,0,0.985839648982848,142.0,46.92,initial_window_proxy,0.0,0.0,0.01482599999999705,,supplementary,施工窗缺口大于30秒；起泵前基线不足180秒,,,0.060000000000002274,0.0,0.00999999999999801,-0.10000000000000142,-0.09000000000000341,-0.05392474205947951,0.02999999999999403,,True,1.0,0.1,15.0,0.36262729124236254,0.0,0.0,False,,1178,1,True,supplementary,C1,0.061522948867163606,False,仅供复核_不作正式训练标签
cf34876ab5dc94,阳101H34,3,4,whole_stage,4,阳101H34|3-4,阳101H34|3|4,E:\压裂窜扰项目\02 规范化\阳101H34\阳101H34 邻井压力监测\阳101H34-3-4段压裂施工-4井秒点压力监测.xls,导出数据,4#4井套压1(MPa),2447610157b9ee3359af157f292a226af88caf8ee45d56067763eb1407b4f8ee,E:\压裂窜扰项目\02 规范化\阳101H34\阳101H34 压裂施工曲线\阳101H34-3-4 压裂施工曲线.xls,秒点数据,named_stage_clock_only,-1744588800,28345.0,39308.0,182.71666666666667,1.0,0,0,0,0.9913344887348353,95.0,42.0581817626953,initial_window_proxy,0.0,0.0,0.00973906402586837,,supplementary,施工窗缺口大于30秒；起泵前基线不足180秒,,,0.05255126953120026,2.962509155273402,3.0216255187987997,-0.03941345214839487,2.9953536987305043,0.6353260294058275,0.11166763305659799,57.083333333333336,False,0.31241448508619907,0.1,15.0,0.2931542142068458,36.333333333333336,0.0,False,,2188,1,True,supplementary,C1,0.9406423103357654,False,仅供复核_不作正式训练标签
cf6dcaf23c971d,泸208H2,5,17,whole_stage,3,泸208H2|3-5,泸208H2|5|17,E:\压裂窜扰项目\02 规范化\泸208H2\泸208H2 邻井压力监测\泸208H2-5-17段压裂施工-3井压力监测.xlsx,5-17-3,无表头_文件名井号,69a1fc1a51e90520b8acd7ef46e0197da7b6111d3fc897f7d02c6b31d50f121d,E:\压裂窜扰项目\02 规范化\泸208H2\泸208H2 压裂施工曲线\泸208H2-5-17 压裂施工曲线（秒点）.xlsx,Log Data,named_stage_clock_only,0,33631.0,39135.0,91.73333333333333,1.0,0,0,0,0.9947311046511628,29.0,59.7225,initial_window_proxy,0.0,0.0,0.011119499999989886,,supplementary,起泵前基线不足180秒,,,0.052497999999999934,4.0424990000000065,4.057499,-0.007499999999993179,4.049999000000007,1.8157397425570811,0.12750299999999726,9.483333333333333,False,0.10337936046511627,0.1,15.0,0.24127853881278538,57.916666666666664,0.0,True,4.102501000000004,1555,1,True,supplementary,C2,1.1532177656011935,False,仅供复核_不作正式训练标签
cf818e72d50268,泸203H76,1,8,whole_stage,2,泸203H76|1-2,泸203H76|1|8,E:\压裂窜扰项目\02 规范化\泸203H76\泸203H76 邻井压力监测\泸203H76平台-1井-8段压裂施工-2、3、4井压力监测.xls,Sheet1,2井井口压力,017b78967bac4e192e2c50421703015dc0cb0b049d0d7ff4c8ca37db23ccff02,E:\压裂窜扰项目\02 规范化\泸203H76\泸203H76 压裂施工曲线\泸203H76-1-8 压裂施工曲线（秒点）-2.xls,Sheet1,named_stage_clock_only,0,28619.0,41026.0,206.78333333333333,60.0,0,0,0,0.9962118159103732,60.0,46.38835,initial_window_proxy,2.0,60.0,0.0077836500000002945,,supplementary,原始采样间隔大于30秒；施工窗缺口大于30秒；起泵前基线不足180秒,,46.3936,0.14699999999999847,,8.742149999999995,-0.01575000000000415,8.715899999999998,4.249397815533978,0.14699999999999847,24.016666666666666,False,0.11614411219472878,0.1,60.0,0.07766990291262135,161.0,99.0,True,9.177999999999997,732,1,True,supplementary,C2,1.321910648152745,False,仅供复核_不作正式训练标签
cfb79cc6cbef3d,泸203H76,4,7,whole_stage,2,泸203H76|2-4,泸203H76|4|7,E:\压裂窜扰项目\02 规范化\泸203H76\泸203H76 邻井压力监测\泸203H76平台-4井-7段压裂施工-1、2、3井压力监测-2.xls,Sheet1,2井井口压力,fadc73940677c0aa7d4f03581ce0b1f9f2b68ed8e973ee0dfb0f9b1f9945adb8,E:\压裂窜扰项目\02 规范化\泸203H76\泸203H76 压裂施工曲线\泸203H76-4-7 压裂施工曲线（秒点）.xlsx,Sheet1,named_stage_clock_only,0,48087.0,56221.0,135.56666666666666,60.0,0,0,0,0.9958200147528891,60.0,56.6007,initial_window_proxy,1.0,0.0,0.0077836500000002945,,supplementary,原始采样间隔大于30秒；施工窗缺口大于30秒；起泵前基线不足180秒,,56.6322,0.04200000000000159,,0.02099999999999369,-0.5146000000000015,-0.5093500000000013,-0.34772074074074427,0.04200000000000159,,True,1.0,0.1,60.0,0.2814814814814815,0.0,0.0,False,,937,1,True,supplementary,C1,0.36702578025317045,False,仅供复核_不作正式训练标签
d02215b5c0d241,阳101H51,4,5,whole_stage,5,阳101H51|4-5,阳101H51|4|5,E:\压裂窜扰项目\02 规范化\阳101H51\阳101H51 邻井压力监测\阳101H51-4-5段压裂施工-3、5井秒点压力监测.xlsx,阳101H51-4井5段压裂施工期间3井、5井压力秒点数据（2,5井套压,7a4c58aad6884e966741370def51d9646ce7247d37395911d3faf4b5ce8c5481,E:\压裂窜扰项目\02 规范化\阳101H51\阳101H51 压裂施工曲线\阳101H51-4-5 压裂施工曲线（秒点）.xlsx,秒点数据,absolute,0,1780644211.0,1780658531.0,238.66666666666666,1.0,0,0,0,0.9980446927374301,28.0,35.27,initial_window_proxy,0.0,0.0,0.0,,supplementary,起泵前基线不足180秒,,,0.020000000000003126,0.1599999999999966,0.1599999999999966,-0.04000000000000625,0.1599999999999966,0.02836062132661346,0.020000000000003126,199.55,False,0.8361033519553074,0.1,15.0,0.8166806605093758,0.0,0.0,True,0.18999999999999773,2470,1,True,supplementary,C1,0.053504422074561166,False,仅供复核_不作正式训练标签
d02eb878de2756,阳101H34,3,3,whole_stage,2,阳101H34|2-3,阳101H34|3|3,E:\压裂窜扰项目\02 规范化\阳101H34\阳101H34 邻井压力监测\阳101H34-3-3段压裂施工-2井秒点压力监测.xls,导出数据,2#2井套压(MPa),8d029f45506624ac814cfde25717ccd68bd80d83f89e16766304f1779ce35062,E:\压裂窜扰项目\02 规范化\阳101H34\阳101H34 压裂施工曲线\阳101H34-3-3 压裂施工曲线.xls,秒点数据,named_stage_clock_only,-1744416000,41113.0,54525.0,223.53333333333333,1.0,0,0,0,1.0,1.0,52.5359420776367,initial_window_proxy,13.0,12.0,0.019455505371020008,,supplementary,起泵前基线不足180秒,0.019691467285099407,52.522819519043,0.04594802856449576,9.510875701904304,9.5240058898926,-0.019691467285099407,9.510875701904304,5.8748085775412555,0.15096664428709516,3.5833333333333335,False,0.016030420518938264,0.1,15.0,0.2642409782284521,205.08333333333334,117.75,False,,2185,1,True,supplementary,C2,2.9020304829468504,False,仅供复核_不作正式训练标签
d0713172b42692,泸208H2,10,21,whole_stage,9,泸208H2|10-9,泸208H2|10|21,E:\压裂窜扰项目\02 规范化\泸208H2\泸208H2 邻井压力监测\泸208H2-10-21段压裂施工-9井压力监测.xlsx,10-21-9,无表头_文件名井号,4e324f95f591a9926032ef03f8a38557b4d5c177e1be3f9cf834a9ca93bc63de,E:\压裂窜扰项目\02 规范化\泸208H2\泸208H2 压裂施工曲线\泸208H2-10-21 压裂施工曲线（秒点）.xlsx,秒点数据,named_stage_clock_only,1727136000,1727164595.0,1727176955.0,206.0,1.0,0,0,0,1.0,1.0,49.8455,initial_window_proxy,94.0,93.0,0.015567300000000589,,supplementary,起泵前基线不足180秒,0.031500000000001194,49.8455,0.11560000000000059,6.0381,6.069600000000001,-0.021000000000000796,6.0381,3.0115121278317143,0.15749999999999886,19.0,False,0.09223300970873786,0.1,15.0,0.7452265372168285,163.83333333333334,18.333333333333332,True,6.615600000000001,1440,1,True,supplementary,C2,0.7283031409120088,False,仅供复核_不作正式训练标签
d07f8a3e6e258a,泸203H9,2,30,whole_stage,1,泸203H9|1-2,泸203H9|2|30,E:\压裂窜扰项目\02 规范化\泸203H9\泸203H9 邻井压力监测\泸203H9-2井30段压裂期间1井压力秒点数据.xls,导出数据,1#套压(MPa),735bc800de3abf0ab1d8fed0a9142cac48a2bd2ae6aaac78edb07c4af86ccb96,E:\压裂窜扰项目\02 规范化\泸203H9\泸203H9 压裂施工曲线\泸203H9-2-30 压裂施工曲线.xlsx,LogData(s),named_stage_clock_only,-1701561600,28536.0,36080.0,125.73333333333333,1.0,0,0,0,1.0,1.0,50.9381256103516,initial_window_proxy,96.0,95.0,0.00972775268544153,,supplementary,起泵前基线不足180秒,0.01968765258789773,50.9512481689453,0.039375305175802566,2.9465637207031037,2.953125,-0.0721893310546946,2.953125,1.0033986631658047,0.07218551635740056,37.25,False,0.29626193001060447,0.1,15.0,0.2542417815482503,57.833333333333336,0.0,False,,972,1,True,supplementary,C1,1.377071303865634,False,仅供复核_不作正式训练标签
d175b72ac623f6,泸203H64,4,13,whole_stage,5,泸203H64|4-5,泸203H64|4|13,E:\压裂窜扰项目\02 规范化\泸203H64\泸203H64 邻井压力监测\泸203H64-4-13段压裂施工-1、2、3、5井秒点压力监测.xls,导出数据,5#套压(MPa),6f94667cc149156c14699008a687e9b3e47026e1f7c3edeab1d431104897275c,E:\压裂窜扰项目\02 规范化\泸203H64\泸203H64 压裂施工曲线\泸203H64-4-13 压裂施工曲线.csv,text,named_stage_clock_only,-1671580800,52090.0,63641.0,192.51666666666668,1.0,0,0,0,1.0,1.0,50.752,initial_window_proxy,10.0,9.0,0.008895600000000337,,supplementary,起泵前基线不足180秒,0.013700000000000045,50.758,0.06099999999999994,1.1049999999999969,1.110999999999997,-0.028000000000005798,1.1049999999999969,0.3529553718292767,0.06799999999999784,65.66666666666667,False,0.34109600900354947,0.1,15.0,0.25538914379707384,7.75,0.0,False,,431,1,True,supplementary,C1,0.47412927611787586,False,仅供复核_不作正式训练标签
d18962f4f489dc,泸203H10,2,15,whole_stage,1,泸203H10|1-2,泸203H10|2|15,E:\压裂窜扰项目\02 规范化\泸203H10\泸203H10 邻井压力监测\泸203H10-2-15段压裂施工-1、3井分点压力监测.xls,Sheet1,1井井口套压(MPa),0f61e40579e47af5fa49347054983c3f3b18b64950d6107796ac4f1ed29841f0,E:\压裂窜扰项目\02 规范化\泸203H10\泸203H10 压裂施工曲线\泸203H10-2-15 压裂施工曲线.xlsx,LogData(s),named_stage_clock_only,-1718755200,25859.0,35633.0,162.9,60.0,0,0,0,0.994475138121547,60.0,40.62,pre_pump_10min,10.0,540.0,0.01482599999999705,-0.003696969696968556,supplementary,原始采样间隔大于30秒；施工窗缺口大于30秒,0.030000000000001137,40.61,0.21000000000000085,,9.36,-0.07000000000000028,9.315000000000001,3.1256790123456812,0.21000000000000085,54.016666666666666,False,0.3315940249641907,0.1,60.0,0.15432098765432098,86.0,56.0,True,10.690000000000005,287,1,True,supplementary,C2,0.9753823933584567,False,仅供复核_不作正式训练标签
d19a5e89b42cef,泸203H66,1,14,whole_stage,2,泸203H66|1-2,泸203H66|1|14,E:\压裂窜扰项目\02 规范化\泸203H66\泸203H66 邻井压力监测\泸203H66平台-1井-14段压裂施工-1、2、4井秒点压力监测.xls,Sheet1,2井井口压力,ccee3023c6bdfb0530e930c7a606dee1c90575fcce1fd88fe798e4985230fe22,E:\压裂窜扰项目\02 规范化\泸203H66\泸203H66 压裂施工曲线\泸203H66-1-14 压裂施工曲线.xlsx,LogData(s),named_stage_clock_only,-1679788800,45898.0,51482.0,93.06666666666666,1.0,0,0,0,0.9996418338108882,2.0,57.4302,initial_window_proxy,0.0,0.0,0.015567300000000589,,supplementary,起泵前基线不足180秒,,,0.04200000000000159,0.0,0.010500000000000398,-0.4619999999999962,-0.4514999999999958,-0.2144383285560727,0.031500000000001194,,True,1.0,0.1,15.0,0.8921533500537442,0.0,0.0,False,,533,1,True,supplementary,C1,0.25902647225345776,False,仅供复核_不作正式训练标签
d1ff23daac4b7d,泸203H76,1,23,whole_stage,3,泸203H76|1-3,泸203H76|1|23,E:\压裂窜扰项目\02 规范化\泸203H76\泸203H76 邻井压力监测\泸203H76平台-1井-23段压裂施工-2、3、4井秒点压力监测.xls,Sheet1,3井井口压力,7579e7fc3ebf7b3803674d6d6b9477e5d9933204ec8eabd3c53c6a4f398770c3,E:\压裂窜扰项目\02 规范化\泸203H76\泸203H76 压裂施工曲线\泸203H76-1-23 压裂施工曲线（秒点）.xlsx,Sheet1,named_stage_clock_only,-1680307200,28770.0,34744.0,99.56666666666666,1.0,0,0,0,1.0,1.0,51.3396,initial_window_proxy,90.0,89.0,0.0,,supplementary,起泵前基线不足180秒,0.021000000000000796,51.3501,0.04200000000000159,0.0,0.021000000000000796,-0.29399999999999693,-0.29399999999999693,-0.14480473719450654,0.04200000000000159,,True,1.0,0.1,15.0,0.8925343153665886,0.0,0.0,True,-0.30449999999999733,711,1,True,supplementary,C1,0.1697184126115197,False,仅供复核_不作正式训练标签
d248e1b06ab217,泸208H2,7,22,whole_stage,6,泸208H2|6-7,泸208H2|7|22,E:\压裂窜扰项目\02 规范化\泸208H2\泸208H2 邻井压力监测\泸208H2-7-22段压裂施工-6井压力监测.xlsx,7-22-6,无表头_文件名井号,7af6ce944394677cbb446a41a752009eeafa79d8bd38d2aac24a10f704473a7c,E:\压裂窜扰项目\02 规范化\泸208H2\泸208H2 压裂施工曲线\泸208H2-7-22 压裂施工曲线（秒点）.xlsx,秒点数据,named_stage_clock_only,1727395200,1727420882.0,1727429601.0,145.31666666666666,1.0,0,0,0,1.0,1.0,54.255001,initial_window_proxy,2.0,1.0,0.05559601739999531,,supplementary,起泵前基线不足180秒,,54.2624985,0.12000299999999697,2.9025000000000034,2.947498000000003,-0.045001999999996656,2.9025000000000034,1.056695139006767,0.1049989999999994,31.166666666666668,False,0.2144741369423099,0.16678805219998594,15.0,0.14003899529762587,65.91666666666667,0.0,True,3.037498999999997,1626,1,True,supplementary,C1,1.359439861189015,False,仅供复核_不作正式训练标签
d25b1b64ff84ef,泸203H76,3,15,whole_stage,2,泸203H76|2-3,泸203H76|3|15,E:\压裂窜扰项目\02 规范化\泸203H76\泸203H76 邻井压力监测\泸203H76平台-3井-15段压裂施工-1、2、4井秒点压力监测.xls,Sheet1,2井井口压力,2d910395f5c3c56eed84f34f69cbf562cdbc757ff0247787cf519018c9c06e59,E:\压裂窜扰项目\02 规范化\泸203H76\泸203H76 压裂施工曲线\泸203H76-3-15 压裂施工曲线（秒点）.xls,Sheet1,named_stage_clock_only,-1679702400,27235.0,34459.0,120.4,1.0,0,0,0,1.0,1.0,53.7444,initial_window_proxy,55.0,54.0,0.015567300000000589,,supplementary,起泵前基线不足180秒,0.010500000000000398,53.7654,0.04200000000000159,1.7747000000000028,1.7957000000000036,-0.021000000000000796,1.7957000000000036,0.9922994116832794,0.06300000000000239,8.916666666666666,False,0.07405869324473975,0.1,15.0,0.887735326688815,64.33333333333333,0.0,True,1.9217000000000013,842,1,True,supplementary,C1,1.107050181307869,False,仅供复核_不作正式训练标签
d27110d3b3a67d,阳101H51,2,1,whole_stage,3,阳101H51|2-3,阳101H51|2|1,E:\压裂窜扰项目\02 规范化\阳101H51\阳101H51 邻井压力监测\阳101H51-2-1段压裂施工-1、3井秒点压力监测.xlsx,阳101H51-2井1段压裂施工期间1井、3井秒点数据,3井套压,29be758bedb630c4b29cddef11b739747047349b386f068c0b892902f6da2006,E:\压裂窜扰项目\02 规范化\阳101H51\阳101H51 压裂施工曲线\阳101H51-2-1 压裂施工曲线（秒点）.xlsx,秒点数据,absolute,0,1776674194.0,1776689283.0,251.48333333333332,1.0,0,0,0,0.9943004837961429,86.0,45.02,initial_window_proxy,0.0,0.0,0.0,,supplementary,施工窗缺口大于30秒；起泵前基线不足180秒,,,5.32,0.9599999999999937,0.9699999999999989,-0.15000000000000568,0.9599999999999937,0.23719156168765937,0.020000000000003126,108.1,False,0.42984955928159585,0.1,15.0,0.7088582283543291,0.0,0.0,False,,2411,1,True,supplementary,C1,0.3708210638886171,False,仅供复核_不作正式训练标签
d27ba952888bbb,泸203H76,2,10,whole_stage,1,泸203H76|1-2,泸203H76|2|10,E:\压裂窜扰项目\02 规范化\泸203H76\泸203H76 邻井压力监测\泸203H76平台-2井-10段压裂施工-1、3、4井压力监测-2.xls,Sheet1,1井井口压力,02cbb70c9aecdad1fd2904fa033d78bf9bb6c9e34fe7d8c5f612f1fc50e56144,E:\压裂窜扰项目\02 规范化\泸203H76\泸203H76 压裂施工曲线\泸203H76-2-10 压裂施工曲线（秒点）.xls,Sheet1,named_stage_clock_only,0,27537.0,35210.0,127.88333333333334,60.0,0,0,0,0.9930926625830835,60.0,48.4203,initial_window_proxy,2.0,60.0,0.038918249999996206,,supplementary,原始采样间隔大于30秒；施工窗缺口大于30秒；起泵前基线不足180秒,,48.2838,0.34660000000000224,,7.602800000000002,-0.041999999999994486,5.84385,4.599628740157483,0.34660000000000224,6.05,False,0.04730874494982405,0.11675474999998861,60.0,0.023622047244094488,109.0,74.0,True,7.1355000000000075,741,1,True,supplementary,C2,2.090193963209171,False,仅供复核_不作正式训练标签
d302830813eb25,泸203H66,1,8,whole_stage,2,泸203H66|1-2,泸203H66|1|8,E:\压裂窜扰项目\02 规范化\泸203H66\泸203H66 邻井压力监测\泸203H66平台-1井-8段压裂施工-2井秒点压力监测.xls,Sheet1,2井压力,9efea13528ffe692e7d9c7cf940ad46e06ac89d259f9e56a20e82f49e2f9efc5,E:\压裂窜扰项目\02 规范化\泸203H66\泸203H66 压裂施工曲线\泸203H66-1-8 压裂施工曲线.xlsx,LogData(s),named_stage_clock_only,-1678579200,37230.0,46777.0,159.11666666666667,1.0,0,0,0,1.0,1.0,53.69,initial_window_proxy,30.0,29.0,0.0,,supplementary,起泵前基线不足180秒,0.0,53.69,0.07000000000000028,2.940000000000005,2.940000000000005,0.0,2.940000000000005,1.6148161726196741,0.07000000000000028,10.0,False,0.06284696763381166,0.1,15.0,0.9129569498271708,110.91666666666667,0.0,False,,577,1,True,supplementary,C2,1.755555157427813,False,仅供复核_不作正式训练标签
d380af17b34b6b,泸206H8,4,8,whole_stage,1,泸206H8|1-4,泸206H8|4|8,E:\压裂窜扰项目\02 规范化\泸206H8\泸206H8 邻井压力监测\泸206H8-4-8段压裂施工-1、2、3、5、6、7、8井秒点压力监测.xls,导出数据,1井套压1(MPa),c78b30f0d71b306771406b88995e1bfe809620dd5b601167d77c094577bc6ce6,E:\压裂窜扰项目\02 规范化\泸206H8\泸206H8 压裂施工曲线\泸206H8-4-8 压裂施工曲线.xlsx,秒点数据,absolute,0,1752841020.0,1752861444.0,340.4,1.0,0,0,0,0.9970622796709753,60.0,44.34,initial_window_proxy,0.0,0.0,0.01482599999999705,,supplementary,施工窗缺口大于30秒；起泵前基线不足180秒,,,0.060000000000002274,0.0,0.01999999999999602,-0.3200000000000003,-0.3100000000000023,-0.10457891376939994,0.060000000000002274,,True,1.0,0.1,15.0,0.2955999606260459,0.0,0.0,False,,1159,1,True,supplementary,C1,0.13379571347583014,False,仅供复核_不作正式训练标签
d3995903fa675d,泸203H76,2,7,whole_stage,4,泸203H76|2-4,泸203H76|2|7,E:\压裂窜扰项目\02 规范化\泸203H76\泸203H76 邻井压力监测\泸203H76平台-2井-7段压裂施工-1、3、4井秒点压力监测.xls,历史数据,4井井口压力,74a0474968d8bdc5695da3d9360f8d684b951159c1439693a601e78b681f6850,E:\压裂窜扰项目\02 规范化\泸203H76\泸203H76 压裂施工曲线\泸203H76-2-7 压裂施工曲线（秒点）.xls,Sheet1,named_stage_clock_only,-1677888000,26945.0,34905.0,132.66666666666666,1.0,0,0,0,1.0,1.0,50.9721,initial_window_proxy,5.0,4.0,0.031134600000001178,,supplementary,起泵前基线不足180秒,0.08610000000000184,50.9616,0.29410000000000025,2.2577,2.310200000000002,-0.07349999999999568,2.289200000000001,1.069919001256284,0.17849999999999966,20.583333333333332,False,0.1551507537688442,0.1,15.0,0.7025125628140704,72.0,0.0,True,2.5518,801,1,True,supplementary,C1,1.2923722739752475,False,仅供复核_不作正式训练标签
d3a4fb73b4c71c,泸203H64,3,6,whole_stage,4,泸203H64|3-4,泸203H64|3|6,E:\压裂窜扰项目\02 规范化\泸203H64\泸203H64 邻井压力监测\泸203H64-3-6段压裂施工-1、2、4、5井秒点压力监测.xls,导出数据,4#套压(MPa),a8def4b474f9762c6340c031a8a698140b9d4b2778e3d764b559a5cb88b29ef4,E:\压裂窜扰项目\02 规范化\泸203H64\泸203H64 压裂施工曲线\泸203H64-3-6 压裂施工曲线.csv,text,named_stage_clock_only,-1671840000,60198.0,68518.0,138.66666666666666,1.0,0,0,0,1.0,1.0,58.807,initial_window_proxy,78.0,77.0,0.008895600000000337,,supplementary,起泵前基线不足180秒,0.01899999999999835,58.82,0.0589999999999975,0.0,0.006000000000000227,-0.3680000000000021,-0.33500000000000085,-0.1841027644230788,0.05300000000000438,,True,1.0,0.1,15.0,0.28305288461538464,0.0,0.0,False,,402,1,True,supplementary,C1,0.2156666107158805,False,仅供复核_不作正式训练标签
d3c655b06adab0,阳101H51,3,26,whole_stage,6,阳101H51|3-6,阳101H51|3|26,E:\压裂窜扰项目\02 规范化\阳101H51\阳101H51 邻井压力监测\阳101H51-3-26段压裂施工-1、2、4、6井套压秒点压力监测.xlsx,阳101H51-3井压裂期间1井、2井、4井、6井压力秒点数据,6井套压,5a5756f5a451fd656e882c020cec33d334779abf4729e218e4097e1d19597db8,E:\压裂窜扰项目\02 规范化\阳101H51\阳101H51 压裂施工曲线\阳101H51-3-26 压裂施工曲线（秒点）.xlsx,秒点数据,absolute,0,1787210610.0,1787225860.0,254.16666666666666,1.0,0,0,0,0.9954098360655738,41.0,46.72,initial_window_proxy,0.0,0.0,0.0,,supplementary,施工窗缺口大于30秒；起泵前基线不足180秒,,,0.020000000000003126,0.3100000000000023,0.3100000000000023,-0.060000000000002274,0.3100000000000023,0.08636330698287323,0.01999999999999602,144.23333333333332,False,0.5674754098360656,0.1,15.0,0.7452569169960475,0.0,0.0,False,,2445,1,True,supplementary,C1,0.1339157093382941,False,仅供复核_不作正式训练标签
d3d899465242a6,泸203H9,4,5,whole_stage,6,泸203H9|4-6,泸203H9|4|5,E:\压裂窜扰项目\02 规范化\泸203H9\泸203H9 邻井压力监测\泸203H9-4井第五段压裂施工邻井压力数据.xls,导出数据,6#套压(MPa),758c5b97696fb13e6b476e9ebbadf237ab5ea8ecbe89f6c7abd1aff32ff36e61,E:\压裂窜扰项目\02 规范化\泸203H9\泸203H9 压裂施工曲线\泸203H9-4-5 压裂施工曲线-2.xlsx,LogData(s),named_stage_clock_only,-1690675200,29352.0,35916.0,109.4,1.0,0,0,0,1.0,2.0,39.046875,initial_window_proxy,72.0,71.0,0.019461161041238694,,supplementary,起泵前基线不足180秒,0.04528045654301138,39.033748626709,0.131252288818402,3.1237487792969034,3.150001525878899,-0.032814025878899145,3.143436431884801,1.251687480501111,0.1049995422362997,16.916666666666668,False,0.15463132236441196,0.1,15.0,0.11625780892884352,57.416666666666664,0.0,False,,992,1,True,supplementary,C1,1.5795767332565236,True,仅供复核_不作正式训练标签
d3e15a300267ce,泸203H64,3,5,whole_stage,2,泸203H64|2-3,泸203H64|3|5,E:\压裂窜扰项目\02 规范化\泸203H64\泸203H64 邻井压力监测\泸203H64-3-5段压裂施工-1、2、4、5井秒点压力监测.xls,导出数据,2#套压(MPa),de8f2f5e3db9dd7db0e5a080b780cdeae883022cd7834aa60d53ba546a1fa136,E:\压裂窜扰项目\02 规范化\泸203H64\泸203H64 压裂施工曲线\泸203H64-3-5 压裂施工曲线.csv,text,named_stage_clock_only,-1671840000,25091.0,36650.0,192.65,1.0,0,0,0,0.9905701185223635,109.0,48.889,initial_window_proxy,0.0,0.0,0.010378200000007417,,supplementary,施工窗缺口大于30秒；起泵前基线不足180秒,,,0.059000000000004604,0.01999999999999602,0.032999999999994145,-0.1840000000000046,0.006999999999997897,-0.09149091703057016,0.1180000000000021,,True,1.0,0.1,15.0,0.37851528384279476,0.0,0.0,False,,396,1,True,supplementary,C1,0.1057252297917319,False,仅供复核_不作正式训练标签
d401cf8c3d6e6f,泸203H76,3,7,whole_stage,1,泸203H76|1-3,泸203H76|3|7,E:\压裂窜扰项目\02 规范化\泸203H76\泸203H76 邻井压力监测\泸203H76平台-3井-7段压裂施工-1、2、4井压力监测-2.xls,Sheet1,1井井口压力,4c0dc49e3dace3e156d3e7e7ee7beddf07892b6281a0e4fd9fbdd8e7a372e2dc,E:\压裂窜扰项目\02 规范化\泸203H76\泸203H76 压裂施工曲线\泸203H76-3-7 压裂施工曲线（秒点）.xls,Sheet1,named_stage_clock_only,0,28479.0,36394.0,131.91666666666666,60.0,0,0,0,0.9930511686670878,60.0,53.9124,pre_pump_10min,7.0,360.0,0.04670190000000177,-0.017625000000001778,supplementary,原始采样间隔大于30秒；施工窗缺口大于30秒,0.0882000000000005,53.8809,0.5040000000000049,,1.354600000000005,-0.26249999999999574,1.3126000000000033,0.429852671755727,0.4305000000000021,1.35,False,0.010233733417561593,0.1401057000000053,60.0,0.030534351145038167,30.0,0.0,True,1.4333499999999972,883,1,True,supplementary,C1,0.6591766717331304,False,仅供复核_不作正式训练标签
d4a548b0fde58e,泸203H64,3,5,whole_stage,5,泸203H64|3-5,泸203H64|3|5,E:\压裂窜扰项目\02 规范化\泸203H64\泸203H64 邻井压力监测\泸203H64-3-5段压裂施工-1、2、4、5井秒点压力监测.xls,导出数据,5#套压(MPa),de8f2f5e3db9dd7db0e5a080b780cdeae883022cd7834aa60d53ba546a1fa136,E:\压裂窜扰项目\02 规范化\泸203H64\泸203H64 压裂施工曲线\泸203H64-3-5 压裂施工曲线.csv,text,named_stage_clock_only,-1671840000,25091.0,36650.0,192.65,1.0,0,0,0,0.9905701185223635,109.0,51.318,initial_window_proxy,0.0,0.0,0.029652000000004633,,supplementary,施工窗缺口大于30秒；起泵前基线不足180秒,,,0.04800000000000182,0.020000000000003126,0.027000000000001023,-0.7299999999999969,-0.5869999999999962,-0.4743205676855875,0.08200000000000074,,True,1.0,0.1,15.0,0.2496943231441048,0.0,0.0,False,,397,1,True,supplementary,C1,0.5244240098908622,False,仅供复核_不作正式训练标签
d52941261586b8,泸208H1,1,12,whole_stage,2,泸208H1|1-2,泸208H1|1|12,E:\压裂窜扰项目\02 规范化\泸208H1\泸208H1 邻井压力监测\泸208H1-1-12段压裂施工-2井压力监测.xlsx,1-12-2,无表头_文件名井号,15bd5757af1bdbb3e08c6d2ebac18ddb082edd51bc1c4d5e6a9132ae37e68e68,E:\压裂窜扰项目\02 规范化\泸208H1\泸208H1 压裂施工曲线\泸208H1-1-12 压裂施工曲线（秒点）.xls,导出数据,named_stage_clock_only,0,28613.0,35814.0,120.01666666666667,1.0,0,0,0,1.0,1.0,53.94,initial_window_proxy,53.0,52.0,0.0,,supplementary,起泵前基线不足180秒,0.0,53.91,0.04000000000000625,1.7899999999999991,1.7899999999999991,-0.030000000000001137,1.7899999999999991,0.88569781974726,0.07000000000000028,5.75,False,0.04791001249826413,0.1,15.0,0.9172337175392307,50.916666666666664,0.0,True,1.8599999999999994,1315,1,True,supplementary,C1,1.0433866198797719,False,仅供复核_不作正式训练标签
d55b64a3594d0b,阳101H34,5,9,whole_stage,6,阳101H34|5-6,阳101H34|5|9,E:\压裂窜扰项目\02 规范化\阳101H34\阳101H34 邻井压力监测\阳101H34-5-9段压裂施工-6井秒点压力监测.xls,导出数据,6#6井套压(MPa),409d8c161cd7471f17e168b4dd98499151f25d5370d953dd2fb2ea65df815cad,E:\压裂窜扰项目\02 规范化\阳101H34\阳101H34 压裂施工曲线\阳101H34-5-9 压裂施工曲线.xls,秒点数据,named_stage_clock_only,-1747526400,24665.0,34651.0,166.43333333333334,1.0,0,0,0,0.9944922892048869,55.0,40.9729499816895,initial_window_proxy,0.0,0.0,0.009840866088730239,,supplementary,施工窗缺口大于30秒；起泵前基线不足180秒,,,0.04646682739259944,1.7458915710449006,1.7857208251952983,-0.006641387939502863,1.7658081054687003,0.3187045346164445,0.07966232299809661,78.66666666666667,False,0.4726617264169838,0.1,15.0,0.27187594401369447,17.0,0.0,True,2.4030876159666974,2217,1,True,supplementary,C1,0.522483043077879,False,仅供复核_不作正式训练标签
d579b2da0d1568,泸203H64,5,4,whole_stage,4,泸203H64|4-5,泸203H64|5|4,E:\压裂窜扰项目\02 规范化\泸203H64\泸203H64 邻井压力监测\泸203H64-5-4段压裂施工-1、4、6、7井秒点压力监测.xls,导出数据,4井套压.(MPa),514d9526bfc49b60ee14c07e13e18041a421634d19ddc4dfd9da91bbbbe1def4,E:\压裂窜扰项目\02 规范化\泸203H64\泸203H64 压裂施工曲线\泸203H64-5-4 压裂施工曲线（秒点）.csv,text,named_stage_clock_only,-1667606400,46757.0,56045.0,154.8,1.0,0,0,0,0.9953703703703703,43.0,20.5103492736816,initial_window_proxy,0.0,0.0,0.009778653716946204,,supplementary,施工窗缺口大于30秒；起泵前基线不足180秒,,,0.032976150512698865,0.21104049682619674,0.2242279052734979,-0.039569854736303256,0.19125366210939987,0.03466998111115803,0.05935668945310013,129.05,False,0.833656330749354,0.1,15.0,0.38980609418282547,0.0,0.0,False,,502,1,True,supplementary,C1,0.056877175421708746,False,仅供复核_不作正式训练标签
d5846137270042,泸203H64,5,3,whole_stage,1,泸203H64|1-5,泸203H64|5|3,E:\压裂窜扰项目\02 规范化\泸203H64\泸203H64 邻井压力监测\泸203H64-5-3段压裂施工-1、4、6、7井秒点压力监测.xls,导出数据,1井套压(MPa),239adf136f1cf5035ea42333eba6f410fecb7375a1625e2d3e951a8201a0662a,E:\压裂窜扰项目\02 规范化\泸203H64\泸203H64 压裂施工曲线\泸203H64-5-3 压裂施工曲线（秒点）.csv,text,named_stage_clock_only,-1667347200,27646.0,37747.0,168.35,1.0,0,0,0,0.9986139986139986,14.0,21.34375,initial_window_proxy,0.0,0.0,0.018533631134101676,,supplementary,起泵前基线不足180秒,,,0.0625,0.0874996185302983,0.09375,-0.125,-0.037500381469701694,0.0026333259498595423,0.056249618530298306,,True,1.0,0.1,15.0,0.2050162469536962,0.0,0.0,False,,498,1,True,supplementary,C1,0.033161959808560744,False,仅供复核_不作正式训练标签
d6692480e5bb87,泸203H64,3,12,whole_stage,1,泸203H64|1-3,泸203H64|3|12,E:\压裂窜扰项目\02 规范化\泸203H64\泸203H64 邻井压力监测\泸203H64-3-12段压裂施工-1、2、4、5井秒点压力监测.xls,导出数据,1#套压(MPa),2a3394b1011f8f0cd319cf69593d44926f9b339fec25b83d01004ffb5e0a17df,E:\压裂窜扰项目\02 规范化\泸203H64\泸203H64 压裂施工曲线\泸203H64-3-12 压裂施工曲线（秒点）.csv,text,named_stage_clock_only,-1672272000,52916.0,65947.0,217.18333333333334,1.0,0,0,0,1.0,1.0,60.329,initial_window_proxy,116.0,115.0,0.019273799999997218,,supplementary,起泵前基线不足180秒,0.03900000000000148,60.368,0.125,6.425000000000004,6.4709999999999965,-0.4200000000000017,6.4709999999999965,1.54691385925869,0.10500000000000398,103.0,False,0.47425370270892486,0.1,15.0,0.181029851891643,91.41666666666667,26.0,True,7.008999999999993,370,1,True,supplementary,C2,1.0872670597402225,False,仅供复核_不作正式训练标签
d697db792664ff,泸208H2,5,13,whole_stage,4,泸208H2|4-5,泸208H2|5|13,E:\压裂窜扰项目\02 规范化\泸208H2\泸208H2 邻井压力监测\泸208H2-5-13段压裂施工-4井压力监测.xlsx,5-13-4,无表头_文件名井号,a87863a2093f6e171fdc393150a09a2f11bdc473f72545e57246fc6d9a276828,E:\压裂窜扰项目\02 规范化\泸208H2\泸208H2 压裂施工曲线\泸208H2-5-13 压裂施工曲线（秒点）.xlsx,Log Data,named_stage_clock_only,0,35559.0,45218.0,160.98333333333332,1.0,0,11,0,0.9978258618904648,21.0,58.049999,initial_window_proxy,0.0,0.0,0.022237517400004583,,supplementary,起泵前基线不足180秒,,,0.06750100000000003,5.002502999999997,5.040001000000004,-0.029998999999996556,5.025002000000001,1.9842948255862214,0.0975040000000007,27.016666666666666,False,0.1678227559788798,0.1,15.0,0.2235147486497715,111.08333333333333,0.25,True,5.287503000000001,1552,1,True,supplementary,C2,0.8973721616696932,False,仅供复核_不作正式训练标签
d69c935b06d38c,泸206H8,4,19,whole_stage,6,泸206H8|4-6,泸206H8|4|19,E:\压裂窜扰项目\02 规范化\泸206H8\泸206H8 邻井压力监测\泸206H8-4-19段压裂施工-1、2、3、5、6、7、8井秒点压力监测.xls,导出数据,6井套压(MPa),fa9c0bb798c396e5b88ccc97c0ae3c0545cd6a3ce39eee8d5acd04f8402e1630,E:\压裂窜扰项目\02 规范化\泸206H8\泸206H8 压裂施工曲线\泸206H8-4-19 压裂施工曲线.xlsx,秒点数据,absolute,0,1753861090.0,1753876681.0,259.85,1.0,0,0,0,1.0,32.0,33.53,pre_pump_10min,190.0,189.0,0.04447800000000168,0.03254051358764846,supplementary,施工窗缺口大于30秒,0.10099999999999909,33.56,0.11000000000000654,0.6799999999999997,0.6899999999999977,-0.509999999999998,0.35999999999999943,0.027454300558013144,0.09999999999999432,49.5,False,0.1904945160669617,0.13343400000000505,15.0,0.2513499614296734,0.0,0.0,False,,1058,1,True,supplementary,C1,0.22342056115727718,False,仅供复核_不作正式训练标签
d72ea117521f44,阳101H34,3,19,whole_stage,4,阳101H34|3-4,阳101H34|3|19,E:\压裂窜扰项目\02 规范化\阳101H34\阳101H34 邻井压力监测\阳101H34-3-19段压裂施工-4井秒点压力监测.xls,导出数据,4#4井套压1(MPa),ef16a6b7bb6a44c2100b0d450211e39a29326779a27e8b9ec76926c7baf141bd,E:\压裂窜扰项目\02 规范化\阳101H34\阳101H34 压裂施工曲线\阳101H34-3-19 压裂施工曲线.xls,秒点数据,named_stage_clock_only,-1750464000,37816.0,53992.0,269.6,1.0,0,0,0,0.993570722057369,104.0,44.0312194824219,initial_window_proxy,0.0,0.0,0.009823899078379675,,supplementary,施工窗缺口大于30秒；起泵前基线不足180秒,,,0.03975677490230112,2.4448471069335938,2.458099365234297,-0.02650070190430398,2.4514732360839986,0.6887089721951014,0.03975296020509944,82.9,False,0.30749258160237386,0.1,15.0,0.3090467894474863,76.16666666666667,0.0,False,,2173,1,True,supplementary,C1,1.0109886424285779,False,仅供复核_不作正式训练标签
d73c357efbb175,泸206H8,4,4,whole_stage,8,泸206H8|4-8,泸206H8|4|4,E:\压裂窜扰项目\02 规范化\泸206H8\泸206H8 邻井压力监测\泸206H8-4-4段压裂施工-1、2、3、5、6、7、8井秒点压力监测.xls,导出数据,8井套压(MPa),c258ea4be9268c5932f65316b0cec9960457061ec601f428ba0c03b04f5a5143,E:\压裂窜扰项目\02 规范化\泸206H8\泸206H8 压裂施工曲线\泸206H8-4-4 压裂施工曲线.xlsx,秒点数据,absolute,0,1752241715.0,1752250871.0,152.6,1.0,0,0,0,0.9962865880297073,34.0,32.5,pre_pump_10min,215.0,214.0,0.0,0.004458451061359173,supplementary,施工窗缺口大于30秒,0.030000000000001137,32.5,0.04999999999999716,0.0799999999999983,0.0799999999999983,-0.11999999999999744,0.03999999999999915,-0.012005042753782377,0.04999999999999716,,True,1.0,0.1,15.0,0.42191689008042893,0.0,0.0,False,,1147,1,True,supplementary,C1,0.03389632322598608,False,仅供复核_不作正式训练标签
d788a480d24f88,泸206H8,5,3,whole_stage,3,泸206H8|3-5,泸206H8|5|3,E:\压裂窜扰项目\02 规范化\泸206H8\泸206H8 邻井压力监测\泸206H8-5-3段压裂施工-1、2、3、4、6、7、8井秒点压力监测.xls,导出数据,3井套压(MPa),2b21898bbc5d6ea70a9afd7c73ac52716f64bcc3feacc1ea753c5559b7deb42a,E:\压裂窜扰项目\02 规范化\泸206H8\泸206H8 压裂施工曲线\泸206H8-5-3 压裂施工曲线.xlsx,秒点数据,absolute,0,1751871510.0,1751880274.0,146.06666666666666,1.0,0,0,0,1.0,38.0,54.11,pre_pump_10min,209.0,209.0,0.01482599999999705,-0.007743175786822659,supplementary,施工窗缺口大于30秒,0.03999999999999915,54.1,0.05000000000000426,0.0,0.0,-0.10999999999999943,-0.10000000000000142,-0.0413766544956632,0.030000000000001137,,True,1.0,0.1,15.0,0.34672206832871655,0.0,0.0,False,,1242,1,True,supplementary,C1,0.049488467946694224,False,仅供复核_不作正式训练标签
d7de3987661537,泸206H8,5,5,whole_stage,6,泸206H8|5-6,泸206H8|5|5,E:\压裂窜扰项目\02 规范化\泸206H8\泸206H8 邻井压力监测\泸206H8-5-5段压裂施工-1、2、3、4、6、7、8井秒点压力监测.xls,导出数据,6井套压(MPa),070e46c362ef9be5498b0ef7f3068c9dfea26f925db9442aafd9d0827779c160,E:\压裂窜扰项目\02 规范化\泸206H8\泸206H8 压裂施工曲线\泸206H8-5-5 压裂施工曲线.xlsx,秒点数据,absolute,0,1752048733.0,1752057520.0,146.45,1.0,0,0,0,1.0,5.0,38.99,initial_window_proxy,133.0,132.0,0.0296519999999941,,supplementary,起泵前基线不足180秒,0.05000000000000426,38.99,0.11999999999999744,0.01999999999999602,0.03999999999999915,-0.5100000000000051,-0.480000000000004,-0.05319847501991798,0.14000000000000057,,True,1.0,0.1,15.0,0.17977911875213481,0.0,0.0,False,,1274,1,True,supplementary,C1,0.10891902832567985,False,仅供复核_不作正式训练标签
d80b4a45f29458,泸203H76,4,9,whole_stage,1,泸203H76|1-4,泸203H76|4|9,E:\压裂窜扰项目\02 规范化\泸203H76\泸203H76 邻井压力监测\泸203H76平台-4井-9段压裂施工-1、2、3井分点压力监测.xls,历史数据,1井井口压力,70992ba6c19db4b4e057ccc179f78ae531c193acd4896cdbcddd15873e71a993,E:\压裂窜扰项目\02 规范化\泸203H76\泸203H76 压裂施工曲线\泸203H76-4-9 压裂施工曲线（秒点）.xls,Sheet1,named_stage_clock_only,-1678320000,28052.0,38350.0,171.63333333333333,60.0,0,0,0,0.996309963099631,60.0,49.0399,initial_window_proxy,3.0,120.0,0.0077836500000002945,,supplementary,原始采样间隔大于30秒；施工窗缺口大于30秒；起泵前基线不足180秒,,48.8719,0.4934999999999974,,1.3440999999999974,-0.18900000000000006,1.2075999999999958,0.20495672514619584,0.4095000000000013,108.46666666666667,False,0.6319673723053021,0.1,60.0,0.04678362573099415,6.0,0.0,True,1.296849999999992,945,1,True,supplementary,C1,0.4254955933972585,False,仅供复核_不作正式训练标签
d849d90827f6d1,泸203H76,3,20,whole_stage,2,泸203H76|2-3,泸203H76|3|20,E:\压裂窜扰项目\02 规范化\泸203H76\泸203H76 邻井压力监测\泸203H76平台-3井-20段压裂施工-1、2、4井秒点压力监测.xls,Sheet1,2井井口压力,38a1da3946aa0fe546760591699629a22b58c5bcf80a9c28100235d65941e62f,E:\压裂窜扰项目\02 规范化\泸203H76\泸203H76 压裂施工曲线\泸203H76-3-20 压裂施工曲线（秒点）.xls,Sheet1,named_stage_clock_only,-1680134400,38428.0,44407.0,99.65,1.0,0,0,0,1.0,1.0,53.9544,initial_window_proxy,88.0,87.0,0.015567300000000589,,supplementary,起泵前基线不足180秒,0.021000000000000796,53.9544,0.05250000000000199,1.995199999999997,2.0161999999999978,-0.010500000000000398,2.0161999999999978,0.8810115571165751,0.052599999999998204,12.583333333333334,False,0.12627529687238667,0.1,15.0,0.8899481518648603,42.583333333333336,0.0,True,2.1946999999999974,872,1,True,supplementary,C1,1.078542753911783,False,仅供复核_不作正式训练标签
d8525086b586ff,阳101H32,4,11,whole_stage,6,阳101H32|4-6,阳101H32|4|11,E:\压裂窜扰项目\02 规范化\阳101H32\阳101H32 邻井压力监测\阳101H32-4-11段压裂施工-6井秒点压力监测.xlsx,导出数据,6井套压(MPa),92c72d92b15cfd31d8da911de0c48951c6e1800b1a0c63ef1e80e1b93bcceef1,E:\压裂窜扰项目\02 规范化\阳101H32\阳101H32 压裂施工曲线\阳101H32-4-11 压裂施工曲线.xlsx,秒数据,absolute,0,1764511363.0,1764524515.0,219.2,1.0,0,0,0,0.9958181265206812,55.0,61.22,initial_window_proxy,43.0,42.0,0.04447800000000168,,supplementary,施工窗缺口大于30秒；起泵前基线不足180秒,0.03999999999999915,61.31,0.05000000000000426,2.230000000000004,2.25,-1.1299999999999955,2.25,0.7946732076047962,0.07000000000000028,78.83333333333333,False,0.3596411192214112,0.13343400000000505,15.0,0.33786363289302895,122.66666666666667,0.0,False,,1879,1,True,supplementary,C1,1.415847936559945,False,仅供复核_不作正式训练标签
d854947b36eaa5,泸208H1,5,6,whole_stage,4,泸208H1|4-5,泸208H1|5|6,E:\压裂窜扰项目\02 规范化\泸208H1\泸208H1 邻井压力监测\泸208H1-5-6段压裂施工-4井压力监测.xlsx,5-6-4,无表头_文件名井号,d02f189c09c80794fe1076be5ea995ef9033f318a84fa973a7f05b0d5ce42c63,E:\压裂窜扰项目\02 规范化\泸208H1\泸208H1 压裂施工曲线\泸208H1-5-6 压裂施工曲线（秒点）.xls,导出数据,named_stage_clock_only,0,28767.0,36935.0,136.13333333333333,1.0,0,0,0,0.9959598432908913,33.0,44.19,initial_window_proxy,0.0,0.0,0.0,,supplementary,施工窗缺口大于30秒；起泵前基线不足180秒,,,0.04000000000000625,12.130000000000003,12.170000000000002,0.0,12.170000000000002,5.896295021511988,0.18000000000000682,9.633333333333333,False,0.07076395690499511,0.1,15.0,0.9129686539643516,110.66666666666667,72.75,True,12.469999999999999,1402,1,True,supplementary,C2,3.3615559013021556,False,仅供复核_不作正式训练标签
d89d70c640fb61,泸203H9,3,8,whole_stage,6,泸203H9|3-6,泸203H9|3|8,E:\压裂窜扰项目\02 规范化\泸203H9\泸203H9 邻井压力监测\泸203H9_压窜信息_3、4、6压窜监测数据（大于5兆帕）_3井第八段压裂期间邻井压力秒点数据.xls,导出数据,6#套压(MPa),b0dd325fa2b510c4733bb763d425b8c07b42d88772d59b3f20d51f60169c47ed,E:\压裂窜扰项目\02 规范化\泸203H9\泸203H9 压裂施工曲线\泸203H9-3-8 压裂施工曲线-2.xlsx,LogData(s),named_stage_clock_only,-1691193600,28068.0,34954.0,114.76666666666667,1.0,0,0,0,1.0,1.0,48.7790641784668,initial_window_proxy,168.0,167.0,0.02918891372682771,,supplementary,起泵前基线不足180秒,0.08072013854975779,48.76921844482425,0.13124847412110086,1.397811889648402,1.4043731689453054,-0.026252746581995723,1.358436584472706,0.6387089979430469,0.06562423706059661,15.0,False,0.13069997095556202,0.1,15.0,0.10760964275341273,28.083333333333332,0.0,False,,1000,1,True,supplementary,C1,0.7609766830814639,False,仅供复核_不作正式训练标签
d9481cfbea1b41,泸208H2,3,21,whole_stage,4,泸208H2|3-4,泸208H2|3|21,E:\压裂窜扰项目\02 规范化\泸208H2\泸208H2 邻井压力监测\泸208H2-3-21段压裂施工-4井压力监测.xlsx,3-21-4,无表头_文件名井号,2408c85edeef2ca7ae2bd2e94a7b15cbc92182b4986d1aa78fef30887621a391,E:\压裂窜扰项目\02 规范化\泸208H2\泸208H2 压裂施工曲线\泸208H2-3-21 压裂施工曲线（秒点）.xlsx,Log Data,named_stage_clock_only,0,29192.0,39289.0,168.28333333333333,1.0,0,94,0,1.0,2.0,49.7925,initial_window_proxy,32.0,31.0,0.01111950000000042,,supplementary,起泵前基线不足180秒,0.02999900000000366,49.7925,0.06750199999999751,7.177501000000007,7.215000000000003,-0.044998999999997125,7.192501,3.318112700257505,0.1125030000000038,28.583333333333332,False,0.16985243141527187,0.1,15.0,0.17766903026066114,118.25,62.75,True,7.650001000000003,1509,1,True,supplementary,C2,0.42832984048338385,False,仅供复核_不作正式训练标签
d986865eb28459,泸203H64,5,5,whole_stage,2,泸203H64|2-5,泸203H64|5|5,E:\压裂窜扰项目\02 规范化\泸203H64\泸203H64 邻井压力监测\泸203H64-5-5段压裂施工-1、2、3、4井秒点压力监测.xls,导出数据,2#套压(MPa),e4312b258575897971f276bbc84aa819b78ef22e335b82450b39723794e11562,E:\压裂窜扰项目\02 规范化\泸203H64\泸203H64 压裂施工曲线\泸203H64-5-5 压裂施工曲线.csv,text,named_stage_clock_only,-1670544000,49614.0,55061.0,90.78333333333333,1.0,0,0,0,1.0,1.0,35.825,initial_window_proxy,114.0,113.0,0.008895600000000337,,supplementary,起泵前基线不足180秒,0.012999999999998124,35.838,0.03999999999999915,0.045999999999999375,0.045999999999999375,-0.0730000000000004,0.02599999999999625,-0.017617954837527924,0.03900000000000148,,True,1.0,0.1,15.0,0.3820451624747567,0.0,0.0,False,,505,1,True,supplementary,C1,0.02241964887605909,False,仅供复核_不作正式训练标签
da1b2aacc909d9,阳101H51,3,5,whole_stage,1,阳101H51|1-3,阳101H51|3|5,E:\压裂窜扰项目\02 规范化\阳101H51\阳101H51 邻井压力监测\阳101H51-3-5段压裂施工-1、2井秒点压力监测.xlsx,阳101H51-3井5段压裂施工期间1井、2井压力秒点数据（2,1井套压,101a0d439fc1f752029a58b36a2d1f3656bf9080cd8d2eaa6893d30f9539b9b3,E:\压裂窜扰项目\02 规范化\阳101H51\阳101H51 压裂施工曲线\阳101H51-3-5 压裂施工曲线（秒点）.xlsx,秒点数据,absolute,0,1778586758.0,1778597945.0,186.45,1.0,0,0,0,0.9995530526503977,5.0,54.75,initial_window_proxy,39.0,38.0,0.0,,supplementary,起泵前基线不足180秒,0.0,54.76,0.020000000000003126,1.7899999999999991,1.7999999999999972,-0.00999999999999801,1.7899999999999991,0.8037833124664642,0.030000000000001137,37.5,False,0.2011263073209976,0.1,15.0,0.6490788767662314,84.41666666666667,0.0,False,,2452,1,True,supplementary,C1,0.9893097588059491,False,仅供复核_不作正式训练标签
da4510683ea7c0,阳101H34,1,13,whole_stage,3,阳101H34|1-3,阳101H34|1|13,E:\压裂窜扰项目\02 规范化\阳101H34\阳101H34 邻井压力监测\阳101H34-1-13段压裂施工-3井秒点压力监测.xls,导出数据,3#3井套压(MPa),bc88b6b7d7b4b498cd21539e428cafdb1e86e1db3c1405c34bdc55e6062fa9e3,E:\压裂窜扰项目\02 规范化\阳101H34\阳101H34 压裂施工曲线\阳101H34-1-13 压裂施工曲线.xls,秒点数据,named_stage_clock_only,-1746662400,25037.0,34449.0,156.86666666666667,1.0,0,0,0,0.9954313642158946,43.0,57.1396865844727,initial_window_proxy,0.0,0.0,0.009733408355649682,,supplementary,施工窗缺口大于30秒；起泵前基线不足180秒,,,0.04593658447269888,1.1484375,1.155002593994098,-0.006561279296896316,1.1484375,0.5581937116674816,0.039371490478501414,26.05,False,0.16606459838504037,0.1,15.0,0.2689721421709894,24.666666666666668,0.0,False,,2123,1,True,supplementary,C1,0.6656216157934944,False,仅供复核_不作正式训练标签
da6c2c80265e48,阳101H34,2,8,whole_stage,4,阳101H34|2-4,阳101H34|2|8,E:\压裂窜扰项目\02 规范化\阳101H34\阳101H34 邻井压力监测\阳101H34-2-8段压裂施工-4井秒点压力监测.xls,导出数据,4#4井套压1(MPa),124987e5d9b5ee13c3c5508fc4f6393440c176c8ad7dc20195df814404a78424,E:\压裂窜扰项目\02 规范化\阳101H34\阳101H34 压裂施工曲线\阳101H34-2-8 压裂施工曲线.xls,秒点数据,named_stage_clock_only,-1745625600,24762.0,33883.0,152.01666666666668,1.0,0,0,0,1.0,1.0,46.59375,initial_window_proxy,162.0,161.0,0.009727752685589012,,supplementary,起泵前基线不足180秒,0.013126373291001414,46.5871887207031,0.05249786376950283,1.1681251525878977,1.1746864318848012,-0.09187316894529829,1.1681251525878977,0.3411197499242892,0.04593658447270599,62.5,False,0.41113912948141645,0.1,15.0,0.28757811643460146,13.083333333333334,0.0,False,,2157,1,True,supplementary,C1,0.5050009965646783,False,仅供复核_不作正式训练标签
daf6c94c25a5e5,阳101H51,3,10,whole_stage,2,阳101H51|2-3,阳101H51|3|10,E:\压裂窜扰项目\02 规范化\阳101H51\阳101H51 邻井压力监测\阳101H51-3-10段压裂施工-1、2、4井秒点压力监测.xlsx,阳101H51-3井10段压裂期间1井、2井、4井压力秒点数据,2井套压,9edcb47c07cc822081af06ab7fded26b9a6af2edd4ca67852755dede501d4480,E:\压裂窜扰项目\02 规范化\阳101H51\阳101H51 压裂施工曲线\阳101H51-3-10 压裂施工曲线（秒点）.xlsx,秒点数据,absolute,0,1779541355.0,1779554991.0,227.26666666666668,1.0,0,0,0,1.0,1.0,52.08,initial_window_proxy,36.0,35.0,0.01482599999999705,,supplementary,起泵前基线不足180秒,0.0049999999999954525,52.08,0.02999999999999403,8.550000000000004,8.560000000000002,-0.00999999999999801,8.560000000000002,4.930031167497802,0.09000000000000341,6.25,False,0.027500733352889408,0.1,15.0,0.6455705485479613,198.5,113.0,False,,2431,1,True,supplementary,C2,1.9318383999434556,False,仅供复核_不作正式训练标签
dbde4b058d854b,泸203H64,4,12,whole_stage,3,泸203H64|3-4,泸203H64|4|12,E:\压裂窜扰项目\02 规范化\泸203H64\泸203H64 邻井压力监测\泸203H64-4-12段压裂施工-1、2、3、5井秒点压力监测.xls,导出数据,3#套压(MPa),d4272aea77c3a3ee1813e60234a4172ada9ecda2596e9534cf1639da0107b96c,E:\压裂窜扰项目\02 规范化\泸203H64\泸203H64 压裂施工曲线\泸203H64-4-12 压裂施工曲线.csv,text,named_stage_clock_only,-1671580800,25641.0,36510.0,181.15,1.0,0,0,0,0.9972398564725365,30.0,40.963,initial_window_proxy,141.0,140.0,0.019273799999997218,,supplementary,起泵前基线不足180秒,0.09200000000000585,40.989,0.05300000000000438,1.3260000000000005,1.3590000000000018,-0.13100000000000023,1.3189999999999955,0.3879591290709465,0.11199999999999477,69.5,False,0.3836599503174165,0.1,15.0,0.30205738536765386,21.5,0.0,False,,426,1,True,supplementary,C1,0.5732252468937206,False,仅供复核_不作正式训练标签
dbe6232d66c3b0,阳101H33,2,3,whole_stage,1,阳101H33|1-2,阳101H33|2|3,E:\压裂窜扰项目\02 规范化\阳101H33\阳101H33 邻井压力监测\阳101H33-2-3段压裂施工-1井压力监测.xlsx,2-3-1,无表头_文件名井号,2609d7ad35fdafadcfb59342359e7b026596ed5d029ccfc024dcbaca42df1e93,E:\压裂窜扰项目\02 规范化\阳101H33\阳101H33 压裂施工曲线\阳101H33-2-3 压裂施工曲线.xls,text,named_stage_clock_only,1724803200,1724830128.0,1724840834.0,178.43333333333334,1.0,0,0,0,1.0,1.0,47.69,initial_window_proxy,108.0,107.0,0.01927380000000775,,supplementary,起泵前基线不足180秒,0.03900000000000148,47.657,0.059000000000004604,12.035000000000004,12.062000000000005,-0.0589999999999975,12.042000000000002,5.801176116196528,0.16400000000000148,6.5,False,0.03642817111899869,0.1,15.0,0.2467775079394732,140.58333333333334,95.91666666666667,False,,2074,1,True,supplementary,C2,3.35735996586888,False,仅供复核_不作正式训练标签
dc18a52be08943,阳101H34,2,21,whole_stage,1,阳101H34|1-2,阳101H34|2|21,E:\压裂窜扰项目\02 规范化\阳101H34\阳101H34 邻井压力监测\阳101H34-2-21段压裂施工-1井秒点压力监测.xls,导出数据,1#1井套压(MPa),e707935f6b06de73ae89a62c2df7b393b630609e0fee60da5b479f6bf2197b4e,E:\压裂窜扰项目\02 规范化\阳101H34\阳101H34 压裂施工曲线\阳101H34-2-21 压裂施工曲线.xls,秒点数据,named_stage_clock_only,-1750809600,40781.0,45695.0,81.9,1.0,0,0,0,0.9839234839234839,79.0,53.6156234741211,initial_window_proxy,0.0,0.0,0.01945550537116749,,supplementary,施工窗缺口大于30秒；起泵前基线不足180秒,,,0.09843826293949576,0.9318771362304972,0.9449996948241974,-0.01968765258789773,0.9449996948241974,0.37735882771914364,0.04593658447270599,21.816666666666666,False,0.26638176638176636,0.1,15.0,0.13629782833505688,0.0,0.0,False,,2144,1,True,supplementary,C1,0.46123482760271844,False,仅供复核_不作正式训练标签
dc1d05ce5d2565,泸203H76,1,21,whole_stage,2,泸203H76|1-2,泸203H76|1|21,E:\压裂窜扰项目\02 规范化\泸203H76\泸203H76 邻井压力监测\泸203H76平台-1井-21段压裂施工-2、3、4井秒点压力监测.xls,Sheet1,2井井口压力,e4a7793fefc576f6db6551800018d502c2573eb53ba4b3f37141d8f02b0bd157,E:\压裂窜扰项目\02 规范化\泸203H76\泸203H76 压裂施工曲线\泸203H76-1-21 压裂施工曲线（秒点）.xlsx,Sheet1,named_stage_clock_only,-1680048000,41685.0,48484.0,113.31666666666666,1.0,0,0,0,1.0,1.0,54.3954,initial_window_proxy,105.0,104.0,0.015567300000000589,,supplementary,起泵前基线不足180秒,0.021000000000000796,54.3954,0.04200000000000159,0.9765999999999977,0.9975999999999985,-0.021000000000000796,0.9765999999999977,0.3551344241800244,0.052499999999994884,35.583333333333336,False,0.3140167671716429,0.1,15.0,0.8860126489189587,0.0,0.0,True,1.0501000000000005,698,1,True,supplementary,C1,0.45663029328272603,False,仅供复核_不作正式训练标签
dcc479e9c5fb1e,泸203H64,1,17,whole_stage,3,泸203H64|1-3,泸203H64|1|17,E:\压裂窜扰项目\02 规范化\泸203H64\泸203H64 邻井压力监测\泸203H64-1-17段压裂施工-2、3、4、5井秒点压力监测.xls,导出数据,3#套压(MPa),93e18e69e419cd649b65596913c3399b6439e09ba5b2e9ae8ee1db86c28b8f80,E:\压裂窜扰项目\02 规范化\泸203H64\泸203H64 压裂施工曲线\泸203H64-1-17 压裂施工曲线（秒点）.csv,text,named_stage_clock_only,-1668297600,53335.0,58551.0,86.93333333333334,1.0,0,0,0,1.0,1.0,37.688,initial_window_proxy,115.0,114.0,0.010378199999996882,,supplementary,起泵前基线不足180秒,0.032999999999994145,37.688,0.045999999999999375,0.032999999999994145,0.032999999999994145,-0.08500000000000085,-0.01300000000000523,-0.014893117331291353,0.03300000000000125,,True,1.0,0.1,15.0,0.31671779141104295,0.0,0.0,True,-0.059000000000004604,355,1,True,supplementary,C1,0.026671322629064975,False,仅供复核_不作正式训练标签
dcc5079f531345,泸203H76,1,11,whole_stage,4,泸203H76|1-4,泸203H76|1|11,E:\压裂窜扰项目\02 规范化\泸203H76\泸203H76 邻井压力监测\泸203H76平台-1井-11段压裂施工-2、3、4井分点压力监测.xls,Sheet1,4井井口压力,984399e00ad9b43b6b05782f99b2dbb350dd5c10a1c06f4cd5f8418f2274cd90,E:\压裂窜扰项目\02 规范化\泸203H76\泸203H76 压裂施工曲线\泸203H76-1-11 压裂施工曲线（秒点）.xlsx,Sheet1,named_stage_clock_only,0,54584.0,61906.0,122.03333333333333,60.0,0,0,0,0.9915323682054084,60.0,57.8713,initial_window_proxy,2.0,60.0,0.03891825000000147,,supplementary,原始采样间隔大于30秒；施工窗缺口大于30秒；起泵前基线不足180秒,,57.9448,0.28359999999999985,,0.04200000000000159,-0.9870999999999981,-0.8978499999999983,-0.6757727272727251,0.28359999999999985,,True,1.0,0.11675475000000442,60.0,0.04132231404958678,0.0,0.0,True,-0.8768499999999975,653,1,True,supplementary,C1,0.7242398426054157,False,仅供复核_不作正式训练标签
dd9ad1523b1fd0,泸206H8,5,7,whole_stage,3,泸206H8|3-5,泸206H8|5|7,E:\压裂窜扰项目\02 规范化\泸206H8\泸206H8 邻井压力监测\泸206H8-5-7段压裂施工-1、2、3、4、6、7、8井秒点压力监测.xls,导出数据,3井套压(MPa),3c8ee6faa4bd6f4950e6f7823dfa58bb3dd47622cc4d18c00a7961ae184317fd,E:\压裂窜扰项目\02 规范化\泸206H8\泸206H8 压裂施工曲线\泸206H8-5-7 压裂施工曲线.xlsx,秒点数据,absolute,0,1752306389.0,1752314953.0,142.73333333333332,1.0,0,0,0,1.0,31.0,53.19,pre_pump_10min,269.0,268.0,0.01482599999999705,0.0011148717379629704,supplementary,施工窗缺口大于30秒,0.03999999999999915,53.19,0.0799999999999983,0.0,0.010000000000005116,-0.05999999999999517,-0.03999999999999915,-0.02887085474077439,0.030000000000001137,,True,1.0,0.1,15.0,0.3405532666274279,0.0,0.0,False,,1291,1,True,supplementary,C1,0.03159600703895709,False,仅供复核_不作正式训练标签
ddaa9360dcf2e9,泸203H10,2,14,whole_stage,3,泸203H10|2-3,泸203H10|2|14,E:\压裂窜扰项目\02 规范化\泸203H10\泸203H10 邻井压力监测\泸203H10-2-14段压裂施工-1、3井套压压力监测.xls,Sheet1,3井井口套压(MPa),801e1342670cdf3816c06405a1a3d78c5e80725029851352b2424039cbe3d73d,E:\压裂窜扰项目\02 规范化\泸203H10\泸203H10 压裂施工曲线\泸203H10-2-14 压裂施工曲线.xlsx,LogData(s),named_stage_clock_only,-1718582400,25162.0,31421.0,104.31666666666666,60.0,0,0,0,0.9873781754273846,60.0,56.83,initial_window_proxy,0.0,0.0,0.0,,supplementary,原始采样间隔大于30秒；施工窗缺口大于30秒；起泵前基线不足180秒,,,0.18999999999999773,,1.1700000000000017,-0.259999999999998,1.1600000000000001,0.12344660194174982,0.18999999999999773,64.63333333333334,False,0.6195877935772488,0.1,60.0,0.36893203883495146,5.0,0.0,True,1.490000000000002,286,1,True,supplementary,C1,0.41796172201377435,False,仅供复核_不作正式训练标签
ddb3cbcc2e94ec,泸203H76,1,11,whole_stage,3,泸203H76|1-3,泸203H76|1|11,E:\压裂窜扰项目\02 规范化\泸203H76\泸203H76 邻井压力监测\泸203H76平台-1井-11段压裂施工-2、3井秒点压力监测.xls,Sheet1,3井井口压力,2f04cd9c8240e9b46a709084c8f078185ce1dba07008cb4dcca5535ac8474135,E:\压裂窜扰项目\02 规范化\泸203H76\泸203H76 压裂施工曲线\泸203H76-1-11 压裂施工曲线（秒点）.xlsx,Sheet1,named_stage_clock_only,0,54584.0,61906.0,122.03333333333333,1.0,0,0,0,1.0,1.0,57.1572,initial_window_proxy,104.0,103.0,0.015567300000000589,,supplementary,起泵前基线不足180秒,0.02099999999999369,57.1782,0.04200000000000159,0.8400999999999996,0.8611000000000004,-0.22050000000000125,0.8400999999999996,0.09745288172630177,0.04200000000000159,77.58333333333333,False,0.635755258126195,0.1,15.0,0.8987981425839935,0.0,0.0,True,1.0185999999999993,655,1,True,supplementary,C1,0.3142255840212124,False,仅供复核_不作正式训练标签
dea6ae43f96705,泸203H64,4,14,whole_stage,1,泸203H64|1-4,泸203H64|4|14,E:\压裂窜扰项目\02 规范化\泸203H64\泸203H64 邻井压力监测\泸203H64-4-14段压裂施工-1、2、3、5井秒点压力监测.xls,导出数据,1#套压(MPa),1697ee0df6ee9b20a300a7e7a111beb399477b29a06e464c392f2880e4aac0de,E:\压裂窜扰项目\02 规范化\泸203H64\泸203H64 压裂施工曲线\泸203H64-4-14 压裂施工曲线.csv,text,named_stage_clock_only,-1671667200,25384.0,30596.0,86.86666666666666,1.0,0,0,0,0.9662317728319263,176.0,56.221,initial_window_proxy,0.0,0.0,0.019273799999997218,,supplementary,施工窗缺口大于30秒；起泵前基线不足180秒,,,0.0519999999999996,0.026000000000003354,0.07900000000000063,-0.4139999999999944,-0.3809999999999931,-0.19262907069102114,0.09899999999999665,,True,1.0,0.1,15.0,0.29547259729944403,0.0,0.0,False,,436,1,True,supplementary,C1,0.22875991813513655,False,仅供复核_不作正式训练标签
dedd78a811ecf2,阳101H34,4,10,whole_stage,3,阳101H34|3-4,阳101H34|4|10,E:\压裂窜扰项目\02 规范化\阳101H34\阳101H34 邻井压力监测\阳101H34-4-10段压裂施工-3井秒点压力监测.xls,导出数据,3#3井套压(MPa),348df2a56166c9285484c0f41fbb3a08b0516674c34c8d6087cd0aab0300fc54,E:\压裂窜扰项目\02 规范化\阳101H34\阳101H34 压裂施工曲线\阳101H34-4-10 压裂施工曲线.xls,秒点数据,named_stage_clock_only,-1746576000,45146.0,53169.0,133.71666666666667,1.0,0,0,0,1.0,1.0,58.1109390258789,initial_window_proxy,146.0,145.0,0.009733408355649682,,supplementary,起泵前基线不足180秒,0.02296829223634944,58.1240615844727,0.04593658447270599,1.2928123474121023,1.2993736267089986,-0.039375305175802566,1.2993736267089986,0.5287868241100165,0.039375305175802566,37.75,False,0.2823133491212763,0.1,15.0,0.2798205160164527,26.583333333333332,0.0,True,1.4437484741211009,2196,1,True,supplementary,C1,0.6810528245902872,False,仅供复核_不作正式训练标签
df3e0a7375c229,泸206H8,5,14,whole_stage,6,泸206H8|5-6,泸206H8|5|14,E:\压裂窜扰项目\02 规范化\泸206H8\泸206H8 邻井压力监测\泸206H8-5-14段压裂施工-1、2、3、4、6、7、8井秒点压力监测.xls,导出数据,6井套压(MPa),20ba586f5ca3bbef43ea5d15699e9dc3ab2f7369a1d3c8d3575d624399408e5e,E:\压裂窜扰项目\02 规范化\泸206H8\泸206H8 压裂施工曲线\泸206H8-5-14 压裂施工曲线.xlsx,秒点数据,absolute,0,1753082552.0,1753093269.0,178.61666666666667,1.0,0,0,0,1.0,3.0,36.8,initial_window_proxy,152.0,151.0,0.059304000000009266,,supplementary,起泵前基线不足180秒,0.0799999999999983,36.7,0.11999999999999744,0.5600000000000023,0.5800000000000054,-0.7199999999999989,0.10000000000000142,-0.09909909489595672,0.17999999999999972,44.583333333333336,False,0.2496034337967715,0.1779120000000278,15.0,0.1986186298301288,0.0,0.0,False,,1232,1,True,supplementary,C1,0.28584107114780427,False,仅供复核_不作正式训练标签
df4b859e9ef6a2,泸208H2,2,13,whole_stage,1,泸208H2|1-2,泸208H2|2|13,E:\压裂窜扰项目\02 规范化\泸208H2\泸208H2 邻井压力监测\泸208H2-2-13段压裂施工-1井压力监测.xlsx,2-13-1,无表头_文件名井号,d8d5def5a6a738293e7a0d483b701c9eaa5cc0247a3fccb34801c6670f60b3c2,E:\压裂窜扰项目\02 规范化\泸208H2\泸208H2 压裂施工曲线\泸208H2-2-13 压裂施工曲线（秒点）.xlsx,Log Data,named_stage_clock_only,0,56158.0,65609.0,157.51666666666668,1.0,0,20,0,0.9997883821817797,2.0,57.427502,initial_window_proxy,0.0,0.0,0.022237517400004583,,supplementary,起泵前基线不足180秒,,,0.06749699999999592,5.872497000000003,5.887497000000003,-0.022503000000000384,5.872497000000003,3.514915368822101,0.1950039999999973,4.866666666666666,False,0.03089620146016294,0.1,15.0,0.1980281988762854,147.33333333333334,23.0,True,6.052498,1495,1,True,supplementary,C2,1.5750010074655143,False,仅供复核_不作正式训练标签
dfc4e00589afdb,泸203H11,6,17,whole_stage,5,泸203H11|5-6,泸203H11|6|17,E:\压裂窜扰项目\02 规范化\泸203H11\泸203H11 邻井压力监测\泸203H11-6-17段压裂施工-5、7井秒点压力监测.xls,Sheet1,5井套压,5c1a2c98a07a3eeb3fde58992a860cb5bf26e3a0283dffb5d4fbf012c7f0f07e,E:\压裂窜扰项目\02 规范化\泸203H11\泸203H11 压裂施工曲线\泸203H11-6-17 压裂施工曲线.xlsx,LogData(s),named_stage_clock_only,-1747785600,26788.0,38699.0,198.51666666666668,1.0,0,0,0,1.0,1.0,48.44,initial_window_proxy,88.0,87.0,0.014826000000007585,,supplementary,起泵前基线不足180秒,0.03999999999999915,48.445,0.3100000000000023,6.640000000000001,6.670000000000002,-0.00999999999999801,6.670000000000002,3.4868608848963167,0.10000000000000142,10.583333333333334,False,0.05331206447821341,0.1,15.0,0.3878767525816472,160.83333333333334,43.916666666666664,False,,319,1,True,supplementary,C2,0.779197280539322,False,仅供复核_不作正式训练标签
dfee996f1f8947,泸206H8,2,18,whole_stage,1,泸206H8|1-2,泸206H8|2|18,E:\压裂窜扰项目\02 规范化\泸206H8\泸206H8 邻井压力监测\泸206H8-2-18段压裂施工-1、3井秒点压力监测-2.xls,导出数据,1井套压(MPa),875b9854eab86a234e9f4caac3ffc8e865c9cd7cd26875e04e8a3b6be44071d9,E:\压裂窜扰项目\02 规范化\泸206H8\泸206H8 压裂施工曲线\泸206H8-2-18 压裂施工曲线.xlsx,秒点数据,absolute,0,1751098182.0,1751110822.0,210.66666666666666,1.0,0,0,0,1.0,1.0,55.45,initial_window_proxy,57.0,56.0,0.014826000000007585,,supplementary,起泵前基线不足180秒,0.030000000000001137,55.45,1.1000000000000014,8.29,8.329999999999998,-0.030000000000001137,8.329999999999998,3.870165348101263,0.8200000000000003,28.166666666666668,False,0.13370253164556964,0.1,15.0,0.2570411392405063,157.83333333333334,46.916666666666664,False,,1007,1,True,supplementary,C2,1.2039158873684055,False,仅供复核_不作正式训练标签
e05be57c3ca936,泸203H64,5,8,whole_stage,3,泸203H64|3-5,泸203H64|5|8,E:\压裂窜扰项目\02 规范化\泸203H64\泸203H64 邻井压力监测\泸203H64-5-8段压裂施工-1、2、3、4井秒点压力监测.xls,导出数据,3#套压(MPa),a2a272e9f44ea20c92dca0db0351dc574ca82788ef30032d359406c3d259ddb7,E:\压裂窜扰项目\02 规范化\泸203H64\泸203H64 压裂施工曲线\泸203H64-5-8 压裂施工曲线.csv,text,named_stage_clock_only,-1670716800,58121.0,67657.0,158.93333333333334,1.0,0,0,0,0.996119966442953,37.0,40.471,initial_window_proxy,101.0,100.0,0.0296519999999941,,supplementary,施工窗缺口大于30秒；起泵前基线不足180秒,0.0659999999999954,40.51,0.09199999999999875,7.527000000000001,7.547000000000004,-0.4859999999999971,7.547000000000004,2.234997947152335,0.11200000000000188,60.0,False,0.3775167785234899,0.1,15.0,0.16843878302979262,82.41666666666667,34.666666666666664,False,,518,1,True,supplementary,C2,0.5437979476605707,False,仅供复核_不作正式训练标签
e084c64633b9e3,阳101H51,2,15,whole_stage,4,阳101H51|2-4,阳101H51|2|15,E:\压裂窜扰项目\02 规范化\阳101H51\阳101H51 邻井压力监测\阳101H51-2-15段压裂施工-1、3、4井秒点压力监测.xlsx,历史数据,4井套压,8fa4e7d2f4777d4619ed06e01c9c67fddbb9861fb7ebe8fbb54410e8ee3ba94a,E:\压裂窜扰项目\02 规范化\阳101H51\阳101H51 压裂施工曲线\阳101H51-2-15 压裂施工曲线（秒点）.xlsx,秒点数据,absolute,0,1781867372.0,1781877303.0,165.51666666666668,1.0,0,0,0,1.0,1.0,49.03,initial_window_proxy,92.0,91.0,0.0,,supplementary,起泵前基线不足180秒,0.00999999999999801,49.04,0.02999999999999403,0.39000000000000057,0.3999999999999986,-0.03999999999999915,0.39000000000000057,0.09123602859732072,0.020000000000003126,99.5,False,0.6011479206525022,0.1,15.0,0.6659953680394723,0.0,0.0,True,0.46999999999999886,2400,1,True,supplementary,C1,0.14514978888283853,False,仅供复核_不作正式训练标签
e11850bccd1bbd,泸203H64,4,13,whole_stage,2,泸203H64|2-4,泸203H64|4|13,E:\压裂窜扰项目\02 规范化\泸203H64\泸203H64 邻井压力监测\泸203H64-4-13段压裂施工-1、2、3、5井秒点压力监测.xls,导出数据,2#套压(MPa),6f94667cc149156c14699008a687e9b3e47026e1f7c3edeab1d431104897275c,E:\压裂窜扰项目\02 规范化\泸203H64\泸203H64 压裂施工曲线\泸203H64-4-13 压裂施工曲线.csv,text,named_stage_clock_only,-1671580800,52090.0,63641.0,192.51666666666668,1.0,0,0,0,1.0,1.0,52.473,initial_window_proxy,10.0,9.0,0.020756400000004296,,supplementary,起泵前基线不足180秒,0.04800000000000182,52.4935,0.07199999999999562,1.9699999999999989,2.0290000000000035,-0.5769999999999982,2.003,0.09879772314085464,0.1180000000000021,127.0,False,0.6596831443165093,0.1,15.0,0.28863301878625225,24.5,0.0,False,,429,1,True,supplementary,C1,0.6621115617168378,False,仅供复核_不作正式训练标签
e1223e044ef2ce,泸203H64,3,3,whole_stage,2,泸203H64|2-3,泸203H64|3|3,E:\压裂窜扰项目\02 规范化\泸203H64\泸203H64 邻井压力监测\泸203H64-3-3段压裂施工-1、2、4、5井秒点压力监测.xls,text,2#套压(MPa),5d2fbec0d4eb81ec104fb471e54605f5ea68a7cd2c24b9a25ad22fc61e1cbeee,E:\压裂窜扰项目\02 规范化\泸203H64\泸203H64 压裂施工曲线\泸203H64-3-3 压裂施工曲线.csv,text,named_stage_clock_only,-1669248000,26751.0,37470.0,178.65,1.0,0,0,0,0.9935628323537643,69.0,34.715,initial_window_proxy,0.0,0.0,0.019273799999997218,,supplementary,施工窗缺口大于30秒；起泵前基线不足180秒,,,0.03300000000000125,0.05299999999999727,0.0589999999999975,-0.15100000000000335,-0.10500000000000398,-0.04838629107981528,0.0660000000000025,,True,1.0,0.1,15.0,0.37334335933828366,0.0,0.0,False,,388,1,True,supplementary,C1,0.0617091932786251,False,仅供复核_不作正式训练标签
e1f48e2d00f8de,泸203H64,3,4,whole_stage,5,泸203H64|3-5,泸203H64|3|4,E:\压裂窜扰项目\02 规范化\泸203H64\泸203H64 邻井压力监测\泸203H64-3-4段压裂施工-1、2、4、5井秒点压力监测.xls,导出数据,5#套压(MPa),c6c368eccc63d68a7d5de236d0eecd4bd28e88d0fc5bf1a291758afaae71a8ee,E:\压裂窜扰项目\02 规范化\泸203H64\泸203H64 压裂施工曲线\泸203H64-3-4 压裂施工曲线（秒点）.csv,text,named_stage_clock_only,-1669334400,25007.0,35164.0,169.28333333333333,1.0,0,0,0,1.0,3.0,34.641,initial_window_proxy,107.0,106.0,0.019273799999997218,,supplementary,起泵前基线不足180秒,0.04100000000000392,34.648,0.09600000000000364,10.484000000000002,10.518,-0.03999999999999915,10.518,4.4316618588165815,0.11599999999999966,12.5,False,0.07384070099438811,0.1,15.0,0.15681639085894405,132.16666666666666,74.08333333333333,False,,393,1,True,supplementary,C2,1.6441896253649417,False,仅供复核_不作正式训练标签
e1f81c078670a3,阳101H34,2,12,whole_stage,3,阳101H34|2-3,阳101H34|2|12,E:\压裂窜扰项目\02 规范化\阳101H34\阳101H34 邻井压力监测\阳101H34-2-12段压裂施工-3井秒点压力监测.xls,导出数据,3#3井套压(MPa),475513f55174976cdd5b1d1228e4afda292518cea2ff9227582efe103c1e5611,E:\压裂窜扰项目\02 规范化\阳101H34\阳101H34 压裂施工曲线\阳101H34-2-12 压裂施工曲线.xls,秒点数据,named_stage_clock_only,-1746489600,27891.0,36970.0,151.31666666666666,1.0,0,0,0,0.9912986011675294,70.0,56.4375,initial_window_proxy,0.0,0.0,0.05837782745364488,,supplementary,施工窗缺口大于30秒；起泵前基线不足180秒,,,0.039375305175802566,3.228748321533203,3.228748321533203,-0.052501678466796875,3.215625762939503,1.7869618233574764,0.08531188964850145,4.566666666666666,False,0.03017953519110034,0.17513348236093462,15.0,0.2783333333333333,98.25,0.0,False,,2133,1,True,supplementary,C2,1.525903162365201,False,仅供复核_不作正式训练标签
e2268a7babb052,泸206H8,5,12,whole_stage,2,泸206H8|2-5,泸206H8|5|12,E:\压裂窜扰项目\02 规范化\泸206H8\泸206H8 邻井压力监测\泸206H8-5-12段压裂施工-1、2、3、4、6、7、8井秒点压力监测.xls,导出数据,2井套压1(MPa),194b3b273b441eccfdde248bd0715b0baa7cbf0c402566bbc469ec4cf24a3b69,E:\压裂窜扰项目\02 规范化\泸206H8\泸206H8 压裂施工曲线\泸206H8-5-12 压裂施工曲线.xlsx,秒点数据,absolute,0,1752913447.0,1752924040.0,176.55,1.0,0,0,0,0.9962239214575663,40.0,47.86,pre_pump_10min,247.0,246.0,0.01482599999999705,0.0009823627033420663,supplementary,施工窗缺口大于30秒,0.01999999999999602,47.86,0.04999999999999716,0.00999999999999801,0.00999999999999801,-0.11999999999999744,-0.11999999999999744,-0.053784705770870016,0.020000000000003126,,True,1.0,0.1,15.0,0.3944306694640473,0.0,0.0,False,,1206,1,True,supplementary,C1,0.06285400501150286,False,仅供复核_不作正式训练标签
e288925cbcc6f2,泸203H153,5,17,whole_stage,6,泸203H153|5-6,泸203H153|5|17,E:\压裂窜扰项目\02 规范化\泸203H153\泸203H153 邻井压力监测\泸203H153-5-17段压裂施工-6井套压压力监测.xls,导出数据,6井套压(MPa),5cb982ca00e429a1a1474b270a7c59bcbe2aafed3dbaf66442837dad72614b73,E:\压裂窜扰项目\02 规范化\泸203H153\泸203H153 压裂施工曲线\泸203H153-5-17 压裂施工曲线-2.xls,分点数据,absolute,0,1717054773.0,1717063457.0,144.73333333333332,1.0,0,0,0,1.0,1.0,58.37,initial_window_proxy,93.0,92.0,0.014826000000007585,,supplementary,起泵前基线不足180秒,0.01999999999999602,58.36,0.04999999999999716,8.18,8.21,-0.01999999999999602,8.199999999999996,4.27031034085675,0.13000000000000256,5.5,False,0.03800092123445417,0.1,15.0,0.3623906034085675,121.0,65.75,True,8.399999999999999,329,1,True,supplementary,C2,1.2616998522707523,False,仅供复核_不作正式训练标签
e2e77c4fed6475,泸206H8,5,12,whole_stage,7,泸206H8|5-7,泸206H8|5|12,E:\压裂窜扰项目\02 规范化\泸206H8\泸206H8 邻井压力监测\泸206H8-5-12段压裂施工-1、2、3、4、6、7、8井秒点压力监测.xls,导出数据,7井套压(MPa),194b3b273b441eccfdde248bd0715b0baa7cbf0c402566bbc469ec4cf24a3b69,E:\压裂窜扰项目\02 规范化\泸206H8\泸206H8 压裂施工曲线\泸206H8-5-12 压裂施工曲线.xlsx,秒点数据,absolute,0,1752913447.0,1752924040.0,176.55,1.0,0,0,0,0.9962239214575663,40.0,35.28,pre_pump_10min,247.0,246.0,0.01482599999999705,-0.0008385440390901965,supplementary,施工窗缺口大于30秒,0.030000000000001137,35.28,0.07000000000000028,0.00999999999999801,0.01999999999999602,-0.03999999999999915,-0.00999999999999801,-0.0008035629678764511,0.020000000000003126,,True,1.0,0.1,15.0,0.32436274045295177,0.0,0.0,False,,1203,1,True,supplementary,C1,0.014624582345545919,False,仅供复核_不作正式训练标签
e32943b5c500c1,阳101H51,3,26,whole_stage,2,阳101H51|2-3,阳101H51|3|26,E:\压裂窜扰项目\02 规范化\阳101H51\阳101H51 邻井压力监测\阳101H51-3-26段压裂施工-1、2、4、6井套压秒点压力监测.xlsx,阳101H51-3井压裂期间1井、2井、4井、6井压力秒点数据,2井套压,5a5756f5a451fd656e882c020cec33d334779abf4729e218e4097e1d19597db8,E:\压裂窜扰项目\02 规范化\阳101H51\阳101H51 压裂施工曲线\阳101H51-3-26 压裂施工曲线（秒点）.xlsx,秒点数据,absolute,0,1787210610.0,1787225860.0,254.16666666666666,1.0,0,0,0,0.9954098360655738,41.0,41.67,initial_window_proxy,0.0,0.0,0.0,,supplementary,施工窗缺口大于30秒；起泵前基线不足180秒,,,0.030000000000001137,1.4600000000000009,1.4600000000000009,-0.03999999999999915,1.4600000000000009,0.47293675889327896,0.030000000000001137,88.31666666666666,False,0.34747540983606556,0.1,15.0,0.7530961791831356,37.5,0.0,False,,2443,1,True,supplementary,C1,0.6484661354838355,False,仅供复核_不作正式训练标签
e3a74852997165,泸203H9,2,13,whole_stage,1,泸203H9|1-2,泸203H9|2|13,E:\压裂窜扰项目\02 规范化\泸203H9\泸203H9 邻井压力监测\泸203H9-2井13段压裂期间1井压力秒点数据.xls,导出数据,1#套压(MPa),595110a5893c211f519007d3202eb0feca9cbf1cf1cc66dc87db5d3cae9b5997,E:\压裂窜扰项目\02 规范化\泸203H9\泸203H9 压裂施工曲线\泸203H9-2-13 压裂施工曲线.xlsx,LogData(s),named_stage_clock_only,-1700092800,29665.0,36018.0,105.88333333333334,1.0,0,0,0,0.9971666929009917,18.0,41.8031234741211,initial_window_proxy,145.0,144.0,0.009733408355649682,,supplementary,起泵前基线不足180秒,0.026248931884801152,41.8162498474121,0.039375305175802566,4.613437652587898,4.679065704345696,-0.1640625,4.672500610351598,1.0523375290627452,0.14437866210940342,47.583333333333336,False,0.4493939870927121,0.1,15.0,0.2925019731649566,40.416666666666664,0.0,False,,964,1,True,supplementary,C2,1.6852488367292968,False,仅供复核_不作正式训练标签
e3e5744e2d04c7,泸203H76,1,20,whole_stage,3,泸203H76|1-3,泸203H76|1|20,E:\压裂窜扰项目\02 规范化\泸203H76\泸203H76 邻井压力监测\泸203H76平台-1井-20段压裂施工-2、3、4井秒点压力监测.xls,Sheet1,3井井口压力,2ad61efc106c8aca1fb4bc1fd763ffb4b0901c7e46bb72d47292b08f41989510,E:\压裂窜扰项目\02 规范化\泸203H76\泸203H76 压裂施工曲线\泸203H76-1-20 压裂施工曲线（秒点）.xls,Sheet1,named_stage_clock_only,-1679875200,48772.0,55710.0,115.63333333333334,1.0,0,0,0,1.0,1.0,59.0999,initial_window_proxy,52.0,51.0,0.015567300000000589,,supplementary,起泵前基线不足180秒,0.010500000000000398,59.1209,0.04200000000000159,0.0,0.021000000000000796,-1.1550999999999974,-1.1550999999999974,-0.677994724704524,0.021000000000000796,,True,1.0,0.1,15.0,0.9060247910060536,0.0,0.0,True,-1.1865999999999985,693,1,True,supplementary,C1,0.7640143025363834,False,仅供复核_不作正式训练标签
e45a623cce73ac,泸208H1,2,13,whole_stage,1,泸208H1|1-2,泸208H1|2|13,E:\压裂窜扰项目\02 规范化\泸208H1\泸208H1 邻井压力监测\泸208H1-2-13段压裂施工-1井压力监测.xlsx,2-13-1,无表头_文件名井号,ae4b27270caccaaa84678fe607d8760b6ab16346ee6794ae21bb40a7ec2b2720,E:\压裂窜扰项目\02 规范化\泸208H1\泸208H1 压裂施工曲线\泸208H1-2-13 压裂施工曲线（秒点）.xls,导出数据,named_stage_clock_only,0,32717.0,43756.0,183.98333333333332,1.0,0,0,0,1.0,1.0,55.7,initial_window_proxy,17.0,16.0,0.0,,supplementary,起泵前基线不足180秒,0.0,55.7,0.8100000000000023,4.589999999999996,4.589999999999996,0.0,3.9099999999999966,2.7810213787480724,0.769999999999996,15.416666666666666,False,0.08379382190415799,0.1,15.0,0.8853156988857687,132.5,0.0,True,4.409999999999997,1322,1,True,supplementary,C2,1.2111204774835491,False,仅供复核_不作正式训练标签
e47eaaa8b2fe33,泸208H2,9,14,whole_stage,8,泸208H2|8-9,泸208H2|9|14,E:\压裂窜扰项目\02 规范化\泸208H2\泸208H2 邻井压力监测\泸208H2-9-14段压裂施工-8井压力监测.xlsx,9-14-8,无表头_文件名井号,662872c8fa5706826fcc9b511d8cbd27ad5a70a4f9fbc5948f5f41b60393e91f,E:\压裂窜扰项目\02 规范化\泸208H2\泸208H2 压裂施工曲线\泸208H2-9-14 压裂施工曲线（秒点）.xlsx,秒点数据,named_stage_clock_only,1725667200,1725695512.0,1725702817.0,121.75,1.0,0,0,0,1.0,1.0,53.6813,initial_window_proxy,112.0,111.0,0.015567300000000589,,supplementary,起泵前基线不足180秒,0.031399999999997874,53.6813,0.12589999999999435,3.8588000000000022,3.879800000000003,-0.021000000000000796,3.8693000000000026,1.6553131074606429,0.12579999999999814,13.083333333333334,False,0.10746064339493498,0.1,15.0,0.7364818617385352,72.33333333333333,0.0,True,4.110500000000002,1741,1,True,supplementary,C2,1.3208580093322682,False,仅供复核_不作正式训练标签
e4c1e14a3b444c,泸208H1,4,8,whole_stage,6,泸208H1|4-6,泸208H1|4|8,E:\压裂窜扰项目\02 规范化\泸208H1\泸208H1 邻井压力监测\泸208H1-4-8段压裂施工-6井压力监测.xlsx,4-8-6,无表头_文件名井号,e6762a9b2753df6e2075bcafb321d153ba44a33d1c33b63668d98c7669d2a66c,E:\压裂窜扰项目\02 规范化\泸208H1\泸208H1 压裂施工曲线\泸208H1-4-8 压裂施工曲线（秒点）.xls,导出数据,named_stage_clock_only,0,28735.0,36175.0,124.0,1.0,0,470,1,0.991263440860215,65.0,47.63,initial_window_proxy,0.0,0.0,0.05930399999999873,,supplementary,施工窗缺口大于30秒；起泵前基线不足180秒,,,0.09000000000000341,13.079999999999998,13.119999999999997,-0.09000000000000341,13.119999999999997,6.038990508474574,0.3200000000000003,6.166666666666667,False,0.04973118279569893,0.17791199999999618,15.0,0.9046779661016949,104.0,66.66666666666667,True,13.299999999999997,1362,1,True,supplementary,C2,3.491391832457145,False,仅供复核_不作正式训练标签
e4f5f9ddb27cf5,泸208H1,2,18,whole_stage,1,泸208H1|1-2,泸208H1|2|18,E:\压裂窜扰项目\02 规范化\泸208H1\泸208H1 邻井压力监测\泸208H1-2-18段压裂施工-1井压力监测.xlsx,2-18-1,无表头_文件名井号,90b16bbc27d349dd3831486f43716ff64fa151e82560ef80186e92ddcf6e31f4,E:\压裂窜扰项目\02 规范化\泸208H1\泸208H1 压裂施工曲线\泸208H1-2-18 压裂施工曲线（秒点）.xls,导出数据,named_stage_clock_only,0,28168.0,36477.0,138.48333333333332,1.0,0,0,0,1.0,1.0,55.97,initial_window_proxy,88.0,87.0,0.0,,supplementary,起泵前基线不足180秒,0.0,55.97,0.3100000000000023,3.1499999999999986,3.200000000000003,0.0,3.200000000000003,1.3770213022024322,0.3500000000000014,18.833333333333332,False,0.13599711156577207,0.1,15.0,0.9221326272716331,85.66666666666667,0.0,True,3.3299999999999983,1333,1,True,supplementary,C1,1.66748368284085,True,仅供复核_不作正式训练标签
e4fdfacd3715c6,泸208H2,8,7,whole_stage,7,泸208H2|7-8,泸208H2|8|7,E:\压裂窜扰项目\02 规范化\泸208H2\泸208H2 邻井压力监测\泸208H2-8-7段压裂施工-7井压力监测.xlsx,8-7-7,无表头_文件名井号,6da5f153ccc9e0aeba161a831e336a94a29d8b86ecfddf006bc4400c60372ed4,E:\压裂窜扰项目\02 规范化\泸208H2\泸208H2 压裂施工曲线\泸208H2-8-7 压裂施工曲线（秒点）.xlsx,秒点数据,named_stage_clock_only,1720224000,1720268393.0,1720276920.0,142.11666666666667,1.0,0,0,0,0.9991790782221179,7.0,54.1904,initial_window_proxy,0.0,0.0,0.015567300000000589,,supplementary,起泵前基线不足180秒,,,0.0945999999999998,4.331400000000002,4.352400000000003,-0.041999999999994486,4.3419000000000025,2.46765475352113,0.0945999999999998,6.533333333333333,False,0.045971619561393215,0.1,15.0,0.7245305164319249,113.83333333333333,0.0,True,4.436500000000002,1689,1,True,supplementary,C2,0.9194140942366738,False,仅供复核_不作正式训练标签
e5dc30979fbdba,泸203H76,3,7,whole_stage,2,泸203H76|2-3,泸203H76|3|7,E:\压裂窜扰项目\02 规范化\泸203H76\泸203H76 邻井压力监测\泸203H76平台-3井-7段压裂施工-1、2、4井压力监测-2.xls,Sheet1,2井井口压力,4c0dc49e3dace3e156d3e7e7ee7beddf07892b6281a0e4fd9fbdd8e7a372e2dc,E:\压裂窜扰项目\02 规范化\泸203H76\泸203H76 压裂施工曲线\泸203H76-3-7 压裂施工曲线（秒点）.xls,Sheet1,named_stage_clock_only,0,28479.0,36394.0,131.91666666666666,60.0,0,0,0,0.9930511686670878,60.0,53.6814,pre_pump_10min,7.0,360.0,0.015567300000000589,-0.006374999999998942,supplementary,原始采样间隔大于30秒；施工窗缺口大于30秒,0.035699999999991405,53.6604,0.09450000000000358,,2.8248000000000033,-0.19959999999999667,2.609450000000006,1.1330812977099274,0.09450000000000358,55.35,False,0.4195830701200253,0.1,60.0,0.16793893129770993,62.0,0.0,True,2.4887000000000015,884,1,True,supplementary,C1,1.6815545443387376,True,仅供复核_不作正式训练标签
e654bf01ba1c02,泸206H8,5,12,whole_stage,8,泸206H8|5-8,泸206H8|5|12,E:\压裂窜扰项目\02 规范化\泸206H8\泸206H8 邻井压力监测\泸206H8-5-12段压裂施工-1、2、3、4、6、7、8井秒点压力监测.xls,导出数据,8井套压(MPa),194b3b273b441eccfdde248bd0715b0baa7cbf0c402566bbc469ec4cf24a3b69,E:\压裂窜扰项目\02 规范化\泸206H8\泸206H8 压裂施工曲线\泸206H8-5-12 压裂施工曲线.xlsx,秒点数据,absolute,0,1752913447.0,1752924040.0,176.55,1.0,0,0,0,0.9962239214575663,40.0,29.15,pre_pump_10min,247.0,246.0,0.014826000000002316,0.011804119934893735,supplementary,施工窗缺口大于30秒,0.05000000000000071,29.18,0.060000000000002274,0.08000000000000185,0.08000000000000185,-0.10999999999999943,-0.019999999999999574,-0.0030536340377130965,0.08000000000000185,,True,1.0,0.1,15.0,0.42461859186961054,0.0,0.0,False,,1202,1,True,supplementary,C1,0.03138119870393983,False,仅供复核_不作正式训练标签
e67c7ff94caedf,阳101H51,6,2,whole_stage,5,阳101H51|5-6,阳101H51|6|2,E:\压裂窜扰项目\02 规范化\阳101H51\阳101H51 邻井压力监测\阳101H51-6-2段压裂施工-5井秒点压力监测.xlsx,阳101H51-6井2段压裂施工期间5井压力秒点期间,5井套压,9db04ed2456a0979920b9d3636c1de8ebb48c1ba6860f05be0d3587d09fba5e4,E:\压裂窜扰项目\02 规范化\阳101H51\阳101H51 压裂施工曲线\阳101H51-6-2 压裂施工曲线（秒点）.xlsx,秒点数据,absolute,0,1780744061.0,1780758677.0,243.6,1.0,0,0,0,1.0,1.0,41.92,initial_window_proxy,42.0,41.0,0.01482599999999705,,supplementary,起泵前基线不足180秒,0.009000000000007446,41.94,0.07000000000000028,14.93,14.949999999999996,-0.030000000000001137,14.939999999999998,8.822024151614668,0.21000000000000085,12.583333333333334,False,0.05165571975916804,0.1,15.0,0.6905446086480569,213.33333333333334,178.75,True,15.25,2492,1,True,supplementary,C2,6.352748683984831,False,仅供复核_不作正式训练标签
e6bf2733350352,阳101H51,2,19,whole_stage,3,阳101H51|2-3,阳101H51|2|19,E:\压裂窜扰项目\02 规范化\阳101H51\阳101H51 邻井压力监测\阳101H51-2-19段压裂施工-1、3、4井秒点压力监测.xlsx,阳101H51-2井19段压裂期间1井、3井、4井压力秒点数据,3井套压,c6db759dbda056521b80fadce7570ad29ebffdda06b8a28aeac7e3aab5680f15,E:\压裂窜扰项目\02 规范化\阳101H51\阳101H51 压裂施工曲线\阳101H51-2-19 压裂施工曲线（秒点）.xlsx,秒点数据,absolute,0,1783937100.0,1783964796.0,461.6,1.0,0,0,0,0.9987001733102253,36.0,46.83,initial_window_proxy,1.0,0.0,0.0,,supplementary,施工窗缺口大于30秒；起泵前基线不足180秒,,46.83,0.05999999999999517,0.44000000000000483,0.44000000000000483,-0.5399999999999991,0.44000000000000483,-0.19487960954446693,0.020000000000003126,390.25,False,0.8454289428076256,0.1,15.0,0.678705712219812,0.0,0.0,False,,2408,1,True,supplementary,C1,0.3136285840870391,False,仅供复核_不作正式训练标签
e6e0eff0e272a2,泸203H64,5,5,whole_stage,3,泸203H64|3-5,泸203H64|5|5,E:\压裂窜扰项目\02 规范化\泸203H64\泸203H64 邻井压力监测\泸203H64-5-5段压裂施工-1、2、3、4井秒点压力监测.xls,导出数据,3#套压(MPa),e4312b258575897971f276bbc84aa819b78ef22e335b82450b39723794e11562,E:\压裂窜扰项目\02 规范化\泸203H64\泸203H64 压裂施工曲线\泸203H64-5-5 压裂施工曲线.csv,text,named_stage_clock_only,-1670544000,49614.0,55061.0,90.78333333333333,1.0,0,0,0,1.0,1.0,27.307,initial_window_proxy,114.0,113.0,0.02075639999999903,,supplementary,起泵前基线不足180秒,0.019999999999999574,27.307,0.0990000000000002,2.474,2.5130000000000017,-0.02699999999999747,2.5130000000000017,0.6160459886175889,0.08500000000000085,40.5,False,0.44611712869469433,0.1,15.0,0.2531668808518451,24.75,0.0,False,,506,1,True,supplementary,C1,0.9668525423517387,False,仅供复核_不作正式训练标签
e6e29f4e15a238,泸206H8,4,8,whole_stage,6,泸206H8|4-6,泸206H8|4|8,E:\压裂窜扰项目\02 规范化\泸206H8\泸206H8 邻井压力监测\泸206H8-4-8段压裂施工-1、2、3、5、6、7、8井秒点压力监测.xls,导出数据,6井套压(MPa),c78b30f0d71b306771406b88995e1bfe809620dd5b601167d77c094577bc6ce6,E:\压裂窜扰项目\02 规范化\泸206H8\泸206H8 压裂施工曲线\泸206H8-4-8 压裂施工曲线.xlsx,秒点数据,absolute,0,1752841020.0,1752861444.0,340.4,1.0,0,0,0,0.9970622796709753,60.0,37.26,initial_window_proxy,0.0,0.0,0.10378200000000042,,supplementary,施工窗缺口大于30秒；起泵前基线不足180秒,,,0.12000000000000455,0.6900000000000048,0.7000000000000028,-0.11999999999999744,-0.07000000000000028,0.16756040070713238,0.09999999999999432,21.25,False,0.062426556991774386,0.31134600000000123,15.0,0.20303482587064678,0.0,0.0,False,,1163,1,True,supplementary,C1,0.25490885455965656,False,仅供复核_不作正式训练标签
e76eac943c8404,泸208H1,5,15,whole_stage,4,泸208H1|4-5,泸208H1|5|15,E:\压裂窜扰项目\02 规范化\泸208H1\泸208H1 邻井压力监测\泸208H1-5-15段压裂施工-4井压力监测.xlsx,5-15-4,无表头_文件名井号,2973a9652595063bc24e65a287612f39e3d88eea4c8937b82b3fab7cfcbe4fa0,E:\压裂窜扰项目\02 规范化\泸208H1\泸208H1 压裂施工曲线\泸208H1-5-15 压裂施工曲线（秒点）.xls,导出数据,named_stage_clock_only,0,25330.0,37577.0,204.11666666666667,1.0,0,0,0,1.0,1.0,45.57,initial_window_proxy,130.0,129.0,0.0,,supplementary,起泵前基线不足180秒,0.03999999999999915,45.6,0.04000000000000625,13.75,13.75,-0.07000000000000028,13.75,8.001005144116926,0.28000000000000114,21.333333333333332,False,0.10451539152445496,0.1,15.0,0.9290438474728505,171.83333333333334,155.25,True,13.649999999999999,1387,1,True,supplementary,C2,5.483982484043257,False,仅供复核_不作正式训练标签
e7a058beccaa42,阳101H34,4,4,whole_stage,2,阳101H34|2-4,阳101H34|4|4,E:\压裂窜扰项目\02 规范化\阳101H34\阳101H34 邻井压力监测\阳101H34-4-4段压裂施工-2井秒点压力监测.xls,导出数据,2#2井套压(MPa),dedae36aa6e1f71d7dd2aca22cbc32c5959739ec5019795aa866a210fef940ff,E:\压裂窜扰项目\02 规范化\阳101H34\阳101H34 压裂施工曲线\阳101H34-4-4 压裂施工曲线.xls,秒点数据,named_stage_clock_only,-1744329600,32244.0,44773.0,208.81666666666666,1.0,0,0,0,0.9971266661345678,36.0,50.4092903137207,initial_window_proxy,0.0,0.0,0.009733408355660217,,supplementary,施工窗缺口大于30秒；起泵前基线不足180秒,,,0.04595184326170454,1.2142944335937997,1.2339859008788991,-0.06563949584960227,1.2142944335937997,0.3189132317601249,0.03282165527350145,82.76666666666667,False,0.39636044377045254,0.1,15.0,0.267509805491075,15.5,0.0,False,,2207,1,True,supplementary,C1,0.47576157118006324,False,仅供复核_不作正式训练标签
e7d9da4e5c2847,阳101H34,6,5,whole_stage,5,阳101H34|5-6,阳101H34|6|5,E:\压裂窜扰项目\02 规范化\阳101H34\阳101H34 邻井压力监测\阳101H34-6-5段压裂施工-5井秒点压力监测.xls,导出数据,5#5井套压(MPa),3fef7c051c66dbb4a3d0433b2ccbd6fad6ba6904425599cef3ee285473ad0b0b,E:\压裂窜扰项目\02 规范化\阳101H34\阳101H34 压裂施工曲线\阳101H34-6-5 压裂施工曲线.xls,秒点数据,named_stage_clock_only,-1746662400,42680.0,51159.0,141.31666666666666,1.0,0,0,0,0.9952824625545466,40.0,43.5815620422363,initial_window_proxy,0.0,0.0,0.009727752685430994,,supplementary,施工窗缺口大于30秒；起泵前基线不足180秒,,,0.04593658447269888,1.7259368896485014,1.7390632629395029,-0.013126373291001414,1.7390632629395029,0.4567131472363109,0.05250167846680398,56.583333333333336,False,0.40040099068286356,0.1,15.0,0.2532290555753051,25.333333333333332,0.0,False,,2221,1,True,supplementary,C1,0.6740101449961977,False,仅供复核_不作正式训练标签
e7e7473928f35b,阳101H34,3,8,whole_stage,2,阳101H34|2-3,阳101H34|3|8,E:\压裂窜扰项目\02 规范化\阳101H34\阳101H34 邻井压力监测\阳101H34-3-8段压裂施工-2井秒点压力监测.xls,导出数据,2#2井套压(MPa),c32b2b38d79a3a8a0db7d6ed3d845457d14ca3dbbfeafa66e8766b9ba69ac24d,E:\压裂窜扰项目\02 规范化\阳101H34\阳101H34 压裂施工曲线\阳101H34-3-8 压裂施工曲线.xls,秒点数据,named_stage_clock_only,-1745712000,25043.0,39155.0,235.2,1.0,0,0,0,1.0,1.0,56.2160568237305,initial_window_proxy,143.0,142.0,0.01948943939217412,,supplementary,起泵前基线不足180秒,0.019721984863302566,56.2029113769531,0.052589416503899145,3.148838043212905,3.1554107666015057,-0.01972198486329546,3.102817535400405,2.071939873992691,0.06574249267579546,22.916666666666668,False,0.09743480725623584,0.1,15.0,0.267077664399093,179.5,0.0,False,,2194,1,True,supplementary,C2,1.5782828340350181,False,仅供复核_不作正式训练标签
e83a52880a0931,泸206H8,5,12,whole_stage,6,泸206H8|5-6,泸206H8|5|12,E:\压裂窜扰项目\02 规范化\泸206H8\泸206H8 邻井压力监测\泸206H8-5-12段压裂施工-1、2、3、4、6、7、8井秒点压力监测.xls,导出数据,6井套压(MPa),194b3b273b441eccfdde248bd0715b0baa7cbf0c402566bbc469ec4cf24a3b69,E:\压裂窜扰项目\02 规范化\泸206H8\泸206H8 压裂施工曲线\泸206H8-5-12 压裂施工曲线.xlsx,秒点数据,absolute,0,1752913447.0,1752924040.0,176.55,1.0,0,0,0,0.9962239214575663,40.0,37.19,pre_pump_10min,247.0,246.0,0.04447800000000168,0.027177905121089575,supplementary,施工窗缺口大于30秒,0.10000000000000142,37.22,0.10999999999999943,0.5900000000000034,0.5900000000000034,-0.3499999999999943,0.10000000000000142,0.025877001800438275,0.19000000000000483,3.3333333333333335,False,0.018880392712168414,0.13343400000000505,15.0,0.23737325878896995,0.0,0.0,False,,1204,1,True,supplementary,C1,0.15936285650005425,False,仅供复核_不作正式训练标签
e8693969401f83,泸208H2,6,9,whole_stage,8,泸208H2|6-8,泸208H2|6|9,E:\压裂窜扰项目\02 规范化\泸208H2\泸208H2 邻井压力监测\泸208H2-6-9段压裂施工-8井压力监测.xlsx,6-9-8,无表头_文件名井号,40c248fc229d29747e895ad605960e7f89dc6f1b5913e3b1a6c730bf7c2f19d7,E:\压裂窜扰项目\02 规范化\泸208H2\泸208H2 压裂施工曲线\泸208H2-6-9 压裂施工曲线（秒点）.xlsx,Log Data,named_stage_clock_only,0,31194.0,38608.0,123.56666666666666,1.0,0,43,0,1.0,2.0,53.3352,initial_window_proxy,133.0,151.0,0.031134600000001178,,supplementary,起泵前基线不足180秒,0.04189999999999827,53.3352,0.14679999999999893,2.390900000000002,2.4223,-0.05239999999999867,2.4117999999999995,0.6708240086323175,0.12580000000000524,37.333333333333336,False,0.302131103318047,0.1,15.0,0.7021247800784951,34.833333333333336,0.0,True,2.4746999999999986,1592,1,True,supplementary,C1,0.9648598904397108,False,仅供复核_不作正式训练标签
e888a4f1add96e,泸208H2,9,21,whole_stage,8,泸208H2|8-9,泸208H2|9|21,E:\压裂窜扰项目\02 规范化\泸208H2\泸208H2 邻井压力监测\泸208H2-9-21段压裂施工-8井压力监测.xlsx,9-21-8,无表头_文件名井号,3997829c97d536661602bce7ae6d2bdcced0dc9172566f8191700e81a883b311,E:\压裂窜扰项目\02 规范化\泸208H2\泸208H2 压裂施工曲线\泸208H2-9-21 压裂施工曲线（秒点）.xlsx,秒点数据,named_stage_clock_only,1726531200,1726565084.0,1726575906.0,180.36666666666667,1.0,0,0,0,1.0,1.0,53.7232,initial_window_proxy,44.0,43.0,0.015567300000000589,,supplementary,起泵前基线不足180秒,0.020899999999997476,53.7022,1.0065999999999988,1.1114999999999995,1.1430000000000007,-0.031399999999997874,1.1430000000000007,0.619497417298098,0.07339999999999947,28.333333333333332,False,0.1570874145259656,0.1,15.0,0.7460728146368508,13.666666666666666,0.0,True,1.2164000000000001,1755,1,True,supplementary,C1,0.7079961584761605,False,仅供复核_不作正式训练标签
e8cde341552d6f,泸203H76,4,13,whole_stage,2,泸203H76|2-4,泸203H76|4|13,E:\压裂窜扰项目\02 规范化\泸203H76\泸203H76 邻井压力监测\泸203H76平台-4井-13段压裂施工-1、2、3井秒点压力监测.xls,Sheet1,2井井口压力,d71ad5a3a066e315fcf12cf47ef0fab644d0bf0efe93f3e3727dec8f4f7c7407,E:\压裂窜扰项目\02 规范化\泸203H76\泸203H76 压裂施工曲线\泸203H76-4-13 压裂施工曲线（秒点）.xls,Sheet1,named_stage_clock_only,-1679443200,39965.0,48420.0,140.91666666666666,1.0,0,0,0,1.0,1.0,53.2508,initial_window_proxy,65.0,64.0,0.0,,supplementary,起泵前基线不足180秒,0.02310000000000656,53.2613,0.05250000000000199,0.08400000000000318,0.09450000000000358,-0.15749999999999886,0.07350000000000279,-0.07117397989355202,0.031500000000001194,,True,1.0,0.1,15.0,0.893672383205204,0.0,0.0,True,0.17849999999999966,910,1,True,supplementary,C1,0.08922534494134626,False,仅供复核_不作正式训练标签
e942cc1fc31a4b,泸203H64,4,7,whole_stage,1,泸203H64|1-4,泸203H64|4|7,E:\压裂窜扰项目\02 规范化\泸203H64\泸203H64 邻井压力监测\泸203H64-4-7段压裂施工-1、2、3、5井秒点压力监测.xls,导出数据,1#套压(MPa),b9760238b1a88e2b43dae174959764bbae823f5661bb478e60cf67316888bd18,E:\压裂窜扰项目\02 规范化\泸203H64\泸203H64 压裂施工曲线\泸203H64-4-7 压裂施工曲线.csv,text,named_stage_clock_only,-1671321600,52875.0,57288.0,73.55,1.0,0,0,0,1.0,1.0,47.67,initial_window_proxy,75.0,74.0,0.01927380000000775,,supplementary,起泵前基线不足180秒,0.012999999999998124,47.683,0.032999999999994145,0.0519999999999996,0.0589999999999975,-0.0519999999999996,-0.026000000000003354,0.010840131429864354,0.059000000000004604,,True,1.0,0.1,15.0,0.33877181055970995,0.0,0.0,False,,464,1,True,supplementary,C1,0.018049512926271067,False,仅供复核_不作正式训练标签
e955b2ef31476d,泸206H8,4,8,whole_stage,7,泸206H8|4-7,泸206H8|4|8,E:\压裂窜扰项目\02 规范化\泸206H8\泸206H8 邻井压力监测\泸206H8-4-8段压裂施工-1、2、3、5、6、7、8井秒点压力监测.xls,导出数据,7井套压(MPa),c78b30f0d71b306771406b88995e1bfe809620dd5b601167d77c094577bc6ce6,E:\压裂窜扰项目\02 规范化\泸206H8\泸206H8 压裂施工曲线\泸206H8-4-8 压裂施工曲线.xlsx,秒点数据,absolute,0,1752841020.0,1752861444.0,340.4,1.0,0,0,0,0.9970622796709753,60.0,35.47,initial_window_proxy,0.0,0.0,0.01482599999999705,,supplementary,施工窗缺口大于30秒；起泵前基线不足180秒,,,0.060000000000002274,0.030000000000001137,0.03999999999999915,-0.11999999999999744,-0.11999999999999744,-0.0300120310351589,0.030000000000001137,,True,1.0,0.1,15.0,0.3489054726368159,0.0,0.0,False,,1162,1,True,supplementary,C1,0.04800996584194627,False,仅供复核_不作正式训练标签
e98fe34d66f363,泸208H2,8,3,whole_stage,9,泸208H2|8-9,泸208H2|8|3,E:\压裂窜扰项目\02 规范化\泸208H2\泸208H2 邻井压力监测\泸208H2-8-3段压裂施工-9井压力监测.xlsx,8-3-9,无表头_文件名井号,d9a8d4888d6e3d0cb80ea0a9df84edea7f6cb0817559409607e5d56ce1484319,E:\压裂窜扰项目\02 规范化\泸208H2\泸208H2 压裂施工曲线\泸208H2-8-3 压裂施工曲线（秒点）.xlsx,秒点数据,named_stage_clock_only,1718928000,1718955810.0,1718963322.0,125.2,1.0,0,0,0,1.0,1.0,51.6622,initial_window_proxy,30.0,29.0,0.04670190000000177,,supplementary,起泵前基线不足180秒,0.031500000000001194,51.6727,0.18900000000000006,4.5259,4.567900000000002,-0.08399999999999608,4.5364,1.2166165468583607,0.16799999999999926,52.666666666666664,False,0.4206602768903088,0.1401057000000053,15.0,0.702076677316294,49.083333333333336,0.0,True,5.082500000000003,1682,1,True,supplementary,C2,1.5379229278027116,False,仅供复核_不作正式训练标签
e9d24202fc5e7f,泸203H9,4,5,whole_stage,3,泸203H9|3-4,泸203H9|4|5,E:\压裂窜扰项目\02 规范化\泸203H9\泸203H9 邻井压力监测\泸203H9-4井第五段压裂施工邻井压力数据.xls,导出数据,3#套压(MPa),758c5b97696fb13e6b476e9ebbadf237ab5ea8ecbe89f6c7abd1aff32ff36e61,E:\压裂窜扰项目\02 规范化\泸203H9\泸203H9 压裂施工曲线\泸203H9-4-5 压裂施工曲线-2.xlsx,LogData(s),named_stage_clock_only,-1690675200,29352.0,35916.0,109.4,1.0,0,0,0,1.0,2.0,47.2696876525879,initial_window_proxy,72.0,71.0,0.029188913726817173,,supplementary,起泵前基线不足180秒,0.03937530517579546,47.2171859741211,0.34781265258789773,9.942188262939403,9.961875915527301,-0.032814025878899145,9.935623168945305,5.706109111734741,6.424690246582003,7.583333333333333,False,0.06931748933577087,0.1,15.0,0.220783178424501,67.16666666666667,65.66666666666667,False,,990,1,True,supplementary,C2,3.541136171698832,False,仅供复核_不作正式训练标签
e9fda4d87aab8f,泸203H153,6,18,whole_stage,5,泸203H153|5-6,泸203H153|6|18,E:\压裂窜扰项目\02 规范化\泸203H153\泸203H153 邻井压力监测\泸203H153-6-18段压裂施工-5井套压压力监测.xls,导出数据,5井套压(MPa),2d8d9f51509fa021dc5eea6359cc31da45b1fb39ac396590dcfba93648104b59,E:\压裂窜扰项目\02 规范化\泸203H153\泸203H153 压裂施工曲线\泸203H153-6-18 压裂施工曲线-2.xlsx,秒点数据,absolute,0,1720252195.0,1720266682.0,241.45,1.0,0,0,0,0.9996548629806034,5.0,55.38,initial_window_proxy,0.0,0.0,0.01482599999999705,,supplementary,起泵前基线不足180秒,,,0.060000000000002274,7.809999999999995,7.829999999999998,-0.020000000000003126,7.829999999999998,3.371171454219028,0.10000000000000142,9.083333333333334,False,0.03761993511424036,0.1,15.0,0.33434608479491784,178.91666666666666,80.25,True,7.969999999999999,340,1,True,supplementary,C2,0.3202893990037293,False,仅供复核_不作正式训练标签
ea1b76e5039336,泸203H64,5,7,whole_stage,4,泸203H64|4-5,泸203H64|5|7,E:\压裂窜扰项目\02 规范化\泸203H64\泸203H64 邻井压力监测\泸203H64-5-7段压裂施工-1、2、3、4井秒点压力监测.xls,导出数据,4#套压(MPa),3f35efa89273df3f1a0d29680289116c672f7f76f7c0dee07260b48a95456e8b,E:\压裂窜扰项目\02 规范化\泸203H64\泸203H64 压裂施工曲线\泸203H64-5-7 压裂施工曲线.csv,text,named_stage_clock_only,-1670716800,26205.0,34676.0,141.18333333333334,1.0,0,0,0,1.0,1.0,31.638,initial_window_proxy,105.0,104.0,0.019273800000002485,,supplementary,起泵前基线不足180秒,0.0920000000000023,31.651,0.07799999999999585,1.416999999999998,1.4370000000000012,-0.15800000000000125,1.4299999999999962,0.3067339157124291,0.09800000000000608,72.25,False,0.511745956793767,0.1,15.0,0.3491913587533939,17.75,0.0,False,,515,1,True,supplementary,C1,0.5510909669984623,False,仅供复核_不作正式训练标签
eaca2727ddfabf,泸203H66,2,17,whole_stage,1,泸203H66|1-2,泸203H66|2|17,E:\压裂窜扰项目\02 规范化\泸203H66\泸203H66 邻井压力监测\泸203H66平台-2井-17段压裂施工-1、2、3、4井秒点压力监测.xlsx,Sheet1,1井,4c653e8efac70126aa56789fabae3918edc87364e876e0ab1e103a830bd37ae1,E:\压裂窜扰项目\02 规范化\泸203H66\泸203H66 压裂施工曲线\泸203H66-2-17 压裂施工曲线.xlsx,LogData(s),named_stage_clock_only,-1679702400,46234.0,54471.0,137.28333333333333,1.0,0,0,0,1.0,1.0,59.4464,initial_window_proxy,94.0,93.0,0.031134599999990645,,supplementary,起泵前基线不足180秒,0.05250000000000199,59.4779,0.09450000000000358,0.010500000000000398,0.031500000000001194,-1.869099999999996,-1.8585999999999956,-1.061226344542913,0.05250000000000199,,True,1.0,0.1,15.0,0.719922301808911,0.0,0.0,True,-1.9636999999999958,592,1,True,supplementary,C1,1.1825766584678188,False,仅供复核_不作正式训练标签
eaca2ed6f96db4,泸203H64,5,3,whole_stage,7,泸203H64|5-7,泸203H64|5|3,E:\压裂窜扰项目\02 规范化\泸203H64\泸203H64 邻井压力监测\泸203H64-5-3段压裂施工-1、4、6、7井秒点压力监测.xls,导出数据,7井套压(MPa),239adf136f1cf5035ea42333eba6f410fecb7375a1625e2d3e951a8201a0662a,E:\压裂窜扰项目\02 规范化\泸203H64\泸203H64 压裂施工曲线\泸203H64-5-3 压裂施工曲线（秒点）.csv,text,named_stage_clock_only,-1667347200,27646.0,37747.0,168.35,1.0,0,0,0,0.9986139986139986,14.0,48.40625,initial_window_proxy,0.0,0.0,0.027797618865893055,,supplementary,起泵前基线不足180秒,,,0.07500076293939628,3.337501525878899,3.356250762939503,-0.056251525878899145,3.349998474121101,0.9555619620728488,0.125,63.56666666666667,False,0.37758637758637764,0.1,15.0,0.23395613322502032,62.583333333333336,0.0,False,,500,1,True,supplementary,C1,1.4356779608184107,True,仅供复核_不作正式训练标签
eaca588a5bf118,阳101H51,1,13,whole_stage,2,阳101H51|1-2,阳101H51|1|13,E:\压裂窜扰项目\02 规范化\阳101H51\阳101H51 邻井压力监测\阳101H51-1-13段压裂施工-2、3井秒点压力监测.xlsx,阳101H51-1井13段压裂期间2井、3井秒点数据,2井套压,b352e2848d186f3179f4e4d64a627c7dddbba5b2fe1dfde75e1f51e0308b885f,E:\压裂窜扰项目\02 规范化\阳101H51\阳101H51 压裂施工曲线\阳101H51-1-13 压裂施工曲线（秒点）.xlsx,秒点数据,absolute,0,1778743861.0,1778752181.0,138.66666666666666,1.0,0,0,0,1.0,1.0,53.43,initial_window_proxy,61.0,60.0,0.0,,supplementary,起泵前基线不足180秒,0.0,53.44,0.020000000000003126,0.28999999999999915,0.28999999999999915,-0.04999999999999716,0.28000000000000114,0.03362259615384657,0.020000000000003126,107.66666666666667,False,0.7764423076923078,0.1,15.0,0.74375,0.0,0.0,True,0.35999999999999943,2364,1,True,supplementary,C1,0.08547320313961887,False,仅供复核_不作正式训练标签
ecbf64f4383944,阳101H51,2,19,whole_stage,1,阳101H51|1-2,阳101H51|2|19,E:\压裂窜扰项目\02 规范化\阳101H51\阳101H51 邻井压力监测\阳101H51-2-19段压裂施工-1、3、4井秒点压力监测.xlsx,阳101H51-2井19段压裂期间1井、3井、4井压力秒点数据,1井套压,c6db759dbda056521b80fadce7570ad29ebffdda06b8a28aeac7e3aab5680f15,E:\压裂窜扰项目\02 规范化\阳101H51\阳101H51 压裂施工曲线\阳101H51-2-19 压裂施工曲线（秒点）.xlsx,秒点数据,absolute,0,1783937100.0,1783964796.0,461.6,1.0,0,0,0,0.9987001733102253,36.0,45.05,initial_window_proxy,1.0,0.0,0.0,,supplementary,施工窗缺口大于30秒；起泵前基线不足180秒,,45.05,0.020000000000003126,13.340000000000003,13.370000000000005,-0.00999999999999801,13.370000000000005,3.814997288503257,0.14000000000000057,29.833333333333332,False,0.06463027151935297,0.1,15.0,0.7169197396963124,218.33333333333334,178.41666666666666,False,,2407,1,True,supplementary,C2,2.3348881082188218,False,仅供复核_不作正式训练标签
ecc35e67522e6f,泸206H8,4,21,whole_stage,3,泸206H8|3-4,泸206H8|4|21,E:\压裂窜扰项目\02 规范化\泸206H8\泸206H8 邻井压力监测\泸206H8-4-21段压裂施工-1、2、3、5、6、7、8井秒点压力监测.xls,导出数据,3井套压1(MPa),1f1b5bee47e0e76dd109a8cec599321542c678c7c104d3bc8dfe76f5f9a4330a,E:\压裂窜扰项目\02 规范化\泸206H8\泸206H8 压裂施工曲线\泸206H8-4-21 压裂施工曲线.xlsx,秒点数据,absolute,0,1753951980.0,1753970047.0,301.1166666666667,1.0,0,0,0,1.0,1.0,58.61,initial_window_proxy,180.0,179.0,0.04447800000000168,,supplementary,起泵前基线不足180秒,0.03999999999999915,58.555,0.07000000000000739,10.030000000000001,10.11,-0.04999999999999716,10.060000000000002,6.163240161620635,0.17999999999999972,3.9166666666666665,False,0.013007140089666242,0.13343400000000505,15.0,0.32091658825482927,279.4166666666667,184.41666666666666,False,,1109,1,True,supplementary,C2,3.2757112952490623,False,仅供复核_不作正式训练标签
edcd3478a54a3b,泸208H2,1,14,whole_stage,2,泸208H2|1-2,泸208H2|1|14,E:\压裂窜扰项目\02 规范化\泸208H2\泸208H2 邻井压力监测\泸208H2-1-14段压裂施工-2井压力监测.xlsx,1-14-2,无表头_文件名井号,d4bc64e9a91aef58c57f38bbc6d9d42ff899f6a6b1fe91faacf3fb097287d6e9,E:\压裂窜扰项目\02 规范化\泸208H2\泸208H2 压裂施工曲线\泸208H2-1-14 压裂施工曲线（秒点）.xlsx,Log Data,named_stage_clock_only,0,46242.0,53547.0,121.75,1.0,0,8,0,1.0,1.0,59.939999,initial_window_proxy,42.0,41.0,0.14455350000000547,,supplementary,起泵前基线不足180秒,0.32250200000000007,59.99625,0.3525009999999966,4.2299990000000065,4.312503000000007,-0.09000100000000089,4.155001999999996,2.8554897172484597,0.31500299999999726,7.666666666666667,False,0.06297056810403834,0.43366050000001644,15.0,0.07118412046543464,105.08333333333333,0.0,True,4.312503000000007,1418,1,True,supplementary,C2,1.0813704610710937,False,仅供复核_不作正式训练标签
ee0f7397561cb2,泸206H8,4,9,whole_stage,7,泸206H8|4-7,泸206H8|4|9,E:\压裂窜扰项目\02 规范化\泸206H8\泸206H8 邻井压力监测\泸206H8-4-9段压裂施工-1、2、3、5、6、7、8井秒点压力监测.xls,导出数据,7井套压(MPa),287ca668e12277f383c425b1e47b05d9566cd7d7eab3f740b529cde27a1df5b9,E:\压裂窜扰项目\02 规范化\泸206H8\泸206H8 压裂施工曲线\泸206H8-4-9 压裂施工曲线.xlsx,秒点数据,absolute,0,1753023458.0,1753033486.0,167.13333333333333,1.0,0,0,0,0.985839648982848,142.0,35.11,initial_window_proxy,0.0,0.0,0.0,,supplementary,施工窗缺口大于30秒；起泵前基线不足180秒,,,0.05000000000000426,0.00999999999999801,0.020000000000003126,-0.13000000000000256,-0.03999999999999915,-0.055364151325105374,0.030000000000001137,,True,1.0,0.1,15.0,0.3654390934844193,0.0,0.0,False,,1176,1,True,supplementary,C1,0.0657461135463585,False,仅供复核_不作正式训练标签
ee57d2e4e889e6,阳101H51,1,19,whole_stage,2,阳101H51|1-2,阳101H51|1|19,E:\压裂窜扰项目\02 规范化\阳101H51\阳101H51 邻井压力监测\阳101H51-1-19段压裂施工-2、3井秒点压力监测.xlsx,阳101H51-1井19段压裂施工期间2井、3井压力秒点数据（,2井套压,2fda35f9723a5556e7479e15b5a097c2d614858a6a0743245845d8edf244b816,E:\压裂窜扰项目\02 规范化\阳101H51\阳101H51 压裂施工曲线\阳101H51-1-19 压裂施工曲线（秒点）.xlsx,秒点数据,absolute,0,1780574066.0,1780582732.0,144.43333333333334,1.0,0,0,0,1.0,1.0,50.56,initial_window_proxy,27.0,26.0,0.0,,supplementary,起泵前基线不足180秒,0.00999999999999801,50.56,0.020000000000003126,0.8699999999999974,0.8799999999999955,-0.030000000000001137,0.8699999999999974,0.27363835679667436,0.020000000000003126,57.916666666666664,False,0.4009923840295407,0.1,15.0,0.6287791368566813,0.0,0.0,True,0.9899999999999949,2372,1,True,supplementary,C1,0.379054962014857,False,仅供复核_不作正式训练标签
eee2b86f99434e,阳101H35,1,7,whole_stage,2,阳101H35|1-2,阳101H35|1|7,E:\压裂窜扰项目\02 规范化\阳101H35\阳101H35 邻井压力监测\阳101H35平台压窜记录(4.26-5.3)_邻井_1井第七段压裂2井秒点数据2024.4.29.xls,text,2#套压(MPa),ad4d146501f575e3d635a319a6198b690da3f749132f4601aad8dfedaa042d59,E:\压裂窜扰项目\02 规范化\阳101H35\阳101H35 压裂施工曲线\阳101H35-1-7 压裂施工曲线-2.xlsx,Log Data,named_stage_clock_only,-1714348800,30869.0,37924.0,117.58333333333333,1.0,0,0,0,1.0,1.0,36.0374984741211,initial_window_proxy,89.0,88.0,0.02779761886605107,,supplementary,起泵前基线不足180秒,0.07499694824220171,36.03437423706055,0.08749771118159799,8.412502288818402,8.481250762939396,-0.05624771118159799,8.481250762939396,2.295465745391947,0.25,17.166666666666668,False,0.14599574769666904,0.1,15.0,0.19064493267186391,64.08333333333333,19.0,True,10.575000762939396,2353,1,True,supplementary,C2,0.4901063579057385,False,仅供复核_不作正式训练标签
ef7b80371c1183,泸208H2,5,10,whole_stage,3,泸208H2|3-5,泸208H2|5|10,E:\压裂窜扰项目\02 规范化\泸208H2\泸208H2 邻井压力监测\泸208H2-5-10段压裂施工-3井压力监测.xlsx,5-10-3,无表头_文件名井号,adf248b62d43c329e50aa7f3421ee805a069336aacd58138990be01a10d4df30,E:\压裂窜扰项目\02 规范化\泸208H2\泸208H2 压裂施工曲线\泸208H2-5-10 压裂施工曲线（秒点）.xlsx,Log Data,named_stage_clock_only,0,31863.0,44007.0,202.4,1.0,0,3,0,1.0,2.0,56.182499,initial_window_proxy,3.0,2.0,0.022237517400004583,,supplementary,起泵前基线不足180秒,,56.197498,0.0825010000000006,5.392502,5.422500999999997,-0.029998999999996556,5.422500999999997,1.9727974133522725,0.13499899999999343,20.333333333333332,False,0.10046113306982872,0.1,15.0,0.17049666419570053,145.5,5.833333333333333,True,5.977500999999997,1550,1,True,supplementary,C2,1.0541070140954185,False,仅供复核_不作正式训练标签
ef93aa2f1962f7,泸203H9,4,6,whole_stage,1,泸203H9|1-4,泸203H9|4|6,E:\压裂窜扰项目\02 规范化\泸203H9\泸203H9 邻井压力监测\泸203H9-4井第6段8点到11点53邻井压力检测数据(1).xls,导出数据,1#套压(MPa),c1b8c08fa1053fcf50b87eecc797c77e7c202349c185d6e6e1f8fa6a11794723,E:\压裂窜扰项目\02 规范化\泸203H9\泸203H9 压裂施工曲线\泸203H9-4-6 压裂施工曲线-2.xlsx,LogData(s),named_stage_clock_only,-1690761600,30145.0,41934.0,196.48333333333332,1.0,0,0,0,0.9868521503096107,155.0,26.1646881103516,initial_window_proxy,0.0,0.0,0.009730580520619347,,supplementary,施工窗缺口大于30秒；起泵前基线不足180秒,,,0.05250167846680043,0.026248931884698123,0.03281211853019883,-0.01312637329110089,0.00656127929679684,0.013923607885702814,0.019687652587901283,,True,1.0,0.1,15.0,0.1933986591026302,0.0,0.0,True,0.00656127929679684,988,1,True,supplementary,C1,0.015725613541998713,False,仅供复核_不作正式训练标签
efdb3950ff07ac,阳101H51,2,14,whole_stage,1,阳101H51|1-2,阳101H51|2|14,E:\压裂窜扰项目\02 规范化\阳101H51\阳101H51 邻井压力监测\阳101H51-2-14段压裂施工-1、3、4井秒点压力监测.xlsx,阳101H51-2井14段压裂施工期间1井、3井、4井压力秒点,1井套压,3f847d1f1ac092ef2ab7bc58879b946baecb97fc12f4f9b9746fe24f5146894b,E:\压裂窜扰项目\02 规范化\阳101H51\阳101H51 压裂施工曲线\阳101H51-2-14 压裂施工曲线（秒点）.xlsx,秒点数据,absolute,0,1781786921.0,1781802054.0,252.21666666666667,1.0,0,0,0,1.0,1.0,46.12,initial_window_proxy,42.0,41.0,0.0,,supplementary,起泵前基线不足180秒,0.00999999999999801,46.12,0.020000000000003126,2.8900000000000006,2.9200000000000017,-0.07000000000000028,2.9100000000000037,0.7120339655058507,0.060000000000002274,82.83333333333333,False,0.32842133086631864,0.1,15.0,0.6399920703099187,82.08333333333333,0.0,True,3.470000000000006,2395,1,True,supplementary,C1,1.0340400628154973,False,仅供复核_不作正式训练标签
f01b62df0cc3fd,泸208H1,5,10,whole_stage,4,泸208H1|4-5,泸208H1|5|10,E:\压裂窜扰项目\02 规范化\泸208H1\泸208H1 邻井压力监测\泸208H1-5-10段压裂施工-4井压力监测.xlsx,5-10-4,无表头_文件名井号,1b20dda048ceb748ef4b8c054e2c531b49e4ce63efd4b0bf7cd4810504393175,E:\压裂窜扰项目\02 规范化\泸208H1\泸208H1 压裂施工曲线\泸208H1-5-10 压裂施工曲线（秒点）.xls,导出数据,named_stage_clock_only,0,28928.0,36536.0,126.8,1.0,0,0,0,1.0,1.0,50.56,initial_window_proxy,128.0,127.0,0.10378200000000042,,supplementary,起泵前基线不足180秒,0.060000000000002274,50.39,0.04000000000000625,8.46,8.530000000000001,-0.14000000000000057,8.530000000000001,5.089923107255518,0.21000000000000085,4.083333333333333,False,0.03220294426919033,0.31134600000000123,15.0,0.9165352260778128,118.08333333333333,92.75,True,9.369999999999997,1384,1,True,supplementary,C2,2.596962640560103,False,仅供复核_不作正式训练标签
f0558ccdf32237,阳101H51,4,1,whole_stage,1,阳101H51|1-4,阳101H51|4|1,E:\压裂窜扰项目\02 规范化\阳101H51\阳101H51 邻井压力监测\阳101H51-4-1段压裂施工-1、2、3井秒点压力监测.xlsx,阳101H51-4井1段压裂施工期间1井、2井、3井压力秒点数,1井套压,1823940f47dde5e66f928fc796f92507fb246fc5223532730306192bcbdda08f,E:\压裂窜扰项目\02 规范化\阳101H51\阳101H51 压裂施工曲线\阳101H51-4-1 压裂施工曲线（秒点）.xlsx,秒点数据,absolute,0,1779695577.0,1779714841.0,321.06666666666666,1.0,0,0,0,0.9999480897009967,1.0,50.39,initial_window_proxy,58.0,57.0,0.0,,supplementary,起泵前基线不足180秒,0.00999999999999801,50.39,0.020000000000003126,1.1000000000000014,1.1099999999999994,-0.23000000000000398,1.1000000000000014,0.23628510616207177,0.020000000000003126,171.83333333333334,False,0.5351951827242525,0.1,15.0,0.6489643357732441,19.666666666666668,0.0,False,,2460,1,True,supplementary,C1,0.4761511562064271,False,仅供复核_不作正式训练标签
f0c400fde00ec0,阳101H35,1,9,whole_stage,3,阳101H35|1-3,阳101H35|1|9,E:\压裂窜扰项目\02 规范化\阳101H35\阳101H35 邻井压力监测\阳101H35平台1井第九段压裂期间邻井秒点数据5.26.xlsx,text,3#套压(MPa),120055c7d67329c3d6667fb2dc304947f802d17d0efd2ce302c988c1c9b445e8,E:\压裂窜扰项目\02 规范化\阳101H35\阳101H35 压裂施工曲线\阳101H35-1-9 压裂施工曲线（秒点）.xlsx,Log Data,named_stage_clock_only,-1716681600,30558.0,46109.0,259.18333333333334,1.0,0,0,0,1.0,1.0,46.1500015258789,initial_window_proxy,78.0,77.0,0.009269643402162816,,supplementary,起泵前基线不足180秒,0.04375076293950286,46.15625,0.10625076293950286,0.3312492370606037,0.368747711181598,-0.34375,0.3312492370606037,0.019901571224137847,0.14374923706049714,137.41666666666666,False,0.5301909845026043,0.1,15.0,0.15876792489228989,0.0,0.0,True,0.4562492370606037,2296,1,True,supplementary,C1,0.17775543032808952,False,仅供复核_不作正式训练标签
f0c9e3c7a5f13f,泸208H2,4,4,whole_stage,5,泸208H2|4-5,泸208H2|4|4,E:\压裂窜扰项目\02 规范化\泸208H2\泸208H2 邻井压力监测\泸208H2-4-4段压裂施工-5井压力监测.xlsx,4-4-5,无表头_文件名井号,978e20210b86a7b11fcb1ae90e381740ceec84bff966baffb8cb633c5bdee006,E:\压裂窜扰项目\02 规范化\泸208H2\泸208H2 压裂施工曲线\泸208H2-4-4 压裂施工曲线（秒点）.xlsx,Log Data,named_stage_clock_only,0,34458.0,46032.0,192.9,1.0,0,87,0,0.9963711767755313,42.0,57.105,initial_window_proxy,0.0,0.0,0.16679249999999576,,supplementary,施工窗缺口大于30秒；起泵前基线不足180秒,,,0.3825000000000003,5.564998000000003,5.647499000000003,-0.10499999999999687,5.482502000000004,3.5517205237382963,0.32249800000000306,27.533333333333335,False,0.14273371349576638,0.5003774999999873,15.0,0.06119078661451543,154.41666666666666,83.58333333333333,True,5.7299990000000065,1533,1,True,supplementary,C2,0.9050714805107485,False,仅供复核_不作正式训练标签
f124bc21518e6f,泸208H2,7,14,whole_stage,6,泸208H2|6-7,泸208H2|7|14,E:\压裂窜扰项目\02 规范化\泸208H2\泸208H2 邻井压力监测\泸208H2-7-14段压裂施工-6井压力监测.xlsx,7-14-6,无表头_文件名井号,80c391ab69b1846a77a3833eabd5dca2f04bfff5f03b342905e7b731e61fef06,E:\压裂窜扰项目\02 规范化\泸208H2\泸208H2 压裂施工曲线\泸208H2-7-14 压裂施工曲线（秒点）.xlsx,秒点数据,named_stage_clock_only,1726012800,1726041474.0,1726050724.0,154.16666666666666,1.0,0,0,0,0.9993513513513513,6.0,55.2225,initial_window_proxy,0.0,0.0,0.08895748260001016,,supplementary,起泵前基线不足180秒,,,0.16500100000000373,2.009998000000003,2.055000000000007,-0.060001999999997224,2.0325010000000034,0.9259404680333224,0.14249799999999624,41.6,False,0.2698378378378379,0.2668724478000305,15.0,0.11791432280398097,69.66666666666667,0.0,True,2.130001,1616,1,True,supplementary,C1,1.1406109437321008,False,仅供复核_不作正式训练标签
f1418d8ab3e8a5,泸203H9,4,5,whole_stage,2,泸203H9|2-4,泸203H9|4|5,E:\压裂窜扰项目\02 规范化\泸203H9\泸203H9 邻井压力监测\泸203H9-4井第五段压裂施工邻井压力数据.xls,导出数据,2#套压(MPa),758c5b97696fb13e6b476e9ebbadf237ab5ea8ecbe89f6c7abd1aff32ff36e61,E:\压裂窜扰项目\02 规范化\泸203H9\泸203H9 压裂施工曲线\泸203H9-4-5 压裂施工曲线-2.xlsx,LogData(s),named_stage_clock_only,-1690675200,29352.0,35916.0,109.4,1.0,0,0,0,1.0,2.0,32.2218742370605,initial_window_proxy,72.0,71.0,0.009727752685430994,,supplementary,起泵前基线不足180秒,0.01247024536132102,32.2218742370605,0.032814025878899145,0.01312637329110089,0.01312637329110089,-0.03281021118159799,-0.013122558593700262,-0.0014131916215393571,0.01968765258789773,,True,1.0,0.1,15.0,0.34481182386103915,0.0,0.0,False,,994,1,True,supplementary,C1,0.01724173921917629,False,仅供复核_不作正式训练标签
f17ea9ad66656e,阳101H51,5,1,whole_stage,6,阳101H51|5-6,阳101H51|5|1,E:\压裂窜扰项目\02 规范化\阳101H51\阳101H51 邻井压力监测\阳101H51-5-1段压裂施工-6井秒点压力监测.xlsx,阳101H51-5井第1段压裂施工期间6井压力秒点数据（202,6井套压,44e00ffd9bf5f8d73b7c025976fb275bc9ec4b8de61378632a2bb0360fc0f138,E:\压裂窜扰项目\02 规范化\阳101H51\阳101H51 压裂施工曲线\阳101H51-5-1 压裂施工曲线（秒点）.xlsx,秒点数据,absolute,0,1779866345.0,1779879046.0,211.68333333333334,1.0,0,0,0,0.9963782379340209,46.0,48.4,initial_window_proxy,126.0,125.0,0.0,,supplementary,施工窗缺口大于30秒；起泵前基线不足180秒,0.00999999999999801,48.42,0.03999999999999915,10.509999999999998,10.530000000000001,-0.01999999999999602,10.520000000000003,5.462232714342159,0.240000000000002,29.666666666666668,False,0.14014644516179828,0.1,15.0,0.6836033188463058,150.83333333333334,120.41666666666667,False,,2479,1,True,supplementary,C2,3.043346024157956,False,仅供复核_不作正式训练标签
f1889fca7b6646,阳101H35,1,9,whole_stage,4,阳101H35|1-4,阳101H35|1|9,E:\压裂窜扰项目\02 规范化\阳101H35\阳101H35 邻井压力监测\阳101H35平台1井第九段压裂期间邻井秒点数据5.26.xlsx,text,4#套压(MPa),120055c7d67329c3d6667fb2dc304947f802d17d0efd2ce302c988c1c9b445e8,E:\压裂窜扰项目\02 规范化\阳101H35\阳101H35 压裂施工曲线\阳101H35-1-9 压裂施工曲线（秒点）.xlsx,Log Data,named_stage_clock_only,-1716681600,30558.0,46109.0,259.18333333333334,1.0,0,0,0,1.0,1.0,30.9028129577637,initial_window_proxy,78.0,77.0,0.009730580520619347,,supplementary,起泵前基线不足180秒,0.019687652587798254,30.9290618896484,0.04593849182130327,0.2690620422362997,0.2690620422362997,-0.013126373291001414,0.2690620422362997,0.13719949126814998,0.0590629577637003,82.83333333333333,False,0.3195935952671854,0.1,15.0,0.3291106681242364,0.0,0.0,True,0.2559375762938991,2295,1,True,supplementary,C1,0.14648910832339984,False,仅供复核_不作正式训练标签
f199eaafb181a4,阳101H34,4,4,whole_stage,3,阳101H34|3-4,阳101H34|4|4,E:\压裂窜扰项目\02 规范化\阳101H34\阳101H34 邻井压力监测\阳101H34-4-4段压裂施工-3井秒点压力监测.xls,导出数据,3#3井套压(MPa),dfc951d1ca943567e7ef3e05fdc8983d5570706e6ac8f1c9f20231aea28304f0,E:\压裂窜扰项目\02 规范化\阳101H34\阳101H34 压裂施工曲线\阳101H34-4-4 压裂施工曲线.xls,秒点数据,named_stage_clock_only,-1744329600,32244.0,44773.0,208.81666666666666,1.0,0,0,0,0.9971266661345678,36.0,50.2096862792969,initial_window_proxy,0.0,0.0,0.009727752685589012,,supplementary,施工窗缺口大于30秒；起泵前基线不足180秒,,,0.039375305175802566,1.6734390258788991,1.6800003051757955,-0.032810211181704574,1.6734390258788991,0.4976498823593873,0.04593658447269888,61.35,False,0.2937983877404422,0.1,15.0,0.2679900744416873,41.083333333333336,0.0,False,,2208,1,True,supplementary,C1,0.6895604649443238,False,仅供复核_不作正式训练标签
f26177651389e6,泸203H153,2,25,whole_stage,7,泸203H153|2-7,泸203H153|2|25,E:\压裂窜扰项目\02 规范化\泸203H153\泸203H153 邻井压力监测\泸203H153-2-25段压裂施工-7井套压压力监测.xls,导出数据,7井套压(MPa),17696989c28daadcc569f019ed55689a83e5eb937c0e20954184cfb0cc1bd37f,E:\压裂窜扰项目\02 规范化\泸203H153\泸203H153 压裂施工曲线\泸203H153-2-25 压裂施工曲线.xlsx,秒点数据,absolute,0,1724396010.0,1724406387.0,172.95,1.0,0,0,0,0.9887250650477016,90.0,56.92,initial_window_proxy,0.0,0.0,0.014826000000007585,,supplementary,施工窗缺口大于30秒；起泵前基线不足180秒,,,4.849999999999994,3.4099999999999966,3.4399999999999977,-0.6900000000000048,2.3399999999999963,1.1746890838206612,0.5700000000000003,24.0,False,0.13876843018213358,0.1,15.0,0.2926326129666012,59.25,0.0,False,,325,1,True,supplementary,C1,1.4455286250048067,True,仅供复核_不作正式训练标签
f27212683053bb,阳101H51,2,5,whole_stage,3,阳101H51|2-3,阳101H51|2|5,E:\压裂窜扰项目\02 规范化\阳101H51\阳101H51 邻井压力监测\阳101H51-2-5段压裂施工-1、3井秒点压力监测.xlsx,阳101H51-2井5段压裂施工期间1井、3井压力秒点数据,3井套压,53591000a26e6a3f4c0448722514f2f062b19a215f4edc69b2f6ce1d72503866,E:\压裂窜扰项目\02 规范化\阳101H51\阳101H51 压裂施工曲线\阳101H51-2-5 压裂施工曲线（秒点）.xlsx,秒点数据,absolute,0,1777532572.0,1777550998.0,307.1,1.0,0,0,0,1.0,1.0,54.72,initial_window_proxy,52.0,51.0,0.01482599999999705,,supplementary,起泵前基线不足180秒,0.00999999999999801,54.71,0.020000000000003126,6.689999999999998,6.710000000000001,-0.00999999999999801,6.710000000000001,3.177084554433953,0.0799999999999983,5.0,False,0.0162813415825464,0.1,15.0,0.6707370020623032,272.9166666666667,30.416666666666668,False,,2419,1,True,supplementary,C2,0.859188063931566,False,仅供复核_不作正式训练标签
f2ce6e8b525d51,泸203H9,3,6,whole_stage,6,泸203H9|3-6,泸203H9|3|6,E:\压裂窜扰项目\02 规范化\泸203H9\泸203H9 邻井压力监测\泸203H9-3井第6段压裂期间邻井压力监测数据(1).xls,导出数据,6#套压(MPa),8428654c28218f8aa88f04513daae53abbcc401e0c5b5e21ad8b6cc7bf3d8a5c,E:\压裂窜扰项目\02 规范化\泸203H9\泸203H9 压裂施工曲线\泸203H9-3-6 压裂施工曲线-2.xlsx,LogData(s),named_stage_clock_only,-1690675200,55090.0,62094.0,116.73333333333333,1.0,0,0,0,0.9842946887492862,110.0,51.84375,initial_window_proxy,0.0,0.0,0.019461161041238694,,supplementary,施工窗缺口大于30秒；起泵前基线不足180秒,,,0.1115646362303977,0.013126373291001414,0.026248931884801152,-0.07875061035159803,-0.026248931884801152,-0.034113946775800416,0.07218933105470171,,True,1.0,0.1,15.0,0.11952422396286626,0.0,0.0,False,,981,1,True,supplementary,C1,0.04028906483407032,False,仅供复核_不作正式训练标签
f2d4390d4cc8f6,阳101H35,3,9,whole_stage,4,阳101H35|3-4,阳101H35|3|9,E:\压裂窜扰项目\02 规范化\阳101H35\阳101H35 邻井压力监测\阳101H35平台3井第九段压裂期间邻井秒点数据5.24.xlsx,text,4#套压(MPa),4b871193428edb3fe9e4df1c7b1397f030d99968ae885334ad21f63309f624bd,E:\压裂窜扰项目\02 规范化\阳101H35\阳101H35 压裂施工曲线\阳101H35-3-9 压裂施工曲线（秒点）.xlsx,Log Data,named_stage_clock_only,-1716508800,26795.0,41141.0,239.1,1.0,0,0,0,1.0,1.0,29.7740631103516,initial_window_proxy,155.0,154.0,0.009727752685430994,,supplementary,起泵前基线不足180秒,0.026250839233398438,29.7806243896484,0.05249977111819959,0.11156272888179686,0.11812400817869673,-0.019687652587901283,0.06562423706049714,0.03921252720922647,0.026248931884701676,223.33333333333334,False,0.9340582740833683,0.1,15.0,0.31548863794786003,0.0,0.0,True,0.09187507629389913,2334,1,True,supplementary,C1,0.04207119635085591,False,仅供复核_不作正式训练标签
f2d4713a0ec649,泸203H76,1,9,whole_stage,3,泸203H76|1-3,泸203H76|1|9,E:\压裂窜扰项目\02 规范化\泸203H76\泸203H76 邻井压力监测\泸203H76平台-1井-9段压裂施工-2、3、4井压力监测-2.xls,Sheet1,3井井口压力,29cd722726b11fc000a4cface0af85a10f6cb8e01a0737657338a85ce4a34bd5,E:\压裂窜扰项目\02 规范化\泸203H76\泸203H76 压裂施工曲线\泸203H76-1-9 压裂施工曲线（秒点）.xlsx,Sheet1,named_stage_clock_only,0,43555.0,53337.0,163.03333333333333,60.0,0,0,0,0.993661827847066,60.0,60.255,initial_window_proxy,1.0,0.0,0.0467018999999965,,supplementary,原始采样间隔大于30秒；施工窗缺口大于30秒；起泵前基线不足180秒,,60.3495,0.06300000000000239,,0.052499999999994884,-3.0768000000000058,-3.0663000000000054,-1.9365487654321012,0.021000000000000796,,True,1.0,0.1401056999999895,60.0,0.1419753086419753,0.0,0.0,True,-3.1188000000000002,736,1,True,supplementary,C1,2.1500350788969067,True,仅供复核_不作正式训练标签
f2dac82c14e058,阳101H51,3,26,whole_stage,1,阳101H51|1-3,阳101H51|3|26,E:\压裂窜扰项目\02 规范化\阳101H51\阳101H51 邻井压力监测\阳101H51-3-26段压裂施工-1、2、4、6井套压秒点压力监测.xlsx,阳101H51-3井压裂期间1井、2井、4井、6井压力秒点数据,1井套压,5a5756f5a451fd656e882c020cec33d334779abf4729e218e4097e1d19597db8,E:\压裂窜扰项目\02 规范化\阳101H51\阳101H51 压裂施工曲线\阳101H51-3-26 压裂施工曲线（秒点）.xlsx,秒点数据,absolute,0,1787210610.0,1787225860.0,254.16666666666666,1.0,0,0,0,0.9954098360655738,41.0,41.87,initial_window_proxy,0.0,0.0,0.0,,supplementary,施工窗缺口大于30秒；起泵前基线不足180秒,,,0.020000000000003126,0.1700000000000017,0.1700000000000017,-0.0899999999999963,0.1600000000000037,-0.013381422924898658,0.010000000000005116,225.98333333333332,False,0.8891147540983606,0.1,15.0,0.7135046113306983,0.0,0.0,False,,2442,1,True,supplementary,C1,0.05798442576744702,False,仅供复核_不作正式训练标签
f31722f994d5e9,泸203H76,3,7,whole_stage,4,泸203H76|3-4,泸203H76|3|7,E:\压裂窜扰项目\02 规范化\泸203H76\泸203H76 邻井压力监测\泸203H76平台-3井-7段压裂施工-1、2、4井压力监测-2.xls,Sheet1,4井井口压力,4c0dc49e3dace3e156d3e7e7ee7beddf07892b6281a0e4fd9fbdd8e7a372e2dc,E:\压裂窜扰项目\02 规范化\泸203H76\泸203H76 压裂施工曲线\泸203H76-3-7 压裂施工曲线（秒点）.xls,Sheet1,named_stage_clock_only,0,28479.0,36394.0,131.91666666666666,60.0,0,0,0,0.9930511686670878,60.0,54.4794,pre_pump_10min,7.0,360.0,0.015567300000000589,-0.004507142857144956,supplementary,原始采样间隔大于30秒；施工窗缺口大于30秒,0.03364000000000544,54.4689,0.27300000000000324,,4.641500000000001,-0.04200000000000159,4.4315,3.1909641221374057,0.27300000000000324,3.35,False,0.025394819962097286,0.1,60.0,0.0916030534351145,113.0,0.0,True,4.342250000000007,885,1,True,supplementary,C2,0.9975824605786873,False,仅供复核_不作正式训练标签
f36c10bd116219,阳101H34,1,14,whole_stage,3,阳101H34|1-3,阳101H34|1|14,E:\压裂窜扰项目\02 规范化\阳101H34\阳101H34 邻井压力监测\阳101H34-1-14段压裂施工-3井秒点压力监测.xls,导出数据,3#3井套压(MPa),df60f03c00ed1e087a0b7bb62d85633d3f352a8366229db80696f5cdc2174f80,E:\压裂窜扰项目\02 规范化\阳101H34\阳101H34 压裂施工曲线\阳101H34-1-14 压裂施工曲线.xls,秒点数据,named_stage_clock_only,-1746835200,24704.0,36224.0,192.0,1.0,0,0,0,0.9986111111111111,16.0,57.8156242370605,initial_window_proxy,0.0,0.0,0.009727752685430994,,supplementary,起泵前基线不足180秒,,,0.04594039916990056,0.5774993896485014,0.5774993896485014,-0.019687652587798254,0.5774993896485014,0.2851732443702584,0.02625274658200283,41.016666666666666,False,0.21362847222222223,0.1,15.0,0.27468706536856746,0.0,0.0,False,,2125,1,True,supplementary,C1,0.32694673573418037,False,仅供复核_不作正式训练标签
f385134de0a4c5,泸203H76,4,11,whole_stage,1,泸203H76|1-4,泸203H76|4|11,E:\压裂窜扰项目\02 规范化\泸203H76\泸203H76 邻井压力监测\泸203H76平台-4井-11段压裂施工-1、2、3井秒点压力监测.xls,Sheet1,1井井口压力,b3be1a781aa204aa0a10f08ef4972dce51d13c443ba81c78fc8f24e0f7b2bafc,E:\压裂窜扰项目\02 规范化\泸203H76\泸203H76 压裂施工曲线\泸203H76-4-11 压裂施工曲线（秒点）.xlsx,Sheet1,named_stage_clock_only,-1678924800,28716.0,36678.0,132.7,1.0,0,0,0,1.0,1.0,51.2661,initial_window_proxy,156.0,155.0,0.031134600000001178,,supplementary,起泵前基线不足180秒,0.04200000000000159,51.2556,0.3885999999999967,0.8085999999999984,0.8821000000000012,-0.12600000000000477,0.798099999999998,0.17645826425521136,0.29410000000000025,40.25,False,0.30331574981160514,0.1,15.0,0.7544586787239387,0.0,0.0,True,0.8716000000000008,903,1,True,supplementary,C1,0.27583535642228424,False,仅供复核_不作正式训练标签
f395b57be60626,泸208H2,1,15,whole_stage,2,泸208H2|1-2,泸208H2|1|15,E:\压裂窜扰项目\02 规范化\泸208H2\泸208H2 邻井压力监测\泸208H2-1-15段压裂施工-2井压力监测.xlsx,1-15-2,无表头_文件名井号,04b11e13ec0785c40e9b2811dcec4b0a236d593c36a74ac90dfdbc73f0653a9b,E:\压裂窜扰项目\02 规范化\泸208H2\泸208H2 压裂施工曲线\泸208H2-1-15 压裂施工曲线（秒点）.xlsx,Log Data,named_stage_clock_only,0,37062.0,44506.0,124.06666666666666,1.0,0,3,0,1.0,2.0,59.369999,initial_window_proxy,42.0,41.0,0.26686799999999955,,supplementary,起泵前基线不足180秒,0.4725000000000037,59.321251000000004,0.495002999999997,4.560001,4.657496999999999,-0.1725009999999969,4.395000000000003,3.1823752993686187,0.4649999999999963,9.583333333333334,False,0.07724341751746373,0.8006039999999987,15.0,0.06624563289438323,113.25,0.0,True,4.575001,1419,1,True,supplementary,C2,1.1397765450283077,False,仅供复核_不作正式训练标签
f3c5b890d55318,泸203H76,3,21,whole_stage,2,泸203H76|2-3,泸203H76|3|21,E:\压裂窜扰项目\02 规范化\泸203H76\泸203H76 邻井压力监测\泸203H76平台-3井-21段压裂施工-1、2、4井秒点压力监测.xls,Sheet1,2井井口压力,e0833ec5b8ccb66960d36da5a2a2cb120405121983da81a14d4697f67680c40e,E:\压裂窜扰项目\02 规范化\泸203H76\泸203H76 压裂施工曲线\泸203H76-3-21 压裂施工曲线（秒点）.xls,Sheet1,named_stage_clock_only,-1680307200,38641.0,45925.0,121.4,1.0,0,0,0,1.0,1.0,51.2976,initial_window_proxy,61.0,60.0,0.015567300000000589,,supplementary,起泵前基线不足180秒,0.021000000000000796,51.2766,0.05250000000000199,2.9717999999999947,2.982299999999995,-0.04200000000000159,2.982299999999995,1.5471265170236106,0.073599999999999,5.75,False,0.04736408566721581,0.1,15.0,0.884404173531027,83.33333333333333,0.0,True,3.087299999999999,878,1,True,supplementary,C2,1.7530809198712285,False,仅供复核_不作正式训练标签
f41a895de0c04f,泸203H66,1,17,whole_stage,2,泸203H66|1-2,泸203H66|1|17,E:\压裂窜扰项目\02 规范化\泸203H66\泸203H66 邻井压力监测\泸203H66平台-1井-17段压裂施工-1、2、3、4井秒点压力监测.xls,Sheet1,2井井口压力,ea175d11566e40ee2f56b4908ca0edae55746427165cad11f47493556f232c18,E:\压裂窜扰项目\02 规范化\泸203H66\泸203H66 压裂施工曲线\泸203H66-1-17 压裂施工曲线.xlsx,LogData(s),named_stage_clock_only,-1680566400,28079.0,33341.0,87.7,1.0,0,0,0,1.0,1.0,50.9826,initial_window_proxy,119.0,118.0,0.015567300000000589,,supplementary,起泵前基线不足180秒,0.010500000000000398,50.9826,0.031500000000001194,0.031500000000001194,0.04200000000000159,-0.052499999999994884,0.031500000000001194,-0.009827537058152527,0.031500000000001194,,True,1.0,0.1,15.0,0.9104903078677309,0.0,0.0,True,0.05250000000000199,544,1,True,supplementary,C1,0.014582463054731576,False,仅供复核_不作正式训练标签
f4baa8f4039b88,阳101H32,4,1,whole_stage,5,阳101H32|4-5,阳101H32|4|1,E:\压裂窜扰项目\02 规范化\阳101H32\阳101H32 邻井压力监测\阳101H32-4-1段压裂施工-5井秒点压力监测.xlsx,导出数据,5井套压(MPa),1206abaab172e1dd906edfd9a82997cf52e6c939f18ffc66e4b4871028d6a605,E:\压裂窜扰项目\02 规范化\阳101H32\阳101H32 压裂施工曲线\阳101H32-4-1 压裂施工曲线.xlsx,秒数据,absolute,0,1763560834.0,1763569236.0,140.03333333333333,1.0,0,0,0,0.9957153058795525,36.0,61.73,initial_window_proxy,94.0,93.0,0.01482599999999705,,supplementary,施工窗缺口大于30秒；起泵前基线不足180秒,0.030000000000001137,61.75,0.05000000000000426,2.440000000000005,2.440000000000005,-0.14999999999999858,2.440000000000005,0.7349928281137972,0.060000000000002274,56.666666666666664,False,0.4046655558200428,0.1,15.0,0.32871145111164235,50.083333333333336,0.0,False,,1907,1,True,supplementary,C1,1.1571204764569327,False,仅供复核_不作正式训练标签
f4baeb287d6721,泸208H2,3,24,whole_stage,4,泸208H2|3-4,泸208H2|3|24,E:\压裂窜扰项目\02 规范化\泸208H2\泸208H2 邻井压力监测\泸208H2-3-24段压裂施工-4井压力监测.xlsx,3-24-4,无表头_文件名井号,a9a60627734e14ec525f7f284baf25c885180a0aae69df9dcd496a3a9543b11a,E:\压裂窜扰项目\02 规范化\泸208H2\泸208H2 压裂施工曲线\泸208H2-3-24 压裂施工曲线（秒点）.xlsx,Log Data,named_stage_clock_only,0,28598.0,39145.0,175.78333333333333,1.0,0,3,0,1.0,2.0,54.314999,initial_window_proxy,38.0,37.0,0.01111950000000042,,supplementary,起泵前基线不足180秒,0.030003000000000668,54.32625,0.06750100000000003,7.192501,7.229998999999999,-0.022499000000003377,7.207500000000003,4.2444857016687205,0.14999800000000363,14.416666666666666,False,0.08201384279890016,0.1,15.0,0.21052631578947367,151.41666666666666,48.833333333333336,True,7.462501000000003,1512,1,True,supplementary,C2,1.5612763478024585,False,仅供复核_不作正式训练标签
f5114c3c2f0066,泸208H2,7,12,whole_stage,6,泸208H2|6-7,泸208H2|7|12,E:\压裂窜扰项目\02 规范化\泸208H2\泸208H2 邻井压力监测\泸208H2-7-12段压裂施工-6井压力监测.xlsx,7-12-6,无表头_文件名井号,ecaa17369761dfeb957eb46ae7ed6c9af2dfee651427312ca5df35cc514a400c,E:\压裂窜扰项目\02 规范化\泸208H2\泸208H2 压裂施工曲线\泸208H2-7-12 压裂施工曲线（秒点）.xlsx,秒点数据,named_stage_clock_only,1725667200,1725707895.0,1725717133.0,153.96666666666667,1.0,0,0,0,0.9865771812080537,105.0,54.7575,initial_window_proxy,0.0,0.0,0.044476517400005425,,supplementary,施工窗缺口大于30秒；起泵前基线不足180秒,,,0.41249799999999937,2.5349999999999966,2.5499989999999997,-0.02999900000000366,2.5499989999999997,1.257028145325872,0.8400000000000034,20.083333333333332,False,0.1304394890668976,0.1334295522000163,15.0,0.13737107746324337,83.0,0.0,False,,1614,1,True,supplementary,C1,1.5082014441412854,True,仅供复核_不作正式训练标签
f539c96b2d4372,泸208H1,1,13,whole_stage,2,泸208H1|1-2,泸208H1|1|13,E:\压裂窜扰项目\02 规范化\泸208H1\泸208H1 邻井压力监测\泸208H1-1-13段压裂施工-2井压力监测.xlsx,1-13-2,无表头_文件名井号,887fae490059007d79df40aa42feca158b7bbec8f21158901e7dfcfffb7a9ab2,E:\压裂窜扰项目\02 规范化\泸208H1\泸208H1 压裂施工曲线\泸208H1-1-13 压裂施工曲线（秒点）.xls,导出数据,named_stage_clock_only,0,28339.0,35733.0,123.23333333333333,1.0,0,0,0,0.9782255883148498,161.0,54.25,initial_window_proxy,0.0,0.0,0.0,,supplementary,施工窗缺口大于30秒；起泵前基线不足180秒,,,0.04000000000000625,2.759999999999998,2.799999999999997,0.0,2.799999999999997,0.8890481128162597,0.10000000000000142,25.933333333333334,False,0.210440898025426,0.1,15.0,0.8230333195078114,44.333333333333336,0.0,True,2.969999999999999,1316,1,True,supplementary,C1,1.2725930296976615,False,仅供复核_不作正式训练标签
f6de31c1cf73bc,泸208H2,5,16,whole_stage,3,泸208H2|3-5,泸208H2|5|16,E:\压裂窜扰项目\02 规范化\泸208H2\泸208H2 邻井压力监测\泸208H2-5-16段压裂施工-3井压力监测.xlsx,5-16-3,无表头_文件名井号,9d644ee4172551b8b9d56cb3bbd9ee6a98f3615ede781aeb2eb5791e2d51e2c1,E:\压裂窜扰项目\02 规范化\泸208H2\泸208H2 压裂施工曲线\泸208H2-5-16 压裂施工曲线（秒点）.xlsx,Log Data,named_stage_clock_only,0,61285.0,66738.0,90.88333333333334,1.0,0,7,0,1.0,2.0,60.525002,initial_window_proxy,25.0,24.0,0.01111950000000042,,supplementary,起泵前基线不足180秒,0.022498999999996272,60.532501,0.05250199999999694,2.4375,2.4599989999999963,-0.015003999999997575,2.4599989999999963,1.248685452549055,0.07500100000000032,5.75,False,0.06326792591234183,0.1,15.0,0.22305856434734717,63.666666666666664,0.0,True,2.7974960000000024,1554,1,True,supplementary,C1,1.3801314080081906,False,仅供复核_不作正式训练标签
f71759e5fe1d08,泸206H8,5,11,whole_stage,4,泸206H8|4-5,泸206H8|5|11,E:\压裂窜扰项目\02 规范化\泸206H8\泸206H8 邻井压力监测\泸206H8-5-11段压裂施工-1、2、3、4、6、7、8井秒点压力监测.xls,导出数据,4井套压1(MPa),390a1aa5cbc050b584acaffc7629b30dad8b17807dd85348f73e41e7d1f8751b,E:\压裂窜扰项目\02 规范化\泸206H8\泸206H8 压裂施工曲线\泸206H8-5-11 压裂施工曲线.xlsx,秒点数据,absolute,0,1752826159.0,1752836920.0,179.35,1.0,0,0,0,1.0,32.0,57.81,initial_window_proxy,79.0,78.0,0.01482599999999705,,supplementary,施工窗缺口大于30秒；起泵前基线不足180秒,0.03999999999999915,57.81,0.060000000000002274,2.8299999999999983,2.8499999999999943,-0.020000000000003126,2.8499999999999943,1.3820207229811334,0.060000000000002274,11.916666666666666,False,0.06644363906700121,0.1,15.0,0.32202597888047846,108.75,0.0,False,,1191,1,True,supplementary,C1,1.633229416952871,True,仅供复核_不作正式训练标签
f72584214e7632,阳101H32,2,14,whole_stage,4,阳101H32|2-4,阳101H32|2|14,E:\压裂窜扰项目\02 规范化\阳101H32\阳101H32 邻井压力监测\阳101H32-2-14段压裂施工-4、6井分点压力监测.xlsx,导出数据,4井套压A(MPa),ae160c7be8a3657de284842fef075e9606ce5534acc015d90091ba94b40de61b,E:\压裂窜扰项目\02 规范化\阳101H32\阳101H32 压裂施工曲线\阳101H32-2-14 压裂施工曲线.xlsx,秒数据,absolute,0,1766907774.0,1766923174.0,256.6666666666667,60.0,0,0,0,0.9974025974025974,60.0,52.845,initial_window_proxy,1.0,0.0,0.03706499999999789,,supplementary,原始采样间隔大于30秒；施工窗缺口大于30秒；起泵前基线不足180秒,,52.81,0.2600000000000051,,11.045000000000002,-0.02499999999999858,11.040000000000003,7.180332031250002,0.2600000000000051,3.1,False,0.012077922077922078,0.11119499999999367,60.0,0.02734375,242.0,162.0,False,,1830,1,True,supplementary,C2,4.473631742532005,False,仅供复核_不作正式训练标签
f73b1f95aef05c,泸203H76,4,18,whole_stage,1,泸203H76|1-4,泸203H76|4|18,E:\压裂窜扰项目\02 规范化\泸203H76\泸203H76 邻井压力监测\泸203H76平台-4井-18段压裂施工-1、2、3井秒点压力监测.xls,Sheet1,1井井口压力,68352e10c702aa1dc00842ef87ca40b8820a890ac396ccecce08823ffa3c37eb,E:\压裂窜扰项目\02 规范化\泸203H76\泸203H76 压裂施工曲线\泸203H76-4-18 压裂施工曲线（秒点）.xls,Sheet1,named_stage_clock_only,-1680912000,30933.0,39273.0,139.0,1.0,0,0,0,1.0,1.0,49.3549,initial_window_proxy,93.0,92.0,0.062269200000002356,,supplementary,起泵前基线不足180秒,0.19950000000000045,49.31815,1.0501000000000005,0.06300000000000239,0.18900000000000006,-0.4725000000000037,-0.4725000000000037,-0.14295170863309425,0.24149999999999494,,True,1.0,0.18680760000000707,15.0,0.6709832134292566,0.0,0.0,True,-0.4725000000000037,929,1,True,supplementary,C1,0.1849302589307973,False,仅供复核_不作正式训练标签
f751f7afc43ec1,阳101H34,2,4,whole_stage,3,阳101H34|2-3,阳101H34|2|4,E:\压裂窜扰项目\02 规范化\阳101H34\阳101H34 邻井压力监测\阳101H34-2-4段压裂施工-3井秒点压力监测.xlsx,导出数据,3#3井套压(MPa),5d9aff7d1f4c47a0660bd9e60577025a68c0afa7442faed88566eae694ff1c6d,E:\压裂窜扰项目\02 规范化\阳101H34\阳101H34 压裂施工曲线\阳101H34-2-4 压裂施工曲线.xls,秒点数据,named_stage_clock_only,-1743984000,25328.0,39847.0,241.98333333333332,1.0,0,0,0,0.9964184861216338,52.0,53.5040626525879,initial_window_proxy,0.0,0.0,0.009727752685578479,,supplementary,施工窗缺口大于30秒；起泵前基线不足180秒,,,0.04593658447259941,6.319686889648402,6.352500915527301,-0.006561279296896316,6.345935821533203,3.4854763940974713,0.09187698364259944,12.45,False,0.05144982436806943,0.1,15.0,0.2789106241791664,201.5,66.16666666666667,False,,2150,1,True,supplementary,C2,0.689951428214937,False,仅供复核_不作正式训练标签
f8236ab73a236e,泸208H2,9,11,whole_stage,8,泸208H2|8-9,泸208H2|9|11,E:\压裂窜扰项目\02 规范化\泸208H2\泸208H2 邻井压力监测\泸208H2-9-11段压裂施工-8井压力监测.xlsx,9-11-8,无表头_文件名井号,d4f606f6ebe0e2290df56f1900bb15e1a38d1e2ef87b6a8ff0b1e7615a06bcd9,E:\压裂窜扰项目\02 规范化\泸208H2\泸208H2 压裂施工曲线\泸208H2-9-11 压裂施工曲线（秒点）.xlsx,秒点数据,named_stage_clock_only,1722211200,1722234614.0,1722244989.0,172.91666666666666,1.0,0,0,0,1.0,1.0,47.893,initial_window_proxy,14.0,13.0,0.031134600000001178,,supplementary,起泵前基线不足180秒,0.010500000000000398,47.9035,0.18879999999999342,5.8827,5.903599999999997,-0.031500000000001194,5.893099999999997,2.898654154216867,0.10490000000000066,7.916666666666667,False,0.045783132530120486,0.1,15.0,0.7228915662650602,137.41666666666666,23.416666666666668,True,6.2601999999999975,1735,1,True,supplementary,C2,0.35950873855501664,False,仅供复核_不作正式训练标签
f83abd33ebbfec,阳101H34,6,8,whole_stage,5,阳101H34|5-6,阳101H34|6|8,E:\压裂窜扰项目\02 规范化\阳101H34\阳101H34 邻井压力监测\阳101H34-6-8段压裂施工-5井秒点压力监测.xls,导出数据,5#5井套压(MPa),d96f006296d45efe5af30ca9dbbb0e42924290a8f8b4de3a4d901fc6e2679f5b,E:\压裂窜扰项目\02 规范化\阳101H34\阳101H34 压裂施工曲线\阳101H34-6-8 压裂施工曲线.xls,秒点数据,named_stage_clock_only,-1747958400,61830.0,73649.0,196.98333333333332,1.0,0,0,0,0.9873085709450884,150.0,52.9265632629395,initial_window_proxy,0.0,0.0,0.0097334083558077,,supplementary,施工窗缺口大于30秒；起泵前基线不足180秒,,,0.04594039916990056,4.291873931884695,4.331249237060497,-0.019687652587904836,4.298435211181598,2.541566508279456,0.08531188964840197,12.416666666666666,False,0.0630340976393942,0.1,15.0,0.22581198046105064,153.25,0.0,False,,2223,1,True,supplementary,C2,0.957823397673273,False,仅供复核_不作正式训练标签
f9983d0711f553,泸203H64,4,7,whole_stage,5,泸203H64|4-5,泸203H64|4|7,E:\压裂窜扰项目\02 规范化\泸203H64\泸203H64 邻井压力监测\泸203H64-4-7段压裂施工-1、2、3、5井秒点压力监测.xls,导出数据,5#套压(MPa),b9760238b1a88e2b43dae174959764bbae823f5661bb478e60cf67316888bd18,E:\压裂窜扰项目\02 规范化\泸203H64\泸203H64 压裂施工曲线\泸203H64-4-7 压裂施工曲线.csv,text,named_stage_clock_only,-1671321600,52875.0,57288.0,73.55,1.0,0,0,0,1.0,1.0,42.874,initial_window_proxy,75.0,74.0,0.010378199999996882,,supplementary,起泵前基线不足180秒,0.021000000000000796,42.901,0.03399999999999892,0.03399999999999892,0.04099999999999682,-0.054999999999999716,0.0,-0.012786086562431234,0.034000000000006025,,True,1.0,0.1,15.0,0.3050079311126218,0.0,0.0,False,,463,1,True,supplementary,C1,0.016321872193181177,False,仅供复核_不作正式训练标签
f9c7e595785df1,泸208H2,6,7,whole_stage,7,泸208H2|6-7,泸208H2|6|7,E:\压裂窜扰项目\02 规范化\泸208H2\泸208H2 邻井压力监测\泸208H2-6-7段压裂施工-7井压力监测.xlsx,6-7-7,无表头_文件名井号,2e748ed1b110a422a88ad64a169e87dc40cad60ccfb2e968dfcd7db4df7f1f34,E:\压裂窜扰项目\02 规范化\泸208H2\泸208H2 压裂施工曲线\泸208H2-6-7 压裂施工曲线（秒点）.xlsx,Log Data,named_stage_clock_only,0,27759.0,35489.0,128.83333333333334,1.0,0,48,0,0.9817593790426908,141.0,54.4427,initial_window_proxy,0.0,0.0,0.031134600000001178,,supplementary,施工窗缺口大于30秒；起泵前基线不足180秒,,,0.0840999999999994,1.4403000000000006,1.450800000000001,-0.04200000000000159,1.450800000000001,0.8717202332323077,0.09469999999999601,9.183333333333334,False,0.07128072445019405,0.1,15.0,0.7366397029571675,49.166666666666664,0.0,True,1.5349000000000004,1587,1,True,supplementary,C1,0.9358210269693622,False,仅供复核_不作正式训练标签
fa48512d629527,泸203H64,5,6,whole_stage,4,泸203H64|4-5,泸203H64|5|6,E:\压裂窜扰项目\02 规范化\泸203H64\泸203H64 邻井压力监测\泸203H64-5-6段压裂施工-1、2、3、4井秒点压力监测.xls,导出数据,4#套压(MPa),d5940d5de3b7a35970be7ed1e4db51f5dbe21d179697d9ab005c0022a070180c,E:\压裂窜扰项目\02 规范化\泸203H64\泸203H64 压裂施工曲线\泸203H64-5-6 压裂施工曲线.csv,text,named_stage_clock_only,-1670630400,44752.0,54050.0,154.96666666666667,1.0,0,0,0,0.9946224994622499,50.0,29.859,initial_window_proxy,52.0,51.0,0.019273800000002485,,supplementary,施工窗缺口大于30秒；起泵前基线不足180秒,0.03900000000000148,29.872,0.0730000000000004,10.277000000000001,10.317,-0.03200000000000003,10.317,4.220882136678199,0.1180000000000021,11.25,False,0.07259625725962572,0.1,15.0,0.1749567474048443,118.33333333333333,62.083333333333336,False,,511,1,True,supplementary,C2,1.474036408467681,False,仅供复核_不作正式训练标签
fa85b0a2ae26ab,泸203H10,3,12,whole_stage,1,泸203H10|1-3,泸203H10|3|12,E:\压裂窜扰项目\02 规范化\泸203H10\泸203H10 邻井压力监测\泸203H10-3-12段压裂施工-1井套压压力监测.xls,Sheet1,1井井口套压(MPa),219e9f2fa5c96dc7dac5b456ad756591f841ee3bd4617f6550748e1d8805adf7,E:\压裂窜扰项目\02 规范化\泸203H10\泸203H10 压裂施工曲线\泸203H10-3-12 压裂施工曲线-2.xlsx,LogData(s),named_stage_clock_only,-1717804800,27207.0,37670.0,174.38333333333333,60.0,0,0,0,0.9920672847175762,60.0,35.21,initial_window_proxy,4.0,180.0,0.0,,supplementary,原始采样间隔大于30秒；施工窗缺口大于30秒；起泵前基线不足180秒,,35.21,0.509999999999998,,13.11,-0.020000000000003126,13.11,5.029335260115605,0.509999999999998,44.55,False,0.255471662047214,0.1,60.0,0.2658959537572254,104.0,81.0,False,,295,1,True,supplementary,C2,3.2233671767457257,False,仅供复核_不作正式训练标签
fae0036c6445cd,泸203H76,2,13,whole_stage,3,泸203H76|2-3,泸203H76|2|13,E:\压裂窜扰项目\02 规范化\泸203H76\泸203H76 邻井压力监测\泸203H76平台-2井-13段压裂施工-1、3、4井分点压力监测.xlsx,Sheet1,3井,80ef34de18d3dd1272354ac8d21a53475b90f267ea80844e02c60a3e91c69a9d,E:\压裂窜扰项目\02 规范化\泸203H76\泸203H76 压裂施工曲线\泸203H76-2-13 压裂施工曲线（秒点）.xlsx,Sheet1,named_stage_clock_only,-1679184000,34510.0,42746.0,137.26666666666668,1.0,0,125,1,0.9866440019426906,110.0,52.6733,initial_window_proxy,0.0,0.0,0.0077836500000002945,,supplementary,施工窗缺口大于30秒；起泵前基线不足180秒,,,0.04200000000000159,0.8506,0.8506,0.010500000000000398,0.829500000000003,0.5561280580851604,0.041999999999994486,28.75,False,0.20944633317144243,0.1,15.0,0.9027337260232593,0.0,0.0,True,0.7665000000000006,756,1,True,supplementary,C1,0.6299693163960266,False,仅供复核_不作正式训练标签
fb62a9052888a8,泸203H64,4,5,whole_stage,1,泸203H64|1-4,泸203H64|4|5,E:\压裂窜扰项目\02 规范化\泸203H64\泸203H64 邻井压力监测\泸203H64-4-5段压裂施工-1、2、3、5井秒点压力监测.xls,导出数据,1#套压(MPa),79aa4054c025e3c620be390106fc758c39c53493cf0f02be3456129996e77139,E:\压裂窜扰项目\02 规范化\泸203H64\泸203H64 压裂施工曲线\泸203H64-4-5 压裂施工曲线.csv,text,named_stage_clock_only,-1671235200,47243.0,55064.0,130.35,1.0,0,0,0,1.0,1.0,47.788,initial_window_proxy,143.0,142.0,0.008895600000000337,,supplementary,起泵前基线不足180秒,0.01300000000000523,47.795,0.045999999999999375,0.03300000000000125,0.04600000000000648,-0.0589999999999975,0.007000000000005002,-0.0026387290627768725,0.07200000000000273,,True,1.0,0.1,15.0,0.3707965733282189,0.0,0.0,False,,456,1,True,supplementary,C1,0.0138587508342643,False,仅供复核_不作正式训练标签
fbe27e8ed25787,泸203H76,2,13,whole_stage,1,泸203H76|1-2,泸203H76|2|13,E:\压裂窜扰项目\02 规范化\泸203H76\泸203H76 邻井压力监测\泸203H76平台-2井-13段压裂施工-1、3、4井分点压力监测.xlsx,Sheet1,1井,80ef34de18d3dd1272354ac8d21a53475b90f267ea80844e02c60a3e91c69a9d,E:\压裂窜扰项目\02 规范化\泸203H76\泸203H76 压裂施工曲线\泸203H76-2-13 压裂施工曲线（秒点）.xlsx,Sheet1,named_stage_clock_only,-1679184000,34510.0,42746.0,137.26666666666668,1.0,0,125,1,0.9866440019426906,110.0,60.386250000000004,initial_window_proxy,0.0,0.0,0.031134600000001178,,supplementary,施工窗缺口大于30秒；起泵前基线不足180秒,,,0.4305999999999983,0.6353499999999954,0.729849999999999,-0.2152500000000046,0.44634999999999536,0.2298179670194393,0.23099999999999454,52.833333333333336,False,0.38489558037882465,0.1,15.0,0.6686301162966319,0.0,0.0,True,0.3308499999999981,755,1,True,supplementary,C1,0.3132538071466554,False,仅供复核_不作正式训练标签
fc04eef0b5b5c8,泸206H8,5,12,whole_stage,4,泸206H8|4-5,泸206H8|5|12,E:\压裂窜扰项目\02 规范化\泸206H8\泸206H8 邻井压力监测\泸206H8-5-12段压裂施工-1、2、3、4、6、7、8井秒点压力监测.xls,导出数据,4井套压1(MPa),194b3b273b441eccfdde248bd0715b0baa7cbf0c402566bbc469ec4cf24a3b69,E:\压裂窜扰项目\02 规范化\泸206H8\泸206H8 压裂施工曲线\泸206H8-5-12 压裂施工曲线.xlsx,秒点数据,absolute,0,1752913447.0,1752924040.0,176.55,1.0,0,0,0,0.9962239214575663,40.0,59.26,pre_pump_10min,247.0,246.0,0.014826000000007585,-0.006387746586090066,supplementary,施工窗缺口大于30秒,0.04999999999999716,59.25,0.07000000000000028,1.7000000000000028,1.7199999999999989,-0.07000000000000028,1.7100000000000009,0.48443523168767383,0.060000000000002274,71.0,False,0.4021523647691872,0.1,15.0,0.3096509631890139,41.583333333333336,0.0,False,,1205,1,True,supplementary,C1,0.7413954929587151,False,仅供复核_不作正式训练标签
fc546c07e2c00d,泸208H2,9,17,whole_stage,10,泸208H2|10-9,泸208H2|9|17,E:\压裂窜扰项目\02 规范化\泸208H2\泸208H2 邻井压力监测\泸208H2-9-17段压裂施工-10井压力监测.xlsx,9-17-10,无表头_文件名井号,7ea85c5e22959748fba0a7bb8ee629db27afa7fe84a0f1b7dae06b82220af6dc,E:\压裂窜扰项目\02 规范化\泸208H2\泸208H2 压裂施工曲线\泸208H2-9-17 压裂施工曲线（秒点）.xlsx,秒点数据,named_stage_clock_only,1725926400,1725959317.0,1725970133.0,180.26666666666668,1.0,0,0,0,1.0,1.0,52.4362,initial_window_proxy,97.0,96.0,0.015567300000000589,,supplementary,起泵前基线不足180秒,0.04200000000000159,52.4362,0.11560000000000059,7.743000000000002,7.764000000000003,-0.010500000000000398,7.764000000000003,4.09606349389793,0.17860000000000298,11.583333333333334,False,0.06425665680473372,0.1,15.0,0.7304918639053254,142.91666666666666,94.08333333333333,False,,1746,1,True,supplementary,C2,1.3090424729056436,False,仅供复核_不作正式训练标签
fca94d31d949b6,泸203H76,4,5,whole_stage,3,泸203H76|3-4,泸203H76|4|5,E:\压裂窜扰项目\02 规范化\泸203H76\泸203H76 邻井压力监测\泸203H76平台-4井-5段压裂施工-3井秒点压力监测.xls,Sheet1,76-3井井口压力,64d35715eacfb722c27af08d284cda1dd1247b4ee73c8f3ef2cc793b085c3c40,E:\压裂窜扰项目\02 规范化\泸203H76\泸203H76 压裂施工曲线\泸203H76-4-5 压裂施工曲线（秒点）.xlsx,Sheet1,named_stage_clock_only,-1677715200,58985.0,66836.0,130.85,1.0,0,0,0,0.9928671506814418,56.0,46.1101,initial_window_proxy,5.0,4.0,0.015567300000000589,,supplementary,施工窗缺口大于30秒；起泵前基线不足180秒,0.012599999999999056,46.1311,0.052599999999998204,12.464799999999997,12.5593,-0.06300000000000239,12.5593,3.901424599101986,0.21009999999999707,32.5,False,0.24837600305693544,0.1,15.0,0.8805644644002566,80.91666666666667,46.083333333333336,False,,933,1,True,supplementary,C2,2.0224681090090346,False,仅供复核_不作正式训练标签
fd16d5e1b65640,泸203H76,1,18,whole_stage,3,泸203H76|1-3,泸203H76|1|18,E:\压裂窜扰项目\02 规范化\泸203H76\泸203H76 邻井压力监测\泸203H76平台-1井-18段压裂施工-2、3、4井秒点压力监测.xls,Sheet1,3井井口压力,55e27ea7d5983685f0eedf3035a4ec97846516132746d9979c8bacb458f20028,E:\压裂窜扰项目\02 规范化\泸203H76\泸203H76 压裂施工曲线\泸203H76-1-18 压裂施工曲线（秒点）.xlsx,Sheet1,named_stage_clock_only,-1679529600,43113.0,49936.0,113.71666666666667,1.0,0,0,0,1.0,1.0,58.5329,initial_window_proxy,33.0,32.0,0.015567300000000589,,supplementary,起泵前基线不足180秒,0.021000000000000796,58.5434,0.04200000000000159,0.010500000000000398,0.021000000000000796,-0.4620999999999995,-0.3990999999999971,-0.3030563535101844,0.031500000000001194,,True,1.0,0.1,15.0,0.8968195808295472,0.0,0.0,True,-0.36759999999999593,681,1,True,supplementary,C1,0.33529228085994006,False,仅供复核_不作正式训练标签
fd8b2cf4c54220,阳101H34,4,15,whole_stage,2,阳101H34|2-4,阳101H34|4|15,E:\压裂窜扰项目\02 规范化\阳101H34\阳101H34 邻井压力监测\阳101H34-4-15段压裂施工-2井秒点压力监测.xls,导出数据,2#2井套压(MPa),7b3308a19c045393be6f26f5eb7b1944345889c98d084ce4e093ed38f085d7f0,E:\压裂窜扰项目\02 规范化\阳101H34\阳101H34 压裂施工曲线\阳101H34-4-15 压裂施工曲线.xls,秒点数据,named_stage_clock_only,-1749686400,28129.0,42196.0,234.45,1.0,0,0,0,0.999218028008815,11.0,45.9741249084473,initial_window_proxy,0.0,0.0,0.009744719695939576,,supplementary,起泵前基线不足180秒,,,0.03287124633789773,1.1241149902342968,1.1372604370116974,-0.05916213989259944,1.1306877136229971,0.2712715978844605,0.032871246337904836,104.6,False,0.4461505651524845,0.1,15.0,0.2994450768355151,8.833333333333334,0.0,False,,2202,1,True,supplementary,C1,0.4177539597582581,False,仅供复核_不作正式训练标签
fda9e475e55f0e,泸208H2,9,21,whole_stage,10,泸208H2|10-9,泸208H2|9|21,E:\压裂窜扰项目\02 规范化\泸208H2\泸208H2 邻井压力监测\泸208H2-9-21段压裂施工-10井压力监测.xlsx,9-21-10,无表头_文件名井号,f1cc5d42b51ff9b003b6de1852de547e72131e764ccbb9252adf69c7af31d4f9,E:\压裂窜扰项目\02 规范化\泸208H2\泸208H2 压裂施工曲线\泸208H2-9-21 压裂施工曲线（秒点）.xlsx,秒点数据,named_stage_clock_only,1726531200,1726565084.0,1726575906.0,180.36666666666667,1.0,0,0,0,1.0,1.0,50.1564,initial_window_proxy,44.0,43.0,0.015567300000000589,,supplementary,起泵前基线不足180秒,0.021000000000000796,50.1459,0.14710000000000178,7.942599999999999,7.9846,-0.010500000000000398,7.9741,3.792796849011275,0.19959999999999667,7.833333333333333,False,0.0434300498983552,0.1,15.0,0.7433930881537608,151.16666666666666,28.25,True,8.551900000000003,1754,1,True,supplementary,C2,1.3705235723606393,False,仅供复核_不作正式训练标签
fdaf1d7e193f22,泸206H8,4,4,whole_stage,7,泸206H8|4-7,泸206H8|4|4,E:\压裂窜扰项目\02 规范化\泸206H8\泸206H8 邻井压力监测\泸206H8-4-4段压裂施工-1、2、3、5、6、7、8井秒点压力监测.xls,导出数据,7井套压(MPa),c258ea4be9268c5932f65316b0cec9960457061ec601f428ba0c03b04f5a5143,E:\压裂窜扰项目\02 规范化\泸206H8\泸206H8 压裂施工曲线\泸206H8-4-4 压裂施工曲线.xlsx,秒点数据,absolute,0,1752241715.0,1752250871.0,152.6,1.0,0,0,0,0.9962865880297073,34.0,36.39,pre_pump_10min,215.0,214.0,0.01482599999999705,0.008381511265658384,supplementary,施工窗缺口大于30秒,0.03999999999999915,36.4,0.05000000000000426,0.14000000000000057,0.14000000000000057,-0.03999999999999915,0.11999999999999744,0.051320434115324366,0.03999999999999915,17.0,False,0.11140235910878113,0.1,15.0,0.39242627345844505,0.0,0.0,False,,1148,1,True,supplementary,C1,0.06182868764361961,False,仅供复核_不作正式训练标签
fe5c097f70aea9,泸203H64,5,4,whole_stage,1,泸203H64|1-5,泸203H64|5|4,E:\压裂窜扰项目\02 规范化\泸203H64\泸203H64 邻井压力监测\泸203H64-5-4段压裂施工-1、4、6、7井秒点压力监测.xls,导出数据,1井套压(MPa),514d9526bfc49b60ee14c07e13e18041a421634d19ddc4dfd9da91bbbbe1def4,E:\压裂窜扰项目\02 规范化\泸203H64\泸203H64 压裂施工曲线\泸203H64-5-4 压裂施工曲线（秒点）.csv,text,named_stage_clock_only,-1667606400,46757.0,56045.0,154.8,1.0,0,0,0,0.9953703703703703,43.0,20.40625,initial_window_proxy,0.0,0.0,0.02779761886589832,,supplementary,施工窗缺口大于30秒；起泵前基线不足180秒,,,0.05624961853020238,0.0625,0.0687503814697017,-0.11249923706050069,0.04375076293949931,-0.015549271657311252,0.0625,,True,1.0,0.1,15.0,0.1994459833795014,0.0,0.0,False,,501,1,True,supplementary,C1,0.03191596636536996,False,仅供复核_不作正式训练标签
fe890d4e7bf626,泸203H76,4,6,whole_stage,3,泸203H76|3-4,泸203H76|4|6,E:\压裂窜扰项目\02 规范化\泸203H76\泸203H76 邻井压力监测\泸203H76平台-4井-6段压裂施工-3井秒点压力监测.xls,历史数据,3井井口压力,a0cb8dc342aaf3fea86193a1c3ccf9f0d5b625aecd433858125840db440b6a76,E:\压裂窜扰项目\02 规范化\泸203H76\泸203H76 压裂施工曲线\泸203H76-4-6 压裂施工曲线（秒点）.xlsx,Sheet1,named_stage_clock_only,-1677801600,28192.0,36695.0,141.71666666666667,1.0,0,0,0,0.9737739621310126,128.0,49.3654,initial_window_proxy,0.0,0.0,0.015567300000000589,,supplementary,施工窗缺口大于30秒；起泵前基线不足180秒,,,0.06300000000000239,14.6385,14.659500000000001,-0.021000000000000796,14.6385,8.40203629227053,0.24159999999999826,5.716666666666667,False,0.04033870398682818,0.1,15.0,0.876207729468599,122.25,94.5,False,,935,1,True,supplementary,C2,5.975023393869201,False,仅供复核_不作正式训练标签
fe9a26a5829978,泸206H8,5,11,whole_stage,6,泸206H8|5-6,泸206H8|5|11,E:\压裂窜扰项目\02 规范化\泸206H8\泸206H8 邻井压力监测\泸206H8-5-11段压裂施工-1、2、3、4、6、7、8井秒点压力监测.xls,导出数据,6井套压(MPa),390a1aa5cbc050b584acaffc7629b30dad8b17807dd85348f73e41e7d1f8751b,E:\压裂窜扰项目\02 规范化\泸206H8\泸206H8 压裂施工曲线\泸206H8-5-11 压裂施工曲线.xlsx,秒点数据,absolute,0,1752826159.0,1752836920.0,179.35,1.0,0,0,0,1.0,1.0,37.41,initial_window_proxy,79.0,78.0,0.04447799999999115,,supplementary,起泵前基线不足180秒,0.06999999999999318,37.38,0.10999999999999943,0.6100000000000065,0.6200000000000045,-0.30999999999999517,0.20000000000000284,0.07794349967475503,0.10999999999999943,4.75,False,0.02648452746027321,0.13343399999997346,15.0,0.1991450608679491,0.0,0.0,False,,1190,1,True,supplementary,C1,0.22007988297327644,False,仅供复核_不作正式训练标签
ff33b79f5b17f6,泸203H10,4,8,whole_stage,3,泸203H10|3-4,泸203H10|4|8,E:\压裂窜扰项目\02 规范化\泸203H10\泸203H10 邻井压力监测\泸203H10-4-8段压裂施工-3井秒点压力监测.xls,3井,3井井口套压(MPa):,6680dc48fe3113678ec40523be610829592835235cd910be4cfa836ca2617ce3,E:\压裂窜扰项目\02 规范化\泸203H10\泸203H10 压裂施工曲线\泸203H10-4-8 压裂施工曲线-2.xlsx,LogData(s),named_stage_clock_only,-1716768000,30358.0,45386.0,250.46666666666667,60.0,0,0,0,0.9981368112856002,60.0,47.245000000000005,initial_window_proxy,2.0,60.0,0.01482599999999705,,supplementary,原始采样间隔大于30秒；施工窗缺口大于30秒；起泵前基线不足180秒,,47.25,0.23000000000000398,,5.954999999999998,-0.035000000000003695,5.939999999999998,3.4601599999999957,0.23000000000000398,40.03333333333333,False,0.15983497471386743,0.1,60.0,0.248,184.0,117.0,True,6.259999999999998,299,1,True,supplementary,C2,0.9152922813833534,False,仅供复核_不作正式训练标签
ff72aab747cb16,泸206H8,5,14,whole_stage,1,泸206H8|1-5,泸206H8|5|14,E:\压裂窜扰项目\02 规范化\泸206H8\泸206H8 邻井压力监测\泸206H8-5-14段压裂施工-1、2、3、4、6、7、8井秒点压力监测.xls,导出数据,1井套压1(MPa),20ba586f5ca3bbef43ea5d15699e9dc3ab2f7369a1d3c8d3575d624399408e5e,E:\压裂窜扰项目\02 规范化\泸206H8\泸206H8 压裂施工曲线\泸206H8-5-14 压裂施工曲线.xlsx,秒点数据,absolute,0,1753082552.0,1753093269.0,178.61666666666667,1.0,0,0,0,1.0,3.0,43.44,initial_window_proxy,152.0,151.0,0.0,,supplementary,起泵前基线不足180秒,0.020000000000003126,43.44,0.060000000000002274,0.010000000000005116,0.020000000000003126,-0.030000000000001137,0.0,-0.011741158906408304,0.020000000000003126,,True,1.0,0.1,15.0,0.37698338622363264,0.0,0.0,False,,1229,1,True,supplementary,C1,0.019826779104681364,False,仅供复核_不作正式训练标签
ffcfb0d79265c2,阳101H51,1,18,whole_stage,3,阳101H51|1-3,阳101H51|1|18,E:\压裂窜扰项目\02 规范化\阳101H51\阳101H51 邻井压力监测\阳101H51-1-18段压裂施工-2、3井秒点压力监测.xlsx,阳101H51-1井18段压裂施工期间2井、3井压力秒点数据（,3井套压,41aa1618375fbe91496bdddfb8c268c83c667407718b1437b096536a538647bd,E:\压裂窜扰项目\02 规范化\阳101H51\阳101H51 压裂施工曲线\阳101H51-1-18 压裂施工曲线（秒点）.xlsx,秒点数据,absolute,0,1780384190.0,1780390696.0,108.43333333333334,1.0,0,0,0,1.0,1.0,51.86,initial_window_proxy,51.0,50.0,0.0,,supplementary,起泵前基线不足180秒,0.00999999999999801,51.87,0.020000000000003126,0.39000000000000057,0.39000000000000057,-0.04999999999999716,0.39000000000000057,0.09166461727636081,0.020000000000003126,65.0,False,0.5994466646172764,0.1,15.0,0.6845988318475253,0.0,0.0,True,0.46999999999999886,2371,1,True,supplementary,C1,0.15123242317362048,False,仅供复核_不作正式训练标签
ffd6262a494b70,泸208H2,4,16,whole_stage,5,泸208H2|4-5,泸208H2|4|16,E:\压裂窜扰项目\02 规范化\泸208H2\泸208H2 邻井压力监测\泸208H2-4-16段压裂施工-5井压力监测.xlsx,4-16-5,无表头_文件名井号,51c8ae8fe55dbae6813c54e26e16dbb2f667df1c5a0a8913014bca4d2eff94c6,E:\压裂窜扰项目\02 规范化\泸208H2\泸208H2 压裂施工曲线\泸208H2-4-16 压裂施工曲线（秒点）.xlsx,Log Data,named_stage_clock_only,0,39078.0,42160.0,51.36666666666667,1.0,0,7,0,0.9831278390655419,52.0,54.330002,initial_window_proxy,0.0,0.0,0.14455943040000102,,supplementary,施工窗缺口大于30秒；起泵前基线不足180秒,,,0.31500299999999726,5.0249979999999965,5.167498999999999,-0.14250200000000035,5.167498999999999,2.2421961395214516,0.30749899999999997,10.616666666666667,False,0.20668397144711229,0.43367829120000306,15.0,0.0582010582010582,36.083333333333336,0.4166666666666667,True,6.067497000000003,1528,1,True,supplementary,C2,0.6940257234020811,False,仅供复核_不作正式训练标签
