压裂井-压裂段-压窜井,平台,井段键,压窜分类_目标5类,曲线样本ID,验证平台组,outer_fold,Dummy_预测类型,Dummy_P_M1,Dummy_P_M2,Dummy_P_M3,Dummy_P_M4,Dummy_P_M5,Logistic_预测类型,Logistic_P_M1,Logistic_P_M2,Logistic_P_M3,Logistic_P_M4,Logistic_P_M5,RandomForest_预测类型,RandomForest_P_M1,RandomForest_P_M2,RandomForest_P_M3,RandomForest_P_M4,RandomForest_P_M5,XGBoost_预测类型,XGBoost_P_M1,XGBoost_P_M2,XGBoost_P_M3,XGBoost_P_M4,XGBoost_P_M5,NestedSelection_预测类型,NestedSelection_P_M1,NestedSelection_P_M2,NestedSelection_P_M3,NestedSelection_P_M4,NestedSelection_P_M5
泸201H5-1—第1段—泸201H5-3,泸201H5,泸201H5-1 | 第1段,涨幅微弱型,659cd9914c1c4a,泸201H5,0,涨幅微弱型,0.4598337950138504,0.11634349030470914,0.24238227146814403,0.14265927977839335,0.038781163434903045,涨幅微弱型,0.9276502266726704,0.00032308714561594433,0.017454033979999582,0.011630824331493641,0.042941827870220446,涨幅微弱型,0.49376239534497923,0.06698595732512454,0.20783300273751135,0.19164367190071419,0.039774972691670706,涨幅微弱型,0.5606980323791504,0.03443276137113571,0.14119938015937805,0.21756097674369812,0.04610880836844444,涨幅微弱型,0.49376239534497923,0.06698595732512454,0.20783300273751135,0.19164367190071419,0.039774972691670706
泸201H5-1—第1段—泸201H5-4,泸201H5,泸201H5-1 | 第1段,涨幅微弱型,a58a9b8cf7985f,泸201H5,0,涨幅微弱型,0.4598337950138504,0.11634349030470914,0.24238227146814403,0.14265927977839335,0.038781163434903045,涨幅微弱型,0.9372379330836852,0.00013953502089487428,0.010938035448612663,0.007648836208741739,0.04403566023806575,涨幅微弱型,0.49376239534497923,0.06698595732512454,0.20783300273751135,0.19164367190071419,0.039774972691670706,涨幅微弱型,0.5606980323791504,0.03443276137113571,0.14119938015937805,0.21756097674369812,0.04610880836844444,涨幅微弱型,0.49376239534497923,0.06698595732512454,0.20783300273751135,0.19164367190071419,0.039774972691670706
泸201H5-1—第2段—泸201H5-3,泸201H5,泸201H5-1 | 第2段,涨幅微弱型,93e0e70c9d44fe,泸201H5,0,涨幅微弱型,0.4598337950138504,0.11634349030470914,0.24238227146814403,0.14265927977839335,0.038781163434903045,涨幅微弱型,0.9433742008530057,0.0002591759660245554,0.013920531285893937,0.010589450982430816,0.031856640912645035,涨幅微弱型,0.5594053340648762,0.07088824619698322,0.20801718650964818,0.12654004933163068,0.03514918389686137,涨幅微弱型,0.6352244019508362,0.03031761571764946,0.11997343599796295,0.1697029024362564,0.04478159546852112,涨幅微弱型,0.5594053340648762,0.07088824619698322,0.20801718650964818,0.12654004933163068,0.03514918389686137
泸201H5-1—第2段—泸201H5-4,泸201H5,泸201H5-1 | 第2段,涨幅微弱型,620d41ba8d6dba,泸201H5,0,涨幅微弱型,0.4598337950138504,0.11634349030470914,0.24238227146814403,0.14265927977839335,0.038781163434903045,涨幅微弱型,0.9517190826474534,0.00011015143501810202,0.008639782130533883,0.006902728068149725,0.032628255718845055,涨幅微弱型,0.5594053340648762,0.07088824619698322,0.20801718650964818,0.12654004933163068,0.03514918389686137,涨幅微弱型,0.6352244019508362,0.03031761571764946,0.11997343599796295,0.1697029024362564,0.04478159546852112,涨幅微弱型,0.5594053340648762,0.07088824619698322,0.20801718650964818,0.12654004933163068,0.03514918389686137
泸201H5-1—第3段—泸201H5-2,泸201H5,泸201H5-1 | 第3段,渐进上升型,888f69998ab16d,泸201H5,0,涨幅微弱型,0.4598337950138504,0.11634349030470914,0.24238227146814403,0.14265927977839335,0.038781163434903045,涨幅微弱型,0.8354630341156107,0.007638085966051623,0.08252452467695488,0.049316740671970775,0.025057614569412114,涨幅微弱型,0.5590971505601592,0.07226164322472188,0.20589475450157965,0.12992460982501164,0.032821841888527374,涨幅微弱型,0.5978844165802002,0.03503391146659851,0.14517883956432343,0.17059288918972015,0.05130996182560921,涨幅微弱型,0.5590971505601592,0.07226164322472188,0.20589475450157965,0.12992460982501164,0.032821841888527374
泸201H5-1—第3段—泸201H5-3,泸201H5,泸201H5-1 | 第3段,涨幅微弱型,0dffb8db6e242c,泸201H5,0,涨幅微弱型,0.4598337950138504,0.11634349030470914,0.24238227146814403,0.14265927977839335,0.038781163434903045,涨幅微弱型,0.9451006199793813,0.00030461202188811486,0.014246855500816872,0.010293324797385827,0.030054587700528105,涨幅微弱型,0.5590971505601592,0.07226164322472188,0.20589475450157965,0.12992460982501164,0.032821841888527374,涨幅微弱型,0.6467071175575256,0.03151792660355568,0.12214214354753494,0.15347227454185486,0.04616051912307739,涨幅微弱型,0.5590971505601592,0.07226164322472188,0.20589475450157965,0.12992460982501164,0.032821841888527374
泸201H5-1—第3段—泸201H5-4,泸201H5,泸201H5-1 | 第3段,涨幅微弱型,63d89047d7c5d0,泸201H5,0,涨幅微弱型,0.4598337950138504,0.11634349030470914,0.24238227146814403,0.14265927977839335,0.038781163434903045,涨幅微弱型,0.9536480272919001,0.00012752028995699307,0.00876829364158627,0.006659310881981682,0.030796847894574975,涨幅微弱型,0.5590971505601592,0.07226164322472188,0.20589475450157965,0.12992460982501164,0.032821841888527374,涨幅微弱型,0.6467071175575256,0.03151792660355568,0.12214214354753494,0.15347227454185486,0.04616051912307739,涨幅微弱型,0.5590971505601592,0.07226164322472188,0.20589475450157965,0.12992460982501164,0.032821841888527374
泸201H5-1—第4段—泸201H5-3,泸201H5,泸201H5-1 | 第4段,涨幅微弱型,bd87952a68b701,泸201H5,0,涨幅微弱型,0.4598337950138504,0.11634349030470914,0.24238227146814403,0.14265927977839335,0.038781163434903045,涨幅微弱型,0.952339214521446,0.0003217624805858856,0.011964512582209898,0.009560268453669599,0.02581424196208875,涨幅微弱型,0.5052780081491954,0.07345956044760624,0.2191848751335544,0.16554465993113482,0.036532896338509105,涨幅微弱型,0.6158608794212341,0.03658028692007065,0.11806852370500565,0.1820676475763321,0.04742267727851868,涨幅微弱型,0.5052780081491954,0.07345956044760624,0.2191848751335544,0.16554465993113482,0.036532896338509105
泸201H5-1—第4段—泸201H5-4,泸201H5,泸201H5-1 | 第4段,涨幅微弱型,472b9c36d68c62,泸201H5,0,涨幅微弱型,0.4598337950138504,0.11634349030470914,0.24238227146814403,0.14265927977839335,0.038781163434903045,涨幅微弱型,0.9600189132127667,0.00013234150287290132,0.007287777264492923,0.006127157304526193,0.026433810715341358,涨幅微弱型,0.5052780081491954,0.07345956044760624,0.2191848751335544,0.16554465993113482,0.036532896338509105,涨幅微弱型,0.6158608794212341,0.03658028692007065,0.11806852370500565,0.1820676475763321,0.04742267727851868,涨幅微弱型,0.5052780081491954,0.07345956044760624,0.2191848751335544,0.16554465993113482,0.036532896338509105
泸201H5-1—第5段—泸201H5-3,泸201H5,泸201H5-1 | 第5段,涨幅微弱型,9b493e1e9b9686,泸201H5,0,涨幅微弱型,0.4598337950138504,0.11634349030470914,0.24238227146814403,0.14265927977839335,0.038781163434903045,涨幅微弱型,0.9447105327741616,0.00042670069804156397,0.015000280962860938,0.011854478152005734,0.028008007412930167,涨幅微弱型,0.5052780081491954,0.07189706044760621,0.22074737513355439,0.16554465993113482,0.036532896338509105,涨幅微弱型,0.616723895072937,0.03808778524398804,0.11823397129774094,0.17946523427963257,0.04748913273215294,涨幅微弱型,0.5052780081491954,0.07189706044760621,0.22074737513355439,0.16554465993113482,0.036532896338509105
泸201H5-1—第6段—泸201H5-3,泸201H5,泸201H5-1 | 第6段,涨幅微弱型,06be3c6d42a0d9,泸201H5,0,涨幅微弱型,0.4598337950138504,0.11634349030470914,0.24238227146814403,0.14265927977839335,0.038781163434903045,涨幅微弱型,0.9461333116407566,0.00044269316291068556,0.015207685863132666,0.011836921236195279,0.02637938809700482,涨幅微弱型,0.49971928528357973,0.08396666907971488,0.2136413345004283,0.1660723083448126,0.036600402791464474,涨幅微弱型,0.6143398284912109,0.03648994117975235,0.11624611914157867,0.1856185495853424,0.047305550426244736,涨幅微弱型,0.49971928528357973,0.08396666907971488,0.2136413345004283,0.1660723083448126,0.036600402791464474
泸201H5-1—第7段—泸201H5-2,泸201H5,泸201H5-1 | 第7段,先降后升型,5c33a9ff1f5560,泸201H5,0,涨幅微弱型,0.4598337950138504,0.11634349030470914,0.24238227146814403,0.14265927977839335,0.038781163434903045,涨幅微弱型,0.8248120673662306,0.007807055316601412,0.09155651128013356,0.04987129803325537,0.025953068003778945,涨幅微弱型,0.5588609004077577,0.0629951521293443,0.21037359051305152,0.13826587737906612,0.029504479570780024,涨幅微弱型,0.6113553643226624,0.038103364408016205,0.14834348857402802,0.1560187041759491,0.04617905616760254,涨幅微弱型,0.5588609004077577,0.0629951521293443,0.21037359051305152,0.13826587737906612,0.029504479570780024
泸201H5-1—第7段—泸201H5-3,泸201H5,泸201H5-1 | 第7段,涨幅微弱型,6cf3f3381f66d8,泸201H5,0,涨幅微弱型,0.4598337950138504,0.11634349030470914,0.24238227146814403,0.14265927977839335,0.038781163434903045,涨幅微弱型,0.9278737777201117,0.0007133598004759425,0.025125035169721085,0.015780764154422085,0.030507063155269024,涨幅微弱型,0.5588609004077577,0.0629951521293443,0.21037359051305152,0.13826587737906612,0.029504479570780024,涨幅微弱型,0.6558707356452942,0.03459498658776283,0.12595389783382416,0.14165326952934265,0.04192711412906647,涨幅微弱型,0.5588609004077577,0.0629951521293443,0.21037359051305152,0.13826587737906612,0.029504479570780024
泸201H5-1—第7段—泸201H5-4,泸201H5,泸201H5-1 | 第7段,涨幅微弱型,d3c5bc21d3b8a9,泸201H5,0,涨幅微弱型,0.4598337950138504,0.11634349030470914,0.24238227146814403,0.14265927977839335,0.038781163434903045,涨幅微弱型,0.9433060904629403,0.0002799380374501479,0.014960585703024812,0.009918024608224026,0.03153536118836058,涨幅微弱型,0.5588609004077577,0.0629951521293443,0.21037359051305152,0.13826587737906612,0.029504479570780024,涨幅微弱型,0.6558707356452942,0.03459498658776283,0.12595389783382416,0.14165326952934265,0.04192711412906647,涨幅微弱型,0.5588609004077577,0.0629951521293443,0.21037359051305152,0.13826587737906612,0.029504479570780024
泸201H5-1—第8段—泸201H5-3,泸201H5,泸201H5-1 | 第8段,涨幅微弱型,84ad0528b23a4c,泸201H5,0,涨幅微弱型,0.4598337950138504,0.11634349030470914,0.24238227146814403,0.14265927977839335,0.038781163434903045,涨幅微弱型,0.9522060013339985,0.00046976624614234125,0.013636859260343899,0.010056570212621345,0.023630802946894017,涨幅微弱型,0.642865912259387,0.06245053391199888,0.1424421205272636,0.12286687831368469,0.029374554987665568,涨幅微弱型,0.7832506895065308,0.02166139706969261,0.060102444142103195,0.1008329838514328,0.03415246307849884,涨幅微弱型,0.642865912259387,0.06245053391199888,0.1424421205272636,0.12286687831368469,0.029374554987665568
泸201H5-1—第8段—泸201H5-4,泸201H5,泸201H5-1 | 第8段,涨幅微弱型,6e26bc2cd49a48,泸201H5,0,涨幅微弱型,0.4598337950138504,0.11634349030470914,0.24238227146814403,0.14265927977839335,0.038781163434903045,涨幅微弱型,0.9613728610456822,0.00017926821156828576,0.007969357459240338,0.006210577937667623,0.024267935345841436,涨幅微弱型,0.642865912259387,0.06245053391199888,0.1424421205272636,0.12286687831368469,0.029374554987665568,涨幅微弱型,0.7832506895065308,0.02166139706969261,0.060102444142103195,0.1008329838514328,0.03415246307849884,涨幅微弱型,0.642865912259387,0.06245053391199888,0.1424421205272636,0.12286687831368469,0.029374554987665568
泸201H5-1—第9段—泸201H5-3,泸201H5,泸201H5-1 | 第9段,涨幅微弱型,4600a49e6fc6db,泸201H5,0,涨幅微弱型,0.4598337950138504,0.11634349030470914,0.24238227146814403,0.14265927977839335,0.038781163434903045,涨幅微弱型,0.9537000193906766,0.0005608714141698285,0.013987037676440283,0.008894794269749356,0.02285727724896402,涨幅微弱型,0.6434319778091798,0.06867247041018261,0.13091906972978054,0.12769018124196269,0.029286300808894144,涨幅微弱型,0.7721686959266663,0.02218477986752987,0.060604438185691833,0.10519220679998398,0.03984985873103142,涨幅微弱型,0.6434319778091798,0.06867247041018261,0.13091906972978054,0.12769018124196269,0.029286300808894144
泸201H5-1—第10段—泸201H5-3,泸201H5,泸201H5-1 | 第10段,涨幅微弱型,005e4f1a5d26a8,泸201H5,0,涨幅微弱型,0.4598337950138504,0.11634349030470914,0.24238227146814403,0.14265927977839335,0.038781163434903045,涨幅微弱型,0.9534015326292261,0.0006959838707429395,0.014889281376718341,0.00960419594271505,0.021409006180597732,涨幅微弱型,0.6442484338973753,0.07161321424766558,0.13097581753109355,0.12537637286837172,0.027786161455493927,涨幅微弱型,0.7753996849060059,0.022628450766205788,0.06085802614688873,0.10212136059999466,0.03899243474006653,涨幅微弱型,0.6442484338973753,0.07161321424766558,0.13097581753109355,0.12537637286837172,0.027786161455493927
泸201H5-1—第10段—泸201H5-4,泸201H5,泸201H5-1 | 第10段,涨幅微弱型,b9cd217b057bd5,泸201H5,0,涨幅微弱型,0.4598337950138504,0.11634349030470914,0.24238227146814403,0.14265927977839335,0.038781163434903045,涨幅微弱型,0.9634246954251094,0.0002542624775332298,0.008493894907569369,0.005804481582549253,0.022022665607238562,涨幅微弱型,0.6442484338973753,0.07161321424766558,0.13097581753109355,0.12537637286837172,0.027786161455493927,涨幅微弱型,0.7753996849060059,0.022628450766205788,0.06085802614688873,0.10212136059999466,0.03899243474006653,涨幅微弱型,0.6442484338973753,0.07161321424766558,0.13097581753109355,0.12537637286837172,0.027786161455493927
泸201H5-1—第11段—泸201H5-2,泸201H5,泸201H5-1 | 第11段,先降后升型,43ebbbadd2f73b,泸201H5,0,涨幅微弱型,0.4598337950138504,0.11634349030470914,0.24238227146814403,0.14265927977839335,0.038781163434903045,涨幅微弱型,0.7915749664502639,0.019195656378658783,0.10656497515283138,0.04543835911403765,0.03722604290420825,涨幅微弱型,0.681681152051868,0.03457237840504363,0.13108913773666703,0.12020112586830001,0.03245620593812133,涨幅微弱型,0.7422527074813843,0.02945590764284134,0.08865730464458466,0.10611436516046524,0.03351978212594986,涨幅微弱型,0.681681152051868,0.03457237840504363,0.13108913773666703,0.12020112586830001,0.03245620593812133
泸201H5-1—第11段—泸201H5-3,泸201H5,泸201H5-1 | 第11段,涨幅微弱型,f2de200e086c17,泸201H5,0,涨幅微弱型,0.4598337950138504,0.11634349030470914,0.24238227146814403,0.14265927977839335,0.038781163434903045,涨幅微弱型,0.885565234306896,0.003944032082942641,0.04599837435983845,0.021592741434667998,0.04289961781565497,涨幅微弱型,0.681681152051868,0.03457237840504363,0.13108913773666703,0.12020112586830001,0.03245620593812133,涨幅微弱型,0.7764577269554138,0.026245716959238052,0.07288015633821487,0.09454967826604843,0.029866687953472137,涨幅微弱型,0.681681152051868,0.03457237840504363,0.13108913773666703,0.12020112586830001,0.03245620593812133
泸201H5-1—第11段—泸201H5-4,泸201H5,泸201H5-1 | 第11段,涨幅微弱型,1ea34ba7c7c0c5,泸201H5,0,涨幅微弱型,0.4598337950138504,0.11634349030470914,0.24238227146814403,0.14265927977839335,0.038781163434903045,涨幅微弱型,0.9138669910469269,0.0014369890878045352,0.026443150788964864,0.01316835807351357,0.04508451100279007,涨幅微弱型,0.681681152051868,0.03457237840504363,0.13108913773666703,0.12020112586830001,0.03245620593812133,涨幅微弱型,0.7764577269554138,0.026245716959238052,0.07288015633821487,0.09454967826604843,0.029866687953472137,涨幅微弱型,0.681681152051868,0.03457237840504363,0.13108913773666703,0.12020112586830001,0.03245620593812133
泸201H5-1—第12段—泸201H5-3,泸201H5,泸201H5-1 | 第12段,涨幅微弱型,b9b36401d9a203,泸201H5,0,涨幅微弱型,0.4598337950138504,0.11634349030470914,0.24238227146814403,0.14265927977839335,0.038781163434903045,涨幅微弱型,0.9493159387459151,0.0010753054540895805,0.017763839128134177,0.012550777570640548,0.019294139101220766,涨幅微弱型,0.6432508200483871,0.07124196165163638,0.13896213409331298,0.11834855604440335,0.02819652816226024,涨幅微弱型,0.782983660697937,0.02199503220617771,0.060081951320171356,0.1007986068725586,0.03414081782102585,涨幅微弱型,0.6432508200483871,0.07124196165163638,0.13896213409331298,0.11834855604440335,0.02819652816226024
泸201H5-1—第13段—泸201H5-3,泸201H5,泸201H5-1 | 第13段,涨幅微弱型,386719f4ad0628,泸201H5,0,涨幅微弱型,0.4598337950138504,0.11634349030470914,0.24238227146814403,0.14265927977839335,0.038781163434903045,涨幅微弱型,0.9449573975245877,0.0010511737001833615,0.020051840577944097,0.012707123367354795,0.021232464829930017,涨幅微弱型,0.6379729021626044,0.07006699584089224,0.13854021685750662,0.12474866734650143,0.02867121779249534,涨幅微弱型,0.7650324106216431,0.02197975106537342,0.07077500224113464,0.10273122787475586,0.039481572806835175,涨幅微弱型,0.6379729021626044,0.07006699584089224,0.13854021685750662,0.12474866734650143,0.02867121779249534
泸201H5-1—第13段—泸201H5-4,泸201H5,泸201H5-1 | 第13段,涨幅微弱型,27aa2fe48c8ae5,泸201H5,0,涨幅微弱型,0.4598337950138504,0.11634349030470914,0.24238227146814403,0.14265927977839335,0.038781163434903045,涨幅微弱型,0.9592227208301881,0.00035810972498843784,0.011020402196884561,0.007430066191900127,0.021968701056038573,涨幅微弱型,0.6379729021626044,0.07006699584089224,0.13854021685750662,0.12474866734650143,0.02867121779249534,涨幅微弱型,0.7650324106216431,0.02197975106537342,0.07077500224113464,0.10273122787475586,0.039481572806835175,涨幅微弱型,0.6379729021626044,0.07006699584089224,0.13854021685750662,0.12474866734650143,0.02867121779249534
泸201H5-1—第14段—泸201H5-3,泸201H5,泸201H5-1 | 第14段,涨幅微弱型,de1343cb8b097c,泸201H5,0,涨幅微弱型,0.4598337950138504,0.11634349030470914,0.24238227146814403,0.14265927977839335,0.038781163434903045,涨幅微弱型,0.9394105366902267,0.00244587109480769,0.024174070859346388,0.013954858533469672,0.020014662822149407,涨幅微弱型,0.6578744341640356,0.0550632788569247,0.14350410127125474,0.11592652512213572,0.02763166058564915,涨幅微弱型,0.7799386382102966,0.021942751482129097,0.06629340350627899,0.0969209298491478,0.034904297441244125,涨幅微弱型,0.6578744341640356,0.0550632788569247,0.14350410127125474,0.11592652512213572,0.02763166058564915
泸201H5-1—第14段—泸201H5-4,泸201H5,泸201H5-1 | 第14段,涨幅微弱型,de59b36d358373,泸201H5,0,涨幅微弱型,0.4598337950138504,0.11634349030470914,0.24238227146814403,0.14265927977839335,0.038781163434903045,涨幅微弱型,0.9571766187426368,0.0008140003086300198,0.013134164580245019,0.008078834075732472,0.020796382292755815,涨幅微弱型,0.6578744341640356,0.0550632788569247,0.14350410127125474,0.11592652512213572,0.02763166058564915,涨幅微弱型,0.7799386382102966,0.021942751482129097,0.06629340350627899,0.0969209298491478,0.034904297441244125,涨幅微弱型,0.6578744341640356,0.0550632788569247,0.14350410127125474,0.11592652512213572,0.02763166058564915
泸201H5-1—第15段—泸201H5-3,泸201H5,泸201H5-1 | 第15段,涨幅微弱型,c2a4657502bdeb,泸201H5,0,涨幅微弱型,0.4598337950138504,0.11634349030470914,0.24238227146814403,0.14265927977839335,0.038781163434903045,涨幅微弱型,0.8122364003733323,0.014570907577933811,0.09135442119037211,0.030023934632349446,0.05181433622601232,涨幅微弱型,0.664612841694033,0.04003650707433141,0.14693111724510974,0.11536427528464124,0.03305525870188449,涨幅微弱型,0.771328330039978,0.024719780310988426,0.07681193202733994,0.09723249077796936,0.029907474294304848,涨幅微弱型,0.664612841694033,0.04003650707433141,0.14693111724510974,0.11536427528464124,0.03305525870188449
泸201H5-1—第15段—泸201H5-4,泸201H5,泸201H5-1 | 第15段,涨幅微弱型,189d07b0c08ed5,泸201H5,0,涨幅微弱型,0.4598337950138504,0.11634349030470914,0.24238227146814403,0.14265927977839335,0.038781163434903045,涨幅微弱型,0.8691816053857804,0.004950194954621161,0.05130211139245307,0.01799468983907768,0.05657139842806753,涨幅微弱型,0.664612841694033,0.04003650707433141,0.14693111724510974,0.11536427528464124,0.03305525870188449,涨幅微弱型,0.771328330039978,0.024719780310988426,0.07681193202733994,0.09723249077796936,0.029907474294304848,涨幅微弱型,0.664612841694033,0.04003650707433141,0.14693111724510974,0.11536427528464124,0.03305525870188449
泸201H5-1—第16段—泸201H5-2,泸201H5,泸201H5-1 | 第16段,涨幅微弱型,f03762b6e9ac79,泸201H5,0,涨幅微弱型,0.4598337950138504,0.11634349030470914,0.24238227146814403,0.14265927977839335,0.038781163434903045,涨幅微弱型,0.9093633705952916,0.005177251325765267,0.045180509196956146,0.02184720776887502,0.01843166111311175,涨幅微弱型,0.6175730673248945,0.06054475808452585,0.172158946568402,0.1223903533554946,0.027332874666683032,涨幅微弱型,0.7461212277412415,0.02258535847067833,0.08411864191293716,0.10300363600254059,0.04417111352086067,涨幅微弱型,0.6175730673248945,0.06054475808452585,0.172158946568402,0.1223903533554946,0.027332874666683032
泸201H5-1—第16段—泸201H5-3,泸201H5,泸201H5-1 | 第16段,涨幅微弱型,e193d504e9e6d1,泸201H5,0,涨幅微弱型,0.4598337950138504,0.11634349030470914,0.24238227146814403,0.14265927977839335,0.038781163434903045,涨幅微弱型,0.9325779471652059,0.002510317842017433,0.030414568373729862,0.01534559431992459,0.01915157229912215,涨幅微弱型,0.6175730673248945,0.06054475808452585,0.172158946568402,0.1223903533554946,0.027332874666683032,涨幅微弱型,0.7801640629768372,0.019986139610409737,0.0696125254034996,0.09114954620599747,0.03908771649003029,涨幅微弱型,0.6175730673248945,0.06054475808452585,0.172158946568402,0.1223903533554946,0.027332874666683032
泸201H5-1—第16段—泸201H5-4,泸201H5,泸201H5-1 | 第16段,涨幅微弱型,77b898a65eaf38,泸201H5,0,涨幅微弱型,0.4598337950138504,0.11634349030470914,0.24238227146814403,0.14265927977839335,0.038781163434903045,涨幅微弱型,0.9544721986211611,0.0007915785676099492,0.01606276721778905,0.008664275216677713,0.02000918037676233,涨幅微弱型,0.6175730673248945,0.06054475808452585,0.172158946568402,0.1223903533554946,0.027332874666683032,涨幅微弱型,0.7801640629768372,0.019986139610409737,0.0696125254034996,0.09114954620599747,0.03908771649003029,涨幅微弱型,0.6175730673248945,0.06054475808452585,0.172158946568402,0.1223903533554946,0.027332874666683032
泸201H5-1—第17段—泸201H5-2,泸201H5,泸201H5-1 | 第17段,涨幅微弱型,62820a93a45618,泸201H5,0,涨幅微弱型,0.4598337950138504,0.11634349030470914,0.24238227146814403,0.14265927977839335,0.038781163434903045,涨幅微弱型,0.6630360297098196,0.039603048339254994,0.19357135003968115,0.051809048320647186,0.051980523590597134,涨幅微弱型,0.6397505145244899,0.043368837788641916,0.16368426437637176,0.11152213239485391,0.04167425091564243,涨幅微弱型,0.7476438283920288,0.028641371056437492,0.08949251472949982,0.10089943557977676,0.033322807401418686,涨幅微弱型,0.6397505145244899,0.043368837788641916,0.16368426437637176,0.11152213239485391,0.04167425091564243
泸201H5-1—第17段—泸201H5-3,泸201H5,泸201H5-1 | 第17段,涨幅微弱型,456d3cd79dfaa0,泸201H5,0,涨幅微弱型,0.4598337950138504,0.11634349030470914,0.24238227146814403,0.14265927977839335,0.038781163434903045,涨幅微弱型,0.722944024578378,0.024387049922475666,0.15309626891848527,0.042326019178199205,0.05724663740246172,涨幅微弱型,0.6397505145244899,0.043368837788641916,0.16368426437637176,0.11152213239485391,0.04167425091564243,涨幅微弱型,0.7814891338348389,0.025500090792775154,0.07350952178239822,0.08983317762613297,0.029668089002370834,涨幅微弱型,0.6397505145244899,0.043368837788641916,0.16368426437637176,0.11152213239485391,0.04167425091564243
泸201H5-1—第17段—泸201H5-4,泸201H5,泸201H5-1 | 第17段,涨幅微弱型,2328e2fc04730a,泸201H5,0,涨幅微弱型,0.4598337950138504,0.11634349030470914,0.24238227146814403,0.14265927977839335,0.038781163434903045,涨幅微弱型,0.8128968126816126,0.008193604740832775,0.08731333469276364,0.025851629476357756,0.06574461840843317,涨幅微弱型,0.6397505145244899,0.043368837788641916,0.16368426437637176,0.11152213239485391,0.04167425091564243,涨幅微弱型,0.7814891338348389,0.025500090792775154,0.07350952178239822,0.08983317762613297,0.029668089002370834,涨幅微弱型,0.6397505145244899,0.043368837788641916,0.16368426437637176,0.11152213239485391,0.04167425091564243
泸201H5-1—第18段—泸201H5-2,泸201H5,泸201H5-1 | 第18段,涨幅微弱型,1d4a9e216f6bb2,泸201H5,0,涨幅微弱型,0.4598337950138504,0.11634349030470914,0.24238227146814403,0.14265927977839335,0.038781163434903045,涨幅微弱型,0.9063979643699264,0.004443421993462789,0.04355979613363177,0.024725626496150826,0.020873191006828395,涨幅微弱型,0.6456464757061511,0.059734371472083665,0.14117220958005225,0.12458395450086754,0.02886298874084524,涨幅微弱型,0.7410359382629395,0.025156885385513306,0.0744551420211792,0.11532003432512283,0.0440320186316967,涨幅微弱型,0.6456464757061511,0.059734371472083665,0.14117220958005225,0.12458395450086754,0.02886298874084524
泸201H5-1—第18段—泸201H5-3,泸201H5,泸201H5-1 | 第18段,涨幅微弱型,606ce7edc41caf,泸201H5,0,涨幅微弱型,0.4598337950138504,0.11634349030470914,0.24238227146814403,0.14265927977839335,0.038781163434903045,涨幅微弱型,0.9197786648028824,0.003028462319221701,0.03534347564818588,0.020520034464326306,0.021329362765383636,涨幅微弱型,0.6456464757061511,0.059734371472083665,0.14117220958005225,0.12458395450086754,0.02886298874084524,涨幅微弱型,0.7750505208969116,0.022267576307058334,0.06163168326020241,0.10207536816596985,0.03897487744688988,涨幅微弱型,0.6456464757061511,0.059734371472083665,0.14117220958005225,0.12458395450086754,0.02886298874084524
泸201H5-1—第18段—泸201H5-4,泸201H5,泸201H5-1 | 第18段,涨幅微弱型,728d805913c8fe,泸201H5,0,涨幅微弱型,0.4598337950138504,0.11634349030470914,0.24238227146814403,0.14265927977839335,0.038781163434903045,涨幅微弱型,0.9472308458318577,0.0009021070388988879,0.018127217507572596,0.011291865806526804,0.022447963815144346,涨幅微弱型,0.6456464757061511,0.059734371472083665,0.14117220958005225,0.12458395450086754,0.02886298874084524,涨幅微弱型,0.7750505208969116,0.022267576307058334,0.06163168326020241,0.10207536816596985,0.03897487744688988,涨幅微弱型,0.6456464757061511,0.059734371472083665,0.14117220958005225,0.12458395450086754,0.02886298874084524
泸201H5-1—第19段—泸201H5-2,泸201H5,泸201H5-1 | 第19段,涨幅微弱型,3087ce5b3a03f0,泸201H5,0,涨幅微弱型,0.4598337950138504,0.11634349030470914,0.24238227146814403,0.14265927977839335,0.038781163434903045,涨幅微弱型,0.9089329608903779,0.004188241180223558,0.042700911584039054,0.02419368913068706,0.019984197214672175,涨幅微弱型,0.6354489963298751,0.07447978893015592,0.13407859460176672,0.12758091135521601,0.02841170878298633,涨幅微弱型,0.7298645973205566,0.026288218796253204,0.07467792183160782,0.12189951539039612,0.0472697913646698,涨幅微弱型,0.6354489963298751,0.07447978893015592,0.13407859460176672,0.12758091135521601,0.02841170878298633
泸201H5-1—第19段—泸201H5-3,泸201H5,泸201H5-1 | 第19段,涨幅微弱型,39ff1920c4ed3c,泸201H5,0,涨幅微弱型,0.4598337950138504,0.11634349030470914,0.24238227146814403,0.14265927977839335,0.038781163434903045,涨幅微弱型,0.9168465575538166,0.0033547667160996122,0.03783817238763795,0.021720824554902003,0.02023967878754383,涨幅微弱型,0.6354489963298751,0.07447978893015592,0.13407859460176672,0.12758091135521601,0.02841170878298633,涨幅微弱型,0.7647494673728943,0.023311149328947067,0.06192810833454132,0.1080947071313858,0.041916605085134506,涨幅微弱型,0.6354489963298751,0.07447978893015592,0.13407859460176672,0.12758091135521601,0.02841170878298633
泸201H5-1—第19段—泸201H5-4,泸201H5,泸201H5-1 | 第19段,涨幅微弱型,9f0a6e5db2d792,泸201H5,0,涨幅微弱型,0.4598337950138504,0.11634349030470914,0.24238227146814403,0.14265927977839335,0.038781163434903045,涨幅微弱型,0.9467765579818137,0.0009691433957868583,0.019098020356398158,0.01178480118086888,0.021371477085132255,涨幅微弱型,0.6354489963298751,0.07447978893015592,0.13407859460176672,0.12758091135521601,0.02841170878298633,涨幅微弱型,0.7647494673728943,0.023311149328947067,0.06192810833454132,0.1080947071313858,0.041916605085134506,涨幅微弱型,0.6354489963298751,0.07447978893015592,0.13407859460176672,0.12758091135521601,0.02841170878298633
泸201H5-1—第20段—泸201H5-2,泸201H5,泸201H5-1 | 第20段,涨幅微弱型,765819411e9427,泸201H5,0,涨幅微弱型,0.4598337950138504,0.11634349030470914,0.24238227146814403,0.14265927977839335,0.038781163434903045,涨幅微弱型,0.8571680330914199,0.010559345058595241,0.07182670133330316,0.03217732313428406,0.028268597382397686,涨幅微弱型,0.6772771431389005,0.04227735273927491,0.12295526351413591,0.12511855059812563,0.03237169000956278,涨幅微弱型,0.7401375770568848,0.021936839446425438,0.07879126816987991,0.12406294792890549,0.03507141396403313,涨幅微弱型,0.6772771431389005,0.04227735273927491,0.12295526351413591,0.12511855059812563,0.03237169000956278
泸201H5-1—第20段—泸201H5-3,泸201H5,泸201H5-1 | 第20段,涨幅微弱型,c4e472ea7af353,泸201H5,0,涨幅微弱型,0.4598337950138504,0.11634349030470914,0.24238227146814403,0.14265927977839335,0.038781163434903045,涨幅微弱型,0.8611639567122228,0.009880184792722296,0.06933391482851108,0.03118619483977612,0.028435748826767686,涨幅微弱型,0.6772771431389005,0.04227735273927491,0.12295526351413591,0.12511855059812563,0.03237169000956278,涨幅微弱型,0.7401375770568848,0.021936839446425438,0.07879126816987991,0.12406294792890549,0.03507141396403313,涨幅微弱型,0.6772771431389005,0.04227735273927491,0.12295526351413591,0.12511855059812563,0.03237169000956278
泸201H5-1—第20段—泸201H5-4,泸201H5,泸201H5-1 | 第20段,涨幅微弱型,eb10e1f3d0f3f4,泸201H5,0,涨幅微弱型,0.4598337950138504,0.11634349030470914,0.24238227146814403,0.14265927977839335,0.038781163434903045,涨幅微弱型,0.913878387205092,0.0028385562080320975,0.035306158344553674,0.017102637308649683,0.030874260933672758,涨幅微弱型,0.6772771431389005,0.04227735273927491,0.12295526351413591,0.12511855059812563,0.03237169000956278,涨幅微弱型,0.7770673632621765,0.01927165314555168,0.06386042386293411,0.10899006575345993,0.03081045299768448,涨幅微弱型,0.6772771431389005,0.04227735273927491,0.12295526351413591,0.12511855059812563,0.03237169000956278
泸201H5-1—第22段—泸201H5-3,泸201H5,泸201H5-1 | 第22段,涨幅微弱型,14f4c0b6846b24,泸201H5,0,涨幅微弱型,0.4598337950138504,0.11634349030470914,0.24238227146814403,0.14265927977839335,0.038781163434903045,涨幅微弱型,0.948620694209191,0.002904910234471393,0.02190718447451826,0.013206401904345537,0.013360809177473877,涨幅微弱型,0.6133173111343855,0.08428047969384136,0.13537093843477732,0.12950085945346082,0.03753041128353497,涨幅微弱型,0.6857897043228149,0.03338240832090378,0.11444318294525146,0.11596646159887314,0.05041824281215668,涨幅微弱型,0.6133173111343855,0.08428047969384136,0.13537093843477732,0.12950085945346082,0.03753041128353497
泸201H5-1—第22段—泸201H5-4,泸201H5,泸201H5-1 | 第22段,涨幅微弱型,1a3b88b1ecc005,泸201H5,0,涨幅微弱型,0.4598337950138504,0.11634349030470914,0.24238227146814403,0.14265927977839335,0.038781163434903045,涨幅微弱型,0.9681616280645821,0.0007548264268142532,0.010364682616294576,0.006752476775303333,0.0139663861170059,涨幅微弱型,0.6133173111343855,0.08428047969384136,0.13537093843477732,0.12950085945346082,0.03753041128353497,涨幅微弱型,0.7225446105003357,0.030190296471118927,0.09679049998521805,0.10487741976976395,0.04559711739420891,涨幅微弱型,0.6133173111343855,0.08428047969384136,0.13537093843477732,0.12950085945346082,0.03753041128353497
泸201H5-1—第23段—泸201H5-2,泸201H5,泸201H5-1 | 第23段,涨幅微弱型,a5fa14e96af5ca,泸201H5,0,涨幅微弱型,0.4598337950138504,0.11634349030470914,0.24238227146814403,0.14265927977839335,0.038781163434903045,涨幅微弱型,0.7675286946229192,0.008682608804382456,0.1154064239137623,0.044239269046983776,0.06414300361195248,涨幅微弱型,0.6820451406272278,0.03746515629774873,0.11935793425914179,0.11781330188263645,0.043318466933245175,涨幅微弱型,0.7759070992469788,0.01600351557135582,0.057175107300281525,0.10347747057676315,0.04743678495287895,涨幅微弱型,0.6820451406272278,0.03746515629774873,0.11935793425914179,0.11781330188263645,0.043318466933245175
泸201H5-1—第23段—泸201H5-3,泸201H5,泸201H5-1 | 第23段,涨幅微弱型,19c03bf99fcc3d,泸201H5,0,涨幅微弱型,0.4598337950138504,0.11634349030470914,0.24238227146814403,0.14265927977839335,0.038781163434903045,涨幅微弱型,0.7392634952044015,0.012004404341374356,0.13619305714791993,0.05114770982716888,0.06139133347913535,涨幅微弱型,0.6820451406272278,0.03746515629774873,0.11935793425914179,0.11781330188263645,0.043318466933245175,涨幅微弱型,0.7759070992469788,0.01600351557135582,0.057175107300281525,0.10347747057676315,0.04743678495287895,涨幅微弱型,0.6820451406272278,0.03746515629774873,0.11935793425914179,0.11781330188263645,0.043318466933245175
泸201H5-1—第23段—泸201H5-4,泸201H5,泸201H5-1 | 第23段,涨幅微弱型,d3f741d6fbd42d,泸201H5,0,涨幅微弱型,0.4598337950138504,0.11634349030470914,0.24238227146814403,0.14265927977839335,0.038781163434903045,涨幅微弱型,0.8284228827894878,0.0033180311818864234,0.06949963882547852,0.02825818674458841,0.0705012604585588,涨幅微弱型,0.6820451406272278,0.03746515629774873,0.11935793425914179,0.11781330188263645,0.043318466933245175,涨幅微弱型,0.8027782440185547,0.014304457232356071,0.048025306314229965,0.09249148517847061,0.04240051656961441,涨幅微弱型,0.6820451406272278,0.03746515629774873,0.11935793425914179,0.11781330188263645,0.043318466933245175
泸201H5-2—第1段—泸201H5-1,泸201H5,泸201H5-2 | 第1段,稳定缓升型,207a859818941e,泸201H5,0,涨幅微弱型,0.4598337950138504,0.11634349030470914,0.24238227146814403,0.14265927977839335,0.038781163434903045,涨幅微弱型,0.8694748590675523,0.00449877264362829,0.07042398089688176,0.03193373303565025,0.02366865435628754,涨幅微弱型,0.571752621877779,0.061575830195764916,0.1839727820520678,0.1479216647883467,0.03477710108604172,涨幅微弱型,0.6534908413887024,0.03987563028931618,0.13398350775241852,0.14756476879119873,0.02508522942662239,涨幅微弱型,0.571752621877779,0.061575830195764916,0.1839727820520678,0.1479216647883467,0.03477710108604172
泸201H5-2—第1段—泸201H5-3,泸201H5,泸201H5-2 | 第1段,涨幅微弱型,a6f71daccb56ab,泸201H5,0,涨幅微弱型,0.4598337950138504,0.11634349030470914,0.24238227146814403,0.14265927977839335,0.038781163434903045,涨幅微弱型,0.9573082799208341,0.00011703728241057208,0.009450276286952896,0.005299785711801767,0.0278246207980006,涨幅微弱型,0.571752621877779,0.061575830195764916,0.1839727820520678,0.1479216647883467,0.03477710108604172,涨幅微弱型,0.7024789452552795,0.035118427127599716,0.11034993827342987,0.12996016442775726,0.022092541679739952,涨幅微弱型,0.571752621877779,0.061575830195764916,0.1839727820520678,0.1479216647883467,0.03477710108604172
泸201H5-2—第1段—泸201H5-4,泸201H5,泸201H5-2 | 第1段,涨幅微弱型,95336f8e525778,泸201H5,0,涨幅微弱型,0.4598337950138504,0.11634349030470914,0.24238227146814403,0.14265927977839335,0.038781163434903045,涨幅微弱型,0.9595573232504003,8.355268451396422e-05,0.00782779970865651,0.004475230607662984,0.02805609374876608,涨幅微弱型,0.571752621877779,0.061575830195764916,0.1839727820520678,0.1479216647883467,0.03477710108604172,涨幅微弱型,0.7024789452552795,0.035118427127599716,0.11034993827342987,0.12996016442775726,0.022092541679739952,涨幅微弱型,0.571752621877779,0.061575830195764916,0.1839727820520678,0.1479216647883467,0.03477710108604172
泸201H5-2—第2段—泸201H5-1,泸201H5,泸201H5-2 | 第2段,涨幅微弱型,89e92924664ce3,泸201H5,0,涨幅微弱型,0.4598337950138504,0.11634349030470914,0.24238227146814403,0.14265927977839335,0.038781163434903045,涨幅微弱型,0.8757328736097909,0.0045673644195278335,0.06733258677561746,0.030752215769783115,0.021614959425280477,涨幅微弱型,0.5659933605420772,0.06671931321491281,0.18061122564660598,0.15184312158214394,0.03483297901426007,涨幅微弱型,0.6464753150939941,0.04037460684776306,0.13833960890769958,0.14941130578517914,0.025399133563041687,涨幅微弱型,0.5659933605420772,0.06671931321491281,0.18061122564660598,0.15184312158214394,0.03483297901426007
泸201H5-2—第2段—泸201H5-3,泸201H5,泸201H5-2 | 第2段,涨幅微弱型,c662666fe7a1bb,泸201H5,0,涨幅微弱型,0.4598337950138504,0.11634349030470914,0.24238227146814403,0.14265927977839335,0.038781163434903045,涨幅微弱型,0.9587092382528324,0.00014966867336367438,0.0102610455276824,0.005718732781091895,0.025161314765029717,涨幅微弱型,0.5659933605420772,0.06671931321491281,0.18061122564660598,0.15184312158214394,0.03483297901426007,涨幅微弱型,0.6960592269897461,0.03561528027057648,0.11412156373262405,0.13179880380630493,0.022405099123716354,涨幅微弱型,0.5659933605420772,0.06671931321491281,0.18061122564660598,0.15184312158214394,0.03483297901426007
泸201H5-2—第2段—泸201H5-4,泸201H5,泸201H5-2 | 第2段,涨幅微弱型,ef10e5b4247a1e,泸201H5,0,涨幅微弱型,0.4598337950138504,0.11634349030470914,0.24238227146814403,0.14265927977839335,0.038781163434903045,涨幅微弱型,0.9612449866085367,0.00010591413745500094,0.00845863052848152,0.004808324440118858,0.02538214428540799,涨幅微弱型,0.5659933605420772,0.06671931321491281,0.18061122564660598,0.15184312158214394,0.03483297901426007,涨幅微弱型,0.6960592269897461,0.03561528027057648,0.11412156373262405,0.13179880380630493,0.022405099123716354,涨幅微弱型,0.5659933605420772,0.06671931321491281,0.18061122564660598,0.15184312158214394,0.03483297901426007
泸201H5-2—第3段—泸201H5-3,泸201H5,泸201H5-2 | 第3段,涨幅微弱型,dd5b6029f5a2ae,泸201H5,0,涨幅微弱型,0.4598337950138504,0.11634349030470914,0.24238227146814403,0.14265927977839335,0.038781163434903045,涨幅微弱型,0.9561137601596419,0.00019046983453498836,0.011870015246078516,0.006499304922219774,0.025326449837524665,涨幅微弱型,0.5674146129008295,0.06153412802972764,0.18565842381880418,0.15055985623637863,0.03483297901426007,涨幅微弱型,0.6950147747993469,0.03556183725595474,0.1154508963227272,0.13160103559494019,0.022371478378772736,涨幅微弱型,0.5674146129008295,0.06153412802972764,0.18565842381880418,0.15055985623637863,0.03483297901426007
泸201H5-2—第3段—泸201H5-4,泸201H5,泸201H5-2 | 第3段,涨幅微弱型,6b28966bdef4d9,泸201H5,0,涨幅微弱型,0.4598337950138504,0.11634349030470914,0.24238227146814403,0.14265927977839335,0.038781163434903045,涨幅微弱型,0.9591103631805181,0.00013377871893996353,0.009745839928670213,0.005445246342604709,0.02556477182926695,涨幅微弱型,0.5674146129008295,0.06153412802972764,0.18565842381880418,0.15055985623637863,0.03483297901426007,涨幅微弱型,0.6950147747993469,0.03556183725595474,0.1154508963227272,0.13160103559494019,0.022371478378772736,涨幅微弱型,0.5674146129008295,0.06153412802972764,0.18565842381880418,0.15055985623637863,0.03483297901426007
泸201H5-2—第4段—泸201H5-3,泸201H5,泸201H5-2 | 第4段,涨幅微弱型,4c286394433479,泸201H5,0,涨幅微弱型,0.4598337950138504,0.11634349030470914,0.24238227146814403,0.14265927977839335,0.038781163434903045,涨幅微弱型,0.9247053181783808,0.0006158404958191298,0.009622451633913323,0.00843974232879821,0.056616647363088475,涨幅微弱型,0.707732881380218,0.05007105191232333,0.10937369796481988,0.10014802725195031,0.03267434149068835,涨幅微弱型,0.8425363898277283,0.02609383314847946,0.053312066942453384,0.037895552814006805,0.04016216844320297,涨幅微弱型,0.707732881380218,0.05007105191232333,0.10937369796481988,0.10014802725195031,0.03267434149068835
泸201H5-2—第5段—泸201H5-1,泸201H5,泸201H5-2 | 第5段,涨幅微弱型,b6d37817e3d91b,泸201H5,0,涨幅微弱型,0.4598337950138504,0.11634349030470914,0.24238227146814403,0.14265927977839335,0.038781163434903045,涨幅微弱型,0.9220703254657258,0.0033464284216586943,0.03274904609163865,0.019509993494055508,0.022324206526921447,涨幅微弱型,0.6075799023459447,0.08032390228074404,0.1504778243435594,0.12569469978143635,0.035923671248315234,涨幅微弱型,0.7377110123634338,0.03073415346443653,0.08105026185512543,0.10838688910007477,0.042117681354284286,涨幅微弱型,0.6075799023459447,0.08032390228074404,0.1504778243435594,0.12569469978143635,0.035923671248315234
泸201H5-2—第5段—泸201H5-3,泸201H5,泸201H5-2 | 第5段,涨幅微弱型,7da057dc2faedb,泸201H5,0,涨幅微弱型,0.4598337950138504,0.11634349030470914,0.24238227146814403,0.14265927977839335,0.038781163434903045,涨幅微弱型,0.9630265113919578,0.00022044247749639402,0.007238120480300886,0.005044016740142785,0.024470908910102254,涨幅微弱型,0.6075799023459447,0.08032390228074404,0.1504778243435594,0.12569469978143635,0.035923671248315234,涨幅微弱型,0.7779338955879211,0.026552865281701088,0.06548438221216202,0.09364116191864014,0.036387696862220764,涨幅微弱型,0.6075799023459447,0.08032390228074404,0.1504778243435594,0.12569469978143635,0.035923671248315234
泸201H5-2—第6段—泸201H5-1,泸201H5,泸201H5-2 | 第6段,涨幅微弱型,881db431bfc0a5,泸201H5,0,涨幅微弱型,0.4598337950138504,0.11634349030470914,0.24238227146814403,0.14265927977839335,0.038781163434903045,涨幅微弱型,0.9180406997277307,0.0034521226932314373,0.03496892655357659,0.02029544102993719,0.023242809995523986,涨幅微弱型,0.5908375813186505,0.07968907826701103,0.16467845013225915,0.12766422249465129,0.03713066778742781,涨幅微弱型,0.707659900188446,0.030003443360328674,0.10604646801948547,0.11410589516162872,0.04218432679772377,涨幅微弱型,0.5908375813186505,0.07968907826701103,0.16467845013225915,0.12766422249465129,0.03713066778742781
泸201H5-2—第6段—泸201H5-3,泸201H5,泸201H5-2 | 第6段,涨幅微弱型,5ad584fc9b8ac1,泸201H5,0,涨幅微弱型,0.4598337950138504,0.11634349030470914,0.24238227146814403,0.14265927977839335,0.038781163434903045,涨幅微弱型,0.959663165881311,0.0002846505638313899,0.008771530412556369,0.005879942500050873,0.02540071064225042,涨幅微弱型,0.5908375813186505,0.07968907826701103,0.16467845013225915,0.12766422249465129,0.03713066778742781,涨幅微弱型,0.7516008615493774,0.02610761858522892,0.0862949788570404,0.09928968548774719,0.03670685738325119,涨幅微弱型,0.5908375813186505,0.07968907826701103,0.16467845013225915,0.12766422249465129,0.03713066778742781
泸201H5-2—第6段—泸201H5-4,泸201H5,泸201H5-2 | 第6段,涨幅微弱型,55bd125d5fad0d,泸201H5,0,涨幅微弱型,0.4598337950138504,0.11634349030470914,0.24238227146814403,0.14265927977839335,0.038781163434903045,涨幅微弱型,0.9620692407798291,0.0001993786606134291,0.007188749329327399,0.0049179716103788995,0.02562465961985114,涨幅微弱型,0.5908375813186505,0.07968907826701103,0.16467845013225915,0.12766422249465129,0.03713066778742781,涨幅微弱型,0.7516008615493774,0.02610761858522892,0.0862949788570404,0.09928968548774719,0.03670685738325119,涨幅微弱型,0.5908375813186505,0.07968907826701103,0.16467845013225915,0.12766422249465129,0.03713066778742781
泸201H5-2—第7段—泸201H5-1,泸201H5,泸201H5-2 | 第7段,涨幅微弱型,ad4099ffdc3c58,泸201H5,0,涨幅微弱型,0.4598337950138504,0.11634349030470914,0.24238227146814403,0.14265927977839335,0.038781163434903045,涨幅微弱型,0.9156437120805259,0.0033665407626394727,0.03677395054697207,0.01936426584842695,0.024851530761435703,涨幅微弱型,0.5831719432444046,0.08268972676182308,0.16844793788220128,0.13098654098103846,0.0347038511305325,涨幅微弱型,0.7074571847915649,0.030320625752210617,0.10601609945297241,0.11350811272859573,0.0426979660987854,涨幅微弱型,0.5831719432444046,0.08268972676182308,0.16844793788220128,0.13098654098103846,0.0347038511305325
泸201H5-2—第7段—泸201H5-3,泸201H5,泸201H5-2 | 第7段,涨幅微弱型,1aeb6e0e67b57f,泸201H5,0,涨幅微弱型,0.4598337950138504,0.11634349030470914,0.24238227146814403,0.14265927977839335,0.038781163434903045,涨幅微弱型,0.9559396179074222,0.0003457829998191974,0.01043035554359026,0.006264663342341296,0.027019580206826984,涨幅微弱型,0.5831719432444046,0.08268972676182308,0.16844793788220128,0.13098654098103846,0.0347038511305325,涨幅微弱型,0.7487587928771973,0.026666363701224327,0.08719482272863388,0.09982804954051971,0.037551987916231155,涨幅微弱型,0.5831719432444046,0.08268972676182308,0.16844793788220128,0.13098654098103846,0.0347038511305325
泸201H5-2—第7段—泸201H5-4,泸201H5,泸201H5-2 | 第7段,涨幅微弱型,a671cc1d974d97,泸201H5,0,涨幅微弱型,0.4598337950138504,0.11634349030470914,0.24238227146814403,0.14265927977839335,0.038781163434903045,涨幅微弱型,0.9587012005429943,0.00024212501555413596,0.008548227974597035,0.005239942012937927,0.027268504453916535,涨幅微弱型,0.5831719432444046,0.08268972676182308,0.16844793788220128,0.13098654098103846,0.0347038511305325,涨幅微弱型,0.7487587928771973,0.026666363701224327,0.08719482272863388,0.09982804954051971,0.037551987916231155,涨幅微弱型,0.5831719432444046,0.08268972676182308,0.16844793788220128,0.13098654098103846,0.0347038511305325
泸201H5-2—第8段—泸201H5-1,泸201H5,泸201H5-2 | 第8段,涨幅微弱型,2482417569d490,泸201H5,0,涨幅微弱型,0.4598337950138504,0.11634349030470914,0.24238227146814403,0.14265927977839335,0.038781163434903045,涨幅微弱型,0.9417303978161019,0.002572693524902806,0.02288162218508152,0.013737603445353384,0.019077683028560527,涨幅微弱型,0.6295923628942319,0.0746338631532049,0.1422551558083909,0.11971652499569577,0.03380209314847627,涨幅微弱型,0.7336053252220154,0.027665024623274803,0.07821252942085266,0.11802327632904053,0.042493827641010284,涨幅微弱型,0.6295923628942319,0.0746338631532049,0.1422551558083909,0.11971652499569577,0.03380209314847627
泸201H5-2—第8段—泸201H5-3,泸201H5,泸201H5-2 | 第8段,涨幅微弱型,5ab30e12b4cd64,泸201H5,0,涨幅微弱型,0.4598337950138504,0.11634349030470914,0.24238227146814403,0.14265927977839335,0.038781163434903045,涨幅微弱型,0.9672172285330884,0.00032496133774366243,0.007237865719690492,0.004894103228913807,0.02032584118056383,涨幅微弱型,0.6295923628942319,0.0746338631532049,0.1422551558083909,0.11971652499569577,0.03380209314847627,涨幅微弱型,0.7716007232666016,0.02417939342558384,0.06392693519592285,0.1031530350446701,0.037139859050512314,涨幅微弱型,0.6295923628942319,0.0746338631532049,0.1422551558083909,0.11971652499569577,0.03380209314847627
泸201H5-2—第8段—泸201H5-4,泸201H5,泸201H5-2 | 第8段,涨幅微弱型,f97712ed96c488,泸201H5,0,涨幅微弱型,0.4598337950138504,0.11634349030470914,0.24238227146814403,0.14265927977839335,0.038781163434903045,涨幅微弱型,0.9692628761161155,0.00022714694711043368,0.0059239734197444,0.004088383339768613,0.020497620177260912,涨幅微弱型,0.6295923628942319,0.0746338631532049,0.1422551558083909,0.11971652499569577,0.03380209314847627,涨幅微弱型,0.7716007232666016,0.02417939342558384,0.06392693519592285,0.1031530350446701,0.037139859050512314,涨幅微弱型,0.6295923628942319,0.0746338631532049,0.1422551558083909,0.11971652499569577,0.03380209314847627
泸201H5-2—第9段—泸201H5-3,泸201H5,泸201H5-2 | 第9段,涨幅微弱型,2ef1828a57b910,泸201H5,0,涨幅微弱型,0.4598337950138504,0.11634349030470914,0.24238227146814403,0.14265927977839335,0.038781163434903045,涨幅微弱型,0.96667610677921,0.0003962537528605087,0.007875857221463946,0.004777328902905514,0.02027445334356019,涨幅微弱型,0.6339588601257157,0.07707318884693269,0.13250035514487313,0.12276354194968833,0.033704053932789996,涨幅微弱型,0.7673616409301758,0.02469645068049431,0.06357572227716446,0.10603896528482437,0.03832724317908287,涨幅微弱型,0.6339588601257157,0.07707318884693269,0.13250035514487313,0.12276354194968833,0.033704053932789996
泸201H5-2—第9段—泸201H5-4,泸201H5,泸201H5-2 | 第9段,涨幅微弱型,8dc7be7df0263a,泸201H5,0,涨幅微弱型,0.4598337950138504,0.11634349030470914,0.24238227146814403,0.14265927977839335,0.038781163434903045,涨幅微弱型,0.9688401825270699,0.0002768254312642179,0.006444475159571446,0.0039899510953261864,0.02044856578676842,涨幅微弱型,0.6339588601257157,0.07707318884693269,0.13250035514487313,0.12276354194968833,0.033704053932789996,涨幅微弱型,0.7673616409301758,0.02469645068049431,0.06357572227716446,0.10603896528482437,0.03832724317908287,涨幅微弱型,0.6339588601257157,0.07707318884693269,0.13250035514487313,0.12276354194968833,0.033704053932789996
泸201H5-2—第10段—泸201H5-1,泸201H5,泸201H5-2 | 第10段,涨幅微弱型,d9543279c70508,泸201H5,0,涨幅微弱型,0.4598337950138504,0.11634349030470914,0.24238227146814403,0.14265927977839335,0.038781163434903045,涨幅微弱型,0.9472536970693908,0.0025450636773809493,0.02073808459423121,0.011484238212839963,0.01797891644615701,涨幅微弱型,0.6334345042480989,0.08134049963598261,0.1304844533735366,0.1216765854279492,0.03306395731443252,涨幅微弱型,0.7309073209762573,0.028308222070336342,0.07792488485574722,0.11892713606357574,0.043932463973760605,涨幅微弱型,0.6334345042480989,0.08134049963598261,0.1304844533735366,0.1216765854279492,0.03306395731443252
泸201H5-2—第10段—泸201H5-3,泸201H5,泸201H5-2 | 第10段,涨幅微弱型,909b13cc0d3d00,泸201H5,0,涨幅微弱型,0.4598337950138504,0.11634349030470914,0.24238227146814403,0.14265927977839335,0.038781163434903045,涨幅微弱型,0.9670969435597876,0.0005016983475315705,0.008402026944852443,0.005107893351652075,0.018891437796176337,涨幅微弱型,0.6334345042480989,0.08134049963598261,0.1304844533735366,0.1216765854279492,0.03306395731443252,涨幅微弱型,0.769119381904602,0.024753021076321602,0.06372135132551193,0.10399120301008224,0.038415033370256424,涨幅微弱型,0.6334345042480989,0.08134049963598261,0.1304844533735366,0.1216765854279492,0.03306395731443252
泸201H5-2—第10段—泸201H5-4,泸201H5,泸201H5-2 | 第10段,涨幅微弱型,4a628621f690dc,泸201H5,0,涨幅微弱型,0.4598337950138504,0.11634349030470914,0.24238227146814403,0.14265927977839335,0.038781163434903045,涨幅微弱型,0.9694501591504545,0.00035048207066500797,0.006875517733856341,0.004266396251805892,0.01905744479321824,涨幅微弱型,0.6334345042480989,0.08134049963598261,0.1304844533735366,0.1216765854279492,0.03306395731443252,涨幅微弱型,0.769119381904602,0.024753021076321602,0.06372135132551193,0.10399120301008224,0.038415033370256424,涨幅微弱型,0.6334345042480989,0.08134049963598261,0.1304844533735366,0.1216765854279492,0.03306395731443252
泸201H5-2—第11段—泸201H5-1,泸201H5,泸201H5-2 | 第11段,涨幅微弱型,ebdebf955d44dc,泸201H5,0,涨幅微弱型,0.4598337950138504,0.11634349030470914,0.24238227146814403,0.14265927977839335,0.038781163434903045,涨幅微弱型,0.9496200239326011,0.0021952588125391742,0.019526883137733608,0.01133748110755343,0.017320353009572676,涨幅微弱型,0.6288140108346798,0.08088638079245326,0.13731395609074967,0.11973312655951465,0.03325252572260243,涨幅微弱型,0.7229690551757812,0.02726392075419426,0.09085343778133392,0.11595505475997925,0.04295855760574341,涨幅微弱型,0.6288140108346798,0.08088638079245326,0.13731395609074967,0.11973312655951465,0.03325252572260243
泸201H5-2—第11段—泸201H5-3,泸201H5,泸201H5-2 | 第11段,涨幅微弱型,c29094039da629,泸201H5,0,涨幅微弱型,0.4598337950138504,0.11634349030470914,0.24238227146814403,0.14265927977839335,0.038781163434903045,涨幅微弱型,0.9668016774578994,0.0005400339629305965,0.008948942092610867,0.005631875437705051,0.018077471048854064,涨幅微弱型,0.6288140108346798,0.08088638079245326,0.13731395609074967,0.11973312655951465,0.03325252572260243,涨幅微弱型,0.7624013423919678,0.023891115561127663,0.07445307821035385,0.10161032527685165,0.03764417767524719,涨幅微弱型,0.6288140108346798,0.08088638079245326,0.13731395609074967,0.11973312655951465,0.03325252572260243
泸201H5-2—第11段—泸201H5-4,泸201H5,泸201H5-2 | 第11段,涨幅微弱型,b25dca86a41390,泸201H5,0,涨幅微弱型,0.4598337950138504,0.11634349030470914,0.24238227146814403,0.14265927977839335,0.038781163434903045,涨幅微弱型,0.9693537442571942,0.0003772966300258874,0.007324094881489718,0.004704746339814171,0.018240117891476205,涨幅微弱型,0.6288140108346798,0.08088638079245326,0.13731395609074967,0.11973312655951465,0.03325252572260243,涨幅微弱型,0.7624013423919678,0.023891115561127663,0.07445307821035385,0.10161032527685165,0.03764417767524719,涨幅微弱型,0.6288140108346798,0.08088638079245326,0.13731395609074967,0.11973312655951465,0.03325252572260243
泸201H5-2—第12段—泸201H5-1,泸201H5,泸201H5-2 | 第12段,涨幅微弱型,7d2024ad4a1354,泸201H5,0,涨幅微弱型,0.4598337950138504,0.11634349030470914,0.24238227146814403,0.14265927977839335,0.038781163434903045,涨幅微弱型,0.9467410555815448,0.0025144366245003907,0.021003474882645243,0.011291764730741038,0.018449268180568634,涨幅微弱型,0.6333540990825792,0.07784310021067838,0.12861118247588396,0.12547963314395533,0.034711985086903006,涨幅微弱型,0.7226563096046448,0.02831115387380123,0.078803651034832,0.12302865833044052,0.047200243920087814,涨幅微弱型,0.6333540990825792,0.07784310021067838,0.12861118247588396,0.12547963314395533,0.034711985086903006
泸201H5-2—第12段—泸201H5-3,泸201H5,泸201H5-2 | 第12段,涨幅微弱型,89aed3b159bb8b,泸201H5,0,涨幅微弱型,0.4598337950138504,0.11634349030470914,0.24238227146814403,0.14265927977839335,0.038781163434903045,涨幅微弱型,0.9629435217242639,0.0007683330079612725,0.01086848353265443,0.006255623218336261,0.019164038516784034,涨幅微弱型,0.6333540990825792,0.07784310021067838,0.12861118247588396,0.12547963314395533,0.034711985086903006,涨幅微弱型,0.7615927457809448,0.024793196469545364,0.06453787535429001,0.10774107277393341,0.04133512079715729,涨幅微弱型,0.6333540990825792,0.07784310021067838,0.12861118247588396,0.12547963314395533,0.034711985086903006
泸201H5-2—第12段—泸201H5-4,泸201H5,泸201H5-2 | 第12段,涨幅微弱型,e9b262ae78f408,泸201H5,0,涨幅微弱型,0.4598337950138504,0.11634349030470914,0.24238227146814403,0.14265927977839335,0.038781163434903045,涨幅微弱型,0.9659983859225889,0.0005363560967704578,0.008893055724979473,0.005225008001506727,0.019347194254154515,涨幅微弱型,0.6333540990825792,0.07784310021067838,0.12861118247588396,0.12547963314395533,0.034711985086903006,涨幅微弱型,0.7615927457809448,0.024793196469545364,0.06453787535429001,0.10774107277393341,0.04133512079715729,涨幅微弱型,0.6333540990825792,0.07784310021067838,0.12861118247588396,0.12547963314395533,0.034711985086903006
泸201H5-2—第13段—泸201H5-1,泸201H5,泸201H5-2 | 第13段,涨幅微弱型,7307b7fee85f5d,泸201H5,0,涨幅微弱型,0.4598337950138504,0.11634349030470914,0.24238227146814403,0.14265927977839335,0.038781163434903045,涨幅微弱型,0.9477572078800618,0.002529624479565107,0.020568829314528175,0.01111620392045388,0.018028134405391052,涨幅微弱型,0.6361167802419996,0.07956411470343201,0.1255767621860289,0.12439267662221619,0.0343496662463233,涨幅微弱型,0.7226563096046448,0.02831115387380123,0.078803651034832,0.12302865833044052,0.047200243920087814,涨幅微弱型,0.6361167802419996,0.07956411470343201,0.1255767621860289,0.12439267662221619,0.0343496662463233
泸201H5-2—第13段—泸201H5-3,泸201H5,泸201H5-2 | 第13段,涨幅微弱型,da6086e85ef837,泸201H5,0,涨幅微弱型,0.4598337950138504,0.11634349030470914,0.24238227146814403,0.14265927977839335,0.038781163434903045,涨幅微弱型,0.961538745333909,0.0009620153206829313,0.01202269386825122,0.006869519962648951,0.018607025514507734,涨幅微弱型,0.6361167802419996,0.07956411470343201,0.1255767621860289,0.12439267662221619,0.0343496662463233,涨幅微弱型,0.7615927457809448,0.024793196469545364,0.06453787535429001,0.10774107277393341,0.04133512079715729,涨幅微弱型,0.6361167802419996,0.07956411470343201,0.1255767621860289,0.12439267662221619,0.0343496662463233
泸201H5-2—第13段—泸201H5-4,泸201H5,泸201H5-2 | 第13段,涨幅微弱型,2a734542b743a2,泸201H5,0,涨幅微弱型,0.4598337950138504,0.11634349030470914,0.24238227146814403,0.14265927977839335,0.038781163434903045,涨幅微弱型,0.9649575306505367,0.0006716208246340971,0.009839614581800857,0.005739105801263572,0.01879212814176491,涨幅微弱型,0.6361167802419996,0.07956411470343201,0.1255767621860289,0.12439267662221619,0.0343496662463233,涨幅微弱型,0.7615927457809448,0.024793196469545364,0.06453787535429001,0.10774107277393341,0.04133512079715729,涨幅微弱型,0.6361167802419996,0.07956411470343201,0.1255767621860289,0.12439267662221619,0.0343496662463233
泸201H5-2—第14段—泸201H5-1,泸201H5,泸201H5-2 | 第14段,涨幅微弱型,ee1659aa064cfe,泸201H5,0,涨幅微弱型,0.4598337950138504,0.11634349030470914,0.24238227146814403,0.14265927977839335,0.038781163434903045,涨幅微弱型,0.9475695279525695,0.002526606202440194,0.02064891049062001,0.0111485867868669,0.01810636856750344,涨幅微弱型,0.6333540990825792,0.07940560021067838,0.12704868247588397,0.12547963314395533,0.034711985086903006,涨幅微弱型,0.7226563096046448,0.02831115387380123,0.078803651034832,0.12302865833044052,0.047200243920087814,涨幅微弱型,0.6333540990825792,0.07940560021067838,0.12704868247588397,0.12547963314395533,0.034711985086903006
泸201H5-2—第14段—泸201H5-3,泸201H5,泸201H5-2 | 第14段,涨幅微弱型,b718e1e21512d6,泸201H5,0,涨幅微弱型,0.4598337950138504,0.11634349030470914,0.24238227146814403,0.14265927977839335,0.038781163434903045,涨幅微弱型,0.958933672932206,0.0011942229340271477,0.01362299673693441,0.007679870831836526,0.01856923656499588,涨幅微弱型,0.6333540990825792,0.07940560021067838,0.12704868247588397,0.12547963314395533,0.034711985086903006,涨幅微弱型,0.7615927457809448,0.024793196469545364,0.06453787535429001,0.10774107277393341,0.04133512079715729,涨幅微弱型,0.6333540990825792,0.07940560021067838,0.12704868247588397,0.12547963314395533,0.034711985086903006
泸201H5-2—第14段—泸201H5-4,泸201H5,泸201H5-2 | 第14段,涨幅微弱型,53070d79d65293,泸201H5,0,涨幅微弱型,0.4598337950138504,0.11634349030470914,0.24238227146814403,0.14265927977839335,0.038781163434903045,涨幅微弱型,0.9628338263532805,0.0008336671662690431,0.011151320962084474,0.006417467226957455,0.018763718291408743,涨幅微弱型,0.6333540990825792,0.07940560021067838,0.12704868247588397,0.12547963314395533,0.034711985086903006,涨幅微弱型,0.7615927457809448,0.024793196469545364,0.06453787535429001,0.10774107277393341,0.04133512079715729,涨幅微弱型,0.6333540990825792,0.07940560021067838,0.12704868247588397,0.12547963314395533,0.034711985086903006
泸201H5-2—第15段—泸201H5-1,泸201H5,泸201H5-2 | 第15段,涨幅微弱型,c6ebfa4acb6604,泸201H5,0,涨幅微弱型,0.4598337950138504,0.11634349030470914,0.24238227146814403,0.14265927977839335,0.038781163434903045,涨幅微弱型,0.9456447088701438,0.0030324579933132365,0.023381546933221038,0.01068213192780882,0.01725915427551299,涨幅微弱型,0.6117397228089254,0.06593107006787066,0.16878639074252824,0.12072043968514895,0.03282237669552628,涨幅微弱型,0.735310971736908,0.025393424555659294,0.08912388235330582,0.10613711923360825,0.04403458908200264,涨幅微弱型,0.6117397228089254,0.06593107006787066,0.16878639074252824,0.12072043968514895,0.03282237669552628
泸201H5-2—第15段—泸201H5-3,泸201H5,泸201H5-2 | 第15段,涨幅微弱型,7196b427523105,泸201H5,0,涨幅微弱型,0.4598337950138504,0.11634349030470914,0.24238227146814403,0.14265927977839335,0.038781163434903045,涨幅微弱型,0.9550631187746216,0.0017743006309135305,0.017376070221144305,0.008188168008306795,0.017598342365013973,涨幅微弱型,0.6117397228089254,0.06593107006787066,0.16878639074252824,0.12072043968514895,0.03282237669552628,涨幅微弱型,0.7736384272575378,0.022200996056199074,0.07286827266216278,0.09279370307922363,0.03849860653281212,涨幅微弱型,0.6117397228089254,0.06593107006787066,0.16878639074252824,0.12072043968514895,0.03282237669552628
泸201H5-2—第15段—泸201H5-4,泸201H5,泸201H5-2 | 第15段,涨幅微弱型,6152a28e99650b,泸201H5,0,涨幅微弱型,0.4598337950138504,0.11634349030470914,0.24238227146814403,0.14265927977839335,0.038781163434903045,涨幅微弱型,0.9598957494961854,0.0012376013620421747,0.01422310659406533,0.006842741727193383,0.01780080082051375,涨幅微弱型,0.6117397228089254,0.06593107006787066,0.16878639074252824,0.12072043968514895,0.03282237669552628,涨幅微弱型,0.7736384272575378,0.022200996056199074,0.07286827266216278,0.09279370307922363,0.03849860653281212,涨幅微弱型,0.6117397228089254,0.06593107006787066,0.16878639074252824,0.12072043968514895,0.03282237669552628
泸201H5-2—第16段—泸201H5-1,泸201H5,泸201H5-2 | 第16段,涨幅微弱型,c20cbf264a4b06,泸201H5,0,涨幅微弱型,0.4598337950138504,0.11634349030470914,0.24238227146814403,0.14265927977839335,0.038781163434903045,涨幅微弱型,0.9546036046844381,0.0020861868938629666,0.0185820171574307,0.010187603846919352,0.014540587417349038,涨幅微弱型,0.6038339827373046,0.07617325876618357,0.16713054110001824,0.1205841696961797,0.032278047700313645,涨幅微弱型,0.7404856085777283,0.024565445259213448,0.0843820869922638,0.10892517864704132,0.04164169728755951,涨幅微弱型,0.6038339827373046,0.07617325876618357,0.16713054110001824,0.1205841696961797,0.032278047700313645
泸201H5-2—第16段—泸201H5-3,泸201H5,泸201H5-2 | 第16段,涨幅微弱型,e5e1bc42fb7f6e,泸201H5,0,涨幅微弱型,0.4598337950138504,0.11634349030470914,0.24238227146814403,0.14265927977839335,0.038781163434903045,涨幅微弱型,0.9596218082267886,0.0015058616047280253,0.01550722426296816,0.008663122448693876,0.01470198345682146,涨幅微弱型,0.6038339827373046,0.07617325876618357,0.16713054110001824,0.1205841696961797,0.032278047700313645,涨幅微弱型,0.7781575918197632,0.021451590582728386,0.06890938431024551,0.09511812776327133,0.036363307386636734,涨幅微弱型,0.6038339827373046,0.07617325876618357,0.16713054110001824,0.1205841696961797,0.032278047700313645
泸201H5-2—第16段—泸201H5-4,泸201H5,泸201H5-2 | 第16段,涨幅微弱型,c08da1b21a5ebb,泸201H5,0,涨幅微弱型,0.4598337950138504,0.11634349030470914,0.24238227146814403,0.14265927977839335,0.038781163434903045,涨幅微弱型,0.9641931706041404,0.0010466880424689427,0.012666771121001938,0.007225798740806722,0.014867571491581863,涨幅微弱型,0.6038339827373046,0.07617325876618357,0.16713054110001824,0.1205841696961797,0.032278047700313645,涨幅微弱型,0.7781575918197632,0.021451590582728386,0.06890938431024551,0.09511812776327133,0.036363307386636734,涨幅微弱型,0.6038339827373046,0.07617325876618357,0.16713054110001824,0.1205841696961797,0.032278047700313645
泸201H5-2—第17段—泸201H5-1,泸201H5,泸201H5-2 | 第17段,涨幅微弱型,95248f80e64d68,泸201H5,0,涨幅微弱型,0.4598337950138504,0.11634349030470914,0.24238227146814403,0.14265927977839335,0.038781163434903045,涨幅微弱型,0.9542869278489085,0.0028024668220654916,0.016263132816702545,0.008067230916374,0.018580241595949492,涨幅微弱型,0.6677754398638225,0.05657338630334037,0.11715762909127266,0.12637830622873983,0.0321152385128246,涨幅微弱型,0.7675828337669373,0.02097652293741703,0.07194159179925919,0.0922747254371643,0.04722437262535095,涨幅微弱型,0.6677754398638225,0.05657338630334037,0.11715762909127266,0.12637830622873983,0.0321152385128246
泸201H5-2—第17段—泸201H5-3,泸201H5,泸201H5-2 | 第17段,涨幅微弱型,888621743083f2,泸201H5,0,涨幅微弱型,0.4598337950138504,0.11634349030470914,0.24238227146814403,0.14265927977839335,0.038781163434903045,涨幅微弱型,0.9559376792962743,0.0025046299024281274,0.015279561342867025,0.007628555174944399,0.018649574283486327,涨幅微弱型,0.6677754398638225,0.05657338630334037,0.11715762909127266,0.12637830622873983,0.0321152385128246,涨幅微弱型,0.7675828337669373,0.02097652293741703,0.07194159179925919,0.0922747254371643,0.04722437262535095,涨幅微弱型,0.6677754398638225,0.05657338630334037,0.11715762909127266,0.12637830622873983,0.0321152385128246
泸201H5-2—第17段—泸201H5-4,泸201H5,泸201H5-2 | 第17段,涨幅微弱型,06ade3c14fa2ce,泸201H5,0,涨幅微弱型,0.4598337950138504,0.11634349030470914,0.24238227146814403,0.14265927977839335,0.038781163434903045,涨幅微弱型,0.9605632972282127,0.0017394727165155304,0.012475435068034496,0.006360464302191886,0.018861330685045623,涨幅微弱型,0.6677754398638225,0.05657338630334037,0.11715762909127266,0.12637830622873983,0.0321152385128246,涨幅微弱型,0.801881730556488,0.018319884315133095,0.05796664580702782,0.08058829605579376,0.04124348983168602,涨幅微弱型,0.6677754398638225,0.05657338630334037,0.11715762909127266,0.12637830622873983,0.0321152385128246
泸201H5-2—第18段—泸201H5-1,泸201H5,泸201H5-2 | 第18段,涨幅微弱型,8dc9e8728bd99d,泸201H5,0,涨幅微弱型,0.4598337950138504,0.11634349030470914,0.24238227146814403,0.14265927977839335,0.038781163434903045,涨幅微弱型,0.8440655206626196,0.01195194878764941,0.0713997565290488,0.026287098672009197,0.046295675348672925,涨幅微弱型,0.6573180953438426,0.060285358649224054,0.13874647665891557,0.09911564974688733,0.04453441960113023,涨幅微弱型,0.7455744743347168,0.01939471811056137,0.07708334177732468,0.09258615225553513,0.06536130607128143,涨幅微弱型,0.6573180953438426,0.060285358649224054,0.13874647665891557,0.09911564974688733,0.04453441960113023
泸201H5-2—第18段—泸201H5-3,泸201H5,泸201H5-2 | 第18段,涨幅微弱型,989b8f6c0be6bf,泸201H5,0,涨幅微弱型,0.4598337950138504,0.11634349030470914,0.24238227146814403,0.14265927977839335,0.038781163434903045,涨幅微弱型,0.8384318733063364,0.013131023109551228,0.07505584497830539,0.02747560166739468,0.045905656938412344,涨幅微弱型,0.6573180953438426,0.060285358649224054,0.13874647665891557,0.09911564974688733,0.04453441960113023,涨幅微弱型,0.7455744743347168,0.01939471811056137,0.07708334177732468,0.09258615225553513,0.06536130607128143,涨幅微弱型,0.6573180953438426,0.060285358649224054,0.13874647665891557,0.09911564974688733,0.04453441960113023
泸201H5-2—第18段—泸201H5-4,泸201H5,泸201H5-2 | 第18段,涨幅微弱型,f83accc5ebbf10,泸201H5,0,涨幅微弱型,0.4598337950138504,0.11634349030470914,0.24238227146814403,0.14265927977839335,0.038781163434903045,涨幅微弱型,0.8578142709257014,0.009269911738321139,0.062337641371030504,0.023305368233575624,0.04727280773137129,涨幅微弱型,0.6573180953438426,0.060285358649224054,0.13874647665891557,0.09911564974688733,0.04453441960113023,涨幅微弱型,0.7790660262107849,0.017246149480342865,0.0632380023598671,0.08232935518026352,0.05812050402164459,涨幅微弱型,0.6573180953438426,0.060285358649224054,0.13874647665891557,0.09911564974688733,0.04453441960113023
泸201H5-2—第19段—泸201H5-3,泸201H5,泸201H5-2 | 第19段,涨幅微弱型,e90648dfabd454,泸201H5,0,涨幅微弱型,0.4598337950138504,0.11634349030470914,0.24238227146814403,0.14265927977839335,0.038781163434903045,涨幅微弱型,0.9536399321456808,0.0024366700525466946,0.01793959960026215,0.011921819788401839,0.014061978413108453,涨幅微弱型,0.6363872025956785,0.08285584821228834,0.12958892807773148,0.11589155582286016,0.0352764652914414,涨幅微弱型,0.7338891625404358,0.026241596788167953,0.08529292792081833,0.11179962754249573,0.04277663677930832,涨幅微弱型,0.6363872025956785,0.08285584821228834,0.12958892807773148,0.11589155582286016,0.0352764652914414
泸201H5-2—第19段—泸201H5-4,泸201H5,泸201H5-2 | 第19段,涨幅微弱型,492bd946a159b1,泸201H5,0,涨幅微弱型,0.4598337950138504,0.11634349030470914,0.24238227146814403,0.14265927977839335,0.038781163434903045,涨幅微弱型,0.9595036017315355,0.0016878440268977759,0.014634086119871475,0.00993330612206625,0.014241161999629099,涨幅微弱型,0.6363872025956785,0.08285584821228834,0.12958892807773148,0.11589155582286016,0.0352764652914414,涨幅微弱型,0.7338891625404358,0.026241596788167953,0.08529292792081833,0.11179962754249573,0.04277663677930832,涨幅微弱型,0.6363872025956785,0.08285584821228834,0.12958892807773148,0.11589155582286016,0.0352764652914414
泸201H5-2—第20段—泸201H5-1,泸201H5,泸201H5-2 | 第20段,涨幅微弱型,536fb191d11f16,泸201H5,0,涨幅微弱型,0.4598337950138504,0.11634349030470914,0.24238227146814403,0.14265927977839335,0.038781163434903045,涨幅微弱型,0.9529214209355577,0.0036185618322670757,0.011509063197440392,0.009360332292290005,0.022590621742444965,涨幅微弱型,0.6263845833217346,0.05937796381565555,0.1462836246625943,0.13495621565154178,0.0329976125484737,涨幅微弱型,0.7304971218109131,0.01991121843457222,0.07610774785280228,0.13237297534942627,0.04111098125576973,涨幅微弱型,0.6263845833217346,0.05937796381565555,0.1462836246625943,0.13495621565154178,0.0329976125484737
泸201H5-2—第20段—泸201H5-3,泸201H5,泸201H5-2 | 第20段,涨幅微弱型,2407e8fd75af6f,泸201H5,0,涨幅微弱型,0.4598337950138504,0.11634349030470914,0.24238227146814403,0.14265927977839335,0.038781163434903045,涨幅微弱型,0.9497644185870713,0.004468641745506014,0.012939181602336591,0.010396258658498315,0.022431499406587858,涨幅微弱型,0.6263845833217346,0.05937796381565555,0.1462836246625943,0.13495621565154178,0.0329976125484737,涨幅微弱型,0.7325957417488098,0.019968420267105103,0.0763263925909996,0.1298803836107254,0.041229087859392166,涨幅微弱型,0.6263845833217346,0.05937796381565555,0.1462836246625943,0.13495621565154178,0.0329976125484737
泸201H5-2—第20段—泸201H5-4,泸201H5,泸201H5-2 | 第20段,涨幅微弱型,7fbd96369b0627,泸201H5,0,涨幅微弱型,0.4598337950138504,0.11634349030470914,0.24238227146814403,0.14265927977839335,0.038781163434903045,涨幅微弱型,0.9550654949551404,0.0030769612822336284,0.010517134011625105,0.008633742279170013,0.02270666747183097,涨幅微弱型,0.6263845833217346,0.05937796381565555,0.1462836246625943,0.13495621565154178,0.0329976125484737,涨幅微弱型,0.7304971218109131,0.01991121843457222,0.07610774785280228,0.13237297534942627,0.04111098125576973,涨幅微弱型,0.6263845833217346,0.05937796381565555,0.1462836246625943,0.13495621565154178,0.0329976125484737
泸201H5-2—第21段—泸201H5-3,泸201H5,泸201H5-2 | 第21段,涨幅微弱型,f20dd1eac8412b,泸201H5,0,涨幅微弱型,0.4598337950138504,0.11634349030470914,0.24238227146814403,0.14265927977839335,0.038781163434903045,涨幅微弱型,0.9355488952990789,0.00460017519980715,0.029314389520091202,0.014727139723649472,0.015809400257373152,涨幅微弱型,0.6478691624504086,0.08286024890258972,0.11202556092361879,0.12019532878664235,0.03704969893674061,涨幅微弱型,0.7059471011161804,0.028833337128162384,0.10878833383321762,0.13042649626731873,0.026004666462540627,涨幅微弱型,0.6478691624504086,0.08286024890258972,0.11202556092361879,0.12019532878664235,0.03704969893674061
泸201H5-2—第21段—泸201H5-4,泸201H5,泸201H5-2 | 第21段,涨幅微弱型,cc8862463aed6b,泸201H5,0,涨幅微弱型,0.4598337950138504,0.11634349030470914,0.24238227146814403,0.14265927977839335,0.038781163434903045,涨幅微弱型,0.944730430673401,0.0031539291836055385,0.023813335408,0.012229218857051947,0.016073085877941446,涨幅微弱型,0.6600177314739778,0.08248146102380184,0.10354597338153124,0.1195471806384942,0.03440765348219515,涨幅微弱型,0.7162302136421204,0.029967792332172394,0.0751342624425888,0.13008259236812592,0.048585083335638046,涨幅微弱型,0.6600177314739778,0.08248146102380184,0.10354597338153124,0.1195471806384942,0.03440765348219515
泸201H5-2—第22段—泸201H5-1,泸201H5,泸201H5-2 | 第22段,涨幅微弱型,3e5c70f85fa081,泸201H5,0,涨幅微弱型,0.4598337950138504,0.11634349030470914,0.24238227146814403,0.14265927977839335,0.038781163434903045,涨幅微弱型,0.935270031849762,0.00427617940636503,0.029848593225204525,0.015043641457718492,0.015561554060949946,涨幅微弱型,0.6484492337937388,0.07723524542949488,0.12165837565616758,0.11928224331923114,0.033374901801367755,涨幅微弱型,0.698252260684967,0.029460761696100235,0.1224016398191452,0.12716200947761536,0.022723304107785225,涨幅微弱型,0.6484492337937388,0.07723524542949488,0.12165837565616758,0.11928224331923114,0.033374901801367755
泸201H5-2—第22段—泸201H5-3,泸201H5,泸201H5-2 | 第22段,涨幅微弱型,c613a71bc00dbb,泸201H5,0,涨幅微弱型,0.4598337950138504,0.11634349030470914,0.24238227146814403,0.14265927977839335,0.038781163434903045,涨幅微弱型,0.9294994726366885,0.00521751490879445,0.033289291414853525,0.0165835968456807,0.015410124193982905,涨幅微弱型,0.6484492337937388,0.07723524542949488,0.12165837565616758,0.11928224331923114,0.033374901801367755,涨幅微弱型,0.698252260684967,0.029460761696100235,0.1224016398191452,0.12716200947761536,0.022723304107785225,涨幅微弱型,0.6484492337937388,0.07723524542949488,0.12165837565616758,0.11928224331923114,0.033374901801367755
泸201H5-2—第22段—泸201H5-4,泸201H5,泸201H5-2 | 第22段,涨幅微弱型,c54accbade6c35,泸201H5,0,涨幅微弱型,0.4598337950138504,0.11634349030470914,0.24238227146814403,0.14265927977839335,0.038781163434903045,涨幅微弱型,0.9401020811184629,0.003547167478748143,0.026933152703354304,0.013722990774677885,0.015694607924756743,涨幅微弱型,0.660597802817308,0.07685645755070698,0.11317878811408003,0.11863409517108299,0.030732856346822306,涨幅微弱型,0.7195006012916565,0.031098689883947372,0.08585808426141739,0.12042433023452759,0.043118271976709366,涨幅微弱型,0.660597802817308,0.07685645755070698,0.11317878811408003,0.11863409517108299,0.030732856346822306
泸201H5-2—第23段—泸201H5-1,泸201H5,泸201H5-2 | 第23段,涨幅微弱型,f7ad8383246fa2,泸201H5,0,涨幅微弱型,0.4598337950138504,0.11634349030470914,0.24238227146814403,0.14265927977839335,0.038781163434903045,涨幅微弱型,0.9298162592023772,0.005257772949030608,0.03315988522533628,0.016640170549742383,0.015125912073513447,涨幅微弱型,0.6484492337937388,0.07723524542949488,0.12165837565616758,0.11928224331923114,0.033374901801367755,涨幅微弱型,0.698252260684967,0.029460761696100235,0.1224016398191452,0.12716200947761536,0.022723304107785225,涨幅微弱型,0.6484492337937388,0.07723524542949488,0.12165837565616758,0.11928224331923114,0.033374901801367755
泸201H5-2—第23段—泸201H5-3,泸201H5,泸201H5-2 | 第23段,涨幅微弱型,873f052c7a9109,泸201H5,0,涨幅微弱型,0.4598337950138504,0.11634349030470914,0.24238227146814403,0.14265927977839335,0.038781163434903045,涨幅微弱型,0.9235596330729239,0.006369773534879797,0.03682584106520013,0.018272741322498686,0.014972011004497573,涨幅微弱型,0.6454074145019194,0.07859055678480623,0.12323244973024167,0.11939467718166501,0.033374901801367755,涨幅微弱型,0.6860604882240295,0.030390338972210884,0.12893445789813995,0.13117435574531555,0.023440292105078697,涨幅微弱型,0.6454074145019194,0.07859055678480623,0.12323244973024167,0.11939467718166501,0.033374901801367755
泸201H5-2—第23段—泸201H5-4,泸201H5,泸201H5-2 | 第23段,涨幅微弱型,abeee49f017741,泸201H5,0,涨幅微弱型,0.4598337950138504,0.11634349030470914,0.24238227146814403,0.14265927977839335,0.038781163434903045,涨幅微弱型,0.935759588668886,0.004282266977413246,0.02963045684014099,0.015048626571283337,0.0152790609422766,涨幅微弱型,0.6484492337937388,0.07723524542949488,0.12165837565616758,0.11928224331923114,0.033374901801367755,涨幅微弱型,0.698252260684967,0.029460761696100235,0.1224016398191452,0.12716200947761536,0.022723304107785225,涨幅微弱型,0.6484492337937388,0.07723524542949488,0.12165837565616758,0.11928224331923114,0.033374901801367755
泸201H5-2—第24段—泸201H5-3,泸201H5,泸201H5-2 | 第24段,涨幅微弱型,46a8b9726e00b2,泸201H5,0,涨幅微弱型,0.4598337950138504,0.11634349030470914,0.24238227146814403,0.14265927977839335,0.038781163434903045,涨幅微弱型,0.9159315146374838,0.007885681914537583,0.04167956559811066,0.019875880117961084,0.01462735773190695,涨幅微弱型,0.6409785622654047,0.0809526548618811,0.1252068970665311,0.12046352391227645,0.032398361893906796,涨幅微弱型,0.683869481086731,0.030293283984065056,0.13033612072467804,0.13213567435741425,0.023365432396531105,涨幅微弱型,0.6409785622654047,0.0809526548618811,0.1252068970665311,0.12046352391227645,0.032398361893906796
泸201H5-2—第24段—泸201H5-4,泸201H5,泸201H5-2 | 第24段,涨幅微弱型,c99aa4458afce4,泸201H5,0,涨幅微弱型,0.4598337950138504,0.11634349030470914,0.24238227146814403,0.14265927977839335,0.038781163434903045,涨幅微弱型,0.9302552855923698,0.0052225848092923004,0.03328967788325113,0.016264781755885548,0.014967669959201166,涨幅微弱型,0.6502286104628214,0.07577311279089165,0.12236350386129577,0.11957397364772618,0.032060799237265195,涨幅微弱型,0.698252260684967,0.029460761696100235,0.1224016398191452,0.12716200947761536,0.022723304107785225,涨幅微弱型,0.6502286104628214,0.07577311279089165,0.12236350386129577,0.11957397364772618,0.032060799237265195
泸201H5-3—第1段—泸201H5-1,泸201H5,泸201H5-3 | 第1段,涨幅微弱型,5b53ec9aff334b,泸201H5,0,涨幅微弱型,0.4598337950138504,0.11634349030470914,0.24238227146814403,0.14265927977839335,0.038781163434903045,涨幅微弱型,0.9455193657503468,0.0004064950797423817,0.010937946120523373,0.0053710393293261915,0.03776515372006122,涨幅微弱型,0.700630340959208,0.053770172647472546,0.09993567683492285,0.10980813983632859,0.035855669722068134,涨幅微弱型,0.781900942325592,0.026907596737146378,0.07549314200878143,0.08093363791704178,0.03476467728614807,涨幅微弱型,0.700630340959208,0.053770172647472546,0.09993567683492285,0.10980813983632859,0.035855669722068134
泸201H5-3—第1段—泸201H5-2,泸201H5,泸201H5-3 | 第1段,涨幅微弱型,2a5fd11e9d33d1,泸201H5,0,涨幅微弱型,0.4598337950138504,0.11634349030470914,0.24238227146814403,0.14265927977839335,0.038781163434903045,涨幅微弱型,0.9457349236815139,0.0003958752835036883,0.010777506581180898,0.005300279282997819,0.03779141517080378,涨幅微弱型,0.700630340959208,0.053770172647472546,0.09993567683492285,0.10980813983632859,0.035855669722068134,涨幅微弱型,0.781900942325592,0.026907596737146378,0.07549314200878143,0.08093363791704178,0.03476467728614807,涨幅微弱型,0.700630340959208,0.053770172647472546,0.09993567683492285,0.10980813983632859,0.035855669722068134
泸201H5-3—第1段—泸201H5-4,泸201H5,泸201H5-3 | 第1段,涨幅微弱型,202fba08f41e76,泸201H5,0,涨幅微弱型,0.4598337950138504,0.11634349030470914,0.24238227146814403,0.14265927977839335,0.038781163434903045,涨幅微弱型,0.8487242824767529,0.013765542016183128,0.07551757282700859,0.030179935480664045,0.031812667199391464,涨幅微弱型,0.700630340959208,0.053770172647472546,0.09993567683492285,0.10980813983632859,0.035855669722068134,涨幅微弱型,0.7450976967811584,0.030560562387108803,0.09293622523546219,0.09192115813493729,0.03948431462049484,涨幅微弱型,0.700630340959208,0.053770172647472546,0.09993567683492285,0.10980813983632859,0.035855669722068134
泸201H5-3—第2段—泸201H5-1,泸201H5,泸201H5-3 | 第2段,涨幅微弱型,ed6d8d65e5b9b2,泸201H5,0,涨幅微弱型,0.4598337950138504,0.11634349030470914,0.24238227146814403,0.14265927977839335,0.038781163434903045,涨幅微弱型,0.9728147235701196,0.0001132574981211836,0.004618285888018777,0.002642977504345795,0.019810755539394518,涨幅微弱型,0.6769368838566232,0.06487310155042725,0.1214824968580102,0.11071204280368144,0.025995474931257753,涨幅微弱型,0.7857980132102966,0.023023094981908798,0.05903751403093338,0.09270941466093063,0.03943197801709175,涨幅微弱型,0.6769368838566232,0.06487310155042725,0.1214824968580102,0.11071204280368144,0.025995474931257753
泸201H5-3—第2段—泸201H5-2,泸201H5,泸201H5-3 | 第2段,涨幅微弱型,9b1788a1753969,泸201H5,0,涨幅微弱型,0.4598337950138504,0.11634349030470914,0.24238227146814403,0.14265927977839335,0.038781163434903045,涨幅微弱型,0.9729163325923279,0.00011008743895077954,0.004545400108745706,0.0026054746555414544,0.019822705204433837,涨幅微弱型,0.6769368838566232,0.06487310155042725,0.1214824968580102,0.11071204280368144,0.025995474931257753,涨幅微弱型,0.7857980132102966,0.023023094981908798,0.05903751403093338,0.09270941466093063,0.03943197801709175,涨幅微弱型,0.6769368838566232,0.06487310155042725,0.1214824968580102,0.11071204280368144,0.025995474931257753
泸201H5-3—第2段—泸201H5-4,泸201H5,泸201H5-3 | 第2段,涨幅微弱型,03be811339f454,泸201H5,0,涨幅微弱型,0.4598337950138504,0.11634349030470914,0.24238227146814403,0.14265927977839335,0.038781163434903045,涨幅微弱型,0.93447880385287,0.0032847296689562425,0.030106967382022835,0.014200921035959779,0.017928578060191092,涨幅微弱型,0.6769368838566232,0.06487310155042725,0.1214824968580102,0.11071204280368144,0.025995474931257753,涨幅微弱型,0.750055193901062,0.02636120840907097,0.0722830593585968,0.10615134239196777,0.045149222016334534,涨幅微弱型,0.6769368838566232,0.06487310155042725,0.1214824968580102,0.11071204280368144,0.025995474931257753
泸201H5-3—第3段—泸201H5-1,泸201H5,泸201H5-3 | 第3段,涨幅微弱型,1730a897fb55c9,泸201H5,0,涨幅微弱型,0.4598337950138504,0.11634349030470914,0.24238227146814403,0.14265927977839335,0.038781163434903045,涨幅微弱型,0.972775276720625,0.0001352383467802385,0.005046240106544428,0.0028980109853259622,0.019145233840724293,涨幅微弱型,0.6761556338566233,0.06487310155042725,0.1214824968580102,0.1109724594703481,0.026516308264591084,涨幅微弱型,0.7857980132102966,0.023023094981908798,0.05903751403093338,0.09270941466093063,0.03943197801709175,涨幅微弱型,0.6761556338566233,0.06487310155042725,0.1214824968580102,0.1109724594703481,0.026516308264591084
泸201H5-3—第3段—泸201H5-2,泸201H5,泸201H5-3 | 第3段,涨幅微弱型,f0e65a28fd3fb0,泸201H5,0,涨幅微弱型,0.4598337950138504,0.11634349030470914,0.24238227146814403,0.14265927977839335,0.038781163434903045,涨幅微弱型,0.9728982030051482,0.00013111295217352624,0.004959422866690885,0.002853183541014108,0.01915807763497328,涨幅微弱型,0.6761556338566233,0.06487310155042725,0.1214824968580102,0.1109724594703481,0.026516308264591084,涨幅微弱型,0.7857980132102966,0.023023094981908798,0.05903751403093338,0.09270941466093063,0.03943197801709175,涨幅微弱型,0.6761556338566233,0.06487310155042725,0.1214824968580102,0.1109724594703481,0.026516308264591084
泸201H5-3—第4段—泸201H5-1,泸201H5,泸201H5-3 | 第4段,涨幅微弱型,d7f8a00360571e,泸201H5,0,涨幅微弱型,0.4598337950138504,0.11634349030470914,0.24238227146814403,0.14265927977839335,0.038781163434903045,涨幅微弱型,0.9717841902730753,0.0001685992909765508,0.0057112849644810814,0.0031956675086232166,0.019140257962844024,涨幅微弱型,0.6778490099249994,0.06457929813162383,0.118277368652882,0.111736348359237,0.027557974931257754,涨幅微弱型,0.7828553915023804,0.022936880588531494,0.05881643295288086,0.0955377146601677,0.039853524416685104,涨幅微弱型,0.6778490099249994,0.06457929813162383,0.118277368652882,0.111736348359237,0.027557974931257754
泸201H5-3—第4段—泸201H5-2,泸201H5,泸201H5-3 | 第4段,涨幅微弱型,8438cf19ea2a4f,泸201H5,0,涨幅微弱型,0.4598337950138504,0.11634349030470914,0.24238227146814403,0.14265927977839335,0.038781163434903045,涨幅微弱型,0.9719349249840439,0.00016304828357409108,0.005605219856234888,0.0031423108411298747,0.01915449603501725,涨幅微弱型,0.6778490099249994,0.06457929813162383,0.118277368652882,0.111736348359237,0.027557974931257754,涨幅微弱型,0.7828553915023804,0.022936880588531494,0.05881643295288086,0.0955377146601677,0.039853524416685104,涨幅微弱型,0.6778490099249994,0.06457929813162383,0.118277368652882,0.111736348359237,0.027557974931257754
泸201H5-3—第5段—泸201H5-1,泸201H5,泸201H5-3 | 第5段,涨幅微弱型,0e4aec85f49143,泸201H5,0,涨幅微弱型,0.4598337950138504,0.11634349030470914,0.24238227146814403,0.14265927977839335,0.038781163434903045,涨幅微弱型,0.9702934926997298,0.00020937358493471257,0.006553466522872859,0.00360972783700687,0.019333939355455725,涨幅微弱型,0.6778490099249994,0.06457929813162383,0.118277368652882,0.111736348359237,0.027557974931257754,涨幅微弱型,0.7828553915023804,0.022936880588531494,0.05881643295288086,0.0955377146601677,0.039853524416685104,涨幅微弱型,0.6778490099249994,0.06457929813162383,0.118277368652882,0.111736348359237,0.027557974931257754
泸201H5-3—第5段—泸201H5-2,泸201H5,泸201H5-3 | 第5段,涨幅微弱型,dabdcb0a7b8ad2,泸201H5,0,涨幅微弱型,0.4598337950138504,0.11634349030470914,0.24238227146814403,0.14265927977839335,0.038781163434903045,涨幅微弱型,0.970479110525271,0.00020201907870463976,0.006423629022211532,0.003545435747414752,0.019349805626397855,涨幅微弱型,0.6778490099249994,0.06457929813162383,0.118277368652882,0.111736348359237,0.027557974931257754,涨幅微弱型,0.7828553915023804,0.022936880588531494,0.05881643295288086,0.0955377146601677,0.039853524416685104,涨幅微弱型,0.6778490099249994,0.06457929813162383,0.118277368652882,0.111736348359237,0.027557974931257754
泸201H5-3—第6段—泸201H5-1,泸201H5,泸201H5-3 | 第6段,涨幅微弱型,4192501b6a7f1b,泸201H5,0,涨幅微弱型,0.4598337950138504,0.11634349030470914,0.24238227146814403,0.14265927977839335,0.038781163434903045,涨幅微弱型,0.9693646565132421,0.0002619771686721544,0.007346156325932168,0.004005939185532017,0.019021270806621533,涨幅微弱型,0.6752737488876596,0.06562096479829051,0.11880086201345401,0.11154695441984307,0.028757469880752704,涨幅微弱型,0.7828553915023804,0.022936880588531494,0.05881643295288086,0.0955377146601677,0.039853524416685104,涨幅微弱型,0.6752737488876596,0.06562096479829051,0.11880086201345401,0.11154695441984307,0.028757469880752704
泸201H5-3—第6段—泸201H5-2,泸201H5,泸201H5-3 | 第6段,涨幅微弱型,eedaf153684a9f,泸201H5,0,涨幅微弱型,0.4598337950138504,0.11634349030470914,0.24238227146814403,0.14265927977839335,0.038781163434903045,涨幅微弱型,0.9695895767130036,0.00025212005972420073,0.00719025352321767,0.0039295163720172175,0.019038533332037498,涨幅微弱型,0.6752737488876596,0.06562096479829051,0.11880086201345401,0.11154695441984307,0.028757469880752704,涨幅微弱型,0.7828553915023804,0.022936880588531494,0.05881643295288086,0.0955377146601677,0.039853524416685104,涨幅微弱型,0.6752737488876596,0.06562096479829051,0.11880086201345401,0.11154695441984307,0.028757469880752704
泸201H5-3—第7段—泸201H5-1,泸201H5,泸201H5-3 | 第7段,涨幅微弱型,31fd95d49e6fa4,泸201H5,0,涨幅微弱型,0.4598337950138504,0.11634349030470914,0.24238227146814403,0.14265927977839335,0.038781163434903045,涨幅微弱型,0.9677386269865497,0.00032654637101850193,0.008372825332610596,0.00450050236205461,0.019061498947766754,涨幅微弱型,0.6752737488876596,0.06562096479829051,0.11880086201345401,0.11154695441984307,0.028757469880752704,涨幅微弱型,0.7828553915023804,0.022936880588531494,0.05881643295288086,0.0955377146601677,0.039853524416685104,涨幅微弱型,0.6752737488876596,0.06562096479829051,0.11880086201345401,0.11154695441984307,0.028757469880752704
泸201H5-3—第7段—泸201H5-2,泸201H5,泸201H5-3 | 第7段,涨幅微弱型,a014942d61819e,泸201H5,0,涨幅微弱型,0.4598337950138504,0.11634349030470914,0.24238227146814403,0.14265927977839335,0.038781163434903045,涨幅微弱型,0.9680181326634026,0.00031322779052300346,0.008180203111871773,0.004407437991440037,0.019080998442762537,涨幅微弱型,0.6752737488876596,0.06562096479829051,0.11880086201345401,0.11154695441984307,0.028757469880752704,涨幅微弱型,0.7828553915023804,0.022936880588531494,0.05881643295288086,0.0955377146601677,0.039853524416685104,涨幅微弱型,0.6752737488876596,0.06562096479829051,0.11880086201345401,0.11154695441984307,0.028757469880752704
泸201H5-3—第8段—泸201H5-1,泸201H5,泸201H5-3 | 第8段,涨幅微弱型,b66a4cc9c9a218,泸201H5,0,涨幅微弱型,0.4598337950138504,0.11634349030470914,0.24238227146814403,0.14265927977839335,0.038781163434903045,涨幅微弱型,0.966305912332495,0.0004083826582200218,0.009429330173170047,0.00501085724697749,0.018845517589137415,涨幅微弱型,0.6778490099249994,0.06457929813162383,0.118277368652882,0.111736348359237,0.027557974931257754,涨幅微弱型,0.7828553915023804,0.022936880588531494,0.05881643295288086,0.0955377146601677,0.039853524416685104,涨幅微弱型,0.6778490099249994,0.06457929813162383,0.118277368652882,0.111736348359237,0.027557974931257754
泸201H5-3—第8段—泸201H5-2,泸201H5,泸201H5-3 | 第8段,涨幅微弱型,99e514bfa9f30e,泸201H5,0,涨幅微弱型,0.4598337950138504,0.11634349030470914,0.24238227146814403,0.14265927977839335,0.038781163434903045,涨幅微弱型,0.9666508269604965,0.00039026881353466627,0.009193398954660932,0.00489817143738514,0.018867333833922827,涨幅微弱型,0.6778490099249994,0.06457929813162383,0.118277368652882,0.111736348359237,0.027557974931257754,涨幅微弱型,0.7828553915023804,0.022936880588531494,0.05881643295288086,0.0955377146601677,0.039853524416685104,涨幅微弱型,0.6778490099249994,0.06457929813162383,0.118277368652882,0.111736348359237,0.027557974931257754
泸201H5-3—第8段—泸201H5-4,泸201H5,泸201H5-3 | 第8段,先降后升型,cf5cef07312e02,泸201H5,0,涨幅微弱型,0.4598337950138504,0.11634349030470914,0.24238227146814403,0.14265927977839335,0.038781163434903045,涨幅微弱型,0.9366625368705418,0.003078627658085852,0.028944026532277786,0.013691421488576305,0.017623387450518245,涨幅微弱型,0.6778490099249994,0.06457929813162383,0.118277368652882,0.111736348359237,0.027557974931257754,涨幅微弱型,0.7468409538269043,0.02624824270606041,0.07197330892086029,0.10933038592338562,0.04560712352395058,涨幅微弱型,0.6778490099249994,0.06457929813162383,0.118277368652882,0.111736348359237,0.027557974931257754
泸201H5-3—第9段—泸201H5-1,泸201H5,泸201H5-3 | 第9段,涨幅微弱型,4d6996f6fad3ae,泸201H5,0,涨幅微弱型,0.4598337950138504,0.11634349030470914,0.24238227146814403,0.14265927977839335,0.038781163434903045,涨幅微弱型,0.9646893978540304,0.0005104254388278174,0.010609220275207144,0.0055751956478924,0.018615760784042118,涨幅微弱型,0.6778490099249994,0.06457929813162383,0.118277368652882,0.111736348359237,0.027557974931257754,涨幅微弱型,0.7828553915023804,0.022936880588531494,0.05881643295288086,0.0955377146601677,0.039853524416685104,涨幅微弱型,0.6778490099249994,0.06457929813162383,0.118277368652882,0.111736348359237,0.027557974931257754
泸201H5-3—第9段—泸201H5-2,泸201H5,泸201H5-3 | 第9段,涨幅微弱型,8ea019800da52f,泸201H5,0,涨幅微弱型,0.4598337950138504,0.11634349030470914,0.24238227146814403,0.14265927977839335,0.038781163434903045,涨幅微弱型,0.9651110340839767,0.0004860088257004177,0.010322940330857672,0.0054399966675354045,0.018640020091929856,涨幅微弱型,0.6778490099249994,0.06457929813162383,0.118277368652882,0.111736348359237,0.027557974931257754,涨幅微弱型,0.7828553915023804,0.022936880588531494,0.05881643295288086,0.0955377146601677,0.039853524416685104,涨幅微弱型,0.6778490099249994,0.06457929813162383,0.118277368652882,0.111736348359237,0.027557974931257754
泸201H5-3—第9段—泸201H5-4,泸201H5,泸201H5-3 | 第9段,先降后升型,4203ec0a8ef59e,泸201H5,0,涨幅微弱型,0.4598337950138504,0.11634349030470914,0.24238227146814403,0.14265927977839335,0.038781163434903045,涨幅微弱型,0.9370031779072017,0.003081790895297861,0.028771680532983002,0.013630786611134083,0.017512564053383212,涨幅微弱型,0.6778490099249994,0.06457929813162383,0.118277368652882,0.111736348359237,0.027557974931257754,涨幅微弱型,0.7468409538269043,0.02624824270606041,0.07197330892086029,0.10933038592338562,0.04560712352395058,涨幅微弱型,0.6778490099249994,0.06457929813162383,0.118277368652882,0.111736348359237,0.027557974931257754
泸201H5-3—第10段—泸201H5-2,泸201H5,泸201H5-3 | 第10段,涨幅微弱型,39760b896ec8c7,泸201H5,0,涨幅微弱型,0.4598337950138504,0.11634349030470914,0.24238227146814403,0.14265927977839335,0.038781163434903045,涨幅微弱型,0.9232497246956921,0.0009012037986556512,0.02605199557570928,0.013323075963500472,0.0364739999664425,涨幅微弱型,0.7465652191470608,0.04157817252869874,0.0732232736046493,0.09810032010309198,0.04053301461649869,涨幅微弱型,0.8006476759910583,0.016516052186489105,0.05086129158735275,0.0871787890791893,0.0447961762547493,涨幅微弱型,0.7465652191470608,0.04157817252869874,0.0732232736046493,0.09810032010309198,0.04053301461649869
泸201H5-3—第11段—泸201H5-4,泸201H5,泸201H5-3 | 第11段,渐进上升型,5ab98cb99a4d50,泸201H5,0,涨幅微弱型,0.4598337950138504,0.11634349030470914,0.24238227146814403,0.14265927977839335,0.038781163434903045,涨幅微弱型,0.8708065714393263,0.00445210310140027,0.06231235532788275,0.029009256866716224,0.03341971326467435,涨幅微弱型,0.7465652191470608,0.04157817252869874,0.0732232736046493,0.09810032010309198,0.04053301461649869,涨幅微弱型,0.7642049193382263,0.01912585087120533,0.06384003162384033,0.10095444321632385,0.05187469720840454,涨幅微弱型,0.7465652191470608,0.04157817252869874,0.0732232736046493,0.09810032010309198,0.04053301461649869
泸201H5-3—第13段—泸201H5-1,泸201H5,泸201H5-3 | 第13段,涨幅微弱型,3b0e5e1a21a443,泸201H5,0,涨幅微弱型,0.4598337950138504,0.11634349030470914,0.24238227146814403,0.14265927977839335,0.038781163434903045,涨幅微弱型,0.8885998636103177,0.0021405024732208846,0.042787121147408104,0.02269562176205939,0.04377689100699379,涨幅微弱型,0.7388273233403009,0.047344015482041694,0.07249203648426118,0.0977883399658365,0.043548284727559325,涨幅微弱型,0.8052565455436707,0.01673293113708496,0.044302500784397125,0.08832360059022903,0.04538442939519882,涨幅微弱型,0.7388273233403009,0.047344015482041694,0.07249203648426118,0.0977883399658365,0.043548284727559325
泸201H5-3—第13段—泸201H5-2,泸201H5,泸201H5-3 | 第13段,涨幅微弱型,d236d905252544,泸201H5,0,涨幅微弱型,0.4598337950138504,0.11634349030470914,0.24238227146814403,0.14265927977839335,0.038781163434903045,涨幅微弱型,0.8907848850363191,0.002005063846533281,0.04128834777707217,0.021985058732457492,0.04393664460761774,涨幅微弱型,0.7388273233403009,0.047344015482041694,0.07249203648426118,0.0977883399658365,0.043548284727559325,涨幅微弱型,0.8052565455436707,0.01673293113708496,0.044302500784397125,0.08832360059022903,0.04538442939519882,涨幅微弱型,0.7388273233403009,0.047344015482041694,0.07249203648426118,0.0977883399658365,0.043548284727559325
泸201H5-3—第14段—泸201H5-1,泸201H5,泸201H5-3 | 第14段,涨幅微弱型,247436773d4c2c,泸201H5,0,涨幅微弱型,0.4598337950138504,0.11634349030470914,0.24238227146814403,0.14265927977839335,0.038781163434903045,涨幅微弱型,0.8897455916421829,0.0024727153134635337,0.042806890523834705,0.02340739739147961,0.04156740512903907,涨幅微弱型,0.7048229067015053,0.05155756521545123,0.09108473653058367,0.10361965534961738,0.048915136202842026,涨幅微弱型,0.7907717823982239,0.020003538578748703,0.058691948652267456,0.0840795710682869,0.046453166753053665,涨幅微弱型,0.7048229067015053,0.05155756521545123,0.09108473653058367,0.10361965534961738,0.048915136202842026
泸201H5-3—第14段—泸201H5-2,泸201H5,泸201H5-3 | 第14段,涨幅微弱型,d31fccbeebcc4a,泸201H5,0,涨幅微弱型,0.4598337950138504,0.11634349030470914,0.24238227146814403,0.14265927977839335,0.038781163434903045,涨幅微弱型,0.8921602261612993,0.0023037624908635213,0.0411866524556848,0.022615520105270834,0.04173383878688145,涨幅微弱型,0.7048229067015053,0.05155756521545123,0.09108473653058367,0.10361965534961738,0.048915136202842026,涨幅微弱型,0.7907717823982239,0.020003538578748703,0.058691948652267456,0.0840795710682869,0.046453166753053665,涨幅微弱型,0.7048229067015053,0.05155756521545123,0.09108473653058367,0.10361965534961738,0.048915136202842026
泸201H5-3—第15段—泸201H5-1,泸201H5,泸201H5-3 | 第15段,涨幅微弱型,87b9d80daed036,泸201H5,0,涨幅微弱型,0.4598337950138504,0.11634349030470914,0.24238227146814403,0.14265927977839335,0.038781163434903045,涨幅微弱型,0.9101586288181057,0.0023956244103547054,0.03291821281067668,0.021352037973114482,0.033175495987748486,涨幅微弱型,0.6638461998132394,0.05611756645741563,0.10682785241399124,0.12642746069097816,0.04678092062437533,涨幅微弱型,0.7343888878822327,0.024906648322939873,0.07015444338321686,0.11790142208337784,0.052648600190877914,涨幅微弱型,0.6638461998132394,0.05611756645741563,0.10682785241399124,0.12642746069097816,0.04678092062437533
泸201H5-3—第15段—泸201H5-2,泸201H5,泸201H5-3 | 第15段,涨幅微弱型,b482999a71dbab,泸201H5,0,涨幅微弱型,0.4598337950138504,0.11634349030470914,0.24238227146814403,0.14265927977839335,0.038781163434903045,涨幅微弱型,0.912376860869497,0.0022167837557417044,0.03154741102888693,0.02055599620702052,0.03330294813885385,涨幅微弱型,0.6638461998132394,0.05611756645741563,0.10682785241399124,0.12642746069097816,0.04678092062437533,涨幅微弱型,0.7343888878822327,0.024906648322939873,0.07015444338321686,0.11790142208337784,0.052648600190877914,涨幅微弱型,0.6638461998132394,0.05611756645741563,0.10682785241399124,0.12642746069097816,0.04678092062437533
泸201H5-3—第16段—泸201H5-2,泸201H5,泸201H5-3 | 第16段,涨幅微弱型,6fb35e1ab2bf7c,泸201H5,0,涨幅微弱型,0.4598337950138504,0.11634349030470914,0.24238227146814403,0.14265927977839335,0.038781163434903045,涨幅微弱型,0.9001062588873155,0.002892695830749462,0.039330375365735595,0.02490008238818358,0.032770587528015725,涨幅微弱型,0.6911669654999694,0.051963594766362774,0.09320930850168684,0.12615878652257323,0.03750134470940742,涨幅微弱型,0.7476033568382263,0.0215715654194355,0.050035685300827026,0.12773790955543518,0.053051553666591644,涨幅微弱型,0.6911669654999694,0.051963594766362774,0.09320930850168684,0.12615878652257323,0.03750134470940742
泸201H5-3—第16段—泸201H5-4,泸201H5,泸201H5-3 | 第16段,稳定缓升型,00fb4ca4c7c417,泸201H5,0,涨幅微弱型,0.4598337950138504,0.11634349030470914,0.24238227146814403,0.14265927977839335,0.038781163434903045,涨幅微弱型,0.8868060523289613,0.004099624704971304,0.047533601041205506,0.029479114672067635,0.03208160725279425,涨幅微弱型,0.6911669654999694,0.051963594766362774,0.09320930850168684,0.12615878652257323,0.03750134470940742,涨幅微弱型,0.7144988775253296,0.02400166355073452,0.060343511402606964,0.14212794601917267,0.05902795493602753,涨幅微弱型,0.6911669654999694,0.051963594766362774,0.09320930850168684,0.12615878652257323,0.03750134470940742
泸201H5-3—第17段—泸201H5-1,泸201H5,泸201H5-3 | 第17段,涨幅微弱型,9a96f118bdf636;ee7f5a3926413d,泸201H5,0,涨幅微弱型,0.4598337950138504,0.11634349030470914,0.24238227146814403,0.14265927977839335,0.038781163434903045,涨幅微弱型,0.8888811449289656,0.0038989809803324188,0.046259237380862454,0.028774396505310336,0.03218624020452919,涨幅微弱型,0.6911669654999694,0.051963594766362774,0.09320930850168684,0.12615878652257323,0.03750134470940742,涨幅微弱型,0.7144988775253296,0.02400166355073452,0.060343511402606964,0.14212794601917267,0.05902795493602753,涨幅微弱型,0.6911669654999694,0.051963594766362774,0.09320930850168684,0.12615878652257323,0.03750134470940742
泸201H5-3—第17段—泸201H5-2,泸201H5,泸201H5-3 | 第17段,涨幅微弱型,aa0b17b01dd832;e9f40775c911dc,泸201H5,0,涨幅微弱型,0.4598337950138504,0.11634349030470914,0.24238227146814403,0.14265927977839335,0.038781163434903045,涨幅微弱型,0.892585942063977,0.0035520402809259047,0.043978985927132105,0.027507539061714652,0.03237549266625046,涨幅微弱型,0.6911669654999694,0.051963594766362774,0.09320930850168684,0.12615878652257323,0.03750134470940742,涨幅微弱型,0.7144988775253296,0.02400166355073452,0.060343511402606964,0.14212794601917267,0.05902795493602753,涨幅微弱型,0.6911669654999694,0.051963594766362774,0.09320930850168684,0.12615878652257323,0.03750134470940742
泸201H5-3—第18段—泸201H5-2,泸201H5,泸201H5-3 | 第18段,涨幅微弱型,1e47465392dcc1,泸201H5,0,涨幅微弱型,0.4598337950138504,0.11634349030470914,0.24238227146814403,0.14265927977839335,0.038781163434903045,涨幅微弱型,0.8843001418396107,0.004347939442816697,0.049069836103900026,0.03032561381334401,0.03195646880032863,涨幅微弱型,0.6911669654999694,0.051963594766362774,0.09320930850168684,0.12615878652257323,0.03750134470940742,涨幅微弱型,0.7144988775253296,0.02400166355073452,0.060343511402606964,0.14212794601917267,0.05902795493602753,涨幅微弱型,0.6911669654999694,0.051963594766362774,0.09320930850168684,0.12615878652257323,0.03750134470940742
泸201H5-3—第18段—泸201H5-4,泸201H5,泸201H5-3 | 第18段,渐进上升型,1c57bcd507e59b,泸201H5,0,涨幅微弱型,0.4598337950138504,0.11634349030470914,0.24238227146814403,0.14265927977839335,0.038781163434903045,涨幅微弱型,0.8871508428692751,0.0040659732491101375,0.04732199752795218,0.029362258488140218,0.03209892786552243,涨幅微弱型,0.6911669654999694,0.051963594766362774,0.09320930850168684,0.12615878652257323,0.03750134470940742,涨幅微弱型,0.7144988775253296,0.02400166355073452,0.060343511402606964,0.14212794601917267,0.05902795493602753,涨幅微弱型,0.6911669654999694,0.051963594766362774,0.09320930850168684,0.12615878652257323,0.03750134470940742
泸201H5-3—第19段—泸201H5-1,泸201H5,泸201H5-3 | 第19段,涨幅微弱型,88a175986a8e99,泸201H5,0,涨幅微弱型,0.4598337950138504,0.11634349030470914,0.24238227146814403,0.14265927977839335,0.038781163434903045,涨幅微弱型,0.8693835451954234,0.005960644300449859,0.058153092440106434,0.03526754666996407,0.031235171394056148,涨幅微弱型,0.6911669654999694,0.051963594766362774,0.09320930850168684,0.12615878652257323,0.03750134470940742,涨幅微弱型,0.7167032957077026,0.024075714871287346,0.0605296827852726,0.13948118686676025,0.059210073202848434,涨幅微弱型,0.6911669654999694,0.051963594766362774,0.09320930850168684,0.12615878652257323,0.03750134470940742
泸201H5-3—第19段—泸201H5-2,泸201H5,泸201H5-3 | 第19段,涨幅微弱型,c23c32b5b9335e,泸201H5,0,涨幅微弱型,0.4598337950138504,0.11634349030470914,0.24238227146814403,0.14265927977839335,0.038781163434903045,涨幅微弱型,0.8751881636228239,0.0053058629550688215,0.05463093947534558,0.0333635570795029,0.03151147686725854,涨幅微弱型,0.6911669654999694,0.051963594766362774,0.09320930850168684,0.12615878652257323,0.03750134470940742,涨幅微弱型,0.7144988775253296,0.02400166355073452,0.060343511402606964,0.14212794601917267,0.05902795493602753,涨幅微弱型,0.6911669654999694,0.051963594766362774,0.09320930850168684,0.12615878652257323,0.03750134470940742
泸201H5-3—第20段—泸201H5-1,泸201H5,泸201H5-3 | 第20段,涨幅微弱型,4bcc85fd501732,泸201H5,0,涨幅微弱型,0.4598337950138504,0.11634349030470914,0.24238227146814403,0.14265927977839335,0.038781163434903045,涨幅微弱型,0.8587839781702878,0.007372637808800449,0.06536667454547354,0.0388454086338482,0.029631300841589932,涨幅微弱型,0.6878134576423014,0.052526187381006464,0.0936112412889718,0.1304520400311905,0.03559707365652956,涨幅微弱型,0.702677309513092,0.023750735446810722,0.061257895082235336,0.1348888874053955,0.07742515951395035,涨幅微弱型,0.6878134576423014,0.052526187381006464,0.0936112412889718,0.1304520400311905,0.03559707365652956
泸201H5-3—第20段—泸201H5-2,泸201H5,泸201H5-3 | 第20段,涨幅微弱型,1f2ac0fae1d6ae,泸201H5,0,涨幅微弱型,0.4598337950138504,0.11634349030470914,0.24238227146814403,0.14265927977839335,0.038781163434903045,涨幅微弱型,0.8661259575304391,0.00646559501837476,0.06094468251650113,0.03650594942548602,0.029957815509198998,涨幅微弱型,0.6853460754874193,0.052352576269895354,0.09494225980749031,0.13030999457664508,0.03704909385854975,涨幅微弱型,0.7043724060058594,0.02510404959321022,0.06261725723743439,0.14429165422916412,0.06361458450555801,涨幅微弱型,0.6853460754874193,0.052352576269895354,0.09494225980749031,0.13030999457664508,0.03704909385854975
泸201H5-3—第21段—泸201H5-1,泸201H5,泸201H5-3 | 第21段,涨幅微弱型,97f08f32231d54,泸201H5,0,涨幅微弱型,0.4598337950138504,0.11634349030470914,0.24238227146814403,0.14265927977839335,0.038781163434903045,涨幅微弱型,0.8668154823841386,0.007804217278661664,0.06597631558207423,0.0358158812987907,0.02358810345633477,涨幅微弱型,0.6766961117219036,0.047853317477158305,0.10858354794877134,0.13916829705305397,0.0276987257991126,涨幅微弱型,0.6357555389404297,0.02362528257071972,0.11379273235797882,0.19181005656719208,0.035016417503356934,涨幅微弱型,0.6766961117219036,0.047853317477158305,0.10858354794877134,0.13916829705305397,0.0276987257991126
泸201H5-3—第21段—泸201H5-2,泸201H5,泸201H5-3 | 第21段,涨幅微弱型,9f93193fd77749,泸201H5,0,涨幅微弱型,0.4598337950138504,0.11634349030470914,0.24238227146814403,0.14265927977839335,0.038781163434903045,涨幅微弱型,0.8751320780601448,0.006718749523193042,0.060905136383037725,0.0333631417875633,0.0238808942460611,涨幅微弱型,0.6792887043144962,0.04739035451419535,0.10710206646728987,0.1376868155715725,0.028532059132445935,涨幅微弱型,0.6357555389404297,0.02362528257071972,0.11379273235797882,0.19181005656719208,0.035016417503356934,涨幅微弱型,0.6792887043144962,0.04739035451419535,0.10710206646728987,0.1376868155715725,0.028532059132445935
泸201H5-3—第22段—泸201H5-1,泸201H5,泸201H5-3 | 第22段,涨幅微弱型,6a77ff16135294,泸201H5,0,涨幅微弱型,0.4598337950138504,0.11634349030470914,0.24238227146814403,0.14265927977839335,0.038781163434903045,涨幅微弱型,0.8538283153705013,0.009644377760533266,0.07382202533360255,0.03956261533104687,0.023142666204315744,涨幅微弱型,0.6744683847571339,0.04946790081049164,0.10883422545554641,0.1398356412264957,0.027393847750332115,涨幅微弱型,0.6342290043830872,0.02356855385005474,0.11592061072587967,0.19134949147701263,0.03493233770132065,涨幅微弱型,0.6744683847571339,0.04946790081049164,0.10883422545554641,0.1398356412264957,0.027393847750332115
泸201H5-3—第22段—泸201H5-2,泸201H5,泸201H5-3 | 第22段,涨幅微弱型,b52f0cf17773c0,泸201H5,0,涨幅微弱型,0.4598337950138504,0.11634349030470914,0.24238227146814403,0.14265927977839335,0.038781163434903045,涨幅微弱型,0.8643931110374,0.008134086348511503,0.06744650931875865,0.0365222921643944,0.02350400113093536,涨幅微弱型,0.6766961117219036,0.047853317477158305,0.10858354794877134,0.13916829705305397,0.0276987257991126,涨幅微弱型,0.6357555389404297,0.02362528257071972,0.11379273235797882,0.19181005656719208,0.035016417503356934,涨幅微弱型,0.6766961117219036,0.047853317477158305,0.10858354794877134,0.13916829705305397,0.0276987257991126
泸201H5-3—第23段—泸201H5-2,泸201H5,泸201H5-3 | 第23段,涨幅微弱型,01596ef8a128e1,泸201H5,0,涨幅微弱型,0.4598337950138504,0.11634349030470914,0.24238227146814403,0.14265927977839335,0.038781163434903045,涨幅微弱型,0.8529653140866176,0.009772867937831456,0.07434018630461599,0.0398081190265866,0.0231135126443484,涨幅微弱型,0.672359988767159,0.05018218652477735,0.10883422545554641,0.1405718567653428,0.028051742487174222,涨幅微弱型,0.6342290043830872,0.02356855385005474,0.11592061072587967,0.19134949147701263,0.03493233770132065,涨幅微弱型,0.672359988767159,0.05018218652477735,0.10883422545554641,0.1405718567653428,0.028051742487174222
泸201H5-3—第24段—泸201H5-1,泸201H5,泸201H5-3 | 第24段,涨幅微弱型,01542982b133dc,泸201H5,0,涨幅微弱型,0.4598337950138504,0.11634349030470914,0.24238227146814403,0.14265927977839335,0.038781163434903045,涨幅微弱型,0.8234185700866812,0.014632285651764476,0.09183828432168793,0.04796868949686368,0.02214217044300266,涨幅微弱型,0.6697171664282553,0.05860460074792812,0.09999890668816243,0.1439022176732924,0.027777108462361418,涨幅微弱型,0.6100038886070251,0.05369719862937927,0.10212066024541855,0.2045070081949234,0.02967124804854393,涨幅微弱型,0.6697171664282553,0.05860460074792812,0.09999890668816243,0.1439022176732924,0.027777108462361418
泸201H5-3—第24段—泸201H5-2,泸201H5,泸201H5-3 | 第24段,涨幅微弱型,bf1e157bf84a4d,泸201H5,0,涨幅微弱型,0.4598337950138504,0.11634349030470914,0.24238227146814403,0.14265927977839335,0.038781163434903045,涨幅微弱型,0.8411196866895065,0.01161404772936407,0.08141209184342546,0.04313594531036125,0.022718228427342786,涨幅微弱型,0.6697558221004923,0.05050269934529016,0.11163069981452077,0.14089236958585563,0.027218409153840887,涨幅微弱型,0.6156110763549805,0.024373989552259445,0.12157361954450607,0.20231521129608154,0.03612612932920456,涨幅微弱型,0.6697558221004923,0.05050269934529016,0.11163069981452077,0.14089236958585563,0.027218409153840887
泸201H5-4—第1段—泸201H5-1,泸201H5,泸201H5-4 | 第1段,涨幅微弱型,15407eca941854,泸201H5,0,涨幅微弱型,0.4598337950138504,0.11634349030470914,0.24238227146814403,0.14265927977839335,0.038781163434903045,涨幅微弱型,0.9241269538641335,0.00024909505240643766,0.014165844112500835,0.009955006835730718,0.05150310013522836,涨幅微弱型,0.7031403256755869,0.04164304717627717,0.11472176359967662,0.11195389506591165,0.028540968482547658,涨幅微弱型,0.738673210144043,0.03091687522828579,0.09651952981948853,0.11054921895265579,0.023341109976172447,涨幅微弱型,0.7031403256755869,0.04164304717627717,0.11472176359967662,0.11195389506591165,0.028540968482547658
泸201H5-4—第1段—泸201H5-2,泸201H5,泸201H5-4 | 第1段,涨幅微弱型,4d33eb2a515346,泸201H5,0,涨幅微弱型,0.4598337950138504,0.11634349030470914,0.24238227146814403,0.14265927977839335,0.038781163434903045,涨幅微弱型,0.9243057629649732,0.00024524945088951725,0.014043716050402846,0.009878005858293366,0.051527265675441074,涨幅微弱型,0.7031403256755869,0.04164304717627717,0.11472176359967662,0.11195389506591165,0.028540968482547658,涨幅微弱型,0.738673210144043,0.03091687522828579,0.09651952981948853,0.11054921895265579,0.023341109976172447,涨幅微弱型,0.7031403256755869,0.04164304717627717,0.11472176359967662,0.11195389506591165,0.028540968482547658
泸201H5-4—第2段—泸201H5-1,泸201H5,泸201H5-4 | 第2段,涨幅微弱型,c6f1fa419bf1e6,泸201H5,0,涨幅微弱型,0.4598337950138504,0.11634349030470914,0.24238227146814403,0.14265927977839335,0.038781163434903045,涨幅微弱型,0.9650252055370889,7.915305302036825e-05,0.0062876473144656084,0.004343802143643372,0.024264191951781696,涨幅微弱型,0.6741323074071734,0.04401406963655359,0.12331460319692399,0.1299734911095024,0.028565528649846555,涨幅微弱型,0.77459716796875,0.025357570499181747,0.06924105435609818,0.1106046587228775,0.020199492573738098,涨幅微弱型,0.6741323074071734,0.04401406963655359,0.12331460319692399,0.1299734911095024,0.028565528649846555
泸201H5-4—第2段—泸201H5-2,泸201H5,泸201H5-4 | 第2段,涨幅微弱型,55c2d4c35fdc9f,泸201H5,0,涨幅微弱型,0.4598337950138504,0.11634349030470914,0.24238227146814403,0.14265927977839335,0.038781163434903045,涨幅微弱型,0.9651064682187704,7.792538354775878e-05,0.0062328858637154295,0.004309811498723001,0.02427290903524339,涨幅微弱型,0.6741323074071734,0.04401406963655359,0.12331460319692399,0.1299734911095024,0.028565528649846555,涨幅微弱型,0.77459716796875,0.025357570499181747,0.06924105435609818,0.1106046587228775,0.020199492573738098,涨幅微弱型,0.6741323074071734,0.04401406963655359,0.12331460319692399,0.1299734911095024,0.028565528649846555
泸201H5-4—第2段—泸201H5-3,泸201H5,泸201H5-4 | 第2段,稳定缓升型,6b29006f21e8d1,泸201H5,0,涨幅微弱型,0.4598337950138504,0.11634349030470914,0.24238227146814403,0.14265927977839335,0.038781163434903045,涨幅微弱型,0.8712173688708595,0.005742832051115508,0.06678166483046921,0.03597105023748784,0.020287084010068134,涨幅微弱型,0.6741323074071734,0.04401406963655359,0.12331460319692399,0.1299734911095024,0.028565528649846555,涨幅微弱型,0.7370676398277283,0.028836358338594437,0.08534687757492065,0.1257784515619278,0.022970646619796753,涨幅微弱型,0.6741323074071734,0.04401406963655359,0.12331460319692399,0.1299734911095024,0.028565528649846555
泸201H5-4—第3段—泸201H5-1,泸201H5,泸201H5-4 | 第3段,涨幅微弱型,b7b157960a6461,泸201H5,0,涨幅微弱型,0.4598337950138504,0.11634349030470914,0.24238227146814403,0.14265927977839335,0.038781163434903045,涨幅微弱型,0.96341511994529,0.00010123079531372058,0.0072677819382787785,0.005019407031925733,0.02419646028919161,涨幅微弱型,0.6753084749895911,0.043642045827029775,0.12175210319692399,0.1304342282889896,0.0288631476974656,涨幅微弱型,0.7555738091468811,0.02726864069700241,0.07868485152721405,0.11697620153427124,0.021496446803212166,涨幅微弱型,0.6753084749895911,0.043642045827029775,0.12175210319692399,0.1304342282889896,0.0288631476974656
泸201H5-4—第3段—泸201H5-2,泸201H5,泸201H5-4 | 第3段,涨幅微弱型,a7e2034b8fda91,泸201H5,0,涨幅微弱型,0.4598337950138504,0.11634349030470914,0.24238227146814403,0.14265927977839335,0.038781163434903045,涨幅微弱型,0.9635098076418483,9.966611267563005e-05,0.0072047484949007,0.004980301086415026,0.024205476664160386,涨幅微弱型,0.6753084749895911,0.043642045827029775,0.12175210319692399,0.1304342282889896,0.0288631476974656,涨幅微弱型,0.7555738091468811,0.02726864069700241,0.07868485152721405,0.11697620153427124,0.021496446803212166,涨幅微弱型,0.6753084749895911,0.043642045827029775,0.12175210319692399,0.1304342282889896,0.0288631476974656
泸201H5-4—第3段—泸201H5-3,泸201H5,泸201H5-4 | 第3段,稳定缓升型,5025e28cc550e0,泸201H5,0,涨幅微弱型,0.4598337950138504,0.11634349030470914,0.24238227146814403,0.14265927977839335,0.038781163434903045,涨幅微弱型,0.8683559745640894,0.005907875309036124,0.06825505649136188,0.037206880516165414,0.020274213119347226,涨幅微弱型,0.6753084749895911,0.043642045827029775,0.12175210319692399,0.1304342282889896,0.0288631476974656,涨幅微弱型,0.7157933115959167,0.030872751027345657,0.09655929356813431,0.13243700563907623,0.0243376437574625,涨幅微弱型,0.6753084749895911,0.043642045827029775,0.12175210319692399,0.1304342282889896,0.0288631476974656
泸201H5-4—第4段—泸201H5-1,泸201H5,泸201H5-4 | 第4段,涨幅微弱型,4e31fb8f5db60d,泸201H5,0,涨幅微弱型,0.4598337950138504,0.11634349030470914,0.24238227146814403,0.14265927977839335,0.038781163434903045,涨幅微弱型,0.9388506955246528,0.0002462932416237418,0.013405751773237835,0.010225133883731294,0.03727212557675425,涨幅微弱型,0.7158624391452356,0.04212380225700406,0.09449399903693449,0.12015187554910417,0.027367884011721504,涨幅微弱型,0.7386553883552551,0.02753613516688347,0.07793861627578735,0.13519088923931122,0.020678922533988953,涨幅微弱型,0.7158624391452356,0.04212380225700406,0.09449399903693449,0.12015187554910417,0.027367884011721504
泸201H5-4—第4段—泸201H5-2,泸201H5,泸201H5-4 | 第4段,涨幅微弱型,d24828bb128bba,泸201H5,0,涨幅微弱型,0.4598337950138504,0.11634349030470914,0.24238227146814403,0.14265927977839335,0.038781163434903045,涨幅微弱型,0.9390303012286524,0.00024252035852378792,0.013291071404513525,0.010146655339888445,0.03728945166842189,涨幅微弱型,0.7158624391452356,0.04212380225700406,0.09449399903693449,0.12015187554910417,0.027367884011721504,涨幅微弱型,0.7386553883552551,0.02753613516688347,0.07793861627578735,0.13519088923931122,0.020678922533988953,涨幅微弱型,0.7158624391452356,0.04212380225700406,0.09449399903693449,0.12015187554910417,0.027367884011721504
泸201H5-4—第5段—泸201H5-1,泸201H5,泸201H5-4 | 第5段,涨幅微弱型,8a58d5d83e7b4d,泸201H5,0,涨幅微弱型,0.4598337950138504,0.11634349030470914,0.24238227146814403,0.14265927977839335,0.038781163434903045,涨幅微弱型,0.9508931110497815,0.00019464016782431184,0.01083684704440124,0.007929766697807265,0.03014563504018574,涨幅微弱型,0.6944498612647618,0.045949328074091654,0.10182680621201941,0.12849113363044146,0.029282870818685695,涨幅微弱型,0.7478018403053284,0.03012164495885372,0.07263731211423874,0.127860888838768,0.021578241139650345,涨幅微弱型,0.6944498612647618,0.045949328074091654,0.10182680621201941,0.12849113363044146,0.029282870818685695
泸201H5-4—第5段—泸201H5-2,泸201H5,泸201H5-4 | 第5段,涨幅微弱型,3766de9c454d31,泸201H5,0,涨幅微弱型,0.4598337950138504,0.11634349030470914,0.24238227146814403,0.14265927977839335,0.038781163434903045,涨幅微弱型,0.9510370920862511,0.0001916609171770718,0.010744029712407755,0.007868799269536942,0.03015841801462721,涨幅微弱型,0.6944498612647618,0.045949328074091654,0.10182680621201941,0.12849113363044146,0.029282870818685695,涨幅微弱型,0.7478018403053284,0.03012164495885372,0.07263731211423874,0.127860888838768,0.021578241139650345,涨幅微弱型,0.6944498612647618,0.045949328074091654,0.10182680621201941,0.12849113363044146,0.029282870818685695
泸201H5-4—第5段—泸201H5-3,泸201H5,泸201H5-4 | 第5段,稳定缓升型,14a8c739577be2,泸201H5,0,涨幅微弱型,0.4598337950138504,0.11634349030470914,0.24238227146814403,0.14265927977839335,0.038781163434903045,涨幅微弱型,0.8452904681894567,0.006982371800607378,0.07695435153860579,0.04565397578405526,0.025118832687274866,涨幅微弱型,0.6944498612647618,0.045949328074091654,0.10182680621201941,0.12849113363044146,0.029282870818685695,涨幅微弱型,0.7078204154968262,0.034073468297719955,0.0890612006187439,0.14463567733764648,0.0244092158973217,涨幅微弱型,0.6944498612647618,0.045949328074091654,0.10182680621201941,0.12849113363044146,0.029282870818685695
泸201H5-4—第6段—泸201H5-1,泸201H5,泸201H5-4 | 第6段,涨幅微弱型,83ab10b32dbdc2,泸201H5,0,涨幅微弱型,0.4598337950138504,0.11634349030470914,0.24238227146814403,0.14265927977839335,0.038781163434903045,涨幅微弱型,0.9373638169910409,0.00023169779686019526,0.014960607682206317,0.010009207774938746,0.03743466975495395,涨幅微弱型,0.7294670303771726,0.039208019192191516,0.09129776893417856,0.10613575733642146,0.03389142416003548,涨幅微弱型,0.7651237845420837,0.02188115380704403,0.06349215656518936,0.12017982453107834,0.029323149472475052,涨幅微弱型,0.7294670303771726,0.039208019192191516,0.09129776893417856,0.10613575733642146,0.03389142416003548
泸201H5-4—第6段—泸201H5-2,泸201H5,泸201H5-4 | 第6段,涨幅微弱型,996aa2a54463c3,泸201H5,0,涨幅微弱型,0.4598337950138504,0.11634349030470914,0.24238227146814403,0.14265927977839335,0.038781163434903045,涨幅微弱型,0.9375527033562103,0.0002281760107022841,0.014833697695403564,0.009933041774471617,0.03745238116321207,涨幅微弱型,0.7294670303771726,0.039208019192191516,0.09129776893417856,0.10613575733642146,0.03389142416003548,涨幅微弱型,0.7651237845420837,0.02188115380704403,0.06349215656518936,0.12017982453107834,0.029323149472475052,涨幅微弱型,0.7294670303771726,0.039208019192191516,0.09129776893417856,0.10613575733642146,0.03389142416003548
泸201H5-4—第6段—泸201H5-3,泸201H5,泸201H5-4 | 第6段,稳定缓升型,83c94da279db3b,泸201H5,0,涨幅微弱型,0.4598337950138504,0.11634349030470914,0.24238227146814403,0.14265927977839335,0.038781163434903045,涨幅微弱型,0.8212122781562483,0.0064184064351679995,0.09128911746263746,0.05020742357404286,0.03087277437190339,涨幅微弱型,0.7294670303771726,0.039208019192191516,0.09129776893417856,0.10613575733642146,0.03389142416003548,涨幅微弱型,0.7271732687950134,0.024852938950061798,0.07816614955663681,0.13650204241275787,0.03330567479133606,涨幅微弱型,0.7294670303771726,0.039208019192191516,0.09129776893417856,0.10613575733642146,0.03389142416003548
泸201H5-4—第7段—泸201H5-1,泸201H5,泸201H5-4 | 第7段,涨幅微弱型,523b13fe7ee8c8;e92d5394de6e43,泸201H5,0,涨幅微弱型,0.4598337950138504,0.11634349030470914,0.24238227146814403,0.14265927977839335,0.038781163434903045,涨幅微弱型,0.9341888714327838,0.000294375267155857,0.017089780484614726,0.011277270135443183,0.03714970268000223,涨幅微弱型,0.7294670303771726,0.039208019192191516,0.09129776893417856,0.10613575733642146,0.03389142416003548,涨幅微弱型,0.7651237845420837,0.02188115380704403,0.06349215656518936,0.12017982453107834,0.029323149472475052,涨幅微弱型,0.7294670303771726,0.039208019192191516,0.09129776893417856,0.10613575733642146,0.03389142416003548
泸201H5-4—第7段—泸201H5-2,泸201H5,泸201H5-4 | 第7段,涨幅微弱型,a2764d067955b5;efc248ca46e0c3,泸201H5,0,涨幅微弱型,0.4598337950138504,0.11634349030470914,0.24238227146814403,0.14265927977839335,0.038781163434903045,涨幅微弱型,0.9344037354849606,0.00028992768215018887,0.01694590363983289,0.011192136954275357,0.03716829623878073,涨幅微弱型,0.7294670303771726,0.039208019192191516,0.09129776893417856,0.10613575733642146,0.03389142416003548,涨幅微弱型,0.7651237845420837,0.02188115380704403,0.06349215656518936,0.12017982453107834,0.029323149472475052,涨幅微弱型,0.7294670303771726,0.039208019192191516,0.09129776893417856,0.10613575733642146,0.03389142416003548
泸201H5-4—第8段—泸201H5-2,泸201H5,泸201H5-4 | 第8段,涨幅微弱型,940999d2bea296;e50baa8113e83c,泸201H5,0,涨幅微弱型,0.4598337950138504,0.11634349030470914,0.24238227146814403,0.14265927977839335,0.038781163434903045,涨幅微弱型,0.9225828474273507,0.00036174576331071115,0.018761511093790432,0.01279440361342385,0.0454994921021243,涨幅微弱型,0.7098521782624573,0.045939220011286856,0.08680539479651417,0.11053978616582344,0.04686342076391779,涨幅微弱型,0.7546733617782593,0.020174717530608177,0.06229409575462341,0.1067751795053482,0.05608268082141876,涨幅微弱型,0.7098521782624573,0.045939220011286856,0.08680539479651417,0.11053978616582344,0.04686342076391779
泸201H5-4—第9段—泸201H5-1,泸201H5,泸201H5-4 | 第9段,涨幅微弱型,1fec6b0a15b123,泸201H5,0,涨幅微弱型,0.4598337950138504,0.11634349030470914,0.24238227146814403,0.14265927977839335,0.038781163434903045,涨幅微弱型,0.9059471814856866,0.0004921365803909123,0.025770454687610026,0.016320069242205377,0.0514701580041069,涨幅微弱型,0.7520003972226549,0.04224478260707353,0.07278382671235152,0.09056327652360695,0.042407716934312445,涨幅微弱型,0.7934263348579407,0.01763220876455307,0.055920522660017014,0.08452213555574417,0.04849878326058388,涨幅微弱型,0.7520003972226549,0.04224478260707353,0.07278382671235152,0.09056327652360695,0.042407716934312445
泸201H5-4—第9段—泸201H5-2,泸201H5,泸201H5-4 | 第9段,涨幅微弱型,026cf2a319460c,泸201H5,0,涨幅微弱型,0.4598337950138504,0.11634349030470914,0.24238227146814403,0.14265927977839335,0.038781163434903045,涨幅微弱型,0.9062555317734676,0.00048482342623583694,0.025558355149917746,0.01619981674027315,0.05150147291010558,涨幅微弱型,0.7520003972226549,0.04224478260707353,0.07278382671235152,0.09056327652360695,0.042407716934312445,涨幅微弱型,0.7934263348579407,0.01763220876455307,0.055920522660017014,0.08452213555574417,0.04849878326058388,涨幅微弱型,0.7520003972226549,0.04224478260707353,0.07278382671235152,0.09056327652360695,0.042407716934312445
泸201H5-4—第10段—泸201H5-1,泸201H5,泸201H5-4 | 第10段,涨幅微弱型,14279e6fa0fac0,泸201H5,0,涨幅微弱型,0.4598337950138504,0.11634349030470914,0.24238227146814403,0.14265927977839335,0.038781163434903045,涨幅微弱型,0.9389909043610295,0.00039626973757567733,0.017082962979721172,0.0108150410573251,0.03271482186434873,涨幅微弱型,0.7039828320777681,0.04477418137937321,0.09158560370187006,0.11615578573013169,0.04350159711085656,涨幅微弱型,0.7645256519317627,0.019785288721323013,0.06109164282679558,0.10276336222887039,0.051833998411893845,涨幅微弱型,0.7039828320777681,0.04477418137937321,0.09158560370187006,0.11615578573013169,0.04350159711085656
泸201H5-4—第10段—泸201H5-2,泸201H5,泸201H5-4 | 第10段,涨幅微弱型,a1bf80fd129bff,泸201H5,0,涨幅微弱型,0.4598337950138504,0.11634349030470914,0.24238227146814403,0.14265927977839335,0.038781163434903045,涨幅微弱型,0.9392020742021151,0.0003903922003363104,0.016941776844000934,0.010734891862393084,0.03273086489115457,涨幅微弱型,0.7039828320777681,0.04477418137937321,0.09158560370187006,0.11615578573013169,0.04350159711085656,涨幅微弱型,0.7645256519317627,0.019785288721323013,0.06109164282679558,0.10276336222887039,0.051833998411893845,涨幅微弱型,0.7039828320777681,0.04477418137937321,0.09158560370187006,0.11615578573013169,0.04350159711085656
泸201H5-4—第11段—泸201H5-1,泸201H5,泸201H5-4 | 第11段,涨幅微弱型,d04a4dd51727a2,泸201H5,0,涨幅微弱型,0.4598337950138504,0.11634349030470914,0.24238227146814403,0.14265927977839335,0.038781163434903045,涨幅微弱型,0.9384361848618334,0.00047538185558771497,0.018364867875630547,0.011522463275513564,0.031201102131434857,涨幅微弱型,0.6712805587229217,0.04665551405598453,0.10377858286030976,0.1382028524830808,0.040082491877703345,涨幅微弱型,0.7358315587043762,0.02220846712589264,0.06649855524301529,0.11989535391330719,0.055566076189279556,涨幅微弱型,0.6712805587229217,0.04665551405598453,0.10377858286030976,0.1382028524830808,0.040082491877703345
泸201H5-4—第11段—泸201H5-2,泸201H5,泸201H5-4 | 第11段,涨幅微弱型,1dec29381cc5d8,泸201H5,0,涨幅微弱型,0.4598337950138504,0.11634349030470914,0.24238227146814403,0.14265927977839335,0.038781163434903045,涨幅微弱型,0.9386526294701222,0.0004686900193655093,0.01822097976042419,0.011441533852654243,0.03121616689743395,涨幅微弱型,0.6712805587229217,0.04665551405598453,0.10377858286030976,0.1382028524830808,0.040082491877703345,涨幅微弱型,0.7358315587043762,0.02220846712589264,0.06649855524301529,0.11989535391330719,0.055566076189279556,涨幅微弱型,0.6712805587229217,0.04665551405598453,0.10377858286030976,0.1382028524830808,0.040082491877703345
泸201H5-4—第12段—泸201H5-1,泸201H5,泸201H5-4 | 第12段,涨幅微弱型,946fb0dda26ad6,泸201H5,0,涨幅微弱型,0.4598337950138504,0.11634349030470914,0.24238227146814403,0.14265927977839335,0.038781163434903045,涨幅微弱型,0.9359046687193682,0.0005924575504867181,0.0208179116350853,0.012800439448575594,0.029884522646484335,涨幅微弱型,0.6700608293781922,0.04665551405598453,0.10409909568082258,0.13951873567396403,0.03966582521103669,涨幅微弱型,0.728881299495697,0.0228020790964365,0.067462258040905,0.12493918091058731,0.0559152252972126,涨幅微弱型,0.6700608293781922,0.04665551405598453,0.10409909568082258,0.13951873567396403,0.03966582521103669
泸201H5-4—第12段—泸201H5-2,泸201H5,泸201H5-4 | 第12段,涨幅微弱型,c99d25375e8d0a,泸201H5,0,涨幅微弱型,0.4598337950138504,0.11634349030470914,0.24238227146814403,0.14265927977839335,0.038781163434903045,涨幅微弱型,0.9361354246651084,0.0005846163021601146,0.020664854764327664,0.012716114881211615,0.029898989387192335,涨幅微弱型,0.6700608293781922,0.04665551405598453,0.10409909568082258,0.13951873567396403,0.03966582521103669,涨幅微弱型,0.728881299495697,0.0228020790964365,0.067462258040905,0.12493918091058731,0.0559152252972126,涨幅微弱型,0.6700608293781922,0.04665551405598453,0.10409909568082258,0.13951873567396403,0.03966582521103669
泸201H5-4—第13段—泸201H5-1,泸201H5,泸201H5-4 | 第13段,涨幅微弱型,2eb1d992cfe37c,泸201H5,0,涨幅微弱型,0.4598337950138504,0.11634349030470914,0.24238227146814403,0.14265927977839335,0.038781163434903045,涨幅微弱型,0.9318439897868878,0.0007379692035237607,0.02350772846113151,0.01427183159172362,0.029638480956733517,涨幅微弱型,0.6700608293781922,0.04665551405598453,0.10409909568082258,0.13951873567396403,0.03966582521103669,涨幅微弱型,0.728881299495697,0.0228020790964365,0.067462258040905,0.12493918091058731,0.0559152252972126,涨幅微弱型,0.6700608293781922,0.04665551405598453,0.10409909568082258,0.13951873567396403,0.03966582521103669
泸201H5-4—第13段—泸201H5-2,泸201H5,泸201H5-4 | 第13段,涨幅微弱型,69957c8c6e458a,泸201H5,0,涨幅微弱型,0.4598337950138504,0.11634349030470914,0.24238227146814403,0.14265927977839335,0.038781163434903045,涨幅微弱型,0.9320863890480939,0.0007288856992077362,0.023347342140137162,0.014184632064687775,0.029652751047873505,涨幅微弱型,0.6700608293781922,0.04665551405598453,0.10409909568082258,0.13951873567396403,0.03966582521103669,涨幅微弱型,0.728881299495697,0.0228020790964365,0.067462258040905,0.12493918091058731,0.0559152252972126,涨幅微弱型,0.6700608293781922,0.04665551405598453,0.10409909568082258,0.13951873567396403,0.03966582521103669
泸201H5-4—第14段—泸201H5-1,泸201H5,泸201H5-4 | 第14段,涨幅微弱型,3b5039c9797bcf,泸201H5,0,涨幅微弱型,0.4598337950138504,0.11634349030470914,0.24238227146814403,0.14265927977839335,0.038781163434903045,涨幅微弱型,0.9272963269350383,0.0009176228746691653,0.02651284857632809,0.015894109392296792,0.029379092221667708,涨幅微弱型,0.6700608293781922,0.04665551405598453,0.10409909568082258,0.13951873567396403,0.03966582521103669,涨幅微弱型,0.728881299495697,0.0228020790964365,0.067462258040905,0.12493918091058731,0.0559152252972126,涨幅微弱型,0.6700608293781922,0.04665551405598453,0.10409909568082258,0.13951873567396403,0.03966582521103669
泸201H5-4—第14段—泸201H5-2,泸201H5,泸201H5-4 | 第14段,涨幅微弱型,a18f95a8e52803,泸201H5,0,涨幅微弱型,0.4598337950138504,0.11634349030470914,0.24238227146814403,0.14265927977839335,0.038781163434903045,涨幅微弱型,0.9275468276126254,0.0009072731551985116,0.026347501902263162,0.01580539657363643,0.02939300075627646,涨幅微弱型,0.6700608293781922,0.04665551405598453,0.10409909568082258,0.13951873567396403,0.03966582521103669,涨幅微弱型,0.728881299495697,0.0228020790964365,0.067462258040905,0.12493918091058731,0.0559152252972126,涨幅微弱型,0.6700608293781922,0.04665551405598453,0.10409909568082258,0.13951873567396403,0.03966582521103669
泸201H5-4—第14段—泸201H5-3,泸201H5,泸201H5-4 | 第14段,稳定缓升型,fde7ca6b6f18cd,泸201H5,0,涨幅微弱型,0.4598337950138504,0.11634349030470914,0.24238227146814403,0.14265927977839335,0.038781163434903045,涨幅微弱型,0.8726214583640289,0.004381142876622336,0.06214781909269161,0.03397730560696914,0.026872274059688096,涨幅微弱型,0.6700608293781922,0.04665551405598453,0.10409909568082258,0.13951873567396403,0.03966582521103669,涨幅微弱型,0.690878689289093,0.025466544553637505,0.08166716992855072,0.13953855633735657,0.06244902312755585,涨幅微弱型,0.6700608293781922,0.04665551405598453,0.10409909568082258,0.13951873567396403,0.03966582521103669
泸201H5-4—第15段—泸201H5-1,泸201H5,泸201H5-4 | 第15段,涨幅微弱型,37feb22c34f013,泸201H5,0,涨幅微弱型,0.4598337950138504,0.11634349030470914,0.24238227146814403,0.14265927977839335,0.038781163434903045,涨幅微弱型,0.9222139129447031,0.0011389039675689038,0.029863172337329647,0.017678979645680236,0.029105031104718,涨幅微弱型,0.6700608293781922,0.04665551405598453,0.10409909568082258,0.13951873567396403,0.03966582521103669,涨幅微弱型,0.728881299495697,0.0228020790964365,0.067462258040905,0.12493918091058731,0.0559152252972126,涨幅微弱型,0.6700608293781922,0.04665551405598453,0.10409909568082258,0.13951873567396403,0.03966582521103669
泸201H5-4—第15段—泸201H5-2,泸201H5,泸201H5-4 | 第15段,涨幅微弱型,9398996cbdbad2,泸201H5,0,涨幅微弱型,0.4598337950138504,0.11634349030470914,0.24238227146814403,0.14265927977839335,0.038781163434903045,涨幅微弱型,0.9224670938312722,0.0011273741327421658,0.029696469342174424,0.017590717570903542,0.029118345122907743,涨幅微弱型,0.6700608293781922,0.04665551405598453,0.10409909568082258,0.13951873567396403,0.03966582521103669,涨幅微弱型,0.728881299495697,0.0228020790964365,0.067462258040905,0.12493918091058731,0.0559152252972126,涨幅微弱型,0.6700608293781922,0.04665551405598453,0.10409909568082258,0.13951873567396403,0.03966582521103669
泸201H5-4—第16段—泸201H5-1,泸201H5,泸201H5-4 | 第16段,涨幅微弱型,fbda846e9abd66,泸201H5,0,涨幅微弱型,0.4598337950138504,0.11634349030470914,0.24238227146814403,0.14265927977839335,0.038781163434903045,涨幅微弱型,0.9165501476747555,0.0014105704358260169,0.03358727536598399,0.019636904669097136,0.02881510185433726,涨幅微弱型,0.6700608293781922,0.04665551405598453,0.10409909568082258,0.13951873567396403,0.03966582521103669,涨幅微弱型,0.728881299495697,0.0228020790964365,0.067462258040905,0.12493918091058731,0.0559152252972126,涨幅微弱型,0.6700608293781922,0.04665551405598453,0.10409909568082258,0.13951873567396403,0.03966582521103669
泸201H5-4—第16段—泸201H5-2,泸201H5,泸201H5-4 | 第16段,涨幅微弱型,ca289c72e09b94,泸201H5,0,涨幅微弱型,0.4598337950138504,0.11634349030470914,0.24238227146814403,0.14265927977839335,0.038781163434903045,涨幅微弱型,0.9167987390658106,0.001398097557043308,0.033424021393779896,0.019551608268542926,0.028827533714823435,涨幅微弱型,0.6700608293781922,0.04665551405598453,0.10409909568082258,0.13951873567396403,0.03966582521103669,涨幅微弱型,0.728881299495697,0.0228020790964365,0.067462258040905,0.12493918091058731,0.0559152252972126,涨幅微弱型,0.6700608293781922,0.04665551405598453,0.10409909568082258,0.13951873567396403,0.03966582521103669
泸201H5-4—第17段—泸201H5-1,泸201H5,泸201H5-4 | 第17段,涨幅微弱型,b2e3b42a675710,泸201H5,0,涨幅微弱型,0.4598337950138504,0.11634349030470914,0.24238227146814403,0.14265927977839335,0.038781163434903045,涨幅微弱型,0.9102463023260945,0.001743539094076901,0.03772100744702884,0.02178159524687452,0.028507555885925257,涨幅微弱型,0.6700608293781922,0.04665551405598453,0.10409909568082258,0.13951873567396403,0.03966582521103669,涨幅微弱型,0.728881299495697,0.0228020790964365,0.067462258040905,0.12493918091058731,0.0559152252972126,涨幅微弱型,0.6700608293781922,0.04665551405598453,0.10409909568082258,0.13951873567396403,0.03966582521103669
泸201H5-4—第17段—泸201H5-2,泸201H5,泸201H5-4 | 第17段,涨幅微弱型,953153ce85ee4b,泸201H5,0,涨幅微弱型,0.4598337950138504,0.11634349030470914,0.24238227146814403,0.14265927977839335,0.038781163434903045,涨幅微弱型,0.9104803767375353,0.0017306043868671292,0.037567722535139056,0.02170256578033906,0.02851873056011924,涨幅微弱型,0.6700608293781922,0.04665551405598453,0.10409909568082258,0.13951873567396403,0.03966582521103669,涨幅微弱型,0.728881299495697,0.0228020790964365,0.067462258040905,0.12493918091058731,0.0559152252972126,涨幅微弱型,0.6700608293781922,0.04665551405598453,0.10409909568082258,0.13951873567396403,0.03966582521103669
泸201H5-4—第18段—泸201H5-1,泸201H5,泸201H5-4 | 第18段,涨幅微弱型,71106dfde39dac,泸201H5,0,涨幅微弱型,0.4598337950138504,0.11634349030470914,0.24238227146814403,0.14265927977839335,0.038781163434903045,涨幅微弱型,0.9032286418664621,0.002151590018013897,0.04230911158006233,0.024130595131108788,0.02818006140435282,涨幅微弱型,0.6700608293781922,0.04665551405598453,0.10409909568082258,0.13951873567396403,0.03966582521103669,涨幅微弱型,0.728881299495697,0.0228020790964365,0.067462258040905,0.12493918091058731,0.0559152252972126,涨幅微弱型,0.6700608293781922,0.04665551405598453,0.10409909568082258,0.13951873567396403,0.03966582521103669
泸201H5-4—第18段—泸201H5-2,泸201H5,泸201H5-4 | 第18段,涨幅微弱型,8612e941de227a,泸201H5,0,涨幅微弱型,0.4598337950138504,0.11634349030470914,0.24238227146814403,0.14265927977839335,0.038781163434903045,涨幅微弱型,0.9034364906781471,0.0021389432959043127,0.042173428604579274,0.024061570164297278,0.02818956725707202,涨幅微弱型,0.6700608293781922,0.04665551405598453,0.10409909568082258,0.13951873567396403,0.03966582521103669,涨幅微弱型,0.728881299495697,0.0228020790964365,0.067462258040905,0.12493918091058731,0.0559152252972126,涨幅微弱型,0.6700608293781922,0.04665551405598453,0.10409909568082258,0.13951873567396403,0.03966582521103669
泸201H5-4—第20段—泸201H5-1,泸201H5,泸201H5-4 | 第20段,涨幅微弱型,a16fbd5096d255,泸201H5,0,涨幅微弱型,0.4598337950138504,0.11634349030470914,0.24238227146814403,0.14265927977839335,0.038781163434903045,涨幅微弱型,0.8870812606071171,0.0032375111255569687,0.05281091698044047,0.029399873111350592,0.02747043817553484,涨幅微弱型,0.6700608293781922,0.04665551405598453,0.10409909568082258,0.13951873567396403,0.03966582521103669,涨幅微弱型,0.728881299495697,0.0228020790964365,0.067462258040905,0.12493918091058731,0.0559152252972126,涨幅微弱型,0.6700608293781922,0.04665551405598453,0.10409909568082258,0.13951873567396403,0.03966582521103669
泸201H5-4—第20段—泸201H5-2,泸201H5,泸201H5-4 | 第20段,涨幅微弱型,8fd2bbceebc966,泸201H5,0,涨幅微弱型,0.4598337950138504,0.11634349030470914,0.24238227146814403,0.14265927977839335,0.038781163434903045,涨幅微弱型,0.8871707037925907,0.00323093759757003,0.05275296124139247,0.029371163853468742,0.02747423351497781,涨幅微弱型,0.6700608293781922,0.04665551405598453,0.10409909568082258,0.13951873567396403,0.03966582521103669,涨幅微弱型,0.728881299495697,0.0228020790964365,0.067462258040905,0.12493918091058731,0.0559152252972126,涨幅微弱型,0.6700608293781922,0.04665551405598453,0.10409909568082258,0.13951873567396403,0.03966582521103669
泸201H5-4—第21段—泸201H5-1,泸201H5,泸201H5-4 | 第21段,涨幅微弱型,3134511acd1355,泸201H5,0,涨幅微弱型,0.4598337950138504,0.11634349030470914,0.24238227146814403,0.14265927977839335,0.038781163434903045,涨幅微弱型,0.8779260453899316,0.00394296855629158,0.05873014080986115,0.03231244989463407,0.02708839534928165,涨幅微弱型,0.6700608293781922,0.04665551405598453,0.10409909568082258,0.13951873567396403,0.03966582521103669,涨幅微弱型,0.690878689289093,0.025466544553637505,0.08166716992855072,0.13953855633735657,0.06244902312755585,涨幅微弱型,0.6700608293781922,0.04665551405598453,0.10409909568082258,0.13951873567396403,0.03966582521103669
泸201H5-4—第21段—泸201H5-2,泸201H5,泸201H5-4 | 第21段,涨幅微弱型,8dfcdfb89bf92c,泸201H5,0,涨幅微弱型,0.4598337950138504,0.11634349030470914,0.24238227146814403,0.14265927977839335,0.038781163434903045,涨幅微弱型,0.8779083040566452,0.0039443981418854504,0.058741586080620294,0.032318045172310156,0.027087666548538978,涨幅微弱型,0.6700608293781922,0.04665551405598453,0.10409909568082258,0.13951873567396403,0.03966582521103669,涨幅微弱型,0.690878689289093,0.025466544553637505,0.08166716992855072,0.13953855633735657,0.06244902312755585,涨幅微弱型,0.6700608293781922,0.04665551405598453,0.10409909568082258,0.13951873567396403,0.03966582521103669
泸201H5-4—第22段—泸201H5-2,泸201H5,泸201H5-4 | 第22段,涨幅微弱型,652b44e9fa8943,泸201H5,0,涨幅微弱型,0.4598337950138504,0.11634349030470914,0.24238227146814403,0.14265927977839335,0.038781163434903045,涨幅微弱型,0.8678581509389516,0.004792921296459044,0.06520913758363926,0.03545873172963608,0.02668105845131413,涨幅微弱型,0.6700608293781922,0.04665551405598453,0.10409909568082258,0.13951873567396403,0.03966582521103669,涨幅微弱型,0.690878689289093,0.025466544553637505,0.08166716992855072,0.13953855633735657,0.06244902312755585,涨幅微弱型,0.6700608293781922,0.04665551405598453,0.10409909568082258,0.13951873567396403,0.03966582521103669
泸201H5-4—第22段—泸201H5-3,泸201H5,泸201H5-4 | 第22段,快速稳定型,78c564849b4f80,泸201H5,0,涨幅微弱型,0.4598337950138504,0.11634349030470914,0.24238227146814403,0.14265927977839335,0.038781163434903045,涨幅微弱型,0.864195006966264,0.0051213510206455535,0.06755842232064314,0.036589537110008764,0.026535682582438675,涨幅微弱型,0.6700608293781922,0.04665551405598453,0.10409909568082258,0.13951873567396403,0.03966582521103669,涨幅微弱型,0.690878689289093,0.025466544553637505,0.08166716992855072,0.13953855633735657,0.06244902312755585,涨幅微弱型,0.6700608293781922,0.04665551405598453,0.10409909568082258,0.13951873567396403,0.03966582521103669
泸201H5-4—第24段—泸201H5-1,泸201H5,泸201H5-4 | 第24段,涨幅微弱型,38d9212455fa69,泸201H5,0,涨幅微弱型,0.4598337950138504,0.11634349030470914,0.24238227146814403,0.14265927977839335,0.038781163434903045,涨幅微弱型,0.8460579931194628,0.006897572475829992,0.07912487243414745,0.04208537347988543,0.02583418849067453,涨幅微弱型,0.6705237923411552,0.04665551405598453,0.10363613271785961,0.13951873567396403,0.03966582521103669,涨幅微弱型,0.6929712295532227,0.025543678551912308,0.08191452920436859,0.1369323581457138,0.06263817101716995,涨幅微弱型,0.6705237923411552,0.04665551405598453,0.10363613271785961,0.13951873567396403,0.03966582521103669
泸201H5-4—第24段—泸201H5-2,泸201H5,泸201H5-4 | 第24段,涨幅微弱型,840c2e5a561c68,泸201H5,0,涨幅微弱型,0.4598337950138504,0.11634349030470914,0.24238227146814403,0.14265927977839335,0.038781163434903045,涨幅微弱型,0.8454169072464197,0.006964917453117377,0.07953167700663863,0.042276615917740054,0.025809882376084257,涨幅微弱型,0.6705237923411552,0.04665551405598453,0.10363613271785961,0.13951873567396403,0.03966582521103669,涨幅微弱型,0.6929712295532227,0.025543678551912308,0.08191452920436859,0.1369323581457138,0.06263817101716995,涨幅微弱型,0.6705237923411552,0.04665551405598453,0.10363613271785961,0.13951873567396403,0.03966582521103669
泸201H5-4—第24段—泸201H5-3,泸201H5,泸201H5-4 | 第24段,稳定缓升型,47278024ed081f,泸201H5,0,涨幅微弱型,0.4598337950138504,0.11634349030470914,0.24238227146814403,0.14265927977839335,0.038781163434903045,涨幅微弱型,0.8404810953731419,0.007493834602453999,0.08265897399517898,0.043742366855097366,0.0256237291741279,涨幅微弱型,0.6705237923411552,0.04665551405598453,0.10363613271785961,0.13951873567396403,0.03966582521103669,涨幅微弱型,0.7015554308891296,0.025025252252817154,0.08132465183734894,0.1299075037240982,0.06218712404370308,涨幅微弱型,0.6705237923411552,0.04665551405598453,0.10363613271785961,0.13951873567396403,0.03966582521103669
泸201H5-4—第25段—泸201H5-2,泸201H5,泸201H5-4 | 第25段,涨幅微弱型,820d12ee3ad183,泸201H5,0,涨幅微弱型,0.4598337950138504,0.11634349030470914,0.24238227146814403,0.14265927977839335,0.038781163434903045,涨幅微弱型,0.8332816029772864,0.008298392938363456,0.08720527727963848,0.04585959681813785,0.02535512998657366,涨幅微弱型,0.6667608108639792,0.04682912516709565,0.10932604817679681,0.13977800192987347,0.03730601386225476,涨幅微弱型,0.6544996500015259,0.023273970931768417,0.10347341746091843,0.1232805922627449,0.09547238796949387,涨幅微弱型,0.6667608108639792,0.04682912516709565,0.10932604817679681,0.13977800192987347,0.03730601386225476
泸201H5-4—第26段—泸201H5-1,泸201H5,泸201H5-4 | 第26段,涨幅微弱型,b40ab2cac0df99,泸201H5,0,涨幅微弱型,0.4598337950138504,0.11634349030470914,0.24238227146814403,0.14265927977839335,0.038781163434903045,涨幅微弱型,0.8226345141519877,0.009560188762088641,0.09389483756119468,0.04894683538970277,0.024963624135026213,涨幅微弱型,0.6534619260950321,0.047342752001477195,0.12369723702907022,0.14418084651616675,0.031317238358253695,涨幅微弱型,0.6359094381332397,0.023868218064308167,0.12738414108753204,0.1807338446378708,0.03210434690117836,涨幅微弱型,0.6534619260950321,0.047342752001477195,0.12369723702907022,0.14418084651616675,0.031317238358253695
泸201H5-4—第26段—泸201H5-2,泸201H5,泸201H5-4 | 第26段,涨幅微弱型,a765ee3c8a4ca9,泸201H5,0,涨幅微弱型,0.4598337950138504,0.11634349030470914,0.24238227146814403,0.14265927977839335,0.038781163434903045,涨幅微弱型,0.8211607503860668,0.009741618154666731,0.0948175716867362,0.04937013568663063,0.02490992408589958,涨幅微弱型,0.6534619260950321,0.047342752001477195,0.12369723702907022,0.14418084651616675,0.031317238358253695,涨幅微弱型,0.6359094381332397,0.023868218064308167,0.12738414108753204,0.1807338446378708,0.03210434690117836,涨幅微弱型,0.6534619260950321,0.047342752001477195,0.12369723702907022,0.14418084651616675,0.031317238358253695
泸201H5-4—第26段—泸201H5-3,泸201H5,泸201H5-4 | 第26段,稳定缓升型,3571be42766879,泸201H5,0,涨幅微弱型,0.4598337950138504,0.11634349030470914,0.24238227146814403,0.14265927977839335,0.038781163434903045,涨幅微弱型,0.8145619653468985,0.010574196375696688,0.09893933563080624,0.05125366821578621,0.024670834430812357,涨幅微弱型,0.6534619260950321,0.047342752001477195,0.12369723702907022,0.14418084651616675,0.031317238358253695,涨幅微弱型,0.6359094381332397,0.023868218064308167,0.12738414108753204,0.1807338446378708,0.03210434690117836,涨幅微弱型,0.6534619260950321,0.047342752001477195,0.12369723702907022,0.14418084651616675,0.031317238358253695
泸201H5-4—第27段—泸201H5-1,泸201H5,泸201H5-4 | 第27段,涨幅微弱型,b4b102570079b7,泸201H5,0,涨幅微弱型,0.4598337950138504,0.11634349030470914,0.24238227146814403,0.14265927977839335,0.038781163434903045,涨幅微弱型,0.8116389711319042,0.01095357544317954,0.10075995325780765,0.05208189749932798,0.024565602667780635,涨幅微弱型,0.6527098935747069,0.047481640890366085,0.12394791453584528,0.1448481906896085,0.031012360309473203,涨幅微弱型,0.6359094381332397,0.023868218064308167,0.12738414108753204,0.1807338446378708,0.03210434690117836,涨幅微弱型,0.6527098935747069,0.047481640890366085,0.12394791453584528,0.1448481906896085,0.031012360309473203
泸201H5-4—第27段—泸201H5-2,泸201H5,泸201H5-4 | 第27段,涨幅微弱型,ecbbacbd773661,泸201H5,0,涨幅微弱型,0.4598337950138504,0.11634349030470914,0.24238227146814403,0.14265927977839335,0.038781163434903045,涨幅微弱型,0.8095586425444202,0.011227546281820431,0.10205376147701939,0.052669100792932924,0.024490948903807125,涨幅微弱型,0.6527098935747069,0.047481640890366085,0.12394791453584528,0.1448481906896085,0.031012360309473203,涨幅微弱型,0.6342006921768188,0.023804083466529846,0.12972897291183472,0.1802482008934021,0.03201808035373688,涨幅微弱型,0.6527098935747069,0.047481640890366085,0.12394791453584528,0.1448481906896085,0.031012360309473203
泸201H5-4—第27段—泸201H5-3,泸201H5,泸201H5-4 | 第27段,渐进上升型,9d9e980b1edcbe,泸201H5,0,涨幅微弱型,0.4598337950138504,0.11634349030470914,0.24238227146814403,0.14265927977839335,0.038781163434903045,涨幅微弱型,0.8020110147741579,0.01224924979133561,0.10673409731689089,0.05478393853703461,0.024221699580580867,涨幅微弱型,0.650601497584732,0.04819592660465179,0.12394791453584528,0.14558440622845564,0.03167025504631531,涨幅微弱型,0.6342006921768188,0.023804083466529846,0.12972897291183472,0.1802482008934021,0.03201808035373688,涨幅微弱型,0.650601497584732,0.04819592660465179,0.12394791453584528,0.14558440622845564,0.03167025504631531
泸203H10-2—第3段—泸203H10-3,泸203H10,泸203H10-2 | 第3段,渐进上升型,1193d87a7828c9,泸203H10,0,涨幅微弱型,0.4598337950138504,0.11634349030470914,0.24238227146814403,0.14265927977839335,0.038781163434903045,渐进上升型,0.05193451690347864,0.18642397180181927,0.5506334002414429,0.1891142282142171,0.02189388283904208,渐进上升型,0.15247391600409707,0.15808047185012591,0.3739092197192196,0.2607681691525254,0.05476822327403241,渐进上升型,0.07457534223794937,0.12431091070175171,0.5359928011894226,0.22491362690925598,0.04020730033516884,渐进上升型,0.15247391600409707,0.15808047185012591,0.3739092197192196,0.2607681691525254,0.05476822327403241
泸203H10-2—第14段—泸203H10-3,泸203H10,泸203H10-2 | 第14段,先降后升型,550383dbf7542c,泸203H10,0,涨幅微弱型,0.4598337950138504,0.11634349030470914,0.24238227146814403,0.14265927977839335,0.038781163434903045,渐进上升型,0.13300164271827916,0.11345801975965424,0.5555365829757557,0.18459140405344165,0.013412350492869289,渐进上升型,0.21649706487573364,0.16014771239722825,0.35532217960686935,0.23590594396689005,0.03212709915327921,渐进上升型,0.09886310249567032,0.051623113453388214,0.5955681800842285,0.2192641794681549,0.034681420773267746,渐进上升型,0.21649706487573364,0.16014771239722825,0.35532217960686935,0.23590594396689005,0.03212709915327921
泸203H10-2—第15段—泸203H10-1,泸203H10,泸203H10-2 | 第15段,渐进上升型,2ac12a6251185c,泸203H10,0,涨幅微弱型,0.4598337950138504,0.11634349030470914,0.24238227146814403,0.14265927977839335,0.038781163434903045,渐进上升型,0.1269375636440385,0.1182965205415153,0.5603891819019512,0.18249575526387146,0.011880978648623534,渐进上升型,0.20637285006274694,0.164037526083681,0.33732490357779704,0.26221126150447305,0.030053458771302513,渐进上升型,0.15853849053382874,0.08440085500478745,0.42237982153892517,0.29315680265426636,0.04152397811412811,渐进上升型,0.20637285006274694,0.164037526083681,0.33732490357779704,0.26221126150447305,0.030053458771302513
泸203H10-2—第15段—泸203H10-3,泸203H10,泸203H10-2 | 第15段,渐进上升型,9b15d319fb7007,泸203H10,0,涨幅微弱型,0.4598337950138504,0.11634349030470914,0.24238227146814403,0.14265927977839335,0.038781163434903045,渐进上升型,0.13205151710195226,0.11410616403891913,0.5587293810370707,0.18273695626630648,0.012375981555751486,渐进上升型,0.2089282020292005,0.16129189415068618,0.3548503053367131,0.24234682145324807,0.03258277703015274,渐进上升型,0.09190436452627182,0.07628808170557022,0.5827686190605164,0.2145518958568573,0.03448702394962311,渐进上升型,0.2089282020292005,0.16129189415068618,0.3548503053367131,0.24234682145324807,0.03258277703015274
泸203H10-2—第16段—泸203H10-1,泸203H10,泸203H10-2 | 第16段,渐进上升型,c851c0321ea0db,泸203H10,0,涨幅微弱型,0.4598337950138504,0.11634349030470914,0.24238227146814403,0.14265927977839335,0.038781163434903045,渐进上升型,0.1269375636440385,0.1182965205415153,0.5603891819019512,0.18249575526387146,0.011880978648623534,渐进上升型,0.20637285006274694,0.164037526083681,0.33732490357779704,0.26221126150447305,0.030053458771302513,渐进上升型,0.15853849053382874,0.08440085500478745,0.42237982153892517,0.29315680265426636,0.04152397811412811,渐进上升型,0.20637285006274694,0.164037526083681,0.33732490357779704,0.26221126150447305,0.030053458771302513
泸203H10-2—第17段—泸203H10-1,泸203H10,泸203H10-2 | 第17段,快速稳定型,a41cb7bc63be77,泸203H10,0,涨幅微弱型,0.4598337950138504,0.11634349030470914,0.24238227146814403,0.14265927977839335,0.038781163434903045,渐进上升型,0.11095678326491125,0.12368983701264945,0.5564122049415682,0.19582541392522418,0.013115760855646974,渐进上升型,0.2093692968723799,0.18243941393384283,0.3092782838805176,0.2657288964191914,0.033184108894068795,渐进上升型,0.15478026866912842,0.08745695650577545,0.41236716508865356,0.3053329586982727,0.04006265476346016,渐进上升型,0.2093692968723799,0.18243941393384283,0.3092782838805176,0.2657288964191914,0.033184108894068795
泸203H10-3—第3段—泸203H10-2,泸203H10,泸203H10-3 | 第3段,稳定缓升型,a28c17d8261f97,泸203H10,0,涨幅微弱型,0.4598337950138504,0.11634349030470914,0.24238227146814403,0.14265927977839335,0.038781163434903045,渐进上升型,0.07416871436380454,0.16773259090714138,0.546822013229214,0.19408449888669413,0.017192182613145868,渐进上升型,0.19497936566954518,0.147952067070279,0.3757404388059262,0.255407958745937,0.02592016970831302,渐进上升型,0.12031836062669754,0.1258344054222107,0.5071489214897156,0.23221030831336975,0.014488003216683865,渐进上升型,0.19497936566954518,0.147952067070279,0.3757404388059262,0.255407958745937,0.02592016970831302
泸203H10-3—第12段—泸203H10-1,泸203H10,泸203H10-3 | 第12段,渐进上升型,bbc00d8e373e7d,泸203H10,0,涨幅微弱型,0.4598337950138504,0.11634349030470914,0.24238227146814403,0.14265927977839335,0.038781163434903045,渐进上升型,0.032012014748123256,0.18740848044407477,0.602734109910256,0.16349940918671696,0.014345985710828825,渐进上升型,0.0891142070012476,0.18145962022375606,0.43394700877405057,0.2694583220357209,0.026020841965225087,渐进上升型,0.060194727033376694,0.2566206455230713,0.41353145241737366,0.2467392086982727,0.022913960739970207,渐进上升型,0.0891142070012476,0.18145962022375606,0.43394700877405057,0.2694583220357209,0.026020841965225087
泸203H10-4—第8段—泸203H10-3,泸203H10,泸203H10-4 | 第8段,渐进上升型,61e3c2032712bc,泸203H10,0,涨幅微弱型,0.4598337950138504,0.11634349030470914,0.24238227146814403,0.14265927977839335,0.038781163434903045,渐进上升型,0.06679630733560761,0.21014755002136312,0.5730192511337554,0.13781829605351686,0.012218595455757002,渐进上升型,0.13352544370639446,0.1595145209711441,0.4559120980265271,0.21667220002626497,0.0343757372696697,渐进上升型,0.0499679334461689,0.06444898992776871,0.6114388108253479,0.2432987540960312,0.030845515429973602,渐进上升型,0.13352544370639446,0.1595145209711441,0.4559120980265271,0.21667220002626497,0.0343757372696697
泸203H10-4—第9段—泸203H10-3,泸203H10,泸203H10-4 | 第9段,渐进上升型,d57d039ee680fe,泸203H10,0,涨幅微弱型,0.4598337950138504,0.11634349030470914,0.24238227146814403,0.14265927977839335,0.038781163434903045,渐进上升型,0.06408321534932358,0.15858470230404237,0.5993828668019352,0.16248685468704596,0.01546236085765293,渐进上升型,0.16285023748088684,0.15124229414063498,0.40477140378109694,0.24597751065365195,0.03515855394372989,渐进上升型,0.053440820425748825,0.07455918192863464,0.6326026916503906,0.21207575500011444,0.027321504428982735,渐进上升型,0.16285023748088684,0.15124229414063498,0.40477140378109694,0.24597751065365195,0.03515855394372989
泸203H11-2—第7段—泸203H11-3,泸203H11,泸203H11-2 | 第7段,渐进上升型,9f5ab78de8f5fd,泸203H11,3,涨幅微弱型,0.5057034220532319,0.10139416983523447,0.21673003802281368,0.13814955640050697,0.03802281368821293,渐进上升型,0.13694931245283518,0.24258507877438837,0.5074443616149202,0.09342057373626186,0.01960067342159437,渐进上升型,0.2937041607329591,0.0981775464571096,0.34872632030331147,0.22296923811754343,0.036422734389076776,渐进上升型,0.10458096116781235,0.1256992071866989,0.4592926502227783,0.2058449387550354,0.10458222031593323,渐进上升型,0.2937041607329591,0.0981775464571096,0.34872632030331147,0.22296923811754343,0.036422734389076776
泸203H11-2—第8段—泸203H11-3,泸203H11,泸203H11-2 | 第8段,快速稳定型,c2b141d47aae59,泸203H11,3,涨幅微弱型,0.5057034220532319,0.10139416983523447,0.21673003802281368,0.13814955640050697,0.03802281368821293,渐进上升型,0.15677429360044406,0.18591694129237782,0.5299794734212355,0.10907700346303319,0.01825228822290936,渐进上升型,0.33338904443963474,0.09886005896472609,0.34257365146752605,0.17930269380140385,0.04587455132670948,渐进上升型,0.14229586720466614,0.12029789388179779,0.43056198954582214,0.1707307994365692,0.1361134797334671,渐进上升型,0.33338904443963474,0.09886005896472609,0.34257365146752605,0.17930269380140385,0.04587455132670948
泸203H11-2—第10段—泸203H11-3,泸203H11,泸203H11-2 | 第10段,稳定缓升型,6047d67ba66f54,泸203H11,3,涨幅微弱型,0.5057034220532319,0.10139416983523447,0.21673003802281368,0.13814955640050697,0.03802281368821293,渐进上升型,0.1100229563605849,0.169708376928814,0.6145598894726119,0.09101021189144314,0.014698565346546113,渐进上升型,0.16800293088475846,0.11479912847580286,0.4333699221663816,0.21219281149957733,0.07163520697347994,渐进上升型,0.06572207808494568,0.1966335028409958,0.271188348531723,0.2277395874261856,0.2387164831161499,渐进上升型,0.16800293088475846,0.11479912847580286,0.4333699221663816,0.21219281149957733,0.07163520697347994
泸203H11-4—第3段—泸203H11-3,泸203H11,泸203H11-4 | 第3段,快速稳定型,d75053ea6bafd0,泸203H11,3,涨幅微弱型,0.5057034220532319,0.10139416983523447,0.21673003802281368,0.13814955640050697,0.03802281368821293,渐进上升型,0.006047524463778495,0.1129361033892634,0.6754941771391254,0.19881327378461028,0.006708921223222431,渐进上升型,0.2572980954428064,0.11901781674453633,0.3996738933441314,0.18113782949198914,0.042872364976536965,渐进上升型,0.09174026548862457,0.14894868433475494,0.4428812861442566,0.1985885202884674,0.1178412139415741,渐进上升型,0.2572980954428064,0.11901781674453633,0.3996738933441314,0.18113782949198914,0.042872364976536965
泸203H153-4—第16段—泸203H153-6,泸203H153,泸203H153-4 | 第16段,渐进上升型,c293f089dff51d,泸203H153,0,涨幅微弱型,0.4598337950138504,0.11634349030470914,0.24238227146814403,0.14265927977839335,0.038781163434903045,涨幅微弱型,0.6949923706873969,0.07634208028404213,0.14388514026502508,0.03691397455822994,0.04786643420530569,渐进上升型,0.30065718400655406,0.14054340798199752,0.33881231344692914,0.17088090917429474,0.049106185390224585,涨幅微弱型,0.43384799361228943,0.1650640219449997,0.23324601352214813,0.1133643388748169,0.05447765812277794,渐进上升型,0.30065718400655406,0.14054340798199752,0.33881231344692914,0.17088090917429474,0.049106185390224585
泸203H153-5—第18段—泸203H153-6,泸203H153,泸203H153-5 | 第18段,快速稳定型,4e00a5452ea1bd,泸203H153,0,涨幅微弱型,0.4598337950138504,0.11634349030470914,0.24238227146814403,0.14265927977839335,0.038781163434903045,渐进上升型,0.23261339851120308,0.0982155262603293,0.5532448141324642,0.09659958943711881,0.019326671658884638,渐进上升型,0.2719344384825532,0.12830296416477718,0.35906059841604515,0.20902054406799633,0.03168145486862824,渐进上升型,0.22421295940876007,0.1227198913693428,0.35575851798057556,0.26770129799842834,0.029607359319925308,渐进上升型,0.2719344384825532,0.12830296416477718,0.35906059841604515,0.20902054406799633,0.03168145486862824
泸203H153-5—第20段—泸203H153-6,泸203H153,泸203H153-5 | 第20段,快速稳定型,4e399f812c7649,泸203H153,0,涨幅微弱型,0.4598337950138504,0.11634349030470914,0.24238227146814403,0.14265927977839335,0.038781163434903045,渐进上升型,0.27663283393031673,0.1446736808921507,0.48582833491590993,0.07590393359957393,0.0169612166620489,渐进上升型,0.2849975517231135,0.12684161334323527,0.3373112141137804,0.22000153340865278,0.03084808741121805,渐进上升型,0.2857276499271393,0.1422969549894333,0.3223400115966797,0.21223308145999908,0.03740231320261955,渐进上升型,0.2849975517231135,0.12684161334323527,0.3373112141137804,0.22000153340865278,0.03084808741121805
泸203H153-5—第21段—泸203H153-6,泸203H153,泸203H153-5 | 第21段,稳定缓升型,24302fa3efe120,泸203H153,0,涨幅微弱型,0.4598337950138504,0.11634349030470914,0.24238227146814403,0.14265927977839335,0.038781163434903045,渐进上升型,0.31357740484000174,0.10137848003491216,0.4887589484757672,0.07713315203447085,0.019152014614848032,渐进上升型,0.31120359744412496,0.13037903730483857,0.3274048621545866,0.20717225811572929,0.023840244980720626,渐进上升型,0.28223809599876404,0.11978203058242798,0.3787315785884857,0.184068500995636,0.03517981618642807,渐进上升型,0.31120359744412496,0.13037903730483857,0.3274048621545866,0.20717225811572929,0.023840244980720626
泸203H153-6—第17段—泸203H153-5,泸203H153,泸203H153-6 | 第17段,渐进上升型,68fcf92a48810a,泸203H153,0,涨幅微弱型,0.4598337950138504,0.11634349030470914,0.24238227146814403,0.14265927977839335,0.038781163434903045,渐进上升型,0.20785611602981924,0.11204858707762853,0.5250946847764691,0.12915413056988895,0.025846481546194136,渐进上升型,0.2541698756967838,0.13510180682995268,0.3596377201814958,0.21767052303505036,0.03342007425671731,渐进上升型,0.17818023264408112,0.10569692403078079,0.39942601323127747,0.2916932702064514,0.02500353381037712,渐进上升型,0.2541698756967838,0.13510180682995268,0.3596377201814958,0.21767052303505036,0.03342007425671731
泸203H153-6—第20段—泸203H153-5,泸203H153,泸203H153-6 | 第20段,快速稳定型,b5b2e28060aaa0,泸203H153,0,涨幅微弱型,0.4598337950138504,0.11634349030470914,0.24238227146814403,0.14265927977839335,0.038781163434903045,渐进上升型,0.2289321548129461,0.11519202175878322,0.5298029544515672,0.09916654856252068,0.02690632041418282,渐进上升型,0.2733076752933587,0.13171191087513087,0.3704863476401699,0.2014914796318705,0.023002586559469806,渐进上升型,0.22075314819812775,0.12542763352394104,0.4750552773475647,0.14964193105697632,0.029121968895196915,渐进上升型,0.2733076752933587,0.13171191087513087,0.3704863476401699,0.2014914796318705,0.023002586559469806
泸203H153-7—第5段—泸203H153-2,泸203H153,泸203H153-7 | 第5段,渐进上升型,c340969b761973,泸203H153,0,涨幅微弱型,0.4598337950138504,0.11634349030470914,0.24238227146814403,0.14265927977839335,0.038781163434903045,涨幅微弱型,0.6609618347964229,0.08943856564081451,0.18620051103269586,0.02784749611912539,0.0355515924109414,涨幅微弱型,0.315477409700421,0.15889303115934467,0.3123783594976562,0.17011569310198354,0.043135506540594795,涨幅微弱型,0.46235528588294983,0.18287383019924164,0.15462365746498108,0.14285843074321747,0.05728882923722267,涨幅微弱型,0.315477409700421,0.15889303115934467,0.3123783594976562,0.17011569310198354,0.043135506540594795
泸203H6-1—第9段—泸203H6-3,泸203H6,泸203H6-1 | 第9段,涨幅微弱型,65e0678afec26b,泸203H6,2,涨幅微弱型,0.5922222222222222,0.07111111111111111,0.17,0.12333333333333334,0.043333333333333335,快速稳定型,0.011082202953258014,0.4349240553471419,0.15907929292374412,0.1045728502563155,0.29034159851954044,快速稳定型,0.06643120674308003,0.3593149043406629,0.19723629827486472,0.20158862102580097,0.17542896961559187,快速稳定型,0.1986268311738968,0.2878465950489044,0.2594407796859741,0.20163999497890472,0.05244578793644905,快速稳定型,0.011082202953258014,0.4349240553471419,0.15907929292374412,0.1045728502563155,0.29034159851954044
泸203H6-1—第9段—泸203H6-4,泸203H6,泸203H6-1 | 第9段,涨幅微弱型,5e96923f342b90,泸203H6,2,涨幅微弱型,0.5922222222222222,0.07111111111111111,0.17,0.12333333333333334,0.043333333333333335,快速稳定型,0.011146704921787185,0.43411096088326623,0.1589589845634563,0.10469186840537517,0.291091481226115,快速稳定型,0.07156909408267478,0.3713726431060254,0.20307187859948295,0.21450678290777864,0.13947960130403864,快速稳定型,0.19878502190113068,0.28807586431503296,0.2596474289894104,0.20180058479309082,0.051691148430109024,快速稳定型,0.011146704921787185,0.43411096088326623,0.1589589845634563,0.10469186840537517,0.291091481226115
泸203H64-2—第2段—泸203H64-3,泸203H64,泸203H64-2 | 第2段,涨幅微弱型,7c01dbb2fad912,泸203H58,3,涨幅微弱型,0.5057034220532319,0.10139416983523447,0.21673003802281368,0.13814955640050697,0.03802281368821293,渐进上升型,0.17261033665397255,0.18748574382121008,0.4096543298412505,0.2058085366509265,0.024441053032640395,渐进上升型,0.15976492441565665,0.19366877594920867,0.3962069653964208,0.2023871650849685,0.04797216915374543,渐进上升型,0.05172156170010567,0.2879776656627655,0.321159690618515,0.2192617505788803,0.11987932026386261,渐进上升型,0.15976492441565665,0.19366877594920867,0.3962069653964208,0.2023871650849685,0.04797216915374543
泸203H64-2—第2段—泸203H64-4,泸203H64,泸203H64-2 | 第2段,涨幅微弱型,18b7f53df32b8a,泸203H58,3,涨幅微弱型,0.5057034220532319,0.10139416983523447,0.21673003802281368,0.13814955640050697,0.03802281368821293,渐进上升型,0.29277792536068353,0.14468389065062753,0.32080289338682544,0.21314648030271952,0.028588810299143945,涨幅微弱型,0.30829351408032213,0.11366624847317751,0.29960232358730204,0.2194098876627409,0.05902802619645758,快速稳定型,0.10888044536113739,0.2468932718038559,0.1998661458492279,0.22009271383285522,0.22426746785640717,涨幅微弱型,0.30829351408032213,0.11366624847317751,0.29960232358730204,0.2194098876627409,0.05902802619645758
泸203H64-2—第4段—泸203H64-1,泸203H64,泸203H64-2 | 第4段,涨幅微弱型,81b74b1622fc1c,泸203H58,3,涨幅微弱型,0.5057034220532319,0.10139416983523447,0.21673003802281368,0.13814955640050697,0.03802281368821293,渐进上升型,0.23228066577056622,0.17624275235812664,0.3877308648415369,0.1712505363329982,0.03249518069677207,渐进上升型,0.1693186293430724,0.17968278326484968,0.4094457529870132,0.19193631040509815,0.049616523999966904,渐进上升型,0.05211220309138298,0.2761070728302002,0.2892335057258606,0.1751696765422821,0.20737752318382263,渐进上升型,0.1693186293430724,0.17968278326484968,0.4094457529870132,0.19193631040509815,0.049616523999966904
泸203H64-2—第4段—泸203H64-3,泸203H64,泸203H64-2 | 第4段,涨幅微弱型,4bd702071e8892,泸203H58,3,涨幅微弱型,0.5057034220532319,0.10139416983523447,0.21673003802281368,0.13814955640050697,0.03802281368821293,渐进上升型,0.23204445809927965,0.1763273539624019,0.38790617103276404,0.17123693564727652,0.032485081258278065,渐进上升型,0.16698214447418372,0.18110495406668473,0.41222043158479665,0.19080888830507198,0.048883581569263285,渐进上升型,0.05211220309138298,0.2761070728302002,0.2892335057258606,0.1751696765422821,0.20737752318382263,渐进上升型,0.16698214447418372,0.18110495406668473,0.41222043158479665,0.19080888830507198,0.048883581569263285
泸203H64-2—第4段—泸203H64-4,泸203H64,泸203H64-2 | 第4段,涨幅微弱型,7262d47490fe4d,泸203H58,3,涨幅微弱型,0.5057034220532319,0.10139416983523447,0.21673003802281368,0.13814955640050697,0.03802281368821293,涨幅微弱型,0.37249793031621514,0.13057665125705042,0.29142671346901033,0.16930120102555365,0.03619750393217056,涨幅微弱型,0.38681992681654653,0.08883894324331462,0.24879145303371936,0.19402143645720646,0.08152824044921328,先降后升型,0.18393021821975708,0.10909836739301682,0.19000153243541718,0.20292985439300537,0.31404000520706177,涨幅微弱型,0.38681992681654653,0.08883894324331462,0.24879145303371936,0.19402143645720646,0.08152824044921328
泸203H64-2—第5段—泸203H64-1,泸203H64,泸203H64-2 | 第5段,涨幅微弱型,ecc4a386be407e,泸203H58,3,涨幅微弱型,0.5057034220532319,0.10139416983523447,0.21673003802281368,0.13814955640050697,0.03802281368821293,渐进上升型,0.23219190788586958,0.17627453866313533,0.3877967319851314,0.17124543395391736,0.03249138751194627,渐进上升型,0.16698214447418372,0.18110495406668473,0.41222043158479665,0.19080888830507198,0.048883581569263285,渐进上升型,0.05211220309138298,0.2761070728302002,0.2892335057258606,0.1751696765422821,0.20737752318382263,渐进上升型,0.16698214447418372,0.18110495406668473,0.41222043158479665,0.19080888830507198,0.048883581569263285
泸203H64-2—第5段—泸203H64-4,泸203H64,泸203H64-2 | 第5段,先降后升型,928c121d65eafc,泸203H58,3,涨幅微弱型,0.5057034220532319,0.10139416983523447,0.21673003802281368,0.13814955640050697,0.03802281368821293,涨幅微弱型,0.3716998864484445,0.1308153315278529,0.2919378229271864,0.16935925859374368,0.036187700502772466,涨幅微弱型,0.38681992681654653,0.08883894324331462,0.24879145303371936,0.19402143645720646,0.08152824044921328,先降后升型,0.18393021821975708,0.10909836739301682,0.19000153243541718,0.20292985439300537,0.31404000520706177,涨幅微弱型,0.38681992681654653,0.08883894324331462,0.24879145303371936,0.19402143645720646,0.08152824044921328
泸203H64-2—第6段—泸203H64-3,泸203H64,泸203H64-2 | 第6段,涨幅微弱型,a308fe300d5591,泸203H58,3,涨幅微弱型,0.5057034220532319,0.10139416983523447,0.21673003802281368,0.13814955640050697,0.03802281368821293,渐进上升型,0.2302835182360766,0.17695907984177722,0.3892147791668136,0.17113331873283955,0.03240930402249299,渐进上升型,0.1769555009549773,0.17506892518275824,0.40547464367017294,0.19203462073646801,0.050466309455623894,渐进上升型,0.05919147655367851,0.2530193328857422,0.2871624529361725,0.1767808496952057,0.22384585440158844,渐进上升型,0.1769555009549773,0.17506892518275824,0.40547464367017294,0.19203462073646801,0.050466309455623894
泸203H64-2—第8段—泸203H64-3,泸203H64,泸203H64-2 | 第8段,涨幅微弱型,41aa346b9a1c50;9332c809a32414,泸203H58,3,涨幅微弱型,0.5057034220532319,0.10139416983523447,0.21673003802281368,0.13814955640050697,0.03802281368821293,渐进上升型,0.2293127253840094,0.1773081167647279,0.389937487426035,0.17107450953676479,0.032367160888462754,渐进上升型,0.19064629207175526,0.17856489018123867,0.3950908642945205,0.18666216157869536,0.049035791873790514,渐进上升型,0.0732266902923584,0.25111788511276245,0.27650582790374756,0.16681945323944092,0.23233012855052948,渐进上升型,0.19064629207175526,0.17856489018123867,0.3950908642945205,0.18666216157869536,0.049035791873790514
泸203H64-3—第2段—泸203H64-1,泸203H64,泸203H64-3 | 第2段,涨幅微弱型,81b355abeb2a73,泸203H58,3,涨幅微弱型,0.5057034220532319,0.10139416983523447,0.21673003802281368,0.13814955640050697,0.03802281368821293,稳定缓升型,0.2456125460371365,0.1999812505756224,0.25552967540944027,0.2578501308951116,0.04102639708268922,涨幅微弱型,0.4641215423985938,0.0911600906302244,0.17429520966956505,0.18737574113518288,0.08304741616643423,先降后升型,0.12711688876152039,0.14137358963489532,0.17684143781661987,0.17253868281841278,0.38212937116622925,涨幅微弱型,0.4641215423985938,0.0911600906302244,0.17429520966956505,0.18737574113518288,0.08304741616643423
泸203H64-3—第2段—泸203H64-2,泸203H64,泸203H64-3 | 第2段,涨幅微弱型,9a860262b31fa8,泸203H58,3,涨幅微弱型,0.5057034220532319,0.10139416983523447,0.21673003802281368,0.13814955640050697,0.03802281368821293,渐进上升型,0.14173717300299804,0.2561311115343912,0.32245343928439935,0.24518905072026403,0.034489225457947394,渐进上升型,0.19455743247262708,0.1948658451324282,0.37056124489931325,0.18295407833912447,0.05706139915650751,快速稳定型,0.04949957877397537,0.35761961340904236,0.27112311124801636,0.15307161211967468,0.16868609189987183,渐进上升型,0.19455743247262708,0.1948658451324282,0.37056124489931325,0.18295407833912447,0.05706139915650751
泸203H64-3—第2段—泸203H64-5,泸203H64,泸203H64-3 | 第2段,涨幅微弱型,17eb8a046a4c51,泸203H58,3,涨幅微弱型,0.5057034220532319,0.10139416983523447,0.21673003802281368,0.13814955640050697,0.03802281368821293,稳定缓升型,0.24266305878994815,0.20138608526879725,0.25723331144519873,0.2578171898703274,0.040900354625728455,涨幅微弱型,0.4682428704169806,0.09114168583240784,0.17254612542048076,0.1866062410274475,0.08146307730268361,先降后升型,0.18913957476615906,0.1493232399225235,0.1867855340242386,0.1822407990694046,0.29251086711883545,涨幅微弱型,0.4682428704169806,0.09114168583240784,0.17254612542048076,0.1866062410274475,0.08146307730268361
泸203H64-3—第3段—泸203H64-1,泸203H64,泸203H64-3 | 第3段,涨幅微弱型,927c3f6cb9fb74,泸203H58,3,涨幅微弱型,0.5057034220532319,0.10139416983523447,0.21673003802281368,0.13814955640050697,0.03802281368821293,稳定缓升型,0.24562981642499335,0.19997305022093884,0.25551972692316394,0.25785027978555936,0.04102712664534462,涨幅微弱型,0.4641215423985938,0.0911600906302244,0.17429520966956505,0.18737574113518288,0.08304741616643423,先降后升型,0.12711688876152039,0.14137358963489532,0.17684143781661987,0.17253868281841278,0.38212937116622925,涨幅微弱型,0.4641215423985938,0.0911600906302244,0.17429520966956505,0.18737574113518288,0.08304741616643423
泸203H64-3—第3段—泸203H64-2,泸203H64,泸203H64-3 | 第3段,涨幅微弱型,381004f88d0840,泸203H58,3,涨幅微弱型,0.5057034220532319,0.10139416983523447,0.21673003802281368,0.13814955640050697,0.03802281368821293,渐进上升型,0.14161847460943836,0.2562055338830806,0.3225403555986715,0.24515694047441763,0.03447869543439194,渐进上升型,0.19455743247262708,0.19590751179909485,0.3688251337882021,0.1833013005613467,0.05740862137872973,快速稳定型,0.04949957877397537,0.35761961340904236,0.27112311124801636,0.15307161211967468,0.16868609189987183,渐进上升型,0.19455743247262708,0.19590751179909485,0.3688251337882021,0.1833013005613467,0.05740862137872973
泸203H64-3—第3段—泸203H64-4,泸203H64,泸203H64-3 | 第3段,渐进上升型,0a98f1c5e862b2,泸203H58,3,涨幅微弱型,0.5057034220532319,0.10139416983523447,0.21673003802281368,0.13814955640050697,0.03802281368821293,渐进上升型,0.13924378686902042,0.2577011241020447,0.32428588168472244,0.244503067836244,0.03426613950796825,渐进上升型,0.22130510337313675,0.19330301655599944,0.34990943005753417,0.17761455357154554,0.05786789644178449,快速稳定型,0.06524921208620071,0.3891831338405609,0.23950707912445068,0.13143038749694824,0.17463018000125885,渐进上升型,0.22130510337313675,0.19330301655599944,0.34990943005753417,0.17761455357154554,0.05786789644178449
泸203H64-3—第3段—泸203H64-5,泸203H64,泸203H64-3 | 第3段,渐进上升型,25bffbb84ab338,泸203H58,3,涨幅微弱型,0.5057034220532319,0.10139416983523447,0.21673003802281368,0.13814955640050697,0.03802281368821293,渐进上升型,0.2414250444101186,0.20197834939860498,0.25795114196505453,0.2577988763027705,0.04084658792345136,涨幅微弱型,0.4682428704169806,0.09114168583240784,0.17254612542048076,0.1866062410274475,0.08146307730268361,先降后升型,0.18913957476615906,0.1493232399225235,0.1867855340242386,0.1822407990694046,0.29251086711883545,涨幅微弱型,0.4682428704169806,0.09114168583240784,0.17254612542048076,0.1866062410274475,0.08146307730268361
泸203H64-3—第4段—泸203H64-1,泸203H64,泸203H64-3 | 第4段,涨幅微弱型,1d133461208816,泸203H58,3,涨幅微弱型,0.5057034220532319,0.10139416983523447,0.21673003802281368,0.13814955640050697,0.03802281368821293,稳定缓升型,0.24477929917101654,0.20037724548304986,0.2560100329750742,0.25784234131789857,0.040991081052960836,涨幅微弱型,0.4641215423985938,0.0911600906302244,0.17429520966956505,0.18737574113518288,0.08304741616643423,先降后升型,0.12711688876152039,0.14137358963489532,0.17684143781661987,0.17253868281841278,0.38212937116622925,涨幅微弱型,0.4641215423985938,0.0911600906302244,0.17429520966956505,0.18737574113518288,0.08304741616643423
泸203H64-3—第4段—泸203H64-2,泸203H64,泸203H64-3 | 第4段,涨幅微弱型,02aa35ea21031e,泸203H58,3,涨幅微弱型,0.5057034220532319,0.10139416983523447,0.21673003802281368,0.13814955640050697,0.03802281368821293,渐进上升型,0.14109290584567077,0.25653543874882623,0.32292557991882986,0.24501411210493884,0.03443196338173427,渐进上升型,0.19627207604796856,0.19306105552050185,0.3699635173582933,0.1815664991626437,0.059136851910592994,快速稳定型,0.05076974257826805,0.33854928612709045,0.27808016538619995,0.15958623588085175,0.1730145961046219,渐进上升型,0.19627207604796856,0.19306105552050185,0.3699635173582933,0.1815664991626437,0.059136851910592994
泸203H64-3—第5段—泸203H64-1,泸203H64,泸203H64-3 | 第5段,涨幅微弱型,af0ea8c2092c74,泸203H58,3,涨幅微弱型,0.5057034220532319,0.10139416983523447,0.21673003802281368,0.13814955640050697,0.03802281368821293,稳定缓升型,0.24332432213616026,0.20107037066619313,0.2568505635506324,0.2578258799778949,0.0409288636691193,涨幅微弱型,0.4682428704169806,0.09114168583240784,0.17254612542048076,0.1866062410274475,0.08146307730268361,先降后升型,0.17432484030723572,0.13762721419334412,0.17215517163276672,0.16796642541885376,0.3479263484477997,涨幅微弱型,0.4682428704169806,0.09114168583240784,0.17254612542048076,0.1866062410274475,0.08146307730268361
泸203H64-3—第7段—泸203H64-5,泸203H64,泸203H64-3 | 第7段,先降后升型,03adeb22595bf6,泸203H58,3,涨幅微弱型,0.5057034220532319,0.10139416983523447,0.21673003802281368,0.13814955640050697,0.03802281368821293,稳定缓升型,0.24303576417077594,0.20120808621557323,0.2570175276030224,0.2578221810440658,0.040916440966562634,涨幅微弱型,0.4682428704169806,0.09114168583240784,0.17254612542048076,0.1866062410274475,0.08146307730268361,先降后升型,0.18913957476615906,0.1493232399225235,0.1867855340242386,0.1822407990694046,0.29251086711883545,涨幅微弱型,0.4682428704169806,0.09114168583240784,0.17254612542048076,0.1866062410274475,0.08146307730268361
泸203H64-3—第8段—泸203H64-1,泸203H64,泸203H64-3 | 第8段,涨幅微弱型,28e694718b13e5,泸203H58,3,涨幅微弱型,0.5057034220532319,0.10139416983523447,0.21673003802281368,0.13814955640050697,0.03802281368821293,稳定缓升型,0.14527700151022727,0.2398605167326602,0.25800995384132236,0.32426980147338563,0.032582726442404446,渐进上升型,0.26373395727330784,0.1423137363376121,0.28128686619021265,0.24847828287513402,0.06418715732373355,渐进上升型,0.11456701159477234,0.2644929885864258,0.2706071436405182,0.19856958091259003,0.15176330506801605,渐进上升型,0.26373395727330784,0.1423137363376121,0.28128686619021265,0.24847828287513402,0.06418715732373355
泸203H64-3—第8段—泸203H64-2,泸203H64,泸203H64-3 | 第8段,涨幅微弱型,f4c83a16544b40,泸203H58,3,涨幅微弱型,0.5057034220532319,0.10139416983523447,0.21673003802281368,0.13814955640050697,0.03802281368821293,渐进上升型,0.07987950874457872,0.29171331001990286,0.3091819505356283,0.29316885695083633,0.026056373749053847,渐进上升型,0.1832585888483747,0.20187356809395465,0.34545023408869857,0.21821499192459892,0.051202617044373434,渐进上升型,0.0649956464767456,0.289291650056839,0.32504308223724365,0.1943923681974411,0.12627723813056946,渐进上升型,0.1832585888483747,0.20187356809395465,0.34545023408869857,0.21821499192459892,0.051202617044373434
泸203H64-3—第10段—泸203H64-5,泸203H64,泸203H64-3 | 第10段,渐进上升型,c68603dab66868,泸203H58,3,涨幅微弱型,0.5057034220532319,0.10139416983523447,0.21673003802281368,0.13814955640050697,0.03802281368821293,稳定缓升型,0.12611066793146536,0.2469981531323564,0.24816606285389117,0.3479721647729571,0.030752951309329972,渐进上升型,0.28360480747358907,0.13230945319671905,0.2868682969641744,0.2380861845945876,0.059131257770929965,渐进上升型,0.08876679837703705,0.2593992352485657,0.2994125187397003,0.19005168974399567,0.1623697578907013,渐进上升型,0.28360480747358907,0.13230945319671905,0.2868682969641744,0.2380861845945876,0.059131257770929965
泸203H64-3—第11段—泸203H64-1,泸203H64,泸203H64-3 | 第11段,先降后升型,45caa9f963a664,泸203H58,3,涨幅微弱型,0.5057034220532319,0.10139416983523447,0.21673003802281368,0.13814955640050697,0.03802281368821293,涨幅微弱型,0.26118819359822043,0.20017280214700456,0.24273725405151225,0.2478301591667708,0.048071591036492035,涨幅微弱型,0.4662060857565182,0.09115826454690325,0.17782287606181477,0.18715942824891388,0.07765334538585031,先降后升型,0.18162722885608673,0.14339233934879303,0.23941335082054138,0.17500247061252594,0.2605646252632141,涨幅微弱型,0.4662060857565182,0.09115826454690325,0.17782287606181477,0.18715942824891388,0.07765334538585031
泸203H64-3—第11段—泸203H64-4,泸203H64,泸203H64-3 | 第11段,涨幅微弱型,bc242f38027233,泸203H58,3,涨幅微弱型,0.5057034220532319,0.10139416983523447,0.21673003802281368,0.13814955640050697,0.03802281368821293,渐进上升型,0.15452117942100702,0.25773492015799554,0.30804604689192266,0.23864948796489174,0.041048365564183,渐进上升型,0.19675007321380605,0.19544760542661843,0.37021608455902294,0.18424839018618624,0.053337846614366725,快速稳定型,0.04568737372756004,0.3488447368144989,0.3165404796600342,0.1412828117609024,0.14764459431171417,渐进上升型,0.19675007321380605,0.19544760542661843,0.37021608455902294,0.18424839018618624,0.053337846614366725
泸203H64-3—第12段—泸203H64-2,泸203H64,泸203H64-3 | 第12段,渐进上升型,65d8280f8466ca,泸203H58,3,涨幅微弱型,0.5057034220532319,0.10139416983523447,0.21673003802281368,0.13814955640050697,0.03802281368821293,渐进上升型,0.15440383147308115,0.25780772649221323,0.3081270857218683,0.23862398746015093,0.041037368852686246,渐进上升型,0.19857298988047273,0.1948746887599518,0.37102957662251496,0.18145573145602747,0.054067013281033395,快速稳定型,0.04558127000927925,0.3480345904827118,0.3158053457736969,0.1432771235704422,0.14730171859264374,渐进上升型,0.19857298988047273,0.1948746887599518,0.37102957662251496,0.18145573145602747,0.054067013281033395
泸203H64-3—第12段—泸203H64-4,泸203H64,泸203H64-3 | 第12段,涨幅微弱型,5cf779600632e3,泸203H58,3,涨幅微弱型,0.5057034220532319,0.10139416983523447,0.21673003802281368,0.13814955640050697,0.03802281368821293,渐进上升型,0.15445055303852925,0.2577787356734258,0.3080948173334678,0.2386341457268003,0.04104174822777684,渐进上升型,0.19857298988047273,0.1948746887599518,0.37102957662251496,0.18145573145602747,0.054067013281033395,快速稳定型,0.04558127000927925,0.3480345904827118,0.3158053457736969,0.1432771235704422,0.14730171859264374,渐进上升型,0.19857298988047273,0.1948746887599518,0.37102957662251496,0.18145573145602747,0.054067013281033395
泸203H64-3—第13段—泸203H64-1,泸203H64,泸203H64-3 | 第13段,先降后升型,8abb42d0d37adc,泸203H58,3,涨幅微弱型,0.5057034220532319,0.10139416983523447,0.21673003802281368,0.13814955640050697,0.03802281368821293,涨幅微弱型,0.26231102902162196,0.19963769299496478,0.24211976707848137,0.2478117137350547,0.04811979716987723,涨幅微弱型,0.4662060857565182,0.09115826454690325,0.17782287606181477,0.18715942824891388,0.07765334538585031,先降后升型,0.18162722885608673,0.14339233934879303,0.23941335082054138,0.17500247061252594,0.2605646252632141,涨幅微弱型,0.4662060857565182,0.09115826454690325,0.17782287606181477,0.18715942824891388,0.07765334538585031
泸203H64-3—第13段—泸203H64-4,泸203H64,泸203H64-3 | 第13段,涨幅微弱型,30c8cae0d8d947,泸203H58,3,涨幅微弱型,0.5057034220532319,0.10139416983523447,0.21673003802281368,0.13814955640050697,0.03802281368821293,渐进上升型,0.15442759615828394,0.25779297991489725,0.3081106720523562,0.23862915529592008,0.041039596578542524,渐进上升型,0.19857298988047273,0.1948746887599518,0.37102957662251496,0.18145573145602747,0.054067013281033395,快速稳定型,0.04558127000927925,0.3480345904827118,0.3158053457736969,0.1432771235704422,0.14730171859264374,渐进上升型,0.19857298988047273,0.1948746887599518,0.37102957662251496,0.18145573145602747,0.054067013281033395
泸203H64-3—第13段—泸203H64-5,泸203H64,泸203H64-3 | 第13段,渐进上升型,1ae99f113e557d,泸203H58,3,涨幅微弱型,0.5057034220532319,0.10139416983523447,0.21673003802281368,0.13814955640050697,0.03802281368821293,涨幅微弱型,0.2623086806078067,0.19963881095514546,0.2421210573238032,0.24781175429884245,0.04811969681440215,涨幅微弱型,0.4662060857565182,0.09115826454690325,0.17782287606181477,0.18715942824891388,0.07765334538585031,先降后升型,0.18162722885608673,0.14339233934879303,0.23941335082054138,0.17500247061252594,0.2605646252632141,涨幅微弱型,0.4662060857565182,0.09115826454690325,0.17782287606181477,0.18715942824891388,0.07765334538585031
泸203H64-4—第2段—泸203H64-1,泸203H64,泸203H64-4 | 第2段,涨幅微弱型,f57a1789799f2d,泸203H58,3,涨幅微弱型,0.5057034220532319,0.10139416983523447,0.21673003802281368,0.13814955640050697,0.03802281368821293,涨幅微弱型,0.6093127268065859,0.06860152408095109,0.12888672218611294,0.14173213208282384,0.0514668948435262,涨幅微弱型,0.4535642192346476,0.08544776298370065,0.2014660913048248,0.17901300000448442,0.08050892647234283,先降后升型,0.25610384345054626,0.08549829572439194,0.13770955801010132,0.13070259988307953,0.38998571038246155,涨幅微弱型,0.4535642192346476,0.08544776298370065,0.2014660913048248,0.17901300000448442,0.08050892647234283
泸203H64-4—第3段—泸203H64-2,泸203H64,泸203H64-4 | 第3段,涨幅微弱型,56335945b7f145,泸203H58,3,涨幅微弱型,0.5057034220532319,0.10139416983523447,0.21673003802281368,0.13814955640050697,0.03802281368821293,涨幅微弱型,0.4494879020503943,0.11298934182404315,0.20913000739817883,0.17292852610675669,0.05546422262062721,涨幅微弱型,0.41095674792731285,0.08989865134171772,0.21958928998805008,0.19666700848398927,0.0828883022589304,先降后升型,0.19379577040672302,0.10505715757608414,0.17554369568824768,0.2136353999376297,0.31196799874305725,涨幅微弱型,0.41095674792731285,0.08989865134171772,0.21958928998805008,0.19666700848398927,0.0828883022589304
泸203H64-4—第4段—泸203H64-1,泸203H64,泸203H64-4 | 第4段,涨幅微弱型,49e27c1230a828,泸203H58,3,涨幅微弱型,0.5057034220532319,0.10139416983523447,0.21673003802281368,0.13814955640050697,0.03802281368821293,涨幅微弱型,0.6075581606930701,0.06904548799434279,0.12969828375304232,0.14215282569916274,0.05154524186038207,涨幅微弱型,0.4535642192346476,0.08544776298370065,0.2014660913048248,0.17901300000448442,0.08050892647234283,先降后升型,0.25610384345054626,0.08549829572439194,0.13770955801010132,0.13070259988307953,0.38998571038246155,涨幅微弱型,0.4535642192346476,0.08544776298370065,0.2014660913048248,0.17901300000448442,0.08050892647234283
泸203H64-4—第5段—泸203H64-1,泸203H64,泸203H64-4 | 第5段,涨幅微弱型,ae8807e083c33d,泸203H58,3,涨幅微弱型,0.5057034220532319,0.10139416983523447,0.21673003802281368,0.13814955640050697,0.03802281368821293,涨幅微弱型,0.3928262681998398,0.12029833314376374,0.14545621769971773,0.2859767354905391,0.05544244546613947,涨幅微弱型,0.3332448889089774,0.12626077810106034,0.26305723771753003,0.22396851799160558,0.05346857728082683,涨幅微弱型,0.2393224984407425,0.2101106345653534,0.21671266853809357,0.16201439499855042,0.1718398481607437,涨幅微弱型,0.3332448889089774,0.12626077810106034,0.26305723771753003,0.22396851799160558,0.05346857728082683
泸203H64-4—第5段—泸203H64-2,泸203H64,泸203H64-4 | 第5段,涨幅微弱型,da068981066e54,泸203H58,3,涨幅微弱型,0.5057034220532319,0.10139416983523447,0.21673003802281368,0.13814955640050697,0.03802281368821293,稳定缓升型,0.25673959503051774,0.17453151566029132,0.20792065190890335,0.30801718906841447,0.05279104833187319,渐进上升型,0.2782121673296482,0.13109945238600915,0.2893769261355645,0.2489032800294578,0.05240817411932053,渐进上升型,0.16108229756355286,0.22964251041412354,0.24572056531906128,0.234980970621109,0.12857367098331451,渐进上升型,0.2782121673296482,0.13109945238600915,0.2893769261355645,0.2489032800294578,0.05240817411932053
泸203H64-4—第5段—泸203H64-3,泸203H64,泸203H64-4 | 第5段,渐进上升型,8f9e5be29d2070,泸203H58,3,涨幅微弱型,0.5057034220532319,0.10139416983523447,0.21673003802281368,0.13814955640050697,0.03802281368821293,稳定缓升型,0.1535228877479814,0.2295070154309623,0.26943052459621486,0.30175271962975897,0.04578685259508245,渐进上升型,0.18926519987547466,0.18851174774399784,0.339626612138665,0.23470975272587452,0.047886687515988416,快速稳定型,0.07892550528049469,0.3225642442703247,0.27864089608192444,0.2093837708234787,0.11048560589551926,渐进上升型,0.18926519987547466,0.18851174774399784,0.339626612138665,0.23470975272587452,0.047886687515988416
泸203H64-4—第6段—泸203H64-1,泸203H64,泸203H64-4 | 第6段,涨幅微弱型,b6a0bc95143887,泸203H58,3,涨幅微弱型,0.5057034220532319,0.10139416983523447,0.21673003802281368,0.13814955640050697,0.03802281368821293,涨幅微弱型,0.3919930975977214,0.12058817730000741,0.1457943787012941,0.2861811082028527,0.05544323819812449,涨幅微弱型,0.3301893333534219,0.12737188921217146,0.2644461266064189,0.2245240735471611,0.05346857728082683,涨幅微弱型,0.2393224984407425,0.2101106345653534,0.21671266853809357,0.16201439499855042,0.1718398481607437,涨幅微弱型,0.3301893333534219,0.12737188921217146,0.2644461266064189,0.2245240735471611,0.05346857728082683
泸203H64-4—第6段—泸203H64-2,泸203H64,泸203H64-4 | 第6段,涨幅微弱型,e1678c4cbe4b7d,泸203H58,3,涨幅微弱型,0.5057034220532319,0.10139416983523447,0.21673003802281368,0.13814955640050697,0.03802281368821293,稳定缓升型,0.25656073235733096,0.1746138007962201,0.20801415350685923,0.30802795193975413,0.05278336139983548,渐进上升型,0.2782121673296482,0.13109945238600915,0.2893769261355645,0.2489032800294578,0.05240817411932053,渐进上升型,0.16108229756355286,0.22964251041412354,0.24572056531906128,0.234980970621109,0.12857367098331451,渐进上升型,0.2782121673296482,0.13109945238600915,0.2893769261355645,0.2489032800294578,0.05240817411932053
泸203H64-4—第6段—泸203H64-3,泸203H64,泸203H64-4 | 第6段,渐进上升型,72ca47788f5ff3,泸203H58,3,涨幅微弱型,0.5057034220532319,0.10139416983523447,0.21673003802281368,0.13814955640050697,0.03802281368821293,稳定缓升型,0.15417143418035906,0.229100969277531,0.26898382783964636,0.30189319802850406,0.045850570673959444,渐进上升型,0.18937592248619728,0.18682905543630557,0.3385091878962408,0.23550520727132904,0.04978062690992781,渐进上升型,0.08394049108028412,0.26422005891799927,0.3008476197719574,0.2317008525133133,0.11929093301296234,渐进上升型,0.18937592248619728,0.18682905543630557,0.3385091878962408,0.23550520727132904,0.04978062690992781
泸203H64-4—第6段—泸203H64-5,泸203H64,泸203H64-4 | 第6段,涨幅微弱型,569f9e82478254,泸203H58,3,涨幅微弱型,0.5057034220532319,0.10139416983523447,0.21673003802281368,0.13814955640050697,0.03802281368821293,稳定缓升型,0.15502885930868807,0.22856569849368227,0.2683947809195961,0.30207633034528214,0.04593433093275134,渐进上升型,0.17412791727828805,0.18472093425591327,0.35112304301489455,0.23898809007680094,0.05104001537410351,渐进上升型,0.05995500087738037,0.2691204249858856,0.3158455789089203,0.24821101129055023,0.1068679690361023,渐进上升型,0.17412791727828805,0.18472093425591327,0.35112304301489455,0.23898809007680094,0.05104001537410351
泸203H64-4—第7段—泸203H64-1,泸203H64,泸203H64-4 | 第7段,涨幅微弱型,6fb4c7db220361,泸203H58,3,涨幅微弱型,0.5057034220532319,0.10139416983523447,0.21673003802281368,0.13814955640050697,0.03802281368821293,涨幅微弱型,0.5835413755686302,0.0772339797228148,0.10805244124473007,0.15860306180083114,0.07256914166299384,涨幅微弱型,0.4392755119408497,0.08613127243996338,0.20936780618019485,0.17313328073152143,0.09209212870747101,先降后升型,0.28024986386299133,0.08040140569210052,0.13536344468593597,0.12290903925895691,0.38107627630233765,涨幅微弱型,0.4392755119408497,0.08613127243996338,0.20936780618019485,0.17313328073152143,0.09209212870747101
泸203H64-4—第7段—泸203H64-2,泸203H64,泸203H64-4 | 第7段,涨幅微弱型,18b47bff520ff1,泸203H58,3,涨幅微弱型,0.5057034220532319,0.10139416983523447,0.21673003802281368,0.13814955640050697,0.03802281368821293,涨幅微弱型,0.4304413158655522,0.12590619156685723,0.17356421974416175,0.1922646906252787,0.07782358219815008,涨幅微弱型,0.4060564433469493,0.08838760063773402,0.21732614935631686,0.1931418475045671,0.09508795915443326,先降后升型,0.2123439908027649,0.0989232212305069,0.1727781742811203,0.20115883648395538,0.3147957921028137,涨幅微弱型,0.4060564433469493,0.08838760063773402,0.21732614935631686,0.1931418475045671,0.09508795915443326
泸203H64-4—第7段—泸203H64-5,泸203H64,泸203H64-4 | 第7段,涨幅微弱型,c928ad541e508f,泸203H58,3,涨幅微弱型,0.5057034220532319,0.10139416983523447,0.21673003802281368,0.13814955640050697,0.03802281368821293,涨幅微弱型,0.2875112468216491,0.1820172612550055,0.24733271127672532,0.20830664041872723,0.07483214022789286,渐进上升型,0.19752989237381627,0.18151557049769262,0.36732664632058726,0.1903366246736376,0.06329126613426646,渐进上升型,0.06335173547267914,0.25077491998672485,0.2762684226036072,0.1840069741010666,0.22559794783592224,渐进上升型,0.19752989237381627,0.18151557049769262,0.36732664632058726,0.1903366246736376,0.06329126613426646
泸203H64-4—第8段—泸203H64-1,泸203H64,泸203H64-4 | 第8段,涨幅微弱型,d4487c5f56f8b2,泸203H58,3,涨幅微弱型,0.5057034220532319,0.10139416983523447,0.21673003802281368,0.13814955640050697,0.03802281368821293,涨幅微弱型,0.5838314808540319,0.07715122090992596,0.10793981326084186,0.1585260069116086,0.07255147806359172,涨幅微弱型,0.4392755119408497,0.08613127243996338,0.20936780618019485,0.17313328073152143,0.09209212870747101,先降后升型,0.28024986386299133,0.08040140569210052,0.13536344468593597,0.12290903925895691,0.38107627630233765,涨幅微弱型,0.4392755119408497,0.08613127243996338,0.20936780618019485,0.17313328073152143,0.09209212870747101
泸203H64-4—第8段—泸203H64-2,泸203H64,泸203H64-4 | 第8段,涨幅微弱型,f28fec3c609f1e,泸203H58,3,涨幅微弱型,0.5057034220532319,0.10139416983523447,0.21673003802281368,0.13814955640050697,0.03802281368821293,涨幅微弱型,0.4305852542517857,0.12585544066456697,0.17349664125846656,0.1922401462899879,0.07782251753519306,涨幅微弱型,0.4060564433469493,0.08838760063773402,0.21732614935631686,0.1931418475045671,0.09508795915443326,先降后升型,0.2123439908027649,0.0989232212305069,0.1727781742811203,0.20115883648395538,0.3147957921028137,涨幅微弱型,0.4060564433469493,0.08838760063773402,0.21732614935631686,0.1931418475045671,0.09508795915443326
泸203H64-4—第8段—泸203H64-3,泸203H64,泸203H64-4 | 第8段,稳定缓升型,c4013bf261d990,泸203H58,3,涨幅微弱型,0.5057034220532319,0.10139416983523447,0.21673003802281368,0.13814955640050697,0.03802281368821293,涨幅微弱型,0.28659590695545784,0.18241936065772713,0.2478541978879587,0.20834647319442298,0.0747840613044333,渐进上升型,0.20858234990653693,0.17406697316422684,0.36903876035178024,0.18487079664202005,0.06344111993543604,渐进上升型,0.0704481452703476,0.24375557899475098,0.2685355246067047,0.1788565218448639,0.23840422928333282,渐进上升型,0.20858234990653693,0.17406697316422684,0.36903876035178024,0.18487079664202005,0.06344111993543604
泸203H64-4—第9段—泸203H64-3,泸203H64,泸203H64-4 | 第9段,渐进上升型,02eeb67cda39df,泸203H58,3,涨幅微弱型,0.5057034220532319,0.10139416983523447,0.21673003802281368,0.13814955640050697,0.03802281368821293,稳定缓升型,0.16443556100971796,0.22473060574488674,0.27668391346165133,0.2865745523901668,0.04757536739357714,渐进上升型,0.17159784060907365,0.18949052061057098,0.34278959621551486,0.24698400065276122,0.04913804191207966,快速稳定型,0.05446264520287514,0.2959640920162201,0.27073970437049866,0.2514015734195709,0.1274319887161255,渐进上升型,0.17159784060907365,0.18949052061057098,0.34278959621551486,0.24698400065276122,0.04913804191207966
泸203H64-4—第10段—泸203H64-1,泸203H64,泸203H64-4 | 第10段,涨幅微弱型,d6ac601159d813,泸203H58,3,涨幅微弱型,0.5057034220532319,0.10139416983523447,0.21673003802281368,0.13814955640050697,0.03802281368821293,涨幅微弱型,0.41121419234496415,0.11664082769388005,0.14787282357376466,0.26762098188104605,0.05665117450634497,涨幅微弱型,0.33613160244273743,0.13086964418470373,0.2545515806608007,0.2263117225346354,0.05213545017712302,涨幅微弱型,0.22634193301200867,0.21260951459407806,0.1768656075000763,0.17084752023220062,0.21333540976047516,涨幅微弱型,0.33613160244273743,0.13086964418470373,0.2545515806608007,0.2263117225346354,0.05213545017712302
泸203H64-4—第10段—泸203H64-2,泸203H64,泸203H64-4 | 第10段,涨幅微弱型,0c78396992a5ae,泸203H58,3,涨幅微弱型,0.5057034220532319,0.10139416983523447,0.21673003802281368,0.13814955640050697,0.03802281368821293,稳定缓升型,0.2721411916551585,0.17018584009333151,0.21260216663012074,0.29062596712151123,0.054444834499878046,涨幅微弱型,0.285147068514537,0.13589314453683154,0.27881035069438725,0.24918656872580708,0.05096286752843724,稳定缓升型,0.15346994996070862,0.2340889722108841,0.2020200937986374,0.24962137639522552,0.16079966723918915,涨幅微弱型,0.285147068514537,0.13589314453683154,0.27881035069438725,0.24918656872580708,0.05096286752843724
泸203H64-4—第10段—泸203H64-5,泸203H64,泸203H64-4 | 第10段,先降后升型,35f5122a23322d,泸203H58,3,涨幅微弱型,0.5057034220532319,0.10139416983523447,0.21673003802281368,0.13814955640050697,0.03802281368821293,稳定缓升型,0.16445898414111548,0.22471677139335827,0.2766679318451376,0.286578748551361,0.04757756406902762,渐进上升型,0.17159784060907365,0.18949052061057098,0.34278959621551486,0.24698400065276122,0.04913804191207966,快速稳定型,0.05446264520287514,0.2959640920162201,0.27073970437049866,0.2514015734195709,0.1274319887161255,渐进上升型,0.17159784060907365,0.18949052061057098,0.34278959621551486,0.24698400065276122,0.04913804191207966
泸203H64-4—第11段—泸203H64-1,泸203H64,泸203H64-4 | 第11段,涨幅微弱型,a6ae5e25cdcdc5,泸203H58,3,涨幅微弱型,0.5057034220532319,0.10139416983523447,0.21673003802281368,0.13814955640050697,0.03802281368821293,涨幅微弱型,0.4111707559082629,0.1166555181787187,0.14789080988254594,0.2676315352093599,0.05665138082111252,涨幅微弱型,0.33613160244273743,0.13086964418470373,0.2545515806608007,0.2263117225346354,0.05213545017712302,涨幅微弱型,0.22634193301200867,0.21260951459407806,0.1768656075000763,0.17084752023220062,0.21333540976047516,涨幅微弱型,0.33613160244273743,0.13086964418470373,0.2545515806608007,0.2263117225346354,0.05213545017712302
泸203H64-4—第12段—泸203H64-2,泸203H64,泸203H64-4 | 第12段,先降后升型,bdf356ac82668b,泸203H58,3,涨幅微弱型,0.5057034220532319,0.10139416983523447,0.21673003802281368,0.13814955640050697,0.03802281368821293,涨幅微弱型,0.2965032074608857,0.15293168354840764,0.21417631450687918,0.2880160636257366,0.04837273085809086,涨幅微弱型,0.31370881752784285,0.11773767672141212,0.29622537148753825,0.2180034681633695,0.05432466609983746,渐进上升型,0.12122055143117905,0.23160535097122192,0.24329544603824615,0.2248801589012146,0.17899854481220245,涨幅微弱型,0.31370881752784285,0.11773767672141212,0.29622537148753825,0.2180034681633695,0.05432466609983746
泸203H64-4—第12段—泸203H64-5,泸203H64,泸203H64-4 | 第12段,先降后升型,589202bdf33474,泸203H58,3,涨幅微弱型,0.5057034220532319,0.10139416983523447,0.21673003802281368,0.13814955640050697,0.03802281368821293,稳定缓升型,0.17987610508226629,0.20573923499796126,0.2838902590511163,0.28776176951078153,0.04273263135787462,渐进上升型,0.18795121958558336,0.16946560066872432,0.3679505484006202,0.2218602145177447,0.05277241682732777,渐进上升型,0.07179316133260727,0.26798582077026367,0.3087707459926605,0.23453538119792938,0.11691489815711975,渐进上升型,0.18795121958558336,0.16946560066872432,0.3679505484006202,0.2218602145177447,0.05277241682732777
泸203H64-4—第13段—泸203H64-2,泸203H64,泸203H64-4 | 第13段,先降后升型,12894557121a81,泸203H58,3,涨幅微弱型,0.5057034220532319,0.10139416983523447,0.21673003802281368,0.13814955640050697,0.03802281368821293,涨幅微弱型,0.3042976247837113,0.15227817647096337,0.22782273008048287,0.2666795764051587,0.048921892259683866,渐进上升型,0.2754903279313354,0.13373411824949075,0.2946606451419793,0.24446290526780826,0.051652003409386256,稳定缓升型,0.10619761049747467,0.23257997632026672,0.2102581113576889,0.2344699203968048,0.2164943814277649,渐进上升型,0.2754903279313354,0.13373411824949075,0.2946606451419793,0.24446290526780826,0.051652003409386256
泸203H64-4—第13段—泸203H64-3,泸203H64,泸203H64-4 | 第13段,先降后升型,afe458b40ac33e,泸203H58,3,涨幅微弱型,0.5057034220532319,0.10139416983523447,0.21673003802281368,0.13814955640050697,0.03802281368821293,渐进上升型,0.18455112623337225,0.2045582290160489,0.301540268659034,0.26616928764174597,0.04318108844979889,渐进上升型,0.15839137521522165,0.1802593038229628,0.3731029908538918,0.23629615673148976,0.05195017337643435,快速稳定型,0.05400247499346733,0.2991120517253876,0.27892443537712097,0.2402021586894989,0.12775889039039612,渐进上升型,0.15839137521522165,0.1802593038229628,0.3731029908538918,0.23629615673148976,0.05195017337643435
泸203H64-4—第15段—泸203H64-2,泸203H64,泸203H64-4 | 第15段,涨幅微弱型,34fe8a559bb221,泸203H58,3,涨幅微弱型,0.5057034220532319,0.10139416983523447,0.21673003802281368,0.13814955640050697,0.03802281368821293,涨幅微弱型,0.3047317200775211,0.15211167658731478,0.22758430750483427,0.2666388274704074,0.048933468359922426,渐进上升型,0.2754903279313354,0.13373411824949075,0.2946606451419793,0.24446290526780826,0.051652003409386256,稳定缓升型,0.10619761049747467,0.23257997632026672,0.2102581113576889,0.2344699203968048,0.2164943814277649,渐进上升型,0.2754903279313354,0.13373411824949075,0.2946606451419793,0.24446290526780826,0.051652003409386256
泸203H64-4—第15段—泸203H64-5,泸203H64,泸203H64-4 | 第15段,快速稳定型,f24e45eab7c733,泸203H58,3,涨幅微弱型,0.5057034220532319,0.10139416983523447,0.21673003802281368,0.13814955640050697,0.03802281368821293,渐进上升型,0.18341453679599237,0.20513154009515336,0.30233484910888264,0.2660217537702321,0.043097320229739645,渐进上升型,0.1761929121947478,0.17799731058270868,0.36545450960486714,0.22935416831531655,0.05100109930236027,渐进上升型,0.07188676297664642,0.27002352476119995,0.27642208337783813,0.23329095542430878,0.14837664365768433,渐进上升型,0.1761929121947478,0.17799731058270868,0.36545450960486714,0.22935416831531655,0.05100109930236027
泸203H66-1—第5段—泸203H66-4,泸203H66,泸203H66-1 | 第5段,稳定缓升型,9fcc61f97e7227,泸203H66,1,涨幅微弱型,0.5131744040150564,0.09912170639899624,0.2095357590966123,0.1329987452948557,0.0451693851944793,快速稳定型,0.014980453855415275,0.41457974536583114,0.17627627779608812,0.34905589616263677,0.04510762682002872,渐进上升型,0.17499108377853412,0.1900378209087958,0.4084087449266913,0.19670882476082055,0.02985352562515868,渐进上升型,0.10540123283863068,0.20351769030094147,0.34758293628692627,0.3131895959377289,0.030308503657579422,快速稳定型,0.014980453855415275,0.41457974536583114,0.17627627779608812,0.34905589616263677,0.04510762682002872
泸203H66-1—第7段—泸203H66-4,泸203H66,泸203H66-1 | 第7段,稳定缓升型,1e6e9604061afc;8c0bc7fcfea1b0,泸203H66,1,涨幅微弱型,0.5131744040150564,0.09912170639899624,0.2095357590966123,0.1329987452948557,0.0451693851944793,稳定缓升型,0.010114410364403793,0.3890666334060112,0.13223612861503134,0.4483696218239063,0.020213205790647382,渐进上升型,0.1427217205709346,0.24430102480709798,0.41115535418432814,0.17199508500782482,0.029826815429814645,渐进上升型,0.09225794672966003,0.2879250943660736,0.3111051321029663,0.27523505687713623,0.03347677364945412,稳定缓升型,0.010114410364403793,0.3890666334060112,0.13223612861503134,0.4483696218239063,0.020213205790647382
泸203H66-1—第8段—泸203H66-2,泸203H66,泸203H66-1 | 第8段,快速稳定型,954af6cd6852c5,泸203H66,1,涨幅微弱型,0.5131744040150564,0.09912170639899624,0.2095357590966123,0.1329987452948557,0.0451693851944793,稳定缓升型,0.012219510728264023,0.3481326723907275,0.14925809863752612,0.4739647536200623,0.016424964623420073,渐进上升型,0.16910752718370484,0.2151630121202271,0.37373550342177325,0.20719336213552125,0.034800595138774065,稳定缓升型,0.10774692893028259,0.20698761940002441,0.2819806635379791,0.3722122609615326,0.03107256442308426,稳定缓升型,0.012219510728264023,0.3481326723907275,0.14925809863752612,0.4739647536200623,0.016424964623420073
泸203H66-1—第8段—泸203H66-3,泸203H66,泸203H66-1 | 第8段,渐进上升型,0b8f7535ee698a;47cd4741a3b375,泸203H66,1,涨幅微弱型,0.5131744040150564,0.09912170639899624,0.2095357590966123,0.1329987452948557,0.0451693851944793,稳定缓升型,0.012219510728264023,0.3481326723907275,0.14925809863752612,0.4739647536200623,0.016424964623420073,渐进上升型,0.16910752718370484,0.2151630121202271,0.37373550342177325,0.20719336213552125,0.034800595138774065,稳定缓升型,0.10774692893028259,0.20698761940002441,0.2819806635379791,0.3722122609615326,0.03107256442308426,稳定缓升型,0.012219510728264023,0.3481326723907275,0.14925809863752612,0.4739647536200623,0.016424964623420073
泸203H66-1—第8段—泸203H66-4,泸203H66,泸203H66-1 | 第8段,渐进上升型,37485de2cdaa5d,泸203H66,1,涨幅微弱型,0.5131744040150564,0.09912170639899624,0.2095357590966123,0.1329987452948557,0.0451693851944793,稳定缓升型,0.012219510728264023,0.3481326723907275,0.14925809863752612,0.4739647536200623,0.016424964623420073,渐进上升型,0.16910752718370484,0.2151630121202271,0.37373550342177325,0.20719336213552125,0.034800595138774065,稳定缓升型,0.10774692893028259,0.20698761940002441,0.2819806635379791,0.3722122609615326,0.03107256442308426,稳定缓升型,0.012219510728264023,0.3481326723907275,0.14925809863752612,0.4739647536200623,0.016424964623420073
泸203H66-1—第13段—泸203H66-2,泸203H66,泸203H66-1 | 第13段,渐进上升型,5629b64199b802,泸203H66,1,涨幅微弱型,0.5131744040150564,0.09912170639899624,0.2095357590966123,0.1329987452948557,0.0451693851944793,稳定缓升型,0.05683981482002566,0.2821027566750988,0.0794039476698862,0.5782367793768656,0.0034167014581238065,渐进上升型,0.22901517139655286,0.17115103462903533,0.31719467740027063,0.23910608143018078,0.04353303514396097,渐进上升型,0.09641887992620468,0.23935359716415405,0.3988427221775055,0.23445352911949158,0.030931243672966957,稳定缓升型,0.05683981482002566,0.2821027566750988,0.0794039476698862,0.5782367793768656,0.0034167014581238065
泸203H66-1—第14段—泸203H66-4,泸203H66,泸203H66-1 | 第14段,快速稳定型,908d264b0007e0,泸203H66,1,涨幅微弱型,0.5131744040150564,0.09912170639899624,0.2095357590966123,0.1329987452948557,0.0451693851944793,稳定缓升型,0.06515682105933153,0.2902365403758063,0.10140698707269233,0.5301144537333387,0.013085197758831173,渐进上升型,0.21882367831241922,0.16830637374773869,0.3432609832063211,0.22928104657225107,0.04032791816127046,渐进上升型,0.09550908207893372,0.23268155753612518,0.4089902341365814,0.232186958193779,0.03063221462070942,稳定缓升型,0.06515682105933153,0.2902365403758063,0.10140698707269233,0.5301144537333387,0.013085197758831173
泸203H66-1—第15段—泸203H66-2,泸203H66,泸203H66-1 | 第15段,渐进上升型,627be9ef66915b,泸203H66,1,涨幅微弱型,0.5131744040150564,0.09912170639899624,0.2095357590966123,0.1329987452948557,0.0451693851944793,稳定缓升型,0.08072306202915346,0.35691985269712667,0.10937955164684601,0.41615878527851385,0.036818748348360096,渐进上升型,0.2062399919378347,0.1796383353175098,0.36207654416016727,0.2048898488114869,0.04715527977300189,渐进上升型,0.09474068880081177,0.1889089047908783,0.4747670590877533,0.20373304188251495,0.03785024955868721,稳定缓升型,0.08072306202915346,0.35691985269712667,0.10937955164684601,0.41615878527851385,0.036818748348360096
泸203H66-1—第16段—泸203H66-2,泸203H66,泸203H66-1 | 第16段,稳定缓升型,734c37c2dfb666,泸203H66,1,涨幅微弱型,0.5131744040150564,0.09912170639899624,0.2095357590966123,0.1329987452948557,0.0451693851944793,快速稳定型,0.05709120501947837,0.4024393022175739,0.11762501647758535,0.3102717226913973,0.11257275359396533,渐进上升型,0.1976113841309183,0.1949831890276784,0.3838214106113745,0.1692024884802352,0.05438152774979411,渐进上升型,0.2427080124616623,0.23884399235248566,0.30477312207221985,0.1672016680240631,0.04647316411137581,快速稳定型,0.05709120501947837,0.4024393022175739,0.11762501647758535,0.3102717226913973,0.11257275359396533
泸203H66-1—第19段—泸203H66-2,泸203H66,泸203H66-1 | 第19段,稳定缓升型,03d064cd9d3399,泸203H66,1,涨幅微弱型,0.5131744040150564,0.09912170639899624,0.2095357590966123,0.1329987452948557,0.0451693851944793,稳定缓升型,0.003942610590022703,0.37004673830884316,0.10729588834843119,0.49135205348668887,0.02736270926601416,渐进上升型,0.24897880383847426,0.18842976439675765,0.3386976152574414,0.18671184836150329,0.03718196814582398,渐进上升型,0.25162023305892944,0.18386948108673096,0.2843893766403198,0.2442777454853058,0.03584318235516548,稳定缓升型,0.003942610590022703,0.37004673830884316,0.10729588834843119,0.49135205348668887,0.02736270926601416
泸203H66-2—第15段—泸203H66-3,泸203H66,泸203H66-2 | 第15段,渐进上升型,c1fe5933979848,泸203H66,1,涨幅微弱型,0.5131744040150564,0.09912170639899624,0.2095357590966123,0.1329987452948557,0.0451693851944793,快速稳定型,0.0066982322313428105,0.6420629961104203,0.14703021089173113,0.16832406281043755,0.035884497956068295,渐进上升型,0.08422127252147282,0.28954128077010505,0.348828648188025,0.24518084792910805,0.032227950591289196,渐进上升型,0.04632554203271866,0.3194585144519806,0.37261390686035156,0.23809051513671875,0.023511534556746483,快速稳定型,0.0066982322313428105,0.6420629961104203,0.14703021089173113,0.16832406281043755,0.035884497956068295
泸203H66-2—第16段—泸203H66-1,泸203H66,泸203H66-2 | 第16段,快速稳定型,c7019ed4f266f6,泸203H66,1,涨幅微弱型,0.5131744040150564,0.09912170639899624,0.2095357590966123,0.1329987452948557,0.0451693851944793,稳定缓升型,0.05222669707420894,0.1901404025415545,0.06401543066883152,0.6705710208807154,0.02304644883468955,涨幅微弱型,0.39579214202713486,0.17410869524610323,0.2301101546615126,0.1801240544038854,0.0198649536613642,涨幅微弱型,0.6454353332519531,0.09703859686851501,0.12889309227466583,0.10899055749177933,0.0196424201130867,稳定缓升型,0.05222669707420894,0.1901404025415545,0.06401543066883152,0.6705710208807154,0.02304644883468955
泸203H66-2—第18段—泸203H66-3,泸203H66,泸203H66-2 | 第18段,稳定缓升型,e3de786591bec0,泸203H66,1,涨幅微弱型,0.5131744040150564,0.09912170639899624,0.2095357590966123,0.1329987452948557,0.0451693851944793,稳定缓升型,0.002107635847503907,0.11329763377317024,0.04897445660397597,0.8329315647165194,0.0026887090588304085,渐进上升型,0.17274006176506637,0.18064990534797445,0.34990906928982113,0.21966948576601786,0.0770314778311206,渐进上升型,0.15436789393424988,0.16791611909866333,0.3828652501106262,0.24643529951572418,0.04841547831892967,稳定缓升型,0.002107635847503907,0.11329763377317024,0.04897445660397597,0.8329315647165194,0.0026887090588304085
泸203H66-2—第23段—泸203H66-1,泸203H66,泸203H66-2 | 第23段,渐进上升型,4a620aa02416fa,泸203H66,1,涨幅微弱型,0.5131744040150564,0.09912170639899624,0.2095357590966123,0.1329987452948557,0.0451693851944793,稳定缓升型,0.002430489404446655,0.38350866729216143,0.11034228724395814,0.49864171668024765,0.005076839379186115,渐进上升型,0.1429640009454624,0.24089489480601828,0.36513046064718135,0.21764434582763517,0.03336629777370319,渐进上升型,0.17490889132022858,0.19250774383544922,0.346892774105072,0.2597957253456116,0.02589486725628376,稳定缓升型,0.002430489404446655,0.38350866729216143,0.11034228724395814,0.49864171668024765,0.005076839379186115
泸203H66-2—第23段—泸203H66-3,泸203H66,泸203H66-2 | 第23段,渐进上升型,477e0c311a5d26,泸203H66,1,涨幅微弱型,0.5131744040150564,0.09912170639899624,0.2095357590966123,0.1329987452948557,0.0451693851944793,快速稳定型,0.0013354506367318794,0.44521891945027514,0.1298826330776226,0.4192484731623287,0.004314523673041619,渐进上升型,0.1128462684965163,0.2826311745012814,0.32934363634310865,0.2326168780310723,0.04256204262802152,快速稳定型,0.10598813742399216,0.389726847410202,0.26181450486183167,0.22219009697437286,0.02028043381869793,快速稳定型,0.0013354506367318794,0.44521891945027514,0.1298826330776226,0.4192484731623287,0.004314523673041619
泸203H66-3—第11段—泸203H66-1,泸203H66,泸203H66-3 | 第11段,渐进上升型,a1409b635ccc0a;b0f181eaa43423,泸203H66,1,涨幅微弱型,0.5131744040150564,0.09912170639899624,0.2095357590966123,0.1329987452948557,0.0451693851944793,涨幅微弱型,0.6259392031157347,0.03168380549297322,0.016138673864001276,0.18580102407649376,0.14043729345079695,涨幅微弱型,0.336907188744261,0.17728317726017848,0.2680078788870531,0.1823170842578499,0.03548467085065763,涨幅微弱型,0.38705116510391235,0.19491419196128845,0.232510045170784,0.14087210595607758,0.044652462005615234,涨幅微弱型,0.6259392031157347,0.03168380549297322,0.016138673864001276,0.18580102407649376,0.14043729345079695
泸203H66-3—第12段—泸203H66-1,泸203H66,泸203H66-3 | 第12段,先降后升型,9d1d34ba5434af,泸203H66,1,涨幅微弱型,0.5131744040150564,0.09912170639899624,0.2095357590966123,0.1329987452948557,0.0451693851944793,涨幅微弱型,0.4689173189016187,0.036359213243161284,0.021558298335844897,0.37564901433727055,0.09751615518210459,涨幅微弱型,0.3555962001673734,0.16234655152633706,0.25774119605084655,0.19077186677075345,0.03354418548468967,涨幅微弱型,0.4167916774749756,0.1343744695186615,0.2617291212081909,0.1540311872959137,0.033073555678129196,涨幅微弱型,0.4689173189016187,0.036359213243161284,0.021558298335844897,0.37564901433727055,0.09751615518210459
泸203H66-3—第13段—泸203H66-2,泸203H66,泸203H66-3 | 第13段,稳定缓升型,a6ff286af7f7c3,泸203H66,1,涨幅微弱型,0.5131744040150564,0.09912170639899624,0.2095357590966123,0.1329987452948557,0.0451693851944793,快速稳定型,0.005371198909614975,0.41760055163601856,0.2232572605143511,0.3096934807554858,0.04407750818452949,渐进上升型,0.08597297146955148,0.28062369059682385,0.35995097789419955,0.23985194946422242,0.03360041057520297,快速稳定型,0.04262227192521095,0.3747769296169281,0.32483044266700745,0.2327507883310318,0.025019558146595955,快速稳定型,0.005371198909614975,0.41760055163601856,0.2232572605143511,0.3096934807554858,0.04407750818452949
泸203H66-3—第18段—泸203H66-1,泸203H66,泸203H66-3 | 第18段,渐进上升型,661febba24749b,泸203H66,1,涨幅微弱型,0.5131744040150564,0.09912170639899624,0.2095357590966123,0.1329987452948557,0.0451693851944793,稳定缓升型,0.06949521514585312,0.17493382936478863,0.06449227449317367,0.6265966774845039,0.06448200351168079,涨幅微弱型,0.3950442918680899,0.18882068812323344,0.24292147598370908,0.14087369516561177,0.03233984885935595,涨幅微弱型,0.6491246223449707,0.11824896186590195,0.10589133948087692,0.10941452533006668,0.017320573329925537,稳定缓升型,0.06949521514585312,0.17493382936478863,0.06449227449317367,0.6265966774845039,0.06448200351168079
泸203H66-3—第18段—泸203H66-2,泸203H66,泸203H66-3 | 第18段,渐进上升型,1ccbb2d12ec867,泸203H66,1,涨幅微弱型,0.5131744040150564,0.09912170639899624,0.2095357590966123,0.1329987452948557,0.0451693851944793,快速稳定型,0.003536334109622678,0.471434320079656,0.18704744308255825,0.304781052635744,0.033200850092419264,渐进上升型,0.12111571119631596,0.2778208926994762,0.3822648362047295,0.1774190073698353,0.041379552529643295,渐进上升型,0.11179771274328232,0.31078729033470154,0.3315671980381012,0.2192469984292984,0.02660081349313259,快速稳定型,0.003536334109622678,0.471434320079656,0.18704744308255825,0.304781052635744,0.033200850092419264
泸203H66-3—第19段—泸203H66-1,泸203H66,泸203H66-3 | 第19段,先降后升型,95ee56b54a655d,泸203H66,1,涨幅微弱型,0.5131744040150564,0.09912170639899624,0.2095357590966123,0.1329987452948557,0.0451693851944793,稳定缓升型,0.03127616310125296,0.1460163142148256,0.05920723427988751,0.7530757342284824,0.010424554175551345,涨幅微弱型,0.376469612970085,0.17900173270453332,0.2447916899513567,0.17314631942374048,0.02659064495028477,涨幅微弱型,0.6213036179542542,0.10327910631895065,0.1055385172367096,0.15567520260810852,0.0142035698518157,稳定缓升型,0.03127616310125296,0.1460163142148256,0.05920723427988751,0.7530757342284824,0.010424554175551345
泸203H66-3—第19段—泸203H66-2,泸203H66,泸203H66-3 | 第19段,渐进上升型,9360ca60c06847,泸203H66,1,涨幅微弱型,0.5131744040150564,0.09912170639899624,0.2095357590966123,0.1329987452948557,0.0451693851944793,稳定缓升型,0.002399668401943617,0.38871979699657894,0.1683095667355193,0.4342463629710592,0.0063246048948989485,渐进上升型,0.12067536634218419,0.28546296856318454,0.30291924054800723,0.24113206051779884,0.04981036402882529,快速稳定型,0.10470149666070938,0.3414759337902069,0.27466702461242676,0.2597197890281677,0.019435765221714973,稳定缓升型,0.002399668401943617,0.38871979699657894,0.1683095667355193,0.4342463629710592,0.0063246048948989485
泸203H66-3—第20段—泸203H66-2,泸203H66,泸203H66-3 | 第20段,渐进上升型,27a7eb99ef86a8,泸203H66,1,涨幅微弱型,0.5131744040150564,0.09912170639899624,0.2095357590966123,0.1329987452948557,0.0451693851944793,快速稳定型,0.004627960858644584,0.39591095938669013,0.2050916564935261,0.3309422102415998,0.06342721301953941,渐进上升型,0.15164674617413187,0.24325146328156225,0.3836164504763135,0.17745454848189535,0.04403079158609741,渐进上升型,0.13306626677513123,0.22725142538547516,0.387760192155838,0.22908633947372437,0.022835727781057358,快速稳定型,0.004627960858644584,0.39591095938669013,0.2050916564935261,0.3309422102415998,0.06342721301953941
泸203H66-3—第25段—泸203H66-2,泸203H66,泸203H66-3 | 第25段,稳定缓升型,458cba35d01815,泸203H66,1,涨幅微弱型,0.5131744040150564,0.09912170639899624,0.2095357590966123,0.1329987452948557,0.0451693851944793,快速稳定型,0.001801902592163342,0.4752679335931559,0.16905116462165132,0.25183080368510513,0.10204819550792427,渐进上升型,0.09676541733048508,0.23870218802143175,0.429810060905608,0.1853520401608302,0.04937029358164508,渐进上升型,0.11536683887243271,0.2271931767463684,0.44937413930892944,0.1593964844942093,0.04866937920451164,快速稳定型,0.001801902592163342,0.4752679335931559,0.16905116462165132,0.25183080368510513,0.10204819550792427
泸203H76-1—第2段—泸203H76-2,泸203H76,泸203H76-1 | 第2段,快速稳定型,d0242647c0cf92,泸203H76,4,涨幅微弱型,0.5455607476635514,0.08995327102803738,0.1939252336448598,0.12967289719626168,0.04088785046728972,涨幅微弱型,0.5572055985025215,0.14314673602711755,0.21958769544258222,0.06638273290320919,0.01367723712456954,渐进上升型,0.10109188374721849,0.2295156571385547,0.3299275793510147,0.14966973285423274,0.18979514690897942,渐进上升型,0.169288769364357,0.217142716050148,0.4643964171409607,0.11341957747936249,0.03575250878930092,渐进上升型,0.169288769364357,0.217142716050148,0.4643964171409607,0.11341957747936249,0.03575250878930092
泸203H76-1—第5段—泸203H76-4,泸203H76,泸203H76-1 | 第5段,涨幅微弱型,06c792599db96a,泸203H76,4,涨幅微弱型,0.5455607476635514,0.08995327102803738,0.1939252336448598,0.12967289719626168,0.04088785046728972,涨幅微弱型,0.7682918589778892,0.04503287468472957,0.07185584964108903,0.056605901266653796,0.05821351542963849,涨幅微弱型,0.2772635067267091,0.15579948314263825,0.17341784658676496,0.16864184573014288,0.22487731781374495,涨幅微弱型,0.7092671394348145,0.0351564846932888,0.13649937510490417,0.06472453474998474,0.05435246229171753,涨幅微弱型,0.7092671394348145,0.0351564846932888,0.13649937510490417,0.06472453474998474,0.05435246229171753
泸203H76-1—第11段—泸203H76-2,泸203H76,泸203H76-1 | 第11段,渐进上升型,65e6d88801700f,泸203H76,4,涨幅微弱型,0.5455607476635514,0.08995327102803738,0.1939252336448598,0.12967289719626168,0.04088785046728972,涨幅微弱型,0.43473660649176377,0.11529427089466697,0.24021783989834236,0.13195082256285873,0.07780046015236844,渐进上升型,0.12002515222068368,0.25096870758652395,0.2664791057181898,0.21262249222979315,0.14990454224480976,渐进上升型,0.2661455571651459,0.22167187929153442,0.351881742477417,0.12352766841650009,0.036773182451725006,渐进上升型,0.2661455571651459,0.22167187929153442,0.351881742477417,0.12352766841650009,0.036773182451725006
泸203H76-1—第11段—泸203H76-3,泸203H76,泸203H76-1 | 第11段,先降后升型,a50333b2036094,泸203H76,4,涨幅微弱型,0.5455607476635514,0.08995327102803738,0.1939252336448598,0.12967289719626168,0.04088785046728972,涨幅微弱型,0.6683852975569111,0.05864866289793892,0.12210036592629694,0.08654816503397506,0.064317508584878,稳定缓升型,0.1872352672940922,0.1650386599652998,0.20834572457977757,0.2835880662226505,0.15579228193818023,涨幅微弱型,0.4272831678390503,0.08548224717378616,0.2691818177700043,0.16190968453884125,0.05614309012889862,涨幅微弱型,0.4272831678390503,0.08548224717378616,0.2691818177700043,0.16190968453884125,0.05614309012889862
泸203H76-1—第12段—泸203H76-2,泸203H76,泸203H76-1 | 第12段,先降后升型,c7f45eab7a2972,泸203H76,4,涨幅微弱型,0.5455607476635514,0.08995327102803738,0.1939252336448598,0.12967289719626168,0.04088785046728972,渐进上升型,0.21947952291043454,0.15737699692581603,0.31548466561772154,0.1638481949477207,0.14381061959830718,稳定缓升型,0.14047346458101612,0.21722067611411736,0.2279981047631892,0.2363766129996235,0.177931141542054,渐进上升型,0.2586686909198761,0.19977349042892456,0.37842831015586853,0.117375448346138,0.045754075050354004,渐进上升型,0.2586686909198761,0.19977349042892456,0.37842831015586853,0.117375448346138,0.045754075050354004
泸203H76-1—第13段—泸203H76-2,泸203H76,泸203H76-1 | 第13段,稳定缓升型,f75345cdf6f6db,泸203H76,4,涨幅微弱型,0.5455607476635514,0.08995327102803738,0.1939252336448598,0.12967289719626168,0.04088785046728972,渐进上升型,0.11268610323486701,0.22615040011305143,0.37239894361378045,0.12704032927486406,0.16172422376343695,快速稳定型,0.10513727426562681,0.26399271041094013,0.20916808848884344,0.2017929327017648,0.21990899413282503,渐进上升型,0.19332239031791687,0.26627111434936523,0.3753598928451538,0.11700952798128128,0.04803713038563728,渐进上升型,0.19332239031791687,0.26627111434936523,0.3753598928451538,0.11700952798128128,0.04803713038563728
泸203H76-1—第16段—泸203H76-2,泸203H76,泸203H76-1 | 第16段,快速稳定型,02df54ce531f12,泸203H76,4,涨幅微弱型,0.5455607476635514,0.08995327102803738,0.1939252336448598,0.12967289719626168,0.04088785046728972,涨幅微弱型,0.42488101086584174,0.10319944370050833,0.2418761112482585,0.15920490570015738,0.07083852848523413,渐进上升型,0.13771641758658143,0.23359593028217562,0.2765018634965548,0.2324886806842422,0.11969710795044625,渐进上升型,0.3175990879535675,0.14323851466178894,0.3655858039855957,0.1368759423494339,0.036700692027807236,渐进上升型,0.3175990879535675,0.14323851466178894,0.3655858039855957,0.1368759423494339,0.036700692027807236
泸203H76-1—第19段—泸203H76-2,泸203H76,泸203H76-1 | 第19段,渐进上升型,1cac6a750523ab,泸203H76,4,涨幅微弱型,0.5455607476635514,0.08995327102803738,0.1939252336448598,0.12967289719626168,0.04088785046728972,渐进上升型,0.09952566461412744,0.1593173062573661,0.35395197495701186,0.11303288694275242,0.27417216722874216,先降后升型,0.17992823596990135,0.15415505724475423,0.2288115550678186,0.18084182382456057,0.25626332789296546,涨幅微弱型,0.4738464057445526,0.1146276593208313,0.26322662830352783,0.09723015874624252,0.05106912553310394,涨幅微弱型,0.4738464057445526,0.1146276593208313,0.26322662830352783,0.09723015874624252,0.05106912553310394
泸203H76-1—第19段—泸203H76-4,泸203H76,泸203H76-1 | 第19段,涨幅微弱型,40950e2c560337,泸203H76,4,涨幅微弱型,0.5455607476635514,0.08995327102803738,0.1939252336448598,0.12967289719626168,0.04088785046728972,涨幅微弱型,0.39162067105870274,0.06782641568838461,0.15045246269186827,0.08022361075439276,0.30987683980665165,涨幅微弱型,0.41438231973642203,0.09742717582089673,0.16438946762161744,0.16800672105528927,0.1557943157657748,涨幅微弱型,0.8517338037490845,0.01799248717725277,0.07197795808315277,0.03335539251565933,0.024940304458141327,涨幅微弱型,0.8517338037490845,0.01799248717725277,0.07197795808315277,0.03335539251565933,0.024940304458141327
泸203H76-1—第22段—泸203H76-2,泸203H76,泸203H76-1 | 第22段,涨幅微弱型,35ef4f554f4c2a,泸203H76,4,涨幅微弱型,0.5455607476635514,0.08995327102803738,0.1939252336448598,0.12967289719626168,0.04088785046728972,涨幅微弱型,0.33379996937199274,0.12384317064604669,0.29538320253456185,0.08670449207801324,0.1602691653693855,先降后升型,0.17991301970468512,0.1507235618395746,0.22570081468734132,0.18794821767437547,0.25571438609402375,涨幅微弱型,0.465465247631073,0.11272169649600983,0.2558107078075409,0.11348520964384079,0.05251710116863251,涨幅微弱型,0.465465247631073,0.11272169649600983,0.2558107078075409,0.11348520964384079,0.05251710116863251
泸203H76-1—第22段—泸203H76-3,泸203H76,泸203H76-1 | 第22段,渐进上升型,b46636818e59c6,泸203H76,4,涨幅微弱型,0.5455607476635514,0.08995327102803738,0.1939252336448598,0.12967289719626168,0.04088785046728972,涨幅微弱型,0.5606093740967573,0.06876098461007635,0.16387657926118251,0.06208523040233194,0.14466783162965188,涨幅微弱型,0.2602010409117608,0.11658760938816078,0.18811359987793988,0.21862073088804918,0.21647701893408963,涨幅微弱型,0.6184166669845581,0.0461941696703434,0.175034299492836,0.10635283589363098,0.05400203913450241,涨幅微弱型,0.6184166669845581,0.0461941696703434,0.175034299492836,0.10635283589363098,0.05400203913450241
泸203H76-1—第23段—泸203H76-2,泸203H76,泸203H76-1 | 第23段,涨幅微弱型,b7298304447b30,泸203H76,4,涨幅微弱型,0.5455607476635514,0.08995327102803738,0.1939252336448598,0.12967289719626168,0.04088785046728972,涨幅微弱型,0.47600394567767945,0.09933941607244896,0.24406441382284794,0.0697767150528698,0.11081550937415391,先降后升型,0.17837118243746222,0.16059185829407804,0.23578419539426093,0.17322001864031875,0.25203274523388053,涨幅微弱型,0.5255112648010254,0.1025683805346489,0.22977879643440247,0.09361682832241058,0.04852468892931938,涨幅微弱型,0.5255112648010254,0.1025683805346489,0.22977879643440247,0.09361682832241058,0.04852468892931938
泸203H76-2—第6段—泸203H76-1,泸203H76,泸203H76-2 | 第6段,渐进上升型,7e96227f85eb48,泸203H76,4,涨幅微弱型,0.5455607476635514,0.08995327102803738,0.1939252336448598,0.12967289719626168,0.04088785046728972,渐进上升型,0.006447206356286828,0.2142681979336677,0.524193498449914,0.22854989429019268,0.026541202969938678,稳定缓升型,0.027875844063344056,0.23082608707667598,0.27164498293216416,0.3677808463895925,0.10187223953822334,渐进上升型,0.044130537658929825,0.3462594151496887,0.3680534362792969,0.19009427726268768,0.05146234109997749,渐进上升型,0.044130537658929825,0.3462594151496887,0.3680534362792969,0.19009427726268768,0.05146234109997749
泸203H76-2—第7段—泸203H76-1,泸203H76,泸203H76-2 | 第7段,快速稳定型,e50e740a1b9890,泸203H76,4,涨幅微弱型,0.5455607476635514,0.08995327102803738,0.1939252336448598,0.12967289719626168,0.04088785046728972,渐进上升型,0.006752015430883574,0.23345787170638632,0.5056659587850113,0.22556582195975478,0.028558332117964,稳定缓升型,0.024217274562669297,0.23188316687553207,0.26563550678453013,0.3862943209145802,0.09196973086268834,渐进上升型,0.04342072084546089,0.3497989773750305,0.35087233781814575,0.2052733600139618,0.05063457787036896,渐进上升型,0.04342072084546089,0.3497989773750305,0.35087233781814575,0.2052733600139618,0.05063457787036896
泸203H76-2—第7段—泸203H76-4,泸203H76,泸203H76-2 | 第7段,渐进上升型,b95058fd538b2b,泸203H76,4,涨幅微弱型,0.5455607476635514,0.08995327102803738,0.1939252336448598,0.12967289719626168,0.04088785046728972,渐进上升型,0.01842107340983186,0.2131705295392297,0.4613677106807784,0.2648750727678284,0.042165613602331425,稳定缓升型,0.0432531576610524,0.21846952614181375,0.2831434485238305,0.33577230465491403,0.11936156301838932,渐进上升型,0.0608799010515213,0.2563822567462921,0.35591423511505127,0.2518380582332611,0.07498554140329361,渐进上升型,0.0608799010515213,0.2563822567462921,0.35591423511505127,0.2518380582332611,0.07498554140329361
泸203H76-2—第9段—泸203H76-3,泸203H76,泸203H76-2 | 第9段,稳定缓升型,f10357c9de8e2c,泸203H76,4,涨幅微弱型,0.5455607476635514,0.08995327102803738,0.1939252336448598,0.12967289719626168,0.04088785046728972,渐进上升型,0.006964037040702779,0.23774370875582443,0.4817757327218898,0.24753718990491724,0.02597933157666593,稳定缓升型,0.02087251649815317,0.2360439616512462,0.2894530023117033,0.3639778873481465,0.08965263219075095,快速稳定型,0.042057666927576065,0.376210480928421,0.3687337636947632,0.1654474139213562,0.04755068197846413,快速稳定型,0.042057666927576065,0.376210480928421,0.3687337636947632,0.1654474139213562,0.04755068197846413
泸203H76-2—第10段—泸203H76-1,泸203H76,泸203H76-2 | 第10段,渐进上升型,de94c44da38c29,泸203H76,4,涨幅微弱型,0.5455607476635514,0.08995327102803738,0.1939252336448598,0.12967289719626168,0.04088785046728972,渐进上升型,0.006184243052264743,0.23254870118216,0.5140337761049358,0.23485999671325847,0.012373282947380939,渐进上升型,0.024127770377770374,0.26446885028397094,0.3563057514686099,0.2674298831937184,0.08766774467593048,渐进上升型,0.040345098823308945,0.3223547637462616,0.4261307120323181,0.1728229969739914,0.03834643214941025,渐进上升型,0.040345098823308945,0.3223547637462616,0.4261307120323181,0.1728229969739914,0.03834643214941025
泸203H76-2—第10段—泸203H76-3,泸203H76,泸203H76-2 | 第10段,渐进上升型,c1338c464ad0a9,泸203H76,4,涨幅微弱型,0.5455607476635514,0.08995327102803738,0.1939252336448598,0.12967289719626168,0.04088785046728972,渐进上升型,0.006041235300070983,0.23292737833386223,0.5148799012829758,0.2338934672135752,0.012258017869515737,渐进上升型,0.02194041972066165,0.2584438239363639,0.361286632221668,0.2626160858799211,0.09571303824138537,渐进上升型,0.039138466119766235,0.3127138614654541,0.4485093355178833,0.16164542734622955,0.03799290955066681,渐进上升型,0.039138466119766235,0.3127138614654541,0.4485093355178833,0.16164542734622955,0.03799290955066681
泸203H76-2—第10段—泸203H76-4,泸203H76,泸203H76-2 | 第10段,渐进上升型,f0438db9565082,泸203H76,4,涨幅微弱型,0.5455607476635514,0.08995327102803738,0.1939252336448598,0.12967289719626168,0.04088785046728972,渐进上升型,0.016754386713554028,0.2143004333667858,0.4733371382562438,0.27730115434043123,0.01830688732298503,渐进上升型,0.033867301679801676,0.24076362706797735,0.3604586987370103,0.21206231726313512,0.15284805525207584,渐进上升型,0.06093062087893486,0.23651526868343353,0.42705976963043213,0.2188747227191925,0.05661964789032936,渐进上升型,0.06093062087893486,0.23651526868343353,0.42705976963043213,0.2188747227191925,0.05661964789032936
泸203H76-2—第12段—泸203H76-1,泸203H76,泸203H76-2 | 第12段,渐进上升型,9195af83a48905,泸203H76,4,涨幅微弱型,0.5455607476635514,0.08995327102803738,0.1939252336448598,0.12967289719626168,0.04088785046728972,渐进上升型,0.0075237384856837565,0.25067654176595955,0.516340841115415,0.19703479993514156,0.028424078697800163,渐进上升型,0.03806582093588673,0.19683963186294845,0.3199125992292596,0.3159324450704096,0.12924950290149595,渐进上升型,0.05315028503537178,0.2522737383842468,0.45916110277175903,0.18861635029315948,0.04679851233959198,渐进上升型,0.05315028503537178,0.2522737383842468,0.45916110277175903,0.18861635029315948,0.04679851233959198
泸203H76-2—第13段—泸203H76-1,泸203H76,泸203H76-2 | 第13段,稳定缓升型,d71b5c7fe27554,泸203H76,4,涨幅微弱型,0.5455607476635514,0.08995327102803738,0.1939252336448598,0.12967289719626168,0.04088785046728972,渐进上升型,0.0020466838491931976,0.20643645647893358,0.45079047588672183,0.30665538635044587,0.03407099743470536,稳定缓升型,0.04121327411623464,0.222200164066078,0.2676033436933499,0.3700133920373858,0.09896982608695155,渐进上升型,0.0494820810854435,0.2141653299331665,0.5030341744422913,0.19510798156261444,0.038210466504096985,渐进上升型,0.0494820810854435,0.2141653299331665,0.5030341744422913,0.19510798156261444,0.038210466504096985
泸203H76-2—第13段—泸203H76-3,泸203H76,泸203H76-2 | 第13段,快速稳定型,d187693873d0b3,泸203H76,4,涨幅微弱型,0.5455607476635514,0.08995327102803738,0.1939252336448598,0.12967289719626168,0.04088785046728972,渐进上升型,0.0020183114121481846,0.20671135683064407,0.4513956357398425,0.3059865912276068,0.033888104789758525,稳定缓升型,0.0392574049406074,0.21407089693001974,0.28447533102501477,0.35555820845391284,0.10663815865044542,渐进上升型,0.04944179207086563,0.2139909565448761,0.5026245713233948,0.19494912028312683,0.03899358585476875,渐进上升型,0.04944179207086563,0.2139909565448761,0.5026245713233948,0.19494912028312683,0.03899358585476875
泸203H76-2—第13段—泸203H76-4,泸203H76,泸203H76-2 | 第13段,涨幅微弱型,6cd919d2ef2547,泸203H76,4,涨幅微弱型,0.5455607476635514,0.08995327102803738,0.1939252336448598,0.12967289719626168,0.04088785046728972,渐进上升型,0.005428389612950845,0.18585221719537487,0.40553210044402954,0.35389438610330354,0.04929290664434107,稳定缓升型,0.05084654593700646,0.24461382347134547,0.23078159068553564,0.3354141497024497,0.1383438902036627,渐进上升型,0.054285772144794464,0.1822027862071991,0.5262321829795837,0.19405381381511688,0.04322543740272522,渐进上升型,0.054285772144794464,0.1822027862071991,0.5262321829795837,0.19405381381511688,0.04322543740272522
泸203H76-2—第14段—泸203H76-1,泸203H76,泸203H76-2 | 第14段,渐进上升型,66d3c39f5ed8ce,泸203H76,4,涨幅微弱型,0.5455607476635514,0.08995327102803738,0.1939252336448598,0.12967289719626168,0.04088785046728972,渐进上升型,0.002240992418291289,0.2455535337240058,0.5076436096698513,0.23084383493778057,0.013718029250071023,渐进上升型,0.022882771164021168,0.23382584452255353,0.3261958569140003,0.3077713706607864,0.10932415673863886,渐进上升型,0.04071621596813202,0.19804242253303528,0.5566802024841309,0.16565081477165222,0.03891034424304962,渐进上升型,0.04071621596813202,0.19804242253303528,0.5566802024841309,0.16565081477165222,0.03891034424304962
泸203H76-2—第16段—泸203H76-1,泸203H76,泸203H76-2 | 第16段,快速稳定型,5b0e6747e11b12,泸203H76,4,涨幅微弱型,0.5455607476635514,0.08995327102803738,0.1939252336448598,0.12967289719626168,0.04088785046728972,渐进上升型,0.005295507230046744,0.16311551385885084,0.50840211791827,0.29554511679434914,0.027641744198483333,稳定缓升型,0.05537723850223851,0.19336572186282788,0.2795374890543531,0.40907625045734547,0.06264330012323517,渐进上升型,0.2058485746383667,0.1630122810602188,0.36013466119766235,0.2258230596780777,0.045181453227996826,渐进上升型,0.2058485746383667,0.1630122810602188,0.36013466119766235,0.2258230596780777,0.045181453227996826
泸203H76-2—第17段—泸203H76-1,泸203H76,泸203H76-2 | 第17段,快速稳定型,dcab0e0a3e8c84,泸203H76,4,涨幅微弱型,0.5455607476635514,0.08995327102803738,0.1939252336448598,0.12967289719626168,0.04088785046728972,渐进上升型,0.005579513887025329,0.16845373384483578,0.5336458557321334,0.2609328774580252,0.03138801907798018,稳定缓升型,0.05220451423576423,0.1857090064433331,0.2617249523388263,0.41156793055012864,0.08879359643194781,渐进上升型,0.2108774483203888,0.15162335336208344,0.35508042573928833,0.2373625785112381,0.04505618289113045,渐进上升型,0.2108774483203888,0.15162335336208344,0.35508042573928833,0.2373625785112381,0.04505618289113045
泸203H76-2—第17段—泸203H76-3,泸203H76,泸203H76-2 | 第17段,渐进上升型,a997667b1a2f5b,泸203H76,4,涨幅微弱型,0.5455607476635514,0.08995327102803738,0.1939252336448598,0.12967289719626168,0.04088785046728972,渐进上升型,0.005573791862045405,0.16846854862601668,0.5336932067803349,0.2608890227958364,0.031375429935766516,稳定缓升型,0.05220451423576423,0.18487567310999978,0.26245411900549304,0.4116720972167954,0.08879359643194781,渐进上升型,0.2108774483203888,0.15162335336208344,0.35508042573928833,0.2373625785112381,0.04505618289113045,渐进上升型,0.2108774483203888,0.15162335336208344,0.35508042573928833,0.2373625785112381,0.04505618289113045
泸203H76-2—第18段—泸203H76-3,泸203H76,泸203H76-2 | 第18段,渐进上升型,7267b84c9c8e82,泸203H76,4,涨幅微弱型,0.5455607476635514,0.08995327102803738,0.1939252336448598,0.12967289719626168,0.04088785046728972,渐进上升型,0.007986926864438632,0.17938496460617964,0.48690172611156846,0.29225022619207824,0.033476156225735146,稳定缓升型,0.05237574231324231,0.17397958977739236,0.2660317581151855,0.42467814471103943,0.08293476508314052,渐进上升型,0.2112608551979065,0.13997790217399597,0.37225595116615295,0.22821062803268433,0.048294663429260254,渐进上升型,0.2112608551979065,0.13997790217399597,0.37225595116615295,0.22821062803268433,0.048294663429260254
泸203H76-2—第19段—泸203H76-3,泸203H76,泸203H76-2 | 第19段,渐进上升型,686bccaaf5c04b,泸203H76,4,涨幅微弱型,0.5455607476635514,0.08995327102803738,0.1939252336448598,0.12967289719626168,0.04088785046728972,渐进上升型,0.00675755014648001,0.16621680639924435,0.5490648256718956,0.2491024582459565,0.028858359536423586,稳定缓升型,0.038115978180316416,0.1884341149047032,0.24832133066595155,0.4271414337797851,0.09798714246924384,渐进上升型,0.15035471320152283,0.15985099971294403,0.3818071186542511,0.25306862592697144,0.05491858348250389,渐进上升型,0.15035471320152283,0.15985099971294403,0.3818071186542511,0.25306862592697144,0.05491858348250389
泸203H76-2—第19段—泸203H76-4,泸203H76,泸203H76-2 | 第19段,涨幅微弱型,6324987fdab6c1,泸203H76,4,涨幅微弱型,0.5455607476635514,0.08995327102803738,0.1939252336448598,0.12967289719626168,0.04088785046728972,渐进上升型,0.018611326492779898,0.15054907157296302,0.4969197213826816,0.2913278673838949,0.04259201316768066,稳定缓升型,0.07848664645539642,0.19467558425907877,0.21031752288031325,0.3936068774071532,0.12291336899805821,渐进上升型,0.21850396692752838,0.16431622207164764,0.2803373634815216,0.26613250374794006,0.07070998102426529,渐进上升型,0.21850396692752838,0.16431622207164764,0.2803373634815216,0.26613250374794006,0.07070998102426529
泸203H76-3—第7段—泸203H76-4,泸203H76,泸203H76-3 | 第7段,快速稳定型,d9671672afef94,泸203H76,4,涨幅微弱型,0.5455607476635514,0.08995327102803738,0.1939252336448598,0.12967289719626168,0.04088785046728972,渐进上升型,0.005706590313719079,0.22698215384532786,0.5045931991170148,0.24909535288254867,0.013622703841389633,渐进上升型,0.016086100428842363,0.2712363728226627,0.3777838564027157,0.23439240052388277,0.10050126982189636,渐进上升型,0.06580407172441483,0.23240642249584198,0.47558608651161194,0.1821833997964859,0.04402005299925804,渐进上升型,0.06580407172441483,0.23240642249584198,0.47558608651161194,0.1821833997964859,0.04402005299925804
泸203H76-3—第8段—泸203H76-2,泸203H76,泸203H76-3 | 第8段,渐进上升型,49cb30f7213982,泸203H76,4,涨幅微弱型,0.5455607476635514,0.08995327102803738,0.1939252336448598,0.12967289719626168,0.04088785046728972,渐进上升型,0.004406172363602076,0.22538543824431156,0.4978367634273411,0.23423271064180426,0.038138915322941,稳定缓升型,0.023381496005487945,0.23169910467759597,0.2850654188385167,0.3542513057368902,0.10560267474150943,渐进上升型,0.07252728939056396,0.2574605345726013,0.3958694338798523,0.21688583493232727,0.057256873697042465,渐进上升型,0.07252728939056396,0.2574605345726013,0.3958694338798523,0.21688583493232727,0.057256873697042465
泸203H76-3—第9段—泸203H76-4,泸203H76,泸203H76-3 | 第9段,涨幅微弱型,234840fa5c3ca1,泸203H76,4,涨幅微弱型,0.5455607476635514,0.08995327102803738,0.1939252336448598,0.12967289719626168,0.04088785046728972,渐进上升型,0.00452330230704137,0.23451086550533826,0.4973856549113851,0.2224192551287792,0.04116092214745613,稳定缓升型,0.024734309858301794,0.22787028542851812,0.2733466548837613,0.36759530548713987,0.10645344434227905,渐进上升型,0.07223903387784958,0.2604117691516876,0.3942960798740387,0.21602383255958557,0.05702931061387062,渐进上升型,0.07223903387784958,0.2604117691516876,0.3942960798740387,0.21602383255958557,0.05702931061387062
泸203H76-3—第10段—泸203H76-2,泸203H76,泸203H76-3 | 第10段,稳定缓升型,1d37cfc0a47149,泸203H76,4,涨幅微弱型,0.5455607476635514,0.08995327102803738,0.1939252336448598,0.12967289719626168,0.04088785046728972,渐进上升型,0.007808269289001908,0.22537597603248874,0.4989793680944885,0.23095882362769402,0.03687756295632674,稳定缓升型,0.016729563629871356,0.2460964723142445,0.28823458072998814,0.36781799818903144,0.0811213851368646,渐进上升型,0.07293202728033066,0.28327468037605286,0.40057986974716187,0.19866672158241272,0.0445467084646225,渐进上升型,0.07293202728033066,0.28327468037605286,0.40057986974716187,0.19866672158241272,0.0445467084646225
泸203H76-3—第10段—泸203H76-4,泸203H76,泸203H76-3 | 第10段,快速稳定型,c80510f7ff8edf,泸203H76,4,涨幅微弱型,0.5455607476635514,0.08995327102803738,0.1939252336448598,0.12967289719626168,0.04088785046728972,渐进上升型,0.007800621292948853,0.22539432789519606,0.4990203723098115,0.23092129486802146,0.03686338363402208,稳定缓升型,0.016729563629871356,0.2460964723142445,0.28823458072998814,0.36781799818903144,0.0811213851368646,渐进上升型,0.07293202728033066,0.28327468037605286,0.40057986974716187,0.19866672158241272,0.0445467084646225,渐进上升型,0.07293202728033066,0.28327468037605286,0.40057986974716187,0.19866672158241272,0.0445467084646225
泸203H76-3—第12段—泸203H76-1,泸203H76,泸203H76-3 | 第12段,涨幅微弱型,deb2172603c15a,泸203H76,4,涨幅微弱型,0.5455607476635514,0.08995327102803738,0.1939252336448598,0.12967289719626168,0.04088785046728972,渐进上升型,0.00688524195384701,0.20182357562622918,0.5729993168532928,0.19467153804074033,0.02362032752589068,渐进上升型,0.020842022560772562,0.22239069771840103,0.33574380261167597,0.20057470777768355,0.22044876933146715,渐进上升型,0.04529137536883354,0.16789279878139496,0.5611640810966492,0.17309948801994324,0.0525522418320179,渐进上升型,0.04529137536883354,0.16789279878139496,0.5611640810966492,0.17309948801994324,0.0525522418320179
泸203H76-3—第12段—泸203H76-2,泸203H76,泸203H76-3 | 第12段,涨幅微弱型,c30705a4efd17c,泸203H76,4,涨幅微弱型,0.5455607476635514,0.08995327102803738,0.1939252336448598,0.12967289719626168,0.04088785046728972,渐进上升型,0.0023811116546554483,0.21415649165056805,0.6084946282821119,0.15964724869345873,0.015320519719205748,渐进上升型,0.014105447979439913,0.21029921039440663,0.32488115342474516,0.28665049985840985,0.16406368834299867,渐进上升型,0.03889833763241768,0.2290412336587906,0.5155080556869507,0.17173558473587036,0.044816792011260986,渐进上升型,0.03889833763241768,0.2290412336587906,0.5155080556869507,0.17173558473587036,0.044816792011260986
泸203H76-3—第12段—泸203H76-4,泸203H76,泸203H76-3 | 第12段,稳定缓升型,644515f0c3b8a9,泸203H76,4,涨幅微弱型,0.5455607476635514,0.08995327102803738,0.1939252336448598,0.12967289719626168,0.04088785046728972,渐进上升型,0.0023596413987439593,0.2142485822198706,0.6087603625733681,0.1593680192780106,0.015263394530006712,渐进上升型,0.014105447979439913,0.20878466012985636,0.3324182806493724,0.2819034760488861,0.16278813519244553,渐进上升型,0.037487130612134933,0.22073180973529816,0.539016842842102,0.15957337617874146,0.04319087788462639,渐进上升型,0.037487130612134933,0.22073180973529816,0.539016842842102,0.15957337617874146,0.04319087788462639
泸203H76-3—第13段—泸203H76-2,泸203H76,泸203H76-3 | 第13段,先降后升型,4c64939859d8ca,泸203H76,4,涨幅微弱型,0.5455607476635514,0.08995327102803738,0.1939252336448598,0.12967289719626168,0.04088785046728972,渐进上升型,0.0030769963595513893,0.22201519304478223,0.5733346842381836,0.1918866748139142,0.00968645154356856,渐进上升型,0.01757404535428729,0.2348500664601326,0.36385726993634754,0.2571888573772239,0.1265297608720088,渐进上升型,0.03311626613140106,0.30697205662727356,0.48028048872947693,0.14662237465381622,0.03300880640745163,渐进上升型,0.03311626613140106,0.30697205662727356,0.48028048872947693,0.14662237465381622,0.03300880640745163
泸203H76-3—第15段—泸203H76-4,泸203H76,泸203H76-3 | 第15段,快速稳定型,c8579e0c6d4c0f,泸203H76,4,涨幅微弱型,0.5455607476635514,0.08995327102803738,0.1939252336448598,0.12967289719626168,0.04088785046728972,渐进上升型,0.024586945677918574,0.18242213714181688,0.5141756940129721,0.23714208510424284,0.04167313806304963,稳定缓升型,0.04201386732820557,0.16599684292602257,0.3429091639211611,0.38092067407924607,0.06815945174536504,渐进上升型,0.15601800382137299,0.10749199986457825,0.45246651768684387,0.2287612110376358,0.055262241512537,渐进上升型,0.15601800382137299,0.10749199986457825,0.45246651768684387,0.2287612110376358,0.055262241512537
泸203H76-3—第16段—泸203H76-4,泸203H76,泸203H76-3 | 第16段,稳定缓升型,9698a6e5a992e5,泸203H76,4,涨幅微弱型,0.5455607476635514,0.08995327102803738,0.1939252336448598,0.12967289719626168,0.04088785046728972,渐进上升型,0.000929697466251002,0.19976483677094628,0.5558676305313038,0.23404687873065327,0.009390956500845536,渐进上升型,0.008252960189452126,0.252844614937383,0.3466059041378449,0.3127139146964956,0.07958260603882451,渐进上升型,0.03613666817545891,0.22054438292980194,0.5314472317695618,0.18052850663661957,0.031343184411525726,渐进上升型,0.03613666817545891,0.22054438292980194,0.5314472317695618,0.18052850663661957,0.031343184411525726
泸203H76-3—第18段—泸203H76-2,泸203H76,泸203H76-3 | 第18段,先降后升型,1a6331ae8091c3,泸203H76,4,涨幅微弱型,0.5455607476635514,0.08995327102803738,0.1939252336448598,0.12967289719626168,0.04088785046728972,渐进上升型,0.004047098491262737,0.1767201848201804,0.5377948671784508,0.23282246547774904,0.048615384032357094,稳定缓升型,0.03163987517112517,0.18108980222486,0.2581802122101288,0.42840386638224914,0.10068624401163691,渐进上升型,0.14819619059562683,0.12182864546775818,0.4274752140045166,0.26213401556015015,0.040365882217884064,渐进上升型,0.14819619059562683,0.12182864546775818,0.4274752140045166,0.26213401556015015,0.040365882217884064
泸203H76-3—第18段—泸203H76-4,泸203H76,泸203H76-3 | 第18段,涨幅微弱型,f84f1114108829,泸203H76,4,涨幅微弱型,0.5455607476635514,0.08995327102803738,0.1939252336448598,0.12967289719626168,0.04088785046728972,渐进上升型,0.004053156671137372,0.17669765679053762,0.5377256944357882,0.2328796493631757,0.048643842739361016,稳定缓升型,0.03163987517112517,0.18108980222486,0.2581802122101288,0.42840386638224914,0.10068624401163691,渐进上升型,0.14819619059562683,0.12182864546775818,0.4274752140045166,0.26213401556015015,0.040365882217884064,渐进上升型,0.14819619059562683,0.12182864546775818,0.4274752140045166,0.26213401556015015,0.040365882217884064
泸203H76-3—第19段—泸203H76-2,泸203H76,泸203H76-3 | 第19段,稳定缓升型,eb35ad148b1cbc,泸203H76,4,涨幅微弱型,0.5455607476635514,0.08995327102803738,0.1939252336448598,0.12967289719626168,0.04088785046728972,渐进上升型,0.0018928918563546504,0.1609678773236667,0.527342678645889,0.2819399197005274,0.027856632473562192,稳定缓升型,0.03819522759553532,0.16988146099718388,0.3092065128318462,0.35035869787175905,0.1323581007036759,渐进上升型,0.04192987084388733,0.2167854607105255,0.5199937224388123,0.1925765573978424,0.028714429587125778,渐进上升型,0.04192987084388733,0.2167854607105255,0.5199937224388123,0.1925765573978424,0.028714429587125778
泸203H76-3—第20段—泸203H76-2,泸203H76,泸203H76-3 | 第20段,稳定缓升型,c70ea5d5f8606b,泸203H76,4,涨幅微弱型,0.5455607476635514,0.08995327102803738,0.1939252336448598,0.12967289719626168,0.04088785046728972,渐进上升型,0.0013083798517416238,0.17823426769999381,0.5266670417784546,0.27467527093145655,0.01911503973835335,渐进上升型,0.015610436046927982,0.20859213272108923,0.34738612971706345,0.3471142991711878,0.0812970023437318,渐进上升型,0.06464837491512299,0.17758986353874207,0.521372377872467,0.20141810178756714,0.03497125580906868,渐进上升型,0.06464837491512299,0.17758986353874207,0.521372377872467,0.20141810178756714,0.03497125580906868
泸203H76-4—第6段—泸203H76-3,泸203H76,泸203H76-4 | 第6段,渐进上升型,5bace6a15d2ed6,泸203H76,4,涨幅微弱型,0.5455607476635514,0.08995327102803738,0.1939252336448598,0.12967289719626168,0.04088785046728972,渐进上升型,0.010579868701025837,0.2557762408352189,0.4824887560441957,0.20997095430551416,0.04118418011404535,稳定缓升型,0.025532329877724615,0.21848748304328727,0.2765521312095622,0.37744088689231875,0.10198716897710704,渐进上升型,0.048108115792274475,0.2926781177520752,0.3988152742385864,0.1996443122625351,0.060754209756851196,渐进上升型,0.048108115792274475,0.2926781177520752,0.3988152742385864,0.1996443122625351,0.060754209756851196
泸203H76-4—第7段—泸203H76-3,泸203H76,泸203H76-4 | 第7段,快速稳定型,4882a814449645,泸203H76,4,涨幅微弱型,0.5455607476635514,0.08995327102803738,0.1939252336448598,0.12967289719626168,0.04088785046728972,渐进上升型,0.010018453184938618,0.268962340797857,0.4754005783799071,0.20355787681832013,0.042060750818976964,稳定缓升型,0.02222923847987515,0.2205236547568784,0.2823249422545507,0.3648963943478263,0.11002577016086953,渐进上升型,0.048108115792274475,0.2926781177520752,0.3988152742385864,0.1996443122625351,0.060754209756851196,渐进上升型,0.048108115792274475,0.2926781177520752,0.3988152742385864,0.1996443122625351,0.060754209756851196
泸203H76-4—第8段—泸203H76-1,泸203H76,泸203H76-4 | 第8段,渐进上升型,89a3ca523c6cb9,泸203H76,4,涨幅微弱型,0.5455607476635514,0.08995327102803738,0.1939252336448598,0.12967289719626168,0.04088785046728972,渐进上升型,0.069804960961605,0.20279063343643552,0.3774689529264774,0.26575492807416046,0.08418052460132172,先降后升型,0.07907057731756023,0.18415031684949457,0.22856505791113768,0.21750431953528573,0.29070972838652176,渐进上升型,0.1411682367324829,0.17007675766944885,0.35285842418670654,0.2233460247516632,0.1125505343079567,渐进上升型,0.1411682367324829,0.17007675766944885,0.35285842418670654,0.2233460247516632,0.1125505343079567
泸203H76-4—第9段—泸203H76-2,泸203H76,泸203H76-4 | 第9段,渐进上升型,12d57a9fd8783c,泸203H76,4,涨幅微弱型,0.5455607476635514,0.08995327102803738,0.1939252336448598,0.12967289719626168,0.04088785046728972,渐进上升型,0.039535166764290613,0.21341640056229663,0.4168185955929899,0.2775931304084506,0.05263670667197222,稳定缓升型,0.028889101578246312,0.21500560775626498,0.2956176487709196,0.31338634579594843,0.14710129609862077,渐进上升型,0.06418037414550781,0.20019875466823578,0.4028146266937256,0.25360143184661865,0.07920487225055695,渐进上升型,0.06418037414550781,0.20019875466823578,0.4028146266937256,0.25360143184661865,0.07920487225055695
泸203H76-4—第9段—泸203H76-3,泸203H76,泸203H76-4 | 第9段,快速稳定型,8b288287d344dc,泸203H76,4,涨幅微弱型,0.5455607476635514,0.08995327102803738,0.1939252336448598,0.12967289719626168,0.04088785046728972,渐进上升型,0.014701417252616493,0.23940093707432056,0.46793252948809644,0.24160262945687852,0.0363624867280882,稳定缓升型,0.017863182082568752,0.21961324711756208,0.29511535950414,0.3547774419673609,0.11263076932836867,渐进上升型,0.04537089169025421,0.27290108799934387,0.4316328763961792,0.19481293857097626,0.05528223142027855,渐进上升型,0.04537089169025421,0.27290108799934387,0.4316328763961792,0.19481293857097626,0.05528223142027855
泸203H76-4—第11段—泸203H76-2,泸203H76,泸203H76-4 | 第11段,渐进上升型,0be17ae5a2eddc,泸203H76,4,涨幅微弱型,0.5455607476635514,0.08995327102803738,0.1939252336448598,0.12967289719626168,0.04088785046728972,渐进上升型,0.28693316746874126,0.16649002198741483,0.3161715851379691,0.18725466948478664,0.04315055592108819,渐进上升型,0.0472823824983389,0.2056636659069415,0.3650548006369993,0.2710072382789885,0.11099191267873229,涨幅微弱型,0.3481593728065491,0.07003181427717209,0.338663250207901,0.16766619682312012,0.07547938078641891,涨幅微弱型,0.3481593728065491,0.07003181427717209,0.338663250207901,0.16766619682312012,0.07547938078641891
泸203H76-4—第11段—泸203H76-3,泸203H76,泸203H76-4 | 第11段,渐进上升型,1094a1ff165817,泸203H76,4,涨幅微弱型,0.5455607476635514,0.08995327102803738,0.1939252336448598,0.12967289719626168,0.04088785046728972,渐进上升型,0.12730286788931094,0.22183549214522505,0.4216017334964471,0.19378293972490793,0.03547696674410901,快速稳定型,0.01528778541061197,0.3871344818347737,0.37316002439482093,0.09037484107956552,0.1340428672802276,渐进上升型,0.19613635540008545,0.21694627404212952,0.4235193431377411,0.1135481745004654,0.04984989017248154,渐进上升型,0.19613635540008545,0.21694627404212952,0.4235193431377411,0.1135481745004654,0.04984989017248154
泸203H76-4—第13段—泸203H76-1,泸203H76,泸203H76-4 | 第13段,快速稳定型,ed33c4d539f456,泸203H76,4,涨幅微弱型,0.5455607476635514,0.08995327102803738,0.1939252336448598,0.12967289719626168,0.04088785046728972,渐进上升型,0.13366094190972946,0.11564161068921969,0.3514468695322031,0.33662371529999713,0.0626268625688506,稳定缓升型,0.18561874878179122,0.1781364632399883,0.2139328068791512,0.26021564885404025,0.16209633224502912,涨幅微弱型,0.3516353666782379,0.12915024161338806,0.2843117415904999,0.19007395207881927,0.044828709214925766,涨幅微弱型,0.3516353666782379,0.12915024161338806,0.2843117415904999,0.19007395207881927,0.044828709214925766
泸203H76-4—第13段—泸203H76-2,泸203H76,泸203H76-4 | 第13段,涨幅微弱型,655ca49c4b3264,泸203H76,4,涨幅微弱型,0.5455607476635514,0.08995327102803738,0.1939252336448598,0.12967289719626168,0.04088785046728972,渐进上升型,0.05366735486028152,0.14294953606601543,0.43478307208185596,0.3213486374524401,0.047251399539407095,稳定缓升型,0.08939829267954263,0.20343896024139843,0.2505672478500459,0.3653145376868287,0.09128096154218447,渐进上升型,0.20670835673809052,0.15955409407615662,0.3597240149974823,0.23433592915534973,0.03967762365937233,渐进上升型,0.20670835673809052,0.15955409407615662,0.3597240149974823,0.23433592915534973,0.03967762365937233
泸203H76-4—第13段—泸203H76-3,泸203H76,泸203H76-4 | 第13段,渐进上升型,6086fb3b41a67e,泸203H76,4,涨幅微弱型,0.5455607476635514,0.08995327102803738,0.1939252336448598,0.12967289719626168,0.04088785046728972,渐进上升型,0.0203131022953079,0.16353542646814392,0.49778340418021,0.28510659088634477,0.033261476169993275,稳定缓升型,0.05231966800900623,0.1732767325116355,0.29718723061169056,0.40401184709907284,0.07320452176859497,渐进上升型,0.1350129395723343,0.11783512681722641,0.5157140493392944,0.20219163596630096,0.029246224090456963,渐进上升型,0.1350129395723343,0.11783512681722641,0.5157140493392944,0.20219163596630096,0.029246224090456963
泸203H76-4—第18段—泸203H76-2,泸203H76,泸203H76-4 | 第18段,涨幅微弱型,90f7b642e4f514,泸203H76,4,涨幅微弱型,0.5455607476635514,0.08995327102803738,0.1939252336448598,0.12967289719626168,0.04088785046728972,渐进上升型,0.03710283545325619,0.18105824342401539,0.41049239779392865,0.32814420813386846,0.04320231519493122,稳定缓升型,0.04684670531710005,0.18490421279083116,0.2918374363049583,0.3984272826595774,0.07798436292753327,渐进上升型,0.0743105486035347,0.15241263806819916,0.45929375290870667,0.2648175060749054,0.04916555806994438,渐进上升型,0.0743105486035347,0.15241263806819916,0.45929375290870667,0.2648175060749054,0.04916555806994438
泸203H8-2—第6段—泸203H8-1,泸203H8,泸203H8-2 | 第6段,渐进上升型,e34b2d17237858,泸203H8,3,涨幅微弱型,0.5057034220532319,0.10139416983523447,0.21673003802281368,0.13814955640050697,0.03802281368821293,渐进上升型,0.03684890091486075,0.26361651780899625,0.4841553920101063,0.178661877206537,0.036717312059499595,渐进上升型,0.1207487647846545,0.1888865720676386,0.3925797013093347,0.23931493296957385,0.05847002886879838,稳定缓升型,0.03152385354042053,0.34045475721359253,0.22733743488788605,0.34517067670822144,0.05551328510046005,渐进上升型,0.1207487647846545,0.1888865720676386,0.3925797013093347,0.23931493296957385,0.05847002886879838
泸203H8-4—第1段—泸203H8-3,泸203H8,泸203H8-4 | 第1段,渐进上升型,06b3d59751a202,泸203H8,3,涨幅微弱型,0.5057034220532319,0.10139416983523447,0.21673003802281368,0.13814955640050697,0.03802281368821293,快速稳定型,0.0910160820128792,0.414242542885856,0.20008729369739392,0.11591157396546849,0.17874250743840245,渐进上升型,0.12022351126439614,0.2108275048088026,0.3686169044823503,0.227736700474295,0.07259537897015587,快速稳定型,0.038714658468961716,0.42232832312583923,0.22570866346359253,0.20841515064239502,0.104833222925663,渐进上升型,0.12022351126439614,0.2108275048088026,0.3686169044823503,0.227736700474295,0.07259537897015587
泸203H8-4—第2段—泸203H8-3,泸203H8,泸203H8-4 | 第2段,快速稳定型,8db505ca7d3e97,泸203H8,3,涨幅微弱型,0.5057034220532319,0.10139416983523447,0.21673003802281368,0.13814955640050697,0.03802281368821293,渐进上升型,0.08045958813554699,0.21277014011662243,0.33525964028905,0.33464859589978807,0.036862035558992395,渐进上升型,0.15519160076544997,0.18583104157030386,0.3362469510973039,0.2553158676342627,0.06741453893267986,稳定缓升型,0.04797276854515076,0.19544556736946106,0.20370188355445862,0.458436518907547,0.09444328397512436,渐进上升型,0.15519160076544997,0.18583104157030386,0.3362469510973039,0.2553158676342627,0.06741453893267986
泸203H8-4—第3段—泸203H8-2,泸203H8,泸203H8-4 | 第3段,稳定缓升型,bfa6a2b6c17ec9,泸203H8,3,涨幅微弱型,0.5057034220532319,0.10139416983523447,0.21673003802281368,0.13814955640050697,0.03802281368821293,渐进上升型,0.12378413604081757,0.21774977238832596,0.34060065603759665,0.2683958752260328,0.04946956030722716,渐进上升型,0.21107979064169455,0.1923918741447147,0.340661228721549,0.19639659937253748,0.0594705071195045,稳定缓升型,0.04989471286535263,0.1770489513874054,0.21669678390026093,0.32682520151138306,0.2295343428850174,渐进上升型,0.21107979064169455,0.1923918741447147,0.340661228721549,0.19639659937253748,0.0594705071195045
泸203H9-1—第11段—泸203H9-2,泸203H9,泸203H9-1 | 第11段,稳定缓升型,2db60bf76dcf00,泸203H9,3,涨幅微弱型,0.5057034220532319,0.10139416983523447,0.21673003802281368,0.13814955640050697,0.03802281368821293,渐进上升型,0.1308269348625394,0.21770356130064847,0.4330285905202092,0.11634776942589675,0.10209314389070615,渐进上升型,0.29000078217307995,0.11023495435533556,0.3524008768926511,0.21087223910259914,0.03649114747633441,涨幅微弱型,0.27108535170555115,0.09831377118825912,0.2457253336906433,0.135973259806633,0.2489023059606552,渐进上升型,0.29000078217307995,0.11023495435533556,0.3524008768926511,0.21087223910259914,0.03649114747633441
泸203H9-1—第13段—泸203H9-2,泸203H9,泸203H9-1 | 第13段,渐进上升型,26ba57eb523b2d,泸203H9,3,涨幅微弱型,0.5057034220532319,0.10139416983523447,0.21673003802281368,0.13814955640050697,0.03802281368821293,渐进上升型,0.08831857359892811,0.21148070400944605,0.4878399896821659,0.14692884513872748,0.06543188757073241,渐进上升型,0.21856581052014082,0.09368659056733727,0.40333051816057197,0.2645059892967481,0.019911091455201882,涨幅微弱型,0.2607123553752899,0.10093384236097336,0.2488132119178772,0.17733237147331238,0.21220824122428894,渐进上升型,0.21856581052014082,0.09368659056733727,0.40333051816057197,0.2645059892967481,0.019911091455201882
泸203H9-2—第15段—泸203H9-4,泸203H9,泸203H9-2 | 第15段,涨幅微弱型,1bd91e6c74f711,泸203H9,3,涨幅微弱型,0.5057034220532319,0.10139416983523447,0.21673003802281368,0.13814955640050697,0.03802281368821293,渐进上升型,0.30936949945512354,0.10910382984971273,0.316447294812246,0.23501309526074166,0.030066280622176155,渐进上升型,0.18709731827156903,0.18818421330010576,0.37824737773670664,0.18397894025298825,0.0624921504386305,渐进上升型,0.09260456264019012,0.20457717776298523,0.3099408447742462,0.23695291578769684,0.15592451393604279,渐进上升型,0.18709731827156903,0.18818421330010576,0.37824737773670664,0.18397894025298825,0.0624921504386305
泸203H9-2—第17段—泸203H9-1,泸203H9,泸203H9-2 | 第17段,快速稳定型,8a127adfe84533,泸203H9,3,涨幅微弱型,0.5057034220532319,0.10139416983523447,0.21673003802281368,0.13814955640050697,0.03802281368821293,渐进上升型,0.048646013210505476,0.12826915710428155,0.6795106727173755,0.13602653269044174,0.007547624277395703,渐进上升型,0.24237178422728106,0.1938642034614593,0.33274021756272215,0.19016284227041386,0.040860952478123734,渐进上升型,0.11640644073486328,0.16702771186828613,0.32179078459739685,0.29549404978752136,0.09928104281425476,渐进上升型,0.24237178422728106,0.1938642034614593,0.33274021756272215,0.19016284227041386,0.040860952478123734
泸203H9-2—第18段—泸203H9-1,泸203H9,泸203H9-2 | 第18段,渐进上升型,752dbea7369114,泸203H9,3,涨幅微弱型,0.5057034220532319,0.10139416983523447,0.21673003802281368,0.13814955640050697,0.03802281368821293,渐进上升型,0.046900688948575533,0.14139501111921635,0.6185389245952516,0.184403612729642,0.008761762607314537,渐进上升型,0.25037427844402915,0.17163133967059926,0.35344057624356573,0.17044165091329277,0.054112154728513356,渐进上升型,0.07230644673109055,0.22166579961776733,0.30649152398109436,0.2682783901691437,0.1312578171491623,渐进上升型,0.25037427844402915,0.17163133967059926,0.35344057624356573,0.17044165091329277,0.054112154728513356
泸203H9-2—第27段—泸203H9-1,泸203H9,泸203H9-2 | 第27段,渐进上升型,76b2e5a7448d80,泸203H9,3,涨幅微弱型,0.5057034220532319,0.10139416983523447,0.21673003802281368,0.13814955640050697,0.03802281368821293,渐进上升型,0.03802088696938079,0.14057018339453184,0.5950128466309251,0.21603796368649977,0.010358119318662517,渐进上升型,0.1884373018857328,0.1904614030013965,0.3726462712437348,0.19016333675938896,0.05829168710974711,稳定缓升型,0.08073980361223221,0.19846342504024506,0.25445181131362915,0.3355517089366913,0.13079321384429932,渐进上升型,0.1884373018857328,0.1904614030013965,0.3726462712437348,0.19016333675938896,0.05829168710974711
泸203H9-2—第28段—泸203H9-1,泸203H9,泸203H9-2 | 第28段,渐进上升型,5859b0273340a3,泸203H9,3,涨幅微弱型,0.5057034220532319,0.10139416983523447,0.21673003802281368,0.13814955640050697,0.03802281368821293,渐进上升型,0.03666027806162725,0.13702033196811847,0.6010899888387995,0.21452366889397445,0.010705732237480272,渐进上升型,0.1908640418124727,0.1917886058910994,0.37191216738463095,0.18641303613408836,0.05902214877770879,稳定缓升型,0.08155163377523422,0.19580236077308655,0.2729548215866089,0.30511242151260376,0.14457878470420837,渐进上升型,0.1908640418124727,0.1917886058910994,0.37191216738463095,0.18641303613408836,0.05902214877770879
泸203H9-2—第29段—泸203H9-1,泸203H9,泸203H9-2 | 第29段,渐进上升型,33ccfcbccded0b,泸203H9,3,涨幅微弱型,0.5057034220532319,0.10139416983523447,0.21673003802281368,0.13814955640050697,0.03802281368821293,渐进上升型,0.038599300111080224,0.14104057191888458,0.5946848510624503,0.2148583495000492,0.010816927407535672,渐进上升型,0.1911616608600918,0.19174345428344777,0.3665880933105569,0.19200547610152832,0.05850131544437545,稳定缓升型,0.0821029543876648,0.20181414484977722,0.25874781608581543,0.31177884340286255,0.14555621147155762,渐进上升型,0.1911616608600918,0.19174345428344777,0.3665880933105569,0.19200547610152832,0.05850131544437545
泸203H9-3—第1段—泸203H9-4,泸203H9,泸203H9-3 | 第1段,快速稳定型,6de1d34ae39414,泸203H9,3,涨幅微弱型,0.5057034220532319,0.10139416983523447,0.21673003802281368,0.13814955640050697,0.03802281368821293,渐进上升型,0.005394880309604048,0.23271866728518223,0.4439904662233078,0.2984586438981023,0.01943734228380373,渐进上升型,0.09307187609575666,0.22346081517308233,0.39872523261366255,0.22491043281330286,0.05983164330419618,渐进上升型,0.02196497842669487,0.32013189792633057,0.33637240529060364,0.20921958982944489,0.11231112480163574,渐进上升型,0.09307187609575666,0.22346081517308233,0.39872523261366255,0.22491043281330286,0.05983164330419618
泸203H9-3—第3段—泸203H9-1,泸203H9,泸203H9-3 | 第3段,涨幅微弱型,08b45d6b1f9500,泸203H9,3,涨幅微弱型,0.5057034220532319,0.10139416983523447,0.21673003802281368,0.13814955640050697,0.03802281368821293,渐进上升型,0.029704925345158867,0.1968568856041595,0.536670814177182,0.21505714187927422,0.02171023299422533,渐进上升型,0.16333666262916677,0.13800882020338626,0.33952357937757394,0.26268708093543214,0.09644385685444123,稳定缓升型,0.04999054968357086,0.15205074846744537,0.23091362416744232,0.4027058184146881,0.16433924436569214,渐进上升型,0.16333666262916677,0.13800882020338626,0.33952357937757394,0.26268708093543214,0.09644385685444123
泸203H9-3—第3段—泸203H9-4,泸203H9,泸203H9-3 | 第3段,快速稳定型,ffa57d7df6ce28,泸203H9,3,涨幅微弱型,0.5057034220532319,0.10139416983523447,0.21673003802281368,0.13814955640050697,0.03802281368821293,渐进上升型,0.01886735516400254,0.20941273140958935,0.5654443534868973,0.18868676729210848,0.017588792647402374,渐进上升型,0.10655768063865306,0.1976883818089514,0.43377975876966357,0.20104748205154563,0.060926696731186544,稳定缓升型,0.023401614278554916,0.1918792426586151,0.3380204141139984,0.3420003652572632,0.10469840466976166,渐进上升型,0.10655768063865306,0.1976883818089514,0.43377975876966357,0.20104748205154563,0.060926696731186544
泸203H9-3—第3段—泸203H9-5,泸203H9,泸203H9-3 | 第3段,涨幅微弱型,af938fc857bf78,泸203H9,3,涨幅微弱型,0.5057034220532319,0.10139416983523447,0.21673003802281368,0.13814955640050697,0.03802281368821293,渐进上升型,0.029704925345158867,0.1968568856041595,0.536670814177182,0.21505714187927422,0.02171023299422533,渐进上升型,0.16333666262916677,0.13800882020338626,0.33952357937757394,0.26268708093543214,0.09644385685444123,稳定缓升型,0.04999054968357086,0.15205074846744537,0.23091362416744232,0.4027058184146881,0.16433924436569214,渐进上升型,0.16333666262916677,0.13800882020338626,0.33952357937757394,0.26268708093543214,0.09644385685444123
泸203H9-3—第3段—泸203H9-6,泸203H9,泸203H9-3 | 第3段,涨幅微弱型,151e97d417cd84,泸203H9,3,涨幅微弱型,0.5057034220532319,0.10139416983523447,0.21673003802281368,0.13814955640050697,0.03802281368821293,渐进上升型,0.08994721644474621,0.15638187460106945,0.4370840614404008,0.28162471967403385,0.034962127839749696,渐进上升型,0.20154507767796423,0.1403540717060818,0.3335064257762529,0.2311028827340755,0.0934915421056258,稳定缓升型,0.0891401544213295,0.15319061279296875,0.2334907054901123,0.3029597997665405,0.2212187498807907,渐进上升型,0.20154507767796423,0.1403540717060818,0.3335064257762529,0.2311028827340755,0.0934915421056258
泸203H9-3—第6段—泸203H9-1,泸203H9,泸203H9-3 | 第6段,涨幅微弱型,37df8b844430bb,泸203H9,3,涨幅微弱型,0.5057034220532319,0.10139416983523447,0.21673003802281368,0.13814955640050697,0.03802281368821293,渐进上升型,0.029729989665591903,0.15581714222437576,0.5208750505721,0.27377029255457097,0.01980752498336139,渐进上升型,0.1740017424875351,0.13247088504054694,0.341403667833606,0.25732806575974904,0.09479563887856331,稳定缓升型,0.04776567965745926,0.14331233501434326,0.2310432344675064,0.48065122961997986,0.09722744673490524,渐进上升型,0.1740017424875351,0.13247088504054694,0.341403667833606,0.25732806575974904,0.09479563887856331
泸203H9-3—第6段—泸203H9-2,泸203H9,泸203H9-3 | 第6段,涨幅微弱型,5e3e05d1162f86,泸203H9,3,涨幅微弱型,0.5057034220532319,0.10139416983523447,0.21673003802281368,0.13814955640050697,0.03802281368821293,渐进上升型,0.10754837899752272,0.112201147739533,0.38651784586062615,0.36027984676129565,0.033452780641022424,渐进上升型,0.21552454462766363,0.1320702950559626,0.33610867041123,0.22482535945880552,0.09147113044633845,稳定缓升型,0.11665525287389755,0.1469353586435318,0.2420218288898468,0.3455738425254822,0.14881372451782227,渐进上升型,0.21552454462766363,0.1320702950559626,0.33610867041123,0.22482535945880552,0.09147113044633845
泸203H9-3—第6段—泸203H9-4,泸203H9,泸203H9-3 | 第6段,稳定缓升型,808ce12c91f412,泸203H9,3,涨幅微弱型,0.5057034220532319,0.10139416983523447,0.21673003802281368,0.13814955640050697,0.03802281368821293,渐进上升型,0.018992078265444978,0.1675966108194783,0.5548429891937467,0.2423881403392481,0.016180181382081747,渐进上升型,0.09912558281731657,0.18990351975764105,0.4410196856745295,0.20908875137010433,0.06086246038040865,稳定缓升型,0.02202436700463295,0.1781364232301712,0.33313193917274475,0.40690505504608154,0.05980225279927254,渐进上升型,0.09912558281731657,0.18990351975764105,0.4410196856745295,0.20908875137010433,0.06086246038040865
泸203H9-3—第6段—泸203H9-5,泸203H9,泸203H9-3 | 第6段,涨幅微弱型,9ede60b4c148d2,泸203H9,3,涨幅微弱型,0.5057034220532319,0.10139416983523447,0.21673003802281368,0.13814955640050697,0.03802281368821293,渐进上升型,0.029729989665591903,0.15581714222437576,0.5208750505721,0.27377029255457097,0.01980752498336139,渐进上升型,0.1740017424875351,0.13247088504054694,0.341403667833606,0.25732806575974904,0.09479563887856331,稳定缓升型,0.04776567965745926,0.14331233501434326,0.2310432344675064,0.48065122961997986,0.09722744673490524,渐进上升型,0.1740017424875351,0.13247088504054694,0.341403667833606,0.25732806575974904,0.09479563887856331
泸203H9-3—第6段—泸203H9-6,泸203H9,泸203H9-3 | 第6段,涨幅微弱型,0bbe998bee4468,泸203H9,3,涨幅微弱型,0.5057034220532319,0.10139416983523447,0.21673003802281368,0.13814955640050697,0.03802281368821293,渐进上升型,0.07816433831220136,0.12463053882713711,0.4259575209850957,0.341546704833548,0.029700897042017758,渐进上升型,0.21552454462766363,0.1320702950559626,0.33610867041123,0.22482535945880552,0.09147113044633845,稳定缓升型,0.08276913315057755,0.14924202859401703,0.24582120776176453,0.35099881887435913,0.17116883397102356,渐进上升型,0.21552454462766363,0.1320702950559626,0.33610867041123,0.22482535945880552,0.09147113044633845
泸203H9-3—第8段—泸203H9-1,泸203H9,泸203H9-3 | 第8段,涨幅微弱型,693858fd7e4f50,泸203H9,3,涨幅微弱型,0.5057034220532319,0.10139416983523447,0.21673003802281368,0.13814955640050697,0.03802281368821293,渐进上升型,0.030075189597715737,0.1491504865877307,0.5567824164556069,0.24383758865229394,0.02015431870665282,渐进上升型,0.1896109103602143,0.12334291183400495,0.3554775878456569,0.23969969904820732,0.09186889091191679,稳定缓升型,0.04019700735807419,0.15416407585144043,0.2254868596792221,0.4837193787097931,0.09643271565437317,渐进上升型,0.1896109103602143,0.12334291183400495,0.3554775878456569,0.23969969904820732,0.09186889091191679
泸203H9-3—第8段—泸203H9-2,泸203H9,泸203H9-3 | 第8段,涨幅微弱型,255602a358a0b0,泸203H9,3,涨幅微弱型,0.5057034220532319,0.10139416983523447,0.21673003802281368,0.13814955640050697,0.03802281368821293,渐进上升型,0.0838255996185235,0.11914165460828273,0.45522982635106035,0.310655053601586,0.031147865820547307,渐进上升型,0.22140793378559348,0.12327187247308886,0.3545012497051756,0.21203222865786744,0.0887867153782748,稳定缓升型,0.07679341733455658,0.1640251874923706,0.24511346220970154,0.3609016537666321,0.153166264295578,渐进上升型,0.22140793378559348,0.12327187247308886,0.3545012497051756,0.21203222865786744,0.0887867153782748
泸203H9-3—第8段—泸203H9-4,泸203H9,泸203H9-3 | 第8段,渐进上升型,1751fe0e122e8b,泸203H9,3,涨幅微弱型,0.5057034220532319,0.10139416983523447,0.21673003802281368,0.13814955640050697,0.03802281368821293,渐进上升型,0.019072309030515846,0.1596637501294091,0.5902458736808618,0.21465501264338477,0.016363054515828535,渐进上升型,0.09449333137301522,0.17719706349090159,0.46931303545486863,0.19859486883194005,0.06040170084927456,稳定缓升型,0.018507668748497963,0.18870598077774048,0.3246496021747589,0.40890926122665405,0.05922751873731613,渐进上升型,0.09449333137301522,0.17719706349090159,0.46931303545486863,0.19859486883194005,0.06040170084927456
泸203H9-3—第8段—泸203H9-6,泸203H9,泸203H9-3 | 第8段,稳定缓升型,99b41d41a5ea9b,泸203H9,3,涨幅微弱型,0.5057034220532319,0.10139416983523447,0.21673003802281368,0.13814955640050697,0.03802281368821293,渐进上升型,0.07424253314795316,0.12325019852441806,0.4695682800162359,0.30325431057560337,0.02968467773578965,渐进上升型,0.22140793378559348,0.12327187247308886,0.3545012497051756,0.21203222865786744,0.0887867153782748,稳定缓升型,0.06991483271121979,0.16169433295726776,0.24163031578063965,0.35577309131622314,0.17098742723464966,渐进上升型,0.22140793378559348,0.12327187247308886,0.3545012497051756,0.21203222865786744,0.0887867153782748
泸203H9-4—第5段—泸203H9-1,泸203H9,泸203H9-4 | 第5段,涨幅微弱型,9a36d69b025e84,泸203H9,3,涨幅微弱型,0.5057034220532319,0.10139416983523447,0.21673003802281368,0.13814955640050697,0.03802281368821293,渐进上升型,0.023017285168049063,0.22098161430671195,0.6357862284659043,0.11018239032796634,0.01003248173136826,渐进上升型,0.10640414869539573,0.20089428131047438,0.425040780052709,0.2137138691443685,0.05394692079705272,渐进上升型,0.037789080291986465,0.18345651030540466,0.3157130777835846,0.2987666428089142,0.1642746925354004,渐进上升型,0.10640414869539573,0.20089428131047438,0.425040780052709,0.2137138691443685,0.05394692079705272
泸203H9-4—第5段—泸203H9-2,泸203H9,泸203H9-4 | 第5段,涨幅微弱型,ecd27c3cce9323,泸203H9,3,涨幅微弱型,0.5057034220532319,0.10139416983523447,0.21673003802281368,0.13814955640050697,0.03802281368821293,渐进上升型,0.15876836988543044,0.15833553217237337,0.475167832417185,0.18395871025462057,0.023769555270390506,渐进上升型,0.14018372809892535,0.20185967417855258,0.4177939848375108,0.18281950441090614,0.05734310847410544,渐进上升型,0.07912995666265488,0.18131819367408752,0.2976166307926178,0.2020709067583084,0.2398642897605896,渐进上升型,0.14018372809892535,0.20185967417855258,0.4177939848375108,0.18281950441090614,0.05734310847410544
泸203H9-4—第5段—泸203H9-3,泸203H9,泸203H9-4 | 第5段,渐进上升型,e233dcb75df5f8,泸203H9,3,涨幅微弱型,0.5057034220532319,0.10139416983523447,0.21673003802281368,0.13814955640050697,0.03802281368821293,渐进上升型,0.014381382478972046,0.22935985254967245,0.653684217868731,0.09460990537634743,0.007964641726276974,渐进上升型,0.03764449766994269,0.24445737485796132,0.5012604636284371,0.1852314976233497,0.03140616622030951,渐进上升型,0.017216652631759644,0.2178749293088913,0.401962012052536,0.26249316334724426,0.1004532054066658,渐进上升型,0.03764449766994269,0.24445737485796132,0.5012604636284371,0.1852314976233497,0.03140616622030951
泸203H9-4—第5段—泸203H9-5,泸203H9,泸203H9-4 | 第5段,涨幅微弱型,f83e5130364585,泸203H9,3,涨幅微弱型,0.5057034220532319,0.10139416983523447,0.21673003802281368,0.13814955640050697,0.03802281368821293,渐进上升型,0.023017285168049063,0.22098161430671195,0.6357862284659043,0.11018239032796634,0.01003248173136826,渐进上升型,0.10640414869539573,0.20089428131047438,0.425040780052709,0.2137138691443685,0.05394692079705272,渐进上升型,0.037789080291986465,0.18345651030540466,0.3157130777835846,0.2987666428089142,0.1642746925354004,渐进上升型,0.10640414869539573,0.20089428131047438,0.425040780052709,0.2137138691443685,0.05394692079705272
泸203H9-4—第6段—泸203H9-1,泸203H9,泸203H9-4 | 第6段,涨幅微弱型,0a5478f38a4226,泸203H9,3,涨幅微弱型,0.5057034220532319,0.10139416983523447,0.21673003802281368,0.13814955640050697,0.03802281368821293,渐进上升型,0.027298838593552012,0.21853355138757674,0.616817788214334,0.12749436980241102,0.009855452002126293,渐进上升型,0.10910807161071573,0.18909165581347967,0.4205067315132425,0.2300643967700509,0.0512291442925115,稳定缓升型,0.03688981011509895,0.1802697628736496,0.2872017025947571,0.33047714829444885,0.16516153514385223,渐进上升型,0.10910807161071573,0.18909165581347967,0.4205067315132425,0.2300643967700509,0.0512291442925115
泸203H9-4—第6段—泸203H9-2,泸203H9,泸203H9-4 | 第6段,涨幅微弱型,bc11947e04f1a7,泸203H9,3,涨幅微弱型,0.5057034220532319,0.10139416983523447,0.21673003802281368,0.13814955640050697,0.03802281368821293,渐进上升型,0.1580381772586473,0.15768418506679013,0.46266527094711934,0.20025526062802282,0.021357106099420566,渐进上升型,0.1429325856547682,0.19133257972730947,0.41586103923922085,0.195738659487569,0.054135135891132856,渐进上升型,0.07795219123363495,0.17979536950588226,0.2811281383037567,0.2177632451057434,0.24336111545562744,渐进上升型,0.1429325856547682,0.19133257972730947,0.41586103923922085,0.195738659487569,0.054135135891132856
泸203H9-4—第6段—泸203H9-5,泸203H9,泸203H9-4 | 第6段,涨幅微弱型,f1747a00005ebb,泸203H9,3,涨幅微弱型,0.5057034220532319,0.10139416983523447,0.21673003802281368,0.13814955640050697,0.03802281368821293,渐进上升型,0.027298838593552012,0.21853355138757674,0.616817788214334,0.12749436980241102,0.009855452002126293,渐进上升型,0.10910807161071573,0.18909165581347967,0.4205067315132425,0.2300643967700509,0.0512291442925115,稳定缓升型,0.03688981011509895,0.1802697628736496,0.2872017025947571,0.33047714829444885,0.16516153514385223,渐进上升型,0.10910807161071573,0.18909165581347967,0.4205067315132425,0.2300643967700509,0.0512291442925115
泸203H9-4—第6段—泸203H9-6,泸203H9,泸203H9-4 | 第6段,稳定缓升型,54e487e3b65732,泸203H9,3,涨幅微弱型,0.5057034220532319,0.10139416983523447,0.21673003802281368,0.13814955640050697,0.03802281368821293,渐进上升型,0.04569726738852166,0.20578782153038455,0.5870983073441843,0.1488411496328006,0.012575454104108898,渐进上升型,0.13131090600000025,0.19305224622638775,0.4216480762762578,0.20127316175001245,0.05271560974734201,渐进上升型,0.02916949801146984,0.16939792037010193,0.28884872794151306,0.28794941306114197,0.22463448345661163,渐进上升型,0.13131090600000025,0.19305224622638775,0.4216480762762578,0.20127316175001245,0.05271560974734201
泸203H91-3—第5段—泸203H91-2,泸203H91,泸203H91-3 | 第5段,稳定缓升型,ef2dd2dc00fc2e,泸203H91,4,涨幅微弱型,0.5455607476635514,0.08995327102803738,0.1939252336448598,0.12967289719626168,0.04088785046728972,稳定缓升型,0.25446934120867387,0.09591347991869899,0.21041317496489537,0.38205747462432293,0.05714652928340878,涨幅微弱型,0.431355664818092,0.15200622326825958,0.14012889988265068,0.1889233317382259,0.08758588029277198,涨幅微弱型,0.513209879398346,0.10490728169679642,0.15672744810581207,0.1967153400182724,0.02844006009399891,涨幅微弱型,0.513209879398346,0.10490728169679642,0.15672744810581207,0.1967153400182724,0.02844006009399891
泸203H91-3—第6段—泸203H91-2,泸203H91,泸203H91-3 | 第6段,稳定缓升型,f1a35d0ab6d9de,泸203H91,4,涨幅微弱型,0.5455607476635514,0.08995327102803738,0.1939252336448598,0.12967289719626168,0.04088785046728972,稳定缓升型,0.2604308206462163,0.10076291428371756,0.20366548728269057,0.3756043853980834,0.05953639238929222,涨幅微弱型,0.40654748144373215,0.15707695749221962,0.1425004139783934,0.19439800140407207,0.09947714568158292,涨幅微弱型,0.4880828559398651,0.10952992737293243,0.16363351047039032,0.2090604454278946,0.029693245887756348,涨幅微弱型,0.4880828559398651,0.10952992737293243,0.16363351047039032,0.2090604454278946,0.029693245887756348
泸203H91-3—第11段—泸203H91-4,泸203H91,泸203H91-3 | 第11段,涨幅微弱型,a87a5d2f53e787,泸203H91,4,涨幅微弱型,0.5455607476635514,0.08995327102803738,0.1939252336448598,0.12967289719626168,0.04088785046728972,稳定缓升型,0.2487393745914885,0.14129039364668247,0.2176159229546751,0.3245086511616381,0.0678456576455158,涨幅微弱型,0.2980419401533309,0.169101995292187,0.15187155849516792,0.27519242702615426,0.10579207903315987,稳定缓升型,0.22313164174556732,0.153617724776268,0.22290782630443573,0.3315558433532715,0.06878696382045746,稳定缓升型,0.22313164174556732,0.153617724776268,0.22290782630443573,0.3315558433532715,0.06878696382045746
泸206H8-1—第14段—泸206H8-2,泸206H8,泸206H8-1 | 第14段,稳定缓升型,a39e8935e6afaf,泸206H8,3,涨幅微弱型,0.5057034220532319,0.10139416983523447,0.21673003802281368,0.13814955640050697,0.03802281368821293,涨幅微弱型,0.5097914607137028,0.07418081235565865,0.17370682502707502,0.19175121372882745,0.05056968817473595,涨幅微弱型,0.4390072467111921,0.07325737509357005,0.189104547956566,0.2264162563871316,0.07221457385154022,稳定缓升型,0.2065637707710266,0.06306981295347214,0.13687896728515625,0.45943784713745117,0.13404957950115204,涨幅微弱型,0.4390072467111921,0.07325737509357005,0.189104547956566,0.2264162563871316,0.07221457385154022
泸206H8-2—第18段—泸206H8-1,泸206H8,泸206H8-2 | 第18段,稳定缓升型,c0b91be3845004,泸206H8,3,涨幅微弱型,0.5057034220532319,0.10139416983523447,0.21673003802281368,0.13814955640050697,0.03802281368821293,涨幅微弱型,0.520731838519744,0.07117020040366455,0.1586315770631453,0.194395507070677,0.055070876942769145,涨幅微弱型,0.4152399316794508,0.08758295015892363,0.17842507095653265,0.24220333217688453,0.0765487150282085,稳定缓升型,0.16632449626922607,0.077551931142807,0.1384095996618271,0.4625667929649353,0.15514717996120453,涨幅微弱型,0.4152399316794508,0.08758295015892363,0.17842507095653265,0.24220333217688453,0.0765487150282085
泸206H8-2—第18段—泸206H8-3,泸206H8,泸206H8-2 | 第18段,渐进上升型,50630fca270754,泸206H8,3,涨幅微弱型,0.5057034220532319,0.10139416983523447,0.21673003802281368,0.13814955640050697,0.03802281368821293,涨幅微弱型,0.4254979439176986,0.09437189985018346,0.20845813417584616,0.21512297295726107,0.05654904909901067,渐进上升型,0.2774012164279211,0.12137511555011096,0.3061022242703962,0.22973825343349524,0.06538319031807689,稳定缓升型,0.052344050258398056,0.16554978489875793,0.24538283050060272,0.4157719314098358,0.12095142155885696,渐进上升型,0.2774012164279211,0.12137511555011096,0.3061022242703962,0.22973825343349524,0.06538319031807689
泸206H8-2—第21段—泸206H8-4,泸206H8,泸206H8-2 | 第21段,涨幅微弱型,c6e120de691942,泸206H8,3,涨幅微弱型,0.5057034220532319,0.10139416983523447,0.21673003802281368,0.13814955640050697,0.03802281368821293,稳定缓升型,0.2908269573389712,0.09657220983605691,0.2532272880035569,0.30188245712637357,0.057491087695041375,渐进上升型,0.2620483911565625,0.13224650551027742,0.31109782557780397,0.22205201475444677,0.07255526300090966,稳定缓升型,0.04848732054233551,0.17408740520477295,0.31107163429260254,0.3427189588546753,0.1236346885561943,渐进上升型,0.2620483911565625,0.13224650551027742,0.31109782557780397,0.22205201475444677,0.07255526300090966
泸206H8-2—第21段—泸206H8-5,泸206H8,泸206H8-2 | 第21段,涨幅微弱型,2ff1907e5978ba,泸206H8,3,涨幅微弱型,0.5057034220532319,0.10139416983523447,0.21673003802281368,0.13814955640050697,0.03802281368821293,稳定缓升型,0.299051731148518,0.09445716352060735,0.24791217300380516,0.30084135744845875,0.057737574878610746,渐进上升型,0.26530461102483477,0.12837845478081367,0.3142812581642097,0.21789822822294283,0.07413744780719932,稳定缓升型,0.05392589047551155,0.06982558965682983,0.34267333149909973,0.3811599612236023,0.1524152010679245,渐进上升型,0.26530461102483477,0.12837845478081367,0.3142812581642097,0.21789822822294283,0.07413744780719932
泸206H8-2—第21段—泸206H8-7,泸206H8,泸206H8-2 | 第21段,涨幅微弱型,4e28d0f19bf47b,泸206H8,3,涨幅微弱型,0.5057034220532319,0.10139416983523447,0.21673003802281368,0.13814955640050697,0.03802281368821293,涨幅微弱型,0.37286640942115246,0.07701505068678297,0.2037387002639456,0.2874659288810997,0.05891391074701924,涨幅微弱型,0.37348145151405776,0.07647058645361704,0.24201627273646226,0.22451726937329233,0.08351441992257075,稳定缓升型,0.16280892491340637,0.07381181418895721,0.19287484884262085,0.4029197096824646,0.16758467257022858,涨幅微弱型,0.37348145151405776,0.07647058645361704,0.24201627273646226,0.22451726937329233,0.08351441992257075
泸206H8-2—第21段—泸206H8-8,泸206H8,泸206H8-2 | 第21段,涨幅微弱型,683ae9556aa7a6,泸206H8,3,涨幅微弱型,0.5057034220532319,0.10139416983523447,0.21673003802281368,0.13814955640050697,0.03802281368821293,涨幅微弱型,0.37286640942115246,0.07701505068678297,0.2037387002639456,0.2874659288810997,0.05891391074701924,涨幅微弱型,0.37348145151405776,0.07647058645361704,0.24201627273646226,0.22451726937329233,0.08351441992257075,稳定缓升型,0.16280892491340637,0.07381181418895721,0.19287484884262085,0.4029197096824646,0.16758467257022858,涨幅微弱型,0.37348145151405776,0.07647058645361704,0.24201627273646226,0.22451726937329233,0.08351441992257075
泸206H8-3—第19段—泸206H8-4,泸206H8,泸206H8-3 | 第19段,涨幅微弱型,5fb5dd1a6a1343,泸206H8,3,涨幅微弱型,0.5057034220532319,0.10139416983523447,0.21673003802281368,0.13814955640050697,0.03802281368821293,涨幅微弱型,0.49309243978343076,0.09326419446260392,0.18789774541508894,0.1719215778200975,0.05382404251877875,涨幅微弱型,0.3135322458802172,0.12555379639448885,0.3086509025507798,0.20066044040434994,0.0516026147701646,稳定缓升型,0.09756088256835938,0.19352655112743378,0.16653642058372498,0.3865746259689331,0.15580151975154877,涨幅微弱型,0.3135322458802172,0.12555379639448885,0.3086509025507798,0.20066044040434994,0.0516026147701646
泸206H8-3—第19段—泸206H8-6,泸206H8,泸206H8-3 | 第19段,涨幅微弱型,f9a2598cff1188,泸206H8,3,涨幅微弱型,0.5057034220532319,0.10139416983523447,0.21673003802281368,0.13814955640050697,0.03802281368821293,涨幅微弱型,0.5993711254626586,0.06615075983161596,0.1346163576822092,0.14912222620346383,0.050739530820052434,涨幅微弱型,0.508829020991644,0.07595802886551914,0.1615728220918238,0.18856400627767936,0.06507612177333358,稳定缓升型,0.27975717186927795,0.06949962675571442,0.08444076031446457,0.3797169029712677,0.18658556044101715,涨幅微弱型,0.508829020991644,0.07595802886551914,0.1615728220918238,0.18856400627767936,0.06507612177333358
泸206H8-3—第19段—泸206H8-8,泸206H8,泸206H8-3 | 第19段,涨幅微弱型,334816ca95a240,泸206H8,3,涨幅微弱型,0.5057034220532319,0.10139416983523447,0.21673003802281368,0.13814955640050697,0.03802281368821293,涨幅微弱型,0.5993711254626586,0.06615075983161596,0.1346163576822092,0.14912222620346383,0.050739530820052434,涨幅微弱型,0.508829020991644,0.07595802886551914,0.1615728220918238,0.18856400627767936,0.06507612177333358,稳定缓升型,0.27975717186927795,0.06949962675571442,0.08444076031446457,0.3797169029712677,0.18658556044101715,涨幅微弱型,0.508829020991644,0.07595802886551914,0.1615728220918238,0.18856400627767936,0.06507612177333358
泸206H8-3—第20段—泸206H8-1,泸206H8,泸206H8-3 | 第20段,先降后升型,778d26d38eb7f0,泸206H8,3,涨幅微弱型,0.5057034220532319,0.10139416983523447,0.21673003802281368,0.13814955640050697,0.03802281368821293,涨幅微弱型,0.5341447932413129,0.06613262029219164,0.19290936559625715,0.15397443760479868,0.05283878326543948,涨幅微弱型,0.3430819866532214,0.08580507843739106,0.2627538804436685,0.2495650415697506,0.05879401289596878,稳定缓升型,0.1812249720096588,0.0938432440161705,0.23009304702281952,0.3721664845943451,0.12267226725816727,涨幅微弱型,0.3430819866532214,0.08580507843739106,0.2627538804436685,0.2495650415697506,0.05879401289596878
泸206H8-3—第20段—泸206H8-2,泸206H8,泸206H8-3 | 第20段,渐进上升型,14b9c641c5f831,泸206H8,3,涨幅微弱型,0.5057034220532319,0.10139416983523447,0.21673003802281368,0.13814955640050697,0.03802281368821293,涨幅微弱型,0.4332032121194098,0.08800631327722733,0.254358728056361,0.1702974456046229,0.054134300942378887,渐进上升型,0.14910929462102862,0.13252786797563776,0.41643222918939693,0.25339585116575974,0.04853475704817697,稳定缓升型,0.04948054626584053,0.2130632996559143,0.3140013515949249,0.33124566078186035,0.09220918267965317,渐进上升型,0.14910929462102862,0.13252786797563776,0.41643222918939693,0.25339585116575974,0.04853475704817697
泸206H8-3—第20段—泸206H8-4,泸206H8,泸206H8-3 | 第20段,涨幅微弱型,e0c55c9a421274,泸206H8,3,涨幅微弱型,0.5057034220532319,0.10139416983523447,0.21673003802281368,0.13814955640050697,0.03802281368821293,涨幅微弱型,0.42444697224134953,0.09002352114392938,0.2599802776008413,0.17141978844362668,0.05412944057025301,渐进上升型,0.15050789601963005,0.13049261156538133,0.41524293237510007,0.2548430151129237,0.04891354492696485,稳定缓升型,0.04912589117884636,0.21153613924980164,0.31175071001052856,0.3360390067100525,0.09154827892780304,渐进上升型,0.15050789601963005,0.13049261156538133,0.41524293237510007,0.2548430151129237,0.04891354492696485
泸206H8-3—第20段—泸206H8-5,泸206H8,泸206H8-3 | 第20段,涨幅微弱型,4e69c0a87e6b17,泸206H8,3,涨幅微弱型,0.5057034220532319,0.10139416983523447,0.21673003802281368,0.13814955640050697,0.03802281368821293,涨幅微弱型,0.41833821343970873,0.09144291326498268,0.26393118702235974,0.17217306201814309,0.05411462425480574,渐进上升型,0.14057323990339965,0.13537761441452303,0.4265223920643394,0.2437779885850143,0.05374876503272365,稳定缓升型,0.06773202121257782,0.24251054227352142,0.29412946105003357,0.30178695917129517,0.09384100139141083,渐进上升型,0.14057323990339965,0.13537761441452303,0.4265223920643394,0.2437779885850143,0.05374876503272365
泸206H8-3—第20段—泸206H8-7,泸206H8,泸206H8-3 | 第20段,涨幅微弱型,e903bea8adc8ed,泸206H8,3,涨幅微弱型,0.5057034220532319,0.10139416983523447,0.21673003802281368,0.13814955640050697,0.03802281368821293,涨幅微弱型,0.5341447932413129,0.06613262029219164,0.19290936559625715,0.15397443760479868,0.05283878326543948,涨幅微弱型,0.3430819866532214,0.08580507843739106,0.2627538804436685,0.2495650415697506,0.05879401289596878,稳定缓升型,0.1812249720096588,0.0938432440161705,0.23009304702281952,0.3721664845943451,0.12267226725816727,涨幅微弱型,0.3430819866532214,0.08580507843739106,0.2627538804436685,0.2495650415697506,0.05879401289596878
泸206H8-3—第20段—泸206H8-8,泸206H8,泸206H8-3 | 第20段,涨幅微弱型,b021e181c751f8,泸206H8,3,涨幅微弱型,0.5057034220532319,0.10139416983523447,0.21673003802281368,0.13814955640050697,0.03802281368821293,涨幅微弱型,0.5341447932413129,0.06613262029219164,0.19290936559625715,0.15397443760479868,0.05283878326543948,涨幅微弱型,0.3430819866532214,0.08580507843739106,0.2627538804436685,0.2495650415697506,0.05879401289596878,稳定缓升型,0.1812249720096588,0.0938432440161705,0.23009304702281952,0.3721664845943451,0.12267226725816727,涨幅微弱型,0.3430819866532214,0.08580507843739106,0.2627538804436685,0.2495650415697506,0.05879401289596878
泸206H8-4—第1段—泸206H8-1,泸206H8,泸206H8-4 | 第1段,涨幅微弱型,c2efbbaa9a3209,泸206H8,3,涨幅微弱型,0.5057034220532319,0.10139416983523447,0.21673003802281368,0.13814955640050697,0.03802281368821293,涨幅微弱型,0.5663836053028436,0.07468596601482987,0.17115852654918298,0.15214658795944178,0.03562531417370183,涨幅微弱型,0.41054278416478224,0.08298404658571684,0.23187528556942422,0.21913810912155782,0.05545977455851914,稳定缓升型,0.23080715537071228,0.0944492369890213,0.17867401242256165,0.41027045249938965,0.08579911291599274,涨幅微弱型,0.41054278416478224,0.08298404658571684,0.23187528556942422,0.21913810912155782,0.05545977455851914
泸206H8-4—第1段—泸206H8-2,泸206H8,泸206H8-4 | 第1段,涨幅微弱型,08c86fbff98a47,泸206H8,3,涨幅微弱型,0.5057034220532319,0.10139416983523447,0.21673003802281368,0.13814955640050697,0.03802281368821293,涨幅微弱型,0.6260357716585601,0.060819720601356375,0.14017632450014283,0.13887751806381257,0.03409066517612819,涨幅微弱型,0.4197715724652616,0.08216846680873999,0.2313234541628134,0.20661033358826764,0.060126172974917555,稳定缓升型,0.1741405427455902,0.09246064722537994,0.18990302085876465,0.4179326891899109,0.1255630999803543,涨幅微弱型,0.4197715724652616,0.08216846680873999,0.2313234541628134,0.20661033358826764,0.060126172974917555
泸206H8-4—第1段—泸206H8-3,泸206H8,泸206H8-4 | 第1段,涨幅微弱型,9502c3769b1f71,泸206H8,3,涨幅微弱型,0.5057034220532319,0.10139416983523447,0.21673003802281368,0.13814955640050697,0.03802281368821293,涨幅微弱型,0.46025402362976536,0.10157226464956906,0.2305526223418635,0.17070775523971446,0.036913334139087546,渐进上升型,0.2634218759903458,0.13753867869085387,0.3264011637593917,0.22253226897354306,0.050106012585865986,稳定缓升型,0.06784948706626892,0.22558453679084778,0.26214098930358887,0.38014891743659973,0.06427601724863052,渐进上升型,0.2634218759903458,0.13753867869085387,0.3264011637593917,0.22253226897354306,0.050106012585865986
泸206H8-4—第1段—泸206H8-6,泸206H8,泸206H8-4 | 第1段,涨幅微弱型,d452e01eb13e16,泸206H8,3,涨幅微弱型,0.5057034220532319,0.10139416983523447,0.21673003802281368,0.13814955640050697,0.03802281368821293,涨幅微弱型,0.5663836053028436,0.07468596601482987,0.17115852654918298,0.15214658795944178,0.03562531417370183,涨幅微弱型,0.41054278416478224,0.08298404658571684,0.23187528556942422,0.21913810912155782,0.05545977455851914,稳定缓升型,0.23080715537071228,0.0944492369890213,0.17867401242256165,0.41027045249938965,0.08579911291599274,涨幅微弱型,0.41054278416478224,0.08298404658571684,0.23187528556942422,0.21913810912155782,0.05545977455851914
泸206H8-4—第1段—泸206H8-7,泸206H8,泸206H8-4 | 第1段,涨幅微弱型,b24875db69c2b4,泸206H8,3,涨幅微弱型,0.5057034220532319,0.10139416983523447,0.21673003802281368,0.13814955640050697,0.03802281368821293,涨幅微弱型,0.5663836053028436,0.07468596601482987,0.17115852654918298,0.15214658795944178,0.03562531417370183,涨幅微弱型,0.41054278416478224,0.08298404658571684,0.23187528556942422,0.21913810912155782,0.05545977455851914,稳定缓升型,0.23080715537071228,0.0944492369890213,0.17867401242256165,0.41027045249938965,0.08579911291599274,涨幅微弱型,0.41054278416478224,0.08298404658571684,0.23187528556942422,0.21913810912155782,0.05545977455851914
泸206H8-4—第2段—泸206H8-1,泸206H8,泸206H8-4 | 第2段,涨幅微弱型,cb610f8043233f,泸206H8,3,涨幅微弱型,0.5057034220532319,0.10139416983523447,0.21673003802281368,0.13814955640050697,0.03802281368821293,涨幅微弱型,0.6610050214697588,0.06152633278308932,0.12078550697351018,0.12461937415032438,0.03206376462331719,涨幅微弱型,0.5864437124167609,0.08183515876006718,0.13631751735266767,0.15159082965480575,0.043812781815698594,涨幅微弱型,0.3742167353630066,0.0892486423254013,0.08496222645044327,0.347049355506897,0.10452306270599365,涨幅微弱型,0.5864437124167609,0.08183515876006718,0.13631751735266767,0.15159082965480575,0.043812781815698594
泸206H8-4—第2段—泸206H8-2,泸206H8,泸206H8-4 | 第2段,涨幅微弱型,9c5b59d7f12e0c,泸206H8,3,涨幅微弱型,0.5057034220532319,0.10139416983523447,0.21673003802281368,0.13814955640050697,0.03802281368821293,涨幅微弱型,0.7133794738165478,0.0489397557261902,0.09662359168213396,0.11109330740997124,0.029963871365156866,涨幅微弱型,0.574028404402505,0.0799140051695057,0.13951264976655006,0.1581429554078531,0.04840198525358625,稳定缓升型,0.29182830452919006,0.08902598172426224,0.09333619475364685,0.3725961744785309,0.15321332216262817,涨幅微弱型,0.574028404402505,0.0799140051695057,0.13951264976655006,0.1581429554078531,0.04840198525358625
泸206H8-4—第2段—泸206H8-3,泸206H8,泸206H8-4 | 第2段,涨幅微弱型,a71da068b60dbd,泸206H8,3,涨幅微弱型,0.5057034220532319,0.10139416983523447,0.21673003802281368,0.13814955640050697,0.03802281368821293,涨幅微弱型,0.5615089217104209,0.08748192647932707,0.17010084951120155,0.14617623916907468,0.03473206312997583,涨幅微弱型,0.36403163930656757,0.1311259574660013,0.28987435487743146,0.1739281529183475,0.04103989543165249,稳定缓升型,0.1271907091140747,0.277395099401474,0.1495029479265213,0.3575799763202667,0.08833126723766327,涨幅微弱型,0.36403163930656757,0.1311259574660013,0.28987435487743146,0.1739281529183475,0.04103989543165249
泸206H8-4—第3段—泸206H8-1,泸206H8,泸206H8-4 | 第3段,涨幅微弱型,5107e63b933958,泸206H8,3,涨幅微弱型,0.5057034220532319,0.10139416983523447,0.21673003802281368,0.13814955640050697,0.03802281368821293,涨幅微弱型,0.584607820823254,0.06724241382473943,0.1608742777765111,0.1515754186509063,0.03570006892458922,涨幅微弱型,0.4205027876243474,0.07724442526784703,0.22961459278874066,0.22341722617252463,0.04922096814654068,稳定缓升型,0.23560738563537598,0.08422823995351791,0.1675841063261032,0.41258084774017334,0.09999939799308777,涨幅微弱型,0.4205027876243474,0.07724442526784703,0.22961459278874066,0.22341722617252463,0.04922096814654068
泸206H8-4—第3段—泸206H8-2,泸206H8,泸206H8-4 | 第3段,涨幅微弱型,ec109f2daf627e,泸206H8,3,涨幅微弱型,0.5057034220532319,0.10139416983523447,0.21673003802281368,0.13814955640050697,0.03802281368821293,涨幅微弱型,0.6425267878801401,0.0545388230850995,0.13122192405906277,0.1377168256363528,0.033995639339345005,涨幅微弱型,0.42743495268035747,0.07486474986427455,0.23287954922666598,0.21075242239206188,0.05406832583664031,稳定缓升型,0.17688417434692383,0.08204757422208786,0.17723636329174042,0.4182102382183075,0.14562168717384338,涨幅微弱型,0.42743495268035747,0.07486474986427455,0.23287954922666598,0.21075242239206188,0.05406832583664031
泸206H8-4—第3段—泸206H8-3,泸206H8,泸206H8-4 | 第3段,涨幅微弱型,d7db6d0c72ed3f,泸206H8,3,涨幅微弱型,0.5057034220532319,0.10139416983523447,0.21673003802281368,0.13814955640050697,0.03802281368821293,涨幅微弱型,0.47898121861880133,0.09253732966209466,0.2192635423747142,0.17185835266296895,0.03735955668142089,渐进上升型,0.2686227347397674,0.12297754259621159,0.3291147925599651,0.23495318697048087,0.04433174313357535,稳定缓升型,0.06899229437112808,0.20937997102737427,0.2500486373901367,0.3953920006752014,0.0761871263384819,渐进上升型,0.2686227347397674,0.12297754259621159,0.3291147925599651,0.23495318697048087,0.04433174313357535
泸206H8-4—第3段—泸206H8-5,泸206H8,泸206H8-4 | 第3段,涨幅微弱型,e397889defeb39,泸206H8,3,涨幅微弱型,0.5057034220532319,0.10139416983523447,0.21673003802281368,0.13814955640050697,0.03802281368821293,涨幅微弱型,0.4746453943414964,0.09363669722092928,0.22178210485350378,0.17254743890446556,0.037388364679604956,渐进上升型,0.2686227347397674,0.12297754259621159,0.3291147925599651,0.23495318697048087,0.04433174313357535,稳定缓升型,0.06899229437112808,0.20937997102737427,0.2500486373901367,0.3953920006752014,0.0761871263384819,渐进上升型,0.2686227347397674,0.12297754259621159,0.3291147925599651,0.23495318697048087,0.04433174313357535
泸206H8-4—第3段—泸206H8-6,泸206H8,泸206H8-4 | 第3段,涨幅微弱型,8b9f552203060c,泸206H8,3,涨幅微弱型,0.5057034220532319,0.10139416983523447,0.21673003802281368,0.13814955640050697,0.03802281368821293,涨幅微弱型,0.584607820823254,0.06724241382473943,0.1608742777765111,0.1515754186509063,0.03570006892458922,涨幅微弱型,0.4205027876243474,0.07724442526784703,0.22961459278874066,0.22341722617252463,0.04922096814654068,稳定缓升型,0.23560738563537598,0.08422823995351791,0.1675841063261032,0.41258084774017334,0.09999939799308777,涨幅微弱型,0.4205027876243474,0.07724442526784703,0.22961459278874066,0.22341722617252463,0.04922096814654068
泸206H8-4—第4段—泸206H8-1,泸206H8,泸206H8-4 | 第4段,涨幅微弱型,31f5594cea6b6b,泸206H8,3,涨幅微弱型,0.5057034220532319,0.10139416983523447,0.21673003802281368,0.13814955640050697,0.03802281368821293,涨幅微弱型,0.3704345069737853,0.07929451167661455,0.18261106666341287,0.32620990683691464,0.04145000784927261,涨幅微弱型,0.38442438640838605,0.08375558803457044,0.21324143549494862,0.2459821619846139,0.0725964280774813,稳定缓升型,0.14670585095882416,0.1596859097480774,0.15370626747608185,0.38953766226768494,0.15036432445049286,涨幅微弱型,0.38442438640838605,0.08375558803457044,0.21324143549494862,0.2459821619846139,0.0725964280774813
泸206H8-4—第4段—泸206H8-2,泸206H8,泸206H8-4 | 第4段,涨幅微弱型,9c7967ebd24e39,泸206H8,3,涨幅微弱型,0.5057034220532319,0.10139416983523447,0.21673003802281368,0.13814955640050697,0.03802281368821293,涨幅微弱型,0.4267102637537725,0.06706003059365995,0.155326905203146,0.30963434167021764,0.04126845877920391,涨幅微弱型,0.3896137803477799,0.08506871934770176,0.210191140882154,0.24036137073882266,0.07476498868354192,稳定缓升型,0.10750909149646759,0.1534120738506317,0.1542069911956787,0.38541874289512634,0.19945308566093445,涨幅微弱型,0.3896137803477799,0.08506871934770176,0.210191140882154,0.24036137073882266,0.07476498868354192
泸206H8-4—第4段—泸206H8-3,泸206H8,泸206H8-4 | 第4段,涨幅微弱型,c001dc76a8aa7e,泸206H8,3,涨幅微弱型,0.5057034220532319,0.10139416983523447,0.21673003802281368,0.13814955640050697,0.03802281368821293,稳定缓升型,0.2817074946300777,0.10172440253290087,0.2319959166209911,0.34422852683434096,0.04034365938168939,涨幅微弱型,0.2988169969076351,0.12384558472972902,0.2594915405638995,0.2589362074814689,0.058909670317267813,稳定缓升型,0.06028524041175842,0.20034216344356537,0.24307551980018616,0.3857405483722687,0.11055655032396317,涨幅微弱型,0.2988169969076351,0.12384558472972902,0.2594915405638995,0.2589362074814689,0.058909670317267813
泸206H8-4—第4段—泸206H8-5,泸206H8,泸206H8-4 | 第4段,涨幅微弱型,0cced351d386a1,泸206H8,3,涨幅微弱型,0.5057034220532319,0.10139416983523447,0.21673003802281368,0.13814955640050697,0.03802281368821293,稳定缓升型,0.27902006441857485,0.1024768105751097,0.23363810659270745,0.3445852430487023,0.04027977536490562,涨幅微弱型,0.2988169969076351,0.12384558472972902,0.2594915405638995,0.2589362074814689,0.058909670317267813,稳定缓升型,0.06028524041175842,0.20034216344356537,0.24307551980018616,0.3857405483722687,0.11055655032396317,涨幅微弱型,0.2988169969076351,0.12384558472972902,0.2594915405638995,0.2589362074814689,0.058909670317267813
泸206H8-4—第4段—泸206H8-6,泸206H8,泸206H8-4 | 第4段,涨幅微弱型,3333868133f742,泸206H8,3,涨幅微弱型,0.5057034220532319,0.10139416983523447,0.21673003802281368,0.13814955640050697,0.03802281368821293,涨幅微弱型,0.3704345069737853,0.07929451167661455,0.18261106666341287,0.32620990683691464,0.04145000784927261,涨幅微弱型,0.38442438640838605,0.08375558803457044,0.21324143549494862,0.2459821619846139,0.0725964280774813,稳定缓升型,0.14670585095882416,0.1596859097480774,0.15370626747608185,0.38953766226768494,0.15036432445049286,涨幅微弱型,0.38442438640838605,0.08375558803457044,0.21324143549494862,0.2459821619846139,0.0725964280774813
泸206H8-4—第4段—泸206H8-7,泸206H8,泸206H8-4 | 第4段,涨幅微弱型,6cbcb1891d7fb1,泸206H8,3,涨幅微弱型,0.5057034220532319,0.10139416983523447,0.21673003802281368,0.13814955640050697,0.03802281368821293,涨幅微弱型,0.3704345069737853,0.07929451167661455,0.18261106666341287,0.32620990683691464,0.04145000784927261,涨幅微弱型,0.38442438640838605,0.08375558803457044,0.21324143549494862,0.2459821619846139,0.0725964280774813,稳定缓升型,0.14670585095882416,0.1596859097480774,0.15370626747608185,0.38953766226768494,0.15036432445049286,涨幅微弱型,0.38442438640838605,0.08375558803457044,0.21324143549494862,0.2459821619846139,0.0725964280774813
泸206H8-4—第4段—泸206H8-8,泸206H8,泸206H8-4 | 第4段,涨幅微弱型,f5256462847a78,泸206H8,3,涨幅微弱型,0.5057034220532319,0.10139416983523447,0.21673003802281368,0.13814955640050697,0.03802281368821293,涨幅微弱型,0.3704345069737853,0.07929451167661455,0.18261106666341287,0.32620990683691464,0.04145000784927261,涨幅微弱型,0.38442438640838605,0.08375558803457044,0.21324143549494862,0.2459821619846139,0.0725964280774813,稳定缓升型,0.14670585095882416,0.1596859097480774,0.15370626747608185,0.38953766226768494,0.15036432445049286,涨幅微弱型,0.38442438640838605,0.08375558803457044,0.21324143549494862,0.2459821619846139,0.0725964280774813
泸206H8-4—第8段—泸206H8-2,泸206H8,泸206H8-4 | 第8段,涨幅微弱型,7f00b01e5f15f1,泸206H8,3,涨幅微弱型,0.5057034220532319,0.10139416983523447,0.21673003802281368,0.13814955640050697,0.03802281368821293,涨幅微弱型,0.5904826215326806,0.05601397865775463,0.13623028239173665,0.16851004344454532,0.04876307397328284,涨幅微弱型,0.4692789860504583,0.06236061992933972,0.19917027844208368,0.21527559192708,0.05391452365103807,稳定缓升型,0.13779166340827942,0.07846562564373016,0.16454364359378815,0.44749295711517334,0.17170609533786774,涨幅微弱型,0.4692789860504583,0.06236061992933972,0.19917027844208368,0.21527559192708,0.05391452365103807
泸206H8-4—第8段—泸206H8-3,泸206H8,泸206H8-4 | 第8段,涨幅微弱型,baae599929aaa5,泸206H8,3,涨幅微弱型,0.5057034220532319,0.10139416983523447,0.21673003802281368,0.13814955640050697,0.03802281368821293,涨幅微弱型,0.42232281771058466,0.09417525075028929,0.2254248527649897,0.20587411467468525,0.052202964099451174,渐进上升型,0.2857589377432132,0.1142553912592693,0.3136950898613736,0.2378614657838337,0.0484291153523104,稳定缓升型,0.05147118493914604,0.1987081915140152,0.2600986957550049,0.4039224088191986,0.08579950034618378,渐进上升型,0.2857589377432132,0.1142553912592693,0.3136950898613736,0.2378614657838337,0.0484291153523104
泸206H8-4—第8段—泸206H8-7,泸206H8,泸206H8-4 | 第8段,涨幅微弱型,93ac80fee29e60,泸206H8,3,涨幅微弱型,0.5057034220532319,0.10139416983523447,0.21673003802281368,0.13814955640050697,0.03802281368821293,涨幅微弱型,0.5296447278745257,0.06887931113318732,0.16653850294515626,0.1841771284398886,0.05076032960724218,涨幅微弱型,0.46794538382162937,0.0619239674919133,0.19942434462679945,0.2195834133456262,0.0511228907140316,稳定缓升型,0.1878332942724228,0.08243680000305176,0.15922479331493378,0.45180416107177734,0.1187010109424591,涨幅微弱型,0.46794538382162937,0.0619239674919133,0.19942434462679945,0.2195834133456262,0.0511228907140316
泸206H8-4—第9段—泸206H8-2,泸206H8,泸206H8-4 | 第9段,涨幅微弱型,2b431717a7c78b,泸206H8,3,涨幅微弱型,0.5057034220532319,0.10139416983523447,0.21673003802281368,0.13814955640050697,0.03802281368821293,涨幅微弱型,0.6947757439119877,0.04702819768148009,0.09760821682032865,0.11952584506215407,0.04106199652404968,涨幅微弱型,0.6462471146551946,0.0565678683762793,0.10075127643739143,0.14624842327804266,0.05018531725309182,稳定缓升型,0.24048778414726257,0.07399465143680573,0.07841333746910095,0.40605974197387695,0.20104444026947021,涨幅微弱型,0.6462471146551946,0.0565678683762793,0.10075127643739143,0.14624842327804266,0.05018531725309182
泸206H8-4—第9段—泸206H8-3,泸206H8,泸206H8-4 | 第9段,涨幅微弱型,adb85a3a2cffa2,泸206H8,3,涨幅微弱型,0.5057034220532319,0.10139416983523447,0.21673003802281368,0.13814955640050697,0.03802281368821293,涨幅微弱型,0.5367757747818267,0.08498420664496982,0.1736178903150839,0.15724918517740571,0.04737294308071385,涨幅微弱型,0.421932705526275,0.11805282509266807,0.24774825556489172,0.16996390590244306,0.04230230791372241,稳定缓升型,0.10428391396999359,0.23944565653800964,0.14708058536052704,0.3954583406448364,0.11373148113489151,涨幅微弱型,0.421932705526275,0.11805282509266807,0.24774825556489172,0.16996390590244306,0.04230230791372241
泸206H8-4—第9段—泸206H8-7,泸206H8,泸206H8-4 | 第9段,涨幅微弱型,27847024c7d3b2,泸206H8,3,涨幅微弱型,0.5057034220532319,0.10139416983523447,0.21673003802281368,0.13814955640050697,0.03802281368821293,涨幅微弱型,0.6407407322940941,0.05921855380026493,0.12219884778097274,0.13397805928093628,0.0438638068437318,涨幅微弱型,0.6715953167854836,0.055639567530215296,0.09116710896034406,0.13475212742936052,0.046845879294596125,稳定缓升型,0.31964075565338135,0.07688801735639572,0.07398422062397003,0.3920271396636963,0.13745982944965363,涨幅微弱型,0.6715953167854836,0.055639567530215296,0.09116710896034406,0.13475212742936052,0.046845879294596125
泸206H8-4—第9段—泸206H8-8,泸206H8,泸206H8-4 | 第9段,涨幅微弱型,a0e881668011ac,泸206H8,3,涨幅微弱型,0.5057034220532319,0.10139416983523447,0.21673003802281368,0.13814955640050697,0.03802281368821293,涨幅微弱型,0.6407407322940941,0.05921855380026493,0.12219884778097274,0.13397805928093628,0.0438638068437318,涨幅微弱型,0.6715953167854836,0.055639567530215296,0.09116710896034406,0.13475212742936052,0.046845879294596125,稳定缓升型,0.31964075565338135,0.07688801735639572,0.07398422062397003,0.3920271396636963,0.13745982944965363,涨幅微弱型,0.6715953167854836,0.055639567530215296,0.09116710896034406,0.13475212742936052,0.046845879294596125
泸206H8-4—第18段—泸206H8-3,泸206H8,泸206H8-4 | 第18段,稳定缓升型,bfd369d7951828,泸206H8,3,涨幅微弱型,0.5057034220532319,0.10139416983523447,0.21673003802281368,0.13814955640050697,0.03802281368821293,涨幅微弱型,0.5438605022871468,0.08321727060903569,0.16886280569136067,0.15390984759594795,0.05014957381650891,涨幅微弱型,0.391593414135246,0.11844211861397588,0.27032401433363157,0.17569488902193325,0.04394556389521369,稳定缓升型,0.10198545455932617,0.24387644231319427,0.1556636095046997,0.37229862809181213,0.1261758655309677,涨幅微弱型,0.391593414135246,0.11844211861397588,0.27032401433363157,0.17569488902193325,0.04394556389521369
泸206H8-4—第18段—泸206H8-5,泸206H8,泸206H8-4 | 第18段,快速稳定型,c46f2890e01bd4,泸206H8,3,涨幅微弱型,0.5057034220532319,0.10139416983523447,0.21673003802281368,0.13814955640050697,0.03802281368821293,涨幅微弱型,0.544777534419069,0.08297746346532696,0.16839052493205728,0.15372857239409127,0.05012590478945549,涨幅微弱型,0.391593414135246,0.11844211861397588,0.27032401433363157,0.17569488902193325,0.04394556389521369,稳定缓升型,0.10198545455932617,0.24387644231319427,0.1556636095046997,0.37229862809181213,0.1261758655309677,涨幅微弱型,0.391593414135246,0.11844211861397588,0.27032401433363157,0.17569488902193325,0.04394556389521369
泸206H8-4—第18段—泸206H8-7,泸206H8,泸206H8-4 | 第18段,涨幅微弱型,453b4b3c1da95f,泸206H8,3,涨幅微弱型,0.5057034220532319,0.10139416983523447,0.21673003802281368,0.13814955640050697,0.03802281368821293,涨幅微弱型,0.6475683604281803,0.05761590620376462,0.11809938534345582,0.13048357039049138,0.04623277763410796,涨幅微弱型,0.6670187155473648,0.056142431911300264,0.0916058799275125,0.13903742069015462,0.04619555192366735,稳定缓升型,0.31821370124816895,0.07855377346277237,0.08004514873027802,0.3702135980129242,0.15297380089759827,涨幅微弱型,0.6670187155473648,0.056142431911300264,0.0916058799275125,0.13903742069015462,0.04619555192366735
泸206H8-4—第19段—泸206H8-7,泸206H8,泸206H8-4 | 第19段,涨幅微弱型,521f045e719130,泸206H8,3,涨幅微弱型,0.5057034220532319,0.10139416983523447,0.21673003802281368,0.13814955640050697,0.03802281368821293,涨幅微弱型,0.6419092568370367,0.05812231310571951,0.12042250233836528,0.13282919977679641,0.046716727942082044,涨幅微弱型,0.6506627393935946,0.05894376252513087,0.0963779324936827,0.1496777073047059,0.04433785828288547,稳定缓升型,0.3167787492275238,0.07884801924228668,0.09353138506412506,0.3541397154331207,0.1567021608352661,涨幅微弱型,0.6506627393935946,0.05894376252513087,0.0963779324936827,0.1496777073047059,0.04433785828288547
泸206H8-4—第19段—泸206H8-8,泸206H8,泸206H8-4 | 第19段,涨幅微弱型,897f84c9357025,泸206H8,3,涨幅微弱型,0.5057034220532319,0.10139416983523447,0.21673003802281368,0.13814955640050697,0.03802281368821293,涨幅微弱型,0.6419092568370367,0.05812231310571951,0.12042250233836528,0.13282919977679641,0.046716727942082044,涨幅微弱型,0.6506627393935946,0.05894376252513087,0.0963779324936827,0.1496777073047059,0.04433785828288547,稳定缓升型,0.3167787492275238,0.07884801924228668,0.09353138506412506,0.3541397154331207,0.1567021608352661,涨幅微弱型,0.6506627393935946,0.05894376252513087,0.0963779324936827,0.1496777073047059,0.04433785828288547
泸206H8-4—第20段—泸206H8-2,泸206H8,泸206H8-4 | 第20段,先降后升型,cd41169a2b9c17,泸206H8,3,涨幅微弱型,0.5057034220532319,0.10139416983523447,0.21673003802281368,0.13814955640050697,0.03802281368821293,涨幅微弱型,0.6097575024829041,0.05282357480950875,0.1241077322377433,0.15904922478211883,0.054261965687725226,涨幅微弱型,0.4746382167904387,0.059498089495912815,0.1975428842221725,0.20962050175586933,0.058700307735606645,稳定缓升型,0.1484028697013855,0.08132714778184891,0.17391784489154816,0.4108121395111084,0.18554003536701202,涨幅微弱型,0.4746382167904387,0.059498089495912815,0.1975428842221725,0.20962050175586933,0.058700307735606645
泸206H8-4—第20段—泸206H8-3,泸206H8,泸206H8-4 | 第20段,快速稳定型,8ecade509811c9,泸206H8,3,涨幅微弱型,0.5057034220532319,0.10139416983523447,0.21673003802281368,0.13814955640050697,0.03802281368821293,涨幅微弱型,0.4450573656759368,0.09005702211584522,0.20827062744712846,0.19751151807151787,0.0591034666895716,渐进上升型,0.28118333356119457,0.10573049282891557,0.33353922639148575,0.23483476289729188,0.04471218432111238,稳定缓升型,0.05424230173230171,0.20600305497646332,0.2746373116970062,0.3704361915588379,0.09468117356300354,渐进上升型,0.28118333356119457,0.10573049282891557,0.33353922639148575,0.23483476289729188,0.04471218432111238
泸206H8-4—第21段—泸206H8-3,泸206H8,泸206H8-4 | 第21段,快速稳定型,32a40a728546c5,泸206H8,3,涨幅微弱型,0.5057034220532319,0.10139416983523447,0.21673003802281368,0.13814955640050697,0.03802281368821293,稳定缓升型,0.21375629674233868,0.10519712121863856,0.26269593205325786,0.3817531183011313,0.03659753168463369,渐进上升型,0.19926449058590098,0.1626058097249579,0.3280592746985213,0.25234624495810787,0.05772418003251281,渐进上升型,0.04215937852859497,0.32645183801651,0.3313126266002655,0.15407200157642365,0.1460041105747223,渐进上升型,0.19926449058590098,0.1626058097249579,0.3280592746985213,0.25234624495810787,0.05772418003251281
泸206H8-4—第21段—泸206H8-7,泸206H8,泸206H8-4 | 第21段,涨幅微弱型,46fc4c1f905276,泸206H8,3,涨幅微弱型,0.5057034220532319,0.10139416983523447,0.21673003802281368,0.13814955640050697,0.03802281368821293,稳定缓升型,0.29242487554722707,0.08401975281440566,0.21192538813330747,0.3727918581582174,0.03883812534684247,涨幅微弱型,0.2974910690138574,0.12274907516311946,0.27211573367597547,0.2348108466587643,0.07283327548828379,渐进上升型,0.122407466173172,0.2365664690732956,0.25000160932540894,0.16323061287403107,0.2277938574552536,涨幅微弱型,0.2974910690138574,0.12274907516311946,0.27211573367597547,0.2348108466587643,0.07283327548828379
泸206H8-4—第21段—泸206H8-8,泸206H8,泸206H8-4 | 第21段,涨幅微弱型,26f6e42af25b04,泸206H8,3,涨幅微弱型,0.5057034220532319,0.10139416983523447,0.21673003802281368,0.13814955640050697,0.03802281368821293,稳定缓升型,0.29242487554722707,0.08401975281440566,0.21192538813330747,0.3727918581582174,0.03883812534684247,涨幅微弱型,0.2974910690138574,0.12274907516311946,0.27211573367597547,0.2348108466587643,0.07283327548828379,渐进上升型,0.122407466173172,0.2365664690732956,0.25000160932540894,0.16323061287403107,0.2277938574552536,涨幅微弱型,0.2974910690138574,0.12274907516311946,0.27211573367597547,0.2348108466587643,0.07283327548828379
泸206H8-5—第3段—泸206H8-1,泸206H8,泸206H8-5 | 第3段,涨幅微弱型,4779a893fed0ed,泸206H8,3,涨幅微弱型,0.5057034220532319,0.10139416983523447,0.21673003802281368,0.13814955640050697,0.03802281368821293,涨幅微弱型,0.471989116795657,0.07512431573883711,0.20775244944478358,0.20046568741575355,0.044668430604968855,涨幅微弱型,0.3640206900897917,0.08372655366963191,0.2259156976096583,0.2552941051539332,0.07104295347698528,稳定缓升型,0.1497720330953598,0.06782731413841248,0.16537730395793915,0.4889557957649231,0.12806753814220428,涨幅微弱型,0.3640206900897917,0.08372655366963191,0.2259156976096583,0.2552941051539332,0.07104295347698528
泸206H8-5—第3段—泸206H8-2,泸206H8,泸206H8-5 | 第3段,涨幅微弱型,34e45e1aa83b48,泸206H8,3,涨幅微弱型,0.5057034220532319,0.10139416983523447,0.21673003802281368,0.13814955640050697,0.03802281368821293,涨幅微弱型,0.6791956977749374,0.03601042417714678,0.10164449948730174,0.1448865971042097,0.038262781456404375,涨幅微弱型,0.4414164148951661,0.08025937183658821,0.1965175188489113,0.21106448561749488,0.07074220880183978,稳定缓升型,0.2836805284023285,0.06046817824244499,0.151279017329216,0.32272809743881226,0.18184418976306915,涨幅微弱型,0.4414164148951661,0.08025937183658821,0.1965175188489113,0.21106448561749488,0.07074220880183978
泸206H8-5—第3段—泸206H8-3,泸206H8,泸206H8-5 | 第3段,涨幅微弱型,73fbbf5a92eb26,泸206H8,3,涨幅微弱型,0.5057034220532319,0.10139416983523447,0.21673003802281368,0.13814955640050697,0.03802281368821293,涨幅微弱型,0.5278023567628761,0.06354778269300868,0.1766539168877911,0.188209681261321,0.043786262395003085,涨幅微弱型,0.37173023949655576,0.08254090640981586,0.22729812509304376,0.24424708877930132,0.07418364022128353,稳定缓升型,0.10877571254968643,0.06391658633947372,0.16443407535552979,0.4794643819332123,0.18340924382209778,涨幅微弱型,0.37173023949655576,0.08254090640981586,0.22729812509304376,0.24424708877930132,0.07418364022128353
泸206H8-5—第3段—泸206H8-4,泸206H8,泸206H8-5 | 第3段,涨幅微弱型,53cabdcb28fc35,泸206H8,3,涨幅微弱型,0.5057034220532319,0.10139416983523447,0.21673003802281368,0.13814955640050697,0.03802281368821293,涨幅微弱型,0.3641256944588421,0.0999799106739431,0.2736961193938892,0.21762552073111166,0.044572754742213914,渐进上升型,0.26387498980275015,0.12801856502843229,0.3130597307628833,0.2353947414006253,0.05965197300530933,稳定缓升型,0.04889443889260292,0.15483568608760834,0.24789686501026154,0.4525411128997803,0.09583189338445663,渐进上升型,0.26387498980275015,0.12801856502843229,0.3130597307628833,0.2353947414006253,0.05965197300530933
泸206H8-5—第3段—泸206H8-6,泸206H8,泸206H8-5 | 第3段,涨幅微弱型,be86d7dde8250d,泸206H8,3,涨幅微弱型,0.5057034220532319,0.10139416983523447,0.21673003802281368,0.13814955640050697,0.03802281368821293,涨幅微弱型,0.471989116795657,0.07512431573883711,0.20775244944478358,0.20046568741575355,0.044668430604968855,涨幅微弱型,0.3640206900897917,0.08372655366963191,0.2259156976096583,0.2552941051539332,0.07104295347698528,稳定缓升型,0.1497720330953598,0.06782731413841248,0.16537730395793915,0.4889557957649231,0.12806753814220428,涨幅微弱型,0.3640206900897917,0.08372655366963191,0.2259156976096583,0.2552941051539332,0.07104295347698528
泸206H8-5—第3段—泸206H8-7,泸206H8,泸206H8-5 | 第3段,涨幅微弱型,4d9db36dfc0f87,泸206H8,3,涨幅微弱型,0.5057034220532319,0.10139416983523447,0.21673003802281368,0.13814955640050697,0.03802281368821293,涨幅微弱型,0.471989116795657,0.07512431573883711,0.20775244944478358,0.20046568741575355,0.044668430604968855,涨幅微弱型,0.3640206900897917,0.08372655366963191,0.2259156976096583,0.2552941051539332,0.07104295347698528,稳定缓升型,0.1497720330953598,0.06782731413841248,0.16537730395793915,0.4889557957649231,0.12806753814220428,涨幅微弱型,0.3640206900897917,0.08372655366963191,0.2259156976096583,0.2552941051539332,0.07104295347698528
泸206H8-5—第4段—泸206H8-1,泸206H8,泸206H8-5 | 第4段,涨幅微弱型,2370eab4e3d5de,泸206H8,3,涨幅微弱型,0.5057034220532319,0.10139416983523447,0.21673003802281368,0.13814955640050697,0.03802281368821293,涨幅微弱型,0.4662308001961164,0.07744914501193946,0.21115989020205495,0.19974394610778284,0.04541621848210649,涨幅微弱型,0.36680629994777003,0.07935094421679131,0.23460044744643901,0.24498777244413938,0.07425453594486067,稳定缓升型,0.1525876671075821,0.07259359210729599,0.16848629713058472,0.4707655906677246,0.1355668306350708,涨幅微弱型,0.36680629994777003,0.07935094421679131,0.23460044744643901,0.24498777244413938,0.07425453594486067
泸206H8-5—第4段—泸206H8-2,泸206H8,泸206H8-5 | 第4段,涨幅微弱型,44beaf82320181,泸206H8,3,涨幅微弱型,0.5057034220532319,0.10139416983523447,0.21673003802281368,0.13814955640050697,0.03802281368821293,涨幅微弱型,0.6752730566821638,0.03720374318586624,0.10353965472702181,0.14490764946644494,0.03907589593850325,涨幅微弱型,0.44420202475314435,0.07588376238374761,0.20520226868569197,0.20075815290770102,0.07395379126971516,稳定缓升型,0.28274962306022644,0.06331471353769302,0.15078260004520416,0.3039875030517578,0.19916558265686035,涨幅微弱型,0.44420202475314435,0.07588376238374761,0.20520226868569197,0.20075815290770102,0.07395379126971516
泸206H8-5—第4段—泸206H8-3,泸206H8,泸206H8-5 | 第4段,涨幅微弱型,444c2d53436059,泸206H8,3,涨幅微弱型,0.5057034220532319,0.10139416983523447,0.21673003802281368,0.13814955640050697,0.03802281368821293,涨幅微弱型,0.5230787986899607,0.06542577825916418,0.17932401496013023,0.18760328083238595,0.04456812725835902,涨幅微弱型,0.3764097887484735,0.07915961513879344,0.23271582947527905,0.2339407560695075,0.07777401056794678,稳定缓升型,0.11054091155529022,0.06823544204235077,0.16710248589515686,0.4604620933532715,0.19365914165973663,涨幅微弱型,0.3764097887484735,0.07915961513879344,0.23271582947527905,0.2339407560695075,0.07777401056794678
泸206H8-5—第4段—泸206H8-6,泸206H8,泸206H8-5 | 第4段,涨幅微弱型,2b9d7114626960,泸206H8,3,涨幅微弱型,0.5057034220532319,0.10139416983523447,0.21673003802281368,0.13814955640050697,0.03802281368821293,涨幅微弱型,0.4662308001961164,0.07744914501193946,0.21115989020205495,0.19974394610778284,0.04541621848210649,涨幅微弱型,0.36680629994777003,0.07935094421679131,0.23460044744643901,0.24498777244413938,0.07425453594486067,稳定缓升型,0.1525876671075821,0.07259359210729599,0.16848629713058472,0.4707655906677246,0.1355668306350708,涨幅微弱型,0.36680629994777003,0.07935094421679131,0.23460044744643901,0.24498777244413938,0.07425453594486067
泸206H8-5—第4段—泸206H8-7,泸206H8,泸206H8-5 | 第4段,先降后升型,bfd72e46afeae4,泸206H8,3,涨幅微弱型,0.5057034220532319,0.10139416983523447,0.21673003802281368,0.13814955640050697,0.03802281368821293,涨幅微弱型,0.4662308001961164,0.07744914501193946,0.21115989020205495,0.19974394610778284,0.04541621848210649,涨幅微弱型,0.36680629994777003,0.07935094421679131,0.23460044744643901,0.24498777244413938,0.07425453594486067,稳定缓升型,0.1525876671075821,0.07259359210729599,0.16848629713058472,0.4707655906677246,0.1355668306350708,涨幅微弱型,0.36680629994777003,0.07935094421679131,0.23460044744643901,0.24498777244413938,0.07425453594486067
泸206H8-5—第5段—泸206H8-1,泸206H8,泸206H8-5 | 第5段,涨幅微弱型,a24964589238d7,泸206H8,3,涨幅微弱型,0.5057034220532319,0.10139416983523447,0.21673003802281368,0.13814955640050697,0.03802281368821293,涨幅微弱型,0.3195313088722875,0.077245203952631,0.28085096066581755,0.2889158995208613,0.033456626988402606,涨幅微弱型,0.37617691692298727,0.0679462070762483,0.27485978801564953,0.20604200857655464,0.07497507940856048,渐进上升型,0.2158648520708084,0.09679456055164337,0.2534938454627991,0.21196337044239044,0.2218833863735199,涨幅微弱型,0.37617691692298727,0.0679462070762483,0.27485978801564953,0.20604200857655464,0.07497507940856048
泸206H8-5—第5段—泸206H8-2,泸206H8,泸206H8-5 | 第5段,涨幅微弱型,1c5f600becbbd7,泸206H8,3,涨幅微弱型,0.5057034220532319,0.10139416983523447,0.21673003802281368,0.13814955640050697,0.03802281368821293,涨幅微弱型,0.5285151494807879,0.042328909833775116,0.1570997522336266,0.2391994919790219,0.032856696472788646,涨幅微弱型,0.4529698764380964,0.06682294868087803,0.23498861003190333,0.17220288396186115,0.07301568088726113,涨幅微弱型,0.34046676754951477,0.0711742639541626,0.1930920034646988,0.11780987679958344,0.277457058429718,涨幅微弱型,0.4529698764380964,0.06682294868087803,0.23498861003190333,0.17220288396186115,0.07301568088726113
泸206H8-5—第5段—泸206H8-4,泸206H8,泸206H8-5 | 第5段,涨幅微弱型,0cf7ceba6616af,泸206H8,3,涨幅微弱型,0.5057034220532319,0.10139416983523447,0.21673003802281368,0.13814955640050697,0.03802281368821293,渐进上升型,0.23175168696352125,0.09626872805724329,0.3465067603745524,0.2941446719001218,0.0313281527045613,渐进上升型,0.2774829418151451,0.12857953113755632,0.3284233510159877,0.200495377244921,0.06501879878639032,渐进上升型,0.06524349004030228,0.24660898745059967,0.34194716811180115,0.19248315691947937,0.15371719002723694,渐进上升型,0.2774829418151451,0.12857953113755632,0.3284233510159877,0.200495377244921,0.06501879878639032
泸206H8-5—第6段—泸206H8-1,泸206H8,泸206H8-5 | 第6段,涨幅微弱型,90b1b1f4be4dfb,泸206H8,3,涨幅微弱型,0.5057034220532319,0.10139416983523447,0.21673003802281368,0.13814955640050697,0.03802281368821293,涨幅微弱型,0.4922283517172703,0.07060893653991535,0.19616687402491587,0.19467914892934562,0.04631668878855309,涨幅微弱型,0.38204147139182304,0.08709918219851044,0.21374535059556118,0.24617635369243182,0.07093764212167393,稳定缓升型,0.1557106226682663,0.06960004568099976,0.14153945446014404,0.5017351508140564,0.13141471147537231,涨幅微弱型,0.38204147139182304,0.08709918219851044,0.21374535059556118,0.24617635369243182,0.07093764212167393
泸206H8-5—第6段—泸206H8-2,泸206H8,泸206H8-5 | 第6段,涨幅微弱型,d1f36cd573826a,泸206H8,3,涨幅微弱型,0.5057034220532319,0.10139416983523447,0.21673003802281368,0.13814955640050697,0.03802281368821293,涨幅微弱型,0.6971607866444585,0.032956534815766214,0.09347264028575207,0.13755803855788587,0.03885199969613753,涨幅微弱型,0.45943719619719736,0.08363200036546671,0.1843471718348142,0.20194673415599343,0.07063689744652843,稳定缓升型,0.2895125448703766,0.06090909615159035,0.13077840209007263,0.32508131861686707,0.19371859729290009,涨幅微弱型,0.45943719619719736,0.08363200036546671,0.1843471718348142,0.20194673415599343,0.07063689744652843
泸206H8-5—第6段—泸206H8-3,泸206H8,泸206H8-5 | 第6段,涨幅微弱型,1a43b90a1f92fe,泸206H8,3,涨幅微弱型,0.5057034220532319,0.10139416983523447,0.21673003802281368,0.13814955640050697,0.03802281368821293,涨幅微弱型,0.547790493524969,0.05938880544614612,0.1658574476111432,0.181798228797062,0.0451650246206798,涨幅微弱型,0.3897510207985871,0.08591353493869437,0.21512777807894665,0.23512933731779992,0.07407832886597217,稳定缓升型,0.11267363280057907,0.06534634530544281,0.14427848160266876,0.4901896119117737,0.18751195073127747,涨幅微弱型,0.3897510207985871,0.08591353493869437,0.21512777807894665,0.23512933731779992,0.07407832886597217
泸206H8-5—第6段—泸206H8-6,泸206H8,泸206H8-5 | 第6段,涨幅微弱型,069926f741f9b7,泸206H8,3,涨幅微弱型,0.5057034220532319,0.10139416983523447,0.21673003802281368,0.13814955640050697,0.03802281368821293,涨幅微弱型,0.4922283517172703,0.07060893653991535,0.19616687402491587,0.19467914892934562,0.04631668878855309,涨幅微弱型,0.38204147139182304,0.08709918219851044,0.21374535059556118,0.24617635369243182,0.07093764212167393,稳定缓升型,0.1557106226682663,0.06960004568099976,0.14153945446014404,0.5017351508140564,0.13141471147537231,涨幅微弱型,0.38204147139182304,0.08709918219851044,0.21374535059556118,0.24617635369243182,0.07093764212167393
泸206H8-5—第7段—泸206H8-1,泸206H8,泸206H8-5 | 第7段,涨幅微弱型,734e2b95a86783;bc0e7bd0783b93,泸206H8,3,涨幅微弱型,0.5057034220532319,0.10139416983523447,0.21673003802281368,0.13814955640050697,0.03802281368821293,涨幅微弱型,0.48823781231142055,0.07148032908966284,0.19836115261464407,0.19705055607481334,0.04487014990945914,涨幅微弱型,0.3735766896457913,0.08701733696041519,0.22077660059556123,0.24822744496227306,0.07040192783595964,稳定缓升型,0.15454326570034027,0.0690782442688942,0.14051207900047302,0.505436897277832,0.1304294914007187,涨幅微弱型,0.3735766896457913,0.08701733696041519,0.22077660059556123,0.24822744496227306,0.07040192783595964
泸206H8-5—第7段—泸206H8-2,泸206H8,泸206H8-5 | 第7段,涨幅微弱型,b1f06fd9d6a82f,泸206H8,3,涨幅微弱型,0.5057034220532319,0.10139416983523447,0.21673003802281368,0.13814955640050697,0.03802281368821293,涨幅微弱型,0.6946242018655671,0.03340519674131774,0.09464273294892003,0.1395774448654404,0.03775042357875487,涨幅微弱型,0.4509724144511657,0.08355015512737148,0.19137842183481418,0.20399782542583467,0.07010118316081414,稳定缓升型,0.28809985518455505,0.06061188504099846,0.1301715075969696,0.32834339141845703,0.19277334213256836,涨幅微弱型,0.4509724144511657,0.08355015512737148,0.19137842183481418,0.20399782542583467,0.07010118316081414
泸206H8-5—第7段—泸206H8-3,泸206H8,泸206H8-5 | 第7段,涨幅微弱型,20d505775e8305,泸206H8,3,涨幅微弱型,0.5057034220532319,0.10139416983523447,0.21673003802281368,0.13814955640050697,0.03802281368821293,涨幅微弱型,0.5435709702716891,0.06025323220313861,0.1680739635724558,0.1842928177007634,0.04380901625195311,涨幅微弱型,0.38128623905255543,0.08583168970059912,0.2221590280789467,0.23718042858764116,0.07354261458025789,稳定缓升型,0.11184804886579514,0.0648675411939621,0.14325572550296783,0.4938907027244568,0.18613801896572113,涨幅微弱型,0.38128623905255543,0.08583168970059912,0.2221590280789467,0.23718042858764116,0.07354261458025789
泸206H8-5—第7段—泸206H8-6,泸206H8,泸206H8-5 | 第7段,涨幅微弱型,25b72c23af7339,泸206H8,3,涨幅微弱型,0.5057034220532319,0.10139416983523447,0.21673003802281368,0.13814955640050697,0.03802281368821293,涨幅微弱型,0.48823781231142055,0.07148032908966284,0.19836115261464407,0.19705055607481334,0.04487014990945914,涨幅微弱型,0.3735766896457913,0.08701733696041519,0.22077660059556123,0.24822744496227306,0.07040192783595964,稳定缓升型,0.15454326570034027,0.0690782442688942,0.14051207900047302,0.505436897277832,0.1304294914007187,涨幅微弱型,0.3735766896457913,0.08701733696041519,0.22077660059556123,0.24822744496227306,0.07040192783595964
泸206H8-5—第7段—泸206H8-8,泸206H8,泸206H8-5 | 第7段,涨幅微弱型,b694f7ddee9d1c,泸206H8,3,涨幅微弱型,0.5057034220532319,0.10139416983523447,0.21673003802281368,0.13814955640050697,0.03802281368821293,涨幅微弱型,0.48823781231142055,0.07148032908966284,0.19836115261464407,0.19705055607481334,0.04487014990945914,涨幅微弱型,0.3735766896457913,0.08701733696041519,0.22077660059556123,0.24822744496227306,0.07040192783595964,稳定缓升型,0.15454326570034027,0.0690782442688942,0.14051207900047302,0.505436897277832,0.1304294914007187,涨幅微弱型,0.3735766896457913,0.08701733696041519,0.22077660059556123,0.24822744496227306,0.07040192783595964
泸206H8-5—第11段—泸206H8-1,泸206H8,泸206H8-5 | 第11段,涨幅微弱型,cd2cd6d2135a69,泸206H8,3,涨幅微弱型,0.5057034220532319,0.10139416983523447,0.21673003802281368,0.13814955640050697,0.03802281368821293,涨幅微弱型,0.3515581737811909,0.09967448953887635,0.2636252092886266,0.23224308431674656,0.052899043074559664,涨幅微弱型,0.35881387232756795,0.07095667204668595,0.28720948223865367,0.20565784139986013,0.07736213198723246,渐进上升型,0.20089523494243622,0.09315106272697449,0.2675795555114746,0.17487354576587677,0.2635005712509155,涨幅微弱型,0.35881387232756795,0.07095667204668595,0.28720948223865367,0.20565784139986013,0.07736213198723246
泸206H8-5—第11段—泸206H8-2,泸206H8,泸206H8-5 | 第11段,涨幅微弱型,c8ce9dc6e0f967,泸206H8,3,涨幅微弱型,0.5057034220532319,0.10139416983523447,0.21673003802281368,0.13814955640050697,0.03802281368821293,涨幅微弱型,0.5678578272238055,0.05275157102293809,0.14244983751182996,0.1864726649168793,0.050468099324546996,涨幅微弱型,0.43543095388417047,0.06881041321425276,0.2440124463403547,0.1746455141707876,0.07710067239043453,先降后升型,0.3114428222179413,0.0673249214887619,0.20033907890319824,0.09702487289905548,0.3238683342933655,涨幅微弱型,0.43543095388417047,0.06881041321425276,0.2440124463403547,0.1746455141707876,0.07710067239043453
泸206H8-5—第11段—泸206H8-3,泸206H8,泸206H8-5 | 第11段,涨幅微弱型,2cf6810106e83b,泸206H8,3,涨幅微弱型,0.5057034220532319,0.10139416983523447,0.21673003802281368,0.13814955640050697,0.03802281368821293,涨幅微弱型,0.40209742806461707,0.08738662512561432,0.23227267813129765,0.22487398444180814,0.05336928423666282,涨幅微弱型,0.36905986098952137,0.07224278913363423,0.2752559054485348,0.20365977954293277,0.07978166488537686,先降后升型,0.13925562798976898,0.08298403024673462,0.2539280652999878,0.1636638641357422,0.3601683974266052,涨幅微弱型,0.36905986098952137,0.07224278913363423,0.2752559054485348,0.20365977954293277,0.07978166488537686
泸206H8-5—第11段—泸206H8-4,泸206H8,泸206H8-5 | 第11段,稳定缓升型,8ce431aff538a8,泸206H8,3,涨幅微弱型,0.5057034220532319,0.10139416983523447,0.21673003802281368,0.13814955640050697,0.03802281368821293,渐进上升型,0.25799871464147595,0.12525590850064866,0.3279830137836584,0.23872452006361192,0.050037843010605085,渐进上升型,0.26574488573655597,0.13140351540378933,0.34002450854468813,0.1994335763914535,0.06339351392351354,渐进上升型,0.061797358095645905,0.24154096841812134,0.34655457735061646,0.164316326379776,0.1857907772064209,渐进上升型,0.26574488573655597,0.13140351540378933,0.34002450854468813,0.1994335763914535,0.06339351392351354
泸206H8-5—第11段—泸206H8-7,泸206H8,泸206H8-5 | 第11段,涨幅微弱型,3d491a7248842a,泸206H8,3,涨幅微弱型,0.5057034220532319,0.10139416983523447,0.21673003802281368,0.13814955640050697,0.03802281368821293,涨幅微弱型,0.3515581737811909,0.09967448953887635,0.2636252092886266,0.23224308431674656,0.052899043074559664,涨幅微弱型,0.35881387232756795,0.07095667204668595,0.28720948223865367,0.20565784139986013,0.07736213198723246,渐进上升型,0.20089523494243622,0.09315106272697449,0.2675795555114746,0.17487354576587677,0.2635005712509155,涨幅微弱型,0.35881387232756795,0.07095667204668595,0.28720948223865367,0.20565784139986013,0.07736213198723246
泸206H8-5—第12段—泸206H8-1,泸206H8,泸206H8-5 | 第12段,快速稳定型,9c72de47178afc,泸206H8,3,涨幅微弱型,0.5057034220532319,0.10139416983523447,0.21673003802281368,0.13814955640050697,0.03802281368821293,涨幅微弱型,0.5655771787178497,0.04844712517443239,0.1540156476670947,0.1966008909754129,0.0353591574652102,涨幅微弱型,0.4670762524659849,0.08074268506559032,0.18847643197402775,0.19432780009639278,0.06937683039800424,稳定缓升型,0.24241656064987183,0.07967424392700195,0.1431685984134674,0.3693120777606964,0.1654285192489624,涨幅微弱型,0.4670762524659849,0.08074268506559032,0.18847643197402775,0.19432780009639278,0.06937683039800424
泸206H8-5—第12段—泸206H8-2,泸206H8,泸206H8-5 | 第12段,涨幅微弱型,5dbc78fc421fa9,泸206H8,3,涨幅微弱型,0.5057034220532319,0.10139416983523447,0.21673003802281368,0.13814955640050697,0.03802281368821293,涨幅微弱型,0.7514799258446715,0.02124974415048888,0.06896260238748872,0.130460090566549,0.027847637050802027,涨幅微弱型,0.5228854069326065,0.07707509734232591,0.16642882843653037,0.16491272517462424,0.06869794211391296,涨幅微弱型,0.38089537620544434,0.06371954083442688,0.12088938057422638,0.21867190301418304,0.21582376956939697,涨幅微弱型,0.5228854069326065,0.07707509734232591,0.16642882843653037,0.16491272517462424,0.06869794211391296
泸206H8-5—第12段—泸206H8-3,泸206H8,泸206H8-5 | 第12段,涨幅微弱型,93689292a9498d,泸206H8,3,涨幅微弱型,0.5057034220532319,0.10139416983523447,0.21673003802281368,0.13814955640050697,0.03802281368821293,涨幅微弱型,0.6151535265259216,0.04045433844998938,0.1292407725110042,0.18120265536560967,0.033948707147475034,涨幅微弱型,0.4639784568260788,0.08164535517545138,0.19072578664786985,0.19059101314403837,0.0730593882065616,稳定缓升型,0.1767200380563736,0.0753614604473114,0.14702501893043518,0.36349841952323914,0.23739506304264069,涨幅微弱型,0.4639784568260788,0.08164535517545138,0.19072578664786985,0.19059101314403837,0.0730593882065616
泸206H8-5—第12段—泸206H8-7,泸206H8,泸206H8-5 | 第12段,涨幅微弱型,d3044965272bdc,泸206H8,3,涨幅微弱型,0.5057034220532319,0.10139416983523447,0.21673003802281368,0.13814955640050697,0.03802281368821293,涨幅微弱型,0.5655771787178497,0.04844712517443239,0.1540156476670947,0.1966008909754129,0.0353591574652102,涨幅微弱型,0.4670762524659849,0.08074268506559032,0.18847643197402775,0.19432780009639278,0.06937683039800424,稳定缓升型,0.24241656064987183,0.07967424392700195,0.1431685984134674,0.3693120777606964,0.1654285192489624,涨幅微弱型,0.4670762524659849,0.08074268506559032,0.18847643197402775,0.19432780009639278,0.06937683039800424
泸206H8-5—第12段—泸206H8-8,泸206H8,泸206H8-5 | 第12段,涨幅微弱型,0fdd2fd4249ff5,泸206H8,3,涨幅微弱型,0.5057034220532319,0.10139416983523447,0.21673003802281368,0.13814955640050697,0.03802281368821293,涨幅微弱型,0.5655771787178497,0.04844712517443239,0.1540156476670947,0.1966008909754129,0.0353591574652102,涨幅微弱型,0.4670762524659849,0.08074268506559032,0.18847643197402775,0.19432780009639278,0.06937683039800424,稳定缓升型,0.24241656064987183,0.07967424392700195,0.1431685984134674,0.3693120777606964,0.1654285192489624,涨幅微弱型,0.4670762524659849,0.08074268506559032,0.18847643197402775,0.19432780009639278,0.06937683039800424
泸206H8-5—第13段—泸206H8-1,泸206H8,泸206H8-5 | 第13段,涨幅微弱型,62e81652eef613,泸206H8,3,涨幅微弱型,0.5057034220532319,0.10139416983523447,0.21673003802281368,0.13814955640050697,0.03802281368821293,涨幅微弱型,0.4992910183411532,0.05314774720557912,0.11638540828241743,0.2763334102686843,0.05484241590216596,涨幅微弱型,0.3253461265610766,0.13624856725271786,0.23207193295366063,0.25135924855818775,0.05497412467435747,稳定缓升型,0.14222931861877441,0.2774351239204407,0.16248846054077148,0.3257268965244293,0.09212017804384232,涨幅微弱型,0.3253461265610766,0.13624856725271786,0.23207193295366063,0.25135924855818775,0.05497412467435747
泸206H8-5—第13段—泸206H8-2,泸206H8,泸206H8-5 | 第13段,涨幅微弱型,1dbf8c9c5c8b87,泸206H8,3,涨幅微弱型,0.5057034220532319,0.10139416983523447,0.21673003802281368,0.13814955640050697,0.03802281368821293,涨幅微弱型,0.6866048802038076,0.024221170684460915,0.05414274942596086,0.19024631939459238,0.044784880291178324,涨幅微弱型,0.3645138162318135,0.12851211602120083,0.2260723946083742,0.2231925465380757,0.05770912660053587,涨幅微弱型,0.3274233937263489,0.2236631214618683,0.13439494371414185,0.1943156123161316,0.1202029213309288,涨幅微弱型,0.3645138162318135,0.12851211602120083,0.2260723946083742,0.2231925465380757,0.05770912660053587
泸206H8-5—第13段—泸206H8-3,泸206H8,泸206H8-5 | 第13段,涨幅微弱型,48ec4487eabd44,泸206H8,3,涨幅微弱型,0.5057034220532319,0.10139416983523447,0.21673003802281368,0.13814955640050697,0.03802281368821293,涨幅微弱型,0.5480865221950028,0.04456682816074865,0.09808520140711859,0.2562443722105673,0.05301707602656272,涨幅微弱型,0.33038559476823415,0.1361210348801197,0.23191434748357515,0.24107265538205927,0.06050636748601205,稳定缓升型,0.10468415170907974,0.2702668309211731,0.16847452521324158,0.3236912488937378,0.13288328051567078,涨幅微弱型,0.33038559476823415,0.1361210348801197,0.23191434748357515,0.24107265538205927,0.06050636748601205
泸206H8-5—第13段—泸206H8-7,泸206H8,泸206H8-5 | 第13段,涨幅微弱型,eda6e6e41acf2a,泸206H8,3,涨幅微弱型,0.5057034220532319,0.10139416983523447,0.21673003802281368,0.13814955640050697,0.03802281368821293,涨幅微弱型,0.4992910183411532,0.05314774720557912,0.11638540828241743,0.2763334102686843,0.05484241590216596,涨幅微弱型,0.3253461265610766,0.13624856725271786,0.23207193295366063,0.25135924855818775,0.05497412467435747,稳定缓升型,0.14222931861877441,0.2774351239204407,0.16248846054077148,0.3257268965244293,0.09212017804384232,涨幅微弱型,0.3253461265610766,0.13624856725271786,0.23207193295366063,0.25135924855818775,0.05497412467435747
泸206H8-5—第13段—泸206H8-8,泸206H8,泸206H8-5 | 第13段,涨幅微弱型,6ac8ced09cd0ef,泸206H8,3,涨幅微弱型,0.5057034220532319,0.10139416983523447,0.21673003802281368,0.13814955640050697,0.03802281368821293,涨幅微弱型,0.4992910183411532,0.05314774720557912,0.11638540828241743,0.2763334102686843,0.05484241590216596,涨幅微弱型,0.3253461265610766,0.13624856725271786,0.23207193295366063,0.25135924855818775,0.05497412467435747,稳定缓升型,0.14222931861877441,0.2774351239204407,0.16248846054077148,0.3257268965244293,0.09212017804384232,涨幅微弱型,0.3253461265610766,0.13624856725271786,0.23207193295366063,0.25135924855818775,0.05497412467435747
泸206H8-5—第14段—泸206H8-1,泸206H8,泸206H8-5 | 第14段,涨幅微弱型,b9fde4f72a481a,泸206H8,3,涨幅微弱型,0.5057034220532319,0.10139416983523447,0.21673003802281368,0.13814955640050697,0.03802281368821293,涨幅微弱型,0.37924884680286536,0.05617040980962783,0.23979968901768423,0.2867711091755364,0.03800994519428618,渐进上升型,0.28925125403738366,0.07915249414461797,0.3217613497874866,0.25533372333354704,0.05450117869696515,稳定缓升型,0.1460115611553192,0.08774997293949127,0.23886887729167938,0.4402013123035431,0.08716826885938644,渐进上升型,0.28925125403738366,0.07915249414461797,0.3217613497874866,0.25533372333354704,0.05450117869696515
泸206H8-5—第14段—泸206H8-2,泸206H8,泸206H8-5 | 第14段,涨幅微弱型,bd2da2178bc6de,泸206H8,3,涨幅微弱型,0.5057034220532319,0.10139416983523447,0.21673003802281368,0.13814955640050697,0.03802281368821293,涨幅微弱型,0.5863779397515301,0.02901908334948359,0.12644155241186705,0.2231270089952482,0.03503441549187113,涨幅微弱型,0.3629917759328534,0.0768229305049155,0.2781250569832329,0.2251979160926843,0.056862320486314046,稳定缓升型,0.23600609600543976,0.08283950388431549,0.2293526530265808,0.3076709806919098,0.14413075149059296,涨幅微弱型,0.3629917759328534,0.0768229305049155,0.2781250569832329,0.2251979160926843,0.056862320486314046
泸206H8-5—第14段—泸206H8-3,泸206H8,泸206H8-5 | 第14段,涨幅微弱型,850c988ebc2e62,泸206H8,3,涨幅微弱型,0.5057034220532319,0.10139416983523447,0.21673003802281368,0.13814955640050697,0.03802281368821293,涨幅微弱型,0.42890637915224394,0.04880463512013458,0.20937939050633958,0.2749508928591288,0.03795870236215321,渐进上升型,0.29528437566677695,0.07989298799172943,0.3178823934932639,0.2493434296834767,0.05759681316475332,稳定缓升型,0.10709486901760101,0.08350958675146103,0.23985876142978668,0.4359314441680908,0.13360528647899628,渐进上升型,0.29528437566677695,0.07989298799172943,0.3178823934932639,0.2493434296834767,0.05759681316475332
泸206H8-5—第14段—泸206H8-8,泸206H8,泸206H8-5 | 第14段,涨幅微弱型,c4d9f2b42a25ee,泸206H8,3,涨幅微弱型,0.5057034220532319,0.10139416983523447,0.21673003802281368,0.13814955640050697,0.03802281368821293,涨幅微弱型,0.37924884680286536,0.05617040980962783,0.23979968901768423,0.2867711091755364,0.03800994519428618,渐进上升型,0.28925125403738366,0.07915249414461797,0.3217613497874866,0.25533372333354704,0.05450117869696515,稳定缓升型,0.1460115611553192,0.08774997293949127,0.23886887729167938,0.4402013123035431,0.08716826885938644,渐进上升型,0.28925125403738366,0.07915249414461797,0.3217613497874866,0.25533372333354704,0.05450117869696515
泸208H1-1—第10段—泸208H1-2,泸208H1,泸208H1-1 | 第10段,稳定缓升型,cadbd7fecb54a3,泸208H1,2,涨幅微弱型,0.5922222222222222,0.07111111111111111,0.17,0.12333333333333334,0.043333333333333335,渐进上升型,0.048169843394527165,0.17847272129452632,0.6045342520818772,0.041162652185285774,0.12766053104378355,渐进上升型,0.08383372843115484,0.26371787592066226,0.3340457908498738,0.2804097205504908,0.037992884247818465,渐进上升型,0.23477408289909363,0.1604723036289215,0.4364822208881378,0.1317252218723297,0.03654615581035614,渐进上升型,0.048169843394527165,0.17847272129452632,0.6045342520818772,0.041162652185285774,0.12766053104378355
泸208H1-1—第12段—泸208H1-2,泸208H1,泸208H1-1 | 第12段,渐进上升型,f7653073917785,泸208H1,2,涨幅微弱型,0.5922222222222222,0.07111111111111111,0.17,0.12333333333333334,0.043333333333333335,渐进上升型,0.04537989179571264,0.26715327971761627,0.5317649705762859,0.04321827700413921,0.11248358090624588,渐进上升型,0.07086503747155834,0.20374708988050708,0.43711100239486467,0.24625205965918048,0.04202481059388955,渐进上升型,0.14195866882801056,0.11540963500738144,0.5627375841140747,0.14455555379390717,0.03533857688307762,渐进上升型,0.04537989179571264,0.26715327971761627,0.5317649705762859,0.04321827700413921,0.11248358090624588
泸208H1-2—第6段—泸208H1-1,泸208H1,泸208H1-2 | 第6段,快速稳定型,a2c463166c24fe,泸208H1,2,涨幅微弱型,0.5922222222222222,0.07111111111111111,0.17,0.12333333333333334,0.043333333333333335,渐进上升型,0.012452742128835691,0.20285896120347824,0.534629767394085,0.06768312527272013,0.18237540400088106,渐进上升型,0.06010680623054847,0.2414814351061448,0.409423899096403,0.25154942994097407,0.03743842962592963,渐进上升型,0.11326002329587936,0.10845089703798294,0.5739878416061401,0.17009297013282776,0.03420828655362129,渐进上升型,0.012452742128835691,0.20285896120347824,0.534629767394085,0.06768312527272013,0.18237540400088106
泸208H1-2—第13段—泸208H1-1,泸208H1,泸208H1-2 | 第13段,渐进上升型,fae3083e94ad53,泸208H1,2,涨幅微弱型,0.5922222222222222,0.07111111111111111,0.17,0.12333333333333334,0.043333333333333335,快速稳定型,0.005602381947178898,0.4364675953756054,0.383997868366167,0.09385316154733778,0.08007899276371085,渐进上升型,0.07876337517688133,0.21669377246921748,0.37388743088828297,0.29687518324611983,0.03378023821949843,渐进上升型,0.11769476532936096,0.11270424723625183,0.5382130146026611,0.19331520795822144,0.038072772324085236,快速稳定型,0.005602381947178898,0.4364675953756054,0.383997868366167,0.09385316154733778,0.08007899276371085
泸208H1-2—第14段—泸208H1-1,泸208H1,泸208H1-2 | 第14段,渐进上升型,9421acc6a93459,泸208H1,2,涨幅微弱型,0.5922222222222222,0.07111111111111111,0.17,0.12333333333333334,0.043333333333333335,快速稳定型,0.005538109229201225,0.429085944544966,0.3908313279119952,0.09213106606486736,0.08241355224897022,渐进上升型,0.07876337517688133,0.21391599469143968,0.3741011061019581,0.29687518324611983,0.036344340783601006,渐进上升型,0.11769476532936096,0.11270424723625183,0.5382130146026611,0.19331520795822144,0.038072772324085236,快速稳定型,0.005538109229201225,0.429085944544966,0.3908313279119952,0.09213106606486736,0.08241355224897022
泸208H1-2—第15段—泸208H2-4,泸208H1,泸208H1-2 | 第15段,渐进上升型,0eb26d7d843230,泸208H1,2,涨幅微弱型,0.5922222222222222,0.07111111111111111,0.17,0.12333333333333334,0.043333333333333335,快速稳定型,0.020968483614348554,0.43038888395814134,0.2725214163159512,0.15285489362001145,0.12326632249154733,稳定缓升型,0.13339727239699153,0.2572487741169509,0.24838624212383745,0.2810521538463187,0.07991555751590142,渐进上升型,0.27378368377685547,0.13503670692443848,0.30733972787857056,0.2084941565990448,0.07534576952457428,快速稳定型,0.020968483614348554,0.43038888395814134,0.2725214163159512,0.15285489362001145,0.12326632249154733
泸208H1-2—第15段—泸208H2-5,泸208H1,泸208H1-2 | 第15段,渐进上升型,4c3a8ffba737d0,泸208H1,2,涨幅微弱型,0.5922222222222222,0.07111111111111111,0.17,0.12333333333333334,0.043333333333333335,快速稳定型,0.004525922914008491,0.5647173451739668,0.2751219896051438,0.09884648479349097,0.056788257513390054,渐进上升型,0.1227263461306369,0.2632945725719502,0.28544509218547015,0.2712583429244119,0.057275646187531004,渐进上升型,0.157106414437294,0.220224529504776,0.4071407616138458,0.16419465839862823,0.05133363977074623,快速稳定型,0.004525922914008491,0.5647173451739668,0.2751219896051438,0.09884648479349097,0.056788257513390054
泸208H1-2—第16段—泸208H1-1,泸208H1,泸208H1-2 | 第16段,渐进上升型,ec5a29ba44c39b,泸208H1,2,涨幅微弱型,0.5922222222222222,0.07111111111111111,0.17,0.12333333333333334,0.043333333333333335,快速稳定型,0.00496739280731208,0.5539822949886254,0.280025903399489,0.10182573917811855,0.05919866962645485,稳定缓升型,0.12004161614327533,0.2487446428691568,0.28376877250411947,0.28984559631429685,0.05759937216915172,渐进上升型,0.16140638291835785,0.19888226687908173,0.418284147977829,0.16868862509727478,0.05273863300681114,快速稳定型,0.00496739280731208,0.5539822949886254,0.280025903399489,0.10182573917811855,0.05919866962645485
泸208H1-2—第17段—泸208H1-1,泸208H1,泸208H1-2 | 第17段,渐进上升型,54a8282a817ee8,泸208H1,2,涨幅微弱型,0.5922222222222222,0.07111111111111111,0.17,0.12333333333333334,0.043333333333333335,快速稳定型,0.004745794627780282,0.5454626342102994,0.28866978343485666,0.09763817174077645,0.06348361598628724,稳定缓升型,0.1104691459506426,0.23645005815390635,0.28721451573709256,0.2917247164882119,0.07414156367014678,渐进上升型,0.1332753300666809,0.19376927614212036,0.4291555881500244,0.1883513480424881,0.055448465049266815,快速稳定型,0.004745794627780282,0.5454626342102994,0.28866978343485666,0.09763817174077645,0.06348361598628724
泸208H1-2—第18段—泸208H1-1,泸208H1,泸208H1-2 | 第18段,稳定缓升型,5803b5ca4dfad0,泸208H1,2,涨幅微弱型,0.5922222222222222,0.07111111111111111,0.17,0.12333333333333334,0.043333333333333335,快速稳定型,0.004904048469767078,0.5451507352024196,0.2878649504499274,0.0995095590327003,0.06257070684518565,稳定缓升型,0.1102116263732701,0.24444690403678168,0.2878140306013133,0.29207100826832727,0.06545643072030795,渐进上升型,0.16208666563034058,0.18130359053611755,0.43216460943222046,0.16939958930015564,0.05504551902413368,快速稳定型,0.004904048469767078,0.5451507352024196,0.2878649504499274,0.0995095590327003,0.06257070684518565
泸208H1-3—第1段—泸208H1-4,泸208H1,泸208H1-3 | 第1段,渐进上升型,dfc1c4920aacea,泸208H1,2,涨幅微弱型,0.5922222222222222,0.07111111111111111,0.17,0.12333333333333334,0.043333333333333335,渐进上升型,0.0932564533438191,0.05473776348151114,0.4707069485764282,0.06473951657707805,0.31655931802116344,渐进上升型,0.09667741740587177,0.1290060669323437,0.5177340903923878,0.2057911608251272,0.05079126444426937,渐进上升型,0.2913784384727478,0.07542622089385986,0.4979916214942932,0.1123555451631546,0.022848211228847504,渐进上升型,0.0932564533438191,0.05473776348151114,0.4707069485764282,0.06473951657707805,0.31655931802116344
泸208H1-4—第1段—泸208H1-5,泸208H1,泸208H1-4 | 第1段,先降后升型,7e39fb42e4c231,泸208H1,2,涨幅微弱型,0.5922222222222222,0.07111111111111111,0.17,0.12333333333333334,0.043333333333333335,渐进上升型,0.21388612294985432,0.06427264806428586,0.3589981477600374,0.07903302834508995,0.28381005288073247,渐进上升型,0.11978134570991966,0.23366885396074671,0.4627170514492118,0.15446275777629576,0.029369991103826,渐进上升型,0.2898959517478943,0.05095665156841278,0.5482814908027649,0.08390788733959198,0.02695799432694912,渐进上升型,0.21388612294985432,0.06427264806428586,0.3589981477600374,0.07903302834508995,0.28381005288073247
泸208H1-4—第2段—泸208H1-5,泸208H1,泸208H1-4 | 第2段,先降后升型,c9e7a8dd9a14d0,泸208H1,2,涨幅微弱型,0.5922222222222222,0.07111111111111111,0.17,0.12333333333333334,0.043333333333333335,渐进上升型,0.24498300324630506,0.03821140286603424,0.3889723200388591,0.06587242963766932,0.2619608442111322,渐进上升型,0.1268912843823583,0.224858879213272,0.4915456649653253,0.13136195811299603,0.025342213326048225,渐进上升型,0.28701844811439514,0.04742560163140297,0.5582415461540222,0.08035900443792343,0.026955435052514076,渐进上升型,0.24498300324630506,0.03821140286603424,0.3889723200388591,0.06587242963766932,0.2619608442111322
泸208H1-4—第5段—泸208H1-5,泸208H1,泸208H1-4 | 第5段,渐进上升型,6e7ec502d63e42,泸208H1,2,涨幅微弱型,0.5922222222222222,0.07111111111111111,0.17,0.12333333333333334,0.043333333333333335,先降后升型,0.12875767672232002,0.06548329605414736,0.31974850694510165,0.1008526479636683,0.38515787231476256,渐进上升型,0.1490806310494021,0.20472438887673522,0.4186498051881936,0.19226683039400944,0.0352783444916597,渐进上升型,0.34793558716773987,0.060571979731321335,0.4445882737636566,0.11156471073627472,0.03533947840332985,先降后升型,0.12875767672232002,0.06548329605414736,0.31974850694510165,0.1008526479636683,0.38515787231476256
泸208H1-4—第7段—泸208H1-6,泸208H1,泸208H1-4 | 第7段,稳定缓升型,1931fcc505b0dc,泸208H1,2,涨幅微弱型,0.5922222222222222,0.07111111111111111,0.17,0.12333333333333334,0.043333333333333335,先降后升型,0.2260852667939845,0.0612248326119706,0.1926946856087505,0.15701467615674872,0.3629805388285457,渐进上升型,0.15847204991325167,0.06827977143974837,0.3684159062115339,0.3201365564523335,0.08469571598313269,涨幅微弱型,0.5222043991088867,0.036379192024469376,0.2731010317802429,0.13970699906349182,0.028608379885554314,先降后升型,0.2260852667939845,0.0612248326119706,0.1926946856087505,0.15701467615674872,0.3629805388285457
泸208H1-4—第8段—泸208H1-6,泸208H1,泸208H1-4 | 第8段,稳定缓升型,ac1a35726966ff,泸208H1,2,涨幅微弱型,0.5922222222222222,0.07111111111111111,0.17,0.12333333333333334,0.043333333333333335,先降后升型,0.22253071242842012,0.06303419666066182,0.19289822154675035,0.15827324405774437,0.36326362530642337,渐进上升型,0.15467778113736527,0.07006548572546265,0.3892080892463641,0.31512332893910594,0.07092531495170223,涨幅微弱型,0.45387476682662964,0.031619034707546234,0.3685583770275116,0.12142655998468399,0.024521254003047943,先降后升型,0.22253071242842012,0.06303419666066182,0.19289822154675035,0.15827324405774437,0.36326362530642337
泸208H1-4—第9段—泸208H1-5,泸208H1,泸208H1-4 | 第9段,快速稳定型,76d087f24f007c,泸208H1,2,涨幅微弱型,0.5922222222222222,0.07111111111111111,0.17,0.12333333333333334,0.043333333333333335,渐进上升型,0.0840798662058569,0.12541072788766264,0.3279418846700403,0.1636792130869999,0.2988883081494403,渐进上升型,0.14439137110347067,0.11869256693384657,0.4403326950373017,0.2627564831561617,0.03382688376921934,渐进上升型,0.3075917363166809,0.07962413132190704,0.45016154646873474,0.13780030608177185,0.024822257459163666,渐进上升型,0.0840798662058569,0.12541072788766264,0.3279418846700403,0.1636792130869999,0.2988883081494403
泸208H1-4—第10段—泸208H1-6,泸208H1,泸208H1-4 | 第10段,稳定缓升型,605702bd8a086a,泸208H1,2,涨幅微弱型,0.5922222222222222,0.07111111111111111,0.17,0.12333333333333334,0.043333333333333335,先降后升型,0.21969820565045187,0.05938962786234419,0.19933323853549406,0.15261084211604764,0.36896808583566226,渐进上升型,0.15939774866983283,0.058628947726424664,0.428978261204036,0.28996114158941855,0.0630339008102881,涨幅微弱型,0.44190117716789246,0.03078489564359188,0.3852164149284363,0.11822322756052017,0.02387436106801033,先降后升型,0.21969820565045187,0.05938962786234419,0.19933323853549406,0.15261084211604764,0.36896808583566226
泸208H1-4—第13段—泸208H1-5,泸208H1,泸208H1-4 | 第13段,渐进上升型,64728573c327c2,泸208H1,2,涨幅微弱型,0.5922222222222222,0.07111111111111111,0.17,0.12333333333333334,0.043333333333333335,渐进上升型,0.04835456204528949,0.18821614717611332,0.43468631418655745,0.1928640123577571,0.1358789642342826,渐进上升型,0.13054944354750853,0.08971604914332712,0.5662613339184746,0.1853673376999815,0.02810583569070812,渐进上升型,0.23131321370601654,0.0636787936091423,0.6024088859558105,0.08725173771381378,0.015347353182733059,渐进上升型,0.04835456204528949,0.18821614717611332,0.43468631418655745,0.1928640123577571,0.1358789642342826
泸208H1-4—第17段—泸208H1-5,泸208H1,泸208H1-4 | 第17段,快速稳定型,412b3dd53d5a5e,泸208H1,2,涨幅微弱型,0.5922222222222222,0.07111111111111111,0.17,0.12333333333333334,0.043333333333333335,渐进上升型,0.1155454409623832,0.025451009740093535,0.5412889623136311,0.07982187678617687,0.23789271019771535,渐进上升型,0.07904814010880187,0.13500650825779933,0.5253451861257787,0.20183346719813502,0.05876669830948482,渐进上升型,0.3088134825229645,0.06713662296533585,0.4679688811302185,0.12997452914714813,0.026106473058462143,渐进上升型,0.1155454409623832,0.025451009740093535,0.5412889623136311,0.07982187678617687,0.23789271019771535
泸208H1-5—第3段—泸208H1-6,泸208H1,泸208H1-5 | 第3段,快速稳定型,c74e7eb9e89ea6,泸208H1,2,涨幅微弱型,0.5922222222222222,0.07111111111111111,0.17,0.12333333333333334,0.043333333333333335,渐进上升型,0.22614308132452182,0.03728358765259341,0.4325741704648016,0.09452166050016071,0.20947750005792243,渐进上升型,0.10317805228970091,0.09012442787568671,0.6065382184832847,0.16797888061660696,0.032180420734720404,渐进上升型,0.25768181681632996,0.05273016169667244,0.5701718330383301,0.09983161836862564,0.019584598019719124,渐进上升型,0.22614308132452182,0.03728358765259341,0.4325741704648016,0.09452166050016071,0.20947750005792243
泸208H1-5—第5段—泸208H1-4,泸208H1,泸208H1-5 | 第5段,渐进上升型,a8abbaa9de151e,泸208H1,2,涨幅微弱型,0.5922222222222222,0.07111111111111111,0.17,0.12333333333333334,0.043333333333333335,渐进上升型,0.06918809596659252,0.15110028464568623,0.42132507081940473,0.14417358743238667,0.2142129611359297,渐进上升型,0.10521122858093679,0.11814013349142966,0.5255552128758556,0.24271526103047744,0.008378164021300512,渐进上升型,0.21482597291469574,0.06183234602212906,0.6238695383071899,0.08466622233390808,0.014805889688432217,渐进上升型,0.06918809596659252,0.15110028464568623,0.42132507081940473,0.14417358743238667,0.2142129611359297
泸208H1-5—第6段—泸208H1-4,泸208H1,泸208H1-5 | 第6段,渐进上升型,307a2ad7cb4f3d,泸208H1,2,涨幅微弱型,0.5922222222222222,0.07111111111111111,0.17,0.12333333333333334,0.043333333333333335,渐进上升型,0.10783308925059289,0.1646661009658112,0.3795209071582218,0.16995528359559503,0.17802461902977917,渐进上升型,0.12491905827364551,0.14580641520694737,0.4111270384065628,0.3083878756788455,0.009759612433998924,渐进上升型,0.2796255648136139,0.07510752975940704,0.5140376687049866,0.11442234367132187,0.01680692285299301,渐进上升型,0.10783308925059289,0.1646661009658112,0.3795209071582218,0.16995528359559503,0.17802461902977917
泸208H1-5—第8段—泸208H1-6,泸208H1,泸208H1-5 | 第8段,稳定缓升型,a318f16a2180c8,泸208H1,2,涨幅微弱型,0.5922222222222222,0.07111111111111111,0.17,0.12333333333333334,0.043333333333333335,渐进上升型,0.11337553350543614,0.15495750216237272,0.3834334733514853,0.16854297862195153,0.17969051235875433,渐进上升型,0.12164362938966398,0.13132884720964247,0.4725552812163844,0.26197855826623856,0.012493683918070408,渐进上升型,0.2701018154621124,0.08355376124382019,0.5184755921363831,0.11196025460958481,0.015908561646938324,渐进上升型,0.11337553350543614,0.15495750216237272,0.3834334733514853,0.16854297862195153,0.17969051235875433
泸208H1-5—第14段—泸208H1-4,泸208H1,泸208H1-5 | 第14段,渐进上升型,7760ac967cca6a,泸208H1,2,涨幅微弱型,0.5922222222222222,0.07111111111111111,0.17,0.12333333333333334,0.043333333333333335,渐进上升型,0.1299270038571397,0.17175835649027157,0.33448131610924775,0.2310704117783514,0.1327629117649896,渐进上升型,0.12087996148989806,0.11844986190729191,0.5004558741663192,0.2316229391080472,0.028591363328443316,渐进上升型,0.30722135305404663,0.06203602999448776,0.48179689049720764,0.12389149516820908,0.025054246187210083,渐进上升型,0.1299270038571397,0.17175835649027157,0.33448131610924775,0.2310704117783514,0.1327629117649896
泸208H1-5—第16段—泸208H1-4,泸208H1,泸208H1-5 | 第16段,渐进上升型,e85fb3d19543ef,泸208H1,2,涨幅微弱型,0.5922222222222222,0.07111111111111111,0.17,0.12333333333333334,0.043333333333333335,渐进上升型,0.10665515034930491,0.016562176180453192,0.6077672677203839,0.05860284689216105,0.21041255885769694,渐进上升型,0.07036119626560802,0.10583389267893377,0.6108554628860555,0.14680194779161562,0.0661475003777869,渐进上升型,0.27751612663269043,0.06004861369729042,0.5290433764457703,0.10988537222146988,0.023506535217165947,渐进上升型,0.10665515034930491,0.016562176180453192,0.6077672677203839,0.05860284689216105,0.21041255885769694
泸208H1-5—第17段—泸208H1-4,泸208H1,泸208H1-5 | 第17段,渐进上升型,b66da973f13a59,泸208H1,2,涨幅微弱型,0.5922222222222222,0.07111111111111111,0.17,0.12333333333333334,0.043333333333333335,渐进上升型,0.11296990164024603,0.028570050170515598,0.5706711590926549,0.08056628607180155,0.207222603024782,渐进上升型,0.07036119626560802,0.10583389267893377,0.6108554628860555,0.14680194779161562,0.0661475003777869,渐进上升型,0.27751612663269043,0.06004861369729042,0.5290433764457703,0.10988537222146988,0.023506535217165947,渐进上升型,0.11296990164024603,0.028570050170515598,0.5706711590926549,0.08056628607180155,0.207222603024782
泸208H1-5—第18段—泸208H1-4,泸208H1,泸208H1-5 | 第18段,快速稳定型,7f693ddf88e36f,泸208H1,2,涨幅微弱型,0.5922222222222222,0.07111111111111111,0.17,0.12333333333333334,0.043333333333333335,渐进上升型,0.1121179033105689,0.02829232272346019,0.5726026385931547,0.0798970862886281,0.20709004908418804,渐进上升型,0.07036119626560802,0.10583389267893377,0.6108554628860555,0.14680194779161562,0.0661475003777869,渐进上升型,0.27751612663269043,0.06004861369729042,0.5290433764457703,0.10988537222146988,0.023506535217165947,渐进上升型,0.1121179033105689,0.02829232272346019,0.5726026385931547,0.0798970862886281,0.20709004908418804
泸208H1-5—第19段—泸208H1-4,泸208H1,泸208H1-5 | 第19段,快速稳定型,8f512b51cdcf50,泸208H1,2,涨幅微弱型,0.5922222222222222,0.07111111111111111,0.17,0.12333333333333334,0.043333333333333335,渐进上升型,0.10907910897649681,0.21794617989058548,0.29972321246555317,0.15198934379676457,0.2212621548706,渐进上升型,0.12299702863784168,0.2159892062711019,0.38080398555040545,0.24062876251473705,0.039581017025913996,渐进上升型,0.3243889808654785,0.09195099025964737,0.42351341247558594,0.12786167860031128,0.03228491544723511,渐进上升型,0.10907910897649681,0.21794617989058548,0.29972321246555317,0.15198934379676457,0.2212621548706
泸208H1-5—第20段—泸208H1-4,泸208H1,泸208H1-5 | 第20段,快速稳定型,56bad8b5d3d079,泸208H1,2,涨幅微弱型,0.5922222222222222,0.07111111111111111,0.17,0.12333333333333334,0.043333333333333335,渐进上升型,0.11288689518665618,0.20595664321592463,0.3084710078037361,0.15059921360043074,0.2220862401932523,渐进上升型,0.12502249160080464,0.21187665215854778,0.3879732977197177,0.23554654149501605,0.039581017025913996,渐进上升型,0.3243889808654785,0.09195099025964737,0.42351341247558594,0.12786167860031128,0.03228491544723511,渐进上升型,0.11288689518665618,0.20595664321592463,0.3084710078037361,0.15059921360043074,0.2220862401932523
泸208H1-6—第2段—泸208H1-5,泸208H1,泸208H1-6 | 第2段,渐进上升型,3727a7dfde75ab,泸208H1,2,涨幅微弱型,0.5922222222222222,0.07111111111111111,0.17,0.12333333333333334,0.043333333333333335,渐进上升型,0.0010322539967774157,0.3012589726574355,0.4636793232641622,0.09942088286345603,0.13460856721816877,渐进上升型,0.11359608496230225,0.2602308264996066,0.3460986661148094,0.23222034594519128,0.04785407647809077,渐进上升型,0.19916850328445435,0.15221932530403137,0.3913562595844269,0.21175052225589752,0.045505378395318985,渐进上升型,0.0010322539967774157,0.3012589726574355,0.4636793232641622,0.09942088286345603,0.13460856721816877
泸208H1-6—第3段—泸208H1-5,泸208H1,泸208H1-6 | 第3段,快速稳定型,1d870b9174f6d1,泸208H1,2,涨幅微弱型,0.5922222222222222,0.07111111111111111,0.17,0.12333333333333334,0.043333333333333335,渐进上升型,0.0005793832911669052,0.34615332244936026,0.44004354763003417,0.11929538476613429,0.09392836186330437,渐进上升型,0.07747856092709031,0.243708989052718,0.32218604850527066,0.30190494336568857,0.05472145814923276,渐进上升型,0.175519198179245,0.1346510648727417,0.3976668417453766,0.25367459654808044,0.038488294929265976,渐进上升型,0.0005793832911669052,0.34615332244936026,0.44004354763003417,0.11929538476613429,0.09392836186330437
泸208H2-1—第2段—泸208H2-2,泸208H2,泸208H2-1 | 第2段,快速稳定型,6c4027ee2fe289,泸208H1,2,涨幅微弱型,0.5922222222222222,0.07111111111111111,0.17,0.12333333333333334,0.043333333333333335,渐进上升型,0.008633816872829323,0.1648374403981729,0.4600890135274482,0.1338374080653952,0.23260232113615426,渐进上升型,0.05648926209319225,0.25287094191419973,0.31288136545395556,0.2872620055404794,0.09049642499817348,渐进上升型,0.08530902117490768,0.15330781042575836,0.5152076482772827,0.17325639724731445,0.07291911542415619,渐进上升型,0.008633816872829323,0.1648374403981729,0.4600890135274482,0.1338374080653952,0.23260232113615426
泸208H2-1—第4段—泸208H2-2,泸208H2,泸208H2-1 | 第4段,渐进上升型,f44e6518a619cb,泸208H1,2,涨幅微弱型,0.5922222222222222,0.07111111111111111,0.17,0.12333333333333334,0.043333333333333335,渐进上升型,0.008721595881177364,0.17468144044831535,0.4591099138177253,0.13769438954348556,0.21979266030929634,渐进上升型,0.05679349489742505,0.2521660563249294,0.32392865126855946,0.2799955108910514,0.0871162866180351,渐进上升型,0.08745817840099335,0.15708862245082855,0.5056972503662109,0.17593248188495636,0.07382351160049438,渐进上升型,0.008721595881177364,0.17468144044831535,0.4591099138177253,0.13769438954348556,0.21979266030929634
泸208H2-1—第5段—泸208H2-2,泸208H2,泸208H2-1 | 第5段,快速稳定型,45f5077701b03a,泸208H1,2,涨幅微弱型,0.5922222222222222,0.07111111111111111,0.17,0.12333333333333334,0.043333333333333335,渐进上升型,0.006443262209546002,0.17876161985973035,0.42460088015339,0.13888415999458634,0.2513100777827474,渐进上升型,0.0570911139450441,0.25066087291185124,0.3229944185909057,0.28021631226316857,0.08903728228903078,渐进上升型,0.08702970296144485,0.14819133281707764,0.5162465572357178,0.17507056891918182,0.07346184551715851,渐进上升型,0.006443262209546002,0.17876161985973035,0.42460088015339,0.13888415999458634,0.2513100777827474
泸208H2-1—第6段—泸208H2-2,泸208H2,泸208H2-1 | 第6段,快速稳定型,c1f353c94a1f17,泸208H1,2,涨幅微弱型,0.5922222222222222,0.07111111111111111,0.17,0.12333333333333334,0.043333333333333335,渐进上升型,0.007033910458186769,0.17051235061587341,0.4823160665653596,0.18391889402926975,0.15621877833131048,渐进上升型,0.04231402493776721,0.1748705945685436,0.459640423721016,0.251734336856241,0.07144061991643261,渐进上升型,0.07729671150445938,0.07749798148870468,0.5958638191223145,0.20178498327732086,0.047556519508361816,渐进上升型,0.007033910458186769,0.17051235061587341,0.4823160665653596,0.18391889402926975,0.15621877833131048
泸208H2-1—第10段—泸208H2-2,泸208H2,泸208H2-1 | 第10段,渐进上升型,a460cc5dafbddd,泸208H1,2,涨幅微弱型,0.5922222222222222,0.07111111111111111,0.17,0.12333333333333334,0.043333333333333335,渐进上升型,0.00663845687766969,0.15177090563438697,0.38144261468557145,0.13831939957666736,0.32182862322570455,稳定缓升型,0.0579938723386113,0.27663746205842876,0.2825269291552467,0.3063240681875846,0.07651766826012883,渐进上升型,0.09639204293489456,0.17885202169418335,0.4376579821109772,0.20263296365737915,0.08446501195430756,渐进上升型,0.00663845687766969,0.15177090563438697,0.38144261468557145,0.13831939957666736,0.32182862322570455
泸208H2-1—第11段—泸208H2-2,泸208H2,泸208H2-1 | 第11段,快速稳定型,05e2b21cad8160,泸208H1,2,涨幅微弱型,0.5922222222222222,0.07111111111111111,0.17,0.12333333333333334,0.043333333333333335,渐进上升型,0.00675062387103862,0.14782764887336922,0.3853084754001362,0.13769540654120102,0.322417845314255,稳定缓升型,0.056738299208038176,0.2713084751340471,0.2842477579194191,0.30889524725934425,0.07881022047915165,渐进上升型,0.09709484875202179,0.16832520067691803,0.4453887343406677,0.20411038398742676,0.08508085459470749,渐进上升型,0.00675062387103862,0.14782764887336922,0.3853084754001362,0.13769540654120102,0.322417845314255
泸208H2-1—第12段—泸208H2-2,泸208H2,泸208H2-1 | 第12段,快速稳定型,5480262b44f05c,泸208H1,2,涨幅微弱型,0.5922222222222222,0.07111111111111111,0.17,0.12333333333333334,0.043333333333333335,先降后升型,0.004786683311835163,0.15355794704474457,0.34402671041005534,0.1369753714449632,0.3606532877884018,稳定缓升型,0.053917740137479096,0.29466204164550824,0.27402756393713135,0.3016009961207625,0.07579165815911873,渐进上升型,0.08891461789608002,0.22827152907848358,0.40038883686065674,0.19648069143295288,0.08594430238008499,先降后升型,0.004786683311835163,0.15355794704474457,0.34402671041005534,0.1369753714449632,0.3606532877884018
泸208H2-1—第13段—泸208H2-2,泸208H2,泸208H2-1 | 第13段,快速稳定型,15831bbda50f3c,泸208H1,2,涨幅微弱型,0.5922222222222222,0.07111111111111111,0.17,0.12333333333333334,0.043333333333333335,渐进上升型,0.009010969156029135,0.21342957601965684,0.5800622451736411,0.14745215274111687,0.0500450569095561,渐进上升型,0.044068023254265516,0.17167186249065125,0.4871875218399021,0.22087359798998735,0.07619899442519412,渐进上升型,0.11037706583738327,0.07904665917158127,0.6715295314788818,0.11472237855195999,0.02432437799870968,渐进上升型,0.009010969156029135,0.21342957601965684,0.5800622451736411,0.14745215274111687,0.0500450569095561
泸208H2-1—第14段—泸208H2-2,泸208H2,泸208H2-1 | 第14段,快速稳定型,f10ee23ff03d1b,泸208H1,2,涨幅微弱型,0.5922222222222222,0.07111111111111111,0.17,0.12333333333333334,0.043333333333333335,渐进上升型,0.006527465708958439,0.17031092551821286,0.41382502702235674,0.13895371263196446,0.2703828691185075,渐进上升型,0.05917274520866065,0.24850143274689643,0.31010287352105176,0.29435909928279375,0.08786384924059773,渐进上升型,0.08651839196681976,0.14998969435691833,0.5146307349205017,0.17571251094341278,0.07314866781234741,渐进上升型,0.006527465708958439,0.17031092551821286,0.41382502702235674,0.13895371263196446,0.2703828691185075
泸208H2-1—第15段—泸208H2-2,泸208H2,泸208H2-1 | 第15段,快速稳定型,42840c4d4accc2,泸208H1,2,涨幅微弱型,0.5922222222222222,0.07111111111111111,0.17,0.12333333333333334,0.043333333333333335,渐进上升型,0.009493000064248676,0.1474430497527389,0.47046514105380544,0.1347466415124456,0.23785216761676145,渐进上升型,0.06096909462449537,0.23807421457151642,0.3836852943357717,0.24973782558099528,0.06753357088722155,渐进上升型,0.08459186553955078,0.10561488568782806,0.5864108800888062,0.171799898147583,0.051582466810941696,渐进上升型,0.009493000064248676,0.1474430497527389,0.47046514105380544,0.1347466415124456,0.23785216761676145
泸208H2-1—第16段—泸208H2-2,泸208H2,泸208H2-1 | 第16段,快速稳定型,f54975080bdee1,泸208H1,2,涨幅微弱型,0.5922222222222222,0.07111111111111111,0.17,0.12333333333333334,0.043333333333333335,渐进上升型,0.00949185877791505,0.14744955941763882,0.47047467952265337,0.13474390706757372,0.23783999521421895,渐进上升型,0.06096909462449537,0.23807421457151642,0.3836852943357717,0.24973782558099528,0.06753357088722155,渐进上升型,0.08459186553955078,0.10561488568782806,0.5864108800888062,0.171799898147583,0.051582466810941696,渐进上升型,0.00949185877791505,0.14744955941763882,0.47047467952265337,0.13474390706757372,0.23783999521421895
泸208H2-1—第19段—泸208H2-2,泸208H2,泸208H2-1 | 第19段,快速稳定型,85fe388cddfba9,泸208H1,2,涨幅微弱型,0.5922222222222222,0.07111111111111111,0.17,0.12333333333333334,0.043333333333333335,渐进上升型,0.00933004232414911,0.15317259854615475,0.46338835064493356,0.13596723230193714,0.23814177618282545,渐进上升型,0.05879331901121976,0.23341564975670162,0.37088053543726285,0.2693769249075946,0.06753357088722155,渐进上升型,0.09191187471151352,0.11866343021392822,0.546712338924408,0.18666626513004303,0.05604606866836548,渐进上升型,0.00933004232414911,0.15317259854615475,0.46338835064493356,0.13596723230193714,0.23814177618282545
泸208H2-2—第12段—泸208H2-3,泸208H2,泸208H2-2 | 第12段,稳定缓升型,437ce3818c71b2,泸208H1,2,涨幅微弱型,0.5922222222222222,0.07111111111111111,0.17,0.12333333333333334,0.043333333333333335,渐进上升型,0.009420927339409479,0.15435040890244137,0.5798357088279502,0.120664034673331,0.13572892025686792,渐进上升型,0.06774402773725527,0.21567653038489468,0.42642118831747333,0.22958389149571937,0.06057436206465768,渐进上升型,0.07860776036977768,0.10694370418787003,0.6121693849563599,0.1701420694589615,0.032137077301740646,渐进上升型,0.009420927339409479,0.15435040890244137,0.5798357088279502,0.120664034673331,0.13572892025686792
泸208H2-2—第14段—泸208H2-1,泸208H2,泸208H2-2 | 第14段,快速稳定型,9dfcc70a6cafe9,泸208H1,2,涨幅微弱型,0.5922222222222222,0.07111111111111111,0.17,0.12333333333333334,0.043333333333333335,渐进上升型,0.01091939688058271,0.14077491997899352,0.589726646803365,0.12424377025907342,0.1343352660779854,渐进上升型,0.07683287870110625,0.21171648579985006,0.4325728047322477,0.21996699488073274,0.05891083588606359,渐进上升型,0.0882267951965332,0.10538653284311295,0.5522096753120422,0.2184620052576065,0.03571498394012451,渐进上升型,0.01091939688058271,0.14077491997899352,0.589726646803365,0.12424377025907342,0.1343352660779854
泸208H2-3—第20段—泸208H2-4,泸208H2,泸208H2-3 | 第20段,渐进上升型,db0a8351f2a5dd,泸208H1,2,涨幅微弱型,0.5922222222222222,0.07111111111111111,0.17,0.12333333333333334,0.043333333333333335,渐进上升型,0.01551738014291196,0.15786604952011726,0.37959867361935357,0.1383155846173966,0.30870231210022064,稳定缓升型,0.07193388283193064,0.2910533831269107,0.2480985490362033,0.3031579213769785,0.08575626362797696,渐进上升型,0.09491796791553497,0.19322556257247925,0.38628533482551575,0.23498699069023132,0.09058418869972229,渐进上升型,0.01551738014291196,0.15786604952011726,0.37959867361935357,0.1383155846173966,0.30870231210022064
泸208H2-3—第21段—泸208H2-4,泸208H2,泸208H2-3 | 第21段,渐进上升型,75f149cd733bbf,泸208H1,2,涨幅微弱型,0.5922222222222222,0.07111111111111111,0.17,0.12333333333333334,0.043333333333333335,渐进上升型,0.01564891467719268,0.15412679986825428,0.38458178726030295,0.1374883260018677,0.3081541721923822,稳定缓升型,0.07138061665366445,0.28198986562589334,0.2588646429640619,0.30178676598008786,0.08597810877629271,渐进上升型,0.0951739251613617,0.1810232698917389,0.3973537087440491,0.2356206625699997,0.09082845598459244,渐进上升型,0.01564891467719268,0.15412679986825428,0.38458178726030295,0.1374883260018677,0.3081541721923822
泸208H2-3—第22段—泸208H2-4,泸208H2,泸208H2-3 | 第22段,渐进上升型,29e537c9702bfa,泸208H1,2,涨幅微弱型,0.5922222222222222,0.07111111111111111,0.17,0.12333333333333334,0.043333333333333335,渐进上升型,0.017453117407792356,0.12693051246524287,0.42633463414857753,0.13140062600078192,0.2978811099776053,渐进上升型,0.07714269124845961,0.2346795782516673,0.3704432814860771,0.25276379927405485,0.06497064973974158,渐进上升型,0.09762205928564072,0.11144746094942093,0.4953170418739319,0.23075748980045319,0.0648559182882309,渐进上升型,0.017453117407792356,0.12693051246524287,0.42633463414857753,0.13140062600078192,0.2978811099776053
泸208H2-3—第23段—泸208H2-4,泸208H2,泸208H2-3 | 第23段,渐进上升型,f5b1848f53ec94,泸208H1,2,涨幅微弱型,0.5922222222222222,0.07111111111111111,0.17,0.12333333333333334,0.043333333333333335,渐进上升型,0.018581454428197284,0.1441733608820665,0.4235377547876925,0.13908066181036727,0.27462676809167647,渐进上升型,0.06639436314109513,0.2500999774617336,0.4290279809927965,0.21317546561625517,0.04130221278811965,渐进上升型,0.08550749719142914,0.10615754127502441,0.5650956630706787,0.21212981641292572,0.031109465286135674,渐进上升型,0.018581454428197284,0.1441733608820665,0.4235377547876925,0.13908066181036727,0.27462676809167647
泸208H2-3—第25段—泸208H2-4,泸208H2,泸208H2-3 | 第25段,快速稳定型,92ff2ea7b26c3e,泸208H1,2,涨幅微弱型,0.5922222222222222,0.07111111111111111,0.17,0.12333333333333334,0.043333333333333335,渐进上升型,0.018005306077312565,0.1420299543979192,0.4316789739814228,0.135233015092002,0.27305275045134353,渐进上升型,0.07719702927154765,0.23673121283426163,0.38702289371681164,0.24120416140733492,0.057844702770044616,渐进上升型,0.0949917659163475,0.11077380180358887,0.5270870923995972,0.22454003989696503,0.04260731115937233,渐进上升型,0.018005306077312565,0.1420299543979192,0.4316789739814228,0.135233015092002,0.27305275045134353
泸208H2-3—第26段—泸208H2-4,泸208H2,泸208H2-3 | 第26段,快速稳定型,c9d9563fd9c134,泸208H1,2,涨幅微弱型,0.5922222222222222,0.07111111111111111,0.17,0.12333333333333334,0.043333333333333335,渐进上升型,0.023902439256534538,0.14125867673765014,0.43931107583816226,0.1212649197358049,0.2742628884318481,渐进上升型,0.0730539696021722,0.23382541255510608,0.41204518477857627,0.238496408512082,0.042579024552063756,渐进上升型,0.0908689796924591,0.10812267661094666,0.5494548678398132,0.21479468047618866,0.03675878793001175,渐进上升型,0.023902439256534538,0.14125867673765014,0.43931107583816226,0.1212649197358049,0.2742628884318481
泸208H2-3—第27段—泸208H2-4,泸208H2,泸208H2-3 | 第27段,快速稳定型,aefc61a61f4d08,泸208H1,2,涨幅微弱型,0.5922222222222222,0.07111111111111111,0.17,0.12333333333333334,0.043333333333333335,渐进上升型,0.02003155083233131,0.12294797105277934,0.4213240930343948,0.13152847099146928,0.30416791408902544,渐进上升型,0.07468898754475593,0.23942585049793946,0.36510207176986725,0.25493491519517075,0.06584817499226683,渐进上升型,0.10568215698003769,0.11065463721752167,0.4917934238910675,0.23250538110733032,0.05936441943049431,渐进上升型,0.02003155083233131,0.12294797105277934,0.4213240930343948,0.13152847099146928,0.30416791408902544
泸208H2-4—第3段—泸208H2-5,泸208H2,泸208H2-4 | 第3段,渐进上升型,bc99c5698681e8,泸208H1,2,涨幅微弱型,0.5922222222222222,0.07111111111111111,0.17,0.12333333333333334,0.043333333333333335,渐进上升型,0.016289918862444564,0.16220685533416673,0.5113808552436148,0.12281911272622574,0.1873032578335483,渐进上升型,0.06932607859912641,0.24519812160273774,0.3958730817984239,0.23132650556286405,0.058276212436848406,渐进上升型,0.08965013176202774,0.11018475890159607,0.5292479991912842,0.22287261486053467,0.04804450273513794,渐进上升型,0.016289918862444564,0.16220685533416673,0.5113808552436148,0.12281911272622574,0.1873032578335483
泸208H2-4—第4段—泸208H2-5,泸208H2,泸208H2-4 | 第4段,渐进上升型,7843980d032151,泸208H1,2,涨幅微弱型,0.5922222222222222,0.07111111111111111,0.17,0.12333333333333334,0.043333333333333335,渐进上升型,0.013922323786747067,0.12336964417096845,0.49828641120526174,0.13402915007038496,0.23039247076663766,渐进上升型,0.07638104263019337,0.24705886514411204,0.3772084463464431,0.2408945348883431,0.058457110990908716,渐进上升型,0.0959349125623703,0.10653023421764374,0.5256911516189575,0.2189580649137497,0.05288567766547203,渐进上升型,0.013922323786747067,0.12336964417096845,0.49828641120526174,0.13402915007038496,0.23039247076663766
泸208H2-4—第8段—泸208H2-5,泸208H2,泸208H2-4 | 第8段,稳定缓升型,8c440c61e350d0,泸208H1,2,涨幅微弱型,0.5922222222222222,0.07111111111111111,0.17,0.12333333333333334,0.043333333333333335,渐进上升型,0.014767423688945106,0.1305945605449959,0.3978937024759161,0.12973797624247307,0.3270063370476699,渐进上升型,0.0739482468040152,0.2426720024940915,0.3636093168396124,0.25623707368482923,0.06353336017745201,渐进上升型,0.10571090131998062,0.12442268431186676,0.4789729118347168,0.2315129041671753,0.05938056856393814,渐进上升型,0.014767423688945106,0.1305945605449959,0.3978937024759161,0.12973797624247307,0.3270063370476699
泸208H2-4—第12段—泸208H2-5,泸208H2,泸208H2-4 | 第12段,稳定缓升型,2ffa87299aa599,泸208H1,2,涨幅微弱型,0.5922222222222222,0.07111111111111111,0.17,0.12333333333333334,0.043333333333333335,渐进上升型,0.014720312952474994,0.09009788362317846,0.48289974617813125,0.16487727837445806,0.24740477887175724,渐进上升型,0.0580775067582343,0.21365151442483105,0.42190865242500325,0.2533778997096528,0.05298442668227884,渐进上升型,0.0974905714392662,0.09883374720811844,0.45785006880760193,0.2914210855960846,0.05440455675125122,渐进上升型,0.014720312952474994,0.09009788362317846,0.48289974617813125,0.16487727837445806,0.24740477887175724
泸208H2-4—第15段—泸208H2-5,泸208H2,泸208H2-4 | 第15段,稳定缓升型,fd1433b4430522,泸208H1,2,涨幅微弱型,0.5922222222222222,0.07111111111111111,0.17,0.12333333333333334,0.043333333333333335,渐进上升型,0.013059085080860275,0.030779666293291992,0.5390098433307666,0.06274482920316972,0.3544065760919114,渐进上升型,0.04740624693933517,0.22393117236941526,0.3464158324661577,0.2595589645748471,0.12268778365024496,渐进上升型,0.09663137048482895,0.11457202583551407,0.5398958921432495,0.2044222503900528,0.0444784015417099,渐进上升型,0.013059085080860275,0.030779666293291992,0.5390098433307666,0.06274482920316972,0.3544065760919114
泸208H2-4—第16段—泸208H2-5,泸208H2,泸208H2-4 | 第16段,稳定缓升型,25f4d81d516aa7,泸208H1,2,涨幅微弱型,0.5922222222222222,0.07111111111111111,0.17,0.12333333333333334,0.043333333333333335,渐进上升型,0.007975118493405728,0.0516988633847851,0.8461958358748862,0.05498249172972766,0.039147690517195424,渐进上升型,0.0327002070426993,0.17106491225134807,0.43654285850744845,0.1897665981464357,0.1699254240520688,渐进上升型,0.11963970214128494,0.1249733418226242,0.6142998933792114,0.11301153153181076,0.028075508773326874,渐进上升型,0.007975118493405728,0.0516988633847851,0.8461958358748862,0.05498249172972766,0.039147690517195424
泸208H2-5—第7段—泸208H2-4,泸208H2,泸208H2-5 | 第7段,渐进上升型,ea4a03b0e11cfd,泸208H1,2,涨幅微弱型,0.5922222222222222,0.07111111111111111,0.17,0.12333333333333334,0.043333333333333335,渐进上升型,0.03616367212029174,0.162098159770054,0.4276728797814889,0.11629472585758889,0.25777056247057645,渐进上升型,0.07559004327795175,0.2556685126775212,0.34464117546086726,0.2853534495511083,0.038746819032551734,渐进上升型,0.11323025822639465,0.1340244561433792,0.4345468580722809,0.2733445167541504,0.044853948056697845,渐进上升型,0.03616367212029174,0.162098159770054,0.4276728797814889,0.11629472585758889,0.25777056247057645
泸208H2-5—第10段—泸208H2-3,泸208H2,泸208H2-5 | 第10段,稳定缓升型,085774fe56ef73,泸208H1,2,涨幅微弱型,0.5922222222222222,0.07111111111111111,0.17,0.12333333333333334,0.043333333333333335,先降后升型,0.08643293468729057,0.06689178970779187,0.31157487264146444,0.13899653643382165,0.3961038665296315,稳定缓升型,0.13350708266557942,0.21504452628737772,0.2364574768960733,0.3553242983438419,0.05966661580712794,稳定缓升型,0.2465914785861969,0.09494461864233017,0.2364417016506195,0.3443058133125305,0.0777164176106453,先降后升型,0.08643293468729057,0.06689178970779187,0.31157487264146444,0.13899653643382165,0.3961038665296315
泸208H2-6—第3段—泸208H2-7,泸208H2,泸208H2-6 | 第3段,渐进上升型,5fcd50776a218e,泸208H1,2,涨幅微弱型,0.5922222222222222,0.07111111111111111,0.17,0.12333333333333334,0.043333333333333335,渐进上升型,0.010863925061021207,0.14748552098752227,0.4875609115381706,0.1546053799838962,0.19948426242938985,渐进上升型,0.0439903670460946,0.19297097146632766,0.4035129785934739,0.2986505306484023,0.06087515224570177,渐进上升型,0.08677578717470169,0.0925881415605545,0.5211024880409241,0.23368489742279053,0.06584871560335159,渐进上升型,0.010863925061021207,0.14748552098752227,0.4875609115381706,0.1546053799838962,0.19948426242938985
泸208H2-6—第4段—泸208H2-7,泸208H2,泸208H2-6 | 第4段,快速稳定型,9d5b2c40f662dd,泸208H1,2,涨幅微弱型,0.5922222222222222,0.07111111111111111,0.17,0.12333333333333334,0.043333333333333335,渐进上升型,0.019891308090281317,0.19318888185010497,0.44111970101968273,0.14344823099885817,0.2023518780410729,稳定缓升型,0.07149330319098338,0.28513348050702747,0.24951724254313196,0.3145181657221299,0.07933780803672726,渐进上升型,0.1016945093870163,0.20602895319461823,0.33523622155189514,0.24960528314113617,0.10743503272533417,渐进上升型,0.019891308090281317,0.19318888185010497,0.44111970101968273,0.14344823099885817,0.2023518780410729
泸208H2-6—第4段—泸208H2-8,泸208H2,泸208H2-6 | 第4段,快速稳定型,1aad6280508974,泸208H1,2,涨幅微弱型,0.5922222222222222,0.07111111111111111,0.17,0.12333333333333334,0.043333333333333335,渐进上升型,0.0670473034200476,0.1118758233653465,0.3299254565054453,0.16570719087511018,0.3254442258340504,稳定缓升型,0.10113263997863674,0.26771309387066716,0.20320708050444844,0.35177664463901676,0.07617054100723111,稳定缓升型,0.20455192029476166,0.13426698744297028,0.2161058783531189,0.31371811032295227,0.1313570737838745,渐进上升型,0.0670473034200476,0.1118758233653465,0.3299254565054453,0.16570719087511018,0.3254442258340504
泸208H2-6—第7段—泸208H2-7,泸208H2,泸208H2-6 | 第7段,快速稳定型,eccb5b1030e9c7,泸208H1,2,涨幅微弱型,0.5922222222222222,0.07111111111111111,0.17,0.12333333333333334,0.043333333333333335,渐进上升型,0.020025664111658483,0.1896255678305629,0.44547833692321587,0.1427838380916333,0.20208659304292936,稳定缓升型,0.0723060321287123,0.2813285932646403,0.24944619907135326,0.3168039667946958,0.08011520874059853,渐进上升型,0.10199765861034393,0.20366214215755463,0.33623555302619934,0.25034937262535095,0.10775529593229294,渐进上升型,0.020025664111658483,0.1896255678305629,0.44547833692321587,0.1427838380916333,0.20208659304292936
泸208H2-6—第8段—泸208H2-8,泸208H2,泸208H2-6 | 第8段,快速稳定型,53d7b859bd1c54,泸208H1,2,涨幅微弱型,0.5922222222222222,0.07111111111111111,0.17,0.12333333333333334,0.043333333333333335,渐进上升型,0.06990828513106917,0.10405587947875058,0.33678853746275483,0.16320576837382358,0.32604152955360194,稳定缓升型,0.10317961261384467,0.25204320616033826,0.22139451083661973,0.36021064453960877,0.06317202584958873,稳定缓升型,0.2065279185771942,0.1258345991373062,0.22044040262699127,0.31674864888191223,0.1304483711719513,渐进上升型,0.06990828513106917,0.10405587947875058,0.33678853746275483,0.16320576837382358,0.32604152955360194
泸208H2-6—第10段—泸208H2-7,泸208H2,泸208H2-6 | 第10段,渐进上升型,7413fdf77c50cc,泸208H1,2,涨幅微弱型,0.5922222222222222,0.07111111111111111,0.17,0.12333333333333334,0.043333333333333335,渐进上升型,0.02674806589212101,0.20282663405390283,0.3689406450419274,0.12899843890062745,0.27248621611142143,快速稳定型,0.06627739872507889,0.2966003688652793,0.29104479338207473,0.29027156754565814,0.0558058714819093,渐进上升型,0.09253266453742981,0.18994155526161194,0.41703274846076965,0.25582095980644226,0.044672105461359024,渐进上升型,0.02674806589212101,0.20282663405390283,0.3689406450419274,0.12899843890062745,0.27248621611142143
泸208H2-6—第13段—泸208H2-7,泸208H2,泸208H2-6 | 第13段,快速稳定型,bea7c9c0f32124,泸208H1,2,涨幅微弱型,0.5922222222222222,0.07111111111111111,0.17,0.12333333333333334,0.043333333333333335,渐进上升型,0.009143577749953911,0.1549073713814993,0.3743231205076788,0.15398605560595285,0.30763987475491517,渐进上升型,0.04555175666195401,0.2114764663047365,0.43108912969185903,0.28111732384545857,0.030765323495992373,渐进上升型,0.07280457764863968,0.12015260756015778,0.5477392077445984,0.23186233639717102,0.027441317215561867,渐进上升型,0.009143577749953911,0.1549073713814993,0.3743231205076788,0.15398605560595285,0.30763987475491517
泸208H2-6—第15段—泸208H2-7,泸208H2,泸208H2-6 | 第15段,快速稳定型,d664e17f0056a7,泸208H1,2,涨幅微弱型,0.5922222222222222,0.07111111111111111,0.17,0.12333333333333334,0.043333333333333335,渐进上升型,0.013541518614647518,0.16222339898891874,0.37254648139117863,0.16691547939023604,0.28477312161501905,快速稳定型,0.07154651761000658,0.31016274321198684,0.2305855376130718,0.3070564205923315,0.08064878097260343,渐进上升型,0.11036381870508194,0.2185920923948288,0.28722551465034485,0.27584266662597656,0.10797592997550964,渐进上升型,0.013541518614647518,0.16222339898891874,0.37254648139117863,0.16691547939023604,0.28477312161501905
泸208H2-6—第22段—泸208H2-7,泸208H2,泸208H2-6 | 第22段,稳定缓升型,03b6bd18333fe0,泸208H1,2,涨幅微弱型,0.5922222222222222,0.07111111111111111,0.17,0.12333333333333334,0.043333333333333335,渐进上升型,0.019794033890823307,0.172777219733923,0.4940598514233253,0.1354360218185151,0.17793287313341338,渐进上升型,0.07836091493502481,0.2622971576184282,0.31380802687594483,0.2856938488435832,0.05984005172701919,渐进上升型,0.10383966565132141,0.14016669988632202,0.4379785358905792,0.25444915890693665,0.06356591731309891,渐进上升型,0.019794033890823307,0.172777219733923,0.4940598514233253,0.1354360218185151,0.17793287313341338
泸208H2-7—第2段—泸208H2-6,泸208H2,泸208H2-7 | 第2段,渐进上升型,8213651b6e80a5,泸208H1,2,涨幅微弱型,0.5922222222222222,0.07111111111111111,0.17,0.12333333333333334,0.043333333333333335,渐进上升型,0.00988510890999401,0.26568880073434464,0.27190768739768023,0.20267914747047855,0.2498392554875025,稳定缓升型,0.05417078376201827,0.28706992175780877,0.2790184088206493,0.3163996740185115,0.06334121164101227,稳定缓升型,0.09308089315891266,0.18726401031017303,0.3052738308906555,0.3355819582939148,0.07879932969808578,渐进上升型,0.00988510890999401,0.26568880073434464,0.27190768739768023,0.20267914747047855,0.2498392554875025
泸208H2-7—第2段—泸208H2-8,泸208H2,泸208H2-7 | 第2段,稳定缓升型,552964b41bc074,泸208H1,2,涨幅微弱型,0.5922222222222222,0.07111111111111111,0.17,0.12333333333333334,0.043333333333333335,渐进上升型,0.008984813762017223,0.27524452070286876,0.2763850572480188,0.1994710956329199,0.23991451265417538,稳定缓升型,0.05102594249217699,0.2948403253738006,0.2736706162945479,0.3163643284408865,0.06409878739858801,稳定缓升型,0.09510204941034317,0.19133025407791138,0.2901885211467743,0.3428688049316406,0.08051037788391113,渐进上升型,0.008984813762017223,0.27524452070286876,0.2763850572480188,0.1994710956329199,0.23991451265417538
泸208H2-7—第3段—泸208H2-6,泸208H2,泸208H2-7 | 第3段,快速稳定型,db2dc1e352de11,泸208H1,2,涨幅微弱型,0.5922222222222222,0.07111111111111111,0.17,0.12333333333333334,0.043333333333333335,渐进上升型,0.020839466887635296,0.2724898139814241,0.2733821276838673,0.17764747397622888,0.2556411174708445,快速稳定型,0.07031005815228167,0.34227125503269457,0.2063868129703401,0.33071766786658174,0.05031420597810197,稳定缓升型,0.11279376596212387,0.23917794227600098,0.26774340867996216,0.29123738408088684,0.08904749900102615,渐进上升型,0.020839466887635296,0.2724898139814241,0.2733821276838673,0.17764747397622888,0.2556411174708445
泸208H2-7—第5段—泸208H2-6,泸208H2,泸208H2-7 | 第5段,稳定缓升型,3958c00a53f7a0,泸208H1,2,涨幅微弱型,0.5922222222222222,0.07111111111111111,0.17,0.12333333333333334,0.043333333333333335,渐进上升型,0.00836916709532945,0.21764672242917568,0.31774640600946297,0.1618306238226243,0.29440708064340754,渐进上升型,0.046761078314387146,0.2192476355415597,0.3825325085453763,0.3053341858519877,0.04612459174668928,渐进上升型,0.08479838073253632,0.12028275430202484,0.48948055505752563,0.25021061301231384,0.05522775650024414,渐进上升型,0.00836916709532945,0.21764672242917568,0.31774640600946297,0.1618306238226243,0.29440708064340754
泸208H2-7—第8段—泸208H2-6,泸208H2,泸208H2-7 | 第8段,渐进上升型,00a4514ac57a90,泸208H1,2,涨幅微弱型,0.5922222222222222,0.07111111111111111,0.17,0.12333333333333334,0.043333333333333335,渐进上升型,0.01800721467736144,0.21554058070731053,0.36908664746506137,0.17618995039054228,0.22117560675972442,稳定缓升型,0.06658848449746495,0.2961814436378081,0.22292413764178415,0.3200981859162174,0.09420774830672554,渐进上升型,0.10170840471982956,0.21317516267299652,0.3369528651237488,0.2550235390663147,0.09314005076885223,渐进上升型,0.01800721467736144,0.21554058070731053,0.36908664746506137,0.17618995039054228,0.22117560675972442
泸208H2-7—第9段—泸208H2-6,泸208H2,泸208H2-7 | 第9段,先降后升型,6412a771dacf53,泸208H1,2,涨幅微弱型,0.5922222222222222,0.07111111111111111,0.17,0.12333333333333334,0.043333333333333335,快速稳定型,0.016370554245775177,0.31337729098509814,0.2849134089832286,0.20626103444101176,0.17907771134488648,快速稳定型,0.08847736549830794,0.33500768099233286,0.1955199351483611,0.2768994458329846,0.10409557252801363,渐进上升型,0.19251497089862823,0.23273617029190063,0.24585556983947754,0.23696187138557434,0.09193146973848343,快速稳定型,0.016370554245775177,0.31337729098509814,0.2849134089832286,0.20626103444101176,0.17907771134488648
泸208H2-7—第11段—泸208H2-6,泸208H2,泸208H2-7 | 第11段,快速稳定型,60e9f5e680f00b,泸208H1,2,涨幅微弱型,0.5922222222222222,0.07111111111111111,0.17,0.12333333333333334,0.043333333333333335,先降后升型,0.0174851982996453,0.19309598828116126,0.2722634627264305,0.10127477707781171,0.41588057361495123,快速稳定型,0.08041413115902489,0.33457076936547825,0.24261494664361238,0.2879572153548841,0.054442937477000214,渐进上升型,0.11422419548034668,0.20230333507061005,0.45339763164520264,0.17263083159923553,0.057443972676992416,先降后升型,0.0174851982996453,0.19309598828116126,0.2722634627264305,0.10127477707781171,0.41588057361495123
泸208H2-7—第12段—泸208H2-6,泸208H2,泸208H2-7 | 第12段,渐进上升型,65b7f9eba4a20e,泸208H1,2,涨幅微弱型,0.5922222222222222,0.07111111111111111,0.17,0.12333333333333334,0.043333333333333335,先降后升型,0.015054206532470247,0.2571389136059878,0.25495313865964,0.2063649972460002,0.2664887439559018,快速稳定型,0.08921024798056656,0.34665404677346034,0.1872396341945455,0.26201542324723975,0.11488064780418797,渐进上升型,0.1898495852947235,0.22951391339302063,0.2544417381286621,0.2336811125278473,0.09251361340284348,先降后升型,0.015054206532470247,0.2571389136059878,0.25495313865964,0.2063649972460002,0.2664887439559018
泸208H2-7—第13段—泸208H2-6,泸208H2,泸208H2-7 | 第13段,稳定缓升型,b5fa74b26b2f3e,泸208H1,2,涨幅微弱型,0.5922222222222222,0.07111111111111111,0.17,0.12333333333333334,0.043333333333333335,快速稳定型,0.017401754400284488,0.2772253694839525,0.2413938846669422,0.20339195051545658,0.26058704093336416,快速稳定型,0.09171914754523704,0.3650981800901849,0.17042533850045566,0.2707738632184314,0.10198347064569117,快速稳定型,0.18685394525527954,0.2619825303554535,0.23194149136543274,0.22999387979507446,0.08922816067934036,快速稳定型,0.017401754400284488,0.2772253694839525,0.2413938846669422,0.20339195051545658,0.26058704093336416
泸208H2-7—第14段—泸208H2-6,泸208H2,泸208H2-7 | 第14段,渐进上升型,d5669007e1b97b,泸208H1,2,涨幅微弱型,0.5922222222222222,0.07111111111111111,0.17,0.12333333333333334,0.043333333333333335,快速稳定型,0.022964245806158134,0.2772321113712014,0.25526700933017465,0.17880225420444773,0.265734379288018,快速稳定型,0.09281992738068713,0.36827407809018275,0.16495178111625125,0.26547183475512187,0.10848237865775706,快速稳定型,0.19979363679885864,0.24153552949428558,0.2401009202003479,0.22257100045681,0.09599889069795609,快速稳定型,0.022964245806158134,0.2772321113712014,0.25526700933017465,0.17880225420444773,0.265734379288018
泸208H2-7—第15段—泸208H2-6,泸208H2,泸208H2-7 | 第15段,稳定缓升型,d295d505c21eb7,泸208H1,2,涨幅微弱型,0.5922222222222222,0.07111111111111111,0.17,0.12333333333333334,0.043333333333333335,渐进上升型,0.018858784996699882,0.25780780714196677,0.2837668823016069,0.19914134784033247,0.2404251777193941,快速稳定型,0.0925451115968834,0.3389818984243676,0.17902167091869803,0.28092279316418794,0.10852852589586316,渐进上升型,0.18527227640151978,0.2256656140089035,0.26281219720840454,0.23835688829421997,0.08789300173521042,渐进上升型,0.018858784996699882,0.25780780714196677,0.2837668823016069,0.19914134784033247,0.2404251777193941
泸208H2-7—第16段—泸208H2-8,泸208H2,泸208H2-7 | 第16段,渐进上升型,e416b8238213dc,泸208H1,2,涨幅微弱型,0.5922222222222222,0.07111111111111111,0.17,0.12333333333333334,0.043333333333333335,先降后升型,0.03120669466495807,0.2603008794786508,0.2268378315731035,0.1562836728376714,0.32537092144561613,快速稳定型,0.08926002250297078,0.3505979551891404,0.19065395551389824,0.2946140303456661,0.07487403644832455,渐进上升型,0.18117563426494598,0.23379342257976532,0.3012615442276001,0.22455869615077972,0.05921068415045738,先降后升型,0.03120669466495807,0.2603008794786508,0.2268378315731035,0.1562836728376714,0.32537092144561613
泸208H2-7—第21段—泸208H2-8,泸208H2,泸208H2-7 | 第21段,渐进上升型,b284895d4dcce0,泸208H1,2,涨幅微弱型,0.5922222222222222,0.07111111111111111,0.17,0.12333333333333334,0.043333333333333335,先降后升型,0.024382887783275374,0.19167498538943953,0.26295316704730604,0.146276075841646,0.3747128839383331,快速稳定型,0.07312890862012593,0.31379342957187206,0.26807280965743024,0.2722271166739888,0.07277773547658316,渐进上升型,0.10350602120161057,0.2237280160188675,0.3488151431083679,0.2628590166568756,0.06109180301427841,先降后升型,0.024382887783275374,0.19167498538943953,0.26295316704730604,0.146276075841646,0.3747128839383331
泸208H2-8—第1段—泸208H2-7,泸208H2,泸208H2-8 | 第1段,渐进上升型,7f941e02588ffa,泸208H1,2,涨幅微弱型,0.5922222222222222,0.07111111111111111,0.17,0.12333333333333334,0.043333333333333335,渐进上升型,0.013350431972767862,0.27287942768769696,0.3334293318634776,0.17442392312232546,0.20591688535373198,快速稳定型,0.0828451119465266,0.32957657082543296,0.22117489895705644,0.32033845062655736,0.046064967644426795,稳定缓升型,0.11125151813030243,0.23997856676578522,0.2936249375343323,0.29970648884773254,0.055438488721847534,渐进上升型,0.013350431972767862,0.27287942768769696,0.3334293318634776,0.17442392312232546,0.20591688535373198
泸208H2-8—第4段—泸208H2-7,泸208H2,泸208H2-8 | 第4段,渐进上升型,3bdce133f83913,泸208H1,2,涨幅微弱型,0.5922222222222222,0.07111111111111111,0.17,0.12333333333333334,0.043333333333333335,渐进上升型,0.01506753079359788,0.25913124599221604,0.3426510218359231,0.18210412436983645,0.20104607700842655,快速稳定型,0.07928404168508868,0.34271167714068634,0.20536554049144798,0.3217126619272392,0.0509260787555379,渐进上升型,0.10199274867773056,0.2324974238872528,0.32143616676330566,0.2903634011745453,0.05371024087071419,渐进上升型,0.01506753079359788,0.25913124599221604,0.3426510218359231,0.18210412436983645,0.20104607700842655
泸208H2-8—第4段—泸208H2-9,泸208H2,泸208H2-8 | 第4段,渐进上升型,e1926f4c58fbe9,泸208H1,2,涨幅微弱型,0.5922222222222222,0.07111111111111111,0.17,0.12333333333333334,0.043333333333333335,渐进上升型,0.01609315840428566,0.2533493216155445,0.339335420417526,0.18432046638178512,0.20690163318085858,快速稳定型,0.08173443851048554,0.3343920311004521,0.2109613488905652,0.32198610274295947,0.0509260787555379,渐进上升型,0.09959721565246582,0.22703669965267181,0.3373737931251526,0.28354355692863464,0.052448734641075134,渐进上升型,0.01609315840428566,0.2533493216155445,0.339335420417526,0.18432046638178512,0.20690163318085858
泸208H2-8—第5段—泸208H2-7,泸208H2,泸208H2-8 | 第5段,渐进上升型,1171093ec6504a,泸208H1,2,涨幅微弱型,0.5922222222222222,0.07111111111111111,0.17,0.12333333333333334,0.043333333333333335,快速稳定型,0.009735377148748394,0.30393701650197846,0.2840168252677599,0.18335254560280975,0.21895823547870347,快速稳定型,0.07863481244210944,0.35945167381515886,0.19308510284454922,0.31982817386628065,0.049000237031902066,稳定缓升型,0.12623801827430725,0.2456902414560318,0.25796645879745483,0.31116870045661926,0.058936577290296555,快速稳定型,0.009735377148748394,0.30393701650197846,0.2840168252677599,0.18335254560280975,0.21895823547870347
泸208H2-8—第5段—泸208H2-9,泸208H2,泸208H2-8 | 第5段,渐进上升型,b9153318342a1f,泸208H1,2,涨幅微弱型,0.5922222222222222,0.07111111111111111,0.17,0.12333333333333334,0.043333333333333335,快速稳定型,0.010504270544615026,0.29622554741531193,0.28093054039512777,0.18597032922591633,0.22636931241902908,快速稳定型,0.08108520926750627,0.3511320277749245,0.19868091124366644,0.3201016146820009,0.049000237031902066,稳定缓升型,0.12384740263223648,0.241037517786026,0.2720186114311218,0.30527597665786743,0.05782047286629677,快速稳定型,0.010504270544615026,0.29622554741531193,0.28093054039512777,0.18597032922591633,0.22636931241902908
泸208H2-8—第7段—泸208H2-7,泸208H2,泸208H2-8 | 第7段,稳定缓升型,b246e5fbb47c5c,泸208H1,2,涨幅微弱型,0.5922222222222222,0.07111111111111111,0.17,0.12333333333333334,0.043333333333333335,先降后升型,0.020695959856302137,0.256773562765267,0.27728145054946757,0.1448105919845798,0.3004384348443835,快速稳定型,0.0680165705940882,0.34875488239103164,0.20090124006449275,0.31435298735616757,0.06797431959421993,渐进上升型,0.11242210865020752,0.24748168885707855,0.3050934672355652,0.2774699032306671,0.05753285437822342,先降后升型,0.020695959856302137,0.256773562765267,0.27728145054946757,0.1448105919845798,0.3004384348443835
泸208H2-8—第8段—泸208H2-7,泸208H2,泸208H2-8 | 第8段,渐进上升型,615f0d6b1f344c,泸208H1,2,涨幅微弱型,0.5922222222222222,0.07111111111111111,0.17,0.12333333333333334,0.043333333333333335,渐进上升型,0.015193646195902478,0.3138784444061772,0.438607849773711,0.13031766744371226,0.10200239218049717,快速稳定型,0.05073998797549706,0.3279933264135065,0.22203058505483417,0.2960902556849606,0.10314584487120185,渐进上升型,0.0899428203701973,0.27109402418136597,0.35477808117866516,0.22772738337516785,0.056457653641700745,渐进上升型,0.015193646195902478,0.3138784444061772,0.438607849773711,0.13031766744371226,0.10200239218049717
泸208H2-8—第8段—泸208H2-9,泸208H2,泸208H2-8 | 第8段,渐进上升型,66bc70adc60627,泸208H1,2,涨幅微弱型,0.5922222222222222,0.07111111111111111,0.17,0.12333333333333334,0.043333333333333335,渐进上升型,0.01621000646289297,0.30912037244796525,0.4370090646272976,0.13243250742431167,0.10522804903753255,快速稳定型,0.05317054353105261,0.32149260491278503,0.22845081413131324,0.29634435922031416,0.10054167820453518,渐进上升型,0.08761683851480484,0.2640833556652069,0.37146395444869995,0.22183820605278015,0.05499762296676636,渐进上升型,0.01621000646289297,0.30912037244796525,0.4370090646272976,0.13243250742431167,0.10522804903753255
泸208H2-8—第8段—泸208H2-10,泸208H2,泸208H2-8 | 第8段,渐进上升型,34a213582ab672,泸208H1,2,涨幅微弱型,0.5922222222222222,0.07111111111111111,0.17,0.12333333333333334,0.043333333333333335,渐进上升型,0.06406623905047734,0.1998718997860148,0.36754235149395253,0.1741183929173169,0.19440111675223845,稳定缓升型,0.08784005847388418,0.29766740317337026,0.18452485722644768,0.33226166188068035,0.09770601924561768,稳定缓升型,0.18911266326904297,0.18795515596866608,0.24425017833709717,0.30450502038002014,0.07417693734169006,渐进上升型,0.06406623905047734,0.1998718997860148,0.36754235149395253,0.1741183929173169,0.19440111675223845
泸208H2-8—第9段—泸208H2-7,泸208H2,泸208H2-8 | 第9段,渐进上升型,4f38a76424e4dd,泸208H1,2,涨幅微弱型,0.5922222222222222,0.07111111111111111,0.17,0.12333333333333334,0.043333333333333335,渐进上升型,0.017102935150544146,0.36730084550417874,0.37579951124783506,0.14435268093506864,0.09544402716237341,快速稳定型,0.06037045602324453,0.35259523320593744,0.18037201427007737,0.3187250564098349,0.0879372400909059,快速稳定型,0.10829871892929077,0.30609533190727234,0.26399344205856323,0.26596346497535706,0.0556490533053875,渐进上升型,0.017102935150544146,0.36730084550417874,0.37579951124783506,0.14435268093506864,0.09544402716237341
泸208H2-8—第9段—泸208H2-9,泸208H2,泸208H2-8 | 第9段,渐进上升型,262c7e526d0b8c,泸208H1,2,涨幅微弱型,0.5922222222222222,0.07111111111111111,0.17,0.12333333333333334,0.043333333333333335,渐进上升型,0.01840931003128554,0.3611866046058694,0.37442748873861237,0.1470702095774852,0.0989063870467476,快速稳定型,0.06280101157880008,0.3479940215091375,0.18483145903283094,0.31904043445499236,0.08533307342423924,快速稳定型,0.10620083659887314,0.30016589164733887,0.2782507836818695,0.2608114182949066,0.054571062326431274,渐进上升型,0.01840931003128554,0.3611866046058694,0.37442748873861237,0.1470702095774852,0.0989063870467476
泸208H2-8—第11段—泸208H2-9,泸208H2,泸208H2-8 | 第11段,渐进上升型,f16e8cfb48a023,泸208H1,2,涨幅微弱型,0.5922222222222222,0.07111111111111111,0.17,0.12333333333333334,0.043333333333333335,渐进上升型,0.016263411017037988,0.251115982259613,0.33716640563506695,0.16924121873127448,0.2262129823570076,快速稳定型,0.07121957882525046,0.34256799662887505,0.1772070562268256,0.3328315660334019,0.0761738022856472,稳定缓升型,0.11883153021335602,0.23585735261440277,0.2685956656932831,0.2853516638278961,0.09136377274990082,渐进上升型,0.016263411017037988,0.251115982259613,0.33716640563506695,0.16924121873127448,0.2262129823570076
泸208H2-8—第12段—泸208H2-9,泸208H2,泸208H2-8 | 第12段,稳定缓升型,7f670e604e13b1,泸208H1,2,涨幅微弱型,0.5922222222222222,0.07111111111111111,0.17,0.12333333333333334,0.043333333333333335,渐进上升型,0.02216615158901482,0.31683671163895605,0.4633041270777204,0.15108650127531514,0.04660650841899354,渐进上升型,0.06868109294386383,0.21489894917961866,0.4010498681978272,0.2710561755782345,0.044313914100455855,渐进上升型,0.14303910732269287,0.13737612962722778,0.5055107474327087,0.18700961768627167,0.027064425870776176,渐进上升型,0.02216615158901482,0.31683671163895605,0.4633041270777204,0.15108650127531514,0.04660650841899354
泸208H2-8—第14段—泸208H2-9,泸208H2,泸208H2-8 | 第14段,渐进上升型,0301b0503dc63e,泸208H1,2,涨幅微弱型,0.5922222222222222,0.07111111111111111,0.17,0.12333333333333334,0.043333333333333335,渐进上升型,0.013298278238544481,0.11839920618748294,0.7481070080491653,0.07980887457534365,0.04038663294946358,渐进上升型,0.03551233126107352,0.17604549440927159,0.5480971745868225,0.18052129817851573,0.059823701564316885,渐进上升型,0.09451228380203247,0.08157262206077576,0.6972909569740295,0.11041565239429474,0.016208510845899582,渐进上升型,0.013298278238544481,0.11839920618748294,0.7481070080491653,0.07980887457534365,0.04038663294946358
泸208H2-9—第4段—泸208H2-8,泸208H2,泸208H2-9 | 第4段,渐进上升型,5f89338afc9c77,泸208H1,2,涨幅微弱型,0.5922222222222222,0.07111111111111111,0.17,0.12333333333333334,0.043333333333333335,渐进上升型,0.0077054307733482605,0.25146254725690403,0.3124852087870425,0.23343019800815534,0.19491661517454975,稳定缓升型,0.044252768609386234,0.2608454807289947,0.3113312567277351,0.3332885923129731,0.05028190162091091,渐进上升型,0.08089374005794525,0.1575753390789032,0.3718849718570709,0.3534597158432007,0.036186229437589645,渐进上升型,0.0077054307733482605,0.25146254725690403,0.3124852087870425,0.23343019800815534,0.19491661517454975
泸208H2-9—第8段—泸208H2-8,泸208H2,泸208H2-9 | 第8段,渐进上升型,fba89e461df925,泸208H1,2,涨幅微弱型,0.5922222222222222,0.07111111111111111,0.17,0.12333333333333334,0.043333333333333335,渐进上升型,0.013831532886155625,0.2625978795861349,0.3216882715271112,0.18221084707834223,0.21967146892225597,稳定缓升型,0.0750877245683962,0.3309164482861503,0.18658256225674336,0.3345379465265471,0.07287531836216328,稳定缓升型,0.11955000460147858,0.23728340864181519,0.2531641721725464,0.29481080174446106,0.09519156813621521,渐进上升型,0.013831532886155625,0.2625978795861349,0.3216882715271112,0.18221084707834223,0.21967146892225597
泸208H2-9—第8段—泸208H2-10,泸208H2,泸208H2-9 | 第8段,渐进上升型,a9ba89aee7efce,泸208H1,2,涨幅微弱型,0.5922222222222222,0.07111111111111111,0.17,0.12333333333333334,0.043333333333333335,渐进上升型,0.013399410111835947,0.26551511567704555,0.32324682615583744,0.18117039006626218,0.21666825798901895,快速稳定型,0.07568296266363427,0.33682373544343747,0.18258950670118781,0.3320284768295773,0.07287531836216328,稳定缓升型,0.11955000460147858,0.23728340864181519,0.2531641721725464,0.29481080174446106,0.09519156813621521,渐进上升型,0.013399410111835947,0.26551511567704555,0.32324682615583744,0.18117039006626218,0.21666825798901895
泸208H2-9—第9段—泸208H2-10,泸208H2,泸208H2-9 | 第9段,渐进上升型,7c5b428e4672aa,泸208H1,2,涨幅微弱型,0.5922222222222222,0.07111111111111111,0.17,0.12333333333333334,0.043333333333333335,渐进上升型,0.013572000150604295,0.2609288256730373,0.3263274772597264,0.18054997540786097,0.21862172150877102,快速稳定型,0.07526629599696762,0.33682373544343747,0.18467284003452114,0.33036181016291066,0.07287531836216328,稳定缓升型,0.11955000460147858,0.23728340864181519,0.2531641721725464,0.29481080174446106,0.09519156813621521,渐进上升型,0.013572000150604295,0.2609288256730373,0.3263274772597264,0.18054997540786097,0.21862172150877102
泸208H2-9—第13段—泸208H2-8,泸208H2,泸208H2-9 | 第13段,稳定缓升型,2d2d61197d331f,泸208H1,2,涨幅微弱型,0.5922222222222222,0.07111111111111111,0.17,0.12333333333333334,0.043333333333333335,渐进上升型,0.009612101763565967,0.2677487461829354,0.33750107841827165,0.22512726845895045,0.16001080517627644,稳定缓升型,0.06040096604676712,0.26665490950756054,0.2641909500171884,0.34869268219597166,0.06006049223251235,稳定缓升型,0.0999881699681282,0.16621893644332886,0.3006918728351593,0.3516019582748413,0.08149906247854233,渐进上升型,0.009612101763565967,0.2677487461829354,0.33750107841827165,0.22512726845895045,0.16001080517627644
泸208H2-9—第14段—泸208H2-8,泸208H2,泸208H2-9 | 第14段,渐进上升型,9240553ae0bf9b,泸208H1,2,涨幅微弱型,0.5922222222222222,0.07111111111111111,0.17,0.12333333333333334,0.043333333333333335,渐进上升型,0.0185851414426304,0.1692771277856062,0.4189521777241375,0.17044963831590956,0.22273591473171642,渐进上升型,0.08159650574823002,0.2433475457581603,0.31459320101815597,0.31248521127923223,0.04797753619622168,渐进上升型,0.11877191811800003,0.1338561475276947,0.3825415074825287,0.2905631363391876,0.07426730543375015,渐进上升型,0.0185851414426304,0.1692771277856062,0.4189521777241375,0.17044963831590956,0.22273591473171642
泸208H2-9—第16段—泸208H2-10,泸208H2,泸208H2-9 | 第16段,渐进上升型,7f1d634a6aa887,泸208H1,2,涨幅微弱型,0.5922222222222222,0.07111111111111111,0.17,0.12333333333333334,0.043333333333333335,渐进上升型,0.01301423368475181,0.31086381630244264,0.33096576867120314,0.18464846730412676,0.16050771403747563,稳定缓升型,0.07655486887561401,0.31163501893119144,0.2048850138220626,0.3222817128364897,0.0846433855346422,渐进上升型,0.10832473635673523,0.25988566875457764,0.3020033836364746,0.25761401653289795,0.07217215746641159,渐进上升型,0.01301423368475181,0.31086381630244264,0.33096576867120314,0.18464846730412676,0.16050771403747563
泸208H2-9—第17段—泸208H2-8,泸208H2,泸208H2-9 | 第17段,稳定缓升型,0669e673cf13db,泸208H1,2,涨幅微弱型,0.5922222222222222,0.07111111111111111,0.17,0.12333333333333334,0.043333333333333335,渐进上升型,0.0437727862683679,0.19289203369384056,0.40146472519568943,0.1371378126065966,0.22473264223550554,渐进上升型,0.0658805105720955,0.23487159268216845,0.41246719697690437,0.24856712408105613,0.0382135756877759,渐进上升型,0.10463377833366394,0.146011084318161,0.445029616355896,0.2446681261062622,0.05965742468833923,渐进上升型,0.0437727862683679,0.19289203369384056,0.40146472519568943,0.1371378126065966,0.22473264223550554
泸208H2-9—第17段—泸208H2-10,泸208H2,泸208H2-9 | 第17段,渐进上升型,c7983c4debb78b,泸208H1,2,涨幅微弱型,0.5922222222222222,0.07111111111111111,0.17,0.12333333333333334,0.043333333333333335,渐进上升型,0.04465877607256302,0.19134155479420653,0.3998669070369588,0.13754285326320587,0.22658990883306582,渐进上升型,0.06839373808532301,0.23487159268216845,0.4108798953896028,0.24764119815513025,0.0382135756877759,渐进上升型,0.10126171261072159,0.14130555093288422,0.46291476488113403,0.23678313195705414,0.057734835892915726,渐进上升型,0.04465877607256302,0.19134155479420653,0.3998669070369588,0.13754285326320587,0.22658990883306582
泸208H2-9—第19段—泸208H2-8,泸208H2,泸208H2-9 | 第19段,渐进上升型,7797783699bfd3,泸208H1,2,涨幅微弱型,0.5922222222222222,0.07111111111111111,0.17,0.12333333333333334,0.043333333333333335,渐进上升型,0.014779272845297859,0.2735561817097035,0.30674686005402835,0.16842806506792157,0.2364896203230486,快速稳定型,0.07173533247519528,0.32156174690165007,0.19981922523085843,0.32033739393299904,0.08654630145929725,渐进上升型,0.10899131745100021,0.25927236676216125,0.29170024394989014,0.2694226801395416,0.07061339169740677,渐进上升型,0.014779272845297859,0.2735561817097035,0.30674686005402835,0.16842806506792157,0.2364896203230486
泸208H2-9—第19段—泸208H2-10,泸208H2,泸208H2-9 | 第19段,稳定缓升型,a905ddf2052939,泸208H1,2,涨幅微弱型,0.5922222222222222,0.07111111111111111,0.17,0.12333333333333334,0.043333333333333335,渐进上升型,0.015412766463716487,0.26946545372983194,0.3046733621463849,0.16966102642120695,0.2407873912388597,稳定缓升型,0.07114009437995718,0.31912668196658517,0.20100970142133462,0.32217722077282585,0.08654630145929725,渐进上升型,0.10666317492723465,0.2537340819835663,0.30683013796806335,0.26366758346557617,0.06910502165555954,渐进上升型,0.015412766463716487,0.26946545372983194,0.3046733621463849,0.16966102642120695,0.2407873912388597
泸208H2-9—第20段—泸208H2-10,泸208H2,泸208H2-9 | 第20段,稳定缓升型,32d692fff9b47d,泸208H1,2,涨幅微弱型,0.5922222222222222,0.07111111111111111,0.17,0.12333333333333334,0.043333333333333335,渐进上升型,0.02204683504594526,0.2706897312287588,0.48176503347847544,0.16448070810023493,0.06101769214658545,渐进上升型,0.059991539552781796,0.1878353052104987,0.41658149649599974,0.284142553442573,0.051449105298147065,渐进上升型,0.1348835974931717,0.10938844829797745,0.5463948845863342,0.18126608431339264,0.028067007660865784,渐进上升型,0.02204683504594526,0.2706897312287588,0.48176503347847544,0.16448070810023493,0.06101769214658545
泸208H2-9—第21段—泸208H2-8,泸208H2,泸208H2-9 | 第21段,快速稳定型,a085487274ea62,泸208H1,2,涨幅微弱型,0.5922222222222222,0.07111111111111111,0.17,0.12333333333333334,0.043333333333333335,渐进上升型,0.029690073621863263,0.09714475561741814,0.694672550359764,0.10459333994056126,0.0738992804603931,渐进上升型,0.044414245319237586,0.17342677637549928,0.48020284274234604,0.22536716862858502,0.07658896693433226,渐进上升型,0.11382366716861725,0.08345764875411987,0.6296629905700684,0.1493709534406662,0.02368479035794735,渐进上升型,0.029690073621863263,0.09714475561741814,0.694672550359764,0.10459333994056126,0.0738992804603931
泸208H2-10—第5段—泸208H2-9,泸208H2,泸208H2-10 | 第5段,渐进上升型,6b3136c8e1f33d,泸208H1,2,涨幅微弱型,0.5922222222222222,0.07111111111111111,0.17,0.12333333333333334,0.043333333333333335,渐进上升型,0.013157191358328036,0.2664890255471494,0.3093914705684459,0.20309975552305085,0.20786255700302572,快速稳定型,0.0733197563574133,0.35498284863377566,0.19025229742757196,0.31526187612177076,0.06618322145946853,稳定缓升型,0.13827060163021088,0.24502496421337128,0.24886159598827362,0.30804693698883057,0.05979588255286217,渐进上升型,0.013157191358328036,0.2664890255471494,0.3093914705684459,0.20309975552305085,0.20786255700302572
泸208H2-10—第15段—泸208H2-9,泸208H2,泸208H2-10 | 第15段,渐进上升型,b345d7df1ce127,泸208H1,2,涨幅微弱型,0.5922222222222222,0.07111111111111111,0.17,0.12333333333333334,0.043333333333333335,渐进上升型,0.021603672614720074,0.28827676288873344,0.37573019393010265,0.18912353539637286,0.12526583517007106,稳定缓升型,0.08075958946820226,0.30176868201231977,0.2208611363514939,0.31495570114321797,0.08165489102476611,渐进上升型,0.11273407936096191,0.2610330879688263,0.32350730895996094,0.2709924280643463,0.031733136624097824,渐进上升型,0.021603672614720074,0.28827676288873344,0.37573019393010265,0.18912353539637286,0.12526583517007106
泸208H2-10—第16段—泸208H2-9,泸208H2,泸208H2-10 | 第16段,稳定缓升型,c9230e875ca9fc,泸208H1,2,涨幅微弱型,0.5922222222222222,0.07111111111111111,0.17,0.12333333333333334,0.043333333333333335,渐进上升型,0.016775934110326896,0.29040776434443955,0.34812999864235034,0.19322615199986407,0.15146015090301915,稳定缓升型,0.08061228307089587,0.305437513181151,0.220581855447213,0.3124079017204186,0.08096044658032167,渐进上升型,0.11623702198266983,0.26268550753593445,0.3164355754852295,0.27270787954330444,0.03193401172757149,渐进上升型,0.016775934110326896,0.29040776434443955,0.34812999864235034,0.19322615199986407,0.15146015090301915
泸208H2-10—第17段—泸208H2-9,泸208H2,泸208H2-10 | 第17段,快速稳定型,8a8c7e1a40c396,泸208H1,2,涨幅微弱型,0.5922222222222222,0.07111111111111111,0.17,0.12333333333333334,0.043333333333333335,渐进上升型,0.02970800845956036,0.3170632146175524,0.3415278089085028,0.1697597316487133,0.1419412363656712,渐进上升型,0.06642409331795938,0.2609613520759998,0.3576493365022777,0.2696105115358211,0.045354706567941855,渐进上升型,0.0937294289469719,0.22404849529266357,0.4045829772949219,0.25752899050712585,0.02011013589799404,渐进上升型,0.02970800845956036,0.3170632146175524,0.3415278089085028,0.1697597316487133,0.1419412363656712
阳101H25-1—第20段—阳101H25-3,阳101H25,阳101H25-1 | 第20段,稳定缓升型,9cbd37076d2f1d,阳101H25,1,涨幅微弱型,0.5131744040150564,0.09912170639899624,0.2095357590966123,0.1329987452948557,0.0451693851944793,先降后升型,0.1673633089014199,0.07791059973805962,0.11958074263648177,0.06084554939228171,0.574299799331757,涨幅微弱型,0.3042431429879882,0.13342816548080944,0.24468400128921128,0.2173307236767706,0.10031396656522042,渐进上升型,0.16412581503391266,0.10732048004865646,0.3434472680091858,0.2516746520996094,0.1334318071603775,先降后升型,0.1673633089014199,0.07791059973805962,0.11958074263648177,0.06084554939228171,0.574299799331757
阳101H25-1—第20段—阳101H25-4,阳101H25,阳101H25-1 | 第20段,涨幅微弱型,afe9182d558104,阳101H25,1,涨幅微弱型,0.5131744040150564,0.09912170639899624,0.2095357590966123,0.1329987452948557,0.0451693851944793,涨幅微弱型,0.5309166077797683,0.017150069483630893,0.02505487564912663,0.042330133069456634,0.3845483140180175,涨幅微弱型,0.3992809406697494,0.11994093467023789,0.21112225875445803,0.19575719365380012,0.07389867225175478,涨幅微弱型,0.5095889568328857,0.07458722591400146,0.21924474835395813,0.14090529084205627,0.055673785507678986,涨幅微弱型,0.5309166077797683,0.017150069483630893,0.02505487564912663,0.042330133069456634,0.3845483140180175
阳101H25-1—第21段—阳101H25-2,阳101H25,阳101H25-1 | 第21段,涨幅微弱型,315719fb1afa3a,阳101H25,1,涨幅微弱型,0.5131744040150564,0.09912170639899624,0.2095357590966123,0.1329987452948557,0.0451693851944793,先降后升型,0.042589420703619506,0.15948505323730627,0.25441224531434614,0.05067730637744037,0.49283597436728765,渐进上升型,0.15974755086357853,0.14874915804075758,0.3576249865138669,0.26082769587111926,0.07305060871067802,渐进上升型,0.07136685401201248,0.08755093067884445,0.6038153767585754,0.17324623465538025,0.06402062624692917,先降后升型,0.042589420703619506,0.15948505323730627,0.25441224531434614,0.05067730637744037,0.49283597436728765
阳101H25-1—第21段—阳101H25-4,阳101H25,阳101H25-1 | 第21段,涨幅微弱型,298625a9e1a17a,阳101H25,1,涨幅微弱型,0.5131744040150564,0.09912170639899624,0.2095357590966123,0.1329987452948557,0.0451693851944793,涨幅微弱型,0.5076455810333037,0.019053101635974155,0.027912436683392276,0.04408016782009697,0.401308712827233,涨幅微弱型,0.3992809406697494,0.11994093467023789,0.21112225875445803,0.19575719365380012,0.07389867225175478,涨幅微弱型,0.5095889568328857,0.07458722591400146,0.21924474835395813,0.14090529084205627,0.055673785507678986,涨幅微弱型,0.5076455810333037,0.019053101635974155,0.027912436683392276,0.04408016782009697,0.401308712827233
阳101H31-4—第18段—阳101H31-6,阳101H31,阳101H31-4 | 第18段,渐进上升型,a08fd1c83a14a8,阳101H25,1,涨幅微弱型,0.5131744040150564,0.09912170639899624,0.2095357590966123,0.1329987452948557,0.0451693851944793,涨幅微弱型,0.3230773900311405,0.14545740596967063,0.12395668018904449,0.170274612320351,0.23723391148979334,涨幅微弱型,0.4884298412047308,0.09748844143494814,0.19974544386513787,0.14540130142839944,0.06893497206678371,涨幅微弱型,0.6507130861282349,0.0709119364619255,0.1288842260837555,0.1143086850643158,0.035182081162929535,涨幅微弱型,0.3230773900311405,0.14545740596967063,0.12395668018904449,0.170274612320351,0.23723391148979334
阳101H31-4—第19段—阳101H31-5,阳101H31,阳101H31-4 | 第19段,稳定缓升型,8ae0acf2b29148,阳101H25,1,涨幅微弱型,0.5131744040150564,0.09912170639899624,0.2095357590966123,0.1329987452948557,0.0451693851944793,涨幅微弱型,0.3210768039489175,0.1468572967322558,0.12420714424314994,0.16885444585505557,0.23900430922062102,涨幅微弱型,0.4884298412047308,0.09748844143494814,0.19974544386513787,0.14540130142839944,0.06893497206678371,涨幅微弱型,0.6507130861282349,0.0709119364619255,0.1288842260837555,0.1143086850643158,0.035182081162929535,涨幅微弱型,0.3210768039489175,0.1468572967322558,0.12420714424314994,0.16885444585505557,0.23900430922062102
阳101H31-4—第19段—阳101H31-7,阳101H31,阳101H31-4 | 第19段,稳定缓升型,973ba92401d3f0,阳101H25,1,涨幅微弱型,0.5131744040150564,0.09912170639899624,0.2095357590966123,0.1329987452948557,0.0451693851944793,涨幅微弱型,0.3210768039489175,0.1468572967322558,0.12420714424314994,0.16885444585505557,0.23900430922062102,涨幅微弱型,0.4884298412047308,0.09748844143494814,0.19974544386513787,0.14540130142839944,0.06893497206678371,涨幅微弱型,0.6507130861282349,0.0709119364619255,0.1288842260837555,0.1143086850643158,0.035182081162929535,涨幅微弱型,0.3210768039489175,0.1468572967322558,0.12420714424314994,0.16885444585505557,0.23900430922062102
阳101H31-4—第20段—阳101H31-5,阳101H31,阳101H31-4 | 第20段,快速稳定型,cac99308df1a4a,阳101H25,1,涨幅微弱型,0.5131744040150564,0.09912170639899624,0.2095357590966123,0.1329987452948557,0.0451693851944793,涨幅微弱型,0.3208411724436034,0.14702237610772795,0.12423622396323133,0.16868757796345882,0.23921264952197843,涨幅微弱型,0.4884298412047308,0.09748844143494814,0.19974544386513787,0.14540130142839944,0.06893497206678371,涨幅微弱型,0.6507130861282349,0.0709119364619255,0.1288842260837555,0.1143086850643158,0.035182081162929535,涨幅微弱型,0.3208411724436034,0.14702237610772795,0.12423622396323133,0.16868757796345882,0.23921264952197843
阳101H31-4—第20段—阳101H31-7,阳101H31,阳101H31-4 | 第20段,快速稳定型,a344d0252b4f0a,阳101H25,1,涨幅微弱型,0.5131744040150564,0.09912170639899624,0.2095357590966123,0.1329987452948557,0.0451693851944793,涨幅微弱型,0.3208411724436034,0.14702237610772795,0.12423622396323133,0.16868757796345882,0.23921264952197843,涨幅微弱型,0.4884298412047308,0.09748844143494814,0.19974544386513787,0.14540130142839944,0.06893497206678371,涨幅微弱型,0.6507130861282349,0.0709119364619255,0.1288842260837555,0.1143086850643158,0.035182081162929535,涨幅微弱型,0.3208411724436034,0.14702237610772795,0.12423622396323133,0.16868757796345882,0.23921264952197843
阳101H31-4—第21段—阳101H31-5,阳101H31,阳101H31-4 | 第21段,快速稳定型,0b1749180329eb,阳101H25,1,涨幅微弱型,0.5131744040150564,0.09912170639899624,0.2095357590966123,0.1329987452948557,0.0451693851944793,涨幅微弱型,0.3185999654785309,0.14859463762235364,0.12450839944244035,0.1671046002700746,0.24119239718660043,涨幅微弱型,0.4884298412047308,0.09748844143494814,0.19974544386513787,0.14540130142839944,0.06893497206678371,涨幅微弱型,0.6507130861282349,0.0709119364619255,0.1288842260837555,0.1143086850643158,0.035182081162929535,涨幅微弱型,0.3185999654785309,0.14859463762235364,0.12450839944244035,0.1671046002700746,0.24119239718660043
阳101H31-4—第21段—阳101H31-6,阳101H31,阳101H31-4 | 第21段,渐进上升型,901ad7082b483a,阳101H25,1,涨幅微弱型,0.5131744040150564,0.09912170639899624,0.2095357590966123,0.1329987452948557,0.0451693851944793,涨幅微弱型,0.3185999654785309,0.14859463762235364,0.12450839944244035,0.1671046002700746,0.24119239718660043,涨幅微弱型,0.4884298412047308,0.09748844143494814,0.19974544386513787,0.14540130142839944,0.06893497206678371,涨幅微弱型,0.6507130861282349,0.0709119364619255,0.1288842260837555,0.1143086850643158,0.035182081162929535,涨幅微弱型,0.3185999654785309,0.14859463762235364,0.12450839944244035,0.1671046002700746,0.24119239718660043
阳101H31-4—第21段—阳101H31-7,阳101H31,阳101H31-4 | 第21段,渐进上升型,59b474a6132275,阳101H25,1,涨幅微弱型,0.5131744040150564,0.09912170639899624,0.2095357590966123,0.1329987452948557,0.0451693851944793,涨幅微弱型,0.3185999654785309,0.14859463762235364,0.12450839944244035,0.1671046002700746,0.24119239718660043,涨幅微弱型,0.4884298412047308,0.09748844143494814,0.19974544386513787,0.14540130142839944,0.06893497206678371,涨幅微弱型,0.6507130861282349,0.0709119364619255,0.1288842260837555,0.1143086850643158,0.035182081162929535,涨幅微弱型,0.3185999654785309,0.14859463762235364,0.12450839944244035,0.1671046002700746,0.24119239718660043
阳101H31-4—第22段—阳101H31-6,阳101H31,阳101H31-4 | 第22段,渐进上升型,376aff7c3f1864,阳101H25,1,涨幅微弱型,0.5131744040150564,0.09912170639899624,0.2095357590966123,0.1329987452948557,0.0451693851944793,涨幅微弱型,0.3515178841795268,0.12916770160251453,0.1325244098623849,0.23761220932364932,0.14917779503192444,涨幅微弱型,0.47566933660337,0.10359510410862041,0.1798315623110017,0.17362802953256287,0.0672759674444452,涨幅微弱型,0.6416075229644775,0.06381713598966599,0.12952198088169098,0.13670943677425385,0.02834397181868553,涨幅微弱型,0.3515178841795268,0.12916770160251453,0.1325244098623849,0.23761220932364932,0.14917779503192444
阳101H31-5—第10段—阳101H31-4,阳101H31,阳101H31-5 | 第10段,渐进上升型,0d6ab575618f02,阳101H25,1,涨幅微弱型,0.5131744040150564,0.09912170639899624,0.2095357590966123,0.1329987452948557,0.0451693851944793,稳定缓升型,0.1819748057044453,0.1630096655457318,0.14558493212922297,0.4910573296155401,0.01837326700505979,渐进上升型,0.23760100114492128,0.1261012710547466,0.3211206014718187,0.2517817619175415,0.06339536441097238,涨幅微弱型,0.5266785025596619,0.0545240119099617,0.19960752129554749,0.1803632527589798,0.03882671520113945,稳定缓升型,0.1819748057044453,0.1630096655457318,0.14558493212922297,0.4910573296155401,0.01837326700505979
阳101H31-5—第10段—阳101H31-6,阳101H31,阳101H31-5 | 第10段,渐进上升型,73b37e8f4a7297,阳101H25,1,涨幅微弱型,0.5131744040150564,0.09912170639899624,0.2095357590966123,0.1329987452948557,0.0451693851944793,稳定缓升型,0.1819748057044453,0.1630096655457318,0.14558493212922297,0.4910573296155401,0.01837326700505979,渐进上升型,0.23760100114492128,0.1261012710547466,0.3211206014718187,0.2517817619175415,0.06339536441097238,涨幅微弱型,0.5266785025596619,0.0545240119099617,0.19960752129554749,0.1803632527589798,0.03882671520113945,稳定缓升型,0.1819748057044453,0.1630096655457318,0.14558493212922297,0.4910573296155401,0.01837326700505979
阳101H31-5—第10段—阳101H31-7,阳101H31,阳101H31-5 | 第10段,渐进上升型,3489eeaa3ac558,阳101H25,1,涨幅微弱型,0.5131744040150564,0.09912170639899624,0.2095357590966123,0.1329987452948557,0.0451693851944793,稳定缓升型,0.1819748057044453,0.1630096655457318,0.14558493212922297,0.4910573296155401,0.01837326700505979,渐进上升型,0.23760100114492128,0.1261012710547466,0.3211206014718187,0.2517817619175415,0.06339536441097238,涨幅微弱型,0.5266785025596619,0.0545240119099617,0.19960752129554749,0.1803632527589798,0.03882671520113945,稳定缓升型,0.1819748057044453,0.1630096655457318,0.14558493212922297,0.4910573296155401,0.01837326700505979
阳101H31-5—第11段—阳101H31-4,阳101H31,阳101H31-5 | 第11段,稳定缓升型,94d4380e5eb90c,阳101H25,1,涨幅微弱型,0.5131744040150564,0.09912170639899624,0.2095357590966123,0.1329987452948557,0.0451693851944793,稳定缓升型,0.2329103244270376,0.15635129279224713,0.14205666376640128,0.3577757815207275,0.11090593749358653,渐进上升型,0.28637308897216723,0.07621241296354771,0.2985581260971812,0.27878922514734533,0.06006714681975867,涨幅微弱型,0.5412997603416443,0.04357407987117767,0.1905670315027237,0.18792326748371124,0.036635834723711014,稳定缓升型,0.2329103244270376,0.15635129279224713,0.14205666376640128,0.3577757815207275,0.11090593749358653
阳101H31-5—第11段—阳101H31-6,阳101H31,阳101H31-5 | 第11段,稳定缓升型,53367061875f64,阳101H25,1,涨幅微弱型,0.5131744040150564,0.09912170639899624,0.2095357590966123,0.1329987452948557,0.0451693851944793,稳定缓升型,0.2329103244270376,0.15635129279224713,0.14205666376640128,0.3577757815207275,0.11090593749358653,渐进上升型,0.28637308897216723,0.07621241296354771,0.2985581260971812,0.27878922514734533,0.06006714681975867,涨幅微弱型,0.5412997603416443,0.04357407987117767,0.1905670315027237,0.18792326748371124,0.036635834723711014,稳定缓升型,0.2329103244270376,0.15635129279224713,0.14205666376640128,0.3577757815207275,0.11090593749358653
阳101H31-5—第11段—阳101H31-7,阳101H31,阳101H31-5 | 第11段,渐进上升型,407e233ec9ab7a,阳101H25,1,涨幅微弱型,0.5131744040150564,0.09912170639899624,0.2095357590966123,0.1329987452948557,0.0451693851944793,稳定缓升型,0.2329103244270376,0.15635129279224713,0.14205666376640128,0.3577757815207275,0.11090593749358653,渐进上升型,0.28637308897216723,0.07621241296354771,0.2985581260971812,0.27878922514734533,0.06006714681975867,涨幅微弱型,0.5412997603416443,0.04357407987117767,0.1905670315027237,0.18792326748371124,0.036635834723711014,稳定缓升型,0.2329103244270376,0.15635129279224713,0.14205666376640128,0.3577757815207275,0.11090593749358653
阳101H31-5—第13段—阳101H31-4,阳101H31,阳101H31-5 | 第13段,快速稳定型,80b43518e55f33,阳101H25,1,涨幅微弱型,0.5131744040150564,0.09912170639899624,0.2095357590966123,0.1329987452948557,0.0451693851944793,先降后升型,0.2302600935207598,0.17850259113839245,0.13673594132617928,0.2120642248484053,0.24243714916626333,涨幅微弱型,0.31924294689608596,0.07755390737730528,0.2731502352252892,0.26594938530571965,0.06410352519560013,涨幅微弱型,0.5338046550750732,0.047334298491477966,0.15879131853580475,0.2176388055086136,0.04243088141083717,先降后升型,0.2302600935207598,0.17850259113839245,0.13673594132617928,0.2120642248484053,0.24243714916626333
阳101H31-5—第15段—阳101H31-4,阳101H31,阳101H31-5 | 第15段,渐进上升型,6b9b3e4d1e018d,阳101H25,1,涨幅微弱型,0.5131744040150564,0.09912170639899624,0.2095357590966123,0.1329987452948557,0.0451693851944793,稳定缓升型,0.1819748057044453,0.1630096655457318,0.14558493212922297,0.4910573296155401,0.01837326700505979,渐进上升型,0.23760100114492128,0.1261012710547466,0.3211206014718187,0.2517817619175415,0.06339536441097238,涨幅微弱型,0.5266785025596619,0.0545240119099617,0.19960752129554749,0.1803632527589798,0.03882671520113945,稳定缓升型,0.1819748057044453,0.1630096655457318,0.14558493212922297,0.4910573296155401,0.01837326700505979
阳101H31-5—第18段—阳101H31-4,阳101H31,阳101H31-5 | 第18段,快速稳定型,2e93cd70700b93,阳101H25,1,涨幅微弱型,0.5131744040150564,0.09912170639899624,0.2095357590966123,0.1329987452948557,0.0451693851944793,先降后升型,0.22487027734399087,0.17533146266310468,0.13441743851469848,0.20380885442451113,0.2615719670536949,涨幅微弱型,0.3229830888347574,0.07779200261540051,0.27183065611159235,0.26510491931419483,0.06228933312405512,涨幅微弱型,0.5319711565971375,0.04772476851940155,0.15824590623378754,0.2197730541229248,0.04228513687849045,先降后升型,0.22487027734399087,0.17533146266310468,0.13441743851469848,0.20380885442451113,0.2615719670536949
阳101H31-5—第21段—阳101H31-6,阳101H31,阳101H31-5 | 第21段,稳定缓升型,d35a220b9da68c,阳101H25,1,涨幅微弱型,0.5131744040150564,0.09912170639899624,0.2095357590966123,0.1329987452948557,0.0451693851944793,涨幅微弱型,0.23775857259047065,0.18121225752740003,0.12832402951967234,0.2283858533746415,0.22431928698781545,涨幅微弱型,0.3125847565140783,0.11511055594353979,0.2641720496185687,0.23106878811748707,0.07706384980632618,涨幅微弱型,0.5253563523292542,0.052979182451963425,0.15965434908866882,0.21934863924980164,0.04266149923205376,涨幅微弱型,0.23775857259047065,0.18121225752740003,0.12832402951967234,0.2283858533746415,0.22431928698781545
阳101H31-5—第21段—阳101H31-7,阳101H31,阳101H31-5 | 第21段,稳定缓升型,50500ad58f8118,阳101H25,1,涨幅微弱型,0.5131744040150564,0.09912170639899624,0.2095357590966123,0.1329987452948557,0.0451693851944793,涨幅微弱型,0.23775857259047065,0.18121225752740003,0.12832402951967234,0.2283858533746415,0.22431928698781545,涨幅微弱型,0.3125847565140783,0.11511055594353979,0.2641720496185687,0.23106878811748707,0.07706384980632618,涨幅微弱型,0.5253563523292542,0.052979182451963425,0.15965434908866882,0.21934863924980164,0.04266149923205376,涨幅微弱型,0.23775857259047065,0.18121225752740003,0.12832402951967234,0.2283858533746415,0.22431928698781545
阳101H31-5—第24段—阳101H31-7,阳101H31,阳101H31-5 | 第24段,稳定缓升型,c8b7a070187561,阳101H25,1,涨幅微弱型,0.5131744040150564,0.09912170639899624,0.2095357590966123,0.1329987452948557,0.0451693851944793,涨幅微弱型,0.2383025172407761,0.1806174819293137,0.12824455204931787,0.22908324515873418,0.22375220362185821,涨幅微弱型,0.30790639394097885,0.11577523848322233,0.26971768453920364,0.22953683323026905,0.07706384980632618,涨幅微弱型,0.5253563523292542,0.052979182451963425,0.15965434908866882,0.21934863924980164,0.04266149923205376,涨幅微弱型,0.2383025172407761,0.1806174819293137,0.12824455204931787,0.22908324515873418,0.22375220362185821
阳101H31-6—第27段—阳101H31-5,阳101H31,阳101H31-6 | 第27段,稳定缓升型,8271240cbcbda7,阳101H25,1,涨幅微弱型,0.5131744040150564,0.09912170639899624,0.2095357590966123,0.1329987452948557,0.0451693851944793,先降后升型,0.3054420516733438,0.11908169587581716,0.10525987532674025,0.06801745141000741,0.4021989257140913,涨幅微弱型,0.6437943483642606,0.0600269808813323,0.11917633457013024,0.12097633105238187,0.05602600513189499,涨幅微弱型,0.7302617430686951,0.04935517907142639,0.07071553170681,0.11729873716831207,0.03236882761120796,先降后升型,0.3054420516733438,0.11908169587581716,0.10525987532674025,0.06801745141000741,0.4021989257140913
阳101H31-7—第19段—阳101H31-4,阳101H31,阳101H31-7 | 第19段,稳定缓升型,1c98211fc1cbee,阳101H25,1,涨幅微弱型,0.5131744040150564,0.09912170639899624,0.2095357590966123,0.1329987452948557,0.0451693851944793,先降后升型,0.31033445466913356,0.10712569785587281,0.10370371796293908,0.08755333083795105,0.3912827986741034,涨幅微弱型,0.6328036533662252,0.06430250722407828,0.10383517583256417,0.13288961914961298,0.06616904442751935,涨幅微弱型,0.7917160987854004,0.043234679847955704,0.04795949161052704,0.08962076157331467,0.0274689719080925,先降后升型,0.31033445466913356,0.10712569785587281,0.10370371796293908,0.08755333083795105,0.3912827986741034
阳101H31-7—第20段—阳101H31-4,阳101H31,阳101H31-7 | 第20段,稳定缓升型,b5d9a46f53238e,阳101H25,1,涨幅微弱型,0.5131744040150564,0.09912170639899624,0.2095357590966123,0.1329987452948557,0.0451693851944793,先降后升型,0.2990210571985608,0.10760221667754283,0.10168784765653015,0.07765630213264102,0.41403257633472523,涨幅微弱型,0.6630116826853569,0.05725799197073222,0.09745311957930987,0.1189597725653163,0.06331743319928447,涨幅微弱型,0.7741518616676331,0.04701230302453041,0.056556735187768936,0.0918041467666626,0.030474992468953133,先降后升型,0.2990210571985608,0.10760221667754283,0.10168784765653015,0.07765630213264102,0.41403257633472523
阳101H31-7—第21段—阳101H31-4,阳101H31,阳101H31-7 | 第21段,稳定缓升型,14259545ac7a79,阳101H25,1,涨幅微弱型,0.5131744040150564,0.09912170639899624,0.2095357590966123,0.1329987452948557,0.0451693851944793,先降后升型,0.2872074762721267,0.10608918428258278,0.09827973768228389,0.06711924117682735,0.44130436058617933,涨幅微弱型,0.65962013856771,0.057414241970732215,0.09902174703029029,0.12062643923198296,0.06331743319928447,涨幅微弱型,0.7718198895454407,0.04687068983912468,0.056386373937129974,0.09453985840082169,0.030383193865418434,先降后升型,0.2872074762721267,0.10608918428258278,0.09827973768228389,0.06711924117682735,0.44130436058617933
阳101H31-7—第21段—阳101H31-5,阳101H31,阳101H31-7 | 第21段,快速稳定型,916fe44cd848c8,阳101H25,1,涨幅微弱型,0.5131744040150564,0.09912170639899624,0.2095357590966123,0.1329987452948557,0.0451693851944793,先降后升型,0.2872074762721267,0.10608918428258278,0.09827973768228389,0.06711924117682735,0.44130436058617933,涨幅微弱型,0.65962013856771,0.057414241970732215,0.09902174703029029,0.12062643923198296,0.06331743319928447,涨幅微弱型,0.7718198895454407,0.04687068983912468,0.056386373937129974,0.09453985840082169,0.030383193865418434,先降后升型,0.2872074762721267,0.10608918428258278,0.09827973768228389,0.06711924117682735,0.44130436058617933
阳101H31-7—第23段—阳101H31-5,阳101H31,阳101H31-7 | 第23段,先降后升型,23b04c5403f1fb,阳101H25,1,涨幅微弱型,0.5131744040150564,0.09912170639899624,0.2095357590966123,0.1329987452948557,0.0451693851944793,涨幅微弱型,0.324412333847209,0.22438957626160363,0.20355334297877387,0.1998337340320383,0.047811012880375287,涨幅微弱型,0.6640102147412495,0.06628911682310062,0.0998595135223346,0.10828848500280827,0.06155266991050688,涨幅微弱型,0.7569774985313416,0.057472921907901764,0.06324710696935654,0.09667244553565979,0.02562999352812767,涨幅微弱型,0.324412333847209,0.22438957626160363,0.20355334297877387,0.1998337340320383,0.047811012880375287
阳101H31-7—第24段—阳101H31-4,阳101H31,阳101H31-7 | 第24段,稳定缓升型,f84a431bdf40d0,阳101H25,1,涨幅微弱型,0.5131744040150564,0.09912170639899624,0.2095357590966123,0.1329987452948557,0.0451693851944793,涨幅微弱型,0.390942341280661,0.11894375834828397,0.13096888365229606,0.13783498554454285,0.22131003117421613,涨幅微弱型,0.6935495646993153,0.04766424410943037,0.0765129797865327,0.11061073914727303,0.07166247225744875,涨幅微弱型,0.7679192423820496,0.04764273762702942,0.0636429414153099,0.0952918604016304,0.02550320327281952,涨幅微弱型,0.390942341280661,0.11894375834828397,0.13096888365229606,0.13783498554454285,0.22131003117421613
阳101H31-7—第24段—阳101H31-6,阳101H31,阳101H31-7 | 第24段,稳定缓升型,a806dfad13dcd1,阳101H25,1,涨幅微弱型,0.5131744040150564,0.09912170639899624,0.2095357590966123,0.1329987452948557,0.0451693851944793,涨幅微弱型,0.390942341280661,0.11894375834828397,0.13096888365229606,0.13783498554454285,0.22131003117421613,涨幅微弱型,0.6935495646993153,0.04766424410943037,0.0765129797865327,0.11061073914727303,0.07166247225744875,涨幅微弱型,0.7679192423820496,0.04764273762702942,0.0636429414153099,0.0952918604016304,0.02550320327281952,涨幅微弱型,0.390942341280661,0.11894375834828397,0.13096888365229606,0.13783498554454285,0.22131003117421613
阳101H31-7—第30段—阳101H31-4,阳101H31,阳101H31-7 | 第30段,渐进上升型,064c13493054ab,阳101H25,1,涨幅微弱型,0.5131744040150564,0.09912170639899624,0.2095357590966123,0.1329987452948557,0.0451693851944793,涨幅微弱型,0.3657097644130886,0.12850589915854968,0.10821601931556718,0.0842019163882727,0.31336640072452177,涨幅微弱型,0.6316643317745892,0.06496486024110495,0.10535688313676125,0.1363372381248134,0.06167668672273119,涨幅微弱型,0.758053719997406,0.0490545816719532,0.05484788119792938,0.10950934886932373,0.02853444404900074,涨幅微弱型,0.3657097644130886,0.12850589915854968,0.10821601931556718,0.0842019163882727,0.31336640072452177
阳101H32-2—第1段—阳101H2-3,阳101H32,阳101H32-2 | 第1段,涨幅微弱型,c2cfdebb497a64,阳101H2,1,涨幅微弱型,0.5131744040150564,0.09912170639899624,0.2095357590966123,0.1329987452948557,0.0451693851944793,先降后升型,0.10321053277507232,0.1589004844021947,0.1428299452801455,0.12941424631852574,0.4656447912240617,稳定缓升型,0.2496413747535127,0.12745482429642355,0.26766792276213525,0.2845435393367795,0.0706923388511494,稳定缓升型,0.14666208624839783,0.12848131358623505,0.23654291033744812,0.3816218972206116,0.10669174790382385,先降后升型,0.10321053277507232,0.1589004844021947,0.1428299452801455,0.12941424631852574,0.4656447912240617
阳101H32-2—第1段—阳101H2-5,阳101H32,阳101H32-2 | 第1段,先降后升型,7946ec8b3c1f38,阳101H2,1,涨幅微弱型,0.5131744040150564,0.09912170639899624,0.2095357590966123,0.1329987452948557,0.0451693851944793,先降后升型,0.10321053277507232,0.1589004844021947,0.1428299452801455,0.12941424631852574,0.4656447912240617,稳定缓升型,0.2496413747535127,0.12745482429642355,0.26766792276213525,0.2845435393367795,0.0706923388511494,稳定缓升型,0.14666208624839783,0.12848131358623505,0.23654291033744812,0.3816218972206116,0.10669174790382385,先降后升型,0.10321053277507232,0.1589004844021947,0.1428299452801455,0.12941424631852574,0.4656447912240617
阳101H32-2—第1段—阳101H2-6,阳101H32,阳101H32-2 | 第1段,涨幅微弱型,a9965027bd042a,阳101H2,1,涨幅微弱型,0.5131744040150564,0.09912170639899624,0.2095357590966123,0.1329987452948557,0.0451693851944793,先降后升型,0.10321053277507232,0.1589004844021947,0.1428299452801455,0.12941424631852574,0.4656447912240617,稳定缓升型,0.2496413747535127,0.12745482429642355,0.26766792276213525,0.2845435393367795,0.0706923388511494,稳定缓升型,0.14666208624839783,0.12848131358623505,0.23654291033744812,0.3816218972206116,0.10669174790382385,先降后升型,0.10321053277507232,0.1589004844021947,0.1428299452801455,0.12941424631852574,0.4656447912240617
阳101H32-2—第1段—阳101H2-8,阳101H32,阳101H32-2 | 第1段,快速稳定型,71b9d58ef84b90,阳101H2,1,涨幅微弱型,0.5131744040150564,0.09912170639899624,0.2095357590966123,0.1329987452948557,0.0451693851944793,先降后升型,0.10321053277507232,0.1589004844021947,0.1428299452801455,0.12941424631852574,0.4656447912240617,稳定缓升型,0.2496413747535127,0.12745482429642355,0.26766792276213525,0.2845435393367795,0.0706923388511494,稳定缓升型,0.14666208624839783,0.12848131358623505,0.23654291033744812,0.3816218972206116,0.10669174790382385,先降后升型,0.10321053277507232,0.1589004844021947,0.1428299452801455,0.12941424631852574,0.4656447912240617
阳101H32-2—第2段—阳101H2-8,阳101H32,阳101H32-2 | 第2段,快速稳定型,f91e94284677f8,阳101H2,1,涨幅微弱型,0.5131744040150564,0.09912170639899624,0.2095357590966123,0.1329987452948557,0.0451693851944793,先降后升型,0.10458362341142335,0.1545975071815598,0.14097204681028008,0.12673202446762252,0.4731147981291144,稳定缓升型,0.2532606027477407,0.12392059810594734,0.2685930219684844,0.2832538567970969,0.07097192038073093,稳定缓升型,0.14666208624839783,0.12848131358623505,0.23654291033744812,0.3816218972206116,0.10669174790382385,先降后升型,0.10458362341142335,0.1545975071815598,0.14097204681028008,0.12673202446762252,0.4731147981291144
阳101H32-2—第6段—阳101H2-8,阳101H32,阳101H32-2 | 第6段,涨幅微弱型,c0af9bef8fc56b,阳101H2,1,涨幅微弱型,0.5131744040150564,0.09912170639899624,0.2095357590966123,0.1329987452948557,0.0451693851944793,先降后升型,0.100917729229134,0.16327220794178954,0.14909722770786685,0.2353392444178701,0.35137359070333957,稳定缓升型,0.2498738612834473,0.14316626235245195,0.23508401202430812,0.29084403481139176,0.08103182952840106,稳定缓升型,0.1406017541885376,0.09738379716873169,0.18409551680088043,0.4902927577495575,0.08762616664171219,先降后升型,0.100917729229134,0.16327220794178954,0.14909722770786685,0.2353392444178701,0.35137359070333957
阳101H32-2—第6段—阳101H32-1,阳101H32,阳101H32-2 | 第6段,涨幅微弱型,218bdee23f9168,阳101H2,1,涨幅微弱型,0.5131744040150564,0.09912170639899624,0.2095357590966123,0.1329987452948557,0.0451693851944793,先降后升型,0.100917729229134,0.16327220794178954,0.14909722770786685,0.2353392444178701,0.35137359070333957,稳定缓升型,0.2498738612834473,0.14316626235245195,0.23508401202430812,0.29084403481139176,0.08103182952840106,稳定缓升型,0.1406017541885376,0.09738379716873169,0.18409551680088043,0.4902927577495575,0.08762616664171219,先降后升型,0.100917729229134,0.16327220794178954,0.14909722770786685,0.2353392444178701,0.35137359070333957
阳101H32-2—第6段—阳101H32-3,阳101H32,阳101H32-2 | 第6段,涨幅微弱型,edce297d7c4376,阳101H2,1,涨幅微弱型,0.5131744040150564,0.09912170639899624,0.2095357590966123,0.1329987452948557,0.0451693851944793,先降后升型,0.100917729229134,0.16327220794178954,0.14909722770786685,0.2353392444178701,0.35137359070333957,稳定缓升型,0.2498738612834473,0.14316626235245195,0.23508401202430812,0.29084403481139176,0.08103182952840106,稳定缓升型,0.1406017541885376,0.09738379716873169,0.18409551680088043,0.4902927577495575,0.08762616664171219,先降后升型,0.100917729229134,0.16327220794178954,0.14909722770786685,0.2353392444178701,0.35137359070333957
阳101H32-2—第6段—阳101H32-7,阳101H32,阳101H32-2 | 第6段,涨幅微弱型,9a7eed32c31231,阳101H2,1,涨幅微弱型,0.5131744040150564,0.09912170639899624,0.2095357590966123,0.1329987452948557,0.0451693851944793,先降后升型,0.100917729229134,0.16327220794178954,0.14909722770786685,0.2353392444178701,0.35137359070333957,稳定缓升型,0.2498738612834473,0.14316626235245195,0.23508401202430812,0.29084403481139176,0.08103182952840106,稳定缓升型,0.1406017541885376,0.09738379716873169,0.18409551680088043,0.4902927577495575,0.08762616664171219,先降后升型,0.100917729229134,0.16327220794178954,0.14909722770786685,0.2353392444178701,0.35137359070333957
阳101H32-2—第7段—阳101H32-4,阳101H32,阳101H32-2 | 第7段,渐进上升型,f691ddf2104b7a,阳101H2,1,涨幅微弱型,0.5131744040150564,0.09912170639899624,0.2095357590966123,0.1329987452948557,0.0451693851944793,先降后升型,0.05176046993055572,0.21009790645361653,0.18747248421771853,0.16319280481767245,0.3874763345804367,渐进上升型,0.19488233050409676,0.14685329691535304,0.2986296008520196,0.2918066877359994,0.06782808399253153,稳定缓升型,0.18880467116832733,0.10348574072122574,0.2653828561306,0.37267136573791504,0.06965532153844833,先降后升型,0.05176046993055572,0.21009790645361653,0.18747248421771853,0.16319280481767245,0.3874763345804367
阳101H32-2—第7段—阳101H32-6,阳101H32,阳101H32-2 | 第7段,渐进上升型,88c3368802685c,阳101H2,1,涨幅微弱型,0.5131744040150564,0.09912170639899624,0.2095357590966123,0.1329987452948557,0.0451693851944793,先降后升型,0.17137415978521156,0.10937212517981185,0.09430977667400335,0.18867877722248078,0.43626516113849245,涨幅微弱型,0.3287489324562024,0.1223443375680205,0.21768688522990506,0.2410633511215575,0.09015649362431484,稳定缓升型,0.3077659010887146,0.08567935228347778,0.13340485095977783,0.3653579354286194,0.10779199004173279,先降后升型,0.17137415978521156,0.10937212517981185,0.09430977667400335,0.18867877722248078,0.43626516113849245
阳101H32-2—第8段—阳101H2-8,阳101H32,阳101H32-2 | 第8段,涨幅微弱型,73a6e90444e232,阳101H2,1,涨幅微弱型,0.5131744040150564,0.09912170639899624,0.2095357590966123,0.1329987452948557,0.0451693851944793,先降后升型,0.14318656308828218,0.1459746225219458,0.1295242027232614,0.1186670572821456,0.462647554384365,渐进上升型,0.16503323196452938,0.1847831280549336,0.31286842033274703,0.28240761862481845,0.054907601022972014,稳定缓升型,0.12876155972480774,0.18048709630966187,0.27991706132888794,0.28778889775276184,0.12304538488388062,先降后升型,0.14318656308828218,0.1459746225219458,0.1295242027232614,0.1186670572821456,0.462647554384365
阳101H32-2—第8段—阳101H32-1,阳101H32,阳101H32-2 | 第8段,涨幅微弱型,9f3a44e846cfe7,阳101H2,1,涨幅微弱型,0.5131744040150564,0.09912170639899624,0.2095357590966123,0.1329987452948557,0.0451693851944793,先降后升型,0.14318656308828218,0.1459746225219458,0.1295242027232614,0.1186670572821456,0.462647554384365,渐进上升型,0.16503323196452938,0.1847831280549336,0.31286842033274703,0.28240761862481845,0.054907601022972014,稳定缓升型,0.12876155972480774,0.18048709630966187,0.27991706132888794,0.28778889775276184,0.12304538488388062,先降后升型,0.14318656308828218,0.1459746225219458,0.1295242027232614,0.1186670572821456,0.462647554384365
阳101H32-2—第8段—阳101H32-3,阳101H32,阳101H32-2 | 第8段,涨幅微弱型,07a0f38943099f,阳101H2,1,涨幅微弱型,0.5131744040150564,0.09912170639899624,0.2095357590966123,0.1329987452948557,0.0451693851944793,先降后升型,0.14318656308828218,0.1459746225219458,0.1295242027232614,0.1186670572821456,0.462647554384365,渐进上升型,0.16503323196452938,0.1847831280549336,0.31286842033274703,0.28240761862481845,0.054907601022972014,稳定缓升型,0.12876155972480774,0.18048709630966187,0.27991706132888794,0.28778889775276184,0.12304538488388062,先降后升型,0.14318656308828218,0.1459746225219458,0.1295242027232614,0.1186670572821456,0.462647554384365
阳101H32-2—第8段—阳101H32-4,阳101H32,阳101H32-2 | 第8段,稳定缓升型,6ade0f60f8faa8,阳101H2,1,涨幅微弱型,0.5131744040150564,0.09912170639899624,0.2095357590966123,0.1329987452948557,0.0451693851944793,先降后升型,0.05962815575994848,0.22304159543049193,0.20272390729157042,0.10350027150535326,0.4111060700126358,渐进上升型,0.10267475690455057,0.1763024286266644,0.3576352253621107,0.3097171251251885,0.053670463981486095,渐进上升型,0.07268143445253372,0.15188783407211304,0.42969557642936707,0.2421870231628418,0.10354810208082199,先降后升型,0.05962815575994848,0.22304159543049193,0.20272390729157042,0.10350027150535326,0.4111060700126358
阳101H32-2—第8段—阳101H32-7,阳101H32,阳101H32-2 | 第8段,涨幅微弱型,90be16ac94ebc6,阳101H2,1,涨幅微弱型,0.5131744040150564,0.09912170639899624,0.2095357590966123,0.1329987452948557,0.0451693851944793,先降后升型,0.14318656308828218,0.1459746225219458,0.1295242027232614,0.1186670572821456,0.462647554384365,渐进上升型,0.16503323196452938,0.1847831280549336,0.31286842033274703,0.28240761862481845,0.054907601022972014,稳定缓升型,0.12876155972480774,0.18048709630966187,0.27991706132888794,0.28778889775276184,0.12304538488388062,先降后升型,0.14318656308828218,0.1459746225219458,0.1295242027232614,0.1186670572821456,0.462647554384365
阳101H32-2—第9段—阳101H32-1,阳101H32,阳101H32-2 | 第9段,涨幅微弱型,4167d471bb9ece,阳101H2,1,涨幅微弱型,0.5131744040150564,0.09912170639899624,0.2095357590966123,0.1329987452948557,0.0451693851944793,先降后升型,0.16249213242502716,0.13291482354634696,0.13095504061987948,0.138840735617975,0.4347972677907714,渐进上升型,0.16642212085341826,0.18408868361048916,0.3135628647771914,0.2821298408470407,0.0537964899118609,稳定缓升型,0.12876155972480774,0.18048709630966187,0.27991706132888794,0.28778889775276184,0.12304538488388062,先降后升型,0.16249213242502716,0.13291482354634696,0.13095504061987948,0.138840735617975,0.4347972677907714
阳101H32-2—第9段—阳101H32-3,阳101H32,阳101H32-2 | 第9段,涨幅微弱型,24d705e7996847,阳101H2,1,涨幅微弱型,0.5131744040150564,0.09912170639899624,0.2095357590966123,0.1329987452948557,0.0451693851944793,先降后升型,0.16249213242502716,0.13291482354634696,0.13095504061987948,0.138840735617975,0.4347972677907714,渐进上升型,0.16642212085341826,0.18408868361048916,0.3135628647771914,0.2821298408470407,0.0537964899118609,稳定缓升型,0.12876155972480774,0.18048709630966187,0.27991706132888794,0.28778889775276184,0.12304538488388062,先降后升型,0.16249213242502716,0.13291482354634696,0.13095504061987948,0.138840735617975,0.4347972677907714
阳101H32-2—第9段—阳101H32-4,阳101H32,阳101H32-2 | 第9段,稳定缓升型,e8420024e4f097,阳101H2,1,涨幅微弱型,0.5131744040150564,0.09912170639899624,0.2095357590966123,0.1329987452948557,0.0451693851944793,先降后升型,0.06787680312054942,0.20768794578139843,0.2096818559825396,0.12281154240662545,0.39194185270888704,渐进上升型,0.10406364579343945,0.17560798418221996,0.3583296698065552,0.3094393473474107,0.05255935287037498,渐进上升型,0.07268143445253372,0.15188783407211304,0.42969557642936707,0.2421870231628418,0.10354810208082199,先降后升型,0.06787680312054942,0.20768794578139843,0.2096818559825396,0.12281154240662545,0.39194185270888704
阳101H32-2—第9段—阳101H32-6,阳101H32,阳101H32-2 | 第9段,渐进上升型,b0c3f162bf728a,阳101H2,1,涨幅微弱型,0.5131744040150564,0.09912170639899624,0.2095357590966123,0.1329987452948557,0.0451693851944793,先降后升型,0.22184883347322262,0.1050722365960726,0.10248163313195859,0.1389263161925367,0.43167098060620945,渐进上升型,0.238556066876765,0.16372783638068703,0.2821103530242323,0.24901959442001736,0.06658614929829888,稳定缓升型,0.14645633101463318,0.15124276280403137,0.2201622873544693,0.28941720724105835,0.1927214115858078,先降后升型,0.22184883347322262,0.1050722365960726,0.10248163313195859,0.1389263161925367,0.43167098060620945
阳101H32-2—第9段—阳101H32-7,阳101H32,阳101H32-2 | 第9段,涨幅微弱型,ae1c78cfec9b3e,阳101H2,1,涨幅微弱型,0.5131744040150564,0.09912170639899624,0.2095357590966123,0.1329987452948557,0.0451693851944793,先降后升型,0.16249213242502716,0.13291482354634696,0.13095504061987948,0.138840735617975,0.4347972677907714,渐进上升型,0.16642212085341826,0.18408868361048916,0.3135628647771914,0.2821298408470407,0.0537964899118609,稳定缓升型,0.12876155972480774,0.18048709630966187,0.27991706132888794,0.28778889775276184,0.12304538488388062,先降后升型,0.16249213242502716,0.13291482354634696,0.13095504061987948,0.138840735617975,0.4347972677907714
阳101H32-2—第11段—阳101H32-1,阳101H32,阳101H32-2 | 第11段,涨幅微弱型,cc47e9be61635f,阳101H2,1,涨幅微弱型,0.5131744040150564,0.09912170639899624,0.2095357590966123,0.1329987452948557,0.0451693851944793,先降后升型,0.11505972755300142,0.09223036202840776,0.10787336217040652,0.06406652149610377,0.6207700267520805,渐进上升型,0.1591038697171744,0.16748089363350874,0.31268291386082847,0.3009777435333368,0.059754579255151916,稳定缓升型,0.13922226428985596,0.1766464114189148,0.28536301851272583,0.29776060581207275,0.10100769251585007,先降后升型,0.11505972755300142,0.09223036202840776,0.10787336217040652,0.06406652149610377,0.6207700267520805
阳101H32-2—第11段—阳101H32-3,阳101H32,阳101H32-2 | 第11段,涨幅微弱型,225556d24308f0,阳101H2,1,涨幅微弱型,0.5131744040150564,0.09912170639899624,0.2095357590966123,0.1329987452948557,0.0451693851944793,先降后升型,0.11505972755300142,0.09223036202840776,0.10787336217040652,0.06406652149610377,0.6207700267520805,渐进上升型,0.1591038697171744,0.16748089363350874,0.31268291386082847,0.3009777435333368,0.059754579255151916,稳定缓升型,0.13922226428985596,0.1766464114189148,0.28536301851272583,0.29776060581207275,0.10100769251585007,先降后升型,0.11505972755300142,0.09223036202840776,0.10787336217040652,0.06406652149610377,0.6207700267520805
阳101H32-2—第11段—阳101H32-4,阳101H32,阳101H32-2 | 第11段,快速稳定型,540e1f279b8f2b,阳101H2,1,涨幅微弱型,0.5131744040150564,0.09912170639899624,0.2095357590966123,0.1329987452948557,0.0451693851944793,先降后升型,0.04872492640504764,0.14723388030045015,0.17648627420573737,0.05770340434815179,0.569851514740613,渐进上升型,0.11643717915279607,0.15376243461563632,0.3531903859380872,0.31310833207948835,0.0635016682139924,渐进上升型,0.076316699385643,0.1477365493774414,0.44244062900543213,0.24902929365634918,0.08447683602571487,先降后升型,0.04872492640504764,0.14723388030045015,0.17648627420573737,0.05770340434815179,0.569851514740613
阳101H32-2—第11段—阳101H32-6,阳101H32,阳101H32-2 | 第11段,稳定缓升型,f2dc11962b70e5,阳101H2,1,涨幅微弱型,0.5131744040150564,0.09912170639899624,0.2095357590966123,0.1329987452948557,0.0451693851944793,先降后升型,0.15560278938768587,0.07414484243595416,0.0858898536222595,0.064456145517239,0.6199063690368615,渐进上升型,0.2476326051079304,0.14580945455818828,0.27393824234483105,0.2570420852890286,0.07557761270002201,稳定缓升型,0.1591828167438507,0.15077802538871765,0.2320336550474167,0.3010115921497345,0.15699389576911926,先降后升型,0.15560278938768587,0.07414484243595416,0.0858898536222595,0.064456145517239,0.6199063690368615
阳101H32-2—第11段—阳101H32-7,阳101H32,阳101H32-2 | 第11段,涨幅微弱型,38734833a5302a,阳101H2,1,涨幅微弱型,0.5131744040150564,0.09912170639899624,0.2095357590966123,0.1329987452948557,0.0451693851944793,先降后升型,0.11505972755300142,0.09223036202840776,0.10787336217040652,0.06406652149610377,0.6207700267520805,渐进上升型,0.1591038697171744,0.16748089363350874,0.31268291386082847,0.3009777435333368,0.059754579255151916,稳定缓升型,0.13922226428985596,0.1766464114189148,0.28536301851272583,0.29776060581207275,0.10100769251585007,先降后升型,0.11505972755300142,0.09223036202840776,0.10787336217040652,0.06406652149610377,0.6207700267520805
阳101H32-2—第13段—阳101H32-1,阳101H32,阳101H32-2 | 第13段,涨幅微弱型,95de3c9122697c,阳101H2,1,涨幅微弱型,0.5131744040150564,0.09912170639899624,0.2095357590966123,0.1329987452948557,0.0451693851944793,先降后升型,0.13868366935344303,0.15334095441991197,0.12945115779282343,0.10422101106275442,0.47430320737106724,渐进上升型,0.1691422183621187,0.1800566572898599,0.3173538426582428,0.28154553578663266,0.05190174590314631,渐进上升型,0.13613930344581604,0.1908285915851593,0.2959556579589844,0.2841614782810211,0.09291496872901917,先降后升型,0.13868366935344303,0.15334095441991197,0.12945115779282343,0.10422101106275442,0.47430320737106724
阳101H32-2—第13段—阳101H32-3,阳101H32,阳101H32-2 | 第13段,涨幅微弱型,f434dbcfdc78db,阳101H2,1,涨幅微弱型,0.5131744040150564,0.09912170639899624,0.2095357590966123,0.1329987452948557,0.0451693851944793,先降后升型,0.13868366935344303,0.15334095441991197,0.12945115779282343,0.10422101106275442,0.47430320737106724,渐进上升型,0.1691422183621187,0.1800566572898599,0.3173538426582428,0.28154553578663266,0.05190174590314631,渐进上升型,0.13613930344581604,0.1908285915851593,0.2959556579589844,0.2841614782810211,0.09291496872901917,先降后升型,0.13868366935344303,0.15334095441991197,0.12945115779282343,0.10422101106275442,0.47430320737106724
阳101H32-2—第13段—阳101H32-4,阳101H32,阳101H32-2 | 第13段,渐进上升型,cada1b8d8ffb22,阳101H2,1,涨幅微弱型,0.5131744040150564,0.09912170639899624,0.2095357590966123,0.1329987452948557,0.0451693851944793,先降后升型,0.057846913824476716,0.23193125533326542,0.2005201358231097,0.09044082930960398,0.41926086570954413,渐进上升型,0.10501773323649748,0.1703380226622584,0.3652682476366771,0.3045712732238219,0.05480472324074536,渐进上升型,0.07615450024604797,0.1591457575559616,0.4502284526824951,0.2369827777147293,0.0774884968996048,先降后升型,0.057846913824476716,0.23193125533326542,0.2005201358231097,0.09044082930960398,0.41926086570954413
阳101H32-2—第13段—阳101H32-7,阳101H32,阳101H32-2 | 第13段,涨幅微弱型,a66dc884c761f6,阳101H2,1,涨幅微弱型,0.5131744040150564,0.09912170639899624,0.2095357590966123,0.1329987452948557,0.0451693851944793,先降后升型,0.13868366935344303,0.15334095441991197,0.12945115779282343,0.10422101106275442,0.47430320737106724,渐进上升型,0.1691422183621187,0.1800566572898599,0.3173538426582428,0.28154553578663266,0.05190174590314631,渐进上升型,0.13613930344581604,0.1908285915851593,0.2959556579589844,0.2841614782810211,0.09291496872901917,先降后升型,0.13868366935344303,0.15334095441991197,0.12945115779282343,0.10422101106275442,0.47430320737106724
阳101H32-2—第14段—阳101H32-1,阳101H32,阳101H32-2 | 第14段,涨幅微弱型,fc01c4c4c973ef,阳101H2,1,涨幅微弱型,0.5131744040150564,0.09912170639899624,0.2095357590966123,0.1329987452948557,0.0451693851944793,稳定缓升型,0.18324648413806333,0.18154197244949336,0.17720605276665724,0.23912039824017556,0.21888509240561052,渐进上升型,0.11050722125998065,0.19827491230915176,0.3377893338235085,0.29503488709918635,0.058393645508172824,稳定缓升型,0.08390778303146362,0.1716632843017578,0.2614574134349823,0.44055575132369995,0.04241576045751572,稳定缓升型,0.18324648413806333,0.18154197244949336,0.17720605276665724,0.23912039824017556,0.21888509240561052
阳101H32-2—第14段—阳101H32-3,阳101H32,阳101H32-2 | 第14段,涨幅微弱型,c922d846c07ef1,阳101H2,1,涨幅微弱型,0.5131744040150564,0.09912170639899624,0.2095357590966123,0.1329987452948557,0.0451693851944793,稳定缓升型,0.18324648413806333,0.18154197244949336,0.17720605276665724,0.23912039824017556,0.21888509240561052,渐进上升型,0.11050722125998065,0.19827491230915176,0.3377893338235085,0.29503488709918635,0.058393645508172824,稳定缓升型,0.08390778303146362,0.1716632843017578,0.2614574134349823,0.44055575132369995,0.04241576045751572,稳定缓升型,0.18324648413806333,0.18154197244949336,0.17720605276665724,0.23912039824017556,0.21888509240561052
阳101H32-2—第14段—阳101H32-4,阳101H32,阳101H32-2 | 第14段,渐进上升型,95e0b542e3cd20,阳101H2,1,涨幅微弱型,0.5131744040150564,0.09912170639899624,0.2095357590966123,0.1329987452948557,0.0451693851944793,快速稳定型,0.07435176335712447,0.2676183053828566,0.26753692882408764,0.20207033953684947,0.1884226628990818,渐进上升型,0.06452604587388865,0.18844725347644592,0.38653280500343473,0.30945009320190636,0.05104380244432439,渐进上升型,0.050483930855989456,0.14329224824905396,0.39810797572135925,0.3727102279663086,0.03540565446019173,快速稳定型,0.07435176335712447,0.2676183053828566,0.26753692882408764,0.20207033953684947,0.1884226628990818
阳101H32-2—第14段—阳101H32-6,阳101H32,阳101H32-2 | 第14段,渐进上升型,0f27af5d5f834a,阳101H2,1,涨幅微弱型,0.5131744040150564,0.09912170639899624,0.2095357590966123,0.1329987452948557,0.0451693851944793,涨幅微弱型,0.26043992870208205,0.14170617102644822,0.1367964739622277,0.2417017634722812,0.21935566283696087,渐进上升型,0.20088676130228475,0.1721815804072964,0.29941805010062345,0.25613166455462993,0.07138194363516623,稳定缓升型,0.10017012059688568,0.1509801149368286,0.21583831310272217,0.4650131165981293,0.06799829006195068,涨幅微弱型,0.26043992870208205,0.14170617102644822,0.1367964739622277,0.2417017634722812,0.21935566283696087
阳101H32-2—第14段—阳101H32-7,阳101H32,阳101H32-2 | 第14段,涨幅微弱型,84eafb572cb7c0,阳101H2,1,涨幅微弱型,0.5131744040150564,0.09912170639899624,0.2095357590966123,0.1329987452948557,0.0451693851944793,稳定缓升型,0.18324648413806333,0.18154197244949336,0.17720605276665724,0.23912039824017556,0.21888509240561052,渐进上升型,0.11050722125998065,0.19827491230915176,0.3377893338235085,0.29503488709918635,0.058393645508172824,稳定缓升型,0.08390778303146362,0.1716632843017578,0.2614574134349823,0.44055575132369995,0.04241576045751572,稳定缓升型,0.18324648413806333,0.18154197244949336,0.17720605276665724,0.23912039824017556,0.21888509240561052
阳101H32-2—第15段—阳101H32-1,阳101H32,阳101H32-2 | 第15段,涨幅微弱型,7db8f5de343fbe,阳101H2,1,涨幅微弱型,0.5131744040150564,0.09912170639899624,0.2095357590966123,0.1329987452948557,0.0451693851944793,先降后升型,0.16518527715487558,0.15706283923266215,0.14357945267473451,0.1594377174921777,0.37473471344555,稳定缓升型,0.25522188570966015,0.15265282219847207,0.26016819276985637,0.27596446812184144,0.055992631200170694,稳定缓升型,0.2746087312698364,0.14558641612529755,0.2137802243232727,0.2973330318927765,0.06869159638881683,先降后升型,0.16518527715487558,0.15706283923266215,0.14357945267473451,0.1594377174921777,0.37473471344555
阳101H32-2—第15段—阳101H32-3,阳101H32,阳101H32-2 | 第15段,涨幅微弱型,b1fd9e03bfd599,阳101H2,1,涨幅微弱型,0.5131744040150564,0.09912170639899624,0.2095357590966123,0.1329987452948557,0.0451693851944793,先降后升型,0.16518527715487558,0.15706283923266215,0.14357945267473451,0.1594377174921777,0.37473471344555,稳定缓升型,0.25522188570966015,0.15265282219847207,0.26016819276985637,0.27596446812184144,0.055992631200170694,稳定缓升型,0.2746087312698364,0.14558641612529755,0.2137802243232727,0.2973330318927765,0.06869159638881683,先降后升型,0.16518527715487558,0.15706283923266215,0.14357945267473451,0.1594377174921777,0.37473471344555
阳101H32-2—第15段—阳101H32-6,阳101H32,阳101H32-2 | 第15段,渐进上升型,068d8d6f2714e8,阳101H2,1,涨幅微弱型,0.5131744040150564,0.09912170639899624,0.2095357590966123,0.1329987452948557,0.0451693851944793,先降后升型,0.23297588977872175,0.12228477264101163,0.11056481233324439,0.16039255483983397,0.3737819704071884,涨幅微弱型,0.33599259251647257,0.12915595265597357,0.21806683298205576,0.24999814290172406,0.06678647894377422,涨幅微弱型,0.30937814712524414,0.1208377406001091,0.16968658566474915,0.29617398977279663,0.10392355918884277,先降后升型,0.23297588977872175,0.12228477264101163,0.11056481233324439,0.16039255483983397,0.3737819704071884
阳101H32-2—第15段—阳101H32-7,阳101H32,阳101H32-2 | 第15段,涨幅微弱型,f8784a69936845,阳101H2,1,涨幅微弱型,0.5131744040150564,0.09912170639899624,0.2095357590966123,0.1329987452948557,0.0451693851944793,先降后升型,0.16518527715487558,0.15706283923266215,0.14357945267473451,0.1594377174921777,0.37473471344555,稳定缓升型,0.25522188570966015,0.15265282219847207,0.26016819276985637,0.27596446812184144,0.055992631200170694,稳定缓升型,0.2746087312698364,0.14558641612529755,0.2137802243232727,0.2973330318927765,0.06869159638881683,先降后升型,0.16518527715487558,0.15706283923266215,0.14357945267473451,0.1594377174921777,0.37473471344555
阳101H32-2—第16段—阳101H26-3,阳101H32,阳101H32-2 | 第16段,渐进上升型,f5ca501532a9e6,阳101H2,1,涨幅微弱型,0.5131744040150564,0.09912170639899624,0.2095357590966123,0.1329987452948557,0.0451693851944793,稳定缓升型,0.09288414417024082,0.14142715312611112,0.18504080230580758,0.5495616214867829,0.031086278911057585,涨幅微弱型,0.44473919692812997,0.10810927466201434,0.18571461185109428,0.19949299947499824,0.061943917083763296,涨幅微弱型,0.3864966630935669,0.1703910082578659,0.16733607649803162,0.2452496588230133,0.0305265411734581,稳定缓升型,0.09288414417024082,0.14142715312611112,0.18504080230580758,0.5495616214867829,0.031086278911057585
阳101H32-2—第16段—阳101H32-1,阳101H32,阳101H32-2 | 第16段,涨幅微弱型,345297a63aae53,阳101H2,1,涨幅微弱型,0.5131744040150564,0.09912170639899624,0.2095357590966123,0.1329987452948557,0.0451693851944793,稳定缓升型,0.09288414417024082,0.14142715312611112,0.18504080230580758,0.5495616214867829,0.031086278911057585,涨幅微弱型,0.44473919692812997,0.10810927466201434,0.18571461185109428,0.19949299947499824,0.061943917083763296,涨幅微弱型,0.3864966630935669,0.1703910082578659,0.16733607649803162,0.2452496588230133,0.0305265411734581,稳定缓升型,0.09288414417024082,0.14142715312611112,0.18504080230580758,0.5495616214867829,0.031086278911057585
阳101H32-2—第16段—阳101H32-3,阳101H32,阳101H32-2 | 第16段,涨幅微弱型,2e9cec47fe39b5,阳101H2,1,涨幅微弱型,0.5131744040150564,0.09912170639899624,0.2095357590966123,0.1329987452948557,0.0451693851944793,稳定缓升型,0.09288414417024082,0.14142715312611112,0.18504080230580758,0.5495616214867829,0.031086278911057585,涨幅微弱型,0.44473919692812997,0.10810927466201434,0.18571461185109428,0.19949299947499824,0.061943917083763296,涨幅微弱型,0.3864966630935669,0.1703910082578659,0.16733607649803162,0.2452496588230133,0.0305265411734581,稳定缓升型,0.09288414417024082,0.14142715312611112,0.18504080230580758,0.5495616214867829,0.031086278911057585
阳101H32-2—第16段—阳101H32-5,阳101H32,阳101H32-2 | 第16段,涨幅微弱型,66df5914512fd8,阳101H2,1,涨幅微弱型,0.5131744040150564,0.09912170639899624,0.2095357590966123,0.1329987452948557,0.0451693851944793,稳定缓升型,0.06628054230795258,0.16562807153218173,0.2187003613828961,0.5197798393255292,0.029611185451440317,涨幅微弱型,0.4265669804067287,0.10499363621549351,0.19962891718084075,0.208986924327379,0.059823541869558156,涨幅微弱型,0.36270245909690857,0.17680534720420837,0.16407383978366852,0.2647426128387451,0.03167570382356644,稳定缓升型,0.06628054230795258,0.16562807153218173,0.2187003613828961,0.5197798393255292,0.029611185451440317
阳101H32-2—第16段—阳101H32-7,阳101H32,阳101H32-2 | 第16段,涨幅微弱型,49826c0c1be83f,阳101H2,1,涨幅微弱型,0.5131744040150564,0.09912170639899624,0.2095357590966123,0.1329987452948557,0.0451693851944793,稳定缓升型,0.09288414417024082,0.14142715312611112,0.18504080230580758,0.5495616214867829,0.031086278911057585,涨幅微弱型,0.44473919692812997,0.10810927466201434,0.18571461185109428,0.19949299947499824,0.061943917083763296,涨幅微弱型,0.3864966630935669,0.1703910082578659,0.16733607649803162,0.2452496588230133,0.0305265411734581,稳定缓升型,0.09288414417024082,0.14142715312611112,0.18504080230580758,0.5495616214867829,0.031086278911057585
阳101H32-2—第17段—阳101H32-1,阳101H32,阳101H32-2 | 第17段,涨幅微弱型,fd048e56182f46,阳101H2,1,涨幅微弱型,0.5131744040150564,0.09912170639899624,0.2095357590966123,0.1329987452948557,0.0451693851944793,稳定缓升型,0.07688431934190022,0.20370888502953455,0.19797220973568894,0.5089560711405782,0.01247851475229817,涨幅微弱型,0.4153338578755406,0.11077572110112464,0.17428758831362468,0.23286627058136006,0.06673656212835019,涨幅微弱型,0.34887051582336426,0.11616656929254532,0.21681739389896393,0.28985434770584106,0.028291191905736923,稳定缓升型,0.07688431934190022,0.20370888502953455,0.19797220973568894,0.5089560711405782,0.01247851475229817
阳101H32-2—第17段—阳101H32-3,阳101H32,阳101H32-2 | 第17段,涨幅微弱型,c55609a41fdd09,阳101H2,1,涨幅微弱型,0.5131744040150564,0.09912170639899624,0.2095357590966123,0.1329987452948557,0.0451693851944793,稳定缓升型,0.07688431934190022,0.20370888502953455,0.19797220973568894,0.5089560711405782,0.01247851475229817,涨幅微弱型,0.4153338578755406,0.11077572110112464,0.17428758831362468,0.23286627058136006,0.06673656212835019,涨幅微弱型,0.34887051582336426,0.11616656929254532,0.21681739389896393,0.28985434770584106,0.028291191905736923,稳定缓升型,0.07688431934190022,0.20370888502953455,0.19797220973568894,0.5089560711405782,0.01247851475229817
阳101H32-2—第17段—阳101H32-4,阳101H32,阳101H32-2 | 第17段,稳定缓升型,9a0c76e5a43271,阳101H2,1,涨幅微弱型,0.5131744040150564,0.09912170639899624,0.2095357590966123,0.1329987452948557,0.0451693851944793,稳定缓升型,0.02740045462496689,0.2846017589032693,0.28366730314912303,0.3944677237546713,0.009862759567969576,涨幅微弱型,0.39624426538645374,0.11658267067332272,0.18686642410030732,0.24559679198528137,0.054709847854635174,稳定缓升型,0.287019282579422,0.1270226687192917,0.22955892980098724,0.32546401023864746,0.03093508444726467,稳定缓升型,0.02740045462496689,0.2846017589032693,0.28366730314912303,0.3944677237546713,0.009862759567969576
阳101H32-2—第17段—阳101H32-5,阳101H32,阳101H32-2 | 第17段,涨幅微弱型,a9babecf1556ca,阳101H2,1,涨幅微弱型,0.5131744040150564,0.09912170639899624,0.2095357590966123,0.1329987452948557,0.0451693851944793,稳定缓升型,0.05282759656899627,0.23514048558503167,0.23072257499964233,0.4697071755111555,0.011602167335174262,涨幅微弱型,0.40381828006884446,0.10913284539381393,0.18065815144502378,0.2432508313572714,0.06313989173504668,涨幅微弱型,0.32723188400268555,0.12048044800758362,0.21424469351768494,0.30870118737220764,0.029341792687773705,稳定缓升型,0.05282759656899627,0.23514048558503167,0.23072257499964233,0.4697071755111555,0.011602167335174262
阳101H32-2—第17段—阳101H32-6,阳101H32,阳101H32-2 | 第17段,渐进上升型,596f4a3fb04aad,阳101H2,1,涨幅微弱型,0.5131744040150564,0.09912170639899624,0.2095357590966123,0.1329987452948557,0.0451693851944793,稳定缓升型,0.11104412638725007,0.17110410786025873,0.16462627934709503,0.540086211574025,0.013139274831371103,涨幅微弱型,0.4742116431054583,0.09957133913095091,0.1542342276716428,0.2038386013079541,0.06814418878399406,涨幅微弱型,0.38581734895706177,0.09617427736520767,0.19450506567955017,0.28459450602531433,0.03890879824757576,稳定缓升型,0.11104412638725007,0.17110410786025873,0.16462627934709503,0.540086211574025,0.013139274831371103
阳101H32-2—第17段—阳101H32-7,阳101H32,阳101H32-2 | 第17段,涨幅微弱型,b0e0db17231158,阳101H2,1,涨幅微弱型,0.5131744040150564,0.09912170639899624,0.2095357590966123,0.1329987452948557,0.0451693851944793,稳定缓升型,0.07688431934190022,0.20370888502953455,0.19797220973568894,0.5089560711405782,0.01247851475229817,涨幅微弱型,0.4153338578755406,0.11077572110112464,0.17428758831362468,0.23286627058136006,0.06673656212835019,涨幅微弱型,0.34887051582336426,0.11616656929254532,0.21681739389896393,0.28985434770584106,0.028291191905736923,稳定缓升型,0.07688431934190022,0.20370888502953455,0.19797220973568894,0.5089560711405782,0.01247851475229817
阳101H32-2—第19段—阳101H32-1,阳101H32,阳101H32-2 | 第19段,涨幅微弱型,34852d4aa223b4,阳101H2,1,涨幅微弱型,0.5131744040150564,0.09912170639899624,0.2095357590966123,0.1329987452948557,0.0451693851944793,先降后升型,0.19155187220221778,0.1334416938501444,0.17433332649426264,0.20896350147854728,0.29170960597482787,稳定缓升型,0.25597884187484005,0.13427902285842688,0.26878687813854907,0.2752930536466975,0.0656622034814869,涨幅微弱型,0.38550683856010437,0.11706482619047165,0.1880994290113449,0.24554648995399475,0.06378242373466492,先降后升型,0.19155187220221778,0.1334416938501444,0.17433332649426264,0.20896350147854728,0.29170960597482787
阳101H32-2—第19段—阳101H32-3,阳101H32,阳101H32-2 | 第19段,涨幅微弱型,b394fc360da6d9,阳101H2,1,涨幅微弱型,0.5131744040150564,0.09912170639899624,0.2095357590966123,0.1329987452948557,0.0451693851944793,先降后升型,0.19155187220221778,0.1334416938501444,0.17433332649426264,0.20896350147854728,0.29170960597482787,稳定缓升型,0.25597884187484005,0.13427902285842688,0.26878687813854907,0.2752930536466975,0.0656622034814869,涨幅微弱型,0.38550683856010437,0.11706482619047165,0.1880994290113449,0.24554648995399475,0.06378242373466492,先降后升型,0.19155187220221778,0.1334416938501444,0.17433332649426264,0.20896350147854728,0.29170960597482787
阳101H32-2—第19段—阳101H32-7,阳101H32,阳101H32-2 | 第19段,涨幅微弱型,b6da0144d53396,阳101H2,1,涨幅微弱型,0.5131744040150564,0.09912170639899624,0.2095357590966123,0.1329987452948557,0.0451693851944793,先降后升型,0.19155187220221778,0.1334416938501444,0.17433332649426264,0.20896350147854728,0.29170960597482787,稳定缓升型,0.25597884187484005,0.13427902285842688,0.26878687813854907,0.2752930536466975,0.0656622034814869,涨幅微弱型,0.38550683856010437,0.11706482619047165,0.1880994290113449,0.24554648995399475,0.06378242373466492,先降后升型,0.19155187220221778,0.1334416938501444,0.17433332649426264,0.20896350147854728,0.29170960597482787
阳101H32-2—第20段—阳101H32-1,阳101H32,阳101H32-2 | 第20段,涨幅微弱型,d77b792152573d,阳101H2,1,涨幅微弱型,0.5131744040150564,0.09912170639899624,0.2095357590966123,0.1329987452948557,0.0451693851944793,先降后升型,0.18576666850887127,0.1385709587185189,0.17531742255672017,0.20069881077183097,0.2996461394440586,涨幅微弱型,0.28567775317415184,0.13155119513059912,0.2532041295666701,0.2654512485431646,0.06411567358541466,涨幅微弱型,0.39107149839401245,0.11875461786985397,0.19081458449363708,0.23465624451637268,0.06470309942960739,先降后升型,0.18576666850887127,0.1385709587185189,0.17531742255672017,0.20069881077183097,0.2996461394440586
阳101H32-2—第20段—阳101H32-3,阳101H32,阳101H32-2 | 第20段,涨幅微弱型,20ccef9c6ddcc5,阳101H2,1,涨幅微弱型,0.5131744040150564,0.09912170639899624,0.2095357590966123,0.1329987452948557,0.0451693851944793,先降后升型,0.18576666850887127,0.1385709587185189,0.17531742255672017,0.20069881077183097,0.2996461394440586,涨幅微弱型,0.28567775317415184,0.13155119513059912,0.2532041295666701,0.2654512485431646,0.06411567358541466,涨幅微弱型,0.39107149839401245,0.11875461786985397,0.19081458449363708,0.23465624451637268,0.06470309942960739,先降后升型,0.18576666850887127,0.1385709587185189,0.17531742255672017,0.20069881077183097,0.2996461394440586
阳101H32-2—第20段—阳101H32-4,阳101H32,阳101H32-2 | 第20段,快速稳定型,2fdadfab8a36e4,阳101H2,1,涨幅微弱型,0.5131744040150564,0.09912170639899624,0.2095357590966123,0.1329987452948557,0.0451693851944793,渐进上升型,0.07396809994467024,0.21362962729191182,0.27713537195909593,0.17256969285466436,0.2626972079496578,渐进上升型,0.2210026743413414,0.12833105359424862,0.3165089865448368,0.2768871595892378,0.057270125930336084,渐进上升型,0.219284787774086,0.11838286370038986,0.36082085967063904,0.23701094090938568,0.06450056284666061,渐进上升型,0.07396809994467024,0.21362962729191182,0.27713537195909593,0.17256969285466436,0.2626972079496578
阳101H32-2—第20段—阳101H32-7,阳101H32,阳101H32-2 | 第20段,涨幅微弱型,bebb9e83a35717,阳101H2,1,涨幅微弱型,0.5131744040150564,0.09912170639899624,0.2095357590966123,0.1329987452948557,0.0451693851944793,先降后升型,0.18576666850887127,0.1385709587185189,0.17531742255672017,0.20069881077183097,0.2996461394440586,涨幅微弱型,0.28567775317415184,0.13155119513059912,0.2532041295666701,0.2654512485431646,0.06411567358541466,涨幅微弱型,0.39107149839401245,0.11875461786985397,0.19081458449363708,0.23465624451637268,0.06470309942960739,先降后升型,0.18576666850887127,0.1385709587185189,0.17531742255672017,0.20069881077183097,0.2996461394440586
阳101H32-2—第22段—阳101H32-1,阳101H32,阳101H32-2 | 第22段,涨幅微弱型,0a4e4d0688759e,阳101H2,1,涨幅微弱型,0.5131744040150564,0.09912170639899624,0.2095357590966123,0.1329987452948557,0.0451693851944793,先降后升型,0.18563154636168253,0.13867794743705425,0.1753173550974252,0.20051688629247,0.29985626481136796,涨幅微弱型,0.28567775317415184,0.13155119513059912,0.2532041295666701,0.2654512485431646,0.06411567358541466,涨幅微弱型,0.39107149839401245,0.11875461786985397,0.19081458449363708,0.23465624451637268,0.06470309942960739,先降后升型,0.18563154636168253,0.13867794743705425,0.1753173550974252,0.20051688629247,0.29985626481136796
阳101H32-2—第22段—阳101H32-3,阳101H32,阳101H32-2 | 第22段,涨幅微弱型,5cb35af8100ac3,阳101H2,1,涨幅微弱型,0.5131744040150564,0.09912170639899624,0.2095357590966123,0.1329987452948557,0.0451693851944793,先降后升型,0.18563154636168253,0.13867794743705425,0.1753173550974252,0.20051688629247,0.29985626481136796,涨幅微弱型,0.28567775317415184,0.13155119513059912,0.2532041295666701,0.2654512485431646,0.06411567358541466,涨幅微弱型,0.39107149839401245,0.11875461786985397,0.19081458449363708,0.23465624451637268,0.06470309942960739,先降后升型,0.18563154636168253,0.13867794743705425,0.1753173550974252,0.20051688629247,0.29985626481136796
阳101H32-2—第22段—阳101H32-7,阳101H32,阳101H32-2 | 第22段,涨幅微弱型,80b127bab9ca1d,阳101H2,1,涨幅微弱型,0.5131744040150564,0.09912170639899624,0.2095357590966123,0.1329987452948557,0.0451693851944793,先降后升型,0.18563154636168253,0.13867794743705425,0.1753173550974252,0.20051688629247,0.29985626481136796,涨幅微弱型,0.28567775317415184,0.13155119513059912,0.2532041295666701,0.2654512485431646,0.06411567358541466,涨幅微弱型,0.39107149839401245,0.11875461786985397,0.19081458449363708,0.23465624451637268,0.06470309942960739,先降后升型,0.18563154636168253,0.13867794743705425,0.1753173550974252,0.20051688629247,0.29985626481136796
阳101H32-4—第2段—阳101H32-3,阳101H32,阳101H32-4 | 第2段,涨幅微弱型,6badc35e98658c;7746573a40752b,阳101H2,1,涨幅微弱型,0.5131744040150564,0.09912170639899624,0.2095357590966123,0.1329987452948557,0.0451693851944793,先降后升型,0.19301905101051423,0.12033477758768447,0.0953052989776073,0.10983247591848905,0.4815083965057049,涨幅微弱型,0.38766245299372215,0.11325157584617523,0.2213084238025868,0.18913262934960384,0.08864491800791188,涨幅微弱型,0.5849266052246094,0.0494367741048336,0.1462160050868988,0.11021886020898819,0.10920172929763794,先降后升型,0.19301905101051423,0.12033477758768447,0.0953052989776073,0.10983247591848905,0.4815083965057049
阳101H32-4—第2段—阳101H32-7,阳101H32,阳101H32-4 | 第2段,涨幅微弱型,a27e1cc94cc8ea,阳101H2,1,涨幅微弱型,0.5131744040150564,0.09912170639899624,0.2095357590966123,0.1329987452948557,0.0451693851944793,先降后升型,0.19301905101051423,0.12033477758768447,0.0953052989776073,0.10983247591848905,0.4815083965057049,涨幅微弱型,0.38766245299372215,0.11325157584617523,0.2213084238025868,0.18913262934960384,0.08864491800791188,涨幅微弱型,0.5849266052246094,0.0494367741048336,0.1462160050868988,0.11021886020898819,0.10920172929763794,先降后升型,0.19301905101051423,0.12033477758768447,0.0953052989776073,0.10983247591848905,0.4815083965057049
阳101H32-4—第3段—阳101H32-1,阳101H32,阳101H32-4 | 第3段,涨幅微弱型,703ce1d7c0af82,阳101H2,1,涨幅微弱型,0.5131744040150564,0.09912170639899624,0.2095357590966123,0.1329987452948557,0.0451693851944793,先降后升型,0.20915346015826874,0.10731911762389229,0.09169382327299176,0.11693104741220271,0.47490255153264443,涨幅微弱型,0.39113660321450755,0.11744827772791382,0.22760099854088875,0.17216356442851694,0.0916505560881729,涨幅微弱型,0.6263200640678406,0.04399731010198593,0.11708178371191025,0.11103028804063797,0.10157051682472229,先降后升型,0.20915346015826874,0.10731911762389229,0.09169382327299176,0.11693104741220271,0.47490255153264443
阳101H32-4—第3段—阳101H32-3,阳101H32,阳101H32-4 | 第3段,涨幅微弱型,fbcce5409f1685,阳101H2,1,涨幅微弱型,0.5131744040150564,0.09912170639899624,0.2095357590966123,0.1329987452948557,0.0451693851944793,先降后升型,0.20915346015826874,0.10731911762389229,0.09169382327299176,0.11693104741220271,0.47490255153264443,涨幅微弱型,0.39113660321450755,0.11744827772791382,0.22760099854088875,0.17216356442851694,0.0916505560881729,涨幅微弱型,0.6263200640678406,0.04399731010198593,0.11708178371191025,0.11103028804063797,0.10157051682472229,先降后升型,0.20915346015826874,0.10731911762389229,0.09169382327299176,0.11693104741220271,0.47490255153264443
阳101H32-4—第3段—阳101H32-5,阳101H32,阳101H32-4 | 第3段,快速稳定型,a2fd767b95cfa9,阳101H2,1,涨幅微弱型,0.5131744040150564,0.09912170639899624,0.2095357590966123,0.1329987452948557,0.0451693851944793,先降后升型,0.04416756616843995,0.24327374592471437,0.217185000382291,0.09522867054417605,0.4001450169803787,渐进上升型,0.19828333298609116,0.23784384935036038,0.34995674147853867,0.11604307652207173,0.09787299966293825,渐进上升型,0.2726341485977173,0.14028599858283997,0.3654558062553406,0.11822725087404251,0.10339682549238205,先降后升型,0.04416756616843995,0.24327374592471437,0.217185000382291,0.09522867054417605,0.4001450169803787
阳101H32-4—第3段—阳101H32-6,阳101H32,阳101H32-4 | 第3段,渐进上升型,61e6bc54213132,阳101H2,1,涨幅微弱型,0.5131744040150564,0.09912170639899624,0.2095357590966123,0.1329987452948557,0.0451693851944793,先降后升型,0.09241166111276965,0.18078763748836235,0.15833819722962808,0.11059467408577954,0.4578678300834603,渐进上升型,0.26511672082981375,0.1698573686315558,0.3252980940144384,0.1507480460218388,0.08897977050235327,涨幅微弱型,0.4288564920425415,0.04647671803832054,0.2985362708568573,0.1188361868262291,0.10729436576366425,先降后升型,0.09241166111276965,0.18078763748836235,0.15833819722962808,0.11059467408577954,0.4578678300834603
阳101H32-4—第3段—阳101H32-7,阳101H32,阳101H32-4 | 第3段,涨幅微弱型,8a6c8b62f8282d,阳101H2,1,涨幅微弱型,0.5131744040150564,0.09912170639899624,0.2095357590966123,0.1329987452948557,0.0451693851944793,先降后升型,0.20915346015826874,0.10731911762389229,0.09169382327299176,0.11693104741220271,0.47490255153264443,涨幅微弱型,0.39113660321450755,0.11744827772791382,0.22760099854088875,0.17216356442851694,0.0916505560881729,涨幅微弱型,0.6263200640678406,0.04399731010198593,0.11708178371191025,0.11103028804063797,0.10157051682472229,先降后升型,0.20915346015826874,0.10731911762389229,0.09169382327299176,0.11693104741220271,0.47490255153264443
阳101H32-4—第4段—阳101H32-1,阳101H32,阳101H32-4 | 第4段,涨幅微弱型,8291e9c7fe2405,阳101H2,1,涨幅微弱型,0.5131744040150564,0.09912170639899624,0.2095357590966123,0.1329987452948557,0.0451693851944793,先降后升型,0.21500603434447305,0.11947067525041764,0.1006647770170493,0.17000834909722215,0.39485016429083786,涨幅微弱型,0.38705494674114005,0.12088927984607886,0.23148371095544087,0.1711885428862456,0.08938351957109444,涨幅微弱型,0.5865565538406372,0.05011957511305809,0.1250796765089035,0.12581320106983185,0.11243102699518204,先降后升型,0.21500603434447305,0.11947067525041764,0.1006647770170493,0.17000834909722215,0.39485016429083786
阳101H32-4—第4段—阳101H32-3,阳101H32,阳101H32-4 | 第4段,涨幅微弱型,20f5e7a38c639c,阳101H2,1,涨幅微弱型,0.5131744040150564,0.09912170639899624,0.2095357590966123,0.1329987452948557,0.0451693851944793,先降后升型,0.21500603434447305,0.11947067525041764,0.1006647770170493,0.17000834909722215,0.39485016429083786,涨幅微弱型,0.38705494674114005,0.12088927984607886,0.23148371095544087,0.1711885428862456,0.08938351957109444,涨幅微弱型,0.5865565538406372,0.05011957511305809,0.1250796765089035,0.12581320106983185,0.11243102699518204,先降后升型,0.21500603434447305,0.11947067525041764,0.1006647770170493,0.17000834909722215,0.39485016429083786
阳101H32-4—第4段—阳101H32-7,阳101H32,阳101H32-4 | 第4段,涨幅微弱型,ff6815a04616e7,阳101H2,1,涨幅微弱型,0.5131744040150564,0.09912170639899624,0.2095357590966123,0.1329987452948557,0.0451693851944793,先降后升型,0.21500603434447305,0.11947067525041764,0.1006647770170493,0.17000834909722215,0.39485016429083786,涨幅微弱型,0.38705494674114005,0.12088927984607886,0.23148371095544087,0.1711885428862456,0.08938351957109444,涨幅微弱型,0.5865565538406372,0.05011957511305809,0.1250796765089035,0.12581320106983185,0.11243102699518204,先降后升型,0.21500603434447305,0.11947067525041764,0.1006647770170493,0.17000834909722215,0.39485016429083786
阳101H32-4—第5段—阳101H32-1,阳101H32,阳101H32-4 | 第5段,涨幅微弱型,4f3ec435fe0e22,阳101H2,1,涨幅微弱型,0.5131744040150564,0.09912170639899624,0.2095357590966123,0.1329987452948557,0.0451693851944793,先降后升型,0.223474729015785,0.11611922780723365,0.09836390138400067,0.164780730215179,0.39726141157780176,涨幅微弱型,0.38868570471889097,0.12254400811093266,0.22319788810218846,0.1781649133298772,0.08740748573811062,涨幅微弱型,0.6279236078262329,0.04703490808606148,0.10473590344190598,0.11847501993179321,0.10183056443929672,先降后升型,0.223474729015785,0.11611922780723365,0.09836390138400067,0.164780730215179,0.39726141157780176
阳101H32-4—第5段—阳101H32-3,阳101H32,阳101H32-4 | 第5段,涨幅微弱型,179308ddba2cbb,阳101H2,1,涨幅微弱型,0.5131744040150564,0.09912170639899624,0.2095357590966123,0.1329987452948557,0.0451693851944793,先降后升型,0.223474729015785,0.11611922780723365,0.09836390138400067,0.164780730215179,0.39726141157780176,涨幅微弱型,0.38868570471889097,0.12254400811093266,0.22319788810218846,0.1781649133298772,0.08740748573811062,涨幅微弱型,0.6279236078262329,0.04703490808606148,0.10473590344190598,0.11847501993179321,0.10183056443929672,先降后升型,0.223474729015785,0.11611922780723365,0.09836390138400067,0.164780730215179,0.39726141157780176
阳101H32-4—第5段—阳101H32-6,阳101H32,阳101H32-4 | 第5段,渐进上升型,57015c199b23cc,阳101H2,1,涨幅微弱型,0.5131744040150564,0.09912170639899624,0.2095357590966123,0.1329987452948557,0.0451693851944793,先降后升型,0.09756704449486653,0.19583324048555187,0.17008931935292823,0.15515030834302113,0.3813600873236322,渐进上升型,0.2680367247896472,0.17356762968490919,0.31704457834027727,0.1553752873605509,0.08597577982461559,涨幅微弱型,0.4382505416870117,0.050644196569919586,0.2722095549106598,0.12925104796886444,0.10964462906122208,先降后升型,0.09756704449486653,0.19583324048555187,0.17008931935292823,0.15515030834302113,0.3813600873236322
阳101H32-4—第5段—阳101H32-7,阳101H32,阳101H32-4 | 第5段,涨幅微弱型,c6ebf845c43a56,阳101H2,1,涨幅微弱型,0.5131744040150564,0.09912170639899624,0.2095357590966123,0.1329987452948557,0.0451693851944793,先降后升型,0.223474729015785,0.11611922780723365,0.09836390138400067,0.164780730215179,0.39726141157780176,涨幅微弱型,0.38868570471889097,0.12254400811093266,0.22319788810218846,0.1781649133298772,0.08740748573811062,涨幅微弱型,0.6279236078262329,0.04703490808606148,0.10473590344190598,0.11847501993179321,0.10183056443929672,先降后升型,0.223474729015785,0.11611922780723365,0.09836390138400067,0.164780730215179,0.39726141157780176
阳101H32-4—第6段—阳101H32-1,阳101H32,阳101H32-4 | 第6段,涨幅微弱型,7f029a69033299,阳101H2,1,涨幅微弱型,0.5131744040150564,0.09912170639899624,0.2095357590966123,0.1329987452948557,0.0451693851944793,先降后升型,0.24798710067034388,0.15220673737915316,0.11669381715733872,0.19569174794190874,0.2874205968512554,涨幅微弱型,0.38573675906878324,0.10833730924191902,0.23043294855039945,0.18910168855048737,0.0863912945884108,涨幅微弱型,0.6377804279327393,0.04921795427799225,0.11483485996723175,0.14352956414222717,0.05463721975684166,先降后升型,0.24798710067034388,0.15220673737915316,0.11669381715733872,0.19569174794190874,0.2874205968512554
阳101H32-4—第6段—阳101H32-3,阳101H32,阳101H32-4 | 第6段,涨幅微弱型,e91577d190b0b6,阳101H2,1,涨幅微弱型,0.5131744040150564,0.09912170639899624,0.2095357590966123,0.1329987452948557,0.0451693851944793,先降后升型,0.24798710067034388,0.15220673737915316,0.11669381715733872,0.19569174794190874,0.2874205968512554,涨幅微弱型,0.38573675906878324,0.10833730924191902,0.23043294855039945,0.18910168855048737,0.0863912945884108,涨幅微弱型,0.6377804279327393,0.04921795427799225,0.11483485996723175,0.14352956414222717,0.05463721975684166,先降后升型,0.24798710067034388,0.15220673737915316,0.11669381715733872,0.19569174794190874,0.2874205968512554
阳101H32-4—第6段—阳101H32-7,阳101H32,阳101H32-4 | 第6段,涨幅微弱型,36062e8d085b3d,阳101H2,1,涨幅微弱型,0.5131744040150564,0.09912170639899624,0.2095357590966123,0.1329987452948557,0.0451693851944793,先降后升型,0.24798710067034388,0.15220673737915316,0.11669381715733872,0.19569174794190874,0.2874205968512554,涨幅微弱型,0.38573675906878324,0.10833730924191902,0.23043294855039945,0.18910168855048737,0.0863912945884108,涨幅微弱型,0.6377804279327393,0.04921795427799225,0.11483485996723175,0.14352956414222717,0.05463721975684166,先降后升型,0.24798710067034388,0.15220673737915316,0.11669381715733872,0.19569174794190874,0.2874205968512554
阳101H32-4—第8段—阳101H32-1,阳101H32,阳101H32-4 | 第8段,涨幅微弱型,72b4c6d09b4167,阳101H2,1,涨幅微弱型,0.5131744040150564,0.09912170639899624,0.2095357590966123,0.1329987452948557,0.0451693851944793,先降后升型,0.2516165399035081,0.1578128764402077,0.11932515710704683,0.200999321117687,0.2702461054315505,涨幅微弱型,0.3771428428022327,0.10745246091664988,0.23681486162094598,0.19381007704891012,0.08477975761126118,涨幅微弱型,0.6377804279327393,0.04921795427799225,0.11483485996723175,0.14352956414222717,0.05463721975684166,先降后升型,0.2516165399035081,0.1578128764402077,0.11932515710704683,0.200999321117687,0.2702461054315505
阳101H32-4—第8段—阳101H32-3,阳101H32,阳101H32-4 | 第8段,涨幅微弱型,367e9f180ec69a,阳101H2,1,涨幅微弱型,0.5131744040150564,0.09912170639899624,0.2095357590966123,0.1329987452948557,0.0451693851944793,先降后升型,0.2516165399035081,0.1578128764402077,0.11932515710704683,0.200999321117687,0.2702461054315505,涨幅微弱型,0.3771428428022327,0.10745246091664988,0.23681486162094598,0.19381007704891012,0.08477975761126118,涨幅微弱型,0.6377804279327393,0.04921795427799225,0.11483485996723175,0.14352956414222717,0.05463721975684166,先降后升型,0.2516165399035081,0.1578128764402077,0.11932515710704683,0.200999321117687,0.2702461054315505
阳101H32-4—第8段—阳101H32-5,阳101H32,阳101H32-4 | 第8段,涨幅微弱型,00713f559b2d76,阳101H2,1,涨幅微弱型,0.5131744040150564,0.09912170639899624,0.2095357590966123,0.1329987452948557,0.0451693851944793,快速稳定型,0.0487431103885853,0.33012494185356395,0.2608478663131333,0.15067338544145328,0.20961069600326412,渐进上升型,0.19477813293146745,0.22058326831313274,0.3567910284666198,0.13509438455890843,0.09275318572987183,渐进上升型,0.2792978584766388,0.15787893533706665,0.3606049716472626,0.146262988448143,0.05595521256327629,快速稳定型,0.0487431103885853,0.33012494185356395,0.2608478663131333,0.15067338544145328,0.20961069600326412
阳101H32-4—第8段—阳101H32-7,阳101H32,阳101H32-4 | 第8段,涨幅微弱型,6bb07c21740dac,阳101H2,1,涨幅微弱型,0.5131744040150564,0.09912170639899624,0.2095357590966123,0.1329987452948557,0.0451693851944793,先降后升型,0.2516165399035081,0.1578128764402077,0.11932515710704683,0.200999321117687,0.2702461054315505,涨幅微弱型,0.3771428428022327,0.10745246091664988,0.23681486162094598,0.19381007704891012,0.08477975761126118,涨幅微弱型,0.6377804279327393,0.04921795427799225,0.11483485996723175,0.14352956414222717,0.05463721975684166,先降后升型,0.2516165399035081,0.1578128764402077,0.11932515710704683,0.200999321117687,0.2702461054315505
阳101H32-4—第11段—阳101H32-6,阳101H32,阳101H32-4 | 第11段,渐进上升型,b8d4e7f128a3ab,阳101H2,1,涨幅微弱型,0.5131744040150564,0.09912170639899624,0.2095357590966123,0.1329987452948557,0.0451693851944793,稳定缓升型,0.10304390759510355,0.24463392606586107,0.21344521408872322,0.24589513101310936,0.1929818212372027,渐进上升型,0.17279007305305738,0.19568303463708192,0.3675161717099028,0.18394944256718235,0.0800612780327755,渐进上升型,0.3358440101146698,0.041585199534893036,0.3856075406074524,0.1792350709438324,0.05772814154624939,稳定缓升型,0.10304390759510355,0.24463392606586107,0.21344521408872322,0.24589513101310936,0.1929818212372027
阳101H32-4—第13段—阳101H32-1,阳101H32,阳101H32-4 | 第13段,涨幅微弱型,d39066d171b98c,阳101H2,1,涨幅微弱型,0.5131744040150564,0.09912170639899624,0.2095357590966123,0.1329987452948557,0.0451693851944793,先降后升型,0.24212372613324232,0.14049327254151114,0.11201230630691464,0.1863048726588383,0.31906582235949354,涨幅微弱型,0.37722154742857156,0.10995767961228939,0.23202025013770103,0.19328488960868845,0.08751563321274941,涨幅微弱型,0.6269177198410034,0.048379670828580856,0.11733844131231308,0.14091211557388306,0.0664520189166069,先降后升型,0.24212372613324232,0.14049327254151114,0.11201230630691464,0.1863048726588383,0.31906582235949354
阳101H32-4—第13段—阳101H32-3,阳101H32,阳101H32-4 | 第13段,涨幅微弱型,7b11bf8bda451e,阳101H2,1,涨幅微弱型,0.5131744040150564,0.09912170639899624,0.2095357590966123,0.1329987452948557,0.0451693851944793,先降后升型,0.24212372613324232,0.14049327254151114,0.11201230630691464,0.1863048726588383,0.31906582235949354,涨幅微弱型,0.37722154742857156,0.10995767961228939,0.23202025013770103,0.19328488960868845,0.08751563321274941,涨幅微弱型,0.6269177198410034,0.048379670828580856,0.11733844131231308,0.14091211557388306,0.0664520189166069,先降后升型,0.24212372613324232,0.14049327254151114,0.11201230630691464,0.1863048726588383,0.31906582235949354
阳101H32-4—第13段—阳101H32-6,阳101H32,阳101H32-4 | 第13段,稳定缓升型,5a5a359f2e009f,阳101H2,1,涨幅微弱型,0.5131744040150564,0.09912170639899624,0.2095357590966123,0.1329987452948557,0.0451693851944793,先降后升型,0.10418393355656286,0.2324038017568772,0.1899651437716125,0.1724147333164575,0.30103238759848994,渐进上升型,0.25386151842528365,0.16368831834646372,0.32283021973998477,0.1712594012005418,0.08836054228772591,涨幅微弱型,0.42901769280433655,0.051076505333185196,0.2990178167819977,0.15073169767856598,0.0701562687754631,先降后升型,0.10418393355656286,0.2324038017568772,0.1899651437716125,0.1724147333164575,0.30103238759848994
阳101H32-4—第13段—阳101H32-7,阳101H32,阳101H32-4 | 第13段,涨幅微弱型,04091f4aecef70,阳101H2,1,涨幅微弱型,0.5131744040150564,0.09912170639899624,0.2095357590966123,0.1329987452948557,0.0451693851944793,先降后升型,0.24212372613324232,0.14049327254151114,0.11201230630691464,0.1863048726588383,0.31906582235949354,涨幅微弱型,0.37722154742857156,0.10995767961228939,0.23202025013770103,0.19328488960868845,0.08751563321274941,涨幅微弱型,0.6269177198410034,0.048379670828580856,0.11733844131231308,0.14091211557388306,0.0664520189166069,先降后升型,0.24212372613324232,0.14049327254151114,0.11201230630691464,0.1863048726588383,0.31906582235949354
阳101H32-4—第14段—阳101H32-6,阳101H32,阳101H32-4 | 第14段,渐进上升型,da8e5542cd5281,阳101H2,1,涨幅微弱型,0.5131744040150564,0.09912170639899624,0.2095357590966123,0.1329987452948557,0.0451693851944793,先降后升型,0.1049883499376879,0.2300109429162316,0.19029020897039017,0.17562090829191654,0.29908958988377377,渐进上升型,0.2508985554623207,0.16383878130942667,0.3257816086288737,0.17112051231165293,0.08836054228772591,涨幅微弱型,0.42901769280433655,0.051076505333185196,0.2990178167819977,0.15073169767856598,0.0701562687754631,先降后升型,0.1049883499376879,0.2300109429162316,0.19029020897039017,0.17562090829191654,0.29908958988377377
阳101H32-4—第15段—阳101H32-1,阳101H32,阳101H32-4 | 第15段,涨幅微弱型,98c04bdb142e24,阳101H2,1,涨幅微弱型,0.5131744040150564,0.09912170639899624,0.2095357590966123,0.1329987452948557,0.0451693851944793,先降后升型,0.2361803551874503,0.14432037434643466,0.1120545702454093,0.18059918557562757,0.3268455146450782,涨幅微弱型,0.4005211778778864,0.10625581738414111,0.21745817988026392,0.19448728331450366,0.08127754154320463,涨幅微弱型,0.6320791244506836,0.048777978867292404,0.11830449104309082,0.13383926451206207,0.06699911504983902,先降后升型,0.2361803551874503,0.14432037434643466,0.1120545702454093,0.18059918557562757,0.3268455146450782
阳101H32-4—第15段—阳101H32-3,阳101H32,阳101H32-4 | 第15段,涨幅微弱型,e45bfa28e09f60,阳101H2,1,涨幅微弱型,0.5131744040150564,0.09912170639899624,0.2095357590966123,0.1329987452948557,0.0451693851944793,先降后升型,0.2361803551874503,0.14432037434643466,0.1120545702454093,0.18059918557562757,0.3268455146450782,涨幅微弱型,0.4005211778778864,0.10625581738414111,0.21745817988026392,0.19448728331450366,0.08127754154320463,涨幅微弱型,0.6320791244506836,0.048777978867292404,0.11830449104309082,0.13383926451206207,0.06699911504983902,先降后升型,0.2361803551874503,0.14432037434643466,0.1120545702454093,0.18059918557562757,0.3268455146450782
阳101H32-4—第15段—阳101H32-5,阳101H32,阳101H32-4 | 第15段,涨幅微弱型,e21ae7fd4c19d1,阳101H2,1,涨幅微弱型,0.5131744040150564,0.09912170639899624,0.2095357590966123,0.1329987452948557,0.0451693851944793,快速稳定型,0.047081326895799094,0.30678030541577916,0.248855718508512,0.13831828291933432,0.25896436626057545,渐进上升型,0.22178996118359978,0.21429181246901108,0.33577407649155405,0.13721704261867831,0.09092710723715695,渐进上升型,0.27367526292800903,0.1547006517648697,0.36730507016181946,0.13647855818271637,0.06784047186374664,快速稳定型,0.047081326895799094,0.30678030541577916,0.248855718508512,0.13831828291933432,0.25896436626057545
阳101H32-4—第15段—阳101H32-7,阳101H32,阳101H32-4 | 第15段,涨幅微弱型,f66e352629fcd2,阳101H2,1,涨幅微弱型,0.5131744040150564,0.09912170639899624,0.2095357590966123,0.1329987452948557,0.0451693851944793,先降后升型,0.2361803551874503,0.14432037434643466,0.1120545702454093,0.18059918557562757,0.3268455146450782,涨幅微弱型,0.4005211778778864,0.10625581738414111,0.21745817988026392,0.19448728331450366,0.08127754154320463,涨幅微弱型,0.6320791244506836,0.048777978867292404,0.11830449104309082,0.13383926451206207,0.06699911504983902,先降后升型,0.2361803551874503,0.14432037434643466,0.1120545702454093,0.18059918557562757,0.3268455146450782
阳101H32-4—第16段—阳101H2-8,阳101H32,阳101H32-4 | 第16段,先降后升型,beb0ca161005ea,阳101H2,1,涨幅微弱型,0.5131744040150564,0.09912170639899624,0.2095357590966123,0.1329987452948557,0.0451693851944793,先降后升型,0.23587544687263462,0.13568335501185985,0.10884096306708639,0.17910755905240006,0.34049267599601907,涨幅微弱型,0.38204103748513063,0.11054892664750193,0.22716027932945435,0.19337269292925038,0.08687706360866258,涨幅微弱型,0.641692042350769,0.04851824790239334,0.12010371685028076,0.12166790664196014,0.06801806390285492,先降后升型,0.23587544687263462,0.13568335501185985,0.10884096306708639,0.17910755905240006,0.34049267599601907
阳101H32-4—第16段—阳101H32-6,阳101H32,阳101H32-4 | 第16段,渐进上升型,eb666d28d5d459,阳101H2,1,涨幅微弱型,0.5131744040150564,0.09912170639899624,0.2095357590966123,0.1329987452948557,0.0451693851944793,先降后升型,0.1028982115676699,0.2238936847627835,0.18407634478932813,0.16650431621490605,0.32262744266531246,渐进上升型,0.25949119366702783,0.16427956538167626,0.3167202489317382,0.17113887118777044,0.08837012083178723,涨幅微弱型,0.43984436988830566,0.051306359469890594,0.3065638244152069,0.13035869598388672,0.07192672789096832,先降后升型,0.1028982115676699,0.2238936847627835,0.18407634478932813,0.16650431621490605,0.32262744266531246
阳101H32-4—第17段—阳101H32-1,阳101H32,阳101H32-4 | 第17段,涨幅微弱型,0b6999736fdddc,阳101H2,1,涨幅微弱型,0.5131744040150564,0.09912170639899624,0.2095357590966123,0.1329987452948557,0.0451693851944793,先降后升型,0.2359450609607332,0.13551420031401823,0.10872952276106015,0.17924298239185812,0.34056823357233024,涨幅微弱型,0.38204103748513063,0.11054892664750193,0.22716027932945435,0.19337269292925038,0.08687706360866258,涨幅微弱型,0.641692042350769,0.04851824790239334,0.12010371685028076,0.12166790664196014,0.06801806390285492,先降后升型,0.2359450609607332,0.13551420031401823,0.10872952276106015,0.17924298239185812,0.34056823357233024
阳101H32-4—第17段—阳101H32-2,阳101H32,阳101H32-4 | 第17段,涨幅微弱型,0e98baf9e71c73,阳101H2,1,涨幅微弱型,0.5131744040150564,0.09912170639899624,0.2095357590966123,0.1329987452948557,0.0451693851944793,先降后升型,0.10590900403677224,0.2208679805489234,0.18149183679031575,0.16751288532184852,0.3242182933021401,渐进上升型,0.266445558746393,0.16157123204834295,0.30860516956665884,0.17459125214015142,0.0887867874984539,涨幅微弱型,0.46419987082481384,0.049509987235069275,0.29108723998069763,0.12579451501369476,0.06940839439630508,先降后升型,0.10590900403677224,0.2208679805489234,0.18149183679031575,0.16751288532184852,0.3242182933021401
阳101H32-4—第17段—阳101H32-3,阳101H32,阳101H32-4 | 第17段,涨幅微弱型,aef19174aa9392,阳101H2,1,涨幅微弱型,0.5131744040150564,0.09912170639899624,0.2095357590966123,0.1329987452948557,0.0451693851944793,先降后升型,0.2359450609607332,0.13551420031401823,0.10872952276106015,0.17924298239185812,0.34056823357233024,涨幅微弱型,0.38204103748513063,0.11054892664750193,0.22716027932945435,0.19337269292925038,0.08687706360866258,涨幅微弱型,0.641692042350769,0.04851824790239334,0.12010371685028076,0.12166790664196014,0.06801806390285492,先降后升型,0.2359450609607332,0.13551420031401823,0.10872952276106015,0.17924298239185812,0.34056823357233024
阳101H32-4—第17段—阳101H32-6,阳101H32,阳101H32-4 | 第17段,渐进上升型,6e6e0d4e2b25fc,阳101H2,1,涨幅微弱型,0.5131744040150564,0.09912170639899624,0.2095357590966123,0.1329987452948557,0.0451693851944793,先降后升型,0.10404634407467457,0.22262533127174652,0.1830227908862256,0.16698670846123054,0.32331882530612277,渐进上升型,0.266445558746393,0.16157123204834295,0.30860516956665884,0.17459125214015142,0.0887867874984539,涨幅微弱型,0.46419987082481384,0.049509987235069275,0.29108723998069763,0.12579451501369476,0.06940839439630508,先降后升型,0.10404634407467457,0.22262533127174652,0.1830227908862256,0.16698670846123054,0.32331882530612277
阳101H32-4—第17段—阳101H32-7,阳101H32,阳101H32-4 | 第17段,涨幅微弱型,d46a7299395d46,阳101H2,1,涨幅微弱型,0.5131744040150564,0.09912170639899624,0.2095357590966123,0.1329987452948557,0.0451693851944793,先降后升型,0.2359450609607332,0.13551420031401823,0.10872952276106015,0.17924298239185812,0.34056823357233024,涨幅微弱型,0.38204103748513063,0.11054892664750193,0.22716027932945435,0.19337269292925038,0.08687706360866258,涨幅微弱型,0.641692042350769,0.04851824790239334,0.12010371685028076,0.12166790664196014,0.06801806390285492,先降后升型,0.2359450609607332,0.13551420031401823,0.10872952276106015,0.17924298239185812,0.34056823357233024
阳101H32-4—第19段—阳101H32-1,阳101H32,阳101H32-4 | 第19段,涨幅微弱型,94bfbe6c613e73,阳101H2,1,涨幅微弱型,0.5131744040150564,0.09912170639899624,0.2095357590966123,0.1329987452948557,0.0451693851944793,先降后升型,0.2401452223281224,0.1520272717368698,0.11644653422530883,0.18492573330649775,0.30645523840320116,涨幅微弱型,0.3842585844656086,0.10762633040594019,0.2312960437884947,0.1892240430478419,0.08759499829211448,涨幅微弱型,0.6311490535736084,0.04870620742440224,0.12421242892742157,0.14186319708824158,0.05406912788748741,先降后升型,0.2401452223281224,0.1520272717368698,0.11644653422530883,0.18492573330649775,0.30645523840320116
阳101H32-4—第19段—阳101H32-2,阳101H32,阳101H32-4 | 第19段,先降后升型,2369b717cdd080,阳101H2,1,涨幅微弱型,0.5131744040150564,0.09912170639899624,0.2095357590966123,0.1329987452948557,0.0451693851944793,先降后升型,0.10379368862095954,0.24663389802245012,0.193591407303179,0.16957910758897546,0.286401898464436,渐进上升型,0.25975106868983394,0.15878752469567006,0.3199631562479214,0.17305834299948364,0.088439907367091,涨幅微弱型,0.4281873106956482,0.050977643579244614,0.31380438804626465,0.15043993294239044,0.05659068003296852,先降后升型,0.10379368862095954,0.24663389802245012,0.193591407303179,0.16957910758897546,0.286401898464436
阳101H32-4—第19段—阳101H32-3,阳101H32,阳101H32-4 | 第19段,涨幅微弱型,50c44f0dc217b7,阳101H2,1,涨幅微弱型,0.5131744040150564,0.09912170639899624,0.2095357590966123,0.1329987452948557,0.0451693851944793,先降后升型,0.2401452223281224,0.1520272717368698,0.11644653422530883,0.18492573330649775,0.30645523840320116,涨幅微弱型,0.3842585844656086,0.10762633040594019,0.2312960437884947,0.1892240430478419,0.08759499829211448,涨幅微弱型,0.6311490535736084,0.04870620742440224,0.12421242892742157,0.14186319708824158,0.05406912788748741,先降后升型,0.2401452223281224,0.1520272717368698,0.11644653422530883,0.18492573330649775,0.30645523840320116
阳101H32-4—第19段—阳101H32-6,阳101H32,阳101H32-4 | 第19段,渐进上升型,7ff9ca32cde1f0,阳101H2,1,涨幅微弱型,0.5131744040150564,0.09912170639899624,0.2095357590966123,0.1329987452948557,0.0451693851944793,先降后升型,0.10637270778394084,0.2441198115318442,0.19149471276339497,0.17038807369440614,0.2876246942264139,渐进上升型,0.2635705131342784,0.15830141358455893,0.31607426735903243,0.17319723188837255,0.08885657403375767,涨幅微弱型,0.45242470502853394,0.04925018921494484,0.29830998182296753,0.14534208178520203,0.054673030972480774,先降后升型,0.10637270778394084,0.2441198115318442,0.19149471276339497,0.17038807369440614,0.2876246942264139
阳101H32-4—第19段—阳101H32-7,阳101H32,阳101H32-4 | 第19段,涨幅微弱型,7568578bcf81b0,阳101H2,1,涨幅微弱型,0.5131744040150564,0.09912170639899624,0.2095357590966123,0.1329987452948557,0.0451693851944793,先降后升型,0.2401452223281224,0.1520272717368698,0.11644653422530883,0.18492573330649775,0.30645523840320116,涨幅微弱型,0.3842585844656086,0.10762633040594019,0.2312960437884947,0.1892240430478419,0.08759499829211448,涨幅微弱型,0.6311490535736084,0.04870620742440224,0.12421242892742157,0.14186319708824158,0.05406912788748741,先降后升型,0.2401452223281224,0.1520272717368698,0.11644653422530883,0.18492573330649775,0.30645523840320116
阳101H32-4—第20段—阳101H32-1,阳101H32,阳101H32-4 | 第20段,涨幅微弱型,a8e2ef1c77a90b,阳101H2,1,涨幅微弱型,0.5131744040150564,0.09912170639899624,0.2095357590966123,0.1329987452948557,0.0451693851944793,先降后升型,0.2384097289124926,0.1535048802940068,0.11669876294803426,0.18311127458575938,0.308275353259707,涨幅微弱型,0.3850850426290233,0.10790865677522307,0.22977775531368447,0.1906198593893104,0.08660868589275862,涨幅微弱型,0.6321117877960205,0.048780497163534164,0.12440188974142075,0.14055423438549042,0.05415159836411476,先降后升型,0.2384097289124926,0.1535048802940068,0.11669876294803426,0.18311127458575938,0.308275353259707
阳101H32-4—第20段—阳101H32-3,阳101H32,阳101H32-4 | 第20段,涨幅微弱型,183b74f07bf90a,阳101H2,1,涨幅微弱型,0.5131744040150564,0.09912170639899624,0.2095357590966123,0.1329987452948557,0.0451693851944793,先降后升型,0.2384097289124926,0.1535048802940068,0.11669876294803426,0.18311127458575938,0.308275353259707,涨幅微弱型,0.3850850426290233,0.10790865677522307,0.22977775531368447,0.1906198593893104,0.08660868589275862,涨幅微弱型,0.6321117877960205,0.048780497163534164,0.12440188974142075,0.14055423438549042,0.05415159836411476,先降后升型,0.2384097289124926,0.1535048802940068,0.11669876294803426,0.18311127458575938,0.308275353259707
阳101H32-4—第20段—阳101H32-7,阳101H32,阳101H32-4 | 第20段,涨幅微弱型,f91b5a245ec346,阳101H2,1,涨幅微弱型,0.5131744040150564,0.09912170639899624,0.2095357590966123,0.1329987452948557,0.0451693851944793,先降后升型,0.2384097289124926,0.1535048802940068,0.11669876294803426,0.18311127458575938,0.308275353259707,涨幅微弱型,0.3850850426290233,0.10790865677522307,0.22977775531368447,0.1906198593893104,0.08660868589275862,涨幅微弱型,0.6321117877960205,0.048780497163534164,0.12440188974142075,0.14055423438549042,0.05415159836411476,先降后升型,0.2384097289124926,0.1535048802940068,0.11669876294803426,0.18311127458575938,0.308275353259707
阳101H32-4—第22段—阳101H32-5,阳101H32,阳101H32-4 | 第22段,涨幅微弱型,379b4a60562602,阳101H2,1,涨幅微弱型,0.5131744040150564,0.09912170639899624,0.2095357590966123,0.1329987452948557,0.0451693851944793,快速稳定型,0.04593707217218895,0.3343165408789681,0.2578945094539116,0.13671999370690802,0.22513188378802335,渐进上升型,0.2235095379031765,0.20968202410922268,0.33833690717938475,0.13591743944407514,0.0925540913641411,渐进上升型,0.2720702588558197,0.15379337966442108,0.38395100831985474,0.13567817211151123,0.054507218301296234,快速稳定型,0.04593707217218895,0.3343165408789681,0.2578945094539116,0.13671999370690802,0.22513188378802335
阳101H32-4—第22段—阳101H32-7,阳101H32,阳101H32-4 | 第22段,涨幅微弱型,f386135c6cb3c4,阳101H2,1,涨幅微弱型,0.5131744040150564,0.09912170639899624,0.2095357590966123,0.1329987452948557,0.0451693851944793,先降后升型,0.23877094858702827,0.1625439799273522,0.1200097019775576,0.18469703967181783,0.29397832983624417,涨幅微弱型,0.40126736524172085,0.10485039410371784,0.220682775273977,0.1923327548364458,0.08086671054413834,涨幅微弱型,0.6353453993797302,0.04903004318475723,0.125038281083107,0.13615766167640686,0.054428618401288986,先降后升型,0.23877094858702827,0.1625439799273522,0.1200097019775576,0.18469703967181783,0.29397832983624417
阳101H32-5—第8段—阳101H32-1,阳101H32,阳101H32-5 | 第8段,涨幅微弱型,ba50e5fc05cc18,阳101H2,1,涨幅微弱型,0.5131744040150564,0.09912170639899624,0.2095357590966123,0.1329987452948557,0.0451693851944793,稳定缓升型,0.28239908628661387,0.1443588389166874,0.10954788712232529,0.31160159808920523,0.15209258958516833,涨幅微弱型,0.34113495031274527,0.11887400390050613,0.25533066931337617,0.20870709654546932,0.0759532799279031,涨幅微弱型,0.5674319863319397,0.05720474198460579,0.12308771908283234,0.21224986016750336,0.040025707334280014,稳定缓升型,0.28239908628661387,0.1443588389166874,0.10954788712232529,0.31160159808920523,0.15209258958516833
阳101H32-5—第8段—阳101H32-2,阳101H32,阳101H32-5 | 第8段,涨幅微弱型,6bdfe209d5890a,阳101H2,1,涨幅微弱型,0.5131744040150564,0.09912170639899624,0.2095357590966123,0.1329987452948557,0.0451693851944793,稳定缓升型,0.21190590853028982,0.1814258462366511,0.13899648273236873,0.31351153610301136,0.1541602263976791,渐进上升型,0.24796454074617294,0.1614593067953429,0.3077421837752956,0.2137953295811487,0.06903863910204007,涨幅微弱型,0.4519920349121094,0.05160008743405342,0.2637012004852295,0.1966024786233902,0.03610418364405632,稳定缓升型,0.21190590853028982,0.1814258462366511,0.13899648273236873,0.31351153610301136,0.1541602263976791
阳101H32-5—第8段—阳101H32-3,阳101H32,阳101H32-5 | 第8段,涨幅微弱型,615632dbe4bb18,阳101H2,1,涨幅微弱型,0.5131744040150564,0.09912170639899624,0.2095357590966123,0.1329987452948557,0.0451693851944793,稳定缓升型,0.28239908628661387,0.1443588389166874,0.10954788712232529,0.31160159808920523,0.15209258958516833,涨幅微弱型,0.34113495031274527,0.11887400390050613,0.25533066931337617,0.20870709654546932,0.0759532799279031,涨幅微弱型,0.5674319863319397,0.05720474198460579,0.12308771908283234,0.21224986016750336,0.040025707334280014,稳定缓升型,0.28239908628661387,0.1443588389166874,0.10954788712232529,0.31160159808920523,0.15209258958516833
阳101H32-5—第8段—阳101H32-7,阳101H32,阳101H32-5 | 第8段,涨幅微弱型,30f7504b607240,阳101H2,1,涨幅微弱型,0.5131744040150564,0.09912170639899624,0.2095357590966123,0.1329987452948557,0.0451693851944793,稳定缓升型,0.28239908628661387,0.1443588389166874,0.10954788712232529,0.31160159808920523,0.15209258958516833,涨幅微弱型,0.34113495031274527,0.11887400390050613,0.25533066931337617,0.20870709654546932,0.0759532799279031,涨幅微弱型,0.5674319863319397,0.05720474198460579,0.12308771908283234,0.21224986016750336,0.040025707334280014,稳定缓升型,0.28239908628661387,0.1443588389166874,0.10954788712232529,0.31160159808920523,0.15209258958516833
阳101H32-5—第23段—阳101H32-1,阳101H32,阳101H32-5 | 第23段,涨幅微弱型,f0bbda337805bd,阳101H2,1,涨幅微弱型,0.5131744040150564,0.09912170639899624,0.2095357590966123,0.1329987452948557,0.0451693851944793,先降后升型,0.273950763764105,0.1355065299274501,0.1022392412680392,0.21181970630144864,0.27648375873895703,涨幅微弱型,0.4124563780943366,0.10560083001040373,0.21011059690768097,0.19163164358386398,0.0802005514037145,涨幅微弱型,0.6448904275894165,0.04976663738489151,0.10824663192033768,0.1287391632795334,0.06835708767175674,先降后升型,0.273950763764105,0.1355065299274501,0.1022392412680392,0.21181970630144864,0.27648375873895703
阳101H32-5—第23段—阳101H32-3,阳101H32,阳101H32-5 | 第23段,涨幅微弱型,55fb3034af9451,阳101H2,1,涨幅微弱型,0.5131744040150564,0.09912170639899624,0.2095357590966123,0.1329987452948557,0.0451693851944793,先降后升型,0.273950763764105,0.1355065299274501,0.1022392412680392,0.21181970630144864,0.27648375873895703,涨幅微弱型,0.4124563780943366,0.10560083001040373,0.21011059690768097,0.19163164358386398,0.0802005514037145,涨幅微弱型,0.6448904275894165,0.04976663738489151,0.10824663192033768,0.1287391632795334,0.06835708767175674,先降后升型,0.273950763764105,0.1355065299274501,0.1022392412680392,0.21181970630144864,0.27648375873895703
阳101H32-5—第23段—阳101H32-6,阳101H32,阳101H32-5 | 第23段,快速稳定型,c7df92f70ad5ea,阳101H2,1,涨幅微弱型,0.5131744040150564,0.09912170639899624,0.2095357590966123,0.1329987452948557,0.0451693851944793,快速稳定型,0.06916793329425308,0.28628182203008246,0.2246576616015017,0.17901010110038013,0.24088248197378262,渐进上升型,0.2240587672567537,0.2155038552571408,0.33523161774257365,0.13259575207347474,0.09261000767005739,渐进上升型,0.2862320840358734,0.1617986559867859,0.34451520442962646,0.13650093972682953,0.0709531381726265,快速稳定型,0.06916793329425308,0.28628182203008246,0.2246576616015017,0.17901010110038013,0.24088248197378262
阳101H32-5—第23段—阳101H32-7,阳101H32,阳101H32-5 | 第23段,涨幅微弱型,20be1008e760e5,阳101H2,1,涨幅微弱型,0.5131744040150564,0.09912170639899624,0.2095357590966123,0.1329987452948557,0.0451693851944793,先降后升型,0.273950763764105,0.1355065299274501,0.1022392412680392,0.21181970630144864,0.27648375873895703,涨幅微弱型,0.4124563780943366,0.10560083001040373,0.21011059690768097,0.19163164358386398,0.0802005514037145,涨幅微弱型,0.6448904275894165,0.04976663738489151,0.10824663192033768,0.1287391632795334,0.06835708767175674,先降后升型,0.273950763764105,0.1355065299274501,0.1022392412680392,0.21181970630144864,0.27648375873895703
阳101H32-6—第5段—阳101H32-1,阳101H32,阳101H32-6 | 第5段,稳定缓升型,7124492fa26382,阳101H2,1,涨幅微弱型,0.5131744040150564,0.09912170639899624,0.2095357590966123,0.1329987452948557,0.0451693851944793,先降后升型,0.22437671188182132,0.14916377073891418,0.10242115408279465,0.14684267176859653,0.37719569152787324,涨幅微弱型,0.4132875551402746,0.10490586395049517,0.21125744984189024,0.18734433228936878,0.08320479877797095,涨幅微弱型,0.6473394632339478,0.04995562881231308,0.11143042147159576,0.13079071044921875,0.06048379838466644,先降后升型,0.22437671188182132,0.14916377073891418,0.10242115408279465,0.14684267176859653,0.37719569152787324
阳101H32-6—第5段—阳101H32-3,阳101H32,阳101H32-6 | 第5段,涨幅微弱型,0b91631ef51957,阳101H2,1,涨幅微弱型,0.5131744040150564,0.09912170639899624,0.2095357590966123,0.1329987452948557,0.0451693851944793,先降后升型,0.22437671188182132,0.14916377073891418,0.10242115408279465,0.14684267176859653,0.37719569152787324,涨幅微弱型,0.4132875551402746,0.10490586395049517,0.21125744984189024,0.18734433228936878,0.08320479877797095,涨幅微弱型,0.6473394632339478,0.04995562881231308,0.11143042147159576,0.13079071044921875,0.06048379838466644,先降后升型,0.22437671188182132,0.14916377073891418,0.10242115408279465,0.14684267176859653,0.37719569152787324
阳101H32-6—第5段—阳101H32-4,阳101H32,阳101H32-6 | 第5段,涨幅微弱型,3eb85a30eaa507,阳101H2,1,涨幅微弱型,0.5131744040150564,0.09912170639899624,0.2095357590966123,0.1329987452948557,0.0451693851944793,先降后升型,0.09635726821880826,0.2439017772297666,0.1716660566538166,0.1348866410963541,0.3531882568012544,渐进上升型,0.2910175630626214,0.15841520450820823,0.30076625181148486,0.16534026016622538,0.08446072045146004,涨幅微弱型,0.45044517517089844,0.05362754315137863,0.2887392044067383,0.14225853979587555,0.06492958217859268,先降后升型,0.09635726821880826,0.2439017772297666,0.1716660566538166,0.1348866410963541,0.3531882568012544
阳101H32-6—第5段—阳101H32-5,阳101H32,阳101H32-6 | 第5段,涨幅微弱型,90bbf4e0db2de8,阳101H2,1,涨幅微弱型,0.5131744040150564,0.09912170639899624,0.2095357590966123,0.1329987452948557,0.0451693851944793,先降后升型,0.05230514145535734,0.3030854912841356,0.2166155558701208,0.11726893224993938,0.3107248791404469,渐进上升型,0.2278268940488521,0.21299264988099292,0.33638943558906365,0.13132660317214193,0.09146441730894979,渐进上升型,0.2861229479312897,0.16173695027828217,0.3531717360019684,0.13644888997077942,0.06251949071884155,先降后升型,0.05230514145535734,0.3030854912841356,0.2166155558701208,0.11726893224993938,0.3107248791404469
阳101H32-6—第5段—阳101H32-11,阳101H32,阳101H32-6 | 第5段,稳定缓升型,a76cdcf9ca658f,阳101H2,1,涨幅微弱型,0.5131744040150564,0.09912170639899624,0.2095357590966123,0.1329987452948557,0.0451693851944793,先降后升型,0.22437671188182132,0.14916377073891418,0.10242115408279465,0.14684267176859653,0.37719569152787324,涨幅微弱型,0.4132875551402746,0.10490586395049517,0.21125744984189024,0.18734433228936878,0.08320479877797095,涨幅微弱型,0.6473394632339478,0.04995562881231308,0.11143042147159576,0.13079071044921875,0.06048379838466644,先降后升型,0.22437671188182132,0.14916377073891418,0.10242115408279465,0.14684267176859653,0.37719569152787324
阳101H32-6—第6段—阳101H32-1,阳101H32,阳101H32-6 | 第6段,涨幅微弱型,d2136d57288f51,阳101H2,1,涨幅微弱型,0.5131744040150564,0.09912170639899624,0.2095357590966123,0.1329987452948557,0.0451693851944793,先降后升型,0.22509842440584266,0.14494844837560686,0.10067251681890982,0.13338957818975958,0.39589103220988103,涨幅微弱型,0.4129361537588306,0.1046172179737098,0.212145271577109,0.18801583684316736,0.08228551984718308,涨幅微弱型,0.6439424157142639,0.04660317674279213,0.1108456626534462,0.13010436296463013,0.06850437074899673,先降后升型,0.22509842440584266,0.14494844837560686,0.10067251681890982,0.13338957818975958,0.39589103220988103
阳101H32-6—第6段—阳101H32-2,阳101H32,阳101H32-6 | 第6段,涨幅微弱型,494784e6d3e0b7,阳101H2,1,涨幅微弱型,0.5131744040150564,0.09912170639899624,0.2095357590966123,0.1329987452948557,0.0451693851944793,先降后升型,0.2928669909230403,0.1140613639806133,0.07848660717879102,0.13038637401233205,0.38419866390522334,涨幅微弱型,0.4971179436743823,0.08242893141844049,0.17279302317610704,0.15792518116384754,0.08973492056722243,涨幅微弱型,0.6537929177284241,0.03741402551531792,0.08636558055877686,0.12399962544441223,0.09842786192893982,先降后升型,0.2928669909230403,0.1140613639806133,0.07848660717879102,0.13038637401233205,0.38419866390522334
阳101H32-6—第6段—阳101H32-3,阳101H32,阳101H32-6 | 第6段,涨幅微弱型,b7f9d2b2fa1659,阳101H2,1,涨幅微弱型,0.5131744040150564,0.09912170639899624,0.2095357590966123,0.1329987452948557,0.0451693851944793,先降后升型,0.22509842440584266,0.14494844837560686,0.10067251681890982,0.13338957818975958,0.39589103220988103,涨幅微弱型,0.4129361537588306,0.1046172179737098,0.212145271577109,0.18801583684316736,0.08228551984718308,涨幅微弱型,0.6439424157142639,0.04660317674279213,0.1108456626534462,0.13010436296463013,0.06850437074899673,先降后升型,0.22509842440584266,0.14494844837560686,0.10067251681890982,0.13338957818975958,0.39589103220988103
阳101H32-6—第6段—阳101H32-7,阳101H32,阳101H32-6 | 第6段,涨幅微弱型,b2a0e599839ed2,阳101H2,1,涨幅微弱型,0.5131744040150564,0.09912170639899624,0.2095357590966123,0.1329987452948557,0.0451693851944793,先降后升型,0.22509842440584266,0.14494844837560686,0.10067251681890982,0.13338957818975958,0.39589103220988103,涨幅微弱型,0.4129361537588306,0.1046172179737098,0.212145271577109,0.18801583684316736,0.08228551984718308,涨幅微弱型,0.6439424157142639,0.04660317674279213,0.1108456626534462,0.13010436296463013,0.06850437074899673,先降后升型,0.22509842440584266,0.14494844837560686,0.10067251681890982,0.13338957818975958,0.39589103220988103
阳101H32-6—第7段—阳101H32-3,阳101H32,阳101H32-6 | 第7段,涨幅微弱型,5fd33964698279,阳101H2,1,涨幅微弱型,0.5131744040150564,0.09912170639899624,0.2095357590966123,0.1329987452948557,0.0451693851944793,先降后升型,0.22536372559681145,0.14833739385386366,0.10251071347260518,0.14372885161377766,0.3800593154629421,涨幅微弱型,0.41550977736249683,0.10490586395049517,0.21070189428633468,0.18734433228936878,0.08153813211130428,涨幅微弱型,0.6477911472320557,0.04999048262834549,0.11150816828012466,0.13088196516036987,0.0598282627761364,先降后升型,0.22536372559681145,0.14833739385386366,0.10251071347260518,0.14372885161377766,0.3800593154629421
阳101H32-6—第7段—阳101H32-4,阳101H32,阳101H32-6 | 第7段,涨幅微弱型,03ea2387352d97,阳101H2,1,涨幅微弱型,0.5131744040150564,0.09912170639899624,0.2095357590966123,0.1329987452948557,0.0451693851944793,先降后升型,0.09597468486511421,0.243748319109583,0.17270710940768608,0.1319197743134735,0.3556501123041433,渐进上升型,0.29323978528484357,0.15841520450820823,0.3002106962559293,0.16534026016622538,0.08279405378479339,涨幅微弱型,0.45078253746032715,0.05366770923137665,0.2889554798603058,0.14236508309841156,0.06422914564609528,先降后升型,0.09597468486511421,0.243748319109583,0.17270710940768608,0.1319197743134735,0.3556501123041433
阳101H32-6—第7段—阳101H32-5,阳101H32,阳101H32-6 | 第7段,涨幅微弱型,da3c7d3f21f229,阳101H2,1,涨幅微弱型,0.5131744040150564,0.09912170639899624,0.2095357590966123,0.1329987452948557,0.0451693851944793,先降后升型,0.05181442682673383,0.3031845336675516,0.218163510754393,0.11448264293041885,0.3123548858209027,渐进上升型,0.2278268940488521,0.21299264988099292,0.33638943558906365,0.13132660317214193,0.09146441730894979,渐进上升型,0.2863292992115021,0.1618535965681076,0.353426456451416,0.1365472972393036,0.061843328177928925,先降后升型,0.05181442682673383,0.3031845336675516,0.218163510754393,0.11448264293041885,0.3123548858209027
阳101H32-6—第9段—阳101H32-3,阳101H32,阳101H32-6 | 第9段,涨幅微弱型,c93723262a6eb2;fc06482d61d277,阳101H2,1,涨幅微弱型,0.5131744040150564,0.09912170639899624,0.2095357590966123,0.1329987452948557,0.0451693851944793,先降后升型,0.2753870877054567,0.11598413257880474,0.09854463874437454,0.1731093616515199,0.33697477931984404,涨幅微弱型,0.4107896891123659,0.10433944019593203,0.21345840289024035,0.1877380590653896,0.08367440873607197,涨幅微弱型,0.6455165147781372,0.04671709984540939,0.11111663281917572,0.13042239844799042,0.06622735410928726,先降后升型,0.2753870877054567,0.11598413257880474,0.09854463874437454,0.1731093616515199,0.33697477931984404
阳101H32-6—第9段—阳101H32-7,阳101H32,阳101H32-6 | 第9段,涨幅微弱型,6265d67791cf55,阳101H2,1,涨幅微弱型,0.5131744040150564,0.09912170639899624,0.2095357590966123,0.1329987452948557,0.0451693851944793,先降后升型,0.2753870877054567,0.11598413257880474,0.09854463874437454,0.1731093616515199,0.33697477931984404,涨幅微弱型,0.4107896891123659,0.10433944019593203,0.21345840289024035,0.1877380590653896,0.08367440873607197,涨幅微弱型,0.6455165147781372,0.04671709984540939,0.11111663281917572,0.13042239844799042,0.06622735410928726,先降后升型,0.2753870877054567,0.11598413257880474,0.09854463874437454,0.1731093616515199,0.33697477931984404
阳101H32-6—第10段—阳101H32-1,阳101H32,阳101H32-6 | 第10段,涨幅微弱型,6b61cf1c081d59,阳101H2,1,涨幅微弱型,0.5131744040150564,0.09912170639899624,0.2095357590966123,0.1329987452948557,0.0451693851944793,先降后升型,0.2787146231339807,0.11454572824764993,0.0986456423527086,0.1756388875213044,0.3324551187443564,涨幅微弱型,0.39493538407033296,0.10801548786022225,0.22267582584650833,0.18708672460628578,0.08728657761665048,涨幅微弱型,0.6418113708496094,0.046448949724435806,0.11047883331775665,0.13617275655269623,0.06508813053369522,先降后升型,0.2787146231339807,0.11454572824764993,0.0986456423527086,0.1756388875213044,0.3324551187443564
阳101H32-6—第10段—阳101H32-2,阳101H32,阳101H32-6 | 第10段,稳定缓升型,26537374bbf06c,阳101H2,1,涨幅微弱型,0.5131744040150564,0.09912170639899624,0.2095357590966123,0.1329987452948557,0.0451693851944793,涨幅微弱型,0.36152449189204755,0.08574497211039232,0.07309544695481017,0.16665705161510846,0.3129780374276415,涨幅微弱型,0.4792793384944459,0.08397775296726205,0.18234170060162266,0.15802726404577763,0.09637394389089164,涨幅微弱型,0.6527377367019653,0.03735364228487015,0.0862261950969696,0.13000406324863434,0.09367839992046356,涨幅微弱型,0.36152449189204755,0.08574497211039232,0.07309544695481017,0.16665705161510846,0.3129780374276415
阳101H32-6—第10段—阳101H32-3,阳101H32,阳101H32-6 | 第10段,涨幅微弱型,7f265a41ef93e8,阳101H2,1,涨幅微弱型,0.5131744040150564,0.09912170639899624,0.2095357590966123,0.1329987452948557,0.0451693851944793,先降后升型,0.2787146231339807,0.11454572824764993,0.0986456423527086,0.1756388875213044,0.3324551187443564,涨幅微弱型,0.39493538407033296,0.10801548786022225,0.22267582584650833,0.18708672460628578,0.08728657761665048,涨幅微弱型,0.6418113708496094,0.046448949724435806,0.11047883331775665,0.13617275655269623,0.06508813053369522,先降后升型,0.2787146231339807,0.11454572824764993,0.0986456423527086,0.1756388875213044,0.3324551187443564
阳101H32-6—第10段—阳101H32-5,阳101H32,阳101H32-6 | 第10段,涨幅微弱型,5179a57eb0bd01,阳101H2,1,涨幅微弱型,0.5131744040150564,0.09912170639899624,0.2095357590966123,0.1329987452948557,0.0451693851944793,先降后升型,0.07027737146412043,0.2532312699522487,0.22701871284788708,0.1522261515663303,0.2972464941694135,渐进上升型,0.19552350629736817,0.22420254162057615,0.3543527751694404,0.12753235291043732,0.09838882400217842,渐进上升型,0.2855178415775299,0.1513582170009613,0.35242486000061035,0.14298437535762787,0.06771472841501236,先降后升型,0.07027737146412043,0.2532312699522487,0.22701871284788708,0.1522261515663303,0.2972464941694135
阳101H32-6—第10段—阳101H32-7,阳101H32,阳101H32-6 | 第10段,涨幅微弱型,28fa775aaefeb4,阳101H2,1,涨幅微弱型,0.5131744040150564,0.09912170639899624,0.2095357590966123,0.1329987452948557,0.0451693851944793,先降后升型,0.2787146231339807,0.11454572824764993,0.0986456423527086,0.1756388875213044,0.3324551187443564,涨幅微弱型,0.39493538407033296,0.10801548786022225,0.22267582584650833,0.18708672460628578,0.08728657761665048,涨幅微弱型,0.6418113708496094,0.046448949724435806,0.11047883331775665,0.13617275655269623,0.06508813053369522,先降后升型,0.2787146231339807,0.11454572824764993,0.0986456423527086,0.1756388875213044,0.3324551187443564
阳101H32-6—第12段—阳101H32-1,阳101H32,阳101H32-6 | 第12段,涨幅微弱型,f410db2a67fc51,阳101H2,1,涨幅微弱型,0.5131744040150564,0.09912170639899624,0.2095357590966123,0.1329987452948557,0.0451693851944793,稳定缓升型,0.25562433895095127,0.22698600066245092,0.14504205253244984,0.28682296005732405,0.08552464779682394,涨幅微弱型,0.302519270648751,0.118232180039052,0.26698354620319453,0.23304120742099052,0.07922379568801194,涨幅微弱型,0.5116553902626038,0.0575266033411026,0.17615413665771484,0.21311494708061218,0.04154891520738602,稳定缓升型,0.25562433895095127,0.22698600066245092,0.14504205253244984,0.28682296005732405,0.08552464779682394
阳101H32-6—第12段—阳101H32-3,阳101H32,阳101H32-6 | 第12段,涨幅微弱型,e81b4d93b50a70,阳101H2,1,涨幅微弱型,0.5131744040150564,0.09912170639899624,0.2095357590966123,0.1329987452948557,0.0451693851944793,稳定缓升型,0.25562433895095127,0.22698600066245092,0.14504205253244984,0.28682296005732405,0.08552464779682394,涨幅微弱型,0.302519270648751,0.118232180039052,0.26698354620319453,0.23304120742099052,0.07922379568801194,涨幅微弱型,0.5116553902626038,0.0575266033411026,0.17615413665771484,0.21311494708061218,0.04154891520738602,稳定缓升型,0.25562433895095127,0.22698600066245092,0.14504205253244984,0.28682296005732405,0.08552464779682394
阳101H32-6—第12段—阳101H32-7,阳101H32,阳101H32-6 | 第12段,涨幅微弱型,f1c1b2480e33b7,阳101H2,1,涨幅微弱型,0.5131744040150564,0.09912170639899624,0.2095357590966123,0.1329987452948557,0.0451693851944793,稳定缓升型,0.25562433895095127,0.22698600066245092,0.14504205253244984,0.28682296005732405,0.08552464779682394,涨幅微弱型,0.302519270648751,0.118232180039052,0.26698354620319453,0.23304120742099052,0.07922379568801194,涨幅微弱型,0.5116553902626038,0.0575266033411026,0.17615413665771484,0.21311494708061218,0.04154891520738602,稳定缓升型,0.25562433895095127,0.22698600066245092,0.14504205253244984,0.28682296005732405,0.08552464779682394
阳101H32-6—第13段—阳101H32-1,阳101H32,阳101H32-6 | 第13段,涨幅微弱型,e097a32107c2c4,阳101H2,1,涨幅微弱型,0.5131744040150564,0.09912170639899624,0.2095357590966123,0.1329987452948557,0.0451693851944793,先降后升型,0.2206544911477232,0.11449616209614427,0.0890432109748379,0.1568439469281781,0.4189621888531165,涨幅微弱型,0.40388895701946687,0.10912658714240707,0.2137615273164758,0.1882220000692598,0.08500092845239009,涨幅微弱型,0.6246380805969238,0.047228798270225525,0.11989586055278778,0.10632918030023575,0.10190806537866592,先降后升型,0.2206544911477232,0.11449616209614427,0.0890432109748379,0.1568439469281781,0.4189621888531165
阳101H32-6—第13段—阳101H32-3,阳101H32,阳101H32-6 | 第13段,涨幅微弱型,2dbac17f70a882,阳101H2,1,涨幅微弱型,0.5131744040150564,0.09912170639899624,0.2095357590966123,0.1329987452948557,0.0451693851944793,先降后升型,0.2206544911477232,0.11449616209614427,0.0890432109748379,0.1568439469281781,0.4189621888531165,涨幅微弱型,0.40388895701946687,0.10912658714240707,0.2137615273164758,0.1882220000692598,0.08500092845239009,涨幅微弱型,0.6246380805969238,0.047228798270225525,0.11989586055278778,0.10632918030023575,0.10190806537866592,先降后升型,0.2206544911477232,0.11449616209614427,0.0890432109748379,0.1568439469281781,0.4189621888531165
阳101H32-6—第13段—阳101H32-4,阳101H32,阳101H32-6 | 第13段,渐进上升型,18364bdf5628de,阳101H2,1,涨幅微弱型,0.5131744040150564,0.09912170639899624,0.2095357590966123,0.1329987452948557,0.0451693851944793,先降后升型,0.09739371687139468,0.19400922525342273,0.15468259220857603,0.1487733731134179,0.4051410925531886,渐进上升型,0.28760332780117653,0.1603855391997317,0.3026474336631748,0.16201257311576153,0.08735112622015531,涨幅微弱型,0.4256775975227356,0.049653854221105576,0.3042626678943634,0.11326517164707184,0.10714072734117508,先降后升型,0.09739371687139468,0.19400922525342273,0.15468259220857603,0.1487733731134179,0.4051410925531886
阳101H32-6—第13段—阳101H32-7,阳101H32,阳101H32-6 | 第13段,涨幅微弱型,10835e1703186b,阳101H2,1,涨幅微弱型,0.5131744040150564,0.09912170639899624,0.2095357590966123,0.1329987452948557,0.0451693851944793,先降后升型,0.2206544911477232,0.11449616209614427,0.0890432109748379,0.1568439469281781,0.4189621888531165,涨幅微弱型,0.40388895701946687,0.10912658714240707,0.2137615273164758,0.1882220000692598,0.08500092845239009,涨幅微弱型,0.6246380805969238,0.047228798270225525,0.11989586055278778,0.10632918030023575,0.10190806537866592,先降后升型,0.2206544911477232,0.11449616209614427,0.0890432109748379,0.1568439469281781,0.4189621888531165
阳101H32-6—第15段—阳101H32-1,阳101H32,阳101H32-6 | 第15段,涨幅微弱型,061cfca37b783f,阳101H2,1,涨幅微弱型,0.5131744040150564,0.09912170639899624,0.2095357590966123,0.1329987452948557,0.0451693851944793,先降后升型,0.22164305691315092,0.11409801723917956,0.08911522082912034,0.1576815392318288,0.4174621657867204,涨幅微弱型,0.40388895701946687,0.10912658714240707,0.2137615273164758,0.1882220000692598,0.08500092845239009,涨幅微弱型,0.6246380805969238,0.047228798270225525,0.11989586055278778,0.10632918030023575,0.10190806537866592,先降后升型,0.22164305691315092,0.11409801723917956,0.08911522082912034,0.1576815392318288,0.4174621657867204
阳101H32-6—第15段—阳101H32-3,阳101H32,阳101H32-6 | 第15段,涨幅微弱型,ca0eaaa786c326,阳101H2,1,涨幅微弱型,0.5131744040150564,0.09912170639899624,0.2095357590966123,0.1329987452948557,0.0451693851944793,先降后升型,0.22164305691315092,0.11409801723917956,0.08911522082912034,0.1576815392318288,0.4174621657867204,涨幅微弱型,0.40388895701946687,0.10912658714240707,0.2137615273164758,0.1882220000692598,0.08500092845239009,涨幅微弱型,0.6246380805969238,0.047228798270225525,0.11989586055278778,0.10632918030023575,0.10190806537866592,先降后升型,0.22164305691315092,0.11409801723917956,0.08911522082912034,0.1576815392318288,0.4174621657867204
阳101H32-6—第15段—阳101H32-4,阳101H32,阳101H32-6 | 第15段,快速稳定型,bb7fbca523baac,阳101H2,1,涨幅微弱型,0.5131744040150564,0.09912170639899624,0.2095357590966123,0.1329987452948557,0.0451693851944793,先降后升型,0.09797869447578872,0.19341270052867812,0.1548670417213893,0.1497002237442323,0.4040413395299115,渐进上升型,0.28760332780117653,0.1603855391997317,0.3026474336631748,0.16201257311576153,0.08735112622015531,涨幅微弱型,0.4256775975227356,0.049653854221105576,0.3042626678943634,0.11326517164707184,0.10714072734117508,先降后升型,0.09797869447578872,0.19341270052867812,0.1548670417213893,0.1497002237442323,0.4040413395299115
阳101H32-6—第15段—阳101H32-7,阳101H32,阳101H32-6 | 第15段,涨幅微弱型,97afbc34556108,阳101H2,1,涨幅微弱型,0.5131744040150564,0.09912170639899624,0.2095357590966123,0.1329987452948557,0.0451693851944793,先降后升型,0.22164305691315092,0.11409801723917956,0.08911522082912034,0.1576815392318288,0.4174621657867204,涨幅微弱型,0.40388895701946687,0.10912658714240707,0.2137615273164758,0.1882220000692598,0.08500092845239009,涨幅微弱型,0.6246380805969238,0.047228798270225525,0.11989586055278778,0.10632918030023575,0.10190806537866592,先降后升型,0.22164305691315092,0.11409801723917956,0.08911522082912034,0.1576815392318288,0.4174621657867204
阳101H32-6—第18段—阳101H32-1,阳101H32,阳101H32-6 | 第18段,涨幅微弱型,1befba130b453d,阳101H2,1,涨幅微弱型,0.5131744040150564,0.09912170639899624,0.2095357590966123,0.1329987452948557,0.0451693851944793,先降后升型,0.18369685460837978,0.10843480938771374,0.08830663512981644,0.11878145613786825,0.5007802447362217,涨幅微弱型,0.4341891588296881,0.07417348337080686,0.20394146335063434,0.2134157197360363,0.0742801747128343,涨幅微弱型,0.6401709318161011,0.043060481548309326,0.10786616802215576,0.10666884481906891,0.10223360359668732,先降后升型,0.18369685460837978,0.10843480938771374,0.08830663512981644,0.11878145613786825,0.5007802447362217
阳101H32-6—第18段—阳101H32-2,阳101H32,阳101H32-6 | 第18段,涨幅微弱型,96e3c0a09a45e8,阳101H2,1,涨幅微弱型,0.5131744040150564,0.09912170639899624,0.2095357590966123,0.1329987452948557,0.0451693851944793,先降后升型,0.24872545092484952,0.08281453327855268,0.06673137266666296,0.11612979360833069,0.4855988495216041,涨幅微弱型,0.5296529754343708,0.051268313794796606,0.1606158085358344,0.16956139556724112,0.08890150666775674,涨幅微弱型,0.6366775631904602,0.03386320546269417,0.08232611417770386,0.09958559274673462,0.14754755795001984,先降后升型,0.24872545092484952,0.08281453327855268,0.06673137266666296,0.11612979360833069,0.4855988495216041
阳101H32-6—第18段—阳101H32-3,阳101H32,阳101H32-6 | 第18段,涨幅微弱型,d7d7e31f592d15,阳101H2,1,涨幅微弱型,0.5131744040150564,0.09912170639899624,0.2095357590966123,0.1329987452948557,0.0451693851944793,先降后升型,0.18369685460837978,0.10843480938771374,0.08830663512981644,0.11878145613786825,0.5007802447362217,涨幅微弱型,0.4341891588296881,0.07417348337080686,0.20394146335063434,0.2134157197360363,0.0742801747128343,涨幅微弱型,0.6401709318161011,0.043060481548309326,0.10786616802215576,0.10666884481906891,0.10223360359668732,先降后升型,0.18369685460837978,0.10843480938771374,0.08830663512981644,0.11878145613786825,0.5007802447362217
阳101H32-6—第18段—阳101H32-4,阳101H32,阳101H32-6 | 第18段,快速稳定型,256293b6ca58f6,阳101H2,1,涨幅微弱型,0.5131744040150564,0.09912170639899624,0.2095357590966123,0.1329987452948557,0.0451693851944793,先降后升型,0.08064382513511216,0.18016094714515377,0.15037647752522648,0.11115696357693848,0.4776617866175692,涨幅微弱型,0.34764743556072447,0.11148323764363524,0.2775571152750271,0.19130279065828817,0.072009420862325,涨幅微弱型,0.45500466227531433,0.045680467039346695,0.27620747685432434,0.11465346068143845,0.10845395177602768,先降后升型,0.08064382513511216,0.18016094714515377,0.15037647752522648,0.11115696357693848,0.4776617866175692
阳101H32-6—第18段—阳101H32-7,阳101H32,阳101H32-6 | 第18段,涨幅微弱型,c0a960c6cd1575,阳101H2,1,涨幅微弱型,0.5131744040150564,0.09912170639899624,0.2095357590966123,0.1329987452948557,0.0451693851944793,先降后升型,0.18369685460837978,0.10843480938771374,0.08830663512981644,0.11878145613786825,0.5007802447362217,涨幅微弱型,0.4341891588296881,0.07417348337080686,0.20394146335063434,0.2134157197360363,0.0742801747128343,涨幅微弱型,0.6401709318161011,0.043060481548309326,0.10786616802215576,0.10666884481906891,0.10223360359668732,先降后升型,0.18369685460837978,0.10843480938771374,0.08830663512981644,0.11878145613786825,0.5007802447362217
阳101H32-6—第19段—阳101H32-1,阳101H32,阳101H32-6 | 第19段,涨幅微弱型,eae5e5f6345dcb,阳101H2,1,涨幅微弱型,0.5131744040150564,0.09912170639899624,0.2095357590966123,0.1329987452948557,0.0451693851944793,先降后升型,0.17821658999171616,0.10237900893072609,0.08483612409368764,0.1138765321342406,0.5206917448496295,涨幅微弱型,0.4531196068455107,0.07679539603973014,0.18991325618026428,0.20770279784061685,0.07246894309387802,涨幅微弱型,0.6398173570632935,0.04263576120138168,0.10115697234869003,0.1056167483329773,0.11077313125133514,先降后升型,0.17821658999171616,0.10237900893072609,0.08483612409368764,0.1138765321342406,0.5206917448496295
阳101H32-6—第19段—阳101H32-3,阳101H32,阳101H32-6 | 第19段,涨幅微弱型,d198b5f0935072,阳101H2,1,涨幅微弱型,0.5131744040150564,0.09912170639899624,0.2095357590966123,0.1329987452948557,0.0451693851944793,先降后升型,0.17821658999171616,0.10237900893072609,0.08483612409368764,0.1138765321342406,0.5206917448496295,涨幅微弱型,0.4531196068455107,0.07679539603973014,0.18991325618026428,0.20770279784061685,0.07246894309387802,涨幅微弱型,0.6398173570632935,0.04263576120138168,0.10115697234869003,0.1056167483329773,0.11077313125133514,先降后升型,0.17821658999171616,0.10237900893072609,0.08483612409368764,0.1138765321342406,0.5206917448496295
阳101H32-6—第19段—阳101H32-4,阳101H32,阳101H32-6 | 第19段,渐进上升型,da6c50474b67a6,阳101H2,1,涨幅微弱型,0.5131744040150564,0.09912170639899624,0.2095357590966123,0.1329987452948557,0.0451693851944793,先降后升型,0.07933600312362965,0.1699411746683432,0.14429247400952866,0.10715266327584906,0.49927768492264946,涨幅微弱型,0.3693895591778481,0.11067933974414909,0.26130358938914816,0.18798127557206723,0.0706462361167873,涨幅微弱型,0.47934338450431824,0.04433717578649521,0.24984391033649445,0.11128190904855728,0.11519358307123184,先降后升型,0.07933600312362965,0.1699411746683432,0.14429247400952866,0.10715266327584906,0.49927768492264946
阳101H32-6—第19段—阳101H32-5,阳101H32,阳101H32-6 | 第19段,涨幅微弱型,c89784c70c709d,阳101H2,1,涨幅微弱型,0.5131744040150564,0.09912170639899624,0.2095357590966123,0.1329987452948557,0.0451693851944793,先降后升型,0.04454062650621655,0.21784105707705395,0.18781004853666797,0.09620497701968767,0.4536032908603738,渐进上升型,0.28813893463703394,0.15785218639027593,0.3327838282882019,0.15055993349070615,0.07066511719378203,渐进上升型,0.3010462522506714,0.1332227885723114,0.33019697666168213,0.11760899424552917,0.11792495846748352,先降后升型,0.04454062650621655,0.21784105707705395,0.18781004853666797,0.09620497701968767,0.4536032908603738
阳101H32-6—第19段—阳101H32-7,阳101H32,阳101H32-6 | 第19段,涨幅微弱型,6b30b39889861e,阳101H2,1,涨幅微弱型,0.5131744040150564,0.09912170639899624,0.2095357590966123,0.1329987452948557,0.0451693851944793,先降后升型,0.17821658999171616,0.10237900893072609,0.08483612409368764,0.1138765321342406,0.5206917448496295,涨幅微弱型,0.4531196068455107,0.07679539603973014,0.18991325618026428,0.20770279784061685,0.07246894309387802,涨幅微弱型,0.6398173570632935,0.04263576120138168,0.10115697234869003,0.1056167483329773,0.11077313125133514,先降后升型,0.17821658999171616,0.10237900893072609,0.08483612409368764,0.1138765321342406,0.5206917448496295
阳101H32-6—第20段—阳101H32-1,阳101H32,阳101H32-6 | 第20段,涨幅微弱型,8d7f9ee70e7f42,阳101H2,1,涨幅微弱型,0.5131744040150564,0.09912170639899624,0.2095357590966123,0.1329987452948557,0.0451693851944793,先降后升型,0.20583268146955316,0.11676227980720282,0.08863442160922909,0.141325677036328,0.44744494007768704,涨幅微弱型,0.41937784659373106,0.11359133290416344,0.20389397430675987,0.17956836148312363,0.08356848471222172,涨幅微弱型,0.6321367621421814,0.04735049605369568,0.10210177302360535,0.10660319030284882,0.11180772632360458,先降后升型,0.20583268146955316,0.11676227980720282,0.08863442160922909,0.141325677036328,0.44744494007768704
阳101H32-6—第20段—阳101H32-3,阳101H32,阳101H32-6 | 第20段,涨幅微弱型,a6137bfd4502a2,阳101H2,1,涨幅微弱型,0.5131744040150564,0.09912170639899624,0.2095357590966123,0.1329987452948557,0.0451693851944793,先降后升型,0.20583268146955316,0.11676227980720282,0.08863442160922909,0.141325677036328,0.44744494007768704,涨幅微弱型,0.41937784659373106,0.11359133290416344,0.20389397430675987,0.17956836148312363,0.08356848471222172,涨幅微弱型,0.6321367621421814,0.04735049605369568,0.10210177302360535,0.10660319030284882,0.11180772632360458,先降后升型,0.20583268146955316,0.11676227980720282,0.08863442160922909,0.141325677036328,0.44744494007768704
阳101H32-6—第20段—阳101H32-4,阳101H32,阳101H32-6 | 第20段,渐进上升型,d2960fa51b82bc,阳101H2,1,涨幅微弱型,0.5131744040150564,0.09912170639899624,0.2095357590966123,0.1329987452948557,0.0451693851944793,先降后升型,0.09219128688121954,0.193755068104,0.15068723208141932,0.13330799554712278,0.4300584173862382,涨幅微弱型,0.3053988424716912,0.16332138467234186,0.29052237734694203,0.154601103866057,0.08615629164296776,涨幅微弱型,0.46787315607070923,0.04943688586354256,0.2531854808330536,0.11277024447917938,0.11673424392938614,先降后升型,0.09219128688121954,0.193755068104,0.15068723208141932,0.13330799554712278,0.4300584173862382
阳101H32-6—第20段—阳101H32-5,阳101H32,阳101H32-6 | 第20段,涨幅微弱型,639ecfb4a4b2b1,阳101H2,1,涨幅微弱型,0.5131744040150564,0.09912170639899624,0.2095357590966123,0.1329987452948557,0.0451693851944793,先降后升型,0.05136457424619515,0.24680920354054475,0.19490791657024445,0.11886884759151375,0.388049458051502,渐进上升型,0.23508336992828624,0.2279031533752212,0.3254338533676679,0.12131088883634109,0.0902687344924839,渐进上升型,0.28304240107536316,0.15529926121234894,0.32781997323036194,0.11676235496997833,0.11707603931427002,先降后升型,0.05136457424619515,0.24680920354054475,0.19490791657024445,0.11886884759151375,0.388049458051502
阳101H32-6—第20段—阳101H32-7,阳101H32,阳101H32-6 | 第20段,涨幅微弱型,40a6ad54b533a0,阳101H2,1,涨幅微弱型,0.5131744040150564,0.09912170639899624,0.2095357590966123,0.1329987452948557,0.0451693851944793,先降后升型,0.20583268146955316,0.11676227980720282,0.08863442160922909,0.14132567703632798,0.44744494007768704,涨幅微弱型,0.41937784659373106,0.11359133290416344,0.20389397430675987,0.17956836148312363,0.08356848471222172,涨幅微弱型,0.6321367621421814,0.04735049605369568,0.10210177302360535,0.10660319030284882,0.11180772632360458,先降后升型,0.20583268146955316,0.11676227980720282,0.08863442160922909,0.14132567703632798,0.44744494007768704
阳101H33-2—第3段—阳101H33-1,阳101H33,阳101H33-2 | 第3段,渐进上升型,96f12ef3f57f11,阳101H33,3,涨幅微弱型,0.5057034220532319,0.10139416983523447,0.21673003802281368,0.13814955640050697,0.03802281368821293,涨幅微弱型,0.5846880936258425,0.05527367474095368,0.13824547811105534,0.17263834362632333,0.04915440989582504,涨幅微弱型,0.6947678638132135,0.061366117735067297,0.07976105418221166,0.1388378887154552,0.025267075554052106,涨幅微弱型,0.4223451316356659,0.07738441228866577,0.11340660601854324,0.20947514474391937,0.17738866806030273,涨幅微弱型,0.6947678638132135,0.061366117735067297,0.07976105418221166,0.1388378887154552,0.025267075554052106
阳101H33-2—第7段—阳101H33-3,阳101H33,阳101H33-2 | 第7段,稳定缓升型,3feab41693bf09,阳101H33,3,涨幅微弱型,0.5057034220532319,0.10139416983523447,0.21673003802281368,0.13814955640050697,0.03802281368821293,涨幅微弱型,0.4686086884011568,0.08569309811249678,0.2071519223540711,0.17943418421350596,0.059112106918769086,涨幅微弱型,0.4181396431495047,0.09841737965982661,0.2462702792149876,0.18908455662899096,0.04808814134669038,渐进上升型,0.24777014553546906,0.08811235427856445,0.3304283618927002,0.14555443823337555,0.18813472986221313,涨幅微弱型,0.4181396431495047,0.09841737965982661,0.2462702792149876,0.18908455662899096,0.04808814134669038
阳101H33-3—第5段—阳101H33-2,阳101H33,阳101H33-3 | 第5段,渐进上升型,269640705952a2,阳101H33,3,涨幅微弱型,0.5057034220532319,0.10139416983523447,0.21673003802281368,0.13814955640050697,0.03802281368821293,渐进上升型,0.2723550909319794,0.08920789832902883,0.3485764772719664,0.24265910039543773,0.04720143307158756,渐进上升型,0.2381773094194786,0.1081042550466206,0.43020188068054666,0.18955532162513608,0.03396123322821809,渐进上升型,0.11474481970071793,0.09460526704788208,0.48607897758483887,0.20735694468021393,0.09721394628286362,渐进上升型,0.2381773094194786,0.1081042550466206,0.43020188068054666,0.18955532162513608,0.03396123322821809
阳101H33-3—第5段—阳101H33-4,阳101H33,阳101H33-3 | 第5段,渐进上升型,2883e4a723c849,阳101H33,3,涨幅微弱型,0.5057034220532319,0.10139416983523447,0.21673003802281368,0.13814955640050697,0.03802281368821293,渐进上升型,0.21097138161704582,0.10315951193191238,0.4000954694107834,0.24160027918565985,0.04417335785459866,渐进上升型,0.11371717114633238,0.1710582285586846,0.5121573289294871,0.16767711086719622,0.03539016049829961,快速稳定型,0.037277042865753174,0.4012318551540375,0.3274535536766052,0.1734030842781067,0.060634464025497437,渐进上升型,0.11371717114633238,0.1710582285586846,0.5121573289294871,0.16767711086719622,0.03539016049829961
阳101H33-3—第7段—阳101H33-2,阳101H33,阳101H33-3 | 第7段,稳定缓升型,6580902c370099,阳101H33,3,涨幅微弱型,0.5057034220532319,0.10139416983523447,0.21673003802281368,0.13814955640050697,0.03802281368821293,涨幅微弱型,0.4457524997571549,0.0685024731356694,0.24058547440522177,0.19711784549389844,0.04804170720805536,涨幅微弱型,0.29800819169494036,0.10539868320896843,0.29228962183760754,0.2515049240462202,0.05279857921226343,稳定缓升型,0.13145945966243744,0.09686984866857529,0.3064582347869873,0.354438453912735,0.11077405512332916,涨幅微弱型,0.29800819169494036,0.10539868320896843,0.29228962183760754,0.2515049240462202,0.05279857921226343
阳101H33-3—第7段—阳101H33-4,阳101H33,阳101H33-3 | 第7段,稳定缓升型,1f9a443cd21c51,阳101H33,3,涨幅微弱型,0.5057034220532319,0.10139416983523447,0.21673003802281368,0.13814955640050697,0.03802281368821293,涨幅微弱型,0.3707291161499829,0.08325040436734338,0.2903235594334433,0.20790993770670807,0.04778698234252246,渐进上升型,0.1648149756176759,0.16898733508091174,0.3918814807414176,0.2268161126424122,0.04750009591758264,快速稳定型,0.04373069107532501,0.3876843750476837,0.20678557455539703,0.2910512089729309,0.07074815034866333,渐进上升型,0.1648149756176759,0.16898733508091174,0.3918814807414176,0.2268161126424122,0.04750009591758264
阳101H33-3—第8段—阳101H33-2,阳101H33,阳101H33-3 | 第8段,渐进上升型,2ede09ce85d0a8,阳101H33,3,涨幅微弱型,0.5057034220532319,0.10139416983523447,0.21673003802281368,0.13814955640050697,0.03802281368821293,涨幅微弱型,0.3982345769734372,0.07130724004001748,0.27043881003462655,0.20953232942657968,0.05048704352533898,渐进上升型,0.27732043445169696,0.0979254464570516,0.3279176166417429,0.25503093526560927,0.04180556718389902,渐进上升型,0.09840649366378784,0.08403035998344421,0.4187025725841522,0.30757850408554077,0.09128208458423615,渐进上升型,0.27732043445169696,0.0979254464570516,0.3279176166417429,0.25503093526560927,0.04180556718389902
阳101H33-3—第10段—阳101H33-4,阳101H33,阳101H33-3 | 第10段,稳定缓升型,d74cbfb7e76b55,阳101H33,3,涨幅微弱型,0.5057034220532319,0.10139416983523447,0.21673003802281368,0.13814955640050697,0.03802281368821293,涨幅微弱型,0.35226977724133984,0.07404020787887937,0.3040519183445087,0.2307725250226136,0.03886557151265854,渐进上升型,0.18911154058712384,0.17401529782537672,0.3575660233908606,0.22295780229567208,0.05634933590096669,快速稳定型,0.04413438215851784,0.3608829379081726,0.20361748337745667,0.3331373631954193,0.05822780728340149,渐进上升型,0.18911154058712384,0.17401529782537672,0.3575660233908606,0.22295780229567208,0.05634933590096669
阳101H33-4—第2段—阳101H33-3,阳101H33,阳101H33-4 | 第2段,稳定缓升型,c8dce6b7b73ce6,阳101H33,3,涨幅微弱型,0.5057034220532319,0.10139416983523447,0.21673003802281368,0.13814955640050697,0.03802281368821293,渐进上升型,0.17687527131423364,0.11671771433877494,0.35786970090743153,0.285345578931133,0.06319173450842704,渐进上升型,0.14609672146886793,0.1662395794790061,0.5157552083840723,0.14123559339901376,0.03067289726903949,渐进上升型,0.03278229385614395,0.2963840961456299,0.5132803916931152,0.10402356833219528,0.05352965369820595,渐进上升型,0.14609672146886793,0.1662395794790061,0.5157552083840723,0.14123559339901376,0.03067289726903949
阳101H33-4—第6段—阳101H33-3,阳101H33,阳101H33-4 | 第6段,渐进上升型,9e646c539b41f3,阳101H33,3,涨幅微弱型,0.5057034220532319,0.10139416983523447,0.21673003802281368,0.13814955640050697,0.03802281368821293,渐进上升型,0.1449634903412219,0.08991575446793773,0.42992627162026986,0.3113905097697423,0.023803973800828205,渐进上升型,0.12890679115728887,0.1600234800767935,0.5336491418181326,0.1466909641760056,0.03072962277177892,渐进上升型,0.033936548978090286,0.3058622181415558,0.486986368894577,0.1255861073732376,0.04762870445847511,渐进上升型,0.12890679115728887,0.1600234800767935,0.5336491418181326,0.1466909641760056,0.03072962277177892
阳101H33-4—第9段—阳101H33-3,阳101H33,阳101H33-4 | 第9段,渐进上升型,6b6c5d91759c1e,阳101H33,3,涨幅微弱型,0.5057034220532319,0.10139416983523447,0.21673003802281368,0.13814955640050697,0.03802281368821293,渐进上升型,0.15006303680461824,0.0863304762114194,0.42708678835252584,0.3126653114993935,0.023854387132043246,渐进上升型,0.11702072187812747,0.15990336870668212,0.5400613319063096,0.15101759362599038,0.03199698388289003,渐进上升型,0.033452168107032776,0.3019016981124878,0.4825802147388458,0.14620409905910492,0.03586176782846451,渐进上升型,0.11702072187812747,0.15990336870668212,0.5400613319063096,0.15101759362599038,0.03199698388289003
阳101H34-1—第8段—阳101H34-2,阳101H34,阳101H34-1 | 第8段,渐进上升型,14aa51a67beca0,阳101H34,3,涨幅微弱型,0.5057034220532319,0.10139416983523447,0.21673003802281368,0.13814955640050697,0.03802281368821293,涨幅微弱型,0.3390957538032111,0.055017300891413275,0.26938695885089187,0.2999050854636616,0.03659490099082228,渐进上升型,0.24513781290976105,0.08758840058084542,0.3292454438935445,0.28913764046118234,0.048890702154666725,稳定缓升型,0.08182240277528763,0.060750361531972885,0.3073704242706299,0.5099788904190063,0.04007789492607117,渐进上升型,0.24513781290976105,0.08758840058084542,0.3292454438935445,0.28913764046118234,0.048890702154666725
阳101H34-1—第13段—阳101H34-2,阳101H34,阳101H34-1 | 第13段,快速稳定型,f9462d2b85aa9d,阳101H34,3,涨幅微弱型,0.5057034220532319,0.10139416983523447,0.21673003802281368,0.13814955640050697,0.03802281368821293,涨幅微弱型,0.44095354061561975,0.04367988363226786,0.20514900986060997,0.27329741448959877,0.0369201514019036,涨幅微弱型,0.3091636046781912,0.08089646695202016,0.2840798018916594,0.27055132422356853,0.05530880225456077,稳定缓升型,0.12601029872894287,0.09826157242059708,0.28020575642585754,0.4296874701976776,0.0658348947763443,涨幅微弱型,0.3091636046781912,0.08089646695202016,0.2840798018916594,0.27055132422356853,0.05530880225456077
阳101H34-1—第13段—阳101H34-3,阳101H34,阳101H34-1 | 第13段,渐进上升型,178cacc798829f,阳101H34,3,涨幅微弱型,0.5057034220532319,0.10139416983523447,0.21673003802281368,0.13814955640050697,0.03802281368821293,涨幅微弱型,0.44095354061561975,0.04367988363226786,0.20514900986060997,0.27329741448959877,0.0369201514019036,涨幅微弱型,0.3091636046781912,0.08089646695202016,0.2840798018916594,0.27055132422356853,0.05530880225456077,稳定缓升型,0.12601029872894287,0.09826157242059708,0.28020575642585754,0.4296874701976776,0.0658348947763443,涨幅微弱型,0.3091636046781912,0.08089646695202016,0.2840798018916594,0.27055132422356853,0.05530880225456077
阳101H34-1—第14段—阳101H34-3,阳101H34,阳101H34-1 | 第14段,渐进上升型,dba5933f6c9056,阳101H34,3,涨幅微弱型,0.5057034220532319,0.10139416983523447,0.21673003802281368,0.13814955640050697,0.03802281368821293,涨幅微弱型,0.34195293941883936,0.05881973974774087,0.27345806799859246,0.2800506584727304,0.04571859436209684,涨幅微弱型,0.297570625201777,0.08101069062341719,0.2966513581543265,0.27907430272165734,0.045693023298821876,稳定缓升型,0.09679167717695236,0.06772943586111069,0.2666882276535034,0.5175831913948059,0.051207445561885834,涨幅微弱型,0.297570625201777,0.08101069062341719,0.2966513581543265,0.27907430272165734,0.045693023298821876
阳101H34-3—第2段—阳101H34-2,阳101H34,阳101H34-3 | 第2段,快速稳定型,edea0f781fce26,阳101H34,3,涨幅微弱型,0.5057034220532319,0.10139416983523447,0.21673003802281368,0.13814955640050697,0.03802281368821293,涨幅微弱型,0.6362747471188296,0.03219443156622068,0.16383787487700796,0.13992028636354403,0.02777266007439768,涨幅微弱型,0.5254143663928651,0.03520460705697797,0.2522832055873883,0.1657458225763294,0.02135199838643918,稳定缓升型,0.26521432399749756,0.06424883753061295,0.24980175495147705,0.36035898327827454,0.06037614494562149,涨幅微弱型,0.5254143663928651,0.03520460705697797,0.2522832055873883,0.1657458225763294,0.02135199838643918
阳101H34-3—第3段—阳101H34-2,阳101H34,阳101H34-3 | 第3段,稳定缓升型,44708cb31b52ff,阳101H34,3,涨幅微弱型,0.5057034220532319,0.10139416983523447,0.21673003802281368,0.13814955640050697,0.03802281368821293,涨幅微弱型,0.5833158750345225,0.02876957544205729,0.15044020135112757,0.20719730814839532,0.030277040023897223,涨幅微弱型,0.5268876111905461,0.03470090064596262,0.24799919316203387,0.163673986001223,0.026738309000234654,稳定缓升型,0.2769826352596283,0.05308981612324715,0.20349976420402527,0.3603322505950928,0.1060955673456192,涨幅微弱型,0.5268876111905461,0.03470090064596262,0.24799919316203387,0.163673986001223,0.026738309000234654
阳101H34-3—第6段—阳101H34-2,阳101H34,阳101H34-3 | 第6段,稳定缓升型,babad329c9de42,阳101H34,3,涨幅微弱型,0.5057034220532319,0.10139416983523447,0.21673003802281368,0.13814955640050697,0.03802281368821293,涨幅微弱型,0.6609730034208972,0.026031350226133062,0.13801340931990846,0.15147405452196366,0.023508182511097753,涨幅微弱型,0.597874917213891,0.03513107251123636,0.20220357997536098,0.12670943583298402,0.03808099446652744,涨幅微弱型,0.36418652534484863,0.053108979016542435,0.17894509434700012,0.2734323740005493,0.1303270161151886,涨幅微弱型,0.597874917213891,0.03513107251123636,0.20220357997536098,0.12670943583298402,0.03808099446652744
阳101H34-3—第7段—阳101H34-4,阳101H34,阳101H34-3 | 第7段,渐进上升型,f1ed420fedb630,阳101H34,3,涨幅微弱型,0.5057034220532319,0.10139416983523447,0.21673003802281368,0.13814955640050697,0.03802281368821293,涨幅微弱型,0.6445109086569396,0.026591331044751258,0.14697017898919998,0.15751957499747493,0.02440800631163423,涨幅微弱型,0.5228690259236396,0.04830182782248784,0.23731549973576532,0.16509645544494245,0.026417191073164894,稳定缓升型,0.28783735632896423,0.058864086866378784,0.2114747315645218,0.3332032561302185,0.1086205318570137,涨幅微弱型,0.5228690259236396,0.04830182782248784,0.23731549973576532,0.16509645544494245,0.026417191073164894
阳101H34-3—第8段—阳101H34-1,阳101H34,阳101H34-3 | 第8段,渐进上升型,f4b7eca6190215,阳101H34,3,涨幅微弱型,0.5057034220532319,0.10139416983523447,0.21673003802281368,0.13814955640050697,0.03802281368821293,涨幅微弱型,0.6145714444444359,0.031094516958941228,0.17417702764742085,0.15558337667369349,0.0245736342755086,涨幅微弱型,0.49200948620245544,0.05366016145056989,0.25995933948468586,0.17895871416241566,0.01541229869987318,稳定缓升型,0.2654111087322235,0.08076860755681992,0.2736048996448517,0.3278626501560211,0.052352745085954666,涨幅微弱型,0.49200948620245544,0.05366016145056989,0.25995933948468586,0.17895871416241566,0.01541229869987318
阳101H34-3—第8段—阳101H34-4,阳101H34,阳101H34-3 | 第8段,渐进上升型,d784b320c90216,阳101H34,3,涨幅微弱型,0.5057034220532319,0.10139416983523447,0.21673003802281368,0.13814955640050697,0.03802281368821293,涨幅微弱型,0.6145714444444359,0.031094516958941228,0.17417702764742085,0.15558337667369349,0.0245736342755086,涨幅微弱型,0.49200948620245544,0.05366016145056989,0.25995933948468586,0.17895871416241566,0.01541229869987318,稳定缓升型,0.2654111087322235,0.08076860755681992,0.2736048996448517,0.3278626501560211,0.052352745085954666,涨幅微弱型,0.49200948620245544,0.05366016145056989,0.25995933948468586,0.17895871416241566,0.01541229869987318
阳101H34-3—第10段—阳101H34-1,阳101H34,阳101H34-3 | 第10段,稳定缓升型,7cdd37ba33db3c,阳101H34,3,涨幅微弱型,0.5057034220532319,0.10139416983523447,0.21673003802281368,0.13814955640050697,0.03802281368821293,涨幅微弱型,0.5694657523530567,0.04071849113003916,0.17802067797635243,0.1804593106524134,0.03133576788813821,涨幅微弱型,0.43644889752888344,0.06906114937779569,0.26493484591968486,0.21112265976157613,0.018432447412060106,稳定缓升型,0.2566224932670593,0.07151705026626587,0.27057045698165894,0.31832554936408997,0.0829644724726677,涨幅微弱型,0.43644889752888344,0.06906114937779569,0.26493484591968486,0.21112265976157613,0.018432447412060106
阳101H34-3—第14段—阳101H34-4,阳101H34,阳101H34-3 | 第14段,快速稳定型,46f9c5c6b10789,阳101H34,3,涨幅微弱型,0.5057034220532319,0.10139416983523447,0.21673003802281368,0.13814955640050697,0.03802281368821293,涨幅微弱型,0.5386935831813389,0.0360416942094024,0.18393725216172294,0.2080771671331983,0.03325030331433749,涨幅微弱型,0.501880274383773,0.04808649307660973,0.2439600374126936,0.17023390147406986,0.03583929365285367,渐进上升型,0.14052601158618927,0.09329963475465775,0.38923901319503784,0.3191390335559845,0.05779631808400154,涨幅微弱型,0.501880274383773,0.04808649307660973,0.2439600374126936,0.17023390147406986,0.03583929365285367
阳101H34-3—第16段—阳101H34-4,阳101H34,阳101H34-3 | 第16段,快速稳定型,d79335c519f1bd,阳101H34,3,涨幅微弱型,0.5057034220532319,0.10139416983523447,0.21673003802281368,0.13814955640050697,0.03802281368821293,涨幅微弱型,0.3900314795664597,0.04859983990677602,0.24444562334868367,0.27922637605006795,0.03769668112801272,涨幅微弱型,0.40576718288823194,0.04997896668487659,0.30850228831899457,0.2096024277506672,0.026149134357229823,稳定缓升型,0.18439291417598724,0.057619545608758926,0.32538899779319763,0.3897760510444641,0.0428224541246891,涨幅微弱型,0.40576718288823194,0.04997896668487659,0.30850228831899457,0.2096024277506672,0.026149134357229823
阳101H34-3—第19段—阳101H34-2,阳101H34,阳101H34-3 | 第19段,稳定缓升型,a2fe9346a68fcd,阳101H34,3,涨幅微弱型,0.5057034220532319,0.10139416983523447,0.21673003802281368,0.13814955640050697,0.03802281368821293,稳定缓升型,0.2956664498748925,0.07725885638937431,0.2561833178787511,0.32644864681750374,0.044442729039478296,渐进上升型,0.29292189181801337,0.07190345769225401,0.3240564206947871,0.275161448307976,0.035956781486969874,稳定缓升型,0.2109244465827942,0.06531081348657608,0.24612915515899658,0.4010123312473297,0.07662320882081985,渐进上升型,0.29292189181801337,0.07190345769225401,0.3240564206947871,0.275161448307976,0.035956781486969874
阳101H34-3—第21段—阳101H34-4,阳101H34,阳101H34-3 | 第21段,渐进上升型,9074a222800c54,阳101H34,3,涨幅微弱型,0.5057034220532319,0.10139416983523447,0.21673003802281368,0.13814955640050697,0.03802281368821293,涨幅微弱型,0.3242670898780712,0.059633204967169444,0.2548348215799009,0.31812775751516464,0.04313712605969387,渐进上升型,0.23119728311649426,0.10110362593608833,0.3071627397232699,0.29856561151018174,0.061970739713965876,稳定缓升型,0.09809811413288116,0.07496492564678192,0.26201239228248596,0.5004187226295471,0.06450586020946503,渐进上升型,0.23119728311649426,0.10110362593608833,0.3071627397232699,0.29856561151018174,0.061970739713965876
阳101H34-3—第23段—阳101H34-4,阳101H34,阳101H34-3 | 第23段,渐进上升型,aca550dfdac7b5,阳101H34,3,涨幅微弱型,0.5057034220532319,0.10139416983523447,0.21673003802281368,0.13814955640050697,0.03802281368821293,稳定缓升型,0.2866424074668045,0.06658121760900727,0.2988241974015607,0.3123483710797328,0.03560380644289477,涨幅微弱型,0.3238796609897427,0.09500274647734708,0.30752690569053703,0.24123495258451286,0.03235573425786023,稳定缓升型,0.1105121374130249,0.08936736732721329,0.260622501373291,0.47915491461753845,0.06034310907125473,涨幅微弱型,0.3238796609897427,0.09500274647734708,0.30752690569053703,0.24123495258451286,0.03235573425786023
阳101H34-3—第25段—阳101H34-4,阳101H34,阳101H34-3 | 第25段,稳定缓升型,f9c78331c33276,阳101H34,3,涨幅微弱型,0.5057034220532319,0.10139416983523447,0.21673003802281368,0.13814955640050697,0.03802281368821293,稳定缓升型,0.160884425263806,0.06870313605756814,0.34308850833566834,0.38430054571666855,0.04302338462628914,渐进上升型,0.31812754897566453,0.06319981883430772,0.37956540856243465,0.18771871213005925,0.05138851149753385,渐进上升型,0.2606721818447113,0.0921018198132515,0.3035595715045929,0.17843733727931976,0.16522903740406036,渐进上升型,0.31812754897566453,0.06319981883430772,0.37956540856243465,0.18771871213005925,0.05138851149753385
阳101H34-4—第5段—阳101H34-3,阳101H34,阳101H34-4 | 第5段,渐进上升型,0958fed43b5619,阳101H34,3,涨幅微弱型,0.5057034220532319,0.10139416983523447,0.21673003802281368,0.13814955640050697,0.03802281368821293,涨幅微弱型,0.4878073179428086,0.03814667512102322,0.21406143510429165,0.2317325210651958,0.028252050766680588,涨幅微弱型,0.5093514845332482,0.039880753205667904,0.2371369550097315,0.19002013666935633,0.023610670581995962,稳定缓升型,0.24336370825767517,0.07772622257471085,0.25369149446487427,0.37793639302253723,0.047282230108976364,涨幅微弱型,0.5093514845332482,0.039880753205667904,0.2371369550097315,0.19002013666935633,0.023610670581995962
阳101H34-4—第6段—阳101H34-2,阳101H34,阳101H34-4 | 第6段,稳定缓升型,2e352172c08383,阳101H34,3,涨幅微弱型,0.5057034220532319,0.10139416983523447,0.21673003802281368,0.13814955640050697,0.03802281368821293,涨幅微弱型,0.5205749984542664,0.03732233422566517,0.19480510078285515,0.220405973031657,0.02689159350555621,涨幅微弱型,0.533668507765821,0.0663671825526393,0.20839417727010354,0.17459924726819212,0.016970885143243995,稳定缓升型,0.25256022810935974,0.08440657705068588,0.2684745788574219,0.3454328179359436,0.0491257980465889,涨幅微弱型,0.533668507765821,0.0663671825526393,0.20839417727010354,0.17459924726819212,0.016970885143243995
阳101H34-4—第8段—阳101H34-3,阳101H34,阳101H34-4 | 第8段,稳定缓升型,af74acfeca9ce9,阳101H34,3,涨幅微弱型,0.5057034220532319,0.10139416983523447,0.21673003802281368,0.13814955640050697,0.03802281368821293,涨幅微弱型,0.39962477837175875,0.05085030354782173,0.2775756028176218,0.2359005054414667,0.036048809821331,涨幅微弱型,0.5378280592255839,0.02890479482619046,0.24048356201573806,0.17723016507410333,0.015553418858384257,稳定缓升型,0.21044985949993134,0.06315137445926666,0.2754077613353729,0.40899378061294556,0.04199724644422531,涨幅微弱型,0.5378280592255839,0.02890479482619046,0.24048356201573806,0.17723016507410333,0.015553418858384257
阳101H34-4—第10段—阳101H34-3,阳101H34,阳101H34-4 | 第10段,渐进上升型,5117fdf5e3bc89,阳101H34,3,涨幅微弱型,0.5057034220532319,0.10139416983523447,0.21673003802281368,0.13814955640050697,0.03802281368821293,涨幅微弱型,0.36966338079142985,0.05084624173979177,0.2965889301862719,0.2501545053966682,0.032746941885838286,涨幅微弱型,0.47165220092493637,0.04170001258821021,0.28422735300798396,0.18838677653525585,0.014033656943613639,稳定缓升型,0.2044869214296341,0.06594312936067581,0.27961573004722595,0.4076280891895294,0.04232613369822502,涨幅微弱型,0.47165220092493637,0.04170001258821021,0.28422735300798396,0.18838677653525585,0.014033656943613639
阳101H34-4—第11段—阳101H34-3,阳101H34,阳101H34-4 | 第11段,稳定缓升型,0ca6185b2de705,阳101H34,3,涨幅微弱型,0.5057034220532319,0.10139416983523447,0.21673003802281368,0.13814955640050697,0.03802281368821293,涨幅微弱型,0.4940987234914421,0.03746526784706598,0.20862786982373854,0.23421461052372275,0.02559352831403071,涨幅微弱型,0.4994388348797519,0.058517257003411045,0.2411446618466601,0.179059661149392,0.021839585120784828,稳定缓升型,0.25007933378219604,0.0852695032954216,0.2675391733646393,0.34766826033592224,0.04944371432065964,涨幅微弱型,0.4994388348797519,0.058517257003411045,0.2411446618466601,0.179059661149392,0.021839585120784828
阳101H34-5—第5段—阳101H34-6,阳101H34,阳101H34-5 | 第5段,稳定缓升型,4db002daf878d4,阳101H34,3,涨幅微弱型,0.5057034220532319,0.10139416983523447,0.21673003802281368,0.13814955640050697,0.03802281368821293,渐进上升型,0.28928236907437266,0.06283146747467898,0.3474988053652041,0.28009294521124034,0.020294412874503804,涨幅微弱型,0.42939108956733135,0.05257742016874876,0.3541978092245524,0.14373218242794977,0.02010149861141781,渐进上升型,0.2789421081542969,0.08226152509450912,0.43354806303977966,0.1331532746553421,0.07209507375955582,涨幅微弱型,0.42939108956733135,0.05257742016874876,0.3541978092245524,0.14373218242794977,0.02010149861141781
阳101H34-6—第2段—阳101H34-5,阳101H34,阳101H34-6 | 第2段,稳定缓升型,b9bb6aa0e0d58e,阳101H34,3,涨幅微弱型,0.5057034220532319,0.10139416983523447,0.21673003802281368,0.13814955640050697,0.03802281368821293,涨幅微弱型,0.4553557095717321,0.05335253877897948,0.20432126620781857,0.24102710751195677,0.04594337792951303,涨幅微弱型,0.4772243111677429,0.04648588923438347,0.23576915889911593,0.20220260882579008,0.03831803187296752,稳定缓升型,0.23415793478488922,0.07897540926933289,0.23731033504009247,0.38329678773880005,0.0662594884634018,涨幅微弱型,0.4772243111677429,0.04648588923438347,0.23576915889911593,0.20220260882579008,0.03831803187296752
阳101H34-6—第8段—阳101H34-5,阳101H34,阳101H34-6 | 第8段,快速稳定型,15905fa7a6c2da,阳101H34,3,涨幅微弱型,0.5057034220532319,0.10139416983523447,0.21673003802281368,0.13814955640050697,0.03802281368821293,涨幅微弱型,0.4512080908872779,0.04992461912129739,0.22137939484304195,0.24718207709877305,0.030305818049609544,涨幅微弱型,0.49889953764962786,0.03934922178319171,0.26253869614544617,0.18139006078595063,0.017822483635783568,稳定缓升型,0.2628367841243744,0.08443992584943771,0.26752081513404846,0.33972886204719543,0.045473612844944,涨幅微弱型,0.49889953764962786,0.03934922178319171,0.26253869614544617,0.18139006078595063,0.017822483635783568
阳101H34-6—第9段—阳101H34-5,阳101H34,阳101H34-6 | 第9段,渐进上升型,4f03a971ee9611,阳101H34,3,涨幅微弱型,0.5057034220532319,0.10139416983523447,0.21673003802281368,0.13814955640050697,0.03802281368821293,涨幅微弱型,0.34847750540289885,0.06749904315320482,0.2945790631547792,0.25192770408253684,0.03751668420658029,涨幅微弱型,0.48615643564923683,0.04428643448633098,0.3003996634552897,0.1526576621535259,0.016499804255616486,渐进上升型,0.27927300333976746,0.07994809001684189,0.4348009526729584,0.14357607066631317,0.06240185722708702,涨幅微弱型,0.48615643564923683,0.04428643448633098,0.3003996634552897,0.1526576621535259,0.016499804255616486
阳101H35-1—第1段—阳101H35-4,阳101H35,阳101H35-1 | 第1段,涨幅微弱型,80e61536e51458,阳101H35,4,涨幅微弱型,0.5455607476635514,0.08995327102803738,0.1939252336448598,0.12967289719626168,0.04088785046728972,涨幅微弱型,0.5542759076887187,0.08128709975042336,0.18909218932627306,0.1381913975969903,0.037153405637594644,稳定缓升型,0.2583108381951587,0.12339428745544065,0.20975401117477363,0.2608478459175743,0.14769301725705294,涨幅微弱型,0.5263859629631042,0.11684881150722504,0.1927686482667923,0.10075698792934418,0.06323958188295364,涨幅微弱型,0.5263859629631042,0.11684881150722504,0.1927686482667923,0.10075698792934418,0.06323958188295364
阳101H35-1—第2段—阳101H35-4,阳101H35,阳101H35-1 | 第2段,涨幅微弱型,d23b0813a256e8,阳101H35,4,涨幅微弱型,0.5455607476635514,0.08995327102803738,0.1939252336448598,0.12967289719626168,0.04088785046728972,渐进上升型,0.2311800848200684,0.13791873325311682,0.37007068344144395,0.1880290981967896,0.07280140028858115,渐进上升型,0.041844801250867175,0.20961716470520647,0.3447637189404102,0.3137940049352723,0.08998031016824415,渐进上升型,0.14340895414352417,0.1521703600883484,0.3944891691207886,0.24832379817962646,0.061607714742422104,渐进上升型,0.14340895414352417,0.1521703600883484,0.3944891691207886,0.24832379817962646,0.061607714742422104
阳101H35-1—第3段—阳101H35-4,阳101H35,阳101H35-1 | 第3段,涨幅微弱型,d28c25f6ad5cf8,阳101H35,4,涨幅微弱型,0.5455607476635514,0.08995327102803738,0.1939252336448598,0.12967289719626168,0.04088785046728972,渐进上升型,0.04581163085883782,0.2016608825194214,0.45860126186869016,0.1926469983969267,0.10127922635612396,渐进上升型,0.04202382089679858,0.19787993569253243,0.3515441676368806,0.30529105261798184,0.103261023155807,渐进上升型,0.11325488239526749,0.16416138410568237,0.43747466802597046,0.21033717691898346,0.074771948158741,渐进上升型,0.11325488239526749,0.16416138410568237,0.43747466802597046,0.21033717691898346,0.074771948158741
阳101H35-1—第4段—阳101H35-4,阳101H35,阳101H35-1 | 第4段,涨幅微弱型,7d584c60f496f3,阳101H35,4,涨幅微弱型,0.5455607476635514,0.08995327102803738,0.1939252336448598,0.12967289719626168,0.04088785046728972,渐进上升型,0.030875982881408918,0.17943315508281923,0.45961161444241405,0.2691903197187736,0.060888927874584206,渐进上升型,0.017566653798271444,0.20460133926808036,0.37205266856318703,0.3390884669091697,0.06669087146129186,渐进上升型,0.09404127299785614,0.13591919839382172,0.4799283444881439,0.2439611405134201,0.046150095760822296,渐进上升型,0.09404127299785614,0.13591919839382172,0.4799283444881439,0.2439611405134201,0.046150095760822296
阳101H35-1—第5段—阳101H35-3,阳101H35,阳101H35-1 | 第5段,涨幅微弱型,16892e71b47925,阳101H35,4,涨幅微弱型,0.5455607476635514,0.08995327102803738,0.1939252336448598,0.12967289719626168,0.04088785046728972,渐进上升型,0.2412978596387314,0.12746369216900127,0.3798607258637795,0.19363159342914665,0.057746128899341075,渐进上升型,0.04420591236197828,0.19894726509229213,0.3621972773482333,0.3110680445530621,0.08358150064443463,渐进上升型,0.140634685754776,0.1495441347360611,0.40240055322647095,0.24700476229190826,0.06041589006781578,渐进上升型,0.140634685754776,0.1495441347360611,0.40240055322647095,0.24700476229190826,0.06041589006781578
阳101H35-1—第5段—阳101H35-4,阳101H35,阳101H35-1 | 第5段,涨幅微弱型,2925ca8d53dd49,阳101H35,4,涨幅微弱型,0.5455607476635514,0.08995327102803738,0.1939252336448598,0.12967289719626168,0.04088785046728972,渐进上升型,0.24128583439363033,0.12746655791080078,0.37986928556940003,0.1936327284815251,0.05774559364464371,渐进上升型,0.04420591236197828,0.19894726509229213,0.3621972773482333,0.3110680445530621,0.08358150064443463,渐进上升型,0.140634685754776,0.1495441347360611,0.40240055322647095,0.24700476229190826,0.06041589006781578,渐进上升型,0.140634685754776,0.1495441347360611,0.40240055322647095,0.24700476229190826,0.06041589006781578
阳101H35-1—第6段—阳101H35-4,阳101H35,阳101H35-1 | 第6段,涨幅微弱型,95993c5a1e0d63,阳101H35,4,涨幅微弱型,0.5455607476635514,0.08995327102803738,0.1939252336448598,0.12967289719626168,0.04088785046728972,渐进上升型,0.27843170859426897,0.13933777841748018,0.3184424360368261,0.20601920197481896,0.05776887497660567,稳定缓升型,0.044203529464374794,0.2218065092658745,0.3185355538431172,0.32477057010519866,0.09068383732143497,渐进上升型,0.14800991117954254,0.17427323758602142,0.3944846987724304,0.21990205347537994,0.06333009898662567,渐进上升型,0.14800991117954254,0.17427323758602142,0.3944846987724304,0.21990205347537994,0.06333009898662567
阳101H35-1—第7段—阳101H35-3,阳101H35,阳101H35-1 | 第7段,涨幅微弱型,4e42ed3eb29717,阳101H35,4,涨幅微弱型,0.5455607476635514,0.08995327102803738,0.1939252336448598,0.12967289719626168,0.04088785046728972,涨幅微弱型,0.4087076255319435,0.0850292170351342,0.2703607601771604,0.18691162020615626,0.04899077704960577,稳定缓升型,0.12085845210750461,0.20383278486219655,0.26418632055113456,0.28705499536253726,0.12406744711662718,涨幅微弱型,0.40670478343963623,0.1100630983710289,0.26062026619911194,0.16163629293441772,0.06097559630870819,涨幅微弱型,0.40670478343963623,0.1100630983710289,0.26062026619911194,0.16163629293441772,0.06097559630870819
阳101H35-1—第7段—阳101H35-4,阳101H35,阳101H35-1 | 第7段,涨幅微弱型,f6a4c545c3e5c0,阳101H35,4,涨幅微弱型,0.5455607476635514,0.08995327102803738,0.1939252336448598,0.12967289719626168,0.04088785046728972,涨幅微弱型,0.40740942617896464,0.08527174043784239,0.27113304555583084,0.18718516745722694,0.04900062037013518,稳定缓升型,0.12135549024152904,0.20383278486219655,0.2644177163304755,0.2866212054081993,0.12377280315759966,涨幅微弱型,0.3988820016384125,0.11787936091423035,0.2606237530708313,0.16163843870162964,0.06097642332315445,涨幅微弱型,0.3988820016384125,0.11787936091423035,0.2606237530708313,0.16163843870162964,0.06097642332315445
阳101H35-1—第8段—阳101H35-2,阳101H35,阳101H35-1 | 第8段,渐进上升型,d167da759a8610,阳101H35,4,涨幅微弱型,0.5455607476635514,0.08995327102803738,0.1939252336448598,0.12967289719626168,0.04088785046728972,渐进上升型,0.28112560126564357,0.12037272208998959,0.33548593013323125,0.21647516708604136,0.04654057942509427,渐进上升型,0.14696274613186378,0.21741349611663305,0.29099310534947775,0.2554342847136303,0.08919636768839521,渐进上升型,0.34969180822372437,0.13684816658496857,0.355523020029068,0.12583120167255402,0.03210578113794327,渐进上升型,0.34969180822372437,0.13684816658496857,0.355523020029068,0.12583120167255402,0.03210578113794327
阳101H35-1—第8段—阳101H35-4,阳101H35,阳101H35-1 | 第8段,涨幅微弱型,1ab27165d07cc8,阳101H35,4,涨幅微弱型,0.5455607476635514,0.08995327102803738,0.1939252336448598,0.12967289719626168,0.04088785046728972,涨幅微弱型,0.5112908007413497,0.0726156019143636,0.2022265886245952,0.1682891278962949,0.04557788082339657,稳定缓升型,0.22736658303133642,0.16209754173295837,0.21880971607662864,0.2770102071335981,0.11471595202547866,涨幅微弱型,0.4769093692302704,0.12292823940515518,0.2241777628660202,0.13416506350040436,0.04181960970163345,涨幅微弱型,0.4769093692302704,0.12292823940515518,0.2241777628660202,0.13416506350040436,0.04181960970163345
阳101H35-1—第9段—阳101H35-2,阳101H35,阳101H35-1 | 第9段,快速稳定型,3fea614fceb3f6,阳101H35,4,涨幅微弱型,0.5455607476635514,0.08995327102803738,0.1939252336448598,0.12967289719626168,0.04088785046728972,渐进上升型,0.2327366073084611,0.11639373443482254,0.3858250076314998,0.2213076468991599,0.043737003726056684,渐进上升型,0.11425561529973294,0.2375624146907967,0.31640995576939185,0.24165033956019988,0.09012167467987872,渐进上升型,0.3142338693141937,0.12750239670276642,0.39683496952056885,0.1340755969285965,0.027353208512067795,渐进上升型,0.3142338693141937,0.12750239670276642,0.39683496952056885,0.1340755969285965,0.027353208512067795
阳101H35-1—第9段—阳101H35-3,阳101H35,阳101H35-1 | 第9段,先降后升型,245debde91ae2f,阳101H35,4,涨幅微弱型,0.5455607476635514,0.08995327102803738,0.1939252336448598,0.12967289719626168,0.04088785046728972,涨幅微弱型,0.45257424198221397,0.07414857676797267,0.24559633268125974,0.1822022028680463,0.045478645700507254,稳定缓升型,0.15859934886240998,0.2157395817689935,0.2555828169693701,0.26844814619318796,0.10163010620603849,涨幅微弱型,0.44285789132118225,0.1124180406332016,0.2621338367462158,0.14488427340984344,0.03770597279071808,涨幅微弱型,0.44285789132118225,0.1124180406332016,0.2621338367462158,0.14488427340984344,0.03770597279071808
阳101H35-1—第10段—阳101H35-2,阳101H35,阳101H35-1 | 第10段,稳定缓升型,005edb3b0c1a72,阳101H35,4,涨幅微弱型,0.5455607476635514,0.08995327102803738,0.1939252336448598,0.12967289719626168,0.04088785046728972,渐进上升型,0.25006695834955167,0.11006999908009771,0.37429137029239934,0.22284671648350612,0.04272495579444513,渐进上升型,0.1124927947869124,0.2393682620297323,0.3143788030305185,0.23979231162680428,0.09396782852603255,渐进上升型,0.3198700547218323,0.13144849240779877,0.4039527475833893,0.11669844388961792,0.02803025022149086,渐进上升型,0.3198700547218323,0.13144849240779877,0.4039527475833893,0.11669844388961792,0.02803025022149086
阳101H35-1—第10段—阳101H35-4,阳101H35,阳101H35-1 | 第10段,涨幅微弱型,deca62c28deed8,阳101H35,4,涨幅微弱型,0.5455607476635514,0.08995327102803738,0.1939252336448598,0.12967289719626168,0.04088785046728972,涨幅微弱型,0.47421348703428284,0.06879707419046854,0.23376041271816142,0.17975690101160857,0.043472125045478587,稳定缓升型,0.15674364034221716,0.21967017357642354,0.2565486403581387,0.2657020834762097,0.10133546224701097,涨幅微弱型,0.44415706396102905,0.12469692528247833,0.26806241273880005,0.12668603658676147,0.03639751300215721,涨幅微弱型,0.44415706396102905,0.12469692528247833,0.26806241273880005,0.12668603658676147,0.03639751300215721
阳101H35-1—第11段—阳101H35-2,阳101H35,阳101H35-1 | 第11段,稳定缓升型,e02e8cde295c52,阳101H35,4,涨幅微弱型,0.5455607476635514,0.08995327102803738,0.1939252336448598,0.12967289719626168,0.04088785046728972,渐进上升型,0.24869279091899738,0.13271361057576628,0.3566051347924806,0.2132134397174785,0.04877502399527721,渐进上升型,0.14765818495230262,0.21658259669198363,0.2813012867514092,0.2647465927759383,0.08971133882836638,渐进上升型,0.3240746557712555,0.13200655579566956,0.39090901613235474,0.12137935310602188,0.03163037821650505,渐进上升型,0.3240746557712555,0.13200655579566956,0.39090901613235474,0.12137935310602188,0.03163037821650505
阳101H35-1—第11段—阳101H35-3,阳101H35,阳101H35-1 | 第11段,涨幅微弱型,535765d2362a98,阳101H35,4,涨幅微弱型,0.5455607476635514,0.08995327102803738,0.1939252336448598,0.12967289719626168,0.04088785046728972,涨幅微弱型,0.474549338710284,0.08255721988059767,0.22165828821060687,0.1716038049943651,0.04963134820414649,稳定缓升型,0.21249038987477456,0.1626804599721266,0.21698514954510958,0.29287953649406373,0.11496446411392582,涨幅微弱型,0.4562641382217407,0.1120980754494667,0.2579578459262848,0.13103164732456207,0.042648278176784515,涨幅微弱型,0.4562641382217407,0.1120980754494667,0.2579578459262848,0.13103164732456207,0.042648278176784515
阳101H35-1—第12段—阳101H35-3,阳101H35,阳101H35-1 | 第12段,先降后升型,0bc1818c937315,阳101H35,4,涨幅微弱型,0.5455607476635514,0.08995327102803738,0.1939252336448598,0.12967289719626168,0.04088785046728972,涨幅微弱型,0.4685292161356297,0.07454576861077779,0.23309356921638927,0.1778589296115518,0.04597251642565142,稳定缓升型,0.1576354910970816,0.21121200558700556,0.2562866559544591,0.2732357411554153,0.10163010620603849,涨幅微弱型,0.45462048053741455,0.11064669489860535,0.2690962851047516,0.12909862399101257,0.03653788939118385,涨幅微弱型,0.45462048053741455,0.11064669489860535,0.2690962851047516,0.12909862399101257,0.03653788939118385
阳101H35-1—第14段—阳101H35-3,阳101H35,阳101H35-1 | 第14段,涨幅微弱型,1071a5c32c9faa,阳101H35,4,涨幅微弱型,0.5455607476635514,0.08995327102803738,0.1939252336448598,0.12967289719626168,0.04088785046728972,涨幅微弱型,0.5062030297841819,0.0709271073432658,0.20834553558123314,0.16943923691711527,0.04508509037420382,稳定缓升型,0.19967525869662966,0.1646209962876629,0.2344429763008816,0.2839659485599277,0.1172948201548983,涨幅微弱型,0.4491092562675476,0.11936371773481369,0.25902751088142395,0.13150809705257416,0.04099142551422119,涨幅微弱型,0.4491092562675476,0.11936371773481369,0.25902751088142395,0.13150809705257416,0.04099142551422119
阳101H35-1—第14段—阳101H35-4,阳101H35,阳101H35-1 | 第14段,涨幅微弱型,c8cb7c337eb179,阳101H35,4,涨幅微弱型,0.5455607476635514,0.08995327102803738,0.1939252336448598,0.12967289719626168,0.04088785046728972,涨幅微弱型,0.5061730127489185,0.07093256556540194,0.2083615889067925,0.169446970043612,0.04508586273527502,稳定缓升型,0.19967525869662966,0.1646209962876629,0.2344429763008816,0.2839659485599277,0.1172948201548983,涨幅微弱型,0.4491092562675476,0.11936371773481369,0.25902751088142395,0.13150809705257416,0.04099142551422119,涨幅微弱型,0.4491092562675476,0.11936371773481369,0.25902751088142395,0.13150809705257416,0.04099142551422119
阳101H35-1—第16段—阳101H35-4,阳101H35,阳101H35-1 | 第16段,涨幅微弱型,e364739cd2fd79,阳101H35,4,涨幅微弱型,0.5455607476635514,0.08995327102803738,0.1939252336448598,0.12967289719626168,0.04088785046728972,渐进上升型,0.15698295616723498,0.17814226284706236,0.395734599160841,0.21300654292734594,0.05613363889751567,渐进上升型,0.012598112535612533,0.2025114716766647,0.3871947948658204,0.347373731481199,0.0503218894407038,渐进上升型,0.10312201827764511,0.1524410992860794,0.3889569342136383,0.304873526096344,0.050606414675712585,渐进上升型,0.10312201827764511,0.1524410992860794,0.3889569342136383,0.304873526096344,0.050606414675712585
阳101H35-1—第17段—阳101H35-2,阳101H35,阳101H35-1 | 第17段,渐进上升型,e7275235201579,阳101H35,4,涨幅微弱型,0.5455607476635514,0.08995327102803738,0.1939252336448598,0.12967289719626168,0.04088785046728972,渐进上升型,0.06302592560843343,0.21087989293446255,0.4832992765325725,0.20168622867148142,0.04110867625305022,渐进上升型,0.014987863987863987,0.2335886031900257,0.39166412895023067,0.31174913274579713,0.04801027112608289,渐进上升型,0.07821066677570343,0.23145703971385956,0.42118576169013977,0.23478250205516815,0.034364018589258194,渐进上升型,0.07821066677570343,0.23145703971385956,0.42118576169013977,0.23478250205516815,0.034364018589258194
阳101H35-1—第17段—阳101H35-3,阳101H35,阳101H35-1 | 第17段,涨幅微弱型,0be7aff9060a91,阳101H35,4,涨幅微弱型,0.5455607476635514,0.08995327102803738,0.1939252336448598,0.12967289719626168,0.04088785046728972,渐进上升型,0.15713025102628125,0.1741633160101748,0.39884059196315913,0.21471928070536825,0.05514656029501642,渐进上升型,0.012598112535612533,0.20258274360648923,0.3903379826965082,0.3465685066134741,0.047912654547916274,渐进上升型,0.10225015878677368,0.15115226805210114,0.3934445381164551,0.3022959232330322,0.05085708573460579,渐进上升型,0.10225015878677368,0.15115226805210114,0.3934445381164551,0.3022959232330322,0.05085708573460579
阳101H35-1—第18段—阳101H35-3,阳101H35,阳101H35-1 | 第18段,涨幅微弱型,051aab523cbdd7,阳101H35,4,涨幅微弱型,0.5455607476635514,0.08995327102803738,0.1939252336448598,0.12967289719626168,0.04088785046728972,渐进上升型,0.15420517564689265,0.17710823371310447,0.3975913880023923,0.2140093386615984,0.057085863976012015,渐进上升型,0.012598112535612533,0.208484442669953,0.3824112716080325,0.35090833345330097,0.04559783973310146,渐进上升型,0.09542755037546158,0.13500696420669556,0.4364202320575714,0.28516945242881775,0.04797578975558281,渐进上升型,0.09542755037546158,0.13500696420669556,0.4364202320575714,0.28516945242881775,0.04797578975558281
阳101H35-1—第18段—阳101H35-4,阳101H35,阳101H35-1 | 第18段,涨幅微弱型,e2de8369f1492d,阳101H35,4,涨幅微弱型,0.5455607476635514,0.08995327102803738,0.1939252336448598,0.12967289719626168,0.04088785046728972,渐进上升型,0.15568575201408624,0.1766064408660902,0.396461445872839,0.21401166568176558,0.05723469556521891,渐进上升型,0.012598112535612533,0.2084497204477308,0.38177469753395843,0.35267916678663425,0.044498302696064425,渐进上升型,0.09717639535665512,0.13601358234882355,0.43182572722435,0.2872956693172455,0.047688644379377365,渐进上升型,0.09717639535665512,0.13601358234882355,0.43182572722435,0.2872956693172455,0.047688644379377365
阳101H35-1—第19段—阳101H35-2,阳101H35,阳101H35-1 | 第19段,渐进上升型,2b77a48dd941ff,阳101H35,4,涨幅微弱型,0.5455607476635514,0.08995327102803738,0.1939252336448598,0.12967289719626168,0.04088785046728972,渐进上升型,0.1474264622579258,0.1475510269233661,0.41574002301170604,0.24875731948547677,0.04052516832152526,渐进上升型,0.03080739861989862,0.24359243892573998,0.3417751231667557,0.341136318487472,0.042688720800133854,渐进上升型,0.10781337320804596,0.15550126135349274,0.39065203070640564,0.31520944833755493,0.030823899433016777,渐进上升型,0.10781337320804596,0.15550126135349274,0.39065203070640564,0.31520944833755493,0.030823899433016777
阳101H35-1—第19段—阳101H35-3,阳101H35,阳101H35-1 | 第19段,渐进上升型,dec9db98e40123,阳101H35,4,涨幅微弱型,0.5455607476635514,0.08995327102803738,0.1939252336448598,0.12967289719626168,0.04088785046728972,涨幅微弱型,0.31890250024504563,0.1058605115276096,0.29804075484555614,0.22999557668600465,0.04720065669578411,稳定缓升型,0.02515570350129173,0.2559990105646485,0.3170404986796935,0.35720362789197774,0.044601159362388586,稳定缓升型,0.1308344155550003,0.15691907703876495,0.2886626720428467,0.38078346848487854,0.042800359427928925,稳定缓升型,0.1308344155550003,0.15691907703876495,0.2886626720428467,0.38078346848487854,0.042800359427928925
阳101H35-1—第20段—阳101H35-2,阳101H35,阳101H35-1 | 第20段,渐进上升型,3d8a43f8864b02,阳101H35,4,涨幅微弱型,0.5455607476635514,0.08995327102803738,0.1939252336448598,0.12967289719626168,0.04088785046728972,渐进上升型,0.1316055491640235,0.14593254889794857,0.4314036477265282,0.24684612540241632,0.0442121288090834,渐进上升型,0.027079627734869664,0.24586731392950495,0.34235621960826484,0.33662017490882845,0.048076663818532275,渐进上升型,0.10806985199451447,0.15349222719669342,0.39158135652542114,0.31595930457115173,0.030897226184606552,渐进上升型,0.10806985199451447,0.15349222719669342,0.39158135652542114,0.31595930457115173,0.030897226184606552
阳101H35-1—第20段—阳101H35-3,阳101H35,阳101H35-1 | 第20段,渐进上升型,fb0d77028fe1fc,阳101H35,4,涨幅微弱型,0.5455607476635514,0.08995327102803738,0.1939252336448598,0.12967289719626168,0.04088785046728972,渐进上升型,0.268386462370891,0.11191106260431345,0.33060177080549785,0.23701067628735478,0.05209002793194286,稳定缓升型,0.02575094159652983,0.24496771547085344,0.3250789185931135,0.36122163534748514,0.04298078899201821,稳定缓升型,0.13067951798439026,0.1543411761522293,0.2883208692073822,0.3856643736362457,0.040994055569171906,稳定缓升型,0.13067951798439026,0.1543411761522293,0.2883208692073822,0.3856643736362457,0.040994055569171906
阳101H35-1—第21段—阳101H35-2,阳101H35,阳101H35-1 | 第21段,稳定缓升型,1af2b383c4f9c7,阳101H35,4,涨幅微弱型,0.5455607476635514,0.08995327102803738,0.1939252336448598,0.12967289719626168,0.04088785046728972,渐进上升型,0.09949349667368401,0.17532252615459257,0.44035173805982936,0.23982831923892664,0.04500391987296733,渐进上升型,0.029122977903219834,0.2448383636450399,0.36927151904194655,0.31091269781348374,0.04585444159631005,渐进上升型,0.0884743183851242,0.1350671797990799,0.521131694316864,0.23003196716308594,0.025294851511716843,渐进上升型,0.0884743183851242,0.1350671797990799,0.521131694316864,0.23003196716308594,0.025294851511716843
阳101H35-1—第21段—阳101H35-4,阳101H35,阳101H35-1 | 第21段,涨幅微弱型,3790e075859faa,阳101H35,4,涨幅微弱型,0.5455607476635514,0.08995327102803738,0.1939252336448598,0.12967289719626168,0.04088785046728972,渐进上升型,0.2345588009597749,0.13425054530209693,0.3369253693444477,0.2378040724897629,0.0564612119039175,渐进上升型,0.024021970336308564,0.23976133382145712,0.34713034347542066,0.3409220802593272,0.04816427210748662,渐进上升型,0.11745543032884598,0.13719119131565094,0.3959123492240906,0.31193476915359497,0.03750629723072052,渐进上升型,0.11745543032884598,0.13719119131565094,0.3959123492240906,0.31193476915359497,0.03750629723072052
阳101H35-1—第22段—阳101H35-3,阳101H35,阳101H35-1 | 第22段,涨幅微弱型,44c57297836ba5;bcabe9f14e762a,阳101H35,4,涨幅微弱型,0.5455607476635514,0.08995327102803738,0.1939252336448598,0.12967289719626168,0.04088785046728972,渐进上升型,0.1906388066286898,0.12111927785252817,0.3924408957812544,0.2490709131881251,0.04673010654940261,稳定缓升型,0.026294668702756933,0.23637975250789045,0.3309689901909057,0.36705227019466413,0.03930431840378292,渐进上升型,0.08527027070522308,0.11255660653114319,0.49436336755752563,0.2770480513572693,0.030761700123548508,渐进上升型,0.08527027070522308,0.11255660653114319,0.49436336755752563,0.2770480513572693,0.030761700123548508
阳101H35-1—第23段—阳101H35-2,阳101H35,阳101H35-1 | 第23段,渐进上升型,1e0ad9f114cc03;94c3e96fc9967c,阳101H35,4,涨幅微弱型,0.5455607476635514,0.08995327102803738,0.1939252336448598,0.12967289719626168,0.04088785046728972,渐进上升型,0.06072845617957317,0.22434331893482254,0.4769231991782304,0.20610236989171277,0.03190265581566111,渐进上升型,0.012540694445936381,0.22853826951157724,0.42969429703876055,0.3027010386149823,0.026525700388743866,渐进上升型,0.06956801563501358,0.18533873558044434,0.532060444355011,0.18594595789909363,0.027086874470114708,渐进上升型,0.06956801563501358,0.18533873558044434,0.532060444355011,0.18594595789909363,0.027086874470114708
阳101H35-1—第23段—阳101H35-3,阳101H35,阳101H35-1 | 第23段,渐进上升型,4065ac9744f0f2;7a829fb38e3b13,阳101H35,4,涨幅微弱型,0.5455607476635514,0.08995327102803738,0.1939252336448598,0.12967289719626168,0.04088785046728972,渐进上升型,0.07804576841749808,0.21598454807762776,0.45906009358413996,0.21204264923102875,0.03486694068970542,渐进上升型,0.007896316646316645,0.19943015628439725,0.44191158687798787,0.3216439489407546,0.029117991250543995,渐进上升型,0.052073974162340164,0.08626769483089447,0.6612232327461243,0.17303621768951416,0.027398839592933655,渐进上升型,0.052073974162340164,0.08626769483089447,0.6612232327461243,0.17303621768951416,0.027398839592933655
阳101H35-1—第23段—阳101H35-4,阳101H35,阳101H35-1 | 第23段,涨幅微弱型,7bc37b23a20544;a3c8797f8a85ed,阳101H35,4,涨幅微弱型,0.5455607476635514,0.08995327102803738,0.1939252336448598,0.12967289719626168,0.04088785046728972,渐进上升型,0.1547921134932054,0.18590510273281458,0.3948958413226052,0.22111064282362689,0.04329629962774787,渐进上升型,0.00698056573056573,0.20384694320118416,0.42909270097086666,0.3349507694350752,0.025129020662308703,渐进上升型,0.09373819828033447,0.12474393099546432,0.49400046467781067,0.24675291776657104,0.04076450318098068,渐进上升型,0.09373819828033447,0.12474393099546432,0.49400046467781067,0.24675291776657104,0.04076450318098068
阳101H35-2—第1段—阳101H35-3,阳101H35,阳101H35-2 | 第1段,涨幅微弱型,f5fc36263e779e,阳101H35,4,涨幅微弱型,0.5455607476635514,0.08995327102803738,0.1939252336448598,0.12967289719626168,0.04088785046728972,渐进上升型,0.2192719052312528,0.11911967584586186,0.336967006464456,0.2738897886955512,0.05075162376287822,稳定缓升型,0.11331905693629082,0.18830078677681267,0.2777603611829268,0.29073599340161155,0.12988380170235828,渐进上升型,0.2891956567764282,0.13692046701908112,0.3387325704097748,0.15561185777187347,0.07953941822052002,渐进上升型,0.2891956567764282,0.13692046701908112,0.3387325704097748,0.15561185777187347,0.07953941822052002
阳101H35-2—第1段—阳101H35-4,阳101H35,阳101H35-2 | 第1段,涨幅微弱型,47e88900427264,阳101H35,4,涨幅微弱型,0.5455607476635514,0.08995327102803738,0.1939252336448598,0.12967289719626168,0.04088785046728972,涨幅微弱型,0.4287521003083691,0.0762212154020053,0.21544563317599005,0.22654906583764703,0.05303198527598864,稳定缓升型,0.21264730078494884,0.11830354092955754,0.21357489682728875,0.30243375159447766,0.15304050986372722,涨幅微弱型,0.427245169878006,0.1161109209060669,0.20267409086227417,0.1592903584241867,0.09467941522598267,涨幅微弱型,0.427245169878006,0.1161109209060669,0.20267409086227417,0.1592903584241867,0.09467941522598267
阳101H35-2—第2段—阳101H35-1,阳101H35,阳101H35-2 | 第2段,渐进上升型,1db09770aa7875,阳101H35,4,涨幅微弱型,0.5455607476635514,0.08995327102803738,0.1939252336448598,0.12967289719626168,0.04088785046728972,渐进上升型,0.05252799088166086,0.16430294137936635,0.4478972029019606,0.2648706072577009,0.07040125757931137,渐进上升型,0.027584708195699567,0.15673973895155224,0.3624141730639592,0.33079128490954623,0.12247009487924293,渐进上升型,0.08128343522548676,0.21798722445964813,0.4218553900718689,0.21062824130058289,0.06824573129415512,渐进上升型,0.08128343522548676,0.21798722445964813,0.4218553900718689,0.21062824130058289,0.06824573129415512
阳101H35-2—第2段—阳101H35-3,阳101H35,阳101H35-2 | 第2段,渐进上升型,d27a2816ff82d8,阳101H35,4,涨幅微弱型,0.5455607476635514,0.08995327102803738,0.1939252336448598,0.12967289719626168,0.04088785046728972,渐进上升型,0.05237810876298244,0.16438187301363924,0.4481134286455563,0.2647946529617512,0.07033193661607086,渐进上升型,0.027584708195699567,0.15673973895155224,0.3624141730639592,0.33079128490954623,0.12247009487924293,渐进上升型,0.08128343522548676,0.21798722445964813,0.4218553900718689,0.21062824130058289,0.06824573129415512,渐进上升型,0.08128343522548676,0.21798722445964813,0.4218553900718689,0.21062824130058289,0.06824573129415512
阳101H35-2—第2段—阳101H35-4,阳101H35,阳101H35-2 | 第2段,涨幅微弱型,b2c6605812d554,阳101H35,4,涨幅微弱型,0.5455607476635514,0.08995327102803738,0.1939252336448598,0.12967289719626168,0.04088785046728972,渐进上升型,0.13014204288606493,0.1337317074942974,0.3642726330219639,0.27843752721732423,0.0934160893803496,稳定缓升型,0.029796557419535095,0.18044675674271266,0.3264223125619719,0.36934687785974224,0.0939874954160384,渐进上升型,0.10852984338998795,0.16865195333957672,0.3575268089771271,0.2693873941898346,0.09590400755405426,渐进上升型,0.10852984338998795,0.16865195333957672,0.3575268089771271,0.2693873941898346,0.09590400755405426
阳101H35-2—第3段—阳101H35-4,阳101H35,阳101H35-2 | 第3段,涨幅微弱型,4bdf87159a63cb,阳101H35,4,涨幅微弱型,0.5455607476635514,0.08995327102803738,0.1939252336448598,0.12967289719626168,0.04088785046728972,稳定缓升型,0.0993888294237621,0.07660066819356237,0.307882370475311,0.41356283139581523,0.10256530051154936,稳定缓升型,0.14032069445689307,0.16993160196285195,0.23463900650041497,0.3337600290032112,0.12134866807662893,涨幅微弱型,0.3671287000179291,0.11395783722400665,0.24509011209011078,0.18039311468601227,0.09343021363019943,涨幅微弱型,0.3671287000179291,0.11395783722400665,0.24509011209011078,0.18039311468601227,0.09343021363019943
阳101H35-2—第4段—阳101H35-4,阳101H35,阳101H35-2 | 第4段,涨幅微弱型,34ef30eacb9f7c,阳101H35,4,涨幅微弱型,0.5455607476635514,0.08995327102803738,0.1939252336448598,0.12967289719626168,0.04088785046728972,渐进上升型,0.03133156482031704,0.14884841085542222,0.3743262555924878,0.32140447982598913,0.12408928890578368,稳定缓升型,0.033057999680977355,0.1535548628143442,0.30177192952523973,0.38534675185377065,0.12626845612566823,渐进上升型,0.10162006318569183,0.15470601618289948,0.3784896433353424,0.24726074934005737,0.1179235503077507,渐进上升型,0.10162006318569183,0.15470601618289948,0.3784896433353424,0.24726074934005737,0.1179235503077507
阳101H35-2—第5段—阳101H35-4,阳101H35,阳101H35-2 | 第5段,涨幅微弱型,8e51d5cb87a21e,阳101H35,4,涨幅微弱型,0.5455607476635514,0.08995327102803738,0.1939252336448598,0.12967289719626168,0.04088785046728972,稳定缓升型,0.08070038038490893,0.10359567266607325,0.29700642735041044,0.400636590947738,0.11806092865086928,稳定缓升型,0.10107847398393631,0.1689531689715513,0.22555809633614932,0.3950135097088943,0.10939675099946879,涨幅微弱型,0.36350440979003906,0.11542053520679474,0.23779720067977905,0.20840850472450256,0.07486936450004578,涨幅微弱型,0.36350440979003906,0.11542053520679474,0.23779720067977905,0.20840850472450256,0.07486936450004578
阳101H35-2—第6段—阳101H35-4,阳101H35,阳101H35-2 | 第6段,涨幅微弱型,7e03d41670dddb,阳101H35,4,涨幅微弱型,0.5455607476635514,0.08995327102803738,0.1939252336448598,0.12967289719626168,0.04088785046728972,稳定缓升型,0.07741901477488174,0.12636349494617538,0.29118235856095437,0.36486055028286446,0.1401745814351241,稳定缓升型,0.11040706379339281,0.17348200742421588,0.24148920989541597,0.3661520308290379,0.10846968805793729,稳定缓升型,0.15731017291545868,0.16432443261146545,0.2603119909763336,0.3007422685623169,0.11731116473674774,稳定缓升型,0.15731017291545868,0.16432443261146545,0.2603119909763336,0.3007422685623169,0.11731116473674774
阳101H35-2—第7段—阳101H35-4,阳101H35,阳101H35-2 | 第7段,涨幅微弱型,39e8aae61ee6d9,阳101H35,4,涨幅微弱型,0.5455607476635514,0.08995327102803738,0.1939252336448598,0.12967289719626168,0.04088785046728972,稳定缓升型,0.28026707558334174,0.07296732616636009,0.26698206564907245,0.3052794399703397,0.07450409263088595,稳定缓升型,0.1235082609073272,0.18654784043570802,0.23533933082206282,0.31889043184222765,0.1357141359926745,涨幅微弱型,0.37925782799720764,0.12329062819480896,0.24810276925563812,0.15398159623146057,0.09536720812320709,涨幅微弱型,0.37925782799720764,0.12329062819480896,0.24810276925563812,0.15398159623146057,0.09536720812320709
阳101H35-2—第8段—阳101H35-4,阳101H35,阳101H35-2 | 第8段,涨幅微弱型,1deffb31abc528,阳101H35,4,涨幅微弱型,0.5455607476635514,0.08995327102803738,0.1939252336448598,0.12967289719626168,0.04088785046728972,渐进上升型,0.11181561837161949,0.0966818682501201,0.3800867387137932,0.3490209029094922,0.06239487175497506,稳定缓升型,0.012980748146189325,0.18933358219643387,0.35675548894898335,0.4077674865806262,0.03316269412776766,稳定缓升型,0.09467393904924393,0.15095001459121704,0.3289276361465454,0.3651869297027588,0.06026153266429901,稳定缓升型,0.09467393904924393,0.15095001459121704,0.3289276361465454,0.3651869297027588,0.06026153266429901
阳101H35-2—第9段—阳101H35-4,阳101H35,阳101H35-2 | 第9段,涨幅微弱型,596d396715e818,阳101H35,4,涨幅微弱型,0.5455607476635514,0.08995327102803738,0.1939252336448598,0.12967289719626168,0.04088785046728972,稳定缓升型,0.02724245036111638,0.11508109062064731,0.37260022984056257,0.4162290617389583,0.06884716743871545,稳定缓升型,0.017140524236112467,0.16139153566176603,0.3645223575808882,0.3744210206442465,0.08252456187698705,渐进上升型,0.08761099725961685,0.13155727088451385,0.4337104558944702,0.27334481477737427,0.07377646118402481,渐进上升型,0.08761099725961685,0.13155727088451385,0.4337104558944702,0.27334481477737427,0.07377646118402481
阳101H35-2—第10段—阳101H35-3,阳101H35,阳101H35-2 | 第10段,渐进上升型,34c00e3297b31e,阳101H35,4,涨幅微弱型,0.5455607476635514,0.08995327102803738,0.1939252336448598,0.12967289719626168,0.04088785046728972,渐进上升型,0.0109694072986177,0.16586207799543076,0.4049755547935831,0.3601009526625493,0.058092007249819076,渐进上升型,0.018670456721927308,0.16553521460187184,0.3911669126986368,0.35618709553045874,0.06844032044710564,渐进上升型,0.0650867372751236,0.1905883550643921,0.4807611405849457,0.21199770271778107,0.05156601592898369,渐进上升型,0.0650867372751236,0.1905883550643921,0.4807611405849457,0.21199770271778107,0.05156601592898369
阳101H35-2—第10段—阳101H35-4,阳101H35,阳101H35-2 | 第10段,涨幅微弱型,8d42fb95f25996,阳101H35,4,涨幅微弱型,0.5455607476635514,0.08995327102803738,0.1939252336448598,0.12967289719626168,0.04088785046728972,稳定缓升型,0.02862666470653727,0.1425917275390536,0.34788525764788725,0.39957771095162553,0.08131863915489619,渐进上升型,0.015999651220239455,0.15500811584084623,0.37408489938849576,0.3709069031827606,0.08400043036765818,渐进上升型,0.08822134882211685,0.12550725042819977,0.4367319345474243,0.27524909377098083,0.074290432035923,渐进上升型,0.08822134882211685,0.12550725042819977,0.4367319345474243,0.27524909377098083,0.074290432035923
阳101H35-2—第11段—阳101H35-4,阳101H35,阳101H35-2 | 第11段,涨幅微弱型,836f5d445d1e6a,阳101H35,4,涨幅微弱型,0.5455607476635514,0.08995327102803738,0.1939252336448598,0.12967289719626168,0.04088785046728972,稳定缓升型,0.13877323368920103,0.10769536945007051,0.34493318481645546,0.3476678202539734,0.06093039179029968,稳定缓升型,0.019360167338108514,0.1877072990750527,0.34571584039401615,0.4094029749348646,0.03781371825795845,稳定缓升型,0.10860757529735565,0.12999911606311798,0.32381707429885864,0.37559691071510315,0.06197934225201607,稳定缓升型,0.10860757529735565,0.12999911606311798,0.32381707429885864,0.37559691071510315,0.06197934225201607
阳101H35-2—第12段—阳101H35-1,阳101H35,阳101H35-2 | 第12段,渐进上升型,242b4ffcb2f427,阳101H35,4,涨幅微弱型,0.5455607476635514,0.08995327102803738,0.1939252336448598,0.12967289719626168,0.04088785046728972,渐进上升型,0.27154444414534745,0.08870079169208836,0.3215226648030428,0.2643318215564749,0.05390027780304652,渐进上升型,0.13437138664712187,0.2199264381945261,0.27357171070776126,0.24656822434780973,0.12556224010278108,渐进上升型,0.2950005829334259,0.14888913929462433,0.37403878569602966,0.14000283181667328,0.04206869751214981,渐进上升型,0.2950005829334259,0.14888913929462433,0.37403878569602966,0.14000283181667328,0.04206869751214981
阳101H35-2—第12段—阳101H35-3,阳101H35,阳101H35-2 | 第12段,渐进上升型,c968204e49f3e4,阳101H35,4,涨幅微弱型,0.5455607476635514,0.08995327102803738,0.1939252336448598,0.12967289719626168,0.04088785046728972,渐进上升型,0.2716224313308796,0.088686726654988,0.32147158082040905,0.2643169825719364,0.05390227862178687,渐进上升型,0.13437138664712187,0.2199264381945261,0.27357171070776126,0.24656822434780973,0.12556224010278108,渐进上升型,0.2950005829334259,0.14888913929462433,0.37403878569602966,0.14000283181667328,0.04206869751214981,渐进上升型,0.2950005829334259,0.14888913929462433,0.37403878569602966,0.14000283181667328,0.04206869751214981
阳101H35-2—第13段—阳101H35-1,阳101H35,阳101H35-2 | 第13段,渐进上升型,ab93756f32db97,阳101H35,4,涨幅微弱型,0.5455607476635514,0.08995327102803738,0.1939252336448598,0.12967289719626168,0.04088785046728972,渐进上升型,0.22746608103413402,0.07843937628669269,0.37645880642959745,0.27243944837011297,0.045196287879462886,渐进上升型,0.1412411241695928,0.22424401610065903,0.28085397795212796,0.24334300823290458,0.11031787354471569,渐进上升型,0.3347509801387787,0.12784844636917114,0.34702566266059875,0.15780854225158691,0.03256634995341301,渐进上升型,0.3347509801387787,0.12784844636917114,0.34702566266059875,0.15780854225158691,0.03256634995341301
阳101H35-2—第13段—阳101H35-3,阳101H35,阳101H35-2 | 第13段,渐进上升型,edad87182fdb48,阳101H35,4,涨幅微弱型,0.5455607476635514,0.08995327102803738,0.1939252336448598,0.12967289719626168,0.04088785046728972,渐进上升型,0.22477012777482638,0.07885738064679748,0.37846955966266793,0.2728083719560087,0.045094559959699514,渐进上升型,0.1400020643164025,0.22639765624662653,0.27799254997434847,0.2392605648054955,0.11634716465712701,渐进上升型,0.3345186710357666,0.12775970995426178,0.3467848002910614,0.15769903361797333,0.033237800002098083,渐进上升型,0.3345186710357666,0.12775970995426178,0.3467848002910614,0.15769903361797333,0.033237800002098083
阳101H35-2—第13段—阳101H35-4,阳101H35,阳101H35-2 | 第13段,稳定缓升型,813fd4f7ffee35,阳101H35,4,涨幅微弱型,0.5455607476635514,0.08995327102803738,0.1939252336448598,0.12967289719626168,0.04088785046728972,涨幅微弱型,0.43845518725809934,0.05010051676114658,0.2402632309119334,0.22429732946158212,0.04688373560723863,稳定缓升型,0.21577267456023622,0.21040143889808208,0.22967550069148954,0.23482926680424795,0.10932111904594426,涨幅微弱型,0.5166821479797363,0.0759475901722908,0.19514591991901398,0.1702333688735962,0.04199095815420151,涨幅微弱型,0.5166821479797363,0.0759475901722908,0.19514591991901398,0.1702333688735962,0.04199095815420151
阳101H35-2—第14段—阳101H35-1,阳101H35,阳101H35-2 | 第14段,渐进上升型,943de7b45abb8a,阳101H35,4,涨幅微弱型,0.5455607476635514,0.08995327102803738,0.1939252336448598,0.12967289719626168,0.04088785046728972,渐进上升型,0.1456328463035602,0.10124103586026031,0.40317418371412317,0.2994789865023694,0.05047294761968674,渐进上升型,0.09690262701859569,0.1639039337293266,0.29659017758003164,0.2923545094808987,0.15024875219114742,渐进上升型,0.29126250743865967,0.13135582208633423,0.3615099787712097,0.15683935582637787,0.05903235822916031,渐进上升型,0.29126250743865967,0.13135582208633423,0.3615099787712097,0.15683935582637787,0.05903235822916031
阳101H35-2—第14段—阳101H35-4,阳101H35,阳101H35-2 | 第14段,涨幅微弱型,e063c4e5df4359,阳101H35,4,涨幅微弱型,0.5455607476635514,0.08995327102803738,0.1939252336448598,0.12967289719626168,0.04088785046728972,涨幅微弱型,0.3118543171531894,0.07164364917283596,0.2850852753304924,0.2733396216424112,0.058077136701071064,稳定缓升型,0.13141101092055543,0.16900030768996557,0.22556882226879454,0.3214143994861675,0.15260545963451688,涨幅微弱型,0.44552797079086304,0.07844123244285583,0.2319716364145279,0.16767099499702454,0.07638821750879288,涨幅微弱型,0.44552797079086304,0.07844123244285583,0.2319716364145279,0.16767099499702454,0.07638821750879288
阳101H35-2—第15段—阳101H35-1,阳101H35,阳101H35-2 | 第15段,渐进上升型,022010542f8270,阳101H35,4,涨幅微弱型,0.5455607476635514,0.08995327102803738,0.1939252336448598,0.12967289719626168,0.04088785046728972,渐进上升型,0.16240099519680387,0.08306615897316781,0.39899060051918506,0.3104810367232187,0.045061208587624614,渐进上升型,0.12117844379441246,0.19201578137242423,0.2921185211099904,0.2687081301965551,0.12597912352661786,渐进上升型,0.3194333612918854,0.12989814579486847,0.3652552664279938,0.15285103023052216,0.03256218135356903,渐进上升型,0.3194333612918854,0.12989814579486847,0.3652552664279938,0.15285103023052216,0.03256218135356903
阳101H35-2—第15段—阳101H35-3,阳101H35,阳101H35-2 | 第15段,渐进上升型,2a280380e90abd,阳101H35,4,涨幅微弱型,0.5455607476635514,0.08995327102803738,0.1939252336448598,0.12967289719626168,0.04088785046728972,渐进上升型,0.16140344706738452,0.08323945463745573,0.3998253137653531,0.31053974162576253,0.04499204290404416,渐进上升型,0.1196351048869431,0.19624433734330757,0.2917013034053687,0.2669770512915631,0.12544220307281762,渐进上升型,0.3194333612918854,0.12989814579486847,0.3652552664279938,0.15285103023052216,0.03256218135356903,渐进上升型,0.3194333612918854,0.12989814579486847,0.3652552664279938,0.15285103023052216,0.03256218135356903
阳101H35-2—第15段—阳101H35-4,阳101H35,阳101H35-2 | 第15段,涨幅微弱型,39fe9fa7599220,阳101H35,4,涨幅微弱型,0.5455607476635514,0.08995327102803738,0.1939252336448598,0.12967289719626168,0.04088785046728972,涨幅微弱型,0.34068698330891095,0.05727943402943603,0.27491381849545155,0.2764764816512137,0.05064328251498797,稳定缓升型,0.18180654131608576,0.1784960839044918,0.23408450770879258,0.2944608071906635,0.11115205987996625,涨幅微弱型,0.48632746934890747,0.07720693945884705,0.23327556252479553,0.162640780210495,0.040549226105213165,涨幅微弱型,0.48632746934890747,0.07720693945884705,0.23327556252479553,0.162640780210495,0.040549226105213165
阳101H35-2—第16段—阳101H35-1,阳101H35,阳101H35-2 | 第16段,稳定缓升型,697f58d8932686,阳101H35,4,涨幅微弱型,0.5455607476635514,0.08995327102803738,0.1939252336448598,0.12967289719626168,0.04088785046728972,渐进上升型,0.16885365097104899,0.09755352968247875,0.38036849736598455,0.30216473734660126,0.05105958463388635,渐进上升型,0.1251842255943119,0.19647104424680475,0.2899605470034869,0.2650092262954453,0.12337495685995119,渐进上升型,0.32977229356765747,0.13827385008335114,0.36535146832466125,0.13391545414924622,0.03268690034747124,渐进上升型,0.32977229356765747,0.13827385008335114,0.36535146832466125,0.13391545414924622,0.03268690034747124
阳101H35-2—第16段—阳101H35-3,阳101H35,阳101H35-2 | 第16段,稳定缓升型,1fd33fa9e2369d,阳101H35,4,涨幅微弱型,0.5455607476635514,0.08995327102803738,0.1939252336448598,0.12967289719626168,0.04088785046728972,渐进上升型,0.1679987911408078,0.09772766511981121,0.3810493072203505,0.30222731470995895,0.050996921809071546,渐进上升型,0.12364088668684256,0.20069960021768807,0.2895433292988651,0.2632781473904534,0.12283803640615094,渐进上升型,0.32977229356765747,0.13827385008335114,0.36535146832466125,0.13391545414924622,0.03268690034747124,渐进上升型,0.32977229356765747,0.13827385008335114,0.36535146832466125,0.13391545414924622,0.03268690034747124
阳101H35-2—第16段—阳101H35-4,阳101H35,阳101H35-2 | 第16段,涨幅微弱型,7628a9bd07546a,阳101H35,4,涨幅微弱型,0.5455607476635514,0.08995327102803738,0.1939252336448598,0.12967289719626168,0.04088785046728972,涨幅微弱型,0.35116562621302894,0.06653356952704594,0.25921550799810655,0.26627021826885633,0.056815077992962204,稳定缓升型,0.18281117393836546,0.1906923037385793,0.22036285524633134,0.2928982738634243,0.11323539321329959,涨幅微弱型,0.50167316198349,0.08212050795555115,0.23315344750881195,0.14238034188747406,0.040672510862350464,涨幅微弱型,0.50167316198349,0.08212050795555115,0.23315344750881195,0.14238034188747406,0.040672510862350464
阳101H35-2—第19段—阳101H35-1,阳101H35,阳101H35-2 | 第19段,涨幅微弱型,d2c33463429ac1,阳101H35,4,涨幅微弱型,0.5455607476635514,0.08995327102803738,0.1939252336448598,0.12967289719626168,0.04088785046728972,渐进上升型,0.034625295189348405,0.2029308743179838,0.4401536174129348,0.24573256698214332,0.07655764609758975,渐进上升型,0.027230884569027006,0.34726084379765904,0.35426757889809013,0.17266130468862956,0.09857938804659411,渐进上升型,0.20589017868041992,0.22409792244434357,0.3932090997695923,0.1209922805428505,0.055810555815696716,渐进上升型,0.20589017868041992,0.22409792244434357,0.3932090997695923,0.1209922805428505,0.055810555815696716
阳101H35-2—第20段—阳101H35-1,阳101H35,阳101H35-2 | 第20段,涨幅微弱型,c9b24f83c13a85,阳101H35,4,涨幅微弱型,0.5455607476635514,0.08995327102803738,0.1939252336448598,0.12967289719626168,0.04088785046728972,渐进上升型,0.15530312406411334,0.15486411858560778,0.3782557437555335,0.2468948094394345,0.06468220415531095,渐进上升型,0.022890717972441924,0.3231068815844499,0.3424554685269007,0.18169237409333977,0.12985455782286792,渐进上升型,0.2351377308368683,0.21772442758083344,0.3670453131198883,0.13333407044410706,0.046758439391851425,渐进上升型,0.2351377308368683,0.21772442758083344,0.3670453131198883,0.13333407044410706,0.046758439391851425
阳101H35-2—第21段—阳101H35-1,阳101H35,阳101H35-2 | 第21段,涨幅微弱型,079770d1cc3140,阳101H35,4,涨幅微弱型,0.5455607476635514,0.08995327102803738,0.1939252336448598,0.12967289719626168,0.04088785046728972,涨幅微弱型,0.4814995444972022,0.06562215561500004,0.22351011564975995,0.1660116965678494,0.06335648767018832,快速稳定型,0.20639975962829069,0.2524860701807968,0.2343480206108681,0.12669961062126686,0.1800665389587778,涨幅微弱型,0.5723487138748169,0.09610199183225632,0.23684465885162354,0.06432811170816422,0.030376533046364784,涨幅微弱型,0.5723487138748169,0.09610199183225632,0.23684465885162354,0.06432811170816422,0.030376533046364784
阳101H35-3—第1段—阳101H35-4,阳101H35,阳101H35-3 | 第1段,涨幅微弱型,a5656924d0128d,阳101H35,4,涨幅微弱型,0.5455607476635514,0.08995327102803738,0.1939252336448598,0.12967289719626168,0.04088785046728972,涨幅微弱型,0.426574653357856,0.07419585901453916,0.21947717284354765,0.24293371737888086,0.03681859740517634,稳定缓升型,0.22893481347332445,0.09823496306134731,0.23147964009593278,0.3051502886099432,0.13620029475945242,涨幅微弱型,0.3853594660758972,0.09688516706228256,0.2285679280757904,0.21192629635334015,0.07726109772920609,涨幅微弱型,0.3853594660758972,0.09688516706228256,0.2285679280757904,0.21192629635334015,0.07726109772920609
阳101H35-3—第2段—阳101H35-4,阳101H35,阳101H35-3 | 第2段,涨幅微弱型,b31d65b8846a50,阳101H35,4,涨幅微弱型,0.5455607476635514,0.08995327102803738,0.1939252336448598,0.12967289719626168,0.04088785046728972,涨幅微弱型,0.2971877355058867,0.08510053842235711,0.2614285477166467,0.2944524175850477,0.061830760770061895,稳定缓升型,0.23647982258986922,0.13258173387523872,0.20156717470654353,0.3225476029932953,0.10682366583505343,涨幅微弱型,0.4092869162559509,0.10294060409069061,0.23750995099544525,0.20190396904945374,0.04835853725671768,涨幅微弱型,0.4092869162559509,0.10294060409069061,0.23750995099544525,0.20190396904945374,0.04835853725671768
阳101H35-3—第3段—阳101H35-4,阳101H35,阳101H35-3 | 第3段,涨幅微弱型,bafcf6fab3148c,阳101H35,4,涨幅微弱型,0.5455607476635514,0.08995327102803738,0.1939252336448598,0.12967289719626168,0.04088785046728972,涨幅微弱型,0.30654492010307444,0.07441750327542475,0.2571890722753682,0.30247036315444864,0.05937814119168403,稳定缓升型,0.20119839473814805,0.15038560314050506,0.22443288977053438,0.3249518319339186,0.09903128041689402,涨幅微弱型,0.38189205527305603,0.10189752280712128,0.27062472701072693,0.19713379442691803,0.04845187067985535,涨幅微弱型,0.38189205527305603,0.10189752280712128,0.27062472701072693,0.19713379442691803,0.04845187067985535
阳101H35-3—第4段—阳101H35-2,阳101H35,阳101H35-3 | 第4段,涨幅微弱型,53af162a9a9cfc,阳101H35,4,涨幅微弱型,0.5455607476635514,0.08995327102803738,0.1939252336448598,0.12967289719626168,0.04088785046728972,渐进上升型,0.1408251490996467,0.10451863207688086,0.36964397099066076,0.33398868201880194,0.05102356581400975,稳定缓升型,0.11572046063957825,0.2163618313462183,0.2652289898619767,0.31117494694166475,0.09151377121056219,渐进上升型,0.2680412232875824,0.11163937300443649,0.3971065282821655,0.1849992871284485,0.0382135808467865,渐进上升型,0.2680412232875824,0.11163937300443649,0.3971065282821655,0.1849992871284485,0.0382135808467865
阳101H35-3—第4段—阳101H35-4,阳101H35,阳101H35-3 | 第4段,涨幅微弱型,00c2925a3ba81f,阳101H35,4,涨幅微弱型,0.5455607476635514,0.08995327102803738,0.1939252336448598,0.12967289719626168,0.04088785046728972,涨幅微弱型,0.3044106470678104,0.07344896156112363,0.2595562585101022,0.3038605445767588,0.05872358828420505,稳定缓升型,0.186299262008133,0.15433446677686868,0.22834806772983005,0.3276820673847423,0.10333613610042616,涨幅微弱型,0.38189205527305603,0.10189752280712128,0.27062472701072693,0.19713379442691803,0.04845187067985535,涨幅微弱型,0.38189205527305603,0.10189752280712128,0.27062472701072693,0.19713379442691803,0.04845187067985535
阳101H35-3—第5段—阳101H35-2,阳101H35,阳101H35-3 | 第5段,涨幅微弱型,2cd93a3f5b6b97,阳101H35,4,涨幅微弱型,0.5455607476635514,0.08995327102803738,0.1939252336448598,0.12967289719626168,0.04088785046728972,渐进上升型,0.1259110006504872,0.11425953816070913,0.38055256152854283,0.3263352929671267,0.0529416066931342,稳定缓升型,0.1135725391166567,0.22037663598602292,0.2568451514781383,0.31947220523892306,0.08973346818025915,渐进上升型,0.2680412232875824,0.11163937300443649,0.3971065282821655,0.1849992871284485,0.0382135808467865,渐进上升型,0.2680412232875824,0.11163937300443649,0.3971065282821655,0.1849992871284485,0.0382135808467865
阳101H35-3—第5段—阳101H35-4,阳101H35,阳101H35-3 | 第5段,涨幅微弱型,60593b9f290ad6,阳101H35,4,涨幅微弱型,0.5455607476635514,0.08995327102803738,0.1939252336448598,0.12967289719626168,0.04088785046728972,稳定缓升型,0.2780827135190353,0.0822037849743836,0.273571311950844,0.30381731878836876,0.06232487076736824,稳定缓升型,0.18558678004565105,0.15579280011020205,0.22086700712376942,0.333280912983588,0.1044724997367898,涨幅微弱型,0.38189205527305603,0.10189752280712128,0.27062472701072693,0.19713379442691803,0.04845187067985535,涨幅微弱型,0.38189205527305603,0.10189752280712128,0.27062472701072693,0.19713379442691803,0.04845187067985535
阳101H35-3—第6段—阳101H35-4,阳101H35,阳101H35-3 | 第6段,涨幅微弱型,d647bb076213a2,阳101H35,4,涨幅微弱型,0.5455607476635514,0.08995327102803738,0.1939252336448598,0.12967289719626168,0.04088785046728972,涨幅微弱型,0.3130460147169635,0.09518310909013493,0.2979855446633699,0.24776864750970473,0.046016684019826865,稳定缓升型,0.06582423657309561,0.22305533348731874,0.3044126472343051,0.31458724926152826,0.09212053344375261,渐进上升型,0.13571672141551971,0.1495784968137741,0.3330383896827698,0.30840516090393066,0.07326120138168335,渐进上升型,0.13571672141551971,0.1495784968137741,0.3330383896827698,0.30840516090393066,0.07326120138168335
阳101H35-3—第7段—阳101H35-4,阳101H35,阳101H35-3 | 第7段,涨幅微弱型,420d63789cadff,阳101H35,4,涨幅微弱型,0.5455607476635514,0.08995327102803738,0.1939252336448598,0.12967289719626168,0.04088785046728972,渐进上升型,0.09523423286602486,0.14373170031629667,0.41633532232071085,0.2730435054345078,0.07165523906245969,渐进上升型,0.032302870550848226,0.15106071658461365,0.3816972299784334,0.33920941354029266,0.09572976934581233,渐进上升型,0.09041083604097366,0.12878458201885223,0.41088348627090454,0.29549846053123474,0.07442266494035721,渐进上升型,0.09041083604097366,0.12878458201885223,0.41088348627090454,0.29549846053123474,0.07442266494035721
阳101H35-3—第8段—阳101H35-4,阳101H35,阳101H35-3 | 第8段,涨幅微弱型,09054c7af07930,阳101H35,4,涨幅微弱型,0.5455607476635514,0.08995327102803738,0.1939252336448598,0.12967289719626168,0.04088785046728972,稳定缓升型,0.24331527049007504,0.09317225126109793,0.2655389993502569,0.340061045259314,0.057912433639256175,稳定缓升型,0.19231440739519773,0.12755062149095114,0.21406773487681924,0.33324701810781465,0.1328202181292175,涨幅微弱型,0.41800203919410706,0.10962221026420593,0.21643581986427307,0.15951332449913025,0.09642656147480011,涨幅微弱型,0.41800203919410706,0.10962221026420593,0.21643581986427307,0.15951332449913025,0.09642656147480011
阳101H35-3—第9段—阳101H35-4,阳101H35,阳101H35-3 | 第9段,涨幅微弱型,43be489b98a6d5,阳101H35,4,涨幅微弱型,0.5455607476635514,0.08995327102803738,0.1939252336448598,0.12967289719626168,0.04088785046728972,稳定缓升型,0.2805378469549179,0.07332912524913841,0.2652393115559888,0.3286706782806256,0.05222303795932911,稳定缓升型,0.15245837352570038,0.19225909275909278,0.23746195946627072,0.3282011682634978,0.0896194059854384,涨幅微弱型,0.38149493932724,0.10083688050508499,0.28303614258766174,0.19186751544475555,0.04276452958583832,涨幅微弱型,0.38149493932724,0.10083688050508499,0.28303614258766174,0.19186751544475555,0.04276452958583832
阳101H35-3—第10段—阳101H35-2,阳101H35,阳101H35-3 | 第10段,快速稳定型,08be048e11b7cb,阳101H35,4,涨幅微弱型,0.5455607476635514,0.08995327102803738,0.1939252336448598,0.12967289719626168,0.04088785046728972,渐进上升型,0.12633487429664828,0.11229612597183748,0.38295158919263317,0.3275783622332748,0.05083904830560643,稳定缓升型,0.08186961778984776,0.18116487185658403,0.28744340084329095,0.31181200585795743,0.13771010365231978,渐进上升型,0.2381640374660492,0.10400475561618805,0.41301560401916504,0.18291091918945312,0.0619046650826931,渐进上升型,0.2381640374660492,0.10400475561618805,0.41301560401916504,0.18291091918945312,0.0619046650826931
阳101H35-3—第10段—阳101H35-4,阳101H35,阳101H35-3 | 第10段,涨幅微弱型,f63f81a970a38a,阳101H35,4,涨幅微弱型,0.5455607476635514,0.08995327102803738,0.1939252336448598,0.12967289719626168,0.04088785046728972,稳定缓升型,0.27709273479956215,0.08113572635564069,0.27647203420632815,0.30548899826824794,0.0598105063702211,稳定缓升型,0.1078851801098693,0.1708632179191951,0.24146366664358235,0.33891823783764646,0.14086969748970685,涨幅微弱型,0.3432534635066986,0.09960340708494186,0.2795739471912384,0.1971653401851654,0.08040381968021393,涨幅微弱型,0.3432534635066986,0.09960340708494186,0.2795739471912384,0.1971653401851654,0.08040381968021393
阳101H35-3—第11段—阳101H35-2,阳101H35,阳101H35-3 | 第11段,快速稳定型,96ad91d4da6065,阳101H35,4,涨幅微弱型,0.5455607476635514,0.08995327102803738,0.1939252336448598,0.12967289719626168,0.04088785046728972,渐进上升型,0.13492238244286475,0.10345809878145848,0.37898103302216335,0.3338953450148673,0.04874314073864624,稳定缓升型,0.0986208241649418,0.20662559728706759,0.29307279921620266,0.2997713216317893,0.10190945769999868,渐进上升型,0.2641845643520355,0.10508870333433151,0.4173201024532318,0.1802970916032791,0.03310954198241234,渐进上升型,0.2641845643520355,0.10508870333433151,0.4173201024532318,0.1802970916032791,0.03310954198241234
阳101H35-3—第13段—阳101H35-2,阳101H35,阳101H35-3 | 第13段,先降后升型,c708e7eaac0ee1,阳101H35,4,涨幅微弱型,0.5455607476635514,0.08995327102803738,0.1939252336448598,0.12967289719626168,0.04088785046728972,渐进上升型,0.13343256340067416,0.08800455362482813,0.3917818378726921,0.3436377607028318,0.04314328439897371,渐进上升型,0.09154357271269035,0.21002706578044783,0.30434993745106154,0.2918502860361213,0.102229138019679,渐进上升型,0.2529279887676239,0.10493676364421844,0.3995385766029358,0.20930160582065582,0.03329513594508171,渐进上升型,0.2529279887676239,0.10493676364421844,0.3995385766029358,0.20930160582065582,0.03329513594508171
阳101H35-3—第14段—阳101H35-2,阳101H35,阳101H35-3 | 第14段,快速稳定型,a49c78ab2c3592,阳101H35,4,涨幅微弱型,0.5455607476635514,0.08995327102803738,0.1939252336448598,0.12967289719626168,0.04088785046728972,渐进上升型,0.1197415832601613,0.08977870511564812,0.40893285787540395,0.3402385740212898,0.04130827972749675,渐进上升型,0.09260612127523891,0.2090477210511031,0.3013366081877322,0.29364404782988307,0.10336550165604264,渐进上升型,0.25352299213409424,0.10357826203107834,0.4086858034133911,0.20083944499492645,0.03337346389889717,渐进上升型,0.25352299213409424,0.10357826203107834,0.4086858034133911,0.20083944499492645,0.03337346389889717
阳101H35-3—第15段—阳101H35-2,阳101H35,阳101H35-3 | 第15段,渐进上升型,e899fd8031aefa,阳101H35,4,涨幅微弱型,0.5455607476635514,0.08995327102803738,0.1939252336448598,0.12967289719626168,0.04088785046728972,渐进上升型,0.1406942178147817,0.10666845779620344,0.36854678651351014,0.33580584822172543,0.04828468965377933,稳定缓升型,0.12228328790892727,0.2106041209193902,0.25878296250082783,0.3092946859989037,0.09903494267195104,渐进上升型,0.2639981508255005,0.10501454770565033,0.417025625705719,0.18016986548900604,0.03379179164767265,渐进上升型,0.2639981508255005,0.10501454770565033,0.417025625705719,0.18016986548900604,0.03379179164767265
阳101H35-3—第16段—阳101H35-2,阳101H35,阳101H35-3 | 第16段,渐进上升型,b8066d1c98dc3b,阳101H35,4,涨幅微弱型,0.5455607476635514,0.08995327102803738,0.1939252336448598,0.12967289719626168,0.04088785046728972,渐进上升型,0.033148175702060655,0.16998206850129188,0.46751420501882057,0.29147704172844907,0.03787850904937783,渐进上升型,0.013143795049036986,0.18137199044279215,0.39743760826567326,0.35568051151684554,0.05236609472565232,渐进上升型,0.06079064682126045,0.18204857409000397,0.41524815559387207,0.3064574897289276,0.03545519337058067,渐进上升型,0.06079064682126045,0.18204857409000397,0.41524815559387207,0.3064574897289276,0.03545519337058067
阳101H35-3—第17段—阳101H35-2,阳101H35,阳101H35-3 | 第17段,渐进上升型,90f88fc3209d8c,阳101H35,4,涨幅微弱型,0.5455607476635514,0.08995327102803738,0.1939252336448598,0.12967289719626168,0.04088785046728972,渐进上升型,0.03393651874291158,0.17007413423565965,0.46606247376809806,0.29299849201403555,0.036928381239295274,渐进上升型,0.013143795049036986,0.18158215065295238,0.4040278929809579,0.34432649516282926,0.05691966615422374,渐进上升型,0.060015320777893066,0.181172713637352,0.4483630955219269,0.27688175439834595,0.03356710448861122,渐进上升型,0.060015320777893066,0.181172713637352,0.4483630955219269,0.27688175439834595,0.03356710448861122
阳101H35-3—第18段—阳101H35-2,阳101H35,阳101H35-3 | 第18段,渐进上升型,b293aad89d6d4a,阳101H35,4,涨幅微弱型,0.5455607476635514,0.08995327102803738,0.1939252336448598,0.12967289719626168,0.04088785046728972,渐进上升型,0.08150556793401688,0.12036753379189906,0.3993581214278988,0.3629205872878919,0.03584818955829338,稳定缓升型,0.028400829681071615,0.19614114500683835,0.32881042458334253,0.4077294103841462,0.03891819034460164,渐进上升型,0.07976876199245453,0.11854816973209381,0.40096867084503174,0.3639788031578064,0.03673557564616203,渐进上升型,0.07976876199245453,0.11854816973209381,0.40096867084503174,0.3639788031578064,0.03673557564616203
阳101H35-3—第19段—阳101H35-1,阳101H35,阳101H35-3 | 第19段,涨幅微弱型,643d034c135f0d,阳101H35,4,涨幅微弱型,0.5455607476635514,0.08995327102803738,0.1939252336448598,0.12967289719626168,0.04088785046728972,稳定缓升型,0.19069363241473372,0.09277973484626612,0.30914632864694463,0.3623965141411503,0.044983789950905094,稳定缓升型,0.023986826082414314,0.22975492940715797,0.3046277126324493,0.4041726891352093,0.03745784274276921,稳定缓升型,0.1006927415728569,0.11918408423662186,0.2769356667995453,0.4538092017173767,0.04937830939888954,稳定缓升型,0.1006927415728569,0.11918408423662186,0.2769356667995453,0.4538092017173767,0.04937830939888954
阳101H35-3—第19段—阳101H35-2,阳101H35,阳101H35-3 | 第19段,稳定缓升型,22b3eea083edf2,阳101H35,4,涨幅微弱型,0.5455607476635514,0.08995327102803738,0.1939252336448598,0.12967289719626168,0.04088785046728972,渐进上升型,0.08143768069260612,0.11989711790539313,0.3998146962418879,0.3630994884151522,0.0357510167449606,稳定缓升型,0.028400829681071615,0.19614114500683835,0.32881042458334253,0.4077294103841462,0.03891819034460164,稳定缓升型,0.08161573112010956,0.11944182217121124,0.3751065135002136,0.3862497806549072,0.037586141377687454,稳定缓升型,0.08161573112010956,0.11944182217121124,0.3751065135002136,0.3862497806549072,0.037586141377687454
阳101H35-3—第19段—阳101H35-4,阳101H35,阳101H35-3 | 第19段,稳定缓升型,172dc10d865e90,阳101H35,4,涨幅微弱型,0.5455607476635514,0.08995327102803738,0.1939252336448598,0.12967289719626168,0.04088785046728972,稳定缓升型,0.19291635649434374,0.0923317788330932,0.3076501550923311,0.362011045838017,0.0450906637422149,稳定缓升型,0.02315349274908098,0.23486901670874527,0.3051220909393277,0.3984137605637807,0.03844163903906551,稳定缓升型,0.1021280288696289,0.1195925697684288,0.27292439341545105,0.4553645849227905,0.049990471452474594,稳定缓升型,0.1021280288696289,0.1195925697684288,0.27292439341545105,0.4553645849227905,0.049990471452474594
阳101H35-3—第20段—阳101H35-1,阳101H35,阳101H35-3 | 第20段,涨幅微弱型,c31dd2eda9c65e,阳101H35,4,涨幅微弱型,0.5455607476635514,0.08995327102803738,0.1939252336448598,0.12967289719626168,0.04088785046728972,稳定缓升型,0.17240004831754252,0.09209429453224957,0.3220122328235413,0.36257389027547243,0.05091953405119413,稳定缓升型,0.0761810939393977,0.1809207417402497,0.2807156695242524,0.38819249040910064,0.07399000438699982,稳定缓升型,0.2661376893520355,0.08221444487571716,0.2261906862258911,0.3775436580181122,0.04791349172592163,稳定缓升型,0.2661376893520355,0.08221444487571716,0.2261906862258911,0.3775436580181122,0.04791349172592163
阳101H35-3—第20段—阳101H35-2,阳101H35,阳101H35-3 | 第20段,稳定缓升型,2a6599e5f5ccf2,阳101H35,4,涨幅微弱型,0.5455607476635514,0.08995327102803738,0.1939252336448598,0.12967289719626168,0.04088785046728972,渐进上升型,0.07285779249643622,0.11744730711956074,0.41098021016258673,0.35872978905342745,0.039984901167988855,稳定缓升型,0.0657758251885407,0.1659647651890257,0.29965630253018277,0.400738324013497,0.06786478307875422,渐进上升型,0.1899767369031906,0.0873773917555809,0.3587242662906647,0.32640981674194336,0.03751175478100777,渐进上升型,0.1899767369031906,0.0873773917555809,0.3587242662906647,0.32640981674194336,0.03751175478100777
阳101H35-3—第20段—阳101H35-4,阳101H35,阳101H35-3 | 第20段,涨幅微弱型,fb7e42989c055c,阳101H35,4,涨幅微弱型,0.5455607476635514,0.08995327102803738,0.1939252336448598,0.12967289719626168,0.04088785046728972,稳定缓升型,0.17501767183061503,0.09155841021830124,0.320133768276027,0.36220013201994516,0.051090017655111605,稳定缓升型,0.08295298498442848,0.1823399336594416,0.2723038359076773,0.38852990664783266,0.07387333880062008,稳定缓升型,0.2692078948020935,0.0822751447558403,0.22231703996658325,0.3778223991394043,0.04837750270962715,稳定缓升型,0.2692078948020935,0.0822751447558403,0.22231703996658325,0.3778223991394043,0.04837750270962715
阳101H35-3—第22段—阳101H35-2,阳101H35,阳101H35-3 | 第22段,稳定缓升型,09acc704e5206b,阳101H35,4,涨幅微弱型,0.5455607476635514,0.08995327102803738,0.1939252336448598,0.12967289719626168,0.04088785046728972,渐进上升型,0.044812638380834505,0.15857664562089907,0.43395700542480603,0.3181285454373031,0.04452516513615705,稳定缓升型,0.01595028254302448,0.20786308396900566,0.3558846077280557,0.3833221447302668,0.03697988102964758,渐进上升型,0.05701667442917824,0.14297369122505188,0.4574210047721863,0.3097662031650543,0.032822441309690475,渐进上升型,0.05701667442917824,0.14297369122505188,0.4574210047721863,0.3097662031650543,0.032822441309690475
阳101H35-3—第22段—阳101H35-4,阳101H35,阳101H35-3 | 第22段,涨幅微弱型,fbc0f940a5bc59,阳101H35,4,涨幅微弱型,0.5455607476635514,0.08995327102803738,0.1939252336448598,0.12967289719626168,0.04088785046728972,渐进上升型,0.11444641795527283,0.13022338039147988,0.356081177546866,0.33907669016552383,0.06017233394085755,稳定缓升型,0.016941959524680115,0.20979139314766593,0.34838657359719266,0.38668455397244206,0.038195519758019755,稳定缓升型,0.07595893740653992,0.1103687658905983,0.36393851041793823,0.40325698256492615,0.046476781368255615,稳定缓升型,0.07595893740653992,0.1103687658905983,0.36393851041793823,0.40325698256492615,0.046476781368255615
阳101H51-1—第2段—阳101H51-3,阳101H51,阳101H51-1 | 第2段,稳定缓升型,db8741a231ec9e,阳101H51,0,涨幅微弱型,0.4598337950138504,0.11634349030470914,0.24238227146814403,0.14265927977839335,0.038781163434903045,涨幅微弱型,0.5839726761512376,0.11021087953809298,0.10468744239212281,0.14517056056023342,0.05595844135831307,涨幅微弱型,0.35007669368294,0.12854739182809266,0.19428050079250545,0.2806567665663448,0.04643864713011735,涨幅微弱型,0.44093841314315796,0.13991335034370422,0.16529318690299988,0.20379061996936798,0.050064459443092346,涨幅微弱型,0.35007669368294,0.12854739182809266,0.19428050079250545,0.2806567665663448,0.04643864713011735
阳101H51-1—第4段—阳101H51-2,阳101H51,阳101H51-1 | 第4段,稳定缓升型,3e1fb34aa91a4e,阳101H51,0,涨幅微弱型,0.4598337950138504,0.11634349030470914,0.24238227146814403,0.14265927977839335,0.038781163434903045,涨幅微弱型,0.46851400125799053,0.13721377617348457,0.15059312740256853,0.1974563189291424,0.04622277623681391,涨幅微弱型,0.4327657454122084,0.12868058344621072,0.18846755518310354,0.21288848223460424,0.03719763372387306,涨幅微弱型,0.5005881190299988,0.08863013982772827,0.16620776057243347,0.2064579278230667,0.03811606764793396,涨幅微弱型,0.4327657454122084,0.12868058344621072,0.18846755518310354,0.21288848223460424,0.03719763372387306
阳101H51-1—第6段—阳101H51-2,阳101H51,阳101H51-1 | 第6段,稳定缓升型,3643cf7d78a7b6,阳101H51,0,涨幅微弱型,0.4598337950138504,0.11634349030470914,0.24238227146814403,0.14265927977839335,0.038781163434903045,涨幅微弱型,0.5767428261852795,0.12123925176038265,0.10312855805631578,0.14810023274886508,0.05078913124915712,涨幅微弱型,0.360421065782229,0.13785241182320632,0.21286159361146656,0.25150176694865606,0.037363161834442195,涨幅微弱型,0.41317400336265564,0.13996408879756927,0.1798824965953827,0.22292791306972504,0.044051509350538254,涨幅微弱型,0.360421065782229,0.13785241182320632,0.21286159361146656,0.25150176694865606,0.037363161834442195
阳101H51-1—第8段—阳101H51-2,阳101H51,阳101H51-1 | 第8段,渐进上升型,2bfdf49e20ac3a,阳101H51,0,涨幅微弱型,0.4598337950138504,0.11634349030470914,0.24238227146814403,0.14265927977839335,0.038781163434903045,涨幅微弱型,0.5767428261852795,0.12123925176038265,0.10312855805631578,0.14810023274886508,0.05078913124915712,涨幅微弱型,0.360421065782229,0.13785241182320632,0.21286159361146656,0.25150176694865606,0.037363161834442195,涨幅微弱型,0.41317400336265564,0.13996408879756927,0.1798824965953827,0.22292791306972504,0.044051509350538254,涨幅微弱型,0.360421065782229,0.13785241182320632,0.21286159361146656,0.25150176694865606,0.037363161834442195
阳101H51-1—第8段—阳101H51-3,阳101H51,阳101H51-1 | 第8段,渐进上升型,45d8ee941388f7,阳101H51,0,涨幅微弱型,0.4598337950138504,0.11634349030470914,0.24238227146814403,0.14265927977839335,0.038781163434903045,涨幅微弱型,0.5767428261852795,0.12123925176038265,0.10312855805631578,0.14810023274886508,0.05078913124915712,涨幅微弱型,0.360421065782229,0.13785241182320632,0.21286159361146656,0.25150176694865606,0.037363161834442195,涨幅微弱型,0.41317400336265564,0.13996408879756927,0.1798824965953827,0.22292791306972504,0.044051509350538254,涨幅微弱型,0.360421065782229,0.13785241182320632,0.21286159361146656,0.25150176694865606,0.037363161834442195
阳101H51-1—第9段—阳101H51-2,阳101H51,阳101H51-1 | 第9段,稳定缓升型,444d5d1259bca2,阳101H51,0,涨幅微弱型,0.4598337950138504,0.11634349030470914,0.24238227146814403,0.14265927977839335,0.038781163434903045,涨幅微弱型,0.5767428261852795,0.12123925176038265,0.10312855805631578,0.14810023274886508,0.05078913124915712,涨幅微弱型,0.360421065782229,0.13785241182320632,0.21286159361146656,0.25150176694865606,0.037363161834442195,涨幅微弱型,0.41317400336265564,0.13996408879756927,0.1798824965953827,0.22292791306972504,0.044051509350538254,涨幅微弱型,0.360421065782229,0.13785241182320632,0.21286159361146656,0.25150176694865606,0.037363161834442195
阳101H51-1—第9段—阳101H51-3,阳101H51,阳101H51-1 | 第9段,稳定缓升型,345e5c9bef3db5,阳101H51,0,涨幅微弱型,0.4598337950138504,0.11634349030470914,0.24238227146814403,0.14265927977839335,0.038781163434903045,涨幅微弱型,0.5767428261852795,0.12123925176038265,0.10312855805631578,0.14810023274886508,0.05078913124915712,涨幅微弱型,0.360421065782229,0.13785241182320632,0.21286159361146656,0.25150176694865606,0.037363161834442195,涨幅微弱型,0.41317400336265564,0.13996408879756927,0.1798824965953827,0.22292791306972504,0.044051509350538254,涨幅微弱型,0.360421065782229,0.13785241182320632,0.21286159361146656,0.25150176694865606,0.037363161834442195
阳101H51-1—第12段—阳101H51-2,阳101H51,阳101H51-1 | 第12段,渐进上升型,ac70879b61ff5b,阳101H51,0,涨幅微弱型,0.4598337950138504,0.11634349030470914,0.24238227146814403,0.14265927977839335,0.038781163434903045,涨幅微弱型,0.5767428261852795,0.12123925176038265,0.10312855805631578,0.14810023274886508,0.05078913124915712,涨幅微弱型,0.360421065782229,0.13785241182320632,0.21286159361146656,0.25150176694865606,0.037363161834442195,涨幅微弱型,0.41317400336265564,0.13996408879756927,0.1798824965953827,0.22292791306972504,0.044051509350538254,涨幅微弱型,0.360421065782229,0.13785241182320632,0.21286159361146656,0.25150176694865606,0.037363161834442195
阳101H51-1—第12段—阳101H51-3,阳101H51,阳101H51-1 | 第12段,渐进上升型,0383d7bf737156,阳101H51,0,涨幅微弱型,0.4598337950138504,0.11634349030470914,0.24238227146814403,0.14265927977839335,0.038781163434903045,涨幅微弱型,0.5767428261852795,0.12123925176038265,0.10312855805631578,0.14810023274886508,0.05078913124915712,涨幅微弱型,0.360421065782229,0.13785241182320632,0.21286159361146656,0.25150176694865606,0.037363161834442195,涨幅微弱型,0.41317400336265564,0.13996408879756927,0.1798824965953827,0.22292791306972504,0.044051509350538254,涨幅微弱型,0.360421065782229,0.13785241182320632,0.21286159361146656,0.25150176694865606,0.037363161834442195
阳101H51-1—第14段—阳101H51-2,阳101H51,阳101H51-1 | 第14段,涨幅微弱型,1ba402f39ba430,阳101H51,0,涨幅微弱型,0.4598337950138504,0.11634349030470914,0.24238227146814403,0.14265927977839335,0.038781163434903045,涨幅微弱型,0.4082098540415164,0.13878331878803898,0.19908479394277293,0.2114789446839,0.042443088543771795,涨幅微弱型,0.3605992546055766,0.14899375216003355,0.21905361641718152,0.24497912471416286,0.026374252103045396,涨幅微弱型,0.38651275634765625,0.10287503898143768,0.19189457595348358,0.29627320170402527,0.022444434463977814,涨幅微弱型,0.3605992546055766,0.14899375216003355,0.21905361641718152,0.24497912471416286,0.026374252103045396
阳101H51-1—第15段—阳101H51-3,阳101H51,阳101H51-1 | 第15段,先降后升型,82d4fe8d436d2a,阳101H51,0,涨幅微弱型,0.4598337950138504,0.11634349030470914,0.24238227146814403,0.14265927977839335,0.038781163434903045,涨幅微弱型,0.4877201686706335,0.11376260500811625,0.17339380748920596,0.17973431232175555,0.045389106510288844,涨幅微弱型,0.37727516119904597,0.13221235124815892,0.1939668149147097,0.25337570955678346,0.04316996308130207,涨幅微弱型,0.43737298250198364,0.07058123499155045,0.13772784173488617,0.3208361268043518,0.03348180279135704,涨幅微弱型,0.37727516119904597,0.13221235124815892,0.1939668149147097,0.25337570955678346,0.04316996308130207
阳101H51-1—第20段—阳101H51-2,阳101H51,阳101H51-1 | 第20段,先降后升型,58304179c90daa,阳101H51,0,涨幅微弱型,0.4598337950138504,0.11634349030470914,0.24238227146814403,0.14265927977839335,0.038781163434903045,涨幅微弱型,0.47001702552425834,0.12830181966029133,0.17062776388320414,0.18898255686904405,0.0420708340632021,涨幅微弱型,0.3579351817924791,0.1464866640833669,0.2323693596988384,0.2403076839895878,0.022901110435727883,涨幅微弱型,0.4000096023082733,0.09430170059204102,0.19328755140304565,0.2900424599647522,0.022358668968081474,涨幅微弱型,0.3579351817924791,0.1464866640833669,0.2323693596988384,0.2403076839895878,0.022901110435727883
阳101H51-1—第21段—阳101H51-2,阳101H51,阳101H51-1 | 第21段,稳定缓升型,f1ca3f4e762e9a,阳101H51,0,涨幅微弱型,0.4598337950138504,0.11634349030470914,0.24238227146814403,0.14265927977839335,0.038781163434903045,涨幅微弱型,0.3031707839346854,0.16332980340309936,0.24459802098576608,0.2550393441119944,0.033862047564454836,涨幅微弱型,0.32440915061386977,0.1901706622222588,0.24239113322121655,0.21686962833557136,0.026159425607083564,涨幅微弱型,0.38212332129478455,0.16058968007564545,0.22327473759651184,0.21148119866847992,0.022531067952513695,涨幅微弱型,0.32440915061386977,0.1901706622222588,0.24239113322121655,0.21686962833557136,0.026159425607083564
阳101H51-2—第1段—阳101H51-3,阳101H51,阳101H51-2 | 第1段,先降后升型,317bb1bd34ddab,阳101H51,0,涨幅微弱型,0.4598337950138504,0.11634349030470914,0.24238227146814403,0.14265927977839335,0.038781163434903045,稳定缓升型,0.2156650350042049,0.13803388808270745,0.3021426656185589,0.3149350790657922,0.029223332228736607,涨幅微弱型,0.3552823605541189,0.1371414195371317,0.24524130917344686,0.24498855460765537,0.017346356127647424,涨幅微弱型,0.30477234721183777,0.10481605678796768,0.2758421301841736,0.293976366519928,0.02059311419725418,涨幅微弱型,0.3552823605541189,0.1371414195371317,0.24524130917344686,0.24498855460765537,0.017346356127647424
阳101H51-2—第2段—阳101H51-3,阳101H51,阳101H51-2 | 第2段,稳定缓升型,a8bc7a9508fc2d,阳101H51,0,涨幅微弱型,0.4598337950138504,0.11634349030470914,0.24238227146814403,0.14265927977839335,0.038781163434903045,稳定缓升型,0.22826128838027102,0.1394790587120036,0.2998721795316482,0.30501959482150937,0.027367878554567827,涨幅微弱型,0.3683821790676602,0.14074011168859454,0.22889914406011044,0.24258676903731233,0.01939179614632264,稳定缓升型,0.29638200998306274,0.10174525529146194,0.2369387000799179,0.3451851010322571,0.019748948514461517,涨幅微弱型,0.3683821790676602,0.14074011168859454,0.22889914406011044,0.24258676903731233,0.01939179614632264
阳101H51-2—第3段—阳101H51-1,阳101H51,阳101H51-2 | 第3段,稳定缓升型,aa3ec2273f249c,阳101H51,0,涨幅微弱型,0.4598337950138504,0.11634349030470914,0.24238227146814403,0.14265927977839335,0.038781163434903045,涨幅微弱型,0.2895458482094508,0.15661184090558,0.27541230982355636,0.26014341045048006,0.01828659061093284,渐进上升型,0.25502818974068414,0.20205130710926855,0.2667821140296021,0.2430750030455747,0.03306338607487063,稳定缓升型,0.28515639901161194,0.11785527318716049,0.28860804438591003,0.2946304678916931,0.013749792240560055,渐进上升型,0.25502818974068414,0.20205130710926855,0.2667821140296021,0.2430750030455747,0.03306338607487063
阳101H51-2—第3段—阳101H51-3,阳101H51,阳101H51-2 | 第3段,稳定缓升型,66633209dc073a,阳101H51,0,涨幅微弱型,0.4598337950138504,0.11634349030470914,0.24238227146814403,0.14265927977839335,0.038781163434903045,涨幅微弱型,0.2895458482094508,0.15661184090558,0.27541230982355636,0.26014341045048006,0.01828659061093284,渐进上升型,0.25502818974068414,0.20205130710926855,0.2667821140296021,0.2430750030455747,0.03306338607487063,稳定缓升型,0.28515639901161194,0.11785527318716049,0.28860804438591003,0.2946304678916931,0.013749792240560055,渐进上升型,0.25502818974068414,0.20205130710926855,0.2667821140296021,0.2430750030455747,0.03306338607487063
阳101H51-2—第4段—阳101H51-1,阳101H51,阳101H51-2 | 第4段,稳定缓升型,fb006435de3671,阳101H51,0,涨幅微弱型,0.4598337950138504,0.11634349030470914,0.24238227146814403,0.14265927977839335,0.038781163434903045,涨幅微弱型,0.2822876260052544,0.1683164942688914,0.26292992820046723,0.26729950394705687,0.019166447578330074,涨幅微弱型,0.27341628779579374,0.203864862860882,0.26943498893436413,0.22781604773512443,0.025467812673835837,涨幅微弱型,0.3135583996772766,0.1570458859205246,0.22839277982711792,0.2792716920375824,0.021731184795498848,涨幅微弱型,0.27341628779579374,0.203864862860882,0.26943498893436413,0.22781604773512443,0.025467812673835837
阳101H51-2—第5段—阳101H51-1,阳101H51,阳101H51-2 | 第5段,渐进上升型,3723616cca9449,阳101H51,0,涨幅微弱型,0.4598337950138504,0.11634349030470914,0.24238227146814403,0.14265927977839335,0.038781163434903045,涨幅微弱型,0.3069874207248296,0.1704855110496483,0.23127383837215953,0.26927806109594193,0.021975168757420536,涨幅微弱型,0.2812294569154903,0.17787698522664197,0.23968326297177825,0.27076596740038994,0.030444327485699606,稳定缓升型,0.3361082971096039,0.1125662624835968,0.1884758323431015,0.3386428654193878,0.024206722155213356,涨幅微弱型,0.2812294569154903,0.17787698522664197,0.23968326297177825,0.27076596740038994,0.030444327485699606
阳101H51-2—第5段—阳101H51-3,阳101H51,阳101H51-2 | 第5段,稳定缓升型,1c44b93ad7357b,阳101H51,0,涨幅微弱型,0.4598337950138504,0.11634349030470914,0.24238227146814403,0.14265927977839335,0.038781163434903045,涨幅微弱型,0.3069874207248296,0.1704855110496483,0.23127383837215953,0.26927806109594193,0.021975168757420536,涨幅微弱型,0.2812294569154903,0.17787698522664197,0.23968326297177825,0.27076596740038994,0.030444327485699606,稳定缓升型,0.3361082971096039,0.1125662624835968,0.1884758323431015,0.3386428654193878,0.024206722155213356,涨幅微弱型,0.2812294569154903,0.17787698522664197,0.23968326297177825,0.27076596740038994,0.030444327485699606
阳101H51-2—第7段—阳101H51-1,阳101H51,阳101H51-2 | 第7段,稳定缓升型,1db46fb34a7423,阳101H51,0,涨幅微弱型,0.4598337950138504,0.11634349030470914,0.24238227146814403,0.14265927977839335,0.038781163434903045,渐进上升型,0.20274041607370824,0.17251602603656999,0.3062690212648527,0.2986303489475946,0.01984418767727461,渐进上升型,0.20021029745075916,0.2129086717228863,0.3267273488511285,0.23986884681670018,0.02028483515852631,渐进上升型,0.21115456521511078,0.13421675562858582,0.31763285398483276,0.3070455491542816,0.029950309544801712,渐进上升型,0.20021029745075916,0.2129086717228863,0.3267273488511285,0.23986884681670018,0.02028483515852631
阳101H51-2—第8段—阳101H51-1,阳101H51,阳101H51-2 | 第8段,渐进上升型,e2c4aede486031,阳101H51,0,涨幅微弱型,0.4598337950138504,0.11634349030470914,0.24238227146814403,0.14265927977839335,0.038781163434903045,渐进上升型,0.19002822780463613,0.1649309688730838,0.3177277395282047,0.3074241317420144,0.019888932052061124,渐进上升型,0.27143556549347114,0.17502656013566825,0.29094206189609506,0.23875642629843905,0.023839386176326575,渐进上升型,0.25300467014312744,0.14378847181797028,0.3083116412162781,0.2653556168079376,0.029539572075009346,渐进上升型,0.27143556549347114,0.17502656013566825,0.29094206189609506,0.23875642629843905,0.023839386176326575
阳101H51-2—第10段—阳101H51-1,阳101H51,阳101H51-2 | 第10段,涨幅微弱型,6dad3be7d6489a,阳101H51,0,涨幅微弱型,0.4598337950138504,0.11634349030470914,0.24238227146814403,0.14265927977839335,0.038781163434903045,涨幅微弱型,0.49605465434253837,0.1070503675635363,0.15948227964233966,0.19220992527622335,0.04520277317536231,涨幅微弱型,0.5330211741539717,0.10253794801502539,0.1285587783633923,0.19277607768053348,0.04310602178707721,涨幅微弱型,0.6169323921203613,0.05744451284408569,0.09668320417404175,0.17647868394851685,0.05246122181415558,涨幅微弱型,0.5330211741539717,0.10253794801502539,0.1285587783633923,0.19277607768053348,0.04310602178707721
阳101H51-2—第10段—阳101H51-3,阳101H51,阳101H51-2 | 第10段,渐进上升型,cecd5cb6321230,阳101H51,0,涨幅微弱型,0.4598337950138504,0.11634349030470914,0.24238227146814403,0.14265927977839335,0.038781163434903045,涨幅微弱型,0.49605465434253837,0.1070503675635363,0.15948227964233966,0.19220992527622335,0.04520277317536231,涨幅微弱型,0.5330211741539717,0.10253794801502539,0.1285587783633923,0.19277607768053348,0.04310602178707721,涨幅微弱型,0.6169323921203613,0.05744451284408569,0.09668320417404175,0.17647868394851685,0.05246122181415558,涨幅微弱型,0.5330211741539717,0.10253794801502539,0.1285587783633923,0.19277607768053348,0.04310602178707721
阳101H51-2—第11段—阳101H51-1,阳101H51,阳101H51-2 | 第11段,涨幅微弱型,83e1835bf060b5,阳101H51,0,涨幅微弱型,0.4598337950138504,0.11634349030470914,0.24238227146814403,0.14265927977839335,0.038781163434903045,涨幅微弱型,0.5688383898239309,0.10342126453594351,0.12925586522526164,0.1639231411292393,0.03456133928562468,涨幅微弱型,0.48648513874612004,0.09710819203688165,0.15333618450287995,0.22993810711793713,0.033132377596181456,涨幅微弱型,0.47761961817741394,0.062923863530159,0.12421771883964539,0.30475571751594543,0.030483154579997063,涨幅微弱型,0.48648513874612004,0.09710819203688165,0.15333618450287995,0.22993810711793713,0.033132377596181456
阳101H51-2—第13段—阳101H51-3,阳101H51,阳101H51-2 | 第13段,稳定缓升型,2d88325d451e28,阳101H51,0,涨幅微弱型,0.4598337950138504,0.11634349030470914,0.24238227146814403,0.14265927977839335,0.038781163434903045,涨幅微弱型,0.39720313809342067,0.14545330272414828,0.19668463792145893,0.23337358648382503,0.027285334777147115,涨幅微弱型,0.34980254157745466,0.1397538990507204,0.2362422140389118,0.25133569124484706,0.022865654088065894,涨幅微弱型,0.4179114103317261,0.0932643786072731,0.20544986426830292,0.26046550273895264,0.022908851504325867,涨幅微弱型,0.34980254157745466,0.1397538990507204,0.2362422140389118,0.25133569124484706,0.022865654088065894
阳101H51-2—第14段—阳101H51-4,阳101H51,阳101H51-2 | 第14段,先降后升型,2eb92eb6d72028,阳101H51,0,涨幅微弱型,0.4598337950138504,0.11634349030470914,0.24238227146814403,0.14265927977839335,0.038781163434903045,涨幅微弱型,0.39720313809342067,0.14545330272414828,0.19668463792145893,0.23337358648382503,0.027285334777147115,涨幅微弱型,0.34980254157745466,0.1397538990507204,0.2362422140389118,0.25133569124484706,0.022865654088065894,涨幅微弱型,0.4179114103317261,0.0932643786072731,0.20544986426830292,0.26046550273895264,0.022908851504325867,涨幅微弱型,0.34980254157745466,0.1397538990507204,0.2362422140389118,0.25133569124484706,0.022865654088065894
阳101H51-2—第18段—阳101H51-1,阳101H51,阳101H51-2 | 第18段,渐进上升型,31109b441ae974,阳101H51,0,涨幅微弱型,0.4598337950138504,0.11634349030470914,0.24238227146814403,0.14265927977839335,0.038781163434903045,涨幅微弱型,0.39720313809342067,0.14545330272414828,0.19668463792145893,0.23337358648382503,0.027285334777147115,涨幅微弱型,0.34980254157745466,0.1397538990507204,0.2362422140389118,0.25133569124484706,0.022865654088065894,涨幅微弱型,0.4179114103317261,0.0932643786072731,0.20544986426830292,0.26046550273895264,0.022908851504325867,涨幅微弱型,0.34980254157745466,0.1397538990507204,0.2362422140389118,0.25133569124484706,0.022865654088065894
阳101H51-2—第19段—阳101H51-3,阳101H51,阳101H51-2 | 第19段,先降后升型,c2da8a31024709,阳101H51,0,涨幅微弱型,0.4598337950138504,0.11634349030470914,0.24238227146814403,0.14265927977839335,0.038781163434903045,涨幅微弱型,0.39720313809342067,0.14545330272414828,0.19668463792145893,0.23337358648382503,0.027285334777147115,涨幅微弱型,0.34980254157745466,0.1397538990507204,0.2362422140389118,0.25133569124484706,0.022865654088065894,涨幅微弱型,0.4179114103317261,0.0932643786072731,0.20544986426830292,0.26046550273895264,0.022908851504325867,涨幅微弱型,0.34980254157745466,0.1397538990507204,0.2362422140389118,0.25133569124484706,0.022865654088065894
阳101H51-3—第2段—阳101H51-2,阳101H51,阳101H51-3 | 第2段,快速稳定型,648f97b26f4edb,阳101H51,0,涨幅微弱型,0.4598337950138504,0.11634349030470914,0.24238227146814403,0.14265927977839335,0.038781163434903045,涨幅微弱型,0.7550247600632327,0.06906211618709995,0.057510344665547185,0.07778464842250375,0.04061813066161646,涨幅微弱型,0.4602787828348706,0.12791092840190824,0.17739715435608527,0.19644951675639497,0.037963617650740814,涨幅微弱型,0.5522199869155884,0.08848505467176437,0.15140411257743835,0.1650938242673874,0.0427970252931118,涨幅微弱型,0.4602787828348706,0.12791092840190824,0.17739715435608527,0.19644951675639497,0.037963617650740814
阳101H51-3—第3段—阳101H51-1,阳101H51,阳101H51-3 | 第3段,先降后升型,c41a546006ddba,阳101H51,0,涨幅微弱型,0.4598337950138504,0.11634349030470914,0.24238227146814403,0.14265927977839335,0.038781163434903045,涨幅微弱型,0.5223654208971756,0.1151977173977826,0.16443830541595456,0.15862624754285704,0.039372308746230156,涨幅微弱型,0.35713359449860593,0.15653386001395314,0.22245750306592568,0.2350875515610552,0.028787490860460174,涨幅微弱型,0.4397704303264618,0.10089818388223648,0.1731504499912262,0.27019092440605164,0.015989942476153374,涨幅微弱型,0.35713359449860593,0.15653386001395314,0.22245750306592568,0.2350875515610552,0.028787490860460174
阳101H51-3—第4段—阳101H51-1,阳101H51,阳101H51-3 | 第4段,先降后升型,99bb80abc8cf75,阳101H51,0,涨幅微弱型,0.4598337950138504,0.11634349030470914,0.24238227146814403,0.14265927977839335,0.038781163434903045,涨幅微弱型,0.5084054626046524,0.11729491592289386,0.17212384007647646,0.1631872099660619,0.03898857142991556,涨幅微弱型,0.34462887768565237,0.1588536556330141,0.24170002340000082,0.22863025368207365,0.026187189599259236,涨幅微弱型,0.4002108871936798,0.1067240983247757,0.18767905235290527,0.2887013852596283,0.016684535890817642,涨幅微弱型,0.34462887768565237,0.1588536556330141,0.24170002340000082,0.22863025368207365,0.026187189599259236
阳101H51-3—第8段—阳101H51-1,阳101H51,阳101H51-3 | 第8段,涨幅微弱型,725d2e8572de48,阳101H51,0,涨幅微弱型,0.4598337950138504,0.11634349030470914,0.24238227146814403,0.14265927977839335,0.038781163434903045,涨幅微弱型,0.5713549292514389,0.10133936928387084,0.15128924556736043,0.1391253047632413,0.03689115113408846,涨幅微弱型,0.3513220041739533,0.15308462711785,0.2528379345413797,0.21584966914270973,0.026905765024107527,涨幅微弱型,0.42784762382507324,0.09026499092578888,0.23787997663021088,0.22924794256687164,0.014759489335119724,涨幅微弱型,0.3513220041739533,0.15308462711785,0.2528379345413797,0.21584966914270973,0.026905765024107527
阳101H51-3—第10段—阳101H51-2,阳101H51,阳101H51-3 | 第10段,稳定缓升型,126dc10ea9d7d2,阳101H51,0,涨幅微弱型,0.4598337950138504,0.11634349030470914,0.24238227146814403,0.14265927977839335,0.038781163434903045,涨幅微弱型,0.5713549292514389,0.10133936928387084,0.15128924556736043,0.1391253047632413,0.03689115113408846,涨幅微弱型,0.3513220041739533,0.15308462711785,0.2528379345413797,0.21584966914270973,0.026905765024107527,涨幅微弱型,0.42784762382507324,0.09026499092578888,0.23787997663021088,0.22924794256687164,0.014759489335119724,涨幅微弱型,0.3513220041739533,0.15308462711785,0.2528379345413797,0.21584966914270973,0.026905765024107527
阳101H51-3—第10段—阳101H51-4,阳101H51,阳101H51-3 | 第10段,稳定缓升型,daf867dfe2c41e,阳101H51,0,涨幅微弱型,0.4598337950138504,0.11634349030470914,0.24238227146814403,0.14265927977839335,0.038781163434903045,涨幅微弱型,0.5713549292514389,0.10133936928387084,0.15128924556736043,0.1391253047632413,0.03689115113408846,涨幅微弱型,0.3513220041739533,0.15308462711785,0.2528379345413797,0.21584966914270973,0.026905765024107527,涨幅微弱型,0.42784762382507324,0.09026499092578888,0.23787997663021088,0.22924794256687164,0.014759489335119724,涨幅微弱型,0.3513220041739533,0.15308462711785,0.2528379345413797,0.21584966914270973,0.026905765024107527
阳101H51-3—第12段—阳101H51-2,阳101H51,阳101H51-3 | 第12段,渐进上升型,f3c1e454246160,阳101H51,0,涨幅微弱型,0.4598337950138504,0.11634349030470914,0.24238227146814403,0.14265927977839335,0.038781163434903045,涨幅微弱型,0.6138879979032309,0.09847978710301637,0.10292864276397168,0.1324610953793372,0.05224247685044389,涨幅微弱型,0.39444603611302165,0.12787765228705147,0.195263250804622,0.24291068413598746,0.039502376659317405,涨幅微弱型,0.471967875957489,0.07751509547233582,0.15558452904224396,0.25414320826530457,0.04078926518559456,涨幅微弱型,0.39444603611302165,0.12787765228705147,0.195263250804622,0.24291068413598746,0.039502376659317405
阳101H51-3—第12段—阳101H51-4,阳101H51,阳101H51-3 | 第12段,渐进上升型,43a188055ebaa4,阳101H51,0,涨幅微弱型,0.4598337950138504,0.11634349030470914,0.24238227146814403,0.14265927977839335,0.038781163434903045,涨幅微弱型,0.6138879979032309,0.09847978710301637,0.10292864276397168,0.1324610953793372,0.05224247685044389,涨幅微弱型,0.39444603611302165,0.12787765228705147,0.195263250804622,0.24291068413598746,0.039502376659317405,涨幅微弱型,0.471967875957489,0.07751509547233582,0.15558452904224396,0.25414320826530457,0.04078926518559456,涨幅微弱型,0.39444603611302165,0.12787765228705147,0.195263250804622,0.24291068413598746,0.039502376659317405
阳101H51-3—第13段—阳101H51-4,阳101H51,阳101H51-3 | 第13段,稳定缓升型,c4ec43d47574cd,阳101H51,0,涨幅微弱型,0.4598337950138504,0.11634349030470914,0.24238227146814403,0.14265927977839335,0.038781163434903045,涨幅微弱型,0.6148286700669855,0.09837037470077935,0.10185414677427702,0.13224269962707633,0.052704108830881974,涨幅微弱型,0.3911079667350817,0.12715346122944257,0.19250968178330455,0.25237145584352644,0.03685743440864494,涨幅微弱型,0.48273906111717224,0.0782640352845192,0.15028905868530273,0.24794727563858032,0.04076056182384491,涨幅微弱型,0.3911079667350817,0.12715346122944257,0.19250968178330455,0.25237145584352644,0.03685743440864494
阳101H51-3—第14段—阳101H51-2,阳101H51,阳101H51-3 | 第14段,渐进上升型,11f1a04b2c4fce,阳101H51,0,涨幅微弱型,0.4598337950138504,0.11634349030470914,0.24238227146814403,0.14265927977839335,0.038781163434903045,涨幅微弱型,0.6148286700669855,0.09837037470077935,0.10185414677427702,0.13224269962707633,0.052704108830881974,涨幅微弱型,0.3911079667350817,0.12715346122944257,0.19250968178330455,0.25237145584352644,0.03685743440864494,涨幅微弱型,0.48273906111717224,0.0782640352845192,0.15028905868530273,0.24794727563858032,0.04076056182384491,涨幅微弱型,0.3911079667350817,0.12715346122944257,0.19250968178330455,0.25237145584352644,0.03685743440864494
阳101H51-3—第14段—阳101H51-4,阳101H51,阳101H51-3 | 第14段,快速稳定型,f2c405c2be56d4,阳101H51,0,涨幅微弱型,0.4598337950138504,0.11634349030470914,0.24238227146814403,0.14265927977839335,0.038781163434903045,涨幅微弱型,0.6148286700669855,0.09837037470077935,0.10185414677427702,0.13224269962707633,0.052704108830881974,涨幅微弱型,0.3911079667350817,0.12715346122944257,0.19250968178330455,0.25237145584352644,0.03685743440864494,涨幅微弱型,0.48273906111717224,0.0782640352845192,0.15028905868530273,0.24794727563858032,0.04076056182384491,涨幅微弱型,0.3911079667350817,0.12715346122944257,0.19250968178330455,0.25237145584352644,0.03685743440864494
阳101H51-3—第14段—阳101H51-6,阳101H51,阳101H51-3 | 第14段,稳定缓升型,e7ebf0a59aaf0b,阳101H51,0,涨幅微弱型,0.4598337950138504,0.11634349030470914,0.24238227146814403,0.14265927977839335,0.038781163434903045,涨幅微弱型,0.6148286700669855,0.09837037470077935,0.10185414677427702,0.13224269962707633,0.052704108830881974,涨幅微弱型,0.3911079667350817,0.12715346122944257,0.19250968178330455,0.25237145584352644,0.03685743440864494,涨幅微弱型,0.48273906111717224,0.0782640352845192,0.15028905868530273,0.24794727563858032,0.04076056182384491,涨幅微弱型,0.3911079667350817,0.12715346122944257,0.19250968178330455,0.25237145584352644,0.03685743440864494
阳101H51-3—第26段—阳101H51-1,阳101H51,阳101H51-3 | 第26段,先降后升型,2407cb1efc3e43,阳101H51,0,涨幅微弱型,0.4598337950138504,0.11634349030470914,0.24238227146814403,0.14265927977839335,0.038781163434903045,涨幅微弱型,0.5156250061700725,0.10797450476071789,0.16837083190813162,0.16869044584049647,0.03933921132058156,涨幅微弱型,0.3578982792229398,0.1329267563640945,0.23655810528361906,0.24808376596723372,0.02453309316211317,涨幅微弱型,0.3844846785068512,0.08250278979539871,0.19197170436382294,0.32125112414360046,0.01978970505297184,涨幅微弱型,0.3578982792229398,0.1329267563640945,0.23655810528361906,0.24808376596723372,0.02453309316211317
阳101H51-4—第1段—阳101H51-1,阳101H51,阳101H51-4 | 第1段,先降后升型,3643f93ca5b24c,阳101H51,0,涨幅微弱型,0.4598337950138504,0.11634349030470914,0.24238227146814403,0.14265927977839335,0.038781163434903045,涨幅微弱型,0.3769219935776162,0.17063269700290187,0.24269621476238382,0.1777979540106929,0.03195114064640513,涨幅微弱型,0.3557988872172981,0.14176464346205112,0.29333849778774057,0.17764540022568057,0.03145257130722988,渐进上升型,0.27551472187042236,0.1293175220489502,0.34149348735809326,0.21273638308048248,0.04093783348798752,涨幅微弱型,0.3557988872172981,0.14176464346205112,0.29333849778774057,0.17764540022568057,0.03145257130722988
阳101H51-4—第1段—阳101H51-2,阳101H51,阳101H51-4 | 第1段,渐进上升型,1bd057eadd92c0,阳101H51,0,涨幅微弱型,0.4598337950138504,0.11634349030470914,0.24238227146814403,0.14265927977839335,0.038781163434903045,涨幅微弱型,0.3769219935776162,0.17063269700290187,0.24269621476238382,0.1777979540106929,0.03195114064640513,涨幅微弱型,0.3557988872172981,0.14176464346205112,0.29333849778774057,0.17764540022568057,0.03145257130722988,渐进上升型,0.27551472187042236,0.1293175220489502,0.34149348735809326,0.21273638308048248,0.04093783348798752,涨幅微弱型,0.3557988872172981,0.14176464346205112,0.29333849778774057,0.17764540022568057,0.03145257130722988
阳101H51-4—第1段—阳101H51-3,阳101H51,阳101H51-4 | 第1段,渐进上升型,abcb47dc63d306,阳101H51,0,涨幅微弱型,0.4598337950138504,0.11634349030470914,0.24238227146814403,0.14265927977839335,0.038781163434903045,涨幅微弱型,0.3769219935776162,0.17063269700290187,0.24269621476238382,0.1777979540106929,0.03195114064640513,涨幅微弱型,0.3557988872172981,0.14176464346205112,0.29333849778774057,0.17764540022568057,0.03145257130722988,渐进上升型,0.27551472187042236,0.1293175220489502,0.34149348735809326,0.21273638308048248,0.04093783348798752,涨幅微弱型,0.3557988872172981,0.14176464346205112,0.29333849778774057,0.17764540022568057,0.03145257130722988
阳101H51-4—第5段—阳101H51-5,阳101H51,阳101H51-4 | 第5段,涨幅微弱型,fa59deeef0ac3f,阳101H51,0,涨幅微弱型,0.4598337950138504,0.11634349030470914,0.24238227146814403,0.14265927977839335,0.038781163434903045,涨幅微弱型,0.3398099353423263,0.1864222487604549,0.23957186971436437,0.19931045002875292,0.03488549615410154,渐进上升型,0.29673070484945363,0.14354376466411542,0.30934638288609223,0.22640074285378048,0.02397840474655842,稳定缓升型,0.28945299983024597,0.09258488565683365,0.27897909283638,0.3228578567504883,0.016125136986374855,渐进上升型,0.29673070484945363,0.14354376466411542,0.30934638288609223,0.22640074285378048,0.02397840474655842
阳101H51-4—第8段—阳101H51-3,阳101H51,阳101H51-4 | 第8段,快速稳定型,3a51488c24abde,阳101H51,0,涨幅微弱型,0.4598337950138504,0.11634349030470914,0.24238227146814403,0.14265927977839335,0.038781163434903045,渐进上升型,0.24305133911507307,0.19979000840406738,0.2860052597331246,0.24074354875160628,0.03040984399612879,渐进上升型,0.18192859964324837,0.15008765366033974,0.3478978898497943,0.2955365373087944,0.0245493195378236,稳定缓升型,0.139109268784523,0.09062988311052322,0.310173362493515,0.4356818199157715,0.02440570294857025,渐进上升型,0.18192859964324837,0.15008765366033974,0.3478978898497943,0.2955365373087944,0.0245493195378236
阳101H51-4—第8段—阳101H51-6,阳101H51,阳101H51-4 | 第8段,稳定缓升型,ef5668972bbcb8,阳101H51,0,涨幅微弱型,0.4598337950138504,0.11634349030470914,0.24238227146814403,0.14265927977839335,0.038781163434903045,渐进上升型,0.24305133911507307,0.19979000840406738,0.2860052597331246,0.24074354875160628,0.03040984399612879,渐进上升型,0.18192859964324837,0.15008765366033974,0.3478978898497943,0.2955365373087944,0.0245493195378236,稳定缓升型,0.139109268784523,0.09062988311052322,0.310173362493515,0.4356818199157715,0.02440570294857025,渐进上升型,0.18192859964324837,0.15008765366033974,0.3478978898497943,0.2955365373087944,0.0245493195378236
阳101H51-4—第9段—阳101H51-3,阳101H51,阳101H51-4 | 第9段,快速稳定型,bb811c2a6113af,阳101H51,0,涨幅微弱型,0.4598337950138504,0.11634349030470914,0.24238227146814403,0.14265927977839335,0.038781163434903045,渐进上升型,0.24305133911507307,0.19979000840406738,0.2860052597331246,0.24074354875160628,0.03040984399612879,渐进上升型,0.18192859964324837,0.15008765366033974,0.3478978898497943,0.2955365373087944,0.0245493195378236,稳定缓升型,0.139109268784523,0.09062988311052322,0.310173362493515,0.4356818199157715,0.02440570294857025,渐进上升型,0.18192859964324837,0.15008765366033974,0.3478978898497943,0.2955365373087944,0.0245493195378236
阳101H51-5—第1段—阳101H51-6,阳101H51,阳101H51-5 | 第1段,渐进上升型,8436c36c83830c,阳101H51,0,涨幅微弱型,0.4598337950138504,0.11634349030470914,0.24238227146814403,0.14265927977839335,0.038781163434903045,涨幅微弱型,0.30282026089559344,0.13608086440625977,0.2658393515247479,0.25601661049345636,0.03924291267994246,涨幅微弱型,0.31153735484208506,0.1495040758629113,0.2330829788670591,0.2708218830419716,0.03505370738597296,稳定缓升型,0.28461769223213196,0.0780327245593071,0.1746797412633896,0.43258607387542725,0.0300837904214859,涨幅微弱型,0.31153735484208506,0.1495040758629113,0.2330829788670591,0.2708218830419716,0.03505370738597296
阳101H51-5—第2段—阳101H51-6,阳101H51,阳101H51-5 | 第2段,稳定缓升型,7b09b6158a5223,阳101H51,0,涨幅微弱型,0.4598337950138504,0.11634349030470914,0.24238227146814403,0.14265927977839335,0.038781163434903045,涨幅微弱型,0.30282026089559344,0.13608086440625977,0.2658393515247479,0.25601661049345636,0.03924291267994246,涨幅微弱型,0.31153735484208506,0.1495040758629113,0.2330829788670591,0.2708218830419716,0.03505370738597296,稳定缓升型,0.28461769223213196,0.0780327245593071,0.1746797412633896,0.43258607387542725,0.0300837904214859,涨幅微弱型,0.31153735484208506,0.1495040758629113,0.2330829788670591,0.2708218830419716,0.03505370738597296
阳101H51-5—第3段—阳101H51-6,阳101H51,阳101H51-5 | 第3段,快速稳定型,c36b81ca3badf4,阳101H51,0,涨幅微弱型,0.4598337950138504,0.11634349030470914,0.24238227146814403,0.14265927977839335,0.038781163434903045,涨幅微弱型,0.5607290198194769,0.11776144012251102,0.11768705742545062,0.15489348178536544,0.04892900084719609,涨幅微弱型,0.41390911483096254,0.1302283292536463,0.19176389583467165,0.2254778482925361,0.03862081178818337,涨幅微弱型,0.497395396232605,0.08806486427783966,0.16872075200080872,0.20731250941753387,0.038506507873535156,涨幅微弱型,0.41390911483096254,0.1302283292536463,0.19176389583467165,0.2254778482925361,0.03862081178818337
阳101H51-5—第4段—阳101H51-6,阳101H51,阳101H51-5 | 第4段,渐进上升型,7aac3c64055a4a,阳101H51,0,涨幅微弱型,0.4598337950138504,0.11634349030470914,0.24238227146814403,0.14265927977839335,0.038781163434903045,涨幅微弱型,0.7063750668574912,0.06868145811224322,0.0759043973749717,0.10426350626139745,0.04477557139389636,涨幅微弱型,0.5080252864532138,0.10866983394221784,0.1375823709912307,0.1735770631675488,0.07214544544578874,涨幅微弱型,0.5157252550125122,0.07931114733219147,0.1273474544286728,0.20229169726371765,0.07532444596290588,涨幅微弱型,0.5080252864532138,0.10866983394221784,0.1375823709912307,0.1735770631675488,0.07214544544578874
阳101H51-6—第2段—阳101H51-5,阳101H51,阳101H51-6 | 第2段,快速稳定型,f1ca508bc13f01,阳101H51,0,涨幅微弱型,0.4598337950138504,0.11634349030470914,0.24238227146814403,0.14265927977839335,0.038781163434903045,涨幅微弱型,0.49388765745075597,0.10897195469380411,0.15374767484798296,0.20460958895400366,0.0387831240534532,涨幅微弱型,0.461935427080809,0.09730483453859419,0.17595392483200412,0.23150694612949507,0.03329886741909802,涨幅微弱型,0.5611679553985596,0.07135508209466934,0.13733035326004028,0.19379515945911407,0.03635142743587494,涨幅微弱型,0.461935427080809,0.09730483453859419,0.17595392483200412,0.23150694612949507,0.03329886741909802
阳101H51-6—第3段—阳101H51-5,阳101H51,阳101H51-6 | 第3段,稳定缓升型,e8065975064c1e,阳101H51,0,涨幅微弱型,0.4598337950138504,0.11634349030470914,0.24238227146814403,0.14265927977839335,0.038781163434903045,涨幅微弱型,0.43029358438231113,0.1496345183604294,0.15095225226268102,0.22380116614802018,0.04531847884655821,涨幅微弱型,0.3526929163883391,0.12220924320362386,0.20477524438120234,0.2649412890613493,0.05538130696548538,涨幅微弱型,0.33933016657829285,0.14930471777915955,0.21251888573169708,0.22262507677078247,0.07622115314006805,涨幅微弱型,0.3526929163883391,0.12220924320362386,0.20477524438120234,0.2649412890613493,0.05538130696548538
阳101H51-6—第4段—阳101H51-5,阳101H51,阳101H51-6 | 第4段,快速稳定型,dd8aa90d02b8de,阳101H51,0,涨幅微弱型,0.4598337950138504,0.11634349030470914,0.24238227146814403,0.14265927977839335,0.038781163434903045,涨幅微弱型,0.3636927151406059,0.17867413143400754,0.16667289630475923,0.24432716117408737,0.046633095946539804,稳定缓升型,0.2506532481191542,0.15462693566137237,0.2673482497782976,0.2737490103365073,0.0536225561046691,稳定缓升型,0.16644856333732605,0.13941626250743866,0.2692742943763733,0.34470081329345703,0.08016006648540497,稳定缓升型,0.2506532481191542,0.15462693566137237,0.2673482497782976,0.2737490103365073,0.0536225561046691
阳101H51-6—第5段—阳101H51-5,阳101H51,阳101H51-6 | 第5段,渐进上升型,ad7a934304956f,阳101H51,0,涨幅微弱型,0.4598337950138504,0.11634349030470914,0.24238227146814403,0.14265927977839335,0.038781163434903045,涨幅微弱型,0.4791053731343777,0.1470508981100796,0.13576557792480046,0.19248154479618163,0.04559660603456052,涨幅微弱型,0.3662903692839545,0.14192495128855037,0.19739182336541547,0.24219591755509315,0.05219693850698637,涨幅微弱型,0.38015642762184143,0.15471217036247253,0.19997255504131317,0.19739776849746704,0.06776110827922821,涨幅微弱型,0.3662903692839545,0.14192495128855037,0.19739182336541547,0.24219591755509315,0.05219693850698637
阳101H51-6—第6段—阳101H51-5,阳101H51,阳101H51-6 | 第6段,渐进上升型,11b224736d732d,阳101H51,0,涨幅微弱型,0.4598337950138504,0.11634349030470914,0.24238227146814403,0.14265927977839335,0.038781163434903045,涨幅微弱型,0.4846700276831387,0.15329328601523423,0.13281835571871692,0.20443546487981246,0.02478286570309787,涨幅微弱型,0.32607468524968825,0.15842466105687922,0.2521349441967304,0.23430686188101482,0.029058847615687295,涨幅微弱型,0.45592570304870605,0.10891280323266983,0.21977807581424713,0.1804046779870987,0.03497878089547157,涨幅微弱型,0.32607468524968825,0.15842466105687922,0.2521349441967304,0.23430686188101482,0.029058847615687295
阳101H51-6—第7段—阳101H51-5,阳101H51,阳101H51-6 | 第7段,渐进上升型,908c233669af9d,阳101H51,0,涨幅微弱型,0.4598337950138504,0.11634349030470914,0.24238227146814403,0.14265927977839335,0.038781163434903045,涨幅微弱型,0.4846700276831387,0.15329328601523423,0.13281835571871692,0.20443546487981246,0.02478286570309787,涨幅微弱型,0.32607468524968825,0.15842466105687922,0.2521349441967304,0.23430686188101482,0.029058847615687295,涨幅微弱型,0.45592570304870605,0.10891280323266983,0.21977807581424713,0.1804046779870987,0.03497878089547157,涨幅微弱型,0.32607468524968825,0.15842466105687922,0.2521349441967304,0.23430686188101482,0.029058847615687295
阳101H51-6—第9段—阳101H51-5,阳101H51,阳101H51-6 | 第9段,稳定缓升型,27e7d00bd0e564,阳101H51,0,涨幅微弱型,0.4598337950138504,0.11634349030470914,0.24238227146814403,0.14265927977839335,0.038781163434903045,涨幅微弱型,0.4846700276831387,0.15329328601523423,0.13281835571871692,0.20443546487981246,0.02478286570309787,涨幅微弱型,0.32607468524968825,0.15842466105687922,0.2521349441967304,0.23430686188101482,0.029058847615687295,涨幅微弱型,0.45592570304870605,0.10891280323266983,0.21977807581424713,0.1804046779870987,0.03497878089547157,涨幅微弱型,0.32607468524968825,0.15842466105687922,0.2521349441967304,0.23430686188101482,0.029058847615687295
阳101H51-6—第10段—阳101H51-5,阳101H51,阳101H51-6 | 第10段,渐进上升型,21eb8d92542476,阳101H51,0,涨幅微弱型,0.4598337950138504,0.11634349030470914,0.24238227146814403,0.14265927977839335,0.038781163434903045,涨幅微弱型,0.4846700276831387,0.15329328601523423,0.13281835571871692,0.20443546487981246,0.02478286570309787,涨幅微弱型,0.32607468524968825,0.15842466105687922,0.2521349441967304,0.23430686188101482,0.029058847615687295,涨幅微弱型,0.45592570304870605,0.10891280323266983,0.21977807581424713,0.1804046779870987,0.03497878089547157,涨幅微弱型,0.32607468524968825,0.15842466105687922,0.2521349441967304,0.23430686188101482,0.029058847615687295
阳101H6-7—第11段—阳101H6-8,阳101H6,阳101H6-7 | 第11段,稳定缓升型,b5ee85abeb0c10,阳101H6,4,涨幅微弱型,0.5455607476635514,0.08995327102803738,0.1939252336448598,0.12967289719626168,0.04088785046728972,渐进上升型,0.19259559360060188,0.16983755862377098,0.49486661670728366,0.11457145999234926,0.02812877107599431,渐进上升型,0.04709476652733231,0.23019856966935137,0.35692833720000905,0.2869527456798162,0.07882558092349115,渐进上升型,0.0727132186293602,0.2161640077829361,0.4765782952308655,0.2106003761291504,0.023944133892655373,渐进上升型,0.0727132186293602,0.2161640077829361,0.4765782952308655,0.2106003761291504,0.023944133892655373
阳101H6-8—第26段—阳101H6-7,阳101H6,阳101H6-8 | 第26段,稳定缓升型,ca4477887b852c,阳101H6,4,涨幅微弱型,0.5455607476635514,0.08995327102803738,0.1939252336448598,0.12967289719626168,0.04088785046728972,渐进上升型,0.02011527759556777,0.20456788634724493,0.6269519273329321,0.09632162197114426,0.05204328675311079,渐进上升型,0.024575713638213637,0.27364978721828565,0.392565412736272,0.2097684260864409,0.09944066032078804,渐进上升型,0.0943545252084732,0.24835261702537537,0.4143272042274475,0.20450547337532043,0.03846021369099617,渐进上升型,0.0943545252084732,0.24835261702537537,0.4143272042274475,0.20450547337532043,0.03846021369099617
阳101H6-8—第27段—阳101H6-7,阳101H6,阳101H6-8 | 第27段,快速稳定型,157b64251f9dea,阳101H6,4,涨幅微弱型,0.5455607476635514,0.08995327102803738,0.1939252336448598,0.12967289719626168,0.04088785046728972,渐进上升型,0.025753744480322707,0.20631087834351428,0.609315966332211,0.10287646390387051,0.05574294694008154,渐进上升型,0.024575713638213637,0.2781405279590264,0.3892252401773494,0.20552863231539714,0.10252988591001361,渐进上升型,0.0943545252084732,0.24835261702537537,0.4143272042274475,0.20450547337532043,0.03846021369099617,渐进上升型,0.0943545252084732,0.24835261702537537,0.4143272042274475,0.20450547337532043,0.03846021369099617
阳101H6-8—第28段—阳101H6-7,阳101H6,阳101H6-8 | 第28段,快速稳定型,da7ee75ec9ef41,阳101H6,4,涨幅微弱型,0.5455607476635514,0.08995327102803738,0.1939252336448598,0.12967289719626168,0.04088785046728972,渐进上升型,0.11691921838239884,0.15395966680788564,0.525059305414276,0.1262781837780453,0.0777836256173942,稳定缓升型,0.109723131400763,0.23810946807821803,0.27409975727603453,0.29124992755368234,0.0868177156913023,涨幅微弱型,0.40842878818511963,0.13859428465366364,0.2897985875606537,0.12506483495235443,0.038113538175821304,涨幅微弱型,0.40842878818511963,0.13859428465366364,0.2897985875606537,0.12506483495235443,0.038113538175821304
阳101H6-8—第29段—阳101H6-7,阳101H6,阳101H6-8 | 第29段,稳定缓升型,d4dfa60a246402,阳101H6,4,涨幅微弱型,0.5455607476635514,0.08995327102803738,0.1939252336448598,0.12967289719626168,0.04088785046728972,渐进上升型,0.15894991590608165,0.12422805924211325,0.5064058820697032,0.13844659102757964,0.07196955175452222,渐进上升型,0.12094455465343625,0.2517642565767566,0.273756217713745,0.27313819553570046,0.08039677552036212,涨幅微弱型,0.4379257559776306,0.13536325097084045,0.2830426096916199,0.12111026793718338,0.022558163851499557,涨幅微弱型,0.4379257559776306,0.13536325097084045,0.2830426096916199,0.12111026793718338,0.022558163851499557
阳101H75-2—第6段—阳101H75-4,阳101H75,阳101H75-2 | 第6段,稳定缓升型,e0c47e71a977a8,阳101H75,4,涨幅微弱型,0.5455607476635514,0.08995327102803738,0.1939252336448598,0.12967289719626168,0.04088785046728972,涨幅微弱型,0.98222464417983,0.000838226850310626,0.0021105989251109076,0.005994944318634319,0.008831585726113972,涨幅微弱型,0.5945643661425865,0.0459929176971739,0.07589851626943404,0.09384632660262149,0.18969787328818416,涨幅微弱型,0.927854061126709,0.006638787221163511,0.01981978490948677,0.015968333929777145,0.02971905656158924,涨幅微弱型,0.927854061126709,0.006638787221163511,0.01981978490948677,0.015968333929777145,0.02971905656158924
阳101H75-5—第7段—阳101H75-4,阳101H75,阳101H75-5 | 第7段,快速稳定型,944e7ac5e7b6a7,阳101H75,4,涨幅微弱型,0.5455607476635514,0.08995327102803738,0.1939252336448598,0.12967289719626168,0.04088785046728972,涨幅微弱型,0.4557935923254933,0.09039350473318569,0.20756095951257347,0.18113598430984126,0.06511595911890632,先降后升型,0.14720136833018874,0.09236956608820819,0.15981700249917496,0.2311244551012949,0.36948760798113317,涨幅微弱型,0.4440566599369049,0.06859876960515976,0.21172046661376953,0.18881291151046753,0.08681114763021469,涨幅微弱型,0.4440566599369049,0.06859876960515976,0.21172046661376953,0.18881291151046753,0.08681114763021469
